2026-02-03 09:55:54,541 [INFO] Activator:176 - 


2026-02-03 09:55:54,546 [INFO] Activator:177 - !SESSION log4j initialized
2026-02-03 09:56:30,088 [INFO] LogOutputStream:77 - [STDOUT_REDIRECT] 
2026-02-03 09:56:36,892 [INFO] ApplicationProperties:184 - Using Application install path: C:\ST\STM32CubeIDE_1.16.1\STM32CubeIDE\plugins\com.st.stm32cube.common.mx_6.15.0.202507011659
2026-02-03 09:56:36,910 [INFO] DbMcusXml:78 - Set database path to: C:\ST\STM32CubeIDE_1.16.1\STM32CubeIDE\plugins\com.st.stm32cube.common.mx_6.15.0.202507011659\\db\/mcu/
2026-02-03 09:56:36,910 [INFO] ApiDb:274 - Set plugin database path to: C:\ST\STM32CubeIDE_1.16.1\STM32CubeIDE\plugins\com.st.stm32cube.common.mx_6.15.0.202507011659\\db\/plugins/boardmanager/
2026-02-03 09:56:36,911 [WARN] ApiDb:259 - Overriding images path with different value:  => C:\ST\STM32CubeIDE_1.16.1\STM32CubeIDE\plugins\com.st.stm32cube.common.mx_6.15.0.202507011659\\db\/plugins/mcufinder/images/
2026-02-03 09:56:36,919 [INFO] ApiDb:250 - Set database path to: C:\Users\Chinnapop\.stmcufinder\plugins\mcufinder//mcu/
2026-02-03 09:56:36,920 [INFO] DbMcusAds:125 - Set database path to: C:\Users\Chinnapop\.stmcufinder\plugins\mcufinder//mcu/
2026-02-03 09:56:36,923 [INFO] CrossReferenceDbSqlite:203 - Set database path to: C:\Users\Chinnapop\.stmcufinder\plugins\mcufinder//mcu/cs/
2026-02-03 09:56:37,076 [INFO] RulesReader:64 - Compatibility file has been processed (317 Rules)
2026-02-03 09:56:37,163 [INFO] DbMcusXml:78 - Set database path to: C:\ST\STM32CubeIDE_1.16.1\STM32CubeIDE\plugins\com.st.stm32cube.common.mx_6.15.0.202507011659\\db\/mcu/
2026-02-03 09:56:37,163 [INFO] ApiDb:274 - Set plugin database path to: C:\ST\STM32CubeIDE_1.16.1\STM32CubeIDE\plugins\com.st.stm32cube.common.mx_6.15.0.202507011659\\db\/plugins/boardmanager/
2026-02-03 09:56:37,163 [INFO] ApiDb:261 - Set plugin images path to: C:\ST\STM32CubeIDE_1.16.1\STM32CubeIDE\plugins\com.st.stm32cube.common.mx_6.15.0.202507011659\\db\/plugins/mcufinder/images/
2026-02-03 09:56:37,164 [WARN] DbFile:41 - Overriding database path with different value: C:\Users\Chinnapop\.stmcufinder\plugins\mcufinder/ => C:\Users\Chinnapop\.stmcufinder\plugins\mcufinder
2026-02-03 09:56:37,164 [INFO] ApiDb:250 - Set database path to: C:\Users\Chinnapop\.stmcufinder\plugins\mcufinder//mcu/
2026-02-03 09:56:37,164 [WARN] DbFile:41 - Overriding database path with different value: C:\Users\Chinnapop\.stmcufinder\plugins\mcufinder/ => C:\Users\Chinnapop\.stmcufinder\plugins\mcufinder
2026-02-03 09:56:37,164 [INFO] DbMcusAds:125 - Set database path to: C:\Users\Chinnapop\.stmcufinder\plugins\mcufinder//mcu/
2026-02-03 09:56:37,164 [WARN] DbFile:41 - Overriding database path with different value: C:\Users\Chinnapop\.stmcufinder\plugins\mcufinder/ => C:\Users\Chinnapop\.stmcufinder\plugins\mcufinder
2026-02-03 09:56:37,164 [WARN] DbFile:41 - Overriding database path with different value: C:\Users\Chinnapop\.stmcufinder\plugins\mcufinder/ => C:\Users\Chinnapop\.stmcufinder\plugins\mcufinder
2026-02-03 09:56:37,164 [INFO] CrossReferenceDbSqlite:203 - Set database path to: C:\Users\Chinnapop\.stmcufinder\plugins\mcufinder//mcu/cs/
2026-02-03 09:56:37,241 [INFO] MainPanel:274 - HeapMemory: 268435456
2026-02-03 09:56:37,380 [INFO] DbMcusXml:78 - Set database path to: C:\ST\STM32CubeIDE_1.16.1\STM32CubeIDE\plugins\com.st.stm32cube.common.mx_6.15.0.202507011659\\db\/mcu/
2026-02-03 09:56:37,380 [INFO] ApiDb:274 - Set plugin database path to: C:\ST\STM32CubeIDE_1.16.1\STM32CubeIDE\plugins\com.st.stm32cube.common.mx_6.15.0.202507011659\\db\/plugins/boardmanager/
2026-02-03 09:56:37,380 [INFO] ApiDb:261 - Set plugin images path to: C:\ST\STM32CubeIDE_1.16.1\STM32CubeIDE\plugins\com.st.stm32cube.common.mx_6.15.0.202507011659\\db\/plugins/mcufinder/images/
2026-02-03 09:56:37,382 [WARN] DbFile:41 - Overriding database path with different value: C:\Users\Chinnapop\.stmcufinder\plugins\mcufinder/ => C:\Users\Chinnapop\.stmcufinder\plugins\mcufinder
2026-02-03 09:56:37,382 [INFO] ApiDb:250 - Set database path to: C:\Users\Chinnapop\.stmcufinder\plugins\mcufinder//mcu/
2026-02-03 09:56:37,382 [WARN] DbFile:41 - Overriding database path with different value: C:\Users\Chinnapop\.stmcufinder\plugins\mcufinder/ => C:\Users\Chinnapop\.stmcufinder\plugins\mcufinder
2026-02-03 09:56:37,382 [INFO] DbMcusAds:125 - Set database path to: C:\Users\Chinnapop\.stmcufinder\plugins\mcufinder//mcu/
2026-02-03 09:56:37,382 [WARN] DbFile:41 - Overriding database path with different value: C:\Users\Chinnapop\.stmcufinder\plugins\mcufinder/ => C:\Users\Chinnapop\.stmcufinder\plugins\mcufinder
2026-02-03 09:56:37,382 [WARN] DbFile:41 - Overriding database path with different value: C:\Users\Chinnapop\.stmcufinder\plugins\mcufinder/ => C:\Users\Chinnapop\.stmcufinder\plugins\mcufinder
2026-02-03 09:56:37,382 [INFO] CrossReferenceDbSqlite:203 - Set database path to: C:\Users\Chinnapop\.stmcufinder\plugins\mcufinder//mcu/cs/
2026-02-03 09:56:37,405 [INFO] ApplicationProperties:184 - Using Application install path: C:\ST\STM32CubeIDE_1.16.1\STM32CubeIDE\plugins\com.st.stm32cube.common.mx_6.15.0.202507011659
2026-02-03 09:56:37,407 [INFO] PluginManage:196 - Search for loadable plugins [exclusion list=, ]
2026-02-03 09:56:37,410 [INFO] PluginManage:310 - Check plugin analytics
2026-02-03 09:56:42,559 [INFO] AnalyticsPlugin:253 - Accepted Software Licenses: 
2026-02-03 09:56:42,559 [INFO] AnalyticsPlugin:255 - Accepted CMSIS Pack Licenses: 
2026-02-03 09:56:42,559 [INFO] AnalyticsPlugin:257 - Accepted Firmware Licenses: FW.F7.1.17.0
2026-02-03 09:56:42,561 [INFO] PluginManage:359 - Loaded plugin analytics (category:tool,tabindex:-1)
2026-02-03 09:56:42,561 [INFO] PluginManage:310 - Check plugin cadmodel
2026-02-03 09:56:42,582 [INFO] CADModel:105 - Init CAD model plugin
2026-02-03 09:56:42,583 [INFO] PluginManage:359 - Loaded plugin cadmodel (category:power,tabindex:5)
2026-02-03 09:56:42,583 [INFO] PluginManage:310 - Check plugin clock
2026-02-03 09:56:42,606 [INFO] PluginManage:359 - Loaded plugin clock (category:base,tabindex:2)
2026-02-03 09:56:42,606 [INFO] PluginManage:310 - Check plugin ddr
2026-02-03 09:56:42,610 [INFO] PluginManage:359 - Loaded plugin ddr (category:tool,tabindex:6)
2026-02-03 09:56:42,610 [INFO] PluginManage:310 - Check plugin filemanager
2026-02-03 09:56:42,797 [INFO] PluginManage:359 - Loaded plugin filemanager (category:base,tabindex:10)
2026-02-03 09:56:42,797 [INFO] PluginManage:310 - Check plugin ipmanager
2026-02-03 09:56:42,809 [INFO] PluginManage:359 - Loaded plugin ipmanager (category:base,tabindex:5)
2026-02-03 09:56:42,809 [INFO] PluginManage:310 - Check plugin lpbam
2026-02-03 09:56:42,846 [INFO] PluginManage:359 - Loaded plugin lpbam (category:base,tabindex:0)
2026-02-03 09:56:42,846 [INFO] PluginManage:310 - Check plugin memorymap
2026-02-03 09:56:42,894 [INFO] PluginManage:359 - Loaded plugin memorymap (category:base,tabindex:4)
2026-02-03 09:56:42,895 [INFO] PluginManage:310 - Check plugin pinoutandconfiguration
2026-02-03 09:56:42,922 [INFO] PluginManage:359 - Loaded plugin pinoutandconfiguration (category:base,tabindex:1)
2026-02-03 09:56:42,922 [INFO] PluginManage:310 - Check plugin pinoutconfig
2026-02-03 09:56:43,023 [WARN] SupportedApi:132 - Cannot load RTOS API schema: s4s-elt-must-match.1: The content of 'definitions' must match (annotation?, (simpleType | complexType)?, (unique | key | keyref)*)). A problem was found starting at: attribute.
2026-02-03 09:56:43,159 [INFO] PluginManage:359 - Loaded plugin pinoutconfig (category:base,tabindex:0)
2026-02-03 09:56:43,159 [INFO] PluginManage:310 - Check plugin power
2026-02-03 09:56:43,186 [INFO] PluginManage:359 - Loaded plugin power (category:power,tabindex:4)
2026-02-03 09:56:43,186 [INFO] PluginManage:310 - Check plugin projectmanager
2026-02-03 09:56:43,213 [INFO] PluginManage:359 - Loaded plugin projectmanager (category:projectmanager,tabindex:4)
2026-02-03 09:56:43,213 [INFO] PluginManage:310 - Check plugin rif
2026-02-03 09:56:43,240 [INFO] PluginManage:359 - Loaded plugin rif (category:base,tabindex:3)
2026-02-03 09:56:43,240 [INFO] PluginManage:310 - Check plugin thirdparty
2026-02-03 09:56:43,702 [INFO] PluginManage:359 - Loaded plugin thirdparty (category:base,tabindex:-1)
2026-02-03 09:56:43,702 [WARN] IntegrityCheckThread:84 - waiting for thirdparty lock release [integrity check]
2026-02-03 09:56:43,702 [INFO] PluginManage:310 - Check plugin tools
2026-02-03 09:56:43,703 [INFO] IntegrityCheckThread:86 - entering critical section [integrity check]
2026-02-03 09:56:43,703 [INFO] ThirdPartyUpdaterWithRetryManager:70 - Updater plugin not ready yet. [1/15]
2026-02-03 09:56:43,789 [INFO] PluginManage:359 - Loaded plugin tools (category:base,tabindex:7)
2026-02-03 09:56:43,789 [INFO] PluginManage:310 - Check plugin tutovideos
2026-02-03 09:56:44,175 [INFO] PluginManage:359 - Loaded plugin tutovideos (category:base,tabindex:-1)
2026-02-03 09:56:44,175 [INFO] PluginManage:310 - Check plugin updater
2026-02-03 09:56:44,197 [INFO] PluginManage:359 - Loaded plugin updater (category:base,tabindex:12)
2026-02-03 09:56:44,197 [INFO] PluginManage:310 - Check plugin userauth
2026-02-03 09:56:44,201 [INFO] UserAuth:118 - Init User Auth plugin
2026-02-03 09:56:44,202 [INFO] PluginManage:359 - Loaded plugin userauth (category:base,tabindex:14)
2026-02-03 09:56:44,203 [INFO] PluginManage:283 - PluginManage : Loaded plugins [18]
2026-02-03 09:56:44,436 [INFO] PinOutPanel:1589 - setPackage(No Configuration,No Configuration)
2026-02-03 09:56:44,550 [INFO] CADModel:165 - CPN selected for project level
2026-02-03 09:56:44,550 [INFO] CADModel:114 - Register for checkConnection events
2026-02-03 09:56:44,587 [INFO] IPUIPlugin:80 - create IPUIPlugin
2026-02-03 09:56:44,588 [INFO] PluginManager:220 - loadIPPluginJar : add adc
2026-02-03 09:56:44,640 [INFO] IPUIPlugin:80 - create IPUIPlugin
2026-02-03 09:56:44,641 [INFO] PluginManager:220 - loadIPPluginJar : add aes
2026-02-03 09:56:44,698 [INFO] IPUIPlugin:80 - create IPUIPlugin
2026-02-03 09:56:44,698 [INFO] PluginManager:220 - loadIPPluginJar : add can
2026-02-03 09:56:44,741 [INFO] IPUIPlugin:80 - create IPUIPlugin
2026-02-03 09:56:44,741 [INFO] PluginManager:220 - loadIPPluginJar : add comp
2026-02-03 09:56:44,822 [INFO] IPUIPlugin:80 - create IPUIPlugin
2026-02-03 09:56:44,823 [INFO] PluginManager:220 - loadIPPluginJar : add cryp
2026-02-03 09:56:44,851 [INFO] IPUIPlugin:80 - create IPUIPlugin
2026-02-03 09:56:44,851 [INFO] PluginManager:220 - loadIPPluginJar : add ddr_ctrl_phy
2026-02-03 09:56:44,915 [INFO] IPUIPlugin:80 - create IPUIPlugin
2026-02-03 09:56:44,915 [INFO] PluginManager:220 - loadIPPluginJar : add dfsdm
2026-02-03 09:56:44,946 [INFO] IPUIPlugin:80 - create IPUIPlugin
2026-02-03 09:56:44,946 [INFO] PluginManager:220 - loadIPPluginJar : add dma
2026-02-03 09:56:45,027 [INFO] IPUIPlugin:80 - create IPUIPlugin
2026-02-03 09:56:45,027 [INFO] PluginManager:220 - loadIPPluginJar : add dma3
2026-02-03 09:56:45,100 [INFO] IPUIPlugin:80 - create IPUIPlugin
2026-02-03 09:56:45,100 [INFO] PluginManager:220 - loadIPPluginJar : add extmemmanager
2026-02-03 09:56:45,145 [INFO] IPUIPlugin:80 - create IPUIPlugin
2026-02-03 09:56:45,146 [INFO] PluginManager:220 - loadIPPluginJar : add fatfs
2026-02-03 09:56:45,219 [INFO] IPUIPlugin:80 - create IPUIPlugin
2026-02-03 09:56:45,219 [INFO] PluginManager:220 - loadIPPluginJar : add fmc
2026-02-03 09:56:45,248 [INFO] IPUIPlugin:80 - create IPUIPlugin
2026-02-03 09:56:45,248 [INFO] PluginManager:220 - loadIPPluginJar : add freertos
2026-02-03 09:56:45,292 [INFO] IPUIPlugin:80 - create IPUIPlugin
2026-02-03 09:56:45,292 [INFO] PluginManager:220 - loadIPPluginJar : add genericplugin
2026-02-03 09:56:45,485 [INFO] IPUIPlugin:80 - create IPUIPlugin
2026-02-03 09:56:45,486 [INFO] PluginManager:220 - loadIPPluginJar : add gfxmmu
2026-02-03 09:56:46,094 [INFO] IPUIPlugin:80 - create IPUIPlugin
2026-02-03 09:56:46,094 [INFO] PluginManager:220 - loadIPPluginJar : add gic
2026-02-03 09:56:46,145 [INFO] IPUIPlugin:80 - create IPUIPlugin
2026-02-03 09:56:46,145 [INFO] PluginManager:220 - loadIPPluginJar : add gpio
2026-02-03 09:56:46,558 [INFO] IPUIPlugin:80 - create IPUIPlugin
2026-02-03 09:56:46,559 [INFO] PluginManager:220 - loadIPPluginJar : add gtzc
2026-02-03 09:56:46,640 [INFO] IPUIPlugin:80 - create IPUIPlugin
2026-02-03 09:56:46,640 [INFO] PluginManager:220 - loadIPPluginJar : add hash
2026-02-03 09:56:46,705 [INFO] ThirdPartyUpdaterWithRetryManager:70 - Updater plugin not ready yet. [2/15]
2026-02-03 09:56:46,886 [INFO] IPUIPlugin:80 - create IPUIPlugin
2026-02-03 09:56:46,886 [INFO] PluginManager:220 - loadIPPluginJar : add i2c
2026-02-03 09:56:47,048 [INFO] IPUIPlugin:80 - create IPUIPlugin
2026-02-03 09:56:47,048 [INFO] PluginManager:220 - loadIPPluginJar : add i2s
2026-02-03 09:56:47,182 [INFO] IPUIPlugin:80 - create IPUIPlugin
2026-02-03 09:56:47,183 [INFO] PluginManager:220 - loadIPPluginJar : add i3c
2026-02-03 09:56:47,621 [INFO] IPUIPlugin:80 - create IPUIPlugin
2026-02-03 09:56:47,621 [INFO] PluginManager:220 - loadIPPluginJar : add ipddr
2026-02-03 09:56:48,018 [INFO] IPUIPlugin:80 - create IPUIPlugin
2026-02-03 09:56:48,018 [INFO] PluginManager:220 - loadIPPluginJar : add linkedlist
2026-02-03 09:56:48,114 [INFO] IPUIPlugin:80 - create IPUIPlugin
2026-02-03 09:56:48,114 [INFO] PluginManager:220 - loadIPPluginJar : add lorawan
2026-02-03 09:56:48,267 [INFO] IPUIPlugin:80 - create IPUIPlugin
2026-02-03 09:56:48,267 [INFO] PluginManager:220 - loadIPPluginJar : add ltdc
2026-02-03 09:56:48,305 [INFO] IPUIPlugin:80 - create IPUIPlugin
2026-02-03 09:56:48,305 [INFO] PluginManager:220 - loadIPPluginJar : add mdma
2026-02-03 09:56:48,343 [INFO] IPUIPlugin:80 - create IPUIPlugin
2026-02-03 09:56:48,343 [INFO] PluginManager:220 - loadIPPluginJar : add nvic
2026-02-03 09:56:48,470 [INFO] IPUIPlugin:80 - create IPUIPlugin
2026-02-03 09:56:48,470 [INFO] PluginManager:220 - loadIPPluginJar : add opamp
2026-02-03 09:56:48,769 [INFO] IPUIPlugin:80 - create IPUIPlugin
2026-02-03 09:56:48,770 [INFO] PluginManager:220 - loadIPPluginJar : add openamp
2026-02-03 09:56:48,932 [INFO] IPUIPlugin:80 - create IPUIPlugin
2026-02-03 09:56:48,932 [INFO] PluginManager:220 - loadIPPluginJar : add pdm2pcm
2026-02-03 09:56:48,966 [INFO] IPUIPlugin:80 - create IPUIPlugin
2026-02-03 09:56:48,970 [INFO] PluginManager:220 - loadIPPluginJar : add plateformsettings
2026-02-03 09:56:49,072 [INFO] IPUIPlugin:80 - create IPUIPlugin
2026-02-03 09:56:49,072 [INFO] PluginManager:220 - loadIPPluginJar : add quadspi
2026-02-03 09:56:49,169 [INFO] IPUIPlugin:80 - create IPUIPlugin
2026-02-03 09:56:49,170 [INFO] PluginManager:220 - loadIPPluginJar : add radio
2026-02-03 09:56:49,220 [INFO] IPUIPlugin:80 - create IPUIPlugin
2026-02-03 09:56:49,220 [INFO] PluginManager:220 - loadIPPluginJar : add resmgrutility
2026-02-03 09:56:49,451 [INFO] IPUIPlugin:80 - create IPUIPlugin
2026-02-03 09:56:49,451 [INFO] PluginManager:220 - loadIPPluginJar : add sai
2026-02-03 09:56:49,627 [INFO] IPUIPlugin:80 - create IPUIPlugin
2026-02-03 09:56:49,627 [INFO] PluginManager:220 - loadIPPluginJar : add spi
2026-02-03 09:56:49,706 [INFO] ThirdPartyUpdaterWithRetryManager:70 - Updater plugin not ready yet. [3/15]
2026-02-03 09:56:49,930 [INFO] IPUIPlugin:80 - create IPUIPlugin
2026-02-03 09:56:49,930 [INFO] PluginManager:220 - loadIPPluginJar : add stm32_wpan
2026-02-03 09:56:50,018 [INFO] IPUIPlugin:80 - create IPUIPlugin
2026-02-03 09:56:50,018 [INFO] PluginManager:220 - loadIPPluginJar : add tim
2026-02-03 09:56:50,294 [INFO] IPUIPlugin:80 - create IPUIPlugin
2026-02-03 09:56:50,294 [INFO] PluginManager:220 - loadIPPluginJar : add touchsensing
2026-02-03 09:56:50,401 [INFO] IPUIPlugin:80 - create IPUIPlugin
2026-02-03 09:56:50,403 [INFO] PluginManager:220 - loadIPPluginJar : add tracer_emb
2026-02-03 09:56:50,508 [INFO] IPUIPlugin:80 - create IPUIPlugin
2026-02-03 09:56:50,508 [INFO] PluginManager:220 - loadIPPluginJar : add ts
2026-02-03 09:56:50,613 [INFO] IPUIPlugin:80 - create IPUIPlugin
2026-02-03 09:56:50,614 [INFO] PluginManager:220 - loadIPPluginJar : add tsc
2026-02-03 09:56:50,711 [INFO] IPUIPlugin:80 - create IPUIPlugin
2026-02-03 09:56:50,711 [INFO] PluginManager:220 - loadIPPluginJar : add ucpd
2026-02-03 09:56:50,899 [INFO] IPUIPlugin:80 - create IPUIPlugin
2026-02-03 09:56:50,899 [INFO] PluginManager:220 - loadIPPluginJar : add usart
2026-02-03 09:56:51,099 [INFO] IPUIPlugin:80 - create IPUIPlugin
2026-02-03 09:56:51,099 [INFO] PluginManager:220 - loadIPPluginJar : add usbx
2026-02-03 09:56:51,281 [FATAL] Updater:351 - Updater called before beeing initialized
2026-02-03 09:56:51,346 [INFO] RulesReader:64 - Compatibility file has been processed (317 Rules)
2026-02-03 09:56:51,357 [INFO] RulesReader:64 - Compatibility file has been processed (317 Rules)
2026-02-03 09:56:51,375 [INFO] CADModel:165 - CPN selected for project level
2026-02-03 09:56:51,375 [INFO] CADModel:114 - Register for checkConnection events
2026-02-03 09:56:51,375 [FATAL] Updater:351 - Updater called before beeing initialized
2026-02-03 09:56:51,375 [ERROR] CADModel:125 - Updater not yet initialized, retry later 
2026-02-03 09:56:51,602 [FATAL] Updater:351 - Updater called before beeing initialized
2026-02-03 09:56:51,606 [INFO] CADModel:165 - CPN selected for project level
2026-02-03 09:56:51,606 [INFO] CADModel:114 - Register for checkConnection events
2026-02-03 09:56:51,606 [FATAL] Updater:351 - Updater called before beeing initialized
2026-02-03 09:56:51,606 [ERROR] CADModel:125 - Updater not yet initialized, retry later 
2026-02-03 09:56:51,610 [FATAL] Updater:351 - Updater called before beeing initialized
2026-02-03 09:56:51,750 [FATAL] Updater:351 - Updater called before beeing initialized
2026-02-03 09:56:51,783 [INFO] DbMcusAds:53 - JSON generation date=Thu Jan 08 22:57:51 ICT 2026 (1767887871456)
2026-02-03 09:56:51,784 [FATAL] Updater:351 - Updater called before beeing initialized
2026-02-03 09:56:51,846 [WARN] DetailPanel:346 - Failed to get advertising image, set to default
2026-02-03 09:56:51,925 [FATAL] Updater:351 - Updater called before beeing initialized
2026-02-03 09:56:51,926 [FATAL] Updater:351 - Updater called before beeing initialized
2026-02-03 09:56:51,926 [FATAL] Updater:351 - Updater called before beeing initialized
2026-02-03 09:56:51,926 [WARN] DetailPanel:346 - Failed to get advertising image, set to default
2026-02-03 09:56:51,927 [FATAL] Updater:351 - Updater called before beeing initialized
2026-02-03 09:56:51,997 [ERROR] Updater:1198 - MainUpdater not yet initialized. External WinMGr cannot be set.
2026-02-03 09:56:52,010 [INFO] Updater:1134 - Updater Version found : 6.15.0
2026-02-03 09:56:52,029 [INFO] ApplicationProperties:184 - Using Application install path: C:\ST\STM32CubeIDE_1.16.1\STM32CubeIDE\plugins\com.st.stm32cube.common.mx_6.15.0.202507011659
2026-02-03 09:56:52,707 [INFO] ThirdPartyUpdaterWithRetryManager:70 - Updater plugin not ready yet. [4/15]
2026-02-03 09:56:53,629 [ERROR] LogOutputStream:75 - [STDERR_REDIRECT] Feb 03, 2026 9:56:53 AM java.util.prefs.WindowsPreferences <init>
2026-02-03 09:56:53,631 [ERROR] LogOutputStream:75 - [STDERR_REDIRECT] WARNING: Could not open/create prefs root node Software\JavaSoft\Prefs at root 0xffffffff80000002. Windows RegCreateKeyEx(...) returned error code 5.
2026-02-03 09:56:53,631 [ERROR] LogOutputStream:75 - [STDERR_REDIRECT] 
2026-02-03 09:56:54,751 [INFO] MainUpdater:2872 - connection check result : 10
2026-02-03 09:56:54,752 [INFO] MainUpdater:289 - Updater Check For Update Now.
2026-02-03 09:56:54,753 [INFO] MicroXplorer:498 - Change Database Version : DB.6.0.150
2026-02-03 09:56:54,787 [INFO] McuFinderGlobals:63 - Set McuFinder mode to 2 (CubeIDE integrated)
2026-02-03 09:56:54,807 [INFO] UserAuth:487 - Internet connection configuration mode: 1
2026-02-03 09:56:54,869 [INFO] JxBrowserEngine:152 - Initiate JxBrowser Engine with user profile folder
2026-02-03 09:56:55,043 [INFO] CheckServerUpdateThread:120 - End of CheckServer Thread
2026-02-03 09:56:56,507 [WARN] PackLoader:240 - Cannot read IP mode file for STMicroelectronics.FP-SNS-MOTENVWB1.1.4.0
2026-02-03 09:56:56,547 [WARN] PackLoader:240 - Cannot read IP mode file for STMicroelectronics.FP-ATR-ASTRA1.2.0.2
2026-02-03 09:56:56,575 [WARN] PackLoader:240 - Cannot read IP mode file for STMicroelectronics.FP-ATR-ASTRA1.2.0.1
2026-02-03 09:56:56,624 [WARN] PackLoader:240 - Cannot read IP mode file for STMicroelectronics.X-CUBE-SMBUS.2.1.0
2026-02-03 09:56:56,656 [WARN] PackLoader:240 - Cannot read IP mode file for STMicroelectronics.X-CUBE-WB05N.1.1.0
2026-02-03 09:56:56,678 [WARN] PackLoader:240 - Cannot read IP mode file for STMicroelectronics.X-CUBE-ST60.1.0.0
2026-02-03 09:56:56,757 [WARN] PackLoader:240 - Cannot read IP mode file for STMicroelectronics.X-CUBE-AZRTOS-F7.1.1.0
2026-02-03 09:56:56,906 [WARN] PackLoader:240 - Cannot read IP mode file for STMicroelectronics.X-CUBE-MEMS1.11.0.0
2026-02-03 09:56:57,101 [WARN] PackLoader:240 - Cannot read IP mode file for STMicroelectronics.FP-SNS-MOTENV1.5.1.0
2026-02-03 09:56:57,119 [WARN] PackLoader:240 - Cannot read IP mode file for STMicroelectronics.FP-SNS-FLIGHT1.5.0.2
2026-02-03 09:56:57,167 [WARN] PackLoader:240 - Cannot read IP mode file for STMicroelectronics.X-CUBE-AZRTOS-H7.3.4.0
2026-02-03 09:56:57,195 [WARN] PackLoader:240 - Cannot read IP mode file for STMicroelectronics.X-CUBE-DISPLAY.3.0.0
2026-02-03 09:56:57,217 [WARN] PackLoader:240 - Cannot read IP mode file for STMicroelectronics.X-CUBE-BLE1.7.0.0
2026-02-03 09:56:57,249 [WARN] PackLoader:240 - Cannot read IP mode file for STMicroelectronics.X-CUBE-NFC10.1.0.0
2026-02-03 09:56:57,300 [WARN] PackLoader:240 - Cannot read IP mode file for STMicroelectronics.X-CUBE-BLEMGR.4.0.0
2026-02-03 09:56:57,367 [WARN] PackLoader:240 - Cannot read IP mode file for STMicroelectronics.X-CUBE-ST60.1.1.0
2026-02-03 09:56:57,409 [WARN] PackLoader:240 - Cannot read IP mode file for emotas.I-CUBE-CANOPEN.1.3.0
2026-02-03 09:56:57,440 [WARN] PackLoader:240 - Cannot read IP mode file for STMicroelectronics.X-CUBE-GNSS1.7.1.0
2026-02-03 09:56:57,488 [WARN] PackLoader:240 - Cannot read IP mode file for STMicroelectronics.X-CUBE-BLEMGR.3.1.0
2026-02-03 09:56:57,533 [WARN] PackLoader:240 - Cannot read IP mode file for STMicroelectronics.X-CUBE-AI.10.0.0
2026-02-03 09:56:57,581 [WARN] PackLoader:240 - Cannot read IP mode file for STMicroelectronics.FP-SNS-STBOX1.2.1.0
2026-02-03 09:56:57,636 [WARN] PackLoader:240 - Cannot read IP mode file for STMicroelectronics.FP-SNS-SMARTAG2.1.2.0
2026-02-03 09:56:57,681 [WARN] PackLoader:240 - Cannot read IP mode file for STMicroelectronics.FP-SNS-FLIGHT1.5.1.0
2026-02-03 09:56:57,818 [WARN] PackLoader:240 - Cannot read IP mode file for STMicroelectronics.X-CUBE-MEMS1.11.1.0
2026-02-03 09:56:58,022 [INFO] LogOutputStream:77 - [STDOUT_REDIRECT] 1 : Invalid condition id : UX_CORESTACK_Condition cause : null
2026-02-03 09:56:58,024 [INFO] LogOutputStream:77 - [STDOUT_REDIRECT] 1 : Invalid condition id : UX_CORESTACK_Condition cause : null
2026-02-03 09:56:58,026 [INFO] LogOutputStream:77 - [STDOUT_REDIRECT] 1 : Invalid condition id : UX_CORESTACK_Condition cause : null
2026-02-03 09:56:58,029 [INFO] LogOutputStream:77 - [STDOUT_REDIRECT] 1 : Invalid condition id : UX_CORESTACK_Condition cause : null
2026-02-03 09:56:58,031 [INFO] LogOutputStream:77 - [STDOUT_REDIRECT] 1 : Invalid condition id : UX_CORESTACK_Condition cause : null
2026-02-03 09:56:58,035 [WARN] PackLoader:240 - Cannot read IP mode file for STMicroelectronics.X-CUBE-AZRTOS-WL.2.0.0
2026-02-03 09:56:58,086 [WARN] PackLoader:240 - Cannot read IP mode file for STMicroelectronics.FP-SNS-MOTENV1.5.0.0
2026-02-03 09:56:58,142 [WARN] PackLoader:240 - Cannot read IP mode file for STMicroelectronics.X-CUBE-AZRTOS-H7RS.1.2.0
2026-02-03 09:56:58,165 [WARN] PackLoader:240 - Cannot read IP mode file for wolfSSL.I-CUBE-wolfMQTT.1.19.0
2026-02-03 09:56:58,200 [WARN] PackLoader:240 - Cannot read IP mode file for WES.I-CUBE-Cesium.1.3.0
2026-02-03 09:56:58,231 [WARN] PackLoader:240 - Cannot read IP mode file for STMicroelectronics.X-CUBE-BLE2.3.3.0
2026-02-03 09:56:58,331 [WARN] PackLoader:240 - Cannot read IP mode file for STMicroelectronics.X-CUBE-NFC9.1.0.0
2026-02-03 09:56:58,350 [WARN] PackLoader:240 - Cannot read IP mode file for STMicroelectronics.X-CUBE-BLE1.7.1.0
2026-02-03 09:56:58,368 [WARN] PackLoader:240 - Cannot read IP mode file for STMicroelectronics.X-CUBE-TCPP.4.1.0
2026-02-03 09:56:58,389 [WARN] PackLoader:240 - Cannot read IP mode file for STMicroelectronics.X-CUBE-FREERTOS.1.4.0
2026-02-03 09:56:58,407 [WARN] PackLoader:240 - Cannot read IP mode file for STMicroelectronics.X-CUBE-EEPRMA1.5.2.0
2026-02-03 09:56:58,424 [WARN] PackLoader:240 - Cannot read IP mode file for STMicroelectronics.X-CUBE-ST67W61.1.1.0
2026-02-03 09:56:58,440 [WARN] PackLoader:240 - Cannot read IP mode file for STMicroelectronics.X-CUBE-AI.10.1.0
2026-02-03 09:56:58,495 [WARN] PackLoader:240 - Cannot read IP mode file for STMicroelectronics.X-CUBE-MEMS1.12.0.0
2026-02-03 09:56:58,612 [WARN] PackLoader:240 - Cannot read IP mode file for STMicroelectronics.X-CUBE-MEMS1.11.2.0
2026-02-03 09:56:58,725 [WARN] PackLoader:240 - Cannot read IP mode file for STMicroelectronics.X-CUBE-AZRTOS-G0.1.1.0
2026-02-03 09:56:58,744 [WARN] PackLoader:240 - Cannot read IP mode file for STMicroelectronics.X-CUBE-SAFEA1.1.2.2
2026-02-03 09:56:58,765 [WARN] PackLoader:240 - Cannot read IP mode file for STMicroelectronics.X-CUBE-NFC4.3.0.0
2026-02-03 09:56:58,791 [WARN] PackLoader:240 - Cannot read IP mode file for EmbeddedOffice.I-CUBE-FS-RTOS.1.0.1
2026-02-03 09:56:58,811 [WARN] PackLoader:240 - Cannot read IP mode file for STMicroelectronics.X-CUBE-WB05N.2.0.0
2026-02-03 09:56:58,840 [WARN] PackLoader:240 - Cannot read IP mode file for STMicroelectronics.X-CUBE-TCPP.4.2.0
2026-02-03 09:56:58,864 [WARN] PackLoader:240 - Cannot read IP mode file for RealThread.X-CUBE-RT-Thread_Nano.4.1.1
2026-02-03 09:56:58,881 [WARN] PackLoader:240 - Cannot read IP mode file for STMicroelectronics.FP-ATR-SIGFOX1.3.2.0
2026-02-03 09:56:58,902 [WARN] ConditionMgr:438 - getConditionDescription Invalid condition id : Cortex-A Device cause : null
2026-02-03 09:56:58,934 [WARN] ConditionMgr:1044 - genDependencies : Invalid condition id : Cortex-A Device cause : null
2026-02-03 09:56:58,934 [WARN] ConditionMgr:1044 - genDependencies : Invalid condition id : Cortex-A Device cause : null
2026-02-03 09:56:58,934 [WARN] ConditionMgr:1044 - genDependencies : Invalid condition id : Cortex-A Device cause : null
2026-02-03 09:56:58,951 [WARN] PackLoader:240 - Cannot read IP mode file for STMicroelectronics.X-CUBE-EEPRMA1.5.1.0
2026-02-03 09:56:58,965 [WARN] PackLoader:240 - Cannot read IP mode file for wolfSSL.I-CUBE-wolfSSL.5.7.4
2026-02-03 09:56:58,984 [WARN] PackLoader:240 - Cannot read IP mode file for ITTIA_DB.I-CUBE-ITTIADB.8.9.0
2026-02-03 09:56:59,001 [WARN] PackLoader:240 - Cannot read IP mode file for STMicroelectronics.X-CUBE-NFC6.3.2.0
2026-02-03 09:56:59,029 [WARN] PackLoader:240 - Cannot read IP mode file for STMicroelectronics.X-CUBE-ST67W61.1.0.0
2026-02-03 09:56:59,047 [WARN] PackLoader:240 - Cannot read IP mode file for STMicroelectronics.X-CUBE-AI.10.2.0
2026-02-03 09:56:59,083 [WARN] PackLoader:240 - Cannot read IP mode file for SEGGER.I-CUBE-embOS.1.3.1
2026-02-03 09:56:59,119 [WARN] PackLoader:240 - Cannot read IP mode file for STMicroelectronics.X-CUBE-ALGOBUILD.1.4.0
2026-02-03 09:56:59,198 [WARN] PackLoader:240 - Cannot read IP mode file for STMicroelectronics.X-CUBE-MEMS1.11.3.0
2026-02-03 09:56:59,374 [WARN] PackLoader:240 - Cannot read IP mode file for STMicroelectronics.X-CUBE-AI.9.1.0
2026-02-03 09:56:59,393 [WARN] PackLoader:240 - Cannot read IP mode file for STMicroelectronics.X-CUBE-PM33A1.1.0.0
2026-02-03 09:56:59,427 [WARN] PackLoader:240 - Cannot read IP mode file for STMicroelectronics.X-CUBE-AZRTOS-F4.1.1.0
2026-02-03 09:56:59,433 [INFO] WebApp:169 - Instantiating new browser for Auth
2026-02-03 09:56:59,461 [WARN] PackLoader:240 - Cannot read IP mode file for Avnet-IotConnect.X-CUBE-IoTC-DA16k-PMOD.1.0.0
2026-02-03 09:56:59,500 [WARN] PackLoader:240 - Cannot read IP mode file for STMicroelectronics.X-CUBE-ISPU.2.1.0
2026-02-03 09:56:59,567 [WARN] PackLoader:240 - Cannot read IP mode file for STMicroelectronics.X-CUBE-IPS.3.2.0
2026-02-03 09:56:59,610 [WARN] PackLoader:240 - Cannot read IP mode file for STMicroelectronics.X-CUBE-FREERTOS.1.2.0
2026-02-03 09:56:59,637 [WARN] PackLoader:240 - Cannot read IP mode file for STMicroelectronics.X-CUBE-NFC12.1.0.0
2026-02-03 09:56:59,718 [WARN] PackLoader:240 - Cannot read IP mode file for STMicroelectronics.X-CUBE-AZRTOS-L5.2.0.0
2026-02-03 09:56:59,752 [WARN] PackLoader:240 - Cannot read IP mode file for STMicroelectronics.X-CUBE-NFC6.3.1.0
2026-02-03 09:56:59,781 [WARN] PackLoader:240 - Cannot read IP mode file for STMicroelectronics.X-CUBE-DPower.1.2.0
2026-02-03 09:56:59,832 [WARN] PackLoader:240 - Cannot read IP mode file for STMicroelectronics.X-CUBE-FREERTOS.1.3.1
2026-02-03 09:56:59,872 [WARN] PackLoader:240 - Cannot read IP mode file for STMicroelectronics.X-CUBE-FREERTOS.1.3.0
2026-02-03 09:56:59,891 [WARN] PackLoader:240 - Cannot read IP mode file for STMicroelectronics.X-CUBE-NFC7.1.0.1
2026-02-03 09:56:59,925 [WARN] PackLoader:240 - Cannot read IP mode file for STMicroelectronics.X-CUBE-TOUCHGFX.4.26.0
2026-02-03 09:56:59,951 [WARN] PackLoader:240 - Cannot read IP mode file for STMicroelectronics.FP-SNS-STAIOTCFT.1.0.0
2026-02-03 09:56:59,970 [WARN] PackLoader:240 - Cannot read IP mode file for STMicroelectronics.X-CUBE-DPower.1.3.0
2026-02-03 09:57:00,002 [WARN] ConditionMgr:438 - getConditionDescription Invalid condition id : LAN8742 Phy interface Condition cause : null
2026-02-03 09:57:00,002 [WARN] PackLoader:240 - Cannot read IP mode file for STMicroelectronics.X-CUBE-AZRTOS-L4.2.0.0
2026-02-03 09:57:00,003 [WARN] ConditionMgr:1044 - genDependencies : Invalid condition id : LAN8742 Phy interface Condition cause : null
2026-02-03 09:57:00,004 [WARN] ConditionMgr:1044 - genDependencies : Invalid condition id : LAN8742 Phy interface Condition cause : null
2026-02-03 09:57:00,004 [WARN] ConditionMgr:1044 - genDependencies : Invalid condition id : LAN8742 Phy interface Condition cause : null
2026-02-03 09:57:00,026 [WARN] PackLoader:240 - Cannot read IP mode file for STMicroelectronics.X-CUBE-SFXS2LP1.4.0.0
2026-02-03 09:57:00,055 [WARN] PackLoader:240 - Cannot read IP mode file for STMicroelectronics.X-CUBE-ST67W61.1.2.0
2026-02-03 09:57:00,094 [WARN] PackLoader:240 - Cannot read IP mode file for STMicroelectronics.X-CUBE-AZRTOS-H7.3.3.0
2026-02-03 09:57:00,119 [WARN] PackLoader:240 - Cannot read IP mode file for STMicroelectronics.X-CUBE-BLEMGR.4.1.0
2026-02-03 09:57:00,145 [WARN] PackLoader:240 - Cannot read IP mode file for STMicroelectronics.X-CUBE-IPS.3.0.0
2026-02-03 09:57:00,175 [WARN] ConditionMgr:438 - getConditionDescription Invalid condition id : UX DEVICE CLASS RTOS Condition cause : null
2026-02-03 09:57:00,176 [WARN] ConditionMgr:438 - getConditionDescription Invalid condition id : UX DEVICE CLASS RTOS Condition cause : null
2026-02-03 09:57:00,178 [WARN] PackLoader:240 - Cannot read IP mode file for STMicroelectronics.X-CUBE-AZRTOS-WB.2.0.0
2026-02-03 09:57:00,178 [WARN] ConditionMgr:1044 - genDependencies : Invalid condition id : UX DEVICE CLASS RTOS Condition cause : null
2026-02-03 09:57:00,179 [WARN] ConditionMgr:1044 - genDependencies : Invalid condition id : UX DEVICE CLASS RTOS Condition cause : null
2026-02-03 09:57:00,179 [WARN] ConditionMgr:1044 - genDependencies : Invalid condition id : UX DEVICE CLASS RTOS Condition cause : null
2026-02-03 09:57:00,179 [WARN] ConditionMgr:1044 - genDependencies : Invalid condition id : UX DEVICE CLASS RTOS Condition cause : null
2026-02-03 09:57:00,179 [WARN] ConditionMgr:1044 - genDependencies : Invalid condition id : UX DEVICE CLASS RTOS Condition cause : null
2026-02-03 09:57:00,195 [WARN] PackLoader:240 - Cannot read IP mode file for STMicroelectronics.X-CUBE-GNSS1.7.0.0
2026-02-03 09:57:00,215 [WARN] PackLoader:240 - Cannot read IP mode file for STMicroelectronics.X-CUBE-GNSS1.7.0.1
2026-02-03 09:57:00,232 [WARN] PackLoader:240 - Cannot read IP mode file for STMicroelectronics.X-CUBE-TOUCHGFX.4.25.0
2026-02-03 09:57:00,252 [WARN] PackLoader:240 - Cannot read IP mode file for STMicroelectronics.FP-SNS-STBOX1.2.0.0
2026-02-03 09:57:00,274 [WARN] PackLoader:240 - Cannot read IP mode file for STMicroelectronics.X-CUBE-STSE01.2.0.0
2026-02-03 09:57:00,296 [WARN] PackLoader:240 - Cannot read IP mode file for STMicroelectronics.X-CUBE-SUBG2.5.0.0
2026-02-03 09:57:00,336 [WARN] PackLoader:240 - Cannot read IP mode file for STMicroelectronics.X-CUBE-AZRTOS-H7RS.1.1.0
2026-02-03 09:57:00,364 [WARN] PackLoader:240 - Cannot read IP mode file for Cesanta.I-CUBE-Mongoose.7.13.0
2026-02-03 09:57:00,393 [WARN] PackLoader:240 - Cannot read IP mode file for STMicroelectronics.X-CUBE-AZRTOS-G4.2.0.0
2026-02-03 09:57:00,417 [WARN] PackLoader:240 - Cannot read IP mode file for STMicroelectronics.X-CUBE-NFC7.2.0.0
2026-02-03 09:57:00,444 [WARN] PackLoader:240 - Cannot read IP mode file for STMicroelectronics.X-CUBE-IPS.3.1.0
2026-02-03 09:57:00,471 [WARN] PackLoader:240 - Cannot read IP mode file for STMicroelectronics.X-CUBE-ALS.1.0.2
2026-02-03 09:57:00,488 [WARN] PackLoader:240 - Cannot read IP mode file for STMicroelectronics.X-CUBE-TOUCHGFX.4.24.2
2026-02-03 09:57:00,506 [WARN] PackLoader:240 - Cannot read IP mode file for STMicroelectronics.X-CUBE-TOUCHGFX.4.24.1
2026-02-03 09:57:00,525 [WARN] PackLoader:240 - Cannot read IP mode file for STMicroelectronics.X-CUBE-STSE01.1.0.0
2026-02-03 09:57:00,556 [WARN] PackLoader:240 - Cannot read IP mode file for wolfSSL.I-CUBE-wolfTPM.3.4.0
2026-02-03 09:57:00,599 [WARN] PackLoader:240 - Cannot read IP mode file for portGmbH.I-Cube-SoM-uGOAL.1.1.0
2026-02-03 09:57:00,639 [WARN] PackLoader:240 - Cannot read IP mode file for STMicroelectronics.X-CUBE-AZRTOS-H7RS.1.0.0
2026-02-03 09:57:00,658 [WARN] PackLoader:240 - Cannot read IP mode file for STMicroelectronics.FP-ATR-ASTRA1.2.0.0
2026-02-03 09:57:00,678 [WARN] PackLoader:240 - Cannot read IP mode file for STMicroelectronics.X-CUBE-TOF1.3.4.2
2026-02-03 09:57:00,711 [WARN] PackLoader:240 - Cannot read IP mode file for STMicroelectronics.X-CUBE-TOF1.3.4.3
2026-02-03 09:57:00,768 [WARN] PackLoader:240 - Cannot read IP mode file for Infineon.AIROC-Wi-Fi-Bluetooth-STM32.1.6.1
2026-02-03 09:57:00,798 [WARN] PackLoader:240 - Cannot read IP mode file for wolfSSL.I-CUBE-wolfSSH.1.4.17
2026-02-03 09:57:00,799 [INFO] ThirdParty:978 - Integrity check success = true
2026-02-03 09:57:00,799 [INFO] IntegrityCheckThread:100 - exiting critical section [integrity check]
2026-02-03 09:57:00,799 [INFO] IntegrityCheckThread:103 - End integrity checks thread
2026-02-03 09:57:02,062 [INFO] WebApp:463 - Apply proxy settings
2026-02-03 09:57:02,062 [INFO] WebApp:548 - Chromium requires no authentication
2026-02-03 09:57:02,076 [INFO] WebApp:491 - Direct internet connection detected
2026-02-03 09:57:02,138 [INFO] WebApp:900 - Register for checkConnection events
2026-02-03 09:57:02,138 [INFO] WebApp:463 - Apply proxy settings
2026-02-03 09:57:02,139 [INFO] WebApp:548 - Chromium requires no authentication
2026-02-03 09:57:02,140 [INFO] WebApp:491 - Direct internet connection detected
2026-02-03 09:57:02,419 [INFO] WebApp:191 - Connection restablished
2026-02-03 09:57:02,581 [INFO] WebApp:225 - Starting web application
2026-02-03 09:57:02,581 [INFO] WebApp:593 - Web application path used C:\ST\STM32CubeIDE_1.16.1\STM32CubeIDE\plugins\com.st.stm32cube.common.mx_6.15.0.202507011659\db\plugins\mcufinder\reactClient1\index.html
2026-02-03 09:57:02,867 [INFO] UserAuth:487 - Internet connection configuration mode: 1
2026-02-03 10:04:36,225 [INFO] WebApp:194 - Connection lost
2026-02-03 10:04:36,439 [INFO] WebApp:191 - Connection restablished
2026-02-03 10:07:03,034 [INFO] WebApp:194 - Connection lost
2026-02-03 10:07:03,246 [INFO] WebApp:191 - Connection restablished
2026-02-03 10:18:17,114 [INFO] WebApp:194 - Connection lost
2026-02-03 10:18:17,314 [INFO] WebApp:191 - Connection restablished
2026-02-03 10:53:46,278 [INFO] Activator:176 - 


2026-02-03 10:53:46,281 [INFO] Activator:177 - !SESSION log4j initialized
2026-02-03 10:53:53,956 [INFO] LogOutputStream:77 - [STDOUT_REDIRECT] 
2026-02-03 10:53:55,022 [INFO] ApplicationProperties:184 - Using Application install path: C:\ST\STM32CubeIDE_1.16.1\STM32CubeIDE\plugins\com.st.stm32cube.common.mx_6.15.0.202507011659
2026-02-03 10:53:55,038 [INFO] DbMcusXml:78 - Set database path to: C:\ST\STM32CubeIDE_1.16.1\STM32CubeIDE\plugins\com.st.stm32cube.common.mx_6.15.0.202507011659\\db\/mcu/
2026-02-03 10:53:55,039 [INFO] ApiDb:274 - Set plugin database path to: C:\ST\STM32CubeIDE_1.16.1\STM32CubeIDE\plugins\com.st.stm32cube.common.mx_6.15.0.202507011659\\db\/plugins/boardmanager/
2026-02-03 10:53:55,039 [WARN] ApiDb:259 - Overriding images path with different value:  => C:\ST\STM32CubeIDE_1.16.1\STM32CubeIDE\plugins\com.st.stm32cube.common.mx_6.15.0.202507011659\\db\/plugins/mcufinder/images/
2026-02-03 10:53:55,045 [INFO] ApiDb:250 - Set database path to: C:\Users\Chinnapop\.stmcufinder\plugins\mcufinder//mcu/
2026-02-03 10:53:55,046 [INFO] DbMcusAds:125 - Set database path to: C:\Users\Chinnapop\.stmcufinder\plugins\mcufinder//mcu/
2026-02-03 10:53:55,049 [INFO] CrossReferenceDbSqlite:203 - Set database path to: C:\Users\Chinnapop\.stmcufinder\plugins\mcufinder//mcu/cs/
2026-02-03 10:53:55,168 [INFO] RulesReader:64 - Compatibility file has been processed (317 Rules)
2026-02-03 10:53:55,258 [INFO] DbMcusXml:78 - Set database path to: C:\ST\STM32CubeIDE_1.16.1\STM32CubeIDE\plugins\com.st.stm32cube.common.mx_6.15.0.202507011659\\db\/mcu/
2026-02-03 10:53:55,258 [INFO] ApiDb:274 - Set plugin database path to: C:\ST\STM32CubeIDE_1.16.1\STM32CubeIDE\plugins\com.st.stm32cube.common.mx_6.15.0.202507011659\\db\/plugins/boardmanager/
2026-02-03 10:53:55,258 [INFO] ApiDb:261 - Set plugin images path to: C:\ST\STM32CubeIDE_1.16.1\STM32CubeIDE\plugins\com.st.stm32cube.common.mx_6.15.0.202507011659\\db\/plugins/mcufinder/images/
2026-02-03 10:53:55,258 [WARN] DbFile:41 - Overriding database path with different value: C:\Users\Chinnapop\.stmcufinder\plugins\mcufinder/ => C:\Users\Chinnapop\.stmcufinder\plugins\mcufinder
2026-02-03 10:53:55,259 [INFO] ApiDb:250 - Set database path to: C:\Users\Chinnapop\.stmcufinder\plugins\mcufinder//mcu/
2026-02-03 10:53:55,259 [WARN] DbFile:41 - Overriding database path with different value: C:\Users\Chinnapop\.stmcufinder\plugins\mcufinder/ => C:\Users\Chinnapop\.stmcufinder\plugins\mcufinder
2026-02-03 10:53:55,259 [INFO] DbMcusAds:125 - Set database path to: C:\Users\Chinnapop\.stmcufinder\plugins\mcufinder//mcu/
2026-02-03 10:53:55,259 [WARN] DbFile:41 - Overriding database path with different value: C:\Users\Chinnapop\.stmcufinder\plugins\mcufinder/ => C:\Users\Chinnapop\.stmcufinder\plugins\mcufinder
2026-02-03 10:53:55,259 [WARN] DbFile:41 - Overriding database path with different value: C:\Users\Chinnapop\.stmcufinder\plugins\mcufinder/ => C:\Users\Chinnapop\.stmcufinder\plugins\mcufinder
2026-02-03 10:53:55,259 [INFO] CrossReferenceDbSqlite:203 - Set database path to: C:\Users\Chinnapop\.stmcufinder\plugins\mcufinder//mcu/cs/
2026-02-03 10:53:55,321 [INFO] MainPanel:274 - HeapMemory: 271581184
2026-02-03 10:53:55,407 [INFO] DbMcusXml:78 - Set database path to: C:\ST\STM32CubeIDE_1.16.1\STM32CubeIDE\plugins\com.st.stm32cube.common.mx_6.15.0.202507011659\\db\/mcu/
2026-02-03 10:53:55,407 [INFO] ApiDb:274 - Set plugin database path to: C:\ST\STM32CubeIDE_1.16.1\STM32CubeIDE\plugins\com.st.stm32cube.common.mx_6.15.0.202507011659\\db\/plugins/boardmanager/
2026-02-03 10:53:55,407 [INFO] ApiDb:261 - Set plugin images path to: C:\ST\STM32CubeIDE_1.16.1\STM32CubeIDE\plugins\com.st.stm32cube.common.mx_6.15.0.202507011659\\db\/plugins/mcufinder/images/
2026-02-03 10:53:55,408 [WARN] DbFile:41 - Overriding database path with different value: C:\Users\Chinnapop\.stmcufinder\plugins\mcufinder/ => C:\Users\Chinnapop\.stmcufinder\plugins\mcufinder
2026-02-03 10:53:55,408 [INFO] ApiDb:250 - Set database path to: C:\Users\Chinnapop\.stmcufinder\plugins\mcufinder//mcu/
2026-02-03 10:53:55,408 [WARN] DbFile:41 - Overriding database path with different value: C:\Users\Chinnapop\.stmcufinder\plugins\mcufinder/ => C:\Users\Chinnapop\.stmcufinder\plugins\mcufinder
2026-02-03 10:53:55,408 [INFO] DbMcusAds:125 - Set database path to: C:\Users\Chinnapop\.stmcufinder\plugins\mcufinder//mcu/
2026-02-03 10:53:55,408 [WARN] DbFile:41 - Overriding database path with different value: C:\Users\Chinnapop\.stmcufinder\plugins\mcufinder/ => C:\Users\Chinnapop\.stmcufinder\plugins\mcufinder
2026-02-03 10:53:55,408 [WARN] DbFile:41 - Overriding database path with different value: C:\Users\Chinnapop\.stmcufinder\plugins\mcufinder/ => C:\Users\Chinnapop\.stmcufinder\plugins\mcufinder
2026-02-03 10:53:55,408 [INFO] CrossReferenceDbSqlite:203 - Set database path to: C:\Users\Chinnapop\.stmcufinder\plugins\mcufinder//mcu/cs/
2026-02-03 10:53:55,427 [INFO] ApplicationProperties:184 - Using Application install path: C:\ST\STM32CubeIDE_1.16.1\STM32CubeIDE\plugins\com.st.stm32cube.common.mx_6.15.0.202507011659
2026-02-03 10:53:55,428 [INFO] PluginManage:196 - Search for loadable plugins [exclusion list=, ]
2026-02-03 10:53:55,429 [INFO] PluginManage:310 - Check plugin analytics
2026-02-03 10:53:55,586 [INFO] AnalyticsPlugin:253 - Accepted Software Licenses: 
2026-02-03 10:53:55,586 [INFO] AnalyticsPlugin:255 - Accepted CMSIS Pack Licenses: 
2026-02-03 10:53:55,586 [INFO] AnalyticsPlugin:257 - Accepted Firmware Licenses: FW.F7.1.17.0
2026-02-03 10:53:55,591 [INFO] PluginManage:359 - Loaded plugin analytics (category:tool,tabindex:-1)
2026-02-03 10:53:55,592 [INFO] PluginManage:310 - Check plugin cadmodel
2026-02-03 10:53:55,597 [INFO] CADModel:105 - Init CAD model plugin
2026-02-03 10:53:55,597 [INFO] PluginManage:359 - Loaded plugin cadmodel (category:power,tabindex:5)
2026-02-03 10:53:55,598 [INFO] PluginManage:310 - Check plugin clock
2026-02-03 10:53:55,607 [INFO] PluginManage:359 - Loaded plugin clock (category:base,tabindex:2)
2026-02-03 10:53:55,607 [INFO] PluginManage:310 - Check plugin ddr
2026-02-03 10:53:55,609 [INFO] PluginManage:359 - Loaded plugin ddr (category:tool,tabindex:6)
2026-02-03 10:53:55,609 [INFO] PluginManage:310 - Check plugin filemanager
2026-02-03 10:53:55,750 [INFO] PluginManage:359 - Loaded plugin filemanager (category:base,tabindex:10)
2026-02-03 10:53:55,751 [INFO] PluginManage:310 - Check plugin ipmanager
2026-02-03 10:53:55,757 [INFO] PluginManage:359 - Loaded plugin ipmanager (category:base,tabindex:5)
2026-02-03 10:53:55,758 [INFO] PluginManage:310 - Check plugin lpbam
2026-02-03 10:53:55,765 [INFO] PluginManage:359 - Loaded plugin lpbam (category:base,tabindex:0)
2026-02-03 10:53:55,766 [INFO] PluginManage:310 - Check plugin memorymap
2026-02-03 10:53:55,776 [INFO] PluginManage:359 - Loaded plugin memorymap (category:base,tabindex:4)
2026-02-03 10:53:55,777 [INFO] PluginManage:310 - Check plugin pinoutandconfiguration
2026-02-03 10:53:55,783 [INFO] PluginManage:359 - Loaded plugin pinoutandconfiguration (category:base,tabindex:1)
2026-02-03 10:53:55,783 [INFO] PluginManage:310 - Check plugin pinoutconfig
2026-02-03 10:53:55,866 [WARN] SupportedApi:132 - Cannot load RTOS API schema: s4s-elt-must-match.1: The content of 'definitions' must match (annotation?, (simpleType | complexType)?, (unique | key | keyref)*)). A problem was found starting at: attribute.
2026-02-03 10:53:55,998 [INFO] PluginManage:359 - Loaded plugin pinoutconfig (category:base,tabindex:0)
2026-02-03 10:53:55,998 [INFO] PluginManage:310 - Check plugin power
2026-02-03 10:53:56,006 [INFO] PluginManage:359 - Loaded plugin power (category:power,tabindex:4)
2026-02-03 10:53:56,006 [INFO] PluginManage:310 - Check plugin projectmanager
2026-02-03 10:53:56,021 [INFO] PluginManage:359 - Loaded plugin projectmanager (category:projectmanager,tabindex:4)
2026-02-03 10:53:56,021 [INFO] PluginManage:310 - Check plugin rif
2026-02-03 10:53:56,029 [INFO] PluginManage:359 - Loaded plugin rif (category:base,tabindex:3)
2026-02-03 10:53:56,029 [INFO] PluginManage:310 - Check plugin thirdparty
2026-02-03 10:53:56,163 [INFO] PluginManage:359 - Loaded plugin thirdparty (category:base,tabindex:-1)
2026-02-03 10:53:56,163 [WARN] IntegrityCheckThread:84 - waiting for thirdparty lock release [integrity check]
2026-02-03 10:53:56,163 [INFO] PluginManage:310 - Check plugin tools
2026-02-03 10:53:56,163 [INFO] IntegrityCheckThread:86 - entering critical section [integrity check]
2026-02-03 10:53:56,163 [INFO] ThirdPartyUpdaterWithRetryManager:70 - Updater plugin not ready yet. [1/15]
2026-02-03 10:53:56,167 [INFO] PluginManage:359 - Loaded plugin tools (category:base,tabindex:7)
2026-02-03 10:53:56,167 [INFO] PluginManage:310 - Check plugin tutovideos
2026-02-03 10:53:56,350 [INFO] PluginManage:359 - Loaded plugin tutovideos (category:base,tabindex:-1)
2026-02-03 10:53:56,351 [INFO] PluginManage:310 - Check plugin updater
2026-02-03 10:53:56,371 [INFO] PluginManage:359 - Loaded plugin updater (category:base,tabindex:12)
2026-02-03 10:53:56,371 [INFO] PluginManage:310 - Check plugin userauth
2026-02-03 10:53:56,374 [INFO] UserAuth:118 - Init User Auth plugin
2026-02-03 10:53:56,375 [INFO] PluginManage:359 - Loaded plugin userauth (category:base,tabindex:14)
2026-02-03 10:53:56,376 [INFO] PluginManage:283 - PluginManage : Loaded plugins [18]
2026-02-03 10:53:56,569 [INFO] PinOutPanel:1589 - setPackage(No Configuration,No Configuration)
2026-02-03 10:53:56,650 [INFO] CADModel:165 - CPN selected for project level
2026-02-03 10:53:56,650 [INFO] CADModel:114 - Register for checkConnection events
2026-02-03 10:53:56,668 [INFO] IPUIPlugin:80 - create IPUIPlugin
2026-02-03 10:53:56,668 [INFO] PluginManager:220 - loadIPPluginJar : add adc
2026-02-03 10:53:56,671 [INFO] IPUIPlugin:80 - create IPUIPlugin
2026-02-03 10:53:56,671 [INFO] PluginManager:220 - loadIPPluginJar : add aes
2026-02-03 10:53:56,684 [INFO] IPUIPlugin:80 - create IPUIPlugin
2026-02-03 10:53:56,685 [INFO] PluginManager:220 - loadIPPluginJar : add can
2026-02-03 10:53:56,688 [INFO] IPUIPlugin:80 - create IPUIPlugin
2026-02-03 10:53:56,689 [INFO] PluginManager:220 - loadIPPluginJar : add comp
2026-02-03 10:53:56,693 [INFO] IPUIPlugin:80 - create IPUIPlugin
2026-02-03 10:53:56,693 [INFO] PluginManager:220 - loadIPPluginJar : add cryp
2026-02-03 10:53:56,698 [INFO] IPUIPlugin:80 - create IPUIPlugin
2026-02-03 10:53:56,699 [INFO] PluginManager:220 - loadIPPluginJar : add ddr_ctrl_phy
2026-02-03 10:53:56,703 [INFO] IPUIPlugin:80 - create IPUIPlugin
2026-02-03 10:53:56,703 [INFO] PluginManager:220 - loadIPPluginJar : add dfsdm
2026-02-03 10:53:56,712 [INFO] IPUIPlugin:80 - create IPUIPlugin
2026-02-03 10:53:56,714 [INFO] PluginManager:220 - loadIPPluginJar : add dma
2026-02-03 10:53:56,718 [INFO] IPUIPlugin:80 - create IPUIPlugin
2026-02-03 10:53:56,718 [INFO] PluginManager:220 - loadIPPluginJar : add dma3
2026-02-03 10:53:56,723 [INFO] IPUIPlugin:80 - create IPUIPlugin
2026-02-03 10:53:56,723 [INFO] PluginManager:220 - loadIPPluginJar : add extmemmanager
2026-02-03 10:53:56,740 [INFO] IPUIPlugin:80 - create IPUIPlugin
2026-02-03 10:53:56,740 [INFO] PluginManager:220 - loadIPPluginJar : add fatfs
2026-02-03 10:53:56,748 [INFO] IPUIPlugin:80 - create IPUIPlugin
2026-02-03 10:53:56,749 [INFO] PluginManager:220 - loadIPPluginJar : add fmc
2026-02-03 10:53:56,756 [INFO] IPUIPlugin:80 - create IPUIPlugin
2026-02-03 10:53:56,756 [INFO] PluginManager:220 - loadIPPluginJar : add freertos
2026-02-03 10:53:56,758 [INFO] IPUIPlugin:80 - create IPUIPlugin
2026-02-03 10:53:56,758 [INFO] PluginManager:220 - loadIPPluginJar : add genericplugin
2026-02-03 10:53:56,761 [INFO] IPUIPlugin:80 - create IPUIPlugin
2026-02-03 10:53:56,762 [INFO] PluginManager:220 - loadIPPluginJar : add gfxmmu
2026-02-03 10:53:56,769 [INFO] IPUIPlugin:80 - create IPUIPlugin
2026-02-03 10:53:56,769 [INFO] PluginManager:220 - loadIPPluginJar : add gic
2026-02-03 10:53:56,775 [INFO] IPUIPlugin:80 - create IPUIPlugin
2026-02-03 10:53:56,775 [INFO] PluginManager:220 - loadIPPluginJar : add gpio
2026-02-03 10:53:56,778 [INFO] IPUIPlugin:80 - create IPUIPlugin
2026-02-03 10:53:56,778 [INFO] PluginManager:220 - loadIPPluginJar : add gtzc
2026-02-03 10:53:56,781 [INFO] IPUIPlugin:80 - create IPUIPlugin
2026-02-03 10:53:56,781 [INFO] PluginManager:220 - loadIPPluginJar : add hash
2026-02-03 10:53:56,784 [INFO] IPUIPlugin:80 - create IPUIPlugin
2026-02-03 10:53:56,784 [INFO] PluginManager:220 - loadIPPluginJar : add i2c
2026-02-03 10:53:56,786 [INFO] IPUIPlugin:80 - create IPUIPlugin
2026-02-03 10:53:56,786 [INFO] PluginManager:220 - loadIPPluginJar : add i2s
2026-02-03 10:53:56,789 [INFO] IPUIPlugin:80 - create IPUIPlugin
2026-02-03 10:53:56,790 [INFO] PluginManager:220 - loadIPPluginJar : add i3c
2026-02-03 10:53:56,792 [INFO] IPUIPlugin:80 - create IPUIPlugin
2026-02-03 10:53:56,793 [INFO] PluginManager:220 - loadIPPluginJar : add ipddr
2026-02-03 10:53:56,800 [INFO] IPUIPlugin:80 - create IPUIPlugin
2026-02-03 10:53:56,801 [INFO] PluginManager:220 - loadIPPluginJar : add linkedlist
2026-02-03 10:53:56,804 [INFO] IPUIPlugin:80 - create IPUIPlugin
2026-02-03 10:53:56,804 [INFO] PluginManager:220 - loadIPPluginJar : add lorawan
2026-02-03 10:53:56,806 [INFO] IPUIPlugin:80 - create IPUIPlugin
2026-02-03 10:53:56,806 [INFO] PluginManager:220 - loadIPPluginJar : add ltdc
2026-02-03 10:53:56,812 [INFO] IPUIPlugin:80 - create IPUIPlugin
2026-02-03 10:53:56,812 [INFO] PluginManager:220 - loadIPPluginJar : add mdma
2026-02-03 10:53:56,815 [INFO] IPUIPlugin:80 - create IPUIPlugin
2026-02-03 10:53:56,816 [INFO] PluginManager:220 - loadIPPluginJar : add nvic
2026-02-03 10:53:56,819 [INFO] IPUIPlugin:80 - create IPUIPlugin
2026-02-03 10:53:56,819 [INFO] PluginManager:220 - loadIPPluginJar : add opamp
2026-02-03 10:53:56,822 [INFO] IPUIPlugin:80 - create IPUIPlugin
2026-02-03 10:53:56,822 [INFO] PluginManager:220 - loadIPPluginJar : add openamp
2026-02-03 10:53:56,826 [INFO] IPUIPlugin:80 - create IPUIPlugin
2026-02-03 10:53:56,826 [INFO] PluginManager:220 - loadIPPluginJar : add pdm2pcm
2026-02-03 10:53:56,832 [INFO] IPUIPlugin:80 - create IPUIPlugin
2026-02-03 10:53:56,834 [INFO] PluginManager:220 - loadIPPluginJar : add plateformsettings
2026-02-03 10:53:56,835 [INFO] IPUIPlugin:80 - create IPUIPlugin
2026-02-03 10:53:56,835 [INFO] PluginManager:220 - loadIPPluginJar : add quadspi
2026-02-03 10:53:56,837 [INFO] IPUIPlugin:80 - create IPUIPlugin
2026-02-03 10:53:56,838 [INFO] PluginManager:220 - loadIPPluginJar : add radio
2026-02-03 10:53:56,841 [INFO] IPUIPlugin:80 - create IPUIPlugin
2026-02-03 10:53:56,841 [INFO] PluginManager:220 - loadIPPluginJar : add resmgrutility
2026-02-03 10:53:56,844 [INFO] IPUIPlugin:80 - create IPUIPlugin
2026-02-03 10:53:56,845 [INFO] PluginManager:220 - loadIPPluginJar : add sai
2026-02-03 10:53:56,847 [INFO] IPUIPlugin:80 - create IPUIPlugin
2026-02-03 10:53:56,847 [INFO] PluginManager:220 - loadIPPluginJar : add spi
2026-02-03 10:53:56,853 [INFO] IPUIPlugin:80 - create IPUIPlugin
2026-02-03 10:53:56,853 [INFO] PluginManager:220 - loadIPPluginJar : add stm32_wpan
2026-02-03 10:53:56,855 [INFO] IPUIPlugin:80 - create IPUIPlugin
2026-02-03 10:53:56,855 [INFO] PluginManager:220 - loadIPPluginJar : add tim
2026-02-03 10:53:56,858 [INFO] IPUIPlugin:80 - create IPUIPlugin
2026-02-03 10:53:56,858 [INFO] PluginManager:220 - loadIPPluginJar : add touchsensing
2026-02-03 10:53:56,861 [INFO] IPUIPlugin:80 - create IPUIPlugin
2026-02-03 10:53:56,862 [INFO] PluginManager:220 - loadIPPluginJar : add tracer_emb
2026-02-03 10:53:56,863 [INFO] IPUIPlugin:80 - create IPUIPlugin
2026-02-03 10:53:56,864 [INFO] PluginManager:220 - loadIPPluginJar : add ts
2026-02-03 10:53:56,865 [INFO] IPUIPlugin:80 - create IPUIPlugin
2026-02-03 10:53:56,865 [INFO] PluginManager:220 - loadIPPluginJar : add tsc
2026-02-03 10:53:56,867 [INFO] IPUIPlugin:80 - create IPUIPlugin
2026-02-03 10:53:56,867 [INFO] PluginManager:220 - loadIPPluginJar : add ucpd
2026-02-03 10:53:56,870 [INFO] IPUIPlugin:80 - create IPUIPlugin
2026-02-03 10:53:56,870 [INFO] PluginManager:220 - loadIPPluginJar : add usart
2026-02-03 10:53:56,873 [INFO] IPUIPlugin:80 - create IPUIPlugin
2026-02-03 10:53:56,873 [INFO] PluginManager:220 - loadIPPluginJar : add usbx
2026-02-03 10:53:56,998 [FATAL] Updater:351 - Updater called before beeing initialized
2026-02-03 10:53:57,033 [INFO] RulesReader:64 - Compatibility file has been processed (317 Rules)
2026-02-03 10:53:57,044 [INFO] RulesReader:64 - Compatibility file has been processed (317 Rules)
2026-02-03 10:53:57,058 [INFO] CADModel:165 - CPN selected for project level
2026-02-03 10:53:57,058 [INFO] CADModel:114 - Register for checkConnection events
2026-02-03 10:53:57,058 [FATAL] Updater:351 - Updater called before beeing initialized
2026-02-03 10:53:57,058 [ERROR] CADModel:125 - Updater not yet initialized, retry later 
2026-02-03 10:53:57,218 [FATAL] Updater:351 - Updater called before beeing initialized
2026-02-03 10:53:57,220 [INFO] CADModel:165 - CPN selected for project level
2026-02-03 10:53:57,220 [INFO] CADModel:114 - Register for checkConnection events
2026-02-03 10:53:57,220 [FATAL] Updater:351 - Updater called before beeing initialized
2026-02-03 10:53:57,220 [ERROR] CADModel:125 - Updater not yet initialized, retry later 
2026-02-03 10:53:57,223 [FATAL] Updater:351 - Updater called before beeing initialized
2026-02-03 10:53:57,332 [FATAL] Updater:351 - Updater called before beeing initialized
2026-02-03 10:53:57,337 [INFO] DbMcusAds:53 - JSON generation date=Thu Jan 08 22:57:51 ICT 2026 (1767887871456)
2026-02-03 10:53:57,337 [FATAL] Updater:351 - Updater called before beeing initialized
2026-02-03 10:53:57,368 [WARN] DetailPanel:346 - Failed to get advertising image, set to default
2026-02-03 10:53:57,452 [FATAL] Updater:351 - Updater called before beeing initialized
2026-02-03 10:53:57,456 [FATAL] Updater:351 - Updater called before beeing initialized
2026-02-03 10:53:57,456 [FATAL] Updater:351 - Updater called before beeing initialized
2026-02-03 10:53:57,457 [WARN] DetailPanel:346 - Failed to get advertising image, set to default
2026-02-03 10:53:57,458 [FATAL] Updater:351 - Updater called before beeing initialized
2026-02-03 10:53:57,499 [ERROR] Updater:1198 - MainUpdater not yet initialized. External WinMGr cannot be set.
2026-02-03 10:53:57,501 [INFO] Updater:1134 - Updater Version found : 6.15.0
2026-02-03 10:53:57,519 [INFO] ApplicationProperties:184 - Using Application install path: C:\ST\STM32CubeIDE_1.16.1\STM32CubeIDE\plugins\com.st.stm32cube.common.mx_6.15.0.202507011659
2026-02-03 10:53:59,092 [ERROR] LogOutputStream:75 - [STDERR_REDIRECT] Feb 03, 2026 10:53:59 AM java.util.prefs.WindowsPreferences <init>
2026-02-03 10:53:59,093 [ERROR] LogOutputStream:75 - [STDERR_REDIRECT] WARNING: Could not open/create prefs root node Software\JavaSoft\Prefs at root 0xffffffff80000002. Windows RegCreateKeyEx(...) returned error code 5.
2026-02-03 10:53:59,093 [ERROR] LogOutputStream:75 - [STDERR_REDIRECT] 
2026-02-03 10:53:59,166 [INFO] ThirdPartyUpdaterWithRetryManager:70 - Updater plugin not ready yet. [2/15]
2026-02-03 10:53:59,566 [INFO] MainUpdater:2872 - connection check result : 10
2026-02-03 10:53:59,567 [INFO] MainUpdater:289 - Updater Check For Update Now.
2026-02-03 10:53:59,567 [INFO] MicroXplorer:498 - Change Database Version : DB.6.0.150
2026-02-03 10:53:59,573 [INFO] McuFinderGlobals:63 - Set McuFinder mode to 2 (CubeIDE integrated)
2026-02-03 10:53:59,574 [INFO] UserAuth:487 - Internet connection configuration mode: 1
2026-02-03 10:53:59,623 [INFO] JxBrowserEngine:152 - Initiate JxBrowser Engine with user profile folder
2026-02-03 10:53:59,755 [INFO] CheckServerUpdateThread:120 - End of CheckServer Thread
2026-02-03 10:54:00,294 [INFO] WebApp:169 - Instantiating new browser for Auth
2026-02-03 10:54:00,908 [INFO] WebApp:463 - Apply proxy settings
2026-02-03 10:54:00,909 [INFO] WebApp:548 - Chromium requires no authentication
2026-02-03 10:54:00,919 [INFO] WebApp:491 - Direct internet connection detected
2026-02-03 10:54:00,940 [INFO] WebApp:900 - Register for checkConnection events
2026-02-03 10:54:00,940 [INFO] WebApp:463 - Apply proxy settings
2026-02-03 10:54:00,940 [INFO] WebApp:548 - Chromium requires no authentication
2026-02-03 10:54:00,941 [INFO] WebApp:491 - Direct internet connection detected
2026-02-03 10:54:01,101 [INFO] WebApp:225 - Starting web application
2026-02-03 10:54:01,101 [INFO] WebApp:593 - Web application path used C:\ST\STM32CubeIDE_1.16.1\STM32CubeIDE\plugins\com.st.stm32cube.common.mx_6.15.0.202507011659\db\plugins\mcufinder\reactClient1\index.html
2026-02-03 10:54:01,185 [INFO] UserAuth:487 - Internet connection configuration mode: 1
2026-02-03 10:54:01,516 [INFO] WebApp:191 - Connection restablished
2026-02-03 10:54:02,350 [WARN] PackLoader:240 - Cannot read IP mode file for STMicroelectronics.FP-SNS-MOTENVWB1.1.4.0
2026-02-03 10:54:02,358 [WARN] PackLoader:240 - Cannot read IP mode file for STMicroelectronics.FP-ATR-ASTRA1.2.0.2
2026-02-03 10:54:02,361 [WARN] PackLoader:240 - Cannot read IP mode file for STMicroelectronics.FP-ATR-ASTRA1.2.0.1
2026-02-03 10:54:02,370 [WARN] PackLoader:240 - Cannot read IP mode file for STMicroelectronics.X-CUBE-SMBUS.2.1.0
2026-02-03 10:54:02,377 [WARN] PackLoader:240 - Cannot read IP mode file for STMicroelectronics.X-CUBE-WB05N.1.1.0
2026-02-03 10:54:02,384 [WARN] PackLoader:240 - Cannot read IP mode file for STMicroelectronics.X-CUBE-ST60.1.0.0
2026-02-03 10:54:02,415 [WARN] PackLoader:240 - Cannot read IP mode file for STMicroelectronics.X-CUBE-AZRTOS-F7.1.1.0
2026-02-03 10:54:02,476 [WARN] PackLoader:240 - Cannot read IP mode file for STMicroelectronics.X-CUBE-MEMS1.11.0.0
2026-02-03 10:54:02,572 [WARN] PackLoader:240 - Cannot read IP mode file for STMicroelectronics.FP-SNS-MOTENV1.5.1.0
2026-02-03 10:54:02,577 [WARN] PackLoader:240 - Cannot read IP mode file for STMicroelectronics.FP-SNS-FLIGHT1.5.0.2
2026-02-03 10:54:02,605 [WARN] PackLoader:240 - Cannot read IP mode file for STMicroelectronics.X-CUBE-AZRTOS-H7.3.4.0
2026-02-03 10:54:02,616 [WARN] PackLoader:240 - Cannot read IP mode file for STMicroelectronics.X-CUBE-DISPLAY.3.0.0
2026-02-03 10:54:02,624 [WARN] PackLoader:240 - Cannot read IP mode file for STMicroelectronics.X-CUBE-BLE1.7.0.0
2026-02-03 10:54:02,630 [WARN] PackLoader:240 - Cannot read IP mode file for STMicroelectronics.X-CUBE-NFC10.1.0.0
2026-02-03 10:54:02,638 [WARN] PackLoader:240 - Cannot read IP mode file for STMicroelectronics.X-CUBE-BLEMGR.4.0.0
2026-02-03 10:54:02,676 [WARN] PackLoader:240 - Cannot read IP mode file for STMicroelectronics.X-CUBE-ST60.1.1.0
2026-02-03 10:54:02,682 [WARN] PackLoader:240 - Cannot read IP mode file for emotas.I-CUBE-CANOPEN.1.3.0
2026-02-03 10:54:02,691 [WARN] PackLoader:240 - Cannot read IP mode file for STMicroelectronics.X-CUBE-GNSS1.7.1.0
2026-02-03 10:54:02,703 [WARN] PackLoader:240 - Cannot read IP mode file for STMicroelectronics.X-CUBE-BLEMGR.3.1.0
2026-02-03 10:54:02,711 [WARN] PackLoader:240 - Cannot read IP mode file for STMicroelectronics.X-CUBE-AI.10.0.0
2026-02-03 10:54:02,717 [WARN] PackLoader:240 - Cannot read IP mode file for STMicroelectronics.FP-SNS-STBOX1.2.1.0
2026-02-03 10:54:02,724 [WARN] PackLoader:240 - Cannot read IP mode file for STMicroelectronics.FP-SNS-SMARTAG2.1.2.0
2026-02-03 10:54:02,728 [WARN] PackLoader:240 - Cannot read IP mode file for STMicroelectronics.FP-SNS-FLIGHT1.5.1.0
2026-02-03 10:54:02,772 [WARN] PackLoader:240 - Cannot read IP mode file for STMicroelectronics.X-CUBE-MEMS1.11.1.0
2026-02-03 10:54:02,887 [INFO] LogOutputStream:77 - [STDOUT_REDIRECT] 1 : Invalid condition id : UX_CORESTACK_Condition cause : null
2026-02-03 10:54:02,889 [INFO] LogOutputStream:77 - [STDOUT_REDIRECT] 1 : Invalid condition id : UX_CORESTACK_Condition cause : null
2026-02-03 10:54:02,891 [INFO] LogOutputStream:77 - [STDOUT_REDIRECT] 1 : Invalid condition id : UX_CORESTACK_Condition cause : null
2026-02-03 10:54:02,893 [INFO] LogOutputStream:77 - [STDOUT_REDIRECT] 1 : Invalid condition id : UX_CORESTACK_Condition cause : null
2026-02-03 10:54:02,894 [INFO] LogOutputStream:77 - [STDOUT_REDIRECT] 1 : Invalid condition id : UX_CORESTACK_Condition cause : null
2026-02-03 10:54:02,897 [WARN] PackLoader:240 - Cannot read IP mode file for STMicroelectronics.X-CUBE-AZRTOS-WL.2.0.0
2026-02-03 10:54:02,903 [WARN] PackLoader:240 - Cannot read IP mode file for STMicroelectronics.FP-SNS-MOTENV1.5.0.0
2026-02-03 10:54:02,919 [WARN] PackLoader:240 - Cannot read IP mode file for STMicroelectronics.X-CUBE-AZRTOS-H7RS.1.2.0
2026-02-03 10:54:02,927 [WARN] PackLoader:240 - Cannot read IP mode file for wolfSSL.I-CUBE-wolfMQTT.1.19.0
2026-02-03 10:54:02,944 [WARN] PackLoader:240 - Cannot read IP mode file for WES.I-CUBE-Cesium.1.3.0
2026-02-03 10:54:02,949 [WARN] PackLoader:240 - Cannot read IP mode file for STMicroelectronics.X-CUBE-BLE2.3.3.0
2026-02-03 10:54:02,980 [WARN] PackLoader:240 - Cannot read IP mode file for STMicroelectronics.X-CUBE-NFC9.1.0.0
2026-02-03 10:54:02,985 [WARN] PackLoader:240 - Cannot read IP mode file for STMicroelectronics.X-CUBE-BLE1.7.1.0
2026-02-03 10:54:02,990 [WARN] PackLoader:240 - Cannot read IP mode file for STMicroelectronics.X-CUBE-TCPP.4.1.0
2026-02-03 10:54:02,996 [WARN] PackLoader:240 - Cannot read IP mode file for STMicroelectronics.X-CUBE-FREERTOS.1.4.0
2026-02-03 10:54:03,003 [WARN] PackLoader:240 - Cannot read IP mode file for STMicroelectronics.X-CUBE-EEPRMA1.5.2.0
2026-02-03 10:54:03,011 [WARN] PackLoader:240 - Cannot read IP mode file for STMicroelectronics.X-CUBE-ST67W61.1.1.0
2026-02-03 10:54:03,015 [WARN] PackLoader:240 - Cannot read IP mode file for STMicroelectronics.X-CUBE-AI.10.1.0
2026-02-03 10:54:03,050 [WARN] PackLoader:240 - Cannot read IP mode file for STMicroelectronics.X-CUBE-MEMS1.12.0.0
2026-02-03 10:54:03,142 [WARN] PackLoader:240 - Cannot read IP mode file for STMicroelectronics.X-CUBE-MEMS1.11.2.0
2026-02-03 10:54:03,237 [WARN] PackLoader:240 - Cannot read IP mode file for STMicroelectronics.X-CUBE-AZRTOS-G0.1.1.0
2026-02-03 10:54:03,243 [WARN] PackLoader:240 - Cannot read IP mode file for STMicroelectronics.X-CUBE-SAFEA1.1.2.2
2026-02-03 10:54:03,247 [WARN] PackLoader:240 - Cannot read IP mode file for STMicroelectronics.X-CUBE-NFC4.3.0.0
2026-02-03 10:54:03,255 [WARN] PackLoader:240 - Cannot read IP mode file for EmbeddedOffice.I-CUBE-FS-RTOS.1.0.1
2026-02-03 10:54:03,261 [WARN] PackLoader:240 - Cannot read IP mode file for STMicroelectronics.X-CUBE-WB05N.2.0.0
2026-02-03 10:54:03,267 [WARN] PackLoader:240 - Cannot read IP mode file for STMicroelectronics.X-CUBE-TCPP.4.2.0
2026-02-03 10:54:03,289 [WARN] PackLoader:240 - Cannot read IP mode file for RealThread.X-CUBE-RT-Thread_Nano.4.1.1
2026-02-03 10:54:03,295 [WARN] PackLoader:240 - Cannot read IP mode file for STMicroelectronics.FP-ATR-SIGFOX1.3.2.0
2026-02-03 10:54:03,301 [WARN] ConditionMgr:438 - getConditionDescription Invalid condition id : Cortex-A Device cause : null
2026-02-03 10:54:03,311 [WARN] ConditionMgr:1044 - genDependencies : Invalid condition id : Cortex-A Device cause : null
2026-02-03 10:54:03,311 [WARN] ConditionMgr:1044 - genDependencies : Invalid condition id : Cortex-A Device cause : null
2026-02-03 10:54:03,311 [WARN] ConditionMgr:1044 - genDependencies : Invalid condition id : Cortex-A Device cause : null
2026-02-03 10:54:03,316 [WARN] PackLoader:240 - Cannot read IP mode file for STMicroelectronics.X-CUBE-EEPRMA1.5.1.0
2026-02-03 10:54:03,321 [WARN] PackLoader:240 - Cannot read IP mode file for wolfSSL.I-CUBE-wolfSSL.5.7.4
2026-02-03 10:54:03,326 [WARN] PackLoader:240 - Cannot read IP mode file for ITTIA_DB.I-CUBE-ITTIADB.8.9.0
2026-02-03 10:54:03,331 [WARN] PackLoader:240 - Cannot read IP mode file for STMicroelectronics.X-CUBE-NFC6.3.2.0
2026-02-03 10:54:03,340 [WARN] PackLoader:240 - Cannot read IP mode file for STMicroelectronics.X-CUBE-ST67W61.1.0.0
2026-02-03 10:54:03,344 [WARN] PackLoader:240 - Cannot read IP mode file for STMicroelectronics.X-CUBE-AI.10.2.0
2026-02-03 10:54:03,365 [WARN] PackLoader:240 - Cannot read IP mode file for SEGGER.I-CUBE-embOS.1.3.1
2026-02-03 10:54:03,386 [WARN] PackLoader:240 - Cannot read IP mode file for STMicroelectronics.X-CUBE-ALGOBUILD.1.4.0
2026-02-03 10:54:03,417 [WARN] PackLoader:240 - Cannot read IP mode file for STMicroelectronics.X-CUBE-MEMS1.11.3.0
2026-02-03 10:54:03,484 [WARN] PackLoader:240 - Cannot read IP mode file for STMicroelectronics.X-CUBE-AI.9.1.0
2026-02-03 10:54:03,487 [WARN] PackLoader:240 - Cannot read IP mode file for STMicroelectronics.X-CUBE-PM33A1.1.0.0
2026-02-03 10:54:03,498 [WARN] PackLoader:240 - Cannot read IP mode file for STMicroelectronics.X-CUBE-AZRTOS-F4.1.1.0
2026-02-03 10:54:03,502 [WARN] PackLoader:240 - Cannot read IP mode file for Avnet-IotConnect.X-CUBE-IoTC-DA16k-PMOD.1.0.0
2026-02-03 10:54:03,506 [WARN] PackLoader:240 - Cannot read IP mode file for STMicroelectronics.X-CUBE-ISPU.2.1.0
2026-02-03 10:54:03,514 [WARN] PackLoader:240 - Cannot read IP mode file for STMicroelectronics.X-CUBE-IPS.3.2.0
2026-02-03 10:54:03,522 [WARN] PackLoader:240 - Cannot read IP mode file for STMicroelectronics.X-CUBE-FREERTOS.1.2.0
2026-02-03 10:54:03,528 [WARN] PackLoader:240 - Cannot read IP mode file for STMicroelectronics.X-CUBE-NFC12.1.0.0
2026-02-03 10:54:03,540 [WARN] PackLoader:240 - Cannot read IP mode file for STMicroelectronics.X-CUBE-AZRTOS-L5.2.0.0
2026-02-03 10:54:03,545 [WARN] PackLoader:240 - Cannot read IP mode file for STMicroelectronics.X-CUBE-NFC6.3.1.0
2026-02-03 10:54:03,551 [WARN] PackLoader:240 - Cannot read IP mode file for STMicroelectronics.X-CUBE-DPower.1.2.0
2026-02-03 10:54:03,555 [WARN] PackLoader:240 - Cannot read IP mode file for STMicroelectronics.X-CUBE-FREERTOS.1.3.1
2026-02-03 10:54:03,559 [WARN] PackLoader:240 - Cannot read IP mode file for STMicroelectronics.X-CUBE-FREERTOS.1.3.0
2026-02-03 10:54:03,563 [WARN] PackLoader:240 - Cannot read IP mode file for STMicroelectronics.X-CUBE-NFC7.1.0.1
2026-02-03 10:54:03,573 [WARN] PackLoader:240 - Cannot read IP mode file for STMicroelectronics.X-CUBE-TOUCHGFX.4.26.0
2026-02-03 10:54:03,578 [WARN] PackLoader:240 - Cannot read IP mode file for STMicroelectronics.FP-SNS-STAIOTCFT.1.0.0
2026-02-03 10:54:03,582 [WARN] PackLoader:240 - Cannot read IP mode file for STMicroelectronics.X-CUBE-DPower.1.3.0
2026-02-03 10:54:03,594 [WARN] ConditionMgr:438 - getConditionDescription Invalid condition id : LAN8742 Phy interface Condition cause : null
2026-02-03 10:54:03,594 [WARN] PackLoader:240 - Cannot read IP mode file for STMicroelectronics.X-CUBE-AZRTOS-L4.2.0.0
2026-02-03 10:54:03,595 [WARN] ConditionMgr:1044 - genDependencies : Invalid condition id : LAN8742 Phy interface Condition cause : null
2026-02-03 10:54:03,596 [WARN] ConditionMgr:1044 - genDependencies : Invalid condition id : LAN8742 Phy interface Condition cause : null
2026-02-03 10:54:03,596 [WARN] ConditionMgr:1044 - genDependencies : Invalid condition id : LAN8742 Phy interface Condition cause : null
2026-02-03 10:54:03,602 [WARN] PackLoader:240 - Cannot read IP mode file for STMicroelectronics.X-CUBE-SFXS2LP1.4.0.0
2026-02-03 10:54:03,608 [WARN] PackLoader:240 - Cannot read IP mode file for STMicroelectronics.X-CUBE-ST67W61.1.2.0
2026-02-03 10:54:03,620 [WARN] PackLoader:240 - Cannot read IP mode file for STMicroelectronics.X-CUBE-AZRTOS-H7.3.3.0
2026-02-03 10:54:03,633 [WARN] PackLoader:240 - Cannot read IP mode file for STMicroelectronics.X-CUBE-BLEMGR.4.1.0
2026-02-03 10:54:03,640 [WARN] PackLoader:240 - Cannot read IP mode file for STMicroelectronics.X-CUBE-IPS.3.0.0
2026-02-03 10:54:03,651 [WARN] ConditionMgr:438 - getConditionDescription Invalid condition id : UX DEVICE CLASS RTOS Condition cause : null
2026-02-03 10:54:03,651 [WARN] ConditionMgr:438 - getConditionDescription Invalid condition id : UX DEVICE CLASS RTOS Condition cause : null
2026-02-03 10:54:03,652 [WARN] PackLoader:240 - Cannot read IP mode file for STMicroelectronics.X-CUBE-AZRTOS-WB.2.0.0
2026-02-03 10:54:03,652 [WARN] ConditionMgr:1044 - genDependencies : Invalid condition id : UX DEVICE CLASS RTOS Condition cause : null
2026-02-03 10:54:03,652 [WARN] ConditionMgr:1044 - genDependencies : Invalid condition id : UX DEVICE CLASS RTOS Condition cause : null
2026-02-03 10:54:03,653 [WARN] ConditionMgr:1044 - genDependencies : Invalid condition id : UX DEVICE CLASS RTOS Condition cause : null
2026-02-03 10:54:03,653 [WARN] ConditionMgr:1044 - genDependencies : Invalid condition id : UX DEVICE CLASS RTOS Condition cause : null
2026-02-03 10:54:03,653 [WARN] ConditionMgr:1044 - genDependencies : Invalid condition id : UX DEVICE CLASS RTOS Condition cause : null
2026-02-03 10:54:03,657 [WARN] PackLoader:240 - Cannot read IP mode file for STMicroelectronics.X-CUBE-GNSS1.7.0.0
2026-02-03 10:54:03,660 [WARN] PackLoader:240 - Cannot read IP mode file for STMicroelectronics.X-CUBE-GNSS1.7.0.1
2026-02-03 10:54:03,663 [WARN] PackLoader:240 - Cannot read IP mode file for STMicroelectronics.X-CUBE-TOUCHGFX.4.25.0
2026-02-03 10:54:03,669 [WARN] PackLoader:240 - Cannot read IP mode file for STMicroelectronics.FP-SNS-STBOX1.2.0.0
2026-02-03 10:54:03,675 [WARN] PackLoader:240 - Cannot read IP mode file for STMicroelectronics.X-CUBE-STSE01.2.0.0
2026-02-03 10:54:03,685 [WARN] PackLoader:240 - Cannot read IP mode file for STMicroelectronics.X-CUBE-SUBG2.5.0.0
2026-02-03 10:54:03,699 [WARN] PackLoader:240 - Cannot read IP mode file for STMicroelectronics.X-CUBE-AZRTOS-H7RS.1.1.0
2026-02-03 10:54:03,704 [WARN] PackLoader:240 - Cannot read IP mode file for Cesanta.I-CUBE-Mongoose.7.13.0
2026-02-03 10:54:03,712 [WARN] PackLoader:240 - Cannot read IP mode file for STMicroelectronics.X-CUBE-AZRTOS-G4.2.0.0
2026-02-03 10:54:03,716 [WARN] PackLoader:240 - Cannot read IP mode file for STMicroelectronics.X-CUBE-NFC7.2.0.0
2026-02-03 10:54:03,724 [WARN] PackLoader:240 - Cannot read IP mode file for STMicroelectronics.X-CUBE-IPS.3.1.0
2026-02-03 10:54:03,730 [WARN] PackLoader:240 - Cannot read IP mode file for STMicroelectronics.X-CUBE-ALS.1.0.2
2026-02-03 10:54:03,734 [WARN] PackLoader:240 - Cannot read IP mode file for STMicroelectronics.X-CUBE-TOUCHGFX.4.24.2
2026-02-03 10:54:03,737 [WARN] PackLoader:240 - Cannot read IP mode file for STMicroelectronics.X-CUBE-TOUCHGFX.4.24.1
2026-02-03 10:54:03,742 [WARN] PackLoader:240 - Cannot read IP mode file for STMicroelectronics.X-CUBE-STSE01.1.0.0
2026-02-03 10:54:03,746 [WARN] PackLoader:240 - Cannot read IP mode file for wolfSSL.I-CUBE-wolfTPM.3.4.0
2026-02-03 10:54:03,751 [WARN] PackLoader:240 - Cannot read IP mode file for portGmbH.I-Cube-SoM-uGOAL.1.1.0
2026-02-03 10:54:03,760 [WARN] PackLoader:240 - Cannot read IP mode file for STMicroelectronics.X-CUBE-AZRTOS-H7RS.1.0.0
2026-02-03 10:54:03,765 [WARN] PackLoader:240 - Cannot read IP mode file for STMicroelectronics.FP-ATR-ASTRA1.2.0.0
2026-02-03 10:54:03,771 [WARN] PackLoader:240 - Cannot read IP mode file for STMicroelectronics.X-CUBE-TOF1.3.4.2
2026-02-03 10:54:03,782 [WARN] PackLoader:240 - Cannot read IP mode file for STMicroelectronics.X-CUBE-TOF1.3.4.3
2026-02-03 10:54:03,800 [WARN] PackLoader:240 - Cannot read IP mode file for Infineon.AIROC-Wi-Fi-Bluetooth-STM32.1.6.1
2026-02-03 10:54:03,805 [WARN] PackLoader:240 - Cannot read IP mode file for wolfSSL.I-CUBE-wolfSSH.1.4.17
2026-02-03 10:54:03,806 [INFO] ThirdParty:978 - Integrity check success = true
2026-02-03 10:54:03,806 [INFO] IntegrityCheckThread:100 - exiting critical section [integrity check]
2026-02-03 10:54:03,806 [INFO] IntegrityCheckThread:103 - End integrity checks thread
2026-02-03 11:19:23,339 [INFO] WebApp:194 - Connection lost
2026-02-03 11:19:23,603 [INFO] WebApp:191 - Connection restablished
2026-02-03 11:49:40,937 [INFO] WebApp:194 - Connection lost
2026-02-03 11:49:41,201 [INFO] WebApp:191 - Connection restablished
2026-02-03 11:57:09,824 [INFO] WebApp:194 - Connection lost
2026-02-03 11:57:10,306 [INFO] WebApp:191 - Connection restablished
2026-02-03 12:00:11,357 [INFO] WebApp:194 - Connection lost
2026-02-03 12:00:11,615 [INFO] WebApp:191 - Connection restablished
2026-02-03 12:20:35,987 [INFO] WebApp:194 - Connection lost
2026-02-03 12:20:36,254 [INFO] WebApp:191 - Connection restablished
2026-02-03 12:24:37,875 [INFO] WebApp:194 - Connection lost
2026-02-03 12:24:38,132 [INFO] WebApp:191 - Connection restablished
2026-02-03 12:27:41,353 [INFO] WebApp:194 - Connection lost
2026-02-03 12:27:41,604 [INFO] WebApp:191 - Connection restablished
2026-02-03 12:27:53,825 [INFO] WebApp:194 - Connection lost
2026-02-03 12:27:54,129 [INFO] WebApp:191 - Connection restablished
2026-02-03 12:27:56,949 [INFO] WebApp:194 - Connection lost
2026-02-03 12:27:57,210 [INFO] WebApp:191 - Connection restablished
2026-02-03 12:28:45,376 [INFO] WebApp:194 - Connection lost
2026-02-03 12:28:45,637 [INFO] WebApp:191 - Connection restablished
2026-02-03 12:31:07,701 [INFO] WebApp:194 - Connection lost
2026-02-03 12:31:07,957 [INFO] WebApp:191 - Connection restablished
2026-02-03 12:31:10,850 [INFO] WebApp:194 - Connection lost
2026-02-03 12:31:11,322 [INFO] WebApp:191 - Connection restablished
2026-02-03 13:01:56,915 [INFO] WebApp:194 - Connection lost
2026-02-03 13:01:57,151 [INFO] WebApp:191 - Connection restablished
2026-02-03 13:32:27,868 [INFO] WebApp:194 - Connection lost
2026-02-03 13:32:28,091 [INFO] WebApp:191 - Connection restablished
2026-02-03 14:03:16,914 [INFO] WebApp:194 - Connection lost
2026-02-03 14:03:17,160 [INFO] WebApp:191 - Connection restablished
2026-02-03 14:33:48,384 [INFO] WebApp:194 - Connection lost
2026-02-03 14:33:48,624 [INFO] WebApp:191 - Connection restablished
2026-02-03 15:04:32,507 [INFO] WebApp:194 - Connection lost
2026-02-03 15:04:32,766 [INFO] WebApp:191 - Connection restablished
2026-02-03 15:26:50,730 [INFO] McuFinderGlobals:63 - Set McuFinder mode to 2 (CubeIDE integrated)
2026-02-03 15:26:50,786 [INFO] MainUpdater:2872 - connection check result : 10
2026-02-03 15:26:50,800 [INFO] MainUpdater:2872 - connection check result : 10
2026-02-03 15:26:51,116 [INFO] MicroXplorer:468 - Change Database Path : 
2026-02-03 15:26:51,117 [INFO] MicroXplorer:498 - Change Database Version : DB.6.0.150
2026-02-03 15:26:51,126 [WARN] ThirdParty:871 - waiting for thirdparty lock release [close project]
2026-02-03 15:26:51,126 [INFO] ThirdParty:873 - entering critical section [close project]
2026-02-03 15:26:51,129 [INFO] ThirdParty:883 - exiting critical section [close project]
2026-02-03 15:26:51,136 [INFO] PinOutPanel:1589 - setPackage(No Configuration,No Configuration)
2026-02-03 15:26:51,151 [INFO] UtilMem:75 - Begin LoadConfig() Used Memory: 822640480 Bytes (1073741824)
2026-02-03 15:26:51,206 [INFO] MicroXplorer:468 - Change Database Path : C:/Users/Chinnapop/.stm32cubemx/databases/DB.6.0.141/db/
2026-02-03 15:26:51,206 [INFO] MicroXplorer:498 - Change Database Version : DB.6.0.141
2026-02-03 15:26:53,477 [INFO] OpenFileManager:355 - Change cursor
2026-02-03 15:26:53,610 [INFO] Mcu:2029 - Initializing MCU STM32F767ZITx STM32F767ZITx STM32F767ZIT6
2026-02-03 15:26:57,964 [INFO] Context:786 - Trying to add GPIOservice into a context  which must be forbidden
2026-02-03 15:26:59,076 [INFO] ImportTextPane:234 - (OptionalMessage_ERROR) Pin22 (VP_RIF_VS_RIF1) cannot be retrieved for this MCU
2026-02-03 15:26:59,580 [INFO] RtosManager:558 - Registered RTOS mode: class=CMSIS, group=RTOS, mode=CMSIS_V1, owner=FREERTOS
2026-02-03 15:26:59,580 [INFO] RtosManager:558 - Registered RTOS mode: class=CMSIS, group=RTOS2, mode=CMSIS_V2, owner=FREERTOS
2026-02-03 15:26:59,580 [INFO] RtosManager:558 - Registered RTOS mode: class=RTOS, group=Core, mode=CMSIS_V1, owner=FREERTOS
2026-02-03 15:26:59,581 [INFO] RtosManager:558 - Registered RTOS mode: class=RTOS, group=Core, mode=CMSIS_V2, owner=FREERTOS
2026-02-03 15:26:59,581 [WARN] ModelIntegratedComponent:184 - Missing modes for component STMicroelectronics:FreeRTOS:0.0.1:STMicroelectronics:RTOS:FreeRTOS:Core:::10.2.0:
2026-02-03 15:26:59,595 [WARN] ModelIntegratedComponent:63 - No mode defined for component null
2026-02-03 15:26:59,596 [WARN] ModelIntegratedComponent:63 - No mode defined for component null
2026-02-03 15:26:59,596 [WARN] ModelIntegratedComponent:63 - No mode defined for component null
2026-02-03 15:26:59,596 [WARN] ModelIntegratedComponent:63 - No mode defined for component null
2026-02-03 15:26:59,596 [WARN] ModelIntegratedComponent:63 - No mode defined for component null
2026-02-03 15:26:59,596 [WARN] ModelIntegratedComponent:63 - No mode defined for component null
2026-02-03 15:26:59,596 [WARN] ModelIntegratedComponent:63 - No mode defined for component null
2026-02-03 15:26:59,596 [WARN] ModelIntegratedComponent:63 - No mode defined for component null
2026-02-03 15:26:59,596 [WARN] ModelIntegratedComponent:63 - No mode defined for component null
2026-02-03 15:26:59,597 [WARN] ModelIntegratedComponent:63 - No mode defined for component null
2026-02-03 15:26:59,597 [WARN] ModelIntegratedComponent:63 - No mode defined for component null
2026-02-03 15:26:59,597 [WARN] ModelIntegratedComponent:63 - No mode defined for component null
2026-02-03 15:26:59,597 [WARN] ModelIntegratedComponent:63 - No mode defined for component null
2026-02-03 15:26:59,597 [WARN] ModelIntegratedComponent:63 - No mode defined for component null
2026-02-03 15:26:59,597 [WARN] ModelIntegratedComponent:63 - No mode defined for component null
2026-02-03 15:26:59,597 [WARN] ModelIntegratedComponent:63 - No mode defined for component null
2026-02-03 15:26:59,597 [WARN] ModelIntegratedComponent:63 - No mode defined for component null
2026-02-03 15:26:59,597 [WARN] ModelIntegratedComponent:63 - No mode defined for component null
2026-02-03 15:26:59,597 [WARN] ModelIntegratedComponent:63 - No mode defined for component null
2026-02-03 15:26:59,597 [WARN] ModelIntegratedComponent:63 - No mode defined for component null
2026-02-03 15:26:59,597 [WARN] ModelIntegratedComponent:63 - No mode defined for component null
2026-02-03 15:26:59,598 [WARN] ModelIntegratedComponent:63 - No mode defined for component null
2026-02-03 15:26:59,598 [WARN] ModelIntegratedComponent:63 - No mode defined for component null
2026-02-03 15:26:59,598 [WARN] ModelIntegratedComponent:63 - No mode defined for component null
2026-02-03 15:26:59,598 [WARN] ModelIntegratedComponent:63 - No mode defined for component null
2026-02-03 15:26:59,598 [WARN] ModelIntegratedComponent:63 - No mode defined for component null
2026-02-03 15:26:59,598 [WARN] ModelIntegratedComponent:63 - No mode defined for component null
2026-02-03 15:26:59,598 [WARN] ModelIntegratedComponent:63 - No mode defined for component null
2026-02-03 15:26:59,598 [WARN] ModelIntegratedComponent:63 - No mode defined for component null
2026-02-03 15:26:59,598 [WARN] ModelIntegratedComponent:63 - No mode defined for component null
2026-02-03 15:26:59,598 [WARN] ModelIntegratedComponent:63 - No mode defined for component null
2026-02-03 15:26:59,598 [WARN] ModelIntegratedComponent:63 - No mode defined for component null
2026-02-03 15:26:59,598 [WARN] ModelIntegratedComponent:63 - No mode defined for component null
2026-02-03 15:26:59,598 [WARN] ModelIntegratedComponent:63 - No mode defined for component null
2026-02-03 15:26:59,599 [WARN] ModelIntegratedComponent:63 - No mode defined for component null
2026-02-03 15:26:59,599 [WARN] ModelPack:524 - Component already loaded: STMicroelectronics:HAL Drivers:0.0.0:STMicroelectronics:Device:STMicro_Driver:XSPI:HAL::0.0.1:HAL_XSPI
2026-02-03 15:26:59,999 [INFO] ThirdPartyModel:298 - Start build external matchings
2026-02-03 15:27:02,752 [INFO] ThirdPartyModel:316 - End build external matchings
2026-02-03 15:27:02,850 [INFO] RtosManager:1018 - Current active RTOS is FREERTOS [Cortex-M7NS]
2026-02-03 15:27:02,862 [INFO] ImportTextPane:234 - (OptionalMessage_ERROR) IP (DMA) : Parameter (Instance) has Id (USART2_RX) currently not set
2026-02-03 15:27:02,862 [INFO] ImportTextPane:234 - (OptionalMessage_ERROR) IP (DMA) : Parameter (Channel) has Id (USART2_RX) currently not set
2026-02-03 15:27:02,863 [INFO] ImportTextPane:234 - (OptionalMessage_ERROR) IP (DMA) : Parameter (Direction) has Id (USART2_RX) currently not set
2026-02-03 15:27:02,863 [INFO] ImportTextPane:234 - (OptionalMessage_ERROR) IP (DMA) : Parameter (PeriphInc) has Id (USART2_RX) currently not set
2026-02-03 15:27:02,863 [INFO] ImportTextPane:234 - (OptionalMessage_ERROR) IP (DMA) : Parameter (MemInc) has Id (USART2_RX) currently not set
2026-02-03 15:27:02,863 [INFO] ImportTextPane:234 - (OptionalMessage_ERROR) IP (DMA) : Parameter (PeriphDataAlignment) has Id (USART2_RX) currently not set
2026-02-03 15:27:02,863 [INFO] ImportTextPane:234 - (OptionalMessage_ERROR) IP (DMA) : Parameter (MemDataAlignment) has Id (USART2_RX) currently not set
2026-02-03 15:27:02,863 [INFO] ImportTextPane:234 - (OptionalMessage_ERROR) IP (DMA) : Parameter (Mode) has Id (USART2_RX) currently not set
2026-02-03 15:27:02,863 [INFO] ImportTextPane:234 - (OptionalMessage_ERROR) IP (DMA) : Parameter (Priority) has Id (USART2_RX) currently not set
2026-02-03 15:27:02,863 [INFO] ImportTextPane:234 - (OptionalMessage_ERROR) IP (DMA) : Parameter (FIFOMode) has Id (USART2_RX) currently not set
2026-02-03 15:27:02,864 [WARN] IP:2250 - Warning not found: check if there is a RefParameter without a condition.
2026-02-03 15:27:02,864 [WARN] IP:2250 - RxBufferAddress not found: check if there is a RefParameter without a condition.
2026-02-03 15:27:02,864 [WARN] IP:2250 - DESC_SIZE_UNIT not found: check if there is a RefParameter without a condition.
2026-02-03 15:27:02,880 [WARN] IP:2250 - LWIP_NETIF_HOSTNAME_NAME not found: check if there is a RefParameter without a condition.
2026-02-03 15:27:02,927 [INFO] ImportTextPane:234 - (OptionalMessage_ERROR) IP (RCC) : Invalid parameter (48MHZClocksFreq_Value)
2026-02-03 15:27:02,927 [INFO] ImportTextPane:234 - (OptionalMessage_ERROR) IP (RCC) : Invalid parameter (ADC12outputFreq_Value)
2026-02-03 15:27:02,927 [INFO] ImportTextPane:234 - (OptionalMessage_ERROR) IP (RCC) : Invalid parameter (ADC34outputFreq_Value)
2026-02-03 15:27:02,928 [INFO] ImportTextPane:234 - (OptionalMessage_ERROR) IP (RCC) : Invalid parameter (FamilyName)
2026-02-03 15:27:02,929 [INFO] ImportTextPane:234 - (OptionalMessage_ERROR) IP (RCC) : Invalid parameter (I2SClocksFreq_Value)
2026-02-03 15:27:02,929 [INFO] ImportTextPane:234 - (OptionalMessage_ERROR) IP (RCC) : Invalid parameter (LCDTFToutputFreq_Value)
2026-02-03 15:27:02,929 [INFO] ImportTextPane:234 - (OptionalMessage_ERROR) IP (RCC) : Invalid parameter (MCOFreq_Value)
2026-02-03 15:27:02,931 [INFO] ImportTextPane:234 - (OptionalMessage_ERROR) IP (RCC) : Invalid parameter (PLLMCOFreq_Value)
2026-02-03 15:27:02,931 [INFO] ImportTextPane:234 - (OptionalMessage_ERROR) IP (RCC) : Invalid parameter (PLLMUL)
2026-02-03 15:27:02,933 [INFO] ImportTextPane:234 - (OptionalMessage_ERROR) IP (RCC) : Invalid parameter (PRESCALERUSB)
2026-02-03 15:27:02,933 [INFO] ImportTextPane:234 - (OptionalMessage_ERROR) IP (RCC) : Parameter (RNGFreq_Value) has invalid value (216000000)
2026-02-03 15:27:02,933 [INFO] ImportTextPane:234 - (OptionalMessage_ERROR) IP (RCC) : Invalid parameter (RTCHSEDivFreq_Value)
2026-02-03 15:27:02,934 [INFO] ImportTextPane:234 - (OptionalMessage_ERROR) IP (RCC) : Parameter (SDMMC2Freq_Value) has invalid value (216000000)
2026-02-03 15:27:02,934 [INFO] ImportTextPane:234 - (OptionalMessage_ERROR) IP (RCC) : Parameter (SDMMCFreq_Value) has invalid value (216000000)
2026-02-03 15:27:02,934 [INFO] ImportTextPane:234 - (OptionalMessage_ERROR) IP (RCC) : Invalid parameter (SYSCLKSourceVirtual)
2026-02-03 15:27:02,934 [INFO] ImportTextPane:234 - (OptionalMessage_ERROR) IP (RCC) : Invalid parameter (TIM15Freq_Value)
2026-02-03 15:27:02,935 [INFO] ImportTextPane:234 - (OptionalMessage_ERROR) IP (RCC) : Invalid parameter (TIM16Freq_Value)
2026-02-03 15:27:02,935 [INFO] ImportTextPane:234 - (OptionalMessage_ERROR) IP (RCC) : Invalid parameter (TIM17Freq_Value)
2026-02-03 15:27:02,935 [INFO] ImportTextPane:234 - (OptionalMessage_ERROR) IP (RCC) : Invalid parameter (TIM1Freq_Value)
2026-02-03 15:27:02,935 [INFO] ImportTextPane:234 - (OptionalMessage_ERROR) IP (RCC) : Invalid parameter (TIM20Freq_Value)
2026-02-03 15:27:02,935 [INFO] ImportTextPane:234 - (OptionalMessage_ERROR) IP (RCC) : Invalid parameter (TIM2Freq_Value)
2026-02-03 15:27:02,935 [INFO] ImportTextPane:234 - (OptionalMessage_ERROR) IP (RCC) : Invalid parameter (TIM3Freq_Value)
2026-02-03 15:27:02,935 [INFO] ImportTextPane:234 - (OptionalMessage_ERROR) IP (RCC) : Invalid parameter (TIM8Freq_Value)
2026-02-03 15:27:02,936 [INFO] ImportTextPane:234 - (OptionalMessage_ERROR) IP (RCC) : Parameter (USBFreq_Value) has invalid value (216000000)
2026-02-03 15:27:02,937 [INFO] ImportTextPane:234 - (OptionalMessage_ERROR) IP (RCC) : Invalid parameter (VCOOutput2Freq_Value)
2026-02-03 15:27:02,938 [INFO] ImportTextPane:234 - (OptionalMessage_ERROR) IP (RCC) : Invalid parameter (VcooutputI2S)
2026-02-03 15:27:04,311 [INFO] ApiDb:581 - Connected to CubeFinder SQLite database (C:\Users\Chinnapop\.stmcufinder\plugins\mcufinder\mcu\cube-finder-db.db)
2026-02-03 15:27:04,475 [INFO] ApiDb:668 - CubeFinder database Data Model version=2.1
2026-02-03 15:27:04,475 [INFO] ApiDb:669 - CubeFinder database Configuration version=3.0.39
2026-02-03 15:27:04,477 [INFO] ApiDb:670 - CubeFinder database generation date=2025-12-22 (1766407740)
2026-02-03 15:27:04,477 [INFO] ApiDb:671 - CubeFinder database FW Pack versions=[FP-ATR-ASTRA1_V2.0.0, FP-SNS-FLIGHT1_V5.1.0, FP-SNS-MOTENV1_V5.1.0, FP-SNS-MOTENVWB1_V1.4.0, FP-SNS-SMARTAG2_V1.2.0, FP-SNS-STBOX1_V2.1.0, STM32Cube_FW_C0_V1.4.0, STM32Cube_FW_F4_V1.28.3, STM32Cube_FW_F7_V1.17.4, STM32Cube_FW_G0_V1.6.2, STM32Cube_FW_G4_V1.6.1, STM32Cube_FW_H5_V1.5.1, STM32Cube_FW_H7RS_V1.3.0, STM32Cube_FW_H7_V1.12.1, STM32Cube_FW_L0_V1.12.2, STM32Cube_FW_L4_V1.18.1, STM32Cube_FW_L5_V1.6.0, STM32Cube_FW_N6_V1.3.0, STM32Cube_FW_U0_V1.3.0, STM32Cube_FW_U3_V1.2.1, STM32Cube_FW_U5_V1.8.0, STM32Cube_FW_WB0_V1.4.0, STM32Cube_FW_WBA_V1.8.0, STM32Cube_FW_WB_V1.24.0, STM32Cube_FW_WL3_V1.3.0, STM32Cube_FW_WL_V1.4.0, X-CUBE-ALGOBUILD_V1.4.0, X-CUBE-ALS_V1.0.2, X-CUBE-AZRTOS-F4_V1.1.0, X-CUBE-AZRTOS-F7_V1.1.0, X-CUBE-AZRTOS-G0_V1.1.0, X-CUBE-AZRTOS-G4_V2.0.0, X-CUBE-AZRTOS-H7RS_V1.1.0, X-CUBE-AZRTOS-H7_V3.4.0, X-CUBE-AZRTOS-L4_V2.0.0, X-CUBE-AZRTOS-L5_V2.0.0, X-CUBE-AZRTOS-WB_V2.0.0, X-CUBE-AZRTOS-WL_V2.0.0, X-CUBE-BLE1_V7.1.0, X-CUBE-BLE2_V3.3.0, X-CUBE-BLEMGR_V4.1.0, X-CUBE-EEPRMA1_V5.2.0, X-CUBE-FREERTOS_V1.3.1, X-CUBE-GNSS1_V6.0.0, X-CUBE-MEMS1_V12.0.0, X-CUBE-NFC4_V3.0.0, X-CUBE-NFC7_V2.0.0, X-CUBE-SFXS2LP1_V4.0.0, X-CUBE-ST67W61_V1.1.0, X-CUBE-SUBG2_V5.0.0, X-CUBE-TOF1_V3.4.3]
2026-02-03 15:27:04,715 [INFO] DbBoardsSqlite:226 - include board P-NUCLEO-WB55-NUCLEO as a kit item of type 'Nucleo-64'
2026-02-03 15:27:04,716 [INFO] DbBoardsSqlite:226 - include board P-NUCLEO-WB55-USBDONGLE as a kit item of type 'Nucleo USB Dongle'
2026-02-03 15:27:04,720 [INFO] DbBoardsSqlite:226 - include board STEVAL-IDP005V1 as a kit item of type 'Evaluation Board'
2026-02-03 15:27:04,721 [INFO] DbBoardsSqlite:226 - include board STEVAL-IDP005V2 as a kit item of type 'Evaluation Board'
2026-02-03 15:27:05,466 [INFO] ApiDb:240 - Found 880 in-development CPN: [B-G473E-ZEST1S, B-WB1M-WPAN1, B-WBA5M-WPAN, B-WL5M-SUBG1, NUCLEO-C031C6, NUCLEO-C051C8, NUCLEO-C071RB, NUCLEO-C092RC, NUCLEO-H503RB, NUCLEO-H533RE, NUCLEO-H563ZI, NUCLEO-H7S3L8, NUCLEO-N657X0-Q, NUCLEO-U031R8, NUCLEO-U083RC, NUCLEO-U385RG-Q, NUCLEO-U545RE-Q, NUCLEO-U5A5ZJ-Q, NUCLEO-WB05KZ, NUCLEO-WB07CC, NUCLEO-WB09KE, NUCLEO-WBA52CG, NUCLEO-WBA55CG, NUCLEO-WL33CC1, NUCLEO-WL33CC2, STEVAL-PROTEUS1, STEVAL-SMARTAG2, STEVAL-STWINBX1, STM320518-EVAL, STM32C0116-DK, STM32C011D6Y3TR, STM32C011D6Y6TR, STM32C011F4P3, STM32C011F4P6, STM32C011F4U3, STM32C011F4U6TR, STM32C011F6P3, STM32C011F6P6, STM32C011F6U3, STM32C011F6U6TR, STM32C011J4M3, STM32C011J4M6, STM32C011J6M3, STM32C011J6M6, STM32C0316-DK, STM32C031C4T3, STM32C031C4T6, STM32C031C4U3, STM32C031C4U6, STM32C031C6T3, STM32C031C6T6, STM32C031C6U3, STM32C031C6U6, STM32C031F4P3, STM32C031F4P6, STM32C031F6P3, STM32C031F6P6, STM32C031G4U3, STM32C031G4U6, STM32C031G6U3, STM32C031G6U6, STM32C031K4T3, STM32C031K4T6, STM32C031K4U3, STM32C031K4U6, STM32C031K6T3, STM32C031K6T6, STM32C031K6U3, STM32C031K6U6, STM32C051C6T6, STM32C051C6U6, STM32C051C8T6, STM32C051C8U6, STM32C051D8Y6TR, STM32C051F6P6, STM32C051F8P6, STM32C051G6U6, STM32C051G8U6, STM32C051K6T6, STM32C051K6U6, STM32C051K8T6, STM32C071C8T6, STM32C071C8T6N, STM32C071C8U6, STM32C071C8U6N, STM32C071CBT6, STM32C071CBT6N, STM32C071CBU6, STM32C071CBU6N, STM32C071F8P6, STM32C071F8P6N, STM32C071FBP6, STM32C071FBP6N, STM32C071FBY6TR, STM32C071G8U6, STM32C071G8U6N, STM32C071GBU6, STM32C071GBU6N, STM32C071K8T6, STM32C071K8T6N, STM32C071K8U6, STM32C071K8U6N, STM32C071KBT6, STM32C071KBT6N, STM32C071KBU6, STM32C071KBU6N, STM32C071R8T6, STM32C071R8T6N, STM32C071RBI6N, STM32C071RBT6, STM32C071RBT6N, STM32C091CBT6, STM32C091CBU6, STM32C091CCT6, STM32C091CCU6, STM32C091ECY6TR, STM32C091FBP6, STM32C091FCP6, STM32C091GBU6, STM32C091GCU6, STM32C091KBT6, STM32C091KBU6, STM32C091KCT6, STM32C091KCU6, STM32C091RBT6, STM32C091RCI6, STM32C091RCT6, STM32C092CBT6, STM32C092CBU6, STM32C092CCT6, STM32C092CCU6, STM32C092ECY6TR, STM32C092FBP6, STM32C092FCP6, STM32C092GBU6, STM32C092GCU6, STM32C092KBT6, STM32C092KBU6, STM32C092KCT6, STM32C092KCU6, STM32C092RBT6, STM32C092RCI6, STM32C092RCT6, STM32G071K8TXN, STM32G071K8UXN, STM32G081GBU6N, STM32G081KBT6N, STM32G081KBUXN, STM32G0B1CCT6N, STM32G0B1KCT6, STM32G0B1NEY6TR, STM32G0B1RCT6N, STM32G0C1CCT6, STM32G0C1CCT6N, STM32G0C1CCU6N, STM32G0C1CET6N, STM32G0C1CEU6N, STM32G0C1KCT6, STM32G0C1NEY6TR, STM32G0C1RCI6N, STM32G0C1RCT6N, STM32G0C1REI6N, STM32G0C1RET6N, STM32G0C1VCI6, STM32G0C1VEI6, STM32G411C6T3, STM32G411C6T6, STM32G411C6U3, STM32G411C6U6, STM32G411C8T3, STM32G411C8T6, STM32G411C8U3, STM32G411C8U6, STM32G411CBT3, STM32G411CBT6, STM32G411CBU3, STM32G411CBU6, STM32G411K6T3, STM32G411K6T6, STM32G411K6U3, STM32G411K6U6, STM32G411K8T3, STM32G411K8T6, STM32G411K8U3, STM32G411K8U6, STM32G411KBT3, STM32G411KBT6, STM32G411KBU3, STM32G411KBU6, STM32G411M6T3, STM32G411M6T6, STM32G411M8T3, STM32G411M8T6, STM32G411MBT3, STM32G411MBT6, STM32G411R6T3, STM32G411R6T6, STM32G411R8T3, STM32G411R8T6, STM32G411RBT3, STM32G411RBT6, STM32G414CBT3, STM32G414CBT6, STM32G414CBU3, STM32G414CBU6, STM32G414CCT3, STM32G414CCT6, STM32G414CCU3, STM32G414CCU6, STM32G414MBT3, STM32G414MBT6, STM32G414MCT3, STM32G414MCT6, STM32G414RBT3, STM32G414RBT6, STM32G414RCT3, STM32G414RCT6, STM32G414VBT3, STM32G414VBT6, STM32G414VCT3, STM32G414VCT6, STM32G431CBT3Z, STM32G431RBT3Z, STM32G471CCT6, STM32G471CCU6, STM32G471CET3, STM32G471CET6, STM32G471CEU3, STM32G471CEU6, STM32G471MCT6, STM32G471MET3, STM32G471MET6, STM32G471MEY6TR, STM32G471QCT6, STM32G471QET3, STM32G471RCT6, STM32G471RET3, STM32G471RET6, STM32G471VCH6, STM32G471VCI6, STM32G471VCT6, STM32G471VEH3, STM32G471VEH6, STM32G471VEI3, STM32G471VEI6, STM32G471VET3, STM32G471VET6, STM32G473QET3Z, STM32G473RET3Z, STM32G474CCT6, STM32G491RET3Z, STM32H503CBT6, STM32H503CBU6, STM32H503EBY6TR, STM32H503KBU6, STM32H503RBT6, STM32H523CCT6, STM32H523CCU6, STM32H523CET6, STM32H523CEU6, STM32H523HEY6TR, STM32H523RCT6, STM32H523RET6, STM32H523VCI6, STM32H523VCT6, STM32H523VEI6, STM32H523VET6, STM32H523ZCJ6, STM32H523ZCT6, STM32H523ZEJ6, STM32H523ZET6, STM32H533CET6, STM32H533CEU6, STM32H533HEY6TR, STM32H533RET6, STM32H533VEI6, STM32H533VET6, STM32H533ZEJ6, STM32H533ZET6, STM32H562AGI6, STM32H562AII6, STM32H562IGK6, STM32H562IGT6, STM32H562IIK6, STM32H562IIT6, STM32H562RGT6, STM32H562RGV6, STM32H562RIT6, STM32H562RIV6, STM32H562VGT6, STM32H562VIT6, STM32H562ZGT6, STM32H562ZIT6, STM32H563AGI6, STM32H563AII3Q, STM32H563AII6, STM32H563IGK6, STM32H563IGT6, STM32H563IIK3Q, STM32H563IIK6, STM32H563IIT3Q, STM32H563IIT6, STM32H563MIY3QTR, STM32H563RGT6, STM32H563RGV6, STM32H563RIT6, STM32H563RIV6, STM32H563VGT6, STM32H563VIT3Q, STM32H563VIT6, STM32H563ZGT6, STM32H563ZIT3Q, STM32H563ZIT6, STM32H573AII3Q, STM32H573AII6, STM32H573I-DK, STM32H573IIK3Q, STM32H573IIK6, STM32H573IIT3Q, STM32H573IIT6, STM32H573MIY3QTR, STM32H573RIT6, STM32H573RIV6, STM32H573VIT3Q, STM32H573VIT6, STM32H573ZIT3Q, STM32H573ZIT6, STM32H7R3A8I6, STM32H7R3I8K6, STM32H7R3I8T6, STM32H7R3L8H6, STM32H7R3L8H6H, STM32H7R3R8V6, STM32H7R3V8H6, STM32H7R3V8T6, STM32H7R3V8Y6TR, STM32H7R3Z8J6, STM32H7R3Z8T6, STM32H7R7A8I6, STM32H7R7I8K6, STM32H7R7I8T6, STM32H7R7L8H6, STM32H7R7L8H6H, STM32H7R7Z8J6, STM32H7S3A8I6, STM32H7S3I8K6, STM32H7S3I8T6, STM32H7S3L8H6, STM32H7S3L8H6H, STM32H7S3R8V6, STM32H7S3V8H6, STM32H7S3V8T6, STM32H7S3V8Y6TR, STM32H7S3Z8J6, STM32H7S3Z8T6, STM32H7S78-DK, STM32H7S7A8I6, STM32H7S7I8K6, STM32H7S7I8T6, STM32H7S7L8H6, STM32H7S7L8H6H, STM32H7S7Z8J6, STM32L4R5QGI6STR, STM32MP131AAE3, STM32MP131AAF3, STM32MP131AAG3, STM32MP131CAE3, STM32MP131CAF3, STM32MP131CAG3, STM32MP131DAE7, STM32MP131DAF7, STM32MP131DAG7, STM32MP131FAE7, STM32MP131FAF7, STM32MP131FAG7, STM32MP133AAE3, STM32MP133AAF3, STM32MP133AAG3, STM32MP133CAE3, STM32MP133CAF3, STM32MP133CAG3, STM32MP133DAE7, STM32MP133DAF7, STM32MP133DAG7, STM32MP133FAE7, STM32MP133FAF7, STM32MP133FAG7, STM32MP135AAE3, STM32MP135AAF3, STM32MP135AAG3, STM32MP135CAE3, STM32MP135CAF3, STM32MP135CAG3, STM32MP135DAE7, STM32MP135DAF7, STM32MP135DAG7, STM32MP135F-DK, STM32MP135FAE7, STM32MP135FAF7, STM32MP135FAF7T, STM32MP135FAF7U, STM32MP135FAG7, STM32MP211AAL3, STM32MP211AAM3, STM32MP211AAN3, STM32MP211AAO3, STM32MP211CAL3, STM32MP211CAM3, STM32MP211CAN3, STM32MP211CAO3, STM32MP211DAL3, STM32MP211DAM3, STM32MP211DAN3, STM32MP211DAO3, STM32MP211FAL3, STM32MP211FAM3, STM32MP211FAN3, STM32MP211FAO3, STM32MP213AAL3, STM32MP213AAM3, STM32MP213AAN3, STM32MP213AAO3, STM32MP213CAL3, STM32MP213CAM3, STM32MP213CAN3, STM32MP213CAO3, STM32MP213DAL3, STM32MP213DAM3, STM32MP213DAN3, STM32MP213DAO3, STM32MP213FAL3, STM32MP213FAM3, STM32MP213FAN3, STM32MP213FAO3, STM32MP215AAL3, STM32MP215AAM3, STM32MP215AAN3, STM32MP215AAO3, STM32MP215CAL3, STM32MP215CAM3, STM32MP215CAN3, STM32MP215CAO3, STM32MP215DAL3, STM32MP215DAM3, STM32MP215DAN3, STM32MP215DAO3, STM32MP215F-DK, STM32MP215FAL3, STM32MP215FAM3, STM32MP215FAN3, STM32MP215FAO3, STM32MP231AAJ3, STM32MP231AAK3, STM32MP231AAL3, STM32MP231CAJ3, STM32MP231CAK3, STM32MP231CAL3, STM32MP231DAJ3, STM32MP231DAK3, STM32MP231DAL3, STM32MP231FAJ3, STM32MP231FAK3, STM32MP231FAL3, STM32MP233AAJ3, STM32MP233AAK3, STM32MP233AAL3, STM32MP233CAJ3, STM32MP233CAK3, STM32MP233CAL3, STM32MP233DAJ3, STM32MP233DAK3, STM32MP233DAL3, STM32MP233FAJ3, STM32MP233FAK3, STM32MP233FAL3, STM32MP235AAJ3, STM32MP235AAK3, STM32MP235AAL3, STM32MP235CAJ3, STM32MP235CAK3, STM32MP235CAL3, STM32MP235DAJ3, STM32MP235DAK3, STM32MP235DAL3, STM32MP235FAJ3, STM32MP235FAK3, STM32MP235FAL3, STM32MP251AAI3, STM32MP251AAK3, STM32MP251AAL3, STM32MP251CAI3, STM32MP251CAK3, STM32MP251CAL3, STM32MP251DAI3, STM32MP251DAK3, STM32MP251DAL3, STM32MP251FAI3, STM32MP251FAK3, STM32MP251FAL3, STM32MP253AAI3, STM32MP253AAK3, STM32MP253AAL3, STM32MP253CAI3, STM32MP253CAK3, STM32MP253CAL3, STM32MP253DAI3, STM32MP253DAK3, STM32MP253DAL3, STM32MP253FAI3, STM32MP253FAK3, STM32MP253FAL3, STM32MP255AAI3, STM32MP255AAK3, STM32MP255AAL3, STM32MP255CAI3, STM32MP255CAK3, STM32MP255CAL3, STM32MP255DAI3, STM32MP255DAK3, STM32MP255DAL3, STM32MP255FAI3, STM32MP255FAK3, STM32MP255FAL3, STM32MP257AAI3, STM32MP257AAK3, STM32MP257AAL3, STM32MP257CAI3, STM32MP257CAK3, STM32MP257CAL3, STM32MP257DAI3, STM32MP257DAK3, STM32MP257DAL3, STM32MP257F-DK, STM32MP257F-EV1, STM32MP257FAI3, STM32MP257FAK3, STM32MP257FAL3, STM32N645A0H3Q, STM32N645B0H3Q, STM32N645I0H3Q, STM32N645L0H3Q, STM32N645X0H3Q, STM32N645Z0H3Q, STM32N647A0H3Q, STM32N647B0H3Q, STM32N647I0H3Q, STM32N647L0H3Q, STM32N647X0H3Q, STM32N647Z0H3Q, STM32N655A0H3Q, STM32N655B0H3Q, STM32N655I0H3Q, STM32N655L0H3Q, STM32N655X0H3Q, STM32N655Z0H3Q, STM32N6570-DK, STM32N657A0H3Q, STM32N657B0H3Q, STM32N657I0H3Q, STM32N657L0H3Q, STM32N657X0H3Q, STM32N657Z0H3Q, STM32U031C6T6, STM32U031C6U6, STM32U031C8T6, STM32U031C8U6, STM32U031F4P6, STM32U031F6P6, STM32U031F8P6, STM32U031G6Y6TR, STM32U031G8Y6TR, STM32U031K4U6, STM32U031K6U6, STM32U031K8U6, STM32U031R6I6, STM32U031R6T6, STM32U031R8I6, STM32U031R8T6, STM32U073C8T6, STM32U073C8U6, STM32U073CBT6, STM32U073CBU6, STM32U073CCT6, STM32U073CCU6, STM32U073H8Y6TR, STM32U073HBY6TR, STM32U073HCY6TR, STM32U073K8U6, STM32U073KBU6, STM32U073KCU6, STM32U073M8I6, STM32U073M8T6, STM32U073MBI6, STM32U073MBT6, STM32U073MCI6, STM32U073MCT6, STM32U073R8I6, STM32U073R8T6, STM32U073RBI6, STM32U073RBT6, STM32U073RCI6, STM32U073RCT6, STM32U083C-DK, STM32U083CCT6, STM32U083CCU6, STM32U083HCY6TR, STM32U083KCU6, STM32U083MCI6, STM32U083MCT6, STM32U083RCI6, STM32U083RCT6, STM32U375CET6, STM32U375CET6Q, STM32U375CEU6, STM32U375CEU6Q, STM32U375CEY6QTR, STM32U375CGT6, STM32U375CGT6Q, STM32U375CGU6, STM32U375CGU6Q, STM32U375CGY6QTR, STM32U375KEU6, STM32U375KGU6, STM32U375REI6, STM32U375REI6Q, STM32U375RET6, STM32U375RET6Q, STM32U375REY6GTR, STM32U375REY6QTR, STM32U375RGI6, STM32U375RGI6Q, STM32U375RGT6, STM32U375RGT6Q, STM32U375RGY6GTR, STM32U375RGY6QTR, STM32U375VEI6, STM32U375VEI6Q, STM32U375VET6, STM32U375VET6Q, STM32U375VGI6, STM32U375VGI6Q, STM32U375VGT6, STM32U375VGT6Q, STM32U385CGT6, STM32U385CGT6Q, STM32U385CGU6, STM32U385CGU6Q, STM32U385CGY6QTR, STM32U385KGU6, STM32U385RGI6, STM32U385RGI6Q, STM32U385RGT6, STM32U385RGT6Q, STM32U385RGY6GTR, STM32U385RGY6QTR, STM32U385VGI6, STM32U385VGI6Q, STM32U385VGT6, STM32U385VGT6Q, STM32U535CBT6, STM32U535CBT6Q, STM32U535CBU6, STM32U535CBU6Q, STM32U535CCT6, STM32U535CCT6Q, STM32U535CCU6, STM32U535CCU6Q, STM32U535CET6, STM32U535CET6Q, STM32U535CEU6, STM32U535CEU6Q, STM32U535JEY6QTR, STM32U535NCY6QTR, STM32U535NEY6QTR, STM32U535RBI6, STM32U535RBI6Q, STM32U535RBT6, STM32U535RBT6Q, STM32U535RCI6, STM32U535RCI6Q, STM32U535RCT6, STM32U535RCT6Q, STM32U535REI6, STM32U535REI6Q, STM32U535RET6, STM32U535RET6Q, STM32U535VCI6, STM32U535VCI6Q, STM32U535VCT6, STM32U535VCT6Q, STM32U535VEI6, STM32U535VEI6Q, STM32U535VET6, STM32U535VET6Q, STM32U545CET6, STM32U545CET6Q, STM32U545CEU6, STM32U545CEU6Q, STM32U545JEY6QTR, STM32U545NEY6QTR, STM32U545REI6, STM32U545REI6Q, STM32U545RET6, STM32U545RET6Q, STM32U545VEI6, STM32U545VEI6Q, STM32U545VET6, STM32U545VET6Q, STM32U595AIH6, STM32U595AIH6Q, STM32U595AJH6, STM32U595AJH6Q, STM32U595QII6, STM32U595QII6Q, STM32U595QJI6, STM32U595QJI6Q, STM32U595RIT6, STM32U595RIT6Q, STM32U595RJT6, STM32U595RJT6Q, STM32U595VIT6, STM32U595VIT6Q, STM32U595VJT6, STM32U595VJT6Q, STM32U595ZIT6, STM32U595ZIT6Q, STM32U595ZIY6QTR, STM32U595ZJT6, STM32U595ZJT6Q, STM32U595ZJY6QTR, STM32U599BJY6QTR, STM32U599NIH6Q, STM32U599NJH6Q, STM32U599VIT6Q, STM32U599VJT6, STM32U599VJT6Q, STM32U599ZIT6Q, STM32U599ZIY6QTR, STM32U599ZJT6Q, STM32U599ZJY6QTR, STM32U5A5AJH6, STM32U5A5AJH6Q, STM32U5A5QII3Q , STM32U5A5QJI6, STM32U5A5QJI6Q, STM32U5A5RJT6, STM32U5A5RJT6Q, STM32U5A5VJT6, STM32U5A5VJT6Q, STM32U5A5ZJT6, STM32U5A5ZJT6Q, STM32U5A5ZJY6QTR, STM32U5A9BJY6QTR, STM32U5A9J-DK, STM32U5A9NJH6Q, STM32U5A9VJT6Q, STM32U5A9ZJT6Q, STM32U5A9ZJY6QTR, STM32U5F7VIT6, STM32U5F7VIT6Q, STM32U5F7VJT6, STM32U5F7VJT6Q, STM32U5F9BJY6QTR, STM32U5F9NJH6Q, STM32U5F9VIT6Q, STM32U5F9VJT6Q, STM32U5F9ZIJ6QTR, STM32U5F9ZIT6Q, STM32U5F9ZJJ6QTR, STM32U5F9ZJT6Q, STM32U5G7VJT6, STM32U5G7VJT6Q, STM32U5G9BJY6QTR, STM32U5G9J-DK1, STM32U5G9J-DK2, STM32U5G9NJH6Q, STM32U5G9VJT6Q, STM32U5G9ZJJ6QTR, STM32U5G9ZJT6Q, STM32WB05KZV6TR, STM32WB05KZV7TR, STM32WB05TZF6TR, STM32WB05TZF7TR, STM32WB06CCF6TR, STM32WB06CCF7TR, STM32WB06CCV6TR, STM32WB06CCV7TR, STM32WB06KCV6TR, STM32WB06KCV7TR, STM32WB07CCF6TR, STM32WB07CCF7TR, STM32WB07CCV6TR, STM32WB07CCV7TR, STM32WB07KCV6TR, STM32WB07KCV7TR, STM32WB09KEV6TR, STM32WB09KEV7TR, STM32WB09TEF6TR, STM32WB09TEF7TR, STM32WB1MMCH6, STM32WBA50KGU6, STM32WBA50KGU6TR, STM32WBA52CEU6, STM32WBA52CEU6TR, STM32WBA52CEU7, STM32WBA52CEU7TR, STM32WBA52CGU6, STM32WBA52CGU6TR, STM32WBA52CGU6U, STM32WBA52CGU7, STM32WBA52CGU7TR, STM32WBA52KEU6, STM32WBA52KEU6TR, STM32WBA52KGU6, STM32WBA52KGU6TR, STM32WBA54CEU6, STM32WBA54CEU6TR, STM32WBA54CEU7, STM32WBA54CEU7TR, STM32WBA54CGU6, STM32WBA54CGU6TR, STM32WBA54CGU7, STM32WBA54CGU7TR, STM32WBA54KEU6, STM32WBA54KEU6TR, STM32WBA54KEU7, STM32WBA54KEU7TR, STM32WBA54KGU6, STM32WBA54KGU6TR, STM32WBA54KGU7, STM32WBA54KGU7TR, STM32WBA55CEU6, STM32WBA55CEU6TR, STM32WBA55CEU7, STM32WBA55CEU7TR, STM32WBA55CGU6, STM32WBA55CGU6TR, STM32WBA55CGU6U, STM32WBA55CGU7, STM32WBA55CGU7TR, STM32WBA55G-DK1, STM32WBA55HEF6, STM32WBA55HEF7, STM32WBA55HGF6, STM32WBA55HGF7, STM32WBA55UEI6, STM32WBA55UEI6TR, STM32WBA55UEI7, STM32WBA55UEI7TR, STM32WBA55UGI6, STM32WBA55UGI6TR, STM32WBA55UGI7, STM32WBA55UGI7TR, STM32WBA5MMGH6TR, STM32WBA62MGF6, STM32WBA62MIF6, STM32WBA65MGF7, STM32WBA65MIF6, STM32WBA65MIF7, STM32WL30K8V6, STM32WL30KBV6, STM32WL31C8V6, STM32WL31CBV6, STM32WL31K8V6, STM32WL31KBV6, STM32WL33C8V6, STM32WL33C8V6X, STM32WL33CBV6, STM32WL33CBV6X, STM32WL33CCV6, STM32WL33CCV6A, STM32WL33CCV6X, STM32WL33K8V7, STM32WL33K8V7X, STM32WL33KBV7 , STM32WL33KBV7X, STM32WL33KCV7, STM32WL33KCV7X, STM32WL5MOCH6, STM32WL5MOCH6TR]
2026-02-03 15:27:05,473 [INFO] ApiDb:668 - CubeFinder database Data Model version=2.1
2026-02-03 15:27:05,473 [INFO] ApiDb:669 - CubeFinder database Configuration version=3.0.39
2026-02-03 15:27:05,473 [INFO] ApiDb:670 - CubeFinder database generation date=2025-12-22 (1766407740)
2026-02-03 15:27:05,473 [INFO] ApiDb:671 - CubeFinder database FW Pack versions=[FP-ATR-ASTRA1_V2.0.0, FP-SNS-FLIGHT1_V5.1.0, FP-SNS-MOTENV1_V5.1.0, FP-SNS-MOTENVWB1_V1.4.0, FP-SNS-SMARTAG2_V1.2.0, FP-SNS-STBOX1_V2.1.0, STM32Cube_FW_C0_V1.4.0, STM32Cube_FW_F4_V1.28.3, STM32Cube_FW_F7_V1.17.4, STM32Cube_FW_G0_V1.6.2, STM32Cube_FW_G4_V1.6.1, STM32Cube_FW_H5_V1.5.1, STM32Cube_FW_H7RS_V1.3.0, STM32Cube_FW_H7_V1.12.1, STM32Cube_FW_L0_V1.12.2, STM32Cube_FW_L4_V1.18.1, STM32Cube_FW_L5_V1.6.0, STM32Cube_FW_N6_V1.3.0, STM32Cube_FW_U0_V1.3.0, STM32Cube_FW_U3_V1.2.1, STM32Cube_FW_U5_V1.8.0, STM32Cube_FW_WB0_V1.4.0, STM32Cube_FW_WBA_V1.8.0, STM32Cube_FW_WB_V1.24.0, STM32Cube_FW_WL3_V1.3.0, STM32Cube_FW_WL_V1.4.0, X-CUBE-ALGOBUILD_V1.4.0, X-CUBE-ALS_V1.0.2, X-CUBE-AZRTOS-F4_V1.1.0, X-CUBE-AZRTOS-F7_V1.1.0, X-CUBE-AZRTOS-G0_V1.1.0, X-CUBE-AZRTOS-G4_V2.0.0, X-CUBE-AZRTOS-H7RS_V1.1.0, X-CUBE-AZRTOS-H7_V3.4.0, X-CUBE-AZRTOS-L4_V2.0.0, X-CUBE-AZRTOS-L5_V2.0.0, X-CUBE-AZRTOS-WB_V2.0.0, X-CUBE-AZRTOS-WL_V2.0.0, X-CUBE-BLE1_V7.1.0, X-CUBE-BLE2_V3.3.0, X-CUBE-BLEMGR_V4.1.0, X-CUBE-EEPRMA1_V5.2.0, X-CUBE-FREERTOS_V1.3.1, X-CUBE-GNSS1_V6.0.0, X-CUBE-MEMS1_V12.0.0, X-CUBE-NFC4_V3.0.0, X-CUBE-NFC7_V2.0.0, X-CUBE-SFXS2LP1_V4.0.0, X-CUBE-ST67W61_V1.1.0, X-CUBE-SUBG2_V5.0.0, X-CUBE-TOF1_V3.4.3]
2026-02-03 15:27:09,276 [INFO] ApiDb:240 - Found 880 in-development CPN: [B-G473E-ZEST1S, B-WB1M-WPAN1, B-WBA5M-WPAN, B-WL5M-SUBG1, NUCLEO-C031C6, NUCLEO-C051C8, NUCLEO-C071RB, NUCLEO-C092RC, NUCLEO-H503RB, NUCLEO-H533RE, NUCLEO-H563ZI, NUCLEO-H7S3L8, NUCLEO-N657X0-Q, NUCLEO-U031R8, NUCLEO-U083RC, NUCLEO-U385RG-Q, NUCLEO-U545RE-Q, NUCLEO-U5A5ZJ-Q, NUCLEO-WB05KZ, NUCLEO-WB07CC, NUCLEO-WB09KE, NUCLEO-WBA52CG, NUCLEO-WBA55CG, NUCLEO-WL33CC1, NUCLEO-WL33CC2, STEVAL-PROTEUS1, STEVAL-SMARTAG2, STEVAL-STWINBX1, STM320518-EVAL, STM32C0116-DK, STM32C011D6Y3TR, STM32C011D6Y6TR, STM32C011F4P3, STM32C011F4P6, STM32C011F4U3, STM32C011F4U6TR, STM32C011F6P3, STM32C011F6P6, STM32C011F6U3, STM32C011F6U6TR, STM32C011J4M3, STM32C011J4M6, STM32C011J6M3, STM32C011J6M6, STM32C0316-DK, STM32C031C4T3, STM32C031C4T6, STM32C031C4U3, STM32C031C4U6, STM32C031C6T3, STM32C031C6T6, STM32C031C6U3, STM32C031C6U6, STM32C031F4P3, STM32C031F4P6, STM32C031F6P3, STM32C031F6P6, STM32C031G4U3, STM32C031G4U6, STM32C031G6U3, STM32C031G6U6, STM32C031K4T3, STM32C031K4T6, STM32C031K4U3, STM32C031K4U6, STM32C031K6T3, STM32C031K6T6, STM32C031K6U3, STM32C031K6U6, STM32C051C6T6, STM32C051C6U6, STM32C051C8T6, STM32C051C8U6, STM32C051D8Y6TR, STM32C051F6P6, STM32C051F8P6, STM32C051G6U6, STM32C051G8U6, STM32C051K6T6, STM32C051K6U6, STM32C051K8T6, STM32C071C8T6, STM32C071C8T6N, STM32C071C8U6, STM32C071C8U6N, STM32C071CBT6, STM32C071CBT6N, STM32C071CBU6, STM32C071CBU6N, STM32C071F8P6, STM32C071F8P6N, STM32C071FBP6, STM32C071FBP6N, STM32C071FBY6TR, STM32C071G8U6, STM32C071G8U6N, STM32C071GBU6, STM32C071GBU6N, STM32C071K8T6, STM32C071K8T6N, STM32C071K8U6, STM32C071K8U6N, STM32C071KBT6, STM32C071KBT6N, STM32C071KBU6, STM32C071KBU6N, STM32C071R8T6, STM32C071R8T6N, STM32C071RBI6N, STM32C071RBT6, STM32C071RBT6N, STM32C091CBT6, STM32C091CBU6, STM32C091CCT6, STM32C091CCU6, STM32C091ECY6TR, STM32C091FBP6, STM32C091FCP6, STM32C091GBU6, STM32C091GCU6, STM32C091KBT6, STM32C091KBU6, STM32C091KCT6, STM32C091KCU6, STM32C091RBT6, STM32C091RCI6, STM32C091RCT6, STM32C092CBT6, STM32C092CBU6, STM32C092CCT6, STM32C092CCU6, STM32C092ECY6TR, STM32C092FBP6, STM32C092FCP6, STM32C092GBU6, STM32C092GCU6, STM32C092KBT6, STM32C092KBU6, STM32C092KCT6, STM32C092KCU6, STM32C092RBT6, STM32C092RCI6, STM32C092RCT6, STM32G071K8TXN, STM32G071K8UXN, STM32G081GBU6N, STM32G081KBT6N, STM32G081KBUXN, STM32G0B1CCT6N, STM32G0B1KCT6, STM32G0B1NEY6TR, STM32G0B1RCT6N, STM32G0C1CCT6, STM32G0C1CCT6N, STM32G0C1CCU6N, STM32G0C1CET6N, STM32G0C1CEU6N, STM32G0C1KCT6, STM32G0C1NEY6TR, STM32G0C1RCI6N, STM32G0C1RCT6N, STM32G0C1REI6N, STM32G0C1RET6N, STM32G0C1VCI6, STM32G0C1VEI6, STM32G411C6T3, STM32G411C6T6, STM32G411C6U3, STM32G411C6U6, STM32G411C8T3, STM32G411C8T6, STM32G411C8U3, STM32G411C8U6, STM32G411CBT3, STM32G411CBT6, STM32G411CBU3, STM32G411CBU6, STM32G411K6T3, STM32G411K6T6, STM32G411K6U3, STM32G411K6U6, STM32G411K8T3, STM32G411K8T6, STM32G411K8U3, STM32G411K8U6, STM32G411KBT3, STM32G411KBT6, STM32G411KBU3, STM32G411KBU6, STM32G411M6T3, STM32G411M6T6, STM32G411M8T3, STM32G411M8T6, STM32G411MBT3, STM32G411MBT6, STM32G411R6T3, STM32G411R6T6, STM32G411R8T3, STM32G411R8T6, STM32G411RBT3, STM32G411RBT6, STM32G414CBT3, STM32G414CBT6, STM32G414CBU3, STM32G414CBU6, STM32G414CCT3, STM32G414CCT6, STM32G414CCU3, STM32G414CCU6, STM32G414MBT3, STM32G414MBT6, STM32G414MCT3, STM32G414MCT6, STM32G414RBT3, STM32G414RBT6, STM32G414RCT3, STM32G414RCT6, STM32G414VBT3, STM32G414VBT6, STM32G414VCT3, STM32G414VCT6, STM32G431CBT3Z, STM32G431RBT3Z, STM32G471CCT6, STM32G471CCU6, STM32G471CET3, STM32G471CET6, STM32G471CEU3, STM32G471CEU6, STM32G471MCT6, STM32G471MET3, STM32G471MET6, STM32G471MEY6TR, STM32G471QCT6, STM32G471QET3, STM32G471RCT6, STM32G471RET3, STM32G471RET6, STM32G471VCH6, STM32G471VCI6, STM32G471VCT6, STM32G471VEH3, STM32G471VEH6, STM32G471VEI3, STM32G471VEI6, STM32G471VET3, STM32G471VET6, STM32G473QET3Z, STM32G473RET3Z, STM32G474CCT6, STM32G491RET3Z, STM32H503CBT6, STM32H503CBU6, STM32H503EBY6TR, STM32H503KBU6, STM32H503RBT6, STM32H523CCT6, STM32H523CCU6, STM32H523CET6, STM32H523CEU6, STM32H523HEY6TR, STM32H523RCT6, STM32H523RET6, STM32H523VCI6, STM32H523VCT6, STM32H523VEI6, STM32H523VET6, STM32H523ZCJ6, STM32H523ZCT6, STM32H523ZEJ6, STM32H523ZET6, STM32H533CET6, STM32H533CEU6, STM32H533HEY6TR, STM32H533RET6, STM32H533VEI6, STM32H533VET6, STM32H533ZEJ6, STM32H533ZET6, STM32H562AGI6, STM32H562AII6, STM32H562IGK6, STM32H562IGT6, STM32H562IIK6, STM32H562IIT6, STM32H562RGT6, STM32H562RGV6, STM32H562RIT6, STM32H562RIV6, STM32H562VGT6, STM32H562VIT6, STM32H562ZGT6, STM32H562ZIT6, STM32H563AGI6, STM32H563AII3Q, STM32H563AII6, STM32H563IGK6, STM32H563IGT6, STM32H563IIK3Q, STM32H563IIK6, STM32H563IIT3Q, STM32H563IIT6, STM32H563MIY3QTR, STM32H563RGT6, STM32H563RGV6, STM32H563RIT6, STM32H563RIV6, STM32H563VGT6, STM32H563VIT3Q, STM32H563VIT6, STM32H563ZGT6, STM32H563ZIT3Q, STM32H563ZIT6, STM32H573AII3Q, STM32H573AII6, STM32H573I-DK, STM32H573IIK3Q, STM32H573IIK6, STM32H573IIT3Q, STM32H573IIT6, STM32H573MIY3QTR, STM32H573RIT6, STM32H573RIV6, STM32H573VIT3Q, STM32H573VIT6, STM32H573ZIT3Q, STM32H573ZIT6, STM32H7R3A8I6, STM32H7R3I8K6, STM32H7R3I8T6, STM32H7R3L8H6, STM32H7R3L8H6H, STM32H7R3R8V6, STM32H7R3V8H6, STM32H7R3V8T6, STM32H7R3V8Y6TR, STM32H7R3Z8J6, STM32H7R3Z8T6, STM32H7R7A8I6, STM32H7R7I8K6, STM32H7R7I8T6, STM32H7R7L8H6, STM32H7R7L8H6H, STM32H7R7Z8J6, STM32H7S3A8I6, STM32H7S3I8K6, STM32H7S3I8T6, STM32H7S3L8H6, STM32H7S3L8H6H, STM32H7S3R8V6, STM32H7S3V8H6, STM32H7S3V8T6, STM32H7S3V8Y6TR, STM32H7S3Z8J6, STM32H7S3Z8T6, STM32H7S78-DK, STM32H7S7A8I6, STM32H7S7I8K6, STM32H7S7I8T6, STM32H7S7L8H6, STM32H7S7L8H6H, STM32H7S7Z8J6, STM32L4R5QGI6STR, STM32MP131AAE3, STM32MP131AAF3, STM32MP131AAG3, STM32MP131CAE3, STM32MP131CAF3, STM32MP131CAG3, STM32MP131DAE7, STM32MP131DAF7, STM32MP131DAG7, STM32MP131FAE7, STM32MP131FAF7, STM32MP131FAG7, STM32MP133AAE3, STM32MP133AAF3, STM32MP133AAG3, STM32MP133CAE3, STM32MP133CAF3, STM32MP133CAG3, STM32MP133DAE7, STM32MP133DAF7, STM32MP133DAG7, STM32MP133FAE7, STM32MP133FAF7, STM32MP133FAG7, STM32MP135AAE3, STM32MP135AAF3, STM32MP135AAG3, STM32MP135CAE3, STM32MP135CAF3, STM32MP135CAG3, STM32MP135DAE7, STM32MP135DAF7, STM32MP135DAG7, STM32MP135F-DK, STM32MP135FAE7, STM32MP135FAF7, STM32MP135FAF7T, STM32MP135FAF7U, STM32MP135FAG7, STM32MP211AAL3, STM32MP211AAM3, STM32MP211AAN3, STM32MP211AAO3, STM32MP211CAL3, STM32MP211CAM3, STM32MP211CAN3, STM32MP211CAO3, STM32MP211DAL3, STM32MP211DAM3, STM32MP211DAN3, STM32MP211DAO3, STM32MP211FAL3, STM32MP211FAM3, STM32MP211FAN3, STM32MP211FAO3, STM32MP213AAL3, STM32MP213AAM3, STM32MP213AAN3, STM32MP213AAO3, STM32MP213CAL3, STM32MP213CAM3, STM32MP213CAN3, STM32MP213CAO3, STM32MP213DAL3, STM32MP213DAM3, STM32MP213DAN3, STM32MP213DAO3, STM32MP213FAL3, STM32MP213FAM3, STM32MP213FAN3, STM32MP213FAO3, STM32MP215AAL3, STM32MP215AAM3, STM32MP215AAN3, STM32MP215AAO3, STM32MP215CAL3, STM32MP215CAM3, STM32MP215CAN3, STM32MP215CAO3, STM32MP215DAL3, STM32MP215DAM3, STM32MP215DAN3, STM32MP215DAO3, STM32MP215F-DK, STM32MP215FAL3, STM32MP215FAM3, STM32MP215FAN3, STM32MP215FAO3, STM32MP231AAJ3, STM32MP231AAK3, STM32MP231AAL3, STM32MP231CAJ3, STM32MP231CAK3, STM32MP231CAL3, STM32MP231DAJ3, STM32MP231DAK3, STM32MP231DAL3, STM32MP231FAJ3, STM32MP231FAK3, STM32MP231FAL3, STM32MP233AAJ3, STM32MP233AAK3, STM32MP233AAL3, STM32MP233CAJ3, STM32MP233CAK3, STM32MP233CAL3, STM32MP233DAJ3, STM32MP233DAK3, STM32MP233DAL3, STM32MP233FAJ3, STM32MP233FAK3, STM32MP233FAL3, STM32MP235AAJ3, STM32MP235AAK3, STM32MP235AAL3, STM32MP235CAJ3, STM32MP235CAK3, STM32MP235CAL3, STM32MP235DAJ3, STM32MP235DAK3, STM32MP235DAL3, STM32MP235FAJ3, STM32MP235FAK3, STM32MP235FAL3, STM32MP251AAI3, STM32MP251AAK3, STM32MP251AAL3, STM32MP251CAI3, STM32MP251CAK3, STM32MP251CAL3, STM32MP251DAI3, STM32MP251DAK3, STM32MP251DAL3, STM32MP251FAI3, STM32MP251FAK3, STM32MP251FAL3, STM32MP253AAI3, STM32MP253AAK3, STM32MP253AAL3, STM32MP253CAI3, STM32MP253CAK3, STM32MP253CAL3, STM32MP253DAI3, STM32MP253DAK3, STM32MP253DAL3, STM32MP253FAI3, STM32MP253FAK3, STM32MP253FAL3, STM32MP255AAI3, STM32MP255AAK3, STM32MP255AAL3, STM32MP255CAI3, STM32MP255CAK3, STM32MP255CAL3, STM32MP255DAI3, STM32MP255DAK3, STM32MP255DAL3, STM32MP255FAI3, STM32MP255FAK3, STM32MP255FAL3, STM32MP257AAI3, STM32MP257AAK3, STM32MP257AAL3, STM32MP257CAI3, STM32MP257CAK3, STM32MP257CAL3, STM32MP257DAI3, STM32MP257DAK3, STM32MP257DAL3, STM32MP257F-DK, STM32MP257F-EV1, STM32MP257FAI3, STM32MP257FAK3, STM32MP257FAL3, STM32N645A0H3Q, STM32N645B0H3Q, STM32N645I0H3Q, STM32N645L0H3Q, STM32N645X0H3Q, STM32N645Z0H3Q, STM32N647A0H3Q, STM32N647B0H3Q, STM32N647I0H3Q, STM32N647L0H3Q, STM32N647X0H3Q, STM32N647Z0H3Q, STM32N655A0H3Q, STM32N655B0H3Q, STM32N655I0H3Q, STM32N655L0H3Q, STM32N655X0H3Q, STM32N655Z0H3Q, STM32N6570-DK, STM32N657A0H3Q, STM32N657B0H3Q, STM32N657I0H3Q, STM32N657L0H3Q, STM32N657X0H3Q, STM32N657Z0H3Q, STM32U031C6T6, STM32U031C6U6, STM32U031C8T6, STM32U031C8U6, STM32U031F4P6, STM32U031F6P6, STM32U031F8P6, STM32U031G6Y6TR, STM32U031G8Y6TR, STM32U031K4U6, STM32U031K6U6, STM32U031K8U6, STM32U031R6I6, STM32U031R6T6, STM32U031R8I6, STM32U031R8T6, STM32U073C8T6, STM32U073C8U6, STM32U073CBT6, STM32U073CBU6, STM32U073CCT6, STM32U073CCU6, STM32U073H8Y6TR, STM32U073HBY6TR, STM32U073HCY6TR, STM32U073K8U6, STM32U073KBU6, STM32U073KCU6, STM32U073M8I6, STM32U073M8T6, STM32U073MBI6, STM32U073MBT6, STM32U073MCI6, STM32U073MCT6, STM32U073R8I6, STM32U073R8T6, STM32U073RBI6, STM32U073RBT6, STM32U073RCI6, STM32U073RCT6, STM32U083C-DK, STM32U083CCT6, STM32U083CCU6, STM32U083HCY6TR, STM32U083KCU6, STM32U083MCI6, STM32U083MCT6, STM32U083RCI6, STM32U083RCT6, STM32U375CET6, STM32U375CET6Q, STM32U375CEU6, STM32U375CEU6Q, STM32U375CEY6QTR, STM32U375CGT6, STM32U375CGT6Q, STM32U375CGU6, STM32U375CGU6Q, STM32U375CGY6QTR, STM32U375KEU6, STM32U375KGU6, STM32U375REI6, STM32U375REI6Q, STM32U375RET6, STM32U375RET6Q, STM32U375REY6GTR, STM32U375REY6QTR, STM32U375RGI6, STM32U375RGI6Q, STM32U375RGT6, STM32U375RGT6Q, STM32U375RGY6GTR, STM32U375RGY6QTR, STM32U375VEI6, STM32U375VEI6Q, STM32U375VET6, STM32U375VET6Q, STM32U375VGI6, STM32U375VGI6Q, STM32U375VGT6, STM32U375VGT6Q, STM32U385CGT6, STM32U385CGT6Q, STM32U385CGU6, STM32U385CGU6Q, STM32U385CGY6QTR, STM32U385KGU6, STM32U385RGI6, STM32U385RGI6Q, STM32U385RGT6, STM32U385RGT6Q, STM32U385RGY6GTR, STM32U385RGY6QTR, STM32U385VGI6, STM32U385VGI6Q, STM32U385VGT6, STM32U385VGT6Q, STM32U535CBT6, STM32U535CBT6Q, STM32U535CBU6, STM32U535CBU6Q, STM32U535CCT6, STM32U535CCT6Q, STM32U535CCU6, STM32U535CCU6Q, STM32U535CET6, STM32U535CET6Q, STM32U535CEU6, STM32U535CEU6Q, STM32U535JEY6QTR, STM32U535NCY6QTR, STM32U535NEY6QTR, STM32U535RBI6, STM32U535RBI6Q, STM32U535RBT6, STM32U535RBT6Q, STM32U535RCI6, STM32U535RCI6Q, STM32U535RCT6, STM32U535RCT6Q, STM32U535REI6, STM32U535REI6Q, STM32U535RET6, STM32U535RET6Q, STM32U535VCI6, STM32U535VCI6Q, STM32U535VCT6, STM32U535VCT6Q, STM32U535VEI6, STM32U535VEI6Q, STM32U535VET6, STM32U535VET6Q, STM32U545CET6, STM32U545CET6Q, STM32U545CEU6, STM32U545CEU6Q, STM32U545JEY6QTR, STM32U545NEY6QTR, STM32U545REI6, STM32U545REI6Q, STM32U545RET6, STM32U545RET6Q, STM32U545VEI6, STM32U545VEI6Q, STM32U545VET6, STM32U545VET6Q, STM32U595AIH6, STM32U595AIH6Q, STM32U595AJH6, STM32U595AJH6Q, STM32U595QII6, STM32U595QII6Q, STM32U595QJI6, STM32U595QJI6Q, STM32U595RIT6, STM32U595RIT6Q, STM32U595RJT6, STM32U595RJT6Q, STM32U595VIT6, STM32U595VIT6Q, STM32U595VJT6, STM32U595VJT6Q, STM32U595ZIT6, STM32U595ZIT6Q, STM32U595ZIY6QTR, STM32U595ZJT6, STM32U595ZJT6Q, STM32U595ZJY6QTR, STM32U599BJY6QTR, STM32U599NIH6Q, STM32U599NJH6Q, STM32U599VIT6Q, STM32U599VJT6, STM32U599VJT6Q, STM32U599ZIT6Q, STM32U599ZIY6QTR, STM32U599ZJT6Q, STM32U599ZJY6QTR, STM32U5A5AJH6, STM32U5A5AJH6Q, STM32U5A5QII3Q , STM32U5A5QJI6, STM32U5A5QJI6Q, STM32U5A5RJT6, STM32U5A5RJT6Q, STM32U5A5VJT6, STM32U5A5VJT6Q, STM32U5A5ZJT6, STM32U5A5ZJT6Q, STM32U5A5ZJY6QTR, STM32U5A9BJY6QTR, STM32U5A9J-DK, STM32U5A9NJH6Q, STM32U5A9VJT6Q, STM32U5A9ZJT6Q, STM32U5A9ZJY6QTR, STM32U5F7VIT6, STM32U5F7VIT6Q, STM32U5F7VJT6, STM32U5F7VJT6Q, STM32U5F9BJY6QTR, STM32U5F9NJH6Q, STM32U5F9VIT6Q, STM32U5F9VJT6Q, STM32U5F9ZIJ6QTR, STM32U5F9ZIT6Q, STM32U5F9ZJJ6QTR, STM32U5F9ZJT6Q, STM32U5G7VJT6, STM32U5G7VJT6Q, STM32U5G9BJY6QTR, STM32U5G9J-DK1, STM32U5G9J-DK2, STM32U5G9NJH6Q, STM32U5G9VJT6Q, STM32U5G9ZJJ6QTR, STM32U5G9ZJT6Q, STM32WB05KZV6TR, STM32WB05KZV7TR, STM32WB05TZF6TR, STM32WB05TZF7TR, STM32WB06CCF6TR, STM32WB06CCF7TR, STM32WB06CCV6TR, STM32WB06CCV7TR, STM32WB06KCV6TR, STM32WB06KCV7TR, STM32WB07CCF6TR, STM32WB07CCF7TR, STM32WB07CCV6TR, STM32WB07CCV7TR, STM32WB07KCV6TR, STM32WB07KCV7TR, STM32WB09KEV6TR, STM32WB09KEV7TR, STM32WB09TEF6TR, STM32WB09TEF7TR, STM32WB1MMCH6, STM32WBA50KGU6, STM32WBA50KGU6TR, STM32WBA52CEU6, STM32WBA52CEU6TR, STM32WBA52CEU7, STM32WBA52CEU7TR, STM32WBA52CGU6, STM32WBA52CGU6TR, STM32WBA52CGU6U, STM32WBA52CGU7, STM32WBA52CGU7TR, STM32WBA52KEU6, STM32WBA52KEU6TR, STM32WBA52KGU6, STM32WBA52KGU6TR, STM32WBA54CEU6, STM32WBA54CEU6TR, STM32WBA54CEU7, STM32WBA54CEU7TR, STM32WBA54CGU6, STM32WBA54CGU6TR, STM32WBA54CGU7, STM32WBA54CGU7TR, STM32WBA54KEU6, STM32WBA54KEU6TR, STM32WBA54KEU7, STM32WBA54KEU7TR, STM32WBA54KGU6, STM32WBA54KGU6TR, STM32WBA54KGU7, STM32WBA54KGU7TR, STM32WBA55CEU6, STM32WBA55CEU6TR, STM32WBA55CEU7, STM32WBA55CEU7TR, STM32WBA55CGU6, STM32WBA55CGU6TR, STM32WBA55CGU6U, STM32WBA55CGU7, STM32WBA55CGU7TR, STM32WBA55G-DK1, STM32WBA55HEF6, STM32WBA55HEF7, STM32WBA55HGF6, STM32WBA55HGF7, STM32WBA55UEI6, STM32WBA55UEI6TR, STM32WBA55UEI7, STM32WBA55UEI7TR, STM32WBA55UGI6, STM32WBA55UGI6TR, STM32WBA55UGI7, STM32WBA55UGI7TR, STM32WBA5MMGH6TR, STM32WBA62MGF6, STM32WBA62MIF6, STM32WBA65MGF7, STM32WBA65MIF6, STM32WBA65MIF7, STM32WL30K8V6, STM32WL30KBV6, STM32WL31C8V6, STM32WL31CBV6, STM32WL31K8V6, STM32WL31KBV6, STM32WL33C8V6, STM32WL33C8V6X, STM32WL33CBV6, STM32WL33CBV6X, STM32WL33CCV6, STM32WL33CCV6A, STM32WL33CCV6X, STM32WL33K8V7, STM32WL33K8V7X, STM32WL33KBV7 , STM32WL33KBV7X, STM32WL33KCV7, STM32WL33KCV7X, STM32WL5MOCH6, STM32WL5MOCH6TR]
2026-02-03 15:27:09,281 [INFO] DbMcus:218 - Found 4876 MCUs, 4876 are supported
2026-02-03 15:27:09,282 [INFO] ApiDb:423 - Load user favorites file C:\Users\Chinnapop/.stm32cubeide/favorites.mcus.txt: 0 item(s)
2026-02-03 15:27:09,283 [INFO] ApiDb:427 - User favorites MCUs=[]
2026-02-03 15:27:09,283 [INFO] DbMcus:224 - Set 0 / 0 favorites MCUs
2026-02-03 15:27:10,429 [INFO] BoardInfo:889 - No configuration file found for board P-NUCLEO-WB55
2026-02-03 15:27:10,431 [INFO] DbBoards:161 - Kit is not supported: P-NUCLEO-WB55
2026-02-03 15:27:10,441 [INFO] BoardInfo:889 - No configuration file found for board STEVAL-BFA001V1B
2026-02-03 15:27:10,443 [INFO] DbBoards:161 - Kit is not supported: STEVAL-BFA001V1B
2026-02-03 15:27:10,444 [INFO] BoardInfo:889 - No configuration file found for board STEVAL-BFA001V2B
2026-02-03 15:27:10,446 [INFO] DbBoards:161 - Kit is not supported: STEVAL-BFA001V2B
2026-02-03 15:27:10,828 [INFO] DbBoards:168 - Found 212 boards, 209 are supported
2026-02-03 15:27:10,829 [INFO] DbBoards:169 - Found 212 boards, 43 of them is supported for  Bsp
2026-02-03 15:27:10,835 [INFO] ApiDb:423 - Load user favorites file C:\Users\Chinnapop/.stm32cubeide/favorites.boards.txt: 0 item(s)
2026-02-03 15:27:10,836 [INFO] ApiDb:427 - User favorites Boards=[]
2026-02-03 15:27:10,836 [INFO] DbBoards:198 - Set 0 / 0 favorites Boards
2026-02-03 15:27:10,888 [INFO] UtilMem:75 - End LoadConfig() Used Memory: 782987040 Bytes (1073741824)
2026-02-03 15:27:11,115 [WARN] ThirdParty:833 - waiting for thirdparty lock release [change project]
2026-02-03 15:27:11,115 [INFO] ThirdParty:835 - entering critical section [change project]
2026-02-03 15:27:11,115 [INFO] ThirdParty:1030 - CMSIS Pack Vendor :STMicroelectronics X-CUBE-PM33A1 1.0.0
2026-02-03 15:27:11,115 [INFO] ThirdParty:1030 - CMSIS Pack Vendor :STMicroelectronics USBPD 4.1
2026-02-03 15:27:11,115 [INFO] ThirdParty:1030 - CMSIS Pack Vendor :STMicroelectronics USB_HOST 2.0.0
2026-02-03 15:27:11,115 [INFO] ThirdParty:1030 - CMSIS Pack Vendor :STMicroelectronics FP-SNS-MOTENVWB1 1.4.0
2026-02-03 15:27:11,115 [INFO] ThirdParty:1030 - CMSIS Pack Vendor :STMicroelectronics X-CUBE-AZRTOS-F4 1.1.0
2026-02-03 15:27:11,115 [INFO] ThirdParty:1030 - CMSIS Pack Vendor :STMicroelectronics LIBJPEG 8.0.0
2026-02-03 15:27:11,116 [INFO] ThirdParty:1030 - CMSIS Pack Vendor :STMicroelectronics FP-ATR-ASTRA1 2.0.2
2026-02-03 15:27:11,116 [INFO] ThirdParty:1030 - CMSIS Pack Vendor :STMicroelectronics FP-ATR-ASTRA1 2.0.1
2026-02-03 15:27:11,117 [INFO] ThirdParty:1030 - CMSIS Pack Vendor :Avnet-IotConnect X-CUBE-IoTC-DA16k-PMOD 1.0.0
2026-02-03 15:27:11,117 [INFO] ThirdParty:1030 - CMSIS Pack Vendor :STMicroelectronics X-CUBE-SMBUS 2.1.0
2026-02-03 15:27:11,117 [INFO] ThirdParty:1030 - CMSIS Pack Vendor :STMicroelectronics X-CUBE-WB05N 1.1.0
2026-02-03 15:27:11,117 [INFO] ThirdParty:1030 - CMSIS Pack Vendor :STMicroelectronics X-CUBE-ISPU 2.1.0
2026-02-03 15:27:11,117 [INFO] ThirdParty:1030 - CMSIS Pack Vendor :STMicroelectronics X-CUBE-IPS 3.2.0
2026-02-03 15:27:11,117 [INFO] ThirdParty:1030 - CMSIS Pack Vendor :STMicroelectronics X-CUBE-FREERTOS 1.2.0
2026-02-03 15:27:11,118 [INFO] ThirdParty:1030 - CMSIS Pack Vendor :STMicroelectronics X-CUBE-ST60 1.0.0
2026-02-03 15:27:11,118 [INFO] ThirdParty:1030 - CMSIS Pack Vendor :STMicroelectronics X-CUBE-NFC12 1.0.0
2026-02-03 15:27:11,118 [INFO] ThirdParty:1030 - CMSIS Pack Vendor :STMicroelectronics X-CUBE-AZRTOS-F7 1.1.0
2026-02-03 15:27:11,118 [INFO] ThirdParty:1030 - CMSIS Pack Vendor :STMicroelectronics X-CUBE-AZRTOS-L5 2.0.0
2026-02-03 15:27:11,118 [INFO] ThirdParty:1030 - CMSIS Pack Vendor :STMicroelectronics USB_DEVICE 2.0.0
2026-02-03 15:27:11,118 [INFO] ThirdParty:1030 - CMSIS Pack Vendor :STMicroelectronics X-CUBE-NFC6 3.1.0
2026-02-03 15:27:11,118 [INFO] ThirdParty:1030 - CMSIS Pack Vendor :STMicroelectronics X-CUBE-MEMS1 11.0.0
2026-02-03 15:27:11,118 [INFO] ThirdParty:1030 - CMSIS Pack Vendor :STMicroelectronics FP-SNS-MOTENV1 5.1.0
2026-02-03 15:27:11,118 [INFO] ThirdParty:1030 - CMSIS Pack Vendor :STMicroelectronics FreeRTOS 0.0.1
2026-02-03 15:27:11,118 [INFO] ThirdParty:1030 - CMSIS Pack Vendor :STMicroelectronics X-CUBE-DPower 1.2.0
2026-02-03 15:27:11,118 [INFO] ThirdParty:1030 - CMSIS Pack Vendor :STMicroelectronics FP-SNS-FLIGHT1 5.0.2
2026-02-03 15:27:11,118 [INFO] ThirdParty:1030 - CMSIS Pack Vendor :STMicroelectronics PDM2PCM 3.3.0
2026-02-03 15:27:11,118 [INFO] ThirdParty:1030 - CMSIS Pack Vendor :STMicroelectronics X-CUBE-AZRTOS-H7 3.4.0
2026-02-03 15:27:11,118 [INFO] ThirdParty:1030 - CMSIS Pack Vendor :STMicroelectronics X-CUBE-DISPLAY 3.0.0
2026-02-03 15:27:11,118 [INFO] ThirdParty:1030 - CMSIS Pack Vendor :STMicroelectronics X-CUBE-BLE1 7.0.0
2026-02-03 15:27:11,118 [INFO] ThirdParty:1030 - CMSIS Pack Vendor :STMicroelectronics X-CUBE-NFC10 1.0.0
2026-02-03 15:27:11,118 [INFO] ThirdParty:1030 - CMSIS Pack Vendor :STMicroelectronics X-CUBE-BLEMGR 4.0.0
2026-02-03 15:27:11,118 [INFO] ThirdParty:1030 - CMSIS Pack Vendor :STMicroelectronics X-CUBE-FREERTOS 1.3.1
2026-02-03 15:27:11,118 [INFO] ThirdParty:1030 - CMSIS Pack Vendor :STMicroelectronics HAL Drivers 0.0.0
2026-02-03 15:27:11,118 [INFO] ThirdParty:1030 - CMSIS Pack Vendor :STMicroelectronics X-CUBE-ST60 1.1.0
2026-02-03 15:27:11,118 [INFO] ThirdParty:1030 - CMSIS Pack Vendor :emotas I-CUBE-CANOPEN 1.3.0
2026-02-03 15:27:11,118 [INFO] ThirdParty:1030 - CMSIS Pack Vendor :STMicroelectronics X-CUBE-FREERTOS 1.3.0
2026-02-03 15:27:11,118 [INFO] ThirdParty:1030 - CMSIS Pack Vendor :STMicroelectronics X-CUBE-NFC7 1.0.1
2026-02-03 15:27:11,118 [INFO] ThirdParty:1030 - CMSIS Pack Vendor :STMicroelectronics MBEDTLS 2.14.1
2026-02-03 15:27:11,118 [INFO] ThirdParty:1030 - CMSIS Pack Vendor :STMicroelectronics X-CUBE-GNSS1 7.1.0
2026-02-03 15:27:11,118 [INFO] ThirdParty:1030 - CMSIS Pack Vendor :STMicroelectronics X-CUBE-TOUCHGFX 4.26.0
2026-02-03 15:27:11,118 [INFO] ThirdParty:1030 - CMSIS Pack Vendor :STMicroelectronics X-CUBE-BLEMGR 3.1.0
2026-02-03 15:27:11,118 [INFO] ThirdParty:1030 - CMSIS Pack Vendor :STMicroelectronics X-CUBE-AI 10.0.0
2026-02-03 15:27:11,118 [INFO] ThirdParty:1030 - CMSIS Pack Vendor :STMicroelectronics FP-SNS-STBOX1 2.1.0
2026-02-03 15:27:11,118 [INFO] ThirdParty:1030 - CMSIS Pack Vendor :STMicroelectronics FP-SNS-STAIOTCFT 1.0.0
2026-02-03 15:27:11,119 [INFO] ThirdParty:1030 - CMSIS Pack Vendor :STMicroelectronics FP-SNS-SMARTAG2 1.2.0
2026-02-03 15:27:11,119 [INFO] ThirdParty:1030 - CMSIS Pack Vendor :STMicroelectronics FP-SNS-FLIGHT1 5.1.0
2026-02-03 15:27:11,119 [INFO] ThirdParty:1030 - CMSIS Pack Vendor :STMicroelectronics X-CUBE-MEMS1 11.1.0
2026-02-03 15:27:11,119 [INFO] ThirdParty:1030 - CMSIS Pack Vendor :STMicroelectronics X-CUBE-AZRTOS-WL 2.0.0
2026-02-03 15:27:11,119 [INFO] ThirdParty:1030 - CMSIS Pack Vendor :STMicroelectronics X-CUBE-DPower 1.3.0
2026-02-03 15:27:11,119 [INFO] ThirdParty:1030 - CMSIS Pack Vendor :STMicroelectronics FP-SNS-MOTENV1 5.0.0
2026-02-03 15:27:11,119 [INFO] ThirdParty:1030 - CMSIS Pack Vendor :STMicroelectronics USB_DEVICE 1.0.0
2026-02-03 15:27:11,119 [INFO] ThirdParty:1030 - CMSIS Pack Vendor :STMicroelectronics X-CUBE-AZRTOS-H7RS 1.2.0
2026-02-03 15:27:11,119 [INFO] ThirdParty:1030 - CMSIS Pack Vendor :wolfSSL I-CUBE-wolfMQTT 1.19.0
2026-02-03 15:27:11,120 [INFO] ThirdParty:1030 - CMSIS Pack Vendor :STMicroelectronics X-CUBE-AZRTOS-L4 2.0.0
2026-02-03 15:27:11,120 [INFO] ThirdParty:1030 - CMSIS Pack Vendor :STMicroelectronics ThreadX 0.0.2
2026-02-03 15:27:11,120 [INFO] ThirdParty:1030 - CMSIS Pack Vendor :WES I-CUBE-Cesium 1.3.0
2026-02-03 15:27:11,120 [INFO] ThirdParty:1030 - CMSIS Pack Vendor :STMicroelectronics lwIP 2.1.2
2026-02-03 15:27:11,120 [INFO] ThirdParty:1030 - CMSIS Pack Vendor :STMicroelectronics X-CUBE-SFXS2LP1 4.0.0
2026-02-03 15:27:11,120 [INFO] ThirdParty:1030 - CMSIS Pack Vendor :STMicroelectronics X-CUBE-BLE2 3.3.0
2026-02-03 15:27:11,121 [INFO] ThirdParty:1030 - CMSIS Pack Vendor :Avnet-IOTCONNECT X-CUBE-iotc-st67-sdk 1.0.0
2026-02-03 15:27:11,121 [INFO] ThirdParty:1030 - CMSIS Pack Vendor :STMicroelectronics PDM2PCM 3.2.0
2026-02-03 15:27:11,121 [INFO] ThirdParty:1030 - CMSIS Pack Vendor :STMicroelectronics X-CUBE-ST67W61 1.2.0
2026-02-03 15:27:11,121 [INFO] ThirdParty:1030 - CMSIS Pack Vendor :STMicroelectronics X-CUBE-AZRTOS-H7 3.3.0
2026-02-03 15:27:11,121 [INFO] ThirdParty:1030 - CMSIS Pack Vendor :STMicroelectronics X-CUBE-NFC9 1.0.0
2026-02-03 15:27:11,122 [INFO] ThirdParty:1030 - CMSIS Pack Vendor :STMicroelectronics X-CUBE-BLE1 7.1.0
2026-02-03 15:27:11,122 [INFO] ThirdParty:1030 - CMSIS Pack Vendor :STMicroelectronics USB_DEVICE 3.0.0
2026-02-03 15:27:11,122 [INFO] ThirdParty:1030 - CMSIS Pack Vendor :STMicroelectronics X-CUBE-TCPP 4.1.0
2026-02-03 15:27:11,122 [INFO] ThirdParty:1030 - CMSIS Pack Vendor :STMicroelectronics X-CUBE-FREERTOS 1.4.0
2026-02-03 15:27:11,122 [INFO] ThirdParty:1030 - CMSIS Pack Vendor :STMicroelectronics X-CUBE-EEPRMA1 5.2.0
2026-02-03 15:27:11,122 [INFO] ThirdParty:1030 - CMSIS Pack Vendor :STMicroelectronics X-CUBE-BLEMGR 4.1.0
2026-02-03 15:27:11,122 [INFO] ThirdParty:1030 - CMSIS Pack Vendor :STMicroelectronics X-CUBE-IPS 3.0.0
2026-02-03 15:27:11,122 [INFO] ThirdParty:1030 - CMSIS Pack Vendor :STMicroelectronics X-CUBE-AZRTOS-WB 2.0.0
2026-02-03 15:27:11,123 [INFO] ThirdParty:1030 - CMSIS Pack Vendor :STMicroelectronics X-CUBE-GNSS1 7.0.0
2026-02-03 15:27:11,123 [INFO] ThirdParty:1030 - CMSIS Pack Vendor :STMicroelectronics X-CUBE-GNSS1 7.0.1
2026-02-03 15:27:11,123 [INFO] ThirdParty:1030 - CMSIS Pack Vendor :STMicroelectronics X-CUBE-TOUCHGFX 4.25.0
2026-02-03 15:27:11,123 [INFO] ThirdParty:1030 - CMSIS Pack Vendor :STMicroelectronics X-CUBE-ST67W61 1.1.0
2026-02-03 15:27:11,124 [INFO] ThirdParty:1030 - CMSIS Pack Vendor :STMicroelectronics X-CUBE-AI 10.1.0
2026-02-03 15:27:11,124 [INFO] ThirdParty:1030 - CMSIS Pack Vendor :STMicroelectronics FP-SNS-STBOX1 2.0.0
2026-02-03 15:27:11,124 [INFO] ThirdParty:1030 - CMSIS Pack Vendor :STMicroelectronics X-CUBE-MEMS1 12.0.0
2026-02-03 15:27:11,124 [INFO] ThirdParty:1030 - CMSIS Pack Vendor :STMicroelectronics X-CUBE-STSE01 2.0.0
2026-02-03 15:27:11,124 [INFO] ThirdParty:1030 - CMSIS Pack Vendor :STMicroelectronics X-CUBE-MEMS1 11.2.0
2026-02-03 15:27:11,124 [INFO] ThirdParty:1030 - CMSIS Pack Vendor :STMicroelectronics X-CUBE-AZRTOS-G0 1.1.0
2026-02-03 15:27:11,125 [INFO] ThirdParty:1030 - CMSIS Pack Vendor :STMicroelectronics X-CUBE-SAFEA1 1.2.2
2026-02-03 15:27:11,125 [INFO] ThirdParty:1030 - CMSIS Pack Vendor :STMicroelectronics X-CUBE-NFC4 3.0.0
2026-02-03 15:27:11,125 [INFO] ThirdParty:1030 - CMSIS Pack Vendor :STMicroelectronics X-CUBE-SUBG2 5.0.0
2026-02-03 15:27:11,125 [INFO] ThirdParty:1030 - CMSIS Pack Vendor :STMicroelectronics X-CUBE-AZRTOS-H7RS 1.1.0
2026-02-03 15:27:11,125 [INFO] ThirdParty:1030 - CMSIS Pack Vendor :STMicroelectronics STM32_WPAN 1.0.0
2026-02-03 15:27:11,126 [INFO] ThirdParty:1030 - CMSIS Pack Vendor :EmbeddedOffice I-CUBE-FS-RTOS 1.0.1
2026-02-03 15:27:11,126 [INFO] ThirdParty:1030 - CMSIS Pack Vendor :STMicroelectronics lwIP 2.0.3
2026-02-03 15:27:11,127 [INFO] ThirdParty:1030 - CMSIS Pack Vendor :Cesanta I-CUBE-Mongoose 7.13.0
2026-02-03 15:27:11,127 [INFO] ThirdParty:1030 - CMSIS Pack Vendor :STMicroelectronics USB_HOST 1.0.0
2026-02-03 15:27:11,127 [INFO] ThirdParty:1030 - CMSIS Pack Vendor :STMicroelectronics X-CUBE-AZRTOS-G4 2.0.0
2026-02-03 15:27:11,127 [INFO] ThirdParty:1030 - CMSIS Pack Vendor :STMicroelectronics X-CUBE-WB05N 2.0.0
2026-02-03 15:27:11,128 [INFO] ThirdParty:1030 - CMSIS Pack Vendor :STMicroelectronics PDM2PCM 3.1.0
2026-02-03 15:27:11,128 [INFO] ThirdParty:1030 - CMSIS Pack Vendor :STMicroelectronics X-CUBE-NFC7 2.0.0
2026-02-03 15:27:11,128 [INFO] ThirdParty:1030 - CMSIS Pack Vendor :STMicroelectronics X-CUBE-TCPP 4.2.0
2026-02-03 15:27:11,128 [INFO] ThirdParty:1030 - CMSIS Pack Vendor :RealThread X-CUBE-RT-Thread_Nano 4.1.1
2026-02-03 15:27:11,128 [INFO] ThirdParty:1030 - CMSIS Pack Vendor :STMicroelectronics FP-ATR-SIGFOX1 3.2.0
2026-02-03 15:27:11,129 [INFO] ThirdParty:1030 - CMSIS Pack Vendor :quantropi X-CUBE-qispace-sdk-base 1.9.3
2026-02-03 15:27:11,129 [INFO] ThirdParty:1030 - CMSIS Pack Vendor :STMicroelectronics X-CUBE-EEPRMA1 5.1.0
2026-02-03 15:27:11,129 [INFO] ThirdParty:1030 - CMSIS Pack Vendor :STMicroelectronics MBEDTLS 2.16.2
2026-02-03 15:27:11,130 [INFO] ThirdParty:1030 - CMSIS Pack Vendor :STMicroelectronics X-CUBE-IPS 3.1.0
2026-02-03 15:27:11,130 [INFO] ThirdParty:1030 - CMSIS Pack Vendor :STMicroelectronics X-CUBE-ALS 1.0.2
2026-02-03 15:27:11,130 [INFO] ThirdParty:1030 - CMSIS Pack Vendor :wolfSSL I-CUBE-wolfSSL 5.7.4
2026-02-03 15:27:11,130 [INFO] ThirdParty:1030 - CMSIS Pack Vendor :ITTIA_DB I-CUBE-ITTIADB 8.9.0
2026-02-03 15:27:11,130 [INFO] ThirdParty:1030 - CMSIS Pack Vendor :STMicroelectronics X-CUBE-TOUCHGFX 4.24.2
2026-02-03 15:27:11,130 [INFO] ThirdParty:1030 - CMSIS Pack Vendor :STMicroelectronics X-CUBE-TOUCHGFX 4.24.1
2026-02-03 15:27:11,131 [INFO] ThirdParty:1030 - CMSIS Pack Vendor :STMicroelectronics X-CUBE-STSE01 1.0.0
2026-02-03 15:27:11,132 [INFO] ThirdParty:1030 - CMSIS Pack Vendor :wolfSSL I-CUBE-wolfTPM 3.4.0
2026-02-03 15:27:11,132 [INFO] ThirdParty:1030 - CMSIS Pack Vendor :portGmbH I-Cube-SoM-uGOAL 1.1.0
2026-02-03 15:27:11,133 [INFO] ThirdParty:1030 - CMSIS Pack Vendor :STMicroelectronics X-CUBE-NFC6 3.2.0
2026-02-03 15:27:11,133 [INFO] ThirdParty:1030 - CMSIS Pack Vendor :STMicroelectronics X-CUBE-ST67W61 1.0.0
2026-02-03 15:27:11,134 [INFO] ThirdParty:1030 - CMSIS Pack Vendor :STMicroelectronics X-CUBE-AI 10.2.0
2026-02-03 15:27:11,134 [INFO] ThirdParty:1030 - CMSIS Pack Vendor :STMicroelectronics ThreadX 1.0.0
2026-02-03 15:27:11,134 [INFO] ThirdParty:1030 - CMSIS Pack Vendor :SEGGER I-CUBE-embOS 1.3.1
2026-02-03 15:27:11,134 [INFO] ThirdParty:1030 - CMSIS Pack Vendor :STMicroelectronics X-CUBE-ALGOBUILD 1.4.0
2026-02-03 15:27:11,135 [INFO] ThirdParty:1030 - CMSIS Pack Vendor :STMicroelectronics X-CUBE-MEMS1 11.3.0
2026-02-03 15:27:11,135 [INFO] ThirdParty:1030 - CMSIS Pack Vendor :STMicroelectronics X-CUBE-AZRTOS-H7RS 1.0.0
2026-02-03 15:27:11,135 [INFO] ThirdParty:1030 - CMSIS Pack Vendor :STMicroelectronics FP-ATR-ASTRA1 2.0.0
2026-02-03 15:27:11,135 [INFO] ThirdParty:1030 - CMSIS Pack Vendor :STMicroelectronics X-CUBE-TOF1 3.4.2
2026-02-03 15:27:11,135 [INFO] ThirdParty:1030 - CMSIS Pack Vendor :STMicroelectronics X-CUBE-TOF1 3.4.3
2026-02-03 15:27:11,135 [INFO] ThirdParty:1030 - CMSIS Pack Vendor :STMicroelectronics X-CUBE-AI 9.1.0
2026-02-03 15:27:11,135 [INFO] ThirdParty:1030 - CMSIS Pack Vendor :Infineon AIROC-Wi-Fi-Bluetooth-STM32 1.6.1
2026-02-03 15:27:11,135 [INFO] ThirdParty:1030 - CMSIS Pack Vendor :wolfSSL I-CUBE-wolfSSH 1.4.17
2026-02-03 15:27:11,136 [INFO] ThirdParty:841 - exiting critical section [change project]
2026-02-03 15:27:12,241 [INFO] PinOutPanel:1589 - setPackage(No Configuration,No Configuration)
2026-02-03 15:27:12,246 [INFO] PinOutPanel:1589 - setPackage(STM32F767ZITx,LQFP144)
2026-02-03 15:27:13,837 [INFO] UtilMem:75 - Before build in PCC Used Memory: 928516096 Bytes (1073741824)
2026-02-03 15:27:16,189 [INFO] UtilMem:75 - After build in PCC Used Memory: 993527808 Bytes (1073741824)
2026-02-03 15:27:16,542 [INFO] ApiDbMcu:532 - Load IP Config File for FREERTOS
2026-02-03 15:27:16,610 [INFO] ApiDbMcu:532 - Load IP Config File for LWIP
2026-02-03 15:27:16,614 [WARN] BspModel:444 - BSP dependency skipped because of component: name='USER_PHY', api='Unknown'
2026-02-03 15:27:16,701 [INFO] IPUIPlugin:80 - create IPUIPlugin
2026-02-03 15:27:16,701 [INFO] IPUIPlugin:80 - create IPUIPlugin
2026-02-03 15:27:16,701 [INFO] IPUIPlugin:80 - create IPUIPlugin
2026-02-03 15:27:16,701 [INFO] IPUIPlugin:80 - create IPUIPlugin
2026-02-03 15:27:16,701 [INFO] IPUIPlugin:80 - create IPUIPlugin
2026-02-03 15:27:16,701 [INFO] IPUIPlugin:80 - create IPUIPlugin
2026-02-03 15:27:16,702 [INFO] IPUIPlugin:80 - create IPUIPlugin
2026-02-03 15:27:16,702 [INFO] IPUIPlugin:80 - create IPUIPlugin
2026-02-03 15:27:16,702 [INFO] IPUIPlugin:80 - create IPUIPlugin
2026-02-03 15:27:16,702 [INFO] IPUIPlugin:80 - create IPUIPlugin
2026-02-03 15:27:16,702 [INFO] IPUIPlugin:80 - create IPUIPlugin
2026-02-03 15:27:16,702 [INFO] IPUIPlugin:80 - create IPUIPlugin
2026-02-03 15:27:16,703 [INFO] IPUIPlugin:80 - create IPUIPlugin
2026-02-03 15:27:16,703 [INFO] IPUIPlugin:80 - create IPUIPlugin
2026-02-03 15:27:16,703 [INFO] IPUIPlugin:80 - create IPUIPlugin
2026-02-03 15:27:16,703 [INFO] IPUIPlugin:80 - create IPUIPlugin
2026-02-03 15:27:16,703 [INFO] IPUIPlugin:80 - create IPUIPlugin
2026-02-03 15:27:16,703 [INFO] IPUIPlugin:80 - create IPUIPlugin
2026-02-03 15:27:16,704 [INFO] IPUIPlugin:80 - create IPUIPlugin
2026-02-03 15:27:16,704 [INFO] IPUIPlugin:80 - create IPUIPlugin
2026-02-03 15:27:16,704 [INFO] IPUIPlugin:80 - create IPUIPlugin
2026-02-03 15:27:16,704 [INFO] IPUIPlugin:80 - create IPUIPlugin
2026-02-03 15:27:16,704 [INFO] IPUIPlugin:80 - create IPUIPlugin
2026-02-03 15:27:16,704 [INFO] IPUIPlugin:80 - create IPUIPlugin
2026-02-03 15:27:16,704 [INFO] IPUIPlugin:80 - create IPUIPlugin
2026-02-03 15:27:16,705 [INFO] IPUIPlugin:80 - create IPUIPlugin
2026-02-03 15:27:16,705 [INFO] IPUIPlugin:80 - create IPUIPlugin
2026-02-03 15:27:16,705 [INFO] IPUIPlugin:80 - create IPUIPlugin
2026-02-03 15:27:16,706 [INFO] IPUIPlugin:80 - create IPUIPlugin
2026-02-03 15:27:16,706 [INFO] IPUIPlugin:80 - create IPUIPlugin
2026-02-03 15:27:16,706 [INFO] IPUIPlugin:80 - create IPUIPlugin
2026-02-03 15:27:16,707 [INFO] IPUIPlugin:80 - create IPUIPlugin
2026-02-03 15:27:16,707 [INFO] IPUIPlugin:80 - create IPUIPlugin
2026-02-03 15:27:16,707 [INFO] IPUIPlugin:80 - create IPUIPlugin
2026-02-03 15:27:16,708 [INFO] IPUIPlugin:80 - create IPUIPlugin
2026-02-03 15:27:16,708 [INFO] IPUIPlugin:80 - create IPUIPlugin
2026-02-03 15:27:16,708 [INFO] IPUIPlugin:80 - create IPUIPlugin
2026-02-03 15:27:16,708 [INFO] IPUIPlugin:80 - create IPUIPlugin
2026-02-03 15:27:16,709 [INFO] IPUIPlugin:80 - create IPUIPlugin
2026-02-03 15:27:16,709 [INFO] IPUIPlugin:80 - create IPUIPlugin
2026-02-03 15:27:16,709 [INFO] IPUIPlugin:80 - create IPUIPlugin
2026-02-03 15:27:16,710 [INFO] IPUIPlugin:80 - create IPUIPlugin
2026-02-03 15:27:16,710 [INFO] IPUIPlugin:80 - create IPUIPlugin
2026-02-03 15:27:16,710 [INFO] IPUIPlugin:80 - create IPUIPlugin
2026-02-03 15:27:16,710 [INFO] IPUIPlugin:80 - create IPUIPlugin
2026-02-03 15:27:16,711 [INFO] IPUIPlugin:80 - create IPUIPlugin
2026-02-03 15:27:16,712 [INFO] IPUIPlugin:80 - create IPUIPlugin
2026-02-03 15:27:16,714 [INFO] IPUIPlugin:80 - create IPUIPlugin
2026-02-03 15:27:16,714 [INFO] IPUIPlugin:80 - create IPUIPlugin
2026-02-03 15:27:16,715 [INFO] IPUIPlugin:80 - create IPUIPlugin
2026-02-03 15:27:16,715 [INFO] IPUIPlugin:80 - create IPUIPlugin
2026-02-03 15:27:16,715 [INFO] IPUIPlugin:80 - create IPUIPlugin
2026-02-03 15:27:16,716 [INFO] IPUIPlugin:80 - create IPUIPlugin
2026-02-03 15:27:16,716 [INFO] IPUIPlugin:80 - create IPUIPlugin
2026-02-03 15:27:16,716 [INFO] IPUIPlugin:80 - create IPUIPlugin
2026-02-03 15:27:16,717 [INFO] IPUIPlugin:80 - create IPUIPlugin
2026-02-03 15:27:16,717 [INFO] IPUIPlugin:80 - create IPUIPlugin
2026-02-03 15:27:16,717 [INFO] IPUIPlugin:80 - create IPUIPlugin
2026-02-03 15:27:16,717 [INFO] IPUIPlugin:80 - create IPUIPlugin
2026-02-03 15:27:16,718 [INFO] IPUIPlugin:80 - create IPUIPlugin
2026-02-03 15:27:16,718 [INFO] IPUIPlugin:80 - create IPUIPlugin
2026-02-03 15:27:16,719 [INFO] IPUIPlugin:80 - create IPUIPlugin
2026-02-03 15:27:16,719 [INFO] IPUIPlugin:80 - create IPUIPlugin
2026-02-03 15:27:16,719 [INFO] IPUIPlugin:80 - create IPUIPlugin
2026-02-03 15:27:16,720 [INFO] IPUIPlugin:80 - create IPUIPlugin
2026-02-03 15:27:16,720 [INFO] IPUIPlugin:80 - create IPUIPlugin
2026-02-03 15:27:16,720 [INFO] IPUIPlugin:80 - create IPUIPlugin
2026-02-03 15:27:16,721 [INFO] IPUIPlugin:80 - create IPUIPlugin
2026-02-03 15:27:16,722 [INFO] IPUIPlugin:80 - create IPUIPlugin
2026-02-03 15:27:16,722 [INFO] IPUIPlugin:80 - create IPUIPlugin
2026-02-03 15:27:16,723 [INFO] IPUIPlugin:80 - create IPUIPlugin
2026-02-03 15:27:16,723 [INFO] IPUIPlugin:80 - create IPUIPlugin
2026-02-03 15:27:16,724 [INFO] IPUIPlugin:80 - create IPUIPlugin
2026-02-03 15:27:16,724 [INFO] IPUIPlugin:80 - create IPUIPlugin
2026-02-03 15:27:16,725 [INFO] IPUIPlugin:80 - create IPUIPlugin
2026-02-03 15:27:16,725 [INFO] IPUIPlugin:80 - create IPUIPlugin
2026-02-03 15:27:16,726 [INFO] IPUIPlugin:80 - create IPUIPlugin
2026-02-03 15:27:16,726 [INFO] IPUIPlugin:80 - create IPUIPlugin
2026-02-03 15:27:16,727 [INFO] IPUIPlugin:80 - create IPUIPlugin
2026-02-03 15:27:16,785 [INFO] ApiDbMcu:532 - Load IP Config File for PDM2PCM
2026-02-03 15:27:16,808 [INFO] Can:71 - Can Add PropertyChangeListener com.st.microxplorer.plugins.ip.can.Can@5255a4a
2026-02-03 15:27:16,879 [WARN] FreeRTOS:1023 - Null or empty value: should not occur! (nothing added to the table)
2026-02-03 15:27:16,889 [WARN] IP:2250 - LWIP_NETIF_HOSTNAME_NAME not found: check if there is a RefParameter without a condition.
2026-02-03 15:27:16,924 [WARN] IP:2250 - LWIP_NETIF_HOSTNAME_NAME not found: check if there is a RefParameter without a condition.
2026-02-03 15:27:17,583 [INFO] CADModel:165 - CPN selected for project levelSTM32F767ZIT6
2026-02-03 15:27:17,583 [INFO] CADModel:114 - Register for checkConnection events
2026-02-03 15:27:17,587 [INFO] RtosManager:728 - Active RTOS found at IOC load: FREERTOS [Cortex-M7NS]
2026-02-03 15:27:17,652 [INFO] OpenFileManager:386 - Restore cursor
2026-02-03 15:27:18,047 [WARN] IP:2250 - LWIP_NETIF_HOSTNAME_NAME not found: check if there is a RefParameter without a condition.
2026-02-03 15:27:18,089 [WARN] IP:2250 - LWIP_NETIF_HOSTNAME_NAME not found: check if there is a RefParameter without a condition.
2026-02-03 15:27:18,231 [WARN] IP:2250 - Warning not found: check if there is a RefParameter without a condition.
2026-02-03 15:27:18,231 [WARN] IP:2250 - RxBufferAddress not found: check if there is a RefParameter without a condition.
2026-02-03 15:27:18,231 [WARN] IP:2250 - DESC_SIZE_UNIT not found: check if there is a RefParameter without a condition.
2026-02-03 15:27:18,232 [WARN] IP:2250 - Warning not found: check if there is a RefParameter without a condition.
2026-02-03 15:27:18,232 [WARN] IP:2250 - RxBufferAddress not found: check if there is a RefParameter without a condition.
2026-02-03 15:27:18,232 [WARN] IP:2250 - DESC_SIZE_UNIT not found: check if there is a RefParameter without a condition.
2026-02-03 15:35:03,393 [INFO] WebApp:194 - Connection lost
2026-02-03 15:35:03,622 [INFO] WebApp:191 - Connection restablished
2026-02-03 16:05:20,444 [INFO] WebApp:194 - Connection lost
2026-02-03 16:05:20,733 [INFO] WebApp:191 - Connection restablished
2026-02-03 16:35:34,893 [INFO] WebApp:194 - Connection lost
2026-02-03 16:35:35,137 [INFO] WebApp:191 - Connection restablished
2026-02-03 16:46:06,456 [ERROR] LogOutputStream:75 - [STDERR_REDIRECT] 
