2025-07-25 08:59:50,764 [INFO] Activator:176 - 


2025-07-25 08:59:50,777 [INFO] Activator:177 - !SESSION log4j initialized
2025-07-25 09:01:42,666 [INFO] LogOutputStream:77 - [STDOUT_REDIRECT] 
2025-07-25 09:01:46,143 [INFO] ApplicationProperties:184 - Using Application install path: C:\ST\STM32CubeIDE_1.16.1\STM32CubeIDE\plugins\com.st.stm32cube.common.mx_6.15.0.202507011659
2025-07-25 09:01:46,207 [INFO] DbMcusXml:78 - Set database path to: C:\ST\STM32CubeIDE_1.16.1\STM32CubeIDE\plugins\com.st.stm32cube.common.mx_6.15.0.202507011659\\db\/mcu/
2025-07-25 09:01:46,208 [INFO] ApiDb:274 - Set plugin database path to: C:\ST\STM32CubeIDE_1.16.1\STM32CubeIDE\plugins\com.st.stm32cube.common.mx_6.15.0.202507011659\\db\/plugins/boardmanager/
2025-07-25 09:01:46,209 [WARN] ApiDb:259 - Overriding images path with different value:  => C:\ST\STM32CubeIDE_1.16.1\STM32CubeIDE\plugins\com.st.stm32cube.common.mx_6.15.0.202507011659\\db\/plugins/mcufinder/images/
2025-07-25 09:01:46,234 [INFO] ApiDb:250 - Set database path to: C:\Users\Chinnapop\.stmcufinder\plugins\mcufinder//mcu/
2025-07-25 09:01:46,237 [INFO] DbMcusAds:125 - Set database path to: C:\Users\Chinnapop\.stmcufinder\plugins\mcufinder//mcu/
2025-07-25 09:01:46,241 [INFO] CrossReferenceDbSqlite:203 - Set database path to: C:\Users\Chinnapop\.stmcufinder\plugins\mcufinder//mcu/cs/
2025-07-25 09:01:46,549 [INFO] RulesReader:64 - Compatibility file has been processed (317 Rules)
2025-07-25 09:01:46,717 [INFO] DbMcusXml:78 - Set database path to: C:\ST\STM32CubeIDE_1.16.1\STM32CubeIDE\plugins\com.st.stm32cube.common.mx_6.15.0.202507011659\\db\/mcu/
2025-07-25 09:01:46,717 [INFO] ApiDb:274 - Set plugin database path to: C:\ST\STM32CubeIDE_1.16.1\STM32CubeIDE\plugins\com.st.stm32cube.common.mx_6.15.0.202507011659\\db\/plugins/boardmanager/
2025-07-25 09:01:46,717 [INFO] ApiDb:261 - Set plugin images path to: C:\ST\STM32CubeIDE_1.16.1\STM32CubeIDE\plugins\com.st.stm32cube.common.mx_6.15.0.202507011659\\db\/plugins/mcufinder/images/
2025-07-25 09:01:46,718 [WARN] DbFile:41 - Overriding database path with different value: C:\Users\Chinnapop\.stmcufinder\plugins\mcufinder/ => C:\Users\Chinnapop\.stmcufinder\plugins\mcufinder
2025-07-25 09:01:46,719 [INFO] ApiDb:250 - Set database path to: C:\Users\Chinnapop\.stmcufinder\plugins\mcufinder//mcu/
2025-07-25 09:01:46,719 [WARN] DbFile:41 - Overriding database path with different value: C:\Users\Chinnapop\.stmcufinder\plugins\mcufinder/ => C:\Users\Chinnapop\.stmcufinder\plugins\mcufinder
2025-07-25 09:01:46,719 [INFO] DbMcusAds:125 - Set database path to: C:\Users\Chinnapop\.stmcufinder\plugins\mcufinder//mcu/
2025-07-25 09:01:46,719 [WARN] DbFile:41 - Overriding database path with different value: C:\Users\Chinnapop\.stmcufinder\plugins\mcufinder/ => C:\Users\Chinnapop\.stmcufinder\plugins\mcufinder
2025-07-25 09:01:46,719 [WARN] DbFile:41 - Overriding database path with different value: C:\Users\Chinnapop\.stmcufinder\plugins\mcufinder/ => C:\Users\Chinnapop\.stmcufinder\plugins\mcufinder
2025-07-25 09:01:46,720 [INFO] CrossReferenceDbSqlite:203 - Set database path to: C:\Users\Chinnapop\.stmcufinder\plugins\mcufinder//mcu/cs/
2025-07-25 09:01:46,975 [INFO] MainPanel:274 - HeapMemory: 268435456
2025-07-25 09:01:47,337 [INFO] DbMcusXml:78 - Set database path to: C:\ST\STM32CubeIDE_1.16.1\STM32CubeIDE\plugins\com.st.stm32cube.common.mx_6.15.0.202507011659\\db\/mcu/
2025-07-25 09:01:47,338 [INFO] ApiDb:274 - Set plugin database path to: C:\ST\STM32CubeIDE_1.16.1\STM32CubeIDE\plugins\com.st.stm32cube.common.mx_6.15.0.202507011659\\db\/plugins/boardmanager/
2025-07-25 09:01:47,338 [INFO] ApiDb:261 - Set plugin images path to: C:\ST\STM32CubeIDE_1.16.1\STM32CubeIDE\plugins\com.st.stm32cube.common.mx_6.15.0.202507011659\\db\/plugins/mcufinder/images/
2025-07-25 09:01:47,339 [WARN] DbFile:41 - Overriding database path with different value: C:\Users\Chinnapop\.stmcufinder\plugins\mcufinder/ => C:\Users\Chinnapop\.stmcufinder\plugins\mcufinder
2025-07-25 09:01:47,339 [INFO] ApiDb:250 - Set database path to: C:\Users\Chinnapop\.stmcufinder\plugins\mcufinder//mcu/
2025-07-25 09:01:47,339 [WARN] DbFile:41 - Overriding database path with different value: C:\Users\Chinnapop\.stmcufinder\plugins\mcufinder/ => C:\Users\Chinnapop\.stmcufinder\plugins\mcufinder
2025-07-25 09:01:47,340 [INFO] DbMcusAds:125 - Set database path to: C:\Users\Chinnapop\.stmcufinder\plugins\mcufinder//mcu/
2025-07-25 09:01:47,340 [WARN] DbFile:41 - Overriding database path with different value: C:\Users\Chinnapop\.stmcufinder\plugins\mcufinder/ => C:\Users\Chinnapop\.stmcufinder\plugins\mcufinder
2025-07-25 09:01:47,340 [WARN] DbFile:41 - Overriding database path with different value: C:\Users\Chinnapop\.stmcufinder\plugins\mcufinder/ => C:\Users\Chinnapop\.stmcufinder\plugins\mcufinder
2025-07-25 09:01:47,341 [INFO] CrossReferenceDbSqlite:203 - Set database path to: C:\Users\Chinnapop\.stmcufinder\plugins\mcufinder//mcu/cs/
2025-07-25 09:01:47,390 [INFO] ApplicationProperties:184 - Using Application install path: C:\ST\STM32CubeIDE_1.16.1\STM32CubeIDE\plugins\com.st.stm32cube.common.mx_6.15.0.202507011659
2025-07-25 09:01:47,393 [INFO] PluginManage:196 - Search for loadable plugins [exclusion list=, ]
2025-07-25 09:01:47,396 [INFO] PluginManage:310 - Check plugin analytics
2025-07-25 09:01:47,884 [INFO] AnalyticsPlugin:253 - Accepted Software Licenses: 
2025-07-25 09:01:47,885 [INFO] AnalyticsPlugin:255 - Accepted CMSIS Pack Licenses: 
2025-07-25 09:01:47,885 [INFO] AnalyticsPlugin:257 - Accepted Firmware Licenses: FW.F7.1.17.0
2025-07-25 09:01:47,894 [INFO] PluginManage:359 - Loaded plugin analytics (category:tool,tabindex:-1)
2025-07-25 09:01:47,894 [INFO] PluginManage:310 - Check plugin cadmodel
2025-07-25 09:01:47,924 [INFO] CADModel:105 - Init CAD model plugin
2025-07-25 09:01:47,924 [INFO] PluginManage:359 - Loaded plugin cadmodel (category:power,tabindex:5)
2025-07-25 09:01:47,924 [INFO] PluginManage:310 - Check plugin clock
2025-07-25 09:01:47,948 [INFO] PluginManage:359 - Loaded plugin clock (category:base,tabindex:2)
2025-07-25 09:01:47,950 [INFO] PluginManage:310 - Check plugin ddr
2025-07-25 09:01:47,954 [INFO] PluginManage:359 - Loaded plugin ddr (category:tool,tabindex:6)
2025-07-25 09:01:47,956 [INFO] PluginManage:310 - Check plugin filemanager
2025-07-25 09:01:48,265 [INFO] PluginManage:359 - Loaded plugin filemanager (category:base,tabindex:10)
2025-07-25 09:01:48,266 [INFO] PluginManage:310 - Check plugin ipmanager
2025-07-25 09:01:48,280 [INFO] PluginManage:359 - Loaded plugin ipmanager (category:base,tabindex:5)
2025-07-25 09:01:48,280 [INFO] PluginManage:310 - Check plugin lpbam
2025-07-25 09:01:48,302 [INFO] PluginManage:359 - Loaded plugin lpbam (category:base,tabindex:0)
2025-07-25 09:01:48,302 [INFO] PluginManage:310 - Check plugin memorymap
2025-07-25 09:01:48,339 [INFO] PluginManage:359 - Loaded plugin memorymap (category:base,tabindex:4)
2025-07-25 09:01:48,340 [INFO] PluginManage:310 - Check plugin pinoutandconfiguration
2025-07-25 09:01:48,362 [INFO] PluginManage:359 - Loaded plugin pinoutandconfiguration (category:base,tabindex:1)
2025-07-25 09:01:48,363 [INFO] PluginManage:310 - Check plugin pinoutconfig
2025-07-25 09:01:48,619 [WARN] SupportedApi:132 - Cannot load RTOS API schema: s4s-elt-must-match.1: The content of 'definitions' must match (annotation?, (simpleType | complexType)?, (unique | key | keyref)*)). A problem was found starting at: attribute.
2025-07-25 09:01:48,981 [INFO] PluginManage:359 - Loaded plugin pinoutconfig (category:base,tabindex:0)
2025-07-25 09:01:48,982 [INFO] PluginManage:310 - Check plugin power
2025-07-25 09:01:49,015 [INFO] PluginManage:359 - Loaded plugin power (category:power,tabindex:4)
2025-07-25 09:01:49,016 [INFO] PluginManage:310 - Check plugin projectmanager
2025-07-25 09:01:49,050 [INFO] PluginManage:359 - Loaded plugin projectmanager (category:projectmanager,tabindex:4)
2025-07-25 09:01:49,051 [INFO] PluginManage:310 - Check plugin rif
2025-07-25 09:01:49,079 [INFO] PluginManage:359 - Loaded plugin rif (category:base,tabindex:3)
2025-07-25 09:01:49,079 [INFO] PluginManage:310 - Check plugin thirdparty
2025-07-25 09:01:49,460 [INFO] PluginManage:359 - Loaded plugin thirdparty (category:base,tabindex:-1)
2025-07-25 09:01:49,460 [INFO] PluginManage:310 - Check plugin tools
2025-07-25 09:01:49,460 [WARN] IntegrityCheckThread:84 - waiting for thirdparty lock release [integrity check]
2025-07-25 09:01:49,461 [INFO] IntegrityCheckThread:86 - entering critical section [integrity check]
2025-07-25 09:01:49,461 [INFO] ThirdPartyUpdaterWithRetryManager:70 - Updater plugin not ready yet. [1/15]
2025-07-25 09:01:49,472 [INFO] PluginManage:359 - Loaded plugin tools (category:base,tabindex:7)
2025-07-25 09:01:49,472 [INFO] PluginManage:310 - Check plugin tutovideos
2025-07-25 09:01:49,908 [INFO] PluginManage:359 - Loaded plugin tutovideos (category:base,tabindex:-1)
2025-07-25 09:01:49,909 [INFO] PluginManage:310 - Check plugin updater
2025-07-25 09:01:49,962 [INFO] PluginManage:359 - Loaded plugin updater (category:base,tabindex:12)
2025-07-25 09:01:49,963 [INFO] PluginManage:310 - Check plugin userauth
2025-07-25 09:01:49,970 [INFO] UserAuth:118 - Init User Auth plugin
2025-07-25 09:01:49,972 [INFO] PluginManage:359 - Loaded plugin userauth (category:base,tabindex:14)
2025-07-25 09:01:49,973 [INFO] PluginManage:283 - PluginManage : Loaded plugins [18]
2025-07-25 09:01:50,578 [INFO] PinOutPanel:1589 - setPackage(No Configuration,No Configuration)
2025-07-25 09:01:50,805 [INFO] CADModel:165 - CPN selected for project level
2025-07-25 09:01:50,805 [INFO] CADModel:114 - Register for checkConnection events
2025-07-25 09:01:50,889 [INFO] IPUIPlugin:80 - create IPUIPlugin
2025-07-25 09:01:50,889 [INFO] PluginManager:220 - loadIPPluginJar : add adc
2025-07-25 09:01:50,903 [INFO] IPUIPlugin:80 - create IPUIPlugin
2025-07-25 09:01:50,903 [INFO] PluginManager:220 - loadIPPluginJar : add aes
2025-07-25 09:01:50,914 [INFO] IPUIPlugin:80 - create IPUIPlugin
2025-07-25 09:01:50,915 [INFO] PluginManager:220 - loadIPPluginJar : add can
2025-07-25 09:01:50,926 [INFO] IPUIPlugin:80 - create IPUIPlugin
2025-07-25 09:01:50,926 [INFO] PluginManager:220 - loadIPPluginJar : add comp
2025-07-25 09:01:50,941 [INFO] IPUIPlugin:80 - create IPUIPlugin
2025-07-25 09:01:50,941 [INFO] PluginManager:220 - loadIPPluginJar : add cryp
2025-07-25 09:01:50,963 [INFO] IPUIPlugin:80 - create IPUIPlugin
2025-07-25 09:01:50,963 [INFO] PluginManager:220 - loadIPPluginJar : add ddr_ctrl_phy
2025-07-25 09:01:50,975 [INFO] IPUIPlugin:80 - create IPUIPlugin
2025-07-25 09:01:50,975 [INFO] PluginManager:220 - loadIPPluginJar : add dfsdm
2025-07-25 09:01:51,000 [INFO] IPUIPlugin:80 - create IPUIPlugin
2025-07-25 09:01:51,002 [INFO] PluginManager:220 - loadIPPluginJar : add dma
2025-07-25 09:01:51,012 [INFO] IPUIPlugin:80 - create IPUIPlugin
2025-07-25 09:01:51,012 [INFO] PluginManager:220 - loadIPPluginJar : add dma3
2025-07-25 09:01:51,025 [INFO] IPUIPlugin:80 - create IPUIPlugin
2025-07-25 09:01:51,025 [INFO] PluginManager:220 - loadIPPluginJar : add extmemmanager
2025-07-25 09:01:51,085 [INFO] IPUIPlugin:80 - create IPUIPlugin
2025-07-25 09:01:51,085 [INFO] PluginManager:220 - loadIPPluginJar : add fatfs
2025-07-25 09:01:51,104 [INFO] IPUIPlugin:80 - create IPUIPlugin
2025-07-25 09:01:51,104 [INFO] PluginManager:220 - loadIPPluginJar : add fmc
2025-07-25 09:01:51,128 [INFO] IPUIPlugin:80 - create IPUIPlugin
2025-07-25 09:01:51,128 [INFO] PluginManager:220 - loadIPPluginJar : add freertos
2025-07-25 09:01:51,138 [INFO] IPUIPlugin:80 - create IPUIPlugin
2025-07-25 09:01:51,138 [INFO] PluginManager:220 - loadIPPluginJar : add genericplugin
2025-07-25 09:01:51,150 [INFO] IPUIPlugin:80 - create IPUIPlugin
2025-07-25 09:01:51,150 [INFO] PluginManager:220 - loadIPPluginJar : add gfxmmu
2025-07-25 09:01:51,164 [INFO] IPUIPlugin:80 - create IPUIPlugin
2025-07-25 09:01:51,165 [INFO] PluginManager:220 - loadIPPluginJar : add gic
2025-07-25 09:01:51,178 [INFO] IPUIPlugin:80 - create IPUIPlugin
2025-07-25 09:01:51,178 [INFO] PluginManager:220 - loadIPPluginJar : add gpio
2025-07-25 09:01:51,189 [INFO] IPUIPlugin:80 - create IPUIPlugin
2025-07-25 09:01:51,190 [INFO] PluginManager:220 - loadIPPluginJar : add gtzc
2025-07-25 09:01:51,200 [INFO] IPUIPlugin:80 - create IPUIPlugin
2025-07-25 09:01:51,200 [INFO] PluginManager:220 - loadIPPluginJar : add hash
2025-07-25 09:01:51,213 [INFO] IPUIPlugin:80 - create IPUIPlugin
2025-07-25 09:01:51,213 [INFO] PluginManager:220 - loadIPPluginJar : add i2c
2025-07-25 09:01:51,223 [INFO] IPUIPlugin:80 - create IPUIPlugin
2025-07-25 09:01:51,224 [INFO] PluginManager:220 - loadIPPluginJar : add i2s
2025-07-25 09:01:51,235 [INFO] IPUIPlugin:80 - create IPUIPlugin
2025-07-25 09:01:51,235 [INFO] PluginManager:220 - loadIPPluginJar : add i3c
2025-07-25 09:01:51,247 [INFO] IPUIPlugin:80 - create IPUIPlugin
2025-07-25 09:01:51,247 [INFO] PluginManager:220 - loadIPPluginJar : add ipddr
2025-07-25 09:01:51,268 [INFO] IPUIPlugin:80 - create IPUIPlugin
2025-07-25 09:01:51,270 [INFO] PluginManager:220 - loadIPPluginJar : add linkedlist
2025-07-25 09:01:51,283 [INFO] IPUIPlugin:80 - create IPUIPlugin
2025-07-25 09:01:51,283 [INFO] PluginManager:220 - loadIPPluginJar : add lorawan
2025-07-25 09:01:51,292 [INFO] IPUIPlugin:80 - create IPUIPlugin
2025-07-25 09:01:51,292 [INFO] PluginManager:220 - loadIPPluginJar : add ltdc
2025-07-25 09:01:51,310 [INFO] IPUIPlugin:80 - create IPUIPlugin
2025-07-25 09:01:51,310 [INFO] PluginManager:220 - loadIPPluginJar : add mdma
2025-07-25 09:01:51,322 [INFO] IPUIPlugin:80 - create IPUIPlugin
2025-07-25 09:01:51,322 [INFO] PluginManager:220 - loadIPPluginJar : add nvic
2025-07-25 09:01:51,334 [INFO] IPUIPlugin:80 - create IPUIPlugin
2025-07-25 09:01:51,334 [INFO] PluginManager:220 - loadIPPluginJar : add opamp
2025-07-25 09:01:51,348 [INFO] IPUIPlugin:80 - create IPUIPlugin
2025-07-25 09:01:51,348 [INFO] PluginManager:220 - loadIPPluginJar : add openamp
2025-07-25 09:01:51,365 [INFO] IPUIPlugin:80 - create IPUIPlugin
2025-07-25 09:01:51,365 [INFO] PluginManager:220 - loadIPPluginJar : add pdm2pcm
2025-07-25 09:01:51,386 [INFO] IPUIPlugin:80 - create IPUIPlugin
2025-07-25 09:01:51,390 [INFO] PluginManager:220 - loadIPPluginJar : add plateformsettings
2025-07-25 09:01:51,402 [INFO] IPUIPlugin:80 - create IPUIPlugin
2025-07-25 09:01:51,402 [INFO] PluginManager:220 - loadIPPluginJar : add quadspi
2025-07-25 09:01:51,412 [INFO] IPUIPlugin:80 - create IPUIPlugin
2025-07-25 09:01:51,413 [INFO] PluginManager:220 - loadIPPluginJar : add radio
2025-07-25 09:01:51,428 [INFO] IPUIPlugin:80 - create IPUIPlugin
2025-07-25 09:01:51,429 [INFO] PluginManager:220 - loadIPPluginJar : add resmgrutility
2025-07-25 09:01:51,444 [INFO] IPUIPlugin:80 - create IPUIPlugin
2025-07-25 09:01:51,444 [INFO] PluginManager:220 - loadIPPluginJar : add sai
2025-07-25 09:01:51,462 [INFO] IPUIPlugin:80 - create IPUIPlugin
2025-07-25 09:01:51,462 [INFO] PluginManager:220 - loadIPPluginJar : add spi
2025-07-25 09:01:51,479 [INFO] IPUIPlugin:80 - create IPUIPlugin
2025-07-25 09:01:51,479 [INFO] PluginManager:220 - loadIPPluginJar : add stm32_wpan
2025-07-25 09:01:51,491 [INFO] IPUIPlugin:80 - create IPUIPlugin
2025-07-25 09:01:51,491 [INFO] PluginManager:220 - loadIPPluginJar : add tim
2025-07-25 09:01:51,506 [INFO] IPUIPlugin:80 - create IPUIPlugin
2025-07-25 09:01:51,506 [INFO] PluginManager:220 - loadIPPluginJar : add touchsensing
2025-07-25 09:01:51,519 [INFO] IPUIPlugin:80 - create IPUIPlugin
2025-07-25 09:01:51,519 [INFO] PluginManager:220 - loadIPPluginJar : add tracer_emb
2025-07-25 09:01:51,532 [INFO] IPUIPlugin:80 - create IPUIPlugin
2025-07-25 09:01:51,532 [INFO] PluginManager:220 - loadIPPluginJar : add ts
2025-07-25 09:01:51,543 [INFO] IPUIPlugin:80 - create IPUIPlugin
2025-07-25 09:01:51,544 [INFO] PluginManager:220 - loadIPPluginJar : add tsc
2025-07-25 09:01:51,560 [INFO] IPUIPlugin:80 - create IPUIPlugin
2025-07-25 09:01:51,561 [INFO] PluginManager:220 - loadIPPluginJar : add ucpd
2025-07-25 09:01:51,578 [INFO] IPUIPlugin:80 - create IPUIPlugin
2025-07-25 09:01:51,578 [INFO] PluginManager:220 - loadIPPluginJar : add usart
2025-07-25 09:01:51,591 [INFO] IPUIPlugin:80 - create IPUIPlugin
2025-07-25 09:01:51,591 [INFO] PluginManager:220 - loadIPPluginJar : add usbx
2025-07-25 09:01:51,927 [FATAL] Updater:351 - Updater called before beeing initialized
2025-07-25 09:01:52,054 [INFO] RulesReader:64 - Compatibility file has been processed (317 Rules)
2025-07-25 09:01:52,166 [INFO] RulesReader:64 - Compatibility file has been processed (317 Rules)
2025-07-25 09:01:52,230 [INFO] CADModel:165 - CPN selected for project level
2025-07-25 09:01:52,232 [INFO] CADModel:114 - Register for checkConnection events
2025-07-25 09:01:52,240 [FATAL] Updater:351 - Updater called before beeing initialized
2025-07-25 09:01:52,242 [ERROR] CADModel:125 - Updater not yet initialized, retry later 
2025-07-25 09:01:52,463 [INFO] ThirdPartyUpdaterWithRetryManager:70 - Updater plugin not ready yet. [2/15]
2025-07-25 09:01:52,697 [FATAL] Updater:351 - Updater called before beeing initialized
2025-07-25 09:01:52,701 [INFO] CADModel:165 - CPN selected for project level
2025-07-25 09:01:52,702 [INFO] CADModel:114 - Register for checkConnection events
2025-07-25 09:01:52,703 [FATAL] Updater:351 - Updater called before beeing initialized
2025-07-25 09:01:52,703 [ERROR] CADModel:125 - Updater not yet initialized, retry later 
2025-07-25 09:01:52,709 [FATAL] Updater:351 - Updater called before beeing initialized
2025-07-25 09:01:53,056 [FATAL] Updater:351 - Updater called before beeing initialized
2025-07-25 09:01:53,066 [INFO] DbMcusAds:53 - JSON generation date=Tue Jul 08 15:14:23 ICT 2025 (1751962463562)
2025-07-25 09:01:53,066 [FATAL] Updater:351 - Updater called before beeing initialized
2025-07-25 09:01:53,199 [WARN] DetailPanel:346 - Failed to get advertising image, set to default
2025-07-25 09:01:53,335 [FATAL] Updater:351 - Updater called before beeing initialized
2025-07-25 09:01:53,339 [FATAL] Updater:351 - Updater called before beeing initialized
2025-07-25 09:01:53,340 [FATAL] Updater:351 - Updater called before beeing initialized
2025-07-25 09:01:53,340 [WARN] DetailPanel:346 - Failed to get advertising image, set to default
2025-07-25 09:01:53,342 [FATAL] Updater:351 - Updater called before beeing initialized
2025-07-25 09:01:53,472 [ERROR] Updater:1198 - MainUpdater not yet initialized. External WinMGr cannot be set.
2025-07-25 09:01:53,481 [INFO] Updater:1134 - Updater Version found : 6.15.0
2025-07-25 09:01:53,516 [INFO] ApplicationProperties:184 - Using Application install path: C:\ST\STM32CubeIDE_1.16.1\STM32CubeIDE\plugins\com.st.stm32cube.common.mx_6.15.0.202507011659
2025-07-25 09:01:55,112 [ERROR] LogOutputStream:75 - [STDERR_REDIRECT] Jul 25, 2025 9:01:55 AM java.util.prefs.WindowsPreferences <init>
2025-07-25 09:01:55,115 [ERROR] LogOutputStream:75 - [STDERR_REDIRECT] WARNING: Could not open/create prefs root node Software\JavaSoft\Prefs at root 0xffffffff80000002. Windows RegCreateKeyEx(...) returned error code 5.
2025-07-25 09:01:55,115 [ERROR] LogOutputStream:75 - [STDERR_REDIRECT] 
2025-07-25 09:01:55,466 [FATAL] Updater:351 - Updater called before beeing initialized
2025-07-25 09:01:55,467 [ERROR] IntegrityCheckThread:130 - Cannot retrieve database content from updater: error 21
2025-07-25 09:01:55,468 [INFO] ThirdParty:978 - Integrity check success = false
2025-07-25 09:01:55,468 [INFO] IntegrityCheckThread:100 - exiting critical section [integrity check]
2025-07-25 09:01:55,468 [INFO] IntegrityCheckThread:103 - End integrity checks thread
2025-07-25 09:01:56,449 [INFO] MainUpdater:2872 - connection check result : 10
2025-07-25 09:01:56,451 [INFO] MainUpdater:289 - Updater Check For Update Now.
2025-07-25 09:01:56,451 [INFO] MicroXplorer:498 - Change Database Version : DB.6.0.150
2025-07-25 09:01:56,470 [INFO] McuFinderGlobals:63 - Set McuFinder mode to 2 (CubeIDE integrated)
2025-07-25 09:01:56,473 [INFO] UserAuth:487 - Internet connection configuration mode: 1
2025-07-25 09:01:56,526 [INFO] JxBrowserEngine:152 - Initiate JxBrowser Engine with user profile folder
2025-07-25 09:01:56,873 [INFO] CheckServerUpdateThread:120 - End of CheckServer Thread
2025-07-25 09:01:58,904 [INFO] WebApp:169 - Instantiating new browser for Auth
2025-07-25 09:02:00,640 [INFO] WebApp:463 - Apply proxy settings
2025-07-25 09:02:00,641 [INFO] WebApp:548 - Chromium requires no authentication
2025-07-25 09:02:00,659 [INFO] WebApp:491 - Direct internet connection detected
2025-07-25 09:02:00,700 [INFO] WebApp:900 - Register for checkConnection events
2025-07-25 09:02:00,701 [INFO] WebApp:463 - Apply proxy settings
2025-07-25 09:02:00,701 [INFO] WebApp:548 - Chromium requires no authentication
2025-07-25 09:02:00,702 [INFO] WebApp:491 - Direct internet connection detected
2025-07-25 09:02:01,070 [INFO] WebApp:191 - Connection restablished
2025-07-25 09:02:01,072 [INFO] WebApp:225 - Starting web application
2025-07-25 09:02:01,072 [INFO] WebApp:593 - Web application path used C:\ST\STM32CubeIDE_1.16.1\STM32CubeIDE\plugins\com.st.stm32cube.common.mx_6.15.0.202507011659\db\plugins\mcufinder\reactClient1\index.html
2025-07-25 09:02:01,284 [INFO] UserAuth:487 - Internet connection configuration mode: 1
2025-07-25 09:06:53,153 [INFO] WebApp:194 - Connection lost
2025-07-25 09:06:53,349 [INFO] WebApp:191 - Connection restablished
2025-07-25 09:09:44,635 [INFO] WebApp:194 - Connection lost
2025-07-25 09:09:45,065 [INFO] WebApp:191 - Connection restablished
2025-07-25 09:10:50,403 [INFO] McuFinderGlobals:63 - Set McuFinder mode to 2 (CubeIDE integrated)
2025-07-25 09:10:50,426 [INFO] MainUpdater:2872 - connection check result : 10
2025-07-25 09:10:50,435 [INFO] MainUpdater:2872 - connection check result : 10
2025-07-25 09:10:50,658 [INFO] MicroXplorer:468 - Change Database Path : 
2025-07-25 09:10:50,660 [INFO] MicroXplorer:498 - Change Database Version : DB.6.0.150
2025-07-25 09:10:50,674 [WARN] ThirdParty:871 - waiting for thirdparty lock release [close project]
2025-07-25 09:10:50,675 [INFO] ThirdParty:873 - entering critical section [close project]
2025-07-25 09:10:50,698 [INFO] ThirdParty:883 - exiting critical section [close project]
2025-07-25 09:10:50,714 [INFO] PinOutPanel:1589 - setPackage(No Configuration,No Configuration)
2025-07-25 09:10:50,720 [INFO] UtilMem:75 - Begin LoadConfig() Used Memory: 775782384 Bytes (900726784)
2025-07-25 09:10:50,726 [INFO] MicroXplorer:468 - Change Database Path : 
2025-07-25 09:10:50,726 [INFO] MicroXplorer:498 - Change Database Version : DB.6.0.150
2025-07-25 09:10:50,727 [INFO] OpenFileManager:355 - Change cursor
2025-07-25 09:10:50,808 [WARN] IntegrityCheckThread:84 - waiting for thirdparty lock release [integrity check]
2025-07-25 09:10:50,808 [INFO] IntegrityCheckThread:86 - entering critical section [integrity check]
2025-07-25 09:10:51,275 [WARN] PackLoader:240 - Cannot read IP mode file for STMicroelectronics.FP-SNS-MOTENVWB1.1.4.0
2025-07-25 09:10:51,303 [WARN] PackLoader:240 - Cannot read IP mode file for STMicroelectronics.FP-ATR-ASTRA1.2.0.2
2025-07-25 09:10:51,313 [WARN] PackLoader:240 - Cannot read IP mode file for STMicroelectronics.FP-ATR-ASTRA1.2.0.1
2025-07-25 09:10:51,344 [WARN] PackLoader:240 - Cannot read IP mode file for STMicroelectronics.X-CUBE-SMBUS.2.1.0
2025-07-25 09:10:51,362 [WARN] PackLoader:240 - Cannot read IP mode file for STMicroelectronics.X-CUBE-WB05N.1.1.0
2025-07-25 09:10:51,372 [WARN] PackLoader:240 - Cannot read IP mode file for STMicroelectronics.X-CUBE-ST60.1.0.0
2025-07-25 09:10:51,414 [WARN] PackLoader:240 - Cannot read IP mode file for STMicroelectronics.X-CUBE-AZRTOS-F7.1.1.0
2025-07-25 09:10:51,463 [WARN] PackLoader:240 - Cannot read IP mode file for STMicroelectronics.X-CUBE-MEMS1.11.0.0
2025-07-25 09:10:51,570 [WARN] PackLoader:240 - Cannot read IP mode file for STMicroelectronics.FP-SNS-FLIGHT1.5.0.2
2025-07-25 09:10:51,588 [WARN] PackLoader:240 - Cannot read IP mode file for STMicroelectronics.X-CUBE-AZRTOS-H7.3.4.0
2025-07-25 09:10:51,598 [WARN] PackLoader:240 - Cannot read IP mode file for STMicroelectronics.X-CUBE-DISPLAY.3.0.0
2025-07-25 09:10:51,607 [WARN] PackLoader:240 - Cannot read IP mode file for STMicroelectronics.X-CUBE-BLE1.7.0.0
2025-07-25 09:10:51,614 [WARN] PackLoader:240 - Cannot read IP mode file for STMicroelectronics.X-CUBE-NFC10.1.0.0
2025-07-25 09:10:51,625 [WARN] PackLoader:240 - Cannot read IP mode file for STMicroelectronics.X-CUBE-BLEMGR.4.0.0
2025-07-25 09:10:51,633 [WARN] PackLoader:240 - Cannot read IP mode file for emotas.I-CUBE-CANOPEN.1.3.0
2025-07-25 09:10:51,642 [WARN] PackLoader:240 - Cannot read IP mode file for STMicroelectronics.X-CUBE-BLEMGR.3.1.0
2025-07-25 09:10:51,648 [WARN] PackLoader:240 - Cannot read IP mode file for STMicroelectronics.X-CUBE-AI.10.0.0
2025-07-25 09:10:51,656 [WARN] PackLoader:240 - Cannot read IP mode file for STMicroelectronics.FP-SNS-SMARTAG2.1.2.0
2025-07-25 09:10:51,662 [WARN] PackLoader:240 - Cannot read IP mode file for STMicroelectronics.FP-SNS-FLIGHT1.5.1.0
2025-07-25 09:10:51,695 [WARN] PackLoader:240 - Cannot read IP mode file for STMicroelectronics.X-CUBE-MEMS1.11.1.0
2025-07-25 09:10:51,826 [INFO] LogOutputStream:77 - [STDOUT_REDIRECT] 1 : Invalid condition id : UX_CORESTACK_Condition cause : null
2025-07-25 09:10:51,827 [INFO] LogOutputStream:77 - [STDOUT_REDIRECT] 1 : Invalid condition id : UX_CORESTACK_Condition cause : null
2025-07-25 09:10:51,830 [INFO] LogOutputStream:77 - [STDOUT_REDIRECT] 1 : Invalid condition id : UX_CORESTACK_Condition cause : null
2025-07-25 09:10:51,832 [INFO] LogOutputStream:77 - [STDOUT_REDIRECT] 1 : Invalid condition id : UX_CORESTACK_Condition cause : null
2025-07-25 09:10:51,833 [INFO] LogOutputStream:77 - [STDOUT_REDIRECT] 1 : Invalid condition id : UX_CORESTACK_Condition cause : null
2025-07-25 09:10:51,835 [WARN] PackLoader:240 - Cannot read IP mode file for STMicroelectronics.X-CUBE-AZRTOS-WL.2.0.0
2025-07-25 09:10:51,844 [WARN] PackLoader:240 - Cannot read IP mode file for STMicroelectronics.FP-SNS-MOTENV1.5.0.0
2025-07-25 09:10:51,851 [WARN] PackLoader:240 - Cannot read IP mode file for wolfSSL.I-CUBE-wolfMQTT.1.19.0
2025-07-25 09:10:51,866 [WARN] PackLoader:240 - Cannot read IP mode file for WES.I-CUBE-Cesium.1.3.0
2025-07-25 09:10:51,874 [WARN] PackLoader:240 - Cannot read IP mode file for STMicroelectronics.X-CUBE-BLE2.3.3.0
2025-07-25 09:10:51,882 [WARN] PackLoader:240 - Cannot read IP mode file for STMicroelectronics.X-CUBE-NFC9.1.0.0
2025-07-25 09:10:51,889 [WARN] PackLoader:240 - Cannot read IP mode file for STMicroelectronics.X-CUBE-BLE1.7.1.0
2025-07-25 09:10:51,896 [WARN] PackLoader:240 - Cannot read IP mode file for STMicroelectronics.X-CUBE-TCPP.4.1.0
2025-07-25 09:10:51,919 [WARN] PackLoader:240 - Cannot read IP mode file for STMicroelectronics.X-CUBE-EEPRMA1.5.2.0
2025-07-25 09:10:51,927 [WARN] PackLoader:240 - Cannot read IP mode file for STMicroelectronics.X-CUBE-AI.10.1.0
2025-07-25 09:10:51,963 [WARN] PackLoader:240 - Cannot read IP mode file for STMicroelectronics.X-CUBE-MEMS1.11.2.0
2025-07-25 09:10:52,096 [WARN] PackLoader:240 - Cannot read IP mode file for STMicroelectronics.X-CUBE-AZRTOS-G0.1.1.0
2025-07-25 09:10:52,107 [WARN] PackLoader:240 - Cannot read IP mode file for STMicroelectronics.X-CUBE-SAFEA1.1.2.2
2025-07-25 09:10:52,116 [WARN] PackLoader:240 - Cannot read IP mode file for STMicroelectronics.X-CUBE-NFC4.3.0.0
2025-07-25 09:10:52,128 [WARN] PackLoader:240 - Cannot read IP mode file for EmbeddedOffice.I-CUBE-FS-RTOS.1.0.1
2025-07-25 09:10:52,135 [WARN] PackLoader:240 - Cannot read IP mode file for STMicroelectronics.X-CUBE-WB05N.2.0.0
2025-07-25 09:10:52,142 [WARN] PackLoader:240 - Cannot read IP mode file for STMicroelectronics.X-CUBE-TCPP.4.2.0
2025-07-25 09:10:52,150 [WARN] PackLoader:240 - Cannot read IP mode file for RealThread.X-CUBE-RT-Thread_Nano.4.1.1
2025-07-25 09:10:52,156 [WARN] PackLoader:240 - Cannot read IP mode file for STMicroelectronics.FP-ATR-SIGFOX1.3.2.0
2025-07-25 09:10:52,164 [WARN] ConditionMgr:438 - getConditionDescription Invalid condition id : Cortex-A Device cause : null
2025-07-25 09:10:52,191 [WARN] ConditionMgr:1044 - genDependencies : Invalid condition id : Cortex-A Device cause : null
2025-07-25 09:10:52,191 [WARN] ConditionMgr:1044 - genDependencies : Invalid condition id : Cortex-A Device cause : null
2025-07-25 09:10:52,191 [WARN] ConditionMgr:1044 - genDependencies : Invalid condition id : Cortex-A Device cause : null
2025-07-25 09:10:52,198 [WARN] PackLoader:240 - Cannot read IP mode file for STMicroelectronics.X-CUBE-EEPRMA1.5.1.0
2025-07-25 09:10:52,205 [WARN] PackLoader:240 - Cannot read IP mode file for wolfSSL.I-CUBE-wolfSSL.5.7.4
2025-07-25 09:10:52,213 [WARN] PackLoader:240 - Cannot read IP mode file for ITTIA_DB.I-CUBE-ITTIADB.8.9.0
2025-07-25 09:10:52,227 [WARN] PackLoader:240 - Cannot read IP mode file for STMicroelectronics.X-CUBE-ST67W61.1.0.0
2025-07-25 09:10:52,256 [WARN] PackLoader:240 - Cannot read IP mode file for SEGGER.I-CUBE-embOS.1.3.1
2025-07-25 09:10:52,287 [WARN] PackLoader:240 - Cannot read IP mode file for STMicroelectronics.X-CUBE-ALGOBUILD.1.4.0
2025-07-25 09:10:52,327 [WARN] PackLoader:240 - Cannot read IP mode file for STMicroelectronics.X-CUBE-MEMS1.11.3.0
2025-07-25 09:10:52,426 [WARN] PackLoader:240 - Cannot read IP mode file for STMicroelectronics.X-CUBE-AI.9.1.0
2025-07-25 09:10:52,434 [WARN] PackLoader:240 - Cannot read IP mode file for STMicroelectronics.X-CUBE-PM33A1.1.0.0
2025-07-25 09:10:52,448 [WARN] PackLoader:240 - Cannot read IP mode file for STMicroelectronics.X-CUBE-AZRTOS-F4.1.1.0
2025-07-25 09:10:52,458 [WARN] PackLoader:240 - Cannot read IP mode file for Avnet-IotConnect.X-CUBE-IoTC-DA16k-PMOD.1.0.0
2025-07-25 09:10:52,464 [WARN] PackLoader:240 - Cannot read IP mode file for STMicroelectronics.X-CUBE-ISPU.2.1.0
2025-07-25 09:10:52,472 [WARN] PackLoader:240 - Cannot read IP mode file for STMicroelectronics.X-CUBE-FREERTOS.1.2.0
2025-07-25 09:10:52,488 [WARN] PackLoader:240 - Cannot read IP mode file for STMicroelectronics.X-CUBE-NFC12.1.0.0
2025-07-25 09:10:52,513 [WARN] PackLoader:240 - Cannot read IP mode file for STMicroelectronics.X-CUBE-AZRTOS-L5.2.0.0
2025-07-25 09:10:52,530 [WARN] PackLoader:240 - Cannot read IP mode file for STMicroelectronics.X-CUBE-NFC6.3.1.0
2025-07-25 09:10:52,544 [WARN] PackLoader:240 - Cannot read IP mode file for STMicroelectronics.X-CUBE-DPower.1.2.0
2025-07-25 09:10:52,553 [WARN] PackLoader:240 - Cannot read IP mode file for STMicroelectronics.X-CUBE-FREERTOS.1.3.1
2025-07-25 09:10:52,564 [WARN] PackLoader:240 - Cannot read IP mode file for STMicroelectronics.X-CUBE-FREERTOS.1.3.0
2025-07-25 09:10:52,576 [WARN] PackLoader:240 - Cannot read IP mode file for STMicroelectronics.X-CUBE-NFC7.1.0.1
2025-07-25 09:10:52,589 [WARN] PackLoader:240 - Cannot read IP mode file for STMicroelectronics.FP-SNS-STAIOTCFT.1.0.0
2025-07-25 09:10:52,598 [WARN] PackLoader:240 - Cannot read IP mode file for STMicroelectronics.X-CUBE-DPower.1.3.0
2025-07-25 09:10:52,624 [WARN] ConditionMgr:438 - getConditionDescription Invalid condition id : LAN8742 Phy interface Condition cause : null
2025-07-25 09:10:52,625 [WARN] PackLoader:240 - Cannot read IP mode file for STMicroelectronics.X-CUBE-AZRTOS-L4.2.0.0
2025-07-25 09:10:52,626 [WARN] ConditionMgr:1044 - genDependencies : Invalid condition id : LAN8742 Phy interface Condition cause : null
2025-07-25 09:10:52,626 [WARN] ConditionMgr:1044 - genDependencies : Invalid condition id : LAN8742 Phy interface Condition cause : null
2025-07-25 09:10:52,626 [WARN] ConditionMgr:1044 - genDependencies : Invalid condition id : LAN8742 Phy interface Condition cause : null
2025-07-25 09:10:52,637 [WARN] PackLoader:240 - Cannot read IP mode file for STMicroelectronics.X-CUBE-SFXS2LP1.4.0.0
2025-07-25 09:10:52,662 [WARN] PackLoader:240 - Cannot read IP mode file for STMicroelectronics.X-CUBE-AZRTOS-H7.3.3.0
2025-07-25 09:10:52,675 [WARN] PackLoader:240 - Cannot read IP mode file for STMicroelectronics.X-CUBE-BLEMGR.4.1.0
2025-07-25 09:10:52,691 [WARN] PackLoader:240 - Cannot read IP mode file for STMicroelectronics.X-CUBE-IPS.3.0.0
2025-07-25 09:10:52,712 [WARN] ConditionMgr:438 - getConditionDescription Invalid condition id : UX DEVICE CLASS RTOS Condition cause : null
2025-07-25 09:10:52,713 [WARN] ConditionMgr:438 - getConditionDescription Invalid condition id : UX DEVICE CLASS RTOS Condition cause : null
2025-07-25 09:10:52,714 [WARN] PackLoader:240 - Cannot read IP mode file for STMicroelectronics.X-CUBE-AZRTOS-WB.2.0.0
2025-07-25 09:10:52,715 [WARN] ConditionMgr:1044 - genDependencies : Invalid condition id : UX DEVICE CLASS RTOS Condition cause : null
2025-07-25 09:10:52,715 [WARN] ConditionMgr:1044 - genDependencies : Invalid condition id : UX DEVICE CLASS RTOS Condition cause : null
2025-07-25 09:10:52,715 [WARN] ConditionMgr:1044 - genDependencies : Invalid condition id : UX DEVICE CLASS RTOS Condition cause : null
2025-07-25 09:10:52,715 [WARN] ConditionMgr:1044 - genDependencies : Invalid condition id : UX DEVICE CLASS RTOS Condition cause : null
2025-07-25 09:10:52,716 [WARN] ConditionMgr:1044 - genDependencies : Invalid condition id : UX DEVICE CLASS RTOS Condition cause : null
2025-07-25 09:10:52,727 [WARN] PackLoader:240 - Cannot read IP mode file for STMicroelectronics.X-CUBE-GNSS1.7.0.0
2025-07-25 09:10:52,736 [WARN] PackLoader:240 - Cannot read IP mode file for STMicroelectronics.X-CUBE-GNSS1.7.0.1
2025-07-25 09:10:52,755 [WARN] PackLoader:240 - Cannot read IP mode file for STMicroelectronics.X-CUBE-TOUCHGFX.4.25.0
2025-07-25 09:10:52,767 [WARN] PackLoader:240 - Cannot read IP mode file for STMicroelectronics.FP-SNS-STBOX1.2.0.0
2025-07-25 09:10:52,783 [WARN] PackLoader:240 - Cannot read IP mode file for STMicroelectronics.X-CUBE-SUBG2.5.0.0
2025-07-25 09:10:52,808 [WARN] PackLoader:240 - Cannot read IP mode file for STMicroelectronics.X-CUBE-AZRTOS-H7RS.1.1.0
2025-07-25 09:10:52,818 [WARN] PackLoader:240 - Cannot read IP mode file for Cesanta.I-CUBE-Mongoose.7.13.0
2025-07-25 09:10:52,884 [WARN] PackLoader:240 - Cannot read IP mode file for STMicroelectronics.X-CUBE-AZRTOS-G4.2.0.0
2025-07-25 09:10:52,897 [WARN] PackLoader:240 - Cannot read IP mode file for STMicroelectronics.X-CUBE-NFC7.2.0.0
2025-07-25 09:10:52,915 [WARN] PackLoader:240 - Cannot read IP mode file for STMicroelectronics.X-CUBE-IPS.3.1.0
2025-07-25 09:10:52,934 [WARN] PackLoader:240 - Cannot read IP mode file for STMicroelectronics.X-CUBE-ALS.1.0.2
2025-07-25 09:10:52,943 [WARN] PackLoader:240 - Cannot read IP mode file for STMicroelectronics.X-CUBE-TOUCHGFX.4.24.2
2025-07-25 09:10:52,952 [WARN] PackLoader:240 - Cannot read IP mode file for STMicroelectronics.X-CUBE-TOUCHGFX.4.24.1
2025-07-25 09:10:52,962 [WARN] PackLoader:240 - Cannot read IP mode file for wolfSSL.I-CUBE-wolfTPM.3.4.0
2025-07-25 09:10:52,972 [WARN] PackLoader:240 - Cannot read IP mode file for portGmbH.I-Cube-SoM-uGOAL.1.1.0
2025-07-25 09:10:52,999 [WARN] PackLoader:240 - Cannot read IP mode file for STMicroelectronics.X-CUBE-AZRTOS-H7RS.1.0.0
2025-07-25 09:10:53,012 [WARN] PackLoader:240 - Cannot read IP mode file for STMicroelectronics.FP-ATR-ASTRA1.2.0.0
2025-07-25 09:10:53,025 [WARN] PackLoader:240 - Cannot read IP mode file for STMicroelectronics.X-CUBE-TOF1.3.4.2
2025-07-25 09:10:53,051 [WARN] PackLoader:240 - Cannot read IP mode file for STMicroelectronics.X-CUBE-TOF1.3.4.3
2025-07-25 09:10:53,086 [WARN] PackLoader:240 - Cannot read IP mode file for Infineon.AIROC-Wi-Fi-Bluetooth-STM32.1.6.1
2025-07-25 09:10:53,102 [WARN] PackLoader:240 - Cannot read IP mode file for wolfSSL.I-CUBE-wolfSSH.1.4.17
2025-07-25 09:10:53,102 [INFO] ThirdParty:978 - Integrity check success = true
2025-07-25 09:10:53,104 [INFO] IntegrityCheckThread:100 - exiting critical section [integrity check]
2025-07-25 09:10:53,104 [INFO] IntegrityCheckThread:103 - End integrity checks thread
2025-07-25 09:10:53,196 [INFO] Mcu:2029 - Initializing MCU STM32F767ZITx STM32F767ZITx STM32F767ZIT6
2025-07-25 09:10:56,555 [INFO] Context:786 - Trying to add GPIOservice into a context  which must be forbidden
2025-07-25 09:10:57,244 [INFO] ImportTextPane:234 - (OptionalMessage_ERROR) Pin7 (VP_RIF_VS_RIF1) cannot be retrieved for this MCU
2025-07-25 09:10:57,517 [INFO] RtosManager:558 - Registered RTOS mode: class=CMSIS, group=RTOS, mode=CMSIS_V1, owner=FREERTOS
2025-07-25 09:10:57,517 [INFO] RtosManager:558 - Registered RTOS mode: class=CMSIS, group=RTOS2, mode=CMSIS_V2, owner=FREERTOS
2025-07-25 09:10:57,517 [INFO] RtosManager:558 - Registered RTOS mode: class=RTOS, group=Core, mode=CMSIS_V1, owner=FREERTOS
2025-07-25 09:10:57,517 [INFO] RtosManager:558 - Registered RTOS mode: class=RTOS, group=Core, mode=CMSIS_V2, owner=FREERTOS
2025-07-25 09:10:57,518 [WARN] ModelIntegratedComponent:184 - Missing modes for component STMicroelectronics:FreeRTOS:0.0.1:STMicroelectronics:RTOS:FreeRTOS:Core:::10.2.0:
2025-07-25 09:10:57,528 [WARN] ModelIntegratedComponent:63 - No mode defined for component null
2025-07-25 09:10:57,528 [WARN] ModelIntegratedComponent:63 - No mode defined for component null
2025-07-25 09:10:57,528 [WARN] ModelIntegratedComponent:63 - No mode defined for component null
2025-07-25 09:10:57,528 [WARN] ModelIntegratedComponent:63 - No mode defined for component null
2025-07-25 09:10:57,528 [WARN] ModelIntegratedComponent:63 - No mode defined for component null
2025-07-25 09:10:57,528 [WARN] ModelIntegratedComponent:63 - No mode defined for component null
2025-07-25 09:10:57,528 [WARN] ModelIntegratedComponent:63 - No mode defined for component null
2025-07-25 09:10:57,528 [WARN] ModelIntegratedComponent:63 - No mode defined for component null
2025-07-25 09:10:57,528 [WARN] ModelIntegratedComponent:63 - No mode defined for component null
2025-07-25 09:10:57,528 [WARN] ModelIntegratedComponent:63 - No mode defined for component null
2025-07-25 09:10:57,528 [WARN] ModelIntegratedComponent:63 - No mode defined for component null
2025-07-25 09:10:57,528 [WARN] ModelIntegratedComponent:63 - No mode defined for component null
2025-07-25 09:10:57,528 [WARN] ModelIntegratedComponent:63 - No mode defined for component null
2025-07-25 09:10:57,528 [WARN] ModelIntegratedComponent:63 - No mode defined for component null
2025-07-25 09:10:57,528 [WARN] ModelIntegratedComponent:63 - No mode defined for component null
2025-07-25 09:10:57,528 [WARN] ModelIntegratedComponent:63 - No mode defined for component null
2025-07-25 09:10:57,528 [WARN] ModelIntegratedComponent:63 - No mode defined for component null
2025-07-25 09:10:57,528 [WARN] ModelIntegratedComponent:63 - No mode defined for component null
2025-07-25 09:10:57,528 [WARN] ModelIntegratedComponent:63 - No mode defined for component null
2025-07-25 09:10:57,528 [WARN] ModelIntegratedComponent:63 - No mode defined for component null
2025-07-25 09:10:57,528 [WARN] ModelIntegratedComponent:63 - No mode defined for component null
2025-07-25 09:10:57,528 [WARN] ModelIntegratedComponent:63 - No mode defined for component null
2025-07-25 09:10:57,528 [WARN] ModelIntegratedComponent:63 - No mode defined for component null
2025-07-25 09:10:57,528 [WARN] ModelIntegratedComponent:63 - No mode defined for component null
2025-07-25 09:10:57,528 [WARN] ModelIntegratedComponent:63 - No mode defined for component null
2025-07-25 09:10:57,528 [WARN] ModelIntegratedComponent:63 - No mode defined for component null
2025-07-25 09:10:57,528 [WARN] ModelIntegratedComponent:63 - No mode defined for component null
2025-07-25 09:10:57,528 [WARN] ModelIntegratedComponent:63 - No mode defined for component null
2025-07-25 09:10:57,529 [WARN] ModelIntegratedComponent:63 - No mode defined for component null
2025-07-25 09:10:57,529 [WARN] ModelIntegratedComponent:63 - No mode defined for component null
2025-07-25 09:10:57,529 [WARN] ModelIntegratedComponent:63 - No mode defined for component null
2025-07-25 09:10:57,529 [WARN] ModelIntegratedComponent:63 - No mode defined for component null
2025-07-25 09:10:57,529 [WARN] ModelIntegratedComponent:63 - No mode defined for component null
2025-07-25 09:10:57,529 [WARN] ModelIntegratedComponent:63 - No mode defined for component null
2025-07-25 09:10:57,529 [WARN] ModelIntegratedComponent:63 - No mode defined for component null
2025-07-25 09:10:57,529 [WARN] ModelPack:524 - Component already loaded: STMicroelectronics:HAL Drivers:0.0.0:STMicroelectronics:Device:STMicro_Driver:XSPI:HAL::0.0.1:HAL_XSPI
2025-07-25 09:10:57,765 [INFO] ThirdPartyModel:298 - Start build external matchings
2025-07-25 09:10:58,838 [INFO] ThirdPartyModel:316 - End build external matchings
2025-07-25 09:10:58,878 [INFO] ImportTextPane:234 - (OptionalMessage_ERROR) IP (RCC) : Invalid parameter (48MHZClocksFreq_Value)
2025-07-25 09:10:58,878 [INFO] ImportTextPane:234 - (OptionalMessage_ERROR) IP (RCC) : Invalid parameter (ADC12outputFreq_Value)
2025-07-25 09:10:58,878 [INFO] ImportTextPane:234 - (OptionalMessage_ERROR) IP (RCC) : Invalid parameter (ADC34outputFreq_Value)
2025-07-25 09:10:58,878 [INFO] ImportTextPane:234 - (OptionalMessage_ERROR) IP (RCC) : Invalid parameter (FamilyName)
2025-07-25 09:10:58,878 [INFO] ImportTextPane:234 - (OptionalMessage_ERROR) IP (RCC) : Invalid parameter (I2SClocksFreq_Value)
2025-07-25 09:10:58,878 [INFO] ImportTextPane:234 - (OptionalMessage_ERROR) IP (RCC) : Invalid parameter (LCDTFToutputFreq_Value)
2025-07-25 09:10:58,879 [INFO] ImportTextPane:234 - (OptionalMessage_ERROR) IP (RCC) : Invalid parameter (MCOFreq_Value)
2025-07-25 09:10:58,879 [INFO] ImportTextPane:234 - (OptionalMessage_ERROR) IP (RCC) : Invalid parameter (PLLMCOFreq_Value)
2025-07-25 09:10:58,879 [INFO] ImportTextPane:234 - (OptionalMessage_ERROR) IP (RCC) : Invalid parameter (PLLMUL)
2025-07-25 09:10:58,880 [INFO] ImportTextPane:234 - (OptionalMessage_ERROR) IP (RCC) : Invalid parameter (PRESCALERUSB)
2025-07-25 09:10:58,880 [INFO] ImportTextPane:234 - (OptionalMessage_ERROR) IP (RCC) : Parameter (RNGFreq_Value) has invalid value (108000000)
2025-07-25 09:10:58,880 [INFO] ImportTextPane:234 - (OptionalMessage_ERROR) IP (RCC) : Invalid parameter (RTCHSEDivFreq_Value)
2025-07-25 09:10:58,880 [INFO] ImportTextPane:234 - (OptionalMessage_ERROR) IP (RCC) : Parameter (SDMMC2Freq_Value) has invalid value (216000000)
2025-07-25 09:10:58,880 [INFO] ImportTextPane:234 - (OptionalMessage_ERROR) IP (RCC) : Parameter (SDMMCFreq_Value) has invalid value (216000000)
2025-07-25 09:10:58,880 [INFO] ImportTextPane:234 - (OptionalMessage_ERROR) IP (RCC) : Invalid parameter (SYSCLKSourceVirtual)
2025-07-25 09:10:58,880 [INFO] ImportTextPane:234 - (OptionalMessage_ERROR) IP (RCC) : Invalid parameter (TIM15Freq_Value)
2025-07-25 09:10:58,880 [INFO] ImportTextPane:234 - (OptionalMessage_ERROR) IP (RCC) : Invalid parameter (TIM16Freq_Value)
2025-07-25 09:10:58,880 [INFO] ImportTextPane:234 - (OptionalMessage_ERROR) IP (RCC) : Invalid parameter (TIM17Freq_Value)
2025-07-25 09:10:58,880 [INFO] ImportTextPane:234 - (OptionalMessage_ERROR) IP (RCC) : Invalid parameter (TIM1Freq_Value)
2025-07-25 09:10:58,880 [INFO] ImportTextPane:234 - (OptionalMessage_ERROR) IP (RCC) : Invalid parameter (TIM20Freq_Value)
2025-07-25 09:10:58,880 [INFO] ImportTextPane:234 - (OptionalMessage_ERROR) IP (RCC) : Invalid parameter (TIM2Freq_Value)
2025-07-25 09:10:58,880 [INFO] ImportTextPane:234 - (OptionalMessage_ERROR) IP (RCC) : Invalid parameter (TIM3Freq_Value)
2025-07-25 09:10:58,880 [INFO] ImportTextPane:234 - (OptionalMessage_ERROR) IP (RCC) : Invalid parameter (TIM8Freq_Value)
2025-07-25 09:10:58,880 [INFO] ImportTextPane:234 - (OptionalMessage_ERROR) IP (RCC) : Parameter (USBFreq_Value) has invalid value (108000000)
2025-07-25 09:10:58,881 [INFO] ImportTextPane:234 - (OptionalMessage_ERROR) IP (RCC) : Invalid parameter (VCOOutput2Freq_Value)
2025-07-25 09:10:58,881 [INFO] ImportTextPane:234 - (OptionalMessage_ERROR) IP (RCC) : Invalid parameter (VcooutputI2S)
2025-07-25 09:11:00,999 [INFO] ApiDb:581 - Connected to CubeFinder SQLite database (C:\Users\Chinnapop\.stmcufinder\plugins\mcufinder\mcu\cube-finder-db.db)
2025-07-25 09:11:01,075 [INFO] ApiDb:668 - CubeFinder database Data Model version=2.1
2025-07-25 09:11:01,075 [INFO] ApiDb:669 - CubeFinder database Configuration version=3.0.39
2025-07-25 09:11:01,075 [INFO] ApiDb:670 - CubeFinder database generation date=2025-06-24 (1750757100)
2025-07-25 09:11:01,075 [INFO] ApiDb:671 - CubeFinder database FW Pack versions=[FP-ATR-ASTRA1_V2.0.0, FP-SNS-FLIGHT1_V5.1.0, FP-SNS-MOTENV1_V5.0.0, FP-SNS-MOTENVWB1_V1.4.0, FP-SNS-SMARTAG2_V1.2.0, FP-SNS-STBOX1_V2.0.0, STM32Cube_FW_C0_V1.4.0, STM32Cube_FW_F4_V1.28.2, STM32Cube_FW_F7_V1.17.3, STM32Cube_FW_G0_V1.6.2, STM32Cube_FW_G4_V1.6.1, STM32Cube_FW_H5_V1.5.0, STM32Cube_FW_H7RS_V1.2.0, STM32Cube_FW_H7_V1.12.1, STM32Cube_FW_L0_V1.12.2, STM32Cube_FW_L4_V1.18.1, STM32Cube_FW_L5_V1.5.1, STM32Cube_FW_N6_V1.2.0, STM32Cube_FW_U0_V1.3.0, STM32Cube_FW_U3_V1.2.0, STM32Cube_FW_U5_V1.8.0, STM32Cube_FW_WB0_V1.3.0, STM32Cube_FW_WBA_V1.7.0, STM32Cube_FW_WB_V1.23.0, STM32Cube_FW_WL3_V1.2.0, STM32Cube_FW_WL_V1.3.1, X-CUBE-ALGOBUILD_V1.4.0, X-CUBE-ALS_V1.0.2, X-CUBE-AZRTOS-F4_V1.1.0, X-CUBE-AZRTOS-F7_V1.1.0, X-CUBE-AZRTOS-G0_V1.1.0, X-CUBE-AZRTOS-G4_V2.0.0, X-CUBE-AZRTOS-H7RS_V1.1.0, X-CUBE-AZRTOS-H7_V3.3.0, X-CUBE-AZRTOS-L4_V2.0.0, X-CUBE-AZRTOS-L5_V2.0.0, X-CUBE-AZRTOS-WB_V2.0.0, X-CUBE-AZRTOS-WL_V2.0.0, X-CUBE-BLE1_V7.1.0, X-CUBE-BLE2_V3.3.0, X-CUBE-BLEMGR_V4.0.0, X-CUBE-EEPRMA1_V5.1.0, X-CUBE-FREERTOS_V1.3.1, X-CUBE-GNSS1_V6.0.0, X-CUBE-MEMS1_V11.3.0, X-CUBE-NFC4_V3.0.0, X-CUBE-NFC7_V2.0.0, X-CUBE-SFXS2LP1_V4.0.0, X-CUBE-SUBG2_V5.0.0, X-CUBE-TOF1_V3.4.3]
2025-07-25 09:11:01,184 [INFO] DbBoardsSqlite:226 - include board P-NUCLEO-WB55-NUCLEO as a kit item of type 'Nucleo-64'
2025-07-25 09:11:01,184 [INFO] DbBoardsSqlite:226 - include board P-NUCLEO-WB55-USBDONGLE as a kit item of type 'Nucleo USB Dongle'
2025-07-25 09:11:01,185 [INFO] DbBoardsSqlite:226 - include board STEVAL-IDP005V1 as a kit item of type 'Evaluation Board'
2025-07-25 09:11:01,186 [INFO] DbBoardsSqlite:226 - include board STEVAL-IDP005V2 as a kit item of type 'Evaluation Board'
2025-07-25 09:11:01,551 [INFO] ApiDb:240 - Found 880 in-development CPN: [B-G473E-ZEST1S, B-WB1M-WPAN1, B-WBA5M-WPAN, B-WL5M-SUBG1, NUCLEO-C031C6, NUCLEO-C051C8, NUCLEO-C071RB, NUCLEO-C092RC, NUCLEO-H503RB, NUCLEO-H533RE, NUCLEO-H563ZI, NUCLEO-H7S3L8, NUCLEO-N657X0-Q, NUCLEO-U031R8, NUCLEO-U083RC, NUCLEO-U385RG-Q, NUCLEO-U545RE-Q, NUCLEO-U5A5ZJ-Q, NUCLEO-WB05KZ, NUCLEO-WB07CC, NUCLEO-WB09KE, NUCLEO-WBA52CG, NUCLEO-WBA55CG, NUCLEO-WL33CC1, NUCLEO-WL33CC2, STEVAL-PROTEUS1, STEVAL-SMARTAG2, STEVAL-STWINBX1, STM320518-EVAL, STM32C0116-DK, STM32C011D6Y3TR, STM32C011D6Y6TR, STM32C011F4P3, STM32C011F4P6, STM32C011F4U3, STM32C011F4U6TR, STM32C011F6P3, STM32C011F6P6, STM32C011F6U3, STM32C011F6U6TR, STM32C011J4M3, STM32C011J4M6, STM32C011J6M3, STM32C011J6M6, STM32C0316-DK, STM32C031C4T3, STM32C031C4T6, STM32C031C4U3, STM32C031C4U6, STM32C031C6T3, STM32C031C6T6, STM32C031C6U3, STM32C031C6U6, STM32C031F4P3, STM32C031F4P6, STM32C031F6P3, STM32C031F6P6, STM32C031G4U3, STM32C031G4U6, STM32C031G6U3, STM32C031G6U6, STM32C031K4T3, STM32C031K4T6, STM32C031K4U3, STM32C031K4U6, STM32C031K6T3, STM32C031K6T6, STM32C031K6U3, STM32C031K6U6, STM32C051C6T6, STM32C051C6U6, STM32C051C8T6, STM32C051C8U6, STM32C051D8Y6TR, STM32C051F6P6, STM32C051F8P6, STM32C051G6U6, STM32C051G8U6, STM32C051K6T6, STM32C051K6U6, STM32C051K8T6, STM32C071C8T6, STM32C071C8T6N, STM32C071C8U6, STM32C071C8U6N, STM32C071CBT6, STM32C071CBT6N, STM32C071CBU6, STM32C071CBU6N, STM32C071F8P6, STM32C071F8P6N, STM32C071FBP6, STM32C071FBP6N, STM32C071FBY6TR, STM32C071G8U6, STM32C071G8U6N, STM32C071GBU6, STM32C071GBU6N, STM32C071K8T6, STM32C071K8T6N, STM32C071K8U6, STM32C071K8U6N, STM32C071KBT6, STM32C071KBT6N, STM32C071KBU6, STM32C071KBU6N, STM32C071R8T6, STM32C071R8T6N, STM32C071RBI6N, STM32C071RBT6, STM32C071RBT6N, STM32C091CBT6, STM32C091CBU6, STM32C091CCT6, STM32C091CCU6, STM32C091ECY6TR, STM32C091FBP6, STM32C091FCP6, STM32C091GBU6, STM32C091GCU6, STM32C091KBT6, STM32C091KBU6, STM32C091KCT6, STM32C091KCU6, STM32C091RBT6, STM32C091RCI6, STM32C091RCT6, STM32C092CBT6, STM32C092CBU6, STM32C092CCT6, STM32C092CCU6, STM32C092ECY6TR, STM32C092FBP6, STM32C092FCP6, STM32C092GBU6, STM32C092GCU6, STM32C092KBT6, STM32C092KBU6, STM32C092KCT6, STM32C092KCU6, STM32C092RBT6, STM32C092RCI6, STM32C092RCT6, STM32G071K8TXN, STM32G071K8UXN, STM32G081GBU6N, STM32G081KBT6N, STM32G081KBUXN, STM32G0B1CCT6N, STM32G0B1KCT6, STM32G0B1NEY6TR, STM32G0B1RCT6N, STM32G0C1CCT6, STM32G0C1CCT6N, STM32G0C1CCU6N, STM32G0C1CET6N, STM32G0C1CEU6N, STM32G0C1KCT6, STM32G0C1NEY6TR, STM32G0C1RCI6N, STM32G0C1RCT6N, STM32G0C1REI6N, STM32G0C1RET6N, STM32G0C1VCI6, STM32G0C1VEI6, STM32G411C6T3, STM32G411C6T6, STM32G411C6U3, STM32G411C6U6, STM32G411C8T3, STM32G411C8T6, STM32G411C8U3, STM32G411C8U6, STM32G411CBT3, STM32G411CBT6, STM32G411CBU3, STM32G411CBU6, STM32G411K6T3, STM32G411K6T6, STM32G411K6U3, STM32G411K6U6, STM32G411K8T3, STM32G411K8T6, STM32G411K8U3, STM32G411K8U6, STM32G411KBT3, STM32G411KBT6, STM32G411KBU3, STM32G411KBU6, STM32G411M6T3, STM32G411M6T6, STM32G411M8T3, STM32G411M8T6, STM32G411MBT3, STM32G411MBT6, STM32G411R6T3, STM32G411R6T6, STM32G411R8T3, STM32G411R8T6, STM32G411RBT3, STM32G411RBT6, STM32G414CBT3, STM32G414CBT6, STM32G414CBU3, STM32G414CBU6, STM32G414CCT3, STM32G414CCT6, STM32G414CCU3, STM32G414CCU6, STM32G414MBT3, STM32G414MBT6, STM32G414MCT3, STM32G414MCT6, STM32G414RBT3, STM32G414RBT6, STM32G414RCT3, STM32G414RCT6, STM32G414VBT3, STM32G414VBT6, STM32G414VCT3, STM32G414VCT6, STM32G431CBT3Z, STM32G431RBT3Z, STM32G471CCT6, STM32G471CCU6, STM32G471CET3, STM32G471CET6, STM32G471CEU3, STM32G471CEU6, STM32G471MCT6, STM32G471MET3, STM32G471MET6, STM32G471MEY6TR, STM32G471QCT6, STM32G471QET3, STM32G471RCT6, STM32G471RET3, STM32G471RET6, STM32G471VCH6, STM32G471VCI6, STM32G471VCT6, STM32G471VEH3, STM32G471VEH6, STM32G471VEI3, STM32G471VEI6, STM32G471VET3, STM32G471VET6, STM32G473QET3Z, STM32G473RET3Z, STM32G474CCT6, STM32G491RET3Z, STM32H503CBT6, STM32H503CBU6, STM32H503EBY6TR, STM32H503KBU6, STM32H503RBT6, STM32H523CCT6, STM32H523CCU6, STM32H523CET6, STM32H523CEU6, STM32H523HEY6TR, STM32H523RCT6, STM32H523RET6, STM32H523VCI6, STM32H523VCT6, STM32H523VEI6, STM32H523VET6, STM32H523ZCJ6, STM32H523ZCT6, STM32H523ZEJ6, STM32H523ZET6, STM32H533CET6, STM32H533CEU6, STM32H533HEY6TR, STM32H533RET6, STM32H533VEI6, STM32H533VET6, STM32H533ZEJ6, STM32H533ZET6, STM32H562AGI6, STM32H562AII6, STM32H562IGK6, STM32H562IGT6, STM32H562IIK6, STM32H562IIT6, STM32H562RGT6, STM32H562RGV6, STM32H562RIT6, STM32H562RIV6, STM32H562VGT6, STM32H562VIT6, STM32H562ZGT6, STM32H562ZIT6, STM32H563AGI6, STM32H563AII3Q, STM32H563AII6, STM32H563IGK6, STM32H563IGT6, STM32H563IIK3Q, STM32H563IIK6, STM32H563IIT3Q, STM32H563IIT6, STM32H563MIY3QTR, STM32H563RGT6, STM32H563RGV6, STM32H563RIT6, STM32H563RIV6, STM32H563VGT6, STM32H563VIT3Q, STM32H563VIT6, STM32H563ZGT6, STM32H563ZIT3Q, STM32H563ZIT6, STM32H573AII3Q, STM32H573AII6, STM32H573I-DK, STM32H573IIK3Q, STM32H573IIK6, STM32H573IIT3Q, STM32H573IIT6, STM32H573MIY3QTR, STM32H573RIT6, STM32H573RIV6, STM32H573VIT3Q, STM32H573VIT6, STM32H573ZIT3Q, STM32H573ZIT6, STM32H7R3A8I6, STM32H7R3I8K6, STM32H7R3I8T6, STM32H7R3L8H6, STM32H7R3L8H6H, STM32H7R3R8V6, STM32H7R3V8H6, STM32H7R3V8T6, STM32H7R3V8Y6TR, STM32H7R3Z8J6, STM32H7R3Z8T6, STM32H7R7A8I6, STM32H7R7I8K6, STM32H7R7I8T6, STM32H7R7L8H6, STM32H7R7L8H6H, STM32H7R7Z8J6, STM32H7S3A8I6, STM32H7S3I8K6, STM32H7S3I8T6, STM32H7S3L8H6, STM32H7S3L8H6H, STM32H7S3R8V6, STM32H7S3V8H6, STM32H7S3V8T6, STM32H7S3V8Y6TR, STM32H7S3Z8J6, STM32H7S3Z8T6, STM32H7S78-DK, STM32H7S7A8I6, STM32H7S7I8K6, STM32H7S7I8T6, STM32H7S7L8H6, STM32H7S7L8H6H, STM32H7S7Z8J6, STM32L4R5QGI6STR, STM32MP131AAE3, STM32MP131AAF3, STM32MP131AAG3, STM32MP131CAE3, STM32MP131CAF3, STM32MP131CAG3, STM32MP131DAE7, STM32MP131DAF7, STM32MP131DAG7, STM32MP131FAE7, STM32MP131FAF7, STM32MP131FAG7, STM32MP133AAE3, STM32MP133AAF3, STM32MP133AAG3, STM32MP133CAE3, STM32MP133CAF3, STM32MP133CAG3, STM32MP133DAE7, STM32MP133DAF7, STM32MP133DAG7, STM32MP133FAE7, STM32MP133FAF7, STM32MP133FAG7, STM32MP135AAE3, STM32MP135AAF3, STM32MP135AAG3, STM32MP135CAE3, STM32MP135CAF3, STM32MP135CAG3, STM32MP135DAE7, STM32MP135DAF7, STM32MP135DAG7, STM32MP135F-DK, STM32MP135FAE7, STM32MP135FAF7, STM32MP135FAF7T, STM32MP135FAF7U, STM32MP135FAG7, STM32MP211AAL3, STM32MP211AAM3, STM32MP211AAN3, STM32MP211AAO3, STM32MP211CAL3, STM32MP211CAM3, STM32MP211CAN3, STM32MP211CAO3, STM32MP211DAL3, STM32MP211DAM3, STM32MP211DAN3, STM32MP211DAO3, STM32MP211FAL3, STM32MP211FAM3, STM32MP211FAN3, STM32MP211FAO3, STM32MP213AAL3, STM32MP213AAM3, STM32MP213AAN3, STM32MP213AAO3, STM32MP213CAL3, STM32MP213CAM3, STM32MP213CAN3, STM32MP213CAO3, STM32MP213DAL3, STM32MP213DAM3, STM32MP213DAN3, STM32MP213DAO3, STM32MP213FAL3, STM32MP213FAM3, STM32MP213FAN3, STM32MP213FAO3, STM32MP215AAL3, STM32MP215AAM3, STM32MP215AAN3, STM32MP215AAO3, STM32MP215CAL3, STM32MP215CAM3, STM32MP215CAN3, STM32MP215CAO3, STM32MP215DAL3, STM32MP215DAM3, STM32MP215DAN3, STM32MP215DAO3, STM32MP215F-DK, STM32MP215FAL3, STM32MP215FAM3, STM32MP215FAN3, STM32MP215FAO3, STM32MP231AAJ3, STM32MP231AAK3, STM32MP231AAL3, STM32MP231CAJ3, STM32MP231CAK3, STM32MP231CAL3, STM32MP231DAJ3, STM32MP231DAK3, STM32MP231DAL3, STM32MP231FAJ3, STM32MP231FAK3, STM32MP231FAL3, STM32MP233AAJ3, STM32MP233AAK3, STM32MP233AAL3, STM32MP233CAJ3, STM32MP233CAK3, STM32MP233CAL3, STM32MP233DAJ3, STM32MP233DAK3, STM32MP233DAL3, STM32MP233FAJ3, STM32MP233FAK3, STM32MP233FAL3, STM32MP235AAJ3, STM32MP235AAK3, STM32MP235AAL3, STM32MP235CAJ3, STM32MP235CAK3, STM32MP235CAL3, STM32MP235DAJ3, STM32MP235DAK3, STM32MP235DAL3, STM32MP235FAJ3, STM32MP235FAK3, STM32MP235FAL3, STM32MP251AAI3, STM32MP251AAK3, STM32MP251AAL3, STM32MP251CAI3, STM32MP251CAK3, STM32MP251CAL3, STM32MP251DAI3, STM32MP251DAK3, STM32MP251DAL3, STM32MP251FAI3, STM32MP251FAK3, STM32MP251FAL3, STM32MP253AAI3, STM32MP253AAK3, STM32MP253AAL3, STM32MP253CAI3, STM32MP253CAK3, STM32MP253CAL3, STM32MP253DAI3, STM32MP253DAK3, STM32MP253DAL3, STM32MP253FAI3, STM32MP253FAK3, STM32MP253FAL3, STM32MP255AAI3, STM32MP255AAK3, STM32MP255AAL3, STM32MP255CAI3, STM32MP255CAK3, STM32MP255CAL3, STM32MP255DAI3, STM32MP255DAK3, STM32MP255DAL3, STM32MP255FAI3, STM32MP255FAK3, STM32MP255FAL3, STM32MP257AAI3, STM32MP257AAK3, STM32MP257AAL3, STM32MP257CAI3, STM32MP257CAK3, STM32MP257CAL3, STM32MP257DAI3, STM32MP257DAK3, STM32MP257DAL3, STM32MP257F-DK, STM32MP257F-EV1, STM32MP257FAI3, STM32MP257FAK3, STM32MP257FAL3, STM32N645A0H3Q, STM32N645B0H3Q, STM32N645I0H3Q, STM32N645L0H3Q, STM32N645X0H3Q, STM32N645Z0H3Q, STM32N647A0H3Q, STM32N647B0H3Q, STM32N647I0H3Q, STM32N647L0H3Q, STM32N647X0H3Q, STM32N647Z0H3Q, STM32N655A0H3Q, STM32N655B0H3Q, STM32N655I0H3Q, STM32N655L0H3Q, STM32N655X0H3Q, STM32N655Z0H3Q, STM32N6570-DK, STM32N657A0H3Q, STM32N657B0H3Q, STM32N657I0H3Q, STM32N657L0H3Q, STM32N657X0H3Q, STM32N657Z0H3Q, STM32U031C6T6, STM32U031C6U6, STM32U031C8T6, STM32U031C8U6, STM32U031F4P6, STM32U031F6P6, STM32U031F8P6, STM32U031G6Y6TR, STM32U031G8Y6TR, STM32U031K4U6, STM32U031K6U6, STM32U031K8U6, STM32U031R6I6, STM32U031R6T6, STM32U031R8I6, STM32U031R8T6, STM32U073C8T6, STM32U073C8U6, STM32U073CBT6, STM32U073CBU6, STM32U073CCT6, STM32U073CCU6, STM32U073H8Y6TR, STM32U073HBY6TR, STM32U073HCY6TR, STM32U073K8U6, STM32U073KBU6, STM32U073KCU6, STM32U073M8I6, STM32U073M8T6, STM32U073MBI6, STM32U073MBT6, STM32U073MCI6, STM32U073MCT6, STM32U073R8I6, STM32U073R8T6, STM32U073RBI6, STM32U073RBT6, STM32U073RCI6, STM32U073RCT6, STM32U083C-DK, STM32U083CCT6, STM32U083CCU6, STM32U083HCY6TR, STM32U083KCU6, STM32U083MCI6, STM32U083MCT6, STM32U083RCI6, STM32U083RCT6, STM32U375CET6, STM32U375CET6Q, STM32U375CEU6, STM32U375CEU6Q, STM32U375CEY6QTR, STM32U375CGT6, STM32U375CGT6Q, STM32U375CGU6, STM32U375CGU6Q, STM32U375CGY6QTR, STM32U375KEU6, STM32U375KGU6, STM32U375REI6, STM32U375REI6Q, STM32U375RET6, STM32U375RET6Q, STM32U375REY6GTR, STM32U375REY6QTR, STM32U375RGI6, STM32U375RGI6Q, STM32U375RGT6, STM32U375RGT6Q, STM32U375RGY6GTR, STM32U375RGY6QTR, STM32U375VEI6, STM32U375VEI6Q, STM32U375VET6, STM32U375VET6Q, STM32U375VGI6, STM32U375VGI6Q, STM32U375VGT6, STM32U375VGT6Q, STM32U385CGT6, STM32U385CGT6Q, STM32U385CGU6, STM32U385CGU6Q, STM32U385CGY6QTR, STM32U385KGU6, STM32U385RGI6, STM32U385RGI6Q, STM32U385RGT6, STM32U385RGT6Q, STM32U385RGY6GTR, STM32U385RGY6QTR, STM32U385VGI6, STM32U385VGI6Q, STM32U385VGT6, STM32U385VGT6Q, STM32U535CBT6, STM32U535CBT6Q, STM32U535CBU6, STM32U535CBU6Q, STM32U535CCT6, STM32U535CCT6Q, STM32U535CCU6, STM32U535CCU6Q, STM32U535CET6, STM32U535CET6Q, STM32U535CEU6, STM32U535CEU6Q, STM32U535JEY6QTR, STM32U535NCY6QTR, STM32U535NEY6QTR, STM32U535RBI6, STM32U535RBI6Q, STM32U535RBT6, STM32U535RBT6Q, STM32U535RCI6, STM32U535RCI6Q, STM32U535RCT6, STM32U535RCT6Q, STM32U535REI6, STM32U535REI6Q, STM32U535RET6, STM32U535RET6Q, STM32U535VCI6, STM32U535VCI6Q, STM32U535VCT6, STM32U535VCT6Q, STM32U535VEI6, STM32U535VEI6Q, STM32U535VET6, STM32U535VET6Q, STM32U545CET6, STM32U545CET6Q, STM32U545CEU6, STM32U545CEU6Q, STM32U545JEY6QTR, STM32U545NEY6QTR, STM32U545REI6, STM32U545REI6Q, STM32U545RET6, STM32U545RET6Q, STM32U545VEI6, STM32U545VEI6Q, STM32U545VET6, STM32U545VET6Q, STM32U595AIH6, STM32U595AIH6Q, STM32U595AJH6, STM32U595AJH6Q, STM32U595QII6, STM32U595QII6Q, STM32U595QJI6, STM32U595QJI6Q, STM32U595RIT6, STM32U595RIT6Q, STM32U595RJT6, STM32U595RJT6Q, STM32U595VIT6, STM32U595VIT6Q, STM32U595VJT6, STM32U595VJT6Q, STM32U595ZIT6, STM32U595ZIT6Q, STM32U595ZIY6QTR, STM32U595ZJT6, STM32U595ZJT6Q, STM32U595ZJY6QTR, STM32U599BJY6QTR, STM32U599NIH6Q, STM32U599NJH6Q, STM32U599VIT6Q, STM32U599VJT6, STM32U599VJT6Q, STM32U599ZIT6Q, STM32U599ZIY6QTR, STM32U599ZJT6Q, STM32U599ZJY6QTR, STM32U5A5AJH6, STM32U5A5AJH6Q, STM32U5A5QII3Q , STM32U5A5QJI6, STM32U5A5QJI6Q, STM32U5A5RJT6, STM32U5A5RJT6Q, STM32U5A5VJT6, STM32U5A5VJT6Q, STM32U5A5ZJT6, STM32U5A5ZJT6Q, STM32U5A5ZJY6QTR, STM32U5A9BJY6QTR, STM32U5A9J-DK, STM32U5A9NJH6Q, STM32U5A9VJT6Q, STM32U5A9ZJT6Q, STM32U5A9ZJY6QTR, STM32U5F7VIT6, STM32U5F7VIT6Q, STM32U5F7VJT6, STM32U5F7VJT6Q, STM32U5F9BJY6QTR, STM32U5F9NJH6Q, STM32U5F9VIT6Q, STM32U5F9VJT6Q, STM32U5F9ZIJ6QTR, STM32U5F9ZIT6Q, STM32U5F9ZJJ6QTR, STM32U5F9ZJT6Q, STM32U5G7VJT6, STM32U5G7VJT6Q, STM32U5G9BJY6QTR, STM32U5G9J-DK1, STM32U5G9J-DK2, STM32U5G9NJH6Q, STM32U5G9VJT6Q, STM32U5G9ZJJ6QTR, STM32U5G9ZJT6Q, STM32WB05KZV6TR, STM32WB05KZV7TR, STM32WB05TZF6TR, STM32WB05TZF7TR, STM32WB06CCF6TR, STM32WB06CCF7TR, STM32WB06CCV6TR, STM32WB06CCV7TR, STM32WB06KCV6TR, STM32WB06KCV7TR, STM32WB07CCF6TR, STM32WB07CCF7TR, STM32WB07CCV6TR, STM32WB07CCV7TR, STM32WB07KCV6TR, STM32WB07KCV7TR, STM32WB09KEV6TR, STM32WB09KEV7TR, STM32WB09TEF6TR, STM32WB09TEF7TR, STM32WB1MMCH6, STM32WBA50KGU6, STM32WBA50KGU6TR, STM32WBA52CEU6, STM32WBA52CEU6TR, STM32WBA52CEU7, STM32WBA52CEU7TR, STM32WBA52CGU6, STM32WBA52CGU6TR, STM32WBA52CGU6U, STM32WBA52CGU7, STM32WBA52CGU7TR, STM32WBA52KEU6, STM32WBA52KEU6TR, STM32WBA52KGU6, STM32WBA52KGU6TR, STM32WBA54CEU6, STM32WBA54CEU6TR, STM32WBA54CEU7, STM32WBA54CEU7TR, STM32WBA54CGU6, STM32WBA54CGU6TR, STM32WBA54CGU7, STM32WBA54CGU7TR, STM32WBA54KEU6, STM32WBA54KEU6TR, STM32WBA54KEU7, STM32WBA54KEU7TR, STM32WBA54KGU6, STM32WBA54KGU6TR, STM32WBA54KGU7, STM32WBA54KGU7TR, STM32WBA55CEU6, STM32WBA55CEU6TR, STM32WBA55CEU7, STM32WBA55CEU7TR, STM32WBA55CGU6, STM32WBA55CGU6TR, STM32WBA55CGU6U, STM32WBA55CGU7, STM32WBA55CGU7TR, STM32WBA55G-DK1, STM32WBA55HEF6, STM32WBA55HEF7, STM32WBA55HGF6, STM32WBA55HGF7, STM32WBA55UEI6, STM32WBA55UEI6TR, STM32WBA55UEI7, STM32WBA55UEI7TR, STM32WBA55UGI6, STM32WBA55UGI6TR, STM32WBA55UGI7, STM32WBA55UGI7TR, STM32WBA5MMGH6TR, STM32WBA62MGF6, STM32WBA62MIF6, STM32WBA65MGF7, STM32WBA65MIF6, STM32WBA65MIF7, STM32WL30K8V6, STM32WL30KBV6, STM32WL31C8V6, STM32WL31CBV6, STM32WL31K8V6, STM32WL31KBV6, STM32WL33C8V6, STM32WL33C8V6X, STM32WL33CBV6, STM32WL33CBV6X, STM32WL33CCV6, STM32WL33CCV6A, STM32WL33CCV6X, STM32WL33K8V7, STM32WL33K8V7X, STM32WL33KBV7 , STM32WL33KBV7X, STM32WL33KCV7, STM32WL33KCV7X, STM32WL5MOCH6, STM32WL5MOCH6TR]
2025-07-25 09:11:01,805 [INFO] BoardInfo:889 - No configuration file found for board P-NUCLEO-WB55
2025-07-25 09:11:01,807 [INFO] DbBoards:161 - Kit is not supported: P-NUCLEO-WB55
2025-07-25 09:11:01,815 [INFO] BoardInfo:889 - No configuration file found for board STEVAL-BFA001V1B
2025-07-25 09:11:01,816 [INFO] DbBoards:161 - Kit is not supported: STEVAL-BFA001V1B
2025-07-25 09:11:01,817 [INFO] BoardInfo:889 - No configuration file found for board STEVAL-BFA001V2B
2025-07-25 09:11:01,818 [INFO] DbBoards:161 - Kit is not supported: STEVAL-BFA001V2B
2025-07-25 09:11:02,045 [INFO] DbBoards:168 - Found 212 boards, 209 are supported
2025-07-25 09:11:02,045 [INFO] DbBoards:169 - Found 212 boards, 43 of them is supported for  Bsp
2025-07-25 09:11:02,050 [INFO] ApiDb:668 - CubeFinder database Data Model version=2.1
2025-07-25 09:11:02,050 [INFO] ApiDb:669 - CubeFinder database Configuration version=3.0.39
2025-07-25 09:11:02,050 [INFO] ApiDb:670 - CubeFinder database generation date=2025-06-24 (1750757100)
2025-07-25 09:11:02,050 [INFO] ApiDb:671 - CubeFinder database FW Pack versions=[FP-ATR-ASTRA1_V2.0.0, FP-SNS-FLIGHT1_V5.1.0, FP-SNS-MOTENV1_V5.0.0, FP-SNS-MOTENVWB1_V1.4.0, FP-SNS-SMARTAG2_V1.2.0, FP-SNS-STBOX1_V2.0.0, STM32Cube_FW_C0_V1.4.0, STM32Cube_FW_F4_V1.28.2, STM32Cube_FW_F7_V1.17.3, STM32Cube_FW_G0_V1.6.2, STM32Cube_FW_G4_V1.6.1, STM32Cube_FW_H5_V1.5.0, STM32Cube_FW_H7RS_V1.2.0, STM32Cube_FW_H7_V1.12.1, STM32Cube_FW_L0_V1.12.2, STM32Cube_FW_L4_V1.18.1, STM32Cube_FW_L5_V1.5.1, STM32Cube_FW_N6_V1.2.0, STM32Cube_FW_U0_V1.3.0, STM32Cube_FW_U3_V1.2.0, STM32Cube_FW_U5_V1.8.0, STM32Cube_FW_WB0_V1.3.0, STM32Cube_FW_WBA_V1.7.0, STM32Cube_FW_WB_V1.23.0, STM32Cube_FW_WL3_V1.2.0, STM32Cube_FW_WL_V1.3.1, X-CUBE-ALGOBUILD_V1.4.0, X-CUBE-ALS_V1.0.2, X-CUBE-AZRTOS-F4_V1.1.0, X-CUBE-AZRTOS-F7_V1.1.0, X-CUBE-AZRTOS-G0_V1.1.0, X-CUBE-AZRTOS-G4_V2.0.0, X-CUBE-AZRTOS-H7RS_V1.1.0, X-CUBE-AZRTOS-H7_V3.3.0, X-CUBE-AZRTOS-L4_V2.0.0, X-CUBE-AZRTOS-L5_V2.0.0, X-CUBE-AZRTOS-WB_V2.0.0, X-CUBE-AZRTOS-WL_V2.0.0, X-CUBE-BLE1_V7.1.0, X-CUBE-BLE2_V3.3.0, X-CUBE-BLEMGR_V4.0.0, X-CUBE-EEPRMA1_V5.1.0, X-CUBE-FREERTOS_V1.3.1, X-CUBE-GNSS1_V6.0.0, X-CUBE-MEMS1_V11.3.0, X-CUBE-NFC4_V3.0.0, X-CUBE-NFC7_V2.0.0, X-CUBE-SFXS2LP1_V4.0.0, X-CUBE-SUBG2_V5.0.0, X-CUBE-TOF1_V3.4.3]
2025-07-25 09:11:04,361 [INFO] ApiDb:240 - Found 880 in-development CPN: [B-G473E-ZEST1S, B-WB1M-WPAN1, B-WBA5M-WPAN, B-WL5M-SUBG1, NUCLEO-C031C6, NUCLEO-C051C8, NUCLEO-C071RB, NUCLEO-C092RC, NUCLEO-H503RB, NUCLEO-H533RE, NUCLEO-H563ZI, NUCLEO-H7S3L8, NUCLEO-N657X0-Q, NUCLEO-U031R8, NUCLEO-U083RC, NUCLEO-U385RG-Q, NUCLEO-U545RE-Q, NUCLEO-U5A5ZJ-Q, NUCLEO-WB05KZ, NUCLEO-WB07CC, NUCLEO-WB09KE, NUCLEO-WBA52CG, NUCLEO-WBA55CG, NUCLEO-WL33CC1, NUCLEO-WL33CC2, STEVAL-PROTEUS1, STEVAL-SMARTAG2, STEVAL-STWINBX1, STM320518-EVAL, STM32C0116-DK, STM32C011D6Y3TR, STM32C011D6Y6TR, STM32C011F4P3, STM32C011F4P6, STM32C011F4U3, STM32C011F4U6TR, STM32C011F6P3, STM32C011F6P6, STM32C011F6U3, STM32C011F6U6TR, STM32C011J4M3, STM32C011J4M6, STM32C011J6M3, STM32C011J6M6, STM32C0316-DK, STM32C031C4T3, STM32C031C4T6, STM32C031C4U3, STM32C031C4U6, STM32C031C6T3, STM32C031C6T6, STM32C031C6U3, STM32C031C6U6, STM32C031F4P3, STM32C031F4P6, STM32C031F6P3, STM32C031F6P6, STM32C031G4U3, STM32C031G4U6, STM32C031G6U3, STM32C031G6U6, STM32C031K4T3, STM32C031K4T6, STM32C031K4U3, STM32C031K4U6, STM32C031K6T3, STM32C031K6T6, STM32C031K6U3, STM32C031K6U6, STM32C051C6T6, STM32C051C6U6, STM32C051C8T6, STM32C051C8U6, STM32C051D8Y6TR, STM32C051F6P6, STM32C051F8P6, STM32C051G6U6, STM32C051G8U6, STM32C051K6T6, STM32C051K6U6, STM32C051K8T6, STM32C071C8T6, STM32C071C8T6N, STM32C071C8U6, STM32C071C8U6N, STM32C071CBT6, STM32C071CBT6N, STM32C071CBU6, STM32C071CBU6N, STM32C071F8P6, STM32C071F8P6N, STM32C071FBP6, STM32C071FBP6N, STM32C071FBY6TR, STM32C071G8U6, STM32C071G8U6N, STM32C071GBU6, STM32C071GBU6N, STM32C071K8T6, STM32C071K8T6N, STM32C071K8U6, STM32C071K8U6N, STM32C071KBT6, STM32C071KBT6N, STM32C071KBU6, STM32C071KBU6N, STM32C071R8T6, STM32C071R8T6N, STM32C071RBI6N, STM32C071RBT6, STM32C071RBT6N, STM32C091CBT6, STM32C091CBU6, STM32C091CCT6, STM32C091CCU6, STM32C091ECY6TR, STM32C091FBP6, STM32C091FCP6, STM32C091GBU6, STM32C091GCU6, STM32C091KBT6, STM32C091KBU6, STM32C091KCT6, STM32C091KCU6, STM32C091RBT6, STM32C091RCI6, STM32C091RCT6, STM32C092CBT6, STM32C092CBU6, STM32C092CCT6, STM32C092CCU6, STM32C092ECY6TR, STM32C092FBP6, STM32C092FCP6, STM32C092GBU6, STM32C092GCU6, STM32C092KBT6, STM32C092KBU6, STM32C092KCT6, STM32C092KCU6, STM32C092RBT6, STM32C092RCI6, STM32C092RCT6, STM32G071K8TXN, STM32G071K8UXN, STM32G081GBU6N, STM32G081KBT6N, STM32G081KBUXN, STM32G0B1CCT6N, STM32G0B1KCT6, STM32G0B1NEY6TR, STM32G0B1RCT6N, STM32G0C1CCT6, STM32G0C1CCT6N, STM32G0C1CCU6N, STM32G0C1CET6N, STM32G0C1CEU6N, STM32G0C1KCT6, STM32G0C1NEY6TR, STM32G0C1RCI6N, STM32G0C1RCT6N, STM32G0C1REI6N, STM32G0C1RET6N, STM32G0C1VCI6, STM32G0C1VEI6, STM32G411C6T3, STM32G411C6T6, STM32G411C6U3, STM32G411C6U6, STM32G411C8T3, STM32G411C8T6, STM32G411C8U3, STM32G411C8U6, STM32G411CBT3, STM32G411CBT6, STM32G411CBU3, STM32G411CBU6, STM32G411K6T3, STM32G411K6T6, STM32G411K6U3, STM32G411K6U6, STM32G411K8T3, STM32G411K8T6, STM32G411K8U3, STM32G411K8U6, STM32G411KBT3, STM32G411KBT6, STM32G411KBU3, STM32G411KBU6, STM32G411M6T3, STM32G411M6T6, STM32G411M8T3, STM32G411M8T6, STM32G411MBT3, STM32G411MBT6, STM32G411R6T3, STM32G411R6T6, STM32G411R8T3, STM32G411R8T6, STM32G411RBT3, STM32G411RBT6, STM32G414CBT3, STM32G414CBT6, STM32G414CBU3, STM32G414CBU6, STM32G414CCT3, STM32G414CCT6, STM32G414CCU3, STM32G414CCU6, STM32G414MBT3, STM32G414MBT6, STM32G414MCT3, STM32G414MCT6, STM32G414RBT3, STM32G414RBT6, STM32G414RCT3, STM32G414RCT6, STM32G414VBT3, STM32G414VBT6, STM32G414VCT3, STM32G414VCT6, STM32G431CBT3Z, STM32G431RBT3Z, STM32G471CCT6, STM32G471CCU6, STM32G471CET3, STM32G471CET6, STM32G471CEU3, STM32G471CEU6, STM32G471MCT6, STM32G471MET3, STM32G471MET6, STM32G471MEY6TR, STM32G471QCT6, STM32G471QET3, STM32G471RCT6, STM32G471RET3, STM32G471RET6, STM32G471VCH6, STM32G471VCI6, STM32G471VCT6, STM32G471VEH3, STM32G471VEH6, STM32G471VEI3, STM32G471VEI6, STM32G471VET3, STM32G471VET6, STM32G473QET3Z, STM32G473RET3Z, STM32G474CCT6, STM32G491RET3Z, STM32H503CBT6, STM32H503CBU6, STM32H503EBY6TR, STM32H503KBU6, STM32H503RBT6, STM32H523CCT6, STM32H523CCU6, STM32H523CET6, STM32H523CEU6, STM32H523HEY6TR, STM32H523RCT6, STM32H523RET6, STM32H523VCI6, STM32H523VCT6, STM32H523VEI6, STM32H523VET6, STM32H523ZCJ6, STM32H523ZCT6, STM32H523ZEJ6, STM32H523ZET6, STM32H533CET6, STM32H533CEU6, STM32H533HEY6TR, STM32H533RET6, STM32H533VEI6, STM32H533VET6, STM32H533ZEJ6, STM32H533ZET6, STM32H562AGI6, STM32H562AII6, STM32H562IGK6, STM32H562IGT6, STM32H562IIK6, STM32H562IIT6, STM32H562RGT6, STM32H562RGV6, STM32H562RIT6, STM32H562RIV6, STM32H562VGT6, STM32H562VIT6, STM32H562ZGT6, STM32H562ZIT6, STM32H563AGI6, STM32H563AII3Q, STM32H563AII6, STM32H563IGK6, STM32H563IGT6, STM32H563IIK3Q, STM32H563IIK6, STM32H563IIT3Q, STM32H563IIT6, STM32H563MIY3QTR, STM32H563RGT6, STM32H563RGV6, STM32H563RIT6, STM32H563RIV6, STM32H563VGT6, STM32H563VIT3Q, STM32H563VIT6, STM32H563ZGT6, STM32H563ZIT3Q, STM32H563ZIT6, STM32H573AII3Q, STM32H573AII6, STM32H573I-DK, STM32H573IIK3Q, STM32H573IIK6, STM32H573IIT3Q, STM32H573IIT6, STM32H573MIY3QTR, STM32H573RIT6, STM32H573RIV6, STM32H573VIT3Q, STM32H573VIT6, STM32H573ZIT3Q, STM32H573ZIT6, STM32H7R3A8I6, STM32H7R3I8K6, STM32H7R3I8T6, STM32H7R3L8H6, STM32H7R3L8H6H, STM32H7R3R8V6, STM32H7R3V8H6, STM32H7R3V8T6, STM32H7R3V8Y6TR, STM32H7R3Z8J6, STM32H7R3Z8T6, STM32H7R7A8I6, STM32H7R7I8K6, STM32H7R7I8T6, STM32H7R7L8H6, STM32H7R7L8H6H, STM32H7R7Z8J6, STM32H7S3A8I6, STM32H7S3I8K6, STM32H7S3I8T6, STM32H7S3L8H6, STM32H7S3L8H6H, STM32H7S3R8V6, STM32H7S3V8H6, STM32H7S3V8T6, STM32H7S3V8Y6TR, STM32H7S3Z8J6, STM32H7S3Z8T6, STM32H7S78-DK, STM32H7S7A8I6, STM32H7S7I8K6, STM32H7S7I8T6, STM32H7S7L8H6, STM32H7S7L8H6H, STM32H7S7Z8J6, STM32L4R5QGI6STR, STM32MP131AAE3, STM32MP131AAF3, STM32MP131AAG3, STM32MP131CAE3, STM32MP131CAF3, STM32MP131CAG3, STM32MP131DAE7, STM32MP131DAF7, STM32MP131DAG7, STM32MP131FAE7, STM32MP131FAF7, STM32MP131FAG7, STM32MP133AAE3, STM32MP133AAF3, STM32MP133AAG3, STM32MP133CAE3, STM32MP133CAF3, STM32MP133CAG3, STM32MP133DAE7, STM32MP133DAF7, STM32MP133DAG7, STM32MP133FAE7, STM32MP133FAF7, STM32MP133FAG7, STM32MP135AAE3, STM32MP135AAF3, STM32MP135AAG3, STM32MP135CAE3, STM32MP135CAF3, STM32MP135CAG3, STM32MP135DAE7, STM32MP135DAF7, STM32MP135DAG7, STM32MP135F-DK, STM32MP135FAE7, STM32MP135FAF7, STM32MP135FAF7T, STM32MP135FAF7U, STM32MP135FAG7, STM32MP211AAL3, STM32MP211AAM3, STM32MP211AAN3, STM32MP211AAO3, STM32MP211CAL3, STM32MP211CAM3, STM32MP211CAN3, STM32MP211CAO3, STM32MP211DAL3, STM32MP211DAM3, STM32MP211DAN3, STM32MP211DAO3, STM32MP211FAL3, STM32MP211FAM3, STM32MP211FAN3, STM32MP211FAO3, STM32MP213AAL3, STM32MP213AAM3, STM32MP213AAN3, STM32MP213AAO3, STM32MP213CAL3, STM32MP213CAM3, STM32MP213CAN3, STM32MP213CAO3, STM32MP213DAL3, STM32MP213DAM3, STM32MP213DAN3, STM32MP213DAO3, STM32MP213FAL3, STM32MP213FAM3, STM32MP213FAN3, STM32MP213FAO3, STM32MP215AAL3, STM32MP215AAM3, STM32MP215AAN3, STM32MP215AAO3, STM32MP215CAL3, STM32MP215CAM3, STM32MP215CAN3, STM32MP215CAO3, STM32MP215DAL3, STM32MP215DAM3, STM32MP215DAN3, STM32MP215DAO3, STM32MP215F-DK, STM32MP215FAL3, STM32MP215FAM3, STM32MP215FAN3, STM32MP215FAO3, STM32MP231AAJ3, STM32MP231AAK3, STM32MP231AAL3, STM32MP231CAJ3, STM32MP231CAK3, STM32MP231CAL3, STM32MP231DAJ3, STM32MP231DAK3, STM32MP231DAL3, STM32MP231FAJ3, STM32MP231FAK3, STM32MP231FAL3, STM32MP233AAJ3, STM32MP233AAK3, STM32MP233AAL3, STM32MP233CAJ3, STM32MP233CAK3, STM32MP233CAL3, STM32MP233DAJ3, STM32MP233DAK3, STM32MP233DAL3, STM32MP233FAJ3, STM32MP233FAK3, STM32MP233FAL3, STM32MP235AAJ3, STM32MP235AAK3, STM32MP235AAL3, STM32MP235CAJ3, STM32MP235CAK3, STM32MP235CAL3, STM32MP235DAJ3, STM32MP235DAK3, STM32MP235DAL3, STM32MP235FAJ3, STM32MP235FAK3, STM32MP235FAL3, STM32MP251AAI3, STM32MP251AAK3, STM32MP251AAL3, STM32MP251CAI3, STM32MP251CAK3, STM32MP251CAL3, STM32MP251DAI3, STM32MP251DAK3, STM32MP251DAL3, STM32MP251FAI3, STM32MP251FAK3, STM32MP251FAL3, STM32MP253AAI3, STM32MP253AAK3, STM32MP253AAL3, STM32MP253CAI3, STM32MP253CAK3, STM32MP253CAL3, STM32MP253DAI3, STM32MP253DAK3, STM32MP253DAL3, STM32MP253FAI3, STM32MP253FAK3, STM32MP253FAL3, STM32MP255AAI3, STM32MP255AAK3, STM32MP255AAL3, STM32MP255CAI3, STM32MP255CAK3, STM32MP255CAL3, STM32MP255DAI3, STM32MP255DAK3, STM32MP255DAL3, STM32MP255FAI3, STM32MP255FAK3, STM32MP255FAL3, STM32MP257AAI3, STM32MP257AAK3, STM32MP257AAL3, STM32MP257CAI3, STM32MP257CAK3, STM32MP257CAL3, STM32MP257DAI3, STM32MP257DAK3, STM32MP257DAL3, STM32MP257F-DK, STM32MP257F-EV1, STM32MP257FAI3, STM32MP257FAK3, STM32MP257FAL3, STM32N645A0H3Q, STM32N645B0H3Q, STM32N645I0H3Q, STM32N645L0H3Q, STM32N645X0H3Q, STM32N645Z0H3Q, STM32N647A0H3Q, STM32N647B0H3Q, STM32N647I0H3Q, STM32N647L0H3Q, STM32N647X0H3Q, STM32N647Z0H3Q, STM32N655A0H3Q, STM32N655B0H3Q, STM32N655I0H3Q, STM32N655L0H3Q, STM32N655X0H3Q, STM32N655Z0H3Q, STM32N6570-DK, STM32N657A0H3Q, STM32N657B0H3Q, STM32N657I0H3Q, STM32N657L0H3Q, STM32N657X0H3Q, STM32N657Z0H3Q, STM32U031C6T6, STM32U031C6U6, STM32U031C8T6, STM32U031C8U6, STM32U031F4P6, STM32U031F6P6, STM32U031F8P6, STM32U031G6Y6TR, STM32U031G8Y6TR, STM32U031K4U6, STM32U031K6U6, STM32U031K8U6, STM32U031R6I6, STM32U031R6T6, STM32U031R8I6, STM32U031R8T6, STM32U073C8T6, STM32U073C8U6, STM32U073CBT6, STM32U073CBU6, STM32U073CCT6, STM32U073CCU6, STM32U073H8Y6TR, STM32U073HBY6TR, STM32U073HCY6TR, STM32U073K8U6, STM32U073KBU6, STM32U073KCU6, STM32U073M8I6, STM32U073M8T6, STM32U073MBI6, STM32U073MBT6, STM32U073MCI6, STM32U073MCT6, STM32U073R8I6, STM32U073R8T6, STM32U073RBI6, STM32U073RBT6, STM32U073RCI6, STM32U073RCT6, STM32U083C-DK, STM32U083CCT6, STM32U083CCU6, STM32U083HCY6TR, STM32U083KCU6, STM32U083MCI6, STM32U083MCT6, STM32U083RCI6, STM32U083RCT6, STM32U375CET6, STM32U375CET6Q, STM32U375CEU6, STM32U375CEU6Q, STM32U375CEY6QTR, STM32U375CGT6, STM32U375CGT6Q, STM32U375CGU6, STM32U375CGU6Q, STM32U375CGY6QTR, STM32U375KEU6, STM32U375KGU6, STM32U375REI6, STM32U375REI6Q, STM32U375RET6, STM32U375RET6Q, STM32U375REY6GTR, STM32U375REY6QTR, STM32U375RGI6, STM32U375RGI6Q, STM32U375RGT6, STM32U375RGT6Q, STM32U375RGY6GTR, STM32U375RGY6QTR, STM32U375VEI6, STM32U375VEI6Q, STM32U375VET6, STM32U375VET6Q, STM32U375VGI6, STM32U375VGI6Q, STM32U375VGT6, STM32U375VGT6Q, STM32U385CGT6, STM32U385CGT6Q, STM32U385CGU6, STM32U385CGU6Q, STM32U385CGY6QTR, STM32U385KGU6, STM32U385RGI6, STM32U385RGI6Q, STM32U385RGT6, STM32U385RGT6Q, STM32U385RGY6GTR, STM32U385RGY6QTR, STM32U385VGI6, STM32U385VGI6Q, STM32U385VGT6, STM32U385VGT6Q, STM32U535CBT6, STM32U535CBT6Q, STM32U535CBU6, STM32U535CBU6Q, STM32U535CCT6, STM32U535CCT6Q, STM32U535CCU6, STM32U535CCU6Q, STM32U535CET6, STM32U535CET6Q, STM32U535CEU6, STM32U535CEU6Q, STM32U535JEY6QTR, STM32U535NCY6QTR, STM32U535NEY6QTR, STM32U535RBI6, STM32U535RBI6Q, STM32U535RBT6, STM32U535RBT6Q, STM32U535RCI6, STM32U535RCI6Q, STM32U535RCT6, STM32U535RCT6Q, STM32U535REI6, STM32U535REI6Q, STM32U535RET6, STM32U535RET6Q, STM32U535VCI6, STM32U535VCI6Q, STM32U535VCT6, STM32U535VCT6Q, STM32U535VEI6, STM32U535VEI6Q, STM32U535VET6, STM32U535VET6Q, STM32U545CET6, STM32U545CET6Q, STM32U545CEU6, STM32U545CEU6Q, STM32U545JEY6QTR, STM32U545NEY6QTR, STM32U545REI6, STM32U545REI6Q, STM32U545RET6, STM32U545RET6Q, STM32U545VEI6, STM32U545VEI6Q, STM32U545VET6, STM32U545VET6Q, STM32U595AIH6, STM32U595AIH6Q, STM32U595AJH6, STM32U595AJH6Q, STM32U595QII6, STM32U595QII6Q, STM32U595QJI6, STM32U595QJI6Q, STM32U595RIT6, STM32U595RIT6Q, STM32U595RJT6, STM32U595RJT6Q, STM32U595VIT6, STM32U595VIT6Q, STM32U595VJT6, STM32U595VJT6Q, STM32U595ZIT6, STM32U595ZIT6Q, STM32U595ZIY6QTR, STM32U595ZJT6, STM32U595ZJT6Q, STM32U595ZJY6QTR, STM32U599BJY6QTR, STM32U599NIH6Q, STM32U599NJH6Q, STM32U599VIT6Q, STM32U599VJT6, STM32U599VJT6Q, STM32U599ZIT6Q, STM32U599ZIY6QTR, STM32U599ZJT6Q, STM32U599ZJY6QTR, STM32U5A5AJH6, STM32U5A5AJH6Q, STM32U5A5QII3Q , STM32U5A5QJI6, STM32U5A5QJI6Q, STM32U5A5RJT6, STM32U5A5RJT6Q, STM32U5A5VJT6, STM32U5A5VJT6Q, STM32U5A5ZJT6, STM32U5A5ZJT6Q, STM32U5A5ZJY6QTR, STM32U5A9BJY6QTR, STM32U5A9J-DK, STM32U5A9NJH6Q, STM32U5A9VJT6Q, STM32U5A9ZJT6Q, STM32U5A9ZJY6QTR, STM32U5F7VIT6, STM32U5F7VIT6Q, STM32U5F7VJT6, STM32U5F7VJT6Q, STM32U5F9BJY6QTR, STM32U5F9NJH6Q, STM32U5F9VIT6Q, STM32U5F9VJT6Q, STM32U5F9ZIJ6QTR, STM32U5F9ZIT6Q, STM32U5F9ZJJ6QTR, STM32U5F9ZJT6Q, STM32U5G7VJT6, STM32U5G7VJT6Q, STM32U5G9BJY6QTR, STM32U5G9J-DK1, STM32U5G9J-DK2, STM32U5G9NJH6Q, STM32U5G9VJT6Q, STM32U5G9ZJJ6QTR, STM32U5G9ZJT6Q, STM32WB05KZV6TR, STM32WB05KZV7TR, STM32WB05TZF6TR, STM32WB05TZF7TR, STM32WB06CCF6TR, STM32WB06CCF7TR, STM32WB06CCV6TR, STM32WB06CCV7TR, STM32WB06KCV6TR, STM32WB06KCV7TR, STM32WB07CCF6TR, STM32WB07CCF7TR, STM32WB07CCV6TR, STM32WB07CCV7TR, STM32WB07KCV6TR, STM32WB07KCV7TR, STM32WB09KEV6TR, STM32WB09KEV7TR, STM32WB09TEF6TR, STM32WB09TEF7TR, STM32WB1MMCH6, STM32WBA50KGU6, STM32WBA50KGU6TR, STM32WBA52CEU6, STM32WBA52CEU6TR, STM32WBA52CEU7, STM32WBA52CEU7TR, STM32WBA52CGU6, STM32WBA52CGU6TR, STM32WBA52CGU6U, STM32WBA52CGU7, STM32WBA52CGU7TR, STM32WBA52KEU6, STM32WBA52KEU6TR, STM32WBA52KGU6, STM32WBA52KGU6TR, STM32WBA54CEU6, STM32WBA54CEU6TR, STM32WBA54CEU7, STM32WBA54CEU7TR, STM32WBA54CGU6, STM32WBA54CGU6TR, STM32WBA54CGU7, STM32WBA54CGU7TR, STM32WBA54KEU6, STM32WBA54KEU6TR, STM32WBA54KEU7, STM32WBA54KEU7TR, STM32WBA54KGU6, STM32WBA54KGU6TR, STM32WBA54KGU7, STM32WBA54KGU7TR, STM32WBA55CEU6, STM32WBA55CEU6TR, STM32WBA55CEU7, STM32WBA55CEU7TR, STM32WBA55CGU6, STM32WBA55CGU6TR, STM32WBA55CGU6U, STM32WBA55CGU7, STM32WBA55CGU7TR, STM32WBA55G-DK1, STM32WBA55HEF6, STM32WBA55HEF7, STM32WBA55HGF6, STM32WBA55HGF7, STM32WBA55UEI6, STM32WBA55UEI6TR, STM32WBA55UEI7, STM32WBA55UEI7TR, STM32WBA55UGI6, STM32WBA55UGI6TR, STM32WBA55UGI7, STM32WBA55UGI7TR, STM32WBA5MMGH6TR, STM32WBA62MGF6, STM32WBA62MIF6, STM32WBA65MGF7, STM32WBA65MIF6, STM32WBA65MIF7, STM32WL30K8V6, STM32WL30KBV6, STM32WL31C8V6, STM32WL31CBV6, STM32WL31K8V6, STM32WL31KBV6, STM32WL33C8V6, STM32WL33C8V6X, STM32WL33CBV6, STM32WL33CBV6X, STM32WL33CCV6, STM32WL33CCV6A, STM32WL33CCV6X, STM32WL33K8V7, STM32WL33K8V7X, STM32WL33KBV7 , STM32WL33KBV7X, STM32WL33KCV7, STM32WL33KCV7X, STM32WL5MOCH6, STM32WL5MOCH6TR]
2025-07-25 09:11:04,366 [INFO] DbMcus:218 - Found 4801 MCUs, 4801 are supported
2025-07-25 09:11:04,367 [INFO] ApiDb:423 - Load user favorites file C:\Users\Chinnapop/.stm32cubeide/favorites.mcus.txt: 0 item(s)
2025-07-25 09:11:04,367 [INFO] ApiDb:427 - User favorites MCUs=[]
2025-07-25 09:11:04,367 [INFO] DbMcus:224 - Set 0 / 0 favorites MCUs
2025-07-25 09:11:04,772 [INFO] ApiDb:423 - Load user favorites file C:\Users\Chinnapop/.stm32cubeide/favorites.boards.txt: 0 item(s)
2025-07-25 09:11:04,772 [INFO] ApiDb:427 - User favorites Boards=[]
2025-07-25 09:11:04,773 [INFO] DbBoards:198 - Set 0 / 0 favorites Boards
2025-07-25 09:11:04,838 [INFO] UtilMem:75 - End LoadConfig() Used Memory: 985137152 Bytes (1073741824)
2025-07-25 09:11:04,998 [WARN] ThirdParty:833 - waiting for thirdparty lock release [change project]
2025-07-25 09:11:04,998 [INFO] ThirdParty:835 - entering critical section [change project]
2025-07-25 09:11:04,998 [INFO] ThirdParty:1030 - CMSIS Pack Vendor :STMicroelectronics X-CUBE-PM33A1 1.0.0
2025-07-25 09:11:04,998 [INFO] ThirdParty:1030 - CMSIS Pack Vendor :STMicroelectronics USBPD 4.1
2025-07-25 09:11:04,998 [INFO] ThirdParty:1030 - CMSIS Pack Vendor :STMicroelectronics USB_HOST 2.0.0
2025-07-25 09:11:04,998 [INFO] ThirdParty:1030 - CMSIS Pack Vendor :STMicroelectronics FP-SNS-MOTENVWB1 1.4.0
2025-07-25 09:11:04,998 [INFO] ThirdParty:1030 - CMSIS Pack Vendor :STMicroelectronics X-CUBE-AZRTOS-F4 1.1.0
2025-07-25 09:11:04,998 [INFO] ThirdParty:1030 - CMSIS Pack Vendor :STMicroelectronics LIBJPEG 8.0.0
2025-07-25 09:11:04,998 [INFO] ThirdParty:1030 - CMSIS Pack Vendor :STMicroelectronics FP-ATR-ASTRA1 2.0.2
2025-07-25 09:11:04,998 [INFO] ThirdParty:1030 - CMSIS Pack Vendor :STMicroelectronics FP-ATR-ASTRA1 2.0.1
2025-07-25 09:11:04,998 [INFO] ThirdParty:1030 - CMSIS Pack Vendor :Avnet-IotConnect X-CUBE-IoTC-DA16k-PMOD 1.0.0
2025-07-25 09:11:04,998 [INFO] ThirdParty:1030 - CMSIS Pack Vendor :STMicroelectronics X-CUBE-SMBUS 2.1.0
2025-07-25 09:11:04,998 [INFO] ThirdParty:1030 - CMSIS Pack Vendor :STMicroelectronics X-CUBE-WB05N 1.1.0
2025-07-25 09:11:04,998 [INFO] ThirdParty:1030 - CMSIS Pack Vendor :STMicroelectronics X-CUBE-ISPU 2.1.0
2025-07-25 09:11:04,998 [INFO] ThirdParty:1030 - CMSIS Pack Vendor :STMicroelectronics X-CUBE-FREERTOS 1.2.0
2025-07-25 09:11:04,998 [INFO] ThirdParty:1030 - CMSIS Pack Vendor :STMicroelectronics X-CUBE-ST60 1.0.0
2025-07-25 09:11:04,998 [INFO] ThirdParty:1030 - CMSIS Pack Vendor :STMicroelectronics X-CUBE-NFC12 1.0.0
2025-07-25 09:11:04,998 [INFO] ThirdParty:1030 - CMSIS Pack Vendor :STMicroelectronics X-CUBE-AZRTOS-F7 1.1.0
2025-07-25 09:11:04,998 [INFO] ThirdParty:1030 - CMSIS Pack Vendor :STMicroelectronics X-CUBE-AZRTOS-L5 2.0.0
2025-07-25 09:11:04,998 [INFO] ThirdParty:1030 - CMSIS Pack Vendor :STMicroelectronics USB_DEVICE 2.0.0
2025-07-25 09:11:04,998 [INFO] ThirdParty:1030 - CMSIS Pack Vendor :STMicroelectronics X-CUBE-NFC6 3.1.0
2025-07-25 09:11:04,998 [INFO] ThirdParty:1030 - CMSIS Pack Vendor :STMicroelectronics X-CUBE-MEMS1 11.0.0
2025-07-25 09:11:04,998 [INFO] ThirdParty:1030 - CMSIS Pack Vendor :STMicroelectronics FreeRTOS 0.0.1
2025-07-25 09:11:04,998 [INFO] ThirdParty:1030 - CMSIS Pack Vendor :STMicroelectronics X-CUBE-DPower 1.2.0
2025-07-25 09:11:04,998 [INFO] ThirdParty:1030 - CMSIS Pack Vendor :STMicroelectronics FP-SNS-FLIGHT1 5.0.2
2025-07-25 09:11:04,998 [INFO] ThirdParty:1030 - CMSIS Pack Vendor :STMicroelectronics PDM2PCM 3.3.0
2025-07-25 09:11:04,998 [INFO] ThirdParty:1030 - CMSIS Pack Vendor :STMicroelectronics X-CUBE-AZRTOS-H7 3.4.0
2025-07-25 09:11:04,998 [INFO] ThirdParty:1030 - CMSIS Pack Vendor :STMicroelectronics X-CUBE-DISPLAY 3.0.0
2025-07-25 09:11:04,998 [INFO] ThirdParty:1030 - CMSIS Pack Vendor :STMicroelectronics X-CUBE-BLE1 7.0.0
2025-07-25 09:11:04,998 [INFO] ThirdParty:1030 - CMSIS Pack Vendor :STMicroelectronics X-CUBE-NFC10 1.0.0
2025-07-25 09:11:04,998 [INFO] ThirdParty:1030 - CMSIS Pack Vendor :STMicroelectronics X-CUBE-BLEMGR 4.0.0
2025-07-25 09:11:04,998 [INFO] ThirdParty:1030 - CMSIS Pack Vendor :STMicroelectronics X-CUBE-FREERTOS 1.3.1
2025-07-25 09:11:04,998 [INFO] ThirdParty:1030 - CMSIS Pack Vendor :STMicroelectronics HAL Drivers 0.0.0
2025-07-25 09:11:04,998 [INFO] ThirdParty:1030 - CMSIS Pack Vendor :emotas I-CUBE-CANOPEN 1.3.0
2025-07-25 09:11:04,998 [INFO] ThirdParty:1030 - CMSIS Pack Vendor :STMicroelectronics X-CUBE-FREERTOS 1.3.0
2025-07-25 09:11:04,998 [INFO] ThirdParty:1030 - CMSIS Pack Vendor :STMicroelectronics X-CUBE-NFC7 1.0.1
2025-07-25 09:11:04,998 [INFO] ThirdParty:1030 - CMSIS Pack Vendor :STMicroelectronics MBEDTLS 2.14.1
2025-07-25 09:11:04,998 [INFO] ThirdParty:1030 - CMSIS Pack Vendor :STMicroelectronics X-CUBE-BLEMGR 3.1.0
2025-07-25 09:11:04,999 [INFO] ThirdParty:1030 - CMSIS Pack Vendor :STMicroelectronics X-CUBE-AI 10.0.0
2025-07-25 09:11:04,999 [INFO] ThirdParty:1030 - CMSIS Pack Vendor :STMicroelectronics FP-SNS-STAIOTCFT 1.0.0
2025-07-25 09:11:04,999 [INFO] ThirdParty:1030 - CMSIS Pack Vendor :STMicroelectronics FP-SNS-SMARTAG2 1.2.0
2025-07-25 09:11:04,999 [INFO] ThirdParty:1030 - CMSIS Pack Vendor :STMicroelectronics FP-SNS-FLIGHT1 5.1.0
2025-07-25 09:11:04,999 [INFO] ThirdParty:1030 - CMSIS Pack Vendor :STMicroelectronics X-CUBE-MEMS1 11.1.0
2025-07-25 09:11:04,999 [INFO] ThirdParty:1030 - CMSIS Pack Vendor :STMicroelectronics X-CUBE-AZRTOS-WL 2.0.0
2025-07-25 09:11:04,999 [INFO] ThirdParty:1030 - CMSIS Pack Vendor :STMicroelectronics X-CUBE-DPower 1.3.0
2025-07-25 09:11:04,999 [INFO] ThirdParty:1030 - CMSIS Pack Vendor :STMicroelectronics FP-SNS-MOTENV1 5.0.0
2025-07-25 09:11:04,999 [INFO] ThirdParty:1030 - CMSIS Pack Vendor :STMicroelectronics USB_DEVICE 1.0.0
2025-07-25 09:11:05,000 [INFO] ThirdParty:1030 - CMSIS Pack Vendor :wolfSSL I-CUBE-wolfMQTT 1.19.0
2025-07-25 09:11:05,000 [INFO] ThirdParty:1030 - CMSIS Pack Vendor :STMicroelectronics X-CUBE-AZRTOS-L4 2.0.0
2025-07-25 09:11:05,000 [INFO] ThirdParty:1030 - CMSIS Pack Vendor :STMicroelectronics ThreadX 0.0.2
2025-07-25 09:11:05,000 [INFO] ThirdParty:1030 - CMSIS Pack Vendor :WES I-CUBE-Cesium 1.3.0
2025-07-25 09:11:05,000 [INFO] ThirdParty:1030 - CMSIS Pack Vendor :STMicroelectronics lwIP 2.1.2
2025-07-25 09:11:05,000 [INFO] ThirdParty:1030 - CMSIS Pack Vendor :STMicroelectronics X-CUBE-SFXS2LP1 4.0.0
2025-07-25 09:11:05,000 [INFO] ThirdParty:1030 - CMSIS Pack Vendor :STMicroelectronics X-CUBE-BLE2 3.3.0
2025-07-25 09:11:05,000 [INFO] ThirdParty:1030 - CMSIS Pack Vendor :STMicroelectronics PDM2PCM 3.2.0
2025-07-25 09:11:05,000 [INFO] ThirdParty:1030 - CMSIS Pack Vendor :STMicroelectronics X-CUBE-AZRTOS-H7 3.3.0
2025-07-25 09:11:05,000 [INFO] ThirdParty:1030 - CMSIS Pack Vendor :STMicroelectronics X-CUBE-NFC9 1.0.0
2025-07-25 09:11:05,000 [INFO] ThirdParty:1030 - CMSIS Pack Vendor :STMicroelectronics X-CUBE-BLE1 7.1.0
2025-07-25 09:11:05,000 [INFO] ThirdParty:1030 - CMSIS Pack Vendor :STMicroelectronics USB_DEVICE 3.0.0
2025-07-25 09:11:05,000 [INFO] ThirdParty:1030 - CMSIS Pack Vendor :STMicroelectronics X-CUBE-TCPP 4.1.0
2025-07-25 09:11:05,000 [INFO] ThirdParty:1030 - CMSIS Pack Vendor :STMicroelectronics X-CUBE-EEPRMA1 5.2.0
2025-07-25 09:11:05,000 [INFO] ThirdParty:1030 - CMSIS Pack Vendor :STMicroelectronics X-CUBE-BLEMGR 4.1.0
2025-07-25 09:11:05,000 [INFO] ThirdParty:1030 - CMSIS Pack Vendor :STMicroelectronics X-CUBE-IPS 3.0.0
2025-07-25 09:11:05,000 [INFO] ThirdParty:1030 - CMSIS Pack Vendor :STMicroelectronics X-CUBE-AZRTOS-WB 2.0.0
2025-07-25 09:11:05,000 [INFO] ThirdParty:1030 - CMSIS Pack Vendor :STMicroelectronics X-CUBE-GNSS1 7.0.0
2025-07-25 09:11:05,000 [INFO] ThirdParty:1030 - CMSIS Pack Vendor :STMicroelectronics X-CUBE-GNSS1 7.0.1
2025-07-25 09:11:05,000 [INFO] ThirdParty:1030 - CMSIS Pack Vendor :STMicroelectronics X-CUBE-TOUCHGFX 4.25.0
2025-07-25 09:11:05,001 [INFO] ThirdParty:1030 - CMSIS Pack Vendor :STMicroelectronics X-CUBE-AI 10.1.0
2025-07-25 09:11:05,001 [INFO] ThirdParty:1030 - CMSIS Pack Vendor :STMicroelectronics FP-SNS-STBOX1 2.0.0
2025-07-25 09:11:05,001 [INFO] ThirdParty:1030 - CMSIS Pack Vendor :STMicroelectronics X-CUBE-MEMS1 11.2.0
2025-07-25 09:11:05,001 [INFO] ThirdParty:1030 - CMSIS Pack Vendor :STMicroelectronics X-CUBE-AZRTOS-G0 1.1.0
2025-07-25 09:11:05,001 [INFO] ThirdParty:1030 - CMSIS Pack Vendor :STMicroelectronics X-CUBE-SAFEA1 1.2.2
2025-07-25 09:11:05,001 [INFO] ThirdParty:1030 - CMSIS Pack Vendor :STMicroelectronics X-CUBE-NFC4 3.0.0
2025-07-25 09:11:05,001 [INFO] ThirdParty:1030 - CMSIS Pack Vendor :STMicroelectronics X-CUBE-SUBG2 5.0.0
2025-07-25 09:11:05,001 [INFO] ThirdParty:1030 - CMSIS Pack Vendor :STMicroelectronics X-CUBE-AZRTOS-H7RS 1.1.0
2025-07-25 09:11:05,001 [INFO] ThirdParty:1030 - CMSIS Pack Vendor :STMicroelectronics STM32_WPAN 1.0.0
2025-07-25 09:11:05,001 [INFO] ThirdParty:1030 - CMSIS Pack Vendor :EmbeddedOffice I-CUBE-FS-RTOS 1.0.1
2025-07-25 09:11:05,001 [INFO] ThirdParty:1030 - CMSIS Pack Vendor :STMicroelectronics lwIP 2.0.3
2025-07-25 09:11:05,001 [INFO] ThirdParty:1030 - CMSIS Pack Vendor :Cesanta I-CUBE-Mongoose 7.13.0
2025-07-25 09:11:05,001 [INFO] ThirdParty:1030 - CMSIS Pack Vendor :STMicroelectronics USB_HOST 1.0.0
2025-07-25 09:11:05,001 [INFO] ThirdParty:1030 - CMSIS Pack Vendor :STMicroelectronics X-CUBE-AZRTOS-G4 2.0.0
2025-07-25 09:11:05,001 [INFO] ThirdParty:1030 - CMSIS Pack Vendor :STMicroelectronics X-CUBE-WB05N 2.0.0
2025-07-25 09:11:05,001 [INFO] ThirdParty:1030 - CMSIS Pack Vendor :STMicroelectronics PDM2PCM 3.1.0
2025-07-25 09:11:05,001 [INFO] ThirdParty:1030 - CMSIS Pack Vendor :STMicroelectronics X-CUBE-NFC7 2.0.0
2025-07-25 09:11:05,001 [INFO] ThirdParty:1030 - CMSIS Pack Vendor :STMicroelectronics X-CUBE-TCPP 4.2.0
2025-07-25 09:11:05,001 [INFO] ThirdParty:1030 - CMSIS Pack Vendor :RealThread X-CUBE-RT-Thread_Nano 4.1.1
2025-07-25 09:11:05,001 [INFO] ThirdParty:1030 - CMSIS Pack Vendor :STMicroelectronics FP-ATR-SIGFOX1 3.2.0
2025-07-25 09:11:05,001 [INFO] ThirdParty:1030 - CMSIS Pack Vendor :quantropi X-CUBE-qispace-sdk-base 1.9.3
2025-07-25 09:11:05,001 [INFO] ThirdParty:1030 - CMSIS Pack Vendor :STMicroelectronics X-CUBE-EEPRMA1 5.1.0
2025-07-25 09:11:05,001 [INFO] ThirdParty:1030 - CMSIS Pack Vendor :STMicroelectronics MBEDTLS 2.16.2
2025-07-25 09:11:05,001 [INFO] ThirdParty:1030 - CMSIS Pack Vendor :STMicroelectronics X-CUBE-IPS 3.1.0
2025-07-25 09:11:05,001 [INFO] ThirdParty:1030 - CMSIS Pack Vendor :STMicroelectronics X-CUBE-ALS 1.0.2
2025-07-25 09:11:05,001 [INFO] ThirdParty:1030 - CMSIS Pack Vendor :wolfSSL I-CUBE-wolfSSL 5.7.4
2025-07-25 09:11:05,001 [INFO] ThirdParty:1030 - CMSIS Pack Vendor :ITTIA_DB I-CUBE-ITTIADB 8.9.0
2025-07-25 09:11:05,001 [INFO] ThirdParty:1030 - CMSIS Pack Vendor :STMicroelectronics X-CUBE-TOUCHGFX 4.24.2
2025-07-25 09:11:05,001 [INFO] ThirdParty:1030 - CMSIS Pack Vendor :STMicroelectronics X-CUBE-TOUCHGFX 4.24.1
2025-07-25 09:11:05,001 [INFO] ThirdParty:1030 - CMSIS Pack Vendor :wolfSSL I-CUBE-wolfTPM 3.4.0
2025-07-25 09:11:05,001 [INFO] ThirdParty:1030 - CMSIS Pack Vendor :portGmbH I-Cube-SoM-uGOAL 1.1.0
2025-07-25 09:11:05,001 [INFO] ThirdParty:1030 - CMSIS Pack Vendor :STMicroelectronics X-CUBE-ST67W61 1.0.0
2025-07-25 09:11:05,001 [INFO] ThirdParty:1030 - CMSIS Pack Vendor :STMicroelectronics ThreadX 1.0.0
2025-07-25 09:11:05,001 [INFO] ThirdParty:1030 - CMSIS Pack Vendor :SEGGER I-CUBE-embOS 1.3.1
2025-07-25 09:11:05,001 [INFO] ThirdParty:1030 - CMSIS Pack Vendor :STMicroelectronics X-CUBE-ALGOBUILD 1.4.0
2025-07-25 09:11:05,001 [INFO] ThirdParty:1030 - CMSIS Pack Vendor :STMicroelectronics X-CUBE-MEMS1 11.3.0
2025-07-25 09:11:05,001 [INFO] ThirdParty:1030 - CMSIS Pack Vendor :STMicroelectronics X-CUBE-AZRTOS-H7RS 1.0.0
2025-07-25 09:11:05,001 [INFO] ThirdParty:1030 - CMSIS Pack Vendor :STMicroelectronics FP-ATR-ASTRA1 2.0.0
2025-07-25 09:11:05,001 [INFO] ThirdParty:1030 - CMSIS Pack Vendor :STMicroelectronics X-CUBE-TOF1 3.4.2
2025-07-25 09:11:05,001 [INFO] ThirdParty:1030 - CMSIS Pack Vendor :STMicroelectronics X-CUBE-TOF1 3.4.3
2025-07-25 09:11:05,001 [INFO] ThirdParty:1030 - CMSIS Pack Vendor :STMicroelectronics X-CUBE-AI 9.1.0
2025-07-25 09:11:05,001 [INFO] ThirdParty:1030 - CMSIS Pack Vendor :Infineon AIROC-Wi-Fi-Bluetooth-STM32 1.6.1
2025-07-25 09:11:05,001 [INFO] ThirdParty:1030 - CMSIS Pack Vendor :wolfSSL I-CUBE-wolfSSH 1.4.17
2025-07-25 09:11:05,002 [INFO] ThirdParty:841 - exiting critical section [change project]
2025-07-25 09:11:05,740 [INFO] PinOutPanel:1589 - setPackage(No Configuration,No Configuration)
2025-07-25 09:11:05,742 [INFO] PinOutPanel:1589 - setPackage(STM32F767ZITx,LQFP144)
2025-07-25 09:11:06,926 [INFO] UtilMem:75 - Before build in PCC Used Memory: 596429584 Bytes (1073741824)
2025-07-25 09:11:08,776 [INFO] UtilMem:75 - After build in PCC Used Memory: 526385152 Bytes (1073741824)
2025-07-25 09:11:08,813 [INFO] IPUIPlugin:80 - create IPUIPlugin
2025-07-25 09:11:08,813 [INFO] IPUIPlugin:80 - create IPUIPlugin
2025-07-25 09:11:08,813 [INFO] IPUIPlugin:80 - create IPUIPlugin
2025-07-25 09:11:08,813 [INFO] IPUIPlugin:80 - create IPUIPlugin
2025-07-25 09:11:08,813 [INFO] IPUIPlugin:80 - create IPUIPlugin
2025-07-25 09:11:08,813 [INFO] IPUIPlugin:80 - create IPUIPlugin
2025-07-25 09:11:08,814 [INFO] IPUIPlugin:80 - create IPUIPlugin
2025-07-25 09:11:08,814 [INFO] IPUIPlugin:80 - create IPUIPlugin
2025-07-25 09:11:08,815 [INFO] IPUIPlugin:80 - create IPUIPlugin
2025-07-25 09:11:08,815 [INFO] IPUIPlugin:80 - create IPUIPlugin
2025-07-25 09:11:08,815 [INFO] IPUIPlugin:80 - create IPUIPlugin
2025-07-25 09:11:08,815 [INFO] IPUIPlugin:80 - create IPUIPlugin
2025-07-25 09:11:08,815 [INFO] IPUIPlugin:80 - create IPUIPlugin
2025-07-25 09:11:08,815 [INFO] IPUIPlugin:80 - create IPUIPlugin
2025-07-25 09:11:08,815 [INFO] IPUIPlugin:80 - create IPUIPlugin
2025-07-25 09:11:08,815 [INFO] IPUIPlugin:80 - create IPUIPlugin
2025-07-25 09:11:08,815 [INFO] IPUIPlugin:80 - create IPUIPlugin
2025-07-25 09:11:08,816 [INFO] IPUIPlugin:80 - create IPUIPlugin
2025-07-25 09:11:08,816 [INFO] IPUIPlugin:80 - create IPUIPlugin
2025-07-25 09:11:08,816 [INFO] IPUIPlugin:80 - create IPUIPlugin
2025-07-25 09:11:08,816 [INFO] IPUIPlugin:80 - create IPUIPlugin
2025-07-25 09:11:08,816 [INFO] IPUIPlugin:80 - create IPUIPlugin
2025-07-25 09:11:08,817 [INFO] IPUIPlugin:80 - create IPUIPlugin
2025-07-25 09:11:08,817 [INFO] IPUIPlugin:80 - create IPUIPlugin
2025-07-25 09:11:08,817 [INFO] IPUIPlugin:80 - create IPUIPlugin
2025-07-25 09:11:08,817 [INFO] IPUIPlugin:80 - create IPUIPlugin
2025-07-25 09:11:08,817 [INFO] IPUIPlugin:80 - create IPUIPlugin
2025-07-25 09:11:08,817 [INFO] IPUIPlugin:80 - create IPUIPlugin
2025-07-25 09:11:08,818 [INFO] IPUIPlugin:80 - create IPUIPlugin
2025-07-25 09:11:08,818 [INFO] IPUIPlugin:80 - create IPUIPlugin
2025-07-25 09:11:08,818 [INFO] IPUIPlugin:80 - create IPUIPlugin
2025-07-25 09:11:08,818 [INFO] IPUIPlugin:80 - create IPUIPlugin
2025-07-25 09:11:08,818 [INFO] IPUIPlugin:80 - create IPUIPlugin
2025-07-25 09:11:08,818 [INFO] IPUIPlugin:80 - create IPUIPlugin
2025-07-25 09:11:08,818 [INFO] IPUIPlugin:80 - create IPUIPlugin
2025-07-25 09:11:08,818 [INFO] IPUIPlugin:80 - create IPUIPlugin
2025-07-25 09:11:08,819 [INFO] IPUIPlugin:80 - create IPUIPlugin
2025-07-25 09:11:08,819 [INFO] IPUIPlugin:80 - create IPUIPlugin
2025-07-25 09:11:08,819 [INFO] IPUIPlugin:80 - create IPUIPlugin
2025-07-25 09:11:08,820 [INFO] IPUIPlugin:80 - create IPUIPlugin
2025-07-25 09:11:08,820 [INFO] IPUIPlugin:80 - create IPUIPlugin
2025-07-25 09:11:08,820 [INFO] IPUIPlugin:80 - create IPUIPlugin
2025-07-25 09:11:08,820 [INFO] IPUIPlugin:80 - create IPUIPlugin
2025-07-25 09:11:08,820 [INFO] IPUIPlugin:80 - create IPUIPlugin
2025-07-25 09:11:08,820 [INFO] IPUIPlugin:80 - create IPUIPlugin
2025-07-25 09:11:08,821 [INFO] IPUIPlugin:80 - create IPUIPlugin
2025-07-25 09:11:08,821 [INFO] IPUIPlugin:80 - create IPUIPlugin
2025-07-25 09:11:08,821 [INFO] IPUIPlugin:80 - create IPUIPlugin
2025-07-25 09:11:08,821 [INFO] IPUIPlugin:80 - create IPUIPlugin
2025-07-25 09:11:08,821 [INFO] IPUIPlugin:80 - create IPUIPlugin
2025-07-25 09:11:08,821 [INFO] IPUIPlugin:80 - create IPUIPlugin
2025-07-25 09:11:08,821 [INFO] IPUIPlugin:80 - create IPUIPlugin
2025-07-25 09:11:08,822 [INFO] IPUIPlugin:80 - create IPUIPlugin
2025-07-25 09:11:08,822 [INFO] IPUIPlugin:80 - create IPUIPlugin
2025-07-25 09:11:08,822 [INFO] IPUIPlugin:80 - create IPUIPlugin
2025-07-25 09:11:08,822 [INFO] IPUIPlugin:80 - create IPUIPlugin
2025-07-25 09:11:08,822 [INFO] IPUIPlugin:80 - create IPUIPlugin
2025-07-25 09:11:08,823 [INFO] IPUIPlugin:80 - create IPUIPlugin
2025-07-25 09:11:08,823 [INFO] IPUIPlugin:80 - create IPUIPlugin
2025-07-25 09:11:08,823 [INFO] IPUIPlugin:80 - create IPUIPlugin
2025-07-25 09:11:08,823 [INFO] IPUIPlugin:80 - create IPUIPlugin
2025-07-25 09:11:08,823 [INFO] IPUIPlugin:80 - create IPUIPlugin
2025-07-25 09:11:08,823 [INFO] IPUIPlugin:80 - create IPUIPlugin
2025-07-25 09:11:08,824 [INFO] IPUIPlugin:80 - create IPUIPlugin
2025-07-25 09:11:08,824 [INFO] IPUIPlugin:80 - create IPUIPlugin
2025-07-25 09:11:08,824 [INFO] IPUIPlugin:80 - create IPUIPlugin
2025-07-25 09:11:08,824 [INFO] IPUIPlugin:80 - create IPUIPlugin
2025-07-25 09:11:08,824 [INFO] IPUIPlugin:80 - create IPUIPlugin
2025-07-25 09:11:08,825 [INFO] IPUIPlugin:80 - create IPUIPlugin
2025-07-25 09:11:08,825 [INFO] IPUIPlugin:80 - create IPUIPlugin
2025-07-25 09:11:08,825 [INFO] IPUIPlugin:80 - create IPUIPlugin
2025-07-25 09:11:08,825 [INFO] IPUIPlugin:80 - create IPUIPlugin
2025-07-25 09:11:08,826 [INFO] IPUIPlugin:80 - create IPUIPlugin
2025-07-25 09:11:08,826 [INFO] IPUIPlugin:80 - create IPUIPlugin
2025-07-25 09:11:08,826 [INFO] IPUIPlugin:80 - create IPUIPlugin
2025-07-25 09:11:08,827 [INFO] IPUIPlugin:80 - create IPUIPlugin
2025-07-25 09:11:08,828 [INFO] IPUIPlugin:80 - create IPUIPlugin
2025-07-25 09:11:08,829 [INFO] IPUIPlugin:80 - create IPUIPlugin
2025-07-25 09:11:08,830 [INFO] IPUIPlugin:80 - create IPUIPlugin
2025-07-25 09:11:08,909 [INFO] ApiDbMcu:532 - Load IP Config File for PDM2PCM
2025-07-25 09:11:08,920 [INFO] Can:71 - Can Add PropertyChangeListener com.st.microxplorer.plugins.ip.can.Can@67d7b325
2025-07-25 09:11:08,921 [INFO] Can:71 - Can Add PropertyChangeListener com.st.microxplorer.plugins.ip.can.Can@55c155ec
2025-07-25 09:11:09,169 [INFO] CADModel:165 - CPN selected for project levelSTM32F767ZIT6
2025-07-25 09:11:09,169 [INFO] CADModel:114 - Register for checkConnection events
2025-07-25 09:11:10,443 [INFO] OpenFileManager:386 - Restore cursor
2025-07-25 09:12:45,670 [INFO] WebApp:194 - Connection lost
2025-07-25 09:12:45,943 [INFO] WebApp:191 - Connection restablished
2025-07-25 09:13:48,026 [INFO] MainUpdater:2872 - connection check result : 10
2025-07-25 09:13:48,026 [INFO] MainUpdater:2872 - connection check result : 10
2025-07-25 09:19:44,785 [INFO] Activator:176 - 


2025-07-25 09:19:44,790 [INFO] Activator:177 - !SESSION log4j initialized
2025-07-25 09:19:58,603 [INFO] LogOutputStream:77 - [STDOUT_REDIRECT] 
2025-07-25 09:20:00,250 [INFO] ApplicationProperties:184 - Using Application install path: C:\ST\STM32CubeIDE_1.16.1\STM32CubeIDE\plugins\com.st.stm32cube.common.mx_6.15.0.202507011659
2025-07-25 09:20:00,266 [INFO] DbMcusXml:78 - Set database path to: C:\ST\STM32CubeIDE_1.16.1\STM32CubeIDE\plugins\com.st.stm32cube.common.mx_6.15.0.202507011659\\db\/mcu/
2025-07-25 09:20:00,266 [INFO] ApiDb:274 - Set plugin database path to: C:\ST\STM32CubeIDE_1.16.1\STM32CubeIDE\plugins\com.st.stm32cube.common.mx_6.15.0.202507011659\\db\/plugins/boardmanager/
2025-07-25 09:20:00,266 [WARN] ApiDb:259 - Overriding images path with different value:  => C:\ST\STM32CubeIDE_1.16.1\STM32CubeIDE\plugins\com.st.stm32cube.common.mx_6.15.0.202507011659\\db\/plugins/mcufinder/images/
2025-07-25 09:20:00,278 [INFO] ApiDb:250 - Set database path to: C:\Users\Chinnapop\.stmcufinder\plugins\mcufinder//mcu/
2025-07-25 09:20:00,279 [INFO] DbMcusAds:125 - Set database path to: C:\Users\Chinnapop\.stmcufinder\plugins\mcufinder//mcu/
2025-07-25 09:20:00,281 [INFO] CrossReferenceDbSqlite:203 - Set database path to: C:\Users\Chinnapop\.stmcufinder\plugins\mcufinder//mcu/cs/
2025-07-25 09:20:00,388 [INFO] RulesReader:64 - Compatibility file has been processed (317 Rules)
2025-07-25 09:20:00,481 [INFO] DbMcusXml:78 - Set database path to: C:\ST\STM32CubeIDE_1.16.1\STM32CubeIDE\plugins\com.st.stm32cube.common.mx_6.15.0.202507011659\\db\/mcu/
2025-07-25 09:20:00,481 [INFO] ApiDb:274 - Set plugin database path to: C:\ST\STM32CubeIDE_1.16.1\STM32CubeIDE\plugins\com.st.stm32cube.common.mx_6.15.0.202507011659\\db\/plugins/boardmanager/
2025-07-25 09:20:00,481 [INFO] ApiDb:261 - Set plugin images path to: C:\ST\STM32CubeIDE_1.16.1\STM32CubeIDE\plugins\com.st.stm32cube.common.mx_6.15.0.202507011659\\db\/plugins/mcufinder/images/
2025-07-25 09:20:00,481 [WARN] DbFile:41 - Overriding database path with different value: C:\Users\Chinnapop\.stmcufinder\plugins\mcufinder/ => C:\Users\Chinnapop\.stmcufinder\plugins\mcufinder
2025-07-25 09:20:00,481 [INFO] ApiDb:250 - Set database path to: C:\Users\Chinnapop\.stmcufinder\plugins\mcufinder//mcu/
2025-07-25 09:20:00,482 [WARN] DbFile:41 - Overriding database path with different value: C:\Users\Chinnapop\.stmcufinder\plugins\mcufinder/ => C:\Users\Chinnapop\.stmcufinder\plugins\mcufinder
2025-07-25 09:20:00,482 [INFO] DbMcusAds:125 - Set database path to: C:\Users\Chinnapop\.stmcufinder\plugins\mcufinder//mcu/
2025-07-25 09:20:00,482 [WARN] DbFile:41 - Overriding database path with different value: C:\Users\Chinnapop\.stmcufinder\plugins\mcufinder/ => C:\Users\Chinnapop\.stmcufinder\plugins\mcufinder
2025-07-25 09:20:00,482 [WARN] DbFile:41 - Overriding database path with different value: C:\Users\Chinnapop\.stmcufinder\plugins\mcufinder/ => C:\Users\Chinnapop\.stmcufinder\plugins\mcufinder
2025-07-25 09:20:00,482 [INFO] CrossReferenceDbSqlite:203 - Set database path to: C:\Users\Chinnapop\.stmcufinder\plugins\mcufinder//mcu/cs/
2025-07-25 09:20:00,554 [INFO] MainPanel:274 - HeapMemory: 268435456
2025-07-25 09:20:00,643 [INFO] DbMcusXml:78 - Set database path to: C:\ST\STM32CubeIDE_1.16.1\STM32CubeIDE\plugins\com.st.stm32cube.common.mx_6.15.0.202507011659\\db\/mcu/
2025-07-25 09:20:00,644 [INFO] ApiDb:274 - Set plugin database path to: C:\ST\STM32CubeIDE_1.16.1\STM32CubeIDE\plugins\com.st.stm32cube.common.mx_6.15.0.202507011659\\db\/plugins/boardmanager/
2025-07-25 09:20:00,644 [INFO] ApiDb:261 - Set plugin images path to: C:\ST\STM32CubeIDE_1.16.1\STM32CubeIDE\plugins\com.st.stm32cube.common.mx_6.15.0.202507011659\\db\/plugins/mcufinder/images/
2025-07-25 09:20:00,644 [WARN] DbFile:41 - Overriding database path with different value: C:\Users\Chinnapop\.stmcufinder\plugins\mcufinder/ => C:\Users\Chinnapop\.stmcufinder\plugins\mcufinder
2025-07-25 09:20:00,644 [INFO] ApiDb:250 - Set database path to: C:\Users\Chinnapop\.stmcufinder\plugins\mcufinder//mcu/
2025-07-25 09:20:00,644 [WARN] DbFile:41 - Overriding database path with different value: C:\Users\Chinnapop\.stmcufinder\plugins\mcufinder/ => C:\Users\Chinnapop\.stmcufinder\plugins\mcufinder
2025-07-25 09:20:00,644 [INFO] DbMcusAds:125 - Set database path to: C:\Users\Chinnapop\.stmcufinder\plugins\mcufinder//mcu/
2025-07-25 09:20:00,644 [WARN] DbFile:41 - Overriding database path with different value: C:\Users\Chinnapop\.stmcufinder\plugins\mcufinder/ => C:\Users\Chinnapop\.stmcufinder\plugins\mcufinder
2025-07-25 09:20:00,644 [WARN] DbFile:41 - Overriding database path with different value: C:\Users\Chinnapop\.stmcufinder\plugins\mcufinder/ => C:\Users\Chinnapop\.stmcufinder\plugins\mcufinder
2025-07-25 09:20:00,644 [INFO] CrossReferenceDbSqlite:203 - Set database path to: C:\Users\Chinnapop\.stmcufinder\plugins\mcufinder//mcu/cs/
2025-07-25 09:20:00,662 [INFO] ApplicationProperties:184 - Using Application install path: C:\ST\STM32CubeIDE_1.16.1\STM32CubeIDE\plugins\com.st.stm32cube.common.mx_6.15.0.202507011659
2025-07-25 09:20:00,663 [INFO] PluginManage:196 - Search for loadable plugins [exclusion list=, ]
2025-07-25 09:20:00,664 [INFO] PluginManage:310 - Check plugin analytics
2025-07-25 09:20:00,846 [INFO] AnalyticsPlugin:253 - Accepted Software Licenses: 
2025-07-25 09:20:00,846 [INFO] AnalyticsPlugin:255 - Accepted CMSIS Pack Licenses: 
2025-07-25 09:20:00,846 [INFO] AnalyticsPlugin:257 - Accepted Firmware Licenses: FW.F7.1.17.0
2025-07-25 09:20:00,851 [INFO] PluginManage:359 - Loaded plugin analytics (category:tool,tabindex:-1)
2025-07-25 09:20:00,851 [INFO] PluginManage:310 - Check plugin cadmodel
2025-07-25 09:20:00,864 [INFO] CADModel:105 - Init CAD model plugin
2025-07-25 09:20:00,864 [INFO] PluginManage:359 - Loaded plugin cadmodel (category:power,tabindex:5)
2025-07-25 09:20:00,865 [INFO] PluginManage:310 - Check plugin clock
2025-07-25 09:20:00,878 [INFO] PluginManage:359 - Loaded plugin clock (category:base,tabindex:2)
2025-07-25 09:20:00,879 [INFO] PluginManage:310 - Check plugin ddr
2025-07-25 09:20:00,880 [INFO] PluginManage:359 - Loaded plugin ddr (category:tool,tabindex:6)
2025-07-25 09:20:00,881 [INFO] PluginManage:310 - Check plugin filemanager
2025-07-25 09:20:01,008 [INFO] PluginManage:359 - Loaded plugin filemanager (category:base,tabindex:10)
2025-07-25 09:20:01,008 [INFO] PluginManage:310 - Check plugin ipmanager
2025-07-25 09:20:01,016 [INFO] PluginManage:359 - Loaded plugin ipmanager (category:base,tabindex:5)
2025-07-25 09:20:01,016 [INFO] PluginManage:310 - Check plugin lpbam
2025-07-25 09:20:01,028 [INFO] PluginManage:359 - Loaded plugin lpbam (category:base,tabindex:0)
2025-07-25 09:20:01,028 [INFO] PluginManage:310 - Check plugin memorymap
2025-07-25 09:20:01,042 [INFO] PluginManage:359 - Loaded plugin memorymap (category:base,tabindex:4)
2025-07-25 09:20:01,042 [INFO] PluginManage:310 - Check plugin pinoutandconfiguration
2025-07-25 09:20:01,052 [INFO] PluginManage:359 - Loaded plugin pinoutandconfiguration (category:base,tabindex:1)
2025-07-25 09:20:01,052 [INFO] PluginManage:310 - Check plugin pinoutconfig
2025-07-25 09:20:01,161 [WARN] SupportedApi:132 - Cannot load RTOS API schema: s4s-elt-must-match.1: The content of 'definitions' must match (annotation?, (simpleType | complexType)?, (unique | key | keyref)*)). A problem was found starting at: attribute.
2025-07-25 09:20:01,270 [INFO] PluginManage:359 - Loaded plugin pinoutconfig (category:base,tabindex:0)
2025-07-25 09:20:01,270 [INFO] PluginManage:310 - Check plugin power
2025-07-25 09:20:01,285 [INFO] PluginManage:359 - Loaded plugin power (category:power,tabindex:4)
2025-07-25 09:20:01,285 [INFO] PluginManage:310 - Check plugin projectmanager
2025-07-25 09:20:01,304 [INFO] PluginManage:359 - Loaded plugin projectmanager (category:projectmanager,tabindex:4)
2025-07-25 09:20:01,304 [INFO] PluginManage:310 - Check plugin rif
2025-07-25 09:20:01,321 [INFO] PluginManage:359 - Loaded plugin rif (category:base,tabindex:3)
2025-07-25 09:20:01,322 [INFO] PluginManage:310 - Check plugin thirdparty
2025-07-25 09:20:01,475 [INFO] PluginManage:359 - Loaded plugin thirdparty (category:base,tabindex:-1)
2025-07-25 09:20:01,475 [WARN] IntegrityCheckThread:84 - waiting for thirdparty lock release [integrity check]
2025-07-25 09:20:01,475 [INFO] PluginManage:310 - Check plugin tools
2025-07-25 09:20:01,475 [INFO] IntegrityCheckThread:86 - entering critical section [integrity check]
2025-07-25 09:20:01,475 [INFO] ThirdPartyUpdaterWithRetryManager:70 - Updater plugin not ready yet. [1/15]
2025-07-25 09:20:01,484 [INFO] PluginManage:359 - Loaded plugin tools (category:base,tabindex:7)
2025-07-25 09:20:01,484 [INFO] PluginManage:310 - Check plugin tutovideos
2025-07-25 09:20:01,650 [INFO] PluginManage:359 - Loaded plugin tutovideos (category:base,tabindex:-1)
2025-07-25 09:20:01,650 [INFO] PluginManage:310 - Check plugin updater
2025-07-25 09:20:01,671 [INFO] PluginManage:359 - Loaded plugin updater (category:base,tabindex:12)
2025-07-25 09:20:01,671 [INFO] PluginManage:310 - Check plugin userauth
2025-07-25 09:20:01,674 [INFO] UserAuth:118 - Init User Auth plugin
2025-07-25 09:20:01,675 [INFO] PluginManage:359 - Loaded plugin userauth (category:base,tabindex:14)
2025-07-25 09:20:01,675 [INFO] PluginManage:283 - PluginManage : Loaded plugins [18]
2025-07-25 09:20:01,860 [INFO] PinOutPanel:1589 - setPackage(No Configuration,No Configuration)
2025-07-25 09:20:01,945 [INFO] CADModel:165 - CPN selected for project level
2025-07-25 09:20:01,945 [INFO] CADModel:114 - Register for checkConnection events
2025-07-25 09:20:01,966 [INFO] IPUIPlugin:80 - create IPUIPlugin
2025-07-25 09:20:01,966 [INFO] PluginManager:220 - loadIPPluginJar : add adc
2025-07-25 09:20:01,972 [INFO] IPUIPlugin:80 - create IPUIPlugin
2025-07-25 09:20:01,972 [INFO] PluginManager:220 - loadIPPluginJar : add aes
2025-07-25 09:20:01,978 [INFO] IPUIPlugin:80 - create IPUIPlugin
2025-07-25 09:20:01,979 [INFO] PluginManager:220 - loadIPPluginJar : add can
2025-07-25 09:20:01,984 [INFO] IPUIPlugin:80 - create IPUIPlugin
2025-07-25 09:20:01,985 [INFO] PluginManager:220 - loadIPPluginJar : add comp
2025-07-25 09:20:01,992 [INFO] IPUIPlugin:80 - create IPUIPlugin
2025-07-25 09:20:01,992 [INFO] PluginManager:220 - loadIPPluginJar : add cryp
2025-07-25 09:20:01,998 [INFO] IPUIPlugin:80 - create IPUIPlugin
2025-07-25 09:20:01,998 [INFO] PluginManager:220 - loadIPPluginJar : add ddr_ctrl_phy
2025-07-25 09:20:02,004 [INFO] IPUIPlugin:80 - create IPUIPlugin
2025-07-25 09:20:02,004 [INFO] PluginManager:220 - loadIPPluginJar : add dfsdm
2025-07-25 09:20:02,013 [INFO] IPUIPlugin:80 - create IPUIPlugin
2025-07-25 09:20:02,014 [INFO] PluginManager:220 - loadIPPluginJar : add dma
2025-07-25 09:20:02,019 [INFO] IPUIPlugin:80 - create IPUIPlugin
2025-07-25 09:20:02,019 [INFO] PluginManager:220 - loadIPPluginJar : add dma3
2025-07-25 09:20:02,025 [INFO] IPUIPlugin:80 - create IPUIPlugin
2025-07-25 09:20:02,025 [INFO] PluginManager:220 - loadIPPluginJar : add extmemmanager
2025-07-25 09:20:02,031 [INFO] IPUIPlugin:80 - create IPUIPlugin
2025-07-25 09:20:02,031 [INFO] PluginManager:220 - loadIPPluginJar : add fatfs
2025-07-25 09:20:02,039 [INFO] IPUIPlugin:80 - create IPUIPlugin
2025-07-25 09:20:02,039 [INFO] PluginManager:220 - loadIPPluginJar : add fmc
2025-07-25 09:20:02,047 [INFO] IPUIPlugin:80 - create IPUIPlugin
2025-07-25 09:20:02,047 [INFO] PluginManager:220 - loadIPPluginJar : add freertos
2025-07-25 09:20:02,052 [INFO] IPUIPlugin:80 - create IPUIPlugin
2025-07-25 09:20:02,052 [INFO] PluginManager:220 - loadIPPluginJar : add genericplugin
2025-07-25 09:20:02,058 [INFO] IPUIPlugin:80 - create IPUIPlugin
2025-07-25 09:20:02,058 [INFO] PluginManager:220 - loadIPPluginJar : add gfxmmu
2025-07-25 09:20:02,066 [INFO] IPUIPlugin:80 - create IPUIPlugin
2025-07-25 09:20:02,066 [INFO] PluginManager:220 - loadIPPluginJar : add gic
2025-07-25 09:20:02,073 [INFO] IPUIPlugin:80 - create IPUIPlugin
2025-07-25 09:20:02,073 [INFO] PluginManager:220 - loadIPPluginJar : add gpio
2025-07-25 09:20:02,080 [INFO] IPUIPlugin:80 - create IPUIPlugin
2025-07-25 09:20:02,081 [INFO] PluginManager:220 - loadIPPluginJar : add gtzc
2025-07-25 09:20:02,087 [INFO] IPUIPlugin:80 - create IPUIPlugin
2025-07-25 09:20:02,087 [INFO] PluginManager:220 - loadIPPluginJar : add hash
2025-07-25 09:20:02,094 [INFO] IPUIPlugin:80 - create IPUIPlugin
2025-07-25 09:20:02,094 [INFO] PluginManager:220 - loadIPPluginJar : add i2c
2025-07-25 09:20:02,101 [INFO] IPUIPlugin:80 - create IPUIPlugin
2025-07-25 09:20:02,102 [INFO] PluginManager:220 - loadIPPluginJar : add i2s
2025-07-25 09:20:02,107 [INFO] IPUIPlugin:80 - create IPUIPlugin
2025-07-25 09:20:02,107 [INFO] PluginManager:220 - loadIPPluginJar : add i3c
2025-07-25 09:20:02,114 [INFO] IPUIPlugin:80 - create IPUIPlugin
2025-07-25 09:20:02,114 [INFO] PluginManager:220 - loadIPPluginJar : add ipddr
2025-07-25 09:20:02,125 [INFO] IPUIPlugin:80 - create IPUIPlugin
2025-07-25 09:20:02,126 [INFO] PluginManager:220 - loadIPPluginJar : add linkedlist
2025-07-25 09:20:02,133 [INFO] IPUIPlugin:80 - create IPUIPlugin
2025-07-25 09:20:02,133 [INFO] PluginManager:220 - loadIPPluginJar : add lorawan
2025-07-25 09:20:02,138 [INFO] IPUIPlugin:80 - create IPUIPlugin
2025-07-25 09:20:02,138 [INFO] PluginManager:220 - loadIPPluginJar : add ltdc
2025-07-25 09:20:02,146 [INFO] IPUIPlugin:80 - create IPUIPlugin
2025-07-25 09:20:02,146 [INFO] PluginManager:220 - loadIPPluginJar : add mdma
2025-07-25 09:20:02,154 [INFO] IPUIPlugin:80 - create IPUIPlugin
2025-07-25 09:20:02,155 [INFO] PluginManager:220 - loadIPPluginJar : add nvic
2025-07-25 09:20:02,163 [INFO] IPUIPlugin:80 - create IPUIPlugin
2025-07-25 09:20:02,163 [INFO] PluginManager:220 - loadIPPluginJar : add opamp
2025-07-25 09:20:02,169 [INFO] IPUIPlugin:80 - create IPUIPlugin
2025-07-25 09:20:02,169 [INFO] PluginManager:220 - loadIPPluginJar : add openamp
2025-07-25 09:20:02,175 [INFO] IPUIPlugin:80 - create IPUIPlugin
2025-07-25 09:20:02,175 [INFO] PluginManager:220 - loadIPPluginJar : add pdm2pcm
2025-07-25 09:20:02,184 [INFO] IPUIPlugin:80 - create IPUIPlugin
2025-07-25 09:20:02,186 [INFO] PluginManager:220 - loadIPPluginJar : add plateformsettings
2025-07-25 09:20:02,191 [INFO] IPUIPlugin:80 - create IPUIPlugin
2025-07-25 09:20:02,191 [INFO] PluginManager:220 - loadIPPluginJar : add quadspi
2025-07-25 09:20:02,197 [INFO] IPUIPlugin:80 - create IPUIPlugin
2025-07-25 09:20:02,198 [INFO] PluginManager:220 - loadIPPluginJar : add radio
2025-07-25 09:20:02,205 [INFO] IPUIPlugin:80 - create IPUIPlugin
2025-07-25 09:20:02,206 [INFO] PluginManager:220 - loadIPPluginJar : add resmgrutility
2025-07-25 09:20:02,212 [INFO] IPUIPlugin:80 - create IPUIPlugin
2025-07-25 09:20:02,212 [INFO] PluginManager:220 - loadIPPluginJar : add sai
2025-07-25 09:20:02,218 [INFO] IPUIPlugin:80 - create IPUIPlugin
2025-07-25 09:20:02,219 [INFO] PluginManager:220 - loadIPPluginJar : add spi
2025-07-25 09:20:02,228 [INFO] IPUIPlugin:80 - create IPUIPlugin
2025-07-25 09:20:02,228 [INFO] PluginManager:220 - loadIPPluginJar : add stm32_wpan
2025-07-25 09:20:02,234 [INFO] IPUIPlugin:80 - create IPUIPlugin
2025-07-25 09:20:02,234 [INFO] PluginManager:220 - loadIPPluginJar : add tim
2025-07-25 09:20:02,242 [INFO] IPUIPlugin:80 - create IPUIPlugin
2025-07-25 09:20:02,242 [INFO] PluginManager:220 - loadIPPluginJar : add touchsensing
2025-07-25 09:20:02,249 [INFO] IPUIPlugin:80 - create IPUIPlugin
2025-07-25 09:20:02,249 [INFO] PluginManager:220 - loadIPPluginJar : add tracer_emb
2025-07-25 09:20:02,256 [INFO] IPUIPlugin:80 - create IPUIPlugin
2025-07-25 09:20:02,256 [INFO] PluginManager:220 - loadIPPluginJar : add ts
2025-07-25 09:20:02,261 [INFO] IPUIPlugin:80 - create IPUIPlugin
2025-07-25 09:20:02,261 [INFO] PluginManager:220 - loadIPPluginJar : add tsc
2025-07-25 09:20:02,268 [INFO] IPUIPlugin:80 - create IPUIPlugin
2025-07-25 09:20:02,268 [INFO] PluginManager:220 - loadIPPluginJar : add ucpd
2025-07-25 09:20:02,274 [INFO] IPUIPlugin:80 - create IPUIPlugin
2025-07-25 09:20:02,274 [INFO] PluginManager:220 - loadIPPluginJar : add usart
2025-07-25 09:20:02,281 [INFO] IPUIPlugin:80 - create IPUIPlugin
2025-07-25 09:20:02,282 [INFO] PluginManager:220 - loadIPPluginJar : add usbx
2025-07-25 09:20:02,408 [FATAL] Updater:351 - Updater called before beeing initialized
2025-07-25 09:20:02,435 [INFO] RulesReader:64 - Compatibility file has been processed (317 Rules)
2025-07-25 09:20:02,448 [INFO] RulesReader:64 - Compatibility file has been processed (317 Rules)
2025-07-25 09:20:02,459 [INFO] CADModel:165 - CPN selected for project level
2025-07-25 09:20:02,459 [INFO] CADModel:114 - Register for checkConnection events
2025-07-25 09:20:02,459 [FATAL] Updater:351 - Updater called before beeing initialized
2025-07-25 09:20:02,460 [ERROR] CADModel:125 - Updater not yet initialized, retry later 
2025-07-25 09:20:02,637 [FATAL] Updater:351 - Updater called before beeing initialized
2025-07-25 09:20:02,639 [INFO] CADModel:165 - CPN selected for project level
2025-07-25 09:20:02,640 [INFO] CADModel:114 - Register for checkConnection events
2025-07-25 09:20:02,640 [FATAL] Updater:351 - Updater called before beeing initialized
2025-07-25 09:20:02,640 [ERROR] CADModel:125 - Updater not yet initialized, retry later 
2025-07-25 09:20:02,655 [FATAL] Updater:351 - Updater called before beeing initialized
2025-07-25 09:20:02,776 [FATAL] Updater:351 - Updater called before beeing initialized
2025-07-25 09:20:02,780 [INFO] DbMcusAds:53 - JSON generation date=Tue Jul 08 15:14:23 ICT 2025 (1751962463562)
2025-07-25 09:20:02,780 [FATAL] Updater:351 - Updater called before beeing initialized
2025-07-25 09:20:02,818 [WARN] DetailPanel:346 - Failed to get advertising image, set to default
2025-07-25 09:20:02,896 [FATAL] Updater:351 - Updater called before beeing initialized
2025-07-25 09:20:02,898 [FATAL] Updater:351 - Updater called before beeing initialized
2025-07-25 09:20:02,898 [FATAL] Updater:351 - Updater called before beeing initialized
2025-07-25 09:20:02,898 [WARN] DetailPanel:346 - Failed to get advertising image, set to default
2025-07-25 09:20:02,899 [FATAL] Updater:351 - Updater called before beeing initialized
2025-07-25 09:20:02,950 [ERROR] Updater:1198 - MainUpdater not yet initialized. External WinMGr cannot be set.
2025-07-25 09:20:02,955 [INFO] Updater:1134 - Updater Version found : 6.15.0
2025-07-25 09:20:02,972 [INFO] ApplicationProperties:184 - Using Application install path: C:\ST\STM32CubeIDE_1.16.1\STM32CubeIDE\plugins\com.st.stm32cube.common.mx_6.15.0.202507011659
2025-07-25 09:20:04,476 [INFO] ThirdPartyUpdaterWithRetryManager:70 - Updater plugin not ready yet. [2/15]
2025-07-25 09:20:04,547 [ERROR] LogOutputStream:75 - [STDERR_REDIRECT] Jul 25, 2025 9:20:04 AM java.util.prefs.WindowsPreferences <init>
2025-07-25 09:20:04,549 [ERROR] LogOutputStream:75 - [STDERR_REDIRECT] WARNING: Could not open/create prefs root node Software\JavaSoft\Prefs at root 0xffffffff80000002. Windows RegCreateKeyEx(...) returned error code 5.
2025-07-25 09:20:04,549 [ERROR] LogOutputStream:75 - [STDERR_REDIRECT] 
2025-07-25 09:20:05,066 [INFO] MainUpdater:2872 - connection check result : 10
2025-07-25 09:20:05,066 [INFO] MainUpdater:289 - Updater Check For Update Now.
2025-07-25 09:20:05,067 [INFO] MicroXplorer:498 - Change Database Version : DB.6.0.150
2025-07-25 09:20:05,089 [INFO] McuFinderGlobals:63 - Set McuFinder mode to 2 (CubeIDE integrated)
2025-07-25 09:20:05,090 [INFO] UserAuth:487 - Internet connection configuration mode: 1
2025-07-25 09:20:05,148 [INFO] JxBrowserEngine:152 - Initiate JxBrowser Engine with user profile folder
2025-07-25 09:20:05,168 [INFO] McuFinderGlobals:63 - Set McuFinder mode to 2 (CubeIDE integrated)
2025-07-25 09:20:05,274 [INFO] CheckServerUpdateThread:120 - End of CheckServer Thread
2025-07-25 09:20:05,395 [INFO] MainUpdater:2872 - connection check result : 10
2025-07-25 09:20:05,401 [INFO] MainUpdater:2872 - connection check result : 10
2025-07-25 09:20:05,519 [INFO] MicroXplorer:468 - Change Database Path : 
2025-07-25 09:20:05,519 [INFO] MicroXplorer:498 - Change Database Version : DB.6.0.150
2025-07-25 09:20:05,525 [WARN] ThirdParty:871 - waiting for thirdparty lock release [close project]
2025-07-25 09:20:06,228 [INFO] WebApp:169 - Instantiating new browser for Auth
2025-07-25 09:20:07,009 [INFO] WebApp:463 - Apply proxy settings
2025-07-25 09:20:07,010 [INFO] WebApp:548 - Chromium requires no authentication
2025-07-25 09:20:07,019 [INFO] WebApp:491 - Direct internet connection detected
2025-07-25 09:20:07,035 [INFO] WebApp:900 - Register for checkConnection events
2025-07-25 09:20:07,035 [INFO] WebApp:463 - Apply proxy settings
2025-07-25 09:20:07,035 [INFO] WebApp:548 - Chromium requires no authentication
2025-07-25 09:20:07,036 [INFO] WebApp:491 - Direct internet connection detected
2025-07-25 09:20:07,161 [INFO] WebApp:225 - Starting web application
2025-07-25 09:20:07,161 [INFO] WebApp:593 - Web application path used C:\ST\STM32CubeIDE_1.16.1\STM32CubeIDE\plugins\com.st.stm32cube.common.mx_6.15.0.202507011659\db\plugins\mcufinder\reactClient1\index.html
2025-07-25 09:20:07,240 [INFO] UserAuth:487 - Internet connection configuration mode: 1
2025-07-25 09:20:07,713 [WARN] PackLoader:240 - Cannot read IP mode file for STMicroelectronics.FP-SNS-MOTENVWB1.1.4.0
2025-07-25 09:20:07,723 [WARN] PackLoader:240 - Cannot read IP mode file for STMicroelectronics.FP-ATR-ASTRA1.2.0.2
2025-07-25 09:20:07,728 [WARN] PackLoader:240 - Cannot read IP mode file for STMicroelectronics.FP-ATR-ASTRA1.2.0.1
2025-07-25 09:20:07,736 [WARN] PackLoader:240 - Cannot read IP mode file for STMicroelectronics.X-CUBE-SMBUS.2.1.0
2025-07-25 09:20:07,746 [WARN] PackLoader:240 - Cannot read IP mode file for STMicroelectronics.X-CUBE-WB05N.1.1.0
2025-07-25 09:20:07,753 [WARN] PackLoader:240 - Cannot read IP mode file for STMicroelectronics.X-CUBE-ST60.1.0.0
2025-07-25 09:20:07,783 [WARN] PackLoader:240 - Cannot read IP mode file for STMicroelectronics.X-CUBE-AZRTOS-F7.1.1.0
2025-07-25 09:20:07,836 [WARN] PackLoader:240 - Cannot read IP mode file for STMicroelectronics.X-CUBE-MEMS1.11.0.0
2025-07-25 09:20:07,908 [INFO] WebApp:191 - Connection restablished
2025-07-25 09:20:07,949 [WARN] PackLoader:240 - Cannot read IP mode file for STMicroelectronics.FP-SNS-FLIGHT1.5.0.2
2025-07-25 09:20:07,965 [WARN] PackLoader:240 - Cannot read IP mode file for STMicroelectronics.X-CUBE-AZRTOS-H7.3.4.0
2025-07-25 09:20:07,976 [WARN] PackLoader:240 - Cannot read IP mode file for STMicroelectronics.X-CUBE-DISPLAY.3.0.0
2025-07-25 09:20:07,984 [WARN] PackLoader:240 - Cannot read IP mode file for STMicroelectronics.X-CUBE-BLE1.7.0.0
2025-07-25 09:20:07,990 [WARN] PackLoader:240 - Cannot read IP mode file for STMicroelectronics.X-CUBE-NFC10.1.0.0
2025-07-25 09:20:08,003 [WARN] PackLoader:240 - Cannot read IP mode file for STMicroelectronics.X-CUBE-BLEMGR.4.0.0
2025-07-25 09:20:08,015 [WARN] PackLoader:240 - Cannot read IP mode file for emotas.I-CUBE-CANOPEN.1.3.0
2025-07-25 09:20:08,024 [WARN] PackLoader:240 - Cannot read IP mode file for STMicroelectronics.X-CUBE-BLEMGR.3.1.0
2025-07-25 09:20:08,031 [WARN] PackLoader:240 - Cannot read IP mode file for STMicroelectronics.X-CUBE-AI.10.0.0
2025-07-25 09:20:08,040 [WARN] PackLoader:240 - Cannot read IP mode file for STMicroelectronics.FP-SNS-SMARTAG2.1.2.0
2025-07-25 09:20:08,047 [WARN] PackLoader:240 - Cannot read IP mode file for STMicroelectronics.FP-SNS-FLIGHT1.5.1.0
2025-07-25 09:20:08,129 [WARN] PackLoader:240 - Cannot read IP mode file for STMicroelectronics.X-CUBE-MEMS1.11.1.0
2025-07-25 09:20:08,235 [INFO] LogOutputStream:77 - [STDOUT_REDIRECT] 1 : Invalid condition id : UX_CORESTACK_Condition cause : null
2025-07-25 09:20:08,237 [INFO] LogOutputStream:77 - [STDOUT_REDIRECT] 1 : Invalid condition id : UX_CORESTACK_Condition cause : null
2025-07-25 09:20:08,239 [INFO] LogOutputStream:77 - [STDOUT_REDIRECT] 1 : Invalid condition id : UX_CORESTACK_Condition cause : null
2025-07-25 09:20:08,241 [INFO] LogOutputStream:77 - [STDOUT_REDIRECT] 1 : Invalid condition id : UX_CORESTACK_Condition cause : null
2025-07-25 09:20:08,243 [INFO] LogOutputStream:77 - [STDOUT_REDIRECT] 1 : Invalid condition id : UX_CORESTACK_Condition cause : null
2025-07-25 09:20:08,246 [WARN] PackLoader:240 - Cannot read IP mode file for STMicroelectronics.X-CUBE-AZRTOS-WL.2.0.0
2025-07-25 09:20:08,251 [WARN] PackLoader:240 - Cannot read IP mode file for STMicroelectronics.FP-SNS-MOTENV1.5.0.0
2025-07-25 09:20:08,256 [WARN] PackLoader:240 - Cannot read IP mode file for wolfSSL.I-CUBE-wolfMQTT.1.19.0
2025-07-25 09:20:08,269 [WARN] PackLoader:240 - Cannot read IP mode file for WES.I-CUBE-Cesium.1.3.0
2025-07-25 09:20:08,273 [WARN] PackLoader:240 - Cannot read IP mode file for STMicroelectronics.X-CUBE-BLE2.3.3.0
2025-07-25 09:20:08,280 [WARN] PackLoader:240 - Cannot read IP mode file for STMicroelectronics.X-CUBE-NFC9.1.0.0
2025-07-25 09:20:08,285 [WARN] PackLoader:240 - Cannot read IP mode file for STMicroelectronics.X-CUBE-BLE1.7.1.0
2025-07-25 09:20:08,291 [WARN] PackLoader:240 - Cannot read IP mode file for STMicroelectronics.X-CUBE-TCPP.4.1.0
2025-07-25 09:20:08,297 [WARN] PackLoader:240 - Cannot read IP mode file for STMicroelectronics.X-CUBE-EEPRMA1.5.2.0
2025-07-25 09:20:08,301 [WARN] PackLoader:240 - Cannot read IP mode file for STMicroelectronics.X-CUBE-AI.10.1.0
2025-07-25 09:20:08,338 [WARN] PackLoader:240 - Cannot read IP mode file for STMicroelectronics.X-CUBE-MEMS1.11.2.0
2025-07-25 09:20:08,468 [WARN] PackLoader:240 - Cannot read IP mode file for STMicroelectronics.X-CUBE-AZRTOS-G0.1.1.0
2025-07-25 09:20:08,482 [WARN] PackLoader:240 - Cannot read IP mode file for STMicroelectronics.X-CUBE-SAFEA1.1.2.2
2025-07-25 09:20:08,491 [WARN] PackLoader:240 - Cannot read IP mode file for STMicroelectronics.X-CUBE-NFC4.3.0.0
2025-07-25 09:20:08,507 [WARN] PackLoader:240 - Cannot read IP mode file for EmbeddedOffice.I-CUBE-FS-RTOS.1.0.1
2025-07-25 09:20:08,514 [WARN] PackLoader:240 - Cannot read IP mode file for STMicroelectronics.X-CUBE-WB05N.2.0.0
2025-07-25 09:20:08,522 [WARN] PackLoader:240 - Cannot read IP mode file for STMicroelectronics.X-CUBE-TCPP.4.2.0
2025-07-25 09:20:08,531 [WARN] PackLoader:240 - Cannot read IP mode file for RealThread.X-CUBE-RT-Thread_Nano.4.1.1
2025-07-25 09:20:08,537 [WARN] PackLoader:240 - Cannot read IP mode file for STMicroelectronics.FP-ATR-SIGFOX1.3.2.0
2025-07-25 09:20:08,546 [WARN] ConditionMgr:438 - getConditionDescription Invalid condition id : Cortex-A Device cause : null
2025-07-25 09:20:08,574 [WARN] ConditionMgr:1044 - genDependencies : Invalid condition id : Cortex-A Device cause : null
2025-07-25 09:20:08,574 [WARN] ConditionMgr:1044 - genDependencies : Invalid condition id : Cortex-A Device cause : null
2025-07-25 09:20:08,575 [WARN] ConditionMgr:1044 - genDependencies : Invalid condition id : Cortex-A Device cause : null
2025-07-25 09:20:08,583 [WARN] PackLoader:240 - Cannot read IP mode file for STMicroelectronics.X-CUBE-EEPRMA1.5.1.0
2025-07-25 09:20:08,594 [WARN] PackLoader:240 - Cannot read IP mode file for wolfSSL.I-CUBE-wolfSSL.5.7.4
2025-07-25 09:20:08,604 [WARN] PackLoader:240 - Cannot read IP mode file for ITTIA_DB.I-CUBE-ITTIADB.8.9.0
2025-07-25 09:20:08,623 [WARN] PackLoader:240 - Cannot read IP mode file for STMicroelectronics.X-CUBE-ST67W61.1.0.0
2025-07-25 09:20:08,673 [WARN] PackLoader:240 - Cannot read IP mode file for SEGGER.I-CUBE-embOS.1.3.1
2025-07-25 09:20:08,716 [WARN] PackLoader:240 - Cannot read IP mode file for STMicroelectronics.X-CUBE-ALGOBUILD.1.4.0
2025-07-25 09:20:08,747 [WARN] PackLoader:240 - Cannot read IP mode file for STMicroelectronics.X-CUBE-MEMS1.11.3.0
2025-07-25 09:20:08,844 [WARN] PackLoader:240 - Cannot read IP mode file for STMicroelectronics.X-CUBE-AI.9.1.0
2025-07-25 09:20:08,851 [WARN] PackLoader:240 - Cannot read IP mode file for STMicroelectronics.X-CUBE-PM33A1.1.0.0
2025-07-25 09:20:08,869 [WARN] PackLoader:240 - Cannot read IP mode file for STMicroelectronics.X-CUBE-AZRTOS-F4.1.1.0
2025-07-25 09:20:08,878 [WARN] PackLoader:240 - Cannot read IP mode file for Avnet-IotConnect.X-CUBE-IoTC-DA16k-PMOD.1.0.0
2025-07-25 09:20:08,885 [WARN] PackLoader:240 - Cannot read IP mode file for STMicroelectronics.X-CUBE-ISPU.2.1.0
2025-07-25 09:20:08,893 [WARN] PackLoader:240 - Cannot read IP mode file for STMicroelectronics.X-CUBE-FREERTOS.1.2.0
2025-07-25 09:20:08,902 [WARN] PackLoader:240 - Cannot read IP mode file for STMicroelectronics.X-CUBE-NFC12.1.0.0
2025-07-25 09:20:08,917 [WARN] PackLoader:240 - Cannot read IP mode file for STMicroelectronics.X-CUBE-AZRTOS-L5.2.0.0
2025-07-25 09:20:08,929 [WARN] PackLoader:240 - Cannot read IP mode file for STMicroelectronics.X-CUBE-NFC6.3.1.0
2025-07-25 09:20:08,940 [WARN] PackLoader:240 - Cannot read IP mode file for STMicroelectronics.X-CUBE-DPower.1.2.0
2025-07-25 09:20:08,945 [WARN] PackLoader:240 - Cannot read IP mode file for STMicroelectronics.X-CUBE-FREERTOS.1.3.1
2025-07-25 09:20:08,956 [WARN] PackLoader:240 - Cannot read IP mode file for STMicroelectronics.X-CUBE-FREERTOS.1.3.0
2025-07-25 09:20:08,965 [WARN] PackLoader:240 - Cannot read IP mode file for STMicroelectronics.X-CUBE-NFC7.1.0.1
2025-07-25 09:20:08,973 [WARN] PackLoader:240 - Cannot read IP mode file for STMicroelectronics.FP-SNS-STAIOTCFT.1.0.0
2025-07-25 09:20:08,980 [WARN] PackLoader:240 - Cannot read IP mode file for STMicroelectronics.X-CUBE-DPower.1.3.0
2025-07-25 09:20:08,999 [WARN] ConditionMgr:438 - getConditionDescription Invalid condition id : LAN8742 Phy interface Condition cause : null
2025-07-25 09:20:08,999 [WARN] PackLoader:240 - Cannot read IP mode file for STMicroelectronics.X-CUBE-AZRTOS-L4.2.0.0
2025-07-25 09:20:09,000 [WARN] ConditionMgr:1044 - genDependencies : Invalid condition id : LAN8742 Phy interface Condition cause : null
2025-07-25 09:20:09,000 [WARN] ConditionMgr:1044 - genDependencies : Invalid condition id : LAN8742 Phy interface Condition cause : null
2025-07-25 09:20:09,000 [WARN] ConditionMgr:1044 - genDependencies : Invalid condition id : LAN8742 Phy interface Condition cause : null
2025-07-25 09:20:09,010 [WARN] PackLoader:240 - Cannot read IP mode file for STMicroelectronics.X-CUBE-SFXS2LP1.4.0.0
2025-07-25 09:20:09,033 [WARN] PackLoader:240 - Cannot read IP mode file for STMicroelectronics.X-CUBE-AZRTOS-H7.3.3.0
2025-07-25 09:20:09,050 [WARN] PackLoader:240 - Cannot read IP mode file for STMicroelectronics.X-CUBE-BLEMGR.4.1.0
2025-07-25 09:20:09,063 [WARN] PackLoader:240 - Cannot read IP mode file for STMicroelectronics.X-CUBE-IPS.3.0.0
2025-07-25 09:20:09,079 [WARN] ConditionMgr:438 - getConditionDescription Invalid condition id : UX DEVICE CLASS RTOS Condition cause : null
2025-07-25 09:20:09,080 [WARN] ConditionMgr:438 - getConditionDescription Invalid condition id : UX DEVICE CLASS RTOS Condition cause : null
2025-07-25 09:20:09,082 [WARN] PackLoader:240 - Cannot read IP mode file for STMicroelectronics.X-CUBE-AZRTOS-WB.2.0.0
2025-07-25 09:20:09,082 [WARN] ConditionMgr:1044 - genDependencies : Invalid condition id : UX DEVICE CLASS RTOS Condition cause : null
2025-07-25 09:20:09,083 [WARN] ConditionMgr:1044 - genDependencies : Invalid condition id : UX DEVICE CLASS RTOS Condition cause : null
2025-07-25 09:20:09,083 [WARN] ConditionMgr:1044 - genDependencies : Invalid condition id : UX DEVICE CLASS RTOS Condition cause : null
2025-07-25 09:20:09,083 [WARN] ConditionMgr:1044 - genDependencies : Invalid condition id : UX DEVICE CLASS RTOS Condition cause : null
2025-07-25 09:20:09,084 [WARN] ConditionMgr:1044 - genDependencies : Invalid condition id : UX DEVICE CLASS RTOS Condition cause : null
2025-07-25 09:20:09,091 [WARN] PackLoader:240 - Cannot read IP mode file for STMicroelectronics.X-CUBE-GNSS1.7.0.0
2025-07-25 09:20:09,100 [WARN] PackLoader:240 - Cannot read IP mode file for STMicroelectronics.X-CUBE-GNSS1.7.0.1
2025-07-25 09:20:09,113 [WARN] PackLoader:240 - Cannot read IP mode file for STMicroelectronics.X-CUBE-TOUCHGFX.4.25.0
2025-07-25 09:20:09,121 [WARN] PackLoader:240 - Cannot read IP mode file for STMicroelectronics.FP-SNS-STBOX1.2.0.0
2025-07-25 09:20:09,134 [WARN] PackLoader:240 - Cannot read IP mode file for STMicroelectronics.X-CUBE-SUBG2.5.0.0
2025-07-25 09:20:09,162 [WARN] PackLoader:240 - Cannot read IP mode file for STMicroelectronics.X-CUBE-AZRTOS-H7RS.1.1.0
2025-07-25 09:20:09,175 [WARN] PackLoader:240 - Cannot read IP mode file for Cesanta.I-CUBE-Mongoose.7.13.0
2025-07-25 09:20:09,193 [WARN] PackLoader:240 - Cannot read IP mode file for STMicroelectronics.X-CUBE-AZRTOS-G4.2.0.0
2025-07-25 09:20:09,201 [WARN] PackLoader:240 - Cannot read IP mode file for STMicroelectronics.X-CUBE-NFC7.2.0.0
2025-07-25 09:20:09,216 [WARN] PackLoader:240 - Cannot read IP mode file for STMicroelectronics.X-CUBE-IPS.3.1.0
2025-07-25 09:20:09,229 [WARN] PackLoader:240 - Cannot read IP mode file for STMicroelectronics.X-CUBE-ALS.1.0.2
2025-07-25 09:20:09,237 [WARN] PackLoader:240 - Cannot read IP mode file for STMicroelectronics.X-CUBE-TOUCHGFX.4.24.2
2025-07-25 09:20:09,243 [WARN] PackLoader:240 - Cannot read IP mode file for STMicroelectronics.X-CUBE-TOUCHGFX.4.24.1
2025-07-25 09:20:09,249 [WARN] PackLoader:240 - Cannot read IP mode file for wolfSSL.I-CUBE-wolfTPM.3.4.0
2025-07-25 09:20:09,257 [WARN] PackLoader:240 - Cannot read IP mode file for portGmbH.I-Cube-SoM-uGOAL.1.1.0
2025-07-25 09:20:09,282 [WARN] PackLoader:240 - Cannot read IP mode file for STMicroelectronics.X-CUBE-AZRTOS-H7RS.1.0.0
2025-07-25 09:20:09,295 [WARN] PackLoader:240 - Cannot read IP mode file for STMicroelectronics.FP-ATR-ASTRA1.2.0.0
2025-07-25 09:20:09,313 [WARN] PackLoader:240 - Cannot read IP mode file for STMicroelectronics.X-CUBE-TOF1.3.4.2
2025-07-25 09:20:09,343 [WARN] PackLoader:240 - Cannot read IP mode file for STMicroelectronics.X-CUBE-TOF1.3.4.3
2025-07-25 09:20:09,412 [WARN] PackLoader:240 - Cannot read IP mode file for Infineon.AIROC-Wi-Fi-Bluetooth-STM32.1.6.1
2025-07-25 09:20:09,422 [WARN] PackLoader:240 - Cannot read IP mode file for wolfSSL.I-CUBE-wolfSSH.1.4.17
2025-07-25 09:20:09,423 [INFO] ThirdParty:978 - Integrity check success = true
2025-07-25 09:20:09,423 [INFO] IntegrityCheckThread:100 - exiting critical section [integrity check]
2025-07-25 09:20:09,423 [INFO] IntegrityCheckThread:103 - End integrity checks thread
2025-07-25 09:20:09,423 [INFO] ThirdParty:873 - entering critical section [close project]
2025-07-25 09:20:09,428 [INFO] ThirdParty:883 - exiting critical section [close project]
2025-07-25 09:20:09,439 [INFO] PinOutPanel:1589 - setPackage(No Configuration,No Configuration)
2025-07-25 09:20:09,443 [INFO] UtilMem:75 - Begin LoadConfig() Used Memory: 198605992 Bytes (309329920)
2025-07-25 09:20:09,448 [INFO] MicroXplorer:468 - Change Database Path : 
2025-07-25 09:20:09,448 [INFO] MicroXplorer:498 - Change Database Version : DB.6.0.150
2025-07-25 09:20:09,448 [INFO] OpenFileManager:355 - Change cursor
2025-07-25 09:20:09,571 [INFO] Mcu:2029 - Initializing MCU STM32F767ZITx STM32F767ZITx STM32F767ZIT6
2025-07-25 09:20:12,639 [INFO] Context:786 - Trying to add GPIOservice into a context  which must be forbidden
2025-07-25 09:20:13,363 [INFO] ImportTextPane:234 - (OptionalMessage_ERROR) Pin7 (VP_RIF_VS_RIF1) cannot be retrieved for this MCU
2025-07-25 09:20:13,681 [INFO] RtosManager:558 - Registered RTOS mode: class=CMSIS, group=RTOS, mode=CMSIS_V1, owner=FREERTOS
2025-07-25 09:20:13,681 [INFO] RtosManager:558 - Registered RTOS mode: class=CMSIS, group=RTOS2, mode=CMSIS_V2, owner=FREERTOS
2025-07-25 09:20:13,682 [INFO] RtosManager:558 - Registered RTOS mode: class=RTOS, group=Core, mode=CMSIS_V1, owner=FREERTOS
2025-07-25 09:20:13,682 [INFO] RtosManager:558 - Registered RTOS mode: class=RTOS, group=Core, mode=CMSIS_V2, owner=FREERTOS
2025-07-25 09:20:13,682 [WARN] ModelIntegratedComponent:184 - Missing modes for component STMicroelectronics:FreeRTOS:0.0.1:STMicroelectronics:RTOS:FreeRTOS:Core:::10.2.0:
2025-07-25 09:20:13,693 [WARN] ModelIntegratedComponent:63 - No mode defined for component null
2025-07-25 09:20:13,693 [WARN] ModelIntegratedComponent:63 - No mode defined for component null
2025-07-25 09:20:13,693 [WARN] ModelIntegratedComponent:63 - No mode defined for component null
2025-07-25 09:20:13,693 [WARN] ModelIntegratedComponent:63 - No mode defined for component null
2025-07-25 09:20:13,694 [WARN] ModelIntegratedComponent:63 - No mode defined for component null
2025-07-25 09:20:13,694 [WARN] ModelIntegratedComponent:63 - No mode defined for component null
2025-07-25 09:20:13,694 [WARN] ModelIntegratedComponent:63 - No mode defined for component null
2025-07-25 09:20:13,694 [WARN] ModelIntegratedComponent:63 - No mode defined for component null
2025-07-25 09:20:13,694 [WARN] ModelIntegratedComponent:63 - No mode defined for component null
2025-07-25 09:20:13,694 [WARN] ModelIntegratedComponent:63 - No mode defined for component null
2025-07-25 09:20:13,694 [WARN] ModelIntegratedComponent:63 - No mode defined for component null
2025-07-25 09:20:13,694 [WARN] ModelIntegratedComponent:63 - No mode defined for component null
2025-07-25 09:20:13,694 [WARN] ModelIntegratedComponent:63 - No mode defined for component null
2025-07-25 09:20:13,694 [WARN] ModelIntegratedComponent:63 - No mode defined for component null
2025-07-25 09:20:13,694 [WARN] ModelIntegratedComponent:63 - No mode defined for component null
2025-07-25 09:20:13,694 [WARN] ModelIntegratedComponent:63 - No mode defined for component null
2025-07-25 09:20:13,694 [WARN] ModelIntegratedComponent:63 - No mode defined for component null
2025-07-25 09:20:13,694 [WARN] ModelIntegratedComponent:63 - No mode defined for component null
2025-07-25 09:20:13,694 [WARN] ModelIntegratedComponent:63 - No mode defined for component null
2025-07-25 09:20:13,694 [WARN] ModelIntegratedComponent:63 - No mode defined for component null
2025-07-25 09:20:13,694 [WARN] ModelIntegratedComponent:63 - No mode defined for component null
2025-07-25 09:20:13,694 [WARN] ModelIntegratedComponent:63 - No mode defined for component null
2025-07-25 09:20:13,694 [WARN] ModelIntegratedComponent:63 - No mode defined for component null
2025-07-25 09:20:13,694 [WARN] ModelIntegratedComponent:63 - No mode defined for component null
2025-07-25 09:20:13,694 [WARN] ModelIntegratedComponent:63 - No mode defined for component null
2025-07-25 09:20:13,695 [WARN] ModelIntegratedComponent:63 - No mode defined for component null
2025-07-25 09:20:13,695 [WARN] ModelIntegratedComponent:63 - No mode defined for component null
2025-07-25 09:20:13,695 [WARN] ModelIntegratedComponent:63 - No mode defined for component null
2025-07-25 09:20:13,695 [WARN] ModelIntegratedComponent:63 - No mode defined for component null
2025-07-25 09:20:13,695 [WARN] ModelIntegratedComponent:63 - No mode defined for component null
2025-07-25 09:20:13,695 [WARN] ModelIntegratedComponent:63 - No mode defined for component null
2025-07-25 09:20:13,695 [WARN] ModelIntegratedComponent:63 - No mode defined for component null
2025-07-25 09:20:13,695 [WARN] ModelIntegratedComponent:63 - No mode defined for component null
2025-07-25 09:20:13,695 [WARN] ModelIntegratedComponent:63 - No mode defined for component null
2025-07-25 09:20:13,695 [WARN] ModelIntegratedComponent:63 - No mode defined for component null
2025-07-25 09:20:13,695 [WARN] ModelPack:524 - Component already loaded: STMicroelectronics:HAL Drivers:0.0.0:STMicroelectronics:Device:STMicro_Driver:XSPI:HAL::0.0.1:HAL_XSPI
2025-07-25 09:20:13,985 [INFO] ThirdPartyModel:298 - Start build external matchings
2025-07-25 09:20:14,921 [INFO] ThirdPartyModel:316 - End build external matchings
2025-07-25 09:20:14,951 [INFO] ImportTextPane:234 - (OptionalMessage_ERROR) IP (RCC) : Invalid parameter (48MHZClocksFreq_Value)
2025-07-25 09:20:14,951 [INFO] ImportTextPane:234 - (OptionalMessage_ERROR) IP (RCC) : Invalid parameter (ADC12outputFreq_Value)
2025-07-25 09:20:14,951 [INFO] ImportTextPane:234 - (OptionalMessage_ERROR) IP (RCC) : Invalid parameter (ADC34outputFreq_Value)
2025-07-25 09:20:14,952 [INFO] ImportTextPane:234 - (OptionalMessage_ERROR) IP (RCC) : Invalid parameter (FamilyName)
2025-07-25 09:20:14,952 [INFO] ImportTextPane:234 - (OptionalMessage_ERROR) IP (RCC) : Invalid parameter (I2SClocksFreq_Value)
2025-07-25 09:20:14,952 [INFO] ImportTextPane:234 - (OptionalMessage_ERROR) IP (RCC) : Invalid parameter (LCDTFToutputFreq_Value)
2025-07-25 09:20:14,952 [INFO] ImportTextPane:234 - (OptionalMessage_ERROR) IP (RCC) : Invalid parameter (MCOFreq_Value)
2025-07-25 09:20:14,953 [INFO] ImportTextPane:234 - (OptionalMessage_ERROR) IP (RCC) : Invalid parameter (PLLMCOFreq_Value)
2025-07-25 09:20:14,953 [INFO] ImportTextPane:234 - (OptionalMessage_ERROR) IP (RCC) : Invalid parameter (PLLMUL)
2025-07-25 09:20:14,954 [INFO] ImportTextPane:234 - (OptionalMessage_ERROR) IP (RCC) : Invalid parameter (PRESCALERUSB)
2025-07-25 09:20:14,954 [INFO] ImportTextPane:234 - (OptionalMessage_ERROR) IP (RCC) : Parameter (RNGFreq_Value) has invalid value (108000000)
2025-07-25 09:20:14,954 [INFO] ImportTextPane:234 - (OptionalMessage_ERROR) IP (RCC) : Invalid parameter (RTCHSEDivFreq_Value)
2025-07-25 09:20:14,954 [INFO] ImportTextPane:234 - (OptionalMessage_ERROR) IP (RCC) : Parameter (SDMMC2Freq_Value) has invalid value (216000000)
2025-07-25 09:20:14,954 [INFO] ImportTextPane:234 - (OptionalMessage_ERROR) IP (RCC) : Parameter (SDMMCFreq_Value) has invalid value (216000000)
2025-07-25 09:20:14,954 [INFO] ImportTextPane:234 - (OptionalMessage_ERROR) IP (RCC) : Invalid parameter (SYSCLKSourceVirtual)
2025-07-25 09:20:14,954 [INFO] ImportTextPane:234 - (OptionalMessage_ERROR) IP (RCC) : Invalid parameter (TIM15Freq_Value)
2025-07-25 09:20:14,955 [INFO] ImportTextPane:234 - (OptionalMessage_ERROR) IP (RCC) : Invalid parameter (TIM16Freq_Value)
2025-07-25 09:20:14,955 [INFO] ImportTextPane:234 - (OptionalMessage_ERROR) IP (RCC) : Invalid parameter (TIM17Freq_Value)
2025-07-25 09:20:14,955 [INFO] ImportTextPane:234 - (OptionalMessage_ERROR) IP (RCC) : Invalid parameter (TIM1Freq_Value)
2025-07-25 09:20:14,955 [INFO] ImportTextPane:234 - (OptionalMessage_ERROR) IP (RCC) : Invalid parameter (TIM20Freq_Value)
2025-07-25 09:20:14,955 [INFO] ImportTextPane:234 - (OptionalMessage_ERROR) IP (RCC) : Invalid parameter (TIM2Freq_Value)
2025-07-25 09:20:14,955 [INFO] ImportTextPane:234 - (OptionalMessage_ERROR) IP (RCC) : Invalid parameter (TIM3Freq_Value)
2025-07-25 09:20:14,955 [INFO] ImportTextPane:234 - (OptionalMessage_ERROR) IP (RCC) : Invalid parameter (TIM8Freq_Value)
2025-07-25 09:20:14,955 [INFO] ImportTextPane:234 - (OptionalMessage_ERROR) IP (RCC) : Parameter (USBFreq_Value) has invalid value (108000000)
2025-07-25 09:20:14,955 [INFO] ImportTextPane:234 - (OptionalMessage_ERROR) IP (RCC) : Invalid parameter (VCOOutput2Freq_Value)
2025-07-25 09:20:14,955 [INFO] ImportTextPane:234 - (OptionalMessage_ERROR) IP (RCC) : Invalid parameter (VcooutputI2S)
2025-07-25 09:20:15,592 [INFO] ApiDb:581 - Connected to CubeFinder SQLite database (C:\Users\Chinnapop\.stmcufinder\plugins\mcufinder\mcu\cube-finder-db.db)
2025-07-25 09:20:15,649 [INFO] ApiDb:668 - CubeFinder database Data Model version=2.1
2025-07-25 09:20:15,649 [INFO] ApiDb:669 - CubeFinder database Configuration version=3.0.39
2025-07-25 09:20:15,649 [INFO] ApiDb:670 - CubeFinder database generation date=2025-06-24 (1750757100)
2025-07-25 09:20:15,649 [INFO] ApiDb:671 - CubeFinder database FW Pack versions=[FP-ATR-ASTRA1_V2.0.0, FP-SNS-FLIGHT1_V5.1.0, FP-SNS-MOTENV1_V5.0.0, FP-SNS-MOTENVWB1_V1.4.0, FP-SNS-SMARTAG2_V1.2.0, FP-SNS-STBOX1_V2.0.0, STM32Cube_FW_C0_V1.4.0, STM32Cube_FW_F4_V1.28.2, STM32Cube_FW_F7_V1.17.3, STM32Cube_FW_G0_V1.6.2, STM32Cube_FW_G4_V1.6.1, STM32Cube_FW_H5_V1.5.0, STM32Cube_FW_H7RS_V1.2.0, STM32Cube_FW_H7_V1.12.1, STM32Cube_FW_L0_V1.12.2, STM32Cube_FW_L4_V1.18.1, STM32Cube_FW_L5_V1.5.1, STM32Cube_FW_N6_V1.2.0, STM32Cube_FW_U0_V1.3.0, STM32Cube_FW_U3_V1.2.0, STM32Cube_FW_U5_V1.8.0, STM32Cube_FW_WB0_V1.3.0, STM32Cube_FW_WBA_V1.7.0, STM32Cube_FW_WB_V1.23.0, STM32Cube_FW_WL3_V1.2.0, STM32Cube_FW_WL_V1.3.1, X-CUBE-ALGOBUILD_V1.4.0, X-CUBE-ALS_V1.0.2, X-CUBE-AZRTOS-F4_V1.1.0, X-CUBE-AZRTOS-F7_V1.1.0, X-CUBE-AZRTOS-G0_V1.1.0, X-CUBE-AZRTOS-G4_V2.0.0, X-CUBE-AZRTOS-H7RS_V1.1.0, X-CUBE-AZRTOS-H7_V3.3.0, X-CUBE-AZRTOS-L4_V2.0.0, X-CUBE-AZRTOS-L5_V2.0.0, X-CUBE-AZRTOS-WB_V2.0.0, X-CUBE-AZRTOS-WL_V2.0.0, X-CUBE-BLE1_V7.1.0, X-CUBE-BLE2_V3.3.0, X-CUBE-BLEMGR_V4.0.0, X-CUBE-EEPRMA1_V5.1.0, X-CUBE-FREERTOS_V1.3.1, X-CUBE-GNSS1_V6.0.0, X-CUBE-MEMS1_V11.3.0, X-CUBE-NFC4_V3.0.0, X-CUBE-NFC7_V2.0.0, X-CUBE-SFXS2LP1_V4.0.0, X-CUBE-SUBG2_V5.0.0, X-CUBE-TOF1_V3.4.3]
2025-07-25 09:20:15,699 [INFO] DbBoardsSqlite:226 - include board P-NUCLEO-WB55-NUCLEO as a kit item of type 'Nucleo-64'
2025-07-25 09:20:15,699 [INFO] DbBoardsSqlite:226 - include board P-NUCLEO-WB55-USBDONGLE as a kit item of type 'Nucleo USB Dongle'
2025-07-25 09:20:15,699 [INFO] DbBoardsSqlite:226 - include board STEVAL-IDP005V1 as a kit item of type 'Evaluation Board'
2025-07-25 09:20:15,699 [INFO] DbBoardsSqlite:226 - include board STEVAL-IDP005V2 as a kit item of type 'Evaluation Board'
2025-07-25 09:20:15,751 [INFO] ApiDb:240 - Found 880 in-development CPN: [B-G473E-ZEST1S, B-WB1M-WPAN1, B-WBA5M-WPAN, B-WL5M-SUBG1, NUCLEO-C031C6, NUCLEO-C051C8, NUCLEO-C071RB, NUCLEO-C092RC, NUCLEO-H503RB, NUCLEO-H533RE, NUCLEO-H563ZI, NUCLEO-H7S3L8, NUCLEO-N657X0-Q, NUCLEO-U031R8, NUCLEO-U083RC, NUCLEO-U385RG-Q, NUCLEO-U545RE-Q, NUCLEO-U5A5ZJ-Q, NUCLEO-WB05KZ, NUCLEO-WB07CC, NUCLEO-WB09KE, NUCLEO-WBA52CG, NUCLEO-WBA55CG, NUCLEO-WL33CC1, NUCLEO-WL33CC2, STEVAL-PROTEUS1, STEVAL-SMARTAG2, STEVAL-STWINBX1, STM320518-EVAL, STM32C0116-DK, STM32C011D6Y3TR, STM32C011D6Y6TR, STM32C011F4P3, STM32C011F4P6, STM32C011F4U3, STM32C011F4U6TR, STM32C011F6P3, STM32C011F6P6, STM32C011F6U3, STM32C011F6U6TR, STM32C011J4M3, STM32C011J4M6, STM32C011J6M3, STM32C011J6M6, STM32C0316-DK, STM32C031C4T3, STM32C031C4T6, STM32C031C4U3, STM32C031C4U6, STM32C031C6T3, STM32C031C6T6, STM32C031C6U3, STM32C031C6U6, STM32C031F4P3, STM32C031F4P6, STM32C031F6P3, STM32C031F6P6, STM32C031G4U3, STM32C031G4U6, STM32C031G6U3, STM32C031G6U6, STM32C031K4T3, STM32C031K4T6, STM32C031K4U3, STM32C031K4U6, STM32C031K6T3, STM32C031K6T6, STM32C031K6U3, STM32C031K6U6, STM32C051C6T6, STM32C051C6U6, STM32C051C8T6, STM32C051C8U6, STM32C051D8Y6TR, STM32C051F6P6, STM32C051F8P6, STM32C051G6U6, STM32C051G8U6, STM32C051K6T6, STM32C051K6U6, STM32C051K8T6, STM32C071C8T6, STM32C071C8T6N, STM32C071C8U6, STM32C071C8U6N, STM32C071CBT6, STM32C071CBT6N, STM32C071CBU6, STM32C071CBU6N, STM32C071F8P6, STM32C071F8P6N, STM32C071FBP6, STM32C071FBP6N, STM32C071FBY6TR, STM32C071G8U6, STM32C071G8U6N, STM32C071GBU6, STM32C071GBU6N, STM32C071K8T6, STM32C071K8T6N, STM32C071K8U6, STM32C071K8U6N, STM32C071KBT6, STM32C071KBT6N, STM32C071KBU6, STM32C071KBU6N, STM32C071R8T6, STM32C071R8T6N, STM32C071RBI6N, STM32C071RBT6, STM32C071RBT6N, STM32C091CBT6, STM32C091CBU6, STM32C091CCT6, STM32C091CCU6, STM32C091ECY6TR, STM32C091FBP6, STM32C091FCP6, STM32C091GBU6, STM32C091GCU6, STM32C091KBT6, STM32C091KBU6, STM32C091KCT6, STM32C091KCU6, STM32C091RBT6, STM32C091RCI6, STM32C091RCT6, STM32C092CBT6, STM32C092CBU6, STM32C092CCT6, STM32C092CCU6, STM32C092ECY6TR, STM32C092FBP6, STM32C092FCP6, STM32C092GBU6, STM32C092GCU6, STM32C092KBT6, STM32C092KBU6, STM32C092KCT6, STM32C092KCU6, STM32C092RBT6, STM32C092RCI6, STM32C092RCT6, STM32G071K8TXN, STM32G071K8UXN, STM32G081GBU6N, STM32G081KBT6N, STM32G081KBUXN, STM32G0B1CCT6N, STM32G0B1KCT6, STM32G0B1NEY6TR, STM32G0B1RCT6N, STM32G0C1CCT6, STM32G0C1CCT6N, STM32G0C1CCU6N, STM32G0C1CET6N, STM32G0C1CEU6N, STM32G0C1KCT6, STM32G0C1NEY6TR, STM32G0C1RCI6N, STM32G0C1RCT6N, STM32G0C1REI6N, STM32G0C1RET6N, STM32G0C1VCI6, STM32G0C1VEI6, STM32G411C6T3, STM32G411C6T6, STM32G411C6U3, STM32G411C6U6, STM32G411C8T3, STM32G411C8T6, STM32G411C8U3, STM32G411C8U6, STM32G411CBT3, STM32G411CBT6, STM32G411CBU3, STM32G411CBU6, STM32G411K6T3, STM32G411K6T6, STM32G411K6U3, STM32G411K6U6, STM32G411K8T3, STM32G411K8T6, STM32G411K8U3, STM32G411K8U6, STM32G411KBT3, STM32G411KBT6, STM32G411KBU3, STM32G411KBU6, STM32G411M6T3, STM32G411M6T6, STM32G411M8T3, STM32G411M8T6, STM32G411MBT3, STM32G411MBT6, STM32G411R6T3, STM32G411R6T6, STM32G411R8T3, STM32G411R8T6, STM32G411RBT3, STM32G411RBT6, STM32G414CBT3, STM32G414CBT6, STM32G414CBU3, STM32G414CBU6, STM32G414CCT3, STM32G414CCT6, STM32G414CCU3, STM32G414CCU6, STM32G414MBT3, STM32G414MBT6, STM32G414MCT3, STM32G414MCT6, STM32G414RBT3, STM32G414RBT6, STM32G414RCT3, STM32G414RCT6, STM32G414VBT3, STM32G414VBT6, STM32G414VCT3, STM32G414VCT6, STM32G431CBT3Z, STM32G431RBT3Z, STM32G471CCT6, STM32G471CCU6, STM32G471CET3, STM32G471CET6, STM32G471CEU3, STM32G471CEU6, STM32G471MCT6, STM32G471MET3, STM32G471MET6, STM32G471MEY6TR, STM32G471QCT6, STM32G471QET3, STM32G471RCT6, STM32G471RET3, STM32G471RET6, STM32G471VCH6, STM32G471VCI6, STM32G471VCT6, STM32G471VEH3, STM32G471VEH6, STM32G471VEI3, STM32G471VEI6, STM32G471VET3, STM32G471VET6, STM32G473QET3Z, STM32G473RET3Z, STM32G474CCT6, STM32G491RET3Z, STM32H503CBT6, STM32H503CBU6, STM32H503EBY6TR, STM32H503KBU6, STM32H503RBT6, STM32H523CCT6, STM32H523CCU6, STM32H523CET6, STM32H523CEU6, STM32H523HEY6TR, STM32H523RCT6, STM32H523RET6, STM32H523VCI6, STM32H523VCT6, STM32H523VEI6, STM32H523VET6, STM32H523ZCJ6, STM32H523ZCT6, STM32H523ZEJ6, STM32H523ZET6, STM32H533CET6, STM32H533CEU6, STM32H533HEY6TR, STM32H533RET6, STM32H533VEI6, STM32H533VET6, STM32H533ZEJ6, STM32H533ZET6, STM32H562AGI6, STM32H562AII6, STM32H562IGK6, STM32H562IGT6, STM32H562IIK6, STM32H562IIT6, STM32H562RGT6, STM32H562RGV6, STM32H562RIT6, STM32H562RIV6, STM32H562VGT6, STM32H562VIT6, STM32H562ZGT6, STM32H562ZIT6, STM32H563AGI6, STM32H563AII3Q, STM32H563AII6, STM32H563IGK6, STM32H563IGT6, STM32H563IIK3Q, STM32H563IIK6, STM32H563IIT3Q, STM32H563IIT6, STM32H563MIY3QTR, STM32H563RGT6, STM32H563RGV6, STM32H563RIT6, STM32H563RIV6, STM32H563VGT6, STM32H563VIT3Q, STM32H563VIT6, STM32H563ZGT6, STM32H563ZIT3Q, STM32H563ZIT6, STM32H573AII3Q, STM32H573AII6, STM32H573I-DK, STM32H573IIK3Q, STM32H573IIK6, STM32H573IIT3Q, STM32H573IIT6, STM32H573MIY3QTR, STM32H573RIT6, STM32H573RIV6, STM32H573VIT3Q, STM32H573VIT6, STM32H573ZIT3Q, STM32H573ZIT6, STM32H7R3A8I6, STM32H7R3I8K6, STM32H7R3I8T6, STM32H7R3L8H6, STM32H7R3L8H6H, STM32H7R3R8V6, STM32H7R3V8H6, STM32H7R3V8T6, STM32H7R3V8Y6TR, STM32H7R3Z8J6, STM32H7R3Z8T6, STM32H7R7A8I6, STM32H7R7I8K6, STM32H7R7I8T6, STM32H7R7L8H6, STM32H7R7L8H6H, STM32H7R7Z8J6, STM32H7S3A8I6, STM32H7S3I8K6, STM32H7S3I8T6, STM32H7S3L8H6, STM32H7S3L8H6H, STM32H7S3R8V6, STM32H7S3V8H6, STM32H7S3V8T6, STM32H7S3V8Y6TR, STM32H7S3Z8J6, STM32H7S3Z8T6, STM32H7S78-DK, STM32H7S7A8I6, STM32H7S7I8K6, STM32H7S7I8T6, STM32H7S7L8H6, STM32H7S7L8H6H, STM32H7S7Z8J6, STM32L4R5QGI6STR, STM32MP131AAE3, STM32MP131AAF3, STM32MP131AAG3, STM32MP131CAE3, STM32MP131CAF3, STM32MP131CAG3, STM32MP131DAE7, STM32MP131DAF7, STM32MP131DAG7, STM32MP131FAE7, STM32MP131FAF7, STM32MP131FAG7, STM32MP133AAE3, STM32MP133AAF3, STM32MP133AAG3, STM32MP133CAE3, STM32MP133CAF3, STM32MP133CAG3, STM32MP133DAE7, STM32MP133DAF7, STM32MP133DAG7, STM32MP133FAE7, STM32MP133FAF7, STM32MP133FAG7, STM32MP135AAE3, STM32MP135AAF3, STM32MP135AAG3, STM32MP135CAE3, STM32MP135CAF3, STM32MP135CAG3, STM32MP135DAE7, STM32MP135DAF7, STM32MP135DAG7, STM32MP135F-DK, STM32MP135FAE7, STM32MP135FAF7, STM32MP135FAF7T, STM32MP135FAF7U, STM32MP135FAG7, STM32MP211AAL3, STM32MP211AAM3, STM32MP211AAN3, STM32MP211AAO3, STM32MP211CAL3, STM32MP211CAM3, STM32MP211CAN3, STM32MP211CAO3, STM32MP211DAL3, STM32MP211DAM3, STM32MP211DAN3, STM32MP211DAO3, STM32MP211FAL3, STM32MP211FAM3, STM32MP211FAN3, STM32MP211FAO3, STM32MP213AAL3, STM32MP213AAM3, STM32MP213AAN3, STM32MP213AAO3, STM32MP213CAL3, STM32MP213CAM3, STM32MP213CAN3, STM32MP213CAO3, STM32MP213DAL3, STM32MP213DAM3, STM32MP213DAN3, STM32MP213DAO3, STM32MP213FAL3, STM32MP213FAM3, STM32MP213FAN3, STM32MP213FAO3, STM32MP215AAL3, STM32MP215AAM3, STM32MP215AAN3, STM32MP215AAO3, STM32MP215CAL3, STM32MP215CAM3, STM32MP215CAN3, STM32MP215CAO3, STM32MP215DAL3, STM32MP215DAM3, STM32MP215DAN3, STM32MP215DAO3, STM32MP215F-DK, STM32MP215FAL3, STM32MP215FAM3, STM32MP215FAN3, STM32MP215FAO3, STM32MP231AAJ3, STM32MP231AAK3, STM32MP231AAL3, STM32MP231CAJ3, STM32MP231CAK3, STM32MP231CAL3, STM32MP231DAJ3, STM32MP231DAK3, STM32MP231DAL3, STM32MP231FAJ3, STM32MP231FAK3, STM32MP231FAL3, STM32MP233AAJ3, STM32MP233AAK3, STM32MP233AAL3, STM32MP233CAJ3, STM32MP233CAK3, STM32MP233CAL3, STM32MP233DAJ3, STM32MP233DAK3, STM32MP233DAL3, STM32MP233FAJ3, STM32MP233FAK3, STM32MP233FAL3, STM32MP235AAJ3, STM32MP235AAK3, STM32MP235AAL3, STM32MP235CAJ3, STM32MP235CAK3, STM32MP235CAL3, STM32MP235DAJ3, STM32MP235DAK3, STM32MP235DAL3, STM32MP235FAJ3, STM32MP235FAK3, STM32MP235FAL3, STM32MP251AAI3, STM32MP251AAK3, STM32MP251AAL3, STM32MP251CAI3, STM32MP251CAK3, STM32MP251CAL3, STM32MP251DAI3, STM32MP251DAK3, STM32MP251DAL3, STM32MP251FAI3, STM32MP251FAK3, STM32MP251FAL3, STM32MP253AAI3, STM32MP253AAK3, STM32MP253AAL3, STM32MP253CAI3, STM32MP253CAK3, STM32MP253CAL3, STM32MP253DAI3, STM32MP253DAK3, STM32MP253DAL3, STM32MP253FAI3, STM32MP253FAK3, STM32MP253FAL3, STM32MP255AAI3, STM32MP255AAK3, STM32MP255AAL3, STM32MP255CAI3, STM32MP255CAK3, STM32MP255CAL3, STM32MP255DAI3, STM32MP255DAK3, STM32MP255DAL3, STM32MP255FAI3, STM32MP255FAK3, STM32MP255FAL3, STM32MP257AAI3, STM32MP257AAK3, STM32MP257AAL3, STM32MP257CAI3, STM32MP257CAK3, STM32MP257CAL3, STM32MP257DAI3, STM32MP257DAK3, STM32MP257DAL3, STM32MP257F-DK, STM32MP257F-EV1, STM32MP257FAI3, STM32MP257FAK3, STM32MP257FAL3, STM32N645A0H3Q, STM32N645B0H3Q, STM32N645I0H3Q, STM32N645L0H3Q, STM32N645X0H3Q, STM32N645Z0H3Q, STM32N647A0H3Q, STM32N647B0H3Q, STM32N647I0H3Q, STM32N647L0H3Q, STM32N647X0H3Q, STM32N647Z0H3Q, STM32N655A0H3Q, STM32N655B0H3Q, STM32N655I0H3Q, STM32N655L0H3Q, STM32N655X0H3Q, STM32N655Z0H3Q, STM32N6570-DK, STM32N657A0H3Q, STM32N657B0H3Q, STM32N657I0H3Q, STM32N657L0H3Q, STM32N657X0H3Q, STM32N657Z0H3Q, STM32U031C6T6, STM32U031C6U6, STM32U031C8T6, STM32U031C8U6, STM32U031F4P6, STM32U031F6P6, STM32U031F8P6, STM32U031G6Y6TR, STM32U031G8Y6TR, STM32U031K4U6, STM32U031K6U6, STM32U031K8U6, STM32U031R6I6, STM32U031R6T6, STM32U031R8I6, STM32U031R8T6, STM32U073C8T6, STM32U073C8U6, STM32U073CBT6, STM32U073CBU6, STM32U073CCT6, STM32U073CCU6, STM32U073H8Y6TR, STM32U073HBY6TR, STM32U073HCY6TR, STM32U073K8U6, STM32U073KBU6, STM32U073KCU6, STM32U073M8I6, STM32U073M8T6, STM32U073MBI6, STM32U073MBT6, STM32U073MCI6, STM32U073MCT6, STM32U073R8I6, STM32U073R8T6, STM32U073RBI6, STM32U073RBT6, STM32U073RCI6, STM32U073RCT6, STM32U083C-DK, STM32U083CCT6, STM32U083CCU6, STM32U083HCY6TR, STM32U083KCU6, STM32U083MCI6, STM32U083MCT6, STM32U083RCI6, STM32U083RCT6, STM32U375CET6, STM32U375CET6Q, STM32U375CEU6, STM32U375CEU6Q, STM32U375CEY6QTR, STM32U375CGT6, STM32U375CGT6Q, STM32U375CGU6, STM32U375CGU6Q, STM32U375CGY6QTR, STM32U375KEU6, STM32U375KGU6, STM32U375REI6, STM32U375REI6Q, STM32U375RET6, STM32U375RET6Q, STM32U375REY6GTR, STM32U375REY6QTR, STM32U375RGI6, STM32U375RGI6Q, STM32U375RGT6, STM32U375RGT6Q, STM32U375RGY6GTR, STM32U375RGY6QTR, STM32U375VEI6, STM32U375VEI6Q, STM32U375VET6, STM32U375VET6Q, STM32U375VGI6, STM32U375VGI6Q, STM32U375VGT6, STM32U375VGT6Q, STM32U385CGT6, STM32U385CGT6Q, STM32U385CGU6, STM32U385CGU6Q, STM32U385CGY6QTR, STM32U385KGU6, STM32U385RGI6, STM32U385RGI6Q, STM32U385RGT6, STM32U385RGT6Q, STM32U385RGY6GTR, STM32U385RGY6QTR, STM32U385VGI6, STM32U385VGI6Q, STM32U385VGT6, STM32U385VGT6Q, STM32U535CBT6, STM32U535CBT6Q, STM32U535CBU6, STM32U535CBU6Q, STM32U535CCT6, STM32U535CCT6Q, STM32U535CCU6, STM32U535CCU6Q, STM32U535CET6, STM32U535CET6Q, STM32U535CEU6, STM32U535CEU6Q, STM32U535JEY6QTR, STM32U535NCY6QTR, STM32U535NEY6QTR, STM32U535RBI6, STM32U535RBI6Q, STM32U535RBT6, STM32U535RBT6Q, STM32U535RCI6, STM32U535RCI6Q, STM32U535RCT6, STM32U535RCT6Q, STM32U535REI6, STM32U535REI6Q, STM32U535RET6, STM32U535RET6Q, STM32U535VCI6, STM32U535VCI6Q, STM32U535VCT6, STM32U535VCT6Q, STM32U535VEI6, STM32U535VEI6Q, STM32U535VET6, STM32U535VET6Q, STM32U545CET6, STM32U545CET6Q, STM32U545CEU6, STM32U545CEU6Q, STM32U545JEY6QTR, STM32U545NEY6QTR, STM32U545REI6, STM32U545REI6Q, STM32U545RET6, STM32U545RET6Q, STM32U545VEI6, STM32U545VEI6Q, STM32U545VET6, STM32U545VET6Q, STM32U595AIH6, STM32U595AIH6Q, STM32U595AJH6, STM32U595AJH6Q, STM32U595QII6, STM32U595QII6Q, STM32U595QJI6, STM32U595QJI6Q, STM32U595RIT6, STM32U595RIT6Q, STM32U595RJT6, STM32U595RJT6Q, STM32U595VIT6, STM32U595VIT6Q, STM32U595VJT6, STM32U595VJT6Q, STM32U595ZIT6, STM32U595ZIT6Q, STM32U595ZIY6QTR, STM32U595ZJT6, STM32U595ZJT6Q, STM32U595ZJY6QTR, STM32U599BJY6QTR, STM32U599NIH6Q, STM32U599NJH6Q, STM32U599VIT6Q, STM32U599VJT6, STM32U599VJT6Q, STM32U599ZIT6Q, STM32U599ZIY6QTR, STM32U599ZJT6Q, STM32U599ZJY6QTR, STM32U5A5AJH6, STM32U5A5AJH6Q, STM32U5A5QII3Q , STM32U5A5QJI6, STM32U5A5QJI6Q, STM32U5A5RJT6, STM32U5A5RJT6Q, STM32U5A5VJT6, STM32U5A5VJT6Q, STM32U5A5ZJT6, STM32U5A5ZJT6Q, STM32U5A5ZJY6QTR, STM32U5A9BJY6QTR, STM32U5A9J-DK, STM32U5A9NJH6Q, STM32U5A9VJT6Q, STM32U5A9ZJT6Q, STM32U5A9ZJY6QTR, STM32U5F7VIT6, STM32U5F7VIT6Q, STM32U5F7VJT6, STM32U5F7VJT6Q, STM32U5F9BJY6QTR, STM32U5F9NJH6Q, STM32U5F9VIT6Q, STM32U5F9VJT6Q, STM32U5F9ZIJ6QTR, STM32U5F9ZIT6Q, STM32U5F9ZJJ6QTR, STM32U5F9ZJT6Q, STM32U5G7VJT6, STM32U5G7VJT6Q, STM32U5G9BJY6QTR, STM32U5G9J-DK1, STM32U5G9J-DK2, STM32U5G9NJH6Q, STM32U5G9VJT6Q, STM32U5G9ZJJ6QTR, STM32U5G9ZJT6Q, STM32WB05KZV6TR, STM32WB05KZV7TR, STM32WB05TZF6TR, STM32WB05TZF7TR, STM32WB06CCF6TR, STM32WB06CCF7TR, STM32WB06CCV6TR, STM32WB06CCV7TR, STM32WB06KCV6TR, STM32WB06KCV7TR, STM32WB07CCF6TR, STM32WB07CCF7TR, STM32WB07CCV6TR, STM32WB07CCV7TR, STM32WB07KCV6TR, STM32WB07KCV7TR, STM32WB09KEV6TR, STM32WB09KEV7TR, STM32WB09TEF6TR, STM32WB09TEF7TR, STM32WB1MMCH6, STM32WBA50KGU6, STM32WBA50KGU6TR, STM32WBA52CEU6, STM32WBA52CEU6TR, STM32WBA52CEU7, STM32WBA52CEU7TR, STM32WBA52CGU6, STM32WBA52CGU6TR, STM32WBA52CGU6U, STM32WBA52CGU7, STM32WBA52CGU7TR, STM32WBA52KEU6, STM32WBA52KEU6TR, STM32WBA52KGU6, STM32WBA52KGU6TR, STM32WBA54CEU6, STM32WBA54CEU6TR, STM32WBA54CEU7, STM32WBA54CEU7TR, STM32WBA54CGU6, STM32WBA54CGU6TR, STM32WBA54CGU7, STM32WBA54CGU7TR, STM32WBA54KEU6, STM32WBA54KEU6TR, STM32WBA54KEU7, STM32WBA54KEU7TR, STM32WBA54KGU6, STM32WBA54KGU6TR, STM32WBA54KGU7, STM32WBA54KGU7TR, STM32WBA55CEU6, STM32WBA55CEU6TR, STM32WBA55CEU7, STM32WBA55CEU7TR, STM32WBA55CGU6, STM32WBA55CGU6TR, STM32WBA55CGU6U, STM32WBA55CGU7, STM32WBA55CGU7TR, STM32WBA55G-DK1, STM32WBA55HEF6, STM32WBA55HEF7, STM32WBA55HGF6, STM32WBA55HGF7, STM32WBA55UEI6, STM32WBA55UEI6TR, STM32WBA55UEI7, STM32WBA55UEI7TR, STM32WBA55UGI6, STM32WBA55UGI6TR, STM32WBA55UGI7, STM32WBA55UGI7TR, STM32WBA5MMGH6TR, STM32WBA62MGF6, STM32WBA62MIF6, STM32WBA65MGF7, STM32WBA65MIF6, STM32WBA65MIF7, STM32WL30K8V6, STM32WL30KBV6, STM32WL31C8V6, STM32WL31CBV6, STM32WL31K8V6, STM32WL31KBV6, STM32WL33C8V6, STM32WL33C8V6X, STM32WL33CBV6, STM32WL33CBV6X, STM32WL33CCV6, STM32WL33CCV6A, STM32WL33CCV6X, STM32WL33K8V7, STM32WL33K8V7X, STM32WL33KBV7 , STM32WL33KBV7X, STM32WL33KCV7, STM32WL33KCV7X, STM32WL5MOCH6, STM32WL5MOCH6TR]
2025-07-25 09:20:15,987 [INFO] BoardInfo:889 - No configuration file found for board P-NUCLEO-WB55
2025-07-25 09:20:15,988 [INFO] DbBoards:161 - Kit is not supported: P-NUCLEO-WB55
2025-07-25 09:20:15,996 [INFO] BoardInfo:889 - No configuration file found for board STEVAL-BFA001V1B
2025-07-25 09:20:15,998 [INFO] DbBoards:161 - Kit is not supported: STEVAL-BFA001V1B
2025-07-25 09:20:15,999 [INFO] BoardInfo:889 - No configuration file found for board STEVAL-BFA001V2B
2025-07-25 09:20:16,001 [INFO] DbBoards:161 - Kit is not supported: STEVAL-BFA001V2B
2025-07-25 09:20:16,257 [INFO] DbBoards:168 - Found 212 boards, 209 are supported
2025-07-25 09:20:16,258 [INFO] DbBoards:169 - Found 212 boards, 43 of them is supported for  Bsp
2025-07-25 09:20:16,262 [INFO] ApiDb:668 - CubeFinder database Data Model version=2.1
2025-07-25 09:20:16,262 [INFO] ApiDb:669 - CubeFinder database Configuration version=3.0.39
2025-07-25 09:20:16,262 [INFO] ApiDb:670 - CubeFinder database generation date=2025-06-24 (1750757100)
2025-07-25 09:20:16,262 [INFO] ApiDb:671 - CubeFinder database FW Pack versions=[FP-ATR-ASTRA1_V2.0.0, FP-SNS-FLIGHT1_V5.1.0, FP-SNS-MOTENV1_V5.0.0, FP-SNS-MOTENVWB1_V1.4.0, FP-SNS-SMARTAG2_V1.2.0, FP-SNS-STBOX1_V2.0.0, STM32Cube_FW_C0_V1.4.0, STM32Cube_FW_F4_V1.28.2, STM32Cube_FW_F7_V1.17.3, STM32Cube_FW_G0_V1.6.2, STM32Cube_FW_G4_V1.6.1, STM32Cube_FW_H5_V1.5.0, STM32Cube_FW_H7RS_V1.2.0, STM32Cube_FW_H7_V1.12.1, STM32Cube_FW_L0_V1.12.2, STM32Cube_FW_L4_V1.18.1, STM32Cube_FW_L5_V1.5.1, STM32Cube_FW_N6_V1.2.0, STM32Cube_FW_U0_V1.3.0, STM32Cube_FW_U3_V1.2.0, STM32Cube_FW_U5_V1.8.0, STM32Cube_FW_WB0_V1.3.0, STM32Cube_FW_WBA_V1.7.0, STM32Cube_FW_WB_V1.23.0, STM32Cube_FW_WL3_V1.2.0, STM32Cube_FW_WL_V1.3.1, X-CUBE-ALGOBUILD_V1.4.0, X-CUBE-ALS_V1.0.2, X-CUBE-AZRTOS-F4_V1.1.0, X-CUBE-AZRTOS-F7_V1.1.0, X-CUBE-AZRTOS-G0_V1.1.0, X-CUBE-AZRTOS-G4_V2.0.0, X-CUBE-AZRTOS-H7RS_V1.1.0, X-CUBE-AZRTOS-H7_V3.3.0, X-CUBE-AZRTOS-L4_V2.0.0, X-CUBE-AZRTOS-L5_V2.0.0, X-CUBE-AZRTOS-WB_V2.0.0, X-CUBE-AZRTOS-WL_V2.0.0, X-CUBE-BLE1_V7.1.0, X-CUBE-BLE2_V3.3.0, X-CUBE-BLEMGR_V4.0.0, X-CUBE-EEPRMA1_V5.1.0, X-CUBE-FREERTOS_V1.3.1, X-CUBE-GNSS1_V6.0.0, X-CUBE-MEMS1_V11.3.0, X-CUBE-NFC4_V3.0.0, X-CUBE-NFC7_V2.0.0, X-CUBE-SFXS2LP1_V4.0.0, X-CUBE-SUBG2_V5.0.0, X-CUBE-TOF1_V3.4.3]
2025-07-25 09:20:18,306 [INFO] ApiDb:240 - Found 880 in-development CPN: [B-G473E-ZEST1S, B-WB1M-WPAN1, B-WBA5M-WPAN, B-WL5M-SUBG1, NUCLEO-C031C6, NUCLEO-C051C8, NUCLEO-C071RB, NUCLEO-C092RC, NUCLEO-H503RB, NUCLEO-H533RE, NUCLEO-H563ZI, NUCLEO-H7S3L8, NUCLEO-N657X0-Q, NUCLEO-U031R8, NUCLEO-U083RC, NUCLEO-U385RG-Q, NUCLEO-U545RE-Q, NUCLEO-U5A5ZJ-Q, NUCLEO-WB05KZ, NUCLEO-WB07CC, NUCLEO-WB09KE, NUCLEO-WBA52CG, NUCLEO-WBA55CG, NUCLEO-WL33CC1, NUCLEO-WL33CC2, STEVAL-PROTEUS1, STEVAL-SMARTAG2, STEVAL-STWINBX1, STM320518-EVAL, STM32C0116-DK, STM32C011D6Y3TR, STM32C011D6Y6TR, STM32C011F4P3, STM32C011F4P6, STM32C011F4U3, STM32C011F4U6TR, STM32C011F6P3, STM32C011F6P6, STM32C011F6U3, STM32C011F6U6TR, STM32C011J4M3, STM32C011J4M6, STM32C011J6M3, STM32C011J6M6, STM32C0316-DK, STM32C031C4T3, STM32C031C4T6, STM32C031C4U3, STM32C031C4U6, STM32C031C6T3, STM32C031C6T6, STM32C031C6U3, STM32C031C6U6, STM32C031F4P3, STM32C031F4P6, STM32C031F6P3, STM32C031F6P6, STM32C031G4U3, STM32C031G4U6, STM32C031G6U3, STM32C031G6U6, STM32C031K4T3, STM32C031K4T6, STM32C031K4U3, STM32C031K4U6, STM32C031K6T3, STM32C031K6T6, STM32C031K6U3, STM32C031K6U6, STM32C051C6T6, STM32C051C6U6, STM32C051C8T6, STM32C051C8U6, STM32C051D8Y6TR, STM32C051F6P6, STM32C051F8P6, STM32C051G6U6, STM32C051G8U6, STM32C051K6T6, STM32C051K6U6, STM32C051K8T6, STM32C071C8T6, STM32C071C8T6N, STM32C071C8U6, STM32C071C8U6N, STM32C071CBT6, STM32C071CBT6N, STM32C071CBU6, STM32C071CBU6N, STM32C071F8P6, STM32C071F8P6N, STM32C071FBP6, STM32C071FBP6N, STM32C071FBY6TR, STM32C071G8U6, STM32C071G8U6N, STM32C071GBU6, STM32C071GBU6N, STM32C071K8T6, STM32C071K8T6N, STM32C071K8U6, STM32C071K8U6N, STM32C071KBT6, STM32C071KBT6N, STM32C071KBU6, STM32C071KBU6N, STM32C071R8T6, STM32C071R8T6N, STM32C071RBI6N, STM32C071RBT6, STM32C071RBT6N, STM32C091CBT6, STM32C091CBU6, STM32C091CCT6, STM32C091CCU6, STM32C091ECY6TR, STM32C091FBP6, STM32C091FCP6, STM32C091GBU6, STM32C091GCU6, STM32C091KBT6, STM32C091KBU6, STM32C091KCT6, STM32C091KCU6, STM32C091RBT6, STM32C091RCI6, STM32C091RCT6, STM32C092CBT6, STM32C092CBU6, STM32C092CCT6, STM32C092CCU6, STM32C092ECY6TR, STM32C092FBP6, STM32C092FCP6, STM32C092GBU6, STM32C092GCU6, STM32C092KBT6, STM32C092KBU6, STM32C092KCT6, STM32C092KCU6, STM32C092RBT6, STM32C092RCI6, STM32C092RCT6, STM32G071K8TXN, STM32G071K8UXN, STM32G081GBU6N, STM32G081KBT6N, STM32G081KBUXN, STM32G0B1CCT6N, STM32G0B1KCT6, STM32G0B1NEY6TR, STM32G0B1RCT6N, STM32G0C1CCT6, STM32G0C1CCT6N, STM32G0C1CCU6N, STM32G0C1CET6N, STM32G0C1CEU6N, STM32G0C1KCT6, STM32G0C1NEY6TR, STM32G0C1RCI6N, STM32G0C1RCT6N, STM32G0C1REI6N, STM32G0C1RET6N, STM32G0C1VCI6, STM32G0C1VEI6, STM32G411C6T3, STM32G411C6T6, STM32G411C6U3, STM32G411C6U6, STM32G411C8T3, STM32G411C8T6, STM32G411C8U3, STM32G411C8U6, STM32G411CBT3, STM32G411CBT6, STM32G411CBU3, STM32G411CBU6, STM32G411K6T3, STM32G411K6T6, STM32G411K6U3, STM32G411K6U6, STM32G411K8T3, STM32G411K8T6, STM32G411K8U3, STM32G411K8U6, STM32G411KBT3, STM32G411KBT6, STM32G411KBU3, STM32G411KBU6, STM32G411M6T3, STM32G411M6T6, STM32G411M8T3, STM32G411M8T6, STM32G411MBT3, STM32G411MBT6, STM32G411R6T3, STM32G411R6T6, STM32G411R8T3, STM32G411R8T6, STM32G411RBT3, STM32G411RBT6, STM32G414CBT3, STM32G414CBT6, STM32G414CBU3, STM32G414CBU6, STM32G414CCT3, STM32G414CCT6, STM32G414CCU3, STM32G414CCU6, STM32G414MBT3, STM32G414MBT6, STM32G414MCT3, STM32G414MCT6, STM32G414RBT3, STM32G414RBT6, STM32G414RCT3, STM32G414RCT6, STM32G414VBT3, STM32G414VBT6, STM32G414VCT3, STM32G414VCT6, STM32G431CBT3Z, STM32G431RBT3Z, STM32G471CCT6, STM32G471CCU6, STM32G471CET3, STM32G471CET6, STM32G471CEU3, STM32G471CEU6, STM32G471MCT6, STM32G471MET3, STM32G471MET6, STM32G471MEY6TR, STM32G471QCT6, STM32G471QET3, STM32G471RCT6, STM32G471RET3, STM32G471RET6, STM32G471VCH6, STM32G471VCI6, STM32G471VCT6, STM32G471VEH3, STM32G471VEH6, STM32G471VEI3, STM32G471VEI6, STM32G471VET3, STM32G471VET6, STM32G473QET3Z, STM32G473RET3Z, STM32G474CCT6, STM32G491RET3Z, STM32H503CBT6, STM32H503CBU6, STM32H503EBY6TR, STM32H503KBU6, STM32H503RBT6, STM32H523CCT6, STM32H523CCU6, STM32H523CET6, STM32H523CEU6, STM32H523HEY6TR, STM32H523RCT6, STM32H523RET6, STM32H523VCI6, STM32H523VCT6, STM32H523VEI6, STM32H523VET6, STM32H523ZCJ6, STM32H523ZCT6, STM32H523ZEJ6, STM32H523ZET6, STM32H533CET6, STM32H533CEU6, STM32H533HEY6TR, STM32H533RET6, STM32H533VEI6, STM32H533VET6, STM32H533ZEJ6, STM32H533ZET6, STM32H562AGI6, STM32H562AII6, STM32H562IGK6, STM32H562IGT6, STM32H562IIK6, STM32H562IIT6, STM32H562RGT6, STM32H562RGV6, STM32H562RIT6, STM32H562RIV6, STM32H562VGT6, STM32H562VIT6, STM32H562ZGT6, STM32H562ZIT6, STM32H563AGI6, STM32H563AII3Q, STM32H563AII6, STM32H563IGK6, STM32H563IGT6, STM32H563IIK3Q, STM32H563IIK6, STM32H563IIT3Q, STM32H563IIT6, STM32H563MIY3QTR, STM32H563RGT6, STM32H563RGV6, STM32H563RIT6, STM32H563RIV6, STM32H563VGT6, STM32H563VIT3Q, STM32H563VIT6, STM32H563ZGT6, STM32H563ZIT3Q, STM32H563ZIT6, STM32H573AII3Q, STM32H573AII6, STM32H573I-DK, STM32H573IIK3Q, STM32H573IIK6, STM32H573IIT3Q, STM32H573IIT6, STM32H573MIY3QTR, STM32H573RIT6, STM32H573RIV6, STM32H573VIT3Q, STM32H573VIT6, STM32H573ZIT3Q, STM32H573ZIT6, STM32H7R3A8I6, STM32H7R3I8K6, STM32H7R3I8T6, STM32H7R3L8H6, STM32H7R3L8H6H, STM32H7R3R8V6, STM32H7R3V8H6, STM32H7R3V8T6, STM32H7R3V8Y6TR, STM32H7R3Z8J6, STM32H7R3Z8T6, STM32H7R7A8I6, STM32H7R7I8K6, STM32H7R7I8T6, STM32H7R7L8H6, STM32H7R7L8H6H, STM32H7R7Z8J6, STM32H7S3A8I6, STM32H7S3I8K6, STM32H7S3I8T6, STM32H7S3L8H6, STM32H7S3L8H6H, STM32H7S3R8V6, STM32H7S3V8H6, STM32H7S3V8T6, STM32H7S3V8Y6TR, STM32H7S3Z8J6, STM32H7S3Z8T6, STM32H7S78-DK, STM32H7S7A8I6, STM32H7S7I8K6, STM32H7S7I8T6, STM32H7S7L8H6, STM32H7S7L8H6H, STM32H7S7Z8J6, STM32L4R5QGI6STR, STM32MP131AAE3, STM32MP131AAF3, STM32MP131AAG3, STM32MP131CAE3, STM32MP131CAF3, STM32MP131CAG3, STM32MP131DAE7, STM32MP131DAF7, STM32MP131DAG7, STM32MP131FAE7, STM32MP131FAF7, STM32MP131FAG7, STM32MP133AAE3, STM32MP133AAF3, STM32MP133AAG3, STM32MP133CAE3, STM32MP133CAF3, STM32MP133CAG3, STM32MP133DAE7, STM32MP133DAF7, STM32MP133DAG7, STM32MP133FAE7, STM32MP133FAF7, STM32MP133FAG7, STM32MP135AAE3, STM32MP135AAF3, STM32MP135AAG3, STM32MP135CAE3, STM32MP135CAF3, STM32MP135CAG3, STM32MP135DAE7, STM32MP135DAF7, STM32MP135DAG7, STM32MP135F-DK, STM32MP135FAE7, STM32MP135FAF7, STM32MP135FAF7T, STM32MP135FAF7U, STM32MP135FAG7, STM32MP211AAL3, STM32MP211AAM3, STM32MP211AAN3, STM32MP211AAO3, STM32MP211CAL3, STM32MP211CAM3, STM32MP211CAN3, STM32MP211CAO3, STM32MP211DAL3, STM32MP211DAM3, STM32MP211DAN3, STM32MP211DAO3, STM32MP211FAL3, STM32MP211FAM3, STM32MP211FAN3, STM32MP211FAO3, STM32MP213AAL3, STM32MP213AAM3, STM32MP213AAN3, STM32MP213AAO3, STM32MP213CAL3, STM32MP213CAM3, STM32MP213CAN3, STM32MP213CAO3, STM32MP213DAL3, STM32MP213DAM3, STM32MP213DAN3, STM32MP213DAO3, STM32MP213FAL3, STM32MP213FAM3, STM32MP213FAN3, STM32MP213FAO3, STM32MP215AAL3, STM32MP215AAM3, STM32MP215AAN3, STM32MP215AAO3, STM32MP215CAL3, STM32MP215CAM3, STM32MP215CAN3, STM32MP215CAO3, STM32MP215DAL3, STM32MP215DAM3, STM32MP215DAN3, STM32MP215DAO3, STM32MP215F-DK, STM32MP215FAL3, STM32MP215FAM3, STM32MP215FAN3, STM32MP215FAO3, STM32MP231AAJ3, STM32MP231AAK3, STM32MP231AAL3, STM32MP231CAJ3, STM32MP231CAK3, STM32MP231CAL3, STM32MP231DAJ3, STM32MP231DAK3, STM32MP231DAL3, STM32MP231FAJ3, STM32MP231FAK3, STM32MP231FAL3, STM32MP233AAJ3, STM32MP233AAK3, STM32MP233AAL3, STM32MP233CAJ3, STM32MP233CAK3, STM32MP233CAL3, STM32MP233DAJ3, STM32MP233DAK3, STM32MP233DAL3, STM32MP233FAJ3, STM32MP233FAK3, STM32MP233FAL3, STM32MP235AAJ3, STM32MP235AAK3, STM32MP235AAL3, STM32MP235CAJ3, STM32MP235CAK3, STM32MP235CAL3, STM32MP235DAJ3, STM32MP235DAK3, STM32MP235DAL3, STM32MP235FAJ3, STM32MP235FAK3, STM32MP235FAL3, STM32MP251AAI3, STM32MP251AAK3, STM32MP251AAL3, STM32MP251CAI3, STM32MP251CAK3, STM32MP251CAL3, STM32MP251DAI3, STM32MP251DAK3, STM32MP251DAL3, STM32MP251FAI3, STM32MP251FAK3, STM32MP251FAL3, STM32MP253AAI3, STM32MP253AAK3, STM32MP253AAL3, STM32MP253CAI3, STM32MP253CAK3, STM32MP253CAL3, STM32MP253DAI3, STM32MP253DAK3, STM32MP253DAL3, STM32MP253FAI3, STM32MP253FAK3, STM32MP253FAL3, STM32MP255AAI3, STM32MP255AAK3, STM32MP255AAL3, STM32MP255CAI3, STM32MP255CAK3, STM32MP255CAL3, STM32MP255DAI3, STM32MP255DAK3, STM32MP255DAL3, STM32MP255FAI3, STM32MP255FAK3, STM32MP255FAL3, STM32MP257AAI3, STM32MP257AAK3, STM32MP257AAL3, STM32MP257CAI3, STM32MP257CAK3, STM32MP257CAL3, STM32MP257DAI3, STM32MP257DAK3, STM32MP257DAL3, STM32MP257F-DK, STM32MP257F-EV1, STM32MP257FAI3, STM32MP257FAK3, STM32MP257FAL3, STM32N645A0H3Q, STM32N645B0H3Q, STM32N645I0H3Q, STM32N645L0H3Q, STM32N645X0H3Q, STM32N645Z0H3Q, STM32N647A0H3Q, STM32N647B0H3Q, STM32N647I0H3Q, STM32N647L0H3Q, STM32N647X0H3Q, STM32N647Z0H3Q, STM32N655A0H3Q, STM32N655B0H3Q, STM32N655I0H3Q, STM32N655L0H3Q, STM32N655X0H3Q, STM32N655Z0H3Q, STM32N6570-DK, STM32N657A0H3Q, STM32N657B0H3Q, STM32N657I0H3Q, STM32N657L0H3Q, STM32N657X0H3Q, STM32N657Z0H3Q, STM32U031C6T6, STM32U031C6U6, STM32U031C8T6, STM32U031C8U6, STM32U031F4P6, STM32U031F6P6, STM32U031F8P6, STM32U031G6Y6TR, STM32U031G8Y6TR, STM32U031K4U6, STM32U031K6U6, STM32U031K8U6, STM32U031R6I6, STM32U031R6T6, STM32U031R8I6, STM32U031R8T6, STM32U073C8T6, STM32U073C8U6, STM32U073CBT6, STM32U073CBU6, STM32U073CCT6, STM32U073CCU6, STM32U073H8Y6TR, STM32U073HBY6TR, STM32U073HCY6TR, STM32U073K8U6, STM32U073KBU6, STM32U073KCU6, STM32U073M8I6, STM32U073M8T6, STM32U073MBI6, STM32U073MBT6, STM32U073MCI6, STM32U073MCT6, STM32U073R8I6, STM32U073R8T6, STM32U073RBI6, STM32U073RBT6, STM32U073RCI6, STM32U073RCT6, STM32U083C-DK, STM32U083CCT6, STM32U083CCU6, STM32U083HCY6TR, STM32U083KCU6, STM32U083MCI6, STM32U083MCT6, STM32U083RCI6, STM32U083RCT6, STM32U375CET6, STM32U375CET6Q, STM32U375CEU6, STM32U375CEU6Q, STM32U375CEY6QTR, STM32U375CGT6, STM32U375CGT6Q, STM32U375CGU6, STM32U375CGU6Q, STM32U375CGY6QTR, STM32U375KEU6, STM32U375KGU6, STM32U375REI6, STM32U375REI6Q, STM32U375RET6, STM32U375RET6Q, STM32U375REY6GTR, STM32U375REY6QTR, STM32U375RGI6, STM32U375RGI6Q, STM32U375RGT6, STM32U375RGT6Q, STM32U375RGY6GTR, STM32U375RGY6QTR, STM32U375VEI6, STM32U375VEI6Q, STM32U375VET6, STM32U375VET6Q, STM32U375VGI6, STM32U375VGI6Q, STM32U375VGT6, STM32U375VGT6Q, STM32U385CGT6, STM32U385CGT6Q, STM32U385CGU6, STM32U385CGU6Q, STM32U385CGY6QTR, STM32U385KGU6, STM32U385RGI6, STM32U385RGI6Q, STM32U385RGT6, STM32U385RGT6Q, STM32U385RGY6GTR, STM32U385RGY6QTR, STM32U385VGI6, STM32U385VGI6Q, STM32U385VGT6, STM32U385VGT6Q, STM32U535CBT6, STM32U535CBT6Q, STM32U535CBU6, STM32U535CBU6Q, STM32U535CCT6, STM32U535CCT6Q, STM32U535CCU6, STM32U535CCU6Q, STM32U535CET6, STM32U535CET6Q, STM32U535CEU6, STM32U535CEU6Q, STM32U535JEY6QTR, STM32U535NCY6QTR, STM32U535NEY6QTR, STM32U535RBI6, STM32U535RBI6Q, STM32U535RBT6, STM32U535RBT6Q, STM32U535RCI6, STM32U535RCI6Q, STM32U535RCT6, STM32U535RCT6Q, STM32U535REI6, STM32U535REI6Q, STM32U535RET6, STM32U535RET6Q, STM32U535VCI6, STM32U535VCI6Q, STM32U535VCT6, STM32U535VCT6Q, STM32U535VEI6, STM32U535VEI6Q, STM32U535VET6, STM32U535VET6Q, STM32U545CET6, STM32U545CET6Q, STM32U545CEU6, STM32U545CEU6Q, STM32U545JEY6QTR, STM32U545NEY6QTR, STM32U545REI6, STM32U545REI6Q, STM32U545RET6, STM32U545RET6Q, STM32U545VEI6, STM32U545VEI6Q, STM32U545VET6, STM32U545VET6Q, STM32U595AIH6, STM32U595AIH6Q, STM32U595AJH6, STM32U595AJH6Q, STM32U595QII6, STM32U595QII6Q, STM32U595QJI6, STM32U595QJI6Q, STM32U595RIT6, STM32U595RIT6Q, STM32U595RJT6, STM32U595RJT6Q, STM32U595VIT6, STM32U595VIT6Q, STM32U595VJT6, STM32U595VJT6Q, STM32U595ZIT6, STM32U595ZIT6Q, STM32U595ZIY6QTR, STM32U595ZJT6, STM32U595ZJT6Q, STM32U595ZJY6QTR, STM32U599BJY6QTR, STM32U599NIH6Q, STM32U599NJH6Q, STM32U599VIT6Q, STM32U599VJT6, STM32U599VJT6Q, STM32U599ZIT6Q, STM32U599ZIY6QTR, STM32U599ZJT6Q, STM32U599ZJY6QTR, STM32U5A5AJH6, STM32U5A5AJH6Q, STM32U5A5QII3Q , STM32U5A5QJI6, STM32U5A5QJI6Q, STM32U5A5RJT6, STM32U5A5RJT6Q, STM32U5A5VJT6, STM32U5A5VJT6Q, STM32U5A5ZJT6, STM32U5A5ZJT6Q, STM32U5A5ZJY6QTR, STM32U5A9BJY6QTR, STM32U5A9J-DK, STM32U5A9NJH6Q, STM32U5A9VJT6Q, STM32U5A9ZJT6Q, STM32U5A9ZJY6QTR, STM32U5F7VIT6, STM32U5F7VIT6Q, STM32U5F7VJT6, STM32U5F7VJT6Q, STM32U5F9BJY6QTR, STM32U5F9NJH6Q, STM32U5F9VIT6Q, STM32U5F9VJT6Q, STM32U5F9ZIJ6QTR, STM32U5F9ZIT6Q, STM32U5F9ZJJ6QTR, STM32U5F9ZJT6Q, STM32U5G7VJT6, STM32U5G7VJT6Q, STM32U5G9BJY6QTR, STM32U5G9J-DK1, STM32U5G9J-DK2, STM32U5G9NJH6Q, STM32U5G9VJT6Q, STM32U5G9ZJJ6QTR, STM32U5G9ZJT6Q, STM32WB05KZV6TR, STM32WB05KZV7TR, STM32WB05TZF6TR, STM32WB05TZF7TR, STM32WB06CCF6TR, STM32WB06CCF7TR, STM32WB06CCV6TR, STM32WB06CCV7TR, STM32WB06KCV6TR, STM32WB06KCV7TR, STM32WB07CCF6TR, STM32WB07CCF7TR, STM32WB07CCV6TR, STM32WB07CCV7TR, STM32WB07KCV6TR, STM32WB07KCV7TR, STM32WB09KEV6TR, STM32WB09KEV7TR, STM32WB09TEF6TR, STM32WB09TEF7TR, STM32WB1MMCH6, STM32WBA50KGU6, STM32WBA50KGU6TR, STM32WBA52CEU6, STM32WBA52CEU6TR, STM32WBA52CEU7, STM32WBA52CEU7TR, STM32WBA52CGU6, STM32WBA52CGU6TR, STM32WBA52CGU6U, STM32WBA52CGU7, STM32WBA52CGU7TR, STM32WBA52KEU6, STM32WBA52KEU6TR, STM32WBA52KGU6, STM32WBA52KGU6TR, STM32WBA54CEU6, STM32WBA54CEU6TR, STM32WBA54CEU7, STM32WBA54CEU7TR, STM32WBA54CGU6, STM32WBA54CGU6TR, STM32WBA54CGU7, STM32WBA54CGU7TR, STM32WBA54KEU6, STM32WBA54KEU6TR, STM32WBA54KEU7, STM32WBA54KEU7TR, STM32WBA54KGU6, STM32WBA54KGU6TR, STM32WBA54KGU7, STM32WBA54KGU7TR, STM32WBA55CEU6, STM32WBA55CEU6TR, STM32WBA55CEU7, STM32WBA55CEU7TR, STM32WBA55CGU6, STM32WBA55CGU6TR, STM32WBA55CGU6U, STM32WBA55CGU7, STM32WBA55CGU7TR, STM32WBA55G-DK1, STM32WBA55HEF6, STM32WBA55HEF7, STM32WBA55HGF6, STM32WBA55HGF7, STM32WBA55UEI6, STM32WBA55UEI6TR, STM32WBA55UEI7, STM32WBA55UEI7TR, STM32WBA55UGI6, STM32WBA55UGI6TR, STM32WBA55UGI7, STM32WBA55UGI7TR, STM32WBA5MMGH6TR, STM32WBA62MGF6, STM32WBA62MIF6, STM32WBA65MGF7, STM32WBA65MIF6, STM32WBA65MIF7, STM32WL30K8V6, STM32WL30KBV6, STM32WL31C8V6, STM32WL31CBV6, STM32WL31K8V6, STM32WL31KBV6, STM32WL33C8V6, STM32WL33C8V6X, STM32WL33CBV6, STM32WL33CBV6X, STM32WL33CCV6, STM32WL33CCV6A, STM32WL33CCV6X, STM32WL33K8V7, STM32WL33K8V7X, STM32WL33KBV7 , STM32WL33KBV7X, STM32WL33KCV7, STM32WL33KCV7X, STM32WL5MOCH6, STM32WL5MOCH6TR]
2025-07-25 09:20:18,314 [INFO] DbMcus:218 - Found 4801 MCUs, 4801 are supported
2025-07-25 09:20:18,315 [INFO] ApiDb:423 - Load user favorites file C:\Users\Chinnapop/.stm32cubeide/favorites.mcus.txt: 0 item(s)
2025-07-25 09:20:18,315 [INFO] ApiDb:427 - User favorites MCUs=[]
2025-07-25 09:20:18,315 [INFO] DbMcus:224 - Set 0 / 0 favorites MCUs
2025-07-25 09:20:18,749 [INFO] ApiDb:423 - Load user favorites file C:\Users\Chinnapop/.stm32cubeide/favorites.boards.txt: 0 item(s)
2025-07-25 09:20:18,749 [INFO] ApiDb:427 - User favorites Boards=[]
2025-07-25 09:20:18,750 [INFO] DbBoards:198 - Set 0 / 0 favorites Boards
2025-07-25 09:20:18,791 [INFO] UtilMem:75 - End LoadConfig() Used Memory: 327843624 Bytes (392167424)
2025-07-25 09:20:18,900 [WARN] ThirdParty:833 - waiting for thirdparty lock release [change project]
2025-07-25 09:20:18,900 [INFO] ThirdParty:835 - entering critical section [change project]
2025-07-25 09:20:18,900 [INFO] ThirdParty:1030 - CMSIS Pack Vendor :STMicroelectronics X-CUBE-PM33A1 1.0.0
2025-07-25 09:20:18,900 [INFO] ThirdParty:1030 - CMSIS Pack Vendor :STMicroelectronics USBPD 4.1
2025-07-25 09:20:18,900 [INFO] ThirdParty:1030 - CMSIS Pack Vendor :STMicroelectronics USB_HOST 2.0.0
2025-07-25 09:20:18,900 [INFO] ThirdParty:1030 - CMSIS Pack Vendor :STMicroelectronics FP-SNS-MOTENVWB1 1.4.0
2025-07-25 09:20:18,900 [INFO] ThirdParty:1030 - CMSIS Pack Vendor :STMicroelectronics X-CUBE-AZRTOS-F4 1.1.0
2025-07-25 09:20:18,900 [INFO] ThirdParty:1030 - CMSIS Pack Vendor :STMicroelectronics LIBJPEG 8.0.0
2025-07-25 09:20:18,900 [INFO] ThirdParty:1030 - CMSIS Pack Vendor :STMicroelectronics FP-ATR-ASTRA1 2.0.2
2025-07-25 09:20:18,900 [INFO] ThirdParty:1030 - CMSIS Pack Vendor :STMicroelectronics FP-ATR-ASTRA1 2.0.1
2025-07-25 09:20:18,900 [INFO] ThirdParty:1030 - CMSIS Pack Vendor :Avnet-IotConnect X-CUBE-IoTC-DA16k-PMOD 1.0.0
2025-07-25 09:20:18,900 [INFO] ThirdParty:1030 - CMSIS Pack Vendor :STMicroelectronics X-CUBE-SMBUS 2.1.0
2025-07-25 09:20:18,900 [INFO] ThirdParty:1030 - CMSIS Pack Vendor :STMicroelectronics X-CUBE-WB05N 1.1.0
2025-07-25 09:20:18,900 [INFO] ThirdParty:1030 - CMSIS Pack Vendor :STMicroelectronics X-CUBE-ISPU 2.1.0
2025-07-25 09:20:18,900 [INFO] ThirdParty:1030 - CMSIS Pack Vendor :STMicroelectronics X-CUBE-FREERTOS 1.2.0
2025-07-25 09:20:18,900 [INFO] ThirdParty:1030 - CMSIS Pack Vendor :STMicroelectronics X-CUBE-ST60 1.0.0
2025-07-25 09:20:18,900 [INFO] ThirdParty:1030 - CMSIS Pack Vendor :STMicroelectronics X-CUBE-NFC12 1.0.0
2025-07-25 09:20:18,900 [INFO] ThirdParty:1030 - CMSIS Pack Vendor :STMicroelectronics X-CUBE-AZRTOS-F7 1.1.0
2025-07-25 09:20:18,900 [INFO] ThirdParty:1030 - CMSIS Pack Vendor :STMicroelectronics X-CUBE-AZRTOS-L5 2.0.0
2025-07-25 09:20:18,900 [INFO] ThirdParty:1030 - CMSIS Pack Vendor :STMicroelectronics USB_DEVICE 2.0.0
2025-07-25 09:20:18,900 [INFO] ThirdParty:1030 - CMSIS Pack Vendor :STMicroelectronics X-CUBE-NFC6 3.1.0
2025-07-25 09:20:18,900 [INFO] ThirdParty:1030 - CMSIS Pack Vendor :STMicroelectronics X-CUBE-MEMS1 11.0.0
2025-07-25 09:20:18,901 [INFO] ThirdParty:1030 - CMSIS Pack Vendor :STMicroelectronics FreeRTOS 0.0.1
2025-07-25 09:20:18,901 [INFO] ThirdParty:1030 - CMSIS Pack Vendor :STMicroelectronics X-CUBE-DPower 1.2.0
2025-07-25 09:20:18,901 [INFO] ThirdParty:1030 - CMSIS Pack Vendor :STMicroelectronics FP-SNS-FLIGHT1 5.0.2
2025-07-25 09:20:18,901 [INFO] ThirdParty:1030 - CMSIS Pack Vendor :STMicroelectronics PDM2PCM 3.3.0
2025-07-25 09:20:18,901 [INFO] ThirdParty:1030 - CMSIS Pack Vendor :STMicroelectronics X-CUBE-AZRTOS-H7 3.4.0
2025-07-25 09:20:18,901 [INFO] ThirdParty:1030 - CMSIS Pack Vendor :STMicroelectronics X-CUBE-DISPLAY 3.0.0
2025-07-25 09:20:18,901 [INFO] ThirdParty:1030 - CMSIS Pack Vendor :STMicroelectronics X-CUBE-BLE1 7.0.0
2025-07-25 09:20:18,901 [INFO] ThirdParty:1030 - CMSIS Pack Vendor :STMicroelectronics X-CUBE-NFC10 1.0.0
2025-07-25 09:20:18,901 [INFO] ThirdParty:1030 - CMSIS Pack Vendor :STMicroelectronics X-CUBE-BLEMGR 4.0.0
2025-07-25 09:20:18,901 [INFO] ThirdParty:1030 - CMSIS Pack Vendor :STMicroelectronics X-CUBE-FREERTOS 1.3.1
2025-07-25 09:20:18,901 [INFO] ThirdParty:1030 - CMSIS Pack Vendor :STMicroelectronics HAL Drivers 0.0.0
2025-07-25 09:20:18,901 [INFO] ThirdParty:1030 - CMSIS Pack Vendor :emotas I-CUBE-CANOPEN 1.3.0
2025-07-25 09:20:18,901 [INFO] ThirdParty:1030 - CMSIS Pack Vendor :STMicroelectronics X-CUBE-FREERTOS 1.3.0
2025-07-25 09:20:18,901 [INFO] ThirdParty:1030 - CMSIS Pack Vendor :STMicroelectronics X-CUBE-NFC7 1.0.1
2025-07-25 09:20:18,901 [INFO] ThirdParty:1030 - CMSIS Pack Vendor :STMicroelectronics MBEDTLS 2.14.1
2025-07-25 09:20:18,901 [INFO] ThirdParty:1030 - CMSIS Pack Vendor :STMicroelectronics X-CUBE-BLEMGR 3.1.0
2025-07-25 09:20:18,901 [INFO] ThirdParty:1030 - CMSIS Pack Vendor :STMicroelectronics X-CUBE-AI 10.0.0
2025-07-25 09:20:18,901 [INFO] ThirdParty:1030 - CMSIS Pack Vendor :STMicroelectronics FP-SNS-STAIOTCFT 1.0.0
2025-07-25 09:20:18,901 [INFO] ThirdParty:1030 - CMSIS Pack Vendor :STMicroelectronics FP-SNS-SMARTAG2 1.2.0
2025-07-25 09:20:18,901 [INFO] ThirdParty:1030 - CMSIS Pack Vendor :STMicroelectronics FP-SNS-FLIGHT1 5.1.0
2025-07-25 09:20:18,901 [INFO] ThirdParty:1030 - CMSIS Pack Vendor :STMicroelectronics X-CUBE-MEMS1 11.1.0
2025-07-25 09:20:18,901 [INFO] ThirdParty:1030 - CMSIS Pack Vendor :STMicroelectronics X-CUBE-AZRTOS-WL 2.0.0
2025-07-25 09:20:18,901 [INFO] ThirdParty:1030 - CMSIS Pack Vendor :STMicroelectronics X-CUBE-DPower 1.3.0
2025-07-25 09:20:18,901 [INFO] ThirdParty:1030 - CMSIS Pack Vendor :STMicroelectronics FP-SNS-MOTENV1 5.0.0
2025-07-25 09:20:18,901 [INFO] ThirdParty:1030 - CMSIS Pack Vendor :STMicroelectronics USB_DEVICE 1.0.0
2025-07-25 09:20:18,901 [INFO] ThirdParty:1030 - CMSIS Pack Vendor :wolfSSL I-CUBE-wolfMQTT 1.19.0
2025-07-25 09:20:18,901 [INFO] ThirdParty:1030 - CMSIS Pack Vendor :STMicroelectronics X-CUBE-AZRTOS-L4 2.0.0
2025-07-25 09:20:18,901 [INFO] ThirdParty:1030 - CMSIS Pack Vendor :STMicroelectronics ThreadX 0.0.2
2025-07-25 09:20:18,901 [INFO] ThirdParty:1030 - CMSIS Pack Vendor :WES I-CUBE-Cesium 1.3.0
2025-07-25 09:20:18,901 [INFO] ThirdParty:1030 - CMSIS Pack Vendor :STMicroelectronics lwIP 2.1.2
2025-07-25 09:20:18,901 [INFO] ThirdParty:1030 - CMSIS Pack Vendor :STMicroelectronics X-CUBE-SFXS2LP1 4.0.0
2025-07-25 09:20:18,901 [INFO] ThirdParty:1030 - CMSIS Pack Vendor :STMicroelectronics X-CUBE-BLE2 3.3.0
2025-07-25 09:20:18,901 [INFO] ThirdParty:1030 - CMSIS Pack Vendor :STMicroelectronics PDM2PCM 3.2.0
2025-07-25 09:20:18,901 [INFO] ThirdParty:1030 - CMSIS Pack Vendor :STMicroelectronics X-CUBE-AZRTOS-H7 3.3.0
2025-07-25 09:20:18,901 [INFO] ThirdParty:1030 - CMSIS Pack Vendor :STMicroelectronics X-CUBE-NFC9 1.0.0
2025-07-25 09:20:18,901 [INFO] ThirdParty:1030 - CMSIS Pack Vendor :STMicroelectronics X-CUBE-BLE1 7.1.0
2025-07-25 09:20:18,901 [INFO] ThirdParty:1030 - CMSIS Pack Vendor :STMicroelectronics USB_DEVICE 3.0.0
2025-07-25 09:20:18,901 [INFO] ThirdParty:1030 - CMSIS Pack Vendor :STMicroelectronics X-CUBE-TCPP 4.1.0
2025-07-25 09:20:18,901 [INFO] ThirdParty:1030 - CMSIS Pack Vendor :STMicroelectronics X-CUBE-EEPRMA1 5.2.0
2025-07-25 09:20:18,901 [INFO] ThirdParty:1030 - CMSIS Pack Vendor :STMicroelectronics X-CUBE-BLEMGR 4.1.0
2025-07-25 09:20:18,902 [INFO] ThirdParty:1030 - CMSIS Pack Vendor :STMicroelectronics X-CUBE-IPS 3.0.0
2025-07-25 09:20:18,902 [INFO] ThirdParty:1030 - CMSIS Pack Vendor :STMicroelectronics X-CUBE-AZRTOS-WB 2.0.0
2025-07-25 09:20:18,902 [INFO] ThirdParty:1030 - CMSIS Pack Vendor :STMicroelectronics X-CUBE-GNSS1 7.0.0
2025-07-25 09:20:18,902 [INFO] ThirdParty:1030 - CMSIS Pack Vendor :STMicroelectronics X-CUBE-GNSS1 7.0.1
2025-07-25 09:20:18,902 [INFO] ThirdParty:1030 - CMSIS Pack Vendor :STMicroelectronics X-CUBE-TOUCHGFX 4.25.0
2025-07-25 09:20:18,902 [INFO] ThirdParty:1030 - CMSIS Pack Vendor :STMicroelectronics X-CUBE-AI 10.1.0
2025-07-25 09:20:18,902 [INFO] ThirdParty:1030 - CMSIS Pack Vendor :STMicroelectronics FP-SNS-STBOX1 2.0.0
2025-07-25 09:20:18,902 [INFO] ThirdParty:1030 - CMSIS Pack Vendor :STMicroelectronics X-CUBE-MEMS1 11.2.0
2025-07-25 09:20:18,902 [INFO] ThirdParty:1030 - CMSIS Pack Vendor :STMicroelectronics X-CUBE-AZRTOS-G0 1.1.0
2025-07-25 09:20:18,902 [INFO] ThirdParty:1030 - CMSIS Pack Vendor :STMicroelectronics X-CUBE-SAFEA1 1.2.2
2025-07-25 09:20:18,902 [INFO] ThirdParty:1030 - CMSIS Pack Vendor :STMicroelectronics X-CUBE-NFC4 3.0.0
2025-07-25 09:20:18,902 [INFO] ThirdParty:1030 - CMSIS Pack Vendor :STMicroelectronics X-CUBE-SUBG2 5.0.0
2025-07-25 09:20:18,902 [INFO] ThirdParty:1030 - CMSIS Pack Vendor :STMicroelectronics X-CUBE-AZRTOS-H7RS 1.1.0
2025-07-25 09:20:18,902 [INFO] ThirdParty:1030 - CMSIS Pack Vendor :STMicroelectronics STM32_WPAN 1.0.0
2025-07-25 09:20:18,902 [INFO] ThirdParty:1030 - CMSIS Pack Vendor :EmbeddedOffice I-CUBE-FS-RTOS 1.0.1
2025-07-25 09:20:18,902 [INFO] ThirdParty:1030 - CMSIS Pack Vendor :STMicroelectronics lwIP 2.0.3
2025-07-25 09:20:18,902 [INFO] ThirdParty:1030 - CMSIS Pack Vendor :Cesanta I-CUBE-Mongoose 7.13.0
2025-07-25 09:20:18,902 [INFO] ThirdParty:1030 - CMSIS Pack Vendor :STMicroelectronics USB_HOST 1.0.0
2025-07-25 09:20:18,902 [INFO] ThirdParty:1030 - CMSIS Pack Vendor :STMicroelectronics X-CUBE-AZRTOS-G4 2.0.0
2025-07-25 09:20:18,903 [INFO] ThirdParty:1030 - CMSIS Pack Vendor :STMicroelectronics X-CUBE-WB05N 2.0.0
2025-07-25 09:20:18,903 [INFO] ThirdParty:1030 - CMSIS Pack Vendor :STMicroelectronics PDM2PCM 3.1.0
2025-07-25 09:20:18,903 [INFO] ThirdParty:1030 - CMSIS Pack Vendor :STMicroelectronics X-CUBE-NFC7 2.0.0
2025-07-25 09:20:18,903 [INFO] ThirdParty:1030 - CMSIS Pack Vendor :STMicroelectronics X-CUBE-TCPP 4.2.0
2025-07-25 09:20:18,903 [INFO] ThirdParty:1030 - CMSIS Pack Vendor :RealThread X-CUBE-RT-Thread_Nano 4.1.1
2025-07-25 09:20:18,903 [INFO] ThirdParty:1030 - CMSIS Pack Vendor :STMicroelectronics FP-ATR-SIGFOX1 3.2.0
2025-07-25 09:20:18,903 [INFO] ThirdParty:1030 - CMSIS Pack Vendor :quantropi X-CUBE-qispace-sdk-base 1.9.3
2025-07-25 09:20:18,903 [INFO] ThirdParty:1030 - CMSIS Pack Vendor :STMicroelectronics X-CUBE-EEPRMA1 5.1.0
2025-07-25 09:20:18,903 [INFO] ThirdParty:1030 - CMSIS Pack Vendor :STMicroelectronics MBEDTLS 2.16.2
2025-07-25 09:20:18,903 [INFO] ThirdParty:1030 - CMSIS Pack Vendor :STMicroelectronics X-CUBE-IPS 3.1.0
2025-07-25 09:20:18,903 [INFO] ThirdParty:1030 - CMSIS Pack Vendor :STMicroelectronics X-CUBE-ALS 1.0.2
2025-07-25 09:20:18,903 [INFO] ThirdParty:1030 - CMSIS Pack Vendor :wolfSSL I-CUBE-wolfSSL 5.7.4
2025-07-25 09:20:18,903 [INFO] ThirdParty:1030 - CMSIS Pack Vendor :ITTIA_DB I-CUBE-ITTIADB 8.9.0
2025-07-25 09:20:18,903 [INFO] ThirdParty:1030 - CMSIS Pack Vendor :STMicroelectronics X-CUBE-TOUCHGFX 4.24.2
2025-07-25 09:20:18,903 [INFO] ThirdParty:1030 - CMSIS Pack Vendor :STMicroelectronics X-CUBE-TOUCHGFX 4.24.1
2025-07-25 09:20:18,903 [INFO] ThirdParty:1030 - CMSIS Pack Vendor :wolfSSL I-CUBE-wolfTPM 3.4.0
2025-07-25 09:20:18,903 [INFO] ThirdParty:1030 - CMSIS Pack Vendor :portGmbH I-Cube-SoM-uGOAL 1.1.0
2025-07-25 09:20:18,904 [INFO] ThirdParty:1030 - CMSIS Pack Vendor :STMicroelectronics X-CUBE-ST67W61 1.0.0
2025-07-25 09:20:18,904 [INFO] ThirdParty:1030 - CMSIS Pack Vendor :STMicroelectronics ThreadX 1.0.0
2025-07-25 09:20:18,904 [INFO] ThirdParty:1030 - CMSIS Pack Vendor :SEGGER I-CUBE-embOS 1.3.1
2025-07-25 09:20:18,904 [INFO] ThirdParty:1030 - CMSIS Pack Vendor :STMicroelectronics X-CUBE-ALGOBUILD 1.4.0
2025-07-25 09:20:18,904 [INFO] ThirdParty:1030 - CMSIS Pack Vendor :STMicroelectronics X-CUBE-MEMS1 11.3.0
2025-07-25 09:20:18,904 [INFO] ThirdParty:1030 - CMSIS Pack Vendor :STMicroelectronics X-CUBE-AZRTOS-H7RS 1.0.0
2025-07-25 09:20:18,904 [INFO] ThirdParty:1030 - CMSIS Pack Vendor :STMicroelectronics FP-ATR-ASTRA1 2.0.0
2025-07-25 09:20:18,904 [INFO] ThirdParty:1030 - CMSIS Pack Vendor :STMicroelectronics X-CUBE-TOF1 3.4.2
2025-07-25 09:20:18,904 [INFO] ThirdParty:1030 - CMSIS Pack Vendor :STMicroelectronics X-CUBE-TOF1 3.4.3
2025-07-25 09:20:18,904 [INFO] ThirdParty:1030 - CMSIS Pack Vendor :STMicroelectronics X-CUBE-AI 9.1.0
2025-07-25 09:20:18,904 [INFO] ThirdParty:1030 - CMSIS Pack Vendor :Infineon AIROC-Wi-Fi-Bluetooth-STM32 1.6.1
2025-07-25 09:20:18,904 [INFO] ThirdParty:1030 - CMSIS Pack Vendor :wolfSSL I-CUBE-wolfSSH 1.4.17
2025-07-25 09:20:18,905 [INFO] ThirdParty:841 - exiting critical section [change project]
2025-07-25 09:20:19,643 [INFO] PinOutPanel:1589 - setPackage(No Configuration,No Configuration)
2025-07-25 09:20:19,646 [INFO] PinOutPanel:1589 - setPackage(STM32F767ZITx,LQFP144)
2025-07-25 09:20:21,036 [INFO] UtilMem:75 - Before build in PCC Used Memory: 309385448 Bytes (416284672)
2025-07-25 09:20:22,334 [INFO] UtilMem:75 - After build in PCC Used Memory: 378065128 Bytes (416284672)
2025-07-25 09:20:22,386 [INFO] IPUIPlugin:80 - create IPUIPlugin
2025-07-25 09:20:22,386 [INFO] IPUIPlugin:80 - create IPUIPlugin
2025-07-25 09:20:22,386 [INFO] IPUIPlugin:80 - create IPUIPlugin
2025-07-25 09:20:22,386 [INFO] IPUIPlugin:80 - create IPUIPlugin
2025-07-25 09:20:22,386 [INFO] IPUIPlugin:80 - create IPUIPlugin
2025-07-25 09:20:22,386 [INFO] IPUIPlugin:80 - create IPUIPlugin
2025-07-25 09:20:22,386 [INFO] IPUIPlugin:80 - create IPUIPlugin
2025-07-25 09:20:22,386 [INFO] IPUIPlugin:80 - create IPUIPlugin
2025-07-25 09:20:22,386 [INFO] IPUIPlugin:80 - create IPUIPlugin
2025-07-25 09:20:22,386 [INFO] IPUIPlugin:80 - create IPUIPlugin
2025-07-25 09:20:22,386 [INFO] IPUIPlugin:80 - create IPUIPlugin
2025-07-25 09:20:22,386 [INFO] IPUIPlugin:80 - create IPUIPlugin
2025-07-25 09:20:22,387 [INFO] IPUIPlugin:80 - create IPUIPlugin
2025-07-25 09:20:22,387 [INFO] IPUIPlugin:80 - create IPUIPlugin
2025-07-25 09:20:22,387 [INFO] IPUIPlugin:80 - create IPUIPlugin
2025-07-25 09:20:22,387 [INFO] IPUIPlugin:80 - create IPUIPlugin
2025-07-25 09:20:22,387 [INFO] IPUIPlugin:80 - create IPUIPlugin
2025-07-25 09:20:22,387 [INFO] IPUIPlugin:80 - create IPUIPlugin
2025-07-25 09:20:22,387 [INFO] IPUIPlugin:80 - create IPUIPlugin
2025-07-25 09:20:22,387 [INFO] IPUIPlugin:80 - create IPUIPlugin
2025-07-25 09:20:22,387 [INFO] IPUIPlugin:80 - create IPUIPlugin
2025-07-25 09:20:22,387 [INFO] IPUIPlugin:80 - create IPUIPlugin
2025-07-25 09:20:22,387 [INFO] IPUIPlugin:80 - create IPUIPlugin
2025-07-25 09:20:22,387 [INFO] IPUIPlugin:80 - create IPUIPlugin
2025-07-25 09:20:22,387 [INFO] IPUIPlugin:80 - create IPUIPlugin
2025-07-25 09:20:22,387 [INFO] IPUIPlugin:80 - create IPUIPlugin
2025-07-25 09:20:22,387 [INFO] IPUIPlugin:80 - create IPUIPlugin
2025-07-25 09:20:22,387 [INFO] IPUIPlugin:80 - create IPUIPlugin
2025-07-25 09:20:22,388 [INFO] IPUIPlugin:80 - create IPUIPlugin
2025-07-25 09:20:22,388 [INFO] IPUIPlugin:80 - create IPUIPlugin
2025-07-25 09:20:22,388 [INFO] IPUIPlugin:80 - create IPUIPlugin
2025-07-25 09:20:22,388 [INFO] IPUIPlugin:80 - create IPUIPlugin
2025-07-25 09:20:22,388 [INFO] IPUIPlugin:80 - create IPUIPlugin
2025-07-25 09:20:22,389 [INFO] IPUIPlugin:80 - create IPUIPlugin
2025-07-25 09:20:22,390 [INFO] IPUIPlugin:80 - create IPUIPlugin
2025-07-25 09:20:22,390 [INFO] IPUIPlugin:80 - create IPUIPlugin
2025-07-25 09:20:22,391 [INFO] IPUIPlugin:80 - create IPUIPlugin
2025-07-25 09:20:22,391 [INFO] IPUIPlugin:80 - create IPUIPlugin
2025-07-25 09:20:22,391 [INFO] IPUIPlugin:80 - create IPUIPlugin
2025-07-25 09:20:22,392 [INFO] IPUIPlugin:80 - create IPUIPlugin
2025-07-25 09:20:22,392 [INFO] IPUIPlugin:80 - create IPUIPlugin
2025-07-25 09:20:22,392 [INFO] IPUIPlugin:80 - create IPUIPlugin
2025-07-25 09:20:22,392 [INFO] IPUIPlugin:80 - create IPUIPlugin
2025-07-25 09:20:22,392 [INFO] IPUIPlugin:80 - create IPUIPlugin
2025-07-25 09:20:22,392 [INFO] IPUIPlugin:80 - create IPUIPlugin
2025-07-25 09:20:22,393 [INFO] IPUIPlugin:80 - create IPUIPlugin
2025-07-25 09:20:22,393 [INFO] IPUIPlugin:80 - create IPUIPlugin
2025-07-25 09:20:22,393 [INFO] IPUIPlugin:80 - create IPUIPlugin
2025-07-25 09:20:22,393 [INFO] IPUIPlugin:80 - create IPUIPlugin
2025-07-25 09:20:22,393 [INFO] IPUIPlugin:80 - create IPUIPlugin
2025-07-25 09:20:22,393 [INFO] IPUIPlugin:80 - create IPUIPlugin
2025-07-25 09:20:22,394 [INFO] IPUIPlugin:80 - create IPUIPlugin
2025-07-25 09:20:22,394 [INFO] IPUIPlugin:80 - create IPUIPlugin
2025-07-25 09:20:22,394 [INFO] IPUIPlugin:80 - create IPUIPlugin
2025-07-25 09:20:22,394 [INFO] IPUIPlugin:80 - create IPUIPlugin
2025-07-25 09:20:22,394 [INFO] IPUIPlugin:80 - create IPUIPlugin
2025-07-25 09:20:22,394 [INFO] IPUIPlugin:80 - create IPUIPlugin
2025-07-25 09:20:22,395 [INFO] IPUIPlugin:80 - create IPUIPlugin
2025-07-25 09:20:22,395 [INFO] IPUIPlugin:80 - create IPUIPlugin
2025-07-25 09:20:22,395 [INFO] IPUIPlugin:80 - create IPUIPlugin
2025-07-25 09:20:22,395 [INFO] IPUIPlugin:80 - create IPUIPlugin
2025-07-25 09:20:22,395 [INFO] IPUIPlugin:80 - create IPUIPlugin
2025-07-25 09:20:22,395 [INFO] IPUIPlugin:80 - create IPUIPlugin
2025-07-25 09:20:22,395 [INFO] IPUIPlugin:80 - create IPUIPlugin
2025-07-25 09:20:22,395 [INFO] IPUIPlugin:80 - create IPUIPlugin
2025-07-25 09:20:22,397 [INFO] IPUIPlugin:80 - create IPUIPlugin
2025-07-25 09:20:22,397 [INFO] IPUIPlugin:80 - create IPUIPlugin
2025-07-25 09:20:22,397 [INFO] IPUIPlugin:80 - create IPUIPlugin
2025-07-25 09:20:22,397 [INFO] IPUIPlugin:80 - create IPUIPlugin
2025-07-25 09:20:22,398 [INFO] IPUIPlugin:80 - create IPUIPlugin
2025-07-25 09:20:22,398 [INFO] IPUIPlugin:80 - create IPUIPlugin
2025-07-25 09:20:22,398 [INFO] IPUIPlugin:80 - create IPUIPlugin
2025-07-25 09:20:22,399 [INFO] IPUIPlugin:80 - create IPUIPlugin
2025-07-25 09:20:22,399 [INFO] IPUIPlugin:80 - create IPUIPlugin
2025-07-25 09:20:22,399 [INFO] IPUIPlugin:80 - create IPUIPlugin
2025-07-25 09:20:22,400 [INFO] IPUIPlugin:80 - create IPUIPlugin
2025-07-25 09:20:22,400 [INFO] IPUIPlugin:80 - create IPUIPlugin
2025-07-25 09:20:22,401 [INFO] IPUIPlugin:80 - create IPUIPlugin
2025-07-25 09:20:22,401 [INFO] IPUIPlugin:80 - create IPUIPlugin
2025-07-25 09:20:22,561 [INFO] ApiDbMcu:532 - Load IP Config File for PDM2PCM
2025-07-25 09:20:22,576 [INFO] Can:71 - Can Add PropertyChangeListener com.st.microxplorer.plugins.ip.can.Can@3172bca3
2025-07-25 09:20:22,578 [INFO] Can:71 - Can Add PropertyChangeListener com.st.microxplorer.plugins.ip.can.Can@7e22311
2025-07-25 09:20:23,114 [INFO] CADModel:165 - CPN selected for project levelSTM32F767ZIT6
2025-07-25 09:20:23,115 [INFO] CADModel:114 - Register for checkConnection events
2025-07-25 09:20:23,190 [INFO] OpenFileManager:386 - Restore cursor
2025-07-25 09:21:11,865 [INFO] UtilMem:75 - End SaveConfig() Used Memory: 551459368 Bytes (879755264)
2025-07-25 09:21:12,799 [INFO] UtilMem:75 - End SaveConfig() Used Memory: 641842952 Bytes (879755264)
2025-07-25 09:21:13,483 [INFO] BlockDiagram:2775 - set Specific Code input for plugin: CAN
2025-07-25 09:21:13,483 [INFO] BlockDiagram:2775 - set Specific Code input for plugin: CAN
2025-07-25 09:21:13,483 [INFO] BlockDiagram:2775 - set Specific Code input for plugin: SYS
2025-07-25 09:21:13,484 [INFO] BlockDiagram:2775 - set Specific Code input for plugin: RCC
2025-07-25 09:21:13,484 [INFO] BlockDiagram:2775 - set Specific Code input for plugin: NVIC
2025-07-25 09:21:13,485 [INFO] BlockDiagram:2775 - set Specific Code input for plugin: GPIO
2025-07-25 09:21:13,488 [INFO] CodeGenerator:892 - code generatio: config db path: C:\ST\STM32CubeIDE_1.16.1\STM32CubeIDE\plugins\com.st.stm32cube.common.mx_6.15.0.202507011659\\db\
2025-07-25 09:21:13,700 [INFO] CodeEngine:265 - oldGeneratedFile, C:\Users\Chinnapop\STM32CubeIDE\workspace\magnetometer_emulator\MXTmpFiles\license.tmp_save
2025-07-25 09:21:14,546 [INFO] CodeEngine:289 - Generated code: C:\Users\Chinnapop\STM32CubeIDE\workspace\magnetometer_emulator\MXTmpFiles\license.tmp
2025-07-25 09:21:14,725 [INFO] CodeEngine:265 - oldGeneratedFile, C:\Users\Chinnapop\STM32CubeIDE\workspace\magnetometer_emulator\MXTmpFiles\gpio.tmp_save
2025-07-25 09:21:14,899 [INFO] CodeEngine:289 - Generated code: C:\Users\Chinnapop\STM32CubeIDE\workspace\magnetometer_emulator\MXTmpFiles\gpio.tmp
2025-07-25 09:21:15,121 [INFO] CodeEngine:265 - oldGeneratedFile, C:\Users\Chinnapop\STM32CubeIDE\workspace\magnetometer_emulator\MXTmpFiles\cortex.tmp_save
2025-07-25 09:21:15,206 [INFO] CodeEngine:289 - Generated code: C:\Users\Chinnapop\STM32CubeIDE\workspace\magnetometer_emulator\MXTmpFiles\cortex.tmp
2025-07-25 09:21:15,230 [INFO] CodeEngine:265 - oldGeneratedFile, C:\Users\Chinnapop\STM32CubeIDE\workspace\magnetometer_emulator\Core\Src\stm32f7xx_it.c_save
2025-07-25 09:21:15,390 [INFO] CodeEngine:289 - Generated code: C:\Users\Chinnapop\STM32CubeIDE\workspace\magnetometer_emulator\Core\Src\stm32f7xx_it.c
2025-07-25 09:21:15,403 [INFO] CodeEngine:265 - oldGeneratedFile, C:\Users\Chinnapop\STM32CubeIDE\workspace\magnetometer_emulator\Core\Inc\stm32f7xx_it.h_save
2025-07-25 09:21:15,533 [INFO] CodeEngine:289 - Generated code: C:\Users\Chinnapop\STM32CubeIDE\workspace\magnetometer_emulator\Core\Inc\stm32f7xx_it.h
2025-07-25 09:21:15,595 [INFO] CodeEngine:265 - oldGeneratedFile, C:\Users\Chinnapop\STM32CubeIDE\workspace\magnetometer_emulator\Core\Src\stm32f7xx_hal_msp.c_save
2025-07-25 09:21:15,995 [INFO] CodeEngine:289 - Generated code: C:\Users\Chinnapop\STM32CubeIDE\workspace\magnetometer_emulator\Core\Src\stm32f7xx_hal_msp.c
2025-07-25 09:21:16,011 [INFO] CodeEngine:265 - oldGeneratedFile, C:\Users\Chinnapop\STM32CubeIDE\workspace\magnetometer_emulator\MXTmpFiles\system.tmp_save
2025-07-25 09:21:16,108 [INFO] CodeEngine:289 - Generated code: C:\Users\Chinnapop\STM32CubeIDE\workspace\magnetometer_emulator\MXTmpFiles\system.tmp
2025-07-25 09:21:16,141 [INFO] CodeEngine:321 - oldGeneratedFile, C:\Users\Chinnapop\STM32CubeIDE\workspace\magnetometer_emulator\Core\Inc\stm32f7xx_hal_conf.h_save
2025-07-25 09:21:16,242 [INFO] CodeEngine:345 - Generated code: C:\Users\Chinnapop\STM32CubeIDE\workspace\magnetometer_emulator\Core\Inc\stm32f7xx_hal_conf.h
2025-07-25 09:21:16,317 [INFO] ApiDbMcu:532 - Load IP Config File for CAN1
2025-07-25 09:21:16,321 [INFO] ApiDbMcu:532 - Load IP Config File for CAN2
2025-07-25 09:21:16,327 [INFO] ApiDbMcu:532 - Load IP Config File for RCC
2025-07-25 09:21:16,347 [INFO] CodeEngine:265 - oldGeneratedFile, C:\Users\Chinnapop\STM32CubeIDE\workspace\magnetometer_emulator\Core\Inc\main.h_save
2025-07-25 09:21:16,468 [INFO] CodeEngine:289 - Generated code: C:\Users\Chinnapop\STM32CubeIDE\workspace\magnetometer_emulator\Core\Inc\main.h
2025-07-25 09:21:16,478 [INFO] CodeEngine:265 - oldGeneratedFile, C:\Users\Chinnapop\STM32CubeIDE\workspace\magnetometer_emulator\Core\Src\main.c_save
2025-07-25 09:21:16,664 [INFO] CodeEngine:289 - Generated code: C:\Users\Chinnapop\STM32CubeIDE\workspace\magnetometer_emulator\Core\Src\main.c
2025-07-25 09:21:17,208 [INFO] ProjectBuilder:3606 - Time for Copy HAL[1] : 298mS.
2025-07-25 09:21:17,223 [INFO] ProjectBuilder:5216 - Project Generator version: 4.7.0-B52
2025-07-25 09:21:17,318 [INFO] ConfigFileManager:1595 - The Die is : DIE451
2025-07-25 09:21:17,334 [INFO] ApiDbMcu:532 - Load IP Config File for FATFS
2025-07-25 09:21:17,340 [INFO] ApiDbMcu:532 - Load IP Config File for FREERTOS
2025-07-25 09:21:17,344 [INFO] ApiDbMcu:532 - Load IP Config File for LIBJPEG
2025-07-25 09:21:17,352 [INFO] ApiDbMcu:532 - Load IP Config File for LWIP
2025-07-25 09:21:17,363 [INFO] ApiDbMcu:532 - Load IP Config File for MBEDTLS
2025-07-25 09:21:17,374 [INFO] ApiDbMcu:532 - Load IP Config File for USB_DEVICE
2025-07-25 09:21:17,378 [INFO] ApiDbMcu:532 - Load IP Config File for USB_HOST
2025-07-25 09:21:17,935 [INFO] LogOutputStream:77 - [STDOUT_REDIRECT] 
2025-07-25 09:21:20,402 [INFO] ProjectBuilder:5496 - Time for Generating toolchain IDE Files: 3178mS.
2025-07-25 09:21:20,404 [INFO] ProjectBuilder:3463 - Time for Copy CMSIS : 2mS.
2025-07-25 09:21:20,411 [INFO] ProjectBuilder:3463 - Time for Copy CMSIS : 0mS.
2025-07-25 09:37:10,523 [INFO] NvicIntPanel:101 - NVIC parent = com.st.microxplorer.plugins.ip.nvic.MultiNvicIntPanel[,0,0,0x0,invalid,layout=javax.swing.BoxLayout,alignmentX=0.0,alignmentY=0.0,border=,flags=9,maximumSize=,minimumSize=,preferredSize=]
2025-07-25 09:37:17,968 [INFO] UtilMem:75 - End SaveConfig() Used Memory: 497938240 Bytes (1073741824)
2025-07-25 09:37:18,576 [INFO] UtilMem:75 - End SaveConfig() Used Memory: 552988480 Bytes (1073741824)
2025-07-25 09:37:18,783 [INFO] BlockDiagram:2775 - set Specific Code input for plugin: CAN
2025-07-25 09:37:18,783 [INFO] BlockDiagram:2775 - set Specific Code input for plugin: SYS
2025-07-25 09:37:18,783 [INFO] BlockDiagram:2775 - set Specific Code input for plugin: RCC
2025-07-25 09:37:18,783 [INFO] BlockDiagram:2775 - set Specific Code input for plugin: NVIC
2025-07-25 09:37:18,784 [INFO] BlockDiagram:2775 - set Specific Code input for plugin: GPIO
2025-07-25 09:37:18,785 [INFO] CodeGenerator:892 - code generatio: config db path: C:\ST\STM32CubeIDE_1.16.1\STM32CubeIDE\plugins\com.st.stm32cube.common.mx_6.15.0.202507011659\\db\
2025-07-25 09:37:18,859 [INFO] CodeEngine:265 - oldGeneratedFile, C:\Users\Chinnapop\STM32CubeIDE\workspace\magnetometer_emulator\MXTmpFiles\license.tmp_save
2025-07-25 09:37:19,143 [INFO] CodeEngine:289 - Generated code: C:\Users\Chinnapop\STM32CubeIDE\workspace\magnetometer_emulator\MXTmpFiles\license.tmp
2025-07-25 09:37:19,172 [INFO] CodeEngine:265 - oldGeneratedFile, C:\Users\Chinnapop\STM32CubeIDE\workspace\magnetometer_emulator\MXTmpFiles\gpio.tmp_save
2025-07-25 09:37:19,367 [INFO] CodeEngine:289 - Generated code: C:\Users\Chinnapop\STM32CubeIDE\workspace\magnetometer_emulator\MXTmpFiles\gpio.tmp
2025-07-25 09:37:19,433 [INFO] CodeEngine:265 - oldGeneratedFile, C:\Users\Chinnapop\STM32CubeIDE\workspace\magnetometer_emulator\MXTmpFiles\cortex.tmp_save
2025-07-25 09:37:19,604 [INFO] CodeEngine:289 - Generated code: C:\Users\Chinnapop\STM32CubeIDE\workspace\magnetometer_emulator\MXTmpFiles\cortex.tmp
2025-07-25 09:37:19,624 [INFO] CodeEngine:265 - oldGeneratedFile, C:\Users\Chinnapop\STM32CubeIDE\workspace\magnetometer_emulator\Core\Src\stm32f7xx_it.c_save
2025-07-25 09:37:19,844 [INFO] CodeEngine:289 - Generated code: C:\Users\Chinnapop\STM32CubeIDE\workspace\magnetometer_emulator\Core\Src\stm32f7xx_it.c
2025-07-25 09:37:19,856 [INFO] CodeEngine:265 - oldGeneratedFile, C:\Users\Chinnapop\STM32CubeIDE\workspace\magnetometer_emulator\Core\Inc\stm32f7xx_it.h_save
2025-07-25 09:37:19,955 [INFO] CodeEngine:289 - Generated code: C:\Users\Chinnapop\STM32CubeIDE\workspace\magnetometer_emulator\Core\Inc\stm32f7xx_it.h
2025-07-25 09:37:19,986 [INFO] CodeEngine:265 - oldGeneratedFile, C:\Users\Chinnapop\STM32CubeIDE\workspace\magnetometer_emulator\Core\Src\stm32f7xx_hal_msp.c_save
2025-07-25 09:37:20,127 [INFO] CodeEngine:289 - Generated code: C:\Users\Chinnapop\STM32CubeIDE\workspace\magnetometer_emulator\Core\Src\stm32f7xx_hal_msp.c
2025-07-25 09:37:20,135 [INFO] CodeEngine:265 - oldGeneratedFile, C:\Users\Chinnapop\STM32CubeIDE\workspace\magnetometer_emulator\MXTmpFiles\system.tmp_save
2025-07-25 09:37:20,205 [INFO] CodeEngine:289 - Generated code: C:\Users\Chinnapop\STM32CubeIDE\workspace\magnetometer_emulator\MXTmpFiles\system.tmp
2025-07-25 09:37:20,228 [INFO] CodeEngine:321 - oldGeneratedFile, C:\Users\Chinnapop\STM32CubeIDE\workspace\magnetometer_emulator\Core\Inc\stm32f7xx_hal_conf.h_save
2025-07-25 09:37:20,312 [INFO] CodeEngine:345 - Generated code: C:\Users\Chinnapop\STM32CubeIDE\workspace\magnetometer_emulator\Core\Inc\stm32f7xx_hal_conf.h
2025-07-25 09:37:20,352 [INFO] CodeEngine:265 - oldGeneratedFile, C:\Users\Chinnapop\STM32CubeIDE\workspace\magnetometer_emulator\Core\Inc\main.h_save
2025-07-25 09:37:20,454 [INFO] CodeEngine:289 - Generated code: C:\Users\Chinnapop\STM32CubeIDE\workspace\magnetometer_emulator\Core\Inc\main.h
2025-07-25 09:37:20,464 [INFO] CodeEngine:265 - oldGeneratedFile, C:\Users\Chinnapop\STM32CubeIDE\workspace\magnetometer_emulator\Core\Src\main.c_save
2025-07-25 09:37:20,589 [INFO] CodeEngine:289 - Generated code: C:\Users\Chinnapop\STM32CubeIDE\workspace\magnetometer_emulator\Core\Src\main.c
2025-07-25 09:37:21,033 [INFO] ProjectBuilder:3606 - Time for Copy HAL[1] : 300mS.
2025-07-25 09:37:21,037 [INFO] ProjectBuilder:5216 - Project Generator version: 4.7.0-B52
2025-07-25 09:37:21,129 [INFO] ConfigFileManager:1595 - The Die is : DIE451
2025-07-25 09:37:22,635 [INFO] ProjectBuilder:5496 - Time for Generating toolchain IDE Files: 1598mS.
2025-07-25 09:37:22,635 [INFO] ProjectBuilder:3463 - Time for Copy CMSIS : 0mS.
2025-07-25 09:37:22,639 [INFO] ProjectBuilder:3463 - Time for Copy CMSIS : 0mS.
2025-07-25 09:43:43,668 [INFO] WebApp:194 - Connection lost
2025-07-25 09:43:43,887 [INFO] WebApp:191 - Connection restablished
2025-07-25 09:47:07,360 [INFO] MainUpdater:2872 - connection check result : 10
2025-07-25 09:47:07,371 [INFO] McuFinderGlobals:76 - Set McuFinderConnectedMode to true
2025-07-25 09:47:07,865 [INFO] ServerAccessManage:452 - Complete download http(s) 200
2025-07-25 09:47:07,867 [INFO] ServerAccessManage:509 - Download File mcusAds.json._tmp_
2025-07-25 09:47:08,012 [INFO] LoadUrlFilesThread:156 - End of LoadUrlFiles Thread
2025-07-25 09:47:08,441 [INFO] ServerAccessManage:452 - Complete download http(s) 200
2025-07-25 09:47:08,442 [INFO] ServerAccessManage:509 - Download File cube-finder-db.zip
2025-07-25 09:47:11,183 [INFO] FileExtend:248 - Unzip File : cube-finder-db.zip
2025-07-25 09:47:11,183 [INFO] FileExtend:263 - Standard Zip Deflate
2025-07-25 09:47:12,288 [INFO] LoadUrlFilesThread:156 - End of LoadUrlFiles Thread
2025-07-25 09:47:13,477 [INFO] ServerAccessManage:452 - Complete download http(s) 200
2025-07-25 09:47:13,478 [INFO] ServerAccessManage:509 - Download File crdb.zip
2025-07-25 09:47:14,735 [INFO] FileExtend:248 - Unzip File : crdb.zip
2025-07-25 09:47:14,735 [INFO] FileExtend:263 - Standard Zip Deflate
2025-07-25 09:47:14,910 [INFO] LoadUrlFilesThread:156 - End of LoadUrlFiles Thread
2025-07-25 09:47:15,085 [INFO] ServerAccessManage:452 - Complete download http(s) 200
2025-07-25 09:47:15,085 [INFO] ServerAccessManage:509 - Download File tutoVideoDB.zip
2025-07-25 09:47:15,095 [INFO] FileExtend:248 - Unzip File : tutoVideoDB.zip
2025-07-25 09:47:15,095 [INFO] FileExtend:263 - Standard Zip Deflate
2025-07-25 09:47:15,243 [INFO] LoadUrlFilesThread:156 - End of LoadUrlFiles Thread
2025-07-25 09:47:15,251 [WARN] DbFile:41 - Overriding database path with different value: C:\Users\Chinnapop\.stmcufinder\plugins\mcufinder/ => C:\Users\Chinnapop\.stmcufinder\plugins\mcufinder
2025-07-25 09:47:15,457 [INFO] ServerAccessManage:452 - Complete download http(s) 200
2025-07-25 09:47:15,457 [INFO] ServerAccessManage:509 - Download File api_config.json
2025-07-25 09:47:15,608 [INFO] LoadUrlFilesThread:156 - End of LoadUrlFiles Thread
2025-07-25 09:47:15,611 [INFO] DbMcusAds:53 - JSON generation date=Tue Jul 08 15:14:23 ICT 2025 (1751962463562)
2025-07-25 09:47:15,618 [INFO] ApiDb:448 - Save user favorites file C:\Users\Chinnapop/.stm32cubeide/favorites.mcus.txt: 0 item(s)
2025-07-25 09:47:15,618 [INFO] ApiDb:452 - User favorites MCUs=[]
2025-07-25 09:47:15,624 [INFO] ApiDb:581 - Connected to CubeFinder SQLite database (C:\Users\Chinnapop\.stmcufinder\plugins\mcufinder\mcu\cube-finder-db.db)
2025-07-25 09:47:15,712 [INFO] ApiDb:668 - CubeFinder database Data Model version=2.1
2025-07-25 09:47:15,712 [INFO] ApiDb:669 - CubeFinder database Configuration version=3.0.39
2025-07-25 09:47:15,712 [INFO] ApiDb:670 - CubeFinder database generation date=2025-07-21 (1753107327)
2025-07-25 09:47:15,712 [INFO] ApiDb:671 - CubeFinder database FW Pack versions=[FP-ATR-ASTRA1_V2.0.0, FP-SNS-FLIGHT1_V5.1.0, FP-SNS-MOTENV1_V5.0.0, FP-SNS-MOTENVWB1_V1.4.0, FP-SNS-SMARTAG2_V1.2.0, FP-SNS-STBOX1_V2.0.0, STM32Cube_FW_C0_V1.4.0, STM32Cube_FW_F4_V1.28.2, STM32Cube_FW_F7_V1.17.3, STM32Cube_FW_G0_V1.6.2, STM32Cube_FW_G4_V1.6.1, STM32Cube_FW_H5_V1.5.0, STM32Cube_FW_H7RS_V1.2.0, STM32Cube_FW_H7_V1.12.1, STM32Cube_FW_L0_V1.12.2, STM32Cube_FW_L4_V1.18.1, STM32Cube_FW_L5_V1.5.1, STM32Cube_FW_N6_V1.2.0, STM32Cube_FW_U0_V1.3.0, STM32Cube_FW_U3_V1.2.0, STM32Cube_FW_U5_V1.8.0, STM32Cube_FW_WB0_V1.3.0, STM32Cube_FW_WBA_V1.7.0, STM32Cube_FW_WB_V1.23.0, STM32Cube_FW_WL3_V1.2.0, STM32Cube_FW_WL_V1.3.1, X-CUBE-ALGOBUILD_V1.4.0, X-CUBE-ALS_V1.0.2, X-CUBE-AZRTOS-F4_V1.1.0, X-CUBE-AZRTOS-F7_V1.1.0, X-CUBE-AZRTOS-G0_V1.1.0, X-CUBE-AZRTOS-G4_V2.0.0, X-CUBE-AZRTOS-H7RS_V1.1.0, X-CUBE-AZRTOS-H7_V3.3.0, X-CUBE-AZRTOS-L4_V2.0.0, X-CUBE-AZRTOS-L5_V2.0.0, X-CUBE-AZRTOS-WB_V2.0.0, X-CUBE-AZRTOS-WL_V2.0.0, X-CUBE-BLE1_V7.1.0, X-CUBE-BLE2_V3.3.0, X-CUBE-BLEMGR_V4.0.0, X-CUBE-EEPRMA1_V5.1.0, X-CUBE-FREERTOS_V1.3.1, X-CUBE-GNSS1_V6.0.0, X-CUBE-MEMS1_V11.3.0, X-CUBE-NFC4_V3.0.0, X-CUBE-NFC7_V2.0.0, X-CUBE-SFXS2LP1_V4.0.0, X-CUBE-SUBG2_V5.0.0, X-CUBE-TOF1_V3.4.3]
2025-07-25 09:47:17,802 [INFO] ApiDb:240 - Found 880 in-development CPN: [B-G473E-ZEST1S, B-WB1M-WPAN1, B-WBA5M-WPAN, B-WL5M-SUBG1, NUCLEO-C031C6, NUCLEO-C051C8, NUCLEO-C071RB, NUCLEO-C092RC, NUCLEO-H503RB, NUCLEO-H533RE, NUCLEO-H563ZI, NUCLEO-H7S3L8, NUCLEO-N657X0-Q, NUCLEO-U031R8, NUCLEO-U083RC, NUCLEO-U385RG-Q, NUCLEO-U545RE-Q, NUCLEO-U5A5ZJ-Q, NUCLEO-WB05KZ, NUCLEO-WB07CC, NUCLEO-WB09KE, NUCLEO-WBA52CG, NUCLEO-WBA55CG, NUCLEO-WL33CC1, NUCLEO-WL33CC2, STEVAL-PROTEUS1, STEVAL-SMARTAG2, STEVAL-STWINBX1, STM320518-EVAL, STM32C0116-DK, STM32C011D6Y3TR, STM32C011D6Y6TR, STM32C011F4P3, STM32C011F4P6, STM32C011F4U3, STM32C011F4U6TR, STM32C011F6P3, STM32C011F6P6, STM32C011F6U3, STM32C011F6U6TR, STM32C011J4M3, STM32C011J4M6, STM32C011J6M3, STM32C011J6M6, STM32C0316-DK, STM32C031C4T3, STM32C031C4T6, STM32C031C4U3, STM32C031C4U6, STM32C031C6T3, STM32C031C6T6, STM32C031C6U3, STM32C031C6U6, STM32C031F4P3, STM32C031F4P6, STM32C031F6P3, STM32C031F6P6, STM32C031G4U3, STM32C031G4U6, STM32C031G6U3, STM32C031G6U6, STM32C031K4T3, STM32C031K4T6, STM32C031K4U3, STM32C031K4U6, STM32C031K6T3, STM32C031K6T6, STM32C031K6U3, STM32C031K6U6, STM32C051C6T6, STM32C051C6U6, STM32C051C8T6, STM32C051C8U6, STM32C051D8Y6TR, STM32C051F6P6, STM32C051F8P6, STM32C051G6U6, STM32C051G8U6, STM32C051K6T6, STM32C051K6U6, STM32C051K8T6, STM32C071C8T6, STM32C071C8T6N, STM32C071C8U6, STM32C071C8U6N, STM32C071CBT6, STM32C071CBT6N, STM32C071CBU6, STM32C071CBU6N, STM32C071F8P6, STM32C071F8P6N, STM32C071FBP6, STM32C071FBP6N, STM32C071FBY6TR, STM32C071G8U6, STM32C071G8U6N, STM32C071GBU6, STM32C071GBU6N, STM32C071K8T6, STM32C071K8T6N, STM32C071K8U6, STM32C071K8U6N, STM32C071KBT6, STM32C071KBT6N, STM32C071KBU6, STM32C071KBU6N, STM32C071R8T6, STM32C071R8T6N, STM32C071RBI6N, STM32C071RBT6, STM32C071RBT6N, STM32C091CBT6, STM32C091CBU6, STM32C091CCT6, STM32C091CCU6, STM32C091ECY6TR, STM32C091FBP6, STM32C091FCP6, STM32C091GBU6, STM32C091GCU6, STM32C091KBT6, STM32C091KBU6, STM32C091KCT6, STM32C091KCU6, STM32C091RBT6, STM32C091RCI6, STM32C091RCT6, STM32C092CBT6, STM32C092CBU6, STM32C092CCT6, STM32C092CCU6, STM32C092ECY6TR, STM32C092FBP6, STM32C092FCP6, STM32C092GBU6, STM32C092GCU6, STM32C092KBT6, STM32C092KBU6, STM32C092KCT6, STM32C092KCU6, STM32C092RBT6, STM32C092RCI6, STM32C092RCT6, STM32G071K8TXN, STM32G071K8UXN, STM32G081GBU6N, STM32G081KBT6N, STM32G081KBUXN, STM32G0B1CCT6N, STM32G0B1KCT6, STM32G0B1NEY6TR, STM32G0B1RCT6N, STM32G0C1CCT6, STM32G0C1CCT6N, STM32G0C1CCU6N, STM32G0C1CET6N, STM32G0C1CEU6N, STM32G0C1KCT6, STM32G0C1NEY6TR, STM32G0C1RCI6N, STM32G0C1RCT6N, STM32G0C1REI6N, STM32G0C1RET6N, STM32G0C1VCI6, STM32G0C1VEI6, STM32G411C6T3, STM32G411C6T6, STM32G411C6U3, STM32G411C6U6, STM32G411C8T3, STM32G411C8T6, STM32G411C8U3, STM32G411C8U6, STM32G411CBT3, STM32G411CBT6, STM32G411CBU3, STM32G411CBU6, STM32G411K6T3, STM32G411K6T6, STM32G411K6U3, STM32G411K6U6, STM32G411K8T3, STM32G411K8T6, STM32G411K8U3, STM32G411K8U6, STM32G411KBT3, STM32G411KBT6, STM32G411KBU3, STM32G411KBU6, STM32G411M6T3, STM32G411M6T6, STM32G411M8T3, STM32G411M8T6, STM32G411MBT3, STM32G411MBT6, STM32G411R6T3, STM32G411R6T6, STM32G411R8T3, STM32G411R8T6, STM32G411RBT3, STM32G411RBT6, STM32G414CBT3, STM32G414CBT6, STM32G414CBU3, STM32G414CBU6, STM32G414CCT3, STM32G414CCT6, STM32G414CCU3, STM32G414CCU6, STM32G414MBT3, STM32G414MBT6, STM32G414MCT3, STM32G414MCT6, STM32G414RBT3, STM32G414RBT6, STM32G414RCT3, STM32G414RCT6, STM32G414VBT3, STM32G414VBT6, STM32G414VCT3, STM32G414VCT6, STM32G431CBT3Z, STM32G431RBT3Z, STM32G471CCT6, STM32G471CCU6, STM32G471CET3, STM32G471CET6, STM32G471CEU3, STM32G471CEU6, STM32G471MCT6, STM32G471MET3, STM32G471MET6, STM32G471MEY6TR, STM32G471QCT6, STM32G471QET3, STM32G471RCT6, STM32G471RET3, STM32G471RET6, STM32G471VCH6, STM32G471VCI6, STM32G471VCT6, STM32G471VEH3, STM32G471VEH6, STM32G471VEI3, STM32G471VEI6, STM32G471VET3, STM32G471VET6, STM32G473QET3Z, STM32G473RET3Z, STM32G474CCT6, STM32G491RET3Z, STM32H503CBT6, STM32H503CBU6, STM32H503EBY6TR, STM32H503KBU6, STM32H503RBT6, STM32H523CCT6, STM32H523CCU6, STM32H523CET6, STM32H523CEU6, STM32H523HEY6TR, STM32H523RCT6, STM32H523RET6, STM32H523VCI6, STM32H523VCT6, STM32H523VEI6, STM32H523VET6, STM32H523ZCJ6, STM32H523ZCT6, STM32H523ZEJ6, STM32H523ZET6, STM32H533CET6, STM32H533CEU6, STM32H533HEY6TR, STM32H533RET6, STM32H533VEI6, STM32H533VET6, STM32H533ZEJ6, STM32H533ZET6, STM32H562AGI6, STM32H562AII6, STM32H562IGK6, STM32H562IGT6, STM32H562IIK6, STM32H562IIT6, STM32H562RGT6, STM32H562RGV6, STM32H562RIT6, STM32H562RIV6, STM32H562VGT6, STM32H562VIT6, STM32H562ZGT6, STM32H562ZIT6, STM32H563AGI6, STM32H563AII3Q, STM32H563AII6, STM32H563IGK6, STM32H563IGT6, STM32H563IIK3Q, STM32H563IIK6, STM32H563IIT3Q, STM32H563IIT6, STM32H563MIY3QTR, STM32H563RGT6, STM32H563RGV6, STM32H563RIT6, STM32H563RIV6, STM32H563VGT6, STM32H563VIT3Q, STM32H563VIT6, STM32H563ZGT6, STM32H563ZIT3Q, STM32H563ZIT6, STM32H573AII3Q, STM32H573AII6, STM32H573I-DK, STM32H573IIK3Q, STM32H573IIK6, STM32H573IIT3Q, STM32H573IIT6, STM32H573MIY3QTR, STM32H573RIT6, STM32H573RIV6, STM32H573VIT3Q, STM32H573VIT6, STM32H573ZIT3Q, STM32H573ZIT6, STM32H7R3A8I6, STM32H7R3I8K6, STM32H7R3I8T6, STM32H7R3L8H6, STM32H7R3L8H6H, STM32H7R3R8V6, STM32H7R3V8H6, STM32H7R3V8T6, STM32H7R3V8Y6TR, STM32H7R3Z8J6, STM32H7R3Z8T6, STM32H7R7A8I6, STM32H7R7I8K6, STM32H7R7I8T6, STM32H7R7L8H6, STM32H7R7L8H6H, STM32H7R7Z8J6, STM32H7S3A8I6, STM32H7S3I8K6, STM32H7S3I8T6, STM32H7S3L8H6, STM32H7S3L8H6H, STM32H7S3R8V6, STM32H7S3V8H6, STM32H7S3V8T6, STM32H7S3V8Y6TR, STM32H7S3Z8J6, STM32H7S3Z8T6, STM32H7S78-DK, STM32H7S7A8I6, STM32H7S7I8K6, STM32H7S7I8T6, STM32H7S7L8H6, STM32H7S7L8H6H, STM32H7S7Z8J6, STM32L4R5QGI6STR, STM32MP131AAE3, STM32MP131AAF3, STM32MP131AAG3, STM32MP131CAE3, STM32MP131CAF3, STM32MP131CAG3, STM32MP131DAE7, STM32MP131DAF7, STM32MP131DAG7, STM32MP131FAE7, STM32MP131FAF7, STM32MP131FAG7, STM32MP133AAE3, STM32MP133AAF3, STM32MP133AAG3, STM32MP133CAE3, STM32MP133CAF3, STM32MP133CAG3, STM32MP133DAE7, STM32MP133DAF7, STM32MP133DAG7, STM32MP133FAE7, STM32MP133FAF7, STM32MP133FAG7, STM32MP135AAE3, STM32MP135AAF3, STM32MP135AAG3, STM32MP135CAE3, STM32MP135CAF3, STM32MP135CAG3, STM32MP135DAE7, STM32MP135DAF7, STM32MP135DAG7, STM32MP135F-DK, STM32MP135FAE7, STM32MP135FAF7, STM32MP135FAF7T, STM32MP135FAF7U, STM32MP135FAG7, STM32MP211AAL3, STM32MP211AAM3, STM32MP211AAN3, STM32MP211AAO3, STM32MP211CAL3, STM32MP211CAM3, STM32MP211CAN3, STM32MP211CAO3, STM32MP211DAL3, STM32MP211DAM3, STM32MP211DAN3, STM32MP211DAO3, STM32MP211FAL3, STM32MP211FAM3, STM32MP211FAN3, STM32MP211FAO3, STM32MP213AAL3, STM32MP213AAM3, STM32MP213AAN3, STM32MP213AAO3, STM32MP213CAL3, STM32MP213CAM3, STM32MP213CAN3, STM32MP213CAO3, STM32MP213DAL3, STM32MP213DAM3, STM32MP213DAN3, STM32MP213DAO3, STM32MP213FAL3, STM32MP213FAM3, STM32MP213FAN3, STM32MP213FAO3, STM32MP215AAL3, STM32MP215AAM3, STM32MP215AAN3, STM32MP215AAO3, STM32MP215CAL3, STM32MP215CAM3, STM32MP215CAN3, STM32MP215CAO3, STM32MP215DAL3, STM32MP215DAM3, STM32MP215DAN3, STM32MP215DAO3, STM32MP215F-DK, STM32MP215FAL3, STM32MP215FAM3, STM32MP215FAN3, STM32MP215FAO3, STM32MP231AAJ3, STM32MP231AAK3, STM32MP231AAL3, STM32MP231CAJ3, STM32MP231CAK3, STM32MP231CAL3, STM32MP231DAJ3, STM32MP231DAK3, STM32MP231DAL3, STM32MP231FAJ3, STM32MP231FAK3, STM32MP231FAL3, STM32MP233AAJ3, STM32MP233AAK3, STM32MP233AAL3, STM32MP233CAJ3, STM32MP233CAK3, STM32MP233CAL3, STM32MP233DAJ3, STM32MP233DAK3, STM32MP233DAL3, STM32MP233FAJ3, STM32MP233FAK3, STM32MP233FAL3, STM32MP235AAJ3, STM32MP235AAK3, STM32MP235AAL3, STM32MP235CAJ3, STM32MP235CAK3, STM32MP235CAL3, STM32MP235DAJ3, STM32MP235DAK3, STM32MP235DAL3, STM32MP235FAJ3, STM32MP235FAK3, STM32MP235FAL3, STM32MP251AAI3, STM32MP251AAK3, STM32MP251AAL3, STM32MP251CAI3, STM32MP251CAK3, STM32MP251CAL3, STM32MP251DAI3, STM32MP251DAK3, STM32MP251DAL3, STM32MP251FAI3, STM32MP251FAK3, STM32MP251FAL3, STM32MP253AAI3, STM32MP253AAK3, STM32MP253AAL3, STM32MP253CAI3, STM32MP253CAK3, STM32MP253CAL3, STM32MP253DAI3, STM32MP253DAK3, STM32MP253DAL3, STM32MP253FAI3, STM32MP253FAK3, STM32MP253FAL3, STM32MP255AAI3, STM32MP255AAK3, STM32MP255AAL3, STM32MP255CAI3, STM32MP255CAK3, STM32MP255CAL3, STM32MP255DAI3, STM32MP255DAK3, STM32MP255DAL3, STM32MP255FAI3, STM32MP255FAK3, STM32MP255FAL3, STM32MP257AAI3, STM32MP257AAK3, STM32MP257AAL3, STM32MP257CAI3, STM32MP257CAK3, STM32MP257CAL3, STM32MP257DAI3, STM32MP257DAK3, STM32MP257DAL3, STM32MP257F-DK, STM32MP257F-EV1, STM32MP257FAI3, STM32MP257FAK3, STM32MP257FAL3, STM32N645A0H3Q, STM32N645B0H3Q, STM32N645I0H3Q, STM32N645L0H3Q, STM32N645X0H3Q, STM32N645Z0H3Q, STM32N647A0H3Q, STM32N647B0H3Q, STM32N647I0H3Q, STM32N647L0H3Q, STM32N647X0H3Q, STM32N647Z0H3Q, STM32N655A0H3Q, STM32N655B0H3Q, STM32N655I0H3Q, STM32N655L0H3Q, STM32N655X0H3Q, STM32N655Z0H3Q, STM32N6570-DK, STM32N657A0H3Q, STM32N657B0H3Q, STM32N657I0H3Q, STM32N657L0H3Q, STM32N657X0H3Q, STM32N657Z0H3Q, STM32U031C6T6, STM32U031C6U6, STM32U031C8T6, STM32U031C8U6, STM32U031F4P6, STM32U031F6P6, STM32U031F8P6, STM32U031G6Y6TR, STM32U031G8Y6TR, STM32U031K4U6, STM32U031K6U6, STM32U031K8U6, STM32U031R6I6, STM32U031R6T6, STM32U031R8I6, STM32U031R8T6, STM32U073C8T6, STM32U073C8U6, STM32U073CBT6, STM32U073CBU6, STM32U073CCT6, STM32U073CCU6, STM32U073H8Y6TR, STM32U073HBY6TR, STM32U073HCY6TR, STM32U073K8U6, STM32U073KBU6, STM32U073KCU6, STM32U073M8I6, STM32U073M8T6, STM32U073MBI6, STM32U073MBT6, STM32U073MCI6, STM32U073MCT6, STM32U073R8I6, STM32U073R8T6, STM32U073RBI6, STM32U073RBT6, STM32U073RCI6, STM32U073RCT6, STM32U083C-DK, STM32U083CCT6, STM32U083CCU6, STM32U083HCY6TR, STM32U083KCU6, STM32U083MCI6, STM32U083MCT6, STM32U083RCI6, STM32U083RCT6, STM32U375CET6, STM32U375CET6Q, STM32U375CEU6, STM32U375CEU6Q, STM32U375CEY6QTR, STM32U375CGT6, STM32U375CGT6Q, STM32U375CGU6, STM32U375CGU6Q, STM32U375CGY6QTR, STM32U375KEU6, STM32U375KGU6, STM32U375REI6, STM32U375REI6Q, STM32U375RET6, STM32U375RET6Q, STM32U375REY6GTR, STM32U375REY6QTR, STM32U375RGI6, STM32U375RGI6Q, STM32U375RGT6, STM32U375RGT6Q, STM32U375RGY6GTR, STM32U375RGY6QTR, STM32U375VEI6, STM32U375VEI6Q, STM32U375VET6, STM32U375VET6Q, STM32U375VGI6, STM32U375VGI6Q, STM32U375VGT6, STM32U375VGT6Q, STM32U385CGT6, STM32U385CGT6Q, STM32U385CGU6, STM32U385CGU6Q, STM32U385CGY6QTR, STM32U385KGU6, STM32U385RGI6, STM32U385RGI6Q, STM32U385RGT6, STM32U385RGT6Q, STM32U385RGY6GTR, STM32U385RGY6QTR, STM32U385VGI6, STM32U385VGI6Q, STM32U385VGT6, STM32U385VGT6Q, STM32U535CBT6, STM32U535CBT6Q, STM32U535CBU6, STM32U535CBU6Q, STM32U535CCT6, STM32U535CCT6Q, STM32U535CCU6, STM32U535CCU6Q, STM32U535CET6, STM32U535CET6Q, STM32U535CEU6, STM32U535CEU6Q, STM32U535JEY6QTR, STM32U535NCY6QTR, STM32U535NEY6QTR, STM32U535RBI6, STM32U535RBI6Q, STM32U535RBT6, STM32U535RBT6Q, STM32U535RCI6, STM32U535RCI6Q, STM32U535RCT6, STM32U535RCT6Q, STM32U535REI6, STM32U535REI6Q, STM32U535RET6, STM32U535RET6Q, STM32U535VCI6, STM32U535VCI6Q, STM32U535VCT6, STM32U535VCT6Q, STM32U535VEI6, STM32U535VEI6Q, STM32U535VET6, STM32U535VET6Q, STM32U545CET6, STM32U545CET6Q, STM32U545CEU6, STM32U545CEU6Q, STM32U545JEY6QTR, STM32U545NEY6QTR, STM32U545REI6, STM32U545REI6Q, STM32U545RET6, STM32U545RET6Q, STM32U545VEI6, STM32U545VEI6Q, STM32U545VET6, STM32U545VET6Q, STM32U595AIH6, STM32U595AIH6Q, STM32U595AJH6, STM32U595AJH6Q, STM32U595QII6, STM32U595QII6Q, STM32U595QJI6, STM32U595QJI6Q, STM32U595RIT6, STM32U595RIT6Q, STM32U595RJT6, STM32U595RJT6Q, STM32U595VIT6, STM32U595VIT6Q, STM32U595VJT6, STM32U595VJT6Q, STM32U595ZIT6, STM32U595ZIT6Q, STM32U595ZIY6QTR, STM32U595ZJT6, STM32U595ZJT6Q, STM32U595ZJY6QTR, STM32U599BJY6QTR, STM32U599NIH6Q, STM32U599NJH6Q, STM32U599VIT6Q, STM32U599VJT6, STM32U599VJT6Q, STM32U599ZIT6Q, STM32U599ZIY6QTR, STM32U599ZJT6Q, STM32U599ZJY6QTR, STM32U5A5AJH6, STM32U5A5AJH6Q, STM32U5A5QII3Q , STM32U5A5QJI6, STM32U5A5QJI6Q, STM32U5A5RJT6, STM32U5A5RJT6Q, STM32U5A5VJT6, STM32U5A5VJT6Q, STM32U5A5ZJT6, STM32U5A5ZJT6Q, STM32U5A5ZJY6QTR, STM32U5A9BJY6QTR, STM32U5A9J-DK, STM32U5A9NJH6Q, STM32U5A9VJT6Q, STM32U5A9ZJT6Q, STM32U5A9ZJY6QTR, STM32U5F7VIT6, STM32U5F7VIT6Q, STM32U5F7VJT6, STM32U5F7VJT6Q, STM32U5F9BJY6QTR, STM32U5F9NJH6Q, STM32U5F9VIT6Q, STM32U5F9VJT6Q, STM32U5F9ZIJ6QTR, STM32U5F9ZIT6Q, STM32U5F9ZJJ6QTR, STM32U5F9ZJT6Q, STM32U5G7VJT6, STM32U5G7VJT6Q, STM32U5G9BJY6QTR, STM32U5G9J-DK1, STM32U5G9J-DK2, STM32U5G9NJH6Q, STM32U5G9VJT6Q, STM32U5G9ZJJ6QTR, STM32U5G9ZJT6Q, STM32WB05KZV6TR, STM32WB05KZV7TR, STM32WB05TZF6TR, STM32WB05TZF7TR, STM32WB06CCF6TR, STM32WB06CCF7TR, STM32WB06CCV6TR, STM32WB06CCV7TR, STM32WB06KCV6TR, STM32WB06KCV7TR, STM32WB07CCF6TR, STM32WB07CCF7TR, STM32WB07CCV6TR, STM32WB07CCV7TR, STM32WB07KCV6TR, STM32WB07KCV7TR, STM32WB09KEV6TR, STM32WB09KEV7TR, STM32WB09TEF6TR, STM32WB09TEF7TR, STM32WB1MMCH6, STM32WBA50KGU6, STM32WBA50KGU6TR, STM32WBA52CEU6, STM32WBA52CEU6TR, STM32WBA52CEU7, STM32WBA52CEU7TR, STM32WBA52CGU6, STM32WBA52CGU6TR, STM32WBA52CGU6U, STM32WBA52CGU7, STM32WBA52CGU7TR, STM32WBA52KEU6, STM32WBA52KEU6TR, STM32WBA52KGU6, STM32WBA52KGU6TR, STM32WBA54CEU6, STM32WBA54CEU6TR, STM32WBA54CEU7, STM32WBA54CEU7TR, STM32WBA54CGU6, STM32WBA54CGU6TR, STM32WBA54CGU7, STM32WBA54CGU7TR, STM32WBA54KEU6, STM32WBA54KEU6TR, STM32WBA54KEU7, STM32WBA54KEU7TR, STM32WBA54KGU6, STM32WBA54KGU6TR, STM32WBA54KGU7, STM32WBA54KGU7TR, STM32WBA55CEU6, STM32WBA55CEU6TR, STM32WBA55CEU7, STM32WBA55CEU7TR, STM32WBA55CGU6, STM32WBA55CGU6TR, STM32WBA55CGU6U, STM32WBA55CGU7, STM32WBA55CGU7TR, STM32WBA55G-DK1, STM32WBA55HEF6, STM32WBA55HEF7, STM32WBA55HGF6, STM32WBA55HGF7, STM32WBA55UEI6, STM32WBA55UEI6TR, STM32WBA55UEI7, STM32WBA55UEI7TR, STM32WBA55UGI6, STM32WBA55UGI6TR, STM32WBA55UGI7, STM32WBA55UGI7TR, STM32WBA5MMGH6TR, STM32WBA62MGF6, STM32WBA62MIF6, STM32WBA65MGF7, STM32WBA65MIF6, STM32WBA65MIF7, STM32WL30K8V6, STM32WL30KBV6, STM32WL31C8V6, STM32WL31CBV6, STM32WL31K8V6, STM32WL31KBV6, STM32WL33C8V6, STM32WL33C8V6X, STM32WL33CBV6, STM32WL33CBV6X, STM32WL33CCV6, STM32WL33CCV6A, STM32WL33CCV6X, STM32WL33K8V7, STM32WL33K8V7X, STM32WL33KBV7 , STM32WL33KBV7X, STM32WL33KCV7, STM32WL33KCV7X, STM32WL5MOCH6, STM32WL5MOCH6TR]
2025-07-25 09:47:17,806 [INFO] DbMcus:218 - Found 4801 MCUs, 4801 are supported
2025-07-25 09:47:17,807 [INFO] ApiDb:423 - Load user favorites file C:\Users\Chinnapop/.stm32cubeide/favorites.mcus.txt: 0 item(s)
2025-07-25 09:47:17,808 [INFO] ApiDb:427 - User favorites MCUs=[]
2025-07-25 09:47:17,808 [INFO] DbMcus:224 - Set 0 / 0 favorites MCUs
2025-07-25 09:47:18,271 [INFO] ApiDb:448 - Save user favorites file C:\Users\Chinnapop/.stm32cubeide/favorites.boards.txt: 0 item(s)
2025-07-25 09:47:18,271 [INFO] ApiDb:452 - User favorites Boards=[]
2025-07-25 09:47:18,273 [INFO] ApiDb:581 - Connected to CubeFinder SQLite database (C:\Users\Chinnapop\.stmcufinder\plugins\mcufinder\mcu\cube-finder-db.db)
2025-07-25 09:47:18,341 [INFO] ApiDb:668 - CubeFinder database Data Model version=2.1
2025-07-25 09:47:18,341 [INFO] ApiDb:669 - CubeFinder database Configuration version=3.0.39
2025-07-25 09:47:18,341 [INFO] ApiDb:670 - CubeFinder database generation date=2025-07-21 (1753107327)
2025-07-25 09:47:18,341 [INFO] ApiDb:671 - CubeFinder database FW Pack versions=[FP-ATR-ASTRA1_V2.0.0, FP-SNS-FLIGHT1_V5.1.0, FP-SNS-MOTENV1_V5.0.0, FP-SNS-MOTENVWB1_V1.4.0, FP-SNS-SMARTAG2_V1.2.0, FP-SNS-STBOX1_V2.0.0, STM32Cube_FW_C0_V1.4.0, STM32Cube_FW_F4_V1.28.2, STM32Cube_FW_F7_V1.17.3, STM32Cube_FW_G0_V1.6.2, STM32Cube_FW_G4_V1.6.1, STM32Cube_FW_H5_V1.5.0, STM32Cube_FW_H7RS_V1.2.0, STM32Cube_FW_H7_V1.12.1, STM32Cube_FW_L0_V1.12.2, STM32Cube_FW_L4_V1.18.1, STM32Cube_FW_L5_V1.5.1, STM32Cube_FW_N6_V1.2.0, STM32Cube_FW_U0_V1.3.0, STM32Cube_FW_U3_V1.2.0, STM32Cube_FW_U5_V1.8.0, STM32Cube_FW_WB0_V1.3.0, STM32Cube_FW_WBA_V1.7.0, STM32Cube_FW_WB_V1.23.0, STM32Cube_FW_WL3_V1.2.0, STM32Cube_FW_WL_V1.3.1, X-CUBE-ALGOBUILD_V1.4.0, X-CUBE-ALS_V1.0.2, X-CUBE-AZRTOS-F4_V1.1.0, X-CUBE-AZRTOS-F7_V1.1.0, X-CUBE-AZRTOS-G0_V1.1.0, X-CUBE-AZRTOS-G4_V2.0.0, X-CUBE-AZRTOS-H7RS_V1.1.0, X-CUBE-AZRTOS-H7_V3.3.0, X-CUBE-AZRTOS-L4_V2.0.0, X-CUBE-AZRTOS-L5_V2.0.0, X-CUBE-AZRTOS-WB_V2.0.0, X-CUBE-AZRTOS-WL_V2.0.0, X-CUBE-BLE1_V7.1.0, X-CUBE-BLE2_V3.3.0, X-CUBE-BLEMGR_V4.0.0, X-CUBE-EEPRMA1_V5.1.0, X-CUBE-FREERTOS_V1.3.1, X-CUBE-GNSS1_V6.0.0, X-CUBE-MEMS1_V11.3.0, X-CUBE-NFC4_V3.0.0, X-CUBE-NFC7_V2.0.0, X-CUBE-SFXS2LP1_V4.0.0, X-CUBE-SUBG2_V5.0.0, X-CUBE-TOF1_V3.4.3]
2025-07-25 09:47:18,406 [INFO] DbBoardsSqlite:226 - include board P-NUCLEO-WB55-NUCLEO as a kit item of type 'Nucleo-64'
2025-07-25 09:47:18,406 [INFO] DbBoardsSqlite:226 - include board P-NUCLEO-WB55-USBDONGLE as a kit item of type 'Nucleo USB Dongle'
2025-07-25 09:47:18,406 [INFO] DbBoardsSqlite:226 - include board STEVAL-IDP005V1 as a kit item of type 'Evaluation Board'
2025-07-25 09:47:18,406 [INFO] DbBoardsSqlite:226 - include board STEVAL-IDP005V2 as a kit item of type 'Evaluation Board'
2025-07-25 09:47:18,476 [INFO] ApiDb:240 - Found 880 in-development CPN: [B-G473E-ZEST1S, B-WB1M-WPAN1, B-WBA5M-WPAN, B-WL5M-SUBG1, NUCLEO-C031C6, NUCLEO-C051C8, NUCLEO-C071RB, NUCLEO-C092RC, NUCLEO-H503RB, NUCLEO-H533RE, NUCLEO-H563ZI, NUCLEO-H7S3L8, NUCLEO-N657X0-Q, NUCLEO-U031R8, NUCLEO-U083RC, NUCLEO-U385RG-Q, NUCLEO-U545RE-Q, NUCLEO-U5A5ZJ-Q, NUCLEO-WB05KZ, NUCLEO-WB07CC, NUCLEO-WB09KE, NUCLEO-WBA52CG, NUCLEO-WBA55CG, NUCLEO-WL33CC1, NUCLEO-WL33CC2, STEVAL-PROTEUS1, STEVAL-SMARTAG2, STEVAL-STWINBX1, STM320518-EVAL, STM32C0116-DK, STM32C011D6Y3TR, STM32C011D6Y6TR, STM32C011F4P3, STM32C011F4P6, STM32C011F4U3, STM32C011F4U6TR, STM32C011F6P3, STM32C011F6P6, STM32C011F6U3, STM32C011F6U6TR, STM32C011J4M3, STM32C011J4M6, STM32C011J6M3, STM32C011J6M6, STM32C0316-DK, STM32C031C4T3, STM32C031C4T6, STM32C031C4U3, STM32C031C4U6, STM32C031C6T3, STM32C031C6T6, STM32C031C6U3, STM32C031C6U6, STM32C031F4P3, STM32C031F4P6, STM32C031F6P3, STM32C031F6P6, STM32C031G4U3, STM32C031G4U6, STM32C031G6U3, STM32C031G6U6, STM32C031K4T3, STM32C031K4T6, STM32C031K4U3, STM32C031K4U6, STM32C031K6T3, STM32C031K6T6, STM32C031K6U3, STM32C031K6U6, STM32C051C6T6, STM32C051C6U6, STM32C051C8T6, STM32C051C8U6, STM32C051D8Y6TR, STM32C051F6P6, STM32C051F8P6, STM32C051G6U6, STM32C051G8U6, STM32C051K6T6, STM32C051K6U6, STM32C051K8T6, STM32C071C8T6, STM32C071C8T6N, STM32C071C8U6, STM32C071C8U6N, STM32C071CBT6, STM32C071CBT6N, STM32C071CBU6, STM32C071CBU6N, STM32C071F8P6, STM32C071F8P6N, STM32C071FBP6, STM32C071FBP6N, STM32C071FBY6TR, STM32C071G8U6, STM32C071G8U6N, STM32C071GBU6, STM32C071GBU6N, STM32C071K8T6, STM32C071K8T6N, STM32C071K8U6, STM32C071K8U6N, STM32C071KBT6, STM32C071KBT6N, STM32C071KBU6, STM32C071KBU6N, STM32C071R8T6, STM32C071R8T6N, STM32C071RBI6N, STM32C071RBT6, STM32C071RBT6N, STM32C091CBT6, STM32C091CBU6, STM32C091CCT6, STM32C091CCU6, STM32C091ECY6TR, STM32C091FBP6, STM32C091FCP6, STM32C091GBU6, STM32C091GCU6, STM32C091KBT6, STM32C091KBU6, STM32C091KCT6, STM32C091KCU6, STM32C091RBT6, STM32C091RCI6, STM32C091RCT6, STM32C092CBT6, STM32C092CBU6, STM32C092CCT6, STM32C092CCU6, STM32C092ECY6TR, STM32C092FBP6, STM32C092FCP6, STM32C092GBU6, STM32C092GCU6, STM32C092KBT6, STM32C092KBU6, STM32C092KCT6, STM32C092KCU6, STM32C092RBT6, STM32C092RCI6, STM32C092RCT6, STM32G071K8TXN, STM32G071K8UXN, STM32G081GBU6N, STM32G081KBT6N, STM32G081KBUXN, STM32G0B1CCT6N, STM32G0B1KCT6, STM32G0B1NEY6TR, STM32G0B1RCT6N, STM32G0C1CCT6, STM32G0C1CCT6N, STM32G0C1CCU6N, STM32G0C1CET6N, STM32G0C1CEU6N, STM32G0C1KCT6, STM32G0C1NEY6TR, STM32G0C1RCI6N, STM32G0C1RCT6N, STM32G0C1REI6N, STM32G0C1RET6N, STM32G0C1VCI6, STM32G0C1VEI6, STM32G411C6T3, STM32G411C6T6, STM32G411C6U3, STM32G411C6U6, STM32G411C8T3, STM32G411C8T6, STM32G411C8U3, STM32G411C8U6, STM32G411CBT3, STM32G411CBT6, STM32G411CBU3, STM32G411CBU6, STM32G411K6T3, STM32G411K6T6, STM32G411K6U3, STM32G411K6U6, STM32G411K8T3, STM32G411K8T6, STM32G411K8U3, STM32G411K8U6, STM32G411KBT3, STM32G411KBT6, STM32G411KBU3, STM32G411KBU6, STM32G411M6T3, STM32G411M6T6, STM32G411M8T3, STM32G411M8T6, STM32G411MBT3, STM32G411MBT6, STM32G411R6T3, STM32G411R6T6, STM32G411R8T3, STM32G411R8T6, STM32G411RBT3, STM32G411RBT6, STM32G414CBT3, STM32G414CBT6, STM32G414CBU3, STM32G414CBU6, STM32G414CCT3, STM32G414CCT6, STM32G414CCU3, STM32G414CCU6, STM32G414MBT3, STM32G414MBT6, STM32G414MCT3, STM32G414MCT6, STM32G414RBT3, STM32G414RBT6, STM32G414RCT3, STM32G414RCT6, STM32G414VBT3, STM32G414VBT6, STM32G414VCT3, STM32G414VCT6, STM32G431CBT3Z, STM32G431RBT3Z, STM32G471CCT6, STM32G471CCU6, STM32G471CET3, STM32G471CET6, STM32G471CEU3, STM32G471CEU6, STM32G471MCT6, STM32G471MET3, STM32G471MET6, STM32G471MEY6TR, STM32G471QCT6, STM32G471QET3, STM32G471RCT6, STM32G471RET3, STM32G471RET6, STM32G471VCH6, STM32G471VCI6, STM32G471VCT6, STM32G471VEH3, STM32G471VEH6, STM32G471VEI3, STM32G471VEI6, STM32G471VET3, STM32G471VET6, STM32G473QET3Z, STM32G473RET3Z, STM32G474CCT6, STM32G491RET3Z, STM32H503CBT6, STM32H503CBU6, STM32H503EBY6TR, STM32H503KBU6, STM32H503RBT6, STM32H523CCT6, STM32H523CCU6, STM32H523CET6, STM32H523CEU6, STM32H523HEY6TR, STM32H523RCT6, STM32H523RET6, STM32H523VCI6, STM32H523VCT6, STM32H523VEI6, STM32H523VET6, STM32H523ZCJ6, STM32H523ZCT6, STM32H523ZEJ6, STM32H523ZET6, STM32H533CET6, STM32H533CEU6, STM32H533HEY6TR, STM32H533RET6, STM32H533VEI6, STM32H533VET6, STM32H533ZEJ6, STM32H533ZET6, STM32H562AGI6, STM32H562AII6, STM32H562IGK6, STM32H562IGT6, STM32H562IIK6, STM32H562IIT6, STM32H562RGT6, STM32H562RGV6, STM32H562RIT6, STM32H562RIV6, STM32H562VGT6, STM32H562VIT6, STM32H562ZGT6, STM32H562ZIT6, STM32H563AGI6, STM32H563AII3Q, STM32H563AII6, STM32H563IGK6, STM32H563IGT6, STM32H563IIK3Q, STM32H563IIK6, STM32H563IIT3Q, STM32H563IIT6, STM32H563MIY3QTR, STM32H563RGT6, STM32H563RGV6, STM32H563RIT6, STM32H563RIV6, STM32H563VGT6, STM32H563VIT3Q, STM32H563VIT6, STM32H563ZGT6, STM32H563ZIT3Q, STM32H563ZIT6, STM32H573AII3Q, STM32H573AII6, STM32H573I-DK, STM32H573IIK3Q, STM32H573IIK6, STM32H573IIT3Q, STM32H573IIT6, STM32H573MIY3QTR, STM32H573RIT6, STM32H573RIV6, STM32H573VIT3Q, STM32H573VIT6, STM32H573ZIT3Q, STM32H573ZIT6, STM32H7R3A8I6, STM32H7R3I8K6, STM32H7R3I8T6, STM32H7R3L8H6, STM32H7R3L8H6H, STM32H7R3R8V6, STM32H7R3V8H6, STM32H7R3V8T6, STM32H7R3V8Y6TR, STM32H7R3Z8J6, STM32H7R3Z8T6, STM32H7R7A8I6, STM32H7R7I8K6, STM32H7R7I8T6, STM32H7R7L8H6, STM32H7R7L8H6H, STM32H7R7Z8J6, STM32H7S3A8I6, STM32H7S3I8K6, STM32H7S3I8T6, STM32H7S3L8H6, STM32H7S3L8H6H, STM32H7S3R8V6, STM32H7S3V8H6, STM32H7S3V8T6, STM32H7S3V8Y6TR, STM32H7S3Z8J6, STM32H7S3Z8T6, STM32H7S78-DK, STM32H7S7A8I6, STM32H7S7I8K6, STM32H7S7I8T6, STM32H7S7L8H6, STM32H7S7L8H6H, STM32H7S7Z8J6, STM32L4R5QGI6STR, STM32MP131AAE3, STM32MP131AAF3, STM32MP131AAG3, STM32MP131CAE3, STM32MP131CAF3, STM32MP131CAG3, STM32MP131DAE7, STM32MP131DAF7, STM32MP131DAG7, STM32MP131FAE7, STM32MP131FAF7, STM32MP131FAG7, STM32MP133AAE3, STM32MP133AAF3, STM32MP133AAG3, STM32MP133CAE3, STM32MP133CAF3, STM32MP133CAG3, STM32MP133DAE7, STM32MP133DAF7, STM32MP133DAG7, STM32MP133FAE7, STM32MP133FAF7, STM32MP133FAG7, STM32MP135AAE3, STM32MP135AAF3, STM32MP135AAG3, STM32MP135CAE3, STM32MP135CAF3, STM32MP135CAG3, STM32MP135DAE7, STM32MP135DAF7, STM32MP135DAG7, STM32MP135F-DK, STM32MP135FAE7, STM32MP135FAF7, STM32MP135FAF7T, STM32MP135FAF7U, STM32MP135FAG7, STM32MP211AAL3, STM32MP211AAM3, STM32MP211AAN3, STM32MP211AAO3, STM32MP211CAL3, STM32MP211CAM3, STM32MP211CAN3, STM32MP211CAO3, STM32MP211DAL3, STM32MP211DAM3, STM32MP211DAN3, STM32MP211DAO3, STM32MP211FAL3, STM32MP211FAM3, STM32MP211FAN3, STM32MP211FAO3, STM32MP213AAL3, STM32MP213AAM3, STM32MP213AAN3, STM32MP213AAO3, STM32MP213CAL3, STM32MP213CAM3, STM32MP213CAN3, STM32MP213CAO3, STM32MP213DAL3, STM32MP213DAM3, STM32MP213DAN3, STM32MP213DAO3, STM32MP213FAL3, STM32MP213FAM3, STM32MP213FAN3, STM32MP213FAO3, STM32MP215AAL3, STM32MP215AAM3, STM32MP215AAN3, STM32MP215AAO3, STM32MP215CAL3, STM32MP215CAM3, STM32MP215CAN3, STM32MP215CAO3, STM32MP215DAL3, STM32MP215DAM3, STM32MP215DAN3, STM32MP215DAO3, STM32MP215F-DK, STM32MP215FAL3, STM32MP215FAM3, STM32MP215FAN3, STM32MP215FAO3, STM32MP231AAJ3, STM32MP231AAK3, STM32MP231AAL3, STM32MP231CAJ3, STM32MP231CAK3, STM32MP231CAL3, STM32MP231DAJ3, STM32MP231DAK3, STM32MP231DAL3, STM32MP231FAJ3, STM32MP231FAK3, STM32MP231FAL3, STM32MP233AAJ3, STM32MP233AAK3, STM32MP233AAL3, STM32MP233CAJ3, STM32MP233CAK3, STM32MP233CAL3, STM32MP233DAJ3, STM32MP233DAK3, STM32MP233DAL3, STM32MP233FAJ3, STM32MP233FAK3, STM32MP233FAL3, STM32MP235AAJ3, STM32MP235AAK3, STM32MP235AAL3, STM32MP235CAJ3, STM32MP235CAK3, STM32MP235CAL3, STM32MP235DAJ3, STM32MP235DAK3, STM32MP235DAL3, STM32MP235FAJ3, STM32MP235FAK3, STM32MP235FAL3, STM32MP251AAI3, STM32MP251AAK3, STM32MP251AAL3, STM32MP251CAI3, STM32MP251CAK3, STM32MP251CAL3, STM32MP251DAI3, STM32MP251DAK3, STM32MP251DAL3, STM32MP251FAI3, STM32MP251FAK3, STM32MP251FAL3, STM32MP253AAI3, STM32MP253AAK3, STM32MP253AAL3, STM32MP253CAI3, STM32MP253CAK3, STM32MP253CAL3, STM32MP253DAI3, STM32MP253DAK3, STM32MP253DAL3, STM32MP253FAI3, STM32MP253FAK3, STM32MP253FAL3, STM32MP255AAI3, STM32MP255AAK3, STM32MP255AAL3, STM32MP255CAI3, STM32MP255CAK3, STM32MP255CAL3, STM32MP255DAI3, STM32MP255DAK3, STM32MP255DAL3, STM32MP255FAI3, STM32MP255FAK3, STM32MP255FAL3, STM32MP257AAI3, STM32MP257AAK3, STM32MP257AAL3, STM32MP257CAI3, STM32MP257CAK3, STM32MP257CAL3, STM32MP257DAI3, STM32MP257DAK3, STM32MP257DAL3, STM32MP257F-DK, STM32MP257F-EV1, STM32MP257FAI3, STM32MP257FAK3, STM32MP257FAL3, STM32N645A0H3Q, STM32N645B0H3Q, STM32N645I0H3Q, STM32N645L0H3Q, STM32N645X0H3Q, STM32N645Z0H3Q, STM32N647A0H3Q, STM32N647B0H3Q, STM32N647I0H3Q, STM32N647L0H3Q, STM32N647X0H3Q, STM32N647Z0H3Q, STM32N655A0H3Q, STM32N655B0H3Q, STM32N655I0H3Q, STM32N655L0H3Q, STM32N655X0H3Q, STM32N655Z0H3Q, STM32N6570-DK, STM32N657A0H3Q, STM32N657B0H3Q, STM32N657I0H3Q, STM32N657L0H3Q, STM32N657X0H3Q, STM32N657Z0H3Q, STM32U031C6T6, STM32U031C6U6, STM32U031C8T6, STM32U031C8U6, STM32U031F4P6, STM32U031F6P6, STM32U031F8P6, STM32U031G6Y6TR, STM32U031G8Y6TR, STM32U031K4U6, STM32U031K6U6, STM32U031K8U6, STM32U031R6I6, STM32U031R6T6, STM32U031R8I6, STM32U031R8T6, STM32U073C8T6, STM32U073C8U6, STM32U073CBT6, STM32U073CBU6, STM32U073CCT6, STM32U073CCU6, STM32U073H8Y6TR, STM32U073HBY6TR, STM32U073HCY6TR, STM32U073K8U6, STM32U073KBU6, STM32U073KCU6, STM32U073M8I6, STM32U073M8T6, STM32U073MBI6, STM32U073MBT6, STM32U073MCI6, STM32U073MCT6, STM32U073R8I6, STM32U073R8T6, STM32U073RBI6, STM32U073RBT6, STM32U073RCI6, STM32U073RCT6, STM32U083C-DK, STM32U083CCT6, STM32U083CCU6, STM32U083HCY6TR, STM32U083KCU6, STM32U083MCI6, STM32U083MCT6, STM32U083RCI6, STM32U083RCT6, STM32U375CET6, STM32U375CET6Q, STM32U375CEU6, STM32U375CEU6Q, STM32U375CEY6QTR, STM32U375CGT6, STM32U375CGT6Q, STM32U375CGU6, STM32U375CGU6Q, STM32U375CGY6QTR, STM32U375KEU6, STM32U375KGU6, STM32U375REI6, STM32U375REI6Q, STM32U375RET6, STM32U375RET6Q, STM32U375REY6GTR, STM32U375REY6QTR, STM32U375RGI6, STM32U375RGI6Q, STM32U375RGT6, STM32U375RGT6Q, STM32U375RGY6GTR, STM32U375RGY6QTR, STM32U375VEI6, STM32U375VEI6Q, STM32U375VET6, STM32U375VET6Q, STM32U375VGI6, STM32U375VGI6Q, STM32U375VGT6, STM32U375VGT6Q, STM32U385CGT6, STM32U385CGT6Q, STM32U385CGU6, STM32U385CGU6Q, STM32U385CGY6QTR, STM32U385KGU6, STM32U385RGI6, STM32U385RGI6Q, STM32U385RGT6, STM32U385RGT6Q, STM32U385RGY6GTR, STM32U385RGY6QTR, STM32U385VGI6, STM32U385VGI6Q, STM32U385VGT6, STM32U385VGT6Q, STM32U535CBT6, STM32U535CBT6Q, STM32U535CBU6, STM32U535CBU6Q, STM32U535CCT6, STM32U535CCT6Q, STM32U535CCU6, STM32U535CCU6Q, STM32U535CET6, STM32U535CET6Q, STM32U535CEU6, STM32U535CEU6Q, STM32U535JEY6QTR, STM32U535NCY6QTR, STM32U535NEY6QTR, STM32U535RBI6, STM32U535RBI6Q, STM32U535RBT6, STM32U535RBT6Q, STM32U535RCI6, STM32U535RCI6Q, STM32U535RCT6, STM32U535RCT6Q, STM32U535REI6, STM32U535REI6Q, STM32U535RET6, STM32U535RET6Q, STM32U535VCI6, STM32U535VCI6Q, STM32U535VCT6, STM32U535VCT6Q, STM32U535VEI6, STM32U535VEI6Q, STM32U535VET6, STM32U535VET6Q, STM32U545CET6, STM32U545CET6Q, STM32U545CEU6, STM32U545CEU6Q, STM32U545JEY6QTR, STM32U545NEY6QTR, STM32U545REI6, STM32U545REI6Q, STM32U545RET6, STM32U545RET6Q, STM32U545VEI6, STM32U545VEI6Q, STM32U545VET6, STM32U545VET6Q, STM32U595AIH6, STM32U595AIH6Q, STM32U595AJH6, STM32U595AJH6Q, STM32U595QII6, STM32U595QII6Q, STM32U595QJI6, STM32U595QJI6Q, STM32U595RIT6, STM32U595RIT6Q, STM32U595RJT6, STM32U595RJT6Q, STM32U595VIT6, STM32U595VIT6Q, STM32U595VJT6, STM32U595VJT6Q, STM32U595ZIT6, STM32U595ZIT6Q, STM32U595ZIY6QTR, STM32U595ZJT6, STM32U595ZJT6Q, STM32U595ZJY6QTR, STM32U599BJY6QTR, STM32U599NIH6Q, STM32U599NJH6Q, STM32U599VIT6Q, STM32U599VJT6, STM32U599VJT6Q, STM32U599ZIT6Q, STM32U599ZIY6QTR, STM32U599ZJT6Q, STM32U599ZJY6QTR, STM32U5A5AJH6, STM32U5A5AJH6Q, STM32U5A5QII3Q , STM32U5A5QJI6, STM32U5A5QJI6Q, STM32U5A5RJT6, STM32U5A5RJT6Q, STM32U5A5VJT6, STM32U5A5VJT6Q, STM32U5A5ZJT6, STM32U5A5ZJT6Q, STM32U5A5ZJY6QTR, STM32U5A9BJY6QTR, STM32U5A9J-DK, STM32U5A9NJH6Q, STM32U5A9VJT6Q, STM32U5A9ZJT6Q, STM32U5A9ZJY6QTR, STM32U5F7VIT6, STM32U5F7VIT6Q, STM32U5F7VJT6, STM32U5F7VJT6Q, STM32U5F9BJY6QTR, STM32U5F9NJH6Q, STM32U5F9VIT6Q, STM32U5F9VJT6Q, STM32U5F9ZIJ6QTR, STM32U5F9ZIT6Q, STM32U5F9ZJJ6QTR, STM32U5F9ZJT6Q, STM32U5G7VJT6, STM32U5G7VJT6Q, STM32U5G9BJY6QTR, STM32U5G9J-DK1, STM32U5G9J-DK2, STM32U5G9NJH6Q, STM32U5G9VJT6Q, STM32U5G9ZJJ6QTR, STM32U5G9ZJT6Q, STM32WB05KZV6TR, STM32WB05KZV7TR, STM32WB05TZF6TR, STM32WB05TZF7TR, STM32WB06CCF6TR, STM32WB06CCF7TR, STM32WB06CCV6TR, STM32WB06CCV7TR, STM32WB06KCV6TR, STM32WB06KCV7TR, STM32WB07CCF6TR, STM32WB07CCF7TR, STM32WB07CCV6TR, STM32WB07CCV7TR, STM32WB07KCV6TR, STM32WB07KCV7TR, STM32WB09KEV6TR, STM32WB09KEV7TR, STM32WB09TEF6TR, STM32WB09TEF7TR, STM32WB1MMCH6, STM32WBA50KGU6, STM32WBA50KGU6TR, STM32WBA52CEU6, STM32WBA52CEU6TR, STM32WBA52CEU7, STM32WBA52CEU7TR, STM32WBA52CGU6, STM32WBA52CGU6TR, STM32WBA52CGU6U, STM32WBA52CGU7, STM32WBA52CGU7TR, STM32WBA52KEU6, STM32WBA52KEU6TR, STM32WBA52KGU6, STM32WBA52KGU6TR, STM32WBA54CEU6, STM32WBA54CEU6TR, STM32WBA54CEU7, STM32WBA54CEU7TR, STM32WBA54CGU6, STM32WBA54CGU6TR, STM32WBA54CGU7, STM32WBA54CGU7TR, STM32WBA54KEU6, STM32WBA54KEU6TR, STM32WBA54KEU7, STM32WBA54KEU7TR, STM32WBA54KGU6, STM32WBA54KGU6TR, STM32WBA54KGU7, STM32WBA54KGU7TR, STM32WBA55CEU6, STM32WBA55CEU6TR, STM32WBA55CEU7, STM32WBA55CEU7TR, STM32WBA55CGU6, STM32WBA55CGU6TR, STM32WBA55CGU6U, STM32WBA55CGU7, STM32WBA55CGU7TR, STM32WBA55G-DK1, STM32WBA55HEF6, STM32WBA55HEF7, STM32WBA55HGF6, STM32WBA55HGF7, STM32WBA55UEI6, STM32WBA55UEI6TR, STM32WBA55UEI7, STM32WBA55UEI7TR, STM32WBA55UGI6, STM32WBA55UGI6TR, STM32WBA55UGI7, STM32WBA55UGI7TR, STM32WBA5MMGH6TR, STM32WBA62MGF6, STM32WBA62MIF6, STM32WBA65MGF7, STM32WBA65MIF6, STM32WBA65MIF7, STM32WL30K8V6, STM32WL30KBV6, STM32WL31C8V6, STM32WL31CBV6, STM32WL31K8V6, STM32WL31KBV6, STM32WL33C8V6, STM32WL33C8V6X, STM32WL33CBV6, STM32WL33CBV6X, STM32WL33CCV6, STM32WL33CCV6A, STM32WL33CCV6X, STM32WL33K8V7, STM32WL33K8V7X, STM32WL33KBV7 , STM32WL33KBV7X, STM32WL33KCV7, STM32WL33KCV7X, STM32WL5MOCH6, STM32WL5MOCH6TR]
2025-07-25 09:47:18,701 [INFO] BoardInfo:889 - No configuration file found for board P-NUCLEO-WB55
2025-07-25 09:47:18,702 [INFO] DbBoards:161 - Kit is not supported: P-NUCLEO-WB55
2025-07-25 09:47:18,711 [INFO] BoardInfo:889 - No configuration file found for board STEVAL-BFA001V1B
2025-07-25 09:47:18,713 [INFO] DbBoards:161 - Kit is not supported: STEVAL-BFA001V1B
2025-07-25 09:47:18,717 [INFO] BoardInfo:889 - No configuration file found for board STEVAL-BFA001V2B
2025-07-25 09:47:18,719 [INFO] DbBoards:161 - Kit is not supported: STEVAL-BFA001V2B
2025-07-25 09:47:19,089 [INFO] DbBoards:168 - Found 212 boards, 209 are supported
2025-07-25 09:47:19,089 [INFO] DbBoards:169 - Found 212 boards, 43 of them is supported for  Bsp
2025-07-25 09:47:19,095 [INFO] ApiDb:423 - Load user favorites file C:\Users\Chinnapop/.stm32cubeide/favorites.boards.txt: 0 item(s)
2025-07-25 09:47:19,095 [INFO] ApiDb:427 - User favorites Boards=[]
2025-07-25 09:47:19,095 [INFO] DbBoards:198 - Set 0 / 0 favorites Boards
2025-07-25 09:47:19,137 [INFO] LoadUrlFilesThread:185 - End of LoadServerUrlFiles without Thread
2025-07-25 09:47:19,137 [INFO] TargetSelectorAdapter:259 - Refresh data is successful
2025-07-25 09:47:19,145 [INFO] ApiDb:668 - CubeFinder database Data Model version=2.1
2025-07-25 09:47:19,145 [INFO] ApiDb:669 - CubeFinder database Configuration version=3.0.39
2025-07-25 09:47:19,145 [INFO] ApiDb:670 - CubeFinder database generation date=2025-07-21 (1753107327)
2025-07-25 09:47:19,145 [INFO] ApiDb:671 - CubeFinder database FW Pack versions=[FP-ATR-ASTRA1_V2.0.0, FP-SNS-FLIGHT1_V5.1.0, FP-SNS-MOTENV1_V5.0.0, FP-SNS-MOTENVWB1_V1.4.0, FP-SNS-SMARTAG2_V1.2.0, FP-SNS-STBOX1_V2.0.0, STM32Cube_FW_C0_V1.4.0, STM32Cube_FW_F4_V1.28.2, STM32Cube_FW_F7_V1.17.3, STM32Cube_FW_G0_V1.6.2, STM32Cube_FW_G4_V1.6.1, STM32Cube_FW_H5_V1.5.0, STM32Cube_FW_H7RS_V1.2.0, STM32Cube_FW_H7_V1.12.1, STM32Cube_FW_L0_V1.12.2, STM32Cube_FW_L4_V1.18.1, STM32Cube_FW_L5_V1.5.1, STM32Cube_FW_N6_V1.2.0, STM32Cube_FW_U0_V1.3.0, STM32Cube_FW_U3_V1.2.0, STM32Cube_FW_U5_V1.8.0, STM32Cube_FW_WB0_V1.3.0, STM32Cube_FW_WBA_V1.7.0, STM32Cube_FW_WB_V1.23.0, STM32Cube_FW_WL3_V1.2.0, STM32Cube_FW_WL_V1.3.1, X-CUBE-ALGOBUILD_V1.4.0, X-CUBE-ALS_V1.0.2, X-CUBE-AZRTOS-F4_V1.1.0, X-CUBE-AZRTOS-F7_V1.1.0, X-CUBE-AZRTOS-G0_V1.1.0, X-CUBE-AZRTOS-G4_V2.0.0, X-CUBE-AZRTOS-H7RS_V1.1.0, X-CUBE-AZRTOS-H7_V3.3.0, X-CUBE-AZRTOS-L4_V2.0.0, X-CUBE-AZRTOS-L5_V2.0.0, X-CUBE-AZRTOS-WB_V2.0.0, X-CUBE-AZRTOS-WL_V2.0.0, X-CUBE-BLE1_V7.1.0, X-CUBE-BLE2_V3.3.0, X-CUBE-BLEMGR_V4.0.0, X-CUBE-EEPRMA1_V5.1.0, X-CUBE-FREERTOS_V1.3.1, X-CUBE-GNSS1_V6.0.0, X-CUBE-MEMS1_V11.3.0, X-CUBE-NFC4_V3.0.0, X-CUBE-NFC7_V2.0.0, X-CUBE-SFXS2LP1_V4.0.0, X-CUBE-SUBG2_V5.0.0, X-CUBE-TOF1_V3.4.3]
2025-07-25 09:47:19,695 [ERROR] DbExamplesSqlite:437 - Missing JSON key: board_cpn
2025-07-25 09:47:19,696 [ERROR] DbExamplesSqlite:437 - Missing JSON key: board_cpn
2025-07-25 09:47:19,696 [ERROR] DbExamplesSqlite:437 - Missing JSON key: board_cpn
2025-07-25 09:47:19,696 [ERROR] DbExamplesSqlite:437 - Missing JSON key: board_cpn
2025-07-25 09:47:19,796 [ERROR] DbExamplesSqlite:437 - Missing JSON key: board_cpn
2025-07-25 09:47:19,796 [ERROR] DbExamplesSqlite:437 - Missing JSON key: board_cpn
2025-07-25 09:47:19,796 [ERROR] DbExamplesSqlite:437 - Missing JSON key: board_cpn
2025-07-25 09:47:19,796 [ERROR] DbExamplesSqlite:437 - Missing JSON key: board_cpn
2025-07-25 09:47:19,796 [ERROR] DbExamplesSqlite:437 - Missing JSON key: board_cpn
2025-07-25 09:47:19,796 [ERROR] DbExamplesSqlite:437 - Missing JSON key: board_cpn
2025-07-25 09:47:19,797 [ERROR] DbExamplesSqlite:437 - Missing JSON key: board_cpn
2025-07-25 09:47:19,797 [ERROR] DbExamplesSqlite:437 - Missing JSON key: board_cpn
2025-07-25 09:47:19,797 [ERROR] DbExamplesSqlite:437 - Missing JSON key: board_cpn
2025-07-25 09:47:19,918 [ERROR] DbExamplesSqlite:437 - Missing JSON key: board_cpn
2025-07-25 09:47:19,940 [INFO] DbExamplesSqlite:395 - Ignored 33 examples not supported by CubeIDE
2025-07-25 09:47:19,941 [INFO] DbExamplesSqlite:396 - Found 10854 examples active
2025-07-25 09:47:19,941 [INFO] DbExamplesSqlite:397 - Found 0 examples obsolete
2025-07-25 09:47:19,941 [INFO] DbExamplesSqlite:398 - Found 0 examples under development
2025-07-25 09:47:19,941 [INFO] DbExamplesSqlite:399 - Found 65 examples not building
2025-07-25 09:47:19,943 [INFO] DbExamples:125 - Found 10886 examples
2025-07-25 09:47:19,958 [INFO] DbExamples:222 - Found 133 boards with related examples
2025-07-25 09:47:19,959 [INFO] DbExamples:235 - Found 110 MCUs with related examples
2025-07-25 09:47:19,985 [INFO] ApiDb:423 - Load user favorites file C:\Users\Chinnapop/.stm32cubeide/favorites.examples.txt: 0 item(s)
2025-07-25 09:47:19,985 [INFO] ApiDb:427 - User favorites Examples=[]
2025-07-25 09:47:19,985 [INFO] DbExamples:250 - Set 0 / 0 favorites Examples
2025-07-25 09:47:20,129 [INFO] McuFinderGlobals:76 - Set McuFinderConnectedMode to true
2025-07-25 09:47:20,136 [INFO] MultiScanPanel:200 - Auto-refresh data requested => check proxy status ongoing
2025-07-25 09:47:20,139 [INFO] FinderPluginLoader:96 - Searching for filters in installed packs
2025-07-25 09:47:21,480 [INFO] LoadUrlFilesThread:185 - End of LoadServerUrlFiles without Thread
2025-07-25 09:47:21,556 [INFO] DetailPanel:341 - Set advertising image to C:/Users/Chinnapop/STM32Cube/Repository/\en.2400x1350px.jpeg
2025-07-25 09:55:57,888 [INFO] MainUpdater:2872 - connection check result : 10
2025-07-25 09:55:58,027 [INFO] McuFinderGlobals:76 - Set McuFinderConnectedMode to true
2025-07-25 09:55:58,029 [INFO] MultiScanPanel:200 - Auto-refresh data requested => check proxy status ongoing
2025-07-25 09:55:58,030 [INFO] FinderPluginLoader:96 - Searching for filters in installed packs
2025-07-25 09:55:58,878 [INFO] LoadUrlFilesThread:185 - End of LoadServerUrlFiles without Thread
2025-07-25 09:55:58,878 [INFO] DetailPanel:341 - Set advertising image to C:/Users/Chinnapop/STM32Cube/Repository/\en.2400x1350px.jpeg
2025-07-25 10:14:30,156 [INFO] WebApp:194 - Connection lost
2025-07-25 10:14:30,369 [INFO] WebApp:191 - Connection restablished
2025-07-25 10:44:53,151 [INFO] WebApp:194 - Connection lost
2025-07-25 10:44:53,502 [INFO] WebApp:191 - Connection restablished
2025-07-25 10:53:26,785 [INFO] MainUpdater:2872 - connection check result : 10
2025-07-25 10:53:26,904 [INFO] McuFinderGlobals:76 - Set McuFinderConnectedMode to true
2025-07-25 10:53:26,905 [INFO] MultiScanPanel:200 - Auto-refresh data requested => check proxy status ongoing
2025-07-25 10:53:26,906 [INFO] FinderPluginLoader:96 - Searching for filters in installed packs
2025-07-25 10:53:27,612 [INFO] LoadUrlFilesThread:185 - End of LoadServerUrlFiles without Thread
2025-07-25 10:53:27,612 [INFO] DetailPanel:341 - Set advertising image to C:/Users/Chinnapop/STM32Cube/Repository/\en.2400x1350px.jpeg
2025-07-25 10:55:43,898 [INFO] MultiScanPanel:200 - Auto-refresh data requested => check proxy status ongoing
2025-07-25 10:55:44,034 [INFO] LoadUrlFilesThread:185 - End of LoadServerUrlFiles without Thread
2025-07-25 10:55:44,034 [INFO] DetailPanel:341 - Set advertising image to C:/Users/Chinnapop/STM32Cube/Repository/\en.2400x1350px.jpeg
2025-07-25 10:55:44,049 [INFO] DbBoards:642 - Loading board mini-images...
2025-07-25 10:55:46,344 [ERROR] DbBoards:659 - Image file not found for board STM32MP215F-DK: C:\Users\Chinnapop\.stmcufinder\plugins\mcufinder//mcu//boards_images/STM32MP215F-DK.jpg
2025-07-25 10:55:46,445 [INFO] DbBoards:665 - Loaded 211 board mini-images
2025-07-25 10:56:46,490 [INFO] MainUpdater:2872 - connection check result : 10
2025-07-25 10:56:46,491 [INFO] MainUpdater:2872 - connection check result : 10
2025-07-25 10:56:46,580 [INFO] MicroXplorer:468 - Change Database Path : 
2025-07-25 10:56:46,580 [INFO] MicroXplorer:498 - Change Database Version : DB.6.0.150
2025-07-25 10:56:46,700 [ERROR] ProjectManagerView:395 - 
java.lang.NullPointerException: Cannot invoke "javax.swing.JTextField.getText()" because the return value of "java.util.List.get(int)" is null
	at com.st.microxplorer.plugins.projectmanager.gui.ProjectChoiceTab$9.caretUpdate(ProjectChoiceTab.java:2706) ~[filemanager.jar:?]
	at javax.swing.text.JTextComponent.fireCaretUpdate(JTextComponent.java:408) ~[?:?]
	at javax.swing.text.JTextComponent$MutableCaretEvent.fire(JTextComponent.java:4484) ~[?:?]
	at javax.swing.text.JTextComponent$MutableCaretEvent.stateChanged(JTextComponent.java:4506) ~[?:?]
	at javax.swing.text.DefaultCaret.fireStateChanged(DefaultCaret.java:857) ~[?:?]
	at javax.swing.text.DefaultCaret.changeCaretPosition(DefaultCaret.java:1343) ~[?:?]
	at javax.swing.text.DefaultCaret.handleSetDot(DefaultCaret.java:1242) ~[?:?]
	at javax.swing.text.DefaultCaret.setDot(DefaultCaret.java:1223) ~[?:?]
	at javax.swing.text.DefaultCaret$Handler.insertUpdate(DefaultCaret.java:1819) ~[?:?]
	at javax.swing.text.AbstractDocument.fireInsertUpdate(AbstractDocument.java:227) ~[?:?]
	at javax.swing.text.AbstractDocument.handleInsertString(AbstractDocument.java:781) ~[?:?]
	at javax.swing.text.AbstractDocument.insertString(AbstractDocument.java:740) ~[?:?]
	at javax.swing.text.PlainDocument.insertString(PlainDocument.java:131) ~[?:?]
	at javax.swing.text.AbstractDocument.replace(AbstractDocument.java:699) ~[?:?]
	at javax.swing.text.JTextComponent.setText(JTextComponent.java:1725) ~[?:?]
	at com.st.microxplorer.plugins.projectmanager.gui.ProjectChoiceTab.createHeapStackFields(ProjectChoiceTab.java:993) ~[filemanager.jar:?]
	at com.st.microxplorer.plugins.projectmanager.gui.ProjectChoiceTab.buildLinkSettingsPanel(ProjectChoiceTab.java:3813) ~[filemanager.jar:?]
	at com.st.microxplorer.plugins.projectmanager.gui.ProjectChoiceTab.defineWindowsFields(ProjectChoiceTab.java:1987) ~[filemanager.jar:?]
	at com.st.microxplorer.plugins.projectmanager.gui.ProjectChoiceTab.updateSettings(ProjectChoiceTab.java:558) ~[filemanager.jar:?]
	at com.st.microxplorer.plugins.projectmanager.gui.ProjectSettingsPanel.UpdateDialog(ProjectSettingsPanel.java:247) ~[filemanager.jar:?]
	at com.st.microxplorer.plugins.projectmanager.ProjectManagerView.propertyChange(ProjectManagerView.java:392) ~[filemanager.jar:?]
	at java.beans.PropertyChangeSupport.fire(PropertyChangeSupport.java:343) ~[?:?]
	at java.beans.PropertyChangeSupport.firePropertyChange(PropertyChangeSupport.java:335) ~[?:?]
	at java.beans.PropertyChangeSupport.firePropertyChange(PropertyChangeSupport.java:268) ~[?:?]
	at com.st.microxplorer.util.MXPropertyChangeSupport.firePropertyChange(MXPropertyChangeSupport.java:54) ~[STM32CubeMX.jar:?]
	at com.st.microxplorer.mxsystem.MxSystem.closeConfig(MxSystem.java:899) ~[STM32CubeMX.jar:?]
	at com.st.microxplorer.maingui.MainPanel.closeConfig(MainPanel.java:792) ~[STM32CubeMX.jar:?]
	at com.st.microxplorer.plugins.filemanager.engine.OpenFileManager.loadConfigurationFile(OpenFileManager.java:288) ~[filemanager.jar:?]
	at com.st.microxplorer.plugins.filemanager.engine.MainFileManager.userLoadConfig(MainFileManager.java:364) ~[filemanager.jar:?]
	at com.st.microxplorer.plugins.filemanager.FileManagerView.getSpecificTask(FileManagerView.java:268) ~[filemanager.jar:?]
	at com.st.stm32cube.common.mx.editor.CubeMxEditor.getMxTabbedPaneInstance(CubeMxEditor.java:1191) ~[com.st.stm32cube.common.mx_6.15.0.202507011659/:?]
	at com.st.stm32cube.common.mx.editor.CubeMxEditor$12$1.createSwingComponent(CubeMxEditor.java:1068) ~[com.st.stm32cube.common.mx_6.15.0.202507011659/:?]
	at com.st.stm32cube.common.mx.oss.core.awtswtbridge.EmbeddedSwingComposite.doComponentCreation(EmbeddedSwingComposite.java:492) ~[com.st.stm32cube.common.mx.oss_6.15.0.202507011659/:?]
	at com.st.stm32cube.common.mx.oss.core.awtswtbridge.EmbeddedSwingComposite$4.run(EmbeddedSwingComposite.java:291) ~[com.st.stm32cube.common.mx.oss_6.15.0.202507011659/:?]
	at com.st.stm32cube.common.mx.oss.core.awtswtbridge.AwtEnvironment$2.run(AwtEnvironment.java:166) ~[com.st.stm32cube.common.mx.oss_6.15.0.202507011659/:?]
	at java.awt.event.InvocationEvent.dispatch(InvocationEvent.java:318) ~[?:?]
	at java.awt.EventQueue.dispatchEventImpl(EventQueue.java:773) ~[?:?]
	at java.awt.EventQueue$4.run(EventQueue.java:720) ~[?:?]
	at java.awt.EventQueue$4.run(EventQueue.java:714) ~[?:?]
	at java.security.AccessController.doPrivileged(AccessController.java:400) ~[?:?]
	at java.security.ProtectionDomain$JavaSecurityAccessImpl.doIntersectionPrivilege(ProtectionDomain.java:87) ~[?:?]
	at java.awt.EventQueue.dispatchEvent(EventQueue.java:742) ~[?:?]
	at java.awt.EventDispatchThread.pumpOneEventForFilters(EventDispatchThread.java:203) ~[?:?]
	at java.awt.EventDispatchThread.pumpEventsForFilter(EventDispatchThread.java:124) ~[?:?]
	at java.awt.EventDispatchThread.pumpEventsForHierarchy(EventDispatchThread.java:113) ~[?:?]
	at java.awt.EventDispatchThread.pumpEvents(EventDispatchThread.java:109) ~[?:?]
	at java.awt.EventDispatchThread.pumpEvents(EventDispatchThread.java:101) ~[?:?]
	at java.awt.EventDispatchThread.run(EventDispatchThread.java:90) ~[?:?]
2025-07-25 10:56:46,740 [WARN] ThirdParty:871 - waiting for thirdparty lock release [close project]
2025-07-25 10:56:46,740 [INFO] ThirdParty:873 - entering critical section [close project]
2025-07-25 10:56:46,741 [INFO] ThirdParty:883 - exiting critical section [close project]
2025-07-25 10:56:46,749 [INFO] PinOutPanel:1589 - setPackage(No Configuration,No Configuration)
2025-07-25 10:56:46,792 [WARN] IpParametersView:155 - Warning: This peripheral hasn't parameters
2025-07-25 10:56:46,821 [WARN] MainPanel:289 - <html><b><center>Warning: This peripheral has no parameters to be configured<br></b></html>
2025-07-25 10:56:46,835 [INFO] UtilMem:75 - Begin LoadConfig() Used Memory: 1039660920 Bytes (1073741824)
2025-07-25 10:56:46,839 [INFO] OpenFileManager:355 - Change cursor
2025-07-25 10:56:46,903 [INFO] RulesReader:64 - Compatibility file has been processed (317 Rules)
2025-07-25 10:56:46,917 [INFO] ProjectFactory:514 - No CPN specified for board NUCLEO-F722ZE => set CPN to STM32F722ZET6
2025-07-25 10:56:46,917 [INFO] Mcu:2029 - Initializing MCU STM32F722Z(C-E)Tx STM32F722ZETx STM32F722ZET6
2025-07-25 10:56:49,868 [INFO] Context:786 - Trying to add GPIOservice into a context  which must be forbidden
2025-07-25 10:56:50,775 [INFO] Rule:233 - rule 117617 - U5Cobra4M][GTZC] default value MPCBB3 and MPCBB5 - Not Secured memory - MPCBB1 is applicable
2025-07-25 10:56:50,776 [INFO] Rule:233 - rule 117617 - U5Cobra4M][GTZC] default value MPCBB3 and MPCBB5 - Not Secured memory - MPCBB1 is applicable
2025-07-25 10:56:50,776 [INFO] Rule:233 - rule 117617 - U5Cobra4M][GTZC] default value MPCBB3 and MPCBB5 - Not Secured memory - MPCBB2 is applicable
2025-07-25 10:56:50,776 [INFO] Rule:233 - rule 117617 - U5Cobra4M][GTZC] default value MPCBB3 and MPCBB5 - Not Secured memory - MPCBB2 is applicable
2025-07-25 10:56:50,776 [INFO] Rule:233 - rule 117617 - U5Cobra4M][GTZC] default value MPCBB3 and MPCBB5 - Not Secured memory - MPCBB3 is applicable
2025-07-25 10:56:50,776 [INFO] Rule:233 - rule 117617 - U5Cobra4M][GTZC] default value MPCBB3 and MPCBB5 - Not Secured memory - MPCBB3 is applicable
2025-07-25 10:56:50,776 [INFO] Rule:233 - rule 117617 - U5Cobra4M][GTZC] default value MPCBB3 and MPCBB5 - Not Secured memory - MPCBB4 is applicable
2025-07-25 10:56:50,776 [INFO] Rule:233 - rule 117617 - U5Cobra4M][GTZC] default value MPCBB3 and MPCBB5 - Not Secured memory - MPCBB4 is applicable
2025-07-25 10:56:50,776 [INFO] Rule:233 - rule 117617 - U5Cobra4M][GTZC] default value MPCBB3 and MPCBB5 - Secured memory - MPCBB1 is applicable
2025-07-25 10:56:50,776 [INFO] Rule:233 - rule 117617 - U5Cobra4M][GTZC] default value MPCBB3 and MPCBB5 - Secured memory - MPCBB2 is applicable
2025-07-25 10:56:50,776 [INFO] Rule:233 - rule 117617 - U5Cobra4M][GTZC] default value MPCBB3 and MPCBB5 - Secured memory - MPCBB3 is applicable
2025-07-25 10:56:50,776 [INFO] Rule:233 - rule 117617 - U5Cobra4M][GTZC] default value MPCBB3 and MPCBB5 - Secured memory - MPCBB4 is applicable
2025-07-25 10:56:50,776 [INFO] Rule:233 - rule 117617 - U5Cobra4M][GTZC] default value MPCBB3 and MPCBB5 - Privileged memory - MPCBB1 is applicable
2025-07-25 10:56:50,776 [INFO] Rule:233 - rule 117617 - U5Cobra4M][GTZC] default value MPCBB3 and MPCBB5 - Privileged memory - MPCBB2 is applicable
2025-07-25 10:56:50,776 [INFO] Rule:233 - rule 117617 - U5Cobra4M][GTZC] default value MPCBB3 and MPCBB5 - Privileged memory - MPCBB3 is applicable
2025-07-25 10:56:50,776 [INFO] Rule:233 - rule 117617 - U5Cobra4M][GTZC] default value MPCBB3 and MPCBB5 - Privileged memory - MPCBB4 is applicable
2025-07-25 10:56:50,776 [INFO] Rule:233 - rule 117617 - U5Cobra4M][GTZC] default value MPCBB3 and MPCBB5 - Not Privileged memory - MPCBB1 is applicable
2025-07-25 10:56:50,776 [INFO] Rule:233 - rule 117617 - U5Cobra4M][GTZC] default value MPCBB3 and MPCBB5 - Not Privileged memory - MPCBB2 is applicable
2025-07-25 10:56:50,776 [INFO] Rule:233 - rule 117617 - U5Cobra4M][GTZC] default value MPCBB3 and MPCBB5 - Not Privileged memory - MPCBB3 is applicable
2025-07-25 10:56:50,776 [INFO] Rule:233 - rule 117617 - U5Cobra4M][GTZC] default value MPCBB3 and MPCBB5 - Not Privileged memory - MPCBB4 is applicable
2025-07-25 10:56:50,776 [INFO] Rule:233 - rule 117617 - U5Cobra4M][GTZC] default value MPCBB3 and MPCBB5 - Privileged memory - MPCBB1 is applicable
2025-07-25 10:56:50,776 [INFO] Rule:233 - rule 117617 - U5Cobra4M][GTZC] default value MPCBB3 and MPCBB5 - Privileged memory - MPCBB2 is applicable
2025-07-25 10:56:50,776 [INFO] Rule:233 - rule 117617 - U5Cobra4M][GTZC] default value MPCBB3 and MPCBB5 - Privileged memory - MPCBB3 is applicable
2025-07-25 10:56:50,776 [INFO] Rule:233 - rule 117617 - U5Cobra4M][GTZC] default value MPCBB3 and MPCBB5 - Privileged memory - MPCBB4 is applicable
2025-07-25 10:56:50,776 [INFO] Rule:233 - rule 117617 - U5Cobra4M][GTZC] default value MPCBB3 and MPCBB5 - Privileged memory - MPCBB1 is applicable
2025-07-25 10:56:50,776 [INFO] Rule:233 - rule 117617 - U5Cobra4M][GTZC] default value MPCBB3 and MPCBB5 - Privileged memory - MPCBB2 is applicable
2025-07-25 10:56:50,776 [INFO] Rule:233 - rule 117617 - U5Cobra4M][GTZC] default value MPCBB3 and MPCBB5 - Privileged memory - MPCBB3 is applicable
2025-07-25 10:56:50,776 [INFO] Rule:233 - rule 117617 - U5Cobra4M][GTZC] default value MPCBB3 and MPCBB5 - Privileged memory - MPCBB4 is applicable
2025-07-25 10:56:50,776 [INFO] Rule:233 - rule 117617 - U5Cobra4M][GTZC] default value MPCBB3 and MPCBB5 - Not Privileged memory - MPCBB1 is applicable
2025-07-25 10:56:50,776 [INFO] Rule:233 - rule 117617 - U5Cobra4M][GTZC] default value MPCBB3 and MPCBB5 - Not Privileged memory - MPCBB2 is applicable
2025-07-25 10:56:50,776 [INFO] Rule:233 - rule 117617 - U5Cobra4M][GTZC] default value MPCBB3 and MPCBB5 - Not Privileged memory - MPCBB3 is applicable
2025-07-25 10:56:50,776 [INFO] Rule:233 - rule 117617 - U5Cobra4M][GTZC] default value MPCBB3 and MPCBB5 - Not Privileged memory - MPCBB4 is applicable
2025-07-25 10:56:50,776 [INFO] Rule:233 - rule 117617 - U5Cobra4M][GTZC] default value MPCBB3 and MPCBB5 - Privileged memory - MPCBB1 is applicable
2025-07-25 10:56:50,776 [INFO] Rule:233 - rule 117617 - U5Cobra4M][GTZC] default value MPCBB3 and MPCBB5 - Privileged memory - MPCBB2 is applicable
2025-07-25 10:56:50,776 [INFO] Rule:233 - rule 117617 - U5Cobra4M][GTZC] default value MPCBB3 and MPCBB5 - Privileged memory - MPCBB3 is applicable
2025-07-25 10:56:50,776 [INFO] Rule:233 - rule 117617 - U5Cobra4M][GTZC] default value MPCBB3 and MPCBB5 - Privileged memory - MPCBB4 is applicable
2025-07-25 10:56:50,776 [INFO] Rule:233 - rule Rename SubGHz_Phy SUBGHZ_APPLICATION SUBGHZ_PINGPONG to SUBGHZ_ADV_APPLICATION is applicable
2025-07-25 10:56:50,776 [INFO] Rule:233 - rule GTZC_S instance for project manager is applicable
2025-07-25 10:56:50,776 [INFO] Rule:233 - rule GTZC_S instance for context M33S is applicable
2025-07-25 10:56:50,776 [INFO] Rule:233 - rule GTZC_S instance value for IP GTZC is applicable
2025-07-25 10:56:50,776 [INFO] Rule:233 - rule GTZC_S instance for mcu.IP is applicable
2025-07-25 10:56:50,776 [INFO] Rule:233 - rule GTZC_S instance for VP is applicable
2025-07-25 10:56:50,776 [INFO] Rule:233 - rule GTZC_S instance for signal is applicable
2025-07-25 10:56:50,776 [INFO] Rule:233 - rule GTZC_S instance for VP is applicable
2025-07-25 10:56:50,776 [INFO] Rule:233 - rule GTZC_S instance for signal is applicable
2025-07-25 10:56:50,776 [INFO] Rule:233 - rule GTZC_S instance for mcu is applicable
2025-07-25 10:56:50,776 [INFO] Rule:233 - rule GTZC_S instance for mcu.Pin is applicable
2025-07-25 10:56:50,776 [INFO] Rule:233 - rule GTZC_S instance value for IP GTZC is applicable
2025-07-25 10:56:50,776 [INFO] Rule:233 - rule GTZC_S instance for project manager is applicable
2025-07-25 10:56:50,776 [INFO] Rule:233 - rule GTZC_S instance for context M33S is applicable
2025-07-25 10:56:50,776 [INFO] Rule:233 - rule GTZC_S instance for VP is applicable
2025-07-25 10:56:50,776 [INFO] Rule:233 - rule GTZC_S instance for signal is applicable
2025-07-25 10:56:50,777 [INFO] Rule:233 - rule WakeUp0 Mode is applicable
2025-07-25 10:56:50,777 [INFO] Rule:233 - rule WakeUp0 SIGNAL is applicable
2025-07-25 10:56:50,777 [INFO] Rule:233 - rule WakeUp1 Mode is applicable
2025-07-25 10:56:50,777 [INFO] Rule:233 - rule WakeUp1 SIGNAL is applicable
2025-07-25 10:56:50,777 [INFO] Rule:233 - rule WakeUp2 Mode is applicable
2025-07-25 10:56:50,777 [INFO] Rule:233 - rule WakeUp2 SIGNAL is applicable
2025-07-25 10:56:50,777 [INFO] Rule:233 - rule WakeUp4 Mode is applicable
2025-07-25 10:56:50,777 [INFO] Rule:233 - rule WakeUp4 SIGNAL is applicable
2025-07-25 10:56:50,777 [INFO] Rule:233 - rule WakeUp5 Mode is applicable
2025-07-25 10:56:50,777 [INFO] Rule:233 - rule WakeUp5 SIGNAL is applicable
2025-07-25 10:56:50,777 [INFO] Rule:233 - rule Change Default Value for LSE Drive Capability for WB family is applicable
2025-07-25 10:56:50,777 [INFO] Rule:233 - rule Change Default Value for ADC Clock Prescaler G0 family is applicable
2025-07-25 10:56:50,777 [INFO] Rule:233 - rule Change GPIO_Pu Default Value for I2C is applicable
2025-07-25 10:56:50,777 [INFO] Rule:233 - rule Change GPIO_Pu Default Value for SMBus is applicable
2025-07-25 10:56:50,777 [INFO] Rule:233 - rule change FDCAN default value is applicable
2025-07-25 10:56:50,777 [INFO] Rule:233 - rule Adapt Old IOC before rework replace old CORTEX_M33/CORTEX_M55 attributes by the new one. is applicable
2025-07-25 10:56:50,777 [INFO] Rule:233 - rule Rename parametre of RCC RCC_APBDBG_DIV2 to RCC_TIMPRES_DIV2 is applicable
2025-07-25 10:56:50,777 [INFO] Rule:233 - rule Rename DIE493 pin PA10 [PA12] -> PA10 is applicable
2025-07-25 10:56:50,777 [INFO] Rule:233 - rule Rename DIE493 pin PA9 [PA11] -> PA9 is applicable
2025-07-25 10:56:50,777 [INFO] Rule:233 - rule Rename DIE492 PartNumber CPN STM32WBA5MJGHx -> STM32WBA5MMGHx is applicable
2025-07-25 10:56:50,777 [INFO] Rule:233 - rule Rename DIE492 PartNumber  Name STM32WBA5MJGHx -> STM32WBA5MMGHx is applicable
2025-07-25 10:56:50,777 [INFO] Rule:233 - rule Rename DIE492 PartNumber UserName STM32WBA5MJGHx -> STM32WBA5MMGHx is applicable
2025-07-25 10:56:50,777 [INFO] Rule:233 - rule Rename DIE492 PartNumber DeviceId STM32WBA5MJGHx -> STM32WBA5MMGHx is applicable
2025-07-25 10:56:50,777 [INFO] Rule:233 - rule Adapt Old IOC CSI. is applicable
2025-07-25 10:56:50,777 [INFO] Rule:233 - rule Adapt Old IOC DCMIPP. is applicable
2025-07-25 10:56:50,777 [INFO] Rule:233 - rule Adapt Old IOC DCMIPP Mode Parallel. is applicable
2025-07-25 10:56:50,777 [INFO] Rule:233 - rule Adapt Old IOC LTDC. is applicable
2025-07-25 10:56:50,777 [INFO] Rule:233 - rule Rename STM32MP2 RIF Peripheral LTDC RIF.RISUP.LTDC_L0L1.Privilege -> RIF.RISUP.LTDC_L1L2.Privilege is applicable
2025-07-25 10:56:50,777 [INFO] Rule:233 - rule Rename STM32MP2 RIF Peripheral LTDC RIF.RISUP.LTDC_L0L1.Privilege -> RIF.RISUP.LTDC_L1L2.Privilege is applicable
2025-07-25 10:56:50,777 [INFO] Rule:233 - rule Rename STM32MP2 RIF Peripheral LTDC RIF.RISUP.LTDC_L0L1.Lock -> RIF.RISUP.LTDC_L1L2.Lock is applicable
2025-07-25 10:56:50,777 [INFO] Rule:233 - rule Rename STM32MP2 RIF Peripheral LTDC RIF.RISUP.LTDC_L2.Lock -> RIF.RISUP.LTDC_L3.Lock is applicable
2025-07-25 10:56:50,777 [INFO] Rule:233 - rule Adapt the old IOC example for updating the SYS when it is misconfigured. is applicable
2025-07-25 10:56:50,777 [INFO] Rule:233 - rule Rename STM32C09 Mcu.Package LQFP64 -> LQFP48 is applicable
2025-07-25 10:56:50,777 [INFO] Rule:233 - rule Adapt the old IOC example for updating the SYS when it is misconfigured. is applicable
2025-07-25 10:56:50,777 [INFO] Rule:233 - rule Adapt the old IOC example for updating the SYS when it is misconfigured. is applicable
2025-07-25 10:56:50,784 [INFO] DbConfProperties:307 - Apply Compatibility (7/87 Rules)
2025-07-25 10:56:50,812 [INFO] ImportTextPane:234 - (OptionalMessage_ERROR) Pin21 (VP_RIF_VS_RIF1) cannot be retrieved for this MCU
2025-07-25 10:56:51,037 [INFO] RtosManager:558 - Registered RTOS mode: class=CMSIS, group=RTOS, mode=CMSIS_V1, owner=FREERTOS
2025-07-25 10:56:51,037 [INFO] RtosManager:558 - Registered RTOS mode: class=CMSIS, group=RTOS2, mode=CMSIS_V2, owner=FREERTOS
2025-07-25 10:56:51,037 [INFO] RtosManager:558 - Registered RTOS mode: class=RTOS, group=Core, mode=CMSIS_V1, owner=FREERTOS
2025-07-25 10:56:51,037 [INFO] RtosManager:558 - Registered RTOS mode: class=RTOS, group=Core, mode=CMSIS_V2, owner=FREERTOS
2025-07-25 10:56:51,037 [WARN] ModelIntegratedComponent:184 - Missing modes for component STMicroelectronics:FreeRTOS:0.0.1:STMicroelectronics:RTOS:FreeRTOS:Core:::10.2.0:
2025-07-25 10:56:51,042 [WARN] ModelIntegratedComponent:63 - No mode defined for component null
2025-07-25 10:56:51,042 [WARN] ModelIntegratedComponent:63 - No mode defined for component null
2025-07-25 10:56:51,042 [WARN] ModelIntegratedComponent:63 - No mode defined for component null
2025-07-25 10:56:51,042 [WARN] ModelIntegratedComponent:63 - No mode defined for component null
2025-07-25 10:56:51,042 [WARN] ModelIntegratedComponent:63 - No mode defined for component null
2025-07-25 10:56:51,042 [WARN] ModelIntegratedComponent:63 - No mode defined for component null
2025-07-25 10:56:51,042 [WARN] ModelIntegratedComponent:63 - No mode defined for component null
2025-07-25 10:56:51,042 [WARN] ModelIntegratedComponent:63 - No mode defined for component null
2025-07-25 10:56:51,042 [WARN] ModelIntegratedComponent:63 - No mode defined for component null
2025-07-25 10:56:51,042 [WARN] ModelIntegratedComponent:63 - No mode defined for component null
2025-07-25 10:56:51,042 [WARN] ModelIntegratedComponent:63 - No mode defined for component null
2025-07-25 10:56:51,043 [WARN] ModelIntegratedComponent:63 - No mode defined for component null
2025-07-25 10:56:51,043 [WARN] ModelIntegratedComponent:63 - No mode defined for component null
2025-07-25 10:56:51,043 [WARN] ModelIntegratedComponent:63 - No mode defined for component null
2025-07-25 10:56:51,043 [WARN] ModelIntegratedComponent:63 - No mode defined for component null
2025-07-25 10:56:51,043 [WARN] ModelIntegratedComponent:63 - No mode defined for component null
2025-07-25 10:56:51,043 [WARN] ModelIntegratedComponent:63 - No mode defined for component null
2025-07-25 10:56:51,043 [WARN] ModelIntegratedComponent:63 - No mode defined for component null
2025-07-25 10:56:51,043 [WARN] ModelIntegratedComponent:63 - No mode defined for component null
2025-07-25 10:56:51,043 [WARN] ModelIntegratedComponent:63 - No mode defined for component null
2025-07-25 10:56:51,043 [WARN] ModelIntegratedComponent:63 - No mode defined for component null
2025-07-25 10:56:51,043 [WARN] ModelIntegratedComponent:63 - No mode defined for component null
2025-07-25 10:56:51,043 [WARN] ModelIntegratedComponent:63 - No mode defined for component null
2025-07-25 10:56:51,043 [WARN] ModelIntegratedComponent:63 - No mode defined for component null
2025-07-25 10:56:51,043 [WARN] ModelIntegratedComponent:63 - No mode defined for component null
2025-07-25 10:56:51,043 [WARN] ModelIntegratedComponent:63 - No mode defined for component null
2025-07-25 10:56:51,043 [WARN] ModelIntegratedComponent:63 - No mode defined for component null
2025-07-25 10:56:51,043 [WARN] ModelIntegratedComponent:63 - No mode defined for component null
2025-07-25 10:56:51,043 [WARN] ModelIntegratedComponent:63 - No mode defined for component null
2025-07-25 10:56:51,043 [WARN] ModelIntegratedComponent:63 - No mode defined for component null
2025-07-25 10:56:51,043 [WARN] ModelIntegratedComponent:63 - No mode defined for component null
2025-07-25 10:56:51,043 [WARN] ModelIntegratedComponent:63 - No mode defined for component null
2025-07-25 10:56:51,043 [WARN] ModelIntegratedComponent:63 - No mode defined for component null
2025-07-25 10:56:51,043 [WARN] ModelIntegratedComponent:63 - No mode defined for component null
2025-07-25 10:56:51,043 [WARN] ModelIntegratedComponent:63 - No mode defined for component null
2025-07-25 10:56:51,043 [WARN] ModelPack:524 - Component already loaded: STMicroelectronics:HAL Drivers:0.0.0:STMicroelectronics:Device:STMicro_Driver:XSPI:HAL::0.0.1:HAL_XSPI
2025-07-25 10:56:51,290 [INFO] ThirdPartyModel:298 - Start build external matchings
2025-07-25 10:56:52,729 [INFO] ThirdPartyModel:316 - End build external matchings
2025-07-25 10:56:52,835 [INFO] ImportTextPane:234 - (OptionalMessage_ERROR) IP (RCC) : Invalid parameter (48MHZClocksFreq_Value)
2025-07-25 10:56:52,835 [INFO] ImportTextPane:234 - (OptionalMessage_ERROR) IP (RCC) : Invalid parameter (ADC12outputFreq_Value)
2025-07-25 10:56:52,835 [INFO] ImportTextPane:234 - (OptionalMessage_ERROR) IP (RCC) : Invalid parameter (ADC34outputFreq_Value)
2025-07-25 10:56:52,835 [INFO] ImportTextPane:234 - (OptionalMessage_ERROR) IP (RCC) : Invalid parameter (DFSDMAudioFreq_Value)
2025-07-25 10:56:52,835 [INFO] ImportTextPane:234 - (OptionalMessage_ERROR) IP (RCC) : Invalid parameter (DFSDMFreq_Value)
2025-07-25 10:56:52,835 [INFO] ImportTextPane:234 - (OptionalMessage_ERROR) IP (RCC) : Invalid parameter (FMPI2C1Freq_Value)
2025-07-25 10:56:52,835 [INFO] ImportTextPane:234 - (OptionalMessage_ERROR) IP (RCC) : Invalid parameter (FamilyName)
2025-07-25 10:56:52,836 [INFO] ImportTextPane:234 - (OptionalMessage_ERROR) IP (RCC) : Invalid parameter (I2S1Freq_Value)
2025-07-25 10:56:52,836 [INFO] ImportTextPane:234 - (OptionalMessage_ERROR) IP (RCC) : Invalid parameter (I2S2Freq_Value)
2025-07-25 10:56:52,836 [INFO] ImportTextPane:234 - (OptionalMessage_ERROR) IP (RCC) : Invalid parameter (I2SClocksFreq_Value)
2025-07-25 10:56:52,836 [INFO] ImportTextPane:234 - (OptionalMessage_ERROR) IP (RCC) : Invalid parameter (MCOFreq_Value)
2025-07-25 10:56:52,851 [INFO] ImportTextPane:234 - (OptionalMessage_ERROR) IP (RCC) : Invalid parameter (PLLI2SPCLKFreq_Value)
2025-07-25 10:56:52,851 [INFO] ImportTextPane:234 - (OptionalMessage_ERROR) IP (RCC) : Invalid parameter (PLLI2SQoutputFreq_Value)
2025-07-25 10:56:52,855 [INFO] ImportTextPane:234 - (OptionalMessage_ERROR) IP (RCC) : Invalid parameter (PLLI2SoutputFreq_Value)
2025-07-25 10:56:52,855 [INFO] ImportTextPane:234 - (OptionalMessage_ERROR) IP (RCC) : Invalid parameter (PLLMCOFreq_Value)
2025-07-25 10:56:52,855 [INFO] ImportTextPane:234 - (OptionalMessage_ERROR) IP (RCC) : Invalid parameter (PLLMUL)
2025-07-25 10:56:52,862 [INFO] ImportTextPane:234 - (OptionalMessage_ERROR) IP (RCC) : Invalid parameter (PLLRCLKFreq_Value)
2025-07-25 10:56:52,862 [INFO] ImportTextPane:234 - (OptionalMessage_ERROR) IP (RCC) : Invalid parameter (PLLRoutputFreq_Value)
2025-07-25 10:56:52,862 [INFO] ImportTextPane:234 - (OptionalMessage_ERROR) IP (RCC) : Invalid parameter (PRESCALERUSB)
2025-07-25 10:56:52,862 [INFO] ImportTextPane:234 - (OptionalMessage_ERROR) IP (RCC) : Invalid parameter (PWRFreq_Value)
2025-07-25 10:56:52,862 [INFO] ImportTextPane:234 - (OptionalMessage_ERROR) IP (RCC) : Invalid parameter (RTCHSEDivFreq_Value)
2025-07-25 10:56:52,862 [INFO] ImportTextPane:234 - (OptionalMessage_ERROR) IP (RCC) : Invalid parameter (SDIOFreq_Value)
2025-07-25 10:56:52,862 [INFO] ImportTextPane:234 - (OptionalMessage_ERROR) IP (RCC) : Parameter (SDMMC2Freq_Value) has invalid value (216000000)
2025-07-25 10:56:52,862 [INFO] ImportTextPane:234 - (OptionalMessage_ERROR) IP (RCC) : Parameter (SDMMCFreq_Value) has invalid value (216000000)
2025-07-25 10:56:52,862 [INFO] ImportTextPane:234 - (OptionalMessage_ERROR) IP (RCC) : Invalid parameter (SYSCLKSourceVirtual)
2025-07-25 10:56:52,862 [INFO] ImportTextPane:234 - (OptionalMessage_ERROR) IP (RCC) : Invalid parameter (TIM15Freq_Value)
2025-07-25 10:56:52,862 [INFO] ImportTextPane:234 - (OptionalMessage_ERROR) IP (RCC) : Invalid parameter (TIM16Freq_Value)
2025-07-25 10:56:52,862 [INFO] ImportTextPane:234 - (OptionalMessage_ERROR) IP (RCC) : Invalid parameter (TIM17Freq_Value)
2025-07-25 10:56:52,862 [INFO] ImportTextPane:234 - (OptionalMessage_ERROR) IP (RCC) : Invalid parameter (TIM1Freq_Value)
2025-07-25 10:56:52,862 [INFO] ImportTextPane:234 - (OptionalMessage_ERROR) IP (RCC) : Invalid parameter (TIM20Freq_Value)
2025-07-25 10:56:52,862 [INFO] ImportTextPane:234 - (OptionalMessage_ERROR) IP (RCC) : Invalid parameter (TIM2Freq_Value)
2025-07-25 10:56:52,862 [INFO] ImportTextPane:234 - (OptionalMessage_ERROR) IP (RCC) : Invalid parameter (TIM3Freq_Value)
2025-07-25 10:56:52,862 [INFO] ImportTextPane:234 - (OptionalMessage_ERROR) IP (RCC) : Invalid parameter (TIM8Freq_Value)
2025-07-25 10:56:52,862 [INFO] ImportTextPane:234 - (OptionalMessage_ERROR) IP (RCC) : Invalid parameter (VCOI2SInputFreq_Value)
2025-07-25 10:56:52,864 [INFO] ImportTextPane:234 - (OptionalMessage_ERROR) IP (RCC) : Invalid parameter (VCOInputMFreq_Value)
2025-07-25 10:56:52,864 [INFO] ImportTextPane:234 - (OptionalMessage_ERROR) IP (RCC) : Invalid parameter (VCOOutput2Freq_Value)
2025-07-25 10:56:52,864 [INFO] ImportTextPane:234 - (OptionalMessage_ERROR) IP (RCC) : Invalid parameter (VcooutputI2S)
2025-07-25 10:56:53,558 [INFO] UtilMem:75 - End LoadConfig() Used Memory: 930421160 Bytes (1073741824)
2025-07-25 10:56:53,721 [WARN] ThirdParty:833 - waiting for thirdparty lock release [change project]
2025-07-25 10:56:53,722 [INFO] ThirdParty:835 - entering critical section [change project]
2025-07-25 10:56:53,722 [INFO] ThirdParty:1030 - CMSIS Pack Vendor :STMicroelectronics X-CUBE-PM33A1 1.0.0
2025-07-25 10:56:53,722 [INFO] ThirdParty:1030 - CMSIS Pack Vendor :STMicroelectronics USBPD 4.1
2025-07-25 10:56:53,722 [INFO] ThirdParty:1030 - CMSIS Pack Vendor :STMicroelectronics USB_HOST 2.0.0
2025-07-25 10:56:53,722 [INFO] ThirdParty:1030 - CMSIS Pack Vendor :STMicroelectronics FP-SNS-MOTENVWB1 1.4.0
2025-07-25 10:56:53,722 [INFO] ThirdParty:1030 - CMSIS Pack Vendor :STMicroelectronics X-CUBE-AZRTOS-F4 1.1.0
2025-07-25 10:56:53,722 [INFO] ThirdParty:1030 - CMSIS Pack Vendor :STMicroelectronics LIBJPEG 8.0.0
2025-07-25 10:56:53,722 [INFO] ThirdParty:1030 - CMSIS Pack Vendor :STMicroelectronics FP-ATR-ASTRA1 2.0.2
2025-07-25 10:56:53,722 [INFO] ThirdParty:1030 - CMSIS Pack Vendor :STMicroelectronics FP-ATR-ASTRA1 2.0.1
2025-07-25 10:56:53,722 [INFO] ThirdParty:1030 - CMSIS Pack Vendor :Avnet-IotConnect X-CUBE-IoTC-DA16k-PMOD 1.0.0
2025-07-25 10:56:53,722 [INFO] ThirdParty:1030 - CMSIS Pack Vendor :STMicroelectronics X-CUBE-SMBUS 2.1.0
2025-07-25 10:56:53,722 [INFO] ThirdParty:1030 - CMSIS Pack Vendor :STMicroelectronics X-CUBE-WB05N 1.1.0
2025-07-25 10:56:53,722 [INFO] ThirdParty:1030 - CMSIS Pack Vendor :STMicroelectronics X-CUBE-ISPU 2.1.0
2025-07-25 10:56:53,722 [INFO] ThirdParty:1030 - CMSIS Pack Vendor :STMicroelectronics X-CUBE-FREERTOS 1.2.0
2025-07-25 10:56:53,722 [INFO] ThirdParty:1030 - CMSIS Pack Vendor :STMicroelectronics X-CUBE-ST60 1.0.0
2025-07-25 10:56:53,722 [INFO] ThirdParty:1030 - CMSIS Pack Vendor :STMicroelectronics X-CUBE-NFC12 1.0.0
2025-07-25 10:56:53,722 [INFO] ThirdParty:1030 - CMSIS Pack Vendor :STMicroelectronics X-CUBE-AZRTOS-F7 1.1.0
2025-07-25 10:56:53,722 [INFO] ThirdParty:1030 - CMSIS Pack Vendor :STMicroelectronics X-CUBE-AZRTOS-L5 2.0.0
2025-07-25 10:56:53,722 [INFO] ThirdParty:1030 - CMSIS Pack Vendor :STMicroelectronics USB_DEVICE 2.0.0
2025-07-25 10:56:53,722 [INFO] ThirdParty:1030 - CMSIS Pack Vendor :STMicroelectronics X-CUBE-NFC6 3.1.0
2025-07-25 10:56:53,722 [INFO] ThirdParty:1030 - CMSIS Pack Vendor :STMicroelectronics X-CUBE-MEMS1 11.0.0
2025-07-25 10:56:53,722 [INFO] ThirdParty:1030 - CMSIS Pack Vendor :STMicroelectronics FreeRTOS 0.0.1
2025-07-25 10:56:53,722 [INFO] ThirdParty:1030 - CMSIS Pack Vendor :STMicroelectronics X-CUBE-DPower 1.2.0
2025-07-25 10:56:53,722 [INFO] ThirdParty:1030 - CMSIS Pack Vendor :STMicroelectronics FP-SNS-FLIGHT1 5.0.2
2025-07-25 10:56:53,722 [INFO] ThirdParty:1030 - CMSIS Pack Vendor :STMicroelectronics PDM2PCM 3.3.0
2025-07-25 10:56:53,723 [INFO] ThirdParty:1030 - CMSIS Pack Vendor :STMicroelectronics X-CUBE-AZRTOS-H7 3.4.0
2025-07-25 10:56:53,723 [INFO] ThirdParty:1030 - CMSIS Pack Vendor :STMicroelectronics X-CUBE-DISPLAY 3.0.0
2025-07-25 10:56:53,723 [INFO] ThirdParty:1030 - CMSIS Pack Vendor :STMicroelectronics X-CUBE-BLE1 7.0.0
2025-07-25 10:56:53,723 [INFO] ThirdParty:1030 - CMSIS Pack Vendor :STMicroelectronics X-CUBE-NFC10 1.0.0
2025-07-25 10:56:53,723 [INFO] ThirdParty:1030 - CMSIS Pack Vendor :STMicroelectronics X-CUBE-BLEMGR 4.0.0
2025-07-25 10:56:53,723 [INFO] ThirdParty:1030 - CMSIS Pack Vendor :STMicroelectronics X-CUBE-FREERTOS 1.3.1
2025-07-25 10:56:53,723 [INFO] ThirdParty:1030 - CMSIS Pack Vendor :STMicroelectronics HAL Drivers 0.0.0
2025-07-25 10:56:53,723 [INFO] ThirdParty:1030 - CMSIS Pack Vendor :emotas I-CUBE-CANOPEN 1.3.0
2025-07-25 10:56:53,723 [INFO] ThirdParty:1030 - CMSIS Pack Vendor :STMicroelectronics X-CUBE-FREERTOS 1.3.0
2025-07-25 10:56:53,723 [INFO] ThirdParty:1030 - CMSIS Pack Vendor :STMicroelectronics X-CUBE-NFC7 1.0.1
2025-07-25 10:56:53,723 [INFO] ThirdParty:1030 - CMSIS Pack Vendor :STMicroelectronics MBEDTLS 2.14.1
2025-07-25 10:56:53,723 [INFO] ThirdParty:1030 - CMSIS Pack Vendor :STMicroelectronics X-CUBE-BLEMGR 3.1.0
2025-07-25 10:56:53,723 [INFO] ThirdParty:1030 - CMSIS Pack Vendor :STMicroelectronics X-CUBE-AI 10.0.0
2025-07-25 10:56:53,723 [INFO] ThirdParty:1030 - CMSIS Pack Vendor :STMicroelectronics FP-SNS-STAIOTCFT 1.0.0
2025-07-25 10:56:53,723 [INFO] ThirdParty:1030 - CMSIS Pack Vendor :STMicroelectronics FP-SNS-SMARTAG2 1.2.0
2025-07-25 10:56:53,723 [INFO] ThirdParty:1030 - CMSIS Pack Vendor :STMicroelectronics FP-SNS-FLIGHT1 5.1.0
2025-07-25 10:56:53,723 [INFO] ThirdParty:1030 - CMSIS Pack Vendor :STMicroelectronics X-CUBE-MEMS1 11.1.0
2025-07-25 10:56:53,723 [INFO] ThirdParty:1030 - CMSIS Pack Vendor :STMicroelectronics X-CUBE-AZRTOS-WL 2.0.0
2025-07-25 10:56:53,723 [INFO] ThirdParty:1030 - CMSIS Pack Vendor :STMicroelectronics X-CUBE-DPower 1.3.0
2025-07-25 10:56:53,723 [INFO] ThirdParty:1030 - CMSIS Pack Vendor :STMicroelectronics FP-SNS-MOTENV1 5.0.0
2025-07-25 10:56:53,723 [INFO] ThirdParty:1030 - CMSIS Pack Vendor :STMicroelectronics USB_DEVICE 1.0.0
2025-07-25 10:56:53,723 [INFO] ThirdParty:1030 - CMSIS Pack Vendor :wolfSSL I-CUBE-wolfMQTT 1.19.0
2025-07-25 10:56:53,723 [INFO] ThirdParty:1030 - CMSIS Pack Vendor :STMicroelectronics X-CUBE-AZRTOS-L4 2.0.0
2025-07-25 10:56:53,723 [INFO] ThirdParty:1030 - CMSIS Pack Vendor :STMicroelectronics ThreadX 0.0.2
2025-07-25 10:56:53,723 [INFO] ThirdParty:1030 - CMSIS Pack Vendor :WES I-CUBE-Cesium 1.3.0
2025-07-25 10:56:53,723 [INFO] ThirdParty:1030 - CMSIS Pack Vendor :STMicroelectronics lwIP 2.1.2
2025-07-25 10:56:53,723 [INFO] ThirdParty:1030 - CMSIS Pack Vendor :STMicroelectronics X-CUBE-SFXS2LP1 4.0.0
2025-07-25 10:56:53,723 [INFO] ThirdParty:1030 - CMSIS Pack Vendor :STMicroelectronics X-CUBE-BLE2 3.3.0
2025-07-25 10:56:53,723 [INFO] ThirdParty:1030 - CMSIS Pack Vendor :STMicroelectronics PDM2PCM 3.2.0
2025-07-25 10:56:53,723 [INFO] ThirdParty:1030 - CMSIS Pack Vendor :STMicroelectronics X-CUBE-AZRTOS-H7 3.3.0
2025-07-25 10:56:53,723 [INFO] ThirdParty:1030 - CMSIS Pack Vendor :STMicroelectronics X-CUBE-NFC9 1.0.0
2025-07-25 10:56:53,723 [INFO] ThirdParty:1030 - CMSIS Pack Vendor :STMicroelectronics X-CUBE-BLE1 7.1.0
2025-07-25 10:56:53,723 [INFO] ThirdParty:1030 - CMSIS Pack Vendor :STMicroelectronics USB_DEVICE 3.0.0
2025-07-25 10:56:53,723 [INFO] ThirdParty:1030 - CMSIS Pack Vendor :STMicroelectronics X-CUBE-TCPP 4.1.0
2025-07-25 10:56:53,723 [INFO] ThirdParty:1030 - CMSIS Pack Vendor :STMicroelectronics X-CUBE-EEPRMA1 5.2.0
2025-07-25 10:56:53,723 [INFO] ThirdParty:1030 - CMSIS Pack Vendor :STMicroelectronics X-CUBE-BLEMGR 4.1.0
2025-07-25 10:56:53,723 [INFO] ThirdParty:1030 - CMSIS Pack Vendor :STMicroelectronics X-CUBE-IPS 3.0.0
2025-07-25 10:56:53,723 [INFO] ThirdParty:1030 - CMSIS Pack Vendor :STMicroelectronics X-CUBE-AZRTOS-WB 2.0.0
2025-07-25 10:56:53,723 [INFO] ThirdParty:1030 - CMSIS Pack Vendor :STMicroelectronics X-CUBE-GNSS1 7.0.0
2025-07-25 10:56:53,723 [INFO] ThirdParty:1030 - CMSIS Pack Vendor :STMicroelectronics X-CUBE-GNSS1 7.0.1
2025-07-25 10:56:53,723 [INFO] ThirdParty:1030 - CMSIS Pack Vendor :STMicroelectronics X-CUBE-TOUCHGFX 4.25.0
2025-07-25 10:56:53,723 [INFO] ThirdParty:1030 - CMSIS Pack Vendor :STMicroelectronics X-CUBE-AI 10.1.0
2025-07-25 10:56:53,724 [INFO] ThirdParty:1030 - CMSIS Pack Vendor :STMicroelectronics FP-SNS-STBOX1 2.0.0
2025-07-25 10:56:53,724 [INFO] ThirdParty:1030 - CMSIS Pack Vendor :STMicroelectronics X-CUBE-MEMS1 11.2.0
2025-07-25 10:56:53,724 [INFO] ThirdParty:1030 - CMSIS Pack Vendor :STMicroelectronics X-CUBE-AZRTOS-G0 1.1.0
2025-07-25 10:56:53,724 [INFO] ThirdParty:1030 - CMSIS Pack Vendor :STMicroelectronics X-CUBE-SAFEA1 1.2.2
2025-07-25 10:56:53,724 [INFO] ThirdParty:1030 - CMSIS Pack Vendor :STMicroelectronics X-CUBE-NFC4 3.0.0
2025-07-25 10:56:53,724 [INFO] ThirdParty:1030 - CMSIS Pack Vendor :STMicroelectronics X-CUBE-SUBG2 5.0.0
2025-07-25 10:56:53,724 [INFO] ThirdParty:1030 - CMSIS Pack Vendor :STMicroelectronics X-CUBE-AZRTOS-H7RS 1.1.0
2025-07-25 10:56:53,724 [INFO] ThirdParty:1030 - CMSIS Pack Vendor :STMicroelectronics STM32_WPAN 1.0.0
2025-07-25 10:56:53,724 [INFO] ThirdParty:1030 - CMSIS Pack Vendor :EmbeddedOffice I-CUBE-FS-RTOS 1.0.1
2025-07-25 10:56:53,724 [INFO] ThirdParty:1030 - CMSIS Pack Vendor :STMicroelectronics lwIP 2.0.3
2025-07-25 10:56:53,724 [INFO] ThirdParty:1030 - CMSIS Pack Vendor :Cesanta I-CUBE-Mongoose 7.13.0
2025-07-25 10:56:53,724 [INFO] ThirdParty:1030 - CMSIS Pack Vendor :STMicroelectronics USB_HOST 1.0.0
2025-07-25 10:56:53,724 [INFO] ThirdParty:1030 - CMSIS Pack Vendor :STMicroelectronics X-CUBE-AZRTOS-G4 2.0.0
2025-07-25 10:56:53,724 [INFO] ThirdParty:1030 - CMSIS Pack Vendor :STMicroelectronics X-CUBE-WB05N 2.0.0
2025-07-25 10:56:53,724 [INFO] ThirdParty:1030 - CMSIS Pack Vendor :STMicroelectronics PDM2PCM 3.1.0
2025-07-25 10:56:53,724 [INFO] ThirdParty:1030 - CMSIS Pack Vendor :STMicroelectronics X-CUBE-NFC7 2.0.0
2025-07-25 10:56:53,724 [INFO] ThirdParty:1030 - CMSIS Pack Vendor :STMicroelectronics X-CUBE-TCPP 4.2.0
2025-07-25 10:56:53,724 [INFO] ThirdParty:1030 - CMSIS Pack Vendor :RealThread X-CUBE-RT-Thread_Nano 4.1.1
2025-07-25 10:56:53,724 [INFO] ThirdParty:1030 - CMSIS Pack Vendor :STMicroelectronics FP-ATR-SIGFOX1 3.2.0
2025-07-25 10:56:53,724 [INFO] ThirdParty:1030 - CMSIS Pack Vendor :quantropi X-CUBE-qispace-sdk-base 1.9.3
2025-07-25 10:56:53,724 [INFO] ThirdParty:1030 - CMSIS Pack Vendor :STMicroelectronics X-CUBE-EEPRMA1 5.1.0
2025-07-25 10:56:53,724 [INFO] ThirdParty:1030 - CMSIS Pack Vendor :STMicroelectronics MBEDTLS 2.16.2
2025-07-25 10:56:53,724 [INFO] ThirdParty:1030 - CMSIS Pack Vendor :STMicroelectronics X-CUBE-IPS 3.1.0
2025-07-25 10:56:53,724 [INFO] ThirdParty:1030 - CMSIS Pack Vendor :STMicroelectronics X-CUBE-ALS 1.0.2
2025-07-25 10:56:53,724 [INFO] ThirdParty:1030 - CMSIS Pack Vendor :wolfSSL I-CUBE-wolfSSL 5.7.4
2025-07-25 10:56:53,724 [INFO] ThirdParty:1030 - CMSIS Pack Vendor :ITTIA_DB I-CUBE-ITTIADB 8.9.0
2025-07-25 10:56:53,724 [INFO] ThirdParty:1030 - CMSIS Pack Vendor :STMicroelectronics X-CUBE-TOUCHGFX 4.24.2
2025-07-25 10:56:53,724 [INFO] ThirdParty:1030 - CMSIS Pack Vendor :STMicroelectronics X-CUBE-TOUCHGFX 4.24.1
2025-07-25 10:56:53,724 [INFO] ThirdParty:1030 - CMSIS Pack Vendor :wolfSSL I-CUBE-wolfTPM 3.4.0
2025-07-25 10:56:53,724 [INFO] ThirdParty:1030 - CMSIS Pack Vendor :portGmbH I-Cube-SoM-uGOAL 1.1.0
2025-07-25 10:56:53,724 [INFO] ThirdParty:1030 - CMSIS Pack Vendor :STMicroelectronics X-CUBE-ST67W61 1.0.0
2025-07-25 10:56:53,724 [INFO] ThirdParty:1030 - CMSIS Pack Vendor :STMicroelectronics ThreadX 1.0.0
2025-07-25 10:56:53,724 [INFO] ThirdParty:1030 - CMSIS Pack Vendor :SEGGER I-CUBE-embOS 1.3.1
2025-07-25 10:56:53,724 [INFO] ThirdParty:1030 - CMSIS Pack Vendor :STMicroelectronics X-CUBE-ALGOBUILD 1.4.0
2025-07-25 10:56:53,724 [INFO] ThirdParty:1030 - CMSIS Pack Vendor :STMicroelectronics X-CUBE-MEMS1 11.3.0
2025-07-25 10:56:53,724 [INFO] ThirdParty:1030 - CMSIS Pack Vendor :STMicroelectronics X-CUBE-AZRTOS-H7RS 1.0.0
2025-07-25 10:56:53,724 [INFO] ThirdParty:1030 - CMSIS Pack Vendor :STMicroelectronics FP-ATR-ASTRA1 2.0.0
2025-07-25 10:56:53,724 [INFO] ThirdParty:1030 - CMSIS Pack Vendor :STMicroelectronics X-CUBE-TOF1 3.4.2
2025-07-25 10:56:53,724 [INFO] ThirdParty:1030 - CMSIS Pack Vendor :STMicroelectronics X-CUBE-TOF1 3.4.3
2025-07-25 10:56:53,724 [INFO] ThirdParty:1030 - CMSIS Pack Vendor :STMicroelectronics X-CUBE-AI 9.1.0
2025-07-25 10:56:53,724 [INFO] ThirdParty:1030 - CMSIS Pack Vendor :Infineon AIROC-Wi-Fi-Bluetooth-STM32 1.6.1
2025-07-25 10:56:53,724 [INFO] ThirdParty:1030 - CMSIS Pack Vendor :wolfSSL I-CUBE-wolfSSH 1.4.17
2025-07-25 10:56:53,724 [INFO] ThirdParty:841 - exiting critical section [change project]
2025-07-25 10:56:54,223 [INFO] PinOutPanel:1589 - setPackage(No Configuration,No Configuration)
2025-07-25 10:56:54,224 [INFO] PinOutPanel:1589 - setPackage(STM32F722ZETx,LQFP144)
2025-07-25 10:56:54,754 [INFO] UtilMem:75 - Before build in PCC Used Memory: 835264304 Bytes (1073741824)
2025-07-25 10:56:55,080 [INFO] UtilMem:75 - After build in PCC Used Memory: 888219440 Bytes (1073741824)
2025-07-25 10:56:55,111 [INFO] IPUIPlugin:80 - create IPUIPlugin
2025-07-25 10:56:55,111 [INFO] IPUIPlugin:80 - create IPUIPlugin
2025-07-25 10:56:55,111 [INFO] IPUIPlugin:80 - create IPUIPlugin
2025-07-25 10:56:55,111 [INFO] IPUIPlugin:80 - create IPUIPlugin
2025-07-25 10:56:55,111 [INFO] IPUIPlugin:80 - create IPUIPlugin
2025-07-25 10:56:55,112 [INFO] IPUIPlugin:80 - create IPUIPlugin
2025-07-25 10:56:55,112 [INFO] IPUIPlugin:80 - create IPUIPlugin
2025-07-25 10:56:55,112 [INFO] IPUIPlugin:80 - create IPUIPlugin
2025-07-25 10:56:55,112 [INFO] IPUIPlugin:80 - create IPUIPlugin
2025-07-25 10:56:55,112 [INFO] IPUIPlugin:80 - create IPUIPlugin
2025-07-25 10:56:55,112 [INFO] IPUIPlugin:80 - create IPUIPlugin
2025-07-25 10:56:55,112 [INFO] IPUIPlugin:80 - create IPUIPlugin
2025-07-25 10:56:55,112 [INFO] IPUIPlugin:80 - create IPUIPlugin
2025-07-25 10:56:55,113 [INFO] IPUIPlugin:80 - create IPUIPlugin
2025-07-25 10:56:55,113 [INFO] IPUIPlugin:80 - create IPUIPlugin
2025-07-25 10:56:55,113 [INFO] IPUIPlugin:80 - create IPUIPlugin
2025-07-25 10:56:55,113 [INFO] IPUIPlugin:80 - create IPUIPlugin
2025-07-25 10:56:55,113 [INFO] IPUIPlugin:80 - create IPUIPlugin
2025-07-25 10:56:55,113 [INFO] IPUIPlugin:80 - create IPUIPlugin
2025-07-25 10:56:55,113 [INFO] IPUIPlugin:80 - create IPUIPlugin
2025-07-25 10:56:55,113 [INFO] IPUIPlugin:80 - create IPUIPlugin
2025-07-25 10:56:55,113 [INFO] IPUIPlugin:80 - create IPUIPlugin
2025-07-25 10:56:55,113 [INFO] IPUIPlugin:80 - create IPUIPlugin
2025-07-25 10:56:55,114 [INFO] IPUIPlugin:80 - create IPUIPlugin
2025-07-25 10:56:55,114 [INFO] IPUIPlugin:80 - create IPUIPlugin
2025-07-25 10:56:55,114 [INFO] IPUIPlugin:80 - create IPUIPlugin
2025-07-25 10:56:55,114 [INFO] IPUIPlugin:80 - create IPUIPlugin
2025-07-25 10:56:55,114 [INFO] IPUIPlugin:80 - create IPUIPlugin
2025-07-25 10:56:55,114 [INFO] IPUIPlugin:80 - create IPUIPlugin
2025-07-25 10:56:55,114 [INFO] IPUIPlugin:80 - create IPUIPlugin
2025-07-25 10:56:55,116 [INFO] IPUIPlugin:80 - create IPUIPlugin
2025-07-25 10:56:55,116 [INFO] IPUIPlugin:80 - create IPUIPlugin
2025-07-25 10:56:55,116 [INFO] IPUIPlugin:80 - create IPUIPlugin
2025-07-25 10:56:55,116 [INFO] IPUIPlugin:80 - create IPUIPlugin
2025-07-25 10:56:55,116 [INFO] IPUIPlugin:80 - create IPUIPlugin
2025-07-25 10:56:55,116 [INFO] IPUIPlugin:80 - create IPUIPlugin
2025-07-25 10:56:55,116 [INFO] IPUIPlugin:80 - create IPUIPlugin
2025-07-25 10:56:55,116 [INFO] IPUIPlugin:80 - create IPUIPlugin
2025-07-25 10:56:55,116 [INFO] IPUIPlugin:80 - create IPUIPlugin
2025-07-25 10:56:55,116 [INFO] IPUIPlugin:80 - create IPUIPlugin
2025-07-25 10:56:55,117 [INFO] IPUIPlugin:80 - create IPUIPlugin
2025-07-25 10:56:55,117 [INFO] IPUIPlugin:80 - create IPUIPlugin
2025-07-25 10:56:55,117 [INFO] IPUIPlugin:80 - create IPUIPlugin
2025-07-25 10:56:55,117 [INFO] IPUIPlugin:80 - create IPUIPlugin
2025-07-25 10:56:55,117 [INFO] IPUIPlugin:80 - create IPUIPlugin
2025-07-25 10:56:55,117 [INFO] IPUIPlugin:80 - create IPUIPlugin
2025-07-25 10:56:55,117 [INFO] IPUIPlugin:80 - create IPUIPlugin
2025-07-25 10:56:55,117 [INFO] IPUIPlugin:80 - create IPUIPlugin
2025-07-25 10:56:55,118 [INFO] IPUIPlugin:80 - create IPUIPlugin
2025-07-25 10:56:55,118 [INFO] IPUIPlugin:80 - create IPUIPlugin
2025-07-25 10:56:55,118 [INFO] IPUIPlugin:80 - create IPUIPlugin
2025-07-25 10:56:55,118 [INFO] IPUIPlugin:80 - create IPUIPlugin
2025-07-25 10:56:55,119 [INFO] IPUIPlugin:80 - create IPUIPlugin
2025-07-25 10:56:55,119 [INFO] IPUIPlugin:80 - create IPUIPlugin
2025-07-25 10:56:55,119 [INFO] IPUIPlugin:80 - create IPUIPlugin
2025-07-25 10:56:55,119 [INFO] IPUIPlugin:80 - create IPUIPlugin
2025-07-25 10:56:55,120 [INFO] IPUIPlugin:80 - create IPUIPlugin
2025-07-25 10:56:55,120 [INFO] IPUIPlugin:80 - create IPUIPlugin
2025-07-25 10:56:55,120 [INFO] IPUIPlugin:80 - create IPUIPlugin
2025-07-25 10:56:55,120 [INFO] IPUIPlugin:80 - create IPUIPlugin
2025-07-25 10:56:55,121 [INFO] IPUIPlugin:80 - create IPUIPlugin
2025-07-25 10:56:55,121 [INFO] IPUIPlugin:80 - create IPUIPlugin
2025-07-25 10:56:55,121 [INFO] IPUIPlugin:80 - create IPUIPlugin
2025-07-25 10:56:55,121 [INFO] IPUIPlugin:80 - create IPUIPlugin
2025-07-25 10:56:55,122 [INFO] IPUIPlugin:80 - create IPUIPlugin
2025-07-25 10:56:55,136 [INFO] ApiDbMcu:532 - Load IP Config File for PDM2PCM
2025-07-25 10:56:55,237 [INFO] CADModel:165 - CPN selected for project levelSTM32F722ZET6
2025-07-25 10:56:55,237 [INFO] CADModel:114 - Register for checkConnection events
2025-07-25 10:56:55,344 [INFO] OpenFileManager:386 - Restore cursor
2025-07-25 10:56:56,788 [INFO] UtilMem:75 - End SaveConfig() Used Memory: 664882344 Bytes (1073741824)
2025-07-25 10:56:56,946 [INFO] UtilMem:75 - End SaveConfig() Used Memory: 694242456 Bytes (1073741824)
2025-07-25 10:56:57,577 [INFO] BlockDiagram:2775 - set Specific Code input for plugin: SYS
2025-07-25 10:56:57,577 [INFO] BlockDiagram:2775 - set Specific Code input for plugin: RCC
2025-07-25 10:56:57,577 [INFO] BlockDiagram:2775 - set Specific Code input for plugin: USB_OTG_FS
2025-07-25 10:56:57,577 [INFO] BlockDiagram:2775 - set Specific Code input for plugin: NVIC
2025-07-25 10:56:57,577 [INFO] BlockDiagram:2775 - set Specific Code input for plugin: USART
2025-07-25 10:56:57,577 [INFO] BlockDiagram:2775 - set Specific Code input for plugin: GPIO
2025-07-25 10:56:57,579 [INFO] CodeGenerator:892 - code generatio: config db path: C:\ST\STM32CubeIDE_1.16.1\STM32CubeIDE\plugins\com.st.stm32cube.common.mx_6.15.0.202507011659\\db\
2025-07-25 10:56:57,775 [INFO] CodeEngine:265 - oldGeneratedFile, C:\Users\Chinnapop\STM32CubeIDE\workspace\magneto_emu2\MXTmpFiles\license.tmp_save
2025-07-25 10:56:58,109 [INFO] CodeEngine:289 - Generated code: C:\Users\Chinnapop\STM32CubeIDE\workspace\magneto_emu2\MXTmpFiles\license.tmp
2025-07-25 10:56:58,185 [INFO] CodeEngine:265 - oldGeneratedFile, C:\Users\Chinnapop\STM32CubeIDE\workspace\magneto_emu2\MXTmpFiles\gpio.tmp_save
2025-07-25 10:56:58,369 [INFO] CodeEngine:289 - Generated code: C:\Users\Chinnapop\STM32CubeIDE\workspace\magneto_emu2\MXTmpFiles\gpio.tmp
2025-07-25 10:56:58,571 [WARN] IPConfigManager:3238 - Warning: the RefConfig PWREx_EnableUSBVoltageDetector is not available in your config.xml file
2025-07-25 10:56:58,591 [INFO] CodeEngine:265 - oldGeneratedFile, C:\Users\Chinnapop\STM32CubeIDE\workspace\magneto_emu2\MXTmpFiles\cortex.tmp_save
2025-07-25 10:56:58,722 [INFO] CodeEngine:289 - Generated code: C:\Users\Chinnapop\STM32CubeIDE\workspace\magneto_emu2\MXTmpFiles\cortex.tmp
2025-07-25 10:56:58,747 [INFO] CodeEngine:265 - oldGeneratedFile, C:\Users\Chinnapop\STM32CubeIDE\workspace\magneto_emu2\Core\Src\stm32f7xx_it.c_save
2025-07-25 10:56:59,043 [INFO] CodeEngine:289 - Generated code: C:\Users\Chinnapop\STM32CubeIDE\workspace\magneto_emu2\Core\Src\stm32f7xx_it.c
2025-07-25 10:56:59,053 [INFO] CodeEngine:265 - oldGeneratedFile, C:\Users\Chinnapop\STM32CubeIDE\workspace\magneto_emu2\Core\Inc\stm32f7xx_it.h_save
2025-07-25 10:56:59,133 [INFO] CodeEngine:289 - Generated code: C:\Users\Chinnapop\STM32CubeIDE\workspace\magneto_emu2\Core\Inc\stm32f7xx_it.h
2025-07-25 10:56:59,153 [INFO] CodeEngine:265 - oldGeneratedFile, C:\Users\Chinnapop\STM32CubeIDE\workspace\magneto_emu2\Core\Src\stm32f7xx_hal_msp.c_save
2025-07-25 10:56:59,275 [INFO] CodeEngine:289 - Generated code: C:\Users\Chinnapop\STM32CubeIDE\workspace\magneto_emu2\Core\Src\stm32f7xx_hal_msp.c
2025-07-25 10:56:59,283 [INFO] CodeEngine:265 - oldGeneratedFile, C:\Users\Chinnapop\STM32CubeIDE\workspace\magneto_emu2\MXTmpFiles\system.tmp_save
2025-07-25 10:56:59,360 [INFO] CodeEngine:289 - Generated code: C:\Users\Chinnapop\STM32CubeIDE\workspace\magneto_emu2\MXTmpFiles\system.tmp
2025-07-25 10:56:59,382 [INFO] CodeEngine:321 - oldGeneratedFile, C:\Users\Chinnapop\STM32CubeIDE\workspace\magneto_emu2\Core\Inc\stm32f7xx_hal_conf.h_save
2025-07-25 10:56:59,477 [INFO] CodeEngine:345 - Generated code: C:\Users\Chinnapop\STM32CubeIDE\workspace\magneto_emu2\Core\Inc\stm32f7xx_hal_conf.h
2025-07-25 10:56:59,542 [INFO] ApiDbMcu:532 - Load IP Config File for USART3
2025-07-25 10:56:59,546 [INFO] ApiDbMcu:532 - Load IP Config File for USB_OTG_FS
2025-07-25 10:56:59,553 [INFO] ApiDbMcu:532 - Load IP Config File for RCC
2025-07-25 10:56:59,555 [WARN] IPConfigManager:3811 - IP not found : USB_OTG
2025-07-25 10:56:59,558 [WARN] CodeGenerator:4259 - IP not found : null
2025-07-25 10:56:59,574 [INFO] CodeEngine:265 - oldGeneratedFile, C:\Users\Chinnapop\STM32CubeIDE\workspace\magneto_emu2\Core\Inc\main.h_save
2025-07-25 10:56:59,676 [INFO] CodeEngine:289 - Generated code: C:\Users\Chinnapop\STM32CubeIDE\workspace\magneto_emu2\Core\Inc\main.h
2025-07-25 10:56:59,684 [INFO] CodeEngine:265 - oldGeneratedFile, C:\Users\Chinnapop\STM32CubeIDE\workspace\magneto_emu2\Core\Src\main.c_save
2025-07-25 10:56:59,785 [INFO] CodeEngine:289 - Generated code: C:\Users\Chinnapop\STM32CubeIDE\workspace\magneto_emu2\Core\Src\main.c
2025-07-25 10:57:00,183 [INFO] ProjectBuilder:3606 - Time for Copy HAL[1] : 262mS.
2025-07-25 10:57:00,189 [INFO] ProjectBuilder:5216 - Project Generator version: 4.7.0-B52
2025-07-25 10:57:00,271 [INFO] ConfigFileManager:1595 - The Die is : DIE452
2025-07-25 10:57:00,274 [INFO] ApiDbMcu:532 - Load IP Config File for FATFS
2025-07-25 10:57:00,279 [INFO] ApiDbMcu:532 - Load IP Config File for FREERTOS
2025-07-25 10:57:00,282 [INFO] ApiDbMcu:532 - Load IP Config File for LIBJPEG
2025-07-25 10:57:00,287 [INFO] ApiDbMcu:532 - Load IP Config File for MBEDTLS
2025-07-25 10:57:00,293 [INFO] ApiDbMcu:532 - Load IP Config File for USB_DEVICE
2025-07-25 10:57:00,298 [INFO] ApiDbMcu:532 - Load IP Config File for USB_HOST
2025-07-25 10:57:05,222 [INFO] ProjectBuilder:5496 - Time for Generating toolchain IDE Files: 5032mS.
2025-07-25 10:57:05,223 [INFO] ProjectBuilder:3463 - Time for Copy CMSIS : 1mS.
2025-07-25 10:57:05,228 [INFO] ProjectBuilder:3463 - Time for Copy CMSIS : 2mS.
2025-07-25 10:57:06,018 [INFO] McuFinderGlobals:76 - Set McuFinderConnectedMode to true
2025-07-25 10:57:06,023 [INFO] ApiDb:448 - Save user favorites file C:\Users\Chinnapop/.stm32cubeide/favorites.mcus.txt: 0 item(s)
2025-07-25 10:57:06,023 [INFO] ApiDb:452 - User favorites MCUs=[]
2025-07-25 10:57:06,027 [INFO] ApiDb:448 - Save user favorites file C:\Users\Chinnapop/.stm32cubeide/favorites.boards.txt: 0 item(s)
2025-07-25 10:57:06,027 [INFO] ApiDb:452 - User favorites Boards=[]
2025-07-25 10:58:36,395 [INFO] Can:71 - Can Add PropertyChangeListener com.st.microxplorer.plugins.ip.can.Can@63f4adb8
2025-07-25 10:58:36,495 [INFO] NvicIntPanel:101 - NVIC parent = com.st.microxplorer.plugins.ip.nvic.MultiNvicIntPanel[,0,0,0x0,invalid,layout=javax.swing.BoxLayout,alignmentX=0.0,alignmentY=0.0,border=,flags=9,maximumSize=,minimumSize=,preferredSize=]
2025-07-25 10:58:39,300 [INFO] NvicIntPanel:101 - NVIC parent = com.st.microxplorer.plugins.ip.nvic.MultiNvicIntPanel[,0,0,0x0,invalid,layout=javax.swing.BoxLayout,alignmentX=0.0,alignmentY=0.0,border=,flags=9,maximumSize=,minimumSize=,preferredSize=]
2025-07-25 10:58:39,447 [INFO] NvicIntPanel:101 - NVIC parent = com.st.microxplorer.plugins.ip.nvic.MultiNvicIntPanel[,0,0,0x0,invalid,layout=javax.swing.BoxLayout,alignmentX=0.0,alignmentY=0.0,border=,flags=9,maximumSize=,minimumSize=,preferredSize=]
2025-07-25 10:58:44,357 [INFO] NvicIntPanel:101 - NVIC parent = com.st.microxplorer.plugins.ip.nvic.MultiNvicIntPanel[,0,0,0x0,invalid,layout=javax.swing.BoxLayout,alignmentX=0.0,alignmentY=0.0,border=,flags=9,maximumSize=,minimumSize=,preferredSize=]
2025-07-25 10:58:44,488 [INFO] NvicIntPanel:101 - NVIC parent = com.st.microxplorer.plugins.ip.nvic.MultiNvicIntPanel[,0,0,0x0,invalid,layout=javax.swing.BoxLayout,alignmentX=0.0,alignmentY=0.0,border=,flags=9,maximumSize=,minimumSize=,preferredSize=]
2025-07-25 10:58:47,907 [INFO] NvicIntPanel:101 - NVIC parent = com.st.microxplorer.plugins.ip.nvic.MultiNvicIntPanel[,0,0,0x0,invalid,layout=javax.swing.BoxLayout,alignmentX=0.0,alignmentY=0.0,border=,flags=9,maximumSize=,minimumSize=,preferredSize=]
2025-07-25 10:58:47,991 [INFO] NvicIntPanel:101 - NVIC parent = com.st.microxplorer.plugins.ip.nvic.MultiNvicIntPanel[,0,0,0x0,invalid,layout=javax.swing.BoxLayout,alignmentX=0.0,alignmentY=0.0,border=,flags=9,maximumSize=,minimumSize=,preferredSize=]
2025-07-25 10:58:52,727 [INFO] NvicIntPanel:101 - NVIC parent = com.st.microxplorer.plugins.ip.nvic.MultiNvicIntPanel[,0,0,0x0,invalid,layout=javax.swing.BoxLayout,alignmentX=0.0,alignmentY=0.0,border=,flags=9,maximumSize=,minimumSize=,preferredSize=]
2025-07-25 10:59:14,562 [INFO] NvicIntPanel:101 - NVIC parent = com.st.microxplorer.plugins.ip.nvic.MultiNvicIntPanel[,0,0,0x0,invalid,layout=javax.swing.BoxLayout,alignmentX=0.0,alignmentY=0.0,border=,flags=9,maximumSize=,minimumSize=,preferredSize=]
2025-07-25 10:59:19,713 [INFO] NvicIntPanel:101 - NVIC parent = com.st.microxplorer.plugins.ip.nvic.MultiNvicIntPanel[,0,0,0x0,invalid,layout=javax.swing.BoxLayout,alignmentX=0.0,alignmentY=0.0,border=,flags=9,maximumSize=,minimumSize=,preferredSize=]
2025-07-25 11:01:25,146 [INFO] NvicIntPanel:101 - NVIC parent = com.st.microxplorer.plugins.ip.nvic.MultiNvicIntPanel[,0,0,0x0,invalid,layout=javax.swing.BoxLayout,alignmentX=0.0,alignmentY=0.0,border=,flags=9,maximumSize=,minimumSize=,preferredSize=]
2025-07-25 11:01:30,677 [INFO] UtilMem:75 - End SaveConfig() Used Memory: 1064177632 Bytes (1073741824)
2025-07-25 11:01:32,271 [INFO] UtilMem:75 - End SaveConfig() Used Memory: 596562624 Bytes (1073741824)
2025-07-25 11:01:32,837 [INFO] BlockDiagram:2775 - set Specific Code input for plugin: CAN
2025-07-25 11:01:32,837 [INFO] BlockDiagram:2775 - set Specific Code input for plugin: SYS
2025-07-25 11:01:32,838 [INFO] BlockDiagram:2775 - set Specific Code input for plugin: RCC
2025-07-25 11:01:32,838 [INFO] BlockDiagram:2775 - set Specific Code input for plugin: NVIC
2025-07-25 11:01:32,838 [INFO] BlockDiagram:2775 - set Specific Code input for plugin: GPIO
2025-07-25 11:01:32,839 [INFO] CodeGenerator:892 - code generatio: config db path: C:\ST\STM32CubeIDE_1.16.1\STM32CubeIDE\plugins\com.st.stm32cube.common.mx_6.15.0.202507011659\\db\
2025-07-25 11:01:33,159 [INFO] CodeEngine:265 - oldGeneratedFile, C:\Users\Chinnapop\STM32CubeIDE\workspace\magneto_emu2\MXTmpFiles\license.tmp_save
2025-07-25 11:01:33,425 [INFO] CodeEngine:289 - Generated code: C:\Users\Chinnapop\STM32CubeIDE\workspace\magneto_emu2\MXTmpFiles\license.tmp
2025-07-25 11:01:33,471 [INFO] CodeEngine:265 - oldGeneratedFile, C:\Users\Chinnapop\STM32CubeIDE\workspace\magneto_emu2\MXTmpFiles\gpio.tmp_save
2025-07-25 11:01:33,617 [INFO] CodeEngine:289 - Generated code: C:\Users\Chinnapop\STM32CubeIDE\workspace\magneto_emu2\MXTmpFiles\gpio.tmp
2025-07-25 11:01:33,694 [INFO] CodeEngine:265 - oldGeneratedFile, C:\Users\Chinnapop\STM32CubeIDE\workspace\magneto_emu2\MXTmpFiles\cortex.tmp_save
2025-07-25 11:01:33,833 [INFO] CodeEngine:289 - Generated code: C:\Users\Chinnapop\STM32CubeIDE\workspace\magneto_emu2\MXTmpFiles\cortex.tmp
2025-07-25 11:01:33,858 [INFO] CodeEngine:265 - oldGeneratedFile, C:\Users\Chinnapop\STM32CubeIDE\workspace\magneto_emu2\Core\Src\stm32f7xx_it.c_save
2025-07-25 11:01:34,156 [INFO] CodeEngine:289 - Generated code: C:\Users\Chinnapop\STM32CubeIDE\workspace\magneto_emu2\Core\Src\stm32f7xx_it.c
2025-07-25 11:01:34,168 [INFO] CodeEngine:265 - oldGeneratedFile, C:\Users\Chinnapop\STM32CubeIDE\workspace\magneto_emu2\Core\Inc\stm32f7xx_it.h_save
2025-07-25 11:01:34,282 [INFO] CodeEngine:289 - Generated code: C:\Users\Chinnapop\STM32CubeIDE\workspace\magneto_emu2\Core\Inc\stm32f7xx_it.h
2025-07-25 11:01:34,312 [INFO] CodeEngine:265 - oldGeneratedFile, C:\Users\Chinnapop\STM32CubeIDE\workspace\magneto_emu2\Core\Src\stm32f7xx_hal_msp.c_save
2025-07-25 11:01:34,498 [INFO] CodeEngine:289 - Generated code: C:\Users\Chinnapop\STM32CubeIDE\workspace\magneto_emu2\Core\Src\stm32f7xx_hal_msp.c
2025-07-25 11:01:34,508 [INFO] CodeEngine:265 - oldGeneratedFile, C:\Users\Chinnapop\STM32CubeIDE\workspace\magneto_emu2\MXTmpFiles\system.tmp_save
2025-07-25 11:01:34,592 [INFO] CodeEngine:289 - Generated code: C:\Users\Chinnapop\STM32CubeIDE\workspace\magneto_emu2\MXTmpFiles\system.tmp
2025-07-25 11:01:34,612 [INFO] CodeEngine:321 - oldGeneratedFile, C:\Users\Chinnapop\STM32CubeIDE\workspace\magneto_emu2\Core\Inc\stm32f7xx_hal_conf.h_save
2025-07-25 11:01:34,698 [INFO] CodeEngine:345 - Generated code: C:\Users\Chinnapop\STM32CubeIDE\workspace\magneto_emu2\Core\Inc\stm32f7xx_hal_conf.h
2025-07-25 11:01:34,737 [INFO] ApiDbMcu:532 - Load IP Config File for CAN1
2025-07-25 11:01:34,755 [INFO] CodeEngine:265 - oldGeneratedFile, C:\Users\Chinnapop\STM32CubeIDE\workspace\magneto_emu2\Core\Inc\main.h_save
2025-07-25 11:01:34,876 [INFO] CodeEngine:289 - Generated code: C:\Users\Chinnapop\STM32CubeIDE\workspace\magneto_emu2\Core\Inc\main.h
2025-07-25 11:01:34,894 [INFO] CodeEngine:265 - oldGeneratedFile, C:\Users\Chinnapop\STM32CubeIDE\workspace\magneto_emu2\Core\Src\main.c_save
2025-07-25 11:01:35,024 [INFO] CodeEngine:289 - Generated code: C:\Users\Chinnapop\STM32CubeIDE\workspace\magneto_emu2\Core\Src\main.c
2025-07-25 11:01:35,522 [INFO] ProjectBuilder:3606 - Time for Copy HAL[1] : 362mS.
2025-07-25 11:01:35,528 [INFO] ProjectBuilder:5216 - Project Generator version: 4.7.0-B52
2025-07-25 11:01:35,637 [INFO] ConfigFileManager:1595 - The Die is : DIE452
2025-07-25 11:01:37,057 [INFO] ProjectBuilder:5496 - Time for Generating toolchain IDE Files: 1529mS.
2025-07-25 11:01:37,058 [INFO] ProjectBuilder:3463 - Time for Copy CMSIS : 1mS.
2025-07-25 11:01:37,062 [INFO] ProjectBuilder:3463 - Time for Copy CMSIS : 0mS.
2025-07-25 11:15:49,144 [INFO] WebApp:194 - Connection lost
2025-07-25 11:15:49,502 [INFO] WebApp:191 - Connection restablished
2025-07-25 11:17:06,514 [INFO] NvicIntPanel:101 - NVIC parent = com.st.microxplorer.plugins.ip.nvic.MultiNvicIntPanel[,0,0,0x0,invalid,layout=javax.swing.BoxLayout,alignmentX=0.0,alignmentY=0.0,border=,flags=9,maximumSize=,minimumSize=,preferredSize=]
2025-07-25 11:17:07,090 [INFO] NvicIntPanel:101 - NVIC parent = com.st.microxplorer.plugins.ip.nvic.MultiNvicIntPanel[,0,0,0x0,invalid,layout=javax.swing.BoxLayout,alignmentX=0.0,alignmentY=0.0,border=,flags=9,maximumSize=,minimumSize=,preferredSize=]
2025-07-25 11:17:09,029 [INFO] UtilMem:75 - End SaveConfig() Used Memory: 906937504 Bytes (1073741824)
2025-07-25 11:17:09,701 [INFO] UtilMem:75 - End SaveConfig() Used Memory: 991345824 Bytes (1073741824)
2025-07-25 11:17:09,954 [INFO] BlockDiagram:2775 - set Specific Code input for plugin: CAN
2025-07-25 11:17:09,954 [INFO] BlockDiagram:2775 - set Specific Code input for plugin: SYS
2025-07-25 11:17:09,954 [INFO] BlockDiagram:2775 - set Specific Code input for plugin: RCC
2025-07-25 11:17:09,954 [INFO] BlockDiagram:2775 - set Specific Code input for plugin: NVIC
2025-07-25 11:17:09,954 [INFO] BlockDiagram:2775 - set Specific Code input for plugin: GPIO
2025-07-25 11:17:09,956 [INFO] CodeGenerator:892 - code generatio: config db path: C:\ST\STM32CubeIDE_1.16.1\STM32CubeIDE\plugins\com.st.stm32cube.common.mx_6.15.0.202507011659\\db\
2025-07-25 11:17:10,090 [INFO] CodeEngine:265 - oldGeneratedFile, C:\Users\Chinnapop\STM32CubeIDE\workspace\magneto_emu2\MXTmpFiles\license.tmp_save
2025-07-25 11:17:10,368 [INFO] CodeEngine:289 - Generated code: C:\Users\Chinnapop\STM32CubeIDE\workspace\magneto_emu2\MXTmpFiles\license.tmp
2025-07-25 11:17:10,409 [INFO] CodeEngine:265 - oldGeneratedFile, C:\Users\Chinnapop\STM32CubeIDE\workspace\magneto_emu2\MXTmpFiles\gpio.tmp_save
2025-07-25 11:17:10,550 [INFO] CodeEngine:289 - Generated code: C:\Users\Chinnapop\STM32CubeIDE\workspace\magneto_emu2\MXTmpFiles\gpio.tmp
2025-07-25 11:17:10,633 [INFO] CodeEngine:265 - oldGeneratedFile, C:\Users\Chinnapop\STM32CubeIDE\workspace\magneto_emu2\MXTmpFiles\cortex.tmp_save
2025-07-25 11:17:10,775 [INFO] CodeEngine:289 - Generated code: C:\Users\Chinnapop\STM32CubeIDE\workspace\magneto_emu2\MXTmpFiles\cortex.tmp
2025-07-25 11:17:10,797 [INFO] CodeEngine:265 - oldGeneratedFile, C:\Users\Chinnapop\STM32CubeIDE\workspace\magneto_emu2\Core\Src\stm32f7xx_it.c_save
2025-07-25 11:17:11,137 [INFO] CodeEngine:289 - Generated code: C:\Users\Chinnapop\STM32CubeIDE\workspace\magneto_emu2\Core\Src\stm32f7xx_it.c
2025-07-25 11:17:11,150 [INFO] CodeEngine:265 - oldGeneratedFile, C:\Users\Chinnapop\STM32CubeIDE\workspace\magneto_emu2\Core\Inc\stm32f7xx_it.h_save
2025-07-25 11:17:11,250 [INFO] CodeEngine:289 - Generated code: C:\Users\Chinnapop\STM32CubeIDE\workspace\magneto_emu2\Core\Inc\stm32f7xx_it.h
2025-07-25 11:17:11,273 [INFO] CodeEngine:265 - oldGeneratedFile, C:\Users\Chinnapop\STM32CubeIDE\workspace\magneto_emu2\Core\Src\stm32f7xx_hal_msp.c_save
2025-07-25 11:17:11,420 [INFO] CodeEngine:289 - Generated code: C:\Users\Chinnapop\STM32CubeIDE\workspace\magneto_emu2\Core\Src\stm32f7xx_hal_msp.c
2025-07-25 11:17:11,434 [INFO] CodeEngine:265 - oldGeneratedFile, C:\Users\Chinnapop\STM32CubeIDE\workspace\magneto_emu2\MXTmpFiles\system.tmp_save
2025-07-25 11:17:11,530 [INFO] CodeEngine:289 - Generated code: C:\Users\Chinnapop\STM32CubeIDE\workspace\magneto_emu2\MXTmpFiles\system.tmp
2025-07-25 11:17:11,553 [INFO] CodeEngine:321 - oldGeneratedFile, C:\Users\Chinnapop\STM32CubeIDE\workspace\magneto_emu2\Core\Inc\stm32f7xx_hal_conf.h_save
2025-07-25 11:17:11,646 [INFO] CodeEngine:345 - Generated code: C:\Users\Chinnapop\STM32CubeIDE\workspace\magneto_emu2\Core\Inc\stm32f7xx_hal_conf.h
2025-07-25 11:17:11,711 [INFO] CodeEngine:265 - oldGeneratedFile, C:\Users\Chinnapop\STM32CubeIDE\workspace\magneto_emu2\Core\Inc\main.h_save
2025-07-25 11:17:11,820 [INFO] CodeEngine:289 - Generated code: C:\Users\Chinnapop\STM32CubeIDE\workspace\magneto_emu2\Core\Inc\main.h
2025-07-25 11:17:11,832 [INFO] CodeEngine:265 - oldGeneratedFile, C:\Users\Chinnapop\STM32CubeIDE\workspace\magneto_emu2\Core\Src\main.c_save
2025-07-25 11:17:11,957 [INFO] CodeEngine:289 - Generated code: C:\Users\Chinnapop\STM32CubeIDE\workspace\magneto_emu2\Core\Src\main.c
2025-07-25 11:17:12,438 [INFO] ProjectBuilder:3606 - Time for Copy HAL[1] : 330mS.
2025-07-25 11:17:12,447 [INFO] ProjectBuilder:5216 - Project Generator version: 4.7.0-B52
2025-07-25 11:17:12,555 [INFO] ConfigFileManager:1595 - The Die is : DIE452
2025-07-25 11:17:13,617 [INFO] ProjectBuilder:5496 - Time for Generating toolchain IDE Files: 1168mS.
2025-07-25 11:17:13,618 [INFO] ProjectBuilder:3463 - Time for Copy CMSIS : 1mS.
2025-07-25 11:17:13,629 [INFO] ProjectBuilder:3463 - Time for Copy CMSIS : 1mS.
2025-07-25 11:43:58,834 [INFO] MainUpdater:2872 - connection check result : 10
2025-07-25 11:43:58,835 [INFO] MainUpdater:2872 - connection check result : 10
2025-07-25 11:43:58,875 [INFO] MicroXplorer:468 - Change Database Path : 
2025-07-25 11:43:58,876 [INFO] MicroXplorer:498 - Change Database Version : DB.6.0.150
2025-07-25 11:43:59,001 [ERROR] ProjectManagerView:395 - 
java.lang.NullPointerException: Cannot invoke "javax.swing.JTextField.getText()" because the return value of "java.util.List.get(int)" is null
	at com.st.microxplorer.plugins.projectmanager.gui.ProjectChoiceTab$9.caretUpdate(ProjectChoiceTab.java:2706) ~[filemanager.jar:?]
	at javax.swing.text.JTextComponent.fireCaretUpdate(JTextComponent.java:408) ~[?:?]
	at javax.swing.text.JTextComponent$MutableCaretEvent.fire(JTextComponent.java:4484) ~[?:?]
	at javax.swing.text.JTextComponent$MutableCaretEvent.stateChanged(JTextComponent.java:4506) ~[?:?]
	at javax.swing.text.DefaultCaret.fireStateChanged(DefaultCaret.java:857) ~[?:?]
	at javax.swing.text.DefaultCaret.changeCaretPosition(DefaultCaret.java:1343) ~[?:?]
	at javax.swing.text.DefaultCaret.handleSetDot(DefaultCaret.java:1242) ~[?:?]
	at javax.swing.text.DefaultCaret.setDot(DefaultCaret.java:1223) ~[?:?]
	at javax.swing.text.DefaultCaret$Handler.insertUpdate(DefaultCaret.java:1819) ~[?:?]
	at javax.swing.text.AbstractDocument.fireInsertUpdate(AbstractDocument.java:227) ~[?:?]
	at javax.swing.text.AbstractDocument.handleInsertString(AbstractDocument.java:781) ~[?:?]
	at javax.swing.text.AbstractDocument.insertString(AbstractDocument.java:740) ~[?:?]
	at javax.swing.text.PlainDocument.insertString(PlainDocument.java:131) ~[?:?]
	at javax.swing.text.AbstractDocument.replace(AbstractDocument.java:699) ~[?:?]
	at javax.swing.text.JTextComponent.setText(JTextComponent.java:1725) ~[?:?]
	at com.st.microxplorer.plugins.projectmanager.gui.ProjectChoiceTab.createHeapStackFields(ProjectChoiceTab.java:993) ~[filemanager.jar:?]
	at com.st.microxplorer.plugins.projectmanager.gui.ProjectChoiceTab.buildLinkSettingsPanel(ProjectChoiceTab.java:3813) ~[filemanager.jar:?]
	at com.st.microxplorer.plugins.projectmanager.gui.ProjectChoiceTab.defineWindowsFields(ProjectChoiceTab.java:1987) ~[filemanager.jar:?]
	at com.st.microxplorer.plugins.projectmanager.gui.ProjectChoiceTab.updateSettings(ProjectChoiceTab.java:558) ~[filemanager.jar:?]
	at com.st.microxplorer.plugins.projectmanager.gui.ProjectSettingsPanel.UpdateDialog(ProjectSettingsPanel.java:247) ~[filemanager.jar:?]
	at com.st.microxplorer.plugins.projectmanager.ProjectManagerView.propertyChange(ProjectManagerView.java:392) ~[filemanager.jar:?]
	at java.beans.PropertyChangeSupport.fire(PropertyChangeSupport.java:343) ~[?:?]
	at java.beans.PropertyChangeSupport.firePropertyChange(PropertyChangeSupport.java:335) ~[?:?]
	at java.beans.PropertyChangeSupport.firePropertyChange(PropertyChangeSupport.java:268) ~[?:?]
	at com.st.microxplorer.util.MXPropertyChangeSupport.firePropertyChange(MXPropertyChangeSupport.java:54) ~[STM32CubeMX.jar:?]
	at com.st.microxplorer.mxsystem.MxSystem.closeConfig(MxSystem.java:899) ~[STM32CubeMX.jar:?]
	at com.st.microxplorer.maingui.MainPanel.closeConfig(MainPanel.java:792) ~[STM32CubeMX.jar:?]
	at com.st.microxplorer.plugins.filemanager.engine.OpenFileManager.loadConfigurationFile(OpenFileManager.java:288) ~[filemanager.jar:?]
	at com.st.microxplorer.plugins.filemanager.engine.MainFileManager.userLoadConfig(MainFileManager.java:364) ~[filemanager.jar:?]
	at com.st.microxplorer.plugins.filemanager.engine.MainFileManager.userLoadConfig(MainFileManager.java:342) ~[filemanager.jar:?]
	at com.st.microxplorer.plugins.filemanager.FileManagerView.getSpecificTask(FileManagerView.java:264) ~[filemanager.jar:?]
	at com.st.stm32cube.common.mx.editor.CubeMxEditor.getMxTabbedPaneInstance(CubeMxEditor.java:1198) ~[com.st.stm32cube.common.mx_6.15.0.202507011659/:?]
	at com.st.stm32cube.common.mx.editor.CubeMxEditor$12$1.createSwingComponent(CubeMxEditor.java:1068) ~[com.st.stm32cube.common.mx_6.15.0.202507011659/:?]
	at com.st.stm32cube.common.mx.oss.core.awtswtbridge.EmbeddedSwingComposite.doComponentCreation(EmbeddedSwingComposite.java:492) ~[com.st.stm32cube.common.mx.oss_6.15.0.202507011659/:?]
	at com.st.stm32cube.common.mx.oss.core.awtswtbridge.EmbeddedSwingComposite$4.run(EmbeddedSwingComposite.java:291) ~[com.st.stm32cube.common.mx.oss_6.15.0.202507011659/:?]
	at com.st.stm32cube.common.mx.oss.core.awtswtbridge.AwtEnvironment$2.run(AwtEnvironment.java:166) ~[com.st.stm32cube.common.mx.oss_6.15.0.202507011659/:?]
	at java.awt.event.InvocationEvent.dispatch(InvocationEvent.java:318) ~[?:?]
	at java.awt.EventQueue.dispatchEventImpl(EventQueue.java:773) ~[?:?]
	at java.awt.EventQueue$4.run(EventQueue.java:720) ~[?:?]
	at java.awt.EventQueue$4.run(EventQueue.java:714) ~[?:?]
	at java.security.AccessController.doPrivileged(AccessController.java:400) ~[?:?]
	at java.security.ProtectionDomain$JavaSecurityAccessImpl.doIntersectionPrivilege(ProtectionDomain.java:87) ~[?:?]
	at java.awt.EventQueue.dispatchEvent(EventQueue.java:742) ~[?:?]
	at java.awt.EventDispatchThread.pumpOneEventForFilters(EventDispatchThread.java:203) ~[?:?]
	at java.awt.EventDispatchThread.pumpEventsForFilter(EventDispatchThread.java:124) ~[?:?]
	at java.awt.EventDispatchThread.pumpEventsForHierarchy(EventDispatchThread.java:113) ~[?:?]
	at java.awt.EventDispatchThread.pumpEvents(EventDispatchThread.java:109) ~[?:?]
	at java.awt.EventDispatchThread.pumpEvents(EventDispatchThread.java:101) ~[?:?]
	at java.awt.EventDispatchThread.run(EventDispatchThread.java:90) ~[?:?]
2025-07-25 11:43:59,007 [WARN] ThirdParty:871 - waiting for thirdparty lock release [close project]
2025-07-25 11:43:59,007 [INFO] ThirdParty:873 - entering critical section [close project]
2025-07-25 11:43:59,007 [INFO] ThirdParty:883 - exiting critical section [close project]
2025-07-25 11:43:59,015 [INFO] PinOutPanel:1589 - setPackage(No Configuration,No Configuration)
2025-07-25 11:43:59,059 [WARN] IpParametersView:155 - Warning: This peripheral hasn't parameters
2025-07-25 11:43:59,086 [WARN] MainPanel:289 - <html><b><center>Warning: This peripheral has no parameters to be configured<br></b></html>
2025-07-25 11:43:59,099 [INFO] UtilMem:75 - Begin LoadConfig() Used Memory: 525006408 Bytes (1073741824)
2025-07-25 11:43:59,100 [INFO] MicroXplorer:468 - Change Database Path : 
2025-07-25 11:43:59,100 [INFO] MicroXplorer:498 - Change Database Version : DB.6.0.150
2025-07-25 11:43:59,100 [INFO] OpenFileManager:355 - Change cursor
2025-07-25 11:43:59,155 [INFO] RulesReader:64 - Compatibility file has been processed (317 Rules)
2025-07-25 11:43:59,171 [INFO] Mcu:2029 - Initializing MCU STM32F767ZITx STM32F767ZITx STM32F767ZIT6
2025-07-25 11:44:02,213 [INFO] Context:786 - Trying to add GPIOservice into a context  which must be forbidden
2025-07-25 11:44:03,370 [INFO] ImportTextPane:234 - (OptionalMessage_ERROR) Pin7 (VP_RIF_VS_RIF1) cannot be retrieved for this MCU
2025-07-25 11:44:03,599 [INFO] RtosManager:558 - Registered RTOS mode: class=CMSIS, group=RTOS, mode=CMSIS_V1, owner=FREERTOS
2025-07-25 11:44:03,599 [INFO] RtosManager:558 - Registered RTOS mode: class=CMSIS, group=RTOS2, mode=CMSIS_V2, owner=FREERTOS
2025-07-25 11:44:03,599 [INFO] RtosManager:558 - Registered RTOS mode: class=RTOS, group=Core, mode=CMSIS_V1, owner=FREERTOS
2025-07-25 11:44:03,599 [INFO] RtosManager:558 - Registered RTOS mode: class=RTOS, group=Core, mode=CMSIS_V2, owner=FREERTOS
2025-07-25 11:44:03,599 [WARN] ModelIntegratedComponent:184 - Missing modes for component STMicroelectronics:FreeRTOS:0.0.1:STMicroelectronics:RTOS:FreeRTOS:Core:::10.2.0:
2025-07-25 11:44:03,603 [WARN] ModelIntegratedComponent:63 - No mode defined for component null
2025-07-25 11:44:03,603 [WARN] ModelIntegratedComponent:63 - No mode defined for component null
2025-07-25 11:44:03,603 [WARN] ModelIntegratedComponent:63 - No mode defined for component null
2025-07-25 11:44:03,603 [WARN] ModelIntegratedComponent:63 - No mode defined for component null
2025-07-25 11:44:03,603 [WARN] ModelIntegratedComponent:63 - No mode defined for component null
2025-07-25 11:44:03,603 [WARN] ModelIntegratedComponent:63 - No mode defined for component null
2025-07-25 11:44:03,603 [WARN] ModelIntegratedComponent:63 - No mode defined for component null
2025-07-25 11:44:03,604 [WARN] ModelIntegratedComponent:63 - No mode defined for component null
2025-07-25 11:44:03,604 [WARN] ModelIntegratedComponent:63 - No mode defined for component null
2025-07-25 11:44:03,604 [WARN] ModelIntegratedComponent:63 - No mode defined for component null
2025-07-25 11:44:03,604 [WARN] ModelIntegratedComponent:63 - No mode defined for component null
2025-07-25 11:44:03,604 [WARN] ModelIntegratedComponent:63 - No mode defined for component null
2025-07-25 11:44:03,604 [WARN] ModelIntegratedComponent:63 - No mode defined for component null
2025-07-25 11:44:03,605 [WARN] ModelIntegratedComponent:63 - No mode defined for component null
2025-07-25 11:44:03,605 [WARN] ModelIntegratedComponent:63 - No mode defined for component null
2025-07-25 11:44:03,605 [WARN] ModelIntegratedComponent:63 - No mode defined for component null
2025-07-25 11:44:03,605 [WARN] ModelIntegratedComponent:63 - No mode defined for component null
2025-07-25 11:44:03,605 [WARN] ModelIntegratedComponent:63 - No mode defined for component null
2025-07-25 11:44:03,605 [WARN] ModelIntegratedComponent:63 - No mode defined for component null
2025-07-25 11:44:03,605 [WARN] ModelIntegratedComponent:63 - No mode defined for component null
2025-07-25 11:44:03,605 [WARN] ModelIntegratedComponent:63 - No mode defined for component null
2025-07-25 11:44:03,605 [WARN] ModelIntegratedComponent:63 - No mode defined for component null
2025-07-25 11:44:03,605 [WARN] ModelIntegratedComponent:63 - No mode defined for component null
2025-07-25 11:44:03,606 [WARN] ModelIntegratedComponent:63 - No mode defined for component null
2025-07-25 11:44:03,606 [WARN] ModelIntegratedComponent:63 - No mode defined for component null
2025-07-25 11:44:03,607 [WARN] ModelIntegratedComponent:63 - No mode defined for component null
2025-07-25 11:44:03,607 [WARN] ModelIntegratedComponent:63 - No mode defined for component null
2025-07-25 11:44:03,607 [WARN] ModelIntegratedComponent:63 - No mode defined for component null
2025-07-25 11:44:03,607 [WARN] ModelIntegratedComponent:63 - No mode defined for component null
2025-07-25 11:44:03,607 [WARN] ModelIntegratedComponent:63 - No mode defined for component null
2025-07-25 11:44:03,607 [WARN] ModelIntegratedComponent:63 - No mode defined for component null
2025-07-25 11:44:03,608 [WARN] ModelIntegratedComponent:63 - No mode defined for component null
2025-07-25 11:44:03,608 [WARN] ModelIntegratedComponent:63 - No mode defined for component null
2025-07-25 11:44:03,608 [WARN] ModelIntegratedComponent:63 - No mode defined for component null
2025-07-25 11:44:03,608 [WARN] ModelIntegratedComponent:63 - No mode defined for component null
2025-07-25 11:44:03,608 [WARN] ModelPack:524 - Component already loaded: STMicroelectronics:HAL Drivers:0.0.0:STMicroelectronics:Device:STMicro_Driver:XSPI:HAL::0.0.1:HAL_XSPI
2025-07-25 11:44:03,976 [INFO] ThirdPartyModel:298 - Start build external matchings
2025-07-25 11:44:05,609 [INFO] ThirdPartyModel:316 - End build external matchings
2025-07-25 11:44:05,649 [INFO] ImportTextPane:234 - (OptionalMessage_ERROR) IP (RCC) : Invalid parameter (48MHZClocksFreq_Value)
2025-07-25 11:44:05,650 [INFO] ImportTextPane:234 - (OptionalMessage_ERROR) IP (RCC) : Invalid parameter (ADC12outputFreq_Value)
2025-07-25 11:44:05,650 [INFO] ImportTextPane:234 - (OptionalMessage_ERROR) IP (RCC) : Invalid parameter (ADC34outputFreq_Value)
2025-07-25 11:44:05,650 [INFO] ImportTextPane:234 - (OptionalMessage_ERROR) IP (RCC) : Invalid parameter (FamilyName)
2025-07-25 11:44:05,650 [INFO] ImportTextPane:234 - (OptionalMessage_ERROR) IP (RCC) : Invalid parameter (I2SClocksFreq_Value)
2025-07-25 11:44:05,651 [INFO] ImportTextPane:234 - (OptionalMessage_ERROR) IP (RCC) : Invalid parameter (LCDTFToutputFreq_Value)
2025-07-25 11:44:05,651 [INFO] ImportTextPane:234 - (OptionalMessage_ERROR) IP (RCC) : Invalid parameter (MCOFreq_Value)
2025-07-25 11:44:05,652 [INFO] ImportTextPane:234 - (OptionalMessage_ERROR) IP (RCC) : Invalid parameter (PLLMCOFreq_Value)
2025-07-25 11:44:05,653 [INFO] ImportTextPane:234 - (OptionalMessage_ERROR) IP (RCC) : Invalid parameter (PLLMUL)
2025-07-25 11:44:05,654 [INFO] ImportTextPane:234 - (OptionalMessage_ERROR) IP (RCC) : Invalid parameter (PRESCALERUSB)
2025-07-25 11:44:05,655 [INFO] ImportTextPane:234 - (OptionalMessage_ERROR) IP (RCC) : Parameter (RNGFreq_Value) has invalid value (108000000)
2025-07-25 11:44:05,656 [INFO] ImportTextPane:234 - (OptionalMessage_ERROR) IP (RCC) : Invalid parameter (RTCHSEDivFreq_Value)
2025-07-25 11:44:05,656 [INFO] ImportTextPane:234 - (OptionalMessage_ERROR) IP (RCC) : Parameter (SDMMC2Freq_Value) has invalid value (216000000)
2025-07-25 11:44:05,656 [INFO] ImportTextPane:234 - (OptionalMessage_ERROR) IP (RCC) : Parameter (SDMMCFreq_Value) has invalid value (216000000)
2025-07-25 11:44:05,656 [INFO] ImportTextPane:234 - (OptionalMessage_ERROR) IP (RCC) : Invalid parameter (SYSCLKSourceVirtual)
2025-07-25 11:44:05,656 [INFO] ImportTextPane:234 - (OptionalMessage_ERROR) IP (RCC) : Invalid parameter (TIM15Freq_Value)
2025-07-25 11:44:05,656 [INFO] ImportTextPane:234 - (OptionalMessage_ERROR) IP (RCC) : Invalid parameter (TIM16Freq_Value)
2025-07-25 11:44:05,657 [INFO] ImportTextPane:234 - (OptionalMessage_ERROR) IP (RCC) : Invalid parameter (TIM17Freq_Value)
2025-07-25 11:44:05,657 [INFO] ImportTextPane:234 - (OptionalMessage_ERROR) IP (RCC) : Invalid parameter (TIM1Freq_Value)
2025-07-25 11:44:05,657 [INFO] ImportTextPane:234 - (OptionalMessage_ERROR) IP (RCC) : Invalid parameter (TIM20Freq_Value)
2025-07-25 11:44:05,658 [INFO] ImportTextPane:234 - (OptionalMessage_ERROR) IP (RCC) : Invalid parameter (TIM2Freq_Value)
2025-07-25 11:44:05,659 [INFO] ImportTextPane:234 - (OptionalMessage_ERROR) IP (RCC) : Invalid parameter (TIM3Freq_Value)
2025-07-25 11:44:05,659 [INFO] ImportTextPane:234 - (OptionalMessage_ERROR) IP (RCC) : Invalid parameter (TIM8Freq_Value)
2025-07-25 11:44:05,659 [INFO] ImportTextPane:234 - (OptionalMessage_ERROR) IP (RCC) : Parameter (USBFreq_Value) has invalid value (108000000)
2025-07-25 11:44:05,660 [INFO] ImportTextPane:234 - (OptionalMessage_ERROR) IP (RCC) : Invalid parameter (VCOOutput2Freq_Value)
2025-07-25 11:44:05,661 [INFO] ImportTextPane:234 - (OptionalMessage_ERROR) IP (RCC) : Invalid parameter (VcooutputI2S)
2025-07-25 11:44:06,161 [INFO] UtilMem:75 - End LoadConfig() Used Memory: 874184896 Bytes (1073741824)
2025-07-25 11:44:06,167 [INFO] ApiDb:581 - Connected to CubeFinder SQLite database (C:\Users\Chinnapop\.stmcufinder\plugins\mcufinder\mcu\cube-finder-db.db)
2025-07-25 11:44:06,309 [WARN] ThirdParty:833 - waiting for thirdparty lock release [change project]
2025-07-25 11:44:06,309 [INFO] ThirdParty:835 - entering critical section [change project]
2025-07-25 11:44:06,312 [INFO] ThirdParty:1030 - CMSIS Pack Vendor :STMicroelectronics X-CUBE-PM33A1 1.0.0
2025-07-25 11:44:06,312 [INFO] ThirdParty:1030 - CMSIS Pack Vendor :STMicroelectronics USBPD 4.1
2025-07-25 11:44:06,312 [INFO] ThirdParty:1030 - CMSIS Pack Vendor :STMicroelectronics USB_HOST 2.0.0
2025-07-25 11:44:06,312 [INFO] ThirdParty:1030 - CMSIS Pack Vendor :STMicroelectronics FP-SNS-MOTENVWB1 1.4.0
2025-07-25 11:44:06,312 [INFO] ThirdParty:1030 - CMSIS Pack Vendor :STMicroelectronics X-CUBE-AZRTOS-F4 1.1.0
2025-07-25 11:44:06,312 [INFO] ThirdParty:1030 - CMSIS Pack Vendor :STMicroelectronics LIBJPEG 8.0.0
2025-07-25 11:44:06,312 [INFO] ThirdParty:1030 - CMSIS Pack Vendor :STMicroelectronics FP-ATR-ASTRA1 2.0.2
2025-07-25 11:44:06,312 [INFO] ThirdParty:1030 - CMSIS Pack Vendor :STMicroelectronics FP-ATR-ASTRA1 2.0.1
2025-07-25 11:44:06,312 [INFO] ThirdParty:1030 - CMSIS Pack Vendor :Avnet-IotConnect X-CUBE-IoTC-DA16k-PMOD 1.0.0
2025-07-25 11:44:06,313 [INFO] ThirdParty:1030 - CMSIS Pack Vendor :STMicroelectronics X-CUBE-SMBUS 2.1.0
2025-07-25 11:44:06,313 [INFO] ThirdParty:1030 - CMSIS Pack Vendor :STMicroelectronics X-CUBE-WB05N 1.1.0
2025-07-25 11:44:06,313 [INFO] ThirdParty:1030 - CMSIS Pack Vendor :STMicroelectronics X-CUBE-ISPU 2.1.0
2025-07-25 11:44:06,313 [INFO] ThirdParty:1030 - CMSIS Pack Vendor :STMicroelectronics X-CUBE-FREERTOS 1.2.0
2025-07-25 11:44:06,313 [INFO] ThirdParty:1030 - CMSIS Pack Vendor :STMicroelectronics X-CUBE-ST60 1.0.0
2025-07-25 11:44:06,313 [INFO] ThirdParty:1030 - CMSIS Pack Vendor :STMicroelectronics X-CUBE-NFC12 1.0.0
2025-07-25 11:44:06,313 [INFO] ThirdParty:1030 - CMSIS Pack Vendor :STMicroelectronics X-CUBE-AZRTOS-F7 1.1.0
2025-07-25 11:44:06,313 [INFO] ThirdParty:1030 - CMSIS Pack Vendor :STMicroelectronics X-CUBE-AZRTOS-L5 2.0.0
2025-07-25 11:44:06,313 [INFO] ThirdParty:1030 - CMSIS Pack Vendor :STMicroelectronics USB_DEVICE 2.0.0
2025-07-25 11:44:06,313 [INFO] ThirdParty:1030 - CMSIS Pack Vendor :STMicroelectronics X-CUBE-NFC6 3.1.0
2025-07-25 11:44:06,313 [INFO] ThirdParty:1030 - CMSIS Pack Vendor :STMicroelectronics X-CUBE-MEMS1 11.0.0
2025-07-25 11:44:06,313 [INFO] ThirdParty:1030 - CMSIS Pack Vendor :STMicroelectronics FreeRTOS 0.0.1
2025-07-25 11:44:06,313 [INFO] ThirdParty:1030 - CMSIS Pack Vendor :STMicroelectronics X-CUBE-DPower 1.2.0
2025-07-25 11:44:06,313 [INFO] ThirdParty:1030 - CMSIS Pack Vendor :STMicroelectronics FP-SNS-FLIGHT1 5.0.2
2025-07-25 11:44:06,313 [INFO] ThirdParty:1030 - CMSIS Pack Vendor :STMicroelectronics PDM2PCM 3.3.0
2025-07-25 11:44:06,313 [INFO] ThirdParty:1030 - CMSIS Pack Vendor :STMicroelectronics X-CUBE-AZRTOS-H7 3.4.0
2025-07-25 11:44:06,313 [INFO] ThirdParty:1030 - CMSIS Pack Vendor :STMicroelectronics X-CUBE-DISPLAY 3.0.0
2025-07-25 11:44:06,313 [INFO] ThirdParty:1030 - CMSIS Pack Vendor :STMicroelectronics X-CUBE-BLE1 7.0.0
2025-07-25 11:44:06,313 [INFO] ThirdParty:1030 - CMSIS Pack Vendor :STMicroelectronics X-CUBE-NFC10 1.0.0
2025-07-25 11:44:06,313 [INFO] ThirdParty:1030 - CMSIS Pack Vendor :STMicroelectronics X-CUBE-BLEMGR 4.0.0
2025-07-25 11:44:06,313 [INFO] ThirdParty:1030 - CMSIS Pack Vendor :STMicroelectronics X-CUBE-FREERTOS 1.3.1
2025-07-25 11:44:06,313 [INFO] ThirdParty:1030 - CMSIS Pack Vendor :STMicroelectronics HAL Drivers 0.0.0
2025-07-25 11:44:06,313 [INFO] ThirdParty:1030 - CMSIS Pack Vendor :emotas I-CUBE-CANOPEN 1.3.0
2025-07-25 11:44:06,313 [INFO] ThirdParty:1030 - CMSIS Pack Vendor :STMicroelectronics X-CUBE-FREERTOS 1.3.0
2025-07-25 11:44:06,313 [INFO] ThirdParty:1030 - CMSIS Pack Vendor :STMicroelectronics X-CUBE-NFC7 1.0.1
2025-07-25 11:44:06,314 [INFO] ThirdParty:1030 - CMSIS Pack Vendor :STMicroelectronics MBEDTLS 2.14.1
2025-07-25 11:44:06,314 [INFO] ThirdParty:1030 - CMSIS Pack Vendor :STMicroelectronics X-CUBE-BLEMGR 3.1.0
2025-07-25 11:44:06,314 [INFO] ThirdParty:1030 - CMSIS Pack Vendor :STMicroelectronics X-CUBE-AI 10.0.0
2025-07-25 11:44:06,314 [INFO] ThirdParty:1030 - CMSIS Pack Vendor :STMicroelectronics FP-SNS-STAIOTCFT 1.0.0
2025-07-25 11:44:06,314 [INFO] ThirdParty:1030 - CMSIS Pack Vendor :STMicroelectronics FP-SNS-SMARTAG2 1.2.0
2025-07-25 11:44:06,314 [INFO] ThirdParty:1030 - CMSIS Pack Vendor :STMicroelectronics FP-SNS-FLIGHT1 5.1.0
2025-07-25 11:44:06,314 [INFO] ThirdParty:1030 - CMSIS Pack Vendor :STMicroelectronics X-CUBE-MEMS1 11.1.0
2025-07-25 11:44:06,314 [INFO] ThirdParty:1030 - CMSIS Pack Vendor :STMicroelectronics X-CUBE-AZRTOS-WL 2.0.0
2025-07-25 11:44:06,315 [INFO] ThirdParty:1030 - CMSIS Pack Vendor :STMicroelectronics X-CUBE-DPower 1.3.0
2025-07-25 11:44:06,315 [INFO] ThirdParty:1030 - CMSIS Pack Vendor :STMicroelectronics FP-SNS-MOTENV1 5.0.0
2025-07-25 11:44:06,315 [INFO] ThirdParty:1030 - CMSIS Pack Vendor :STMicroelectronics USB_DEVICE 1.0.0
2025-07-25 11:44:06,315 [INFO] ThirdParty:1030 - CMSIS Pack Vendor :wolfSSL I-CUBE-wolfMQTT 1.19.0
2025-07-25 11:44:06,315 [INFO] ThirdParty:1030 - CMSIS Pack Vendor :STMicroelectronics X-CUBE-AZRTOS-L4 2.0.0
2025-07-25 11:44:06,315 [INFO] ThirdParty:1030 - CMSIS Pack Vendor :STMicroelectronics ThreadX 0.0.2
2025-07-25 11:44:06,315 [INFO] ThirdParty:1030 - CMSIS Pack Vendor :WES I-CUBE-Cesium 1.3.0
2025-07-25 11:44:06,315 [INFO] ThirdParty:1030 - CMSIS Pack Vendor :STMicroelectronics lwIP 2.1.2
2025-07-25 11:44:06,315 [INFO] ThirdParty:1030 - CMSIS Pack Vendor :STMicroelectronics X-CUBE-SFXS2LP1 4.0.0
2025-07-25 11:44:06,315 [INFO] ThirdParty:1030 - CMSIS Pack Vendor :STMicroelectronics X-CUBE-BLE2 3.3.0
2025-07-25 11:44:06,315 [INFO] ThirdParty:1030 - CMSIS Pack Vendor :STMicroelectronics PDM2PCM 3.2.0
2025-07-25 11:44:06,315 [INFO] ThirdParty:1030 - CMSIS Pack Vendor :STMicroelectronics X-CUBE-AZRTOS-H7 3.3.0
2025-07-25 11:44:06,315 [INFO] ThirdParty:1030 - CMSIS Pack Vendor :STMicroelectronics X-CUBE-NFC9 1.0.0
2025-07-25 11:44:06,315 [INFO] ThirdParty:1030 - CMSIS Pack Vendor :STMicroelectronics X-CUBE-BLE1 7.1.0
2025-07-25 11:44:06,315 [INFO] ThirdParty:1030 - CMSIS Pack Vendor :STMicroelectronics USB_DEVICE 3.0.0
2025-07-25 11:44:06,315 [INFO] ThirdParty:1030 - CMSIS Pack Vendor :STMicroelectronics X-CUBE-TCPP 4.1.0
2025-07-25 11:44:06,315 [INFO] ThirdParty:1030 - CMSIS Pack Vendor :STMicroelectronics X-CUBE-EEPRMA1 5.2.0
2025-07-25 11:44:06,315 [INFO] ThirdParty:1030 - CMSIS Pack Vendor :STMicroelectronics X-CUBE-BLEMGR 4.1.0
2025-07-25 11:44:06,315 [INFO] ThirdParty:1030 - CMSIS Pack Vendor :STMicroelectronics X-CUBE-IPS 3.0.0
2025-07-25 11:44:06,315 [INFO] ThirdParty:1030 - CMSIS Pack Vendor :STMicroelectronics X-CUBE-AZRTOS-WB 2.0.0
2025-07-25 11:44:06,315 [INFO] ThirdParty:1030 - CMSIS Pack Vendor :STMicroelectronics X-CUBE-GNSS1 7.0.0
2025-07-25 11:44:06,315 [INFO] ThirdParty:1030 - CMSIS Pack Vendor :STMicroelectronics X-CUBE-GNSS1 7.0.1
2025-07-25 11:44:06,315 [INFO] ThirdParty:1030 - CMSIS Pack Vendor :STMicroelectronics X-CUBE-TOUCHGFX 4.25.0
2025-07-25 11:44:06,315 [INFO] ThirdParty:1030 - CMSIS Pack Vendor :STMicroelectronics X-CUBE-AI 10.1.0
2025-07-25 11:44:06,315 [INFO] ThirdParty:1030 - CMSIS Pack Vendor :STMicroelectronics FP-SNS-STBOX1 2.0.0
2025-07-25 11:44:06,315 [INFO] ThirdParty:1030 - CMSIS Pack Vendor :STMicroelectronics X-CUBE-MEMS1 11.2.0
2025-07-25 11:44:06,315 [INFO] ThirdParty:1030 - CMSIS Pack Vendor :STMicroelectronics X-CUBE-AZRTOS-G0 1.1.0
2025-07-25 11:44:06,315 [INFO] ThirdParty:1030 - CMSIS Pack Vendor :STMicroelectronics X-CUBE-SAFEA1 1.2.2
2025-07-25 11:44:06,315 [INFO] ThirdParty:1030 - CMSIS Pack Vendor :STMicroelectronics X-CUBE-NFC4 3.0.0
2025-07-25 11:44:06,315 [INFO] ThirdParty:1030 - CMSIS Pack Vendor :STMicroelectronics X-CUBE-SUBG2 5.0.0
2025-07-25 11:44:06,315 [INFO] ThirdParty:1030 - CMSIS Pack Vendor :STMicroelectronics X-CUBE-AZRTOS-H7RS 1.1.0
2025-07-25 11:44:06,315 [INFO] ThirdParty:1030 - CMSIS Pack Vendor :STMicroelectronics STM32_WPAN 1.0.0
2025-07-25 11:44:06,315 [INFO] ThirdParty:1030 - CMSIS Pack Vendor :EmbeddedOffice I-CUBE-FS-RTOS 1.0.1
2025-07-25 11:44:06,315 [INFO] ThirdParty:1030 - CMSIS Pack Vendor :STMicroelectronics lwIP 2.0.3
2025-07-25 11:44:06,315 [INFO] ThirdParty:1030 - CMSIS Pack Vendor :Cesanta I-CUBE-Mongoose 7.13.0
2025-07-25 11:44:06,315 [INFO] ThirdParty:1030 - CMSIS Pack Vendor :STMicroelectronics USB_HOST 1.0.0
2025-07-25 11:44:06,315 [INFO] ThirdParty:1030 - CMSIS Pack Vendor :STMicroelectronics X-CUBE-AZRTOS-G4 2.0.0
2025-07-25 11:44:06,316 [INFO] ThirdParty:1030 - CMSIS Pack Vendor :STMicroelectronics X-CUBE-WB05N 2.0.0
2025-07-25 11:44:06,316 [INFO] ThirdParty:1030 - CMSIS Pack Vendor :STMicroelectronics PDM2PCM 3.1.0
2025-07-25 11:44:06,316 [INFO] ThirdParty:1030 - CMSIS Pack Vendor :STMicroelectronics X-CUBE-NFC7 2.0.0
2025-07-25 11:44:06,316 [INFO] ThirdParty:1030 - CMSIS Pack Vendor :STMicroelectronics X-CUBE-TCPP 4.2.0
2025-07-25 11:44:06,316 [INFO] ThirdParty:1030 - CMSIS Pack Vendor :RealThread X-CUBE-RT-Thread_Nano 4.1.1
2025-07-25 11:44:06,316 [INFO] ThirdParty:1030 - CMSIS Pack Vendor :STMicroelectronics FP-ATR-SIGFOX1 3.2.0
2025-07-25 11:44:06,316 [INFO] ThirdParty:1030 - CMSIS Pack Vendor :quantropi X-CUBE-qispace-sdk-base 1.9.3
2025-07-25 11:44:06,316 [INFO] ThirdParty:1030 - CMSIS Pack Vendor :STMicroelectronics X-CUBE-EEPRMA1 5.1.0
2025-07-25 11:44:06,316 [INFO] ThirdParty:1030 - CMSIS Pack Vendor :STMicroelectronics MBEDTLS 2.16.2
2025-07-25 11:44:06,316 [INFO] ThirdParty:1030 - CMSIS Pack Vendor :STMicroelectronics X-CUBE-IPS 3.1.0
2025-07-25 11:44:06,316 [INFO] ThirdParty:1030 - CMSIS Pack Vendor :STMicroelectronics X-CUBE-ALS 1.0.2
2025-07-25 11:44:06,316 [INFO] ThirdParty:1030 - CMSIS Pack Vendor :wolfSSL I-CUBE-wolfSSL 5.7.4
2025-07-25 11:44:06,316 [INFO] ThirdParty:1030 - CMSIS Pack Vendor :ITTIA_DB I-CUBE-ITTIADB 8.9.0
2025-07-25 11:44:06,316 [INFO] ThirdParty:1030 - CMSIS Pack Vendor :STMicroelectronics X-CUBE-TOUCHGFX 4.24.2
2025-07-25 11:44:06,316 [INFO] ThirdParty:1030 - CMSIS Pack Vendor :STMicroelectronics X-CUBE-TOUCHGFX 4.24.1
2025-07-25 11:44:06,316 [INFO] ThirdParty:1030 - CMSIS Pack Vendor :wolfSSL I-CUBE-wolfTPM 3.4.0
2025-07-25 11:44:06,316 [INFO] ThirdParty:1030 - CMSIS Pack Vendor :portGmbH I-Cube-SoM-uGOAL 1.1.0
2025-07-25 11:44:06,316 [INFO] ThirdParty:1030 - CMSIS Pack Vendor :STMicroelectronics X-CUBE-ST67W61 1.0.0
2025-07-25 11:44:06,316 [INFO] ThirdParty:1030 - CMSIS Pack Vendor :STMicroelectronics ThreadX 1.0.0
2025-07-25 11:44:06,316 [INFO] ThirdParty:1030 - CMSIS Pack Vendor :SEGGER I-CUBE-embOS 1.3.1
2025-07-25 11:44:06,316 [INFO] ThirdParty:1030 - CMSIS Pack Vendor :STMicroelectronics X-CUBE-ALGOBUILD 1.4.0
2025-07-25 11:44:06,316 [INFO] ThirdParty:1030 - CMSIS Pack Vendor :STMicroelectronics X-CUBE-MEMS1 11.3.0
2025-07-25 11:44:06,316 [INFO] ThirdParty:1030 - CMSIS Pack Vendor :STMicroelectronics X-CUBE-AZRTOS-H7RS 1.0.0
2025-07-25 11:44:06,316 [INFO] ThirdParty:1030 - CMSIS Pack Vendor :STMicroelectronics FP-ATR-ASTRA1 2.0.0
2025-07-25 11:44:06,316 [INFO] ThirdParty:1030 - CMSIS Pack Vendor :STMicroelectronics X-CUBE-TOF1 3.4.2
2025-07-25 11:44:06,316 [INFO] ThirdParty:1030 - CMSIS Pack Vendor :STMicroelectronics X-CUBE-TOF1 3.4.3
2025-07-25 11:44:06,316 [INFO] ThirdParty:1030 - CMSIS Pack Vendor :STMicroelectronics X-CUBE-AI 9.1.0
2025-07-25 11:44:06,316 [INFO] ThirdParty:1030 - CMSIS Pack Vendor :Infineon AIROC-Wi-Fi-Bluetooth-STM32 1.6.1
2025-07-25 11:44:06,316 [INFO] ThirdParty:1030 - CMSIS Pack Vendor :wolfSSL I-CUBE-wolfSSH 1.4.17
2025-07-25 11:44:06,316 [INFO] ThirdParty:841 - exiting critical section [change project]
2025-07-25 11:44:06,651 [INFO] PinOutPanel:1589 - setPackage(No Configuration,No Configuration)
2025-07-25 11:44:06,652 [INFO] PinOutPanel:1589 - setPackage(STM32F767ZITx,LQFP144)
2025-07-25 11:44:07,236 [INFO] UtilMem:75 - Before build in PCC Used Memory: 889497928 Bytes (1073741824)
2025-07-25 11:44:07,606 [INFO] UtilMem:75 - After build in PCC Used Memory: 942975304 Bytes (1073741824)
2025-07-25 11:44:07,637 [INFO] IPUIPlugin:80 - create IPUIPlugin
2025-07-25 11:44:07,638 [INFO] IPUIPlugin:80 - create IPUIPlugin
2025-07-25 11:44:07,639 [INFO] IPUIPlugin:80 - create IPUIPlugin
2025-07-25 11:44:07,639 [INFO] IPUIPlugin:80 - create IPUIPlugin
2025-07-25 11:44:07,639 [INFO] IPUIPlugin:80 - create IPUIPlugin
2025-07-25 11:44:07,639 [INFO] IPUIPlugin:80 - create IPUIPlugin
2025-07-25 11:44:07,639 [INFO] IPUIPlugin:80 - create IPUIPlugin
2025-07-25 11:44:07,639 [INFO] IPUIPlugin:80 - create IPUIPlugin
2025-07-25 11:44:07,639 [INFO] IPUIPlugin:80 - create IPUIPlugin
2025-07-25 11:44:07,639 [INFO] IPUIPlugin:80 - create IPUIPlugin
2025-07-25 11:44:07,639 [INFO] IPUIPlugin:80 - create IPUIPlugin
2025-07-25 11:44:07,639 [INFO] IPUIPlugin:80 - create IPUIPlugin
2025-07-25 11:44:07,639 [INFO] IPUIPlugin:80 - create IPUIPlugin
2025-07-25 11:44:07,640 [INFO] IPUIPlugin:80 - create IPUIPlugin
2025-07-25 11:44:07,640 [INFO] IPUIPlugin:80 - create IPUIPlugin
2025-07-25 11:44:07,640 [INFO] IPUIPlugin:80 - create IPUIPlugin
2025-07-25 11:44:07,640 [INFO] IPUIPlugin:80 - create IPUIPlugin
2025-07-25 11:44:07,640 [INFO] IPUIPlugin:80 - create IPUIPlugin
2025-07-25 11:44:07,640 [INFO] IPUIPlugin:80 - create IPUIPlugin
2025-07-25 11:44:07,640 [INFO] IPUIPlugin:80 - create IPUIPlugin
2025-07-25 11:44:07,640 [INFO] IPUIPlugin:80 - create IPUIPlugin
2025-07-25 11:44:07,641 [INFO] IPUIPlugin:80 - create IPUIPlugin
2025-07-25 11:44:07,641 [INFO] IPUIPlugin:80 - create IPUIPlugin
2025-07-25 11:44:07,641 [INFO] IPUIPlugin:80 - create IPUIPlugin
2025-07-25 11:44:07,641 [INFO] IPUIPlugin:80 - create IPUIPlugin
2025-07-25 11:44:07,641 [INFO] IPUIPlugin:80 - create IPUIPlugin
2025-07-25 11:44:07,641 [INFO] IPUIPlugin:80 - create IPUIPlugin
2025-07-25 11:44:07,641 [INFO] IPUIPlugin:80 - create IPUIPlugin
2025-07-25 11:44:07,642 [INFO] IPUIPlugin:80 - create IPUIPlugin
2025-07-25 11:44:07,642 [INFO] IPUIPlugin:80 - create IPUIPlugin
2025-07-25 11:44:07,642 [INFO] IPUIPlugin:80 - create IPUIPlugin
2025-07-25 11:44:07,642 [INFO] IPUIPlugin:80 - create IPUIPlugin
2025-07-25 11:44:07,642 [INFO] IPUIPlugin:80 - create IPUIPlugin
2025-07-25 11:44:07,643 [INFO] IPUIPlugin:80 - create IPUIPlugin
2025-07-25 11:44:07,643 [INFO] IPUIPlugin:80 - create IPUIPlugin
2025-07-25 11:44:07,643 [INFO] IPUIPlugin:80 - create IPUIPlugin
2025-07-25 11:44:07,643 [INFO] IPUIPlugin:80 - create IPUIPlugin
2025-07-25 11:44:07,644 [INFO] IPUIPlugin:80 - create IPUIPlugin
2025-07-25 11:44:07,644 [INFO] IPUIPlugin:80 - create IPUIPlugin
2025-07-25 11:44:07,644 [INFO] IPUIPlugin:80 - create IPUIPlugin
2025-07-25 11:44:07,644 [INFO] IPUIPlugin:80 - create IPUIPlugin
2025-07-25 11:44:07,644 [INFO] IPUIPlugin:80 - create IPUIPlugin
2025-07-25 11:44:07,644 [INFO] IPUIPlugin:80 - create IPUIPlugin
2025-07-25 11:44:07,645 [INFO] IPUIPlugin:80 - create IPUIPlugin
2025-07-25 11:44:07,645 [INFO] IPUIPlugin:80 - create IPUIPlugin
2025-07-25 11:44:07,645 [INFO] IPUIPlugin:80 - create IPUIPlugin
2025-07-25 11:44:07,645 [INFO] IPUIPlugin:80 - create IPUIPlugin
2025-07-25 11:44:07,645 [INFO] IPUIPlugin:80 - create IPUIPlugin
2025-07-25 11:44:07,645 [INFO] IPUIPlugin:80 - create IPUIPlugin
2025-07-25 11:44:07,646 [INFO] IPUIPlugin:80 - create IPUIPlugin
2025-07-25 11:44:07,646 [INFO] IPUIPlugin:80 - create IPUIPlugin
2025-07-25 11:44:07,646 [INFO] IPUIPlugin:80 - create IPUIPlugin
2025-07-25 11:44:07,646 [INFO] IPUIPlugin:80 - create IPUIPlugin
2025-07-25 11:44:07,647 [INFO] IPUIPlugin:80 - create IPUIPlugin
2025-07-25 11:44:07,647 [INFO] IPUIPlugin:80 - create IPUIPlugin
2025-07-25 11:44:07,647 [INFO] IPUIPlugin:80 - create IPUIPlugin
2025-07-25 11:44:07,647 [INFO] IPUIPlugin:80 - create IPUIPlugin
2025-07-25 11:44:07,647 [INFO] IPUIPlugin:80 - create IPUIPlugin
2025-07-25 11:44:07,647 [INFO] IPUIPlugin:80 - create IPUIPlugin
2025-07-25 11:44:07,647 [INFO] IPUIPlugin:80 - create IPUIPlugin
2025-07-25 11:44:07,647 [INFO] IPUIPlugin:80 - create IPUIPlugin
2025-07-25 11:44:07,649 [INFO] IPUIPlugin:80 - create IPUIPlugin
2025-07-25 11:44:07,649 [INFO] IPUIPlugin:80 - create IPUIPlugin
2025-07-25 11:44:07,649 [INFO] IPUIPlugin:80 - create IPUIPlugin
2025-07-25 11:44:07,649 [INFO] IPUIPlugin:80 - create IPUIPlugin
2025-07-25 11:44:07,650 [INFO] IPUIPlugin:80 - create IPUIPlugin
2025-07-25 11:44:07,650 [INFO] IPUIPlugin:80 - create IPUIPlugin
2025-07-25 11:44:07,650 [INFO] IPUIPlugin:80 - create IPUIPlugin
2025-07-25 11:44:07,650 [INFO] IPUIPlugin:80 - create IPUIPlugin
2025-07-25 11:44:07,651 [INFO] IPUIPlugin:80 - create IPUIPlugin
2025-07-25 11:44:07,651 [INFO] IPUIPlugin:80 - create IPUIPlugin
2025-07-25 11:44:07,651 [INFO] IPUIPlugin:80 - create IPUIPlugin
2025-07-25 11:44:07,652 [INFO] IPUIPlugin:80 - create IPUIPlugin
2025-07-25 11:44:07,652 [INFO] IPUIPlugin:80 - create IPUIPlugin
2025-07-25 11:44:07,652 [INFO] IPUIPlugin:80 - create IPUIPlugin
2025-07-25 11:44:07,653 [INFO] IPUIPlugin:80 - create IPUIPlugin
2025-07-25 11:44:07,653 [INFO] IPUIPlugin:80 - create IPUIPlugin
2025-07-25 11:44:07,653 [INFO] IPUIPlugin:80 - create IPUIPlugin
2025-07-25 11:44:07,654 [INFO] IPUIPlugin:80 - create IPUIPlugin
2025-07-25 11:44:07,672 [INFO] ApiDbMcu:532 - Load IP Config File for PDM2PCM
2025-07-25 11:44:07,677 [INFO] Can:71 - Can Add PropertyChangeListener com.st.microxplorer.plugins.ip.can.Can@24b2f9df
2025-07-25 11:44:07,768 [INFO] CADModel:165 - CPN selected for project levelSTM32F767ZIT6
2025-07-25 11:44:07,768 [INFO] CADModel:114 - Register for checkConnection events
2025-07-25 11:44:07,896 [INFO] OpenFileManager:386 - Restore cursor
2025-07-25 11:44:22,099 [INFO] NvicIntPanel:101 - NVIC parent = com.st.microxplorer.plugins.ip.nvic.MultiNvicIntPanel[,0,0,0x0,invalid,layout=javax.swing.BoxLayout,alignmentX=0.0,alignmentY=0.0,border=,flags=9,maximumSize=,minimumSize=,preferredSize=]
2025-07-25 11:44:32,136 [INFO] NvicIntPanel:101 - NVIC parent = com.st.microxplorer.plugins.ip.nvic.MultiNvicIntPanel[,0,0,0x0,invalid,layout=javax.swing.BoxLayout,alignmentX=0.0,alignmentY=0.0,border=,flags=9,maximumSize=,minimumSize=,preferredSize=]
2025-07-25 11:44:32,235 [INFO] NvicIntPanel:101 - NVIC parent = com.st.microxplorer.plugins.ip.nvic.MultiNvicIntPanel[,0,0,0x0,invalid,layout=javax.swing.BoxLayout,alignmentX=0.0,alignmentY=0.0,border=,flags=9,maximumSize=,minimumSize=,preferredSize=]
2025-07-25 11:44:36,521 [INFO] NvicIntPanel:101 - NVIC parent = com.st.microxplorer.plugins.ip.nvic.MultiNvicIntPanel[,0,0,0x0,invalid,layout=javax.swing.BoxLayout,alignmentX=0.0,alignmentY=0.0,border=,flags=9,maximumSize=,minimumSize=,preferredSize=]
2025-07-25 11:44:36,615 [INFO] NvicIntPanel:101 - NVIC parent = com.st.microxplorer.plugins.ip.nvic.MultiNvicIntPanel[,0,0,0x0,invalid,layout=javax.swing.BoxLayout,alignmentX=0.0,alignmentY=0.0,border=,flags=9,maximumSize=,minimumSize=,preferredSize=]
2025-07-25 11:44:38,934 [INFO] UtilMem:75 - End SaveConfig() Used Memory: 696294976 Bytes (1073741824)
2025-07-25 11:44:39,641 [INFO] UtilMem:75 - End SaveConfig() Used Memory: 748710616 Bytes (1073741824)
2025-07-25 11:44:40,256 [INFO] BlockDiagram:2775 - set Specific Code input for plugin: CAN
2025-07-25 11:44:40,256 [INFO] BlockDiagram:2775 - set Specific Code input for plugin: SYS
2025-07-25 11:44:40,256 [INFO] BlockDiagram:2775 - set Specific Code input for plugin: RCC
2025-07-25 11:44:40,256 [INFO] BlockDiagram:2775 - set Specific Code input for plugin: NVIC
2025-07-25 11:44:40,256 [INFO] BlockDiagram:2775 - set Specific Code input for plugin: GPIO
2025-07-25 11:44:40,258 [INFO] CodeGenerator:892 - code generatio: config db path: C:\ST\STM32CubeIDE_1.16.1\STM32CubeIDE\plugins\com.st.stm32cube.common.mx_6.15.0.202507011659\\db\
2025-07-25 11:44:40,577 [INFO] CodeEngine:265 - oldGeneratedFile, C:\Users\Chinnapop\STM32CubeIDE\workspace\magnetometer_emulator\MXTmpFiles\license.tmp_save
2025-07-25 11:44:40,880 [INFO] CodeEngine:289 - Generated code: C:\Users\Chinnapop\STM32CubeIDE\workspace\magnetometer_emulator\MXTmpFiles\license.tmp
2025-07-25 11:44:40,949 [INFO] CodeEngine:265 - oldGeneratedFile, C:\Users\Chinnapop\STM32CubeIDE\workspace\magnetometer_emulator\MXTmpFiles\gpio.tmp_save
2025-07-25 11:44:41,142 [INFO] CodeEngine:289 - Generated code: C:\Users\Chinnapop\STM32CubeIDE\workspace\magnetometer_emulator\MXTmpFiles\gpio.tmp
2025-07-25 11:44:41,238 [INFO] CodeEngine:265 - oldGeneratedFile, C:\Users\Chinnapop\STM32CubeIDE\workspace\magnetometer_emulator\MXTmpFiles\cortex.tmp_save
2025-07-25 11:44:41,386 [INFO] CodeEngine:289 - Generated code: C:\Users\Chinnapop\STM32CubeIDE\workspace\magnetometer_emulator\MXTmpFiles\cortex.tmp
2025-07-25 11:44:41,406 [INFO] CodeEngine:265 - oldGeneratedFile, C:\Users\Chinnapop\STM32CubeIDE\workspace\magnetometer_emulator\Core\Src\stm32f7xx_it.c_save
2025-07-25 11:44:41,704 [INFO] CodeEngine:289 - Generated code: C:\Users\Chinnapop\STM32CubeIDE\workspace\magnetometer_emulator\Core\Src\stm32f7xx_it.c
2025-07-25 11:44:41,715 [INFO] CodeEngine:265 - oldGeneratedFile, C:\Users\Chinnapop\STM32CubeIDE\workspace\magnetometer_emulator\Core\Inc\stm32f7xx_it.h_save
2025-07-25 11:44:41,850 [INFO] CodeEngine:289 - Generated code: C:\Users\Chinnapop\STM32CubeIDE\workspace\magnetometer_emulator\Core\Inc\stm32f7xx_it.h
2025-07-25 11:44:41,873 [INFO] CodeEngine:265 - oldGeneratedFile, C:\Users\Chinnapop\STM32CubeIDE\workspace\magnetometer_emulator\Core\Src\stm32f7xx_hal_msp.c_save
2025-07-25 11:44:42,019 [INFO] CodeEngine:289 - Generated code: C:\Users\Chinnapop\STM32CubeIDE\workspace\magnetometer_emulator\Core\Src\stm32f7xx_hal_msp.c
2025-07-25 11:44:42,028 [INFO] CodeEngine:265 - oldGeneratedFile, C:\Users\Chinnapop\STM32CubeIDE\workspace\magnetometer_emulator\MXTmpFiles\system.tmp_save
2025-07-25 11:44:42,103 [INFO] CodeEngine:289 - Generated code: C:\Users\Chinnapop\STM32CubeIDE\workspace\magnetometer_emulator\MXTmpFiles\system.tmp
2025-07-25 11:44:42,121 [INFO] CodeEngine:321 - oldGeneratedFile, C:\Users\Chinnapop\STM32CubeIDE\workspace\magnetometer_emulator\Core\Inc\stm32f7xx_hal_conf.h_save
2025-07-25 11:44:42,209 [INFO] CodeEngine:345 - Generated code: C:\Users\Chinnapop\STM32CubeIDE\workspace\magnetometer_emulator\Core\Inc\stm32f7xx_hal_conf.h
2025-07-25 11:44:42,249 [INFO] ApiDbMcu:532 - Load IP Config File for CAN1
2025-07-25 11:44:42,253 [INFO] ApiDbMcu:532 - Load IP Config File for RCC
2025-07-25 11:44:42,271 [INFO] CodeEngine:265 - oldGeneratedFile, C:\Users\Chinnapop\STM32CubeIDE\workspace\magnetometer_emulator\Core\Inc\main.h_save
2025-07-25 11:44:42,390 [INFO] CodeEngine:289 - Generated code: C:\Users\Chinnapop\STM32CubeIDE\workspace\magnetometer_emulator\Core\Inc\main.h
2025-07-25 11:44:42,401 [INFO] CodeEngine:265 - oldGeneratedFile, C:\Users\Chinnapop\STM32CubeIDE\workspace\magnetometer_emulator\Core\Src\main.c_save
2025-07-25 11:44:42,537 [INFO] CodeEngine:289 - Generated code: C:\Users\Chinnapop\STM32CubeIDE\workspace\magnetometer_emulator\Core\Src\main.c
2025-07-25 11:44:42,946 [INFO] ProjectBuilder:3606 - Time for Copy HAL[1] : 274mS.
2025-07-25 11:44:42,950 [INFO] ProjectBuilder:5216 - Project Generator version: 4.7.0-B52
2025-07-25 11:44:43,035 [INFO] ConfigFileManager:1595 - The Die is : DIE451
2025-07-25 11:44:43,039 [INFO] ApiDbMcu:532 - Load IP Config File for FATFS
2025-07-25 11:44:43,044 [INFO] ApiDbMcu:532 - Load IP Config File for FREERTOS
2025-07-25 11:44:43,048 [INFO] ApiDbMcu:532 - Load IP Config File for LIBJPEG
2025-07-25 11:44:43,054 [INFO] ApiDbMcu:532 - Load IP Config File for LWIP
2025-07-25 11:44:43,060 [INFO] ApiDbMcu:532 - Load IP Config File for MBEDTLS
2025-07-25 11:44:43,067 [INFO] ApiDbMcu:532 - Load IP Config File for USB_DEVICE
2025-07-25 11:44:43,071 [INFO] ApiDbMcu:532 - Load IP Config File for USB_HOST
2025-07-25 11:44:44,801 [INFO] ProjectBuilder:5496 - Time for Generating toolchain IDE Files: 1852mS.
2025-07-25 11:44:44,803 [INFO] ProjectBuilder:3463 - Time for Copy CMSIS : 1mS.
2025-07-25 11:44:44,811 [INFO] ProjectBuilder:3463 - Time for Copy CMSIS : 0mS.
2025-07-25 11:46:02,631 [INFO] WebApp:194 - Connection lost
2025-07-25 11:46:03,027 [INFO] WebApp:191 - Connection restablished
2025-07-25 11:46:50,133 [INFO] NvicIntPanel:101 - NVIC parent = com.st.microxplorer.plugins.ip.nvic.MultiNvicIntPanel[,0,0,0x0,invalid,layout=javax.swing.BoxLayout,alignmentX=0.0,alignmentY=0.0,border=,flags=9,maximumSize=,minimumSize=,preferredSize=]
2025-07-25 11:46:53,430 [INFO] NvicIntPanel:101 - NVIC parent = com.st.microxplorer.plugins.ip.nvic.MultiNvicIntPanel[,0,0,0x0,invalid,layout=javax.swing.BoxLayout,alignmentX=0.0,alignmentY=0.0,border=,flags=9,maximumSize=,minimumSize=,preferredSize=]
2025-07-25 11:46:53,513 [INFO] NvicIntPanel:101 - NVIC parent = com.st.microxplorer.plugins.ip.nvic.MultiNvicIntPanel[,0,0,0x0,invalid,layout=javax.swing.BoxLayout,alignmentX=0.0,alignmentY=0.0,border=,flags=9,maximumSize=,minimumSize=,preferredSize=]
2025-07-25 11:47:00,506 [INFO] NvicIntPanel:101 - NVIC parent = com.st.microxplorer.plugins.ip.nvic.MultiNvicIntPanel[,0,0,0x0,invalid,layout=javax.swing.BoxLayout,alignmentX=0.0,alignmentY=0.0,border=,flags=9,maximumSize=,minimumSize=,preferredSize=]
2025-07-25 11:47:00,578 [INFO] NvicIntPanel:101 - NVIC parent = com.st.microxplorer.plugins.ip.nvic.MultiNvicIntPanel[,0,0,0x0,invalid,layout=javax.swing.BoxLayout,alignmentX=0.0,alignmentY=0.0,border=,flags=9,maximumSize=,minimumSize=,preferredSize=]
2025-07-25 11:47:06,922 [INFO] Can:71 - Can Add PropertyChangeListener com.st.microxplorer.plugins.ip.can.Can@73d23b0e
2025-07-25 11:47:09,678 [INFO] NvicIntPanel:101 - NVIC parent = com.st.microxplorer.plugins.ip.nvic.MultiNvicIntPanel[,0,0,0x0,invalid,layout=javax.swing.BoxLayout,alignmentX=0.0,alignmentY=0.0,border=,flags=9,maximumSize=,minimumSize=,preferredSize=]
2025-07-25 11:47:12,130 [INFO] NvicIntPanel:101 - NVIC parent = com.st.microxplorer.plugins.ip.nvic.MultiNvicIntPanel[,0,0,0x0,invalid,layout=javax.swing.BoxLayout,alignmentX=0.0,alignmentY=0.0,border=,flags=9,maximumSize=,minimumSize=,preferredSize=]
2025-07-25 11:47:12,219 [INFO] NvicIntPanel:101 - NVIC parent = com.st.microxplorer.plugins.ip.nvic.MultiNvicIntPanel[,0,0,0x0,invalid,layout=javax.swing.BoxLayout,alignmentX=0.0,alignmentY=0.0,border=,flags=9,maximumSize=,minimumSize=,preferredSize=]
2025-07-25 11:47:16,007 [INFO] NvicIntPanel:101 - NVIC parent = com.st.microxplorer.plugins.ip.nvic.MultiNvicIntPanel[,0,0,450x220,layout=javax.swing.BoxLayout,alignmentX=0.0,alignmentY=0.0,border=,flags=9,maximumSize=,minimumSize=,preferredSize=]
2025-07-25 11:47:17,475 [INFO] NvicIntPanel:101 - NVIC parent = com.st.microxplorer.plugins.ip.nvic.MultiNvicIntPanel[,0,0,0x0,invalid,layout=javax.swing.BoxLayout,alignmentX=0.0,alignmentY=0.0,border=,flags=9,maximumSize=,minimumSize=,preferredSize=]
2025-07-25 11:47:19,805 [INFO] NvicIntPanel:101 - NVIC parent = com.st.microxplorer.plugins.ip.nvic.MultiNvicIntPanel[,0,0,0x0,invalid,layout=javax.swing.BoxLayout,alignmentX=0.0,alignmentY=0.0,border=,flags=9,maximumSize=,minimumSize=,preferredSize=]
2025-07-25 11:47:20,316 [INFO] NvicIntPanel:101 - NVIC parent = com.st.microxplorer.plugins.ip.nvic.MultiNvicIntPanel[,0,0,0x0,invalid,layout=javax.swing.BoxLayout,alignmentX=0.0,alignmentY=0.0,border=,flags=9,maximumSize=,minimumSize=,preferredSize=]
2025-07-25 11:47:21,026 [INFO] NvicIntPanel:101 - NVIC parent = com.st.microxplorer.plugins.ip.nvic.MultiNvicIntPanel[,0,0,0x0,invalid,layout=javax.swing.BoxLayout,alignmentX=0.0,alignmentY=0.0,border=,flags=9,maximumSize=,minimumSize=,preferredSize=]
2025-07-25 11:47:23,287 [INFO] UtilMem:75 - End SaveConfig() Used Memory: 891518104 Bytes (1073741824)
2025-07-25 11:47:23,789 [INFO] UtilMem:75 - End SaveConfig() Used Memory: 940422464 Bytes (1073741824)
2025-07-25 11:47:23,912 [INFO] BlockDiagram:2775 - set Specific Code input for plugin: CAN
2025-07-25 11:47:23,912 [INFO] BlockDiagram:2775 - set Specific Code input for plugin: CAN
2025-07-25 11:47:23,912 [INFO] BlockDiagram:2775 - set Specific Code input for plugin: SYS
2025-07-25 11:47:23,912 [INFO] BlockDiagram:2775 - set Specific Code input for plugin: RCC
2025-07-25 11:47:23,912 [INFO] BlockDiagram:2775 - set Specific Code input for plugin: NVIC
2025-07-25 11:47:23,913 [INFO] BlockDiagram:2775 - set Specific Code input for plugin: GPIO
2025-07-25 11:47:23,914 [INFO] CodeGenerator:892 - code generatio: config db path: C:\ST\STM32CubeIDE_1.16.1\STM32CubeIDE\plugins\com.st.stm32cube.common.mx_6.15.0.202507011659\\db\
2025-07-25 11:47:24,017 [INFO] CodeEngine:265 - oldGeneratedFile, C:\Users\Chinnapop\STM32CubeIDE\workspace\magnetometer_emulator\MXTmpFiles\license.tmp_save
2025-07-25 11:47:24,145 [INFO] CodeEngine:289 - Generated code: C:\Users\Chinnapop\STM32CubeIDE\workspace\magnetometer_emulator\MXTmpFiles\license.tmp
2025-07-25 11:47:24,167 [INFO] CodeEngine:265 - oldGeneratedFile, C:\Users\Chinnapop\STM32CubeIDE\workspace\magnetometer_emulator\MXTmpFiles\gpio.tmp_save
2025-07-25 11:47:24,221 [INFO] CodeEngine:289 - Generated code: C:\Users\Chinnapop\STM32CubeIDE\workspace\magnetometer_emulator\MXTmpFiles\gpio.tmp
2025-07-25 11:47:24,314 [INFO] CodeEngine:265 - oldGeneratedFile, C:\Users\Chinnapop\STM32CubeIDE\workspace\magnetometer_emulator\MXTmpFiles\cortex.tmp_save
2025-07-25 11:47:24,378 [INFO] CodeEngine:289 - Generated code: C:\Users\Chinnapop\STM32CubeIDE\workspace\magnetometer_emulator\MXTmpFiles\cortex.tmp
2025-07-25 11:47:24,403 [INFO] CodeEngine:265 - oldGeneratedFile, C:\Users\Chinnapop\STM32CubeIDE\workspace\magnetometer_emulator\Core\Src\stm32f7xx_it.c_save
2025-07-25 11:47:24,496 [INFO] CodeEngine:289 - Generated code: C:\Users\Chinnapop\STM32CubeIDE\workspace\magnetometer_emulator\Core\Src\stm32f7xx_it.c
2025-07-25 11:47:24,508 [INFO] CodeEngine:265 - oldGeneratedFile, C:\Users\Chinnapop\STM32CubeIDE\workspace\magnetometer_emulator\Core\Inc\stm32f7xx_it.h_save
2025-07-25 11:47:24,576 [INFO] CodeEngine:289 - Generated code: C:\Users\Chinnapop\STM32CubeIDE\workspace\magnetometer_emulator\Core\Inc\stm32f7xx_it.h
2025-07-25 11:47:24,600 [INFO] CodeEngine:265 - oldGeneratedFile, C:\Users\Chinnapop\STM32CubeIDE\workspace\magnetometer_emulator\Core\Src\stm32f7xx_hal_msp.c_save
2025-07-25 11:47:24,699 [INFO] CodeEngine:289 - Generated code: C:\Users\Chinnapop\STM32CubeIDE\workspace\magnetometer_emulator\Core\Src\stm32f7xx_hal_msp.c
2025-07-25 11:47:24,707 [INFO] CodeEngine:265 - oldGeneratedFile, C:\Users\Chinnapop\STM32CubeIDE\workspace\magnetometer_emulator\MXTmpFiles\system.tmp_save
2025-07-25 11:47:24,759 [INFO] CodeEngine:289 - Generated code: C:\Users\Chinnapop\STM32CubeIDE\workspace\magnetometer_emulator\MXTmpFiles\system.tmp
2025-07-25 11:47:24,774 [INFO] CodeEngine:321 - oldGeneratedFile, C:\Users\Chinnapop\STM32CubeIDE\workspace\magnetometer_emulator\Core\Inc\stm32f7xx_hal_conf.h_save
2025-07-25 11:47:24,844 [INFO] CodeEngine:345 - Generated code: C:\Users\Chinnapop\STM32CubeIDE\workspace\magnetometer_emulator\Core\Inc\stm32f7xx_hal_conf.h
2025-07-25 11:47:24,868 [INFO] ApiDbMcu:532 - Load IP Config File for CAN2
2025-07-25 11:47:24,881 [INFO] CodeEngine:265 - oldGeneratedFile, C:\Users\Chinnapop\STM32CubeIDE\workspace\magnetometer_emulator\Core\Inc\main.h_save
2025-07-25 11:47:24,956 [INFO] CodeEngine:289 - Generated code: C:\Users\Chinnapop\STM32CubeIDE\workspace\magnetometer_emulator\Core\Inc\main.h
2025-07-25 11:47:24,970 [INFO] CodeEngine:265 - oldGeneratedFile, C:\Users\Chinnapop\STM32CubeIDE\workspace\magnetometer_emulator\Core\Src\main.c_save
2025-07-25 11:47:25,085 [INFO] CodeEngine:289 - Generated code: C:\Users\Chinnapop\STM32CubeIDE\workspace\magnetometer_emulator\Core\Src\main.c
2025-07-25 11:47:25,454 [INFO] ProjectBuilder:3606 - Time for Copy HAL[1] : 238mS.
2025-07-25 11:47:25,461 [INFO] ProjectBuilder:5216 - Project Generator version: 4.7.0-B52
2025-07-25 11:47:25,544 [INFO] ConfigFileManager:1595 - The Die is : DIE451
2025-07-25 11:47:26,983 [INFO] ProjectBuilder:5496 - Time for Generating toolchain IDE Files: 1522mS.
2025-07-25 11:47:26,986 [INFO] ProjectBuilder:3463 - Time for Copy CMSIS : 1mS.
2025-07-25 11:47:26,994 [INFO] ProjectBuilder:3463 - Time for Copy CMSIS : 0mS.
2025-07-25 11:54:27,809 [INFO] NvicIntPanel:101 - NVIC parent = com.st.microxplorer.plugins.ip.nvic.MultiNvicIntPanel[,0,0,0x0,invalid,layout=javax.swing.BoxLayout,alignmentX=0.0,alignmentY=0.0,border=,flags=9,maximumSize=,minimumSize=,preferredSize=]
2025-07-25 11:54:46,618 [INFO] NvicIntPanel:101 - NVIC parent = com.st.microxplorer.plugins.ip.nvic.MultiNvicIntPanel[,0,0,450x220,layout=javax.swing.BoxLayout,alignmentX=0.0,alignmentY=0.0,border=,flags=9,maximumSize=,minimumSize=,preferredSize=]
2025-07-25 11:54:51,702 [INFO] NvicIntPanel:101 - NVIC parent = com.st.microxplorer.plugins.ip.nvic.MultiNvicIntPanel[,0,0,0x0,invalid,layout=javax.swing.BoxLayout,alignmentX=0.0,alignmentY=0.0,border=,flags=9,maximumSize=,minimumSize=,preferredSize=]
2025-07-25 11:54:51,775 [INFO] NvicIntPanel:101 - NVIC parent = com.st.microxplorer.plugins.ip.nvic.MultiNvicIntPanel[,0,0,0x0,invalid,layout=javax.swing.BoxLayout,alignmentX=0.0,alignmentY=0.0,border=,flags=9,maximumSize=,minimumSize=,preferredSize=]
2025-07-25 11:54:55,544 [INFO] NvicIntPanel:101 - NVIC parent = com.st.microxplorer.plugins.ip.nvic.MultiNvicIntPanel[,0,0,0x0,invalid,layout=javax.swing.BoxLayout,alignmentX=0.0,alignmentY=0.0,border=,flags=9,maximumSize=,minimumSize=,preferredSize=]
2025-07-25 11:54:55,626 [INFO] NvicIntPanel:101 - NVIC parent = com.st.microxplorer.plugins.ip.nvic.MultiNvicIntPanel[,0,0,0x0,invalid,layout=javax.swing.BoxLayout,alignmentX=0.0,alignmentY=0.0,border=,flags=9,maximumSize=,minimumSize=,preferredSize=]
2025-07-25 11:54:58,886 [INFO] NvicIntPanel:101 - NVIC parent = com.st.microxplorer.plugins.ip.nvic.MultiNvicIntPanel[,0,0,0x0,invalid,layout=javax.swing.BoxLayout,alignmentX=0.0,alignmentY=0.0,border=,flags=9,maximumSize=,minimumSize=,preferredSize=]
2025-07-25 11:54:58,961 [INFO] NvicIntPanel:101 - NVIC parent = com.st.microxplorer.plugins.ip.nvic.MultiNvicIntPanel[,0,0,0x0,invalid,layout=javax.swing.BoxLayout,alignmentX=0.0,alignmentY=0.0,border=,flags=9,maximumSize=,minimumSize=,preferredSize=]
2025-07-25 11:55:00,975 [INFO] UtilMem:75 - End SaveConfig() Used Memory: 968784488 Bytes (1073741824)
2025-07-25 11:55:01,544 [INFO] UtilMem:75 - End SaveConfig() Used Memory: 541276920 Bytes (1073741824)
2025-07-25 11:55:01,651 [INFO] BlockDiagram:2775 - set Specific Code input for plugin: CAN
2025-07-25 11:55:01,651 [INFO] BlockDiagram:2775 - set Specific Code input for plugin: CAN
2025-07-25 11:55:01,651 [INFO] BlockDiagram:2775 - set Specific Code input for plugin: SYS
2025-07-25 11:55:01,651 [INFO] BlockDiagram:2775 - set Specific Code input for plugin: RCC
2025-07-25 11:55:01,651 [INFO] BlockDiagram:2775 - set Specific Code input for plugin: NVIC
2025-07-25 11:55:01,651 [INFO] BlockDiagram:2775 - set Specific Code input for plugin: GPIO
2025-07-25 11:55:01,652 [INFO] CodeGenerator:892 - code generatio: config db path: C:\ST\STM32CubeIDE_1.16.1\STM32CubeIDE\plugins\com.st.stm32cube.common.mx_6.15.0.202507011659\\db\
2025-07-25 11:55:01,735 [INFO] CodeEngine:265 - oldGeneratedFile, C:\Users\Chinnapop\STM32CubeIDE\workspace\magnetometer_emulator\MXTmpFiles\license.tmp_save
2025-07-25 11:55:01,951 [INFO] CodeEngine:289 - Generated code: C:\Users\Chinnapop\STM32CubeIDE\workspace\magnetometer_emulator\MXTmpFiles\license.tmp
2025-07-25 11:55:01,982 [INFO] CodeEngine:265 - oldGeneratedFile, C:\Users\Chinnapop\STM32CubeIDE\workspace\magnetometer_emulator\MXTmpFiles\gpio.tmp_save
2025-07-25 11:55:02,148 [INFO] CodeEngine:289 - Generated code: C:\Users\Chinnapop\STM32CubeIDE\workspace\magnetometer_emulator\MXTmpFiles\gpio.tmp
2025-07-25 11:55:02,249 [INFO] CodeEngine:265 - oldGeneratedFile, C:\Users\Chinnapop\STM32CubeIDE\workspace\magnetometer_emulator\MXTmpFiles\cortex.tmp_save
2025-07-25 11:55:02,380 [INFO] CodeEngine:289 - Generated code: C:\Users\Chinnapop\STM32CubeIDE\workspace\magnetometer_emulator\MXTmpFiles\cortex.tmp
2025-07-25 11:55:02,403 [INFO] CodeEngine:265 - oldGeneratedFile, C:\Users\Chinnapop\STM32CubeIDE\workspace\magnetometer_emulator\Core\Src\stm32f7xx_it.c_save
2025-07-25 11:55:02,530 [INFO] CodeEngine:289 - Generated code: C:\Users\Chinnapop\STM32CubeIDE\workspace\magnetometer_emulator\Core\Src\stm32f7xx_it.c
2025-07-25 11:55:02,542 [INFO] CodeEngine:265 - oldGeneratedFile, C:\Users\Chinnapop\STM32CubeIDE\workspace\magnetometer_emulator\Core\Inc\stm32f7xx_it.h_save
2025-07-25 11:55:02,649 [INFO] CodeEngine:289 - Generated code: C:\Users\Chinnapop\STM32CubeIDE\workspace\magnetometer_emulator\Core\Inc\stm32f7xx_it.h
2025-07-25 11:55:02,676 [INFO] CodeEngine:265 - oldGeneratedFile, C:\Users\Chinnapop\STM32CubeIDE\workspace\magnetometer_emulator\Core\Src\stm32f7xx_hal_msp.c_save
2025-07-25 11:55:02,813 [INFO] CodeEngine:289 - Generated code: C:\Users\Chinnapop\STM32CubeIDE\workspace\magnetometer_emulator\Core\Src\stm32f7xx_hal_msp.c
2025-07-25 11:55:02,823 [INFO] CodeEngine:265 - oldGeneratedFile, C:\Users\Chinnapop\STM32CubeIDE\workspace\magnetometer_emulator\MXTmpFiles\system.tmp_save
2025-07-25 11:55:02,905 [INFO] CodeEngine:289 - Generated code: C:\Users\Chinnapop\STM32CubeIDE\workspace\magnetometer_emulator\MXTmpFiles\system.tmp
2025-07-25 11:55:02,922 [INFO] CodeEngine:321 - oldGeneratedFile, C:\Users\Chinnapop\STM32CubeIDE\workspace\magnetometer_emulator\Core\Inc\stm32f7xx_hal_conf.h_save
2025-07-25 11:55:03,017 [INFO] CodeEngine:345 - Generated code: C:\Users\Chinnapop\STM32CubeIDE\workspace\magnetometer_emulator\Core\Inc\stm32f7xx_hal_conf.h
2025-07-25 11:55:03,060 [INFO] CodeEngine:265 - oldGeneratedFile, C:\Users\Chinnapop\STM32CubeIDE\workspace\magnetometer_emulator\Core\Inc\main.h_save
2025-07-25 11:55:03,151 [INFO] CodeEngine:289 - Generated code: C:\Users\Chinnapop\STM32CubeIDE\workspace\magnetometer_emulator\Core\Inc\main.h
2025-07-25 11:55:03,162 [INFO] CodeEngine:265 - oldGeneratedFile, C:\Users\Chinnapop\STM32CubeIDE\workspace\magnetometer_emulator\Core\Src\main.c_save
2025-07-25 11:55:03,288 [INFO] CodeEngine:289 - Generated code: C:\Users\Chinnapop\STM32CubeIDE\workspace\magnetometer_emulator\Core\Src\main.c
2025-07-25 11:55:03,689 [INFO] ProjectBuilder:3606 - Time for Copy HAL[1] : 272mS.
2025-07-25 11:55:03,694 [INFO] ProjectBuilder:5216 - Project Generator version: 4.7.0-B52
2025-07-25 11:55:03,788 [INFO] ConfigFileManager:1595 - The Die is : DIE451
2025-07-25 11:55:04,887 [INFO] ProjectBuilder:5496 - Time for Generating toolchain IDE Files: 1192mS.
2025-07-25 11:55:04,888 [INFO] ProjectBuilder:3463 - Time for Copy CMSIS : 1mS.
2025-07-25 11:55:04,895 [INFO] ProjectBuilder:3463 - Time for Copy CMSIS : 0mS.
2025-07-25 12:16:44,649 [INFO] WebApp:194 - Connection lost
2025-07-25 12:16:45,098 [INFO] WebApp:191 - Connection restablished
2025-07-25 12:47:24,651 [INFO] WebApp:194 - Connection lost
2025-07-25 12:47:24,864 [INFO] WebApp:191 - Connection restablished
2025-07-25 12:58:40,155 [INFO] WebApp:194 - Connection lost
2025-07-25 12:58:40,381 [INFO] WebApp:191 - Connection restablished
2025-07-25 13:29:02,657 [INFO] WebApp:194 - Connection lost
2025-07-25 13:29:02,880 [INFO] WebApp:191 - Connection restablished
2025-07-25 13:43:30,757 [INFO] NvicIntPanel:101 - NVIC parent = com.st.microxplorer.plugins.ip.nvic.MultiNvicIntPanel[,0,0,0x0,invalid,layout=javax.swing.BoxLayout,alignmentX=0.0,alignmentY=0.0,border=,flags=9,maximumSize=,minimumSize=,preferredSize=]
2025-07-25 13:43:35,134 [INFO] NvicIntPanel:101 - NVIC parent = com.st.microxplorer.plugins.ip.nvic.MultiNvicIntPanel[,0,0,0x0,invalid,layout=javax.swing.BoxLayout,alignmentX=0.0,alignmentY=0.0,border=,flags=9,maximumSize=,minimumSize=,preferredSize=]
2025-07-25 13:43:35,211 [INFO] NvicIntPanel:101 - NVIC parent = com.st.microxplorer.plugins.ip.nvic.MultiNvicIntPanel[,0,0,0x0,invalid,layout=javax.swing.BoxLayout,alignmentX=0.0,alignmentY=0.0,border=,flags=9,maximumSize=,minimumSize=,preferredSize=]
2025-07-25 13:43:38,061 [INFO] NvicIntPanel:101 - NVIC parent = com.st.microxplorer.plugins.ip.nvic.MultiNvicIntPanel[,0,0,0x0,invalid,layout=javax.swing.BoxLayout,alignmentX=0.0,alignmentY=0.0,border=,flags=9,maximumSize=,minimumSize=,preferredSize=]
2025-07-25 13:43:38,171 [INFO] NvicIntPanel:101 - NVIC parent = com.st.microxplorer.plugins.ip.nvic.MultiNvicIntPanel[,0,0,0x0,invalid,layout=javax.swing.BoxLayout,alignmentX=0.0,alignmentY=0.0,border=,flags=9,maximumSize=,minimumSize=,preferredSize=]
2025-07-25 13:43:42,276 [INFO] NvicIntPanel:101 - NVIC parent = com.st.microxplorer.plugins.ip.nvic.MultiNvicIntPanel[,0,0,0x0,invalid,layout=javax.swing.BoxLayout,alignmentX=0.0,alignmentY=0.0,border=,flags=9,maximumSize=,minimumSize=,preferredSize=]
2025-07-25 13:43:42,354 [INFO] NvicIntPanel:101 - NVIC parent = com.st.microxplorer.plugins.ip.nvic.MultiNvicIntPanel[,0,0,0x0,invalid,layout=javax.swing.BoxLayout,alignmentX=0.0,alignmentY=0.0,border=,flags=9,maximumSize=,minimumSize=,preferredSize=]
2025-07-25 13:43:45,242 [INFO] NvicIntPanel:101 - NVIC parent = com.st.microxplorer.plugins.ip.nvic.MultiNvicIntPanel[,0,0,0x0,invalid,layout=javax.swing.BoxLayout,alignmentX=0.0,alignmentY=0.0,border=,flags=9,maximumSize=,minimumSize=,preferredSize=]
2025-07-25 13:43:45,334 [INFO] NvicIntPanel:101 - NVIC parent = com.st.microxplorer.plugins.ip.nvic.MultiNvicIntPanel[,0,0,0x0,invalid,layout=javax.swing.BoxLayout,alignmentX=0.0,alignmentY=0.0,border=,flags=9,maximumSize=,minimumSize=,preferredSize=]
2025-07-25 13:43:51,935 [INFO] NvicIntPanel:101 - NVIC parent = com.st.microxplorer.plugins.ip.nvic.MultiNvicIntPanel[,0,0,0x0,invalid,layout=javax.swing.BoxLayout,alignmentX=0.0,alignmentY=0.0,border=,flags=9,maximumSize=,minimumSize=,preferredSize=]
2025-07-25 13:43:53,379 [INFO] NvicIntPanel:101 - NVIC parent = com.st.microxplorer.plugins.ip.nvic.MultiNvicIntPanel[,0,0,0x0,invalid,layout=javax.swing.BoxLayout,alignmentX=0.0,alignmentY=0.0,border=,flags=9,maximumSize=,minimumSize=,preferredSize=]
2025-07-25 13:43:58,954 [INFO] UtilMem:75 - End SaveConfig() Used Memory: 723578752 Bytes (1073741824)
2025-07-25 13:43:59,500 [INFO] UtilMem:75 - End SaveConfig() Used Memory: 773388160 Bytes (1073741824)
2025-07-25 13:43:59,637 [INFO] BlockDiagram:2775 - set Specific Code input for plugin: CAN
2025-07-25 13:43:59,637 [INFO] BlockDiagram:2775 - set Specific Code input for plugin: CAN
2025-07-25 13:43:59,637 [INFO] BlockDiagram:2775 - set Specific Code input for plugin: SYS
2025-07-25 13:43:59,637 [INFO] BlockDiagram:2775 - set Specific Code input for plugin: RCC
2025-07-25 13:43:59,637 [INFO] BlockDiagram:2775 - set Specific Code input for plugin: NVIC
2025-07-25 13:43:59,639 [INFO] BlockDiagram:2775 - set Specific Code input for plugin: GPIO
2025-07-25 13:43:59,640 [INFO] CodeGenerator:892 - code generatio: config db path: C:\ST\STM32CubeIDE_1.16.1\STM32CubeIDE\plugins\com.st.stm32cube.common.mx_6.15.0.202507011659\\db\
2025-07-25 13:43:59,724 [INFO] CodeEngine:265 - oldGeneratedFile, C:\Users\Chinnapop\STM32CubeIDE\workspace\magnetometer_emulator\MXTmpFiles\license.tmp_save
2025-07-25 13:44:00,149 [INFO] CodeEngine:289 - Generated code: C:\Users\Chinnapop\STM32CubeIDE\workspace\magnetometer_emulator\MXTmpFiles\license.tmp
2025-07-25 13:44:00,180 [INFO] CodeEngine:265 - oldGeneratedFile, C:\Users\Chinnapop\STM32CubeIDE\workspace\magnetometer_emulator\MXTmpFiles\gpio.tmp_save
2025-07-25 13:44:00,406 [INFO] CodeEngine:289 - Generated code: C:\Users\Chinnapop\STM32CubeIDE\workspace\magnetometer_emulator\MXTmpFiles\gpio.tmp
2025-07-25 13:44:00,490 [INFO] CodeEngine:265 - oldGeneratedFile, C:\Users\Chinnapop\STM32CubeIDE\workspace\magnetometer_emulator\MXTmpFiles\cortex.tmp_save
2025-07-25 13:44:00,693 [INFO] CodeEngine:289 - Generated code: C:\Users\Chinnapop\STM32CubeIDE\workspace\magnetometer_emulator\MXTmpFiles\cortex.tmp
2025-07-25 13:44:00,719 [INFO] CodeEngine:265 - oldGeneratedFile, C:\Users\Chinnapop\STM32CubeIDE\workspace\magnetometer_emulator\Core\Src\stm32f7xx_it.c_save
2025-07-25 13:44:01,019 [INFO] CodeEngine:289 - Generated code: C:\Users\Chinnapop\STM32CubeIDE\workspace\magnetometer_emulator\Core\Src\stm32f7xx_it.c
2025-07-25 13:44:01,033 [INFO] CodeEngine:265 - oldGeneratedFile, C:\Users\Chinnapop\STM32CubeIDE\workspace\magnetometer_emulator\Core\Inc\stm32f7xx_it.h_save
2025-07-25 13:44:01,150 [INFO] CodeEngine:289 - Generated code: C:\Users\Chinnapop\STM32CubeIDE\workspace\magnetometer_emulator\Core\Inc\stm32f7xx_it.h
2025-07-25 13:44:01,180 [INFO] CodeEngine:265 - oldGeneratedFile, C:\Users\Chinnapop\STM32CubeIDE\workspace\magnetometer_emulator\Core\Src\stm32f7xx_hal_msp.c_save
2025-07-25 13:44:01,339 [INFO] CodeEngine:289 - Generated code: C:\Users\Chinnapop\STM32CubeIDE\workspace\magnetometer_emulator\Core\Src\stm32f7xx_hal_msp.c
2025-07-25 13:44:01,350 [INFO] CodeEngine:265 - oldGeneratedFile, C:\Users\Chinnapop\STM32CubeIDE\workspace\magnetometer_emulator\MXTmpFiles\system.tmp_save
2025-07-25 13:44:01,431 [INFO] CodeEngine:289 - Generated code: C:\Users\Chinnapop\STM32CubeIDE\workspace\magnetometer_emulator\MXTmpFiles\system.tmp
2025-07-25 13:44:01,453 [INFO] CodeEngine:321 - oldGeneratedFile, C:\Users\Chinnapop\STM32CubeIDE\workspace\magnetometer_emulator\Core\Inc\stm32f7xx_hal_conf.h_save
2025-07-25 13:44:01,546 [INFO] CodeEngine:345 - Generated code: C:\Users\Chinnapop\STM32CubeIDE\workspace\magnetometer_emulator\Core\Inc\stm32f7xx_hal_conf.h
2025-07-25 13:44:01,584 [INFO] CodeEngine:265 - oldGeneratedFile, C:\Users\Chinnapop\STM32CubeIDE\workspace\magnetometer_emulator\Core\Inc\main.h_save
2025-07-25 13:44:01,703 [INFO] CodeEngine:289 - Generated code: C:\Users\Chinnapop\STM32CubeIDE\workspace\magnetometer_emulator\Core\Inc\main.h
2025-07-25 13:44:01,715 [INFO] CodeEngine:265 - oldGeneratedFile, C:\Users\Chinnapop\STM32CubeIDE\workspace\magnetometer_emulator\Core\Src\main.c_save
2025-07-25 13:44:01,849 [INFO] CodeEngine:289 - Generated code: C:\Users\Chinnapop\STM32CubeIDE\workspace\magnetometer_emulator\Core\Src\main.c
2025-07-25 13:44:02,567 [INFO] ProjectBuilder:3606 - Time for Copy HAL[1] : 454mS.
2025-07-25 13:44:02,574 [INFO] ProjectBuilder:5216 - Project Generator version: 4.7.0-B52
2025-07-25 13:44:02,661 [INFO] ConfigFileManager:1595 - The Die is : DIE451
2025-07-25 13:44:04,191 [INFO] ProjectBuilder:5496 - Time for Generating toolchain IDE Files: 1617mS.
2025-07-25 13:44:04,193 [INFO] ProjectBuilder:3463 - Time for Copy CMSIS : 2mS.
2025-07-25 13:44:04,203 [INFO] ProjectBuilder:3463 - Time for Copy CMSIS : 1mS.
2025-07-25 13:59:54,642 [INFO] WebApp:194 - Connection lost
2025-07-25 13:59:54,882 [INFO] WebApp:191 - Connection restablished
2025-07-25 14:30:07,172 [INFO] WebApp:194 - Connection lost
2025-07-25 14:30:07,380 [INFO] WebApp:191 - Connection restablished
2025-07-25 14:33:08,699 [INFO] WebApp:194 - Connection lost
2025-07-25 14:33:08,909 [INFO] WebApp:191 - Connection restablished
2025-07-25 15:03:33,640 [INFO] WebApp:194 - Connection lost
2025-07-25 15:03:34,662 [INFO] WebApp:191 - Connection restablished
2025-07-25 15:34:15,674 [INFO] WebApp:194 - Connection lost
2025-07-25 15:34:16,023 [INFO] WebApp:191 - Connection restablished
2025-07-25 16:05:21,637 [INFO] WebApp:194 - Connection lost
2025-07-25 16:05:22,081 [INFO] WebApp:191 - Connection restablished
2025-07-25 16:36:05,173 [INFO] WebApp:194 - Connection lost
2025-07-25 16:36:05,394 [INFO] WebApp:191 - Connection restablished
2025-07-25 17:06:30,153 [INFO] WebApp:194 - Connection lost
2025-07-25 17:06:30,375 [INFO] WebApp:191 - Connection restablished
2025-07-25 17:09:54,376 [ERROR] LogOutputStream:75 - [STDERR_REDIRECT] 
2025-07-25 17:09:54,378 [ERROR] LogOutputStream:75 - [STDERR_REDIRECT] 
