2025-07-23 13:16:29,502 [INFO] Activator:176 - 


2025-07-23 13:16:29,508 [INFO] Activator:177 - !SESSION log4j initialized
2025-07-23 13:16:38,865 [INFO] LogOutputStream:77 - [STDOUT_REDIRECT] 
2025-07-23 13:16:40,661 [INFO] ApplicationProperties:184 - Using Application install path: C:\ST\STM32CubeIDE_1.16.1\STM32CubeIDE\plugins\com.st.stm32cube.common.mx_6.15.0.202507011659
2025-07-23 13:16:40,680 [INFO] DbMcusXml:78 - Set database path to: C:\ST\STM32CubeIDE_1.16.1\STM32CubeIDE\plugins\com.st.stm32cube.common.mx_6.15.0.202507011659\\db\/mcu/
2025-07-23 13:16:40,681 [INFO] ApiDb:274 - Set plugin database path to: C:\ST\STM32CubeIDE_1.16.1\STM32CubeIDE\plugins\com.st.stm32cube.common.mx_6.15.0.202507011659\\db\/plugins/boardmanager/
2025-07-23 13:16:40,681 [WARN] ApiDb:259 - Overriding images path with different value:  => C:\ST\STM32CubeIDE_1.16.1\STM32CubeIDE\plugins\com.st.stm32cube.common.mx_6.15.0.202507011659\\db\/plugins/mcufinder/images/
2025-07-23 13:16:40,700 [INFO] ApiDb:250 - Set database path to: C:\Users\Chinnapop\.stmcufinder\plugins\mcufinder//mcu/
2025-07-23 13:16:40,702 [INFO] DbMcusAds:125 - Set database path to: C:\Users\Chinnapop\.stmcufinder\plugins\mcufinder//mcu/
2025-07-23 13:16:40,705 [INFO] CrossReferenceDbSqlite:203 - Set database path to: C:\Users\Chinnapop\.stmcufinder\plugins\mcufinder//mcu/cs/
2025-07-23 13:16:40,848 [INFO] RulesReader:64 - Compatibility file has been processed (317 Rules)
2025-07-23 13:16:41,001 [INFO] DbMcusXml:78 - Set database path to: C:\ST\STM32CubeIDE_1.16.1\STM32CubeIDE\plugins\com.st.stm32cube.common.mx_6.15.0.202507011659\\db\/mcu/
2025-07-23 13:16:41,001 [INFO] ApiDb:274 - Set plugin database path to: C:\ST\STM32CubeIDE_1.16.1\STM32CubeIDE\plugins\com.st.stm32cube.common.mx_6.15.0.202507011659\\db\/plugins/boardmanager/
2025-07-23 13:16:41,001 [INFO] ApiDb:261 - Set plugin images path to: C:\ST\STM32CubeIDE_1.16.1\STM32CubeIDE\plugins\com.st.stm32cube.common.mx_6.15.0.202507011659\\db\/plugins/mcufinder/images/
2025-07-23 13:16:41,001 [WARN] DbFile:41 - Overriding database path with different value: C:\Users\Chinnapop\.stmcufinder\plugins\mcufinder/ => C:\Users\Chinnapop\.stmcufinder\plugins\mcufinder
2025-07-23 13:16:41,001 [INFO] ApiDb:250 - Set database path to: C:\Users\Chinnapop\.stmcufinder\plugins\mcufinder//mcu/
2025-07-23 13:16:41,001 [WARN] DbFile:41 - Overriding database path with different value: C:\Users\Chinnapop\.stmcufinder\plugins\mcufinder/ => C:\Users\Chinnapop\.stmcufinder\plugins\mcufinder
2025-07-23 13:16:41,002 [INFO] DbMcusAds:125 - Set database path to: C:\Users\Chinnapop\.stmcufinder\plugins\mcufinder//mcu/
2025-07-23 13:16:41,002 [WARN] DbFile:41 - Overriding database path with different value: C:\Users\Chinnapop\.stmcufinder\plugins\mcufinder/ => C:\Users\Chinnapop\.stmcufinder\plugins\mcufinder
2025-07-23 13:16:41,002 [WARN] DbFile:41 - Overriding database path with different value: C:\Users\Chinnapop\.stmcufinder\plugins\mcufinder/ => C:\Users\Chinnapop\.stmcufinder\plugins\mcufinder
2025-07-23 13:16:41,002 [INFO] CrossReferenceDbSqlite:203 - Set database path to: C:\Users\Chinnapop\.stmcufinder\plugins\mcufinder//mcu/cs/
2025-07-23 13:16:41,105 [INFO] MainPanel:274 - HeapMemory: 268435456
2025-07-23 13:16:41,273 [INFO] DbMcusXml:78 - Set database path to: C:\ST\STM32CubeIDE_1.16.1\STM32CubeIDE\plugins\com.st.stm32cube.common.mx_6.15.0.202507011659\\db\/mcu/
2025-07-23 13:16:41,273 [INFO] ApiDb:274 - Set plugin database path to: C:\ST\STM32CubeIDE_1.16.1\STM32CubeIDE\plugins\com.st.stm32cube.common.mx_6.15.0.202507011659\\db\/plugins/boardmanager/
2025-07-23 13:16:41,273 [INFO] ApiDb:261 - Set plugin images path to: C:\ST\STM32CubeIDE_1.16.1\STM32CubeIDE\plugins\com.st.stm32cube.common.mx_6.15.0.202507011659\\db\/plugins/mcufinder/images/
2025-07-23 13:16:41,274 [WARN] DbFile:41 - Overriding database path with different value: C:\Users\Chinnapop\.stmcufinder\plugins\mcufinder/ => C:\Users\Chinnapop\.stmcufinder\plugins\mcufinder
2025-07-23 13:16:41,274 [INFO] ApiDb:250 - Set database path to: C:\Users\Chinnapop\.stmcufinder\plugins\mcufinder//mcu/
2025-07-23 13:16:41,274 [WARN] DbFile:41 - Overriding database path with different value: C:\Users\Chinnapop\.stmcufinder\plugins\mcufinder/ => C:\Users\Chinnapop\.stmcufinder\plugins\mcufinder
2025-07-23 13:16:41,274 [INFO] DbMcusAds:125 - Set database path to: C:\Users\Chinnapop\.stmcufinder\plugins\mcufinder//mcu/
2025-07-23 13:16:41,274 [WARN] DbFile:41 - Overriding database path with different value: C:\Users\Chinnapop\.stmcufinder\plugins\mcufinder/ => C:\Users\Chinnapop\.stmcufinder\plugins\mcufinder
2025-07-23 13:16:41,275 [WARN] DbFile:41 - Overriding database path with different value: C:\Users\Chinnapop\.stmcufinder\plugins\mcufinder/ => C:\Users\Chinnapop\.stmcufinder\plugins\mcufinder
2025-07-23 13:16:41,275 [INFO] CrossReferenceDbSqlite:203 - Set database path to: C:\Users\Chinnapop\.stmcufinder\plugins\mcufinder//mcu/cs/
2025-07-23 13:16:41,311 [INFO] ApplicationProperties:184 - Using Application install path: C:\ST\STM32CubeIDE_1.16.1\STM32CubeIDE\plugins\com.st.stm32cube.common.mx_6.15.0.202507011659
2025-07-23 13:16:41,314 [INFO] PluginManage:196 - Search for loadable plugins [exclusion list=, ]
2025-07-23 13:16:41,317 [INFO] PluginManage:310 - Check plugin analytics
2025-07-23 13:16:41,533 [INFO] AnalyticsPlugin:253 - Accepted Software Licenses: 
2025-07-23 13:16:41,533 [INFO] AnalyticsPlugin:255 - Accepted CMSIS Pack Licenses: 
2025-07-23 13:16:41,534 [INFO] AnalyticsPlugin:257 - Accepted Firmware Licenses: FW.F7.1.17.0
2025-07-23 13:16:41,536 [INFO] PluginManage:359 - Loaded plugin analytics (category:tool,tabindex:-1)
2025-07-23 13:16:41,537 [INFO] PluginManage:310 - Check plugin cadmodel
2025-07-23 13:16:41,550 [INFO] CADModel:105 - Init CAD model plugin
2025-07-23 13:16:41,551 [INFO] PluginManage:359 - Loaded plugin cadmodel (category:power,tabindex:5)
2025-07-23 13:16:41,551 [INFO] PluginManage:310 - Check plugin clock
2025-07-23 13:16:41,571 [INFO] PluginManage:359 - Loaded plugin clock (category:base,tabindex:2)
2025-07-23 13:16:41,571 [INFO] PluginManage:310 - Check plugin ddr
2025-07-23 13:16:41,575 [INFO] PluginManage:359 - Loaded plugin ddr (category:tool,tabindex:6)
2025-07-23 13:16:41,575 [INFO] PluginManage:310 - Check plugin filemanager
2025-07-23 13:16:41,771 [INFO] PluginManage:359 - Loaded plugin filemanager (category:base,tabindex:10)
2025-07-23 13:16:41,772 [INFO] PluginManage:310 - Check plugin ipmanager
2025-07-23 13:16:41,781 [INFO] PluginManage:359 - Loaded plugin ipmanager (category:base,tabindex:5)
2025-07-23 13:16:41,782 [INFO] PluginManage:310 - Check plugin lpbam
2025-07-23 13:16:41,797 [INFO] PluginManage:359 - Loaded plugin lpbam (category:base,tabindex:0)
2025-07-23 13:16:41,797 [INFO] PluginManage:310 - Check plugin memorymap
2025-07-23 13:16:41,824 [INFO] PluginManage:359 - Loaded plugin memorymap (category:base,tabindex:4)
2025-07-23 13:16:41,824 [INFO] PluginManage:310 - Check plugin pinoutandconfiguration
2025-07-23 13:16:41,841 [INFO] PluginManage:359 - Loaded plugin pinoutandconfiguration (category:base,tabindex:1)
2025-07-23 13:16:41,841 [INFO] PluginManage:310 - Check plugin pinoutconfig
2025-07-23 13:16:41,962 [WARN] SupportedApi:132 - Cannot load RTOS API schema: s4s-elt-must-match.1: The content of 'definitions' must match (annotation?, (simpleType | complexType)?, (unique | key | keyref)*)). A problem was found starting at: attribute.
2025-07-23 13:16:42,123 [INFO] PluginManage:359 - Loaded plugin pinoutconfig (category:base,tabindex:0)
2025-07-23 13:16:42,123 [INFO] PluginManage:310 - Check plugin power
2025-07-23 13:16:42,138 [INFO] PluginManage:359 - Loaded plugin power (category:power,tabindex:4)
2025-07-23 13:16:42,138 [INFO] PluginManage:310 - Check plugin projectmanager
2025-07-23 13:16:42,157 [INFO] PluginManage:359 - Loaded plugin projectmanager (category:projectmanager,tabindex:4)
2025-07-23 13:16:42,157 [INFO] PluginManage:310 - Check plugin rif
2025-07-23 13:16:42,175 [INFO] PluginManage:359 - Loaded plugin rif (category:base,tabindex:3)
2025-07-23 13:16:42,175 [INFO] PluginManage:310 - Check plugin thirdparty
2025-07-23 13:16:42,376 [INFO] PluginManage:359 - Loaded plugin thirdparty (category:base,tabindex:-1)
2025-07-23 13:16:42,376 [WARN] IntegrityCheckThread:84 - waiting for thirdparty lock release [integrity check]
2025-07-23 13:16:42,376 [INFO] IntegrityCheckThread:86 - entering critical section [integrity check]
2025-07-23 13:16:42,376 [INFO] PluginManage:310 - Check plugin tools
2025-07-23 13:16:42,377 [INFO] ThirdPartyUpdaterWithRetryManager:70 - Updater plugin not ready yet. [1/15]
2025-07-23 13:16:42,386 [INFO] PluginManage:359 - Loaded plugin tools (category:base,tabindex:7)
2025-07-23 13:16:42,386 [INFO] PluginManage:310 - Check plugin tutovideos
2025-07-23 13:16:42,613 [INFO] PluginManage:359 - Loaded plugin tutovideos (category:base,tabindex:-1)
2025-07-23 13:16:42,613 [INFO] PluginManage:310 - Check plugin updater
2025-07-23 13:16:42,636 [INFO] PluginManage:359 - Loaded plugin updater (category:base,tabindex:12)
2025-07-23 13:16:42,636 [INFO] PluginManage:310 - Check plugin userauth
2025-07-23 13:16:42,641 [INFO] UserAuth:118 - Init User Auth plugin
2025-07-23 13:16:42,642 [INFO] PluginManage:359 - Loaded plugin userauth (category:base,tabindex:14)
2025-07-23 13:16:42,642 [INFO] PluginManage:283 - PluginManage : Loaded plugins [18]
2025-07-23 13:16:42,872 [INFO] PinOutPanel:1589 - setPackage(No Configuration,No Configuration)
2025-07-23 13:16:42,988 [INFO] CADModel:165 - CPN selected for project level
2025-07-23 13:16:42,988 [INFO] CADModel:114 - Register for checkConnection events
2025-07-23 13:16:43,019 [INFO] IPUIPlugin:80 - create IPUIPlugin
2025-07-23 13:16:43,019 [INFO] PluginManager:220 - loadIPPluginJar : add adc
2025-07-23 13:16:43,027 [INFO] IPUIPlugin:80 - create IPUIPlugin
2025-07-23 13:16:43,027 [INFO] PluginManager:220 - loadIPPluginJar : add aes
2025-07-23 13:16:43,036 [INFO] IPUIPlugin:80 - create IPUIPlugin
2025-07-23 13:16:43,036 [INFO] PluginManager:220 - loadIPPluginJar : add can
2025-07-23 13:16:43,043 [INFO] IPUIPlugin:80 - create IPUIPlugin
2025-07-23 13:16:43,043 [INFO] PluginManager:220 - loadIPPluginJar : add comp
2025-07-23 13:16:43,051 [INFO] IPUIPlugin:80 - create IPUIPlugin
2025-07-23 13:16:43,051 [INFO] PluginManager:220 - loadIPPluginJar : add cryp
2025-07-23 13:16:43,061 [INFO] IPUIPlugin:80 - create IPUIPlugin
2025-07-23 13:16:43,061 [INFO] PluginManager:220 - loadIPPluginJar : add ddr_ctrl_phy
2025-07-23 13:16:43,069 [INFO] IPUIPlugin:80 - create IPUIPlugin
2025-07-23 13:16:43,069 [INFO] PluginManager:220 - loadIPPluginJar : add dfsdm
2025-07-23 13:16:43,083 [INFO] IPUIPlugin:80 - create IPUIPlugin
2025-07-23 13:16:43,084 [INFO] PluginManager:220 - loadIPPluginJar : add dma
2025-07-23 13:16:43,093 [INFO] IPUIPlugin:80 - create IPUIPlugin
2025-07-23 13:16:43,093 [INFO] PluginManager:220 - loadIPPluginJar : add dma3
2025-07-23 13:16:43,102 [INFO] IPUIPlugin:80 - create IPUIPlugin
2025-07-23 13:16:43,103 [INFO] PluginManager:220 - loadIPPluginJar : add extmemmanager
2025-07-23 13:16:43,110 [INFO] IPUIPlugin:80 - create IPUIPlugin
2025-07-23 13:16:43,110 [INFO] PluginManager:220 - loadIPPluginJar : add fatfs
2025-07-23 13:16:43,123 [INFO] IPUIPlugin:80 - create IPUIPlugin
2025-07-23 13:16:43,123 [INFO] PluginManager:220 - loadIPPluginJar : add fmc
2025-07-23 13:16:43,139 [INFO] IPUIPlugin:80 - create IPUIPlugin
2025-07-23 13:16:43,140 [INFO] PluginManager:220 - loadIPPluginJar : add freertos
2025-07-23 13:16:43,147 [INFO] IPUIPlugin:80 - create IPUIPlugin
2025-07-23 13:16:43,148 [INFO] PluginManager:220 - loadIPPluginJar : add genericplugin
2025-07-23 13:16:43,157 [INFO] IPUIPlugin:80 - create IPUIPlugin
2025-07-23 13:16:43,157 [INFO] PluginManager:220 - loadIPPluginJar : add gfxmmu
2025-07-23 13:16:43,166 [INFO] IPUIPlugin:80 - create IPUIPlugin
2025-07-23 13:16:43,166 [INFO] PluginManager:220 - loadIPPluginJar : add gic
2025-07-23 13:16:43,175 [INFO] IPUIPlugin:80 - create IPUIPlugin
2025-07-23 13:16:43,175 [INFO] PluginManager:220 - loadIPPluginJar : add gpio
2025-07-23 13:16:43,182 [INFO] IPUIPlugin:80 - create IPUIPlugin
2025-07-23 13:16:43,183 [INFO] PluginManager:220 - loadIPPluginJar : add gtzc
2025-07-23 13:16:43,189 [INFO] IPUIPlugin:80 - create IPUIPlugin
2025-07-23 13:16:43,189 [INFO] PluginManager:220 - loadIPPluginJar : add hash
2025-07-23 13:16:43,197 [INFO] IPUIPlugin:80 - create IPUIPlugin
2025-07-23 13:16:43,198 [INFO] PluginManager:220 - loadIPPluginJar : add i2c
2025-07-23 13:16:43,206 [INFO] IPUIPlugin:80 - create IPUIPlugin
2025-07-23 13:16:43,206 [INFO] PluginManager:220 - loadIPPluginJar : add i2s
2025-07-23 13:16:43,214 [INFO] IPUIPlugin:80 - create IPUIPlugin
2025-07-23 13:16:43,214 [INFO] PluginManager:220 - loadIPPluginJar : add i3c
2025-07-23 13:16:43,223 [INFO] IPUIPlugin:80 - create IPUIPlugin
2025-07-23 13:16:43,223 [INFO] PluginManager:220 - loadIPPluginJar : add ipddr
2025-07-23 13:16:43,234 [INFO] IPUIPlugin:80 - create IPUIPlugin
2025-07-23 13:16:43,235 [INFO] PluginManager:220 - loadIPPluginJar : add linkedlist
2025-07-23 13:16:43,242 [INFO] IPUIPlugin:80 - create IPUIPlugin
2025-07-23 13:16:43,243 [INFO] PluginManager:220 - loadIPPluginJar : add lorawan
2025-07-23 13:16:43,248 [INFO] IPUIPlugin:80 - create IPUIPlugin
2025-07-23 13:16:43,248 [INFO] PluginManager:220 - loadIPPluginJar : add ltdc
2025-07-23 13:16:43,259 [INFO] IPUIPlugin:80 - create IPUIPlugin
2025-07-23 13:16:43,259 [INFO] PluginManager:220 - loadIPPluginJar : add mdma
2025-07-23 13:16:43,269 [INFO] IPUIPlugin:80 - create IPUIPlugin
2025-07-23 13:16:43,269 [INFO] PluginManager:220 - loadIPPluginJar : add nvic
2025-07-23 13:16:43,276 [INFO] IPUIPlugin:80 - create IPUIPlugin
2025-07-23 13:16:43,276 [INFO] PluginManager:220 - loadIPPluginJar : add opamp
2025-07-23 13:16:43,283 [INFO] IPUIPlugin:80 - create IPUIPlugin
2025-07-23 13:16:43,283 [INFO] PluginManager:220 - loadIPPluginJar : add openamp
2025-07-23 13:16:43,291 [INFO] IPUIPlugin:80 - create IPUIPlugin
2025-07-23 13:16:43,291 [INFO] PluginManager:220 - loadIPPluginJar : add pdm2pcm
2025-07-23 13:16:43,302 [INFO] IPUIPlugin:80 - create IPUIPlugin
2025-07-23 13:16:43,305 [INFO] PluginManager:220 - loadIPPluginJar : add plateformsettings
2025-07-23 13:16:43,310 [INFO] IPUIPlugin:80 - create IPUIPlugin
2025-07-23 13:16:43,311 [INFO] PluginManager:220 - loadIPPluginJar : add quadspi
2025-07-23 13:16:43,317 [INFO] IPUIPlugin:80 - create IPUIPlugin
2025-07-23 13:16:43,318 [INFO] PluginManager:220 - loadIPPluginJar : add radio
2025-07-23 13:16:43,326 [INFO] IPUIPlugin:80 - create IPUIPlugin
2025-07-23 13:16:43,326 [INFO] PluginManager:220 - loadIPPluginJar : add resmgrutility
2025-07-23 13:16:43,333 [INFO] IPUIPlugin:80 - create IPUIPlugin
2025-07-23 13:16:43,333 [INFO] PluginManager:220 - loadIPPluginJar : add sai
2025-07-23 13:16:43,340 [INFO] IPUIPlugin:80 - create IPUIPlugin
2025-07-23 13:16:43,340 [INFO] PluginManager:220 - loadIPPluginJar : add spi
2025-07-23 13:16:43,352 [INFO] IPUIPlugin:80 - create IPUIPlugin
2025-07-23 13:16:43,352 [INFO] PluginManager:220 - loadIPPluginJar : add stm32_wpan
2025-07-23 13:16:43,358 [INFO] IPUIPlugin:80 - create IPUIPlugin
2025-07-23 13:16:43,359 [INFO] PluginManager:220 - loadIPPluginJar : add tim
2025-07-23 13:16:43,366 [INFO] IPUIPlugin:80 - create IPUIPlugin
2025-07-23 13:16:43,366 [INFO] PluginManager:220 - loadIPPluginJar : add touchsensing
2025-07-23 13:16:43,372 [INFO] IPUIPlugin:80 - create IPUIPlugin
2025-07-23 13:16:43,373 [INFO] PluginManager:220 - loadIPPluginJar : add tracer_emb
2025-07-23 13:16:43,378 [INFO] IPUIPlugin:80 - create IPUIPlugin
2025-07-23 13:16:43,378 [INFO] PluginManager:220 - loadIPPluginJar : add ts
2025-07-23 13:16:43,383 [INFO] IPUIPlugin:80 - create IPUIPlugin
2025-07-23 13:16:43,384 [INFO] PluginManager:220 - loadIPPluginJar : add tsc
2025-07-23 13:16:43,389 [INFO] IPUIPlugin:80 - create IPUIPlugin
2025-07-23 13:16:43,389 [INFO] PluginManager:220 - loadIPPluginJar : add ucpd
2025-07-23 13:16:43,395 [INFO] IPUIPlugin:80 - create IPUIPlugin
2025-07-23 13:16:43,396 [INFO] PluginManager:220 - loadIPPluginJar : add usart
2025-07-23 13:16:43,403 [INFO] IPUIPlugin:80 - create IPUIPlugin
2025-07-23 13:16:43,403 [INFO] PluginManager:220 - loadIPPluginJar : add usbx
2025-07-23 13:16:43,549 [FATAL] Updater:351 - Updater called before beeing initialized
2025-07-23 13:16:43,579 [INFO] RulesReader:64 - Compatibility file has been processed (317 Rules)
2025-07-23 13:16:43,593 [INFO] RulesReader:64 - Compatibility file has been processed (317 Rules)
2025-07-23 13:16:43,614 [INFO] CADModel:165 - CPN selected for project level
2025-07-23 13:16:43,614 [INFO] CADModel:114 - Register for checkConnection events
2025-07-23 13:16:43,614 [FATAL] Updater:351 - Updater called before beeing initialized
2025-07-23 13:16:43,615 [ERROR] CADModel:125 - Updater not yet initialized, retry later 
2025-07-23 13:16:43,857 [FATAL] Updater:351 - Updater called before beeing initialized
2025-07-23 13:16:43,861 [INFO] CADModel:165 - CPN selected for project level
2025-07-23 13:16:43,861 [INFO] CADModel:114 - Register for checkConnection events
2025-07-23 13:16:43,861 [FATAL] Updater:351 - Updater called before beeing initialized
2025-07-23 13:16:43,861 [ERROR] CADModel:125 - Updater not yet initialized, retry later 
2025-07-23 13:16:43,881 [FATAL] Updater:351 - Updater called before beeing initialized
2025-07-23 13:16:44,076 [FATAL] Updater:351 - Updater called before beeing initialized
2025-07-23 13:16:44,085 [INFO] DbMcusAds:53 - JSON generation date=Tue Jul 08 15:14:23 ICT 2025 (1751962463562)
2025-07-23 13:16:44,086 [FATAL] Updater:351 - Updater called before beeing initialized
2025-07-23 13:16:44,198 [WARN] DetailPanel:346 - Failed to get advertising image, set to default
2025-07-23 13:16:44,321 [FATAL] Updater:351 - Updater called before beeing initialized
2025-07-23 13:16:44,324 [FATAL] Updater:351 - Updater called before beeing initialized
2025-07-23 13:16:44,324 [FATAL] Updater:351 - Updater called before beeing initialized
2025-07-23 13:16:44,324 [WARN] DetailPanel:346 - Failed to get advertising image, set to default
2025-07-23 13:16:44,325 [FATAL] Updater:351 - Updater called before beeing initialized
2025-07-23 13:16:44,427 [ERROR] Updater:1198 - MainUpdater not yet initialized. External WinMGr cannot be set.
2025-07-23 13:16:44,433 [INFO] Updater:1134 - Updater Version found : 6.15.0
2025-07-23 13:16:44,464 [INFO] ApplicationProperties:184 - Using Application install path: C:\ST\STM32CubeIDE_1.16.1\STM32CubeIDE\plugins\com.st.stm32cube.common.mx_6.15.0.202507011659
2025-07-23 13:16:45,377 [INFO] ThirdPartyUpdaterWithRetryManager:70 - Updater plugin not ready yet. [2/15]
2025-07-23 13:16:46,045 [ERROR] LogOutputStream:75 - [STDERR_REDIRECT] Jul 23, 2025 1:16:46 PM java.util.prefs.WindowsPreferences <init>
2025-07-23 13:16:46,046 [ERROR] LogOutputStream:75 - [STDERR_REDIRECT] WARNING: Could not open/create prefs root node Software\JavaSoft\Prefs at root 0xffffffff80000002. Windows RegCreateKeyEx(...) returned error code 5.
2025-07-23 13:16:46,046 [ERROR] LogOutputStream:75 - [STDERR_REDIRECT] 
2025-07-23 13:16:46,863 [INFO] MainUpdater:2872 - connection check result : 10
2025-07-23 13:16:46,864 [INFO] MainUpdater:289 - Updater Check For Update Now.
2025-07-23 13:16:46,864 [INFO] MicroXplorer:498 - Change Database Version : DB.6.0.150
2025-07-23 13:16:46,882 [INFO] McuFinderGlobals:63 - Set McuFinder mode to 2 (CubeIDE integrated)
2025-07-23 13:16:46,887 [INFO] UserAuth:487 - Internet connection configuration mode: 1
2025-07-23 13:16:46,912 [INFO] JxBrowserEngine:152 - Initiate JxBrowser Engine with user profile folder
2025-07-23 13:16:47,078 [INFO] CheckServerUpdateThread:120 - End of CheckServer Thread
2025-07-23 13:16:48,589 [INFO] WebApp:169 - Instantiating new browser for Auth
2025-07-23 13:16:48,986 [WARN] PackLoader:240 - Cannot read IP mode file for STMicroelectronics.FP-SNS-MOTENVWB1.1.4.0
2025-07-23 13:16:49,002 [WARN] PackLoader:240 - Cannot read IP mode file for STMicroelectronics.FP-ATR-ASTRA1.2.0.2
2025-07-23 13:16:49,010 [WARN] PackLoader:240 - Cannot read IP mode file for STMicroelectronics.FP-ATR-ASTRA1.2.0.1
2025-07-23 13:16:49,026 [WARN] PackLoader:240 - Cannot read IP mode file for STMicroelectronics.X-CUBE-SMBUS.2.1.0
2025-07-23 13:16:49,040 [WARN] PackLoader:240 - Cannot read IP mode file for STMicroelectronics.X-CUBE-WB05N.1.1.0
2025-07-23 13:16:49,052 [WARN] PackLoader:240 - Cannot read IP mode file for STMicroelectronics.X-CUBE-ST60.1.0.0
2025-07-23 13:16:49,127 [WARN] PackLoader:240 - Cannot read IP mode file for STMicroelectronics.X-CUBE-AZRTOS-F7.1.1.0
2025-07-23 13:16:49,773 [WARN] PackLoader:240 - Cannot read IP mode file for STMicroelectronics.X-CUBE-MEMS1.11.0.0
2025-07-23 13:16:50,723 [WARN] PackLoader:240 - Cannot read IP mode file for STMicroelectronics.FP-SNS-FLIGHT1.5.0.2
2025-07-23 13:16:50,771 [WARN] PackLoader:240 - Cannot read IP mode file for STMicroelectronics.X-CUBE-AZRTOS-H7.3.4.0
2025-07-23 13:16:50,861 [WARN] PackLoader:240 - Cannot read IP mode file for STMicroelectronics.X-CUBE-DISPLAY.3.0.0
2025-07-23 13:16:50,914 [WARN] PackLoader:240 - Cannot read IP mode file for STMicroelectronics.X-CUBE-BLE1.7.0.0
2025-07-23 13:16:50,933 [WARN] PackLoader:240 - Cannot read IP mode file for STMicroelectronics.X-CUBE-NFC10.1.0.0
2025-07-23 13:16:51,059 [WARN] PackLoader:240 - Cannot read IP mode file for STMicroelectronics.X-CUBE-BLEMGR.4.0.0
2025-07-23 13:16:51,074 [WARN] PackLoader:240 - Cannot read IP mode file for emotas.I-CUBE-CANOPEN.1.3.0
2025-07-23 13:16:51,180 [WARN] PackLoader:240 - Cannot read IP mode file for STMicroelectronics.X-CUBE-BLEMGR.3.1.0
2025-07-23 13:16:51,190 [WARN] PackLoader:240 - Cannot read IP mode file for STMicroelectronics.X-CUBE-AI.10.0.0
2025-07-23 13:16:51,326 [WARN] PackLoader:240 - Cannot read IP mode file for STMicroelectronics.FP-SNS-SMARTAG2.1.2.0
2025-07-23 13:16:51,608 [WARN] PackLoader:240 - Cannot read IP mode file for STMicroelectronics.FP-SNS-FLIGHT1.5.1.0
2025-07-23 13:16:51,845 [WARN] PackLoader:240 - Cannot read IP mode file for STMicroelectronics.X-CUBE-MEMS1.11.1.0
2025-07-23 13:16:52,370 [INFO] LogOutputStream:77 - [STDOUT_REDIRECT] 1 : Invalid condition id : UX_CORESTACK_Condition cause : null
2025-07-23 13:16:52,371 [INFO] LogOutputStream:77 - [STDOUT_REDIRECT] 1 : Invalid condition id : UX_CORESTACK_Condition cause : null
2025-07-23 13:16:52,372 [INFO] LogOutputStream:77 - [STDOUT_REDIRECT] 1 : Invalid condition id : UX_CORESTACK_Condition cause : null
2025-07-23 13:16:52,374 [INFO] LogOutputStream:77 - [STDOUT_REDIRECT] 1 : Invalid condition id : UX_CORESTACK_Condition cause : null
2025-07-23 13:16:52,375 [INFO] LogOutputStream:77 - [STDOUT_REDIRECT] 1 : Invalid condition id : UX_CORESTACK_Condition cause : null
2025-07-23 13:16:52,503 [WARN] PackLoader:240 - Cannot read IP mode file for STMicroelectronics.X-CUBE-AZRTOS-WL.2.0.0
2025-07-23 13:16:52,514 [WARN] PackLoader:240 - Cannot read IP mode file for STMicroelectronics.FP-SNS-MOTENV1.5.0.0
2025-07-23 13:16:52,603 [WARN] PackLoader:240 - Cannot read IP mode file for wolfSSL.I-CUBE-wolfMQTT.1.19.0
2025-07-23 13:16:52,625 [WARN] PackLoader:240 - Cannot read IP mode file for WES.I-CUBE-Cesium.1.3.0
2025-07-23 13:16:52,634 [WARN] PackLoader:240 - Cannot read IP mode file for STMicroelectronics.X-CUBE-BLE2.3.3.0
2025-07-23 13:16:52,645 [WARN] PackLoader:240 - Cannot read IP mode file for STMicroelectronics.X-CUBE-NFC9.1.0.0
2025-07-23 13:16:52,656 [WARN] PackLoader:240 - Cannot read IP mode file for STMicroelectronics.X-CUBE-BLE1.7.1.0
2025-07-23 13:16:52,667 [WARN] PackLoader:240 - Cannot read IP mode file for STMicroelectronics.X-CUBE-TCPP.4.1.0
2025-07-23 13:16:52,678 [WARN] PackLoader:240 - Cannot read IP mode file for STMicroelectronics.X-CUBE-EEPRMA1.5.2.0
2025-07-23 13:16:52,686 [WARN] PackLoader:240 - Cannot read IP mode file for STMicroelectronics.X-CUBE-AI.10.1.0
2025-07-23 13:16:52,869 [INFO] WebApp:463 - Apply proxy settings
2025-07-23 13:16:52,869 [INFO] WebApp:548 - Chromium requires no authentication
2025-07-23 13:16:52,916 [WARN] PackLoader:240 - Cannot read IP mode file for STMicroelectronics.X-CUBE-MEMS1.11.2.0
2025-07-23 13:16:52,948 [INFO] WebApp:491 - Direct internet connection detected
2025-07-23 13:16:53,006 [INFO] WebApp:900 - Register for checkConnection events
2025-07-23 13:16:53,006 [INFO] WebApp:463 - Apply proxy settings
2025-07-23 13:16:53,006 [INFO] WebApp:548 - Chromium requires no authentication
2025-07-23 13:16:53,007 [INFO] WebApp:491 - Direct internet connection detected
2025-07-23 13:16:53,091 [WARN] PackLoader:240 - Cannot read IP mode file for STMicroelectronics.X-CUBE-AZRTOS-G0.1.1.0
2025-07-23 13:16:53,177 [WARN] PackLoader:240 - Cannot read IP mode file for STMicroelectronics.X-CUBE-SAFEA1.1.2.2
2025-07-23 13:16:53,189 [WARN] PackLoader:240 - Cannot read IP mode file for STMicroelectronics.X-CUBE-NFC4.3.0.0
2025-07-23 13:16:53,225 [WARN] PackLoader:240 - Cannot read IP mode file for EmbeddedOffice.I-CUBE-FS-RTOS.1.0.1
2025-07-23 13:16:53,239 [WARN] PackLoader:240 - Cannot read IP mode file for STMicroelectronics.X-CUBE-WB05N.2.0.0
2025-07-23 13:16:53,249 [WARN] PackLoader:240 - Cannot read IP mode file for STMicroelectronics.X-CUBE-TCPP.4.2.0
2025-07-23 13:16:53,259 [INFO] WebApp:191 - Connection restablished
2025-07-23 13:16:53,261 [WARN] PackLoader:240 - Cannot read IP mode file for RealThread.X-CUBE-RT-Thread_Nano.4.1.1
2025-07-23 13:16:53,269 [WARN] PackLoader:240 - Cannot read IP mode file for STMicroelectronics.FP-ATR-SIGFOX1.3.2.0
2025-07-23 13:16:53,277 [WARN] ConditionMgr:438 - getConditionDescription Invalid condition id : Cortex-A Device cause : null
2025-07-23 13:16:53,300 [WARN] ConditionMgr:1044 - genDependencies : Invalid condition id : Cortex-A Device cause : null
2025-07-23 13:16:53,301 [WARN] ConditionMgr:1044 - genDependencies : Invalid condition id : Cortex-A Device cause : null
2025-07-23 13:16:53,301 [WARN] ConditionMgr:1044 - genDependencies : Invalid condition id : Cortex-A Device cause : null
2025-07-23 13:16:53,308 [WARN] PackLoader:240 - Cannot read IP mode file for STMicroelectronics.X-CUBE-EEPRMA1.5.1.0
2025-07-23 13:16:53,318 [WARN] PackLoader:240 - Cannot read IP mode file for wolfSSL.I-CUBE-wolfSSL.5.7.4
2025-07-23 13:16:53,329 [WARN] PackLoader:240 - Cannot read IP mode file for ITTIA_DB.I-CUBE-ITTIADB.8.9.0
2025-07-23 13:16:53,342 [WARN] PackLoader:240 - Cannot read IP mode file for STMicroelectronics.X-CUBE-ST67W61.1.0.0
2025-07-23 13:16:53,376 [WARN] PackLoader:240 - Cannot read IP mode file for SEGGER.I-CUBE-embOS.1.3.1
2025-07-23 13:16:53,415 [WARN] PackLoader:240 - Cannot read IP mode file for STMicroelectronics.X-CUBE-ALGOBUILD.1.4.0
2025-07-23 13:16:53,465 [WARN] PackLoader:240 - Cannot read IP mode file for STMicroelectronics.X-CUBE-MEMS1.11.3.0
2025-07-23 13:16:53,524 [INFO] WebApp:225 - Starting web application
2025-07-23 13:16:53,524 [INFO] WebApp:593 - Web application path used C:\ST\STM32CubeIDE_1.16.1\STM32CubeIDE\plugins\com.st.stm32cube.common.mx_6.15.0.202507011659\db\plugins\mcufinder\reactClient1\index.html
2025-07-23 13:16:53,593 [WARN] PackLoader:240 - Cannot read IP mode file for STMicroelectronics.X-CUBE-AI.9.1.0
2025-07-23 13:16:53,601 [WARN] PackLoader:240 - Cannot read IP mode file for STMicroelectronics.X-CUBE-PM33A1.1.0.0
2025-07-23 13:16:53,630 [WARN] PackLoader:240 - Cannot read IP mode file for STMicroelectronics.X-CUBE-AZRTOS-F4.1.1.0
2025-07-23 13:16:53,644 [WARN] PackLoader:240 - Cannot read IP mode file for Avnet-IotConnect.X-CUBE-IoTC-DA16k-PMOD.1.0.0
2025-07-23 13:16:53,652 [WARN] PackLoader:240 - Cannot read IP mode file for STMicroelectronics.X-CUBE-ISPU.2.1.0
2025-07-23 13:16:53,662 [WARN] PackLoader:240 - Cannot read IP mode file for STMicroelectronics.X-CUBE-FREERTOS.1.2.0
2025-07-23 13:16:53,672 [WARN] PackLoader:240 - Cannot read IP mode file for STMicroelectronics.X-CUBE-NFC12.1.0.0
2025-07-23 13:16:53,695 [WARN] PackLoader:240 - Cannot read IP mode file for STMicroelectronics.X-CUBE-AZRTOS-L5.2.0.0
2025-07-23 13:16:53,710 [WARN] PackLoader:240 - Cannot read IP mode file for STMicroelectronics.X-CUBE-NFC6.3.1.0
2025-07-23 13:16:53,726 [INFO] UserAuth:487 - Internet connection configuration mode: 1
2025-07-23 13:16:53,729 [WARN] PackLoader:240 - Cannot read IP mode file for STMicroelectronics.X-CUBE-DPower.1.2.0
2025-07-23 13:16:53,737 [WARN] PackLoader:240 - Cannot read IP mode file for STMicroelectronics.X-CUBE-FREERTOS.1.3.1
2025-07-23 13:16:53,745 [WARN] PackLoader:240 - Cannot read IP mode file for STMicroelectronics.X-CUBE-FREERTOS.1.3.0
2025-07-23 13:16:53,754 [WARN] PackLoader:240 - Cannot read IP mode file for STMicroelectronics.X-CUBE-NFC7.1.0.1
2025-07-23 13:16:53,765 [WARN] PackLoader:240 - Cannot read IP mode file for STMicroelectronics.FP-SNS-STAIOTCFT.1.0.0
2025-07-23 13:16:53,772 [WARN] PackLoader:240 - Cannot read IP mode file for STMicroelectronics.X-CUBE-DPower.1.3.0
2025-07-23 13:16:53,794 [WARN] ConditionMgr:438 - getConditionDescription Invalid condition id : LAN8742 Phy interface Condition cause : null
2025-07-23 13:16:53,795 [WARN] PackLoader:240 - Cannot read IP mode file for STMicroelectronics.X-CUBE-AZRTOS-L4.2.0.0
2025-07-23 13:16:53,796 [WARN] ConditionMgr:1044 - genDependencies : Invalid condition id : LAN8742 Phy interface Condition cause : null
2025-07-23 13:16:53,797 [WARN] ConditionMgr:1044 - genDependencies : Invalid condition id : LAN8742 Phy interface Condition cause : null
2025-07-23 13:16:53,797 [WARN] ConditionMgr:1044 - genDependencies : Invalid condition id : LAN8742 Phy interface Condition cause : null
2025-07-23 13:16:53,808 [WARN] PackLoader:240 - Cannot read IP mode file for STMicroelectronics.X-CUBE-SFXS2LP1.4.0.0
2025-07-23 13:16:53,830 [WARN] PackLoader:240 - Cannot read IP mode file for STMicroelectronics.X-CUBE-AZRTOS-H7.3.3.0
2025-07-23 13:16:53,846 [WARN] PackLoader:240 - Cannot read IP mode file for STMicroelectronics.X-CUBE-BLEMGR.4.1.0
2025-07-23 13:16:53,862 [WARN] PackLoader:240 - Cannot read IP mode file for STMicroelectronics.X-CUBE-IPS.3.0.0
2025-07-23 13:16:53,882 [WARN] ConditionMgr:438 - getConditionDescription Invalid condition id : UX DEVICE CLASS RTOS Condition cause : null
2025-07-23 13:16:53,883 [WARN] ConditionMgr:438 - getConditionDescription Invalid condition id : UX DEVICE CLASS RTOS Condition cause : null
2025-07-23 13:16:53,885 [WARN] PackLoader:240 - Cannot read IP mode file for STMicroelectronics.X-CUBE-AZRTOS-WB.2.0.0
2025-07-23 13:16:53,886 [WARN] ConditionMgr:1044 - genDependencies : Invalid condition id : UX DEVICE CLASS RTOS Condition cause : null
2025-07-23 13:16:53,886 [WARN] ConditionMgr:1044 - genDependencies : Invalid condition id : UX DEVICE CLASS RTOS Condition cause : null
2025-07-23 13:16:53,887 [WARN] ConditionMgr:1044 - genDependencies : Invalid condition id : UX DEVICE CLASS RTOS Condition cause : null
2025-07-23 13:16:53,887 [WARN] ConditionMgr:1044 - genDependencies : Invalid condition id : UX DEVICE CLASS RTOS Condition cause : null
2025-07-23 13:16:53,887 [WARN] ConditionMgr:1044 - genDependencies : Invalid condition id : UX DEVICE CLASS RTOS Condition cause : null
2025-07-23 13:16:53,896 [WARN] PackLoader:240 - Cannot read IP mode file for STMicroelectronics.X-CUBE-GNSS1.7.0.0
2025-07-23 13:16:53,903 [WARN] PackLoader:240 - Cannot read IP mode file for STMicroelectronics.X-CUBE-GNSS1.7.0.1
2025-07-23 13:16:53,914 [WARN] PackLoader:240 - Cannot read IP mode file for STMicroelectronics.X-CUBE-TOUCHGFX.4.25.0
2025-07-23 13:16:53,923 [WARN] PackLoader:240 - Cannot read IP mode file for STMicroelectronics.FP-SNS-STBOX1.2.0.0
2025-07-23 13:16:53,939 [WARN] PackLoader:240 - Cannot read IP mode file for STMicroelectronics.X-CUBE-SUBG2.5.0.0
2025-07-23 13:16:53,975 [WARN] PackLoader:240 - Cannot read IP mode file for STMicroelectronics.X-CUBE-AZRTOS-H7RS.1.1.0
2025-07-23 13:16:53,992 [WARN] PackLoader:240 - Cannot read IP mode file for Cesanta.I-CUBE-Mongoose.7.13.0
2025-07-23 13:16:54,012 [WARN] PackLoader:240 - Cannot read IP mode file for STMicroelectronics.X-CUBE-AZRTOS-G4.2.0.0
2025-07-23 13:16:54,021 [WARN] PackLoader:240 - Cannot read IP mode file for STMicroelectronics.X-CUBE-NFC7.2.0.0
2025-07-23 13:16:54,035 [WARN] PackLoader:240 - Cannot read IP mode file for STMicroelectronics.X-CUBE-IPS.3.1.0
2025-07-23 13:16:54,053 [WARN] PackLoader:240 - Cannot read IP mode file for STMicroelectronics.X-CUBE-ALS.1.0.2
2025-07-23 13:16:54,062 [WARN] PackLoader:240 - Cannot read IP mode file for STMicroelectronics.X-CUBE-TOUCHGFX.4.24.2
2025-07-23 13:16:54,083 [WARN] PackLoader:240 - Cannot read IP mode file for STMicroelectronics.X-CUBE-TOUCHGFX.4.24.1
2025-07-23 13:16:54,092 [WARN] PackLoader:240 - Cannot read IP mode file for wolfSSL.I-CUBE-wolfTPM.3.4.0
2025-07-23 13:16:54,104 [WARN] PackLoader:240 - Cannot read IP mode file for portGmbH.I-Cube-SoM-uGOAL.1.1.0
2025-07-23 13:16:54,125 [WARN] PackLoader:240 - Cannot read IP mode file for STMicroelectronics.X-CUBE-AZRTOS-H7RS.1.0.0
2025-07-23 13:16:54,134 [WARN] PackLoader:240 - Cannot read IP mode file for STMicroelectronics.FP-ATR-ASTRA1.2.0.0
2025-07-23 13:16:54,147 [WARN] PackLoader:240 - Cannot read IP mode file for STMicroelectronics.X-CUBE-TOF1.3.4.2
2025-07-23 13:16:54,170 [WARN] PackLoader:240 - Cannot read IP mode file for STMicroelectronics.X-CUBE-TOF1.3.4.3
2025-07-23 13:16:54,210 [WARN] PackLoader:240 - Cannot read IP mode file for Infineon.AIROC-Wi-Fi-Bluetooth-STM32.1.6.1
2025-07-23 13:16:54,223 [WARN] PackLoader:240 - Cannot read IP mode file for wolfSSL.I-CUBE-wolfSSH.1.4.17
2025-07-23 13:16:54,224 [INFO] ThirdParty:978 - Integrity check success = true
2025-07-23 13:16:54,224 [INFO] IntegrityCheckThread:100 - exiting critical section [integrity check]
2025-07-23 13:16:54,224 [INFO] IntegrityCheckThread:103 - End integrity checks thread
2025-07-23 13:23:06,638 [INFO] WebApp:194 - Connection lost
2025-07-23 13:23:07,021 [INFO] WebApp:191 - Connection restablished
2025-07-23 13:53:49,654 [INFO] WebApp:194 - Connection lost
2025-07-23 13:53:49,870 [INFO] WebApp:191 - Connection restablished
2025-07-23 14:15:48,276 [INFO] WebApp:403 - JxBrowser engine has been closed 
2025-07-23 14:15:53,951 [ERROR] LogOutputStream:75 - [STDERR_REDIRECT] [Fatal Error] :1:1: Premature end of file.
2025-07-23 14:15:53,952 [ERROR] LogOutputStream:75 - [STDERR_REDIRECT] 
2025-07-23 14:15:54,980 [ERROR] LogOutputStream:75 - [STDERR_REDIRECT] [Fatal Error] :1:1: Premature end of file.
2025-07-23 14:15:54,980 [ERROR] LogOutputStream:75 - [STDERR_REDIRECT] 
2025-07-23 14:15:55,086 [ERROR] LogOutputStream:75 - [STDERR_REDIRECT] 
2025-07-23 14:15:55,086 [ERROR] LogOutputStream:75 - [STDERR_REDIRECT] 
2025-07-23 16:38:31,993 [INFO] Activator:176 - 


2025-07-23 16:38:31,995 [INFO] Activator:177 - !SESSION log4j initialized
2025-07-23 16:38:40,171 [INFO] LogOutputStream:77 - [STDOUT_REDIRECT] 
2025-07-23 16:38:42,411 [INFO] ApplicationProperties:184 - Using Application install path: C:\ST\STM32CubeIDE_1.16.1\STM32CubeIDE\plugins\com.st.stm32cube.common.mx_6.15.0.202507011659
2025-07-23 16:38:42,432 [INFO] DbMcusXml:78 - Set database path to: C:\ST\STM32CubeIDE_1.16.1\STM32CubeIDE\plugins\com.st.stm32cube.common.mx_6.15.0.202507011659\\db\/mcu/
2025-07-23 16:38:42,433 [INFO] ApiDb:274 - Set plugin database path to: C:\ST\STM32CubeIDE_1.16.1\STM32CubeIDE\plugins\com.st.stm32cube.common.mx_6.15.0.202507011659\\db\/plugins/boardmanager/
2025-07-23 16:38:42,433 [WARN] ApiDb:259 - Overriding images path with different value:  => C:\ST\STM32CubeIDE_1.16.1\STM32CubeIDE\plugins\com.st.stm32cube.common.mx_6.15.0.202507011659\\db\/plugins/mcufinder/images/
2025-07-23 16:38:42,452 [INFO] ApiDb:250 - Set database path to: C:\Users\Chinnapop\.stmcufinder\plugins\mcufinder//mcu/
2025-07-23 16:38:42,454 [INFO] DbMcusAds:125 - Set database path to: C:\Users\Chinnapop\.stmcufinder\plugins\mcufinder//mcu/
2025-07-23 16:38:42,458 [INFO] CrossReferenceDbSqlite:203 - Set database path to: C:\Users\Chinnapop\.stmcufinder\plugins\mcufinder//mcu/cs/
2025-07-23 16:38:42,614 [INFO] RulesReader:64 - Compatibility file has been processed (317 Rules)
2025-07-23 16:38:42,703 [INFO] DbMcusXml:78 - Set database path to: C:\ST\STM32CubeIDE_1.16.1\STM32CubeIDE\plugins\com.st.stm32cube.common.mx_6.15.0.202507011659\\db\/mcu/
2025-07-23 16:38:42,703 [INFO] ApiDb:274 - Set plugin database path to: C:\ST\STM32CubeIDE_1.16.1\STM32CubeIDE\plugins\com.st.stm32cube.common.mx_6.15.0.202507011659\\db\/plugins/boardmanager/
2025-07-23 16:38:42,703 [INFO] ApiDb:261 - Set plugin images path to: C:\ST\STM32CubeIDE_1.16.1\STM32CubeIDE\plugins\com.st.stm32cube.common.mx_6.15.0.202507011659\\db\/plugins/mcufinder/images/
2025-07-23 16:38:42,703 [WARN] DbFile:41 - Overriding database path with different value: C:\Users\Chinnapop\.stmcufinder\plugins\mcufinder/ => C:\Users\Chinnapop\.stmcufinder\plugins\mcufinder
2025-07-23 16:38:42,704 [INFO] ApiDb:250 - Set database path to: C:\Users\Chinnapop\.stmcufinder\plugins\mcufinder//mcu/
2025-07-23 16:38:42,704 [WARN] DbFile:41 - Overriding database path with different value: C:\Users\Chinnapop\.stmcufinder\plugins\mcufinder/ => C:\Users\Chinnapop\.stmcufinder\plugins\mcufinder
2025-07-23 16:38:42,704 [INFO] DbMcusAds:125 - Set database path to: C:\Users\Chinnapop\.stmcufinder\plugins\mcufinder//mcu/
2025-07-23 16:38:42,704 [WARN] DbFile:41 - Overriding database path with different value: C:\Users\Chinnapop\.stmcufinder\plugins\mcufinder/ => C:\Users\Chinnapop\.stmcufinder\plugins\mcufinder
2025-07-23 16:38:42,704 [WARN] DbFile:41 - Overriding database path with different value: C:\Users\Chinnapop\.stmcufinder\plugins\mcufinder/ => C:\Users\Chinnapop\.stmcufinder\plugins\mcufinder
2025-07-23 16:38:42,704 [INFO] CrossReferenceDbSqlite:203 - Set database path to: C:\Users\Chinnapop\.stmcufinder\plugins\mcufinder//mcu/cs/
2025-07-23 16:38:42,800 [INFO] MainPanel:274 - HeapMemory: 268435456
2025-07-23 16:38:42,949 [INFO] DbMcusXml:78 - Set database path to: C:\ST\STM32CubeIDE_1.16.1\STM32CubeIDE\plugins\com.st.stm32cube.common.mx_6.15.0.202507011659\\db\/mcu/
2025-07-23 16:38:42,949 [INFO] ApiDb:274 - Set plugin database path to: C:\ST\STM32CubeIDE_1.16.1\STM32CubeIDE\plugins\com.st.stm32cube.common.mx_6.15.0.202507011659\\db\/plugins/boardmanager/
2025-07-23 16:38:42,949 [INFO] ApiDb:261 - Set plugin images path to: C:\ST\STM32CubeIDE_1.16.1\STM32CubeIDE\plugins\com.st.stm32cube.common.mx_6.15.0.202507011659\\db\/plugins/mcufinder/images/
2025-07-23 16:38:42,950 [WARN] DbFile:41 - Overriding database path with different value: C:\Users\Chinnapop\.stmcufinder\plugins\mcufinder/ => C:\Users\Chinnapop\.stmcufinder\plugins\mcufinder
2025-07-23 16:38:42,950 [INFO] ApiDb:250 - Set database path to: C:\Users\Chinnapop\.stmcufinder\plugins\mcufinder//mcu/
2025-07-23 16:38:42,950 [WARN] DbFile:41 - Overriding database path with different value: C:\Users\Chinnapop\.stmcufinder\plugins\mcufinder/ => C:\Users\Chinnapop\.stmcufinder\plugins\mcufinder
2025-07-23 16:38:42,950 [INFO] DbMcusAds:125 - Set database path to: C:\Users\Chinnapop\.stmcufinder\plugins\mcufinder//mcu/
2025-07-23 16:38:42,950 [WARN] DbFile:41 - Overriding database path with different value: C:\Users\Chinnapop\.stmcufinder\plugins\mcufinder/ => C:\Users\Chinnapop\.stmcufinder\plugins\mcufinder
2025-07-23 16:38:42,950 [WARN] DbFile:41 - Overriding database path with different value: C:\Users\Chinnapop\.stmcufinder\plugins\mcufinder/ => C:\Users\Chinnapop\.stmcufinder\plugins\mcufinder
2025-07-23 16:38:42,950 [INFO] CrossReferenceDbSqlite:203 - Set database path to: C:\Users\Chinnapop\.stmcufinder\plugins\mcufinder//mcu/cs/
2025-07-23 16:38:42,972 [INFO] ApplicationProperties:184 - Using Application install path: C:\ST\STM32CubeIDE_1.16.1\STM32CubeIDE\plugins\com.st.stm32cube.common.mx_6.15.0.202507011659
2025-07-23 16:38:42,973 [INFO] PluginManage:196 - Search for loadable plugins [exclusion list=, ]
2025-07-23 16:38:42,975 [INFO] PluginManage:310 - Check plugin analytics
2025-07-23 16:38:43,154 [INFO] AnalyticsPlugin:253 - Accepted Software Licenses: 
2025-07-23 16:38:43,154 [INFO] AnalyticsPlugin:255 - Accepted CMSIS Pack Licenses: 
2025-07-23 16:38:43,154 [INFO] AnalyticsPlugin:257 - Accepted Firmware Licenses: FW.F7.1.17.0
2025-07-23 16:38:43,159 [INFO] PluginManage:359 - Loaded plugin analytics (category:tool,tabindex:-1)
2025-07-23 16:38:43,159 [INFO] PluginManage:310 - Check plugin cadmodel
2025-07-23 16:38:43,169 [INFO] CADModel:105 - Init CAD model plugin
2025-07-23 16:38:43,169 [INFO] PluginManage:359 - Loaded plugin cadmodel (category:power,tabindex:5)
2025-07-23 16:38:43,170 [INFO] PluginManage:310 - Check plugin clock
2025-07-23 16:38:43,183 [INFO] PluginManage:359 - Loaded plugin clock (category:base,tabindex:2)
2025-07-23 16:38:43,183 [INFO] PluginManage:310 - Check plugin ddr
2025-07-23 16:38:43,186 [INFO] PluginManage:359 - Loaded plugin ddr (category:tool,tabindex:6)
2025-07-23 16:38:43,187 [INFO] PluginManage:310 - Check plugin filemanager
2025-07-23 16:38:43,372 [INFO] PluginManage:359 - Loaded plugin filemanager (category:base,tabindex:10)
2025-07-23 16:38:43,373 [INFO] PluginManage:310 - Check plugin ipmanager
2025-07-23 16:38:43,382 [INFO] PluginManage:359 - Loaded plugin ipmanager (category:base,tabindex:5)
2025-07-23 16:38:43,383 [INFO] PluginManage:310 - Check plugin lpbam
2025-07-23 16:38:43,405 [INFO] PluginManage:359 - Loaded plugin lpbam (category:base,tabindex:0)
2025-07-23 16:38:43,406 [INFO] PluginManage:310 - Check plugin memorymap
2025-07-23 16:38:43,436 [INFO] PluginManage:359 - Loaded plugin memorymap (category:base,tabindex:4)
2025-07-23 16:38:43,437 [INFO] PluginManage:310 - Check plugin pinoutandconfiguration
2025-07-23 16:38:43,454 [INFO] PluginManage:359 - Loaded plugin pinoutandconfiguration (category:base,tabindex:1)
2025-07-23 16:38:43,455 [INFO] PluginManage:310 - Check plugin pinoutconfig
2025-07-23 16:38:43,548 [WARN] SupportedApi:132 - Cannot load RTOS API schema: s4s-elt-must-match.1: The content of 'definitions' must match (annotation?, (simpleType | complexType)?, (unique | key | keyref)*)). A problem was found starting at: attribute.
2025-07-23 16:38:43,711 [INFO] PluginManage:359 - Loaded plugin pinoutconfig (category:base,tabindex:0)
2025-07-23 16:38:43,711 [INFO] PluginManage:310 - Check plugin power
2025-07-23 16:38:43,726 [INFO] PluginManage:359 - Loaded plugin power (category:power,tabindex:4)
2025-07-23 16:38:43,726 [INFO] PluginManage:310 - Check plugin projectmanager
2025-07-23 16:38:43,742 [INFO] PluginManage:359 - Loaded plugin projectmanager (category:projectmanager,tabindex:4)
2025-07-23 16:38:43,742 [INFO] PluginManage:310 - Check plugin rif
2025-07-23 16:38:43,759 [INFO] PluginManage:359 - Loaded plugin rif (category:base,tabindex:3)
2025-07-23 16:38:43,759 [INFO] PluginManage:310 - Check plugin thirdparty
2025-07-23 16:38:44,283 [INFO] PluginManage:359 - Loaded plugin thirdparty (category:base,tabindex:-1)
2025-07-23 16:38:44,283 [INFO] PluginManage:310 - Check plugin tools
2025-07-23 16:38:44,283 [WARN] IntegrityCheckThread:84 - waiting for thirdparty lock release [integrity check]
2025-07-23 16:38:44,284 [INFO] IntegrityCheckThread:86 - entering critical section [integrity check]
2025-07-23 16:38:44,285 [INFO] ThirdPartyUpdaterWithRetryManager:70 - Updater plugin not ready yet. [1/15]
2025-07-23 16:38:44,295 [INFO] PluginManage:359 - Loaded plugin tools (category:base,tabindex:7)
2025-07-23 16:38:44,296 [INFO] PluginManage:310 - Check plugin tutovideos
2025-07-23 16:38:44,784 [INFO] PluginManage:359 - Loaded plugin tutovideos (category:base,tabindex:-1)
2025-07-23 16:38:44,784 [INFO] PluginManage:310 - Check plugin updater
2025-07-23 16:38:44,837 [INFO] PluginManage:359 - Loaded plugin updater (category:base,tabindex:12)
2025-07-23 16:38:44,837 [INFO] PluginManage:310 - Check plugin userauth
2025-07-23 16:38:44,849 [INFO] UserAuth:118 - Init User Auth plugin
2025-07-23 16:38:44,852 [INFO] PluginManage:359 - Loaded plugin userauth (category:base,tabindex:14)
2025-07-23 16:38:44,853 [INFO] PluginManage:283 - PluginManage : Loaded plugins [18]
2025-07-23 16:38:45,423 [INFO] PinOutPanel:1589 - setPackage(No Configuration,No Configuration)
2025-07-23 16:38:45,629 [INFO] CADModel:165 - CPN selected for project level
2025-07-23 16:38:45,629 [INFO] CADModel:114 - Register for checkConnection events
2025-07-23 16:38:45,680 [INFO] IPUIPlugin:80 - create IPUIPlugin
2025-07-23 16:38:45,681 [INFO] PluginManager:220 - loadIPPluginJar : add adc
2025-07-23 16:38:45,694 [INFO] IPUIPlugin:80 - create IPUIPlugin
2025-07-23 16:38:45,694 [INFO] PluginManager:220 - loadIPPluginJar : add aes
2025-07-23 16:38:45,705 [INFO] IPUIPlugin:80 - create IPUIPlugin
2025-07-23 16:38:45,706 [INFO] PluginManager:220 - loadIPPluginJar : add can
2025-07-23 16:38:45,715 [INFO] IPUIPlugin:80 - create IPUIPlugin
2025-07-23 16:38:45,716 [INFO] PluginManager:220 - loadIPPluginJar : add comp
2025-07-23 16:38:45,727 [INFO] IPUIPlugin:80 - create IPUIPlugin
2025-07-23 16:38:45,727 [INFO] PluginManager:220 - loadIPPluginJar : add cryp
2025-07-23 16:38:45,740 [INFO] IPUIPlugin:80 - create IPUIPlugin
2025-07-23 16:38:45,740 [INFO] PluginManager:220 - loadIPPluginJar : add ddr_ctrl_phy
2025-07-23 16:38:45,752 [INFO] IPUIPlugin:80 - create IPUIPlugin
2025-07-23 16:38:45,752 [INFO] PluginManager:220 - loadIPPluginJar : add dfsdm
2025-07-23 16:38:45,768 [INFO] IPUIPlugin:80 - create IPUIPlugin
2025-07-23 16:38:45,769 [INFO] PluginManager:220 - loadIPPluginJar : add dma
2025-07-23 16:38:45,780 [INFO] IPUIPlugin:80 - create IPUIPlugin
2025-07-23 16:38:45,780 [INFO] PluginManager:220 - loadIPPluginJar : add dma3
2025-07-23 16:38:45,798 [INFO] IPUIPlugin:80 - create IPUIPlugin
2025-07-23 16:38:45,799 [INFO] PluginManager:220 - loadIPPluginJar : add extmemmanager
2025-07-23 16:38:45,808 [INFO] IPUIPlugin:80 - create IPUIPlugin
2025-07-23 16:38:45,809 [INFO] PluginManager:220 - loadIPPluginJar : add fatfs
2025-07-23 16:38:45,826 [INFO] IPUIPlugin:80 - create IPUIPlugin
2025-07-23 16:38:45,826 [INFO] PluginManager:220 - loadIPPluginJar : add fmc
2025-07-23 16:38:45,847 [INFO] IPUIPlugin:80 - create IPUIPlugin
2025-07-23 16:38:45,847 [INFO] PluginManager:220 - loadIPPluginJar : add freertos
2025-07-23 16:38:45,857 [INFO] IPUIPlugin:80 - create IPUIPlugin
2025-07-23 16:38:45,857 [INFO] PluginManager:220 - loadIPPluginJar : add genericplugin
2025-07-23 16:38:45,867 [INFO] IPUIPlugin:80 - create IPUIPlugin
2025-07-23 16:38:45,867 [INFO] PluginManager:220 - loadIPPluginJar : add gfxmmu
2025-07-23 16:38:45,881 [INFO] IPUIPlugin:80 - create IPUIPlugin
2025-07-23 16:38:45,882 [INFO] PluginManager:220 - loadIPPluginJar : add gic
2025-07-23 16:38:45,897 [INFO] IPUIPlugin:80 - create IPUIPlugin
2025-07-23 16:38:45,897 [INFO] PluginManager:220 - loadIPPluginJar : add gpio
2025-07-23 16:38:45,910 [INFO] IPUIPlugin:80 - create IPUIPlugin
2025-07-23 16:38:45,911 [INFO] PluginManager:220 - loadIPPluginJar : add gtzc
2025-07-23 16:38:45,929 [INFO] IPUIPlugin:80 - create IPUIPlugin
2025-07-23 16:38:45,929 [INFO] PluginManager:220 - loadIPPluginJar : add hash
2025-07-23 16:38:45,942 [INFO] IPUIPlugin:80 - create IPUIPlugin
2025-07-23 16:38:45,943 [INFO] PluginManager:220 - loadIPPluginJar : add i2c
2025-07-23 16:38:45,953 [INFO] IPUIPlugin:80 - create IPUIPlugin
2025-07-23 16:38:45,954 [INFO] PluginManager:220 - loadIPPluginJar : add i2s
2025-07-23 16:38:45,967 [INFO] IPUIPlugin:80 - create IPUIPlugin
2025-07-23 16:38:45,967 [INFO] PluginManager:220 - loadIPPluginJar : add i3c
2025-07-23 16:38:45,981 [INFO] IPUIPlugin:80 - create IPUIPlugin
2025-07-23 16:38:45,981 [INFO] PluginManager:220 - loadIPPluginJar : add ipddr
2025-07-23 16:38:46,003 [INFO] IPUIPlugin:80 - create IPUIPlugin
2025-07-23 16:38:46,004 [INFO] PluginManager:220 - loadIPPluginJar : add linkedlist
2025-07-23 16:38:46,021 [INFO] IPUIPlugin:80 - create IPUIPlugin
2025-07-23 16:38:46,022 [INFO] PluginManager:220 - loadIPPluginJar : add lorawan
2025-07-23 16:38:46,035 [INFO] IPUIPlugin:80 - create IPUIPlugin
2025-07-23 16:38:46,036 [INFO] PluginManager:220 - loadIPPluginJar : add ltdc
2025-07-23 16:38:46,063 [INFO] IPUIPlugin:80 - create IPUIPlugin
2025-07-23 16:38:46,064 [INFO] PluginManager:220 - loadIPPluginJar : add mdma
2025-07-23 16:38:46,086 [INFO] IPUIPlugin:80 - create IPUIPlugin
2025-07-23 16:38:46,087 [INFO] PluginManager:220 - loadIPPluginJar : add nvic
2025-07-23 16:38:46,101 [INFO] IPUIPlugin:80 - create IPUIPlugin
2025-07-23 16:38:46,101 [INFO] PluginManager:220 - loadIPPluginJar : add opamp
2025-07-23 16:38:46,114 [INFO] IPUIPlugin:80 - create IPUIPlugin
2025-07-23 16:38:46,114 [INFO] PluginManager:220 - loadIPPluginJar : add openamp
2025-07-23 16:38:46,127 [INFO] IPUIPlugin:80 - create IPUIPlugin
2025-07-23 16:38:46,127 [INFO] PluginManager:220 - loadIPPluginJar : add pdm2pcm
2025-07-23 16:38:46,146 [INFO] IPUIPlugin:80 - create IPUIPlugin
2025-07-23 16:38:46,152 [INFO] PluginManager:220 - loadIPPluginJar : add plateformsettings
2025-07-23 16:38:46,162 [INFO] IPUIPlugin:80 - create IPUIPlugin
2025-07-23 16:38:46,162 [INFO] PluginManager:220 - loadIPPluginJar : add quadspi
2025-07-23 16:38:46,172 [INFO] IPUIPlugin:80 - create IPUIPlugin
2025-07-23 16:38:46,173 [INFO] PluginManager:220 - loadIPPluginJar : add radio
2025-07-23 16:38:46,189 [INFO] IPUIPlugin:80 - create IPUIPlugin
2025-07-23 16:38:46,189 [INFO] PluginManager:220 - loadIPPluginJar : add resmgrutility
2025-07-23 16:38:46,200 [INFO] IPUIPlugin:80 - create IPUIPlugin
2025-07-23 16:38:46,201 [INFO] PluginManager:220 - loadIPPluginJar : add sai
2025-07-23 16:38:46,212 [INFO] IPUIPlugin:80 - create IPUIPlugin
2025-07-23 16:38:46,212 [INFO] PluginManager:220 - loadIPPluginJar : add spi
2025-07-23 16:38:46,229 [INFO] IPUIPlugin:80 - create IPUIPlugin
2025-07-23 16:38:46,230 [INFO] PluginManager:220 - loadIPPluginJar : add stm32_wpan
2025-07-23 16:38:46,240 [INFO] IPUIPlugin:80 - create IPUIPlugin
2025-07-23 16:38:46,240 [INFO] PluginManager:220 - loadIPPluginJar : add tim
2025-07-23 16:38:46,252 [INFO] IPUIPlugin:80 - create IPUIPlugin
2025-07-23 16:38:46,252 [INFO] PluginManager:220 - loadIPPluginJar : add touchsensing
2025-07-23 16:38:46,263 [INFO] IPUIPlugin:80 - create IPUIPlugin
2025-07-23 16:38:46,263 [INFO] PluginManager:220 - loadIPPluginJar : add tracer_emb
2025-07-23 16:38:46,274 [INFO] IPUIPlugin:80 - create IPUIPlugin
2025-07-23 16:38:46,274 [INFO] PluginManager:220 - loadIPPluginJar : add ts
2025-07-23 16:38:46,285 [INFO] IPUIPlugin:80 - create IPUIPlugin
2025-07-23 16:38:46,285 [INFO] PluginManager:220 - loadIPPluginJar : add tsc
2025-07-23 16:38:46,296 [INFO] IPUIPlugin:80 - create IPUIPlugin
2025-07-23 16:38:46,297 [INFO] PluginManager:220 - loadIPPluginJar : add ucpd
2025-07-23 16:38:46,308 [INFO] IPUIPlugin:80 - create IPUIPlugin
2025-07-23 16:38:46,308 [INFO] PluginManager:220 - loadIPPluginJar : add usart
2025-07-23 16:38:46,325 [INFO] IPUIPlugin:80 - create IPUIPlugin
2025-07-23 16:38:46,326 [INFO] PluginManager:220 - loadIPPluginJar : add usbx
2025-07-23 16:38:46,569 [FATAL] Updater:351 - Updater called before beeing initialized
2025-07-23 16:38:46,634 [INFO] RulesReader:64 - Compatibility file has been processed (317 Rules)
2025-07-23 16:38:46,671 [INFO] RulesReader:64 - Compatibility file has been processed (317 Rules)
2025-07-23 16:38:46,696 [INFO] CADModel:165 - CPN selected for project level
2025-07-23 16:38:46,696 [INFO] CADModel:114 - Register for checkConnection events
2025-07-23 16:38:46,696 [FATAL] Updater:351 - Updater called before beeing initialized
2025-07-23 16:38:46,697 [ERROR] CADModel:125 - Updater not yet initialized, retry later 
2025-07-23 16:38:47,170 [FATAL] Updater:351 - Updater called before beeing initialized
2025-07-23 16:38:47,174 [INFO] CADModel:165 - CPN selected for project level
2025-07-23 16:38:47,175 [INFO] CADModel:114 - Register for checkConnection events
2025-07-23 16:38:47,175 [FATAL] Updater:351 - Updater called before beeing initialized
2025-07-23 16:38:47,175 [ERROR] CADModel:125 - Updater not yet initialized, retry later 
2025-07-23 16:38:47,181 [FATAL] Updater:351 - Updater called before beeing initialized
2025-07-23 16:38:47,286 [INFO] ThirdPartyUpdaterWithRetryManager:70 - Updater plugin not ready yet. [2/15]
2025-07-23 16:38:47,448 [FATAL] Updater:351 - Updater called before beeing initialized
2025-07-23 16:38:47,457 [INFO] DbMcusAds:53 - JSON generation date=Tue Jul 08 15:14:23 ICT 2025 (1751962463562)
2025-07-23 16:38:47,459 [FATAL] Updater:351 - Updater called before beeing initialized
2025-07-23 16:38:47,573 [WARN] DetailPanel:346 - Failed to get advertising image, set to default
2025-07-23 16:38:47,766 [FATAL] Updater:351 - Updater called before beeing initialized
2025-07-23 16:38:47,770 [FATAL] Updater:351 - Updater called before beeing initialized
2025-07-23 16:38:47,770 [FATAL] Updater:351 - Updater called before beeing initialized
2025-07-23 16:38:47,770 [WARN] DetailPanel:346 - Failed to get advertising image, set to default
2025-07-23 16:38:47,772 [FATAL] Updater:351 - Updater called before beeing initialized
2025-07-23 16:38:47,905 [ERROR] Updater:1198 - MainUpdater not yet initialized. External WinMGr cannot be set.
2025-07-23 16:38:47,918 [INFO] Updater:1134 - Updater Version found : 6.15.0
2025-07-23 16:38:47,966 [INFO] ApplicationProperties:184 - Using Application install path: C:\ST\STM32CubeIDE_1.16.1\STM32CubeIDE\plugins\com.st.stm32cube.common.mx_6.15.0.202507011659
2025-07-23 16:38:49,577 [ERROR] LogOutputStream:75 - [STDERR_REDIRECT] Jul 23, 2025 4:38:49 PM java.util.prefs.WindowsPreferences <init>
2025-07-23 16:38:49,580 [ERROR] LogOutputStream:75 - [STDERR_REDIRECT] WARNING: Could not open/create prefs root node Software\JavaSoft\Prefs at root 0xffffffff80000002. Windows RegCreateKeyEx(...) returned error code 5.
2025-07-23 16:38:49,580 [ERROR] LogOutputStream:75 - [STDERR_REDIRECT] 
2025-07-23 16:38:50,287 [FATAL] Updater:351 - Updater called before beeing initialized
2025-07-23 16:38:50,293 [ERROR] IntegrityCheckThread:130 - Cannot retrieve database content from updater: error 21
2025-07-23 16:38:50,293 [INFO] ThirdParty:978 - Integrity check success = false
2025-07-23 16:38:50,294 [INFO] IntegrityCheckThread:100 - exiting critical section [integrity check]
2025-07-23 16:38:50,294 [INFO] IntegrityCheckThread:103 - End integrity checks thread
2025-07-23 16:38:50,806 [INFO] MainUpdater:2872 - connection check result : 10
2025-07-23 16:38:50,808 [INFO] MainUpdater:289 - Updater Check For Update Now.
2025-07-23 16:38:50,808 [INFO] MicroXplorer:498 - Change Database Version : DB.6.0.150
2025-07-23 16:38:50,837 [INFO] McuFinderGlobals:63 - Set McuFinder mode to 2 (CubeIDE integrated)
2025-07-23 16:38:50,842 [INFO] UserAuth:487 - Internet connection configuration mode: 1
2025-07-23 16:38:50,949 [INFO] JxBrowserEngine:152 - Initiate JxBrowser Engine with user profile folder
2025-07-23 16:38:51,173 [INFO] CheckServerUpdateThread:120 - End of CheckServer Thread
2025-07-23 16:38:53,111 [INFO] WebApp:169 - Instantiating new browser for Auth
2025-07-23 16:38:54,513 [INFO] WebApp:463 - Apply proxy settings
2025-07-23 16:38:54,514 [INFO] WebApp:548 - Chromium requires no authentication
2025-07-23 16:38:54,538 [INFO] WebApp:491 - Direct internet connection detected
2025-07-23 16:38:54,587 [INFO] WebApp:900 - Register for checkConnection events
2025-07-23 16:38:54,588 [INFO] WebApp:463 - Apply proxy settings
2025-07-23 16:38:54,588 [INFO] WebApp:548 - Chromium requires no authentication
2025-07-23 16:38:54,588 [INFO] WebApp:491 - Direct internet connection detected
2025-07-23 16:38:55,027 [INFO] WebApp:191 - Connection restablished
2025-07-23 16:38:55,063 [INFO] WebApp:225 - Starting web application
2025-07-23 16:38:55,063 [INFO] WebApp:593 - Web application path used C:\ST\STM32CubeIDE_1.16.1\STM32CubeIDE\plugins\com.st.stm32cube.common.mx_6.15.0.202507011659\db\plugins\mcufinder\reactClient1\index.html
2025-07-23 16:38:55,272 [INFO] UserAuth:487 - Internet connection configuration mode: 1
2025-07-23 16:42:15,825 [INFO] McuFinderGlobals:63 - Set McuFinder mode to 2 (CubeIDE integrated)
2025-07-23 16:42:15,847 [INFO] MainUpdater:2872 - connection check result : 10
2025-07-23 16:42:17,770 [INFO] ApiDb:581 - Connected to CubeFinder SQLite database (C:\Users\Chinnapop\.stmcufinder\plugins\mcufinder\mcu\cube-finder-db.db)
2025-07-23 16:42:17,897 [INFO] ApiDb:668 - CubeFinder database Data Model version=2.1
2025-07-23 16:42:17,898 [INFO] ApiDb:669 - CubeFinder database Configuration version=3.0.39
2025-07-23 16:42:17,898 [INFO] ApiDb:670 - CubeFinder database generation date=2025-06-24 (1750757100)
2025-07-23 16:42:17,898 [INFO] ApiDb:671 - CubeFinder database FW Pack versions=[FP-ATR-ASTRA1_V2.0.0, FP-SNS-FLIGHT1_V5.1.0, FP-SNS-MOTENV1_V5.0.0, FP-SNS-MOTENVWB1_V1.4.0, FP-SNS-SMARTAG2_V1.2.0, FP-SNS-STBOX1_V2.0.0, STM32Cube_FW_C0_V1.4.0, STM32Cube_FW_F4_V1.28.2, STM32Cube_FW_F7_V1.17.3, STM32Cube_FW_G0_V1.6.2, STM32Cube_FW_G4_V1.6.1, STM32Cube_FW_H5_V1.5.0, STM32Cube_FW_H7RS_V1.2.0, STM32Cube_FW_H7_V1.12.1, STM32Cube_FW_L0_V1.12.2, STM32Cube_FW_L4_V1.18.1, STM32Cube_FW_L5_V1.5.1, STM32Cube_FW_N6_V1.2.0, STM32Cube_FW_U0_V1.3.0, STM32Cube_FW_U3_V1.2.0, STM32Cube_FW_U5_V1.8.0, STM32Cube_FW_WB0_V1.3.0, STM32Cube_FW_WBA_V1.7.0, STM32Cube_FW_WB_V1.23.0, STM32Cube_FW_WL3_V1.2.0, STM32Cube_FW_WL_V1.3.1, X-CUBE-ALGOBUILD_V1.4.0, X-CUBE-ALS_V1.0.2, X-CUBE-AZRTOS-F4_V1.1.0, X-CUBE-AZRTOS-F7_V1.1.0, X-CUBE-AZRTOS-G0_V1.1.0, X-CUBE-AZRTOS-G4_V2.0.0, X-CUBE-AZRTOS-H7RS_V1.1.0, X-CUBE-AZRTOS-H7_V3.3.0, X-CUBE-AZRTOS-L4_V2.0.0, X-CUBE-AZRTOS-L5_V2.0.0, X-CUBE-AZRTOS-WB_V2.0.0, X-CUBE-AZRTOS-WL_V2.0.0, X-CUBE-BLE1_V7.1.0, X-CUBE-BLE2_V3.3.0, X-CUBE-BLEMGR_V4.0.0, X-CUBE-EEPRMA1_V5.1.0, X-CUBE-FREERTOS_V1.3.1, X-CUBE-GNSS1_V6.0.0, X-CUBE-MEMS1_V11.3.0, X-CUBE-NFC4_V3.0.0, X-CUBE-NFC7_V2.0.0, X-CUBE-SFXS2LP1_V4.0.0, X-CUBE-SUBG2_V5.0.0, X-CUBE-TOF1_V3.4.3]
2025-07-23 16:42:20,767 [INFO] ApiDb:240 - Found 880 in-development CPN: [B-G473E-ZEST1S, B-WB1M-WPAN1, B-WBA5M-WPAN, B-WL5M-SUBG1, NUCLEO-C031C6, NUCLEO-C051C8, NUCLEO-C071RB, NUCLEO-C092RC, NUCLEO-H503RB, NUCLEO-H533RE, NUCLEO-H563ZI, NUCLEO-H7S3L8, NUCLEO-N657X0-Q, NUCLEO-U031R8, NUCLEO-U083RC, NUCLEO-U385RG-Q, NUCLEO-U545RE-Q, NUCLEO-U5A5ZJ-Q, NUCLEO-WB05KZ, NUCLEO-WB07CC, NUCLEO-WB09KE, NUCLEO-WBA52CG, NUCLEO-WBA55CG, NUCLEO-WL33CC1, NUCLEO-WL33CC2, STEVAL-PROTEUS1, STEVAL-SMARTAG2, STEVAL-STWINBX1, STM320518-EVAL, STM32C0116-DK, STM32C011D6Y3TR, STM32C011D6Y6TR, STM32C011F4P3, STM32C011F4P6, STM32C011F4U3, STM32C011F4U6TR, STM32C011F6P3, STM32C011F6P6, STM32C011F6U3, STM32C011F6U6TR, STM32C011J4M3, STM32C011J4M6, STM32C011J6M3, STM32C011J6M6, STM32C0316-DK, STM32C031C4T3, STM32C031C4T6, STM32C031C4U3, STM32C031C4U6, STM32C031C6T3, STM32C031C6T6, STM32C031C6U3, STM32C031C6U6, STM32C031F4P3, STM32C031F4P6, STM32C031F6P3, STM32C031F6P6, STM32C031G4U3, STM32C031G4U6, STM32C031G6U3, STM32C031G6U6, STM32C031K4T3, STM32C031K4T6, STM32C031K4U3, STM32C031K4U6, STM32C031K6T3, STM32C031K6T6, STM32C031K6U3, STM32C031K6U6, STM32C051C6T6, STM32C051C6U6, STM32C051C8T6, STM32C051C8U6, STM32C051D8Y6TR, STM32C051F6P6, STM32C051F8P6, STM32C051G6U6, STM32C051G8U6, STM32C051K6T6, STM32C051K6U6, STM32C051K8T6, STM32C071C8T6, STM32C071C8T6N, STM32C071C8U6, STM32C071C8U6N, STM32C071CBT6, STM32C071CBT6N, STM32C071CBU6, STM32C071CBU6N, STM32C071F8P6, STM32C071F8P6N, STM32C071FBP6, STM32C071FBP6N, STM32C071FBY6TR, STM32C071G8U6, STM32C071G8U6N, STM32C071GBU6, STM32C071GBU6N, STM32C071K8T6, STM32C071K8T6N, STM32C071K8U6, STM32C071K8U6N, STM32C071KBT6, STM32C071KBT6N, STM32C071KBU6, STM32C071KBU6N, STM32C071R8T6, STM32C071R8T6N, STM32C071RBI6N, STM32C071RBT6, STM32C071RBT6N, STM32C091CBT6, STM32C091CBU6, STM32C091CCT6, STM32C091CCU6, STM32C091ECY6TR, STM32C091FBP6, STM32C091FCP6, STM32C091GBU6, STM32C091GCU6, STM32C091KBT6, STM32C091KBU6, STM32C091KCT6, STM32C091KCU6, STM32C091RBT6, STM32C091RCI6, STM32C091RCT6, STM32C092CBT6, STM32C092CBU6, STM32C092CCT6, STM32C092CCU6, STM32C092ECY6TR, STM32C092FBP6, STM32C092FCP6, STM32C092GBU6, STM32C092GCU6, STM32C092KBT6, STM32C092KBU6, STM32C092KCT6, STM32C092KCU6, STM32C092RBT6, STM32C092RCI6, STM32C092RCT6, STM32G071K8TXN, STM32G071K8UXN, STM32G081GBU6N, STM32G081KBT6N, STM32G081KBUXN, STM32G0B1CCT6N, STM32G0B1KCT6, STM32G0B1NEY6TR, STM32G0B1RCT6N, STM32G0C1CCT6, STM32G0C1CCT6N, STM32G0C1CCU6N, STM32G0C1CET6N, STM32G0C1CEU6N, STM32G0C1KCT6, STM32G0C1NEY6TR, STM32G0C1RCI6N, STM32G0C1RCT6N, STM32G0C1REI6N, STM32G0C1RET6N, STM32G0C1VCI6, STM32G0C1VEI6, STM32G411C6T3, STM32G411C6T6, STM32G411C6U3, STM32G411C6U6, STM32G411C8T3, STM32G411C8T6, STM32G411C8U3, STM32G411C8U6, STM32G411CBT3, STM32G411CBT6, STM32G411CBU3, STM32G411CBU6, STM32G411K6T3, STM32G411K6T6, STM32G411K6U3, STM32G411K6U6, STM32G411K8T3, STM32G411K8T6, STM32G411K8U3, STM32G411K8U6, STM32G411KBT3, STM32G411KBT6, STM32G411KBU3, STM32G411KBU6, STM32G411M6T3, STM32G411M6T6, STM32G411M8T3, STM32G411M8T6, STM32G411MBT3, STM32G411MBT6, STM32G411R6T3, STM32G411R6T6, STM32G411R8T3, STM32G411R8T6, STM32G411RBT3, STM32G411RBT6, STM32G414CBT3, STM32G414CBT6, STM32G414CBU3, STM32G414CBU6, STM32G414CCT3, STM32G414CCT6, STM32G414CCU3, STM32G414CCU6, STM32G414MBT3, STM32G414MBT6, STM32G414MCT3, STM32G414MCT6, STM32G414RBT3, STM32G414RBT6, STM32G414RCT3, STM32G414RCT6, STM32G414VBT3, STM32G414VBT6, STM32G414VCT3, STM32G414VCT6, STM32G431CBT3Z, STM32G431RBT3Z, STM32G471CCT6, STM32G471CCU6, STM32G471CET3, STM32G471CET6, STM32G471CEU3, STM32G471CEU6, STM32G471MCT6, STM32G471MET3, STM32G471MET6, STM32G471MEY6TR, STM32G471QCT6, STM32G471QET3, STM32G471RCT6, STM32G471RET3, STM32G471RET6, STM32G471VCH6, STM32G471VCI6, STM32G471VCT6, STM32G471VEH3, STM32G471VEH6, STM32G471VEI3, STM32G471VEI6, STM32G471VET3, STM32G471VET6, STM32G473QET3Z, STM32G473RET3Z, STM32G474CCT6, STM32G491RET3Z, STM32H503CBT6, STM32H503CBU6, STM32H503EBY6TR, STM32H503KBU6, STM32H503RBT6, STM32H523CCT6, STM32H523CCU6, STM32H523CET6, STM32H523CEU6, STM32H523HEY6TR, STM32H523RCT6, STM32H523RET6, STM32H523VCI6, STM32H523VCT6, STM32H523VEI6, STM32H523VET6, STM32H523ZCJ6, STM32H523ZCT6, STM32H523ZEJ6, STM32H523ZET6, STM32H533CET6, STM32H533CEU6, STM32H533HEY6TR, STM32H533RET6, STM32H533VEI6, STM32H533VET6, STM32H533ZEJ6, STM32H533ZET6, STM32H562AGI6, STM32H562AII6, STM32H562IGK6, STM32H562IGT6, STM32H562IIK6, STM32H562IIT6, STM32H562RGT6, STM32H562RGV6, STM32H562RIT6, STM32H562RIV6, STM32H562VGT6, STM32H562VIT6, STM32H562ZGT6, STM32H562ZIT6, STM32H563AGI6, STM32H563AII3Q, STM32H563AII6, STM32H563IGK6, STM32H563IGT6, STM32H563IIK3Q, STM32H563IIK6, STM32H563IIT3Q, STM32H563IIT6, STM32H563MIY3QTR, STM32H563RGT6, STM32H563RGV6, STM32H563RIT6, STM32H563RIV6, STM32H563VGT6, STM32H563VIT3Q, STM32H563VIT6, STM32H563ZGT6, STM32H563ZIT3Q, STM32H563ZIT6, STM32H573AII3Q, STM32H573AII6, STM32H573I-DK, STM32H573IIK3Q, STM32H573IIK6, STM32H573IIT3Q, STM32H573IIT6, STM32H573MIY3QTR, STM32H573RIT6, STM32H573RIV6, STM32H573VIT3Q, STM32H573VIT6, STM32H573ZIT3Q, STM32H573ZIT6, STM32H7R3A8I6, STM32H7R3I8K6, STM32H7R3I8T6, STM32H7R3L8H6, STM32H7R3L8H6H, STM32H7R3R8V6, STM32H7R3V8H6, STM32H7R3V8T6, STM32H7R3V8Y6TR, STM32H7R3Z8J6, STM32H7R3Z8T6, STM32H7R7A8I6, STM32H7R7I8K6, STM32H7R7I8T6, STM32H7R7L8H6, STM32H7R7L8H6H, STM32H7R7Z8J6, STM32H7S3A8I6, STM32H7S3I8K6, STM32H7S3I8T6, STM32H7S3L8H6, STM32H7S3L8H6H, STM32H7S3R8V6, STM32H7S3V8H6, STM32H7S3V8T6, STM32H7S3V8Y6TR, STM32H7S3Z8J6, STM32H7S3Z8T6, STM32H7S78-DK, STM32H7S7A8I6, STM32H7S7I8K6, STM32H7S7I8T6, STM32H7S7L8H6, STM32H7S7L8H6H, STM32H7S7Z8J6, STM32L4R5QGI6STR, STM32MP131AAE3, STM32MP131AAF3, STM32MP131AAG3, STM32MP131CAE3, STM32MP131CAF3, STM32MP131CAG3, STM32MP131DAE7, STM32MP131DAF7, STM32MP131DAG7, STM32MP131FAE7, STM32MP131FAF7, STM32MP131FAG7, STM32MP133AAE3, STM32MP133AAF3, STM32MP133AAG3, STM32MP133CAE3, STM32MP133CAF3, STM32MP133CAG3, STM32MP133DAE7, STM32MP133DAF7, STM32MP133DAG7, STM32MP133FAE7, STM32MP133FAF7, STM32MP133FAG7, STM32MP135AAE3, STM32MP135AAF3, STM32MP135AAG3, STM32MP135CAE3, STM32MP135CAF3, STM32MP135CAG3, STM32MP135DAE7, STM32MP135DAF7, STM32MP135DAG7, STM32MP135F-DK, STM32MP135FAE7, STM32MP135FAF7, STM32MP135FAF7T, STM32MP135FAF7U, STM32MP135FAG7, STM32MP211AAL3, STM32MP211AAM3, STM32MP211AAN3, STM32MP211AAO3, STM32MP211CAL3, STM32MP211CAM3, STM32MP211CAN3, STM32MP211CAO3, STM32MP211DAL3, STM32MP211DAM3, STM32MP211DAN3, STM32MP211DAO3, STM32MP211FAL3, STM32MP211FAM3, STM32MP211FAN3, STM32MP211FAO3, STM32MP213AAL3, STM32MP213AAM3, STM32MP213AAN3, STM32MP213AAO3, STM32MP213CAL3, STM32MP213CAM3, STM32MP213CAN3, STM32MP213CAO3, STM32MP213DAL3, STM32MP213DAM3, STM32MP213DAN3, STM32MP213DAO3, STM32MP213FAL3, STM32MP213FAM3, STM32MP213FAN3, STM32MP213FAO3, STM32MP215AAL3, STM32MP215AAM3, STM32MP215AAN3, STM32MP215AAO3, STM32MP215CAL3, STM32MP215CAM3, STM32MP215CAN3, STM32MP215CAO3, STM32MP215DAL3, STM32MP215DAM3, STM32MP215DAN3, STM32MP215DAO3, STM32MP215F-DK, STM32MP215FAL3, STM32MP215FAM3, STM32MP215FAN3, STM32MP215FAO3, STM32MP231AAJ3, STM32MP231AAK3, STM32MP231AAL3, STM32MP231CAJ3, STM32MP231CAK3, STM32MP231CAL3, STM32MP231DAJ3, STM32MP231DAK3, STM32MP231DAL3, STM32MP231FAJ3, STM32MP231FAK3, STM32MP231FAL3, STM32MP233AAJ3, STM32MP233AAK3, STM32MP233AAL3, STM32MP233CAJ3, STM32MP233CAK3, STM32MP233CAL3, STM32MP233DAJ3, STM32MP233DAK3, STM32MP233DAL3, STM32MP233FAJ3, STM32MP233FAK3, STM32MP233FAL3, STM32MP235AAJ3, STM32MP235AAK3, STM32MP235AAL3, STM32MP235CAJ3, STM32MP235CAK3, STM32MP235CAL3, STM32MP235DAJ3, STM32MP235DAK3, STM32MP235DAL3, STM32MP235FAJ3, STM32MP235FAK3, STM32MP235FAL3, STM32MP251AAI3, STM32MP251AAK3, STM32MP251AAL3, STM32MP251CAI3, STM32MP251CAK3, STM32MP251CAL3, STM32MP251DAI3, STM32MP251DAK3, STM32MP251DAL3, STM32MP251FAI3, STM32MP251FAK3, STM32MP251FAL3, STM32MP253AAI3, STM32MP253AAK3, STM32MP253AAL3, STM32MP253CAI3, STM32MP253CAK3, STM32MP253CAL3, STM32MP253DAI3, STM32MP253DAK3, STM32MP253DAL3, STM32MP253FAI3, STM32MP253FAK3, STM32MP253FAL3, STM32MP255AAI3, STM32MP255AAK3, STM32MP255AAL3, STM32MP255CAI3, STM32MP255CAK3, STM32MP255CAL3, STM32MP255DAI3, STM32MP255DAK3, STM32MP255DAL3, STM32MP255FAI3, STM32MP255FAK3, STM32MP255FAL3, STM32MP257AAI3, STM32MP257AAK3, STM32MP257AAL3, STM32MP257CAI3, STM32MP257CAK3, STM32MP257CAL3, STM32MP257DAI3, STM32MP257DAK3, STM32MP257DAL3, STM32MP257F-DK, STM32MP257F-EV1, STM32MP257FAI3, STM32MP257FAK3, STM32MP257FAL3, STM32N645A0H3Q, STM32N645B0H3Q, STM32N645I0H3Q, STM32N645L0H3Q, STM32N645X0H3Q, STM32N645Z0H3Q, STM32N647A0H3Q, STM32N647B0H3Q, STM32N647I0H3Q, STM32N647L0H3Q, STM32N647X0H3Q, STM32N647Z0H3Q, STM32N655A0H3Q, STM32N655B0H3Q, STM32N655I0H3Q, STM32N655L0H3Q, STM32N655X0H3Q, STM32N655Z0H3Q, STM32N6570-DK, STM32N657A0H3Q, STM32N657B0H3Q, STM32N657I0H3Q, STM32N657L0H3Q, STM32N657X0H3Q, STM32N657Z0H3Q, STM32U031C6T6, STM32U031C6U6, STM32U031C8T6, STM32U031C8U6, STM32U031F4P6, STM32U031F6P6, STM32U031F8P6, STM32U031G6Y6TR, STM32U031G8Y6TR, STM32U031K4U6, STM32U031K6U6, STM32U031K8U6, STM32U031R6I6, STM32U031R6T6, STM32U031R8I6, STM32U031R8T6, STM32U073C8T6, STM32U073C8U6, STM32U073CBT6, STM32U073CBU6, STM32U073CCT6, STM32U073CCU6, STM32U073H8Y6TR, STM32U073HBY6TR, STM32U073HCY6TR, STM32U073K8U6, STM32U073KBU6, STM32U073KCU6, STM32U073M8I6, STM32U073M8T6, STM32U073MBI6, STM32U073MBT6, STM32U073MCI6, STM32U073MCT6, STM32U073R8I6, STM32U073R8T6, STM32U073RBI6, STM32U073RBT6, STM32U073RCI6, STM32U073RCT6, STM32U083C-DK, STM32U083CCT6, STM32U083CCU6, STM32U083HCY6TR, STM32U083KCU6, STM32U083MCI6, STM32U083MCT6, STM32U083RCI6, STM32U083RCT6, STM32U375CET6, STM32U375CET6Q, STM32U375CEU6, STM32U375CEU6Q, STM32U375CEY6QTR, STM32U375CGT6, STM32U375CGT6Q, STM32U375CGU6, STM32U375CGU6Q, STM32U375CGY6QTR, STM32U375KEU6, STM32U375KGU6, STM32U375REI6, STM32U375REI6Q, STM32U375RET6, STM32U375RET6Q, STM32U375REY6GTR, STM32U375REY6QTR, STM32U375RGI6, STM32U375RGI6Q, STM32U375RGT6, STM32U375RGT6Q, STM32U375RGY6GTR, STM32U375RGY6QTR, STM32U375VEI6, STM32U375VEI6Q, STM32U375VET6, STM32U375VET6Q, STM32U375VGI6, STM32U375VGI6Q, STM32U375VGT6, STM32U375VGT6Q, STM32U385CGT6, STM32U385CGT6Q, STM32U385CGU6, STM32U385CGU6Q, STM32U385CGY6QTR, STM32U385KGU6, STM32U385RGI6, STM32U385RGI6Q, STM32U385RGT6, STM32U385RGT6Q, STM32U385RGY6GTR, STM32U385RGY6QTR, STM32U385VGI6, STM32U385VGI6Q, STM32U385VGT6, STM32U385VGT6Q, STM32U535CBT6, STM32U535CBT6Q, STM32U535CBU6, STM32U535CBU6Q, STM32U535CCT6, STM32U535CCT6Q, STM32U535CCU6, STM32U535CCU6Q, STM32U535CET6, STM32U535CET6Q, STM32U535CEU6, STM32U535CEU6Q, STM32U535JEY6QTR, STM32U535NCY6QTR, STM32U535NEY6QTR, STM32U535RBI6, STM32U535RBI6Q, STM32U535RBT6, STM32U535RBT6Q, STM32U535RCI6, STM32U535RCI6Q, STM32U535RCT6, STM32U535RCT6Q, STM32U535REI6, STM32U535REI6Q, STM32U535RET6, STM32U535RET6Q, STM32U535VCI6, STM32U535VCI6Q, STM32U535VCT6, STM32U535VCT6Q, STM32U535VEI6, STM32U535VEI6Q, STM32U535VET6, STM32U535VET6Q, STM32U545CET6, STM32U545CET6Q, STM32U545CEU6, STM32U545CEU6Q, STM32U545JEY6QTR, STM32U545NEY6QTR, STM32U545REI6, STM32U545REI6Q, STM32U545RET6, STM32U545RET6Q, STM32U545VEI6, STM32U545VEI6Q, STM32U545VET6, STM32U545VET6Q, STM32U595AIH6, STM32U595AIH6Q, STM32U595AJH6, STM32U595AJH6Q, STM32U595QII6, STM32U595QII6Q, STM32U595QJI6, STM32U595QJI6Q, STM32U595RIT6, STM32U595RIT6Q, STM32U595RJT6, STM32U595RJT6Q, STM32U595VIT6, STM32U595VIT6Q, STM32U595VJT6, STM32U595VJT6Q, STM32U595ZIT6, STM32U595ZIT6Q, STM32U595ZIY6QTR, STM32U595ZJT6, STM32U595ZJT6Q, STM32U595ZJY6QTR, STM32U599BJY6QTR, STM32U599NIH6Q, STM32U599NJH6Q, STM32U599VIT6Q, STM32U599VJT6, STM32U599VJT6Q, STM32U599ZIT6Q, STM32U599ZIY6QTR, STM32U599ZJT6Q, STM32U599ZJY6QTR, STM32U5A5AJH6, STM32U5A5AJH6Q, STM32U5A5QII3Q , STM32U5A5QJI6, STM32U5A5QJI6Q, STM32U5A5RJT6, STM32U5A5RJT6Q, STM32U5A5VJT6, STM32U5A5VJT6Q, STM32U5A5ZJT6, STM32U5A5ZJT6Q, STM32U5A5ZJY6QTR, STM32U5A9BJY6QTR, STM32U5A9J-DK, STM32U5A9NJH6Q, STM32U5A9VJT6Q, STM32U5A9ZJT6Q, STM32U5A9ZJY6QTR, STM32U5F7VIT6, STM32U5F7VIT6Q, STM32U5F7VJT6, STM32U5F7VJT6Q, STM32U5F9BJY6QTR, STM32U5F9NJH6Q, STM32U5F9VIT6Q, STM32U5F9VJT6Q, STM32U5F9ZIJ6QTR, STM32U5F9ZIT6Q, STM32U5F9ZJJ6QTR, STM32U5F9ZJT6Q, STM32U5G7VJT6, STM32U5G7VJT6Q, STM32U5G9BJY6QTR, STM32U5G9J-DK1, STM32U5G9J-DK2, STM32U5G9NJH6Q, STM32U5G9VJT6Q, STM32U5G9ZJJ6QTR, STM32U5G9ZJT6Q, STM32WB05KZV6TR, STM32WB05KZV7TR, STM32WB05TZF6TR, STM32WB05TZF7TR, STM32WB06CCF6TR, STM32WB06CCF7TR, STM32WB06CCV6TR, STM32WB06CCV7TR, STM32WB06KCV6TR, STM32WB06KCV7TR, STM32WB07CCF6TR, STM32WB07CCF7TR, STM32WB07CCV6TR, STM32WB07CCV7TR, STM32WB07KCV6TR, STM32WB07KCV7TR, STM32WB09KEV6TR, STM32WB09KEV7TR, STM32WB09TEF6TR, STM32WB09TEF7TR, STM32WB1MMCH6, STM32WBA50KGU6, STM32WBA50KGU6TR, STM32WBA52CEU6, STM32WBA52CEU6TR, STM32WBA52CEU7, STM32WBA52CEU7TR, STM32WBA52CGU6, STM32WBA52CGU6TR, STM32WBA52CGU6U, STM32WBA52CGU7, STM32WBA52CGU7TR, STM32WBA52KEU6, STM32WBA52KEU6TR, STM32WBA52KGU6, STM32WBA52KGU6TR, STM32WBA54CEU6, STM32WBA54CEU6TR, STM32WBA54CEU7, STM32WBA54CEU7TR, STM32WBA54CGU6, STM32WBA54CGU6TR, STM32WBA54CGU7, STM32WBA54CGU7TR, STM32WBA54KEU6, STM32WBA54KEU6TR, STM32WBA54KEU7, STM32WBA54KEU7TR, STM32WBA54KGU6, STM32WBA54KGU6TR, STM32WBA54KGU7, STM32WBA54KGU7TR, STM32WBA55CEU6, STM32WBA55CEU6TR, STM32WBA55CEU7, STM32WBA55CEU7TR, STM32WBA55CGU6, STM32WBA55CGU6TR, STM32WBA55CGU6U, STM32WBA55CGU7, STM32WBA55CGU7TR, STM32WBA55G-DK1, STM32WBA55HEF6, STM32WBA55HEF7, STM32WBA55HGF6, STM32WBA55HGF7, STM32WBA55UEI6, STM32WBA55UEI6TR, STM32WBA55UEI7, STM32WBA55UEI7TR, STM32WBA55UGI6, STM32WBA55UGI6TR, STM32WBA55UGI7, STM32WBA55UGI7TR, STM32WBA5MMGH6TR, STM32WBA62MGF6, STM32WBA62MIF6, STM32WBA65MGF7, STM32WBA65MIF6, STM32WBA65MIF7, STM32WL30K8V6, STM32WL30KBV6, STM32WL31C8V6, STM32WL31CBV6, STM32WL31K8V6, STM32WL31KBV6, STM32WL33C8V6, STM32WL33C8V6X, STM32WL33CBV6, STM32WL33CBV6X, STM32WL33CCV6, STM32WL33CCV6A, STM32WL33CCV6X, STM32WL33K8V7, STM32WL33K8V7X, STM32WL33KBV7 , STM32WL33KBV7X, STM32WL33KCV7, STM32WL33KCV7X, STM32WL5MOCH6, STM32WL5MOCH6TR]
2025-07-23 16:42:20,774 [INFO] DbMcus:218 - Found 4801 MCUs, 4801 are supported
2025-07-23 16:42:20,776 [INFO] ApiDb:423 - Load user favorites file C:\Users\Chinnapop/.stm32cubeide/favorites.mcus.txt: 0 item(s)
2025-07-23 16:42:20,777 [INFO] ApiDb:427 - User favorites MCUs=[]
2025-07-23 16:42:20,777 [INFO] DbMcus:224 - Set 0 / 0 favorites MCUs
2025-07-23 16:42:21,194 [INFO] ApiDb:668 - CubeFinder database Data Model version=2.1
2025-07-23 16:42:21,194 [INFO] ApiDb:669 - CubeFinder database Configuration version=3.0.39
2025-07-23 16:42:21,194 [INFO] ApiDb:670 - CubeFinder database generation date=2025-06-24 (1750757100)
2025-07-23 16:42:21,195 [INFO] ApiDb:671 - CubeFinder database FW Pack versions=[FP-ATR-ASTRA1_V2.0.0, FP-SNS-FLIGHT1_V5.1.0, FP-SNS-MOTENV1_V5.0.0, FP-SNS-MOTENVWB1_V1.4.0, FP-SNS-SMARTAG2_V1.2.0, FP-SNS-STBOX1_V2.0.0, STM32Cube_FW_C0_V1.4.0, STM32Cube_FW_F4_V1.28.2, STM32Cube_FW_F7_V1.17.3, STM32Cube_FW_G0_V1.6.2, STM32Cube_FW_G4_V1.6.1, STM32Cube_FW_H5_V1.5.0, STM32Cube_FW_H7RS_V1.2.0, STM32Cube_FW_H7_V1.12.1, STM32Cube_FW_L0_V1.12.2, STM32Cube_FW_L4_V1.18.1, STM32Cube_FW_L5_V1.5.1, STM32Cube_FW_N6_V1.2.0, STM32Cube_FW_U0_V1.3.0, STM32Cube_FW_U3_V1.2.0, STM32Cube_FW_U5_V1.8.0, STM32Cube_FW_WB0_V1.3.0, STM32Cube_FW_WBA_V1.7.0, STM32Cube_FW_WB_V1.23.0, STM32Cube_FW_WL3_V1.2.0, STM32Cube_FW_WL_V1.3.1, X-CUBE-ALGOBUILD_V1.4.0, X-CUBE-ALS_V1.0.2, X-CUBE-AZRTOS-F4_V1.1.0, X-CUBE-AZRTOS-F7_V1.1.0, X-CUBE-AZRTOS-G0_V1.1.0, X-CUBE-AZRTOS-G4_V2.0.0, X-CUBE-AZRTOS-H7RS_V1.1.0, X-CUBE-AZRTOS-H7_V3.3.0, X-CUBE-AZRTOS-L4_V2.0.0, X-CUBE-AZRTOS-L5_V2.0.0, X-CUBE-AZRTOS-WB_V2.0.0, X-CUBE-AZRTOS-WL_V2.0.0, X-CUBE-BLE1_V7.1.0, X-CUBE-BLE2_V3.3.0, X-CUBE-BLEMGR_V4.0.0, X-CUBE-EEPRMA1_V5.1.0, X-CUBE-FREERTOS_V1.3.1, X-CUBE-GNSS1_V6.0.0, X-CUBE-MEMS1_V11.3.0, X-CUBE-NFC4_V3.0.0, X-CUBE-NFC7_V2.0.0, X-CUBE-SFXS2LP1_V4.0.0, X-CUBE-SUBG2_V5.0.0, X-CUBE-TOF1_V3.4.3]
2025-07-23 16:42:21,259 [INFO] DbBoardsSqlite:226 - include board P-NUCLEO-WB55-NUCLEO as a kit item of type 'Nucleo-64'
2025-07-23 16:42:21,259 [INFO] DbBoardsSqlite:226 - include board P-NUCLEO-WB55-USBDONGLE as a kit item of type 'Nucleo USB Dongle'
2025-07-23 16:42:21,260 [INFO] DbBoardsSqlite:226 - include board STEVAL-IDP005V1 as a kit item of type 'Evaluation Board'
2025-07-23 16:42:21,260 [INFO] DbBoardsSqlite:226 - include board STEVAL-IDP005V2 as a kit item of type 'Evaluation Board'
2025-07-23 16:42:21,334 [INFO] ApiDb:240 - Found 880 in-development CPN: [B-G473E-ZEST1S, B-WB1M-WPAN1, B-WBA5M-WPAN, B-WL5M-SUBG1, NUCLEO-C031C6, NUCLEO-C051C8, NUCLEO-C071RB, NUCLEO-C092RC, NUCLEO-H503RB, NUCLEO-H533RE, NUCLEO-H563ZI, NUCLEO-H7S3L8, NUCLEO-N657X0-Q, NUCLEO-U031R8, NUCLEO-U083RC, NUCLEO-U385RG-Q, NUCLEO-U545RE-Q, NUCLEO-U5A5ZJ-Q, NUCLEO-WB05KZ, NUCLEO-WB07CC, NUCLEO-WB09KE, NUCLEO-WBA52CG, NUCLEO-WBA55CG, NUCLEO-WL33CC1, NUCLEO-WL33CC2, STEVAL-PROTEUS1, STEVAL-SMARTAG2, STEVAL-STWINBX1, STM320518-EVAL, STM32C0116-DK, STM32C011D6Y3TR, STM32C011D6Y6TR, STM32C011F4P3, STM32C011F4P6, STM32C011F4U3, STM32C011F4U6TR, STM32C011F6P3, STM32C011F6P6, STM32C011F6U3, STM32C011F6U6TR, STM32C011J4M3, STM32C011J4M6, STM32C011J6M3, STM32C011J6M6, STM32C0316-DK, STM32C031C4T3, STM32C031C4T6, STM32C031C4U3, STM32C031C4U6, STM32C031C6T3, STM32C031C6T6, STM32C031C6U3, STM32C031C6U6, STM32C031F4P3, STM32C031F4P6, STM32C031F6P3, STM32C031F6P6, STM32C031G4U3, STM32C031G4U6, STM32C031G6U3, STM32C031G6U6, STM32C031K4T3, STM32C031K4T6, STM32C031K4U3, STM32C031K4U6, STM32C031K6T3, STM32C031K6T6, STM32C031K6U3, STM32C031K6U6, STM32C051C6T6, STM32C051C6U6, STM32C051C8T6, STM32C051C8U6, STM32C051D8Y6TR, STM32C051F6P6, STM32C051F8P6, STM32C051G6U6, STM32C051G8U6, STM32C051K6T6, STM32C051K6U6, STM32C051K8T6, STM32C071C8T6, STM32C071C8T6N, STM32C071C8U6, STM32C071C8U6N, STM32C071CBT6, STM32C071CBT6N, STM32C071CBU6, STM32C071CBU6N, STM32C071F8P6, STM32C071F8P6N, STM32C071FBP6, STM32C071FBP6N, STM32C071FBY6TR, STM32C071G8U6, STM32C071G8U6N, STM32C071GBU6, STM32C071GBU6N, STM32C071K8T6, STM32C071K8T6N, STM32C071K8U6, STM32C071K8U6N, STM32C071KBT6, STM32C071KBT6N, STM32C071KBU6, STM32C071KBU6N, STM32C071R8T6, STM32C071R8T6N, STM32C071RBI6N, STM32C071RBT6, STM32C071RBT6N, STM32C091CBT6, STM32C091CBU6, STM32C091CCT6, STM32C091CCU6, STM32C091ECY6TR, STM32C091FBP6, STM32C091FCP6, STM32C091GBU6, STM32C091GCU6, STM32C091KBT6, STM32C091KBU6, STM32C091KCT6, STM32C091KCU6, STM32C091RBT6, STM32C091RCI6, STM32C091RCT6, STM32C092CBT6, STM32C092CBU6, STM32C092CCT6, STM32C092CCU6, STM32C092ECY6TR, STM32C092FBP6, STM32C092FCP6, STM32C092GBU6, STM32C092GCU6, STM32C092KBT6, STM32C092KBU6, STM32C092KCT6, STM32C092KCU6, STM32C092RBT6, STM32C092RCI6, STM32C092RCT6, STM32G071K8TXN, STM32G071K8UXN, STM32G081GBU6N, STM32G081KBT6N, STM32G081KBUXN, STM32G0B1CCT6N, STM32G0B1KCT6, STM32G0B1NEY6TR, STM32G0B1RCT6N, STM32G0C1CCT6, STM32G0C1CCT6N, STM32G0C1CCU6N, STM32G0C1CET6N, STM32G0C1CEU6N, STM32G0C1KCT6, STM32G0C1NEY6TR, STM32G0C1RCI6N, STM32G0C1RCT6N, STM32G0C1REI6N, STM32G0C1RET6N, STM32G0C1VCI6, STM32G0C1VEI6, STM32G411C6T3, STM32G411C6T6, STM32G411C6U3, STM32G411C6U6, STM32G411C8T3, STM32G411C8T6, STM32G411C8U3, STM32G411C8U6, STM32G411CBT3, STM32G411CBT6, STM32G411CBU3, STM32G411CBU6, STM32G411K6T3, STM32G411K6T6, STM32G411K6U3, STM32G411K6U6, STM32G411K8T3, STM32G411K8T6, STM32G411K8U3, STM32G411K8U6, STM32G411KBT3, STM32G411KBT6, STM32G411KBU3, STM32G411KBU6, STM32G411M6T3, STM32G411M6T6, STM32G411M8T3, STM32G411M8T6, STM32G411MBT3, STM32G411MBT6, STM32G411R6T3, STM32G411R6T6, STM32G411R8T3, STM32G411R8T6, STM32G411RBT3, STM32G411RBT6, STM32G414CBT3, STM32G414CBT6, STM32G414CBU3, STM32G414CBU6, STM32G414CCT3, STM32G414CCT6, STM32G414CCU3, STM32G414CCU6, STM32G414MBT3, STM32G414MBT6, STM32G414MCT3, STM32G414MCT6, STM32G414RBT3, STM32G414RBT6, STM32G414RCT3, STM32G414RCT6, STM32G414VBT3, STM32G414VBT6, STM32G414VCT3, STM32G414VCT6, STM32G431CBT3Z, STM32G431RBT3Z, STM32G471CCT6, STM32G471CCU6, STM32G471CET3, STM32G471CET6, STM32G471CEU3, STM32G471CEU6, STM32G471MCT6, STM32G471MET3, STM32G471MET6, STM32G471MEY6TR, STM32G471QCT6, STM32G471QET3, STM32G471RCT6, STM32G471RET3, STM32G471RET6, STM32G471VCH6, STM32G471VCI6, STM32G471VCT6, STM32G471VEH3, STM32G471VEH6, STM32G471VEI3, STM32G471VEI6, STM32G471VET3, STM32G471VET6, STM32G473QET3Z, STM32G473RET3Z, STM32G474CCT6, STM32G491RET3Z, STM32H503CBT6, STM32H503CBU6, STM32H503EBY6TR, STM32H503KBU6, STM32H503RBT6, STM32H523CCT6, STM32H523CCU6, STM32H523CET6, STM32H523CEU6, STM32H523HEY6TR, STM32H523RCT6, STM32H523RET6, STM32H523VCI6, STM32H523VCT6, STM32H523VEI6, STM32H523VET6, STM32H523ZCJ6, STM32H523ZCT6, STM32H523ZEJ6, STM32H523ZET6, STM32H533CET6, STM32H533CEU6, STM32H533HEY6TR, STM32H533RET6, STM32H533VEI6, STM32H533VET6, STM32H533ZEJ6, STM32H533ZET6, STM32H562AGI6, STM32H562AII6, STM32H562IGK6, STM32H562IGT6, STM32H562IIK6, STM32H562IIT6, STM32H562RGT6, STM32H562RGV6, STM32H562RIT6, STM32H562RIV6, STM32H562VGT6, STM32H562VIT6, STM32H562ZGT6, STM32H562ZIT6, STM32H563AGI6, STM32H563AII3Q, STM32H563AII6, STM32H563IGK6, STM32H563IGT6, STM32H563IIK3Q, STM32H563IIK6, STM32H563IIT3Q, STM32H563IIT6, STM32H563MIY3QTR, STM32H563RGT6, STM32H563RGV6, STM32H563RIT6, STM32H563RIV6, STM32H563VGT6, STM32H563VIT3Q, STM32H563VIT6, STM32H563ZGT6, STM32H563ZIT3Q, STM32H563ZIT6, STM32H573AII3Q, STM32H573AII6, STM32H573I-DK, STM32H573IIK3Q, STM32H573IIK6, STM32H573IIT3Q, STM32H573IIT6, STM32H573MIY3QTR, STM32H573RIT6, STM32H573RIV6, STM32H573VIT3Q, STM32H573VIT6, STM32H573ZIT3Q, STM32H573ZIT6, STM32H7R3A8I6, STM32H7R3I8K6, STM32H7R3I8T6, STM32H7R3L8H6, STM32H7R3L8H6H, STM32H7R3R8V6, STM32H7R3V8H6, STM32H7R3V8T6, STM32H7R3V8Y6TR, STM32H7R3Z8J6, STM32H7R3Z8T6, STM32H7R7A8I6, STM32H7R7I8K6, STM32H7R7I8T6, STM32H7R7L8H6, STM32H7R7L8H6H, STM32H7R7Z8J6, STM32H7S3A8I6, STM32H7S3I8K6, STM32H7S3I8T6, STM32H7S3L8H6, STM32H7S3L8H6H, STM32H7S3R8V6, STM32H7S3V8H6, STM32H7S3V8T6, STM32H7S3V8Y6TR, STM32H7S3Z8J6, STM32H7S3Z8T6, STM32H7S78-DK, STM32H7S7A8I6, STM32H7S7I8K6, STM32H7S7I8T6, STM32H7S7L8H6, STM32H7S7L8H6H, STM32H7S7Z8J6, STM32L4R5QGI6STR, STM32MP131AAE3, STM32MP131AAF3, STM32MP131AAG3, STM32MP131CAE3, STM32MP131CAF3, STM32MP131CAG3, STM32MP131DAE7, STM32MP131DAF7, STM32MP131DAG7, STM32MP131FAE7, STM32MP131FAF7, STM32MP131FAG7, STM32MP133AAE3, STM32MP133AAF3, STM32MP133AAG3, STM32MP133CAE3, STM32MP133CAF3, STM32MP133CAG3, STM32MP133DAE7, STM32MP133DAF7, STM32MP133DAG7, STM32MP133FAE7, STM32MP133FAF7, STM32MP133FAG7, STM32MP135AAE3, STM32MP135AAF3, STM32MP135AAG3, STM32MP135CAE3, STM32MP135CAF3, STM32MP135CAG3, STM32MP135DAE7, STM32MP135DAF7, STM32MP135DAG7, STM32MP135F-DK, STM32MP135FAE7, STM32MP135FAF7, STM32MP135FAF7T, STM32MP135FAF7U, STM32MP135FAG7, STM32MP211AAL3, STM32MP211AAM3, STM32MP211AAN3, STM32MP211AAO3, STM32MP211CAL3, STM32MP211CAM3, STM32MP211CAN3, STM32MP211CAO3, STM32MP211DAL3, STM32MP211DAM3, STM32MP211DAN3, STM32MP211DAO3, STM32MP211FAL3, STM32MP211FAM3, STM32MP211FAN3, STM32MP211FAO3, STM32MP213AAL3, STM32MP213AAM3, STM32MP213AAN3, STM32MP213AAO3, STM32MP213CAL3, STM32MP213CAM3, STM32MP213CAN3, STM32MP213CAO3, STM32MP213DAL3, STM32MP213DAM3, STM32MP213DAN3, STM32MP213DAO3, STM32MP213FAL3, STM32MP213FAM3, STM32MP213FAN3, STM32MP213FAO3, STM32MP215AAL3, STM32MP215AAM3, STM32MP215AAN3, STM32MP215AAO3, STM32MP215CAL3, STM32MP215CAM3, STM32MP215CAN3, STM32MP215CAO3, STM32MP215DAL3, STM32MP215DAM3, STM32MP215DAN3, STM32MP215DAO3, STM32MP215F-DK, STM32MP215FAL3, STM32MP215FAM3, STM32MP215FAN3, STM32MP215FAO3, STM32MP231AAJ3, STM32MP231AAK3, STM32MP231AAL3, STM32MP231CAJ3, STM32MP231CAK3, STM32MP231CAL3, STM32MP231DAJ3, STM32MP231DAK3, STM32MP231DAL3, STM32MP231FAJ3, STM32MP231FAK3, STM32MP231FAL3, STM32MP233AAJ3, STM32MP233AAK3, STM32MP233AAL3, STM32MP233CAJ3, STM32MP233CAK3, STM32MP233CAL3, STM32MP233DAJ3, STM32MP233DAK3, STM32MP233DAL3, STM32MP233FAJ3, STM32MP233FAK3, STM32MP233FAL3, STM32MP235AAJ3, STM32MP235AAK3, STM32MP235AAL3, STM32MP235CAJ3, STM32MP235CAK3, STM32MP235CAL3, STM32MP235DAJ3, STM32MP235DAK3, STM32MP235DAL3, STM32MP235FAJ3, STM32MP235FAK3, STM32MP235FAL3, STM32MP251AAI3, STM32MP251AAK3, STM32MP251AAL3, STM32MP251CAI3, STM32MP251CAK3, STM32MP251CAL3, STM32MP251DAI3, STM32MP251DAK3, STM32MP251DAL3, STM32MP251FAI3, STM32MP251FAK3, STM32MP251FAL3, STM32MP253AAI3, STM32MP253AAK3, STM32MP253AAL3, STM32MP253CAI3, STM32MP253CAK3, STM32MP253CAL3, STM32MP253DAI3, STM32MP253DAK3, STM32MP253DAL3, STM32MP253FAI3, STM32MP253FAK3, STM32MP253FAL3, STM32MP255AAI3, STM32MP255AAK3, STM32MP255AAL3, STM32MP255CAI3, STM32MP255CAK3, STM32MP255CAL3, STM32MP255DAI3, STM32MP255DAK3, STM32MP255DAL3, STM32MP255FAI3, STM32MP255FAK3, STM32MP255FAL3, STM32MP257AAI3, STM32MP257AAK3, STM32MP257AAL3, STM32MP257CAI3, STM32MP257CAK3, STM32MP257CAL3, STM32MP257DAI3, STM32MP257DAK3, STM32MP257DAL3, STM32MP257F-DK, STM32MP257F-EV1, STM32MP257FAI3, STM32MP257FAK3, STM32MP257FAL3, STM32N645A0H3Q, STM32N645B0H3Q, STM32N645I0H3Q, STM32N645L0H3Q, STM32N645X0H3Q, STM32N645Z0H3Q, STM32N647A0H3Q, STM32N647B0H3Q, STM32N647I0H3Q, STM32N647L0H3Q, STM32N647X0H3Q, STM32N647Z0H3Q, STM32N655A0H3Q, STM32N655B0H3Q, STM32N655I0H3Q, STM32N655L0H3Q, STM32N655X0H3Q, STM32N655Z0H3Q, STM32N6570-DK, STM32N657A0H3Q, STM32N657B0H3Q, STM32N657I0H3Q, STM32N657L0H3Q, STM32N657X0H3Q, STM32N657Z0H3Q, STM32U031C6T6, STM32U031C6U6, STM32U031C8T6, STM32U031C8U6, STM32U031F4P6, STM32U031F6P6, STM32U031F8P6, STM32U031G6Y6TR, STM32U031G8Y6TR, STM32U031K4U6, STM32U031K6U6, STM32U031K8U6, STM32U031R6I6, STM32U031R6T6, STM32U031R8I6, STM32U031R8T6, STM32U073C8T6, STM32U073C8U6, STM32U073CBT6, STM32U073CBU6, STM32U073CCT6, STM32U073CCU6, STM32U073H8Y6TR, STM32U073HBY6TR, STM32U073HCY6TR, STM32U073K8U6, STM32U073KBU6, STM32U073KCU6, STM32U073M8I6, STM32U073M8T6, STM32U073MBI6, STM32U073MBT6, STM32U073MCI6, STM32U073MCT6, STM32U073R8I6, STM32U073R8T6, STM32U073RBI6, STM32U073RBT6, STM32U073RCI6, STM32U073RCT6, STM32U083C-DK, STM32U083CCT6, STM32U083CCU6, STM32U083HCY6TR, STM32U083KCU6, STM32U083MCI6, STM32U083MCT6, STM32U083RCI6, STM32U083RCT6, STM32U375CET6, STM32U375CET6Q, STM32U375CEU6, STM32U375CEU6Q, STM32U375CEY6QTR, STM32U375CGT6, STM32U375CGT6Q, STM32U375CGU6, STM32U375CGU6Q, STM32U375CGY6QTR, STM32U375KEU6, STM32U375KGU6, STM32U375REI6, STM32U375REI6Q, STM32U375RET6, STM32U375RET6Q, STM32U375REY6GTR, STM32U375REY6QTR, STM32U375RGI6, STM32U375RGI6Q, STM32U375RGT6, STM32U375RGT6Q, STM32U375RGY6GTR, STM32U375RGY6QTR, STM32U375VEI6, STM32U375VEI6Q, STM32U375VET6, STM32U375VET6Q, STM32U375VGI6, STM32U375VGI6Q, STM32U375VGT6, STM32U375VGT6Q, STM32U385CGT6, STM32U385CGT6Q, STM32U385CGU6, STM32U385CGU6Q, STM32U385CGY6QTR, STM32U385KGU6, STM32U385RGI6, STM32U385RGI6Q, STM32U385RGT6, STM32U385RGT6Q, STM32U385RGY6GTR, STM32U385RGY6QTR, STM32U385VGI6, STM32U385VGI6Q, STM32U385VGT6, STM32U385VGT6Q, STM32U535CBT6, STM32U535CBT6Q, STM32U535CBU6, STM32U535CBU6Q, STM32U535CCT6, STM32U535CCT6Q, STM32U535CCU6, STM32U535CCU6Q, STM32U535CET6, STM32U535CET6Q, STM32U535CEU6, STM32U535CEU6Q, STM32U535JEY6QTR, STM32U535NCY6QTR, STM32U535NEY6QTR, STM32U535RBI6, STM32U535RBI6Q, STM32U535RBT6, STM32U535RBT6Q, STM32U535RCI6, STM32U535RCI6Q, STM32U535RCT6, STM32U535RCT6Q, STM32U535REI6, STM32U535REI6Q, STM32U535RET6, STM32U535RET6Q, STM32U535VCI6, STM32U535VCI6Q, STM32U535VCT6, STM32U535VCT6Q, STM32U535VEI6, STM32U535VEI6Q, STM32U535VET6, STM32U535VET6Q, STM32U545CET6, STM32U545CET6Q, STM32U545CEU6, STM32U545CEU6Q, STM32U545JEY6QTR, STM32U545NEY6QTR, STM32U545REI6, STM32U545REI6Q, STM32U545RET6, STM32U545RET6Q, STM32U545VEI6, STM32U545VEI6Q, STM32U545VET6, STM32U545VET6Q, STM32U595AIH6, STM32U595AIH6Q, STM32U595AJH6, STM32U595AJH6Q, STM32U595QII6, STM32U595QII6Q, STM32U595QJI6, STM32U595QJI6Q, STM32U595RIT6, STM32U595RIT6Q, STM32U595RJT6, STM32U595RJT6Q, STM32U595VIT6, STM32U595VIT6Q, STM32U595VJT6, STM32U595VJT6Q, STM32U595ZIT6, STM32U595ZIT6Q, STM32U595ZIY6QTR, STM32U595ZJT6, STM32U595ZJT6Q, STM32U595ZJY6QTR, STM32U599BJY6QTR, STM32U599NIH6Q, STM32U599NJH6Q, STM32U599VIT6Q, STM32U599VJT6, STM32U599VJT6Q, STM32U599ZIT6Q, STM32U599ZIY6QTR, STM32U599ZJT6Q, STM32U599ZJY6QTR, STM32U5A5AJH6, STM32U5A5AJH6Q, STM32U5A5QII3Q , STM32U5A5QJI6, STM32U5A5QJI6Q, STM32U5A5RJT6, STM32U5A5RJT6Q, STM32U5A5VJT6, STM32U5A5VJT6Q, STM32U5A5ZJT6, STM32U5A5ZJT6Q, STM32U5A5ZJY6QTR, STM32U5A9BJY6QTR, STM32U5A9J-DK, STM32U5A9NJH6Q, STM32U5A9VJT6Q, STM32U5A9ZJT6Q, STM32U5A9ZJY6QTR, STM32U5F7VIT6, STM32U5F7VIT6Q, STM32U5F7VJT6, STM32U5F7VJT6Q, STM32U5F9BJY6QTR, STM32U5F9NJH6Q, STM32U5F9VIT6Q, STM32U5F9VJT6Q, STM32U5F9ZIJ6QTR, STM32U5F9ZIT6Q, STM32U5F9ZJJ6QTR, STM32U5F9ZJT6Q, STM32U5G7VJT6, STM32U5G7VJT6Q, STM32U5G9BJY6QTR, STM32U5G9J-DK1, STM32U5G9J-DK2, STM32U5G9NJH6Q, STM32U5G9VJT6Q, STM32U5G9ZJJ6QTR, STM32U5G9ZJT6Q, STM32WB05KZV6TR, STM32WB05KZV7TR, STM32WB05TZF6TR, STM32WB05TZF7TR, STM32WB06CCF6TR, STM32WB06CCF7TR, STM32WB06CCV6TR, STM32WB06CCV7TR, STM32WB06KCV6TR, STM32WB06KCV7TR, STM32WB07CCF6TR, STM32WB07CCF7TR, STM32WB07CCV6TR, STM32WB07CCV7TR, STM32WB07KCV6TR, STM32WB07KCV7TR, STM32WB09KEV6TR, STM32WB09KEV7TR, STM32WB09TEF6TR, STM32WB09TEF7TR, STM32WB1MMCH6, STM32WBA50KGU6, STM32WBA50KGU6TR, STM32WBA52CEU6, STM32WBA52CEU6TR, STM32WBA52CEU7, STM32WBA52CEU7TR, STM32WBA52CGU6, STM32WBA52CGU6TR, STM32WBA52CGU6U, STM32WBA52CGU7, STM32WBA52CGU7TR, STM32WBA52KEU6, STM32WBA52KEU6TR, STM32WBA52KGU6, STM32WBA52KGU6TR, STM32WBA54CEU6, STM32WBA54CEU6TR, STM32WBA54CEU7, STM32WBA54CEU7TR, STM32WBA54CGU6, STM32WBA54CGU6TR, STM32WBA54CGU7, STM32WBA54CGU7TR, STM32WBA54KEU6, STM32WBA54KEU6TR, STM32WBA54KEU7, STM32WBA54KEU7TR, STM32WBA54KGU6, STM32WBA54KGU6TR, STM32WBA54KGU7, STM32WBA54KGU7TR, STM32WBA55CEU6, STM32WBA55CEU6TR, STM32WBA55CEU7, STM32WBA55CEU7TR, STM32WBA55CGU6, STM32WBA55CGU6TR, STM32WBA55CGU6U, STM32WBA55CGU7, STM32WBA55CGU7TR, STM32WBA55G-DK1, STM32WBA55HEF6, STM32WBA55HEF7, STM32WBA55HGF6, STM32WBA55HGF7, STM32WBA55UEI6, STM32WBA55UEI6TR, STM32WBA55UEI7, STM32WBA55UEI7TR, STM32WBA55UGI6, STM32WBA55UGI6TR, STM32WBA55UGI7, STM32WBA55UGI7TR, STM32WBA5MMGH6TR, STM32WBA62MGF6, STM32WBA62MIF6, STM32WBA65MGF7, STM32WBA65MIF6, STM32WBA65MIF7, STM32WL30K8V6, STM32WL30KBV6, STM32WL31C8V6, STM32WL31CBV6, STM32WL31K8V6, STM32WL31KBV6, STM32WL33C8V6, STM32WL33C8V6X, STM32WL33CBV6, STM32WL33CBV6X, STM32WL33CCV6, STM32WL33CCV6A, STM32WL33CCV6X, STM32WL33K8V7, STM32WL33K8V7X, STM32WL33KBV7 , STM32WL33KBV7X, STM32WL33KCV7, STM32WL33KCV7X, STM32WL5MOCH6, STM32WL5MOCH6TR]
2025-07-23 16:42:21,659 [INFO] BoardInfo:889 - No configuration file found for board P-NUCLEO-WB55
2025-07-23 16:42:21,662 [INFO] DbBoards:161 - Kit is not supported: P-NUCLEO-WB55
2025-07-23 16:42:21,670 [INFO] BoardInfo:889 - No configuration file found for board STEVAL-BFA001V1B
2025-07-23 16:42:21,671 [INFO] DbBoards:161 - Kit is not supported: STEVAL-BFA001V1B
2025-07-23 16:42:21,672 [INFO] BoardInfo:889 - No configuration file found for board STEVAL-BFA001V2B
2025-07-23 16:42:21,673 [INFO] DbBoards:161 - Kit is not supported: STEVAL-BFA001V2B
2025-07-23 16:42:21,951 [INFO] DbBoards:168 - Found 212 boards, 209 are supported
2025-07-23 16:42:21,951 [INFO] DbBoards:169 - Found 212 boards, 43 of them is supported for  Bsp
2025-07-23 16:42:21,957 [INFO] ApiDb:423 - Load user favorites file C:\Users\Chinnapop/.stm32cubeide/favorites.boards.txt: 0 item(s)
2025-07-23 16:42:21,957 [INFO] ApiDb:427 - User favorites Boards=[]
2025-07-23 16:42:21,958 [INFO] DbBoards:198 - Set 0 / 0 favorites Boards
2025-07-23 16:42:21,959 [INFO] McuFinderGlobals:76 - Set McuFinderConnectedMode to true
2025-07-23 16:42:21,972 [INFO] MultiScanPanel:200 - Auto-refresh data requested => check proxy status ongoing
2025-07-23 16:42:21,978 [INFO] FinderPluginLoader:96 - Searching for filters in installed packs
2025-07-23 16:42:23,663 [INFO] LoadUrlFilesThread:185 - End of LoadServerUrlFiles without Thread
2025-07-23 16:42:23,747 [INFO] DetailPanel:341 - Set advertising image to C:/Users/Chinnapop/STM32Cube/Repository/\en.2400x1350px.jpeg
2025-07-23 16:43:37,444 [INFO] MultiScanPanel:200 - Auto-refresh data requested => check proxy status ongoing
2025-07-23 16:43:37,564 [INFO] LoadUrlFilesThread:185 - End of LoadServerUrlFiles without Thread
2025-07-23 16:43:37,564 [INFO] DetailPanel:341 - Set advertising image to C:/Users/Chinnapop/STM32Cube/Repository/\en.2400x1350px.jpeg
2025-07-23 16:43:37,579 [INFO] DbBoards:642 - Loading board mini-images...
2025-07-23 16:43:39,752 [ERROR] DbBoards:659 - Image file not found for board STM32MP215F-DK: C:\Users\Chinnapop\.stmcufinder\plugins\mcufinder//mcu//boards_images/STM32MP215F-DK.jpg
2025-07-23 16:43:39,855 [INFO] DbBoards:665 - Loaded 211 board mini-images
2025-07-23 16:45:11,052 [INFO] MainUpdater:2872 - connection check result : 10
2025-07-23 16:45:11,052 [INFO] MainUpdater:2872 - connection check result : 10
2025-07-23 16:45:11,082 [INFO] MicroXplorer:468 - Change Database Path : 
2025-07-23 16:45:11,082 [INFO] MicroXplorer:498 - Change Database Version : DB.6.0.150
2025-07-23 16:45:11,089 [WARN] ThirdParty:871 - waiting for thirdparty lock release [close project]
2025-07-23 16:45:11,089 [INFO] ThirdParty:873 - entering critical section [close project]
2025-07-23 16:45:11,092 [INFO] ThirdParty:883 - exiting critical section [close project]
2025-07-23 16:45:11,097 [INFO] PinOutPanel:1589 - setPackage(No Configuration,No Configuration)
2025-07-23 16:45:11,101 [INFO] UtilMem:75 - Begin LoadConfig() Used Memory: 255375520 Bytes (713031680)
2025-07-23 16:45:11,107 [INFO] OpenFileManager:355 - Change cursor
2025-07-23 16:45:11,149 [WARN] IntegrityCheckThread:84 - waiting for thirdparty lock release [integrity check]
2025-07-23 16:45:11,149 [INFO] IntegrityCheckThread:86 - entering critical section [integrity check]
2025-07-23 16:45:11,644 [WARN] PackLoader:240 - Cannot read IP mode file for STMicroelectronics.FP-SNS-MOTENVWB1.1.4.0
2025-07-23 16:45:11,664 [WARN] PackLoader:240 - Cannot read IP mode file for STMicroelectronics.FP-ATR-ASTRA1.2.0.2
2025-07-23 16:45:11,673 [WARN] PackLoader:240 - Cannot read IP mode file for STMicroelectronics.FP-ATR-ASTRA1.2.0.1
2025-07-23 16:45:11,702 [WARN] PackLoader:240 - Cannot read IP mode file for STMicroelectronics.X-CUBE-SMBUS.2.1.0
2025-07-23 16:45:11,718 [WARN] PackLoader:240 - Cannot read IP mode file for STMicroelectronics.X-CUBE-WB05N.1.1.0
2025-07-23 16:45:11,729 [WARN] PackLoader:240 - Cannot read IP mode file for STMicroelectronics.X-CUBE-ST60.1.0.0
2025-07-23 16:45:11,767 [WARN] PackLoader:240 - Cannot read IP mode file for STMicroelectronics.X-CUBE-AZRTOS-F7.1.1.0
2025-07-23 16:45:11,823 [WARN] PackLoader:240 - Cannot read IP mode file for STMicroelectronics.X-CUBE-MEMS1.11.0.0
2025-07-23 16:45:11,941 [WARN] PackLoader:240 - Cannot read IP mode file for STMicroelectronics.FP-SNS-FLIGHT1.5.0.2
2025-07-23 16:45:11,959 [WARN] PackLoader:240 - Cannot read IP mode file for STMicroelectronics.X-CUBE-AZRTOS-H7.3.4.0
2025-07-23 16:45:11,968 [WARN] PackLoader:240 - Cannot read IP mode file for STMicroelectronics.X-CUBE-DISPLAY.3.0.0
2025-07-23 16:45:11,976 [WARN] PackLoader:240 - Cannot read IP mode file for STMicroelectronics.X-CUBE-BLE1.7.0.0
2025-07-23 16:45:11,982 [WARN] PackLoader:240 - Cannot read IP mode file for STMicroelectronics.X-CUBE-NFC10.1.0.0
2025-07-23 16:45:11,992 [WARN] PackLoader:240 - Cannot read IP mode file for STMicroelectronics.X-CUBE-BLEMGR.4.0.0
2025-07-23 16:45:11,999 [WARN] PackLoader:240 - Cannot read IP mode file for emotas.I-CUBE-CANOPEN.1.3.0
2025-07-23 16:45:12,007 [WARN] PackLoader:240 - Cannot read IP mode file for STMicroelectronics.X-CUBE-BLEMGR.3.1.0
2025-07-23 16:45:12,013 [WARN] PackLoader:240 - Cannot read IP mode file for STMicroelectronics.X-CUBE-AI.10.0.0
2025-07-23 16:45:12,018 [WARN] PackLoader:240 - Cannot read IP mode file for STMicroelectronics.FP-SNS-SMARTAG2.1.2.0
2025-07-23 16:45:12,024 [WARN] PackLoader:240 - Cannot read IP mode file for STMicroelectronics.FP-SNS-FLIGHT1.5.1.0
2025-07-23 16:45:12,052 [WARN] PackLoader:240 - Cannot read IP mode file for STMicroelectronics.X-CUBE-MEMS1.11.1.0
2025-07-23 16:45:12,149 [INFO] LogOutputStream:77 - [STDOUT_REDIRECT] 1 : Invalid condition id : UX_CORESTACK_Condition cause : null
2025-07-23 16:45:12,150 [INFO] LogOutputStream:77 - [STDOUT_REDIRECT] 1 : Invalid condition id : UX_CORESTACK_Condition cause : null
2025-07-23 16:45:12,152 [INFO] LogOutputStream:77 - [STDOUT_REDIRECT] 1 : Invalid condition id : UX_CORESTACK_Condition cause : null
2025-07-23 16:45:12,154 [INFO] LogOutputStream:77 - [STDOUT_REDIRECT] 1 : Invalid condition id : UX_CORESTACK_Condition cause : null
2025-07-23 16:45:12,156 [INFO] LogOutputStream:77 - [STDOUT_REDIRECT] 1 : Invalid condition id : UX_CORESTACK_Condition cause : null
2025-07-23 16:45:12,158 [WARN] PackLoader:240 - Cannot read IP mode file for STMicroelectronics.X-CUBE-AZRTOS-WL.2.0.0
2025-07-23 16:45:12,166 [WARN] PackLoader:240 - Cannot read IP mode file for STMicroelectronics.FP-SNS-MOTENV1.5.0.0
2025-07-23 16:45:12,173 [WARN] PackLoader:240 - Cannot read IP mode file for wolfSSL.I-CUBE-wolfMQTT.1.19.0
2025-07-23 16:45:12,184 [WARN] PackLoader:240 - Cannot read IP mode file for WES.I-CUBE-Cesium.1.3.0
2025-07-23 16:45:12,190 [WARN] PackLoader:240 - Cannot read IP mode file for STMicroelectronics.X-CUBE-BLE2.3.3.0
2025-07-23 16:45:12,196 [WARN] PackLoader:240 - Cannot read IP mode file for STMicroelectronics.X-CUBE-NFC9.1.0.0
2025-07-23 16:45:12,202 [WARN] PackLoader:240 - Cannot read IP mode file for STMicroelectronics.X-CUBE-BLE1.7.1.0
2025-07-23 16:45:12,210 [WARN] PackLoader:240 - Cannot read IP mode file for STMicroelectronics.X-CUBE-TCPP.4.1.0
2025-07-23 16:45:12,217 [WARN] PackLoader:240 - Cannot read IP mode file for STMicroelectronics.X-CUBE-EEPRMA1.5.2.0
2025-07-23 16:45:12,224 [WARN] PackLoader:240 - Cannot read IP mode file for STMicroelectronics.X-CUBE-AI.10.1.0
2025-07-23 16:45:12,254 [WARN] PackLoader:240 - Cannot read IP mode file for STMicroelectronics.X-CUBE-MEMS1.11.2.0
2025-07-23 16:45:12,352 [WARN] PackLoader:240 - Cannot read IP mode file for STMicroelectronics.X-CUBE-AZRTOS-G0.1.1.0
2025-07-23 16:45:12,359 [WARN] PackLoader:240 - Cannot read IP mode file for STMicroelectronics.X-CUBE-SAFEA1.1.2.2
2025-07-23 16:45:12,365 [WARN] PackLoader:240 - Cannot read IP mode file for STMicroelectronics.X-CUBE-NFC4.3.0.0
2025-07-23 16:45:12,375 [WARN] PackLoader:240 - Cannot read IP mode file for EmbeddedOffice.I-CUBE-FS-RTOS.1.0.1
2025-07-23 16:45:12,381 [WARN] PackLoader:240 - Cannot read IP mode file for STMicroelectronics.X-CUBE-WB05N.2.0.0
2025-07-23 16:45:12,388 [WARN] PackLoader:240 - Cannot read IP mode file for STMicroelectronics.X-CUBE-TCPP.4.2.0
2025-07-23 16:45:12,397 [WARN] PackLoader:240 - Cannot read IP mode file for RealThread.X-CUBE-RT-Thread_Nano.4.1.1
2025-07-23 16:45:12,402 [WARN] PackLoader:240 - Cannot read IP mode file for STMicroelectronics.FP-ATR-SIGFOX1.3.2.0
2025-07-23 16:45:12,409 [WARN] ConditionMgr:438 - getConditionDescription Invalid condition id : Cortex-A Device cause : null
2025-07-23 16:45:12,431 [WARN] ConditionMgr:1044 - genDependencies : Invalid condition id : Cortex-A Device cause : null
2025-07-23 16:45:12,432 [WARN] ConditionMgr:1044 - genDependencies : Invalid condition id : Cortex-A Device cause : null
2025-07-23 16:45:12,432 [WARN] ConditionMgr:1044 - genDependencies : Invalid condition id : Cortex-A Device cause : null
2025-07-23 16:45:12,439 [WARN] PackLoader:240 - Cannot read IP mode file for STMicroelectronics.X-CUBE-EEPRMA1.5.1.0
2025-07-23 16:45:12,446 [WARN] PackLoader:240 - Cannot read IP mode file for wolfSSL.I-CUBE-wolfSSL.5.7.4
2025-07-23 16:45:12,454 [WARN] PackLoader:240 - Cannot read IP mode file for ITTIA_DB.I-CUBE-ITTIADB.8.9.0
2025-07-23 16:45:12,473 [WARN] PackLoader:240 - Cannot read IP mode file for STMicroelectronics.X-CUBE-ST67W61.1.0.0
2025-07-23 16:45:12,502 [WARN] PackLoader:240 - Cannot read IP mode file for SEGGER.I-CUBE-embOS.1.3.1
2025-07-23 16:45:12,525 [WARN] PackLoader:240 - Cannot read IP mode file for STMicroelectronics.X-CUBE-ALGOBUILD.1.4.0
2025-07-23 16:45:12,556 [WARN] PackLoader:240 - Cannot read IP mode file for STMicroelectronics.X-CUBE-MEMS1.11.3.0
2025-07-23 16:45:12,647 [WARN] PackLoader:240 - Cannot read IP mode file for STMicroelectronics.X-CUBE-AI.9.1.0
2025-07-23 16:45:12,653 [WARN] PackLoader:240 - Cannot read IP mode file for STMicroelectronics.X-CUBE-PM33A1.1.0.0
2025-07-23 16:45:12,667 [WARN] PackLoader:240 - Cannot read IP mode file for STMicroelectronics.X-CUBE-AZRTOS-F4.1.1.0
2025-07-23 16:45:12,676 [WARN] PackLoader:240 - Cannot read IP mode file for Avnet-IotConnect.X-CUBE-IoTC-DA16k-PMOD.1.0.0
2025-07-23 16:45:12,683 [WARN] PackLoader:240 - Cannot read IP mode file for STMicroelectronics.X-CUBE-ISPU.2.1.0
2025-07-23 16:45:12,691 [WARN] PackLoader:240 - Cannot read IP mode file for STMicroelectronics.X-CUBE-FREERTOS.1.2.0
2025-07-23 16:45:12,698 [WARN] PackLoader:240 - Cannot read IP mode file for STMicroelectronics.X-CUBE-NFC12.1.0.0
2025-07-23 16:45:12,717 [WARN] PackLoader:240 - Cannot read IP mode file for STMicroelectronics.X-CUBE-AZRTOS-L5.2.0.0
2025-07-23 16:45:12,727 [WARN] PackLoader:240 - Cannot read IP mode file for STMicroelectronics.X-CUBE-NFC6.3.1.0
2025-07-23 16:45:12,734 [WARN] PackLoader:240 - Cannot read IP mode file for STMicroelectronics.X-CUBE-DPower.1.2.0
2025-07-23 16:45:12,740 [WARN] PackLoader:240 - Cannot read IP mode file for STMicroelectronics.X-CUBE-FREERTOS.1.3.1
2025-07-23 16:45:12,746 [WARN] PackLoader:240 - Cannot read IP mode file for STMicroelectronics.X-CUBE-FREERTOS.1.3.0
2025-07-23 16:45:12,754 [WARN] PackLoader:240 - Cannot read IP mode file for STMicroelectronics.X-CUBE-NFC7.1.0.1
2025-07-23 16:45:12,760 [WARN] PackLoader:240 - Cannot read IP mode file for STMicroelectronics.FP-SNS-STAIOTCFT.1.0.0
2025-07-23 16:45:12,766 [WARN] PackLoader:240 - Cannot read IP mode file for STMicroelectronics.X-CUBE-DPower.1.3.0
2025-07-23 16:45:12,782 [WARN] ConditionMgr:438 - getConditionDescription Invalid condition id : LAN8742 Phy interface Condition cause : null
2025-07-23 16:45:12,783 [WARN] PackLoader:240 - Cannot read IP mode file for STMicroelectronics.X-CUBE-AZRTOS-L4.2.0.0
2025-07-23 16:45:12,784 [WARN] ConditionMgr:1044 - genDependencies : Invalid condition id : LAN8742 Phy interface Condition cause : null
2025-07-23 16:45:12,784 [WARN] ConditionMgr:1044 - genDependencies : Invalid condition id : LAN8742 Phy interface Condition cause : null
2025-07-23 16:45:12,785 [WARN] ConditionMgr:1044 - genDependencies : Invalid condition id : LAN8742 Phy interface Condition cause : null
2025-07-23 16:45:12,795 [WARN] PackLoader:240 - Cannot read IP mode file for STMicroelectronics.X-CUBE-SFXS2LP1.4.0.0
2025-07-23 16:45:12,811 [WARN] PackLoader:240 - Cannot read IP mode file for STMicroelectronics.X-CUBE-AZRTOS-H7.3.3.0
2025-07-23 16:45:12,823 [WARN] PackLoader:240 - Cannot read IP mode file for STMicroelectronics.X-CUBE-BLEMGR.4.1.0
2025-07-23 16:45:12,834 [WARN] PackLoader:240 - Cannot read IP mode file for STMicroelectronics.X-CUBE-IPS.3.0.0
2025-07-23 16:45:12,851 [WARN] ConditionMgr:438 - getConditionDescription Invalid condition id : UX DEVICE CLASS RTOS Condition cause : null
2025-07-23 16:45:12,851 [WARN] ConditionMgr:438 - getConditionDescription Invalid condition id : UX DEVICE CLASS RTOS Condition cause : null
2025-07-23 16:45:12,852 [WARN] PackLoader:240 - Cannot read IP mode file for STMicroelectronics.X-CUBE-AZRTOS-WB.2.0.0
2025-07-23 16:45:12,853 [WARN] ConditionMgr:1044 - genDependencies : Invalid condition id : UX DEVICE CLASS RTOS Condition cause : null
2025-07-23 16:45:12,853 [WARN] ConditionMgr:1044 - genDependencies : Invalid condition id : UX DEVICE CLASS RTOS Condition cause : null
2025-07-23 16:45:12,854 [WARN] ConditionMgr:1044 - genDependencies : Invalid condition id : UX DEVICE CLASS RTOS Condition cause : null
2025-07-23 16:45:12,854 [WARN] ConditionMgr:1044 - genDependencies : Invalid condition id : UX DEVICE CLASS RTOS Condition cause : null
2025-07-23 16:45:12,854 [WARN] ConditionMgr:1044 - genDependencies : Invalid condition id : UX DEVICE CLASS RTOS Condition cause : null
2025-07-23 16:45:12,861 [WARN] PackLoader:240 - Cannot read IP mode file for STMicroelectronics.X-CUBE-GNSS1.7.0.0
2025-07-23 16:45:12,867 [WARN] PackLoader:240 - Cannot read IP mode file for STMicroelectronics.X-CUBE-GNSS1.7.0.1
2025-07-23 16:45:12,879 [WARN] PackLoader:240 - Cannot read IP mode file for STMicroelectronics.X-CUBE-TOUCHGFX.4.25.0
2025-07-23 16:45:12,889 [WARN] PackLoader:240 - Cannot read IP mode file for STMicroelectronics.FP-SNS-STBOX1.2.0.0
2025-07-23 16:45:12,901 [WARN] PackLoader:240 - Cannot read IP mode file for STMicroelectronics.X-CUBE-SUBG2.5.0.0
2025-07-23 16:45:12,928 [WARN] PackLoader:240 - Cannot read IP mode file for STMicroelectronics.X-CUBE-AZRTOS-H7RS.1.1.0
2025-07-23 16:45:12,937 [WARN] PackLoader:240 - Cannot read IP mode file for Cesanta.I-CUBE-Mongoose.7.13.0
2025-07-23 16:45:12,959 [WARN] PackLoader:240 - Cannot read IP mode file for STMicroelectronics.X-CUBE-AZRTOS-G4.2.0.0
2025-07-23 16:45:12,965 [WARN] PackLoader:240 - Cannot read IP mode file for STMicroelectronics.X-CUBE-NFC7.2.0.0
2025-07-23 16:45:12,976 [WARN] PackLoader:240 - Cannot read IP mode file for STMicroelectronics.X-CUBE-IPS.3.1.0
2025-07-23 16:45:12,985 [WARN] PackLoader:240 - Cannot read IP mode file for STMicroelectronics.X-CUBE-ALS.1.0.2
2025-07-23 16:45:12,991 [WARN] PackLoader:240 - Cannot read IP mode file for STMicroelectronics.X-CUBE-TOUCHGFX.4.24.2
2025-07-23 16:45:12,994 [WARN] PackLoader:240 - Cannot read IP mode file for STMicroelectronics.X-CUBE-TOUCHGFX.4.24.1
2025-07-23 16:45:12,999 [WARN] PackLoader:240 - Cannot read IP mode file for wolfSSL.I-CUBE-wolfTPM.3.4.0
2025-07-23 16:45:13,005 [WARN] PackLoader:240 - Cannot read IP mode file for portGmbH.I-Cube-SoM-uGOAL.1.1.0
2025-07-23 16:45:13,017 [WARN] PackLoader:240 - Cannot read IP mode file for STMicroelectronics.X-CUBE-AZRTOS-H7RS.1.0.0
2025-07-23 16:45:13,023 [WARN] PackLoader:240 - Cannot read IP mode file for STMicroelectronics.FP-ATR-ASTRA1.2.0.0
2025-07-23 16:45:13,032 [WARN] PackLoader:240 - Cannot read IP mode file for STMicroelectronics.X-CUBE-TOF1.3.4.2
2025-07-23 16:45:13,047 [WARN] PackLoader:240 - Cannot read IP mode file for STMicroelectronics.X-CUBE-TOF1.3.4.3
2025-07-23 16:45:13,068 [WARN] PackLoader:240 - Cannot read IP mode file for Infineon.AIROC-Wi-Fi-Bluetooth-STM32.1.6.1
2025-07-23 16:45:13,076 [WARN] PackLoader:240 - Cannot read IP mode file for wolfSSL.I-CUBE-wolfSSH.1.4.17
2025-07-23 16:45:13,077 [INFO] ThirdParty:978 - Integrity check success = true
2025-07-23 16:45:13,077 [INFO] IntegrityCheckThread:100 - exiting critical section [integrity check]
2025-07-23 16:45:13,077 [INFO] IntegrityCheckThread:103 - End integrity checks thread
2025-07-23 16:45:13,127 [INFO] ProjectFactory:514 - No CPN specified for board NUCLEO-F767ZI => set CPN to STM32F767ZIT6
2025-07-23 16:45:13,128 [INFO] Mcu:2029 - Initializing MCU STM32F767ZITx STM32F767ZITx STM32F767ZIT6
2025-07-23 16:45:15,932 [INFO] Context:786 - Trying to add GPIOservice into a context  which must be forbidden
2025-07-23 16:45:16,501 [INFO] Rule:233 - rule 117617 - U5Cobra4M][GTZC] default value MPCBB3 and MPCBB5 - Not Secured memory - MPCBB1 is applicable
2025-07-23 16:45:16,501 [INFO] Rule:233 - rule 117617 - U5Cobra4M][GTZC] default value MPCBB3 and MPCBB5 - Not Secured memory - MPCBB1 is applicable
2025-07-23 16:45:16,501 [INFO] Rule:233 - rule 117617 - U5Cobra4M][GTZC] default value MPCBB3 and MPCBB5 - Not Secured memory - MPCBB2 is applicable
2025-07-23 16:45:16,501 [INFO] Rule:233 - rule 117617 - U5Cobra4M][GTZC] default value MPCBB3 and MPCBB5 - Not Secured memory - MPCBB2 is applicable
2025-07-23 16:45:16,501 [INFO] Rule:233 - rule 117617 - U5Cobra4M][GTZC] default value MPCBB3 and MPCBB5 - Not Secured memory - MPCBB3 is applicable
2025-07-23 16:45:16,501 [INFO] Rule:233 - rule 117617 - U5Cobra4M][GTZC] default value MPCBB3 and MPCBB5 - Not Secured memory - MPCBB3 is applicable
2025-07-23 16:45:16,501 [INFO] Rule:233 - rule 117617 - U5Cobra4M][GTZC] default value MPCBB3 and MPCBB5 - Not Secured memory - MPCBB4 is applicable
2025-07-23 16:45:16,501 [INFO] Rule:233 - rule 117617 - U5Cobra4M][GTZC] default value MPCBB3 and MPCBB5 - Not Secured memory - MPCBB4 is applicable
2025-07-23 16:45:16,501 [INFO] Rule:233 - rule 117617 - U5Cobra4M][GTZC] default value MPCBB3 and MPCBB5 - Secured memory - MPCBB1 is applicable
2025-07-23 16:45:16,502 [INFO] Rule:233 - rule 117617 - U5Cobra4M][GTZC] default value MPCBB3 and MPCBB5 - Secured memory - MPCBB2 is applicable
2025-07-23 16:45:16,502 [INFO] Rule:233 - rule 117617 - U5Cobra4M][GTZC] default value MPCBB3 and MPCBB5 - Secured memory - MPCBB3 is applicable
2025-07-23 16:45:16,502 [INFO] Rule:233 - rule 117617 - U5Cobra4M][GTZC] default value MPCBB3 and MPCBB5 - Secured memory - MPCBB4 is applicable
2025-07-23 16:45:16,502 [INFO] Rule:233 - rule 117617 - U5Cobra4M][GTZC] default value MPCBB3 and MPCBB5 - Privileged memory - MPCBB1 is applicable
2025-07-23 16:45:16,502 [INFO] Rule:233 - rule 117617 - U5Cobra4M][GTZC] default value MPCBB3 and MPCBB5 - Privileged memory - MPCBB2 is applicable
2025-07-23 16:45:16,502 [INFO] Rule:233 - rule 117617 - U5Cobra4M][GTZC] default value MPCBB3 and MPCBB5 - Privileged memory - MPCBB3 is applicable
2025-07-23 16:45:16,502 [INFO] Rule:233 - rule 117617 - U5Cobra4M][GTZC] default value MPCBB3 and MPCBB5 - Privileged memory - MPCBB4 is applicable
2025-07-23 16:45:16,502 [INFO] Rule:233 - rule 117617 - U5Cobra4M][GTZC] default value MPCBB3 and MPCBB5 - Not Privileged memory - MPCBB1 is applicable
2025-07-23 16:45:16,502 [INFO] Rule:233 - rule 117617 - U5Cobra4M][GTZC] default value MPCBB3 and MPCBB5 - Not Privileged memory - MPCBB2 is applicable
2025-07-23 16:45:16,502 [INFO] Rule:233 - rule 117617 - U5Cobra4M][GTZC] default value MPCBB3 and MPCBB5 - Not Privileged memory - MPCBB3 is applicable
2025-07-23 16:45:16,502 [INFO] Rule:233 - rule 117617 - U5Cobra4M][GTZC] default value MPCBB3 and MPCBB5 - Not Privileged memory - MPCBB4 is applicable
2025-07-23 16:45:16,502 [INFO] Rule:233 - rule 117617 - U5Cobra4M][GTZC] default value MPCBB3 and MPCBB5 - Privileged memory - MPCBB1 is applicable
2025-07-23 16:45:16,502 [INFO] Rule:233 - rule 117617 - U5Cobra4M][GTZC] default value MPCBB3 and MPCBB5 - Privileged memory - MPCBB2 is applicable
2025-07-23 16:45:16,502 [INFO] Rule:233 - rule 117617 - U5Cobra4M][GTZC] default value MPCBB3 and MPCBB5 - Privileged memory - MPCBB3 is applicable
2025-07-23 16:45:16,502 [INFO] Rule:233 - rule 117617 - U5Cobra4M][GTZC] default value MPCBB3 and MPCBB5 - Privileged memory - MPCBB4 is applicable
2025-07-23 16:45:16,502 [INFO] Rule:233 - rule 117617 - U5Cobra4M][GTZC] default value MPCBB3 and MPCBB5 - Privileged memory - MPCBB1 is applicable
2025-07-23 16:45:16,502 [INFO] Rule:233 - rule 117617 - U5Cobra4M][GTZC] default value MPCBB3 and MPCBB5 - Privileged memory - MPCBB2 is applicable
2025-07-23 16:45:16,502 [INFO] Rule:233 - rule 117617 - U5Cobra4M][GTZC] default value MPCBB3 and MPCBB5 - Privileged memory - MPCBB3 is applicable
2025-07-23 16:45:16,502 [INFO] Rule:233 - rule 117617 - U5Cobra4M][GTZC] default value MPCBB3 and MPCBB5 - Privileged memory - MPCBB4 is applicable
2025-07-23 16:45:16,502 [INFO] Rule:233 - rule 117617 - U5Cobra4M][GTZC] default value MPCBB3 and MPCBB5 - Not Privileged memory - MPCBB1 is applicable
2025-07-23 16:45:16,502 [INFO] Rule:233 - rule 117617 - U5Cobra4M][GTZC] default value MPCBB3 and MPCBB5 - Not Privileged memory - MPCBB2 is applicable
2025-07-23 16:45:16,502 [INFO] Rule:233 - rule 117617 - U5Cobra4M][GTZC] default value MPCBB3 and MPCBB5 - Not Privileged memory - MPCBB3 is applicable
2025-07-23 16:45:16,502 [INFO] Rule:233 - rule 117617 - U5Cobra4M][GTZC] default value MPCBB3 and MPCBB5 - Not Privileged memory - MPCBB4 is applicable
2025-07-23 16:45:16,502 [INFO] Rule:233 - rule 117617 - U5Cobra4M][GTZC] default value MPCBB3 and MPCBB5 - Privileged memory - MPCBB1 is applicable
2025-07-23 16:45:16,503 [INFO] Rule:233 - rule 117617 - U5Cobra4M][GTZC] default value MPCBB3 and MPCBB5 - Privileged memory - MPCBB2 is applicable
2025-07-23 16:45:16,503 [INFO] Rule:233 - rule 117617 - U5Cobra4M][GTZC] default value MPCBB3 and MPCBB5 - Privileged memory - MPCBB3 is applicable
2025-07-23 16:45:16,503 [INFO] Rule:233 - rule 117617 - U5Cobra4M][GTZC] default value MPCBB3 and MPCBB5 - Privileged memory - MPCBB4 is applicable
2025-07-23 16:45:16,503 [INFO] Rule:233 - rule Rename SubGHz_Phy SUBGHZ_APPLICATION SUBGHZ_PINGPONG to SUBGHZ_ADV_APPLICATION is applicable
2025-07-23 16:45:16,503 [INFO] Rule:233 - rule Rename Enabled to IBEACON is applicable
2025-07-23 16:45:16,503 [INFO] Rule:233 - rule GTZC_S instance for project manager is applicable
2025-07-23 16:45:16,503 [INFO] Rule:233 - rule GTZC_S instance for context M33S is applicable
2025-07-23 16:45:16,503 [INFO] Rule:233 - rule GTZC_S instance value for IP GTZC is applicable
2025-07-23 16:45:16,503 [INFO] Rule:233 - rule GTZC_S instance for mcu.IP is applicable
2025-07-23 16:45:16,503 [INFO] Rule:233 - rule GTZC_S instance for VP is applicable
2025-07-23 16:45:16,503 [INFO] Rule:233 - rule GTZC_S instance for signal is applicable
2025-07-23 16:45:16,503 [INFO] Rule:233 - rule GTZC_S instance for mcu.Pin is applicable
2025-07-23 16:45:16,503 [INFO] Rule:233 - rule GTZC_S instance for VP is applicable
2025-07-23 16:45:16,503 [INFO] Rule:233 - rule GTZC_S instance for signal is applicable
2025-07-23 16:45:16,503 [INFO] Rule:233 - rule GTZC_S instance for mcu is applicable
2025-07-23 16:45:16,503 [INFO] Rule:233 - rule GTZC_S instance for mcu.Pin is applicable
2025-07-23 16:45:16,503 [INFO] Rule:233 - rule GTZC_S instance value for IP GTZC is applicable
2025-07-23 16:45:16,503 [INFO] Rule:233 - rule GTZC_S instance for project manager is applicable
2025-07-23 16:45:16,503 [INFO] Rule:233 - rule GTZC_S instance for context M33S is applicable
2025-07-23 16:45:16,503 [INFO] Rule:233 - rule GTZC_S instance for VP is applicable
2025-07-23 16:45:16,503 [INFO] Rule:233 - rule GTZC_S instance for signal is applicable
2025-07-23 16:45:16,503 [INFO] Rule:233 - rule WakeUp0 Mode is applicable
2025-07-23 16:45:16,503 [INFO] Rule:233 - rule WakeUp0 SIGNAL is applicable
2025-07-23 16:45:16,503 [INFO] Rule:233 - rule WakeUp1 Mode is applicable
2025-07-23 16:45:16,504 [INFO] Rule:233 - rule WakeUp1 SIGNAL is applicable
2025-07-23 16:45:16,504 [INFO] Rule:233 - rule WakeUp2 Mode is applicable
2025-07-23 16:45:16,504 [INFO] Rule:233 - rule WakeUp2 SIGNAL is applicable
2025-07-23 16:45:16,504 [INFO] Rule:233 - rule WakeUp4 Mode is applicable
2025-07-23 16:45:16,504 [INFO] Rule:233 - rule WakeUp4 SIGNAL is applicable
2025-07-23 16:45:16,504 [INFO] Rule:233 - rule WakeUp5 Mode is applicable
2025-07-23 16:45:16,504 [INFO] Rule:233 - rule WakeUp5 SIGNAL is applicable
2025-07-23 16:45:16,504 [INFO] Rule:233 - rule Change Default Value for LSE Drive Capability for WB family is applicable
2025-07-23 16:45:16,504 [INFO] Rule:233 - rule Change Default Value for ADC Clock Prescaler G0 family is applicable
2025-07-23 16:45:16,504 [INFO] Rule:233 - rule Change USART1CLockSelection refparam name for MP1 is applicable
2025-07-23 16:45:16,504 [INFO] Rule:233 - rule Change USART2CLockSelection refparam name for MP1 is applicable
2025-07-23 16:45:16,504 [INFO] Rule:233 - rule Change USART3CLockSelection refparam name for MP1 is applicable
2025-07-23 16:45:16,504 [INFO] Rule:233 - rule Change UART4CLockSelection refparam name for MP1 is applicable
2025-07-23 16:45:16,504 [INFO] Rule:233 - rule Change UART5CLockSelection refparam name for MP1 is applicable
2025-07-23 16:45:16,504 [INFO] Rule:233 - rule Change LPUART1CLockSelection refparam name for MP1 is applicable
2025-07-23 16:45:16,504 [INFO] Rule:233 - rule Change LPTIM1CLockSelection refparam name for MP1 is applicable
2025-07-23 16:45:16,504 [INFO] Rule:233 - rule Change LPTIM2CLockSelection refparam name for MP1 is applicable
2025-07-23 16:45:16,504 [INFO] Rule:233 - rule Change RCC_MCO1Source refparam name for MP1 is applicable
2025-07-23 16:45:16,504 [INFO] Rule:233 - rule Change LSCOSource1 refparam name for MP1 is applicable
2025-07-23 16:45:16,504 [INFO] Rule:233 - rule Change SMPSCLockSelection refparam name for MP1 is applicable
2025-07-23 16:45:16,505 [INFO] Rule:233 - rule Change LPTIM3CLockSelection refparam name for MP1 is applicable
2025-07-23 16:45:16,505 [INFO] Rule:233 - rule Change MPCBB* Default Template Mode to Parameters is applicable
2025-07-23 16:45:16,505 [INFO] Rule:233 - rule Change MPCWM* or MPCBB* Secure Mode to Parameters is applicable
2025-07-23 16:45:16,505 [INFO] Rule:233 - rule Change MPCWM* or MPCBB* No Secure Mode to Parameters is applicable
2025-07-23 16:45:16,505 [INFO] Rule:233 - rule Change TZSC IP Secure Mode to Parameters is applicable
2025-07-23 16:45:16,505 [INFO] Rule:233 - rule Change TZSC IP No Secure Mode to Parameters is applicable
2025-07-23 16:45:16,505 [INFO] Rule:233 - rule Change TZSC IP Privilege Mode to Parameters is applicable
2025-07-23 16:45:16,505 [INFO] Rule:233 - rule Change TZSC IP No Privilege Mode to Parameters is applicable
2025-07-23 16:45:16,505 [INFO] Rule:233 - rule Change TZIC IT Secure Mode to Parameters is applicable
2025-07-23 16:45:16,505 [INFO] Rule:233 - rule Change TZIC IT No Secure Mode to Parameters is applicable
2025-07-23 16:45:16,505 [INFO] Rule:233 - rule Add MPCBB1_NonSecureArea_Start_Address value with referenced to MPCBB1_NonSecureArea_Start value is applicable
2025-07-23 16:45:16,505 [INFO] Rule:233 - rule Add MPCBB2_NonSecureArea_Start_Address value with referenced to MPCBB2_NonSecureArea_Start value is applicable
2025-07-23 16:45:16,505 [INFO] Rule:233 - rule Add MPCWM1_NonSecureArea*_Start_Address value with referenced to MPCWM1_NonSecureArea*_Start value is applicable
2025-07-23 16:45:16,505 [INFO] Rule:233 - rule Add MPCWM2_NonSecureArea*_Start_Address value with referenced to MPCWM2_NonSecureArea*_Start value is applicable
2025-07-23 16:45:16,505 [INFO] Rule:233 - rule Add MPCWM3_NonSecureArea_Start_Address value with referenced to MPCWM3_NonSecureArea_Start value is applicable
2025-07-23 16:45:16,505 [INFO] Rule:233 - rule Change Default Value for PLL1UserDefinedConfig is applicable
2025-07-23 16:45:16,505 [INFO] Rule:233 - rule OPAMP is applicable
2025-07-23 16:45:16,505 [INFO] Rule:233 - rule LPUART IPParameter rename Prescaler parameter to ClockPrescaler for STM32H7 is applicable
2025-07-23 16:45:16,505 [INFO] Rule:233 - rule LPUART IPParameter rename Prescaler parameter to ClockPrescaler for STM32H7 is applicable
2025-07-23 16:45:16,505 [INFO] Rule:233 - rule LPUART IPParameter rename Prescaler parameter to ClockPrescaler for STM32WB is applicable
2025-07-23 16:45:16,505 [INFO] Rule:233 - rule LPUART IPParameter rename Prescaler parameter to ClockPrescaler for STM32WB is applicable
2025-07-23 16:45:16,505 [INFO] Rule:233 - rule LPUART IPParameter rename Prescaler parameter to ClockPrescaler for STM32G4 is applicable
2025-07-23 16:45:16,505 [INFO] Rule:233 - rule LPUART IPParameter rename Prescaler parameter to ClockPrescaler for STM32G4 is applicable
2025-07-23 16:45:16,505 [INFO] Rule:233 - rule LPUART IPParameter rename Prescaler parameter to ClockPrescaler for STM32L5 is applicable
2025-07-23 16:45:16,506 [INFO] Rule:233 - rule LPUART IPParameter rename Prescaler parameter to ClockPrescaler for STM32L5 is applicable
2025-07-23 16:45:16,506 [INFO] Rule:233 - rule LPUART IPParameter rename Prescaler parameter to ClockPrescaler for STM32G4 is applicable
2025-07-23 16:45:16,506 [INFO] Rule:233 - rule LPUART IPParameter rename Prescaler parameter to ClockPrescaler for STM32G4 is applicable
2025-07-23 16:45:16,506 [INFO] Rule:233 - rule USB device lib V2.5.3 for L0 rename USBD_SUPPORT_USER_STRING parameter to USBD_SUPPORT_USER_STRING_DESC4 is applicable
2025-07-23 16:45:16,506 [INFO] Rule:233 - rule I2SCLockSelection clock entry align is applicable
2025-07-23 16:45:16,506 [INFO] Rule:233 - rule Assign TIMx context if used as SYS timebase is applicable
2025-07-23 16:45:16,506 [INFO] Rule:233 - rule Change GPIO_Pu Default Value for I2C is applicable
2025-07-23 16:45:16,506 [INFO] Rule:233 - rule Change GPIO_Pu Default Value for SMBus is applicable
2025-07-23 16:45:16,506 [INFO] Rule:233 - rule change FDCAN default value is applicable
2025-07-23 16:45:16,506 [INFO] Rule:233 - rule Rename STM32WPAN CFG_BLE_IRK to CFG_BLE_IR is applicable
2025-07-23 16:45:16,506 [INFO] Rule:233 - rule Rename STM32WPAN CFG_BLE_ERK to CFG_BLE_ER is applicable
2025-07-23 16:45:16,506 [INFO] Rule:233 - rule Rename STM32WPAN CFG_BLE_IRK_HEX to CFG_BLE_IR_HEX is applicable
2025-07-23 16:45:16,506 [INFO] Rule:233 - rule Rename STM32WPAN CFG_BLE_ERK_HEX to CFG_BLE_ER_HEX is applicable
2025-07-23 16:45:16,506 [INFO] Rule:233 - rule Adapt Old IOC before rework replace old CORTEX_M33/CORTEX_M55 attributes by the new one. is applicable
2025-07-23 16:45:16,506 [INFO] Rule:233 - rule Rename parametre of RCC RCC_APBDBG_DIV2 to RCC_TIMPRES_DIV2 is applicable
2025-07-23 16:45:16,506 [INFO] Rule:233 - rule Rename DIE493 pin PA10 [PA12] -> PA10 is applicable
2025-07-23 16:45:16,506 [INFO] Rule:233 - rule Rename DIE493 pin PA9 [PA11] -> PA9 is applicable
2025-07-23 16:45:16,506 [INFO] Rule:233 - rule Rename DIE492 PartNumber CPN STM32WBA5MJGHx -> STM32WBA5MMGHx is applicable
2025-07-23 16:45:16,506 [INFO] Rule:233 - rule Rename DIE492 PartNumber  Name STM32WBA5MJGHx -> STM32WBA5MMGHx is applicable
2025-07-23 16:45:16,506 [INFO] Rule:233 - rule Rename DIE492 PartNumber UserName STM32WBA5MJGHx -> STM32WBA5MMGHx is applicable
2025-07-23 16:45:16,506 [INFO] Rule:233 - rule Rename DIE492 PartNumber DeviceId STM32WBA5MJGHx -> STM32WBA5MMGHx is applicable
2025-07-23 16:45:16,506 [INFO] Rule:233 - rule Adapt Old IOC CSI. is applicable
2025-07-23 16:45:16,506 [INFO] Rule:233 - rule Adapt Old IOC DCMIPP. is applicable
2025-07-23 16:45:16,506 [INFO] Rule:233 - rule Adapt Old IOC DCMIPP Mode Parallel. is applicable
2025-07-23 16:45:16,507 [INFO] Rule:233 - rule Adapt Old IOC LTDC. is applicable
2025-07-23 16:45:16,508 [INFO] Rule:233 - rule Rename STM32MP2 RIF Peripheral LTDC RIF.RISUP.LTDC_L0L1.Privilege -> RIF.RISUP.LTDC_L1L2.Privilege is applicable
2025-07-23 16:45:16,508 [INFO] Rule:233 - rule Rename STM32MP2 RIF Peripheral LTDC RIF.RISUP.LTDC_L0L1.Privilege -> RIF.RISUP.LTDC_L1L2.Privilege is applicable
2025-07-23 16:45:16,508 [INFO] Rule:233 - rule Rename STM32MP2 RIF Peripheral LTDC RIF.RISUP.LTDC_L0L1.Lock -> RIF.RISUP.LTDC_L1L2.Lock is applicable
2025-07-23 16:45:16,508 [INFO] Rule:233 - rule Rename STM32MP2 RIF Peripheral LTDC RIF.RISUP.LTDC_L2.Lock -> RIF.RISUP.LTDC_L3.Lock is applicable
2025-07-23 16:45:16,508 [INFO] Rule:233 - rule Adapt the old IOC example for updating the SYS when it is misconfigured. is applicable
2025-07-23 16:45:16,508 [INFO] Rule:233 - rule Rename STM32C09 Mcu.Package LQFP64 -> LQFP48 is applicable
2025-07-23 16:45:16,508 [INFO] Rule:233 - rule Adapt the old IOC example for updating the SYS when it is misconfigured. is applicable
2025-07-23 16:45:16,508 [INFO] Rule:233 - rule Adapt the old IOC example for updating the SYS when it is misconfigured. is applicable
2025-07-23 16:45:16,516 [INFO] DbConfProperties:307 - Apply Compatibility (7/134 Rules)
2025-07-23 16:45:16,542 [INFO] ImportTextPane:234 - (OptionalMessage_ERROR) Pin30 (VP_RIF_VS_RIF1) cannot be retrieved for this MCU
2025-07-23 16:45:16,779 [INFO] RtosManager:558 - Registered RTOS mode: class=CMSIS, group=RTOS, mode=CMSIS_V1, owner=FREERTOS
2025-07-23 16:45:16,779 [INFO] RtosManager:558 - Registered RTOS mode: class=CMSIS, group=RTOS2, mode=CMSIS_V2, owner=FREERTOS
2025-07-23 16:45:16,779 [INFO] RtosManager:558 - Registered RTOS mode: class=RTOS, group=Core, mode=CMSIS_V1, owner=FREERTOS
2025-07-23 16:45:16,779 [INFO] RtosManager:558 - Registered RTOS mode: class=RTOS, group=Core, mode=CMSIS_V2, owner=FREERTOS
2025-07-23 16:45:16,779 [WARN] ModelIntegratedComponent:184 - Missing modes for component STMicroelectronics:FreeRTOS:0.0.1:STMicroelectronics:RTOS:FreeRTOS:Core:::10.2.0:
2025-07-23 16:45:16,789 [WARN] ModelIntegratedComponent:63 - No mode defined for component null
2025-07-23 16:45:16,789 [WARN] ModelIntegratedComponent:63 - No mode defined for component null
2025-07-23 16:45:16,789 [WARN] ModelIntegratedComponent:63 - No mode defined for component null
2025-07-23 16:45:16,789 [WARN] ModelIntegratedComponent:63 - No mode defined for component null
2025-07-23 16:45:16,789 [WARN] ModelIntegratedComponent:63 - No mode defined for component null
2025-07-23 16:45:16,789 [WARN] ModelIntegratedComponent:63 - No mode defined for component null
2025-07-23 16:45:16,789 [WARN] ModelIntegratedComponent:63 - No mode defined for component null
2025-07-23 16:45:16,789 [WARN] ModelIntegratedComponent:63 - No mode defined for component null
2025-07-23 16:45:16,789 [WARN] ModelIntegratedComponent:63 - No mode defined for component null
2025-07-23 16:45:16,789 [WARN] ModelIntegratedComponent:63 - No mode defined for component null
2025-07-23 16:45:16,789 [WARN] ModelIntegratedComponent:63 - No mode defined for component null
2025-07-23 16:45:16,789 [WARN] ModelIntegratedComponent:63 - No mode defined for component null
2025-07-23 16:45:16,789 [WARN] ModelIntegratedComponent:63 - No mode defined for component null
2025-07-23 16:45:16,789 [WARN] ModelIntegratedComponent:63 - No mode defined for component null
2025-07-23 16:45:16,789 [WARN] ModelIntegratedComponent:63 - No mode defined for component null
2025-07-23 16:45:16,789 [WARN] ModelIntegratedComponent:63 - No mode defined for component null
2025-07-23 16:45:16,789 [WARN] ModelIntegratedComponent:63 - No mode defined for component null
2025-07-23 16:45:16,789 [WARN] ModelIntegratedComponent:63 - No mode defined for component null
2025-07-23 16:45:16,789 [WARN] ModelIntegratedComponent:63 - No mode defined for component null
2025-07-23 16:45:16,789 [WARN] ModelIntegratedComponent:63 - No mode defined for component null
2025-07-23 16:45:16,789 [WARN] ModelIntegratedComponent:63 - No mode defined for component null
2025-07-23 16:45:16,789 [WARN] ModelIntegratedComponent:63 - No mode defined for component null
2025-07-23 16:45:16,789 [WARN] ModelIntegratedComponent:63 - No mode defined for component null
2025-07-23 16:45:16,789 [WARN] ModelIntegratedComponent:63 - No mode defined for component null
2025-07-23 16:45:16,789 [WARN] ModelIntegratedComponent:63 - No mode defined for component null
2025-07-23 16:45:16,789 [WARN] ModelIntegratedComponent:63 - No mode defined for component null
2025-07-23 16:45:16,790 [WARN] ModelIntegratedComponent:63 - No mode defined for component null
2025-07-23 16:45:16,790 [WARN] ModelIntegratedComponent:63 - No mode defined for component null
2025-07-23 16:45:16,790 [WARN] ModelIntegratedComponent:63 - No mode defined for component null
2025-07-23 16:45:16,790 [WARN] ModelIntegratedComponent:63 - No mode defined for component null
2025-07-23 16:45:16,790 [WARN] ModelIntegratedComponent:63 - No mode defined for component null
2025-07-23 16:45:16,790 [WARN] ModelIntegratedComponent:63 - No mode defined for component null
2025-07-23 16:45:16,790 [WARN] ModelIntegratedComponent:63 - No mode defined for component null
2025-07-23 16:45:16,790 [WARN] ModelIntegratedComponent:63 - No mode defined for component null
2025-07-23 16:45:16,790 [WARN] ModelIntegratedComponent:63 - No mode defined for component null
2025-07-23 16:45:16,790 [WARN] ModelPack:524 - Component already loaded: STMicroelectronics:HAL Drivers:0.0.0:STMicroelectronics:Device:STMicro_Driver:XSPI:HAL::0.0.1:HAL_XSPI
2025-07-23 16:45:17,017 [INFO] ThirdPartyModel:298 - Start build external matchings
2025-07-23 16:45:18,574 [INFO] ThirdPartyModel:316 - End build external matchings
2025-07-23 16:45:18,599 [WARN] IP:2250 - Warning not found: check if there is a RefParameter without a condition.
2025-07-23 16:45:18,599 [WARN] IP:2250 - RxBufferAddress not found: check if there is a RefParameter without a condition.
2025-07-23 16:45:18,600 [WARN] IP:2250 - DESC_SIZE_UNIT not found: check if there is a RefParameter without a condition.
2025-07-23 16:45:18,600 [INFO] ImportTextPane:234 - (OptionalMessage_ERROR) IP (ETH) : Invalid parameter (PHY_Name)
2025-07-23 16:45:18,600 [INFO] ImportTextPane:234 - (OptionalMessage_ERROR) IP (ETH) : Invalid parameter (PHY_Value)
2025-07-23 16:45:18,600 [INFO] ImportTextPane:234 - (OptionalMessage_ERROR) IP (ETH) : Invalid parameter (PhyAddress)
2025-07-23 16:45:18,603 [INFO] ImportTextPane:234 - (OptionalMessage_ERROR) IP (RCC) : Invalid parameter (48MHZClocksFreq_Value)
2025-07-23 16:45:18,603 [INFO] ImportTextPane:234 - (OptionalMessage_ERROR) IP (RCC) : Invalid parameter (ADC12outputFreq_Value)
2025-07-23 16:45:18,603 [INFO] ImportTextPane:234 - (OptionalMessage_ERROR) IP (RCC) : Invalid parameter (ADC34outputFreq_Value)
2025-07-23 16:45:18,604 [INFO] ImportTextPane:234 - (OptionalMessage_ERROR) IP (RCC) : Invalid parameter (FamilyName)
2025-07-23 16:45:18,604 [INFO] ImportTextPane:234 - (OptionalMessage_ERROR) IP (RCC) : Invalid parameter (I2SClocksFreq_Value)
2025-07-23 16:45:18,604 [INFO] ImportTextPane:234 - (OptionalMessage_ERROR) IP (RCC) : Invalid parameter (LCDTFToutputFreq_Value)
2025-07-23 16:45:18,604 [INFO] ImportTextPane:234 - (OptionalMessage_ERROR) IP (RCC) : Invalid parameter (MCOFreq_Value)
2025-07-23 16:45:18,605 [INFO] ImportTextPane:234 - (OptionalMessage_ERROR) IP (RCC) : Invalid parameter (PLLMCOFreq_Value)
2025-07-23 16:45:18,605 [INFO] ImportTextPane:234 - (OptionalMessage_ERROR) IP (RCC) : Invalid parameter (PLLMUL)
2025-07-23 16:45:18,606 [INFO] ImportTextPane:234 - (OptionalMessage_ERROR) IP (RCC) : Invalid parameter (PRESCALERUSB)
2025-07-23 16:45:18,606 [INFO] ImportTextPane:234 - (OptionalMessage_ERROR) IP (RCC) : Invalid parameter (RTCHSEDivFreq_Value)
2025-07-23 16:45:18,606 [INFO] ImportTextPane:234 - (OptionalMessage_ERROR) IP (RCC) : Parameter (SDMMC2Freq_Value) has invalid value (96000000)
2025-07-23 16:45:18,606 [INFO] ImportTextPane:234 - (OptionalMessage_ERROR) IP (RCC) : Parameter (SDMMCFreq_Value) has invalid value (96000000)
2025-07-23 16:45:18,606 [INFO] ImportTextPane:234 - (OptionalMessage_ERROR) IP (RCC) : Invalid parameter (SYSCLKSourceVirtual)
2025-07-23 16:45:18,606 [INFO] ImportTextPane:234 - (OptionalMessage_ERROR) IP (RCC) : Invalid parameter (TIM15Freq_Value)
2025-07-23 16:45:18,606 [INFO] ImportTextPane:234 - (OptionalMessage_ERROR) IP (RCC) : Invalid parameter (TIM16Freq_Value)
2025-07-23 16:45:18,606 [INFO] ImportTextPane:234 - (OptionalMessage_ERROR) IP (RCC) : Invalid parameter (TIM17Freq_Value)
2025-07-23 16:45:18,606 [INFO] ImportTextPane:234 - (OptionalMessage_ERROR) IP (RCC) : Invalid parameter (TIM1Freq_Value)
2025-07-23 16:45:18,606 [INFO] ImportTextPane:234 - (OptionalMessage_ERROR) IP (RCC) : Invalid parameter (TIM20Freq_Value)
2025-07-23 16:45:18,606 [INFO] ImportTextPane:234 - (OptionalMessage_ERROR) IP (RCC) : Invalid parameter (TIM2Freq_Value)
2025-07-23 16:45:18,606 [INFO] ImportTextPane:234 - (OptionalMessage_ERROR) IP (RCC) : Invalid parameter (TIM3Freq_Value)
2025-07-23 16:45:18,606 [INFO] ImportTextPane:234 - (OptionalMessage_ERROR) IP (RCC) : Invalid parameter (TIM8Freq_Value)
2025-07-23 16:45:18,607 [INFO] ImportTextPane:234 - (OptionalMessage_ERROR) IP (RCC) : Invalid parameter (VCOOutput2Freq_Value)
2025-07-23 16:45:18,607 [INFO] ImportTextPane:234 - (OptionalMessage_ERROR) IP (RCC) : Invalid parameter (VcooutputI2S)
2025-07-23 16:45:19,155 [INFO] UtilMem:75 - End LoadConfig() Used Memory: 515334592 Bytes (713031680)
2025-07-23 16:45:19,287 [WARN] ThirdParty:833 - waiting for thirdparty lock release [change project]
2025-07-23 16:45:19,287 [INFO] ThirdParty:835 - entering critical section [change project]
2025-07-23 16:45:19,287 [INFO] ThirdParty:1030 - CMSIS Pack Vendor :STMicroelectronics X-CUBE-PM33A1 1.0.0
2025-07-23 16:45:19,287 [INFO] ThirdParty:1030 - CMSIS Pack Vendor :STMicroelectronics USBPD 4.1
2025-07-23 16:45:19,287 [INFO] ThirdParty:1030 - CMSIS Pack Vendor :STMicroelectronics USB_HOST 2.0.0
2025-07-23 16:45:19,287 [INFO] ThirdParty:1030 - CMSIS Pack Vendor :STMicroelectronics FP-SNS-MOTENVWB1 1.4.0
2025-07-23 16:45:19,287 [INFO] ThirdParty:1030 - CMSIS Pack Vendor :STMicroelectronics X-CUBE-AZRTOS-F4 1.1.0
2025-07-23 16:45:19,287 [INFO] ThirdParty:1030 - CMSIS Pack Vendor :STMicroelectronics LIBJPEG 8.0.0
2025-07-23 16:45:19,287 [INFO] ThirdParty:1030 - CMSIS Pack Vendor :STMicroelectronics FP-ATR-ASTRA1 2.0.2
2025-07-23 16:45:19,287 [INFO] ThirdParty:1030 - CMSIS Pack Vendor :STMicroelectronics FP-ATR-ASTRA1 2.0.1
2025-07-23 16:45:19,287 [INFO] ThirdParty:1030 - CMSIS Pack Vendor :Avnet-IotConnect X-CUBE-IoTC-DA16k-PMOD 1.0.0
2025-07-23 16:45:19,287 [INFO] ThirdParty:1030 - CMSIS Pack Vendor :STMicroelectronics X-CUBE-SMBUS 2.1.0
2025-07-23 16:45:19,287 [INFO] ThirdParty:1030 - CMSIS Pack Vendor :STMicroelectronics X-CUBE-WB05N 1.1.0
2025-07-23 16:45:19,287 [INFO] ThirdParty:1030 - CMSIS Pack Vendor :STMicroelectronics X-CUBE-ISPU 2.1.0
2025-07-23 16:45:19,287 [INFO] ThirdParty:1030 - CMSIS Pack Vendor :STMicroelectronics X-CUBE-FREERTOS 1.2.0
2025-07-23 16:45:19,287 [INFO] ThirdParty:1030 - CMSIS Pack Vendor :STMicroelectronics X-CUBE-ST60 1.0.0
2025-07-23 16:45:19,287 [INFO] ThirdParty:1030 - CMSIS Pack Vendor :STMicroelectronics X-CUBE-NFC12 1.0.0
2025-07-23 16:45:19,287 [INFO] ThirdParty:1030 - CMSIS Pack Vendor :STMicroelectronics X-CUBE-AZRTOS-F7 1.1.0
2025-07-23 16:45:19,287 [INFO] ThirdParty:1030 - CMSIS Pack Vendor :STMicroelectronics X-CUBE-AZRTOS-L5 2.0.0
2025-07-23 16:45:19,287 [INFO] ThirdParty:1030 - CMSIS Pack Vendor :STMicroelectronics USB_DEVICE 2.0.0
2025-07-23 16:45:19,287 [INFO] ThirdParty:1030 - CMSIS Pack Vendor :STMicroelectronics X-CUBE-NFC6 3.1.0
2025-07-23 16:45:19,287 [INFO] ThirdParty:1030 - CMSIS Pack Vendor :STMicroelectronics X-CUBE-MEMS1 11.0.0
2025-07-23 16:45:19,287 [INFO] ThirdParty:1030 - CMSIS Pack Vendor :STMicroelectronics FreeRTOS 0.0.1
2025-07-23 16:45:19,287 [INFO] ThirdParty:1030 - CMSIS Pack Vendor :STMicroelectronics X-CUBE-DPower 1.2.0
2025-07-23 16:45:19,288 [INFO] ThirdParty:1030 - CMSIS Pack Vendor :STMicroelectronics FP-SNS-FLIGHT1 5.0.2
2025-07-23 16:45:19,288 [INFO] ThirdParty:1030 - CMSIS Pack Vendor :STMicroelectronics PDM2PCM 3.3.0
2025-07-23 16:45:19,288 [INFO] ThirdParty:1030 - CMSIS Pack Vendor :STMicroelectronics X-CUBE-AZRTOS-H7 3.4.0
2025-07-23 16:45:19,288 [INFO] ThirdParty:1030 - CMSIS Pack Vendor :STMicroelectronics X-CUBE-DISPLAY 3.0.0
2025-07-23 16:45:19,288 [INFO] ThirdParty:1030 - CMSIS Pack Vendor :STMicroelectronics X-CUBE-BLE1 7.0.0
2025-07-23 16:45:19,288 [INFO] ThirdParty:1030 - CMSIS Pack Vendor :STMicroelectronics X-CUBE-NFC10 1.0.0
2025-07-23 16:45:19,288 [INFO] ThirdParty:1030 - CMSIS Pack Vendor :STMicroelectronics X-CUBE-BLEMGR 4.0.0
2025-07-23 16:45:19,288 [INFO] ThirdParty:1030 - CMSIS Pack Vendor :STMicroelectronics X-CUBE-FREERTOS 1.3.1
2025-07-23 16:45:19,288 [INFO] ThirdParty:1030 - CMSIS Pack Vendor :STMicroelectronics HAL Drivers 0.0.0
2025-07-23 16:45:19,288 [INFO] ThirdParty:1030 - CMSIS Pack Vendor :emotas I-CUBE-CANOPEN 1.3.0
2025-07-23 16:45:19,288 [INFO] ThirdParty:1030 - CMSIS Pack Vendor :STMicroelectronics X-CUBE-FREERTOS 1.3.0
2025-07-23 16:45:19,288 [INFO] ThirdParty:1030 - CMSIS Pack Vendor :STMicroelectronics X-CUBE-NFC7 1.0.1
2025-07-23 16:45:19,288 [INFO] ThirdParty:1030 - CMSIS Pack Vendor :STMicroelectronics MBEDTLS 2.14.1
2025-07-23 16:45:19,288 [INFO] ThirdParty:1030 - CMSIS Pack Vendor :STMicroelectronics X-CUBE-BLEMGR 3.1.0
2025-07-23 16:45:19,288 [INFO] ThirdParty:1030 - CMSIS Pack Vendor :STMicroelectronics X-CUBE-AI 10.0.0
2025-07-23 16:45:19,288 [INFO] ThirdParty:1030 - CMSIS Pack Vendor :STMicroelectronics FP-SNS-STAIOTCFT 1.0.0
2025-07-23 16:45:19,288 [INFO] ThirdParty:1030 - CMSIS Pack Vendor :STMicroelectronics FP-SNS-SMARTAG2 1.2.0
2025-07-23 16:45:19,288 [INFO] ThirdParty:1030 - CMSIS Pack Vendor :STMicroelectronics FP-SNS-FLIGHT1 5.1.0
2025-07-23 16:45:19,288 [INFO] ThirdParty:1030 - CMSIS Pack Vendor :STMicroelectronics X-CUBE-MEMS1 11.1.0
2025-07-23 16:45:19,288 [INFO] ThirdParty:1030 - CMSIS Pack Vendor :STMicroelectronics X-CUBE-AZRTOS-WL 2.0.0
2025-07-23 16:45:19,290 [INFO] ThirdParty:1030 - CMSIS Pack Vendor :STMicroelectronics X-CUBE-DPower 1.3.0
2025-07-23 16:45:19,290 [INFO] ThirdParty:1030 - CMSIS Pack Vendor :STMicroelectronics FP-SNS-MOTENV1 5.0.0
2025-07-23 16:45:19,290 [INFO] ThirdParty:1030 - CMSIS Pack Vendor :STMicroelectronics USB_DEVICE 1.0.0
2025-07-23 16:45:19,290 [INFO] ThirdParty:1030 - CMSIS Pack Vendor :wolfSSL I-CUBE-wolfMQTT 1.19.0
2025-07-23 16:45:19,290 [INFO] ThirdParty:1030 - CMSIS Pack Vendor :STMicroelectronics X-CUBE-AZRTOS-L4 2.0.0
2025-07-23 16:45:19,290 [INFO] ThirdParty:1030 - CMSIS Pack Vendor :STMicroelectronics ThreadX 0.0.2
2025-07-23 16:45:19,290 [INFO] ThirdParty:1030 - CMSIS Pack Vendor :WES I-CUBE-Cesium 1.3.0
2025-07-23 16:45:19,290 [INFO] ThirdParty:1030 - CMSIS Pack Vendor :STMicroelectronics lwIP 2.1.2
2025-07-23 16:45:19,290 [INFO] ThirdParty:1030 - CMSIS Pack Vendor :STMicroelectronics X-CUBE-SFXS2LP1 4.0.0
2025-07-23 16:45:19,290 [INFO] ThirdParty:1030 - CMSIS Pack Vendor :STMicroelectronics X-CUBE-BLE2 3.3.0
2025-07-23 16:45:19,290 [INFO] ThirdParty:1030 - CMSIS Pack Vendor :STMicroelectronics PDM2PCM 3.2.0
2025-07-23 16:45:19,291 [INFO] ThirdParty:1030 - CMSIS Pack Vendor :STMicroelectronics X-CUBE-AZRTOS-H7 3.3.0
2025-07-23 16:45:19,291 [INFO] ThirdParty:1030 - CMSIS Pack Vendor :STMicroelectronics X-CUBE-NFC9 1.0.0
2025-07-23 16:45:19,291 [INFO] ThirdParty:1030 - CMSIS Pack Vendor :STMicroelectronics X-CUBE-BLE1 7.1.0
2025-07-23 16:45:19,291 [INFO] ThirdParty:1030 - CMSIS Pack Vendor :STMicroelectronics USB_DEVICE 3.0.0
2025-07-23 16:45:19,291 [INFO] ThirdParty:1030 - CMSIS Pack Vendor :STMicroelectronics X-CUBE-TCPP 4.1.0
2025-07-23 16:45:19,291 [INFO] ThirdParty:1030 - CMSIS Pack Vendor :STMicroelectronics X-CUBE-EEPRMA1 5.2.0
2025-07-23 16:45:19,291 [INFO] ThirdParty:1030 - CMSIS Pack Vendor :STMicroelectronics X-CUBE-BLEMGR 4.1.0
2025-07-23 16:45:19,291 [INFO] ThirdParty:1030 - CMSIS Pack Vendor :STMicroelectronics X-CUBE-IPS 3.0.0
2025-07-23 16:45:19,291 [INFO] ThirdParty:1030 - CMSIS Pack Vendor :STMicroelectronics X-CUBE-AZRTOS-WB 2.0.0
2025-07-23 16:45:19,291 [INFO] ThirdParty:1030 - CMSIS Pack Vendor :STMicroelectronics X-CUBE-GNSS1 7.0.0
2025-07-23 16:45:19,291 [INFO] ThirdParty:1030 - CMSIS Pack Vendor :STMicroelectronics X-CUBE-GNSS1 7.0.1
2025-07-23 16:45:19,291 [INFO] ThirdParty:1030 - CMSIS Pack Vendor :STMicroelectronics X-CUBE-TOUCHGFX 4.25.0
2025-07-23 16:45:19,291 [INFO] ThirdParty:1030 - CMSIS Pack Vendor :STMicroelectronics X-CUBE-AI 10.1.0
2025-07-23 16:45:19,291 [INFO] ThirdParty:1030 - CMSIS Pack Vendor :STMicroelectronics FP-SNS-STBOX1 2.0.0
2025-07-23 16:45:19,291 [INFO] ThirdParty:1030 - CMSIS Pack Vendor :STMicroelectronics X-CUBE-MEMS1 11.2.0
2025-07-23 16:45:19,291 [INFO] ThirdParty:1030 - CMSIS Pack Vendor :STMicroelectronics X-CUBE-AZRTOS-G0 1.1.0
2025-07-23 16:45:19,291 [INFO] ThirdParty:1030 - CMSIS Pack Vendor :STMicroelectronics X-CUBE-SAFEA1 1.2.2
2025-07-23 16:45:19,291 [INFO] ThirdParty:1030 - CMSIS Pack Vendor :STMicroelectronics X-CUBE-NFC4 3.0.0
2025-07-23 16:45:19,291 [INFO] ThirdParty:1030 - CMSIS Pack Vendor :STMicroelectronics X-CUBE-SUBG2 5.0.0
2025-07-23 16:45:19,291 [INFO] ThirdParty:1030 - CMSIS Pack Vendor :STMicroelectronics X-CUBE-AZRTOS-H7RS 1.1.0
2025-07-23 16:45:19,291 [INFO] ThirdParty:1030 - CMSIS Pack Vendor :STMicroelectronics STM32_WPAN 1.0.0
2025-07-23 16:45:19,292 [INFO] ThirdParty:1030 - CMSIS Pack Vendor :EmbeddedOffice I-CUBE-FS-RTOS 1.0.1
2025-07-23 16:45:19,292 [INFO] ThirdParty:1030 - CMSIS Pack Vendor :STMicroelectronics lwIP 2.0.3
2025-07-23 16:45:19,292 [INFO] ThirdParty:1030 - CMSIS Pack Vendor :Cesanta I-CUBE-Mongoose 7.13.0
2025-07-23 16:45:19,292 [INFO] ThirdParty:1030 - CMSIS Pack Vendor :STMicroelectronics USB_HOST 1.0.0
2025-07-23 16:45:19,292 [INFO] ThirdParty:1030 - CMSIS Pack Vendor :STMicroelectronics X-CUBE-AZRTOS-G4 2.0.0
2025-07-23 16:45:19,292 [INFO] ThirdParty:1030 - CMSIS Pack Vendor :STMicroelectronics X-CUBE-WB05N 2.0.0
2025-07-23 16:45:19,292 [INFO] ThirdParty:1030 - CMSIS Pack Vendor :STMicroelectronics PDM2PCM 3.1.0
2025-07-23 16:45:19,292 [INFO] ThirdParty:1030 - CMSIS Pack Vendor :STMicroelectronics X-CUBE-NFC7 2.0.0
2025-07-23 16:45:19,292 [INFO] ThirdParty:1030 - CMSIS Pack Vendor :STMicroelectronics X-CUBE-TCPP 4.2.0
2025-07-23 16:45:19,292 [INFO] ThirdParty:1030 - CMSIS Pack Vendor :RealThread X-CUBE-RT-Thread_Nano 4.1.1
2025-07-23 16:45:19,292 [INFO] ThirdParty:1030 - CMSIS Pack Vendor :STMicroelectronics FP-ATR-SIGFOX1 3.2.0
2025-07-23 16:45:19,292 [INFO] ThirdParty:1030 - CMSIS Pack Vendor :quantropi X-CUBE-qispace-sdk-base 1.9.3
2025-07-23 16:45:19,292 [INFO] ThirdParty:1030 - CMSIS Pack Vendor :STMicroelectronics X-CUBE-EEPRMA1 5.1.0
2025-07-23 16:45:19,292 [INFO] ThirdParty:1030 - CMSIS Pack Vendor :STMicroelectronics MBEDTLS 2.16.2
2025-07-23 16:45:19,292 [INFO] ThirdParty:1030 - CMSIS Pack Vendor :STMicroelectronics X-CUBE-IPS 3.1.0
2025-07-23 16:45:19,292 [INFO] ThirdParty:1030 - CMSIS Pack Vendor :STMicroelectronics X-CUBE-ALS 1.0.2
2025-07-23 16:45:19,292 [INFO] ThirdParty:1030 - CMSIS Pack Vendor :wolfSSL I-CUBE-wolfSSL 5.7.4
2025-07-23 16:45:19,292 [INFO] ThirdParty:1030 - CMSIS Pack Vendor :ITTIA_DB I-CUBE-ITTIADB 8.9.0
2025-07-23 16:45:19,292 [INFO] ThirdParty:1030 - CMSIS Pack Vendor :STMicroelectronics X-CUBE-TOUCHGFX 4.24.2
2025-07-23 16:45:19,292 [INFO] ThirdParty:1030 - CMSIS Pack Vendor :STMicroelectronics X-CUBE-TOUCHGFX 4.24.1
2025-07-23 16:45:19,292 [INFO] ThirdParty:1030 - CMSIS Pack Vendor :wolfSSL I-CUBE-wolfTPM 3.4.0
2025-07-23 16:45:19,292 [INFO] ThirdParty:1030 - CMSIS Pack Vendor :portGmbH I-Cube-SoM-uGOAL 1.1.0
2025-07-23 16:45:19,292 [INFO] ThirdParty:1030 - CMSIS Pack Vendor :STMicroelectronics X-CUBE-ST67W61 1.0.0
2025-07-23 16:45:19,292 [INFO] ThirdParty:1030 - CMSIS Pack Vendor :STMicroelectronics ThreadX 1.0.0
2025-07-23 16:45:19,293 [INFO] ThirdParty:1030 - CMSIS Pack Vendor :SEGGER I-CUBE-embOS 1.3.1
2025-07-23 16:45:19,293 [INFO] ThirdParty:1030 - CMSIS Pack Vendor :STMicroelectronics X-CUBE-ALGOBUILD 1.4.0
2025-07-23 16:45:19,293 [INFO] ThirdParty:1030 - CMSIS Pack Vendor :STMicroelectronics X-CUBE-MEMS1 11.3.0
2025-07-23 16:45:19,293 [INFO] ThirdParty:1030 - CMSIS Pack Vendor :STMicroelectronics X-CUBE-AZRTOS-H7RS 1.0.0
2025-07-23 16:45:19,293 [INFO] ThirdParty:1030 - CMSIS Pack Vendor :STMicroelectronics FP-ATR-ASTRA1 2.0.0
2025-07-23 16:45:19,293 [INFO] ThirdParty:1030 - CMSIS Pack Vendor :STMicroelectronics X-CUBE-TOF1 3.4.2
2025-07-23 16:45:19,293 [INFO] ThirdParty:1030 - CMSIS Pack Vendor :STMicroelectronics X-CUBE-TOF1 3.4.3
2025-07-23 16:45:19,293 [INFO] ThirdParty:1030 - CMSIS Pack Vendor :STMicroelectronics X-CUBE-AI 9.1.0
2025-07-23 16:45:19,293 [INFO] ThirdParty:1030 - CMSIS Pack Vendor :Infineon AIROC-Wi-Fi-Bluetooth-STM32 1.6.1
2025-07-23 16:45:19,293 [INFO] ThirdParty:1030 - CMSIS Pack Vendor :wolfSSL I-CUBE-wolfSSH 1.4.17
2025-07-23 16:45:19,293 [INFO] ThirdParty:841 - exiting critical section [change project]
2025-07-23 16:45:19,773 [INFO] PinOutPanel:1589 - setPackage(No Configuration,No Configuration)
2025-07-23 16:45:19,776 [INFO] PinOutPanel:1589 - setPackage(STM32F767ZITx,LQFP144)
2025-07-23 16:45:20,554 [INFO] UtilMem:75 - Before build in PCC Used Memory: 567605800 Bytes (713031680)
2025-07-23 16:45:21,603 [INFO] UtilMem:75 - After build in PCC Used Memory: 631568936 Bytes (713031680)
2025-07-23 16:45:21,648 [INFO] IPUIPlugin:80 - create IPUIPlugin
2025-07-23 16:45:21,648 [INFO] IPUIPlugin:80 - create IPUIPlugin
2025-07-23 16:45:21,648 [INFO] IPUIPlugin:80 - create IPUIPlugin
2025-07-23 16:45:21,648 [INFO] IPUIPlugin:80 - create IPUIPlugin
2025-07-23 16:45:21,649 [INFO] IPUIPlugin:80 - create IPUIPlugin
2025-07-23 16:45:21,649 [INFO] IPUIPlugin:80 - create IPUIPlugin
2025-07-23 16:45:21,649 [INFO] IPUIPlugin:80 - create IPUIPlugin
2025-07-23 16:45:21,649 [INFO] IPUIPlugin:80 - create IPUIPlugin
2025-07-23 16:45:21,649 [INFO] IPUIPlugin:80 - create IPUIPlugin
2025-07-23 16:45:21,650 [INFO] IPUIPlugin:80 - create IPUIPlugin
2025-07-23 16:45:21,650 [INFO] IPUIPlugin:80 - create IPUIPlugin
2025-07-23 16:45:21,650 [INFO] IPUIPlugin:80 - create IPUIPlugin
2025-07-23 16:45:21,650 [INFO] IPUIPlugin:80 - create IPUIPlugin
2025-07-23 16:45:21,650 [INFO] IPUIPlugin:80 - create IPUIPlugin
2025-07-23 16:45:21,650 [INFO] IPUIPlugin:80 - create IPUIPlugin
2025-07-23 16:45:21,650 [INFO] IPUIPlugin:80 - create IPUIPlugin
2025-07-23 16:45:21,650 [INFO] IPUIPlugin:80 - create IPUIPlugin
2025-07-23 16:45:21,650 [INFO] IPUIPlugin:80 - create IPUIPlugin
2025-07-23 16:45:21,650 [INFO] IPUIPlugin:80 - create IPUIPlugin
2025-07-23 16:45:21,650 [INFO] IPUIPlugin:80 - create IPUIPlugin
2025-07-23 16:45:21,650 [INFO] IPUIPlugin:80 - create IPUIPlugin
2025-07-23 16:45:21,651 [INFO] IPUIPlugin:80 - create IPUIPlugin
2025-07-23 16:45:21,651 [INFO] IPUIPlugin:80 - create IPUIPlugin
2025-07-23 16:45:21,651 [INFO] IPUIPlugin:80 - create IPUIPlugin
2025-07-23 16:45:21,651 [INFO] IPUIPlugin:80 - create IPUIPlugin
2025-07-23 16:45:21,651 [INFO] IPUIPlugin:80 - create IPUIPlugin
2025-07-23 16:45:21,651 [INFO] IPUIPlugin:80 - create IPUIPlugin
2025-07-23 16:45:21,651 [INFO] IPUIPlugin:80 - create IPUIPlugin
2025-07-23 16:45:21,651 [INFO] IPUIPlugin:80 - create IPUIPlugin
2025-07-23 16:45:21,651 [INFO] IPUIPlugin:80 - create IPUIPlugin
2025-07-23 16:45:21,651 [INFO] IPUIPlugin:80 - create IPUIPlugin
2025-07-23 16:45:21,652 [INFO] IPUIPlugin:80 - create IPUIPlugin
2025-07-23 16:45:21,652 [INFO] IPUIPlugin:80 - create IPUIPlugin
2025-07-23 16:45:21,652 [INFO] IPUIPlugin:80 - create IPUIPlugin
2025-07-23 16:45:21,652 [INFO] IPUIPlugin:80 - create IPUIPlugin
2025-07-23 16:45:21,652 [INFO] IPUIPlugin:80 - create IPUIPlugin
2025-07-23 16:45:21,652 [INFO] IPUIPlugin:80 - create IPUIPlugin
2025-07-23 16:45:21,652 [INFO] IPUIPlugin:80 - create IPUIPlugin
2025-07-23 16:45:21,653 [INFO] IPUIPlugin:80 - create IPUIPlugin
2025-07-23 16:45:21,653 [INFO] IPUIPlugin:80 - create IPUIPlugin
2025-07-23 16:45:21,653 [INFO] IPUIPlugin:80 - create IPUIPlugin
2025-07-23 16:45:21,653 [INFO] IPUIPlugin:80 - create IPUIPlugin
2025-07-23 16:45:21,653 [INFO] IPUIPlugin:80 - create IPUIPlugin
2025-07-23 16:45:21,653 [INFO] IPUIPlugin:80 - create IPUIPlugin
2025-07-23 16:45:21,653 [INFO] IPUIPlugin:80 - create IPUIPlugin
2025-07-23 16:45:21,654 [INFO] IPUIPlugin:80 - create IPUIPlugin
2025-07-23 16:45:21,654 [INFO] IPUIPlugin:80 - create IPUIPlugin
2025-07-23 16:45:21,654 [INFO] IPUIPlugin:80 - create IPUIPlugin
2025-07-23 16:45:21,654 [INFO] IPUIPlugin:80 - create IPUIPlugin
2025-07-23 16:45:21,654 [INFO] IPUIPlugin:80 - create IPUIPlugin
2025-07-23 16:45:21,654 [INFO] IPUIPlugin:80 - create IPUIPlugin
2025-07-23 16:45:21,654 [INFO] IPUIPlugin:80 - create IPUIPlugin
2025-07-23 16:45:21,655 [INFO] IPUIPlugin:80 - create IPUIPlugin
2025-07-23 16:45:21,655 [INFO] IPUIPlugin:80 - create IPUIPlugin
2025-07-23 16:45:21,655 [INFO] IPUIPlugin:80 - create IPUIPlugin
2025-07-23 16:45:21,655 [INFO] IPUIPlugin:80 - create IPUIPlugin
2025-07-23 16:45:21,655 [INFO] IPUIPlugin:80 - create IPUIPlugin
2025-07-23 16:45:21,655 [INFO] IPUIPlugin:80 - create IPUIPlugin
2025-07-23 16:45:21,656 [INFO] IPUIPlugin:80 - create IPUIPlugin
2025-07-23 16:45:21,656 [INFO] IPUIPlugin:80 - create IPUIPlugin
2025-07-23 16:45:21,656 [INFO] IPUIPlugin:80 - create IPUIPlugin
2025-07-23 16:45:21,656 [INFO] IPUIPlugin:80 - create IPUIPlugin
2025-07-23 16:45:21,656 [INFO] IPUIPlugin:80 - create IPUIPlugin
2025-07-23 16:45:21,656 [INFO] IPUIPlugin:80 - create IPUIPlugin
2025-07-23 16:45:21,657 [INFO] IPUIPlugin:80 - create IPUIPlugin
2025-07-23 16:45:21,657 [INFO] IPUIPlugin:80 - create IPUIPlugin
2025-07-23 16:45:21,657 [INFO] IPUIPlugin:80 - create IPUIPlugin
2025-07-23 16:45:21,657 [INFO] IPUIPlugin:80 - create IPUIPlugin
2025-07-23 16:45:21,657 [INFO] IPUIPlugin:80 - create IPUIPlugin
2025-07-23 16:45:21,658 [INFO] IPUIPlugin:80 - create IPUIPlugin
2025-07-23 16:45:21,658 [INFO] IPUIPlugin:80 - create IPUIPlugin
2025-07-23 16:45:21,658 [INFO] IPUIPlugin:80 - create IPUIPlugin
2025-07-23 16:45:21,658 [INFO] IPUIPlugin:80 - create IPUIPlugin
2025-07-23 16:45:21,659 [INFO] IPUIPlugin:80 - create IPUIPlugin
2025-07-23 16:45:21,659 [INFO] IPUIPlugin:80 - create IPUIPlugin
2025-07-23 16:45:21,659 [INFO] IPUIPlugin:80 - create IPUIPlugin
2025-07-23 16:45:21,659 [INFO] IPUIPlugin:80 - create IPUIPlugin
2025-07-23 16:45:21,660 [INFO] IPUIPlugin:80 - create IPUIPlugin
2025-07-23 16:45:21,660 [INFO] IPUIPlugin:80 - create IPUIPlugin
2025-07-23 16:45:21,737 [INFO] ApiDbMcu:532 - Load IP Config File for PDM2PCM
2025-07-23 16:45:21,925 [INFO] CADModel:165 - CPN selected for project levelSTM32F767ZIT6
2025-07-23 16:45:21,925 [INFO] CADModel:114 - Register for checkConnection events
2025-07-23 16:45:21,971 [INFO] OpenFileManager:386 - Restore cursor
2025-07-23 16:45:22,245 [WARN] IP:2250 - Warning not found: check if there is a RefParameter without a condition.
2025-07-23 16:45:22,245 [WARN] IP:2250 - RxBufferAddress not found: check if there is a RefParameter without a condition.
2025-07-23 16:45:22,245 [WARN] IP:2250 - DESC_SIZE_UNIT not found: check if there is a RefParameter without a condition.
2025-07-23 16:45:22,246 [WARN] IP:2250 - Warning not found: check if there is a RefParameter without a condition.
2025-07-23 16:45:22,246 [WARN] IP:2250 - RxBufferAddress not found: check if there is a RefParameter without a condition.
2025-07-23 16:45:22,246 [WARN] IP:2250 - DESC_SIZE_UNIT not found: check if there is a RefParameter without a condition.
2025-07-23 16:45:22,996 [INFO] UtilMem:75 - End SaveConfig() Used Memory: 549601304 Bytes (713031680)
2025-07-23 16:45:23,112 [INFO] UtilMem:75 - End SaveConfig() Used Memory: 580528472 Bytes (713031680)
2025-07-23 16:45:23,710 [INFO] BlockDiagram:2775 - set Specific Code input for plugin: SYS
2025-07-23 16:45:23,710 [INFO] BlockDiagram:2775 - set Specific Code input for plugin: RCC
2025-07-23 16:45:23,710 [INFO] BlockDiagram:2775 - set Specific Code input for plugin: USB_OTG_FS
2025-07-23 16:45:23,711 [INFO] BlockDiagram:2775 - set Specific Code input for plugin: NVIC
2025-07-23 16:45:23,711 [INFO] BlockDiagram:2775 - set Specific Code input for plugin: USART
2025-07-23 16:45:23,711 [INFO] BlockDiagram:2775 - set Specific Code input for plugin: GPIO
2025-07-23 16:45:23,711 [INFO] BlockDiagram:2775 - set Specific Code input for plugin: ETH
2025-07-23 16:45:23,713 [INFO] CodeGenerator:892 - code generatio: config db path: C:\ST\STM32CubeIDE_1.16.1\STM32CubeIDE\plugins\com.st.stm32cube.common.mx_6.15.0.202507011659\\db\
2025-07-23 16:45:23,722 [WARN] IP:2250 - Warning not found: check if there is a RefParameter without a condition.
2025-07-23 16:45:23,722 [WARN] IP:2250 - RxBufferAddress not found: check if there is a RefParameter without a condition.
2025-07-23 16:45:23,722 [WARN] IP:2250 - DESC_SIZE_UNIT not found: check if there is a RefParameter without a condition.
2025-07-23 16:45:23,957 [INFO] CodeEngine:265 - oldGeneratedFile, C:\Users\Chinnapop\STM32CubeIDE\workspace\magnetometer_emulator\MXTmpFiles\license.tmp_save
2025-07-23 16:45:24,402 [INFO] CodeEngine:289 - Generated code: C:\Users\Chinnapop\STM32CubeIDE\workspace\magnetometer_emulator\MXTmpFiles\license.tmp
2025-07-23 16:45:24,575 [INFO] CodeEngine:265 - oldGeneratedFile, C:\Users\Chinnapop\STM32CubeIDE\workspace\magnetometer_emulator\MXTmpFiles\gpio.tmp_save
2025-07-23 16:45:24,776 [INFO] CodeEngine:289 - Generated code: C:\Users\Chinnapop\STM32CubeIDE\workspace\magnetometer_emulator\MXTmpFiles\gpio.tmp
2025-07-23 16:45:25,234 [WARN] IPConfigManager:3238 - Warning: the RefConfig PWREx_EnableUSBVoltageDetector is not available in your config.xml file
2025-07-23 16:45:25,252 [INFO] CodeEngine:265 - oldGeneratedFile, C:\Users\Chinnapop\STM32CubeIDE\workspace\magnetometer_emulator\MXTmpFiles\cortex.tmp_save
2025-07-23 16:45:25,378 [INFO] CodeEngine:289 - Generated code: C:\Users\Chinnapop\STM32CubeIDE\workspace\magnetometer_emulator\MXTmpFiles\cortex.tmp
2025-07-23 16:45:25,412 [INFO] CodeEngine:265 - oldGeneratedFile, C:\Users\Chinnapop\STM32CubeIDE\workspace\magnetometer_emulator\Core\Src\stm32f7xx_it.c_save
2025-07-23 16:45:25,528 [INFO] CodeEngine:289 - Generated code: C:\Users\Chinnapop\STM32CubeIDE\workspace\magnetometer_emulator\Core\Src\stm32f7xx_it.c
2025-07-23 16:45:25,537 [INFO] CodeEngine:265 - oldGeneratedFile, C:\Users\Chinnapop\STM32CubeIDE\workspace\magnetometer_emulator\Core\Inc\stm32f7xx_it.h_save
2025-07-23 16:45:25,633 [INFO] CodeEngine:289 - Generated code: C:\Users\Chinnapop\STM32CubeIDE\workspace\magnetometer_emulator\Core\Inc\stm32f7xx_it.h
2025-07-23 16:45:25,657 [INFO] CodeEngine:265 - oldGeneratedFile, C:\Users\Chinnapop\STM32CubeIDE\workspace\magnetometer_emulator\Core\Src\stm32f7xx_hal_msp.c_save
2025-07-23 16:45:25,825 [INFO] CodeEngine:289 - Generated code: C:\Users\Chinnapop\STM32CubeIDE\workspace\magnetometer_emulator\Core\Src\stm32f7xx_hal_msp.c
2025-07-23 16:45:25,833 [INFO] CodeEngine:265 - oldGeneratedFile, C:\Users\Chinnapop\STM32CubeIDE\workspace\magnetometer_emulator\MXTmpFiles\system.tmp_save
2025-07-23 16:45:25,919 [INFO] CodeEngine:289 - Generated code: C:\Users\Chinnapop\STM32CubeIDE\workspace\magnetometer_emulator\MXTmpFiles\system.tmp
2025-07-23 16:45:25,937 [INFO] CodeEngine:321 - oldGeneratedFile, C:\Users\Chinnapop\STM32CubeIDE\workspace\magnetometer_emulator\Core\Inc\stm32f7xx_hal_conf.h_save
2025-07-23 16:45:26,021 [INFO] CodeEngine:345 - Generated code: C:\Users\Chinnapop\STM32CubeIDE\workspace\magnetometer_emulator\Core\Inc\stm32f7xx_hal_conf.h
2025-07-23 16:45:26,103 [INFO] ApiDbMcu:532 - Load IP Config File for ETH
2025-07-23 16:45:26,113 [INFO] ApiDbMcu:532 - Load IP Config File for USART3
2025-07-23 16:45:26,118 [INFO] ApiDbMcu:532 - Load IP Config File for USB_OTG_FS
2025-07-23 16:45:26,123 [INFO] ApiDbMcu:532 - Load IP Config File for RCC
2025-07-23 16:45:26,132 [WARN] IPConfigManager:3811 - IP not found : USB_OTG
2025-07-23 16:45:26,134 [WARN] CodeGenerator:4259 - IP not found : null
2025-07-23 16:45:26,152 [INFO] CodeEngine:265 - oldGeneratedFile, C:\Users\Chinnapop\STM32CubeIDE\workspace\magnetometer_emulator\Core\Inc\main.h_save
2025-07-23 16:45:26,260 [INFO] CodeEngine:289 - Generated code: C:\Users\Chinnapop\STM32CubeIDE\workspace\magnetometer_emulator\Core\Inc\main.h
2025-07-23 16:45:26,272 [INFO] CodeEngine:265 - oldGeneratedFile, C:\Users\Chinnapop\STM32CubeIDE\workspace\magnetometer_emulator\Core\Src\main.c_save
2025-07-23 16:45:26,471 [INFO] CodeEngine:289 - Generated code: C:\Users\Chinnapop\STM32CubeIDE\workspace\magnetometer_emulator\Core\Src\main.c
2025-07-23 16:45:27,088 [INFO] ProjectBuilder:3606 - Time for Copy HAL[1] : 300mS.
2025-07-23 16:45:27,100 [INFO] ProjectBuilder:5216 - Project Generator version: 4.7.0-B52
2025-07-23 16:45:27,193 [INFO] ConfigFileManager:1595 - The Die is : DIE451
2025-07-23 16:45:27,201 [INFO] ApiDbMcu:532 - Load IP Config File for FATFS
2025-07-23 16:45:27,205 [INFO] ApiDbMcu:532 - Load IP Config File for FREERTOS
2025-07-23 16:45:27,208 [INFO] ApiDbMcu:532 - Load IP Config File for LIBJPEG
2025-07-23 16:45:27,212 [INFO] ApiDbMcu:532 - Load IP Config File for LWIP
2025-07-23 16:45:27,218 [INFO] ApiDbMcu:532 - Load IP Config File for MBEDTLS
2025-07-23 16:45:27,224 [INFO] ApiDbMcu:532 - Load IP Config File for USB_DEVICE
2025-07-23 16:45:27,229 [INFO] ApiDbMcu:532 - Load IP Config File for USB_HOST
2025-07-23 16:45:27,865 [INFO] LogOutputStream:77 - [STDOUT_REDIRECT] 
2025-07-23 16:45:34,035 [INFO] ProjectBuilder:5496 - Time for Generating toolchain IDE Files: 6934mS.
2025-07-23 16:45:34,036 [INFO] ProjectBuilder:3463 - Time for Copy CMSIS : 1mS.
2025-07-23 16:45:34,039 [INFO] ProjectBuilder:3463 - Time for Copy CMSIS : 0mS.
2025-07-23 16:45:35,011 [INFO] McuFinderGlobals:76 - Set McuFinderConnectedMode to true
2025-07-23 16:45:35,015 [INFO] ApiDb:448 - Save user favorites file C:\Users\Chinnapop/.stm32cubeide/favorites.mcus.txt: 0 item(s)
2025-07-23 16:45:35,015 [INFO] ApiDb:452 - User favorites MCUs=[]
2025-07-23 16:45:35,018 [INFO] ApiDb:448 - Save user favorites file C:\Users\Chinnapop/.stm32cubeide/favorites.boards.txt: 0 item(s)
2025-07-23 16:45:35,018 [INFO] ApiDb:452 - User favorites Boards=[]
2025-07-23 16:49:25,446 [INFO] WebApp:194 - Connection lost
2025-07-23 16:49:25,675 [INFO] WebApp:191 - Connection restablished
2025-07-23 16:55:52,608 [INFO] UtilMem:75 - End SaveConfig() Used Memory: 407512760 Bytes (717225984)
2025-07-23 16:55:52,943 [INFO] BlockDiagram:2775 - set Specific Code input for plugin: SYS
2025-07-23 16:55:52,943 [INFO] BlockDiagram:2775 - set Specific Code input for plugin: RCC
2025-07-23 16:55:52,943 [INFO] BlockDiagram:2775 - set Specific Code input for plugin: USB_OTG_FS
2025-07-23 16:55:52,943 [INFO] BlockDiagram:2775 - set Specific Code input for plugin: NVIC
2025-07-23 16:55:52,944 [INFO] BlockDiagram:2775 - set Specific Code input for plugin: USART
2025-07-23 16:55:52,945 [INFO] BlockDiagram:2775 - set Specific Code input for plugin: GPIO
2025-07-23 16:55:52,945 [INFO] BlockDiagram:2775 - set Specific Code input for plugin: ETH
2025-07-23 16:55:52,947 [INFO] CodeGenerator:892 - code generatio: config db path: C:\ST\STM32CubeIDE_1.16.1\STM32CubeIDE\plugins\com.st.stm32cube.common.mx_6.15.0.202507011659\\db\
2025-07-23 16:55:52,950 [WARN] IP:2250 - Warning not found: check if there is a RefParameter without a condition.
2025-07-23 16:55:52,950 [WARN] IP:2250 - RxBufferAddress not found: check if there is a RefParameter without a condition.
2025-07-23 16:55:52,950 [WARN] IP:2250 - DESC_SIZE_UNIT not found: check if there is a RefParameter without a condition.
2025-07-23 16:55:53,027 [INFO] CodeEngine:265 - oldGeneratedFile, C:\Users\Chinnapop\STM32CubeIDE\workspace\magnetometer_emulator\MXTmpFiles\license.tmp_save
2025-07-23 16:55:53,084 [INFO] CodeEngine:289 - Generated code: C:\Users\Chinnapop\STM32CubeIDE\workspace\magnetometer_emulator\MXTmpFiles\license.tmp
2025-07-23 16:55:53,147 [INFO] CodeEngine:265 - oldGeneratedFile, C:\Users\Chinnapop\STM32CubeIDE\workspace\magnetometer_emulator\MXTmpFiles\gpio.tmp_save
2025-07-23 16:55:53,216 [INFO] CodeEngine:289 - Generated code: C:\Users\Chinnapop\STM32CubeIDE\workspace\magnetometer_emulator\MXTmpFiles\gpio.tmp
2025-07-23 16:55:53,439 [WARN] IPConfigManager:3238 - Warning: the RefConfig PWREx_EnableUSBVoltageDetector is not available in your config.xml file
2025-07-23 16:55:53,455 [INFO] CodeEngine:265 - oldGeneratedFile, C:\Users\Chinnapop\STM32CubeIDE\workspace\magnetometer_emulator\MXTmpFiles\cortex.tmp_save
2025-07-23 16:55:53,521 [INFO] CodeEngine:289 - Generated code: C:\Users\Chinnapop\STM32CubeIDE\workspace\magnetometer_emulator\MXTmpFiles\cortex.tmp
2025-07-23 16:55:53,546 [INFO] CodeEngine:265 - oldGeneratedFile, C:\Users\Chinnapop\STM32CubeIDE\workspace\magnetometer_emulator\Core\Src\stm32f7xx_it.c_save
2025-07-23 16:55:53,617 [INFO] CodeEngine:289 - Generated code: C:\Users\Chinnapop\STM32CubeIDE\workspace\magnetometer_emulator\Core\Src\stm32f7xx_it.c
2025-07-23 16:55:53,628 [INFO] CodeEngine:265 - oldGeneratedFile, C:\Users\Chinnapop\STM32CubeIDE\workspace\magnetometer_emulator\Core\Inc\stm32f7xx_it.h_save
2025-07-23 16:55:53,691 [INFO] CodeEngine:289 - Generated code: C:\Users\Chinnapop\STM32CubeIDE\workspace\magnetometer_emulator\Core\Inc\stm32f7xx_it.h
2025-07-23 16:55:53,713 [INFO] CodeEngine:265 - oldGeneratedFile, C:\Users\Chinnapop\STM32CubeIDE\workspace\magnetometer_emulator\Core\Src\stm32f7xx_hal_msp.c_save
2025-07-23 16:55:53,808 [INFO] CodeEngine:289 - Generated code: C:\Users\Chinnapop\STM32CubeIDE\workspace\magnetometer_emulator\Core\Src\stm32f7xx_hal_msp.c
2025-07-23 16:55:53,817 [INFO] CodeEngine:265 - oldGeneratedFile, C:\Users\Chinnapop\STM32CubeIDE\workspace\magnetometer_emulator\MXTmpFiles\system.tmp_save
2025-07-23 16:55:53,868 [INFO] CodeEngine:289 - Generated code: C:\Users\Chinnapop\STM32CubeIDE\workspace\magnetometer_emulator\MXTmpFiles\system.tmp
2025-07-23 16:55:53,884 [INFO] CodeEngine:321 - oldGeneratedFile, C:\Users\Chinnapop\STM32CubeIDE\workspace\magnetometer_emulator\Core\Inc\stm32f7xx_hal_conf.h_save
2025-07-23 16:55:53,944 [INFO] CodeEngine:345 - Generated code: C:\Users\Chinnapop\STM32CubeIDE\workspace\magnetometer_emulator\Core\Inc\stm32f7xx_hal_conf.h
2025-07-23 16:55:53,962 [WARN] IPConfigManager:3811 - IP not found : USB_OTG
2025-07-23 16:55:53,963 [WARN] CodeGenerator:4259 - IP not found : null
2025-07-23 16:55:53,976 [INFO] CodeEngine:265 - oldGeneratedFile, C:\Users\Chinnapop\STM32CubeIDE\workspace\magnetometer_emulator\Core\Inc\main.h_save
2025-07-23 16:55:54,066 [INFO] CodeEngine:289 - Generated code: C:\Users\Chinnapop\STM32CubeIDE\workspace\magnetometer_emulator\Core\Inc\main.h
2025-07-23 16:55:54,082 [INFO] CodeEngine:265 - oldGeneratedFile, C:\Users\Chinnapop\STM32CubeIDE\workspace\magnetometer_emulator\Core\Src\main.c_save
2025-07-23 16:55:54,194 [INFO] CodeEngine:289 - Generated code: C:\Users\Chinnapop\STM32CubeIDE\workspace\magnetometer_emulator\Core\Src\main.c
2025-07-23 16:55:54,836 [INFO] ProjectBuilder:3606 - Time for Copy HAL[1] : 494mS.
2025-07-23 16:55:54,847 [INFO] ProjectBuilder:5216 - Project Generator version: 4.7.0-B52
2025-07-23 16:55:54,918 [INFO] ConfigFileManager:1595 - The Die is : DIE451
2025-07-23 16:55:56,013 [INFO] ProjectBuilder:5496 - Time for Generating toolchain IDE Files: 1166mS.
2025-07-23 16:55:56,014 [INFO] ProjectBuilder:3463 - Time for Copy CMSIS : 0mS.
2025-07-23 16:55:56,018 [INFO] ProjectBuilder:3463 - Time for Copy CMSIS : 0mS.
2025-07-23 17:20:12,432 [INFO] WebApp:194 - Connection lost
2025-07-23 17:20:12,760 [INFO] WebApp:191 - Connection restablished
2025-07-23 17:50:37,550 [ERROR] LogOutputStream:75 - [STDERR_REDIRECT] 
