2026-01-12 09:56:36,865 [INFO] Activator:176 - 


2026-01-12 09:56:36,869 [INFO] Activator:177 - !SESSION log4j initialized
2026-01-12 09:56:58,062 [INFO] LogOutputStream:77 - [STDOUT_REDIRECT] 
2026-01-12 09:56:59,758 [INFO] ApplicationProperties:184 - Using Application install path: C:\ST\STM32CubeIDE_1.16.1\STM32CubeIDE\plugins\com.st.stm32cube.common.mx_6.15.0.202507011659
2026-01-12 09:56:59,777 [INFO] DbMcusXml:78 - Set database path to: C:\ST\STM32CubeIDE_1.16.1\STM32CubeIDE\plugins\com.st.stm32cube.common.mx_6.15.0.202507011659\\db\/mcu/
2026-01-12 09:56:59,777 [INFO] ApiDb:274 - Set plugin database path to: C:\ST\STM32CubeIDE_1.16.1\STM32CubeIDE\plugins\com.st.stm32cube.common.mx_6.15.0.202507011659\\db\/plugins/boardmanager/
2026-01-12 09:56:59,778 [WARN] ApiDb:259 - Overriding images path with different value:  => C:\ST\STM32CubeIDE_1.16.1\STM32CubeIDE\plugins\com.st.stm32cube.common.mx_6.15.0.202507011659\\db\/plugins/mcufinder/images/
2026-01-12 09:56:59,787 [INFO] ApiDb:250 - Set database path to: C:\Users\Chinnapop\.stmcufinder\plugins\mcufinder//mcu/
2026-01-12 09:56:59,789 [INFO] DbMcusAds:125 - Set database path to: C:\Users\Chinnapop\.stmcufinder\plugins\mcufinder//mcu/
2026-01-12 09:56:59,791 [INFO] CrossReferenceDbSqlite:203 - Set database path to: C:\Users\Chinnapop\.stmcufinder\plugins\mcufinder//mcu/cs/
2026-01-12 09:56:59,939 [INFO] RulesReader:64 - Compatibility file has been processed (317 Rules)
2026-01-12 09:57:00,051 [INFO] DbMcusXml:78 - Set database path to: C:\ST\STM32CubeIDE_1.16.1\STM32CubeIDE\plugins\com.st.stm32cube.common.mx_6.15.0.202507011659\\db\/mcu/
2026-01-12 09:57:00,051 [INFO] ApiDb:274 - Set plugin database path to: C:\ST\STM32CubeIDE_1.16.1\STM32CubeIDE\plugins\com.st.stm32cube.common.mx_6.15.0.202507011659\\db\/plugins/boardmanager/
2026-01-12 09:57:00,051 [INFO] ApiDb:261 - Set plugin images path to: C:\ST\STM32CubeIDE_1.16.1\STM32CubeIDE\plugins\com.st.stm32cube.common.mx_6.15.0.202507011659\\db\/plugins/mcufinder/images/
2026-01-12 09:57:00,051 [WARN] DbFile:41 - Overriding database path with different value: C:\Users\Chinnapop\.stmcufinder\plugins\mcufinder/ => C:\Users\Chinnapop\.stmcufinder\plugins\mcufinder
2026-01-12 09:57:00,052 [INFO] ApiDb:250 - Set database path to: C:\Users\Chinnapop\.stmcufinder\plugins\mcufinder//mcu/
2026-01-12 09:57:00,052 [WARN] DbFile:41 - Overriding database path with different value: C:\Users\Chinnapop\.stmcufinder\plugins\mcufinder/ => C:\Users\Chinnapop\.stmcufinder\plugins\mcufinder
2026-01-12 09:57:00,052 [INFO] DbMcusAds:125 - Set database path to: C:\Users\Chinnapop\.stmcufinder\plugins\mcufinder//mcu/
2026-01-12 09:57:00,052 [WARN] DbFile:41 - Overriding database path with different value: C:\Users\Chinnapop\.stmcufinder\plugins\mcufinder/ => C:\Users\Chinnapop\.stmcufinder\plugins\mcufinder
2026-01-12 09:57:00,052 [WARN] DbFile:41 - Overriding database path with different value: C:\Users\Chinnapop\.stmcufinder\plugins\mcufinder/ => C:\Users\Chinnapop\.stmcufinder\plugins\mcufinder
2026-01-12 09:57:00,052 [INFO] CrossReferenceDbSqlite:203 - Set database path to: C:\Users\Chinnapop\.stmcufinder\plugins\mcufinder//mcu/cs/
2026-01-12 09:57:00,127 [INFO] MainPanel:274 - HeapMemory: 268435456
2026-01-12 09:57:00,274 [INFO] DbMcusXml:78 - Set database path to: C:\ST\STM32CubeIDE_1.16.1\STM32CubeIDE\plugins\com.st.stm32cube.common.mx_6.15.0.202507011659\\db\/mcu/
2026-01-12 09:57:00,274 [INFO] ApiDb:274 - Set plugin database path to: C:\ST\STM32CubeIDE_1.16.1\STM32CubeIDE\plugins\com.st.stm32cube.common.mx_6.15.0.202507011659\\db\/plugins/boardmanager/
2026-01-12 09:57:00,275 [INFO] ApiDb:261 - Set plugin images path to: C:\ST\STM32CubeIDE_1.16.1\STM32CubeIDE\plugins\com.st.stm32cube.common.mx_6.15.0.202507011659\\db\/plugins/mcufinder/images/
2026-01-12 09:57:00,275 [WARN] DbFile:41 - Overriding database path with different value: C:\Users\Chinnapop\.stmcufinder\plugins\mcufinder/ => C:\Users\Chinnapop\.stmcufinder\plugins\mcufinder
2026-01-12 09:57:00,275 [INFO] ApiDb:250 - Set database path to: C:\Users\Chinnapop\.stmcufinder\plugins\mcufinder//mcu/
2026-01-12 09:57:00,275 [WARN] DbFile:41 - Overriding database path with different value: C:\Users\Chinnapop\.stmcufinder\plugins\mcufinder/ => C:\Users\Chinnapop\.stmcufinder\plugins\mcufinder
2026-01-12 09:57:00,275 [INFO] DbMcusAds:125 - Set database path to: C:\Users\Chinnapop\.stmcufinder\plugins\mcufinder//mcu/
2026-01-12 09:57:00,275 [WARN] DbFile:41 - Overriding database path with different value: C:\Users\Chinnapop\.stmcufinder\plugins\mcufinder/ => C:\Users\Chinnapop\.stmcufinder\plugins\mcufinder
2026-01-12 09:57:00,275 [WARN] DbFile:41 - Overriding database path with different value: C:\Users\Chinnapop\.stmcufinder\plugins\mcufinder/ => C:\Users\Chinnapop\.stmcufinder\plugins\mcufinder
2026-01-12 09:57:00,275 [INFO] CrossReferenceDbSqlite:203 - Set database path to: C:\Users\Chinnapop\.stmcufinder\plugins\mcufinder//mcu/cs/
2026-01-12 09:57:00,294 [INFO] ApplicationProperties:184 - Using Application install path: C:\ST\STM32CubeIDE_1.16.1\STM32CubeIDE\plugins\com.st.stm32cube.common.mx_6.15.0.202507011659
2026-01-12 09:57:00,296 [INFO] PluginManage:196 - Search for loadable plugins [exclusion list=, ]
2026-01-12 09:57:00,297 [INFO] PluginManage:310 - Check plugin analytics
2026-01-12 09:57:00,497 [INFO] AnalyticsPlugin:253 - Accepted Software Licenses: 
2026-01-12 09:57:00,497 [INFO] AnalyticsPlugin:255 - Accepted CMSIS Pack Licenses: 
2026-01-12 09:57:00,497 [INFO] AnalyticsPlugin:257 - Accepted Firmware Licenses: FW.F7.1.17.0
2026-01-12 09:57:00,499 [INFO] PluginManage:359 - Loaded plugin analytics (category:tool,tabindex:-1)
2026-01-12 09:57:00,500 [INFO] PluginManage:310 - Check plugin cadmodel
2026-01-12 09:57:00,519 [INFO] CADModel:105 - Init CAD model plugin
2026-01-12 09:57:00,520 [INFO] PluginManage:359 - Loaded plugin cadmodel (category:power,tabindex:5)
2026-01-12 09:57:00,520 [INFO] PluginManage:310 - Check plugin clock
2026-01-12 09:57:00,545 [INFO] PluginManage:359 - Loaded plugin clock (category:base,tabindex:2)
2026-01-12 09:57:00,545 [INFO] PluginManage:310 - Check plugin ddr
2026-01-12 09:57:00,549 [INFO] PluginManage:359 - Loaded plugin ddr (category:tool,tabindex:6)
2026-01-12 09:57:00,549 [INFO] PluginManage:310 - Check plugin filemanager
2026-01-12 09:57:00,705 [INFO] PluginManage:359 - Loaded plugin filemanager (category:base,tabindex:10)
2026-01-12 09:57:00,705 [INFO] PluginManage:310 - Check plugin ipmanager
2026-01-12 09:57:00,712 [INFO] PluginManage:359 - Loaded plugin ipmanager (category:base,tabindex:5)
2026-01-12 09:57:00,712 [INFO] PluginManage:310 - Check plugin lpbam
2026-01-12 09:57:00,741 [INFO] PluginManage:359 - Loaded plugin lpbam (category:base,tabindex:0)
2026-01-12 09:57:00,741 [INFO] PluginManage:310 - Check plugin memorymap
2026-01-12 09:57:00,789 [INFO] PluginManage:359 - Loaded plugin memorymap (category:base,tabindex:4)
2026-01-12 09:57:00,789 [INFO] PluginManage:310 - Check plugin pinoutandconfiguration
2026-01-12 09:57:00,816 [INFO] PluginManage:359 - Loaded plugin pinoutandconfiguration (category:base,tabindex:1)
2026-01-12 09:57:00,816 [INFO] PluginManage:310 - Check plugin pinoutconfig
2026-01-12 09:57:00,914 [WARN] SupportedApi:132 - Cannot load RTOS API schema: s4s-elt-must-match.1: The content of 'definitions' must match (annotation?, (simpleType | complexType)?, (unique | key | keyref)*)). A problem was found starting at: attribute.
2026-01-12 09:57:01,043 [INFO] PluginManage:359 - Loaded plugin pinoutconfig (category:base,tabindex:0)
2026-01-12 09:57:01,043 [INFO] PluginManage:310 - Check plugin power
2026-01-12 09:57:01,075 [INFO] PluginManage:359 - Loaded plugin power (category:power,tabindex:4)
2026-01-12 09:57:01,076 [INFO] PluginManage:310 - Check plugin projectmanager
2026-01-12 09:57:01,093 [INFO] PluginManage:359 - Loaded plugin projectmanager (category:projectmanager,tabindex:4)
2026-01-12 09:57:01,093 [INFO] PluginManage:310 - Check plugin rif
2026-01-12 09:57:01,117 [INFO] PluginManage:359 - Loaded plugin rif (category:base,tabindex:3)
2026-01-12 09:57:01,117 [INFO] PluginManage:310 - Check plugin thirdparty
2026-01-12 09:57:01,577 [WARN] IntegrityCheckThread:84 - waiting for thirdparty lock release [integrity check]
2026-01-12 09:57:01,577 [INFO] PluginManage:359 - Loaded plugin thirdparty (category:base,tabindex:-1)
2026-01-12 09:57:01,578 [INFO] IntegrityCheckThread:86 - entering critical section [integrity check]
2026-01-12 09:57:01,578 [INFO] PluginManage:310 - Check plugin tools
2026-01-12 09:57:01,578 [INFO] ThirdPartyUpdaterWithRetryManager:70 - Updater plugin not ready yet. [1/15]
2026-01-12 09:57:01,629 [INFO] PluginManage:359 - Loaded plugin tools (category:base,tabindex:7)
2026-01-12 09:57:01,629 [INFO] PluginManage:310 - Check plugin tutovideos
2026-01-12 09:57:01,948 [INFO] PluginManage:359 - Loaded plugin tutovideos (category:base,tabindex:-1)
2026-01-12 09:57:01,948 [INFO] PluginManage:310 - Check plugin updater
2026-01-12 09:57:01,970 [INFO] PluginManage:359 - Loaded plugin updater (category:base,tabindex:12)
2026-01-12 09:57:01,970 [INFO] PluginManage:310 - Check plugin userauth
2026-01-12 09:57:01,974 [INFO] UserAuth:118 - Init User Auth plugin
2026-01-12 09:57:01,975 [INFO] PluginManage:359 - Loaded plugin userauth (category:base,tabindex:14)
2026-01-12 09:57:01,975 [INFO] PluginManage:283 - PluginManage : Loaded plugins [18]
2026-01-12 09:57:02,207 [INFO] PinOutPanel:1589 - setPackage(No Configuration,No Configuration)
2026-01-12 09:57:02,306 [INFO] CADModel:165 - CPN selected for project level
2026-01-12 09:57:02,306 [INFO] CADModel:114 - Register for checkConnection events
2026-01-12 09:57:02,342 [INFO] IPUIPlugin:80 - create IPUIPlugin
2026-01-12 09:57:02,343 [INFO] PluginManager:220 - loadIPPluginJar : add adc
2026-01-12 09:57:02,397 [INFO] IPUIPlugin:80 - create IPUIPlugin
2026-01-12 09:57:02,397 [INFO] PluginManager:220 - loadIPPluginJar : add aes
2026-01-12 09:57:02,462 [INFO] IPUIPlugin:80 - create IPUIPlugin
2026-01-12 09:57:02,462 [INFO] PluginManager:220 - loadIPPluginJar : add can
2026-01-12 09:57:02,507 [INFO] IPUIPlugin:80 - create IPUIPlugin
2026-01-12 09:57:02,508 [INFO] PluginManager:220 - loadIPPluginJar : add comp
2026-01-12 09:57:02,575 [INFO] IPUIPlugin:80 - create IPUIPlugin
2026-01-12 09:57:02,575 [INFO] PluginManager:220 - loadIPPluginJar : add cryp
2026-01-12 09:57:02,600 [INFO] IPUIPlugin:80 - create IPUIPlugin
2026-01-12 09:57:02,601 [INFO] PluginManager:220 - loadIPPluginJar : add ddr_ctrl_phy
2026-01-12 09:57:02,648 [INFO] IPUIPlugin:80 - create IPUIPlugin
2026-01-12 09:57:02,648 [INFO] PluginManager:220 - loadIPPluginJar : add dfsdm
2026-01-12 09:57:02,671 [INFO] IPUIPlugin:80 - create IPUIPlugin
2026-01-12 09:57:02,672 [INFO] PluginManager:220 - loadIPPluginJar : add dma
2026-01-12 09:57:02,732 [INFO] IPUIPlugin:80 - create IPUIPlugin
2026-01-12 09:57:02,733 [INFO] PluginManager:220 - loadIPPluginJar : add dma3
2026-01-12 09:57:02,789 [INFO] IPUIPlugin:80 - create IPUIPlugin
2026-01-12 09:57:02,790 [INFO] PluginManager:220 - loadIPPluginJar : add extmemmanager
2026-01-12 09:57:02,827 [INFO] IPUIPlugin:80 - create IPUIPlugin
2026-01-12 09:57:02,828 [INFO] PluginManager:220 - loadIPPluginJar : add fatfs
2026-01-12 09:57:02,891 [INFO] IPUIPlugin:80 - create IPUIPlugin
2026-01-12 09:57:02,891 [INFO] PluginManager:220 - loadIPPluginJar : add fmc
2026-01-12 09:57:02,917 [INFO] IPUIPlugin:80 - create IPUIPlugin
2026-01-12 09:57:02,918 [INFO] PluginManager:220 - loadIPPluginJar : add freertos
2026-01-12 09:57:02,961 [INFO] IPUIPlugin:80 - create IPUIPlugin
2026-01-12 09:57:02,961 [INFO] PluginManager:220 - loadIPPluginJar : add genericplugin
2026-01-12 09:57:03,073 [INFO] IPUIPlugin:80 - create IPUIPlugin
2026-01-12 09:57:03,074 [INFO] PluginManager:220 - loadIPPluginJar : add gfxmmu
2026-01-12 09:57:03,241 [INFO] IPUIPlugin:80 - create IPUIPlugin
2026-01-12 09:57:03,242 [INFO] PluginManager:220 - loadIPPluginJar : add gic
2026-01-12 09:57:03,270 [INFO] IPUIPlugin:80 - create IPUIPlugin
2026-01-12 09:57:03,270 [INFO] PluginManager:220 - loadIPPluginJar : add gpio
2026-01-12 09:57:03,384 [INFO] IPUIPlugin:80 - create IPUIPlugin
2026-01-12 09:57:03,385 [INFO] PluginManager:220 - loadIPPluginJar : add gtzc
2026-01-12 09:57:03,427 [INFO] IPUIPlugin:80 - create IPUIPlugin
2026-01-12 09:57:03,427 [INFO] PluginManager:220 - loadIPPluginJar : add hash
2026-01-12 09:57:03,495 [INFO] IPUIPlugin:80 - create IPUIPlugin
2026-01-12 09:57:03,496 [INFO] PluginManager:220 - loadIPPluginJar : add i2c
2026-01-12 09:57:03,546 [INFO] IPUIPlugin:80 - create IPUIPlugin
2026-01-12 09:57:03,546 [INFO] PluginManager:220 - loadIPPluginJar : add i2s
2026-01-12 09:57:03,602 [INFO] IPUIPlugin:80 - create IPUIPlugin
2026-01-12 09:57:03,602 [INFO] PluginManager:220 - loadIPPluginJar : add i3c
2026-01-12 09:57:03,740 [INFO] IPUIPlugin:80 - create IPUIPlugin
2026-01-12 09:57:03,740 [INFO] PluginManager:220 - loadIPPluginJar : add ipddr
2026-01-12 09:57:03,856 [INFO] IPUIPlugin:80 - create IPUIPlugin
2026-01-12 09:57:03,857 [INFO] PluginManager:220 - loadIPPluginJar : add linkedlist
2026-01-12 09:57:03,913 [INFO] IPUIPlugin:80 - create IPUIPlugin
2026-01-12 09:57:03,914 [INFO] PluginManager:220 - loadIPPluginJar : add lorawan
2026-01-12 09:57:03,966 [INFO] IPUIPlugin:80 - create IPUIPlugin
2026-01-12 09:57:03,966 [INFO] PluginManager:220 - loadIPPluginJar : add ltdc
2026-01-12 09:57:03,984 [INFO] IPUIPlugin:80 - create IPUIPlugin
2026-01-12 09:57:03,984 [INFO] PluginManager:220 - loadIPPluginJar : add mdma
2026-01-12 09:57:04,000 [INFO] IPUIPlugin:80 - create IPUIPlugin
2026-01-12 09:57:04,000 [INFO] PluginManager:220 - loadIPPluginJar : add nvic
2026-01-12 09:57:04,047 [INFO] IPUIPlugin:80 - create IPUIPlugin
2026-01-12 09:57:04,047 [INFO] PluginManager:220 - loadIPPluginJar : add opamp
2026-01-12 09:57:04,122 [INFO] IPUIPlugin:80 - create IPUIPlugin
2026-01-12 09:57:04,122 [INFO] PluginManager:220 - loadIPPluginJar : add openamp
2026-01-12 09:57:04,176 [INFO] IPUIPlugin:80 - create IPUIPlugin
2026-01-12 09:57:04,176 [INFO] PluginManager:220 - loadIPPluginJar : add pdm2pcm
2026-01-12 09:57:04,195 [INFO] IPUIPlugin:80 - create IPUIPlugin
2026-01-12 09:57:04,197 [INFO] PluginManager:220 - loadIPPluginJar : add plateformsettings
2026-01-12 09:57:04,230 [INFO] IPUIPlugin:80 - create IPUIPlugin
2026-01-12 09:57:04,230 [INFO] PluginManager:220 - loadIPPluginJar : add quadspi
2026-01-12 09:57:04,266 [INFO] IPUIPlugin:80 - create IPUIPlugin
2026-01-12 09:57:04,266 [INFO] PluginManager:220 - loadIPPluginJar : add radio
2026-01-12 09:57:04,284 [INFO] IPUIPlugin:80 - create IPUIPlugin
2026-01-12 09:57:04,284 [INFO] PluginManager:220 - loadIPPluginJar : add resmgrutility
2026-01-12 09:57:04,345 [INFO] IPUIPlugin:80 - create IPUIPlugin
2026-01-12 09:57:04,345 [INFO] PluginManager:220 - loadIPPluginJar : add sai
2026-01-12 09:57:04,392 [INFO] IPUIPlugin:80 - create IPUIPlugin
2026-01-12 09:57:04,392 [INFO] PluginManager:220 - loadIPPluginJar : add spi
2026-01-12 09:57:04,477 [INFO] IPUIPlugin:80 - create IPUIPlugin
2026-01-12 09:57:04,477 [INFO] PluginManager:220 - loadIPPluginJar : add stm32_wpan
2026-01-12 09:57:04,509 [INFO] IPUIPlugin:80 - create IPUIPlugin
2026-01-12 09:57:04,509 [INFO] PluginManager:220 - loadIPPluginJar : add tim
2026-01-12 09:57:04,579 [INFO] ThirdPartyUpdaterWithRetryManager:70 - Updater plugin not ready yet. [2/15]
2026-01-12 09:57:04,600 [INFO] IPUIPlugin:80 - create IPUIPlugin
2026-01-12 09:57:04,600 [INFO] PluginManager:220 - loadIPPluginJar : add touchsensing
2026-01-12 09:57:04,629 [INFO] IPUIPlugin:80 - create IPUIPlugin
2026-01-12 09:57:04,630 [INFO] PluginManager:220 - loadIPPluginJar : add tracer_emb
2026-01-12 09:57:04,670 [INFO] IPUIPlugin:80 - create IPUIPlugin
2026-01-12 09:57:04,670 [INFO] PluginManager:220 - loadIPPluginJar : add ts
2026-01-12 09:57:04,720 [INFO] IPUIPlugin:80 - create IPUIPlugin
2026-01-12 09:57:04,720 [INFO] PluginManager:220 - loadIPPluginJar : add tsc
2026-01-12 09:57:04,763 [INFO] IPUIPlugin:80 - create IPUIPlugin
2026-01-12 09:57:04,763 [INFO] PluginManager:220 - loadIPPluginJar : add ucpd
2026-01-12 09:57:04,823 [INFO] IPUIPlugin:80 - create IPUIPlugin
2026-01-12 09:57:04,823 [INFO] PluginManager:220 - loadIPPluginJar : add usart
2026-01-12 09:57:04,875 [INFO] IPUIPlugin:80 - create IPUIPlugin
2026-01-12 09:57:04,875 [INFO] PluginManager:220 - loadIPPluginJar : add usbx
2026-01-12 09:57:05,001 [FATAL] Updater:351 - Updater called before beeing initialized
2026-01-12 09:57:05,049 [INFO] RulesReader:64 - Compatibility file has been processed (317 Rules)
2026-01-12 09:57:05,063 [INFO] RulesReader:64 - Compatibility file has been processed (317 Rules)
2026-01-12 09:57:05,074 [INFO] CADModel:165 - CPN selected for project level
2026-01-12 09:57:05,074 [INFO] CADModel:114 - Register for checkConnection events
2026-01-12 09:57:05,075 [FATAL] Updater:351 - Updater called before beeing initialized
2026-01-12 09:57:05,075 [ERROR] CADModel:125 - Updater not yet initialized, retry later 
2026-01-12 09:57:05,249 [FATAL] Updater:351 - Updater called before beeing initialized
2026-01-12 09:57:05,252 [INFO] CADModel:165 - CPN selected for project level
2026-01-12 09:57:05,252 [INFO] CADModel:114 - Register for checkConnection events
2026-01-12 09:57:05,252 [FATAL] Updater:351 - Updater called before beeing initialized
2026-01-12 09:57:05,252 [ERROR] CADModel:125 - Updater not yet initialized, retry later 
2026-01-12 09:57:05,268 [FATAL] Updater:351 - Updater called before beeing initialized
2026-01-12 09:57:05,370 [FATAL] Updater:351 - Updater called before beeing initialized
2026-01-12 09:57:05,383 [INFO] DbMcusAds:53 - JSON generation date=Thu Jan 08 22:57:51 ICT 2026 (1767887871456)
2026-01-12 09:57:05,383 [FATAL] Updater:351 - Updater called before beeing initialized
2026-01-12 09:57:05,423 [WARN] DetailPanel:346 - Failed to get advertising image, set to default
2026-01-12 09:57:05,519 [FATAL] Updater:351 - Updater called before beeing initialized
2026-01-12 09:57:05,520 [FATAL] Updater:351 - Updater called before beeing initialized
2026-01-12 09:57:05,521 [FATAL] Updater:351 - Updater called before beeing initialized
2026-01-12 09:57:05,521 [WARN] DetailPanel:346 - Failed to get advertising image, set to default
2026-01-12 09:57:05,522 [FATAL] Updater:351 - Updater called before beeing initialized
2026-01-12 09:57:05,603 [ERROR] Updater:1198 - MainUpdater not yet initialized. External WinMGr cannot be set.
2026-01-12 09:57:05,620 [INFO] Updater:1134 - Updater Version found : 6.15.0
2026-01-12 09:57:05,652 [INFO] ApplicationProperties:184 - Using Application install path: C:\ST\STM32CubeIDE_1.16.1\STM32CubeIDE\plugins\com.st.stm32cube.common.mx_6.15.0.202507011659
2026-01-12 09:57:07,260 [ERROR] LogOutputStream:75 - [STDERR_REDIRECT] Jan 12, 2026 9:57:07 AM java.util.prefs.WindowsPreferences <init>
2026-01-12 09:57:07,261 [ERROR] LogOutputStream:75 - [STDERR_REDIRECT] WARNING: Could not open/create prefs root node Software\JavaSoft\Prefs at root 0xffffffff80000002. Windows RegCreateKeyEx(...) returned error code 5.
2026-01-12 09:57:07,261 [ERROR] LogOutputStream:75 - [STDERR_REDIRECT] 
2026-01-12 09:57:07,579 [INFO] ThirdPartyUpdaterWithRetryManager:70 - Updater plugin not ready yet. [3/15]
2026-01-12 09:57:08,025 [INFO] MainUpdater:2872 - connection check result : 10
2026-01-12 09:57:08,025 [INFO] MainUpdater:3604 - Updater definition file requires update
2026-01-12 09:57:08,026 [INFO] MainUpdater:289 - Updater Check For Update Now.
2026-01-12 09:57:08,026 [INFO] MicroXplorer:498 - Change Database Version : DB.6.0.150
2026-01-12 09:57:08,050 [INFO] McuFinderGlobals:63 - Set McuFinder mode to 2 (CubeIDE integrated)
2026-01-12 09:57:08,058 [INFO] UserAuth:487 - Internet connection configuration mode: 1
2026-01-12 09:57:08,096 [INFO] JxBrowserEngine:152 - Initiate JxBrowser Engine with user profile folder
2026-01-12 09:57:08,152 [INFO] ServerAccessManage:452 - Complete download http(s) 200
2026-01-12 09:57:08,154 [INFO] ServerAccessManage:509 - Download File updaters.zip
2026-01-12 09:57:08,249 [INFO] FileExtend:248 - Unzip File : updaters.zip
2026-01-12 09:57:08,249 [INFO] FileExtend:263 - Standard Zip Deflate
2026-01-12 09:57:09,101 [INFO] ServerAccessManage:452 - Complete download http(s) 200
2026-01-12 09:57:09,102 [INFO] ServerAccessManage:509 - Download File PacksControlFlags.xml
2026-01-12 09:57:09,229 [INFO] ServerAccessManage:452 - Complete download http(s) 200
2026-01-12 09:57:09,229 [INFO] ServerAccessManage:509 - Download File cubemx.pidx
2026-01-12 09:57:09,369 [INFO] LoadServerUpdatesThread:375 - End of LoadServerUpdate Thread
2026-01-12 09:57:09,540 [INFO] CheckServerUpdateThread:120 - End of CheckServer Thread
2026-01-12 09:57:10,511 [INFO] WebApp:169 - Instantiating new browser for Auth
2026-01-12 09:57:10,916 [WARN] PackLoader:240 - Cannot read IP mode file for STMicroelectronics.FP-SNS-MOTENVWB1.1.4.0
2026-01-12 09:57:10,940 [WARN] PackLoader:240 - Cannot read IP mode file for STMicroelectronics.FP-ATR-ASTRA1.2.0.2
2026-01-12 09:57:10,959 [WARN] PackLoader:240 - Cannot read IP mode file for STMicroelectronics.FP-ATR-ASTRA1.2.0.1
2026-01-12 09:57:10,981 [WARN] PackLoader:240 - Cannot read IP mode file for STMicroelectronics.X-CUBE-SMBUS.2.1.0
2026-01-12 09:57:11,006 [WARN] PackLoader:240 - Cannot read IP mode file for STMicroelectronics.X-CUBE-WB05N.1.1.0
2026-01-12 09:57:11,025 [WARN] PackLoader:240 - Cannot read IP mode file for STMicroelectronics.X-CUBE-ST60.1.0.0
2026-01-12 09:57:11,072 [WARN] PackLoader:240 - Cannot read IP mode file for STMicroelectronics.X-CUBE-AZRTOS-F7.1.1.0
2026-01-12 09:57:11,128 [WARN] PackLoader:240 - Cannot read IP mode file for STMicroelectronics.X-CUBE-MEMS1.11.0.0
2026-01-12 09:57:11,229 [WARN] PackLoader:240 - Cannot read IP mode file for STMicroelectronics.FP-SNS-MOTENV1.5.1.0
2026-01-12 09:57:11,246 [WARN] PackLoader:240 - Cannot read IP mode file for STMicroelectronics.FP-SNS-FLIGHT1.5.0.2
2026-01-12 09:57:11,281 [WARN] PackLoader:240 - Cannot read IP mode file for STMicroelectronics.X-CUBE-AZRTOS-H7.3.4.0
2026-01-12 09:57:11,304 [WARN] PackLoader:240 - Cannot read IP mode file for STMicroelectronics.X-CUBE-DISPLAY.3.0.0
2026-01-12 09:57:11,323 [WARN] PackLoader:240 - Cannot read IP mode file for STMicroelectronics.X-CUBE-BLE1.7.0.0
2026-01-12 09:57:11,340 [WARN] PackLoader:240 - Cannot read IP mode file for STMicroelectronics.X-CUBE-NFC10.1.0.0
2026-01-12 09:57:11,361 [WARN] PackLoader:240 - Cannot read IP mode file for STMicroelectronics.X-CUBE-BLEMGR.4.0.0
2026-01-12 09:57:11,379 [WARN] PackLoader:240 - Cannot read IP mode file for STMicroelectronics.X-CUBE-ST60.1.1.0
2026-01-12 09:57:11,406 [WARN] PackLoader:240 - Cannot read IP mode file for emotas.I-CUBE-CANOPEN.1.3.0
2026-01-12 09:57:11,425 [WARN] PackLoader:240 - Cannot read IP mode file for STMicroelectronics.X-CUBE-GNSS1.7.1.0
2026-01-12 09:57:11,446 [WARN] PackLoader:240 - Cannot read IP mode file for STMicroelectronics.X-CUBE-BLEMGR.3.1.0
2026-01-12 09:57:11,463 [WARN] PackLoader:240 - Cannot read IP mode file for STMicroelectronics.X-CUBE-AI.10.0.0
2026-01-12 09:57:11,483 [WARN] PackLoader:240 - Cannot read IP mode file for STMicroelectronics.FP-SNS-STBOX1.2.1.0
2026-01-12 09:57:11,501 [WARN] PackLoader:240 - Cannot read IP mode file for STMicroelectronics.FP-SNS-SMARTAG2.1.2.0
2026-01-12 09:57:11,519 [WARN] PackLoader:240 - Cannot read IP mode file for STMicroelectronics.FP-SNS-FLIGHT1.5.1.0
2026-01-12 09:57:11,572 [WARN] PackLoader:240 - Cannot read IP mode file for STMicroelectronics.X-CUBE-MEMS1.11.1.0
2026-01-12 09:57:11,674 [INFO] LogOutputStream:77 - [STDOUT_REDIRECT] 1 : Invalid condition id : UX_CORESTACK_Condition cause : null
2026-01-12 09:57:11,676 [INFO] LogOutputStream:77 - [STDOUT_REDIRECT] 1 : Invalid condition id : UX_CORESTACK_Condition cause : null
2026-01-12 09:57:11,678 [INFO] LogOutputStream:77 - [STDOUT_REDIRECT] 1 : Invalid condition id : UX_CORESTACK_Condition cause : null
2026-01-12 09:57:11,680 [INFO] LogOutputStream:77 - [STDOUT_REDIRECT] 1 : Invalid condition id : UX_CORESTACK_Condition cause : null
2026-01-12 09:57:11,681 [INFO] LogOutputStream:77 - [STDOUT_REDIRECT] 1 : Invalid condition id : UX_CORESTACK_Condition cause : null
2026-01-12 09:57:11,683 [WARN] PackLoader:240 - Cannot read IP mode file for STMicroelectronics.X-CUBE-AZRTOS-WL.2.0.0
2026-01-12 09:57:11,701 [WARN] PackLoader:240 - Cannot read IP mode file for STMicroelectronics.FP-SNS-MOTENV1.5.0.0
2026-01-12 09:57:11,758 [WARN] PackLoader:240 - Cannot read IP mode file for STMicroelectronics.X-CUBE-AZRTOS-H7RS.1.2.0
2026-01-12 09:57:11,777 [WARN] PackLoader:240 - Cannot read IP mode file for wolfSSL.I-CUBE-wolfMQTT.1.19.0
2026-01-12 09:57:11,801 [WARN] PackLoader:240 - Cannot read IP mode file for WES.I-CUBE-Cesium.1.3.0
2026-01-12 09:57:11,819 [WARN] PackLoader:240 - Cannot read IP mode file for STMicroelectronics.X-CUBE-BLE2.3.3.0
2026-01-12 09:57:11,838 [WARN] PackLoader:240 - Cannot read IP mode file for STMicroelectronics.X-CUBE-NFC9.1.0.0
2026-01-12 09:57:11,854 [WARN] PackLoader:240 - Cannot read IP mode file for STMicroelectronics.X-CUBE-BLE1.7.1.0
2026-01-12 09:57:11,872 [WARN] PackLoader:240 - Cannot read IP mode file for STMicroelectronics.X-CUBE-TCPP.4.1.0
2026-01-12 09:57:11,894 [WARN] PackLoader:240 - Cannot read IP mode file for STMicroelectronics.X-CUBE-FREERTOS.1.4.0
2026-01-12 09:57:11,912 [WARN] PackLoader:240 - Cannot read IP mode file for STMicroelectronics.X-CUBE-EEPRMA1.5.2.0
2026-01-12 09:57:11,931 [WARN] PackLoader:240 - Cannot read IP mode file for STMicroelectronics.X-CUBE-ST67W61.1.1.0
2026-01-12 09:57:11,948 [WARN] PackLoader:240 - Cannot read IP mode file for STMicroelectronics.X-CUBE-AI.10.1.0
2026-01-12 09:57:11,994 [WARN] PackLoader:240 - Cannot read IP mode file for STMicroelectronics.X-CUBE-MEMS1.12.0.0
2026-01-12 09:57:12,096 [WARN] PackLoader:240 - Cannot read IP mode file for STMicroelectronics.X-CUBE-MEMS1.11.2.0
2026-01-12 09:57:12,256 [WARN] PackLoader:240 - Cannot read IP mode file for STMicroelectronics.X-CUBE-AZRTOS-G0.1.1.0
2026-01-12 09:57:12,285 [WARN] PackLoader:240 - Cannot read IP mode file for STMicroelectronics.X-CUBE-SAFEA1.1.2.2
2026-01-12 09:57:12,307 [INFO] WebApp:463 - Apply proxy settings
2026-01-12 09:57:12,308 [INFO] WebApp:548 - Chromium requires no authentication
2026-01-12 09:57:12,308 [WARN] PackLoader:240 - Cannot read IP mode file for STMicroelectronics.X-CUBE-NFC4.3.0.0
2026-01-12 09:57:12,332 [WARN] PackLoader:240 - Cannot read IP mode file for EmbeddedOffice.I-CUBE-FS-RTOS.1.0.1
2026-01-12 09:57:12,355 [WARN] PackLoader:240 - Cannot read IP mode file for STMicroelectronics.X-CUBE-WB05N.2.0.0
2026-01-12 09:57:12,378 [WARN] PackLoader:240 - Cannot read IP mode file for STMicroelectronics.X-CUBE-TCPP.4.2.0
2026-01-12 09:57:12,390 [INFO] WebApp:491 - Direct internet connection detected
2026-01-12 09:57:12,401 [WARN] PackLoader:240 - Cannot read IP mode file for RealThread.X-CUBE-RT-Thread_Nano.4.1.1
2026-01-12 09:57:12,422 [WARN] PackLoader:240 - Cannot read IP mode file for STMicroelectronics.FP-ATR-SIGFOX1.3.2.0
2026-01-12 09:57:12,441 [WARN] ConditionMgr:438 - getConditionDescription Invalid condition id : Cortex-A Device cause : null
2026-01-12 09:57:12,472 [WARN] ConditionMgr:1044 - genDependencies : Invalid condition id : Cortex-A Device cause : null
2026-01-12 09:57:12,473 [WARN] ConditionMgr:1044 - genDependencies : Invalid condition id : Cortex-A Device cause : null
2026-01-12 09:57:12,473 [WARN] ConditionMgr:1044 - genDependencies : Invalid condition id : Cortex-A Device cause : null
2026-01-12 09:57:12,488 [WARN] PackLoader:240 - Cannot read IP mode file for STMicroelectronics.X-CUBE-EEPRMA1.5.1.0
2026-01-12 09:57:12,508 [WARN] PackLoader:240 - Cannot read IP mode file for wolfSSL.I-CUBE-wolfSSL.5.7.4
2026-01-12 09:57:12,536 [WARN] PackLoader:240 - Cannot read IP mode file for ITTIA_DB.I-CUBE-ITTIADB.8.9.0
2026-01-12 09:57:12,568 [WARN] PackLoader:240 - Cannot read IP mode file for STMicroelectronics.X-CUBE-ST67W61.1.0.0
2026-01-12 09:57:12,587 [WARN] PackLoader:240 - Cannot read IP mode file for STMicroelectronics.X-CUBE-AI.10.2.0
2026-01-12 09:57:12,620 [WARN] PackLoader:240 - Cannot read IP mode file for SEGGER.I-CUBE-embOS.1.3.1
2026-01-12 09:57:12,647 [INFO] WebApp:900 - Register for checkConnection events
2026-01-12 09:57:12,647 [INFO] WebApp:463 - Apply proxy settings
2026-01-12 09:57:12,647 [INFO] WebApp:548 - Chromium requires no authentication
2026-01-12 09:57:12,648 [INFO] WebApp:491 - Direct internet connection detected
2026-01-12 09:57:12,659 [WARN] PackLoader:240 - Cannot read IP mode file for STMicroelectronics.X-CUBE-ALGOBUILD.1.4.0
2026-01-12 09:57:12,714 [INFO] WebApp:191 - Connection restablished
2026-01-12 09:57:12,716 [WARN] PackLoader:240 - Cannot read IP mode file for STMicroelectronics.X-CUBE-MEMS1.11.3.0
2026-01-12 09:57:12,841 [WARN] PackLoader:240 - Cannot read IP mode file for STMicroelectronics.X-CUBE-AI.9.1.0
2026-01-12 09:57:12,862 [WARN] PackLoader:240 - Cannot read IP mode file for STMicroelectronics.X-CUBE-PM33A1.1.0.0
2026-01-12 09:57:12,897 [WARN] PackLoader:240 - Cannot read IP mode file for STMicroelectronics.X-CUBE-AZRTOS-F4.1.1.0
2026-01-12 09:57:12,922 [WARN] PackLoader:240 - Cannot read IP mode file for Avnet-IotConnect.X-CUBE-IoTC-DA16k-PMOD.1.0.0
2026-01-12 09:57:12,942 [WARN] PackLoader:240 - Cannot read IP mode file for STMicroelectronics.X-CUBE-ISPU.2.1.0
2026-01-12 09:57:12,970 [WARN] PackLoader:240 - Cannot read IP mode file for STMicroelectronics.X-CUBE-IPS.3.2.0
2026-01-12 09:57:12,998 [WARN] PackLoader:240 - Cannot read IP mode file for STMicroelectronics.X-CUBE-FREERTOS.1.2.0
2026-01-12 09:57:13,025 [WARN] PackLoader:240 - Cannot read IP mode file for STMicroelectronics.X-CUBE-NFC12.1.0.0
2026-01-12 09:57:13,067 [WARN] PackLoader:240 - Cannot read IP mode file for STMicroelectronics.X-CUBE-AZRTOS-L5.2.0.0
2026-01-12 09:57:13,091 [WARN] PackLoader:240 - Cannot read IP mode file for STMicroelectronics.X-CUBE-NFC6.3.1.0
2026-01-12 09:57:13,114 [WARN] PackLoader:240 - Cannot read IP mode file for STMicroelectronics.X-CUBE-DPower.1.2.0
2026-01-12 09:57:13,136 [WARN] PackLoader:240 - Cannot read IP mode file for STMicroelectronics.X-CUBE-FREERTOS.1.3.1
2026-01-12 09:57:13,154 [WARN] PackLoader:240 - Cannot read IP mode file for STMicroelectronics.X-CUBE-FREERTOS.1.3.0
2026-01-12 09:57:13,174 [WARN] PackLoader:240 - Cannot read IP mode file for STMicroelectronics.X-CUBE-NFC7.1.0.1
2026-01-12 09:57:13,199 [WARN] PackLoader:240 - Cannot read IP mode file for STMicroelectronics.X-CUBE-TOUCHGFX.4.26.0
2026-01-12 09:57:13,218 [WARN] PackLoader:240 - Cannot read IP mode file for STMicroelectronics.FP-SNS-STAIOTCFT.1.0.0
2026-01-12 09:57:13,236 [WARN] PackLoader:240 - Cannot read IP mode file for STMicroelectronics.X-CUBE-DPower.1.3.0
2026-01-12 09:57:13,272 [WARN] ConditionMgr:438 - getConditionDescription Invalid condition id : LAN8742 Phy interface Condition cause : null
2026-01-12 09:57:13,273 [WARN] PackLoader:240 - Cannot read IP mode file for STMicroelectronics.X-CUBE-AZRTOS-L4.2.0.0
2026-01-12 09:57:13,275 [WARN] ConditionMgr:1044 - genDependencies : Invalid condition id : LAN8742 Phy interface Condition cause : null
2026-01-12 09:57:13,275 [WARN] ConditionMgr:1044 - genDependencies : Invalid condition id : LAN8742 Phy interface Condition cause : null
2026-01-12 09:57:13,276 [WARN] ConditionMgr:1044 - genDependencies : Invalid condition id : LAN8742 Phy interface Condition cause : null
2026-01-12 09:57:13,302 [WARN] PackLoader:240 - Cannot read IP mode file for STMicroelectronics.X-CUBE-SFXS2LP1.4.0.0
2026-01-12 09:57:13,341 [WARN] PackLoader:240 - Cannot read IP mode file for STMicroelectronics.X-CUBE-AZRTOS-H7.3.3.0
2026-01-12 09:57:13,364 [WARN] PackLoader:240 - Cannot read IP mode file for STMicroelectronics.X-CUBE-BLEMGR.4.1.0
2026-01-12 09:57:13,387 [WARN] PackLoader:240 - Cannot read IP mode file for STMicroelectronics.X-CUBE-IPS.3.0.0
2026-01-12 09:57:13,415 [WARN] ConditionMgr:438 - getConditionDescription Invalid condition id : UX DEVICE CLASS RTOS Condition cause : null
2026-01-12 09:57:13,416 [WARN] ConditionMgr:438 - getConditionDescription Invalid condition id : UX DEVICE CLASS RTOS Condition cause : null
2026-01-12 09:57:13,417 [WARN] PackLoader:240 - Cannot read IP mode file for STMicroelectronics.X-CUBE-AZRTOS-WB.2.0.0
2026-01-12 09:57:13,417 [WARN] ConditionMgr:1044 - genDependencies : Invalid condition id : UX DEVICE CLASS RTOS Condition cause : null
2026-01-12 09:57:13,417 [WARN] ConditionMgr:1044 - genDependencies : Invalid condition id : UX DEVICE CLASS RTOS Condition cause : null
2026-01-12 09:57:13,417 [WARN] ConditionMgr:1044 - genDependencies : Invalid condition id : UX DEVICE CLASS RTOS Condition cause : null
2026-01-12 09:57:13,418 [WARN] ConditionMgr:1044 - genDependencies : Invalid condition id : UX DEVICE CLASS RTOS Condition cause : null
2026-01-12 09:57:13,418 [WARN] ConditionMgr:1044 - genDependencies : Invalid condition id : UX DEVICE CLASS RTOS Condition cause : null
2026-01-12 09:57:13,436 [WARN] PackLoader:240 - Cannot read IP mode file for STMicroelectronics.X-CUBE-GNSS1.7.0.0
2026-01-12 09:57:13,455 [WARN] PackLoader:240 - Cannot read IP mode file for STMicroelectronics.X-CUBE-GNSS1.7.0.1
2026-01-12 09:57:13,472 [WARN] PackLoader:240 - Cannot read IP mode file for STMicroelectronics.X-CUBE-TOUCHGFX.4.25.0
2026-01-12 09:57:13,490 [WARN] PackLoader:240 - Cannot read IP mode file for STMicroelectronics.FP-SNS-STBOX1.2.0.0
2026-01-12 09:57:13,514 [WARN] PackLoader:240 - Cannot read IP mode file for STMicroelectronics.X-CUBE-SUBG2.5.0.0
2026-01-12 09:57:13,549 [WARN] PackLoader:240 - Cannot read IP mode file for STMicroelectronics.X-CUBE-AZRTOS-H7RS.1.1.0
2026-01-12 09:57:13,568 [WARN] PackLoader:240 - Cannot read IP mode file for Cesanta.I-CUBE-Mongoose.7.13.0
2026-01-12 09:57:13,595 [WARN] PackLoader:240 - Cannot read IP mode file for STMicroelectronics.X-CUBE-AZRTOS-G4.2.0.0
2026-01-12 09:57:13,615 [WARN] PackLoader:240 - Cannot read IP mode file for STMicroelectronics.X-CUBE-NFC7.2.0.0
2026-01-12 09:57:13,641 [WARN] PackLoader:240 - Cannot read IP mode file for STMicroelectronics.X-CUBE-IPS.3.1.0
2026-01-12 09:57:13,663 [WARN] PackLoader:240 - Cannot read IP mode file for STMicroelectronics.X-CUBE-ALS.1.0.2
2026-01-12 09:57:13,681 [WARN] PackLoader:240 - Cannot read IP mode file for STMicroelectronics.X-CUBE-TOUCHGFX.4.24.2
2026-01-12 09:57:13,699 [WARN] PackLoader:240 - Cannot read IP mode file for STMicroelectronics.X-CUBE-TOUCHGFX.4.24.1
2026-01-12 09:57:13,723 [WARN] PackLoader:240 - Cannot read IP mode file for STMicroelectronics.X-CUBE-STSE01.1.0.0
2026-01-12 09:57:13,743 [WARN] PackLoader:240 - Cannot read IP mode file for wolfSSL.I-CUBE-wolfTPM.3.4.0
2026-01-12 09:57:13,761 [WARN] PackLoader:240 - Cannot read IP mode file for portGmbH.I-Cube-SoM-uGOAL.1.1.0
2026-01-12 09:57:13,791 [WARN] PackLoader:240 - Cannot read IP mode file for STMicroelectronics.X-CUBE-AZRTOS-H7RS.1.0.0
2026-01-12 09:57:13,822 [WARN] PackLoader:240 - Cannot read IP mode file for STMicroelectronics.FP-ATR-ASTRA1.2.0.0
2026-01-12 09:57:13,841 [WARN] PackLoader:240 - Cannot read IP mode file for STMicroelectronics.X-CUBE-TOF1.3.4.2
2026-01-12 09:57:13,865 [WARN] PackLoader:240 - Cannot read IP mode file for STMicroelectronics.X-CUBE-TOF1.3.4.3
2026-01-12 09:57:13,877 [INFO] WebApp:225 - Starting web application
2026-01-12 09:57:13,877 [INFO] WebApp:593 - Web application path used C:\ST\STM32CubeIDE_1.16.1\STM32CubeIDE\plugins\com.st.stm32cube.common.mx_6.15.0.202507011659\db\plugins\mcufinder\reactClient1\index.html
2026-01-12 09:57:13,897 [WARN] PackLoader:240 - Cannot read IP mode file for Infineon.AIROC-Wi-Fi-Bluetooth-STM32.1.6.1
2026-01-12 09:57:13,915 [WARN] PackLoader:240 - Cannot read IP mode file for wolfSSL.I-CUBE-wolfSSH.1.4.17
2026-01-12 09:57:13,915 [INFO] ThirdParty:978 - Integrity check success = true
2026-01-12 09:57:13,915 [INFO] IntegrityCheckThread:100 - exiting critical section [integrity check]
2026-01-12 09:57:13,916 [INFO] IntegrityCheckThread:103 - End integrity checks thread
2026-01-12 09:57:14,163 [INFO] UserAuth:487 - Internet connection configuration mode: 1
2026-01-12 10:02:59,013 [INFO] WebApp:194 - Connection lost
2026-01-12 10:02:59,208 [INFO] WebApp:191 - Connection restablished
2026-01-12 10:03:03,835 [INFO] McuFinderGlobals:63 - Set McuFinder mode to 2 (CubeIDE integrated)
2026-01-12 10:03:03,903 [INFO] MainUpdater:2872 - connection check result : 10
2026-01-12 10:03:03,922 [INFO] MainUpdater:2872 - connection check result : 10
2026-01-12 10:03:04,287 [INFO] MicroXplorer:468 - Change Database Path : 
2026-01-12 10:03:04,289 [INFO] MicroXplorer:498 - Change Database Version : DB.6.0.150
2026-01-12 10:03:04,309 [WARN] ThirdParty:871 - waiting for thirdparty lock release [close project]
2026-01-12 10:03:04,310 [INFO] ThirdParty:873 - entering critical section [close project]
2026-01-12 10:03:04,312 [INFO] ThirdParty:883 - exiting critical section [close project]
2026-01-12 10:03:04,315 [INFO] PinOutPanel:1589 - setPackage(No Configuration,No Configuration)
2026-01-12 10:03:04,318 [INFO] UtilMem:75 - Begin LoadConfig() Used Memory: 787186392 Bytes (1073741824)
2026-01-12 10:03:04,321 [INFO] MicroXplorer:468 - Change Database Path : 
2026-01-12 10:03:04,321 [INFO] MicroXplorer:498 - Change Database Version : DB.6.0.150
2026-01-12 10:03:04,321 [INFO] OpenFileManager:355 - Change cursor
2026-01-12 10:03:04,446 [INFO] Mcu:2029 - Initializing MCU STM32F767ZITx STM32F767ZITx STM32F767ZIT6
2026-01-12 10:03:08,339 [INFO] Context:786 - Trying to add GPIOservice into a context  which must be forbidden
2026-01-12 10:03:09,047 [INFO] ImportTextPane:234 - (OptionalMessage_ERROR) Pin13 (VP_RIF_VS_RIF1) cannot be retrieved for this MCU
2026-01-12 10:03:09,321 [INFO] RtosManager:558 - Registered RTOS mode: class=CMSIS, group=RTOS, mode=CMSIS_V1, owner=FREERTOS
2026-01-12 10:03:09,322 [INFO] RtosManager:558 - Registered RTOS mode: class=CMSIS, group=RTOS2, mode=CMSIS_V2, owner=FREERTOS
2026-01-12 10:03:09,322 [INFO] RtosManager:558 - Registered RTOS mode: class=RTOS, group=Core, mode=CMSIS_V1, owner=FREERTOS
2026-01-12 10:03:09,322 [INFO] RtosManager:558 - Registered RTOS mode: class=RTOS, group=Core, mode=CMSIS_V2, owner=FREERTOS
2026-01-12 10:03:09,322 [WARN] ModelIntegratedComponent:184 - Missing modes for component STMicroelectronics:FreeRTOS:0.0.1:STMicroelectronics:RTOS:FreeRTOS:Core:::10.2.0:
2026-01-12 10:03:09,331 [WARN] ModelIntegratedComponent:63 - No mode defined for component null
2026-01-12 10:03:09,331 [WARN] ModelIntegratedComponent:63 - No mode defined for component null
2026-01-12 10:03:09,331 [WARN] ModelIntegratedComponent:63 - No mode defined for component null
2026-01-12 10:03:09,331 [WARN] ModelIntegratedComponent:63 - No mode defined for component null
2026-01-12 10:03:09,331 [WARN] ModelIntegratedComponent:63 - No mode defined for component null
2026-01-12 10:03:09,331 [WARN] ModelIntegratedComponent:63 - No mode defined for component null
2026-01-12 10:03:09,332 [WARN] ModelIntegratedComponent:63 - No mode defined for component null
2026-01-12 10:03:09,332 [WARN] ModelIntegratedComponent:63 - No mode defined for component null
2026-01-12 10:03:09,332 [WARN] ModelIntegratedComponent:63 - No mode defined for component null
2026-01-12 10:03:09,332 [WARN] ModelIntegratedComponent:63 - No mode defined for component null
2026-01-12 10:03:09,332 [WARN] ModelIntegratedComponent:63 - No mode defined for component null
2026-01-12 10:03:09,332 [WARN] ModelIntegratedComponent:63 - No mode defined for component null
2026-01-12 10:03:09,332 [WARN] ModelIntegratedComponent:63 - No mode defined for component null
2026-01-12 10:03:09,332 [WARN] ModelIntegratedComponent:63 - No mode defined for component null
2026-01-12 10:03:09,332 [WARN] ModelIntegratedComponent:63 - No mode defined for component null
2026-01-12 10:03:09,333 [WARN] ModelIntegratedComponent:63 - No mode defined for component null
2026-01-12 10:03:09,333 [WARN] ModelIntegratedComponent:63 - No mode defined for component null
2026-01-12 10:03:09,333 [WARN] ModelIntegratedComponent:63 - No mode defined for component null
2026-01-12 10:03:09,333 [WARN] ModelIntegratedComponent:63 - No mode defined for component null
2026-01-12 10:03:09,333 [WARN] ModelIntegratedComponent:63 - No mode defined for component null
2026-01-12 10:03:09,333 [WARN] ModelIntegratedComponent:63 - No mode defined for component null
2026-01-12 10:03:09,333 [WARN] ModelIntegratedComponent:63 - No mode defined for component null
2026-01-12 10:03:09,333 [WARN] ModelIntegratedComponent:63 - No mode defined for component null
2026-01-12 10:03:09,333 [WARN] ModelIntegratedComponent:63 - No mode defined for component null
2026-01-12 10:03:09,333 [WARN] ModelIntegratedComponent:63 - No mode defined for component null
2026-01-12 10:03:09,333 [WARN] ModelIntegratedComponent:63 - No mode defined for component null
2026-01-12 10:03:09,333 [WARN] ModelIntegratedComponent:63 - No mode defined for component null
2026-01-12 10:03:09,333 [WARN] ModelIntegratedComponent:63 - No mode defined for component null
2026-01-12 10:03:09,333 [WARN] ModelIntegratedComponent:63 - No mode defined for component null
2026-01-12 10:03:09,333 [WARN] ModelIntegratedComponent:63 - No mode defined for component null
2026-01-12 10:03:09,333 [WARN] ModelIntegratedComponent:63 - No mode defined for component null
2026-01-12 10:03:09,333 [WARN] ModelIntegratedComponent:63 - No mode defined for component null
2026-01-12 10:03:09,333 [WARN] ModelIntegratedComponent:63 - No mode defined for component null
2026-01-12 10:03:09,334 [WARN] ModelIntegratedComponent:63 - No mode defined for component null
2026-01-12 10:03:09,334 [WARN] ModelIntegratedComponent:63 - No mode defined for component null
2026-01-12 10:03:09,334 [WARN] ModelPack:524 - Component already loaded: STMicroelectronics:HAL Drivers:0.0.0:STMicroelectronics:Device:STMicro_Driver:XSPI:HAL::0.0.1:HAL_XSPI
2026-01-12 10:03:09,589 [INFO] ThirdPartyModel:298 - Start build external matchings
2026-01-12 10:03:11,200 [INFO] ThirdPartyModel:316 - End build external matchings
2026-01-12 10:03:11,244 [WARN] IP:2250 - Warning not found: check if there is a RefParameter without a condition.
2026-01-12 10:03:11,245 [WARN] IP:2250 - RxBufferAddress not found: check if there is a RefParameter without a condition.
2026-01-12 10:03:11,245 [WARN] IP:2250 - DESC_SIZE_UNIT not found: check if there is a RefParameter without a condition.
2026-01-12 10:03:11,247 [WARN] IP:2250 - CMSIS_VERSION not found: check if there is a RefParameter without a condition.
2026-01-12 10:03:11,256 [WARN] IP:2250 - LWIP_NETIF_HOSTNAME_NAME not found: check if there is a RefParameter without a condition.
2026-01-12 10:03:11,285 [INFO] ImportTextPane:234 - (OptionalMessage_ERROR) IP (RCC) : Invalid parameter (48MHZClocksFreq_Value)
2026-01-12 10:03:11,285 [INFO] ImportTextPane:234 - (OptionalMessage_ERROR) IP (RCC) : Invalid parameter (ADC12outputFreq_Value)
2026-01-12 10:03:11,285 [INFO] ImportTextPane:234 - (OptionalMessage_ERROR) IP (RCC) : Invalid parameter (ADC34outputFreq_Value)
2026-01-12 10:03:11,286 [INFO] ImportTextPane:234 - (OptionalMessage_ERROR) IP (RCC) : Invalid parameter (FamilyName)
2026-01-12 10:03:11,286 [INFO] ImportTextPane:234 - (OptionalMessage_ERROR) IP (RCC) : Invalid parameter (I2SClocksFreq_Value)
2026-01-12 10:03:11,286 [INFO] ImportTextPane:234 - (OptionalMessage_ERROR) IP (RCC) : Invalid parameter (LCDTFToutputFreq_Value)
2026-01-12 10:03:11,286 [INFO] ImportTextPane:234 - (OptionalMessage_ERROR) IP (RCC) : Invalid parameter (MCOFreq_Value)
2026-01-12 10:03:11,286 [INFO] ImportTextPane:234 - (OptionalMessage_ERROR) IP (RCC) : Invalid parameter (PLLMCOFreq_Value)
2026-01-12 10:03:11,286 [INFO] ImportTextPane:234 - (OptionalMessage_ERROR) IP (RCC) : Invalid parameter (PLLMUL)
2026-01-12 10:03:11,287 [INFO] ImportTextPane:234 - (OptionalMessage_ERROR) IP (RCC) : Invalid parameter (PRESCALERUSB)
2026-01-12 10:03:11,287 [INFO] ImportTextPane:234 - (OptionalMessage_ERROR) IP (RCC) : Parameter (RNGFreq_Value) has invalid value (108000000)
2026-01-12 10:03:11,287 [INFO] ImportTextPane:234 - (OptionalMessage_ERROR) IP (RCC) : Invalid parameter (RTCHSEDivFreq_Value)
2026-01-12 10:03:11,287 [INFO] ImportTextPane:234 - (OptionalMessage_ERROR) IP (RCC) : Parameter (SDMMC2Freq_Value) has invalid value (216000000)
2026-01-12 10:03:11,287 [INFO] ImportTextPane:234 - (OptionalMessage_ERROR) IP (RCC) : Parameter (SDMMCFreq_Value) has invalid value (216000000)
2026-01-12 10:03:11,287 [INFO] ImportTextPane:234 - (OptionalMessage_ERROR) IP (RCC) : Invalid parameter (SYSCLKSourceVirtual)
2026-01-12 10:03:11,287 [INFO] ImportTextPane:234 - (OptionalMessage_ERROR) IP (RCC) : Invalid parameter (TIM15Freq_Value)
2026-01-12 10:03:11,287 [INFO] ImportTextPane:234 - (OptionalMessage_ERROR) IP (RCC) : Invalid parameter (TIM16Freq_Value)
2026-01-12 10:03:11,287 [INFO] ImportTextPane:234 - (OptionalMessage_ERROR) IP (RCC) : Invalid parameter (TIM17Freq_Value)
2026-01-12 10:03:11,287 [INFO] ImportTextPane:234 - (OptionalMessage_ERROR) IP (RCC) : Invalid parameter (TIM1Freq_Value)
2026-01-12 10:03:11,288 [INFO] ImportTextPane:234 - (OptionalMessage_ERROR) IP (RCC) : Invalid parameter (TIM20Freq_Value)
2026-01-12 10:03:11,288 [INFO] ImportTextPane:234 - (OptionalMessage_ERROR) IP (RCC) : Invalid parameter (TIM2Freq_Value)
2026-01-12 10:03:11,288 [INFO] ImportTextPane:234 - (OptionalMessage_ERROR) IP (RCC) : Invalid parameter (TIM3Freq_Value)
2026-01-12 10:03:11,288 [INFO] ImportTextPane:234 - (OptionalMessage_ERROR) IP (RCC) : Invalid parameter (TIM8Freq_Value)
2026-01-12 10:03:11,288 [INFO] ImportTextPane:234 - (OptionalMessage_ERROR) IP (RCC) : Parameter (USBFreq_Value) has invalid value (108000000)
2026-01-12 10:03:11,288 [INFO] ImportTextPane:234 - (OptionalMessage_ERROR) IP (RCC) : Invalid parameter (VCOOutput2Freq_Value)
2026-01-12 10:03:11,288 [INFO] ImportTextPane:234 - (OptionalMessage_ERROR) IP (RCC) : Invalid parameter (VcooutputI2S)
2026-01-12 10:03:12,921 [INFO] ApiDb:581 - Connected to CubeFinder SQLite database (C:\Users\Chinnapop\.stmcufinder\plugins\mcufinder\mcu\cube-finder-db.db)
2026-01-12 10:03:13,009 [INFO] ApiDb:668 - CubeFinder database Data Model version=2.1
2026-01-12 10:03:13,009 [INFO] ApiDb:669 - CubeFinder database Configuration version=3.0.39
2026-01-12 10:03:13,009 [INFO] ApiDb:670 - CubeFinder database generation date=2025-12-22 (1766407740)
2026-01-12 10:03:13,009 [INFO] ApiDb:671 - CubeFinder database FW Pack versions=[FP-ATR-ASTRA1_V2.0.0, FP-SNS-FLIGHT1_V5.1.0, FP-SNS-MOTENV1_V5.1.0, FP-SNS-MOTENVWB1_V1.4.0, FP-SNS-SMARTAG2_V1.2.0, FP-SNS-STBOX1_V2.1.0, STM32Cube_FW_C0_V1.4.0, STM32Cube_FW_F4_V1.28.3, STM32Cube_FW_F7_V1.17.4, STM32Cube_FW_G0_V1.6.2, STM32Cube_FW_G4_V1.6.1, STM32Cube_FW_H5_V1.5.1, STM32Cube_FW_H7RS_V1.3.0, STM32Cube_FW_H7_V1.12.1, STM32Cube_FW_L0_V1.12.2, STM32Cube_FW_L4_V1.18.1, STM32Cube_FW_L5_V1.6.0, STM32Cube_FW_N6_V1.3.0, STM32Cube_FW_U0_V1.3.0, STM32Cube_FW_U3_V1.2.1, STM32Cube_FW_U5_V1.8.0, STM32Cube_FW_WB0_V1.4.0, STM32Cube_FW_WBA_V1.8.0, STM32Cube_FW_WB_V1.24.0, STM32Cube_FW_WL3_V1.3.0, STM32Cube_FW_WL_V1.4.0, X-CUBE-ALGOBUILD_V1.4.0, X-CUBE-ALS_V1.0.2, X-CUBE-AZRTOS-F4_V1.1.0, X-CUBE-AZRTOS-F7_V1.1.0, X-CUBE-AZRTOS-G0_V1.1.0, X-CUBE-AZRTOS-G4_V2.0.0, X-CUBE-AZRTOS-H7RS_V1.1.0, X-CUBE-AZRTOS-H7_V3.4.0, X-CUBE-AZRTOS-L4_V2.0.0, X-CUBE-AZRTOS-L5_V2.0.0, X-CUBE-AZRTOS-WB_V2.0.0, X-CUBE-AZRTOS-WL_V2.0.0, X-CUBE-BLE1_V7.1.0, X-CUBE-BLE2_V3.3.0, X-CUBE-BLEMGR_V4.1.0, X-CUBE-EEPRMA1_V5.2.0, X-CUBE-FREERTOS_V1.3.1, X-CUBE-GNSS1_V6.0.0, X-CUBE-MEMS1_V12.0.0, X-CUBE-NFC4_V3.0.0, X-CUBE-NFC7_V2.0.0, X-CUBE-SFXS2LP1_V4.0.0, X-CUBE-ST67W61_V1.1.0, X-CUBE-SUBG2_V5.0.0, X-CUBE-TOF1_V3.4.3]
2026-01-12 10:03:13,162 [INFO] DbBoardsSqlite:226 - include board P-NUCLEO-WB55-NUCLEO as a kit item of type 'Nucleo-64'
2026-01-12 10:03:13,163 [INFO] DbBoardsSqlite:226 - include board P-NUCLEO-WB55-USBDONGLE as a kit item of type 'Nucleo USB Dongle'
2026-01-12 10:03:13,165 [INFO] DbBoardsSqlite:226 - include board STEVAL-IDP005V1 as a kit item of type 'Evaluation Board'
2026-01-12 10:03:13,165 [INFO] DbBoardsSqlite:226 - include board STEVAL-IDP005V2 as a kit item of type 'Evaluation Board'
2026-01-12 10:03:13,635 [INFO] ApiDb:240 - Found 880 in-development CPN: [B-G473E-ZEST1S, B-WB1M-WPAN1, B-WBA5M-WPAN, B-WL5M-SUBG1, NUCLEO-C031C6, NUCLEO-C051C8, NUCLEO-C071RB, NUCLEO-C092RC, NUCLEO-H503RB, NUCLEO-H533RE, NUCLEO-H563ZI, NUCLEO-H7S3L8, NUCLEO-N657X0-Q, NUCLEO-U031R8, NUCLEO-U083RC, NUCLEO-U385RG-Q, NUCLEO-U545RE-Q, NUCLEO-U5A5ZJ-Q, NUCLEO-WB05KZ, NUCLEO-WB07CC, NUCLEO-WB09KE, NUCLEO-WBA52CG, NUCLEO-WBA55CG, NUCLEO-WL33CC1, NUCLEO-WL33CC2, STEVAL-PROTEUS1, STEVAL-SMARTAG2, STEVAL-STWINBX1, STM320518-EVAL, STM32C0116-DK, STM32C011D6Y3TR, STM32C011D6Y6TR, STM32C011F4P3, STM32C011F4P6, STM32C011F4U3, STM32C011F4U6TR, STM32C011F6P3, STM32C011F6P6, STM32C011F6U3, STM32C011F6U6TR, STM32C011J4M3, STM32C011J4M6, STM32C011J6M3, STM32C011J6M6, STM32C0316-DK, STM32C031C4T3, STM32C031C4T6, STM32C031C4U3, STM32C031C4U6, STM32C031C6T3, STM32C031C6T6, STM32C031C6U3, STM32C031C6U6, STM32C031F4P3, STM32C031F4P6, STM32C031F6P3, STM32C031F6P6, STM32C031G4U3, STM32C031G4U6, STM32C031G6U3, STM32C031G6U6, STM32C031K4T3, STM32C031K4T6, STM32C031K4U3, STM32C031K4U6, STM32C031K6T3, STM32C031K6T6, STM32C031K6U3, STM32C031K6U6, STM32C051C6T6, STM32C051C6U6, STM32C051C8T6, STM32C051C8U6, STM32C051D8Y6TR, STM32C051F6P6, STM32C051F8P6, STM32C051G6U6, STM32C051G8U6, STM32C051K6T6, STM32C051K6U6, STM32C051K8T6, STM32C071C8T6, STM32C071C8T6N, STM32C071C8U6, STM32C071C8U6N, STM32C071CBT6, STM32C071CBT6N, STM32C071CBU6, STM32C071CBU6N, STM32C071F8P6, STM32C071F8P6N, STM32C071FBP6, STM32C071FBP6N, STM32C071FBY6TR, STM32C071G8U6, STM32C071G8U6N, STM32C071GBU6, STM32C071GBU6N, STM32C071K8T6, STM32C071K8T6N, STM32C071K8U6, STM32C071K8U6N, STM32C071KBT6, STM32C071KBT6N, STM32C071KBU6, STM32C071KBU6N, STM32C071R8T6, STM32C071R8T6N, STM32C071RBI6N, STM32C071RBT6, STM32C071RBT6N, STM32C091CBT6, STM32C091CBU6, STM32C091CCT6, STM32C091CCU6, STM32C091ECY6TR, STM32C091FBP6, STM32C091FCP6, STM32C091GBU6, STM32C091GCU6, STM32C091KBT6, STM32C091KBU6, STM32C091KCT6, STM32C091KCU6, STM32C091RBT6, STM32C091RCI6, STM32C091RCT6, STM32C092CBT6, STM32C092CBU6, STM32C092CCT6, STM32C092CCU6, STM32C092ECY6TR, STM32C092FBP6, STM32C092FCP6, STM32C092GBU6, STM32C092GCU6, STM32C092KBT6, STM32C092KBU6, STM32C092KCT6, STM32C092KCU6, STM32C092RBT6, STM32C092RCI6, STM32C092RCT6, STM32G071K8TXN, STM32G071K8UXN, STM32G081GBU6N, STM32G081KBT6N, STM32G081KBUXN, STM32G0B1CCT6N, STM32G0B1KCT6, STM32G0B1NEY6TR, STM32G0B1RCT6N, STM32G0C1CCT6, STM32G0C1CCT6N, STM32G0C1CCU6N, STM32G0C1CET6N, STM32G0C1CEU6N, STM32G0C1KCT6, STM32G0C1NEY6TR, STM32G0C1RCI6N, STM32G0C1RCT6N, STM32G0C1REI6N, STM32G0C1RET6N, STM32G0C1VCI6, STM32G0C1VEI6, STM32G411C6T3, STM32G411C6T6, STM32G411C6U3, STM32G411C6U6, STM32G411C8T3, STM32G411C8T6, STM32G411C8U3, STM32G411C8U6, STM32G411CBT3, STM32G411CBT6, STM32G411CBU3, STM32G411CBU6, STM32G411K6T3, STM32G411K6T6, STM32G411K6U3, STM32G411K6U6, STM32G411K8T3, STM32G411K8T6, STM32G411K8U3, STM32G411K8U6, STM32G411KBT3, STM32G411KBT6, STM32G411KBU3, STM32G411KBU6, STM32G411M6T3, STM32G411M6T6, STM32G411M8T3, STM32G411M8T6, STM32G411MBT3, STM32G411MBT6, STM32G411R6T3, STM32G411R6T6, STM32G411R8T3, STM32G411R8T6, STM32G411RBT3, STM32G411RBT6, STM32G414CBT3, STM32G414CBT6, STM32G414CBU3, STM32G414CBU6, STM32G414CCT3, STM32G414CCT6, STM32G414CCU3, STM32G414CCU6, STM32G414MBT3, STM32G414MBT6, STM32G414MCT3, STM32G414MCT6, STM32G414RBT3, STM32G414RBT6, STM32G414RCT3, STM32G414RCT6, STM32G414VBT3, STM32G414VBT6, STM32G414VCT3, STM32G414VCT6, STM32G431CBT3Z, STM32G431RBT3Z, STM32G471CCT6, STM32G471CCU6, STM32G471CET3, STM32G471CET6, STM32G471CEU3, STM32G471CEU6, STM32G471MCT6, STM32G471MET3, STM32G471MET6, STM32G471MEY6TR, STM32G471QCT6, STM32G471QET3, STM32G471RCT6, STM32G471RET3, STM32G471RET6, STM32G471VCH6, STM32G471VCI6, STM32G471VCT6, STM32G471VEH3, STM32G471VEH6, STM32G471VEI3, STM32G471VEI6, STM32G471VET3, STM32G471VET6, STM32G473QET3Z, STM32G473RET3Z, STM32G474CCT6, STM32G491RET3Z, STM32H503CBT6, STM32H503CBU6, STM32H503EBY6TR, STM32H503KBU6, STM32H503RBT6, STM32H523CCT6, STM32H523CCU6, STM32H523CET6, STM32H523CEU6, STM32H523HEY6TR, STM32H523RCT6, STM32H523RET6, STM32H523VCI6, STM32H523VCT6, STM32H523VEI6, STM32H523VET6, STM32H523ZCJ6, STM32H523ZCT6, STM32H523ZEJ6, STM32H523ZET6, STM32H533CET6, STM32H533CEU6, STM32H533HEY6TR, STM32H533RET6, STM32H533VEI6, STM32H533VET6, STM32H533ZEJ6, STM32H533ZET6, STM32H562AGI6, STM32H562AII6, STM32H562IGK6, STM32H562IGT6, STM32H562IIK6, STM32H562IIT6, STM32H562RGT6, STM32H562RGV6, STM32H562RIT6, STM32H562RIV6, STM32H562VGT6, STM32H562VIT6, STM32H562ZGT6, STM32H562ZIT6, STM32H563AGI6, STM32H563AII3Q, STM32H563AII6, STM32H563IGK6, STM32H563IGT6, STM32H563IIK3Q, STM32H563IIK6, STM32H563IIT3Q, STM32H563IIT6, STM32H563MIY3QTR, STM32H563RGT6, STM32H563RGV6, STM32H563RIT6, STM32H563RIV6, STM32H563VGT6, STM32H563VIT3Q, STM32H563VIT6, STM32H563ZGT6, STM32H563ZIT3Q, STM32H563ZIT6, STM32H573AII3Q, STM32H573AII6, STM32H573I-DK, STM32H573IIK3Q, STM32H573IIK6, STM32H573IIT3Q, STM32H573IIT6, STM32H573MIY3QTR, STM32H573RIT6, STM32H573RIV6, STM32H573VIT3Q, STM32H573VIT6, STM32H573ZIT3Q, STM32H573ZIT6, STM32H7R3A8I6, STM32H7R3I8K6, STM32H7R3I8T6, STM32H7R3L8H6, STM32H7R3L8H6H, STM32H7R3R8V6, STM32H7R3V8H6, STM32H7R3V8T6, STM32H7R3V8Y6TR, STM32H7R3Z8J6, STM32H7R3Z8T6, STM32H7R7A8I6, STM32H7R7I8K6, STM32H7R7I8T6, STM32H7R7L8H6, STM32H7R7L8H6H, STM32H7R7Z8J6, STM32H7S3A8I6, STM32H7S3I8K6, STM32H7S3I8T6, STM32H7S3L8H6, STM32H7S3L8H6H, STM32H7S3R8V6, STM32H7S3V8H6, STM32H7S3V8T6, STM32H7S3V8Y6TR, STM32H7S3Z8J6, STM32H7S3Z8T6, STM32H7S78-DK, STM32H7S7A8I6, STM32H7S7I8K6, STM32H7S7I8T6, STM32H7S7L8H6, STM32H7S7L8H6H, STM32H7S7Z8J6, STM32L4R5QGI6STR, STM32MP131AAE3, STM32MP131AAF3, STM32MP131AAG3, STM32MP131CAE3, STM32MP131CAF3, STM32MP131CAG3, STM32MP131DAE7, STM32MP131DAF7, STM32MP131DAG7, STM32MP131FAE7, STM32MP131FAF7, STM32MP131FAG7, STM32MP133AAE3, STM32MP133AAF3, STM32MP133AAG3, STM32MP133CAE3, STM32MP133CAF3, STM32MP133CAG3, STM32MP133DAE7, STM32MP133DAF7, STM32MP133DAG7, STM32MP133FAE7, STM32MP133FAF7, STM32MP133FAG7, STM32MP135AAE3, STM32MP135AAF3, STM32MP135AAG3, STM32MP135CAE3, STM32MP135CAF3, STM32MP135CAG3, STM32MP135DAE7, STM32MP135DAF7, STM32MP135DAG7, STM32MP135F-DK, STM32MP135FAE7, STM32MP135FAF7, STM32MP135FAF7T, STM32MP135FAF7U, STM32MP135FAG7, STM32MP211AAL3, STM32MP211AAM3, STM32MP211AAN3, STM32MP211AAO3, STM32MP211CAL3, STM32MP211CAM3, STM32MP211CAN3, STM32MP211CAO3, STM32MP211DAL3, STM32MP211DAM3, STM32MP211DAN3, STM32MP211DAO3, STM32MP211FAL3, STM32MP211FAM3, STM32MP211FAN3, STM32MP211FAO3, STM32MP213AAL3, STM32MP213AAM3, STM32MP213AAN3, STM32MP213AAO3, STM32MP213CAL3, STM32MP213CAM3, STM32MP213CAN3, STM32MP213CAO3, STM32MP213DAL3, STM32MP213DAM3, STM32MP213DAN3, STM32MP213DAO3, STM32MP213FAL3, STM32MP213FAM3, STM32MP213FAN3, STM32MP213FAO3, STM32MP215AAL3, STM32MP215AAM3, STM32MP215AAN3, STM32MP215AAO3, STM32MP215CAL3, STM32MP215CAM3, STM32MP215CAN3, STM32MP215CAO3, STM32MP215DAL3, STM32MP215DAM3, STM32MP215DAN3, STM32MP215DAO3, STM32MP215F-DK, STM32MP215FAL3, STM32MP215FAM3, STM32MP215FAN3, STM32MP215FAO3, STM32MP231AAJ3, STM32MP231AAK3, STM32MP231AAL3, STM32MP231CAJ3, STM32MP231CAK3, STM32MP231CAL3, STM32MP231DAJ3, STM32MP231DAK3, STM32MP231DAL3, STM32MP231FAJ3, STM32MP231FAK3, STM32MP231FAL3, STM32MP233AAJ3, STM32MP233AAK3, STM32MP233AAL3, STM32MP233CAJ3, STM32MP233CAK3, STM32MP233CAL3, STM32MP233DAJ3, STM32MP233DAK3, STM32MP233DAL3, STM32MP233FAJ3, STM32MP233FAK3, STM32MP233FAL3, STM32MP235AAJ3, STM32MP235AAK3, STM32MP235AAL3, STM32MP235CAJ3, STM32MP235CAK3, STM32MP235CAL3, STM32MP235DAJ3, STM32MP235DAK3, STM32MP235DAL3, STM32MP235FAJ3, STM32MP235FAK3, STM32MP235FAL3, STM32MP251AAI3, STM32MP251AAK3, STM32MP251AAL3, STM32MP251CAI3, STM32MP251CAK3, STM32MP251CAL3, STM32MP251DAI3, STM32MP251DAK3, STM32MP251DAL3, STM32MP251FAI3, STM32MP251FAK3, STM32MP251FAL3, STM32MP253AAI3, STM32MP253AAK3, STM32MP253AAL3, STM32MP253CAI3, STM32MP253CAK3, STM32MP253CAL3, STM32MP253DAI3, STM32MP253DAK3, STM32MP253DAL3, STM32MP253FAI3, STM32MP253FAK3, STM32MP253FAL3, STM32MP255AAI3, STM32MP255AAK3, STM32MP255AAL3, STM32MP255CAI3, STM32MP255CAK3, STM32MP255CAL3, STM32MP255DAI3, STM32MP255DAK3, STM32MP255DAL3, STM32MP255FAI3, STM32MP255FAK3, STM32MP255FAL3, STM32MP257AAI3, STM32MP257AAK3, STM32MP257AAL3, STM32MP257CAI3, STM32MP257CAK3, STM32MP257CAL3, STM32MP257DAI3, STM32MP257DAK3, STM32MP257DAL3, STM32MP257F-DK, STM32MP257F-EV1, STM32MP257FAI3, STM32MP257FAK3, STM32MP257FAL3, STM32N645A0H3Q, STM32N645B0H3Q, STM32N645I0H3Q, STM32N645L0H3Q, STM32N645X0H3Q, STM32N645Z0H3Q, STM32N647A0H3Q, STM32N647B0H3Q, STM32N647I0H3Q, STM32N647L0H3Q, STM32N647X0H3Q, STM32N647Z0H3Q, STM32N655A0H3Q, STM32N655B0H3Q, STM32N655I0H3Q, STM32N655L0H3Q, STM32N655X0H3Q, STM32N655Z0H3Q, STM32N6570-DK, STM32N657A0H3Q, STM32N657B0H3Q, STM32N657I0H3Q, STM32N657L0H3Q, STM32N657X0H3Q, STM32N657Z0H3Q, STM32U031C6T6, STM32U031C6U6, STM32U031C8T6, STM32U031C8U6, STM32U031F4P6, STM32U031F6P6, STM32U031F8P6, STM32U031G6Y6TR, STM32U031G8Y6TR, STM32U031K4U6, STM32U031K6U6, STM32U031K8U6, STM32U031R6I6, STM32U031R6T6, STM32U031R8I6, STM32U031R8T6, STM32U073C8T6, STM32U073C8U6, STM32U073CBT6, STM32U073CBU6, STM32U073CCT6, STM32U073CCU6, STM32U073H8Y6TR, STM32U073HBY6TR, STM32U073HCY6TR, STM32U073K8U6, STM32U073KBU6, STM32U073KCU6, STM32U073M8I6, STM32U073M8T6, STM32U073MBI6, STM32U073MBT6, STM32U073MCI6, STM32U073MCT6, STM32U073R8I6, STM32U073R8T6, STM32U073RBI6, STM32U073RBT6, STM32U073RCI6, STM32U073RCT6, STM32U083C-DK, STM32U083CCT6, STM32U083CCU6, STM32U083HCY6TR, STM32U083KCU6, STM32U083MCI6, STM32U083MCT6, STM32U083RCI6, STM32U083RCT6, STM32U375CET6, STM32U375CET6Q, STM32U375CEU6, STM32U375CEU6Q, STM32U375CEY6QTR, STM32U375CGT6, STM32U375CGT6Q, STM32U375CGU6, STM32U375CGU6Q, STM32U375CGY6QTR, STM32U375KEU6, STM32U375KGU6, STM32U375REI6, STM32U375REI6Q, STM32U375RET6, STM32U375RET6Q, STM32U375REY6GTR, STM32U375REY6QTR, STM32U375RGI6, STM32U375RGI6Q, STM32U375RGT6, STM32U375RGT6Q, STM32U375RGY6GTR, STM32U375RGY6QTR, STM32U375VEI6, STM32U375VEI6Q, STM32U375VET6, STM32U375VET6Q, STM32U375VGI6, STM32U375VGI6Q, STM32U375VGT6, STM32U375VGT6Q, STM32U385CGT6, STM32U385CGT6Q, STM32U385CGU6, STM32U385CGU6Q, STM32U385CGY6QTR, STM32U385KGU6, STM32U385RGI6, STM32U385RGI6Q, STM32U385RGT6, STM32U385RGT6Q, STM32U385RGY6GTR, STM32U385RGY6QTR, STM32U385VGI6, STM32U385VGI6Q, STM32U385VGT6, STM32U385VGT6Q, STM32U535CBT6, STM32U535CBT6Q, STM32U535CBU6, STM32U535CBU6Q, STM32U535CCT6, STM32U535CCT6Q, STM32U535CCU6, STM32U535CCU6Q, STM32U535CET6, STM32U535CET6Q, STM32U535CEU6, STM32U535CEU6Q, STM32U535JEY6QTR, STM32U535NCY6QTR, STM32U535NEY6QTR, STM32U535RBI6, STM32U535RBI6Q, STM32U535RBT6, STM32U535RBT6Q, STM32U535RCI6, STM32U535RCI6Q, STM32U535RCT6, STM32U535RCT6Q, STM32U535REI6, STM32U535REI6Q, STM32U535RET6, STM32U535RET6Q, STM32U535VCI6, STM32U535VCI6Q, STM32U535VCT6, STM32U535VCT6Q, STM32U535VEI6, STM32U535VEI6Q, STM32U535VET6, STM32U535VET6Q, STM32U545CET6, STM32U545CET6Q, STM32U545CEU6, STM32U545CEU6Q, STM32U545JEY6QTR, STM32U545NEY6QTR, STM32U545REI6, STM32U545REI6Q, STM32U545RET6, STM32U545RET6Q, STM32U545VEI6, STM32U545VEI6Q, STM32U545VET6, STM32U545VET6Q, STM32U595AIH6, STM32U595AIH6Q, STM32U595AJH6, STM32U595AJH6Q, STM32U595QII6, STM32U595QII6Q, STM32U595QJI6, STM32U595QJI6Q, STM32U595RIT6, STM32U595RIT6Q, STM32U595RJT6, STM32U595RJT6Q, STM32U595VIT6, STM32U595VIT6Q, STM32U595VJT6, STM32U595VJT6Q, STM32U595ZIT6, STM32U595ZIT6Q, STM32U595ZIY6QTR, STM32U595ZJT6, STM32U595ZJT6Q, STM32U595ZJY6QTR, STM32U599BJY6QTR, STM32U599NIH6Q, STM32U599NJH6Q, STM32U599VIT6Q, STM32U599VJT6, STM32U599VJT6Q, STM32U599ZIT6Q, STM32U599ZIY6QTR, STM32U599ZJT6Q, STM32U599ZJY6QTR, STM32U5A5AJH6, STM32U5A5AJH6Q, STM32U5A5QII3Q , STM32U5A5QJI6, STM32U5A5QJI6Q, STM32U5A5RJT6, STM32U5A5RJT6Q, STM32U5A5VJT6, STM32U5A5VJT6Q, STM32U5A5ZJT6, STM32U5A5ZJT6Q, STM32U5A5ZJY6QTR, STM32U5A9BJY6QTR, STM32U5A9J-DK, STM32U5A9NJH6Q, STM32U5A9VJT6Q, STM32U5A9ZJT6Q, STM32U5A9ZJY6QTR, STM32U5F7VIT6, STM32U5F7VIT6Q, STM32U5F7VJT6, STM32U5F7VJT6Q, STM32U5F9BJY6QTR, STM32U5F9NJH6Q, STM32U5F9VIT6Q, STM32U5F9VJT6Q, STM32U5F9ZIJ6QTR, STM32U5F9ZIT6Q, STM32U5F9ZJJ6QTR, STM32U5F9ZJT6Q, STM32U5G7VJT6, STM32U5G7VJT6Q, STM32U5G9BJY6QTR, STM32U5G9J-DK1, STM32U5G9J-DK2, STM32U5G9NJH6Q, STM32U5G9VJT6Q, STM32U5G9ZJJ6QTR, STM32U5G9ZJT6Q, STM32WB05KZV6TR, STM32WB05KZV7TR, STM32WB05TZF6TR, STM32WB05TZF7TR, STM32WB06CCF6TR, STM32WB06CCF7TR, STM32WB06CCV6TR, STM32WB06CCV7TR, STM32WB06KCV6TR, STM32WB06KCV7TR, STM32WB07CCF6TR, STM32WB07CCF7TR, STM32WB07CCV6TR, STM32WB07CCV7TR, STM32WB07KCV6TR, STM32WB07KCV7TR, STM32WB09KEV6TR, STM32WB09KEV7TR, STM32WB09TEF6TR, STM32WB09TEF7TR, STM32WB1MMCH6, STM32WBA50KGU6, STM32WBA50KGU6TR, STM32WBA52CEU6, STM32WBA52CEU6TR, STM32WBA52CEU7, STM32WBA52CEU7TR, STM32WBA52CGU6, STM32WBA52CGU6TR, STM32WBA52CGU6U, STM32WBA52CGU7, STM32WBA52CGU7TR, STM32WBA52KEU6, STM32WBA52KEU6TR, STM32WBA52KGU6, STM32WBA52KGU6TR, STM32WBA54CEU6, STM32WBA54CEU6TR, STM32WBA54CEU7, STM32WBA54CEU7TR, STM32WBA54CGU6, STM32WBA54CGU6TR, STM32WBA54CGU7, STM32WBA54CGU7TR, STM32WBA54KEU6, STM32WBA54KEU6TR, STM32WBA54KEU7, STM32WBA54KEU7TR, STM32WBA54KGU6, STM32WBA54KGU6TR, STM32WBA54KGU7, STM32WBA54KGU7TR, STM32WBA55CEU6, STM32WBA55CEU6TR, STM32WBA55CEU7, STM32WBA55CEU7TR, STM32WBA55CGU6, STM32WBA55CGU6TR, STM32WBA55CGU6U, STM32WBA55CGU7, STM32WBA55CGU7TR, STM32WBA55G-DK1, STM32WBA55HEF6, STM32WBA55HEF7, STM32WBA55HGF6, STM32WBA55HGF7, STM32WBA55UEI6, STM32WBA55UEI6TR, STM32WBA55UEI7, STM32WBA55UEI7TR, STM32WBA55UGI6, STM32WBA55UGI6TR, STM32WBA55UGI7, STM32WBA55UGI7TR, STM32WBA5MMGH6TR, STM32WBA62MGF6, STM32WBA62MIF6, STM32WBA65MGF7, STM32WBA65MIF6, STM32WBA65MIF7, STM32WL30K8V6, STM32WL30KBV6, STM32WL31C8V6, STM32WL31CBV6, STM32WL31K8V6, STM32WL31KBV6, STM32WL33C8V6, STM32WL33C8V6X, STM32WL33CBV6, STM32WL33CBV6X, STM32WL33CCV6, STM32WL33CCV6A, STM32WL33CCV6X, STM32WL33K8V7, STM32WL33K8V7X, STM32WL33KBV7 , STM32WL33KBV7X, STM32WL33KCV7, STM32WL33KCV7X, STM32WL5MOCH6, STM32WL5MOCH6TR]
2026-01-12 10:03:13,639 [INFO] ApiDb:668 - CubeFinder database Data Model version=2.1
2026-01-12 10:03:13,639 [INFO] ApiDb:669 - CubeFinder database Configuration version=3.0.39
2026-01-12 10:03:13,639 [INFO] ApiDb:670 - CubeFinder database generation date=2025-12-22 (1766407740)
2026-01-12 10:03:13,640 [INFO] ApiDb:671 - CubeFinder database FW Pack versions=[FP-ATR-ASTRA1_V2.0.0, FP-SNS-FLIGHT1_V5.1.0, FP-SNS-MOTENV1_V5.1.0, FP-SNS-MOTENVWB1_V1.4.0, FP-SNS-SMARTAG2_V1.2.0, FP-SNS-STBOX1_V2.1.0, STM32Cube_FW_C0_V1.4.0, STM32Cube_FW_F4_V1.28.3, STM32Cube_FW_F7_V1.17.4, STM32Cube_FW_G0_V1.6.2, STM32Cube_FW_G4_V1.6.1, STM32Cube_FW_H5_V1.5.1, STM32Cube_FW_H7RS_V1.3.0, STM32Cube_FW_H7_V1.12.1, STM32Cube_FW_L0_V1.12.2, STM32Cube_FW_L4_V1.18.1, STM32Cube_FW_L5_V1.6.0, STM32Cube_FW_N6_V1.3.0, STM32Cube_FW_U0_V1.3.0, STM32Cube_FW_U3_V1.2.1, STM32Cube_FW_U5_V1.8.0, STM32Cube_FW_WB0_V1.4.0, STM32Cube_FW_WBA_V1.8.0, STM32Cube_FW_WB_V1.24.0, STM32Cube_FW_WL3_V1.3.0, STM32Cube_FW_WL_V1.4.0, X-CUBE-ALGOBUILD_V1.4.0, X-CUBE-ALS_V1.0.2, X-CUBE-AZRTOS-F4_V1.1.0, X-CUBE-AZRTOS-F7_V1.1.0, X-CUBE-AZRTOS-G0_V1.1.0, X-CUBE-AZRTOS-G4_V2.0.0, X-CUBE-AZRTOS-H7RS_V1.1.0, X-CUBE-AZRTOS-H7_V3.4.0, X-CUBE-AZRTOS-L4_V2.0.0, X-CUBE-AZRTOS-L5_V2.0.0, X-CUBE-AZRTOS-WB_V2.0.0, X-CUBE-AZRTOS-WL_V2.0.0, X-CUBE-BLE1_V7.1.0, X-CUBE-BLE2_V3.3.0, X-CUBE-BLEMGR_V4.1.0, X-CUBE-EEPRMA1_V5.2.0, X-CUBE-FREERTOS_V1.3.1, X-CUBE-GNSS1_V6.0.0, X-CUBE-MEMS1_V12.0.0, X-CUBE-NFC4_V3.0.0, X-CUBE-NFC7_V2.0.0, X-CUBE-SFXS2LP1_V4.0.0, X-CUBE-ST67W61_V1.1.0, X-CUBE-SUBG2_V5.0.0, X-CUBE-TOF1_V3.4.3]
2026-01-12 10:03:18,010 [INFO] ApiDb:240 - Found 880 in-development CPN: [B-G473E-ZEST1S, B-WB1M-WPAN1, B-WBA5M-WPAN, B-WL5M-SUBG1, NUCLEO-C031C6, NUCLEO-C051C8, NUCLEO-C071RB, NUCLEO-C092RC, NUCLEO-H503RB, NUCLEO-H533RE, NUCLEO-H563ZI, NUCLEO-H7S3L8, NUCLEO-N657X0-Q, NUCLEO-U031R8, NUCLEO-U083RC, NUCLEO-U385RG-Q, NUCLEO-U545RE-Q, NUCLEO-U5A5ZJ-Q, NUCLEO-WB05KZ, NUCLEO-WB07CC, NUCLEO-WB09KE, NUCLEO-WBA52CG, NUCLEO-WBA55CG, NUCLEO-WL33CC1, NUCLEO-WL33CC2, STEVAL-PROTEUS1, STEVAL-SMARTAG2, STEVAL-STWINBX1, STM320518-EVAL, STM32C0116-DK, STM32C011D6Y3TR, STM32C011D6Y6TR, STM32C011F4P3, STM32C011F4P6, STM32C011F4U3, STM32C011F4U6TR, STM32C011F6P3, STM32C011F6P6, STM32C011F6U3, STM32C011F6U6TR, STM32C011J4M3, STM32C011J4M6, STM32C011J6M3, STM32C011J6M6, STM32C0316-DK, STM32C031C4T3, STM32C031C4T6, STM32C031C4U3, STM32C031C4U6, STM32C031C6T3, STM32C031C6T6, STM32C031C6U3, STM32C031C6U6, STM32C031F4P3, STM32C031F4P6, STM32C031F6P3, STM32C031F6P6, STM32C031G4U3, STM32C031G4U6, STM32C031G6U3, STM32C031G6U6, STM32C031K4T3, STM32C031K4T6, STM32C031K4U3, STM32C031K4U6, STM32C031K6T3, STM32C031K6T6, STM32C031K6U3, STM32C031K6U6, STM32C051C6T6, STM32C051C6U6, STM32C051C8T6, STM32C051C8U6, STM32C051D8Y6TR, STM32C051F6P6, STM32C051F8P6, STM32C051G6U6, STM32C051G8U6, STM32C051K6T6, STM32C051K6U6, STM32C051K8T6, STM32C071C8T6, STM32C071C8T6N, STM32C071C8U6, STM32C071C8U6N, STM32C071CBT6, STM32C071CBT6N, STM32C071CBU6, STM32C071CBU6N, STM32C071F8P6, STM32C071F8P6N, STM32C071FBP6, STM32C071FBP6N, STM32C071FBY6TR, STM32C071G8U6, STM32C071G8U6N, STM32C071GBU6, STM32C071GBU6N, STM32C071K8T6, STM32C071K8T6N, STM32C071K8U6, STM32C071K8U6N, STM32C071KBT6, STM32C071KBT6N, STM32C071KBU6, STM32C071KBU6N, STM32C071R8T6, STM32C071R8T6N, STM32C071RBI6N, STM32C071RBT6, STM32C071RBT6N, STM32C091CBT6, STM32C091CBU6, STM32C091CCT6, STM32C091CCU6, STM32C091ECY6TR, STM32C091FBP6, STM32C091FCP6, STM32C091GBU6, STM32C091GCU6, STM32C091KBT6, STM32C091KBU6, STM32C091KCT6, STM32C091KCU6, STM32C091RBT6, STM32C091RCI6, STM32C091RCT6, STM32C092CBT6, STM32C092CBU6, STM32C092CCT6, STM32C092CCU6, STM32C092ECY6TR, STM32C092FBP6, STM32C092FCP6, STM32C092GBU6, STM32C092GCU6, STM32C092KBT6, STM32C092KBU6, STM32C092KCT6, STM32C092KCU6, STM32C092RBT6, STM32C092RCI6, STM32C092RCT6, STM32G071K8TXN, STM32G071K8UXN, STM32G081GBU6N, STM32G081KBT6N, STM32G081KBUXN, STM32G0B1CCT6N, STM32G0B1KCT6, STM32G0B1NEY6TR, STM32G0B1RCT6N, STM32G0C1CCT6, STM32G0C1CCT6N, STM32G0C1CCU6N, STM32G0C1CET6N, STM32G0C1CEU6N, STM32G0C1KCT6, STM32G0C1NEY6TR, STM32G0C1RCI6N, STM32G0C1RCT6N, STM32G0C1REI6N, STM32G0C1RET6N, STM32G0C1VCI6, STM32G0C1VEI6, STM32G411C6T3, STM32G411C6T6, STM32G411C6U3, STM32G411C6U6, STM32G411C8T3, STM32G411C8T6, STM32G411C8U3, STM32G411C8U6, STM32G411CBT3, STM32G411CBT6, STM32G411CBU3, STM32G411CBU6, STM32G411K6T3, STM32G411K6T6, STM32G411K6U3, STM32G411K6U6, STM32G411K8T3, STM32G411K8T6, STM32G411K8U3, STM32G411K8U6, STM32G411KBT3, STM32G411KBT6, STM32G411KBU3, STM32G411KBU6, STM32G411M6T3, STM32G411M6T6, STM32G411M8T3, STM32G411M8T6, STM32G411MBT3, STM32G411MBT6, STM32G411R6T3, STM32G411R6T6, STM32G411R8T3, STM32G411R8T6, STM32G411RBT3, STM32G411RBT6, STM32G414CBT3, STM32G414CBT6, STM32G414CBU3, STM32G414CBU6, STM32G414CCT3, STM32G414CCT6, STM32G414CCU3, STM32G414CCU6, STM32G414MBT3, STM32G414MBT6, STM32G414MCT3, STM32G414MCT6, STM32G414RBT3, STM32G414RBT6, STM32G414RCT3, STM32G414RCT6, STM32G414VBT3, STM32G414VBT6, STM32G414VCT3, STM32G414VCT6, STM32G431CBT3Z, STM32G431RBT3Z, STM32G471CCT6, STM32G471CCU6, STM32G471CET3, STM32G471CET6, STM32G471CEU3, STM32G471CEU6, STM32G471MCT6, STM32G471MET3, STM32G471MET6, STM32G471MEY6TR, STM32G471QCT6, STM32G471QET3, STM32G471RCT6, STM32G471RET3, STM32G471RET6, STM32G471VCH6, STM32G471VCI6, STM32G471VCT6, STM32G471VEH3, STM32G471VEH6, STM32G471VEI3, STM32G471VEI6, STM32G471VET3, STM32G471VET6, STM32G473QET3Z, STM32G473RET3Z, STM32G474CCT6, STM32G491RET3Z, STM32H503CBT6, STM32H503CBU6, STM32H503EBY6TR, STM32H503KBU6, STM32H503RBT6, STM32H523CCT6, STM32H523CCU6, STM32H523CET6, STM32H523CEU6, STM32H523HEY6TR, STM32H523RCT6, STM32H523RET6, STM32H523VCI6, STM32H523VCT6, STM32H523VEI6, STM32H523VET6, STM32H523ZCJ6, STM32H523ZCT6, STM32H523ZEJ6, STM32H523ZET6, STM32H533CET6, STM32H533CEU6, STM32H533HEY6TR, STM32H533RET6, STM32H533VEI6, STM32H533VET6, STM32H533ZEJ6, STM32H533ZET6, STM32H562AGI6, STM32H562AII6, STM32H562IGK6, STM32H562IGT6, STM32H562IIK6, STM32H562IIT6, STM32H562RGT6, STM32H562RGV6, STM32H562RIT6, STM32H562RIV6, STM32H562VGT6, STM32H562VIT6, STM32H562ZGT6, STM32H562ZIT6, STM32H563AGI6, STM32H563AII3Q, STM32H563AII6, STM32H563IGK6, STM32H563IGT6, STM32H563IIK3Q, STM32H563IIK6, STM32H563IIT3Q, STM32H563IIT6, STM32H563MIY3QTR, STM32H563RGT6, STM32H563RGV6, STM32H563RIT6, STM32H563RIV6, STM32H563VGT6, STM32H563VIT3Q, STM32H563VIT6, STM32H563ZGT6, STM32H563ZIT3Q, STM32H563ZIT6, STM32H573AII3Q, STM32H573AII6, STM32H573I-DK, STM32H573IIK3Q, STM32H573IIK6, STM32H573IIT3Q, STM32H573IIT6, STM32H573MIY3QTR, STM32H573RIT6, STM32H573RIV6, STM32H573VIT3Q, STM32H573VIT6, STM32H573ZIT3Q, STM32H573ZIT6, STM32H7R3A8I6, STM32H7R3I8K6, STM32H7R3I8T6, STM32H7R3L8H6, STM32H7R3L8H6H, STM32H7R3R8V6, STM32H7R3V8H6, STM32H7R3V8T6, STM32H7R3V8Y6TR, STM32H7R3Z8J6, STM32H7R3Z8T6, STM32H7R7A8I6, STM32H7R7I8K6, STM32H7R7I8T6, STM32H7R7L8H6, STM32H7R7L8H6H, STM32H7R7Z8J6, STM32H7S3A8I6, STM32H7S3I8K6, STM32H7S3I8T6, STM32H7S3L8H6, STM32H7S3L8H6H, STM32H7S3R8V6, STM32H7S3V8H6, STM32H7S3V8T6, STM32H7S3V8Y6TR, STM32H7S3Z8J6, STM32H7S3Z8T6, STM32H7S78-DK, STM32H7S7A8I6, STM32H7S7I8K6, STM32H7S7I8T6, STM32H7S7L8H6, STM32H7S7L8H6H, STM32H7S7Z8J6, STM32L4R5QGI6STR, STM32MP131AAE3, STM32MP131AAF3, STM32MP131AAG3, STM32MP131CAE3, STM32MP131CAF3, STM32MP131CAG3, STM32MP131DAE7, STM32MP131DAF7, STM32MP131DAG7, STM32MP131FAE7, STM32MP131FAF7, STM32MP131FAG7, STM32MP133AAE3, STM32MP133AAF3, STM32MP133AAG3, STM32MP133CAE3, STM32MP133CAF3, STM32MP133CAG3, STM32MP133DAE7, STM32MP133DAF7, STM32MP133DAG7, STM32MP133FAE7, STM32MP133FAF7, STM32MP133FAG7, STM32MP135AAE3, STM32MP135AAF3, STM32MP135AAG3, STM32MP135CAE3, STM32MP135CAF3, STM32MP135CAG3, STM32MP135DAE7, STM32MP135DAF7, STM32MP135DAG7, STM32MP135F-DK, STM32MP135FAE7, STM32MP135FAF7, STM32MP135FAF7T, STM32MP135FAF7U, STM32MP135FAG7, STM32MP211AAL3, STM32MP211AAM3, STM32MP211AAN3, STM32MP211AAO3, STM32MP211CAL3, STM32MP211CAM3, STM32MP211CAN3, STM32MP211CAO3, STM32MP211DAL3, STM32MP211DAM3, STM32MP211DAN3, STM32MP211DAO3, STM32MP211FAL3, STM32MP211FAM3, STM32MP211FAN3, STM32MP211FAO3, STM32MP213AAL3, STM32MP213AAM3, STM32MP213AAN3, STM32MP213AAO3, STM32MP213CAL3, STM32MP213CAM3, STM32MP213CAN3, STM32MP213CAO3, STM32MP213DAL3, STM32MP213DAM3, STM32MP213DAN3, STM32MP213DAO3, STM32MP213FAL3, STM32MP213FAM3, STM32MP213FAN3, STM32MP213FAO3, STM32MP215AAL3, STM32MP215AAM3, STM32MP215AAN3, STM32MP215AAO3, STM32MP215CAL3, STM32MP215CAM3, STM32MP215CAN3, STM32MP215CAO3, STM32MP215DAL3, STM32MP215DAM3, STM32MP215DAN3, STM32MP215DAO3, STM32MP215F-DK, STM32MP215FAL3, STM32MP215FAM3, STM32MP215FAN3, STM32MP215FAO3, STM32MP231AAJ3, STM32MP231AAK3, STM32MP231AAL3, STM32MP231CAJ3, STM32MP231CAK3, STM32MP231CAL3, STM32MP231DAJ3, STM32MP231DAK3, STM32MP231DAL3, STM32MP231FAJ3, STM32MP231FAK3, STM32MP231FAL3, STM32MP233AAJ3, STM32MP233AAK3, STM32MP233AAL3, STM32MP233CAJ3, STM32MP233CAK3, STM32MP233CAL3, STM32MP233DAJ3, STM32MP233DAK3, STM32MP233DAL3, STM32MP233FAJ3, STM32MP233FAK3, STM32MP233FAL3, STM32MP235AAJ3, STM32MP235AAK3, STM32MP235AAL3, STM32MP235CAJ3, STM32MP235CAK3, STM32MP235CAL3, STM32MP235DAJ3, STM32MP235DAK3, STM32MP235DAL3, STM32MP235FAJ3, STM32MP235FAK3, STM32MP235FAL3, STM32MP251AAI3, STM32MP251AAK3, STM32MP251AAL3, STM32MP251CAI3, STM32MP251CAK3, STM32MP251CAL3, STM32MP251DAI3, STM32MP251DAK3, STM32MP251DAL3, STM32MP251FAI3, STM32MP251FAK3, STM32MP251FAL3, STM32MP253AAI3, STM32MP253AAK3, STM32MP253AAL3, STM32MP253CAI3, STM32MP253CAK3, STM32MP253CAL3, STM32MP253DAI3, STM32MP253DAK3, STM32MP253DAL3, STM32MP253FAI3, STM32MP253FAK3, STM32MP253FAL3, STM32MP255AAI3, STM32MP255AAK3, STM32MP255AAL3, STM32MP255CAI3, STM32MP255CAK3, STM32MP255CAL3, STM32MP255DAI3, STM32MP255DAK3, STM32MP255DAL3, STM32MP255FAI3, STM32MP255FAK3, STM32MP255FAL3, STM32MP257AAI3, STM32MP257AAK3, STM32MP257AAL3, STM32MP257CAI3, STM32MP257CAK3, STM32MP257CAL3, STM32MP257DAI3, STM32MP257DAK3, STM32MP257DAL3, STM32MP257F-DK, STM32MP257F-EV1, STM32MP257FAI3, STM32MP257FAK3, STM32MP257FAL3, STM32N645A0H3Q, STM32N645B0H3Q, STM32N645I0H3Q, STM32N645L0H3Q, STM32N645X0H3Q, STM32N645Z0H3Q, STM32N647A0H3Q, STM32N647B0H3Q, STM32N647I0H3Q, STM32N647L0H3Q, STM32N647X0H3Q, STM32N647Z0H3Q, STM32N655A0H3Q, STM32N655B0H3Q, STM32N655I0H3Q, STM32N655L0H3Q, STM32N655X0H3Q, STM32N655Z0H3Q, STM32N6570-DK, STM32N657A0H3Q, STM32N657B0H3Q, STM32N657I0H3Q, STM32N657L0H3Q, STM32N657X0H3Q, STM32N657Z0H3Q, STM32U031C6T6, STM32U031C6U6, STM32U031C8T6, STM32U031C8U6, STM32U031F4P6, STM32U031F6P6, STM32U031F8P6, STM32U031G6Y6TR, STM32U031G8Y6TR, STM32U031K4U6, STM32U031K6U6, STM32U031K8U6, STM32U031R6I6, STM32U031R6T6, STM32U031R8I6, STM32U031R8T6, STM32U073C8T6, STM32U073C8U6, STM32U073CBT6, STM32U073CBU6, STM32U073CCT6, STM32U073CCU6, STM32U073H8Y6TR, STM32U073HBY6TR, STM32U073HCY6TR, STM32U073K8U6, STM32U073KBU6, STM32U073KCU6, STM32U073M8I6, STM32U073M8T6, STM32U073MBI6, STM32U073MBT6, STM32U073MCI6, STM32U073MCT6, STM32U073R8I6, STM32U073R8T6, STM32U073RBI6, STM32U073RBT6, STM32U073RCI6, STM32U073RCT6, STM32U083C-DK, STM32U083CCT6, STM32U083CCU6, STM32U083HCY6TR, STM32U083KCU6, STM32U083MCI6, STM32U083MCT6, STM32U083RCI6, STM32U083RCT6, STM32U375CET6, STM32U375CET6Q, STM32U375CEU6, STM32U375CEU6Q, STM32U375CEY6QTR, STM32U375CGT6, STM32U375CGT6Q, STM32U375CGU6, STM32U375CGU6Q, STM32U375CGY6QTR, STM32U375KEU6, STM32U375KGU6, STM32U375REI6, STM32U375REI6Q, STM32U375RET6, STM32U375RET6Q, STM32U375REY6GTR, STM32U375REY6QTR, STM32U375RGI6, STM32U375RGI6Q, STM32U375RGT6, STM32U375RGT6Q, STM32U375RGY6GTR, STM32U375RGY6QTR, STM32U375VEI6, STM32U375VEI6Q, STM32U375VET6, STM32U375VET6Q, STM32U375VGI6, STM32U375VGI6Q, STM32U375VGT6, STM32U375VGT6Q, STM32U385CGT6, STM32U385CGT6Q, STM32U385CGU6, STM32U385CGU6Q, STM32U385CGY6QTR, STM32U385KGU6, STM32U385RGI6, STM32U385RGI6Q, STM32U385RGT6, STM32U385RGT6Q, STM32U385RGY6GTR, STM32U385RGY6QTR, STM32U385VGI6, STM32U385VGI6Q, STM32U385VGT6, STM32U385VGT6Q, STM32U535CBT6, STM32U535CBT6Q, STM32U535CBU6, STM32U535CBU6Q, STM32U535CCT6, STM32U535CCT6Q, STM32U535CCU6, STM32U535CCU6Q, STM32U535CET6, STM32U535CET6Q, STM32U535CEU6, STM32U535CEU6Q, STM32U535JEY6QTR, STM32U535NCY6QTR, STM32U535NEY6QTR, STM32U535RBI6, STM32U535RBI6Q, STM32U535RBT6, STM32U535RBT6Q, STM32U535RCI6, STM32U535RCI6Q, STM32U535RCT6, STM32U535RCT6Q, STM32U535REI6, STM32U535REI6Q, STM32U535RET6, STM32U535RET6Q, STM32U535VCI6, STM32U535VCI6Q, STM32U535VCT6, STM32U535VCT6Q, STM32U535VEI6, STM32U535VEI6Q, STM32U535VET6, STM32U535VET6Q, STM32U545CET6, STM32U545CET6Q, STM32U545CEU6, STM32U545CEU6Q, STM32U545JEY6QTR, STM32U545NEY6QTR, STM32U545REI6, STM32U545REI6Q, STM32U545RET6, STM32U545RET6Q, STM32U545VEI6, STM32U545VEI6Q, STM32U545VET6, STM32U545VET6Q, STM32U595AIH6, STM32U595AIH6Q, STM32U595AJH6, STM32U595AJH6Q, STM32U595QII6, STM32U595QII6Q, STM32U595QJI6, STM32U595QJI6Q, STM32U595RIT6, STM32U595RIT6Q, STM32U595RJT6, STM32U595RJT6Q, STM32U595VIT6, STM32U595VIT6Q, STM32U595VJT6, STM32U595VJT6Q, STM32U595ZIT6, STM32U595ZIT6Q, STM32U595ZIY6QTR, STM32U595ZJT6, STM32U595ZJT6Q, STM32U595ZJY6QTR, STM32U599BJY6QTR, STM32U599NIH6Q, STM32U599NJH6Q, STM32U599VIT6Q, STM32U599VJT6, STM32U599VJT6Q, STM32U599ZIT6Q, STM32U599ZIY6QTR, STM32U599ZJT6Q, STM32U599ZJY6QTR, STM32U5A5AJH6, STM32U5A5AJH6Q, STM32U5A5QII3Q , STM32U5A5QJI6, STM32U5A5QJI6Q, STM32U5A5RJT6, STM32U5A5RJT6Q, STM32U5A5VJT6, STM32U5A5VJT6Q, STM32U5A5ZJT6, STM32U5A5ZJT6Q, STM32U5A5ZJY6QTR, STM32U5A9BJY6QTR, STM32U5A9J-DK, STM32U5A9NJH6Q, STM32U5A9VJT6Q, STM32U5A9ZJT6Q, STM32U5A9ZJY6QTR, STM32U5F7VIT6, STM32U5F7VIT6Q, STM32U5F7VJT6, STM32U5F7VJT6Q, STM32U5F9BJY6QTR, STM32U5F9NJH6Q, STM32U5F9VIT6Q, STM32U5F9VJT6Q, STM32U5F9ZIJ6QTR, STM32U5F9ZIT6Q, STM32U5F9ZJJ6QTR, STM32U5F9ZJT6Q, STM32U5G7VJT6, STM32U5G7VJT6Q, STM32U5G9BJY6QTR, STM32U5G9J-DK1, STM32U5G9J-DK2, STM32U5G9NJH6Q, STM32U5G9VJT6Q, STM32U5G9ZJJ6QTR, STM32U5G9ZJT6Q, STM32WB05KZV6TR, STM32WB05KZV7TR, STM32WB05TZF6TR, STM32WB05TZF7TR, STM32WB06CCF6TR, STM32WB06CCF7TR, STM32WB06CCV6TR, STM32WB06CCV7TR, STM32WB06KCV6TR, STM32WB06KCV7TR, STM32WB07CCF6TR, STM32WB07CCF7TR, STM32WB07CCV6TR, STM32WB07CCV7TR, STM32WB07KCV6TR, STM32WB07KCV7TR, STM32WB09KEV6TR, STM32WB09KEV7TR, STM32WB09TEF6TR, STM32WB09TEF7TR, STM32WB1MMCH6, STM32WBA50KGU6, STM32WBA50KGU6TR, STM32WBA52CEU6, STM32WBA52CEU6TR, STM32WBA52CEU7, STM32WBA52CEU7TR, STM32WBA52CGU6, STM32WBA52CGU6TR, STM32WBA52CGU6U, STM32WBA52CGU7, STM32WBA52CGU7TR, STM32WBA52KEU6, STM32WBA52KEU6TR, STM32WBA52KGU6, STM32WBA52KGU6TR, STM32WBA54CEU6, STM32WBA54CEU6TR, STM32WBA54CEU7, STM32WBA54CEU7TR, STM32WBA54CGU6, STM32WBA54CGU6TR, STM32WBA54CGU7, STM32WBA54CGU7TR, STM32WBA54KEU6, STM32WBA54KEU6TR, STM32WBA54KEU7, STM32WBA54KEU7TR, STM32WBA54KGU6, STM32WBA54KGU6TR, STM32WBA54KGU7, STM32WBA54KGU7TR, STM32WBA55CEU6, STM32WBA55CEU6TR, STM32WBA55CEU7, STM32WBA55CEU7TR, STM32WBA55CGU6, STM32WBA55CGU6TR, STM32WBA55CGU6U, STM32WBA55CGU7, STM32WBA55CGU7TR, STM32WBA55G-DK1, STM32WBA55HEF6, STM32WBA55HEF7, STM32WBA55HGF6, STM32WBA55HGF7, STM32WBA55UEI6, STM32WBA55UEI6TR, STM32WBA55UEI7, STM32WBA55UEI7TR, STM32WBA55UGI6, STM32WBA55UGI6TR, STM32WBA55UGI7, STM32WBA55UGI7TR, STM32WBA5MMGH6TR, STM32WBA62MGF6, STM32WBA62MIF6, STM32WBA65MGF7, STM32WBA65MIF6, STM32WBA65MIF7, STM32WL30K8V6, STM32WL30KBV6, STM32WL31C8V6, STM32WL31CBV6, STM32WL31K8V6, STM32WL31KBV6, STM32WL33C8V6, STM32WL33C8V6X, STM32WL33CBV6, STM32WL33CBV6X, STM32WL33CCV6, STM32WL33CCV6A, STM32WL33CCV6X, STM32WL33K8V7, STM32WL33K8V7X, STM32WL33KBV7 , STM32WL33KBV7X, STM32WL33KCV7, STM32WL33KCV7X, STM32WL5MOCH6, STM32WL5MOCH6TR]
2026-01-12 10:03:18,015 [INFO] DbMcus:218 - Found 4876 MCUs, 4876 are supported
2026-01-12 10:03:18,015 [INFO] ApiDb:423 - Load user favorites file C:\Users\Chinnapop/.stm32cubeide/favorites.mcus.txt: 0 item(s)
2026-01-12 10:03:18,015 [INFO] ApiDb:427 - User favorites MCUs=[]
2026-01-12 10:03:18,015 [INFO] DbMcus:224 - Set 0 / 0 favorites MCUs
2026-01-12 10:03:19,190 [INFO] BoardInfo:889 - No configuration file found for board P-NUCLEO-WB55
2026-01-12 10:03:19,192 [INFO] DbBoards:161 - Kit is not supported: P-NUCLEO-WB55
2026-01-12 10:03:19,199 [INFO] BoardInfo:889 - No configuration file found for board STEVAL-BFA001V1B
2026-01-12 10:03:19,199 [INFO] DbBoards:161 - Kit is not supported: STEVAL-BFA001V1B
2026-01-12 10:03:19,199 [INFO] BoardInfo:889 - No configuration file found for board STEVAL-BFA001V2B
2026-01-12 10:03:19,201 [INFO] DbBoards:161 - Kit is not supported: STEVAL-BFA001V2B
2026-01-12 10:03:19,576 [INFO] DbBoards:168 - Found 212 boards, 209 are supported
2026-01-12 10:03:19,576 [INFO] DbBoards:169 - Found 212 boards, 43 of them is supported for  Bsp
2026-01-12 10:03:19,581 [INFO] ApiDb:423 - Load user favorites file C:\Users\Chinnapop/.stm32cubeide/favorites.boards.txt: 0 item(s)
2026-01-12 10:03:19,581 [INFO] ApiDb:427 - User favorites Boards=[]
2026-01-12 10:03:19,581 [INFO] DbBoards:198 - Set 0 / 0 favorites Boards
2026-01-12 10:03:19,647 [INFO] UtilMem:75 - End LoadConfig() Used Memory: 786970240 Bytes (1073741824)
2026-01-12 10:03:19,908 [WARN] ThirdParty:833 - waiting for thirdparty lock release [change project]
2026-01-12 10:03:19,909 [INFO] ThirdParty:835 - entering critical section [change project]
2026-01-12 10:03:19,909 [INFO] ThirdParty:1030 - CMSIS Pack Vendor :STMicroelectronics X-CUBE-PM33A1 1.0.0
2026-01-12 10:03:19,909 [INFO] ThirdParty:1030 - CMSIS Pack Vendor :STMicroelectronics USBPD 4.1
2026-01-12 10:03:19,909 [INFO] ThirdParty:1030 - CMSIS Pack Vendor :STMicroelectronics USB_HOST 2.0.0
2026-01-12 10:03:19,909 [INFO] ThirdParty:1030 - CMSIS Pack Vendor :STMicroelectronics FP-SNS-MOTENVWB1 1.4.0
2026-01-12 10:03:19,909 [INFO] ThirdParty:1030 - CMSIS Pack Vendor :STMicroelectronics X-CUBE-AZRTOS-F4 1.1.0
2026-01-12 10:03:19,909 [INFO] ThirdParty:1030 - CMSIS Pack Vendor :STMicroelectronics LIBJPEG 8.0.0
2026-01-12 10:03:19,909 [INFO] ThirdParty:1030 - CMSIS Pack Vendor :STMicroelectronics FP-ATR-ASTRA1 2.0.2
2026-01-12 10:03:19,909 [INFO] ThirdParty:1030 - CMSIS Pack Vendor :STMicroelectronics FP-ATR-ASTRA1 2.0.1
2026-01-12 10:03:19,909 [INFO] ThirdParty:1030 - CMSIS Pack Vendor :Avnet-IotConnect X-CUBE-IoTC-DA16k-PMOD 1.0.0
2026-01-12 10:03:19,909 [INFO] ThirdParty:1030 - CMSIS Pack Vendor :STMicroelectronics X-CUBE-SMBUS 2.1.0
2026-01-12 10:03:19,909 [INFO] ThirdParty:1030 - CMSIS Pack Vendor :STMicroelectronics X-CUBE-WB05N 1.1.0
2026-01-12 10:03:19,909 [INFO] ThirdParty:1030 - CMSIS Pack Vendor :STMicroelectronics X-CUBE-ISPU 2.1.0
2026-01-12 10:03:19,909 [INFO] ThirdParty:1030 - CMSIS Pack Vendor :STMicroelectronics X-CUBE-IPS 3.2.0
2026-01-12 10:03:19,909 [INFO] ThirdParty:1030 - CMSIS Pack Vendor :STMicroelectronics X-CUBE-FREERTOS 1.2.0
2026-01-12 10:03:19,909 [INFO] ThirdParty:1030 - CMSIS Pack Vendor :STMicroelectronics X-CUBE-ST60 1.0.0
2026-01-12 10:03:19,909 [INFO] ThirdParty:1030 - CMSIS Pack Vendor :STMicroelectronics X-CUBE-NFC12 1.0.0
2026-01-12 10:03:19,909 [INFO] ThirdParty:1030 - CMSIS Pack Vendor :STMicroelectronics X-CUBE-AZRTOS-F7 1.1.0
2026-01-12 10:03:19,909 [INFO] ThirdParty:1030 - CMSIS Pack Vendor :STMicroelectronics X-CUBE-AZRTOS-L5 2.0.0
2026-01-12 10:03:19,910 [INFO] ThirdParty:1030 - CMSIS Pack Vendor :STMicroelectronics USB_DEVICE 2.0.0
2026-01-12 10:03:19,910 [INFO] ThirdParty:1030 - CMSIS Pack Vendor :STMicroelectronics X-CUBE-NFC6 3.1.0
2026-01-12 10:03:19,910 [INFO] ThirdParty:1030 - CMSIS Pack Vendor :STMicroelectronics X-CUBE-MEMS1 11.0.0
2026-01-12 10:03:19,910 [INFO] ThirdParty:1030 - CMSIS Pack Vendor :STMicroelectronics FP-SNS-MOTENV1 5.1.0
2026-01-12 10:03:19,910 [INFO] ThirdParty:1030 - CMSIS Pack Vendor :STMicroelectronics FreeRTOS 0.0.1
2026-01-12 10:03:19,910 [INFO] ThirdParty:1030 - CMSIS Pack Vendor :STMicroelectronics X-CUBE-DPower 1.2.0
2026-01-12 10:03:19,910 [INFO] ThirdParty:1030 - CMSIS Pack Vendor :STMicroelectronics FP-SNS-FLIGHT1 5.0.2
2026-01-12 10:03:19,910 [INFO] ThirdParty:1030 - CMSIS Pack Vendor :STMicroelectronics PDM2PCM 3.3.0
2026-01-12 10:03:19,910 [INFO] ThirdParty:1030 - CMSIS Pack Vendor :STMicroelectronics X-CUBE-AZRTOS-H7 3.4.0
2026-01-12 10:03:19,910 [INFO] ThirdParty:1030 - CMSIS Pack Vendor :STMicroelectronics X-CUBE-DISPLAY 3.0.0
2026-01-12 10:03:19,910 [INFO] ThirdParty:1030 - CMSIS Pack Vendor :STMicroelectronics X-CUBE-BLE1 7.0.0
2026-01-12 10:03:19,910 [INFO] ThirdParty:1030 - CMSIS Pack Vendor :STMicroelectronics X-CUBE-NFC10 1.0.0
2026-01-12 10:03:19,910 [INFO] ThirdParty:1030 - CMSIS Pack Vendor :STMicroelectronics X-CUBE-BLEMGR 4.0.0
2026-01-12 10:03:19,910 [INFO] ThirdParty:1030 - CMSIS Pack Vendor :STMicroelectronics X-CUBE-FREERTOS 1.3.1
2026-01-12 10:03:19,910 [INFO] ThirdParty:1030 - CMSIS Pack Vendor :STMicroelectronics HAL Drivers 0.0.0
2026-01-12 10:03:19,910 [INFO] ThirdParty:1030 - CMSIS Pack Vendor :STMicroelectronics X-CUBE-ST60 1.1.0
2026-01-12 10:03:19,910 [INFO] ThirdParty:1030 - CMSIS Pack Vendor :emotas I-CUBE-CANOPEN 1.3.0
2026-01-12 10:03:19,911 [INFO] ThirdParty:1030 - CMSIS Pack Vendor :STMicroelectronics X-CUBE-FREERTOS 1.3.0
2026-01-12 10:03:19,911 [INFO] ThirdParty:1030 - CMSIS Pack Vendor :STMicroelectronics X-CUBE-NFC7 1.0.1
2026-01-12 10:03:19,911 [INFO] ThirdParty:1030 - CMSIS Pack Vendor :STMicroelectronics MBEDTLS 2.14.1
2026-01-12 10:03:19,911 [INFO] ThirdParty:1030 - CMSIS Pack Vendor :STMicroelectronics X-CUBE-GNSS1 7.1.0
2026-01-12 10:03:19,911 [INFO] ThirdParty:1030 - CMSIS Pack Vendor :STMicroelectronics X-CUBE-TOUCHGFX 4.26.0
2026-01-12 10:03:19,911 [INFO] ThirdParty:1030 - CMSIS Pack Vendor :STMicroelectronics X-CUBE-BLEMGR 3.1.0
2026-01-12 10:03:19,911 [INFO] ThirdParty:1030 - CMSIS Pack Vendor :STMicroelectronics X-CUBE-AI 10.0.0
2026-01-12 10:03:19,912 [INFO] ThirdParty:1030 - CMSIS Pack Vendor :STMicroelectronics FP-SNS-STBOX1 2.1.0
2026-01-12 10:03:19,912 [INFO] ThirdParty:1030 - CMSIS Pack Vendor :STMicroelectronics FP-SNS-STAIOTCFT 1.0.0
2026-01-12 10:03:19,912 [INFO] ThirdParty:1030 - CMSIS Pack Vendor :STMicroelectronics FP-SNS-SMARTAG2 1.2.0
2026-01-12 10:03:19,912 [INFO] ThirdParty:1030 - CMSIS Pack Vendor :STMicroelectronics FP-SNS-FLIGHT1 5.1.0
2026-01-12 10:03:19,912 [INFO] ThirdParty:1030 - CMSIS Pack Vendor :STMicroelectronics X-CUBE-MEMS1 11.1.0
2026-01-12 10:03:19,912 [INFO] ThirdParty:1030 - CMSIS Pack Vendor :STMicroelectronics X-CUBE-AZRTOS-WL 2.0.0
2026-01-12 10:03:19,912 [INFO] ThirdParty:1030 - CMSIS Pack Vendor :STMicroelectronics X-CUBE-DPower 1.3.0
2026-01-12 10:03:19,912 [INFO] ThirdParty:1030 - CMSIS Pack Vendor :STMicroelectronics FP-SNS-MOTENV1 5.0.0
2026-01-12 10:03:19,912 [INFO] ThirdParty:1030 - CMSIS Pack Vendor :STMicroelectronics USB_DEVICE 1.0.0
2026-01-12 10:03:19,912 [INFO] ThirdParty:1030 - CMSIS Pack Vendor :STMicroelectronics X-CUBE-AZRTOS-H7RS 1.2.0
2026-01-12 10:03:19,912 [INFO] ThirdParty:1030 - CMSIS Pack Vendor :wolfSSL I-CUBE-wolfMQTT 1.19.0
2026-01-12 10:03:19,912 [INFO] ThirdParty:1030 - CMSIS Pack Vendor :STMicroelectronics X-CUBE-AZRTOS-L4 2.0.0
2026-01-12 10:03:19,912 [INFO] ThirdParty:1030 - CMSIS Pack Vendor :STMicroelectronics ThreadX 0.0.2
2026-01-12 10:03:19,912 [INFO] ThirdParty:1030 - CMSIS Pack Vendor :WES I-CUBE-Cesium 1.3.0
2026-01-12 10:03:19,912 [INFO] ThirdParty:1030 - CMSIS Pack Vendor :STMicroelectronics lwIP 2.1.2
2026-01-12 10:03:19,912 [INFO] ThirdParty:1030 - CMSIS Pack Vendor :STMicroelectronics X-CUBE-SFXS2LP1 4.0.0
2026-01-12 10:03:19,912 [INFO] ThirdParty:1030 - CMSIS Pack Vendor :STMicroelectronics X-CUBE-BLE2 3.3.0
2026-01-12 10:03:19,912 [INFO] ThirdParty:1030 - CMSIS Pack Vendor :STMicroelectronics PDM2PCM 3.2.0
2026-01-12 10:03:19,912 [INFO] ThirdParty:1030 - CMSIS Pack Vendor :STMicroelectronics X-CUBE-AZRTOS-H7 3.3.0
2026-01-12 10:03:19,912 [INFO] ThirdParty:1030 - CMSIS Pack Vendor :STMicroelectronics X-CUBE-NFC9 1.0.0
2026-01-12 10:03:19,912 [INFO] ThirdParty:1030 - CMSIS Pack Vendor :STMicroelectronics X-CUBE-BLE1 7.1.0
2026-01-12 10:03:19,912 [INFO] ThirdParty:1030 - CMSIS Pack Vendor :STMicroelectronics USB_DEVICE 3.0.0
2026-01-12 10:03:19,912 [INFO] ThirdParty:1030 - CMSIS Pack Vendor :STMicroelectronics X-CUBE-TCPP 4.1.0
2026-01-12 10:03:19,912 [INFO] ThirdParty:1030 - CMSIS Pack Vendor :STMicroelectronics X-CUBE-FREERTOS 1.4.0
2026-01-12 10:03:19,912 [INFO] ThirdParty:1030 - CMSIS Pack Vendor :STMicroelectronics X-CUBE-EEPRMA1 5.2.0
2026-01-12 10:03:19,912 [INFO] ThirdParty:1030 - CMSIS Pack Vendor :STMicroelectronics X-CUBE-BLEMGR 4.1.0
2026-01-12 10:03:19,912 [INFO] ThirdParty:1030 - CMSIS Pack Vendor :STMicroelectronics X-CUBE-IPS 3.0.0
2026-01-12 10:03:19,912 [INFO] ThirdParty:1030 - CMSIS Pack Vendor :STMicroelectronics X-CUBE-AZRTOS-WB 2.0.0
2026-01-12 10:03:19,913 [INFO] ThirdParty:1030 - CMSIS Pack Vendor :STMicroelectronics X-CUBE-GNSS1 7.0.0
2026-01-12 10:03:19,913 [INFO] ThirdParty:1030 - CMSIS Pack Vendor :STMicroelectronics X-CUBE-GNSS1 7.0.1
2026-01-12 10:03:19,913 [INFO] ThirdParty:1030 - CMSIS Pack Vendor :STMicroelectronics X-CUBE-TOUCHGFX 4.25.0
2026-01-12 10:03:19,913 [INFO] ThirdParty:1030 - CMSIS Pack Vendor :STMicroelectronics X-CUBE-ST67W61 1.1.0
2026-01-12 10:03:19,913 [INFO] ThirdParty:1030 - CMSIS Pack Vendor :STMicroelectronics X-CUBE-AI 10.1.0
2026-01-12 10:03:19,913 [INFO] ThirdParty:1030 - CMSIS Pack Vendor :STMicroelectronics FP-SNS-STBOX1 2.0.0
2026-01-12 10:03:19,913 [INFO] ThirdParty:1030 - CMSIS Pack Vendor :STMicroelectronics X-CUBE-MEMS1 12.0.0
2026-01-12 10:03:19,913 [INFO] ThirdParty:1030 - CMSIS Pack Vendor :STMicroelectronics X-CUBE-MEMS1 11.2.0
2026-01-12 10:03:19,913 [INFO] ThirdParty:1030 - CMSIS Pack Vendor :STMicroelectronics X-CUBE-AZRTOS-G0 1.1.0
2026-01-12 10:03:19,913 [INFO] ThirdParty:1030 - CMSIS Pack Vendor :STMicroelectronics X-CUBE-SAFEA1 1.2.2
2026-01-12 10:03:19,913 [INFO] ThirdParty:1030 - CMSIS Pack Vendor :STMicroelectronics X-CUBE-NFC4 3.0.0
2026-01-12 10:03:19,913 [INFO] ThirdParty:1030 - CMSIS Pack Vendor :STMicroelectronics X-CUBE-SUBG2 5.0.0
2026-01-12 10:03:19,913 [INFO] ThirdParty:1030 - CMSIS Pack Vendor :STMicroelectronics X-CUBE-AZRTOS-H7RS 1.1.0
2026-01-12 10:03:19,913 [INFO] ThirdParty:1030 - CMSIS Pack Vendor :STMicroelectronics STM32_WPAN 1.0.0
2026-01-12 10:03:19,913 [INFO] ThirdParty:1030 - CMSIS Pack Vendor :EmbeddedOffice I-CUBE-FS-RTOS 1.0.1
2026-01-12 10:03:19,913 [INFO] ThirdParty:1030 - CMSIS Pack Vendor :STMicroelectronics lwIP 2.0.3
2026-01-12 10:03:19,913 [INFO] ThirdParty:1030 - CMSIS Pack Vendor :Cesanta I-CUBE-Mongoose 7.13.0
2026-01-12 10:03:19,913 [INFO] ThirdParty:1030 - CMSIS Pack Vendor :STMicroelectronics USB_HOST 1.0.0
2026-01-12 10:03:19,913 [INFO] ThirdParty:1030 - CMSIS Pack Vendor :STMicroelectronics X-CUBE-AZRTOS-G4 2.0.0
2026-01-12 10:03:19,913 [INFO] ThirdParty:1030 - CMSIS Pack Vendor :STMicroelectronics X-CUBE-WB05N 2.0.0
2026-01-12 10:03:19,913 [INFO] ThirdParty:1030 - CMSIS Pack Vendor :STMicroelectronics PDM2PCM 3.1.0
2026-01-12 10:03:19,913 [INFO] ThirdParty:1030 - CMSIS Pack Vendor :STMicroelectronics X-CUBE-NFC7 2.0.0
2026-01-12 10:03:19,913 [INFO] ThirdParty:1030 - CMSIS Pack Vendor :STMicroelectronics X-CUBE-TCPP 4.2.0
2026-01-12 10:03:19,913 [INFO] ThirdParty:1030 - CMSIS Pack Vendor :RealThread X-CUBE-RT-Thread_Nano 4.1.1
2026-01-12 10:03:19,913 [INFO] ThirdParty:1030 - CMSIS Pack Vendor :STMicroelectronics FP-ATR-SIGFOX1 3.2.0
2026-01-12 10:03:19,913 [INFO] ThirdParty:1030 - CMSIS Pack Vendor :quantropi X-CUBE-qispace-sdk-base 1.9.3
2026-01-12 10:03:19,913 [INFO] ThirdParty:1030 - CMSIS Pack Vendor :STMicroelectronics X-CUBE-EEPRMA1 5.1.0
2026-01-12 10:03:19,913 [INFO] ThirdParty:1030 - CMSIS Pack Vendor :STMicroelectronics MBEDTLS 2.16.2
2026-01-12 10:03:19,913 [INFO] ThirdParty:1030 - CMSIS Pack Vendor :STMicroelectronics X-CUBE-IPS 3.1.0
2026-01-12 10:03:19,913 [INFO] ThirdParty:1030 - CMSIS Pack Vendor :STMicroelectronics X-CUBE-ALS 1.0.2
2026-01-12 10:03:19,913 [INFO] ThirdParty:1030 - CMSIS Pack Vendor :wolfSSL I-CUBE-wolfSSL 5.7.4
2026-01-12 10:03:19,913 [INFO] ThirdParty:1030 - CMSIS Pack Vendor :ITTIA_DB I-CUBE-ITTIADB 8.9.0
2026-01-12 10:03:19,913 [INFO] ThirdParty:1030 - CMSIS Pack Vendor :STMicroelectronics X-CUBE-TOUCHGFX 4.24.2
2026-01-12 10:03:19,913 [INFO] ThirdParty:1030 - CMSIS Pack Vendor :STMicroelectronics X-CUBE-TOUCHGFX 4.24.1
2026-01-12 10:03:19,913 [INFO] ThirdParty:1030 - CMSIS Pack Vendor :STMicroelectronics X-CUBE-STSE01 1.0.0
2026-01-12 10:03:19,913 [INFO] ThirdParty:1030 - CMSIS Pack Vendor :wolfSSL I-CUBE-wolfTPM 3.4.0
2026-01-12 10:03:19,913 [INFO] ThirdParty:1030 - CMSIS Pack Vendor :portGmbH I-Cube-SoM-uGOAL 1.1.0
2026-01-12 10:03:19,913 [INFO] ThirdParty:1030 - CMSIS Pack Vendor :STMicroelectronics X-CUBE-ST67W61 1.0.0
2026-01-12 10:03:19,913 [INFO] ThirdParty:1030 - CMSIS Pack Vendor :STMicroelectronics X-CUBE-AI 10.2.0
2026-01-12 10:03:19,913 [INFO] ThirdParty:1030 - CMSIS Pack Vendor :STMicroelectronics ThreadX 1.0.0
2026-01-12 10:03:19,913 [INFO] ThirdParty:1030 - CMSIS Pack Vendor :SEGGER I-CUBE-embOS 1.3.1
2026-01-12 10:03:19,913 [INFO] ThirdParty:1030 - CMSIS Pack Vendor :STMicroelectronics X-CUBE-ALGOBUILD 1.4.0
2026-01-12 10:03:19,913 [INFO] ThirdParty:1030 - CMSIS Pack Vendor :STMicroelectronics X-CUBE-MEMS1 11.3.0
2026-01-12 10:03:19,913 [INFO] ThirdParty:1030 - CMSIS Pack Vendor :STMicroelectronics X-CUBE-AZRTOS-H7RS 1.0.0
2026-01-12 10:03:19,913 [INFO] ThirdParty:1030 - CMSIS Pack Vendor :STMicroelectronics FP-ATR-ASTRA1 2.0.0
2026-01-12 10:03:19,913 [INFO] ThirdParty:1030 - CMSIS Pack Vendor :STMicroelectronics X-CUBE-TOF1 3.4.2
2026-01-12 10:03:19,913 [INFO] ThirdParty:1030 - CMSIS Pack Vendor :STMicroelectronics X-CUBE-TOF1 3.4.3
2026-01-12 10:03:19,913 [INFO] ThirdParty:1030 - CMSIS Pack Vendor :STMicroelectronics X-CUBE-AI 9.1.0
2026-01-12 10:03:19,913 [INFO] ThirdParty:1030 - CMSIS Pack Vendor :Infineon AIROC-Wi-Fi-Bluetooth-STM32 1.6.1
2026-01-12 10:03:19,913 [INFO] ThirdParty:1030 - CMSIS Pack Vendor :wolfSSL I-CUBE-wolfSSH 1.4.17
2026-01-12 10:03:19,913 [INFO] ThirdParty:841 - exiting critical section [change project]
2026-01-12 10:03:21,061 [INFO] PinOutPanel:1589 - setPackage(No Configuration,No Configuration)
2026-01-12 10:03:21,064 [INFO] PinOutPanel:1589 - setPackage(STM32F767ZITx,LQFP144)
2026-01-12 10:03:22,348 [INFO] UtilMem:75 - Before build in PCC Used Memory: 921641232 Bytes (1073741824)
2026-01-12 10:03:24,531 [INFO] UtilMem:75 - After build in PCC Used Memory: 990320912 Bytes (1073741824)
2026-01-12 10:03:24,773 [INFO] ApiDbMcu:532 - Load IP Config File for LWIP
2026-01-12 10:03:24,774 [WARN] BspModel:444 - BSP dependency skipped because of component: name='USER_PHY', api='BSP_COMPONENT_DRIVER'
2026-01-12 10:03:24,850 [INFO] IPUIPlugin:80 - create IPUIPlugin
2026-01-12 10:03:24,850 [INFO] IPUIPlugin:80 - create IPUIPlugin
2026-01-12 10:03:24,851 [INFO] IPUIPlugin:80 - create IPUIPlugin
2026-01-12 10:03:24,851 [INFO] IPUIPlugin:80 - create IPUIPlugin
2026-01-12 10:03:24,851 [INFO] IPUIPlugin:80 - create IPUIPlugin
2026-01-12 10:03:24,851 [INFO] IPUIPlugin:80 - create IPUIPlugin
2026-01-12 10:03:24,852 [INFO] IPUIPlugin:80 - create IPUIPlugin
2026-01-12 10:03:24,852 [INFO] IPUIPlugin:80 - create IPUIPlugin
2026-01-12 10:03:24,852 [INFO] IPUIPlugin:80 - create IPUIPlugin
2026-01-12 10:03:24,852 [INFO] IPUIPlugin:80 - create IPUIPlugin
2026-01-12 10:03:24,852 [INFO] IPUIPlugin:80 - create IPUIPlugin
2026-01-12 10:03:24,852 [INFO] IPUIPlugin:80 - create IPUIPlugin
2026-01-12 10:03:24,852 [INFO] IPUIPlugin:80 - create IPUIPlugin
2026-01-12 10:03:24,852 [INFO] IPUIPlugin:80 - create IPUIPlugin
2026-01-12 10:03:24,852 [INFO] IPUIPlugin:80 - create IPUIPlugin
2026-01-12 10:03:24,852 [INFO] IPUIPlugin:80 - create IPUIPlugin
2026-01-12 10:03:24,853 [INFO] IPUIPlugin:80 - create IPUIPlugin
2026-01-12 10:03:24,853 [INFO] IPUIPlugin:80 - create IPUIPlugin
2026-01-12 10:03:24,853 [INFO] IPUIPlugin:80 - create IPUIPlugin
2026-01-12 10:03:24,853 [INFO] IPUIPlugin:80 - create IPUIPlugin
2026-01-12 10:03:24,853 [INFO] IPUIPlugin:80 - create IPUIPlugin
2026-01-12 10:03:24,853 [INFO] IPUIPlugin:80 - create IPUIPlugin
2026-01-12 10:03:24,853 [INFO] IPUIPlugin:80 - create IPUIPlugin
2026-01-12 10:03:24,853 [INFO] IPUIPlugin:80 - create IPUIPlugin
2026-01-12 10:03:24,853 [INFO] IPUIPlugin:80 - create IPUIPlugin
2026-01-12 10:03:24,853 [INFO] IPUIPlugin:80 - create IPUIPlugin
2026-01-12 10:03:24,853 [INFO] IPUIPlugin:80 - create IPUIPlugin
2026-01-12 10:03:24,853 [INFO] IPUIPlugin:80 - create IPUIPlugin
2026-01-12 10:03:24,854 [INFO] IPUIPlugin:80 - create IPUIPlugin
2026-01-12 10:03:24,854 [INFO] IPUIPlugin:80 - create IPUIPlugin
2026-01-12 10:03:24,854 [INFO] IPUIPlugin:80 - create IPUIPlugin
2026-01-12 10:03:24,854 [INFO] IPUIPlugin:80 - create IPUIPlugin
2026-01-12 10:03:24,854 [INFO] IPUIPlugin:80 - create IPUIPlugin
2026-01-12 10:03:24,854 [INFO] IPUIPlugin:80 - create IPUIPlugin
2026-01-12 10:03:24,854 [INFO] IPUIPlugin:80 - create IPUIPlugin
2026-01-12 10:03:24,854 [INFO] IPUIPlugin:80 - create IPUIPlugin
2026-01-12 10:03:24,855 [INFO] IPUIPlugin:80 - create IPUIPlugin
2026-01-12 10:03:24,855 [INFO] IPUIPlugin:80 - create IPUIPlugin
2026-01-12 10:03:24,855 [INFO] IPUIPlugin:80 - create IPUIPlugin
2026-01-12 10:03:24,855 [INFO] IPUIPlugin:80 - create IPUIPlugin
2026-01-12 10:03:24,855 [INFO] IPUIPlugin:80 - create IPUIPlugin
2026-01-12 10:03:24,856 [INFO] IPUIPlugin:80 - create IPUIPlugin
2026-01-12 10:03:24,856 [INFO] IPUIPlugin:80 - create IPUIPlugin
2026-01-12 10:03:24,857 [INFO] IPUIPlugin:80 - create IPUIPlugin
2026-01-12 10:03:24,857 [INFO] IPUIPlugin:80 - create IPUIPlugin
2026-01-12 10:03:24,857 [INFO] IPUIPlugin:80 - create IPUIPlugin
2026-01-12 10:03:24,857 [INFO] IPUIPlugin:80 - create IPUIPlugin
2026-01-12 10:03:24,857 [INFO] IPUIPlugin:80 - create IPUIPlugin
2026-01-12 10:03:24,857 [INFO] IPUIPlugin:80 - create IPUIPlugin
2026-01-12 10:03:24,858 [INFO] IPUIPlugin:80 - create IPUIPlugin
2026-01-12 10:03:24,858 [INFO] IPUIPlugin:80 - create IPUIPlugin
2026-01-12 10:03:24,858 [INFO] IPUIPlugin:80 - create IPUIPlugin
2026-01-12 10:03:24,858 [INFO] IPUIPlugin:80 - create IPUIPlugin
2026-01-12 10:03:24,858 [INFO] IPUIPlugin:80 - create IPUIPlugin
2026-01-12 10:03:24,858 [INFO] IPUIPlugin:80 - create IPUIPlugin
2026-01-12 10:03:24,859 [INFO] IPUIPlugin:80 - create IPUIPlugin
2026-01-12 10:03:24,859 [INFO] IPUIPlugin:80 - create IPUIPlugin
2026-01-12 10:03:24,859 [INFO] IPUIPlugin:80 - create IPUIPlugin
2026-01-12 10:03:24,859 [INFO] IPUIPlugin:80 - create IPUIPlugin
2026-01-12 10:03:24,859 [INFO] IPUIPlugin:80 - create IPUIPlugin
2026-01-12 10:03:24,859 [INFO] IPUIPlugin:80 - create IPUIPlugin
2026-01-12 10:03:24,859 [INFO] IPUIPlugin:80 - create IPUIPlugin
2026-01-12 10:03:24,859 [INFO] IPUIPlugin:80 - create IPUIPlugin
2026-01-12 10:03:24,859 [INFO] IPUIPlugin:80 - create IPUIPlugin
2026-01-12 10:03:24,859 [INFO] IPUIPlugin:80 - create IPUIPlugin
2026-01-12 10:03:24,861 [INFO] IPUIPlugin:80 - create IPUIPlugin
2026-01-12 10:03:24,861 [INFO] IPUIPlugin:80 - create IPUIPlugin
2026-01-12 10:03:24,861 [INFO] IPUIPlugin:80 - create IPUIPlugin
2026-01-12 10:03:24,862 [INFO] IPUIPlugin:80 - create IPUIPlugin
2026-01-12 10:03:24,863 [INFO] IPUIPlugin:80 - create IPUIPlugin
2026-01-12 10:03:24,864 [INFO] IPUIPlugin:80 - create IPUIPlugin
2026-01-12 10:03:24,864 [INFO] IPUIPlugin:80 - create IPUIPlugin
2026-01-12 10:03:24,864 [INFO] IPUIPlugin:80 - create IPUIPlugin
2026-01-12 10:03:24,866 [INFO] IPUIPlugin:80 - create IPUIPlugin
2026-01-12 10:03:24,866 [INFO] IPUIPlugin:80 - create IPUIPlugin
2026-01-12 10:03:24,866 [INFO] IPUIPlugin:80 - create IPUIPlugin
2026-01-12 10:03:24,867 [INFO] IPUIPlugin:80 - create IPUIPlugin
2026-01-12 10:03:24,867 [INFO] IPUIPlugin:80 - create IPUIPlugin
2026-01-12 10:03:24,867 [INFO] IPUIPlugin:80 - create IPUIPlugin
2026-01-12 10:03:24,911 [INFO] ApiDbMcu:532 - Load IP Config File for PDM2PCM
2026-01-12 10:03:25,232 [INFO] CADModel:165 - CPN selected for project levelSTM32F767ZIT6
2026-01-12 10:03:25,232 [INFO] CADModel:114 - Register for checkConnection events
2026-01-12 10:03:25,272 [INFO] OpenFileManager:386 - Restore cursor
2026-01-12 10:03:25,520 [WARN] IP:2250 - CMSIS_VERSION not found: check if there is a RefParameter without a condition.
2026-01-12 10:03:25,524 [WARN] IP:2250 - LWIP_NETIF_HOSTNAME_NAME not found: check if there is a RefParameter without a condition.
2026-01-12 10:03:25,559 [WARN] IP:2250 - CMSIS_VERSION not found: check if there is a RefParameter without a condition.
2026-01-12 10:03:25,563 [WARN] IP:2250 - LWIP_NETIF_HOSTNAME_NAME not found: check if there is a RefParameter without a condition.
2026-01-12 10:03:25,629 [WARN] IP:2250 - Warning not found: check if there is a RefParameter without a condition.
2026-01-12 10:03:25,629 [WARN] IP:2250 - RxBufferAddress not found: check if there is a RefParameter without a condition.
2026-01-12 10:03:25,629 [WARN] IP:2250 - DESC_SIZE_UNIT not found: check if there is a RefParameter without a condition.
2026-01-12 10:03:25,630 [WARN] IP:2250 - Warning not found: check if there is a RefParameter without a condition.
2026-01-12 10:03:25,630 [WARN] IP:2250 - RxBufferAddress not found: check if there is a RefParameter without a condition.
2026-01-12 10:03:25,630 [WARN] IP:2250 - DESC_SIZE_UNIT not found: check if there is a RefParameter without a condition.
2026-01-12 10:09:33,068 [WARN] IP:2250 - Warning not found: check if there is a RefParameter without a condition.
2026-01-12 10:09:33,068 [WARN] IP:2250 - RxBufferAddress not found: check if there is a RefParameter without a condition.
2026-01-12 10:09:33,068 [WARN] IP:2250 - DESC_SIZE_UNIT not found: check if there is a RefParameter without a condition.
2026-01-12 10:10:36,664 [INFO] MainUpdater:2872 - connection check result : 10
2026-01-12 10:10:36,949 [INFO] McuFinderGlobals:76 - Set McuFinderConnectedMode to true
2026-01-12 10:10:36,961 [INFO] MultiScanPanel:200 - Auto-refresh data requested => check proxy status ongoing
2026-01-12 10:10:36,970 [INFO] FinderPluginLoader:96 - Searching for filters in installed packs
2026-01-12 10:10:38,344 [INFO] LoadUrlFilesThread:185 - End of LoadServerUrlFiles without Thread
2026-01-12 10:10:38,404 [INFO] DetailPanel:341 - Set advertising image to C:/Users/Chinnapop/STM32Cube/Repository/\en.prom-stm32mp21-0126.png
2026-01-12 10:10:44,051 [INFO] MultiScanPanel:200 - Auto-refresh data requested => check proxy status ongoing
2026-01-12 10:10:44,167 [INFO] LoadUrlFilesThread:185 - End of LoadServerUrlFiles without Thread
2026-01-12 10:10:44,167 [INFO] DetailPanel:341 - Set advertising image to C:/Users/Chinnapop/STM32Cube/Repository/\en.prom-stm32mp21-0126.png
2026-01-12 10:10:44,176 [INFO] DbBoards:642 - Loading board mini-images...
2026-01-12 10:10:48,896 [ERROR] DbBoards:659 - Image file not found for board STM32MP215F-DK: C:\Users\Chinnapop\.stmcufinder\plugins\mcufinder//mcu//boards_images/STM32MP215F-DK.jpg
2026-01-12 10:10:49,123 [INFO] DbBoards:665 - Loaded 211 board mini-images
2026-01-12 10:12:23,132 [INFO] ServerAccessManage:452 - Complete download http(s) 200
2026-01-12 10:12:23,134 [INFO] ServerAccessManage:509 - Download File DB3171.pdf
2026-01-12 10:12:23,574 [INFO] LoadUrlFilesThread:156 - End of LoadUrlFiles Thread
2026-01-12 10:12:23,787 [INFO] BoardAction:139 - Datasheet
2026-01-12 10:12:25,973 [INFO] BoardAction:75 - Docs & Resources
2026-01-12 10:12:38,239 [INFO] ServerAccessManage:452 - Complete download http(s) 200
2026-01-12 10:12:38,240 [INFO] ServerAccessManage:509 - Download File 19315.zip
2026-01-12 10:12:38,621 [INFO] FileExtend:248 - Unzip File : 19315.zip
2026-01-12 10:12:38,621 [INFO] FileExtend:263 - Standard Zip Deflate
2026-01-12 10:12:38,861 [INFO] LoadUrlFilesThread:156 - End of LoadUrlFiles Thread
2026-01-12 10:14:29,643 [INFO] McuFinderGlobals:76 - Set McuFinderConnectedMode to true
2026-01-12 10:14:29,656 [INFO] ApiDb:448 - Save user favorites file C:\Users\Chinnapop/.stm32cubeide/favorites.mcus.txt: 0 item(s)
2026-01-12 10:14:29,657 [INFO] ApiDb:452 - User favorites MCUs=[]
2026-01-12 10:14:29,660 [INFO] ApiDb:448 - Save user favorites file C:\Users\Chinnapop/.stm32cubeide/favorites.boards.txt: 0 item(s)
2026-01-12 10:14:29,660 [INFO] ApiDb:452 - User favorites Boards=[]
2026-01-12 10:15:23,611 [INFO] Gpio:278 - dependency for GPIO [ETH, RCC]
2026-01-12 10:16:17,302 [WARN] IP:2250 - Warning not found: check if there is a RefParameter without a condition.
2026-01-12 10:16:17,302 [WARN] IP:2250 - RxBufferAddress not found: check if there is a RefParameter without a condition.
2026-01-12 10:16:17,303 [WARN] IP:2250 - DESC_SIZE_UNIT not found: check if there is a RefParameter without a condition.
2026-01-12 10:16:17,408 [WARN] IP:2250 - Warning not found: check if there is a RefParameter without a condition.
2026-01-12 10:16:17,409 [WARN] IP:2250 - RxBufferAddress not found: check if there is a RefParameter without a condition.
2026-01-12 10:16:17,409 [WARN] IP:2250 - DESC_SIZE_UNIT not found: check if there is a RefParameter without a condition.
2026-01-12 10:16:17,410 [WARN] IP:2250 - Warning not found: check if there is a RefParameter without a condition.
2026-01-12 10:16:17,410 [WARN] IP:2250 - RxBufferAddress not found: check if there is a RefParameter without a condition.
2026-01-12 10:16:17,411 [WARN] IP:2250 - DESC_SIZE_UNIT not found: check if there is a RefParameter without a condition.
2026-01-12 10:16:17,532 [INFO] Gpio:278 - dependency for GPIO [ETH, RCC]
2026-01-12 10:16:17,659 [WARN] BspModel:444 - BSP dependency skipped because of component: name='USER_PHY', api='BSP_COMPONENT_DRIVER'
2026-01-12 10:16:17,732 [WARN] BspModel:444 - BSP dependency skipped because of component: name='USER_PHY', api='BSP_COMPONENT_DRIVER'
2026-01-12 10:16:17,835 [WARN] IP:2250 - CMSIS_VERSION not found: check if there is a RefParameter without a condition.
2026-01-12 10:16:17,838 [WARN] IP:2250 - LWIP_NETIF_HOSTNAME_NAME not found: check if there is a RefParameter without a condition.
2026-01-12 10:16:17,880 [WARN] IP:2250 - CMSIS_VERSION not found: check if there is a RefParameter without a condition.
2026-01-12 10:16:17,884 [WARN] IP:2250 - LWIP_NETIF_HOSTNAME_NAME not found: check if there is a RefParameter without a condition.
2026-01-12 10:16:17,942 [WARN] IP:2250 - Warning not found: check if there is a RefParameter without a condition.
2026-01-12 10:16:17,942 [WARN] IP:2250 - RxBufferAddress not found: check if there is a RefParameter without a condition.
2026-01-12 10:16:17,942 [WARN] IP:2250 - DESC_SIZE_UNIT not found: check if there is a RefParameter without a condition.
2026-01-12 10:16:17,943 [WARN] IP:2250 - Warning not found: check if there is a RefParameter without a condition.
2026-01-12 10:16:17,943 [WARN] IP:2250 - RxBufferAddress not found: check if there is a RefParameter without a condition.
2026-01-12 10:16:17,943 [WARN] IP:2250 - DESC_SIZE_UNIT not found: check if there is a RefParameter without a condition.
2026-01-12 10:16:18,007 [INFO] Gpio:278 - dependency for GPIO [ETH, RCC]
2026-01-12 10:17:27,689 [WARN] IP:2250 - Warning not found: check if there is a RefParameter without a condition.
2026-01-12 10:17:27,690 [WARN] IP:2250 - RxBufferAddress not found: check if there is a RefParameter without a condition.
2026-01-12 10:17:27,690 [WARN] IP:2250 - DESC_SIZE_UNIT not found: check if there is a RefParameter without a condition.
2026-01-12 10:17:27,735 [WARN] IP:2250 - Warning not found: check if there is a RefParameter without a condition.
2026-01-12 10:17:27,736 [WARN] IP:2250 - RxBufferAddress not found: check if there is a RefParameter without a condition.
2026-01-12 10:17:27,736 [WARN] IP:2250 - DESC_SIZE_UNIT not found: check if there is a RefParameter without a condition.
2026-01-12 10:17:27,737 [WARN] IP:2250 - Warning not found: check if there is a RefParameter without a condition.
2026-01-12 10:17:27,737 [WARN] IP:2250 - RxBufferAddress not found: check if there is a RefParameter without a condition.
2026-01-12 10:17:27,737 [WARN] IP:2250 - DESC_SIZE_UNIT not found: check if there is a RefParameter without a condition.
2026-01-12 10:17:27,806 [INFO] Gpio:278 - dependency for GPIO [ETH, RCC]
2026-01-12 10:17:27,891 [WARN] BspModel:444 - BSP dependency skipped because of component: name='USER_PHY', api='BSP_COMPONENT_DRIVER'
2026-01-12 10:17:27,936 [WARN] BspModel:444 - BSP dependency skipped because of component: name='USER_PHY', api='BSP_COMPONENT_DRIVER'
2026-01-12 10:17:28,001 [WARN] IP:2250 - CMSIS_VERSION not found: check if there is a RefParameter without a condition.
2026-01-12 10:17:28,004 [WARN] IP:2250 - LWIP_NETIF_HOSTNAME_NAME not found: check if there is a RefParameter without a condition.
2026-01-12 10:17:28,026 [WARN] IP:2250 - CMSIS_VERSION not found: check if there is a RefParameter without a condition.
2026-01-12 10:17:28,028 [WARN] IP:2250 - LWIP_NETIF_HOSTNAME_NAME not found: check if there is a RefParameter without a condition.
2026-01-12 10:17:28,071 [WARN] IP:2250 - Warning not found: check if there is a RefParameter without a condition.
2026-01-12 10:17:28,071 [WARN] IP:2250 - RxBufferAddress not found: check if there is a RefParameter without a condition.
2026-01-12 10:17:28,072 [WARN] IP:2250 - DESC_SIZE_UNIT not found: check if there is a RefParameter without a condition.
2026-01-12 10:17:28,072 [WARN] IP:2250 - Warning not found: check if there is a RefParameter without a condition.
2026-01-12 10:17:28,072 [WARN] IP:2250 - RxBufferAddress not found: check if there is a RefParameter without a condition.
2026-01-12 10:17:28,072 [WARN] IP:2250 - DESC_SIZE_UNIT not found: check if there is a RefParameter without a condition.
2026-01-12 10:17:28,158 [INFO] Gpio:278 - dependency for GPIO [ETH, RCC]
2026-01-12 10:19:15,802 [INFO] Gpio:278 - dependency for GPIO [ETH, RCC]
2026-01-12 10:19:15,877 [WARN] IP:2250 - Warning not found: check if there is a RefParameter without a condition.
2026-01-12 10:19:15,878 [WARN] IP:2250 - RxBufferAddress not found: check if there is a RefParameter without a condition.
2026-01-12 10:19:15,878 [WARN] IP:2250 - DESC_SIZE_UNIT not found: check if there is a RefParameter without a condition.
2026-01-12 10:20:12,255 [WARN] IP:2250 - Warning not found: check if there is a RefParameter without a condition.
2026-01-12 10:20:12,256 [WARN] IP:2250 - RxBufferAddress not found: check if there is a RefParameter without a condition.
2026-01-12 10:20:12,257 [WARN] IP:2250 - DESC_SIZE_UNIT not found: check if there is a RefParameter without a condition.
2026-01-12 10:21:03,959 [INFO] NvicIntPanel:101 - NVIC parent = com.st.microxplorer.plugins.ip.nvic.MultiNvicIntPanel[,0,0,450x284,layout=javax.swing.BoxLayout,alignmentX=0.0,alignmentY=0.0,border=,flags=9,maximumSize=,minimumSize=,preferredSize=]
2026-01-12 10:21:12,798 [WARN] IP:2250 - CMSIS_VERSION not found: check if there is a RefParameter without a condition.
2026-01-12 10:21:12,800 [WARN] IP:2250 - LWIP_NETIF_HOSTNAME_NAME not found: check if there is a RefParameter without a condition.
2026-01-12 10:21:20,991 [WARN] IP:2250 - CMSIS_VERSION not found: check if there is a RefParameter without a condition.
2026-01-12 10:21:20,994 [WARN] IP:2250 - LWIP_NETIF_HOSTNAME_NAME not found: check if there is a RefParameter without a condition.
2026-01-12 10:21:56,302 [WARN] BspModel:444 - BSP dependency skipped because of component: name='USER_PHY', api='BSP_COMPONENT_DRIVER'
2026-01-12 10:21:56,311 [WARN] IP:2250 - CMSIS_VERSION not found: check if there is a RefParameter without a condition.
2026-01-12 10:21:56,314 [WARN] IP:2250 - LWIP_NETIF_HOSTNAME_NAME not found: check if there is a RefParameter without a condition.
2026-01-12 10:21:56,373 [WARN] IP:2250 - CMSIS_VERSION not found: check if there is a RefParameter without a condition.
2026-01-12 10:21:56,377 [WARN] IP:2250 - LWIP_NETIF_HOSTNAME_NAME not found: check if there is a RefParameter without a condition.
2026-01-12 10:21:56,408 [WARN] IP:2250 - Warning not found: check if there is a RefParameter without a condition.
2026-01-12 10:21:56,408 [WARN] IP:2250 - RxBufferAddress not found: check if there is a RefParameter without a condition.
2026-01-12 10:21:56,408 [WARN] IP:2250 - DESC_SIZE_UNIT not found: check if there is a RefParameter without a condition.
2026-01-12 10:21:56,409 [WARN] IP:2250 - Warning not found: check if there is a RefParameter without a condition.
2026-01-12 10:21:56,409 [WARN] IP:2250 - RxBufferAddress not found: check if there is a RefParameter without a condition.
2026-01-12 10:21:56,409 [WARN] IP:2250 - DESC_SIZE_UNIT not found: check if there is a RefParameter without a condition.
2026-01-12 10:21:56,456 [WARN] IP:2250 - CMSIS_VERSION not found: check if there is a RefParameter without a condition.
2026-01-12 10:21:56,458 [WARN] IP:2250 - LWIP_NETIF_HOSTNAME_NAME not found: check if there is a RefParameter without a condition.
2026-01-12 10:22:31,049 [WARN] IP:2250 - CMSIS_VERSION not found: check if there is a RefParameter without a condition.
2026-01-12 10:22:31,053 [WARN] IP:2250 - LWIP_NETIF_HOSTNAME_NAME not found: check if there is a RefParameter without a condition.
2026-01-12 10:22:31,114 [WARN] IP:2250 - CMSIS_VERSION not found: check if there is a RefParameter without a condition.
2026-01-12 10:22:31,115 [WARN] IP:2250 - LWIP_NETIF_HOSTNAME_NAME not found: check if there is a RefParameter without a condition.
2026-01-12 10:22:56,493 [WARN] BspModel:444 - BSP dependency skipped because of component: name='USER_PHY', api='BSP_COMPONENT_DRIVER'
2026-01-12 10:22:56,498 [WARN] IP:2250 - CMSIS_VERSION not found: check if there is a RefParameter without a condition.
2026-01-12 10:22:56,499 [WARN] IP:2250 - LWIP_NETIF_HOSTNAME_NAME not found: check if there is a RefParameter without a condition.
2026-01-12 10:22:56,516 [WARN] IP:2250 - CMSIS_VERSION not found: check if there is a RefParameter without a condition.
2026-01-12 10:22:56,517 [WARN] IP:2250 - LWIP_NETIF_HOSTNAME_NAME not found: check if there is a RefParameter without a condition.
2026-01-12 10:22:56,542 [WARN] IP:2250 - Warning not found: check if there is a RefParameter without a condition.
2026-01-12 10:22:56,543 [WARN] IP:2250 - RxBufferAddress not found: check if there is a RefParameter without a condition.
2026-01-12 10:22:56,543 [WARN] IP:2250 - DESC_SIZE_UNIT not found: check if there is a RefParameter without a condition.
2026-01-12 10:22:56,543 [WARN] IP:2250 - Warning not found: check if there is a RefParameter without a condition.
2026-01-12 10:22:56,543 [WARN] IP:2250 - RxBufferAddress not found: check if there is a RefParameter without a condition.
2026-01-12 10:22:56,543 [WARN] IP:2250 - DESC_SIZE_UNIT not found: check if there is a RefParameter without a condition.
2026-01-12 10:22:56,588 [WARN] IP:2250 - CMSIS_VERSION not found: check if there is a RefParameter without a condition.
2026-01-12 10:22:56,590 [WARN] IP:2250 - LWIP_NETIF_HOSTNAME_NAME not found: check if there is a RefParameter without a condition.
2026-01-12 10:23:10,198 [WARN] IP:2250 - CMSIS_VERSION not found: check if there is a RefParameter without a condition.
2026-01-12 10:23:10,203 [WARN] IP:2250 - LWIP_NETIF_HOSTNAME_NAME not found: check if there is a RefParameter without a condition.
2026-01-12 10:23:10,256 [WARN] IP:2250 - CMSIS_VERSION not found: check if there is a RefParameter without a condition.
2026-01-12 10:23:10,261 [WARN] IP:2250 - LWIP_NETIF_HOSTNAME_NAME not found: check if there is a RefParameter without a condition.
2026-01-12 10:23:10,299 [WARN] IP:2250 - CMSIS_VERSION not found: check if there is a RefParameter without a condition.
2026-01-12 10:23:10,301 [WARN] IP:2250 - LWIP_NETIF_HOSTNAME_NAME not found: check if there is a RefParameter without a condition.
2026-01-12 10:23:12,458 [WARN] IP:2250 - CMSIS_VERSION not found: check if there is a RefParameter without a condition.
2026-01-12 10:23:12,462 [WARN] IP:2250 - LWIP_NETIF_HOSTNAME_NAME not found: check if there is a RefParameter without a condition.
2026-01-12 10:23:12,512 [WARN] IP:2250 - CMSIS_VERSION not found: check if there is a RefParameter without a condition.
2026-01-12 10:23:12,514 [WARN] IP:2250 - LWIP_NETIF_HOSTNAME_NAME not found: check if there is a RefParameter without a condition.
2026-01-12 10:23:12,545 [WARN] IP:2250 - CMSIS_VERSION not found: check if there is a RefParameter without a condition.
2026-01-12 10:23:12,548 [WARN] IP:2250 - LWIP_NETIF_HOSTNAME_NAME not found: check if there is a RefParameter without a condition.
2026-01-12 10:23:18,041 [WARN] IP:2250 - CMSIS_VERSION not found: check if there is a RefParameter without a condition.
2026-01-12 10:23:18,044 [WARN] IP:2250 - LWIP_NETIF_HOSTNAME_NAME not found: check if there is a RefParameter without a condition.
2026-01-12 10:23:18,073 [WARN] IP:2250 - CMSIS_VERSION not found: check if there is a RefParameter without a condition.
2026-01-12 10:23:18,075 [WARN] IP:2250 - LWIP_NETIF_HOSTNAME_NAME not found: check if there is a RefParameter without a condition.
2026-01-12 10:23:18,104 [WARN] IP:2250 - CMSIS_VERSION not found: check if there is a RefParameter without a condition.
2026-01-12 10:23:18,106 [WARN] IP:2250 - LWIP_NETIF_HOSTNAME_NAME not found: check if there is a RefParameter without a condition.
2026-01-12 10:23:32,372 [WARN] IP:2250 - CMSIS_VERSION not found: check if there is a RefParameter without a condition.
2026-01-12 10:23:32,374 [WARN] IP:2250 - LWIP_NETIF_HOSTNAME_NAME not found: check if there is a RefParameter without a condition.
2026-01-12 10:23:32,401 [WARN] IP:2250 - CMSIS_VERSION not found: check if there is a RefParameter without a condition.
2026-01-12 10:23:32,402 [WARN] IP:2250 - LWIP_NETIF_HOSTNAME_NAME not found: check if there is a RefParameter without a condition.
2026-01-12 10:23:32,432 [WARN] IP:2250 - CMSIS_VERSION not found: check if there is a RefParameter without a condition.
2026-01-12 10:23:32,434 [WARN] IP:2250 - LWIP_NETIF_HOSTNAME_NAME not found: check if there is a RefParameter without a condition.
2026-01-12 10:24:58,595 [INFO] UtilMem:75 - End SaveConfig() Used Memory: 933881072 Bytes (1073741824)
2026-01-12 10:25:00,641 [INFO] UtilMem:75 - End SaveConfig() Used Memory: 675101120 Bytes (1073741824)
2026-01-12 10:25:01,373 [INFO] BlockDiagram:2775 - set Specific Code input for plugin: SYS
2026-01-12 10:25:01,374 [INFO] BlockDiagram:2775 - set Specific Code input for plugin: RCC
2026-01-12 10:25:01,374 [INFO] BlockDiagram:2775 - set Specific Code input for plugin: NVIC
2026-01-12 10:25:01,374 [INFO] BlockDiagram:2775 - set Specific Code input for plugin: LWIP
2026-01-12 10:25:01,374 [INFO] BlockDiagram:2775 - set Specific Code input for plugin: CORTEX_M7
2026-01-12 10:25:01,375 [INFO] BlockDiagram:2775 - set Specific Code input for plugin: GPIO
2026-01-12 10:25:01,375 [INFO] BlockDiagram:2775 - set Specific Code input for plugin: ETH
2026-01-12 10:25:01,376 [INFO] CodeGenerator:892 - code generatio: config db path: C:\ST\STM32CubeIDE_1.16.1\STM32CubeIDE\plugins\com.st.stm32cube.common.mx_6.15.0.202507011659\\db\
2026-01-12 10:25:01,390 [WARN] IP:2250 - Warning not found: check if there is a RefParameter without a condition.
2026-01-12 10:25:01,390 [WARN] IP:2250 - RxBufferAddress not found: check if there is a RefParameter without a condition.
2026-01-12 10:25:01,390 [WARN] IP:2250 - DESC_SIZE_UNIT not found: check if there is a RefParameter without a condition.
2026-01-12 10:25:01,400 [WARN] IP:2250 - CMSIS_VERSION not found: check if there is a RefParameter without a condition.
2026-01-12 10:25:01,403 [WARN] IP:2250 - LWIP_NETIF_HOSTNAME_NAME not found: check if there is a RefParameter without a condition.
2026-01-12 10:25:01,599 [INFO] CodeEngine:265 - oldGeneratedFile, C:\Users\Chinnapop\STM32CubeIDE\workspace\UDP_Rx_test\MXTmpFiles\license.tmp_save
2026-01-12 10:25:02,463 [INFO] CodeEngine:289 - Generated code: C:\Users\Chinnapop\STM32CubeIDE\workspace\UDP_Rx_test\MXTmpFiles\license.tmp
2026-01-12 10:25:02,663 [INFO] CodeEngine:265 - oldGeneratedFile, C:\Users\Chinnapop\STM32CubeIDE\workspace\UDP_Rx_test\MXTmpFiles\gpio.tmp_save
2026-01-12 10:25:02,897 [INFO] CodeEngine:289 - Generated code: C:\Users\Chinnapop\STM32CubeIDE\workspace\UDP_Rx_test\MXTmpFiles\gpio.tmp
2026-01-12 10:25:03,132 [INFO] CodeEngine:265 - oldGeneratedFile, C:\Users\Chinnapop\STM32CubeIDE\workspace\UDP_Rx_test\MXTmpFiles\eth_vars.tmp_save
2026-01-12 10:25:03,303 [INFO] CodeEngine:289 - Generated code: C:\Users\Chinnapop\STM32CubeIDE\workspace\UDP_Rx_test\MXTmpFiles\eth_vars.tmp
2026-01-12 10:25:03,320 [INFO] CodeEngine:265 - oldGeneratedFile, C:\Users\Chinnapop\STM32CubeIDE\workspace\UDP_Rx_test\MXTmpFiles\eth_inc.tmp_save
2026-01-12 10:25:03,415 [INFO] CodeEngine:289 - Generated code: C:\Users\Chinnapop\STM32CubeIDE\workspace\UDP_Rx_test\MXTmpFiles\eth_inc.tmp
2026-01-12 10:25:03,431 [INFO] CodeEngine:265 - oldGeneratedFile, C:\Users\Chinnapop\STM32CubeIDE\workspace\UDP_Rx_test\MXTmpFiles\eth_HalInit.tmp_save
2026-01-12 10:25:03,637 [INFO] CodeEngine:289 - Generated code: C:\Users\Chinnapop\STM32CubeIDE\workspace\UDP_Rx_test\MXTmpFiles\eth_HalInit.tmp
2026-01-12 10:25:03,666 [INFO] CodeEngine:265 - oldGeneratedFile, C:\Users\Chinnapop\STM32CubeIDE\workspace\UDP_Rx_test\MXTmpFiles\eth_Msp.tmp_save
2026-01-12 10:25:03,822 [INFO] CodeEngine:289 - Generated code: C:\Users\Chinnapop\STM32CubeIDE\workspace\UDP_Rx_test\MXTmpFiles\eth_Msp.tmp
2026-01-12 10:25:04,040 [INFO] Middleware:1452 - No code input for Bsp Dependency
2026-01-12 10:25:04,061 [INFO] CodeEngine:265 - oldGeneratedFile, C:\Users\Chinnapop\STM32CubeIDE\workspace\UDP_Rx_test\MXTmpFiles\cortex.tmp_save
2026-01-12 10:25:04,202 [INFO] CodeEngine:289 - Generated code: C:\Users\Chinnapop\STM32CubeIDE\workspace\UDP_Rx_test\MXTmpFiles\cortex.tmp
2026-01-12 10:25:04,225 [INFO] Middleware:1452 - No code input for Bsp Dependency
2026-01-12 10:25:04,255 [INFO] CodeEngine:265 - oldGeneratedFile, C:\Users\Chinnapop\STM32CubeIDE\workspace\UDP_Rx_test\LWIP\App\lwip.c_save
2026-01-12 10:25:04,456 [INFO] CodeEngine:289 - Generated code: C:\Users\Chinnapop\STM32CubeIDE\workspace\UDP_Rx_test\LWIP\App\lwip.c
2026-01-12 10:25:04,466 [INFO] CodeEngine:265 - oldGeneratedFile, C:\Users\Chinnapop\STM32CubeIDE\workspace\UDP_Rx_test\LWIP\App\lwip.h_save
2026-01-12 10:25:04,577 [INFO] CodeEngine:289 - Generated code: C:\Users\Chinnapop\STM32CubeIDE\workspace\UDP_Rx_test\LWIP\App\lwip.h
2026-01-12 10:25:04,588 [INFO] CodeEngine:265 - oldGeneratedFile, C:\Users\Chinnapop\STM32CubeIDE\workspace\UDP_Rx_test\LWIP\Target\lwipopts.h_save
2026-01-12 10:25:04,923 [INFO] CodeEngine:289 - Generated code: C:\Users\Chinnapop\STM32CubeIDE\workspace\UDP_Rx_test\LWIP\Target\lwipopts.h
2026-01-12 10:25:04,933 [INFO] CodeEngine:265 - oldGeneratedFile, C:\Users\Chinnapop\STM32CubeIDE\workspace\UDP_Rx_test\LWIP\Target\ethernetif.c_save
2026-01-12 10:25:05,094 [INFO] CodeEngine:289 - Generated code: C:\Users\Chinnapop\STM32CubeIDE\workspace\UDP_Rx_test\LWIP\Target\ethernetif.c
2026-01-12 10:25:05,106 [INFO] CodeEngine:265 - oldGeneratedFile, C:\Users\Chinnapop\STM32CubeIDE\workspace\UDP_Rx_test\LWIP\Target\ethernetif.h_save
2026-01-12 10:25:05,205 [INFO] CodeEngine:289 - Generated code: C:\Users\Chinnapop\STM32CubeIDE\workspace\UDP_Rx_test\LWIP\Target\ethernetif.h
2026-01-12 10:25:05,229 [INFO] CodeEngine:265 - oldGeneratedFile, C:\Users\Chinnapop\STM32CubeIDE\workspace\UDP_Rx_test\Core\Src\stm32f7xx_it.c_save
2026-01-12 10:25:05,509 [INFO] CodeEngine:289 - Generated code: C:\Users\Chinnapop\STM32CubeIDE\workspace\UDP_Rx_test\Core\Src\stm32f7xx_it.c
2026-01-12 10:25:05,523 [INFO] CodeEngine:265 - oldGeneratedFile, C:\Users\Chinnapop\STM32CubeIDE\workspace\UDP_Rx_test\Core\Inc\stm32f7xx_it.h_save
2026-01-12 10:25:05,656 [INFO] CodeEngine:289 - Generated code: C:\Users\Chinnapop\STM32CubeIDE\workspace\UDP_Rx_test\Core\Inc\stm32f7xx_it.h
2026-01-12 10:25:05,677 [INFO] CodeEngine:265 - oldGeneratedFile, C:\Users\Chinnapop\STM32CubeIDE\workspace\UDP_Rx_test\Core\Src\stm32f7xx_hal_msp.c_save
2026-01-12 10:25:05,876 [INFO] CodeEngine:289 - Generated code: C:\Users\Chinnapop\STM32CubeIDE\workspace\UDP_Rx_test\Core\Src\stm32f7xx_hal_msp.c
2026-01-12 10:25:05,882 [INFO] CodeEngine:265 - oldGeneratedFile, C:\Users\Chinnapop\STM32CubeIDE\workspace\UDP_Rx_test\MXTmpFiles\system.tmp_save
2026-01-12 10:25:05,956 [INFO] CodeEngine:289 - Generated code: C:\Users\Chinnapop\STM32CubeIDE\workspace\UDP_Rx_test\MXTmpFiles\system.tmp
2026-01-12 10:25:06,000 [INFO] CodeEngine:321 - oldGeneratedFile, C:\Users\Chinnapop\STM32CubeIDE\workspace\UDP_Rx_test\Core\Inc\stm32f7xx_hal_conf.h_save
2026-01-12 10:25:06,183 [INFO] CodeEngine:345 - Generated code: C:\Users\Chinnapop\STM32CubeIDE\workspace\UDP_Rx_test\Core\Inc\stm32f7xx_hal_conf.h
2026-01-12 10:25:06,272 [INFO] ApiDbMcu:532 - Load IP Config File for RCC
2026-01-12 10:25:06,307 [INFO] CodeEngine:265 - oldGeneratedFile, C:\Users\Chinnapop\STM32CubeIDE\workspace\UDP_Rx_test\Core\Inc\main.h_save
2026-01-12 10:25:06,486 [INFO] CodeEngine:289 - Generated code: C:\Users\Chinnapop\STM32CubeIDE\workspace\UDP_Rx_test\Core\Inc\main.h
2026-01-12 10:25:06,494 [INFO] CodeEngine:265 - oldGeneratedFile, C:\Users\Chinnapop\STM32CubeIDE\workspace\UDP_Rx_test\Core\Src\main.c_save
2026-01-12 10:25:06,678 [INFO] CodeEngine:289 - Generated code: C:\Users\Chinnapop\STM32CubeIDE\workspace\UDP_Rx_test\Core\Src\main.c
2026-01-12 10:25:08,041 [INFO] ProjectBuilder:3606 - Time for Copy HAL[1] : 906mS.
2026-01-12 10:25:08,087 [INFO] ProjectBuilder:5216 - Project Generator version: 4.7.0-B52
2026-01-12 10:25:08,195 [INFO] ConfigFileManager:1595 - The Die is : DIE451
2026-01-12 10:25:08,212 [INFO] ApiDbMcu:532 - Load IP Config File for FATFS
2026-01-12 10:25:08,231 [INFO] ApiDbMcu:532 - Load IP Config File for FREERTOS
2026-01-12 10:25:08,253 [INFO] ApiDbMcu:532 - Load IP Config File for LIBJPEG
2026-01-12 10:25:08,274 [INFO] ApiDbMcu:532 - Load IP Config File for MBEDTLS
2026-01-12 10:25:08,304 [INFO] ApiDbMcu:532 - Load IP Config File for USB_DEVICE
2026-01-12 10:25:08,325 [INFO] ApiDbMcu:532 - Load IP Config File for USB_HOST
2026-01-12 10:25:09,616 [INFO] LogOutputStream:77 - [STDOUT_REDIRECT] 
2026-01-12 10:25:16,637 [INFO] ProjectBuilder:5496 - Time for Generating toolchain IDE Files: 8546mS.
2026-01-12 10:25:16,639 [INFO] ProjectBuilder:3463 - Time for Copy CMSIS : 2mS.
2026-01-12 10:25:16,664 [INFO] ProjectBuilder:3463 - Time for Copy CMSIS : 0mS.
2026-01-12 10:32:50,804 [INFO] UtilMem:75 - End SaveConfig() Used Memory: 753501136 Bytes (1073741824)
2026-01-12 10:32:51,625 [INFO] UtilMem:75 - End SaveConfig() Used Memory: 863079376 Bytes (1073741824)
2026-01-12 10:32:51,918 [INFO] BlockDiagram:2775 - set Specific Code input for plugin: SYS
2026-01-12 10:32:51,920 [INFO] BlockDiagram:2775 - set Specific Code input for plugin: RCC
2026-01-12 10:32:51,920 [INFO] BlockDiagram:2775 - set Specific Code input for plugin: NVIC
2026-01-12 10:32:51,920 [INFO] BlockDiagram:2775 - set Specific Code input for plugin: LWIP
2026-01-12 10:32:51,920 [INFO] BlockDiagram:2775 - set Specific Code input for plugin: CORTEX_M7
2026-01-12 10:32:51,921 [INFO] BlockDiagram:2775 - set Specific Code input for plugin: GPIO
2026-01-12 10:32:51,921 [INFO] BlockDiagram:2775 - set Specific Code input for plugin: ETH
2026-01-12 10:32:51,922 [INFO] CodeGenerator:892 - code generatio: config db path: C:\ST\STM32CubeIDE_1.16.1\STM32CubeIDE\plugins\com.st.stm32cube.common.mx_6.15.0.202507011659\\db\
2026-01-12 10:32:51,927 [WARN] IP:2250 - Warning not found: check if there is a RefParameter without a condition.
2026-01-12 10:32:51,927 [WARN] IP:2250 - RxBufferAddress not found: check if there is a RefParameter without a condition.
2026-01-12 10:32:51,929 [WARN] IP:2250 - DESC_SIZE_UNIT not found: check if there is a RefParameter without a condition.
2026-01-12 10:32:51,932 [WARN] IP:2250 - CMSIS_VERSION not found: check if there is a RefParameter without a condition.
2026-01-12 10:32:51,935 [WARN] IP:2250 - LWIP_NETIF_HOSTNAME_NAME not found: check if there is a RefParameter without a condition.
2026-01-12 10:32:52,038 [INFO] CodeEngine:265 - oldGeneratedFile, C:\Users\Chinnapop\STM32CubeIDE\workspace\UDP_Rx_test\MXTmpFiles\license.tmp_save
2026-01-12 10:32:52,386 [INFO] CodeEngine:289 - Generated code: C:\Users\Chinnapop\STM32CubeIDE\workspace\UDP_Rx_test\MXTmpFiles\license.tmp
2026-01-12 10:32:52,429 [INFO] CodeEngine:265 - oldGeneratedFile, C:\Users\Chinnapop\STM32CubeIDE\workspace\UDP_Rx_test\MXTmpFiles\gpio.tmp_save
2026-01-12 10:32:52,630 [INFO] CodeEngine:289 - Generated code: C:\Users\Chinnapop\STM32CubeIDE\workspace\UDP_Rx_test\MXTmpFiles\gpio.tmp
2026-01-12 10:32:52,691 [INFO] CodeEngine:265 - oldGeneratedFile, C:\Users\Chinnapop\STM32CubeIDE\workspace\UDP_Rx_test\MXTmpFiles\eth_vars.tmp_save
2026-01-12 10:32:52,856 [INFO] CodeEngine:289 - Generated code: C:\Users\Chinnapop\STM32CubeIDE\workspace\UDP_Rx_test\MXTmpFiles\eth_vars.tmp
2026-01-12 10:32:52,861 [INFO] CodeEngine:265 - oldGeneratedFile, C:\Users\Chinnapop\STM32CubeIDE\workspace\UDP_Rx_test\MXTmpFiles\eth_inc.tmp_save
2026-01-12 10:32:52,939 [INFO] CodeEngine:289 - Generated code: C:\Users\Chinnapop\STM32CubeIDE\workspace\UDP_Rx_test\MXTmpFiles\eth_inc.tmp
2026-01-12 10:32:52,944 [INFO] CodeEngine:265 - oldGeneratedFile, C:\Users\Chinnapop\STM32CubeIDE\workspace\UDP_Rx_test\MXTmpFiles\eth_HalInit.tmp_save
2026-01-12 10:32:53,061 [INFO] CodeEngine:289 - Generated code: C:\Users\Chinnapop\STM32CubeIDE\workspace\UDP_Rx_test\MXTmpFiles\eth_HalInit.tmp
2026-01-12 10:32:53,069 [INFO] CodeEngine:265 - oldGeneratedFile, C:\Users\Chinnapop\STM32CubeIDE\workspace\UDP_Rx_test\MXTmpFiles\eth_Msp.tmp_save
2026-01-12 10:32:53,184 [INFO] CodeEngine:289 - Generated code: C:\Users\Chinnapop\STM32CubeIDE\workspace\UDP_Rx_test\MXTmpFiles\eth_Msp.tmp
2026-01-12 10:32:53,268 [INFO] Middleware:1452 - No code input for Bsp Dependency
2026-01-12 10:32:53,285 [INFO] CodeEngine:265 - oldGeneratedFile, C:\Users\Chinnapop\STM32CubeIDE\workspace\UDP_Rx_test\MXTmpFiles\cortex.tmp_save
2026-01-12 10:32:53,420 [INFO] CodeEngine:289 - Generated code: C:\Users\Chinnapop\STM32CubeIDE\workspace\UDP_Rx_test\MXTmpFiles\cortex.tmp
2026-01-12 10:32:53,440 [INFO] Middleware:1452 - No code input for Bsp Dependency
2026-01-12 10:32:53,458 [INFO] CodeEngine:265 - oldGeneratedFile, C:\Users\Chinnapop\STM32CubeIDE\workspace\UDP_Rx_test\LWIP\App\lwip.c_save
2026-01-12 10:32:53,606 [INFO] CodeEngine:289 - Generated code: C:\Users\Chinnapop\STM32CubeIDE\workspace\UDP_Rx_test\LWIP\App\lwip.c
2026-01-12 10:32:53,612 [INFO] CodeEngine:265 - oldGeneratedFile, C:\Users\Chinnapop\STM32CubeIDE\workspace\UDP_Rx_test\LWIP\App\lwip.h_save
2026-01-12 10:32:53,687 [INFO] CodeEngine:289 - Generated code: C:\Users\Chinnapop\STM32CubeIDE\workspace\UDP_Rx_test\LWIP\App\lwip.h
2026-01-12 10:32:53,694 [INFO] CodeEngine:265 - oldGeneratedFile, C:\Users\Chinnapop\STM32CubeIDE\workspace\UDP_Rx_test\LWIP\Target\lwipopts.h_save
2026-01-12 10:32:53,949 [INFO] CodeEngine:289 - Generated code: C:\Users\Chinnapop\STM32CubeIDE\workspace\UDP_Rx_test\LWIP\Target\lwipopts.h
2026-01-12 10:32:53,957 [INFO] CodeEngine:265 - oldGeneratedFile, C:\Users\Chinnapop\STM32CubeIDE\workspace\UDP_Rx_test\LWIP\Target\ethernetif.c_save
2026-01-12 10:32:54,094 [INFO] CodeEngine:289 - Generated code: C:\Users\Chinnapop\STM32CubeIDE\workspace\UDP_Rx_test\LWIP\Target\ethernetif.c
2026-01-12 10:32:54,101 [INFO] CodeEngine:265 - oldGeneratedFile, C:\Users\Chinnapop\STM32CubeIDE\workspace\UDP_Rx_test\LWIP\Target\ethernetif.h_save
2026-01-12 10:32:54,187 [INFO] CodeEngine:289 - Generated code: C:\Users\Chinnapop\STM32CubeIDE\workspace\UDP_Rx_test\LWIP\Target\ethernetif.h
2026-01-12 10:32:54,205 [INFO] CodeEngine:265 - oldGeneratedFile, C:\Users\Chinnapop\STM32CubeIDE\workspace\UDP_Rx_test\Core\Src\stm32f7xx_it.c_save
2026-01-12 10:32:54,456 [INFO] CodeEngine:289 - Generated code: C:\Users\Chinnapop\STM32CubeIDE\workspace\UDP_Rx_test\Core\Src\stm32f7xx_it.c
2026-01-12 10:32:54,463 [INFO] CodeEngine:265 - oldGeneratedFile, C:\Users\Chinnapop\STM32CubeIDE\workspace\UDP_Rx_test\Core\Inc\stm32f7xx_it.h_save
2026-01-12 10:32:54,534 [INFO] CodeEngine:289 - Generated code: C:\Users\Chinnapop\STM32CubeIDE\workspace\UDP_Rx_test\Core\Inc\stm32f7xx_it.h
2026-01-12 10:32:54,554 [INFO] CodeEngine:265 - oldGeneratedFile, C:\Users\Chinnapop\STM32CubeIDE\workspace\UDP_Rx_test\Core\Src\stm32f7xx_hal_msp.c_save
2026-01-12 10:32:54,728 [INFO] CodeEngine:289 - Generated code: C:\Users\Chinnapop\STM32CubeIDE\workspace\UDP_Rx_test\Core\Src\stm32f7xx_hal_msp.c
2026-01-12 10:32:54,740 [INFO] CodeEngine:265 - oldGeneratedFile, C:\Users\Chinnapop\STM32CubeIDE\workspace\UDP_Rx_test\MXTmpFiles\system.tmp_save
2026-01-12 10:32:54,817 [INFO] CodeEngine:289 - Generated code: C:\Users\Chinnapop\STM32CubeIDE\workspace\UDP_Rx_test\MXTmpFiles\system.tmp
2026-01-12 10:32:54,834 [INFO] CodeEngine:321 - oldGeneratedFile, C:\Users\Chinnapop\STM32CubeIDE\workspace\UDP_Rx_test\Core\Inc\stm32f7xx_hal_conf.h_save
2026-01-12 10:32:55,019 [INFO] CodeEngine:345 - Generated code: C:\Users\Chinnapop\STM32CubeIDE\workspace\UDP_Rx_test\Core\Inc\stm32f7xx_hal_conf.h
2026-01-12 10:32:55,121 [INFO] CodeEngine:265 - oldGeneratedFile, C:\Users\Chinnapop\STM32CubeIDE\workspace\UDP_Rx_test\Core\Inc\main.h_save
2026-01-12 10:32:55,309 [INFO] CodeEngine:289 - Generated code: C:\Users\Chinnapop\STM32CubeIDE\workspace\UDP_Rx_test\Core\Inc\main.h
2026-01-12 10:32:55,330 [INFO] CodeEngine:265 - oldGeneratedFile, C:\Users\Chinnapop\STM32CubeIDE\workspace\UDP_Rx_test\Core\Src\main.c_save
2026-01-12 10:32:55,511 [INFO] CodeEngine:289 - Generated code: C:\Users\Chinnapop\STM32CubeIDE\workspace\UDP_Rx_test\Core\Src\main.c
2026-01-12 10:32:56,545 [INFO] ProjectBuilder:3606 - Time for Copy HAL[1] : 760mS.
2026-01-12 10:32:56,562 [INFO] ProjectBuilder:5216 - Project Generator version: 4.7.0-B52
2026-01-12 10:32:56,740 [INFO] ConfigFileManager:1595 - The Die is : DIE451
2026-01-12 10:32:58,843 [INFO] ProjectBuilder:5496 - Time for Generating toolchain IDE Files: 2281mS.
2026-01-12 10:32:58,846 [INFO] ProjectBuilder:3463 - Time for Copy CMSIS : 3mS.
2026-01-12 10:32:58,867 [INFO] ProjectBuilder:3463 - Time for Copy CMSIS : 0mS.
2026-01-12 10:33:24,977 [INFO] WebApp:194 - Connection lost
2026-01-12 10:33:25,214 [INFO] WebApp:191 - Connection restablished
2026-01-12 10:39:39,570 [INFO] UtilMem:75 - End SaveConfig() Used Memory: 798523040 Bytes (1073741824)
2026-01-12 10:39:42,178 [INFO] UtilMem:75 - End SaveConfig() Used Memory: 863534752 Bytes (1073741824)
2026-01-12 10:39:42,382 [INFO] BlockDiagram:2775 - set Specific Code input for plugin: SYS
2026-01-12 10:39:42,382 [INFO] BlockDiagram:2775 - set Specific Code input for plugin: RCC
2026-01-12 10:39:42,382 [INFO] BlockDiagram:2775 - set Specific Code input for plugin: NVIC
2026-01-12 10:39:42,382 [INFO] BlockDiagram:2775 - set Specific Code input for plugin: LWIP
2026-01-12 10:39:42,382 [INFO] BlockDiagram:2775 - set Specific Code input for plugin: GPIO
2026-01-12 10:39:42,382 [INFO] BlockDiagram:2775 - set Specific Code input for plugin: ETH
2026-01-12 10:39:42,384 [INFO] CodeGenerator:892 - code generatio: config db path: C:\ST\STM32CubeIDE_1.16.1\STM32CubeIDE\plugins\com.st.stm32cube.common.mx_6.15.0.202507011659\\db\
2026-01-12 10:39:42,386 [WARN] IP:2250 - Warning not found: check if there is a RefParameter without a condition.
2026-01-12 10:39:42,387 [WARN] IP:2250 - RxBufferAddress not found: check if there is a RefParameter without a condition.
2026-01-12 10:39:42,387 [WARN] IP:2250 - DESC_SIZE_UNIT not found: check if there is a RefParameter without a condition.
2026-01-12 10:39:42,390 [WARN] IP:2250 - CMSIS_VERSION not found: check if there is a RefParameter without a condition.
2026-01-12 10:39:42,392 [WARN] IP:2250 - LWIP_NETIF_HOSTNAME_NAME not found: check if there is a RefParameter without a condition.
2026-01-12 10:39:42,502 [INFO] CodeEngine:265 - oldGeneratedFile, C:\Users\Chinnapop\STM32CubeIDE\workspace\UDP_Rx_test\MXTmpFiles\license.tmp_save
2026-01-12 10:39:42,644 [INFO] CodeEngine:289 - Generated code: C:\Users\Chinnapop\STM32CubeIDE\workspace\UDP_Rx_test\MXTmpFiles\license.tmp
2026-01-12 10:39:42,673 [INFO] CodeEngine:265 - oldGeneratedFile, C:\Users\Chinnapop\STM32CubeIDE\workspace\UDP_Rx_test\MXTmpFiles\gpio.tmp_save
2026-01-12 10:39:42,778 [INFO] CodeEngine:289 - Generated code: C:\Users\Chinnapop\STM32CubeIDE\workspace\UDP_Rx_test\MXTmpFiles\gpio.tmp
2026-01-12 10:39:42,832 [INFO] CodeEngine:265 - oldGeneratedFile, C:\Users\Chinnapop\STM32CubeIDE\workspace\UDP_Rx_test\MXTmpFiles\eth_vars.tmp_save
2026-01-12 10:39:42,928 [INFO] CodeEngine:289 - Generated code: C:\Users\Chinnapop\STM32CubeIDE\workspace\UDP_Rx_test\MXTmpFiles\eth_vars.tmp
2026-01-12 10:39:42,935 [INFO] CodeEngine:265 - oldGeneratedFile, C:\Users\Chinnapop\STM32CubeIDE\workspace\UDP_Rx_test\MXTmpFiles\eth_inc.tmp_save
2026-01-12 10:39:43,024 [INFO] CodeEngine:289 - Generated code: C:\Users\Chinnapop\STM32CubeIDE\workspace\UDP_Rx_test\MXTmpFiles\eth_inc.tmp
2026-01-12 10:39:43,031 [INFO] CodeEngine:265 - oldGeneratedFile, C:\Users\Chinnapop\STM32CubeIDE\workspace\UDP_Rx_test\MXTmpFiles\eth_HalInit.tmp_save
2026-01-12 10:39:43,147 [INFO] CodeEngine:289 - Generated code: C:\Users\Chinnapop\STM32CubeIDE\workspace\UDP_Rx_test\MXTmpFiles\eth_HalInit.tmp
2026-01-12 10:39:43,151 [INFO] CodeEngine:265 - oldGeneratedFile, C:\Users\Chinnapop\STM32CubeIDE\workspace\UDP_Rx_test\MXTmpFiles\eth_Msp.tmp_save
2026-01-12 10:39:43,264 [INFO] CodeEngine:289 - Generated code: C:\Users\Chinnapop\STM32CubeIDE\workspace\UDP_Rx_test\MXTmpFiles\eth_Msp.tmp
2026-01-12 10:39:43,343 [INFO] Middleware:1452 - No code input for Bsp Dependency
2026-01-12 10:39:43,367 [INFO] CodeEngine:265 - oldGeneratedFile, C:\Users\Chinnapop\STM32CubeIDE\workspace\UDP_Rx_test\MXTmpFiles\cortex.tmp_save
2026-01-12 10:39:43,492 [INFO] CodeEngine:289 - Generated code: C:\Users\Chinnapop\STM32CubeIDE\workspace\UDP_Rx_test\MXTmpFiles\cortex.tmp
2026-01-12 10:39:43,556 [INFO] Middleware:1452 - No code input for Bsp Dependency
2026-01-12 10:39:43,590 [INFO] CodeEngine:265 - oldGeneratedFile, C:\Users\Chinnapop\STM32CubeIDE\workspace\UDP_Rx_test\LWIP\App\lwip.c_save
2026-01-12 10:39:43,730 [INFO] CodeEngine:289 - Generated code: C:\Users\Chinnapop\STM32CubeIDE\workspace\UDP_Rx_test\LWIP\App\lwip.c
2026-01-12 10:39:43,736 [INFO] CodeEngine:265 - oldGeneratedFile, C:\Users\Chinnapop\STM32CubeIDE\workspace\UDP_Rx_test\LWIP\App\lwip.h_save
2026-01-12 10:39:43,799 [INFO] CodeEngine:289 - Generated code: C:\Users\Chinnapop\STM32CubeIDE\workspace\UDP_Rx_test\LWIP\App\lwip.h
2026-01-12 10:39:43,804 [INFO] CodeEngine:265 - oldGeneratedFile, C:\Users\Chinnapop\STM32CubeIDE\workspace\UDP_Rx_test\LWIP\Target\lwipopts.h_save
2026-01-12 10:39:44,073 [INFO] CodeEngine:289 - Generated code: C:\Users\Chinnapop\STM32CubeIDE\workspace\UDP_Rx_test\LWIP\Target\lwipopts.h
2026-01-12 10:39:44,084 [INFO] CodeEngine:265 - oldGeneratedFile, C:\Users\Chinnapop\STM32CubeIDE\workspace\UDP_Rx_test\LWIP\Target\ethernetif.c_save
2026-01-12 10:39:44,281 [INFO] CodeEngine:289 - Generated code: C:\Users\Chinnapop\STM32CubeIDE\workspace\UDP_Rx_test\LWIP\Target\ethernetif.c
2026-01-12 10:39:44,290 [INFO] CodeEngine:265 - oldGeneratedFile, C:\Users\Chinnapop\STM32CubeIDE\workspace\UDP_Rx_test\LWIP\Target\ethernetif.h_save
2026-01-12 10:39:44,360 [INFO] CodeEngine:289 - Generated code: C:\Users\Chinnapop\STM32CubeIDE\workspace\UDP_Rx_test\LWIP\Target\ethernetif.h
2026-01-12 10:39:44,387 [INFO] CodeEngine:265 - oldGeneratedFile, C:\Users\Chinnapop\STM32CubeIDE\workspace\UDP_Rx_test\Core\Src\stm32f7xx_it.c_save
2026-01-12 10:39:44,713 [INFO] CodeEngine:289 - Generated code: C:\Users\Chinnapop\STM32CubeIDE\workspace\UDP_Rx_test\Core\Src\stm32f7xx_it.c
2026-01-12 10:39:44,718 [INFO] CodeEngine:265 - oldGeneratedFile, C:\Users\Chinnapop\STM32CubeIDE\workspace\UDP_Rx_test\Core\Inc\stm32f7xx_it.h_save
2026-01-12 10:39:44,781 [INFO] CodeEngine:289 - Generated code: C:\Users\Chinnapop\STM32CubeIDE\workspace\UDP_Rx_test\Core\Inc\stm32f7xx_it.h
2026-01-12 10:39:44,796 [INFO] CodeEngine:265 - oldGeneratedFile, C:\Users\Chinnapop\STM32CubeIDE\workspace\UDP_Rx_test\Core\Src\stm32f7xx_hal_msp.c_save
2026-01-12 10:39:44,996 [INFO] CodeEngine:289 - Generated code: C:\Users\Chinnapop\STM32CubeIDE\workspace\UDP_Rx_test\Core\Src\stm32f7xx_hal_msp.c
2026-01-12 10:39:45,005 [INFO] CodeEngine:265 - oldGeneratedFile, C:\Users\Chinnapop\STM32CubeIDE\workspace\UDP_Rx_test\MXTmpFiles\system.tmp_save
2026-01-12 10:39:45,094 [INFO] CodeEngine:289 - Generated code: C:\Users\Chinnapop\STM32CubeIDE\workspace\UDP_Rx_test\MXTmpFiles\system.tmp
2026-01-12 10:39:45,109 [INFO] CodeEngine:321 - oldGeneratedFile, C:\Users\Chinnapop\STM32CubeIDE\workspace\UDP_Rx_test\Core\Inc\stm32f7xx_hal_conf.h_save
2026-01-12 10:39:45,270 [INFO] CodeEngine:345 - Generated code: C:\Users\Chinnapop\STM32CubeIDE\workspace\UDP_Rx_test\Core\Inc\stm32f7xx_hal_conf.h
2026-01-12 10:39:45,330 [INFO] CodeEngine:265 - oldGeneratedFile, C:\Users\Chinnapop\STM32CubeIDE\workspace\UDP_Rx_test\Core\Inc\main.h_save
2026-01-12 10:39:45,487 [INFO] CodeEngine:289 - Generated code: C:\Users\Chinnapop\STM32CubeIDE\workspace\UDP_Rx_test\Core\Inc\main.h
2026-01-12 10:39:45,499 [INFO] CodeEngine:265 - oldGeneratedFile, C:\Users\Chinnapop\STM32CubeIDE\workspace\UDP_Rx_test\Core\Src\main.c_save
2026-01-12 10:39:45,753 [INFO] CodeEngine:289 - Generated code: C:\Users\Chinnapop\STM32CubeIDE\workspace\UDP_Rx_test\Core\Src\main.c
2026-01-12 10:39:46,361 [INFO] ProjectBuilder:3606 - Time for Copy HAL[1] : 401mS.
2026-01-12 10:39:46,368 [INFO] ProjectBuilder:5216 - Project Generator version: 4.7.0-B52
2026-01-12 10:39:46,447 [INFO] ConfigFileManager:1595 - The Die is : DIE451
2026-01-12 10:39:49,258 [INFO] ProjectBuilder:5496 - Time for Generating toolchain IDE Files: 2889mS.
2026-01-12 10:39:49,260 [INFO] ProjectBuilder:3463 - Time for Copy CMSIS : 1mS.
2026-01-12 10:39:49,291 [INFO] ProjectBuilder:3463 - Time for Copy CMSIS : 0mS.
2026-01-12 11:03:39,970 [INFO] WebApp:194 - Connection lost
2026-01-12 11:03:40,238 [INFO] WebApp:191 - Connection restablished
2026-01-12 11:34:17,484 [INFO] WebApp:194 - Connection lost
2026-01-12 11:34:17,712 [INFO] WebApp:191 - Connection restablished
2026-01-12 12:05:21,980 [INFO] WebApp:194 - Connection lost
2026-01-12 12:05:22,227 [INFO] WebApp:191 - Connection restablished
2026-01-12 12:36:30,988 [INFO] WebApp:194 - Connection lost
2026-01-12 12:36:31,220 [INFO] WebApp:191 - Connection restablished
2026-01-12 13:07:13,026 [INFO] WebApp:194 - Connection lost
2026-01-12 13:07:13,278 [INFO] WebApp:191 - Connection restablished
2026-01-12 13:38:22,017 [INFO] WebApp:194 - Connection lost
2026-01-12 13:38:22,245 [INFO] WebApp:191 - Connection restablished
2026-01-12 13:40:05,853 [INFO] WebApp:194 - Connection lost
2026-01-12 13:40:11,237 [INFO] WebApp:191 - Connection restablished
2026-01-12 13:41:10,014 [INFO] WebApp:194 - Connection lost
2026-01-12 13:41:10,266 [INFO] WebApp:191 - Connection restablished
2026-01-12 13:41:13,517 [INFO] WebApp:194 - Connection lost
2026-01-12 13:41:13,754 [INFO] WebApp:191 - Connection restablished
2026-01-12 13:59:59,985 [INFO] WebApp:194 - Connection lost
2026-01-12 14:00:00,221 [INFO] WebApp:191 - Connection restablished
2026-01-12 14:01:27,736 [INFO] WebApp:194 - Connection lost
2026-01-12 14:01:27,958 [INFO] WebApp:191 - Connection restablished
2026-01-12 14:01:32,486 [INFO] WebApp:194 - Connection lost
2026-01-12 14:01:32,702 [INFO] WebApp:191 - Connection restablished
2026-01-12 14:01:36,684 [INFO] WebApp:194 - Connection lost
2026-01-12 14:01:36,911 [INFO] WebApp:191 - Connection restablished
2026-01-12 14:01:41,477 [INFO] WebApp:194 - Connection lost
2026-01-12 14:01:41,710 [INFO] WebApp:191 - Connection restablished
2026-01-12 14:03:15,981 [INFO] WebApp:194 - Connection lost
2026-01-12 14:03:16,236 [INFO] WebApp:191 - Connection restablished
2026-01-12 14:07:25,838 [WARN] IP:2250 - Warning not found: check if there is a RefParameter without a condition.
2026-01-12 14:07:25,839 [WARN] IP:2250 - RxBufferAddress not found: check if there is a RefParameter without a condition.
2026-01-12 14:07:25,840 [WARN] IP:2250 - DESC_SIZE_UNIT not found: check if there is a RefParameter without a condition.
2026-01-12 14:07:25,980 [INFO] NvicIntPanel:101 - NVIC parent = com.st.microxplorer.plugins.ip.nvic.MultiNvicIntPanel[,0,0,0x0,invalid,layout=javax.swing.BoxLayout,alignmentX=0.0,alignmentY=0.0,border=,flags=9,maximumSize=,minimumSize=,preferredSize=]
2026-01-12 14:07:31,521 [WARN] IP:2250 - Warning not found: check if there is a RefParameter without a condition.
2026-01-12 14:07:31,521 [WARN] IP:2250 - RxBufferAddress not found: check if there is a RefParameter without a condition.
2026-01-12 14:07:31,522 [WARN] IP:2250 - DESC_SIZE_UNIT not found: check if there is a RefParameter without a condition.
2026-01-12 14:07:47,809 [WARN] IP:2250 - CMSIS_VERSION not found: check if there is a RefParameter without a condition.
2026-01-12 14:07:47,813 [WARN] IP:2250 - LWIP_NETIF_HOSTNAME_NAME not found: check if there is a RefParameter without a condition.
2026-01-12 14:07:56,752 [WARN] IP:2250 - CMSIS_VERSION not found: check if there is a RefParameter without a condition.
2026-01-12 14:07:56,754 [WARN] IP:2250 - LWIP_NETIF_HOSTNAME_NAME not found: check if there is a RefParameter without a condition.
2026-01-12 14:07:59,999 [WARN] IP:2250 - CMSIS_VERSION not found: check if there is a RefParameter without a condition.
2026-01-12 14:08:00,001 [WARN] IP:2250 - LWIP_NETIF_HOSTNAME_NAME not found: check if there is a RefParameter without a condition.
2026-01-12 14:08:00,932 [WARN] IP:2250 - CMSIS_VERSION not found: check if there is a RefParameter without a condition.
2026-01-12 14:08:00,934 [WARN] IP:2250 - LWIP_NETIF_HOSTNAME_NAME not found: check if there is a RefParameter without a condition.
2026-01-12 14:08:04,242 [WARN] IP:2250 - CMSIS_VERSION not found: check if there is a RefParameter without a condition.
2026-01-12 14:08:04,247 [WARN] IP:2250 - LWIP_NETIF_HOSTNAME_NAME not found: check if there is a RefParameter without a condition.
2026-01-12 14:08:05,788 [WARN] IP:2250 - CMSIS_VERSION not found: check if there is a RefParameter without a condition.
2026-01-12 14:08:05,791 [WARN] IP:2250 - LWIP_NETIF_HOSTNAME_NAME not found: check if there is a RefParameter without a condition.
2026-01-12 14:08:06,831 [WARN] IP:2250 - CMSIS_VERSION not found: check if there is a RefParameter without a condition.
2026-01-12 14:08:06,835 [WARN] IP:2250 - LWIP_NETIF_HOSTNAME_NAME not found: check if there is a RefParameter without a condition.
2026-01-12 14:08:08,248 [WARN] IP:2250 - CMSIS_VERSION not found: check if there is a RefParameter without a condition.
2026-01-12 14:08:08,251 [WARN] IP:2250 - LWIP_NETIF_HOSTNAME_NAME not found: check if there is a RefParameter without a condition.
2026-01-12 14:08:08,847 [WARN] IP:2250 - CMSIS_VERSION not found: check if there is a RefParameter without a condition.
2026-01-12 14:08:08,851 [WARN] IP:2250 - LWIP_NETIF_HOSTNAME_NAME not found: check if there is a RefParameter without a condition.
2026-01-12 14:08:10,423 [WARN] IP:2250 - CMSIS_VERSION not found: check if there is a RefParameter without a condition.
2026-01-12 14:08:10,428 [WARN] IP:2250 - LWIP_NETIF_HOSTNAME_NAME not found: check if there is a RefParameter without a condition.
2026-01-12 14:08:12,003 [WARN] IP:2250 - CMSIS_VERSION not found: check if there is a RefParameter without a condition.
2026-01-12 14:08:12,006 [WARN] IP:2250 - LWIP_NETIF_HOSTNAME_NAME not found: check if there is a RefParameter without a condition.
2026-01-12 14:08:46,674 [WARN] IP:2250 - CMSIS_VERSION not found: check if there is a RefParameter without a condition.
2026-01-12 14:08:46,676 [WARN] IP:2250 - LWIP_NETIF_HOSTNAME_NAME not found: check if there is a RefParameter without a condition.
2026-01-12 14:08:59,765 [WARN] IP:2250 - CMSIS_VERSION not found: check if there is a RefParameter without a condition.
2026-01-12 14:08:59,769 [WARN] IP:2250 - LWIP_NETIF_HOSTNAME_NAME not found: check if there is a RefParameter without a condition.
2026-01-12 14:09:01,230 [WARN] IP:2250 - CMSIS_VERSION not found: check if there is a RefParameter without a condition.
2026-01-12 14:09:01,234 [WARN] IP:2250 - LWIP_NETIF_HOSTNAME_NAME not found: check if there is a RefParameter without a condition.
2026-01-12 14:09:02,137 [WARN] IP:2250 - CMSIS_VERSION not found: check if there is a RefParameter without a condition.
2026-01-12 14:09:02,141 [WARN] IP:2250 - LWIP_NETIF_HOSTNAME_NAME not found: check if there is a RefParameter without a condition.
2026-01-12 14:16:04,711 [INFO] WebApp:194 - Connection lost
2026-01-12 14:16:04,988 [INFO] WebApp:191 - Connection restablished
2026-01-12 14:16:35,549 [INFO] WebApp:194 - Connection lost
2026-01-12 14:16:35,805 [INFO] WebApp:191 - Connection restablished
2026-01-12 14:16:39,058 [INFO] WebApp:194 - Connection lost
2026-01-12 14:16:39,324 [INFO] WebApp:191 - Connection restablished
2026-01-12 14:17:48,933 [INFO] WebApp:194 - Connection lost
2026-01-12 14:17:49,172 [INFO] WebApp:191 - Connection restablished
2026-01-12 14:25:11,342 [INFO] WebApp:194 - Connection lost
2026-01-12 14:25:11,600 [INFO] WebApp:191 - Connection restablished
2026-01-12 14:25:50,069 [INFO] WebApp:194 - Connection lost
2026-01-12 14:25:50,320 [INFO] WebApp:191 - Connection restablished
2026-01-12 14:25:57,563 [INFO] WebApp:194 - Connection lost
2026-01-12 14:25:57,811 [INFO] WebApp:191 - Connection restablished
2026-01-12 14:29:45,190 [INFO] WebApp:194 - Connection lost
2026-01-12 14:29:45,445 [INFO] WebApp:191 - Connection restablished
2026-01-12 14:29:51,573 [INFO] WebApp:194 - Connection lost
2026-01-12 14:29:51,842 [INFO] WebApp:191 - Connection restablished
2026-01-12 14:32:31,840 [INFO] MainUpdater:2872 - connection check result : 10
2026-01-12 14:32:31,840 [INFO] MainUpdater:2872 - connection check result : 10
2026-01-12 14:32:31,873 [INFO] MicroXplorer:468 - Change Database Path : 
2026-01-12 14:32:31,873 [INFO] MicroXplorer:498 - Change Database Version : DB.6.0.150
2026-01-12 14:32:31,993 [ERROR] ProjectManagerView:395 - 
java.lang.NullPointerException: Cannot invoke "javax.swing.JTextField.getText()" because the return value of "java.util.List.get(int)" is null
	at com.st.microxplorer.plugins.projectmanager.gui.ProjectChoiceTab$9.caretUpdate(ProjectChoiceTab.java:2706) ~[filemanager.jar:?]
	at javax.swing.text.JTextComponent.fireCaretUpdate(JTextComponent.java:408) ~[?:?]
	at javax.swing.text.JTextComponent$MutableCaretEvent.fire(JTextComponent.java:4484) ~[?:?]
	at javax.swing.text.JTextComponent$MutableCaretEvent.stateChanged(JTextComponent.java:4506) ~[?:?]
	at javax.swing.text.DefaultCaret.fireStateChanged(DefaultCaret.java:857) ~[?:?]
	at javax.swing.text.DefaultCaret.changeCaretPosition(DefaultCaret.java:1343) ~[?:?]
	at javax.swing.text.DefaultCaret.handleSetDot(DefaultCaret.java:1242) ~[?:?]
	at javax.swing.text.DefaultCaret.setDot(DefaultCaret.java:1223) ~[?:?]
	at javax.swing.text.DefaultCaret$Handler.insertUpdate(DefaultCaret.java:1819) ~[?:?]
	at javax.swing.text.AbstractDocument.fireInsertUpdate(AbstractDocument.java:227) ~[?:?]
	at javax.swing.text.AbstractDocument.handleInsertString(AbstractDocument.java:781) ~[?:?]
	at javax.swing.text.AbstractDocument.insertString(AbstractDocument.java:740) ~[?:?]
	at javax.swing.text.PlainDocument.insertString(PlainDocument.java:131) ~[?:?]
	at javax.swing.text.AbstractDocument.replace(AbstractDocument.java:699) ~[?:?]
	at javax.swing.text.JTextComponent.setText(JTextComponent.java:1725) ~[?:?]
	at com.st.microxplorer.plugins.projectmanager.gui.ProjectChoiceTab.createHeapStackFields(ProjectChoiceTab.java:993) ~[filemanager.jar:?]
	at com.st.microxplorer.plugins.projectmanager.gui.ProjectChoiceTab.buildLinkSettingsPanel(ProjectChoiceTab.java:3813) ~[filemanager.jar:?]
	at com.st.microxplorer.plugins.projectmanager.gui.ProjectChoiceTab.defineWindowsFields(ProjectChoiceTab.java:1987) ~[filemanager.jar:?]
	at com.st.microxplorer.plugins.projectmanager.gui.ProjectChoiceTab.updateSettings(ProjectChoiceTab.java:558) ~[filemanager.jar:?]
	at com.st.microxplorer.plugins.projectmanager.gui.ProjectSettingsPanel.UpdateDialog(ProjectSettingsPanel.java:247) ~[filemanager.jar:?]
	at com.st.microxplorer.plugins.projectmanager.ProjectManagerView.propertyChange(ProjectManagerView.java:392) ~[filemanager.jar:?]
	at java.beans.PropertyChangeSupport.fire(PropertyChangeSupport.java:343) ~[?:?]
	at java.beans.PropertyChangeSupport.firePropertyChange(PropertyChangeSupport.java:335) ~[?:?]
	at java.beans.PropertyChangeSupport.firePropertyChange(PropertyChangeSupport.java:268) ~[?:?]
	at com.st.microxplorer.util.MXPropertyChangeSupport.firePropertyChange(MXPropertyChangeSupport.java:54) ~[STM32CubeMX.jar:?]
	at com.st.microxplorer.mxsystem.MxSystem.closeConfig(MxSystem.java:899) ~[STM32CubeMX.jar:?]
	at com.st.microxplorer.maingui.MainPanel.closeConfig(MainPanel.java:792) ~[STM32CubeMX.jar:?]
	at com.st.microxplorer.plugins.filemanager.engine.OpenFileManager.loadConfigurationFile(OpenFileManager.java:288) ~[filemanager.jar:?]
	at com.st.microxplorer.plugins.filemanager.engine.MainFileManager.userLoadConfig(MainFileManager.java:364) ~[filemanager.jar:?]
	at com.st.microxplorer.plugins.filemanager.engine.MainFileManager.userLoadConfig(MainFileManager.java:342) ~[filemanager.jar:?]
	at com.st.microxplorer.plugins.filemanager.FileManagerView.getSpecificTask(FileManagerView.java:264) ~[filemanager.jar:?]
	at com.st.stm32cube.common.mx.editor.CubeMxEditor.getMxTabbedPaneInstance(CubeMxEditor.java:1198) ~[com.st.stm32cube.common.mx_6.15.0.202507011659/:?]
	at com.st.stm32cube.common.mx.editor.CubeMxEditor$12$1.createSwingComponent(CubeMxEditor.java:1068) ~[com.st.stm32cube.common.mx_6.15.0.202507011659/:?]
	at com.st.stm32cube.common.mx.oss.core.awtswtbridge.EmbeddedSwingComposite.doComponentCreation(EmbeddedSwingComposite.java:492) ~[com.st.stm32cube.common.mx.oss_6.15.0.202507011659/:?]
	at com.st.stm32cube.common.mx.oss.core.awtswtbridge.EmbeddedSwingComposite$4.run(EmbeddedSwingComposite.java:291) ~[com.st.stm32cube.common.mx.oss_6.15.0.202507011659/:?]
	at com.st.stm32cube.common.mx.oss.core.awtswtbridge.AwtEnvironment$2.run(AwtEnvironment.java:166) ~[com.st.stm32cube.common.mx.oss_6.15.0.202507011659/:?]
	at java.awt.event.InvocationEvent.dispatch(InvocationEvent.java:318) ~[?:?]
	at java.awt.EventQueue.dispatchEventImpl(EventQueue.java:773) ~[?:?]
	at java.awt.EventQueue$4.run(EventQueue.java:720) ~[?:?]
	at java.awt.EventQueue$4.run(EventQueue.java:714) ~[?:?]
	at java.security.AccessController.doPrivileged(AccessController.java:400) ~[?:?]
	at java.security.ProtectionDomain$JavaSecurityAccessImpl.doIntersectionPrivilege(ProtectionDomain.java:87) ~[?:?]
	at java.awt.EventQueue.dispatchEvent(EventQueue.java:742) ~[?:?]
	at java.awt.EventDispatchThread.pumpOneEventForFilters(EventDispatchThread.java:203) ~[?:?]
	at java.awt.EventDispatchThread.pumpEventsForFilter(EventDispatchThread.java:124) ~[?:?]
	at java.awt.EventDispatchThread.pumpEventsForHierarchy(EventDispatchThread.java:113) ~[?:?]
	at java.awt.EventDispatchThread.pumpEvents(EventDispatchThread.java:109) ~[?:?]
	at java.awt.EventDispatchThread.pumpEvents(EventDispatchThread.java:101) ~[?:?]
	at java.awt.EventDispatchThread.run(EventDispatchThread.java:90) ~[?:?]
2026-01-12 14:32:32,028 [WARN] ThirdParty:871 - waiting for thirdparty lock release [close project]
2026-01-12 14:32:32,028 [INFO] ThirdParty:873 - entering critical section [close project]
2026-01-12 14:32:32,028 [INFO] ThirdParty:883 - exiting critical section [close project]
2026-01-12 14:32:32,034 [INFO] PinOutPanel:1589 - setPackage(No Configuration,No Configuration)
2026-01-12 14:32:32,068 [WARN] IpParametersView:155 - Warning: This peripheral hasn't parameters
2026-01-12 14:32:32,081 [WARN] MainPanel:289 - <html><b><center>Warning: This peripheral has no parameters to be configured<br></b></html>
2026-01-12 14:32:32,096 [INFO] UtilMem:75 - Begin LoadConfig() Used Memory: 983120288 Bytes (1073741824)
2026-01-12 14:32:32,097 [INFO] MicroXplorer:468 - Change Database Path : 
2026-01-12 14:32:32,097 [INFO] MicroXplorer:498 - Change Database Version : DB.6.0.150
2026-01-12 14:32:32,097 [INFO] OpenFileManager:355 - Change cursor
2026-01-12 14:32:32,161 [INFO] RulesReader:64 - Compatibility file has been processed (317 Rules)
2026-01-12 14:32:32,187 [INFO] Mcu:2029 - Initializing MCU STM32F767ZITx STM32F767ZITx STM32F767ZIT6
2026-01-12 14:32:35,364 [INFO] Context:786 - Trying to add GPIOservice into a context  which must be forbidden
2026-01-12 14:32:36,060 [INFO] ImportTextPane:234 - (OptionalMessage_ERROR) Pin13 (VP_RIF_VS_RIF1) cannot be retrieved for this MCU
2026-01-12 14:32:36,241 [INFO] RtosManager:558 - Registered RTOS mode: class=CMSIS, group=RTOS, mode=CMSIS_V1, owner=FREERTOS
2026-01-12 14:32:36,242 [INFO] RtosManager:558 - Registered RTOS mode: class=CMSIS, group=RTOS2, mode=CMSIS_V2, owner=FREERTOS
2026-01-12 14:32:36,242 [INFO] RtosManager:558 - Registered RTOS mode: class=RTOS, group=Core, mode=CMSIS_V1, owner=FREERTOS
2026-01-12 14:32:36,242 [INFO] RtosManager:558 - Registered RTOS mode: class=RTOS, group=Core, mode=CMSIS_V2, owner=FREERTOS
2026-01-12 14:32:36,242 [WARN] ModelIntegratedComponent:184 - Missing modes for component STMicroelectronics:FreeRTOS:0.0.1:STMicroelectronics:RTOS:FreeRTOS:Core:::10.2.0:
2026-01-12 14:32:36,246 [WARN] ModelIntegratedComponent:63 - No mode defined for component null
2026-01-12 14:32:36,246 [WARN] ModelIntegratedComponent:63 - No mode defined for component null
2026-01-12 14:32:36,246 [WARN] ModelIntegratedComponent:63 - No mode defined for component null
2026-01-12 14:32:36,246 [WARN] ModelIntegratedComponent:63 - No mode defined for component null
2026-01-12 14:32:36,246 [WARN] ModelIntegratedComponent:63 - No mode defined for component null
2026-01-12 14:32:36,246 [WARN] ModelIntegratedComponent:63 - No mode defined for component null
2026-01-12 14:32:36,246 [WARN] ModelIntegratedComponent:63 - No mode defined for component null
2026-01-12 14:32:36,246 [WARN] ModelIntegratedComponent:63 - No mode defined for component null
2026-01-12 14:32:36,246 [WARN] ModelIntegratedComponent:63 - No mode defined for component null
2026-01-12 14:32:36,246 [WARN] ModelIntegratedComponent:63 - No mode defined for component null
2026-01-12 14:32:36,246 [WARN] ModelIntegratedComponent:63 - No mode defined for component null
2026-01-12 14:32:36,246 [WARN] ModelIntegratedComponent:63 - No mode defined for component null
2026-01-12 14:32:36,246 [WARN] ModelIntegratedComponent:63 - No mode defined for component null
2026-01-12 14:32:36,246 [WARN] ModelIntegratedComponent:63 - No mode defined for component null
2026-01-12 14:32:36,246 [WARN] ModelIntegratedComponent:63 - No mode defined for component null
2026-01-12 14:32:36,246 [WARN] ModelIntegratedComponent:63 - No mode defined for component null
2026-01-12 14:32:36,246 [WARN] ModelIntegratedComponent:63 - No mode defined for component null
2026-01-12 14:32:36,246 [WARN] ModelIntegratedComponent:63 - No mode defined for component null
2026-01-12 14:32:36,247 [WARN] ModelIntegratedComponent:63 - No mode defined for component null
2026-01-12 14:32:36,247 [WARN] ModelIntegratedComponent:63 - No mode defined for component null
2026-01-12 14:32:36,247 [WARN] ModelIntegratedComponent:63 - No mode defined for component null
2026-01-12 14:32:36,247 [WARN] ModelIntegratedComponent:63 - No mode defined for component null
2026-01-12 14:32:36,247 [WARN] ModelIntegratedComponent:63 - No mode defined for component null
2026-01-12 14:32:36,247 [WARN] ModelIntegratedComponent:63 - No mode defined for component null
2026-01-12 14:32:36,247 [WARN] ModelIntegratedComponent:63 - No mode defined for component null
2026-01-12 14:32:36,247 [WARN] ModelIntegratedComponent:63 - No mode defined for component null
2026-01-12 14:32:36,247 [WARN] ModelIntegratedComponent:63 - No mode defined for component null
2026-01-12 14:32:36,247 [WARN] ModelIntegratedComponent:63 - No mode defined for component null
2026-01-12 14:32:36,247 [WARN] ModelIntegratedComponent:63 - No mode defined for component null
2026-01-12 14:32:36,247 [WARN] ModelIntegratedComponent:63 - No mode defined for component null
2026-01-12 14:32:36,247 [WARN] ModelIntegratedComponent:63 - No mode defined for component null
2026-01-12 14:32:36,247 [WARN] ModelIntegratedComponent:63 - No mode defined for component null
2026-01-12 14:32:36,247 [WARN] ModelIntegratedComponent:63 - No mode defined for component null
2026-01-12 14:32:36,247 [WARN] ModelIntegratedComponent:63 - No mode defined for component null
2026-01-12 14:32:36,247 [WARN] ModelIntegratedComponent:63 - No mode defined for component null
2026-01-12 14:32:36,247 [WARN] ModelPack:524 - Component already loaded: STMicroelectronics:HAL Drivers:0.0.0:STMicroelectronics:Device:STMicro_Driver:XSPI:HAL::0.0.1:HAL_XSPI
2026-01-12 14:32:36,423 [INFO] ThirdPartyModel:298 - Start build external matchings
2026-01-12 14:32:37,919 [INFO] ThirdPartyModel:316 - End build external matchings
2026-01-12 14:32:37,980 [WARN] IP:2250 - Warning not found: check if there is a RefParameter without a condition.
2026-01-12 14:32:37,980 [WARN] IP:2250 - RxBufferAddress not found: check if there is a RefParameter without a condition.
2026-01-12 14:32:37,980 [WARN] IP:2250 - DESC_SIZE_UNIT not found: check if there is a RefParameter without a condition.
2026-01-12 14:32:37,984 [WARN] IP:2250 - CMSIS_VERSION not found: check if there is a RefParameter without a condition.
2026-01-12 14:32:37,989 [WARN] IP:2250 - LWIP_NETIF_HOSTNAME_NAME not found: check if there is a RefParameter without a condition.
2026-01-12 14:32:38,009 [INFO] ImportTextPane:234 - (OptionalMessage_ERROR) IP (RCC) : Invalid parameter (48MHZClocksFreq_Value)
2026-01-12 14:32:38,009 [INFO] ImportTextPane:234 - (OptionalMessage_ERROR) IP (RCC) : Invalid parameter (ADC12outputFreq_Value)
2026-01-12 14:32:38,009 [INFO] ImportTextPane:234 - (OptionalMessage_ERROR) IP (RCC) : Invalid parameter (ADC34outputFreq_Value)
2026-01-12 14:32:38,009 [INFO] ImportTextPane:234 - (OptionalMessage_ERROR) IP (RCC) : Invalid parameter (FamilyName)
2026-01-12 14:32:38,009 [INFO] ImportTextPane:234 - (OptionalMessage_ERROR) IP (RCC) : Invalid parameter (I2SClocksFreq_Value)
2026-01-12 14:32:38,009 [INFO] ImportTextPane:234 - (OptionalMessage_ERROR) IP (RCC) : Invalid parameter (LCDTFToutputFreq_Value)
2026-01-12 14:32:38,009 [INFO] ImportTextPane:234 - (OptionalMessage_ERROR) IP (RCC) : Invalid parameter (MCOFreq_Value)
2026-01-12 14:32:38,009 [INFO] ImportTextPane:234 - (OptionalMessage_ERROR) IP (RCC) : Invalid parameter (PLLMCOFreq_Value)
2026-01-12 14:32:38,009 [INFO] ImportTextPane:234 - (OptionalMessage_ERROR) IP (RCC) : Invalid parameter (PLLMUL)
2026-01-12 14:32:38,010 [INFO] ImportTextPane:234 - (OptionalMessage_ERROR) IP (RCC) : Invalid parameter (PRESCALERUSB)
2026-01-12 14:32:38,010 [INFO] ImportTextPane:234 - (OptionalMessage_ERROR) IP (RCC) : Parameter (RNGFreq_Value) has invalid value (108000000)
2026-01-12 14:32:38,010 [INFO] ImportTextPane:234 - (OptionalMessage_ERROR) IP (RCC) : Invalid parameter (RTCHSEDivFreq_Value)
2026-01-12 14:32:38,010 [INFO] ImportTextPane:234 - (OptionalMessage_ERROR) IP (RCC) : Parameter (SDMMC2Freq_Value) has invalid value (216000000)
2026-01-12 14:32:38,010 [INFO] ImportTextPane:234 - (OptionalMessage_ERROR) IP (RCC) : Parameter (SDMMCFreq_Value) has invalid value (216000000)
2026-01-12 14:32:38,010 [INFO] ImportTextPane:234 - (OptionalMessage_ERROR) IP (RCC) : Invalid parameter (SYSCLKSourceVirtual)
2026-01-12 14:32:38,010 [INFO] ImportTextPane:234 - (OptionalMessage_ERROR) IP (RCC) : Invalid parameter (TIM15Freq_Value)
2026-01-12 14:32:38,010 [INFO] ImportTextPane:234 - (OptionalMessage_ERROR) IP (RCC) : Invalid parameter (TIM16Freq_Value)
2026-01-12 14:32:38,010 [INFO] ImportTextPane:234 - (OptionalMessage_ERROR) IP (RCC) : Invalid parameter (TIM17Freq_Value)
2026-01-12 14:32:38,010 [INFO] ImportTextPane:234 - (OptionalMessage_ERROR) IP (RCC) : Invalid parameter (TIM1Freq_Value)
2026-01-12 14:32:38,010 [INFO] ImportTextPane:234 - (OptionalMessage_ERROR) IP (RCC) : Invalid parameter (TIM20Freq_Value)
2026-01-12 14:32:38,010 [INFO] ImportTextPane:234 - (OptionalMessage_ERROR) IP (RCC) : Invalid parameter (TIM2Freq_Value)
2026-01-12 14:32:38,010 [INFO] ImportTextPane:234 - (OptionalMessage_ERROR) IP (RCC) : Invalid parameter (TIM3Freq_Value)
2026-01-12 14:32:38,010 [INFO] ImportTextPane:234 - (OptionalMessage_ERROR) IP (RCC) : Invalid parameter (TIM8Freq_Value)
2026-01-12 14:32:38,010 [INFO] ImportTextPane:234 - (OptionalMessage_ERROR) IP (RCC) : Parameter (USBFreq_Value) has invalid value (108000000)
2026-01-12 14:32:38,010 [INFO] ImportTextPane:234 - (OptionalMessage_ERROR) IP (RCC) : Invalid parameter (VCOOutput2Freq_Value)
2026-01-12 14:32:38,010 [INFO] ImportTextPane:234 - (OptionalMessage_ERROR) IP (RCC) : Invalid parameter (VcooutputI2S)
2026-01-12 14:32:38,564 [INFO] UtilMem:75 - End LoadConfig() Used Memory: 974456104 Bytes (1073741824)
2026-01-12 14:32:38,608 [WARN] ThirdParty:833 - waiting for thirdparty lock release [change project]
2026-01-12 14:32:38,608 [INFO] ThirdParty:835 - entering critical section [change project]
2026-01-12 14:32:38,608 [INFO] ThirdParty:1030 - CMSIS Pack Vendor :STMicroelectronics X-CUBE-PM33A1 1.0.0
2026-01-12 14:32:38,608 [INFO] ThirdParty:1030 - CMSIS Pack Vendor :STMicroelectronics USBPD 4.1
2026-01-12 14:32:38,608 [INFO] ThirdParty:1030 - CMSIS Pack Vendor :STMicroelectronics USB_HOST 2.0.0
2026-01-12 14:32:38,608 [INFO] ThirdParty:1030 - CMSIS Pack Vendor :STMicroelectronics FP-SNS-MOTENVWB1 1.4.0
2026-01-12 14:32:38,608 [INFO] ThirdParty:1030 - CMSIS Pack Vendor :STMicroelectronics X-CUBE-AZRTOS-F4 1.1.0
2026-01-12 14:32:38,608 [INFO] ThirdParty:1030 - CMSIS Pack Vendor :STMicroelectronics LIBJPEG 8.0.0
2026-01-12 14:32:38,608 [INFO] ThirdParty:1030 - CMSIS Pack Vendor :STMicroelectronics FP-ATR-ASTRA1 2.0.2
2026-01-12 14:32:38,608 [INFO] ThirdParty:1030 - CMSIS Pack Vendor :STMicroelectronics FP-ATR-ASTRA1 2.0.1
2026-01-12 14:32:38,608 [INFO] ThirdParty:1030 - CMSIS Pack Vendor :Avnet-IotConnect X-CUBE-IoTC-DA16k-PMOD 1.0.0
2026-01-12 14:32:38,608 [INFO] ThirdParty:1030 - CMSIS Pack Vendor :STMicroelectronics X-CUBE-SMBUS 2.1.0
2026-01-12 14:32:38,608 [INFO] ThirdParty:1030 - CMSIS Pack Vendor :STMicroelectronics X-CUBE-WB05N 1.1.0
2026-01-12 14:32:38,608 [INFO] ThirdParty:1030 - CMSIS Pack Vendor :STMicroelectronics X-CUBE-ISPU 2.1.0
2026-01-12 14:32:38,608 [INFO] ThirdParty:1030 - CMSIS Pack Vendor :STMicroelectronics X-CUBE-IPS 3.2.0
2026-01-12 14:32:38,608 [INFO] ThirdParty:1030 - CMSIS Pack Vendor :STMicroelectronics X-CUBE-FREERTOS 1.2.0
2026-01-12 14:32:38,608 [INFO] ThirdParty:1030 - CMSIS Pack Vendor :STMicroelectronics X-CUBE-ST60 1.0.0
2026-01-12 14:32:38,608 [INFO] ThirdParty:1030 - CMSIS Pack Vendor :STMicroelectronics X-CUBE-NFC12 1.0.0
2026-01-12 14:32:38,608 [INFO] ThirdParty:1030 - CMSIS Pack Vendor :STMicroelectronics X-CUBE-AZRTOS-F7 1.1.0
2026-01-12 14:32:38,608 [INFO] ThirdParty:1030 - CMSIS Pack Vendor :STMicroelectronics X-CUBE-AZRTOS-L5 2.0.0
2026-01-12 14:32:38,608 [INFO] ThirdParty:1030 - CMSIS Pack Vendor :STMicroelectronics USB_DEVICE 2.0.0
2026-01-12 14:32:38,608 [INFO] ThirdParty:1030 - CMSIS Pack Vendor :STMicroelectronics X-CUBE-NFC6 3.1.0
2026-01-12 14:32:38,608 [INFO] ThirdParty:1030 - CMSIS Pack Vendor :STMicroelectronics X-CUBE-MEMS1 11.0.0
2026-01-12 14:32:38,608 [INFO] ThirdParty:1030 - CMSIS Pack Vendor :STMicroelectronics FP-SNS-MOTENV1 5.1.0
2026-01-12 14:32:38,608 [INFO] ThirdParty:1030 - CMSIS Pack Vendor :STMicroelectronics FreeRTOS 0.0.1
2026-01-12 14:32:38,608 [INFO] ThirdParty:1030 - CMSIS Pack Vendor :STMicroelectronics X-CUBE-DPower 1.2.0
2026-01-12 14:32:38,608 [INFO] ThirdParty:1030 - CMSIS Pack Vendor :STMicroelectronics FP-SNS-FLIGHT1 5.0.2
2026-01-12 14:32:38,608 [INFO] ThirdParty:1030 - CMSIS Pack Vendor :STMicroelectronics PDM2PCM 3.3.0
2026-01-12 14:32:38,608 [INFO] ThirdParty:1030 - CMSIS Pack Vendor :STMicroelectronics X-CUBE-AZRTOS-H7 3.4.0
2026-01-12 14:32:38,608 [INFO] ThirdParty:1030 - CMSIS Pack Vendor :STMicroelectronics X-CUBE-DISPLAY 3.0.0
2026-01-12 14:32:38,608 [INFO] ThirdParty:1030 - CMSIS Pack Vendor :STMicroelectronics X-CUBE-BLE1 7.0.0
2026-01-12 14:32:38,609 [INFO] ThirdParty:1030 - CMSIS Pack Vendor :STMicroelectronics X-CUBE-NFC10 1.0.0
2026-01-12 14:32:38,609 [INFO] ThirdParty:1030 - CMSIS Pack Vendor :STMicroelectronics X-CUBE-BLEMGR 4.0.0
2026-01-12 14:32:38,609 [INFO] ThirdParty:1030 - CMSIS Pack Vendor :STMicroelectronics X-CUBE-FREERTOS 1.3.1
2026-01-12 14:32:38,609 [INFO] ThirdParty:1030 - CMSIS Pack Vendor :STMicroelectronics HAL Drivers 0.0.0
2026-01-12 14:32:38,609 [INFO] ThirdParty:1030 - CMSIS Pack Vendor :STMicroelectronics X-CUBE-ST60 1.1.0
2026-01-12 14:32:38,609 [INFO] ThirdParty:1030 - CMSIS Pack Vendor :emotas I-CUBE-CANOPEN 1.3.0
2026-01-12 14:32:38,609 [INFO] ThirdParty:1030 - CMSIS Pack Vendor :STMicroelectronics X-CUBE-FREERTOS 1.3.0
2026-01-12 14:32:38,609 [INFO] ThirdParty:1030 - CMSIS Pack Vendor :STMicroelectronics X-CUBE-NFC7 1.0.1
2026-01-12 14:32:38,609 [INFO] ThirdParty:1030 - CMSIS Pack Vendor :STMicroelectronics MBEDTLS 2.14.1
2026-01-12 14:32:38,609 [INFO] ThirdParty:1030 - CMSIS Pack Vendor :STMicroelectronics X-CUBE-GNSS1 7.1.0
2026-01-12 14:32:38,609 [INFO] ThirdParty:1030 - CMSIS Pack Vendor :STMicroelectronics X-CUBE-TOUCHGFX 4.26.0
2026-01-12 14:32:38,609 [INFO] ThirdParty:1030 - CMSIS Pack Vendor :STMicroelectronics X-CUBE-BLEMGR 3.1.0
2026-01-12 14:32:38,609 [INFO] ThirdParty:1030 - CMSIS Pack Vendor :STMicroelectronics X-CUBE-AI 10.0.0
2026-01-12 14:32:38,609 [INFO] ThirdParty:1030 - CMSIS Pack Vendor :STMicroelectronics FP-SNS-STBOX1 2.1.0
2026-01-12 14:32:38,609 [INFO] ThirdParty:1030 - CMSIS Pack Vendor :STMicroelectronics FP-SNS-STAIOTCFT 1.0.0
2026-01-12 14:32:38,609 [INFO] ThirdParty:1030 - CMSIS Pack Vendor :STMicroelectronics FP-SNS-SMARTAG2 1.2.0
2026-01-12 14:32:38,609 [INFO] ThirdParty:1030 - CMSIS Pack Vendor :STMicroelectronics FP-SNS-FLIGHT1 5.1.0
2026-01-12 14:32:38,609 [INFO] ThirdParty:1030 - CMSIS Pack Vendor :STMicroelectronics X-CUBE-MEMS1 11.1.0
2026-01-12 14:32:38,609 [INFO] ThirdParty:1030 - CMSIS Pack Vendor :STMicroelectronics X-CUBE-AZRTOS-WL 2.0.0
2026-01-12 14:32:38,609 [INFO] ThirdParty:1030 - CMSIS Pack Vendor :STMicroelectronics X-CUBE-DPower 1.3.0
2026-01-12 14:32:38,609 [INFO] ThirdParty:1030 - CMSIS Pack Vendor :STMicroelectronics FP-SNS-MOTENV1 5.0.0
2026-01-12 14:32:38,609 [INFO] ThirdParty:1030 - CMSIS Pack Vendor :STMicroelectronics USB_DEVICE 1.0.0
2026-01-12 14:32:38,609 [INFO] ThirdParty:1030 - CMSIS Pack Vendor :STMicroelectronics X-CUBE-AZRTOS-H7RS 1.2.0
2026-01-12 14:32:38,609 [INFO] ThirdParty:1030 - CMSIS Pack Vendor :wolfSSL I-CUBE-wolfMQTT 1.19.0
2026-01-12 14:32:38,609 [INFO] ThirdParty:1030 - CMSIS Pack Vendor :STMicroelectronics X-CUBE-AZRTOS-L4 2.0.0
2026-01-12 14:32:38,609 [INFO] ThirdParty:1030 - CMSIS Pack Vendor :STMicroelectronics ThreadX 0.0.2
2026-01-12 14:32:38,609 [INFO] ThirdParty:1030 - CMSIS Pack Vendor :WES I-CUBE-Cesium 1.3.0
2026-01-12 14:32:38,609 [INFO] ThirdParty:1030 - CMSIS Pack Vendor :STMicroelectronics lwIP 2.1.2
2026-01-12 14:32:38,609 [INFO] ThirdParty:1030 - CMSIS Pack Vendor :STMicroelectronics X-CUBE-SFXS2LP1 4.0.0
2026-01-12 14:32:38,609 [INFO] ThirdParty:1030 - CMSIS Pack Vendor :STMicroelectronics X-CUBE-BLE2 3.3.0
2026-01-12 14:32:38,609 [INFO] ThirdParty:1030 - CMSIS Pack Vendor :STMicroelectronics PDM2PCM 3.2.0
2026-01-12 14:32:38,609 [INFO] ThirdParty:1030 - CMSIS Pack Vendor :STMicroelectronics X-CUBE-AZRTOS-H7 3.3.0
2026-01-12 14:32:38,609 [INFO] ThirdParty:1030 - CMSIS Pack Vendor :STMicroelectronics X-CUBE-NFC9 1.0.0
2026-01-12 14:32:38,609 [INFO] ThirdParty:1030 - CMSIS Pack Vendor :STMicroelectronics X-CUBE-BLE1 7.1.0
2026-01-12 14:32:38,609 [INFO] ThirdParty:1030 - CMSIS Pack Vendor :STMicroelectronics USB_DEVICE 3.0.0
2026-01-12 14:32:38,609 [INFO] ThirdParty:1030 - CMSIS Pack Vendor :STMicroelectronics X-CUBE-TCPP 4.1.0
2026-01-12 14:32:38,609 [INFO] ThirdParty:1030 - CMSIS Pack Vendor :STMicroelectronics X-CUBE-FREERTOS 1.4.0
2026-01-12 14:32:38,609 [INFO] ThirdParty:1030 - CMSIS Pack Vendor :STMicroelectronics X-CUBE-EEPRMA1 5.2.0
2026-01-12 14:32:38,609 [INFO] ThirdParty:1030 - CMSIS Pack Vendor :STMicroelectronics X-CUBE-BLEMGR 4.1.0
2026-01-12 14:32:38,609 [INFO] ThirdParty:1030 - CMSIS Pack Vendor :STMicroelectronics X-CUBE-IPS 3.0.0
2026-01-12 14:32:38,609 [INFO] ThirdParty:1030 - CMSIS Pack Vendor :STMicroelectronics X-CUBE-AZRTOS-WB 2.0.0
2026-01-12 14:32:38,609 [INFO] ThirdParty:1030 - CMSIS Pack Vendor :STMicroelectronics X-CUBE-GNSS1 7.0.0
2026-01-12 14:32:38,609 [INFO] ThirdParty:1030 - CMSIS Pack Vendor :STMicroelectronics X-CUBE-GNSS1 7.0.1
2026-01-12 14:32:38,609 [INFO] ThirdParty:1030 - CMSIS Pack Vendor :STMicroelectronics X-CUBE-TOUCHGFX 4.25.0
2026-01-12 14:32:38,609 [INFO] ThirdParty:1030 - CMSIS Pack Vendor :STMicroelectronics X-CUBE-ST67W61 1.1.0
2026-01-12 14:32:38,609 [INFO] ThirdParty:1030 - CMSIS Pack Vendor :STMicroelectronics X-CUBE-AI 10.1.0
2026-01-12 14:32:38,609 [INFO] ThirdParty:1030 - CMSIS Pack Vendor :STMicroelectronics FP-SNS-STBOX1 2.0.0
2026-01-12 14:32:38,609 [INFO] ThirdParty:1030 - CMSIS Pack Vendor :STMicroelectronics X-CUBE-MEMS1 12.0.0
2026-01-12 14:32:38,609 [INFO] ThirdParty:1030 - CMSIS Pack Vendor :STMicroelectronics X-CUBE-MEMS1 11.2.0
2026-01-12 14:32:38,609 [INFO] ThirdParty:1030 - CMSIS Pack Vendor :STMicroelectronics X-CUBE-AZRTOS-G0 1.1.0
2026-01-12 14:32:38,609 [INFO] ThirdParty:1030 - CMSIS Pack Vendor :STMicroelectronics X-CUBE-SAFEA1 1.2.2
2026-01-12 14:32:38,609 [INFO] ThirdParty:1030 - CMSIS Pack Vendor :STMicroelectronics X-CUBE-NFC4 3.0.0
2026-01-12 14:32:38,609 [INFO] ThirdParty:1030 - CMSIS Pack Vendor :STMicroelectronics X-CUBE-SUBG2 5.0.0
2026-01-12 14:32:38,609 [INFO] ThirdParty:1030 - CMSIS Pack Vendor :STMicroelectronics X-CUBE-AZRTOS-H7RS 1.1.0
2026-01-12 14:32:38,609 [INFO] ThirdParty:1030 - CMSIS Pack Vendor :STMicroelectronics STM32_WPAN 1.0.0
2026-01-12 14:32:38,609 [INFO] ThirdParty:1030 - CMSIS Pack Vendor :EmbeddedOffice I-CUBE-FS-RTOS 1.0.1
2026-01-12 14:32:38,609 [INFO] ThirdParty:1030 - CMSIS Pack Vendor :STMicroelectronics lwIP 2.0.3
2026-01-12 14:32:38,609 [INFO] ThirdParty:1030 - CMSIS Pack Vendor :Cesanta I-CUBE-Mongoose 7.13.0
2026-01-12 14:32:38,609 [INFO] ThirdParty:1030 - CMSIS Pack Vendor :STMicroelectronics USB_HOST 1.0.0
2026-01-12 14:32:38,609 [INFO] ThirdParty:1030 - CMSIS Pack Vendor :STMicroelectronics X-CUBE-AZRTOS-G4 2.0.0
2026-01-12 14:32:38,609 [INFO] ThirdParty:1030 - CMSIS Pack Vendor :STMicroelectronics X-CUBE-WB05N 2.0.0
2026-01-12 14:32:38,609 [INFO] ThirdParty:1030 - CMSIS Pack Vendor :STMicroelectronics PDM2PCM 3.1.0
2026-01-12 14:32:38,609 [INFO] ThirdParty:1030 - CMSIS Pack Vendor :STMicroelectronics X-CUBE-NFC7 2.0.0
2026-01-12 14:32:38,609 [INFO] ThirdParty:1030 - CMSIS Pack Vendor :STMicroelectronics X-CUBE-TCPP 4.2.0
2026-01-12 14:32:38,610 [INFO] ThirdParty:1030 - CMSIS Pack Vendor :RealThread X-CUBE-RT-Thread_Nano 4.1.1
2026-01-12 14:32:38,610 [INFO] ThirdParty:1030 - CMSIS Pack Vendor :STMicroelectronics FP-ATR-SIGFOX1 3.2.0
2026-01-12 14:32:38,610 [INFO] ThirdParty:1030 - CMSIS Pack Vendor :quantropi X-CUBE-qispace-sdk-base 1.9.3
2026-01-12 14:32:38,610 [INFO] ThirdParty:1030 - CMSIS Pack Vendor :STMicroelectronics X-CUBE-EEPRMA1 5.1.0
2026-01-12 14:32:38,610 [INFO] ThirdParty:1030 - CMSIS Pack Vendor :STMicroelectronics MBEDTLS 2.16.2
2026-01-12 14:32:38,610 [INFO] ThirdParty:1030 - CMSIS Pack Vendor :STMicroelectronics X-CUBE-IPS 3.1.0
2026-01-12 14:32:38,610 [INFO] ThirdParty:1030 - CMSIS Pack Vendor :STMicroelectronics X-CUBE-ALS 1.0.2
2026-01-12 14:32:38,610 [INFO] ThirdParty:1030 - CMSIS Pack Vendor :wolfSSL I-CUBE-wolfSSL 5.7.4
2026-01-12 14:32:38,610 [INFO] ThirdParty:1030 - CMSIS Pack Vendor :ITTIA_DB I-CUBE-ITTIADB 8.9.0
2026-01-12 14:32:38,610 [INFO] ThirdParty:1030 - CMSIS Pack Vendor :STMicroelectronics X-CUBE-TOUCHGFX 4.24.2
2026-01-12 14:32:38,610 [INFO] ThirdParty:1030 - CMSIS Pack Vendor :STMicroelectronics X-CUBE-TOUCHGFX 4.24.1
2026-01-12 14:32:38,610 [INFO] ThirdParty:1030 - CMSIS Pack Vendor :STMicroelectronics X-CUBE-STSE01 1.0.0
2026-01-12 14:32:38,610 [INFO] ThirdParty:1030 - CMSIS Pack Vendor :wolfSSL I-CUBE-wolfTPM 3.4.0
2026-01-12 14:32:38,610 [INFO] ThirdParty:1030 - CMSIS Pack Vendor :portGmbH I-Cube-SoM-uGOAL 1.1.0
2026-01-12 14:32:38,610 [INFO] ThirdParty:1030 - CMSIS Pack Vendor :STMicroelectronics X-CUBE-ST67W61 1.0.0
2026-01-12 14:32:38,610 [INFO] ThirdParty:1030 - CMSIS Pack Vendor :STMicroelectronics X-CUBE-AI 10.2.0
2026-01-12 14:32:38,610 [INFO] ThirdParty:1030 - CMSIS Pack Vendor :STMicroelectronics ThreadX 1.0.0
2026-01-12 14:32:38,611 [INFO] ThirdParty:1030 - CMSIS Pack Vendor :SEGGER I-CUBE-embOS 1.3.1
2026-01-12 14:32:38,611 [INFO] ThirdParty:1030 - CMSIS Pack Vendor :STMicroelectronics X-CUBE-ALGOBUILD 1.4.0
2026-01-12 14:32:38,611 [INFO] ThirdParty:1030 - CMSIS Pack Vendor :STMicroelectronics X-CUBE-MEMS1 11.3.0
2026-01-12 14:32:38,611 [INFO] ThirdParty:1030 - CMSIS Pack Vendor :STMicroelectronics X-CUBE-AZRTOS-H7RS 1.0.0
2026-01-12 14:32:38,611 [INFO] ThirdParty:1030 - CMSIS Pack Vendor :STMicroelectronics FP-ATR-ASTRA1 2.0.0
2026-01-12 14:32:38,611 [INFO] ThirdParty:1030 - CMSIS Pack Vendor :STMicroelectronics X-CUBE-TOF1 3.4.2
2026-01-12 14:32:38,611 [INFO] ThirdParty:1030 - CMSIS Pack Vendor :STMicroelectronics X-CUBE-TOF1 3.4.3
2026-01-12 14:32:38,611 [INFO] ThirdParty:1030 - CMSIS Pack Vendor :STMicroelectronics X-CUBE-AI 9.1.0
2026-01-12 14:32:38,611 [INFO] ThirdParty:1030 - CMSIS Pack Vendor :Infineon AIROC-Wi-Fi-Bluetooth-STM32 1.6.1
2026-01-12 14:32:38,611 [INFO] ThirdParty:1030 - CMSIS Pack Vendor :wolfSSL I-CUBE-wolfSSH 1.4.17
2026-01-12 14:32:38,611 [INFO] ThirdParty:841 - exiting critical section [change project]
2026-01-12 14:32:38,909 [INFO] PinOutPanel:1589 - setPackage(No Configuration,No Configuration)
2026-01-12 14:32:38,909 [INFO] PinOutPanel:1589 - setPackage(STM32F767ZITx,LQFP144)
2026-01-12 14:32:39,582 [INFO] UtilMem:75 - Before build in PCC Used Memory: 1012588808 Bytes (1073741824)
2026-01-12 14:32:39,936 [INFO] UtilMem:75 - After build in PCC Used Memory: 860949160 Bytes (1073741824)
2026-01-12 14:32:39,961 [INFO] ApiDbMcu:532 - Load IP Config File for LWIP
2026-01-12 14:32:39,961 [WARN] BspModel:444 - BSP dependency skipped because of component: name='USER_PHY', api='BSP_COMPONENT_DRIVER'
2026-01-12 14:32:39,991 [INFO] IPUIPlugin:80 - create IPUIPlugin
2026-01-12 14:32:39,991 [INFO] IPUIPlugin:80 - create IPUIPlugin
2026-01-12 14:32:39,991 [INFO] IPUIPlugin:80 - create IPUIPlugin
2026-01-12 14:32:39,991 [INFO] IPUIPlugin:80 - create IPUIPlugin
2026-01-12 14:32:39,991 [INFO] IPUIPlugin:80 - create IPUIPlugin
2026-01-12 14:32:39,992 [INFO] IPUIPlugin:80 - create IPUIPlugin
2026-01-12 14:32:39,992 [INFO] IPUIPlugin:80 - create IPUIPlugin
2026-01-12 14:32:39,992 [INFO] IPUIPlugin:80 - create IPUIPlugin
2026-01-12 14:32:39,992 [INFO] IPUIPlugin:80 - create IPUIPlugin
2026-01-12 14:32:39,992 [INFO] IPUIPlugin:80 - create IPUIPlugin
2026-01-12 14:32:39,992 [INFO] IPUIPlugin:80 - create IPUIPlugin
2026-01-12 14:32:39,992 [INFO] IPUIPlugin:80 - create IPUIPlugin
2026-01-12 14:32:39,992 [INFO] IPUIPlugin:80 - create IPUIPlugin
2026-01-12 14:32:39,992 [INFO] IPUIPlugin:80 - create IPUIPlugin
2026-01-12 14:32:39,992 [INFO] IPUIPlugin:80 - create IPUIPlugin
2026-01-12 14:32:39,992 [INFO] IPUIPlugin:80 - create IPUIPlugin
2026-01-12 14:32:39,993 [INFO] IPUIPlugin:80 - create IPUIPlugin
2026-01-12 14:32:39,993 [INFO] IPUIPlugin:80 - create IPUIPlugin
2026-01-12 14:32:39,993 [INFO] IPUIPlugin:80 - create IPUIPlugin
2026-01-12 14:32:39,993 [INFO] IPUIPlugin:80 - create IPUIPlugin
2026-01-12 14:32:39,993 [INFO] IPUIPlugin:80 - create IPUIPlugin
2026-01-12 14:32:39,993 [INFO] IPUIPlugin:80 - create IPUIPlugin
2026-01-12 14:32:39,993 [INFO] IPUIPlugin:80 - create IPUIPlugin
2026-01-12 14:32:39,993 [INFO] IPUIPlugin:80 - create IPUIPlugin
2026-01-12 14:32:39,993 [INFO] IPUIPlugin:80 - create IPUIPlugin
2026-01-12 14:32:39,994 [INFO] IPUIPlugin:80 - create IPUIPlugin
2026-01-12 14:32:39,994 [INFO] IPUIPlugin:80 - create IPUIPlugin
2026-01-12 14:32:39,994 [INFO] IPUIPlugin:80 - create IPUIPlugin
2026-01-12 14:32:39,994 [INFO] IPUIPlugin:80 - create IPUIPlugin
2026-01-12 14:32:39,994 [INFO] IPUIPlugin:80 - create IPUIPlugin
2026-01-12 14:32:39,994 [INFO] IPUIPlugin:80 - create IPUIPlugin
2026-01-12 14:32:39,995 [INFO] IPUIPlugin:80 - create IPUIPlugin
2026-01-12 14:32:39,995 [INFO] IPUIPlugin:80 - create IPUIPlugin
2026-01-12 14:32:39,995 [INFO] IPUIPlugin:80 - create IPUIPlugin
2026-01-12 14:32:39,995 [INFO] IPUIPlugin:80 - create IPUIPlugin
2026-01-12 14:32:39,995 [INFO] IPUIPlugin:80 - create IPUIPlugin
2026-01-12 14:32:39,996 [INFO] IPUIPlugin:80 - create IPUIPlugin
2026-01-12 14:32:39,996 [INFO] IPUIPlugin:80 - create IPUIPlugin
2026-01-12 14:32:39,996 [INFO] IPUIPlugin:80 - create IPUIPlugin
2026-01-12 14:32:39,996 [INFO] IPUIPlugin:80 - create IPUIPlugin
2026-01-12 14:32:39,997 [INFO] IPUIPlugin:80 - create IPUIPlugin
2026-01-12 14:32:39,997 [INFO] IPUIPlugin:80 - create IPUIPlugin
2026-01-12 14:32:39,997 [INFO] IPUIPlugin:80 - create IPUIPlugin
2026-01-12 14:32:39,997 [INFO] IPUIPlugin:80 - create IPUIPlugin
2026-01-12 14:32:39,997 [INFO] IPUIPlugin:80 - create IPUIPlugin
2026-01-12 14:32:39,997 [INFO] IPUIPlugin:80 - create IPUIPlugin
2026-01-12 14:32:39,998 [INFO] IPUIPlugin:80 - create IPUIPlugin
2026-01-12 14:32:39,998 [INFO] IPUIPlugin:80 - create IPUIPlugin
2026-01-12 14:32:39,998 [INFO] IPUIPlugin:80 - create IPUIPlugin
2026-01-12 14:32:39,998 [INFO] IPUIPlugin:80 - create IPUIPlugin
2026-01-12 14:32:39,998 [INFO] IPUIPlugin:80 - create IPUIPlugin
2026-01-12 14:32:39,999 [INFO] IPUIPlugin:80 - create IPUIPlugin
2026-01-12 14:32:40,000 [INFO] IPUIPlugin:80 - create IPUIPlugin
2026-01-12 14:32:40,000 [INFO] IPUIPlugin:80 - create IPUIPlugin
2026-01-12 14:32:40,000 [INFO] IPUIPlugin:80 - create IPUIPlugin
2026-01-12 14:32:40,001 [INFO] IPUIPlugin:80 - create IPUIPlugin
2026-01-12 14:32:40,001 [INFO] IPUIPlugin:80 - create IPUIPlugin
2026-01-12 14:32:40,001 [INFO] IPUIPlugin:80 - create IPUIPlugin
2026-01-12 14:32:40,001 [INFO] IPUIPlugin:80 - create IPUIPlugin
2026-01-12 14:32:40,001 [INFO] IPUIPlugin:80 - create IPUIPlugin
2026-01-12 14:32:40,001 [INFO] IPUIPlugin:80 - create IPUIPlugin
2026-01-12 14:32:40,002 [INFO] IPUIPlugin:80 - create IPUIPlugin
2026-01-12 14:32:40,003 [INFO] IPUIPlugin:80 - create IPUIPlugin
2026-01-12 14:32:40,003 [INFO] IPUIPlugin:80 - create IPUIPlugin
2026-01-12 14:32:40,004 [INFO] IPUIPlugin:80 - create IPUIPlugin
2026-01-12 14:32:40,004 [INFO] IPUIPlugin:80 - create IPUIPlugin
2026-01-12 14:32:40,004 [INFO] IPUIPlugin:80 - create IPUIPlugin
2026-01-12 14:32:40,005 [INFO] IPUIPlugin:80 - create IPUIPlugin
2026-01-12 14:32:40,005 [INFO] IPUIPlugin:80 - create IPUIPlugin
2026-01-12 14:32:40,005 [INFO] IPUIPlugin:80 - create IPUIPlugin
2026-01-12 14:32:40,005 [INFO] IPUIPlugin:80 - create IPUIPlugin
2026-01-12 14:32:40,006 [INFO] IPUIPlugin:80 - create IPUIPlugin
2026-01-12 14:32:40,006 [INFO] IPUIPlugin:80 - create IPUIPlugin
2026-01-12 14:32:40,006 [INFO] IPUIPlugin:80 - create IPUIPlugin
2026-01-12 14:32:40,006 [INFO] IPUIPlugin:80 - create IPUIPlugin
2026-01-12 14:32:40,007 [INFO] IPUIPlugin:80 - create IPUIPlugin
2026-01-12 14:32:40,007 [INFO] IPUIPlugin:80 - create IPUIPlugin
2026-01-12 14:32:40,007 [INFO] IPUIPlugin:80 - create IPUIPlugin
2026-01-12 14:32:40,008 [INFO] IPUIPlugin:80 - create IPUIPlugin
2026-01-12 14:32:40,026 [INFO] ApiDbMcu:532 - Load IP Config File for PDM2PCM
2026-01-12 14:32:40,149 [INFO] CADModel:165 - CPN selected for project levelSTM32F767ZIT6
2026-01-12 14:32:40,149 [INFO] CADModel:114 - Register for checkConnection events
2026-01-12 14:32:40,241 [INFO] OpenFileManager:386 - Restore cursor
2026-01-12 14:32:40,500 [WARN] IP:2250 - CMSIS_VERSION not found: check if there is a RefParameter without a condition.
2026-01-12 14:32:40,503 [WARN] IP:2250 - LWIP_NETIF_HOSTNAME_NAME not found: check if there is a RefParameter without a condition.
2026-01-12 14:32:40,525 [WARN] IP:2250 - CMSIS_VERSION not found: check if there is a RefParameter without a condition.
2026-01-12 14:32:40,527 [WARN] IP:2250 - LWIP_NETIF_HOSTNAME_NAME not found: check if there is a RefParameter without a condition.
2026-01-12 14:32:40,607 [WARN] IP:2250 - Warning not found: check if there is a RefParameter without a condition.
2026-01-12 14:32:40,608 [WARN] IP:2250 - RxBufferAddress not found: check if there is a RefParameter without a condition.
2026-01-12 14:32:40,608 [WARN] IP:2250 - DESC_SIZE_UNIT not found: check if there is a RefParameter without a condition.
2026-01-12 14:32:40,608 [WARN] IP:2250 - Warning not found: check if there is a RefParameter without a condition.
2026-01-12 14:32:40,608 [WARN] IP:2250 - RxBufferAddress not found: check if there is a RefParameter without a condition.
2026-01-12 14:32:40,608 [WARN] IP:2250 - DESC_SIZE_UNIT not found: check if there is a RefParameter without a condition.
2026-01-12 14:33:29,462 [INFO] WebApp:194 - Connection lost
2026-01-12 14:33:29,695 [INFO] WebApp:191 - Connection restablished
2026-01-12 15:04:09,523 [INFO] WebApp:194 - Connection lost
2026-01-12 15:04:09,783 [INFO] WebApp:191 - Connection restablished
2026-01-12 15:27:46,772 [INFO] MainUpdater:2872 - connection check result : 10
2026-01-12 15:27:46,772 [INFO] MainUpdater:2872 - connection check result : 10
2026-01-12 15:27:46,795 [INFO] MicroXplorer:468 - Change Database Path : 
2026-01-12 15:27:46,796 [INFO] MicroXplorer:498 - Change Database Version : DB.6.0.150
2026-01-12 15:27:46,892 [ERROR] ProjectManagerView:395 - 
java.lang.NullPointerException: Cannot invoke "javax.swing.JTextField.getText()" because the return value of "java.util.List.get(int)" is null
	at com.st.microxplorer.plugins.projectmanager.gui.ProjectChoiceTab$9.caretUpdate(ProjectChoiceTab.java:2706) ~[filemanager.jar:?]
	at javax.swing.text.JTextComponent.fireCaretUpdate(JTextComponent.java:408) ~[?:?]
	at javax.swing.text.JTextComponent$MutableCaretEvent.fire(JTextComponent.java:4484) ~[?:?]
	at javax.swing.text.JTextComponent$MutableCaretEvent.stateChanged(JTextComponent.java:4506) ~[?:?]
	at javax.swing.text.DefaultCaret.fireStateChanged(DefaultCaret.java:857) ~[?:?]
	at javax.swing.text.DefaultCaret.changeCaretPosition(DefaultCaret.java:1343) ~[?:?]
	at javax.swing.text.DefaultCaret.handleSetDot(DefaultCaret.java:1242) ~[?:?]
	at javax.swing.text.DefaultCaret.setDot(DefaultCaret.java:1223) ~[?:?]
	at javax.swing.text.DefaultCaret$Handler.insertUpdate(DefaultCaret.java:1819) ~[?:?]
	at javax.swing.text.AbstractDocument.fireInsertUpdate(AbstractDocument.java:227) ~[?:?]
	at javax.swing.text.AbstractDocument.handleInsertString(AbstractDocument.java:781) ~[?:?]
	at javax.swing.text.AbstractDocument.insertString(AbstractDocument.java:740) ~[?:?]
	at javax.swing.text.PlainDocument.insertString(PlainDocument.java:131) ~[?:?]
	at javax.swing.text.AbstractDocument.replace(AbstractDocument.java:699) ~[?:?]
	at javax.swing.text.JTextComponent.setText(JTextComponent.java:1725) ~[?:?]
	at com.st.microxplorer.plugins.projectmanager.gui.ProjectChoiceTab.createHeapStackFields(ProjectChoiceTab.java:993) ~[filemanager.jar:?]
	at com.st.microxplorer.plugins.projectmanager.gui.ProjectChoiceTab.buildLinkSettingsPanel(ProjectChoiceTab.java:3813) ~[filemanager.jar:?]
	at com.st.microxplorer.plugins.projectmanager.gui.ProjectChoiceTab.defineWindowsFields(ProjectChoiceTab.java:1987) ~[filemanager.jar:?]
	at com.st.microxplorer.plugins.projectmanager.gui.ProjectChoiceTab.updateSettings(ProjectChoiceTab.java:558) ~[filemanager.jar:?]
	at com.st.microxplorer.plugins.projectmanager.gui.ProjectSettingsPanel.UpdateDialog(ProjectSettingsPanel.java:247) ~[filemanager.jar:?]
	at com.st.microxplorer.plugins.projectmanager.ProjectManagerView.propertyChange(ProjectManagerView.java:392) ~[filemanager.jar:?]
	at java.beans.PropertyChangeSupport.fire(PropertyChangeSupport.java:343) ~[?:?]
	at java.beans.PropertyChangeSupport.firePropertyChange(PropertyChangeSupport.java:335) ~[?:?]
	at java.beans.PropertyChangeSupport.firePropertyChange(PropertyChangeSupport.java:268) ~[?:?]
	at com.st.microxplorer.util.MXPropertyChangeSupport.firePropertyChange(MXPropertyChangeSupport.java:54) ~[STM32CubeMX.jar:?]
	at com.st.microxplorer.mxsystem.MxSystem.closeConfig(MxSystem.java:899) ~[STM32CubeMX.jar:?]
	at com.st.microxplorer.maingui.MainPanel.closeConfig(MainPanel.java:792) ~[STM32CubeMX.jar:?]
	at com.st.microxplorer.plugins.filemanager.engine.OpenFileManager.loadConfigurationFile(OpenFileManager.java:288) ~[filemanager.jar:?]
	at com.st.microxplorer.plugins.filemanager.engine.MainFileManager.userLoadConfig(MainFileManager.java:364) ~[filemanager.jar:?]
	at com.st.microxplorer.plugins.filemanager.engine.MainFileManager.userLoadConfig(MainFileManager.java:342) ~[filemanager.jar:?]
	at com.st.microxplorer.plugins.filemanager.FileManagerView.getSpecificTask(FileManagerView.java:264) ~[filemanager.jar:?]
	at com.st.stm32cube.common.mx.editor.CubeMxEditor.getMxTabbedPaneInstance(CubeMxEditor.java:1198) ~[com.st.stm32cube.common.mx_6.15.0.202507011659/:?]
	at com.st.stm32cube.common.mx.editor.CubeMxEditor$12$1.createSwingComponent(CubeMxEditor.java:1068) ~[com.st.stm32cube.common.mx_6.15.0.202507011659/:?]
	at com.st.stm32cube.common.mx.oss.core.awtswtbridge.EmbeddedSwingComposite.doComponentCreation(EmbeddedSwingComposite.java:492) ~[com.st.stm32cube.common.mx.oss_6.15.0.202507011659/:?]
	at com.st.stm32cube.common.mx.oss.core.awtswtbridge.EmbeddedSwingComposite$4.run(EmbeddedSwingComposite.java:291) ~[com.st.stm32cube.common.mx.oss_6.15.0.202507011659/:?]
	at com.st.stm32cube.common.mx.oss.core.awtswtbridge.AwtEnvironment$2.run(AwtEnvironment.java:166) ~[com.st.stm32cube.common.mx.oss_6.15.0.202507011659/:?]
	at java.awt.event.InvocationEvent.dispatch(InvocationEvent.java:318) ~[?:?]
	at java.awt.EventQueue.dispatchEventImpl(EventQueue.java:773) ~[?:?]
	at java.awt.EventQueue$4.run(EventQueue.java:720) ~[?:?]
	at java.awt.EventQueue$4.run(EventQueue.java:714) ~[?:?]
	at java.security.AccessController.doPrivileged(AccessController.java:400) ~[?:?]
	at java.security.ProtectionDomain$JavaSecurityAccessImpl.doIntersectionPrivilege(ProtectionDomain.java:87) ~[?:?]
	at java.awt.EventQueue.dispatchEvent(EventQueue.java:742) ~[?:?]
	at java.awt.EventDispatchThread.pumpOneEventForFilters(EventDispatchThread.java:203) ~[?:?]
	at java.awt.EventDispatchThread.pumpEventsForFilter(EventDispatchThread.java:124) ~[?:?]
	at java.awt.EventDispatchThread.pumpEventsForHierarchy(EventDispatchThread.java:113) ~[?:?]
	at java.awt.EventDispatchThread.pumpEvents(EventDispatchThread.java:109) ~[?:?]
	at java.awt.EventDispatchThread.pumpEvents(EventDispatchThread.java:101) ~[?:?]
	at java.awt.EventDispatchThread.run(EventDispatchThread.java:90) ~[?:?]
2026-01-12 15:27:46,898 [WARN] ThirdParty:871 - waiting for thirdparty lock release [close project]
2026-01-12 15:27:46,898 [INFO] ThirdParty:873 - entering critical section [close project]
2026-01-12 15:27:46,898 [INFO] ThirdParty:883 - exiting critical section [close project]
2026-01-12 15:27:46,906 [INFO] PinOutPanel:1589 - setPackage(No Configuration,No Configuration)
2026-01-12 15:27:46,966 [WARN] IpParametersView:155 - Warning: This peripheral hasn't parameters
2026-01-12 15:27:47,003 [WARN] MainPanel:289 - <html><b><center>Warning: This peripheral has no parameters to be configured<br></b></html>
2026-01-12 15:27:47,017 [INFO] UtilMem:75 - Begin LoadConfig() Used Memory: 864162704 Bytes (1073741824)
2026-01-12 15:27:53,633 [INFO] MicroXplorer:468 - Change Database Path : 
2026-01-12 15:27:53,634 [INFO] MicroXplorer:498 - Change Database Version : DB.6.0.150
2026-01-12 15:27:53,634 [INFO] OpenFileManager:355 - Change cursor
2026-01-12 15:27:53,681 [INFO] Mcu:2029 - Initializing MCU STM32F767ZITx STM32F767ZITx 
2026-01-12 15:27:53,683 [INFO] Mcu:2044 - No CPN specified => set CPN to STM32F767ZIT6
2026-01-12 15:27:56,717 [INFO] Context:786 - Trying to add GPIOservice into a context  which must be forbidden
2026-01-12 15:27:57,976 [INFO] Rule:233 - rule 117617 - U5Cobra4M][GTZC] default value MPCBB3 and MPCBB5 - Not Secured memory - MPCBB1 is applicable
2026-01-12 15:27:57,977 [INFO] Rule:233 - rule 117617 - U5Cobra4M][GTZC] default value MPCBB3 and MPCBB5 - Not Secured memory - MPCBB1 is applicable
2026-01-12 15:27:57,977 [INFO] Rule:233 - rule 117617 - U5Cobra4M][GTZC] default value MPCBB3 and MPCBB5 - Not Secured memory - MPCBB2 is applicable
2026-01-12 15:27:57,977 [INFO] Rule:233 - rule 117617 - U5Cobra4M][GTZC] default value MPCBB3 and MPCBB5 - Not Secured memory - MPCBB2 is applicable
2026-01-12 15:27:57,977 [INFO] Rule:233 - rule 117617 - U5Cobra4M][GTZC] default value MPCBB3 and MPCBB5 - Not Secured memory - MPCBB3 is applicable
2026-01-12 15:27:57,977 [INFO] Rule:233 - rule 117617 - U5Cobra4M][GTZC] default value MPCBB3 and MPCBB5 - Not Secured memory - MPCBB3 is applicable
2026-01-12 15:27:57,977 [INFO] Rule:233 - rule 117617 - U5Cobra4M][GTZC] default value MPCBB3 and MPCBB5 - Not Secured memory - MPCBB4 is applicable
2026-01-12 15:27:57,977 [INFO] Rule:233 - rule 117617 - U5Cobra4M][GTZC] default value MPCBB3 and MPCBB5 - Not Secured memory - MPCBB4 is applicable
2026-01-12 15:27:57,977 [INFO] Rule:233 - rule 117617 - U5Cobra4M][GTZC] default value MPCBB3 and MPCBB5 - Secured memory - MPCBB1 is applicable
2026-01-12 15:27:57,977 [INFO] Rule:233 - rule 117617 - U5Cobra4M][GTZC] default value MPCBB3 and MPCBB5 - Secured memory - MPCBB2 is applicable
2026-01-12 15:27:57,977 [INFO] Rule:233 - rule 117617 - U5Cobra4M][GTZC] default value MPCBB3 and MPCBB5 - Secured memory - MPCBB3 is applicable
2026-01-12 15:27:57,977 [INFO] Rule:233 - rule 117617 - U5Cobra4M][GTZC] default value MPCBB3 and MPCBB5 - Secured memory - MPCBB4 is applicable
2026-01-12 15:27:57,977 [INFO] Rule:233 - rule 117617 - U5Cobra4M][GTZC] default value MPCBB3 and MPCBB5 - Privileged memory - MPCBB1 is applicable
2026-01-12 15:27:57,977 [INFO] Rule:233 - rule 117617 - U5Cobra4M][GTZC] default value MPCBB3 and MPCBB5 - Privileged memory - MPCBB2 is applicable
2026-01-12 15:27:57,977 [INFO] Rule:233 - rule 117617 - U5Cobra4M][GTZC] default value MPCBB3 and MPCBB5 - Privileged memory - MPCBB3 is applicable
2026-01-12 15:27:57,977 [INFO] Rule:233 - rule 117617 - U5Cobra4M][GTZC] default value MPCBB3 and MPCBB5 - Privileged memory - MPCBB4 is applicable
2026-01-12 15:27:57,977 [INFO] Rule:233 - rule 117617 - U5Cobra4M][GTZC] default value MPCBB3 and MPCBB5 - Not Privileged memory - MPCBB1 is applicable
2026-01-12 15:27:57,977 [INFO] Rule:233 - rule 117617 - U5Cobra4M][GTZC] default value MPCBB3 and MPCBB5 - Not Privileged memory - MPCBB2 is applicable
2026-01-12 15:27:57,977 [INFO] Rule:233 - rule 117617 - U5Cobra4M][GTZC] default value MPCBB3 and MPCBB5 - Not Privileged memory - MPCBB3 is applicable
2026-01-12 15:27:57,977 [INFO] Rule:233 - rule 117617 - U5Cobra4M][GTZC] default value MPCBB3 and MPCBB5 - Not Privileged memory - MPCBB4 is applicable
2026-01-12 15:27:57,977 [INFO] Rule:233 - rule 117617 - U5Cobra4M][GTZC] default value MPCBB3 and MPCBB5 - Privileged memory - MPCBB1 is applicable
2026-01-12 15:27:57,977 [INFO] Rule:233 - rule 117617 - U5Cobra4M][GTZC] default value MPCBB3 and MPCBB5 - Privileged memory - MPCBB2 is applicable
2026-01-12 15:27:57,977 [INFO] Rule:233 - rule 117617 - U5Cobra4M][GTZC] default value MPCBB3 and MPCBB5 - Privileged memory - MPCBB3 is applicable
2026-01-12 15:27:57,977 [INFO] Rule:233 - rule 117617 - U5Cobra4M][GTZC] default value MPCBB3 and MPCBB5 - Privileged memory - MPCBB4 is applicable
2026-01-12 15:27:57,977 [INFO] Rule:233 - rule 117617 - U5Cobra4M][GTZC] default value MPCBB3 and MPCBB5 - Privileged memory - MPCBB1 is applicable
2026-01-12 15:27:57,977 [INFO] Rule:233 - rule 117617 - U5Cobra4M][GTZC] default value MPCBB3 and MPCBB5 - Privileged memory - MPCBB2 is applicable
2026-01-12 15:27:57,977 [INFO] Rule:233 - rule 117617 - U5Cobra4M][GTZC] default value MPCBB3 and MPCBB5 - Privileged memory - MPCBB3 is applicable
2026-01-12 15:27:57,978 [INFO] Rule:233 - rule 117617 - U5Cobra4M][GTZC] default value MPCBB3 and MPCBB5 - Privileged memory - MPCBB4 is applicable
2026-01-12 15:27:57,978 [INFO] Rule:233 - rule 117617 - U5Cobra4M][GTZC] default value MPCBB3 and MPCBB5 - Not Privileged memory - MPCBB1 is applicable
2026-01-12 15:27:57,978 [INFO] Rule:233 - rule 117617 - U5Cobra4M][GTZC] default value MPCBB3 and MPCBB5 - Not Privileged memory - MPCBB2 is applicable
2026-01-12 15:27:57,978 [INFO] Rule:233 - rule 117617 - U5Cobra4M][GTZC] default value MPCBB3 and MPCBB5 - Not Privileged memory - MPCBB3 is applicable
2026-01-12 15:27:57,978 [INFO] Rule:233 - rule 117617 - U5Cobra4M][GTZC] default value MPCBB3 and MPCBB5 - Not Privileged memory - MPCBB4 is applicable
2026-01-12 15:27:57,978 [INFO] Rule:233 - rule 117617 - U5Cobra4M][GTZC] default value MPCBB3 and MPCBB5 - Privileged memory - MPCBB1 is applicable
2026-01-12 15:27:57,978 [INFO] Rule:233 - rule 117617 - U5Cobra4M][GTZC] default value MPCBB3 and MPCBB5 - Privileged memory - MPCBB2 is applicable
2026-01-12 15:27:57,978 [INFO] Rule:233 - rule 117617 - U5Cobra4M][GTZC] default value MPCBB3 and MPCBB5 - Privileged memory - MPCBB3 is applicable
2026-01-12 15:27:57,978 [INFO] Rule:233 - rule 117617 - U5Cobra4M][GTZC] default value MPCBB3 and MPCBB5 - Privileged memory - MPCBB4 is applicable
2026-01-12 15:27:57,979 [INFO] Rule:233 - rule WakeUp0 Mode is applicable
2026-01-12 15:27:57,979 [INFO] Rule:233 - rule WakeUp0 SIGNAL is applicable
2026-01-12 15:27:57,979 [INFO] Rule:233 - rule WakeUp1 Mode is applicable
2026-01-12 15:27:57,979 [INFO] Rule:233 - rule WakeUp1 SIGNAL is applicable
2026-01-12 15:27:57,979 [INFO] Rule:233 - rule WakeUp2 Mode is applicable
2026-01-12 15:27:57,979 [INFO] Rule:233 - rule WakeUp2 SIGNAL is applicable
2026-01-12 15:27:57,979 [INFO] Rule:233 - rule WakeUp4 Mode is applicable
2026-01-12 15:27:57,979 [INFO] Rule:233 - rule WakeUp4 SIGNAL is applicable
2026-01-12 15:27:57,979 [INFO] Rule:233 - rule WakeUp5 Mode is applicable
2026-01-12 15:27:57,979 [INFO] Rule:233 - rule WakeUp5 SIGNAL is applicable
2026-01-12 15:27:57,979 [INFO] Rule:233 - rule Change Default Value for LSE Drive Capability for WB family is applicable
2026-01-12 15:27:57,981 [INFO] Rule:233 - rule change FDCAN default value is applicable
2026-01-12 15:27:57,981 [INFO] Rule:233 - rule Adapt Old IOC before rework replace old CORTEX_M33/CORTEX_M55 attributes by the new one. is applicable
2026-01-12 15:27:57,981 [INFO] Rule:233 - rule Rename parametre of RCC RCC_APBDBG_DIV2 to RCC_TIMPRES_DIV2 is applicable
2026-01-12 15:27:57,981 [INFO] Rule:233 - rule Rename DIE493 pin PA10 [PA12] -> PA10 is applicable
2026-01-12 15:27:57,981 [INFO] Rule:233 - rule Rename DIE493 pin PA9 [PA11] -> PA9 is applicable
2026-01-12 15:27:57,981 [INFO] Rule:233 - rule Rename DIE492 PartNumber CPN STM32WBA5MJGHx -> STM32WBA5MMGHx is applicable
2026-01-12 15:27:57,981 [INFO] Rule:233 - rule Rename DIE492 PartNumber  Name STM32WBA5MJGHx -> STM32WBA5MMGHx is applicable
2026-01-12 15:27:57,981 [INFO] Rule:233 - rule Rename DIE492 PartNumber UserName STM32WBA5MJGHx -> STM32WBA5MMGHx is applicable
2026-01-12 15:27:57,982 [INFO] Rule:233 - rule Rename DIE492 PartNumber DeviceId STM32WBA5MJGHx -> STM32WBA5MMGHx is applicable
2026-01-12 15:27:57,982 [INFO] Rule:233 - rule Adapt Old IOC CSI. is applicable
2026-01-12 15:27:57,982 [INFO] Rule:233 - rule Adapt Old IOC DCMIPP. is applicable
2026-01-12 15:27:57,982 [INFO] Rule:233 - rule Adapt Old IOC DCMIPP Mode Parallel. is applicable
2026-01-12 15:27:57,982 [INFO] Rule:233 - rule Adapt Old IOC LTDC. is applicable
2026-01-12 15:27:57,982 [INFO] Rule:233 - rule Rename STM32MP2 RIF Peripheral LTDC RIF.RISUP.LTDC_L0L1.Privilege -> RIF.RISUP.LTDC_L1L2.Privilege is applicable
2026-01-12 15:27:57,982 [INFO] Rule:233 - rule Rename STM32MP2 RIF Peripheral LTDC RIF.RISUP.LTDC_L0L1.Privilege -> RIF.RISUP.LTDC_L1L2.Privilege is applicable
2026-01-12 15:27:57,982 [INFO] Rule:233 - rule Rename STM32MP2 RIF Peripheral LTDC RIF.RISUP.LTDC_L0L1.Lock -> RIF.RISUP.LTDC_L1L2.Lock is applicable
2026-01-12 15:27:57,983 [INFO] Rule:233 - rule Rename STM32MP2 RIF Peripheral LTDC RIF.RISUP.LTDC_L2.Lock -> RIF.RISUP.LTDC_L3.Lock is applicable
2026-01-12 15:27:57,983 [INFO] Rule:233 - rule Adapt the old IOC example for updating the SYS when it is misconfigured. is applicable
2026-01-12 15:27:57,983 [INFO] Rule:233 - rule Rename STM32C09 Mcu.Package LQFP64 -> LQFP48 is applicable
2026-01-12 15:27:57,983 [INFO] Rule:233 - rule Adapt the old IOC example for updating the SYS when it is misconfigured. is applicable
2026-01-12 15:27:57,983 [INFO] Rule:233 - rule Adapt the old IOC example for updating the SYS when it is misconfigured. is applicable
2026-01-12 15:27:57,989 [INFO] DbConfProperties:307 - Apply Compatibility (5/68 Rules)
2026-01-12 15:27:58,006 [INFO] ImportTextPane:234 - (OptionalMessage_ERROR) Pin15 (VP_RIF_VS_RIF1) cannot be retrieved for this MCU
2026-01-12 15:27:58,294 [INFO] RtosManager:558 - Registered RTOS mode: class=CMSIS, group=RTOS, mode=CMSIS_V1, owner=FREERTOS
2026-01-12 15:27:58,294 [INFO] RtosManager:558 - Registered RTOS mode: class=CMSIS, group=RTOS2, mode=CMSIS_V2, owner=FREERTOS
2026-01-12 15:27:58,294 [INFO] RtosManager:558 - Registered RTOS mode: class=RTOS, group=Core, mode=CMSIS_V1, owner=FREERTOS
2026-01-12 15:27:58,294 [INFO] RtosManager:558 - Registered RTOS mode: class=RTOS, group=Core, mode=CMSIS_V2, owner=FREERTOS
2026-01-12 15:27:58,295 [WARN] ModelIntegratedComponent:184 - Missing modes for component STMicroelectronics:FreeRTOS:0.0.1:STMicroelectronics:RTOS:FreeRTOS:Core:::10.2.0:
2026-01-12 15:27:58,299 [WARN] ModelIntegratedComponent:63 - No mode defined for component null
2026-01-12 15:27:58,299 [WARN] ModelIntegratedComponent:63 - No mode defined for component null
2026-01-12 15:27:58,299 [WARN] ModelIntegratedComponent:63 - No mode defined for component null
2026-01-12 15:27:58,299 [WARN] ModelIntegratedComponent:63 - No mode defined for component null
2026-01-12 15:27:58,299 [WARN] ModelIntegratedComponent:63 - No mode defined for component null
2026-01-12 15:27:58,300 [WARN] ModelIntegratedComponent:63 - No mode defined for component null
2026-01-12 15:27:58,300 [WARN] ModelIntegratedComponent:63 - No mode defined for component null
2026-01-12 15:27:58,300 [WARN] ModelIntegratedComponent:63 - No mode defined for component null
2026-01-12 15:27:58,300 [WARN] ModelIntegratedComponent:63 - No mode defined for component null
2026-01-12 15:27:58,300 [WARN] ModelIntegratedComponent:63 - No mode defined for component null
2026-01-12 15:27:58,300 [WARN] ModelIntegratedComponent:63 - No mode defined for component null
2026-01-12 15:27:58,300 [WARN] ModelIntegratedComponent:63 - No mode defined for component null
2026-01-12 15:27:58,300 [WARN] ModelIntegratedComponent:63 - No mode defined for component null
2026-01-12 15:27:58,300 [WARN] ModelIntegratedComponent:63 - No mode defined for component null
2026-01-12 15:27:58,300 [WARN] ModelIntegratedComponent:63 - No mode defined for component null
2026-01-12 15:27:58,300 [WARN] ModelIntegratedComponent:63 - No mode defined for component null
2026-01-12 15:27:58,300 [WARN] ModelIntegratedComponent:63 - No mode defined for component null
2026-01-12 15:27:58,300 [WARN] ModelIntegratedComponent:63 - No mode defined for component null
2026-01-12 15:27:58,300 [WARN] ModelIntegratedComponent:63 - No mode defined for component null
2026-01-12 15:27:58,300 [WARN] ModelIntegratedComponent:63 - No mode defined for component null
2026-01-12 15:27:58,300 [WARN] ModelIntegratedComponent:63 - No mode defined for component null
2026-01-12 15:27:58,300 [WARN] ModelIntegratedComponent:63 - No mode defined for component null
2026-01-12 15:27:58,300 [WARN] ModelIntegratedComponent:63 - No mode defined for component null
2026-01-12 15:27:58,300 [WARN] ModelIntegratedComponent:63 - No mode defined for component null
2026-01-12 15:27:58,300 [WARN] ModelIntegratedComponent:63 - No mode defined for component null
2026-01-12 15:27:58,300 [WARN] ModelIntegratedComponent:63 - No mode defined for component null
2026-01-12 15:27:58,300 [WARN] ModelIntegratedComponent:63 - No mode defined for component null
2026-01-12 15:27:58,300 [WARN] ModelIntegratedComponent:63 - No mode defined for component null
2026-01-12 15:27:58,300 [WARN] ModelIntegratedComponent:63 - No mode defined for component null
2026-01-12 15:27:58,300 [WARN] ModelIntegratedComponent:63 - No mode defined for component null
2026-01-12 15:27:58,300 [WARN] ModelIntegratedComponent:63 - No mode defined for component null
2026-01-12 15:27:58,300 [WARN] ModelIntegratedComponent:63 - No mode defined for component null
2026-01-12 15:27:58,300 [WARN] ModelIntegratedComponent:63 - No mode defined for component null
2026-01-12 15:27:58,300 [WARN] ModelIntegratedComponent:63 - No mode defined for component null
2026-01-12 15:27:58,300 [WARN] ModelIntegratedComponent:63 - No mode defined for component null
2026-01-12 15:27:58,300 [WARN] ModelPack:524 - Component already loaded: STMicroelectronics:HAL Drivers:0.0.0:STMicroelectronics:Device:STMicro_Driver:XSPI:HAL::0.0.1:HAL_XSPI
2026-01-12 15:27:58,513 [INFO] ThirdPartyModel:298 - Start build external matchings
2026-01-12 15:28:00,070 [INFO] ThirdPartyModel:316 - End build external matchings
2026-01-12 15:28:00,117 [WARN] IP:2250 - Warning not found: check if there is a RefParameter without a condition.
2026-01-12 15:28:00,117 [WARN] IP:2250 - RxBufferAddress not found: check if there is a RefParameter without a condition.
2026-01-12 15:28:00,118 [WARN] IP:2250 - DESC_SIZE_UNIT not found: check if there is a RefParameter without a condition.
2026-01-12 15:28:00,120 [WARN] IP:2250 - CMSIS_VERSION not found: check if there is a RefParameter without a condition.
2026-01-12 15:28:00,139 [WARN] IP:2250 - LWIP_NETIF_HOSTNAME_NAME not found: check if there is a RefParameter without a condition.
2026-01-12 15:28:00,190 [INFO] ImportTextPane:234 - (OptionalMessage_ERROR) IP (RCC) : Invalid parameter (FamilyName)
2026-01-12 15:28:00,191 [INFO] ImportTextPane:234 - (OptionalMessage_ERROR) IP (RCC) : Parameter (RNGFreq_Value) has invalid value (216000000)
2026-01-12 15:28:00,191 [INFO] ImportTextPane:234 - (OptionalMessage_ERROR) IP (RCC) : Parameter (SDMMC2Freq_Value) has invalid value (216000000)
2026-01-12 15:28:00,191 [INFO] ImportTextPane:234 - (OptionalMessage_ERROR) IP (RCC) : Parameter (SDMMCFreq_Value) has invalid value (216000000)
2026-01-12 15:28:00,191 [INFO] ImportTextPane:234 - (OptionalMessage_ERROR) IP (RCC) : Parameter (USBFreq_Value) has invalid value (216000000)
2026-01-12 15:28:00,927 [INFO] UtilMem:75 - End LoadConfig() Used Memory: 983176568 Bytes (1073741824)
2026-01-12 15:28:00,983 [WARN] ThirdParty:833 - waiting for thirdparty lock release [change project]
2026-01-12 15:28:00,983 [INFO] ThirdParty:835 - entering critical section [change project]
2026-01-12 15:28:00,984 [INFO] ThirdParty:1030 - CMSIS Pack Vendor :STMicroelectronics X-CUBE-PM33A1 1.0.0
2026-01-12 15:28:00,984 [INFO] ThirdParty:1030 - CMSIS Pack Vendor :STMicroelectronics USBPD 4.1
2026-01-12 15:28:00,984 [INFO] ThirdParty:1030 - CMSIS Pack Vendor :STMicroelectronics USB_HOST 2.0.0
2026-01-12 15:28:00,984 [INFO] ThirdParty:1030 - CMSIS Pack Vendor :STMicroelectronics FP-SNS-MOTENVWB1 1.4.0
2026-01-12 15:28:00,984 [INFO] ThirdParty:1030 - CMSIS Pack Vendor :STMicroelectronics X-CUBE-AZRTOS-F4 1.1.0
2026-01-12 15:28:00,984 [INFO] ThirdParty:1030 - CMSIS Pack Vendor :STMicroelectronics LIBJPEG 8.0.0
2026-01-12 15:28:00,984 [INFO] ThirdParty:1030 - CMSIS Pack Vendor :STMicroelectronics FP-ATR-ASTRA1 2.0.2
2026-01-12 15:28:00,984 [INFO] ThirdParty:1030 - CMSIS Pack Vendor :STMicroelectronics FP-ATR-ASTRA1 2.0.1
2026-01-12 15:28:00,984 [INFO] ThirdParty:1030 - CMSIS Pack Vendor :Avnet-IotConnect X-CUBE-IoTC-DA16k-PMOD 1.0.0
2026-01-12 15:28:00,984 [INFO] ThirdParty:1030 - CMSIS Pack Vendor :STMicroelectronics X-CUBE-SMBUS 2.1.0
2026-01-12 15:28:00,984 [INFO] ThirdParty:1030 - CMSIS Pack Vendor :STMicroelectronics X-CUBE-WB05N 1.1.0
2026-01-12 15:28:00,984 [INFO] ThirdParty:1030 - CMSIS Pack Vendor :STMicroelectronics X-CUBE-ISPU 2.1.0
2026-01-12 15:28:00,984 [INFO] ThirdParty:1030 - CMSIS Pack Vendor :STMicroelectronics X-CUBE-IPS 3.2.0
2026-01-12 15:28:00,984 [INFO] ThirdParty:1030 - CMSIS Pack Vendor :STMicroelectronics X-CUBE-FREERTOS 1.2.0
2026-01-12 15:28:00,984 [INFO] ThirdParty:1030 - CMSIS Pack Vendor :STMicroelectronics X-CUBE-ST60 1.0.0
2026-01-12 15:28:00,984 [INFO] ThirdParty:1030 - CMSIS Pack Vendor :STMicroelectronics X-CUBE-NFC12 1.0.0
2026-01-12 15:28:00,985 [INFO] ThirdParty:1030 - CMSIS Pack Vendor :STMicroelectronics X-CUBE-AZRTOS-F7 1.1.0
2026-01-12 15:28:00,985 [INFO] ThirdParty:1030 - CMSIS Pack Vendor :STMicroelectronics X-CUBE-AZRTOS-L5 2.0.0
2026-01-12 15:28:00,985 [INFO] ThirdParty:1030 - CMSIS Pack Vendor :STMicroelectronics USB_DEVICE 2.0.0
2026-01-12 15:28:00,985 [INFO] ThirdParty:1030 - CMSIS Pack Vendor :STMicroelectronics X-CUBE-NFC6 3.1.0
2026-01-12 15:28:00,985 [INFO] ThirdParty:1030 - CMSIS Pack Vendor :STMicroelectronics X-CUBE-MEMS1 11.0.0
2026-01-12 15:28:00,985 [INFO] ThirdParty:1030 - CMSIS Pack Vendor :STMicroelectronics FP-SNS-MOTENV1 5.1.0
2026-01-12 15:28:00,985 [INFO] ThirdParty:1030 - CMSIS Pack Vendor :STMicroelectronics FreeRTOS 0.0.1
2026-01-12 15:28:00,985 [INFO] ThirdParty:1030 - CMSIS Pack Vendor :STMicroelectronics X-CUBE-DPower 1.2.0
2026-01-12 15:28:00,985 [INFO] ThirdParty:1030 - CMSIS Pack Vendor :STMicroelectronics FP-SNS-FLIGHT1 5.0.2
2026-01-12 15:28:00,985 [INFO] ThirdParty:1030 - CMSIS Pack Vendor :STMicroelectronics PDM2PCM 3.3.0
2026-01-12 15:28:00,985 [INFO] ThirdParty:1030 - CMSIS Pack Vendor :STMicroelectronics X-CUBE-AZRTOS-H7 3.4.0
2026-01-12 15:28:00,986 [INFO] ThirdParty:1030 - CMSIS Pack Vendor :STMicroelectronics X-CUBE-DISPLAY 3.0.0
2026-01-12 15:28:00,986 [INFO] ThirdParty:1030 - CMSIS Pack Vendor :STMicroelectronics X-CUBE-BLE1 7.0.0
2026-01-12 15:28:00,986 [INFO] ThirdParty:1030 - CMSIS Pack Vendor :STMicroelectronics X-CUBE-NFC10 1.0.0
2026-01-12 15:28:00,986 [INFO] ThirdParty:1030 - CMSIS Pack Vendor :STMicroelectronics X-CUBE-BLEMGR 4.0.0
2026-01-12 15:28:00,986 [INFO] ThirdParty:1030 - CMSIS Pack Vendor :STMicroelectronics X-CUBE-FREERTOS 1.3.1
2026-01-12 15:28:00,986 [INFO] ThirdParty:1030 - CMSIS Pack Vendor :STMicroelectronics HAL Drivers 0.0.0
2026-01-12 15:28:00,986 [INFO] ThirdParty:1030 - CMSIS Pack Vendor :STMicroelectronics X-CUBE-ST60 1.1.0
2026-01-12 15:28:00,986 [INFO] ThirdParty:1030 - CMSIS Pack Vendor :emotas I-CUBE-CANOPEN 1.3.0
2026-01-12 15:28:00,986 [INFO] ThirdParty:1030 - CMSIS Pack Vendor :STMicroelectronics X-CUBE-FREERTOS 1.3.0
2026-01-12 15:28:00,986 [INFO] ThirdParty:1030 - CMSIS Pack Vendor :STMicroelectronics X-CUBE-NFC7 1.0.1
2026-01-12 15:28:00,986 [INFO] ThirdParty:1030 - CMSIS Pack Vendor :STMicroelectronics MBEDTLS 2.14.1
2026-01-12 15:28:00,986 [INFO] ThirdParty:1030 - CMSIS Pack Vendor :STMicroelectronics X-CUBE-GNSS1 7.1.0
2026-01-12 15:28:00,986 [INFO] ThirdParty:1030 - CMSIS Pack Vendor :STMicroelectronics X-CUBE-TOUCHGFX 4.26.0
2026-01-12 15:28:00,987 [INFO] ThirdParty:1030 - CMSIS Pack Vendor :STMicroelectronics X-CUBE-BLEMGR 3.1.0
2026-01-12 15:28:00,987 [INFO] ThirdParty:1030 - CMSIS Pack Vendor :STMicroelectronics X-CUBE-AI 10.0.0
2026-01-12 15:28:00,987 [INFO] ThirdParty:1030 - CMSIS Pack Vendor :STMicroelectronics FP-SNS-STBOX1 2.1.0
2026-01-12 15:28:00,987 [INFO] ThirdParty:1030 - CMSIS Pack Vendor :STMicroelectronics FP-SNS-STAIOTCFT 1.0.0
2026-01-12 15:28:00,987 [INFO] ThirdParty:1030 - CMSIS Pack Vendor :STMicroelectronics FP-SNS-SMARTAG2 1.2.0
2026-01-12 15:28:00,987 [INFO] ThirdParty:1030 - CMSIS Pack Vendor :STMicroelectronics FP-SNS-FLIGHT1 5.1.0
2026-01-12 15:28:00,987 [INFO] ThirdParty:1030 - CMSIS Pack Vendor :STMicroelectronics X-CUBE-MEMS1 11.1.0
2026-01-12 15:28:00,987 [INFO] ThirdParty:1030 - CMSIS Pack Vendor :STMicroelectronics X-CUBE-AZRTOS-WL 2.0.0
2026-01-12 15:28:00,987 [INFO] ThirdParty:1030 - CMSIS Pack Vendor :STMicroelectronics X-CUBE-DPower 1.3.0
2026-01-12 15:28:00,987 [INFO] ThirdParty:1030 - CMSIS Pack Vendor :STMicroelectronics FP-SNS-MOTENV1 5.0.0
2026-01-12 15:28:00,987 [INFO] ThirdParty:1030 - CMSIS Pack Vendor :STMicroelectronics USB_DEVICE 1.0.0
2026-01-12 15:28:00,987 [INFO] ThirdParty:1030 - CMSIS Pack Vendor :STMicroelectronics X-CUBE-AZRTOS-H7RS 1.2.0
2026-01-12 15:28:00,987 [INFO] ThirdParty:1030 - CMSIS Pack Vendor :wolfSSL I-CUBE-wolfMQTT 1.19.0
2026-01-12 15:28:00,987 [INFO] ThirdParty:1030 - CMSIS Pack Vendor :STMicroelectronics X-CUBE-AZRTOS-L4 2.0.0
2026-01-12 15:28:00,987 [INFO] ThirdParty:1030 - CMSIS Pack Vendor :STMicroelectronics ThreadX 0.0.2
2026-01-12 15:28:00,987 [INFO] ThirdParty:1030 - CMSIS Pack Vendor :WES I-CUBE-Cesium 1.3.0
2026-01-12 15:28:00,987 [INFO] ThirdParty:1030 - CMSIS Pack Vendor :STMicroelectronics lwIP 2.1.2
2026-01-12 15:28:00,987 [INFO] ThirdParty:1030 - CMSIS Pack Vendor :STMicroelectronics X-CUBE-SFXS2LP1 4.0.0
2026-01-12 15:28:00,987 [INFO] ThirdParty:1030 - CMSIS Pack Vendor :STMicroelectronics X-CUBE-BLE2 3.3.0
2026-01-12 15:28:00,987 [INFO] ThirdParty:1030 - CMSIS Pack Vendor :STMicroelectronics PDM2PCM 3.2.0
2026-01-12 15:28:00,987 [INFO] ThirdParty:1030 - CMSIS Pack Vendor :STMicroelectronics X-CUBE-AZRTOS-H7 3.3.0
2026-01-12 15:28:00,987 [INFO] ThirdParty:1030 - CMSIS Pack Vendor :STMicroelectronics X-CUBE-NFC9 1.0.0
2026-01-12 15:28:00,987 [INFO] ThirdParty:1030 - CMSIS Pack Vendor :STMicroelectronics X-CUBE-BLE1 7.1.0
2026-01-12 15:28:00,987 [INFO] ThirdParty:1030 - CMSIS Pack Vendor :STMicroelectronics USB_DEVICE 3.0.0
2026-01-12 15:28:00,987 [INFO] ThirdParty:1030 - CMSIS Pack Vendor :STMicroelectronics X-CUBE-TCPP 4.1.0
2026-01-12 15:28:00,987 [INFO] ThirdParty:1030 - CMSIS Pack Vendor :STMicroelectronics X-CUBE-FREERTOS 1.4.0
2026-01-12 15:28:00,987 [INFO] ThirdParty:1030 - CMSIS Pack Vendor :STMicroelectronics X-CUBE-EEPRMA1 5.2.0
2026-01-12 15:28:00,987 [INFO] ThirdParty:1030 - CMSIS Pack Vendor :STMicroelectronics X-CUBE-BLEMGR 4.1.0
2026-01-12 15:28:00,987 [INFO] ThirdParty:1030 - CMSIS Pack Vendor :STMicroelectronics X-CUBE-IPS 3.0.0
2026-01-12 15:28:00,987 [INFO] ThirdParty:1030 - CMSIS Pack Vendor :STMicroelectronics X-CUBE-AZRTOS-WB 2.0.0
2026-01-12 15:28:00,987 [INFO] ThirdParty:1030 - CMSIS Pack Vendor :STMicroelectronics X-CUBE-GNSS1 7.0.0
2026-01-12 15:28:00,987 [INFO] ThirdParty:1030 - CMSIS Pack Vendor :STMicroelectronics X-CUBE-GNSS1 7.0.1
2026-01-12 15:28:00,987 [INFO] ThirdParty:1030 - CMSIS Pack Vendor :STMicroelectronics X-CUBE-TOUCHGFX 4.25.0
2026-01-12 15:28:00,987 [INFO] ThirdParty:1030 - CMSIS Pack Vendor :STMicroelectronics X-CUBE-ST67W61 1.1.0
2026-01-12 15:28:00,987 [INFO] ThirdParty:1030 - CMSIS Pack Vendor :STMicroelectronics X-CUBE-AI 10.1.0
2026-01-12 15:28:00,987 [INFO] ThirdParty:1030 - CMSIS Pack Vendor :STMicroelectronics FP-SNS-STBOX1 2.0.0
2026-01-12 15:28:00,987 [INFO] ThirdParty:1030 - CMSIS Pack Vendor :STMicroelectronics X-CUBE-MEMS1 12.0.0
2026-01-12 15:28:00,987 [INFO] ThirdParty:1030 - CMSIS Pack Vendor :STMicroelectronics X-CUBE-MEMS1 11.2.0
2026-01-12 15:28:00,987 [INFO] ThirdParty:1030 - CMSIS Pack Vendor :STMicroelectronics X-CUBE-AZRTOS-G0 1.1.0
2026-01-12 15:28:00,987 [INFO] ThirdParty:1030 - CMSIS Pack Vendor :STMicroelectronics X-CUBE-SAFEA1 1.2.2
2026-01-12 15:28:00,987 [INFO] ThirdParty:1030 - CMSIS Pack Vendor :STMicroelectronics X-CUBE-NFC4 3.0.0
2026-01-12 15:28:00,987 [INFO] ThirdParty:1030 - CMSIS Pack Vendor :STMicroelectronics X-CUBE-SUBG2 5.0.0
2026-01-12 15:28:00,987 [INFO] ThirdParty:1030 - CMSIS Pack Vendor :STMicroelectronics X-CUBE-AZRTOS-H7RS 1.1.0
2026-01-12 15:28:00,987 [INFO] ThirdParty:1030 - CMSIS Pack Vendor :STMicroelectronics STM32_WPAN 1.0.0
2026-01-12 15:28:00,987 [INFO] ThirdParty:1030 - CMSIS Pack Vendor :EmbeddedOffice I-CUBE-FS-RTOS 1.0.1
2026-01-12 15:28:00,987 [INFO] ThirdParty:1030 - CMSIS Pack Vendor :STMicroelectronics lwIP 2.0.3
2026-01-12 15:28:00,987 [INFO] ThirdParty:1030 - CMSIS Pack Vendor :Cesanta I-CUBE-Mongoose 7.13.0
2026-01-12 15:28:00,987 [INFO] ThirdParty:1030 - CMSIS Pack Vendor :STMicroelectronics USB_HOST 1.0.0
2026-01-12 15:28:00,987 [INFO] ThirdParty:1030 - CMSIS Pack Vendor :STMicroelectronics X-CUBE-AZRTOS-G4 2.0.0
2026-01-12 15:28:00,987 [INFO] ThirdParty:1030 - CMSIS Pack Vendor :STMicroelectronics X-CUBE-WB05N 2.0.0
2026-01-12 15:28:00,987 [INFO] ThirdParty:1030 - CMSIS Pack Vendor :STMicroelectronics PDM2PCM 3.1.0
2026-01-12 15:28:00,987 [INFO] ThirdParty:1030 - CMSIS Pack Vendor :STMicroelectronics X-CUBE-NFC7 2.0.0
2026-01-12 15:28:00,987 [INFO] ThirdParty:1030 - CMSIS Pack Vendor :STMicroelectronics X-CUBE-TCPP 4.2.0
2026-01-12 15:28:00,988 [INFO] ThirdParty:1030 - CMSIS Pack Vendor :RealThread X-CUBE-RT-Thread_Nano 4.1.1
2026-01-12 15:28:00,988 [INFO] ThirdParty:1030 - CMSIS Pack Vendor :STMicroelectronics FP-ATR-SIGFOX1 3.2.0
2026-01-12 15:28:00,988 [INFO] ThirdParty:1030 - CMSIS Pack Vendor :quantropi X-CUBE-qispace-sdk-base 1.9.3
2026-01-12 15:28:00,988 [INFO] ThirdParty:1030 - CMSIS Pack Vendor :STMicroelectronics X-CUBE-EEPRMA1 5.1.0
2026-01-12 15:28:00,988 [INFO] ThirdParty:1030 - CMSIS Pack Vendor :STMicroelectronics MBEDTLS 2.16.2
2026-01-12 15:28:00,988 [INFO] ThirdParty:1030 - CMSIS Pack Vendor :STMicroelectronics X-CUBE-IPS 3.1.0
2026-01-12 15:28:00,988 [INFO] ThirdParty:1030 - CMSIS Pack Vendor :STMicroelectronics X-CUBE-ALS 1.0.2
2026-01-12 15:28:00,988 [INFO] ThirdParty:1030 - CMSIS Pack Vendor :wolfSSL I-CUBE-wolfSSL 5.7.4
2026-01-12 15:28:00,988 [INFO] ThirdParty:1030 - CMSIS Pack Vendor :ITTIA_DB I-CUBE-ITTIADB 8.9.0
2026-01-12 15:28:00,988 [INFO] ThirdParty:1030 - CMSIS Pack Vendor :STMicroelectronics X-CUBE-TOUCHGFX 4.24.2
2026-01-12 15:28:00,988 [INFO] ThirdParty:1030 - CMSIS Pack Vendor :STMicroelectronics X-CUBE-TOUCHGFX 4.24.1
2026-01-12 15:28:00,988 [INFO] ThirdParty:1030 - CMSIS Pack Vendor :STMicroelectronics X-CUBE-STSE01 1.0.0
2026-01-12 15:28:00,988 [INFO] ThirdParty:1030 - CMSIS Pack Vendor :wolfSSL I-CUBE-wolfTPM 3.4.0
2026-01-12 15:28:00,988 [INFO] ThirdParty:1030 - CMSIS Pack Vendor :portGmbH I-Cube-SoM-uGOAL 1.1.0
2026-01-12 15:28:00,988 [INFO] ThirdParty:1030 - CMSIS Pack Vendor :STMicroelectronics X-CUBE-ST67W61 1.0.0
2026-01-12 15:28:00,988 [INFO] ThirdParty:1030 - CMSIS Pack Vendor :STMicroelectronics X-CUBE-AI 10.2.0
2026-01-12 15:28:00,988 [INFO] ThirdParty:1030 - CMSIS Pack Vendor :STMicroelectronics ThreadX 1.0.0
2026-01-12 15:28:00,988 [INFO] ThirdParty:1030 - CMSIS Pack Vendor :SEGGER I-CUBE-embOS 1.3.1
2026-01-12 15:28:00,988 [INFO] ThirdParty:1030 - CMSIS Pack Vendor :STMicroelectronics X-CUBE-ALGOBUILD 1.4.0
2026-01-12 15:28:00,988 [INFO] ThirdParty:1030 - CMSIS Pack Vendor :STMicroelectronics X-CUBE-MEMS1 11.3.0
2026-01-12 15:28:00,988 [INFO] ThirdParty:1030 - CMSIS Pack Vendor :STMicroelectronics X-CUBE-AZRTOS-H7RS 1.0.0
2026-01-12 15:28:00,988 [INFO] ThirdParty:1030 - CMSIS Pack Vendor :STMicroelectronics FP-ATR-ASTRA1 2.0.0
2026-01-12 15:28:00,988 [INFO] ThirdParty:1030 - CMSIS Pack Vendor :STMicroelectronics X-CUBE-TOF1 3.4.2
2026-01-12 15:28:00,988 [INFO] ThirdParty:1030 - CMSIS Pack Vendor :STMicroelectronics X-CUBE-TOF1 3.4.3
2026-01-12 15:28:00,988 [INFO] ThirdParty:1030 - CMSIS Pack Vendor :STMicroelectronics X-CUBE-AI 9.1.0
2026-01-12 15:28:00,988 [INFO] ThirdParty:1030 - CMSIS Pack Vendor :Infineon AIROC-Wi-Fi-Bluetooth-STM32 1.6.1
2026-01-12 15:28:00,988 [INFO] ThirdParty:1030 - CMSIS Pack Vendor :wolfSSL I-CUBE-wolfSSH 1.4.17
2026-01-12 15:28:00,988 [INFO] ThirdParty:841 - exiting critical section [change project]
2026-01-12 15:28:01,450 [INFO] PinOutPanel:1589 - setPackage(No Configuration,No Configuration)
2026-01-12 15:28:01,451 [INFO] PinOutPanel:1589 - setPackage(STM32F767ZITx,LQFP144)
2026-01-12 15:28:02,182 [INFO] UtilMem:75 - Before build in PCC Used Memory: 799999144 Bytes (1073741824)
2026-01-12 15:28:02,538 [INFO] UtilMem:75 - After build in PCC Used Memory: 853476520 Bytes (1073741824)
2026-01-12 15:28:02,551 [INFO] ApiDbMcu:532 - Load IP Config File for LWIP
2026-01-12 15:28:02,551 [WARN] BspModel:444 - BSP dependency skipped because of component: name='USER_PHY', api='BSP_COMPONENT_DRIVER'
2026-01-12 15:28:02,581 [INFO] IPUIPlugin:80 - create IPUIPlugin
2026-01-12 15:28:02,581 [INFO] IPUIPlugin:80 - create IPUIPlugin
2026-01-12 15:28:02,581 [INFO] IPUIPlugin:80 - create IPUIPlugin
2026-01-12 15:28:02,581 [INFO] IPUIPlugin:80 - create IPUIPlugin
2026-01-12 15:28:02,581 [INFO] IPUIPlugin:80 - create IPUIPlugin
2026-01-12 15:28:02,581 [INFO] IPUIPlugin:80 - create IPUIPlugin
2026-01-12 15:28:02,581 [INFO] IPUIPlugin:80 - create IPUIPlugin
2026-01-12 15:28:02,581 [INFO] IPUIPlugin:80 - create IPUIPlugin
2026-01-12 15:28:02,581 [INFO] IPUIPlugin:80 - create IPUIPlugin
2026-01-12 15:28:02,582 [INFO] IPUIPlugin:80 - create IPUIPlugin
2026-01-12 15:28:02,582 [INFO] IPUIPlugin:80 - create IPUIPlugin
2026-01-12 15:28:02,582 [INFO] IPUIPlugin:80 - create IPUIPlugin
2026-01-12 15:28:02,582 [INFO] IPUIPlugin:80 - create IPUIPlugin
2026-01-12 15:28:02,582 [INFO] IPUIPlugin:80 - create IPUIPlugin
2026-01-12 15:28:02,582 [INFO] IPUIPlugin:80 - create IPUIPlugin
2026-01-12 15:28:02,582 [INFO] IPUIPlugin:80 - create IPUIPlugin
2026-01-12 15:28:02,582 [INFO] IPUIPlugin:80 - create IPUIPlugin
2026-01-12 15:28:02,582 [INFO] IPUIPlugin:80 - create IPUIPlugin
2026-01-12 15:28:02,582 [INFO] IPUIPlugin:80 - create IPUIPlugin
2026-01-12 15:28:02,582 [INFO] IPUIPlugin:80 - create IPUIPlugin
2026-01-12 15:28:02,582 [INFO] IPUIPlugin:80 - create IPUIPlugin
2026-01-12 15:28:02,582 [INFO] IPUIPlugin:80 - create IPUIPlugin
2026-01-12 15:28:02,583 [INFO] IPUIPlugin:80 - create IPUIPlugin
2026-01-12 15:28:02,583 [INFO] IPUIPlugin:80 - create IPUIPlugin
2026-01-12 15:28:02,583 [INFO] IPUIPlugin:80 - create IPUIPlugin
2026-01-12 15:28:02,583 [INFO] IPUIPlugin:80 - create IPUIPlugin
2026-01-12 15:28:02,583 [INFO] IPUIPlugin:80 - create IPUIPlugin
2026-01-12 15:28:02,583 [INFO] IPUIPlugin:80 - create IPUIPlugin
2026-01-12 15:28:02,583 [INFO] IPUIPlugin:80 - create IPUIPlugin
2026-01-12 15:28:02,583 [INFO] IPUIPlugin:80 - create IPUIPlugin
2026-01-12 15:28:02,583 [INFO] IPUIPlugin:80 - create IPUIPlugin
2026-01-12 15:28:02,584 [INFO] IPUIPlugin:80 - create IPUIPlugin
2026-01-12 15:28:02,584 [INFO] IPUIPlugin:80 - create IPUIPlugin
2026-01-12 15:28:02,584 [INFO] IPUIPlugin:80 - create IPUIPlugin
2026-01-12 15:28:02,584 [INFO] IPUIPlugin:80 - create IPUIPlugin
2026-01-12 15:28:02,584 [INFO] IPUIPlugin:80 - create IPUIPlugin
2026-01-12 15:28:02,585 [INFO] IPUIPlugin:80 - create IPUIPlugin
2026-01-12 15:28:02,585 [INFO] IPUIPlugin:80 - create IPUIPlugin
2026-01-12 15:28:02,585 [INFO] IPUIPlugin:80 - create IPUIPlugin
2026-01-12 15:28:02,585 [INFO] IPUIPlugin:80 - create IPUIPlugin
2026-01-12 15:28:02,586 [INFO] IPUIPlugin:80 - create IPUIPlugin
2026-01-12 15:28:02,586 [INFO] IPUIPlugin:80 - create IPUIPlugin
2026-01-12 15:28:02,586 [INFO] IPUIPlugin:80 - create IPUIPlugin
2026-01-12 15:28:02,586 [INFO] IPUIPlugin:80 - create IPUIPlugin
2026-01-12 15:28:02,586 [INFO] IPUIPlugin:80 - create IPUIPlugin
2026-01-12 15:28:02,587 [INFO] IPUIPlugin:80 - create IPUIPlugin
2026-01-12 15:28:02,587 [INFO] IPUIPlugin:80 - create IPUIPlugin
2026-01-12 15:28:02,587 [INFO] IPUIPlugin:80 - create IPUIPlugin
2026-01-12 15:28:02,587 [INFO] IPUIPlugin:80 - create IPUIPlugin
2026-01-12 15:28:02,587 [INFO] IPUIPlugin:80 - create IPUIPlugin
2026-01-12 15:28:02,587 [INFO] IPUIPlugin:80 - create IPUIPlugin
2026-01-12 15:28:02,588 [INFO] IPUIPlugin:80 - create IPUIPlugin
2026-01-12 15:28:02,588 [INFO] IPUIPlugin:80 - create IPUIPlugin
2026-01-12 15:28:02,588 [INFO] IPUIPlugin:80 - create IPUIPlugin
2026-01-12 15:28:02,589 [INFO] IPUIPlugin:80 - create IPUIPlugin
2026-01-12 15:28:02,589 [INFO] IPUIPlugin:80 - create IPUIPlugin
2026-01-12 15:28:02,589 [INFO] IPUIPlugin:80 - create IPUIPlugin
2026-01-12 15:28:02,589 [INFO] IPUIPlugin:80 - create IPUIPlugin
2026-01-12 15:28:02,589 [INFO] IPUIPlugin:80 - create IPUIPlugin
2026-01-12 15:28:02,589 [INFO] IPUIPlugin:80 - create IPUIPlugin
2026-01-12 15:28:02,590 [INFO] IPUIPlugin:80 - create IPUIPlugin
2026-01-12 15:28:02,590 [INFO] IPUIPlugin:80 - create IPUIPlugin
2026-01-12 15:28:02,590 [INFO] IPUIPlugin:80 - create IPUIPlugin
2026-01-12 15:28:02,590 [INFO] IPUIPlugin:80 - create IPUIPlugin
2026-01-12 15:28:02,591 [INFO] IPUIPlugin:80 - create IPUIPlugin
2026-01-12 15:28:02,591 [INFO] IPUIPlugin:80 - create IPUIPlugin
2026-01-12 15:28:02,591 [INFO] IPUIPlugin:80 - create IPUIPlugin
2026-01-12 15:28:02,592 [INFO] IPUIPlugin:80 - create IPUIPlugin
2026-01-12 15:28:02,592 [INFO] IPUIPlugin:80 - create IPUIPlugin
2026-01-12 15:28:02,592 [INFO] IPUIPlugin:80 - create IPUIPlugin
2026-01-12 15:28:02,592 [INFO] IPUIPlugin:80 - create IPUIPlugin
2026-01-12 15:28:02,592 [INFO] IPUIPlugin:80 - create IPUIPlugin
2026-01-12 15:28:02,593 [INFO] IPUIPlugin:80 - create IPUIPlugin
2026-01-12 15:28:02,593 [INFO] IPUIPlugin:80 - create IPUIPlugin
2026-01-12 15:28:02,593 [INFO] IPUIPlugin:80 - create IPUIPlugin
2026-01-12 15:28:02,593 [INFO] IPUIPlugin:80 - create IPUIPlugin
2026-01-12 15:28:02,594 [INFO] IPUIPlugin:80 - create IPUIPlugin
2026-01-12 15:28:02,594 [INFO] IPUIPlugin:80 - create IPUIPlugin
2026-01-12 15:28:02,594 [INFO] IPUIPlugin:80 - create IPUIPlugin
2026-01-12 15:28:02,611 [INFO] ApiDbMcu:532 - Load IP Config File for PDM2PCM
2026-01-12 15:28:02,684 [INFO] CADModel:165 - CPN selected for project levelSTM32F767ZIT6
2026-01-12 15:28:02,684 [INFO] CADModel:114 - Register for checkConnection events
2026-01-12 15:28:02,819 [INFO] OpenFileManager:386 - Restore cursor
2026-01-12 15:28:03,070 [WARN] IP:2250 - CMSIS_VERSION not found: check if there is a RefParameter without a condition.
2026-01-12 15:28:03,073 [WARN] IP:2250 - LWIP_NETIF_HOSTNAME_NAME not found: check if there is a RefParameter without a condition.
2026-01-12 15:28:03,093 [WARN] IP:2250 - CMSIS_VERSION not found: check if there is a RefParameter without a condition.
2026-01-12 15:28:03,095 [WARN] IP:2250 - LWIP_NETIF_HOSTNAME_NAME not found: check if there is a RefParameter without a condition.
2026-01-12 15:28:03,165 [WARN] IP:2250 - Warning not found: check if there is a RefParameter without a condition.
2026-01-12 15:28:03,165 [WARN] IP:2250 - RxBufferAddress not found: check if there is a RefParameter without a condition.
2026-01-12 15:28:03,165 [WARN] IP:2250 - DESC_SIZE_UNIT not found: check if there is a RefParameter without a condition.
2026-01-12 15:28:03,165 [WARN] IP:2250 - Warning not found: check if there is a RefParameter without a condition.
2026-01-12 15:28:03,165 [WARN] IP:2250 - RxBufferAddress not found: check if there is a RefParameter without a condition.
2026-01-12 15:28:03,165 [WARN] IP:2250 - DESC_SIZE_UNIT not found: check if there is a RefParameter without a condition.
2026-01-12 15:28:23,136 [INFO] UtilMem:75 - End SaveConfig() Used Memory: 772763912 Bytes (1073741824)
2026-01-12 15:28:24,253 [INFO] UtilMem:75 - End SaveConfig() Used Memory: 896413088 Bytes (1073741824)
2026-01-12 15:28:24,780 [INFO] ProjectBuilder:2395 - IP not ready for code generation: LWIP
2026-01-12 15:28:27,424 [INFO] BlockDiagram:2775 - set Specific Code input for plugin: SYS
2026-01-12 15:28:27,425 [INFO] BlockDiagram:2775 - set Specific Code input for plugin: RCC
2026-01-12 15:28:27,425 [INFO] BlockDiagram:2775 - set Specific Code input for plugin: NVIC
2026-01-12 15:28:27,425 [INFO] BlockDiagram:2775 - set Specific Code input for plugin: LWIP
2026-01-12 15:28:27,426 [INFO] BlockDiagram:2775 - set Specific Code input for plugin: GPIO
2026-01-12 15:28:27,426 [INFO] BlockDiagram:2775 - set Specific Code input for plugin: ETH
2026-01-12 15:28:27,427 [INFO] CodeGenerator:892 - code generatio: config db path: C:\ST\STM32CubeIDE_1.16.1\STM32CubeIDE\plugins\com.st.stm32cube.common.mx_6.15.0.202507011659\\db\
2026-01-12 15:28:27,431 [WARN] IP:2250 - Warning not found: check if there is a RefParameter without a condition.
2026-01-12 15:28:27,431 [WARN] IP:2250 - RxBufferAddress not found: check if there is a RefParameter without a condition.
2026-01-12 15:28:27,431 [WARN] IP:2250 - DESC_SIZE_UNIT not found: check if there is a RefParameter without a condition.
2026-01-12 15:28:27,438 [WARN] IP:2250 - CMSIS_VERSION not found: check if there is a RefParameter without a condition.
2026-01-12 15:28:27,441 [WARN] IP:2250 - LWIP_NETIF_HOSTNAME_NAME not found: check if there is a RefParameter without a condition.
2026-01-12 15:28:27,599 [INFO] CodeEngine:265 - oldGeneratedFile, C:\Users\Chinnapop\Documents\lwIP_UDP_Nucleo-F767ZI\CubeIDE-F767-UDP-echo\MXTmpFiles\license.tmp_save
2026-01-12 15:28:27,955 [INFO] CodeEngine:289 - Generated code: C:\Users\Chinnapop\Documents\lwIP_UDP_Nucleo-F767ZI\CubeIDE-F767-UDP-echo\MXTmpFiles\license.tmp
2026-01-12 15:28:28,120 [INFO] CodeEngine:265 - oldGeneratedFile, C:\Users\Chinnapop\Documents\lwIP_UDP_Nucleo-F767ZI\CubeIDE-F767-UDP-echo\MXTmpFiles\gpio.tmp_save
2026-01-12 15:28:28,388 [INFO] CodeEngine:289 - Generated code: C:\Users\Chinnapop\Documents\lwIP_UDP_Nucleo-F767ZI\CubeIDE-F767-UDP-echo\MXTmpFiles\gpio.tmp
2026-01-12 15:28:28,562 [INFO] CodeEngine:265 - oldGeneratedFile, C:\Users\Chinnapop\Documents\lwIP_UDP_Nucleo-F767ZI\CubeIDE-F767-UDP-echo\MXTmpFiles\eth_vars.tmp_save
2026-01-12 15:28:28,766 [INFO] CodeEngine:289 - Generated code: C:\Users\Chinnapop\Documents\lwIP_UDP_Nucleo-F767ZI\CubeIDE-F767-UDP-echo\MXTmpFiles\eth_vars.tmp
2026-01-12 15:28:28,784 [INFO] CodeEngine:265 - oldGeneratedFile, C:\Users\Chinnapop\Documents\lwIP_UDP_Nucleo-F767ZI\CubeIDE-F767-UDP-echo\MXTmpFiles\eth_inc.tmp_save
2026-01-12 15:28:28,918 [INFO] CodeEngine:289 - Generated code: C:\Users\Chinnapop\Documents\lwIP_UDP_Nucleo-F767ZI\CubeIDE-F767-UDP-echo\MXTmpFiles\eth_inc.tmp
2026-01-12 15:28:28,934 [INFO] CodeEngine:265 - oldGeneratedFile, C:\Users\Chinnapop\Documents\lwIP_UDP_Nucleo-F767ZI\CubeIDE-F767-UDP-echo\MXTmpFiles\eth_HalInit.tmp_save
2026-01-12 15:28:29,112 [INFO] CodeEngine:289 - Generated code: C:\Users\Chinnapop\Documents\lwIP_UDP_Nucleo-F767ZI\CubeIDE-F767-UDP-echo\MXTmpFiles\eth_HalInit.tmp
2026-01-12 15:28:29,129 [INFO] CodeEngine:265 - oldGeneratedFile, C:\Users\Chinnapop\Documents\lwIP_UDP_Nucleo-F767ZI\CubeIDE-F767-UDP-echo\MXTmpFiles\eth_Msp.tmp_save
2026-01-12 15:28:29,306 [INFO] CodeEngine:289 - Generated code: C:\Users\Chinnapop\Documents\lwIP_UDP_Nucleo-F767ZI\CubeIDE-F767-UDP-echo\MXTmpFiles\eth_Msp.tmp
2026-01-12 15:28:29,460 [INFO] Middleware:1452 - No code input for Bsp Dependency
2026-01-12 15:28:29,479 [INFO] CodeEngine:265 - oldGeneratedFile, C:\Users\Chinnapop\Documents\lwIP_UDP_Nucleo-F767ZI\CubeIDE-F767-UDP-echo\MXTmpFiles\cortex.tmp_save
2026-01-12 15:28:29,637 [INFO] CodeEngine:289 - Generated code: C:\Users\Chinnapop\Documents\lwIP_UDP_Nucleo-F767ZI\CubeIDE-F767-UDP-echo\MXTmpFiles\cortex.tmp
2026-01-12 15:28:29,654 [INFO] Middleware:1452 - No code input for Bsp Dependency
2026-01-12 15:28:29,679 [INFO] CodeEngine:265 - oldGeneratedFile, C:\Users\Chinnapop\Documents\lwIP_UDP_Nucleo-F767ZI\CubeIDE-F767-UDP-echo\LWIP\App\lwip.c_save
2026-01-12 15:28:29,913 [INFO] CodeEngine:289 - Generated code: C:\Users\Chinnapop\Documents\lwIP_UDP_Nucleo-F767ZI\CubeIDE-F767-UDP-echo\LWIP\App\lwip.c
2026-01-12 15:28:29,920 [INFO] CodeEngine:265 - oldGeneratedFile, C:\Users\Chinnapop\Documents\lwIP_UDP_Nucleo-F767ZI\CubeIDE-F767-UDP-echo\LWIP\App\lwip.h_save
2026-01-12 15:28:30,027 [INFO] CodeEngine:289 - Generated code: C:\Users\Chinnapop\Documents\lwIP_UDP_Nucleo-F767ZI\CubeIDE-F767-UDP-echo\LWIP\App\lwip.h
2026-01-12 15:28:30,035 [INFO] CodeEngine:265 - oldGeneratedFile, C:\Users\Chinnapop\Documents\lwIP_UDP_Nucleo-F767ZI\CubeIDE-F767-UDP-echo\LWIP\Target\lwipopts.h_save
2026-01-12 15:28:30,360 [INFO] CodeEngine:289 - Generated code: C:\Users\Chinnapop\Documents\lwIP_UDP_Nucleo-F767ZI\CubeIDE-F767-UDP-echo\LWIP\Target\lwipopts.h
2026-01-12 15:28:30,368 [INFO] CodeEngine:265 - oldGeneratedFile, C:\Users\Chinnapop\Documents\lwIP_UDP_Nucleo-F767ZI\CubeIDE-F767-UDP-echo\LWIP\Target\ethernetif.c_save
2026-01-12 15:28:30,506 [INFO] CodeEngine:289 - Generated code: C:\Users\Chinnapop\Documents\lwIP_UDP_Nucleo-F767ZI\CubeIDE-F767-UDP-echo\LWIP\Target\ethernetif.c
2026-01-12 15:28:30,516 [INFO] CodeEngine:265 - oldGeneratedFile, C:\Users\Chinnapop\Documents\lwIP_UDP_Nucleo-F767ZI\CubeIDE-F767-UDP-echo\LWIP\Target\ethernetif.h_save
2026-01-12 15:28:30,606 [INFO] CodeEngine:289 - Generated code: C:\Users\Chinnapop\Documents\lwIP_UDP_Nucleo-F767ZI\CubeIDE-F767-UDP-echo\LWIP\Target\ethernetif.h
2026-01-12 15:28:30,622 [INFO] CodeEngine:265 - oldGeneratedFile, C:\Users\Chinnapop\Documents\lwIP_UDP_Nucleo-F767ZI\CubeIDE-F767-UDP-echo\Core\Src\stm32f7xx_it.c_save
2026-01-12 15:28:31,044 [INFO] CodeEngine:289 - Generated code: C:\Users\Chinnapop\Documents\lwIP_UDP_Nucleo-F767ZI\CubeIDE-F767-UDP-echo\Core\Src\stm32f7xx_it.c
2026-01-12 15:28:31,058 [INFO] CodeEngine:265 - oldGeneratedFile, C:\Users\Chinnapop\Documents\lwIP_UDP_Nucleo-F767ZI\CubeIDE-F767-UDP-echo\Core\Inc\stm32f7xx_it.h_save
2026-01-12 15:28:31,205 [INFO] CodeEngine:289 - Generated code: C:\Users\Chinnapop\Documents\lwIP_UDP_Nucleo-F767ZI\CubeIDE-F767-UDP-echo\Core\Inc\stm32f7xx_it.h
2026-01-12 15:28:31,235 [INFO] CodeEngine:265 - oldGeneratedFile, C:\Users\Chinnapop\Documents\lwIP_UDP_Nucleo-F767ZI\CubeIDE-F767-UDP-echo\Core\Src\stm32f7xx_hal_msp.c_save
2026-01-12 15:28:31,386 [INFO] CodeEngine:289 - Generated code: C:\Users\Chinnapop\Documents\lwIP_UDP_Nucleo-F767ZI\CubeIDE-F767-UDP-echo\Core\Src\stm32f7xx_hal_msp.c
2026-01-12 15:28:31,394 [INFO] CodeEngine:265 - oldGeneratedFile, C:\Users\Chinnapop\Documents\lwIP_UDP_Nucleo-F767ZI\CubeIDE-F767-UDP-echo\MXTmpFiles\system.tmp_save
2026-01-12 15:28:31,478 [INFO] CodeEngine:289 - Generated code: C:\Users\Chinnapop\Documents\lwIP_UDP_Nucleo-F767ZI\CubeIDE-F767-UDP-echo\MXTmpFiles\system.tmp
2026-01-12 15:28:31,501 [INFO] CodeEngine:321 - oldGeneratedFile, C:\Users\Chinnapop\Documents\lwIP_UDP_Nucleo-F767ZI\CubeIDE-F767-UDP-echo\Core\Inc\stm32f7xx_hal_conf.h_save
2026-01-12 15:28:31,658 [INFO] CodeEngine:345 - Generated code: C:\Users\Chinnapop\Documents\lwIP_UDP_Nucleo-F767ZI\CubeIDE-F767-UDP-echo\Core\Inc\stm32f7xx_hal_conf.h
2026-01-12 15:28:31,704 [INFO] ApiDbMcu:532 - Load IP Config File for RCC
2026-01-12 15:28:31,719 [INFO] CodeEngine:265 - oldGeneratedFile, C:\Users\Chinnapop\Documents\lwIP_UDP_Nucleo-F767ZI\CubeIDE-F767-UDP-echo\Core\Inc\main.h_save
2026-01-12 15:28:31,879 [INFO] CodeEngine:289 - Generated code: C:\Users\Chinnapop\Documents\lwIP_UDP_Nucleo-F767ZI\CubeIDE-F767-UDP-echo\Core\Inc\main.h
2026-01-12 15:28:31,886 [INFO] CodeEngine:265 - oldGeneratedFile, C:\Users\Chinnapop\Documents\lwIP_UDP_Nucleo-F767ZI\CubeIDE-F767-UDP-echo\Core\Src\main.c_save
2026-01-12 15:28:32,024 [INFO] CodeEngine:289 - Generated code: C:\Users\Chinnapop\Documents\lwIP_UDP_Nucleo-F767ZI\CubeIDE-F767-UDP-echo\Core\Src\main.c
2026-01-12 15:28:32,852 [INFO] ProjectBuilder:3606 - Time for Copy HAL[1] : 576mS.
2026-01-12 15:28:32,863 [INFO] ProjectBuilder:5216 - Project Generator version: 4.7.0-B52
2026-01-12 15:28:32,983 [INFO] ConfigFileManager:1595 - The Die is : DIE451
2026-01-12 15:28:33,001 [INFO] ApiDbMcu:532 - Load IP Config File for FATFS
2026-01-12 15:28:33,023 [INFO] ApiDbMcu:532 - Load IP Config File for FREERTOS
2026-01-12 15:28:33,039 [INFO] ApiDbMcu:532 - Load IP Config File for LIBJPEG
2026-01-12 15:28:33,057 [INFO] ApiDbMcu:532 - Load IP Config File for MBEDTLS
2026-01-12 15:28:33,078 [INFO] ApiDbMcu:532 - Load IP Config File for USB_DEVICE
2026-01-12 15:28:33,094 [INFO] ApiDbMcu:532 - Load IP Config File for USB_HOST
2026-01-12 15:28:35,929 [INFO] ProjectBuilder:5496 - Time for Generating toolchain IDE Files: 3066mS.
2026-01-12 15:28:35,930 [INFO] ProjectBuilder:3463 - Time for Copy CMSIS : 0mS.
2026-01-12 15:28:35,942 [INFO] ProjectBuilder:3463 - Time for Copy CMSIS : 0mS.
2026-01-12 15:39:23,315 [INFO] Activator:176 - 


2026-01-12 15:39:23,320 [INFO] Activator:177 - !SESSION log4j initialized
2026-01-12 15:39:56,364 [INFO] ApplicationProperties:184 - Using Application install path: C:\ST\STM32CubeIDE_1.16.1\STM32CubeIDE\plugins\com.st.stm32cube.common.mx_6.15.0.202507011659
2026-01-12 15:39:56,392 [INFO] DbMcusXml:78 - Set database path to: C:\ST\STM32CubeIDE_1.16.1\STM32CubeIDE\plugins\com.st.stm32cube.common.mx_6.15.0.202507011659\\db\/mcu/
2026-01-12 15:39:56,393 [INFO] ApiDb:274 - Set plugin database path to: C:\ST\STM32CubeIDE_1.16.1\STM32CubeIDE\plugins\com.st.stm32cube.common.mx_6.15.0.202507011659\\db\/plugins/boardmanager/
2026-01-12 15:39:56,394 [WARN] ApiDb:259 - Overriding images path with different value:  => C:\ST\STM32CubeIDE_1.16.1\STM32CubeIDE\plugins\com.st.stm32cube.common.mx_6.15.0.202507011659\\db\/plugins/mcufinder/images/
2026-01-12 15:39:56,411 [INFO] ApiDb:250 - Set database path to: C:\Users\Chinnapop\.stmcufinder\plugins\mcufinder//mcu/
2026-01-12 15:39:56,415 [INFO] DbMcusAds:125 - Set database path to: C:\Users\Chinnapop\.stmcufinder\plugins\mcufinder//mcu/
2026-01-12 15:39:56,511 [INFO] CrossReferenceDbSqlite:203 - Set database path to: C:\Users\Chinnapop\.stmcufinder\plugins\mcufinder//mcu/cs/
2026-01-12 15:39:56,716 [INFO] RulesReader:64 - Compatibility file has been processed (317 Rules)
2026-01-12 15:39:56,871 [INFO] DbMcusXml:78 - Set database path to: C:\ST\STM32CubeIDE_1.16.1\STM32CubeIDE\plugins\com.st.stm32cube.common.mx_6.15.0.202507011659\\db\/mcu/
2026-01-12 15:39:56,872 [INFO] ApiDb:274 - Set plugin database path to: C:\ST\STM32CubeIDE_1.16.1\STM32CubeIDE\plugins\com.st.stm32cube.common.mx_6.15.0.202507011659\\db\/plugins/boardmanager/
2026-01-12 15:39:56,872 [INFO] ApiDb:261 - Set plugin images path to: C:\ST\STM32CubeIDE_1.16.1\STM32CubeIDE\plugins\com.st.stm32cube.common.mx_6.15.0.202507011659\\db\/plugins/mcufinder/images/
2026-01-12 15:39:56,872 [WARN] DbFile:41 - Overriding database path with different value: C:\Users\Chinnapop\.stmcufinder\plugins\mcufinder/ => C:\Users\Chinnapop\.stmcufinder\plugins\mcufinder
2026-01-12 15:39:56,872 [INFO] ApiDb:250 - Set database path to: C:\Users\Chinnapop\.stmcufinder\plugins\mcufinder//mcu/
2026-01-12 15:39:56,872 [WARN] DbFile:41 - Overriding database path with different value: C:\Users\Chinnapop\.stmcufinder\plugins\mcufinder/ => C:\Users\Chinnapop\.stmcufinder\plugins\mcufinder
2026-01-12 15:39:56,873 [INFO] DbMcusAds:125 - Set database path to: C:\Users\Chinnapop\.stmcufinder\plugins\mcufinder//mcu/
2026-01-12 15:39:56,873 [WARN] DbFile:41 - Overriding database path with different value: C:\Users\Chinnapop\.stmcufinder\plugins\mcufinder/ => C:\Users\Chinnapop\.stmcufinder\plugins\mcufinder
2026-01-12 15:39:56,873 [WARN] DbFile:41 - Overriding database path with different value: C:\Users\Chinnapop\.stmcufinder\plugins\mcufinder/ => C:\Users\Chinnapop\.stmcufinder\plugins\mcufinder
2026-01-12 15:39:56,873 [INFO] CrossReferenceDbSqlite:203 - Set database path to: C:\Users\Chinnapop\.stmcufinder\plugins\mcufinder//mcu/cs/
2026-01-12 15:39:57,059 [INFO] MainPanel:274 - HeapMemory: 268435456
2026-01-12 15:39:57,295 [INFO] DbMcusXml:78 - Set database path to: C:\ST\STM32CubeIDE_1.16.1\STM32CubeIDE\plugins\com.st.stm32cube.common.mx_6.15.0.202507011659\\db\/mcu/
2026-01-12 15:39:57,295 [INFO] ApiDb:274 - Set plugin database path to: C:\ST\STM32CubeIDE_1.16.1\STM32CubeIDE\plugins\com.st.stm32cube.common.mx_6.15.0.202507011659\\db\/plugins/boardmanager/
2026-01-12 15:39:57,295 [INFO] ApiDb:261 - Set plugin images path to: C:\ST\STM32CubeIDE_1.16.1\STM32CubeIDE\plugins\com.st.stm32cube.common.mx_6.15.0.202507011659\\db\/plugins/mcufinder/images/
2026-01-12 15:39:57,295 [WARN] DbFile:41 - Overriding database path with different value: C:\Users\Chinnapop\.stmcufinder\plugins\mcufinder/ => C:\Users\Chinnapop\.stmcufinder\plugins\mcufinder
2026-01-12 15:39:57,295 [INFO] ApiDb:250 - Set database path to: C:\Users\Chinnapop\.stmcufinder\plugins\mcufinder//mcu/
2026-01-12 15:39:57,295 [WARN] DbFile:41 - Overriding database path with different value: C:\Users\Chinnapop\.stmcufinder\plugins\mcufinder/ => C:\Users\Chinnapop\.stmcufinder\plugins\mcufinder
2026-01-12 15:39:57,295 [INFO] DbMcusAds:125 - Set database path to: C:\Users\Chinnapop\.stmcufinder\plugins\mcufinder//mcu/
2026-01-12 15:39:57,295 [WARN] DbFile:41 - Overriding database path with different value: C:\Users\Chinnapop\.stmcufinder\plugins\mcufinder/ => C:\Users\Chinnapop\.stmcufinder\plugins\mcufinder
2026-01-12 15:39:57,295 [WARN] DbFile:41 - Overriding database path with different value: C:\Users\Chinnapop\.stmcufinder\plugins\mcufinder/ => C:\Users\Chinnapop\.stmcufinder\plugins\mcufinder
2026-01-12 15:39:57,297 [INFO] CrossReferenceDbSqlite:203 - Set database path to: C:\Users\Chinnapop\.stmcufinder\plugins\mcufinder//mcu/cs/
2026-01-12 15:39:57,320 [INFO] ApplicationProperties:184 - Using Application install path: C:\ST\STM32CubeIDE_1.16.1\STM32CubeIDE\plugins\com.st.stm32cube.common.mx_6.15.0.202507011659
2026-01-12 15:39:57,321 [INFO] PluginManage:196 - Search for loadable plugins [exclusion list=, ]
2026-01-12 15:39:57,323 [INFO] PluginManage:310 - Check plugin analytics
2026-01-12 15:39:58,554 [INFO] LogOutputStream:77 - [STDOUT_REDIRECT] 
2026-01-12 15:40:02,754 [INFO] AnalyticsPlugin:253 - Accepted Software Licenses: 
2026-01-12 15:40:02,754 [INFO] AnalyticsPlugin:255 - Accepted CMSIS Pack Licenses: 
2026-01-12 15:40:02,754 [INFO] AnalyticsPlugin:257 - Accepted Firmware Licenses: FW.F7.1.17.0
2026-01-12 15:40:02,754 [INFO] PluginManage:359 - Loaded plugin analytics (category:tool,tabindex:-1)
2026-01-12 15:40:02,754 [INFO] PluginManage:310 - Check plugin cadmodel
2026-01-12 15:40:02,778 [INFO] CADModel:105 - Init CAD model plugin
2026-01-12 15:40:02,779 [INFO] PluginManage:359 - Loaded plugin cadmodel (category:power,tabindex:5)
2026-01-12 15:40:02,779 [INFO] PluginManage:310 - Check plugin clock
2026-01-12 15:40:02,804 [INFO] PluginManage:359 - Loaded plugin clock (category:base,tabindex:2)
2026-01-12 15:40:02,804 [INFO] PluginManage:310 - Check plugin ddr
2026-01-12 15:40:02,806 [INFO] PluginManage:359 - Loaded plugin ddr (category:tool,tabindex:6)
2026-01-12 15:40:02,806 [INFO] PluginManage:310 - Check plugin filemanager
2026-01-12 15:40:02,988 [INFO] PluginManage:359 - Loaded plugin filemanager (category:base,tabindex:10)
2026-01-12 15:40:02,988 [INFO] PluginManage:310 - Check plugin ipmanager
2026-01-12 15:40:02,996 [INFO] PluginManage:359 - Loaded plugin ipmanager (category:base,tabindex:5)
2026-01-12 15:40:02,996 [INFO] PluginManage:310 - Check plugin lpbam
2026-01-12 15:40:03,021 [INFO] PluginManage:359 - Loaded plugin lpbam (category:base,tabindex:0)
2026-01-12 15:40:03,022 [INFO] PluginManage:310 - Check plugin memorymap
2026-01-12 15:40:03,056 [INFO] PluginManage:359 - Loaded plugin memorymap (category:base,tabindex:4)
2026-01-12 15:40:03,056 [INFO] PluginManage:310 - Check plugin pinoutandconfiguration
2026-01-12 15:40:03,084 [INFO] PluginManage:359 - Loaded plugin pinoutandconfiguration (category:base,tabindex:1)
2026-01-12 15:40:03,084 [INFO] PluginManage:310 - Check plugin pinoutconfig
2026-01-12 15:40:03,189 [WARN] SupportedApi:132 - Cannot load RTOS API schema: s4s-elt-must-match.1: The content of 'definitions' must match (annotation?, (simpleType | complexType)?, (unique | key | keyref)*)). A problem was found starting at: attribute.
2026-01-12 15:40:03,363 [INFO] PluginManage:359 - Loaded plugin pinoutconfig (category:base,tabindex:0)
2026-01-12 15:40:03,363 [INFO] PluginManage:310 - Check plugin power
2026-01-12 15:40:03,390 [INFO] PluginManage:359 - Loaded plugin power (category:power,tabindex:4)
2026-01-12 15:40:03,390 [INFO] PluginManage:310 - Check plugin projectmanager
2026-01-12 15:40:03,420 [INFO] PluginManage:359 - Loaded plugin projectmanager (category:projectmanager,tabindex:4)
2026-01-12 15:40:03,421 [INFO] PluginManage:310 - Check plugin rif
2026-01-12 15:40:03,445 [INFO] PluginManage:359 - Loaded plugin rif (category:base,tabindex:3)
2026-01-12 15:40:03,446 [INFO] PluginManage:310 - Check plugin thirdparty
2026-01-12 15:40:03,932 [INFO] PluginManage:359 - Loaded plugin thirdparty (category:base,tabindex:-1)
2026-01-12 15:40:03,932 [WARN] IntegrityCheckThread:84 - waiting for thirdparty lock release [integrity check]
2026-01-12 15:40:03,932 [INFO] PluginManage:310 - Check plugin tools
2026-01-12 15:40:03,932 [INFO] IntegrityCheckThread:86 - entering critical section [integrity check]
2026-01-12 15:40:03,933 [INFO] ThirdPartyUpdaterWithRetryManager:70 - Updater plugin not ready yet. [1/15]
2026-01-12 15:40:03,987 [INFO] PluginManage:359 - Loaded plugin tools (category:base,tabindex:7)
2026-01-12 15:40:03,987 [INFO] PluginManage:310 - Check plugin tutovideos
2026-01-12 15:40:04,327 [INFO] PluginManage:359 - Loaded plugin tutovideos (category:base,tabindex:-1)
2026-01-12 15:40:04,328 [INFO] PluginManage:310 - Check plugin updater
2026-01-12 15:40:04,349 [INFO] PluginManage:359 - Loaded plugin updater (category:base,tabindex:12)
2026-01-12 15:40:04,349 [INFO] PluginManage:310 - Check plugin userauth
2026-01-12 15:40:04,353 [INFO] UserAuth:118 - Init User Auth plugin
2026-01-12 15:40:04,354 [INFO] PluginManage:359 - Loaded plugin userauth (category:base,tabindex:14)
2026-01-12 15:40:04,355 [INFO] PluginManage:283 - PluginManage : Loaded plugins [18]
2026-01-12 15:40:04,628 [INFO] PinOutPanel:1589 - setPackage(No Configuration,No Configuration)
2026-01-12 15:40:04,752 [INFO] CADModel:165 - CPN selected for project level
2026-01-12 15:40:04,752 [INFO] CADModel:114 - Register for checkConnection events
2026-01-12 15:40:04,808 [INFO] IPUIPlugin:80 - create IPUIPlugin
2026-01-12 15:40:04,808 [INFO] PluginManager:220 - loadIPPluginJar : add adc
2026-01-12 15:40:04,872 [INFO] IPUIPlugin:80 - create IPUIPlugin
2026-01-12 15:40:04,872 [INFO] PluginManager:220 - loadIPPluginJar : add aes
2026-01-12 15:40:04,940 [INFO] IPUIPlugin:80 - create IPUIPlugin
2026-01-12 15:40:04,940 [INFO] PluginManager:220 - loadIPPluginJar : add can
2026-01-12 15:40:04,976 [INFO] IPUIPlugin:80 - create IPUIPlugin
2026-01-12 15:40:04,976 [INFO] PluginManager:220 - loadIPPluginJar : add comp
2026-01-12 15:40:05,025 [INFO] IPUIPlugin:80 - create IPUIPlugin
2026-01-12 15:40:05,025 [INFO] PluginManager:220 - loadIPPluginJar : add cryp
2026-01-12 15:40:05,043 [INFO] IPUIPlugin:80 - create IPUIPlugin
2026-01-12 15:40:05,043 [INFO] PluginManager:220 - loadIPPluginJar : add ddr_ctrl_phy
2026-01-12 15:40:05,084 [INFO] IPUIPlugin:80 - create IPUIPlugin
2026-01-12 15:40:05,084 [INFO] PluginManager:220 - loadIPPluginJar : add dfsdm
2026-01-12 15:40:05,103 [INFO] IPUIPlugin:80 - create IPUIPlugin
2026-01-12 15:40:05,103 [INFO] PluginManager:220 - loadIPPluginJar : add dma
2026-01-12 15:40:05,164 [INFO] IPUIPlugin:80 - create IPUIPlugin
2026-01-12 15:40:05,164 [INFO] PluginManager:220 - loadIPPluginJar : add dma3
2026-01-12 15:40:05,228 [INFO] IPUIPlugin:80 - create IPUIPlugin
2026-01-12 15:40:05,229 [INFO] PluginManager:220 - loadIPPluginJar : add extmemmanager
2026-01-12 15:40:05,259 [INFO] IPUIPlugin:80 - create IPUIPlugin
2026-01-12 15:40:05,259 [INFO] PluginManager:220 - loadIPPluginJar : add fatfs
2026-01-12 15:40:05,337 [INFO] IPUIPlugin:80 - create IPUIPlugin
2026-01-12 15:40:05,338 [INFO] PluginManager:220 - loadIPPluginJar : add fmc
2026-01-12 15:40:05,370 [INFO] IPUIPlugin:80 - create IPUIPlugin
2026-01-12 15:40:05,371 [INFO] PluginManager:220 - loadIPPluginJar : add freertos
2026-01-12 15:40:05,410 [INFO] IPUIPlugin:80 - create IPUIPlugin
2026-01-12 15:40:05,410 [INFO] PluginManager:220 - loadIPPluginJar : add genericplugin
2026-01-12 15:40:05,552 [INFO] IPUIPlugin:80 - create IPUIPlugin
2026-01-12 15:40:05,552 [INFO] PluginManager:220 - loadIPPluginJar : add gfxmmu
2026-01-12 15:40:05,712 [INFO] IPUIPlugin:80 - create IPUIPlugin
2026-01-12 15:40:05,713 [INFO] PluginManager:220 - loadIPPluginJar : add gic
2026-01-12 15:40:05,734 [INFO] IPUIPlugin:80 - create IPUIPlugin
2026-01-12 15:40:05,734 [INFO] PluginManager:220 - loadIPPluginJar : add gpio
2026-01-12 15:40:05,871 [INFO] IPUIPlugin:80 - create IPUIPlugin
2026-01-12 15:40:05,872 [INFO] PluginManager:220 - loadIPPluginJar : add gtzc
2026-01-12 15:40:05,920 [INFO] IPUIPlugin:80 - create IPUIPlugin
2026-01-12 15:40:05,921 [INFO] PluginManager:220 - loadIPPluginJar : add hash
2026-01-12 15:40:05,998 [INFO] IPUIPlugin:80 - create IPUIPlugin
2026-01-12 15:40:05,998 [INFO] PluginManager:220 - loadIPPluginJar : add i2c
2026-01-12 15:40:06,047 [INFO] IPUIPlugin:80 - create IPUIPlugin
2026-01-12 15:40:06,047 [INFO] PluginManager:220 - loadIPPluginJar : add i2s
2026-01-12 15:40:06,099 [INFO] IPUIPlugin:80 - create IPUIPlugin
2026-01-12 15:40:06,100 [INFO] PluginManager:220 - loadIPPluginJar : add i3c
2026-01-12 15:40:06,218 [INFO] IPUIPlugin:80 - create IPUIPlugin
2026-01-12 15:40:06,218 [INFO] PluginManager:220 - loadIPPluginJar : add ipddr
2026-01-12 15:40:06,346 [INFO] IPUIPlugin:80 - create IPUIPlugin
2026-01-12 15:40:06,346 [INFO] PluginManager:220 - loadIPPluginJar : add linkedlist
2026-01-12 15:40:06,406 [INFO] IPUIPlugin:80 - create IPUIPlugin
2026-01-12 15:40:06,406 [INFO] PluginManager:220 - loadIPPluginJar : add lorawan
2026-01-12 15:40:06,459 [INFO] IPUIPlugin:80 - create IPUIPlugin
2026-01-12 15:40:06,459 [INFO] PluginManager:220 - loadIPPluginJar : add ltdc
2026-01-12 15:40:06,486 [INFO] IPUIPlugin:80 - create IPUIPlugin
2026-01-12 15:40:06,486 [INFO] PluginManager:220 - loadIPPluginJar : add mdma
2026-01-12 15:40:06,505 [INFO] IPUIPlugin:80 - create IPUIPlugin
2026-01-12 15:40:06,505 [INFO] PluginManager:220 - loadIPPluginJar : add nvic
2026-01-12 15:40:06,562 [INFO] IPUIPlugin:80 - create IPUIPlugin
2026-01-12 15:40:06,562 [INFO] PluginManager:220 - loadIPPluginJar : add opamp
2026-01-12 15:40:06,675 [INFO] IPUIPlugin:80 - create IPUIPlugin
2026-01-12 15:40:06,676 [INFO] PluginManager:220 - loadIPPluginJar : add openamp
2026-01-12 15:40:06,733 [INFO] IPUIPlugin:80 - create IPUIPlugin
2026-01-12 15:40:06,733 [INFO] PluginManager:220 - loadIPPluginJar : add pdm2pcm
2026-01-12 15:40:06,755 [INFO] IPUIPlugin:80 - create IPUIPlugin
2026-01-12 15:40:06,760 [INFO] PluginManager:220 - loadIPPluginJar : add plateformsettings
2026-01-12 15:40:06,810 [INFO] IPUIPlugin:80 - create IPUIPlugin
2026-01-12 15:40:06,810 [INFO] PluginManager:220 - loadIPPluginJar : add quadspi
2026-01-12 15:40:06,857 [INFO] IPUIPlugin:80 - create IPUIPlugin
2026-01-12 15:40:06,857 [INFO] PluginManager:220 - loadIPPluginJar : add radio
2026-01-12 15:40:06,875 [INFO] IPUIPlugin:80 - create IPUIPlugin
2026-01-12 15:40:06,875 [INFO] PluginManager:220 - loadIPPluginJar : add resmgrutility
2026-01-12 15:40:06,942 [INFO] IPUIPlugin:80 - create IPUIPlugin
2026-01-12 15:40:06,942 [INFO] PluginManager:220 - loadIPPluginJar : add sai
2026-01-12 15:40:06,944 [INFO] ThirdPartyUpdaterWithRetryManager:70 - Updater plugin not ready yet. [2/15]
2026-01-12 15:40:07,003 [INFO] IPUIPlugin:80 - create IPUIPlugin
2026-01-12 15:40:07,004 [INFO] PluginManager:220 - loadIPPluginJar : add spi
2026-01-12 15:40:07,099 [INFO] IPUIPlugin:80 - create IPUIPlugin
2026-01-12 15:40:07,099 [INFO] PluginManager:220 - loadIPPluginJar : add stm32_wpan
2026-01-12 15:40:07,139 [INFO] IPUIPlugin:80 - create IPUIPlugin
2026-01-12 15:40:07,140 [INFO] PluginManager:220 - loadIPPluginJar : add tim
2026-01-12 15:40:07,215 [INFO] IPUIPlugin:80 - create IPUIPlugin
2026-01-12 15:40:07,215 [INFO] PluginManager:220 - loadIPPluginJar : add touchsensing
2026-01-12 15:40:07,248 [INFO] IPUIPlugin:80 - create IPUIPlugin
2026-01-12 15:40:07,248 [INFO] PluginManager:220 - loadIPPluginJar : add tracer_emb
2026-01-12 15:40:07,279 [INFO] IPUIPlugin:80 - create IPUIPlugin
2026-01-12 15:40:07,279 [INFO] PluginManager:220 - loadIPPluginJar : add ts
2026-01-12 15:40:07,314 [INFO] IPUIPlugin:80 - create IPUIPlugin
2026-01-12 15:40:07,314 [INFO] PluginManager:220 - loadIPPluginJar : add tsc
2026-01-12 15:40:07,353 [INFO] IPUIPlugin:80 - create IPUIPlugin
2026-01-12 15:40:07,353 [INFO] PluginManager:220 - loadIPPluginJar : add ucpd
2026-01-12 15:40:07,410 [INFO] IPUIPlugin:80 - create IPUIPlugin
2026-01-12 15:40:07,410 [INFO] PluginManager:220 - loadIPPluginJar : add usart
2026-01-12 15:40:07,489 [INFO] IPUIPlugin:80 - create IPUIPlugin
2026-01-12 15:40:07,489 [INFO] PluginManager:220 - loadIPPluginJar : add usbx
2026-01-12 15:40:07,646 [FATAL] Updater:351 - Updater called before beeing initialized
2026-01-12 15:40:07,696 [INFO] RulesReader:64 - Compatibility file has been processed (317 Rules)
2026-01-12 15:40:07,712 [INFO] RulesReader:64 - Compatibility file has been processed (317 Rules)
2026-01-12 15:40:07,736 [INFO] CADModel:165 - CPN selected for project level
2026-01-12 15:40:07,736 [INFO] CADModel:114 - Register for checkConnection events
2026-01-12 15:40:07,736 [FATAL] Updater:351 - Updater called before beeing initialized
2026-01-12 15:40:07,736 [ERROR] CADModel:125 - Updater not yet initialized, retry later 
2026-01-12 15:40:07,948 [FATAL] Updater:351 - Updater called before beeing initialized
2026-01-12 15:40:07,966 [INFO] CADModel:165 - CPN selected for project level
2026-01-12 15:40:07,966 [INFO] CADModel:114 - Register for checkConnection events
2026-01-12 15:40:07,966 [FATAL] Updater:351 - Updater called before beeing initialized
2026-01-12 15:40:07,967 [ERROR] CADModel:125 - Updater not yet initialized, retry later 
2026-01-12 15:40:07,974 [FATAL] Updater:351 - Updater called before beeing initialized
2026-01-12 15:40:08,097 [FATAL] Updater:351 - Updater called before beeing initialized
2026-01-12 15:40:08,110 [INFO] DbMcusAds:53 - JSON generation date=Thu Jan 08 22:57:51 ICT 2026 (1767887871456)
2026-01-12 15:40:08,110 [FATAL] Updater:351 - Updater called before beeing initialized
2026-01-12 15:40:08,147 [WARN] DetailPanel:346 - Failed to get advertising image, set to default
2026-01-12 15:40:08,223 [FATAL] Updater:351 - Updater called before beeing initialized
2026-01-12 15:40:08,225 [FATAL] Updater:351 - Updater called before beeing initialized
2026-01-12 15:40:08,226 [FATAL] Updater:351 - Updater called before beeing initialized
2026-01-12 15:40:08,226 [WARN] DetailPanel:346 - Failed to get advertising image, set to default
2026-01-12 15:40:08,227 [FATAL] Updater:351 - Updater called before beeing initialized
2026-01-12 15:40:08,299 [ERROR] Updater:1198 - MainUpdater not yet initialized. External WinMGr cannot be set.
2026-01-12 15:40:08,311 [INFO] Updater:1134 - Updater Version found : 6.15.0
2026-01-12 15:40:08,332 [INFO] ApplicationProperties:184 - Using Application install path: C:\ST\STM32CubeIDE_1.16.1\STM32CubeIDE\plugins\com.st.stm32cube.common.mx_6.15.0.202507011659
2026-01-12 15:40:09,919 [ERROR] LogOutputStream:75 - [STDERR_REDIRECT] Jan 12, 2026 3:40:09 PM java.util.prefs.WindowsPreferences <init>
2026-01-12 15:40:09,923 [ERROR] LogOutputStream:75 - [STDERR_REDIRECT] WARNING: Could not open/create prefs root node Software\JavaSoft\Prefs at root 0xffffffff80000002. Windows RegCreateKeyEx(...) returned error code 5.
2026-01-12 15:40:09,923 [ERROR] LogOutputStream:75 - [STDERR_REDIRECT] 
2026-01-12 15:40:09,945 [INFO] ThirdPartyUpdaterWithRetryManager:70 - Updater plugin not ready yet. [3/15]
2026-01-12 15:40:10,585 [INFO] MainUpdater:2872 - connection check result : 10
2026-01-12 15:40:10,586 [INFO] MainUpdater:289 - Updater Check For Update Now.
2026-01-12 15:40:10,586 [INFO] MicroXplorer:498 - Change Database Version : DB.6.0.150
2026-01-12 15:40:10,619 [INFO] McuFinderGlobals:63 - Set McuFinder mode to 2 (CubeIDE integrated)
2026-01-12 15:40:10,644 [INFO] UserAuth:487 - Internet connection configuration mode: 1
2026-01-12 15:40:10,706 [INFO] JxBrowserEngine:152 - Initiate JxBrowser Engine with user profile folder
2026-01-12 15:40:10,845 [INFO] CheckServerUpdateThread:120 - End of CheckServer Thread
2026-01-12 15:40:10,855 [INFO] MainUpdater:2872 - connection check result : 10
2026-01-12 15:40:10,864 [INFO] MainUpdater:2872 - connection check result : 10
2026-01-12 15:40:11,100 [INFO] MicroXplorer:468 - Change Database Path : 
2026-01-12 15:40:11,100 [INFO] MicroXplorer:498 - Change Database Version : DB.6.0.150
2026-01-12 15:40:11,109 [WARN] ThirdParty:871 - waiting for thirdparty lock release [close project]
2026-01-12 15:40:12,320 [INFO] WebApp:169 - Instantiating new browser for Auth
2026-01-12 15:40:13,218 [INFO] WebApp:463 - Apply proxy settings
2026-01-12 15:40:13,218 [INFO] WebApp:548 - Chromium requires no authentication
2026-01-12 15:40:13,230 [INFO] WebApp:491 - Direct internet connection detected
2026-01-12 15:40:13,262 [INFO] WebApp:900 - Register for checkConnection events
2026-01-12 15:40:13,263 [INFO] WebApp:463 - Apply proxy settings
2026-01-12 15:40:13,263 [INFO] WebApp:548 - Chromium requires no authentication
2026-01-12 15:40:13,263 [INFO] WebApp:491 - Direct internet connection detected
2026-01-12 15:40:13,270 [WARN] PackLoader:240 - Cannot read IP mode file for STMicroelectronics.FP-SNS-MOTENVWB1.1.4.0
2026-01-12 15:40:13,306 [WARN] PackLoader:240 - Cannot read IP mode file for STMicroelectronics.FP-ATR-ASTRA1.2.0.2
2026-01-12 15:40:13,332 [WARN] PackLoader:240 - Cannot read IP mode file for STMicroelectronics.FP-ATR-ASTRA1.2.0.1
2026-01-12 15:40:13,369 [WARN] PackLoader:240 - Cannot read IP mode file for STMicroelectronics.X-CUBE-SMBUS.2.1.0
2026-01-12 15:40:13,398 [WARN] PackLoader:240 - Cannot read IP mode file for STMicroelectronics.X-CUBE-WB05N.1.1.0
2026-01-12 15:40:13,428 [WARN] PackLoader:240 - Cannot read IP mode file for STMicroelectronics.X-CUBE-ST60.1.0.0
2026-01-12 15:40:13,519 [WARN] PackLoader:240 - Cannot read IP mode file for STMicroelectronics.X-CUBE-AZRTOS-F7.1.1.0
2026-01-12 15:40:13,586 [WARN] PackLoader:240 - Cannot read IP mode file for STMicroelectronics.X-CUBE-MEMS1.11.0.0
2026-01-12 15:40:13,725 [WARN] PackLoader:240 - Cannot read IP mode file for STMicroelectronics.FP-SNS-MOTENV1.5.1.0
2026-01-12 15:40:13,773 [INFO] WebApp:191 - Connection restablished
2026-01-12 15:40:13,776 [WARN] PackLoader:240 - Cannot read IP mode file for STMicroelectronics.FP-SNS-FLIGHT1.5.0.2
2026-01-12 15:40:13,821 [WARN] PackLoader:240 - Cannot read IP mode file for STMicroelectronics.X-CUBE-AZRTOS-H7.3.4.0
2026-01-12 15:40:13,842 [WARN] PackLoader:240 - Cannot read IP mode file for STMicroelectronics.X-CUBE-DISPLAY.3.0.0
2026-01-12 15:40:13,859 [WARN] PackLoader:240 - Cannot read IP mode file for STMicroelectronics.X-CUBE-BLE1.7.0.0
2026-01-12 15:40:13,876 [WARN] PackLoader:240 - Cannot read IP mode file for STMicroelectronics.X-CUBE-NFC10.1.0.0
2026-01-12 15:40:13,895 [WARN] PackLoader:240 - Cannot read IP mode file for STMicroelectronics.X-CUBE-BLEMGR.4.0.0
2026-01-12 15:40:13,913 [WARN] PackLoader:240 - Cannot read IP mode file for STMicroelectronics.X-CUBE-ST60.1.1.0
2026-01-12 15:40:13,932 [WARN] PackLoader:240 - Cannot read IP mode file for emotas.I-CUBE-CANOPEN.1.3.0
2026-01-12 15:40:13,953 [WARN] PackLoader:240 - Cannot read IP mode file for STMicroelectronics.X-CUBE-GNSS1.7.1.0
2026-01-12 15:40:13,984 [WARN] PackLoader:240 - Cannot read IP mode file for STMicroelectronics.X-CUBE-BLEMGR.3.1.0
2026-01-12 15:40:14,004 [WARN] PackLoader:240 - Cannot read IP mode file for STMicroelectronics.X-CUBE-AI.10.0.0
2026-01-12 15:40:14,032 [WARN] PackLoader:240 - Cannot read IP mode file for STMicroelectronics.FP-SNS-STBOX1.2.1.0
2026-01-12 15:40:14,056 [WARN] PackLoader:240 - Cannot read IP mode file for STMicroelectronics.FP-SNS-SMARTAG2.1.2.0
2026-01-12 15:40:14,079 [WARN] PackLoader:240 - Cannot read IP mode file for STMicroelectronics.FP-SNS-FLIGHT1.5.1.0
2026-01-12 15:40:14,159 [WARN] PackLoader:240 - Cannot read IP mode file for STMicroelectronics.X-CUBE-MEMS1.11.1.0
2026-01-12 15:40:14,314 [INFO] LogOutputStream:77 - [STDOUT_REDIRECT] 1 : Invalid condition id : UX_CORESTACK_Condition cause : null
2026-01-12 15:40:14,316 [INFO] LogOutputStream:77 - [STDOUT_REDIRECT] 1 : Invalid condition id : UX_CORESTACK_Condition cause : null
2026-01-12 15:40:14,319 [INFO] LogOutputStream:77 - [STDOUT_REDIRECT] 1 : Invalid condition id : UX_CORESTACK_Condition cause : null
2026-01-12 15:40:14,321 [INFO] LogOutputStream:77 - [STDOUT_REDIRECT] 1 : Invalid condition id : UX_CORESTACK_Condition cause : null
2026-01-12 15:40:14,324 [INFO] LogOutputStream:77 - [STDOUT_REDIRECT] 1 : Invalid condition id : UX_CORESTACK_Condition cause : null
2026-01-12 15:40:14,328 [WARN] PackLoader:240 - Cannot read IP mode file for STMicroelectronics.X-CUBE-AZRTOS-WL.2.0.0
2026-01-12 15:40:14,348 [WARN] PackLoader:240 - Cannot read IP mode file for STMicroelectronics.FP-SNS-MOTENV1.5.0.0
2026-01-12 15:40:14,383 [WARN] PackLoader:240 - Cannot read IP mode file for STMicroelectronics.X-CUBE-AZRTOS-H7RS.1.2.0
2026-01-12 15:40:14,402 [WARN] PackLoader:240 - Cannot read IP mode file for wolfSSL.I-CUBE-wolfMQTT.1.19.0
2026-01-12 15:40:14,431 [WARN] PackLoader:240 - Cannot read IP mode file for WES.I-CUBE-Cesium.1.3.0
2026-01-12 15:40:14,449 [WARN] PackLoader:240 - Cannot read IP mode file for STMicroelectronics.X-CUBE-BLE2.3.3.0
2026-01-12 15:40:14,479 [WARN] PackLoader:240 - Cannot read IP mode file for STMicroelectronics.X-CUBE-NFC9.1.0.0
2026-01-12 15:40:14,497 [WARN] PackLoader:240 - Cannot read IP mode file for STMicroelectronics.X-CUBE-BLE1.7.1.0
2026-01-12 15:40:14,514 [WARN] PackLoader:240 - Cannot read IP mode file for STMicroelectronics.X-CUBE-TCPP.4.1.0
2026-01-12 15:40:14,532 [WARN] PackLoader:240 - Cannot read IP mode file for STMicroelectronics.X-CUBE-FREERTOS.1.4.0
2026-01-12 15:40:14,550 [WARN] PackLoader:240 - Cannot read IP mode file for STMicroelectronics.X-CUBE-EEPRMA1.5.2.0
2026-01-12 15:40:14,570 [WARN] PackLoader:240 - Cannot read IP mode file for STMicroelectronics.X-CUBE-ST67W61.1.1.0
2026-01-12 15:40:14,586 [WARN] PackLoader:240 - Cannot read IP mode file for STMicroelectronics.X-CUBE-AI.10.1.0
2026-01-12 15:40:14,631 [WARN] PackLoader:240 - Cannot read IP mode file for STMicroelectronics.X-CUBE-MEMS1.12.0.0
2026-01-12 15:40:14,729 [WARN] PackLoader:240 - Cannot read IP mode file for STMicroelectronics.X-CUBE-MEMS1.11.2.0
2026-01-12 15:40:14,797 [INFO] WebApp:225 - Starting web application
2026-01-12 15:40:14,797 [INFO] WebApp:593 - Web application path used C:\ST\STM32CubeIDE_1.16.1\STM32CubeIDE\plugins\com.st.stm32cube.common.mx_6.15.0.202507011659\db\plugins\mcufinder\reactClient1\index.html
2026-01-12 15:40:14,884 [WARN] PackLoader:240 - Cannot read IP mode file for STMicroelectronics.X-CUBE-AZRTOS-G0.1.1.0
2026-01-12 15:40:14,908 [WARN] PackLoader:240 - Cannot read IP mode file for STMicroelectronics.X-CUBE-SAFEA1.1.2.2
2026-01-12 15:40:14,936 [WARN] PackLoader:240 - Cannot read IP mode file for STMicroelectronics.X-CUBE-NFC4.3.0.0
2026-01-12 15:40:14,968 [WARN] PackLoader:240 - Cannot read IP mode file for EmbeddedOffice.I-CUBE-FS-RTOS.1.0.1
2026-01-12 15:40:14,989 [WARN] PackLoader:240 - Cannot read IP mode file for STMicroelectronics.X-CUBE-WB05N.2.0.0
2026-01-12 15:40:15,010 [WARN] PackLoader:240 - Cannot read IP mode file for STMicroelectronics.X-CUBE-TCPP.4.2.0
2026-01-12 15:40:15,033 [WARN] PackLoader:240 - Cannot read IP mode file for RealThread.X-CUBE-RT-Thread_Nano.4.1.1
2026-01-12 15:40:15,053 [WARN] PackLoader:240 - Cannot read IP mode file for STMicroelectronics.FP-ATR-SIGFOX1.3.2.0
2026-01-12 15:40:15,075 [WARN] ConditionMgr:438 - getConditionDescription Invalid condition id : Cortex-A Device cause : null
2026-01-12 15:40:15,114 [WARN] ConditionMgr:1044 - genDependencies : Invalid condition id : Cortex-A Device cause : null
2026-01-12 15:40:15,115 [WARN] ConditionMgr:1044 - genDependencies : Invalid condition id : Cortex-A Device cause : null
2026-01-12 15:40:15,115 [WARN] ConditionMgr:1044 - genDependencies : Invalid condition id : Cortex-A Device cause : null
2026-01-12 15:40:15,138 [WARN] PackLoader:240 - Cannot read IP mode file for STMicroelectronics.X-CUBE-EEPRMA1.5.1.0
2026-01-12 15:40:15,156 [WARN] PackLoader:240 - Cannot read IP mode file for wolfSSL.I-CUBE-wolfSSL.5.7.4
2026-01-12 15:40:15,176 [WARN] PackLoader:240 - Cannot read IP mode file for ITTIA_DB.I-CUBE-ITTIADB.8.9.0
2026-01-12 15:40:15,199 [WARN] PackLoader:240 - Cannot read IP mode file for STMicroelectronics.X-CUBE-ST67W61.1.0.0
2026-01-12 15:40:15,218 [WARN] PackLoader:240 - Cannot read IP mode file for STMicroelectronics.X-CUBE-AI.10.2.0
2026-01-12 15:40:15,257 [WARN] PackLoader:240 - Cannot read IP mode file for SEGGER.I-CUBE-embOS.1.3.1
2026-01-12 15:40:15,290 [INFO] UserAuth:487 - Internet connection configuration mode: 1
2026-01-12 15:40:15,299 [WARN] PackLoader:240 - Cannot read IP mode file for STMicroelectronics.X-CUBE-ALGOBUILD.1.4.0
2026-01-12 15:40:15,345 [WARN] PackLoader:240 - Cannot read IP mode file for STMicroelectronics.X-CUBE-MEMS1.11.3.0
2026-01-12 15:40:15,426 [WARN] PackLoader:240 - Cannot read IP mode file for STMicroelectronics.X-CUBE-AI.9.1.0
2026-01-12 15:40:15,443 [WARN] PackLoader:240 - Cannot read IP mode file for STMicroelectronics.X-CUBE-PM33A1.1.0.0
2026-01-12 15:40:15,473 [WARN] PackLoader:240 - Cannot read IP mode file for STMicroelectronics.X-CUBE-AZRTOS-F4.1.1.0
2026-01-12 15:40:15,492 [WARN] PackLoader:240 - Cannot read IP mode file for Avnet-IotConnect.X-CUBE-IoTC-DA16k-PMOD.1.0.0
2026-01-12 15:40:15,511 [WARN] PackLoader:240 - Cannot read IP mode file for STMicroelectronics.X-CUBE-ISPU.2.1.0
2026-01-12 15:40:15,536 [WARN] PackLoader:240 - Cannot read IP mode file for STMicroelectronics.X-CUBE-IPS.3.2.0
2026-01-12 15:40:15,557 [WARN] PackLoader:240 - Cannot read IP mode file for STMicroelectronics.X-CUBE-FREERTOS.1.2.0
2026-01-12 15:40:15,582 [WARN] PackLoader:240 - Cannot read IP mode file for STMicroelectronics.X-CUBE-NFC12.1.0.0
2026-01-12 15:40:15,623 [WARN] PackLoader:240 - Cannot read IP mode file for STMicroelectronics.X-CUBE-AZRTOS-L5.2.0.0
2026-01-12 15:40:15,646 [WARN] PackLoader:240 - Cannot read IP mode file for STMicroelectronics.X-CUBE-NFC6.3.1.0
2026-01-12 15:40:15,670 [WARN] PackLoader:240 - Cannot read IP mode file for STMicroelectronics.X-CUBE-DPower.1.2.0
2026-01-12 15:40:15,696 [WARN] PackLoader:240 - Cannot read IP mode file for STMicroelectronics.X-CUBE-FREERTOS.1.3.1
2026-01-12 15:40:15,718 [WARN] PackLoader:240 - Cannot read IP mode file for STMicroelectronics.X-CUBE-FREERTOS.1.3.0
2026-01-12 15:40:15,737 [WARN] PackLoader:240 - Cannot read IP mode file for STMicroelectronics.X-CUBE-NFC7.1.0.1
2026-01-12 15:40:15,765 [WARN] PackLoader:240 - Cannot read IP mode file for STMicroelectronics.X-CUBE-TOUCHGFX.4.26.0
2026-01-12 15:40:15,783 [WARN] PackLoader:240 - Cannot read IP mode file for STMicroelectronics.FP-SNS-STAIOTCFT.1.0.0
2026-01-12 15:40:15,800 [WARN] PackLoader:240 - Cannot read IP mode file for STMicroelectronics.X-CUBE-DPower.1.3.0
2026-01-12 15:40:15,831 [WARN] ConditionMgr:438 - getConditionDescription Invalid condition id : LAN8742 Phy interface Condition cause : null
2026-01-12 15:40:15,831 [WARN] PackLoader:240 - Cannot read IP mode file for STMicroelectronics.X-CUBE-AZRTOS-L4.2.0.0
2026-01-12 15:40:15,832 [WARN] ConditionMgr:1044 - genDependencies : Invalid condition id : LAN8742 Phy interface Condition cause : null
2026-01-12 15:40:15,832 [WARN] ConditionMgr:1044 - genDependencies : Invalid condition id : LAN8742 Phy interface Condition cause : null
2026-01-12 15:40:15,832 [WARN] ConditionMgr:1044 - genDependencies : Invalid condition id : LAN8742 Phy interface Condition cause : null
2026-01-12 15:40:15,852 [WARN] PackLoader:240 - Cannot read IP mode file for STMicroelectronics.X-CUBE-SFXS2LP1.4.0.0
2026-01-12 15:40:15,884 [WARN] PackLoader:240 - Cannot read IP mode file for STMicroelectronics.X-CUBE-AZRTOS-H7.3.3.0
2026-01-12 15:40:15,908 [WARN] PackLoader:240 - Cannot read IP mode file for STMicroelectronics.X-CUBE-BLEMGR.4.1.0
2026-01-12 15:40:15,932 [WARN] PackLoader:240 - Cannot read IP mode file for STMicroelectronics.X-CUBE-IPS.3.0.0
2026-01-12 15:40:15,968 [WARN] ConditionMgr:438 - getConditionDescription Invalid condition id : UX DEVICE CLASS RTOS Condition cause : null
2026-01-12 15:40:15,969 [WARN] ConditionMgr:438 - getConditionDescription Invalid condition id : UX DEVICE CLASS RTOS Condition cause : null
2026-01-12 15:40:15,970 [WARN] PackLoader:240 - Cannot read IP mode file for STMicroelectronics.X-CUBE-AZRTOS-WB.2.0.0
2026-01-12 15:40:15,970 [WARN] ConditionMgr:1044 - genDependencies : Invalid condition id : UX DEVICE CLASS RTOS Condition cause : null
2026-01-12 15:40:15,970 [WARN] ConditionMgr:1044 - genDependencies : Invalid condition id : UX DEVICE CLASS RTOS Condition cause : null
2026-01-12 15:40:15,970 [WARN] ConditionMgr:1044 - genDependencies : Invalid condition id : UX DEVICE CLASS RTOS Condition cause : null
2026-01-12 15:40:15,971 [WARN] ConditionMgr:1044 - genDependencies : Invalid condition id : UX DEVICE CLASS RTOS Condition cause : null
2026-01-12 15:40:15,971 [WARN] ConditionMgr:1044 - genDependencies : Invalid condition id : UX DEVICE CLASS RTOS Condition cause : null
2026-01-12 15:40:15,988 [WARN] PackLoader:240 - Cannot read IP mode file for STMicroelectronics.X-CUBE-GNSS1.7.0.0
2026-01-12 15:40:16,005 [WARN] PackLoader:240 - Cannot read IP mode file for STMicroelectronics.X-CUBE-GNSS1.7.0.1
2026-01-12 15:40:16,022 [WARN] PackLoader:240 - Cannot read IP mode file for STMicroelectronics.X-CUBE-TOUCHGFX.4.25.0
2026-01-12 15:40:16,040 [WARN] PackLoader:240 - Cannot read IP mode file for STMicroelectronics.FP-SNS-STBOX1.2.0.0
2026-01-12 15:40:16,063 [WARN] PackLoader:240 - Cannot read IP mode file for STMicroelectronics.X-CUBE-SUBG2.5.0.0
2026-01-12 15:40:16,096 [WARN] PackLoader:240 - Cannot read IP mode file for STMicroelectronics.X-CUBE-AZRTOS-H7RS.1.1.0
2026-01-12 15:40:16,114 [WARN] PackLoader:240 - Cannot read IP mode file for Cesanta.I-CUBE-Mongoose.7.13.0
2026-01-12 15:40:16,142 [WARN] PackLoader:240 - Cannot read IP mode file for STMicroelectronics.X-CUBE-AZRTOS-G4.2.0.0
2026-01-12 15:40:16,158 [WARN] PackLoader:240 - Cannot read IP mode file for STMicroelectronics.X-CUBE-NFC7.2.0.0
2026-01-12 15:40:16,178 [WARN] PackLoader:240 - Cannot read IP mode file for STMicroelectronics.X-CUBE-IPS.3.1.0
2026-01-12 15:40:16,197 [WARN] PackLoader:240 - Cannot read IP mode file for STMicroelectronics.X-CUBE-ALS.1.0.2
2026-01-12 15:40:16,212 [WARN] PackLoader:240 - Cannot read IP mode file for STMicroelectronics.X-CUBE-TOUCHGFX.4.24.2
2026-01-12 15:40:16,226 [WARN] PackLoader:240 - Cannot read IP mode file for STMicroelectronics.X-CUBE-TOUCHGFX.4.24.1
2026-01-12 15:40:16,252 [WARN] PackLoader:240 - Cannot read IP mode file for STMicroelectronics.X-CUBE-STSE01.1.0.0
2026-01-12 15:40:16,272 [WARN] PackLoader:240 - Cannot read IP mode file for wolfSSL.I-CUBE-wolfTPM.3.4.0
2026-01-12 15:40:16,291 [WARN] PackLoader:240 - Cannot read IP mode file for portGmbH.I-Cube-SoM-uGOAL.1.1.0
2026-01-12 15:40:16,317 [WARN] PackLoader:240 - Cannot read IP mode file for STMicroelectronics.X-CUBE-AZRTOS-H7RS.1.0.0
2026-01-12 15:40:16,335 [WARN] PackLoader:240 - Cannot read IP mode file for STMicroelectronics.FP-ATR-ASTRA1.2.0.0
2026-01-12 15:40:16,356 [WARN] PackLoader:240 - Cannot read IP mode file for STMicroelectronics.X-CUBE-TOF1.3.4.2
2026-01-12 15:40:16,379 [WARN] PackLoader:240 - Cannot read IP mode file for STMicroelectronics.X-CUBE-TOF1.3.4.3
2026-01-12 15:40:16,409 [WARN] PackLoader:240 - Cannot read IP mode file for Infineon.AIROC-Wi-Fi-Bluetooth-STM32.1.6.1
2026-01-12 15:40:16,425 [WARN] PackLoader:240 - Cannot read IP mode file for wolfSSL.I-CUBE-wolfSSH.1.4.17
2026-01-12 15:40:16,425 [INFO] ThirdParty:978 - Integrity check success = true
2026-01-12 15:40:16,425 [INFO] IntegrityCheckThread:100 - exiting critical section [integrity check]
2026-01-12 15:40:16,425 [INFO] IntegrityCheckThread:103 - End integrity checks thread
2026-01-12 15:40:16,425 [INFO] ThirdParty:873 - entering critical section [close project]
2026-01-12 15:40:16,426 [INFO] ThirdParty:883 - exiting critical section [close project]
2026-01-12 15:40:16,428 [INFO] PinOutPanel:1589 - setPackage(No Configuration,No Configuration)
2026-01-12 15:40:16,429 [INFO] UtilMem:75 - Begin LoadConfig() Used Memory: 312270768 Bytes (350224384)
2026-01-12 15:40:16,430 [INFO] MicroXplorer:468 - Change Database Path : 
2026-01-12 15:40:16,431 [INFO] MicroXplorer:498 - Change Database Version : DB.6.0.150
2026-01-12 15:40:16,431 [INFO] OpenFileManager:355 - Change cursor
2026-01-12 15:40:16,472 [INFO] Mcu:2029 - Initializing MCU STM32F767ZITx STM32F767ZITx STM32F767ZIT6
2026-01-12 15:40:19,572 [INFO] Context:786 - Trying to add GPIOservice into a context  which must be forbidden
2026-01-12 15:40:20,319 [INFO] ImportTextPane:234 - (OptionalMessage_ERROR) Pin15 (VP_RIF_VS_RIF1) cannot be retrieved for this MCU
2026-01-12 15:40:20,593 [INFO] RtosManager:558 - Registered RTOS mode: class=CMSIS, group=RTOS, mode=CMSIS_V1, owner=FREERTOS
2026-01-12 15:40:20,594 [INFO] RtosManager:558 - Registered RTOS mode: class=CMSIS, group=RTOS2, mode=CMSIS_V2, owner=FREERTOS
2026-01-12 15:40:20,594 [INFO] RtosManager:558 - Registered RTOS mode: class=RTOS, group=Core, mode=CMSIS_V1, owner=FREERTOS
2026-01-12 15:40:20,594 [INFO] RtosManager:558 - Registered RTOS mode: class=RTOS, group=Core, mode=CMSIS_V2, owner=FREERTOS
2026-01-12 15:40:20,594 [WARN] ModelIntegratedComponent:184 - Missing modes for component STMicroelectronics:FreeRTOS:0.0.1:STMicroelectronics:RTOS:FreeRTOS:Core:::10.2.0:
2026-01-12 15:40:20,603 [WARN] ModelIntegratedComponent:63 - No mode defined for component null
2026-01-12 15:40:20,605 [WARN] ModelIntegratedComponent:63 - No mode defined for component null
2026-01-12 15:40:20,605 [WARN] ModelIntegratedComponent:63 - No mode defined for component null
2026-01-12 15:40:20,605 [WARN] ModelIntegratedComponent:63 - No mode defined for component null
2026-01-12 15:40:20,605 [WARN] ModelIntegratedComponent:63 - No mode defined for component null
2026-01-12 15:40:20,605 [WARN] ModelIntegratedComponent:63 - No mode defined for component null
2026-01-12 15:40:20,605 [WARN] ModelIntegratedComponent:63 - No mode defined for component null
2026-01-12 15:40:20,605 [WARN] ModelIntegratedComponent:63 - No mode defined for component null
2026-01-12 15:40:20,605 [WARN] ModelIntegratedComponent:63 - No mode defined for component null
2026-01-12 15:40:20,605 [WARN] ModelIntegratedComponent:63 - No mode defined for component null
2026-01-12 15:40:20,605 [WARN] ModelIntegratedComponent:63 - No mode defined for component null
2026-01-12 15:40:20,605 [WARN] ModelIntegratedComponent:63 - No mode defined for component null
2026-01-12 15:40:20,605 [WARN] ModelIntegratedComponent:63 - No mode defined for component null
2026-01-12 15:40:20,605 [WARN] ModelIntegratedComponent:63 - No mode defined for component null
2026-01-12 15:40:20,605 [WARN] ModelIntegratedComponent:63 - No mode defined for component null
2026-01-12 15:40:20,605 [WARN] ModelIntegratedComponent:63 - No mode defined for component null
2026-01-12 15:40:20,605 [WARN] ModelIntegratedComponent:63 - No mode defined for component null
2026-01-12 15:40:20,605 [WARN] ModelIntegratedComponent:63 - No mode defined for component null
2026-01-12 15:40:20,606 [WARN] ModelIntegratedComponent:63 - No mode defined for component null
2026-01-12 15:40:20,606 [WARN] ModelIntegratedComponent:63 - No mode defined for component null
2026-01-12 15:40:20,606 [WARN] ModelIntegratedComponent:63 - No mode defined for component null
2026-01-12 15:40:20,606 [WARN] ModelIntegratedComponent:63 - No mode defined for component null
2026-01-12 15:40:20,606 [WARN] ModelIntegratedComponent:63 - No mode defined for component null
2026-01-12 15:40:20,606 [WARN] ModelIntegratedComponent:63 - No mode defined for component null
2026-01-12 15:40:20,606 [WARN] ModelIntegratedComponent:63 - No mode defined for component null
2026-01-12 15:40:20,606 [WARN] ModelIntegratedComponent:63 - No mode defined for component null
2026-01-12 15:40:20,606 [WARN] ModelIntegratedComponent:63 - No mode defined for component null
2026-01-12 15:40:20,606 [WARN] ModelIntegratedComponent:63 - No mode defined for component null
2026-01-12 15:40:20,606 [WARN] ModelIntegratedComponent:63 - No mode defined for component null
2026-01-12 15:40:20,606 [WARN] ModelIntegratedComponent:63 - No mode defined for component null
2026-01-12 15:40:20,606 [WARN] ModelIntegratedComponent:63 - No mode defined for component null
2026-01-12 15:40:20,606 [WARN] ModelIntegratedComponent:63 - No mode defined for component null
2026-01-12 15:40:20,606 [WARN] ModelIntegratedComponent:63 - No mode defined for component null
2026-01-12 15:40:20,606 [WARN] ModelIntegratedComponent:63 - No mode defined for component null
2026-01-12 15:40:20,606 [WARN] ModelIntegratedComponent:63 - No mode defined for component null
2026-01-12 15:40:20,607 [WARN] ModelPack:524 - Component already loaded: STMicroelectronics:HAL Drivers:0.0.0:STMicroelectronics:Device:STMicro_Driver:XSPI:HAL::0.0.1:HAL_XSPI
2026-01-12 15:40:20,907 [INFO] ThirdPartyModel:298 - Start build external matchings
2026-01-12 15:40:22,440 [INFO] ThirdPartyModel:316 - End build external matchings
2026-01-12 15:40:22,495 [WARN] IP:2250 - Warning not found: check if there is a RefParameter without a condition.
2026-01-12 15:40:22,495 [WARN] IP:2250 - RxBufferAddress not found: check if there is a RefParameter without a condition.
2026-01-12 15:40:22,496 [WARN] IP:2250 - DESC_SIZE_UNIT not found: check if there is a RefParameter without a condition.
2026-01-12 15:40:22,498 [WARN] IP:2250 - CMSIS_VERSION not found: check if there is a RefParameter without a condition.
2026-01-12 15:40:22,504 [WARN] IP:2250 - LWIP_NETIF_HOSTNAME_NAME not found: check if there is a RefParameter without a condition.
2026-01-12 15:40:22,529 [INFO] ImportTextPane:234 - (OptionalMessage_ERROR) IP (RCC) : Invalid parameter (FamilyName)
2026-01-12 15:40:22,530 [INFO] ImportTextPane:234 - (OptionalMessage_ERROR) IP (RCC) : Parameter (RNGFreq_Value) has invalid value (216000000)
2026-01-12 15:40:22,530 [INFO] ImportTextPane:234 - (OptionalMessage_ERROR) IP (RCC) : Parameter (SDMMC2Freq_Value) has invalid value (216000000)
2026-01-12 15:40:22,530 [INFO] ImportTextPane:234 - (OptionalMessage_ERROR) IP (RCC) : Parameter (SDMMCFreq_Value) has invalid value (216000000)
2026-01-12 15:40:22,530 [INFO] ImportTextPane:234 - (OptionalMessage_ERROR) IP (RCC) : Parameter (USBFreq_Value) has invalid value (216000000)
2026-01-12 15:40:24,592 [INFO] ApiDb:581 - Connected to CubeFinder SQLite database (C:\Users\Chinnapop\.stmcufinder\plugins\mcufinder\mcu\cube-finder-db.db)
2026-01-12 15:40:24,789 [INFO] ApiDb:668 - CubeFinder database Data Model version=2.1
2026-01-12 15:40:24,789 [INFO] ApiDb:669 - CubeFinder database Configuration version=3.0.39
2026-01-12 15:40:24,790 [INFO] ApiDb:670 - CubeFinder database generation date=2025-12-22 (1766407740)
2026-01-12 15:40:24,790 [INFO] ApiDb:671 - CubeFinder database FW Pack versions=[FP-ATR-ASTRA1_V2.0.0, FP-SNS-FLIGHT1_V5.1.0, FP-SNS-MOTENV1_V5.1.0, FP-SNS-MOTENVWB1_V1.4.0, FP-SNS-SMARTAG2_V1.2.0, FP-SNS-STBOX1_V2.1.0, STM32Cube_FW_C0_V1.4.0, STM32Cube_FW_F4_V1.28.3, STM32Cube_FW_F7_V1.17.4, STM32Cube_FW_G0_V1.6.2, STM32Cube_FW_G4_V1.6.1, STM32Cube_FW_H5_V1.5.1, STM32Cube_FW_H7RS_V1.3.0, STM32Cube_FW_H7_V1.12.1, STM32Cube_FW_L0_V1.12.2, STM32Cube_FW_L4_V1.18.1, STM32Cube_FW_L5_V1.6.0, STM32Cube_FW_N6_V1.3.0, STM32Cube_FW_U0_V1.3.0, STM32Cube_FW_U3_V1.2.1, STM32Cube_FW_U5_V1.8.0, STM32Cube_FW_WB0_V1.4.0, STM32Cube_FW_WBA_V1.8.0, STM32Cube_FW_WB_V1.24.0, STM32Cube_FW_WL3_V1.3.0, STM32Cube_FW_WL_V1.4.0, X-CUBE-ALGOBUILD_V1.4.0, X-CUBE-ALS_V1.0.2, X-CUBE-AZRTOS-F4_V1.1.0, X-CUBE-AZRTOS-F7_V1.1.0, X-CUBE-AZRTOS-G0_V1.1.0, X-CUBE-AZRTOS-G4_V2.0.0, X-CUBE-AZRTOS-H7RS_V1.1.0, X-CUBE-AZRTOS-H7_V3.4.0, X-CUBE-AZRTOS-L4_V2.0.0, X-CUBE-AZRTOS-L5_V2.0.0, X-CUBE-AZRTOS-WB_V2.0.0, X-CUBE-AZRTOS-WL_V2.0.0, X-CUBE-BLE1_V7.1.0, X-CUBE-BLE2_V3.3.0, X-CUBE-BLEMGR_V4.1.0, X-CUBE-EEPRMA1_V5.2.0, X-CUBE-FREERTOS_V1.3.1, X-CUBE-GNSS1_V6.0.0, X-CUBE-MEMS1_V12.0.0, X-CUBE-NFC4_V3.0.0, X-CUBE-NFC7_V2.0.0, X-CUBE-SFXS2LP1_V4.0.0, X-CUBE-ST67W61_V1.1.0, X-CUBE-SUBG2_V5.0.0, X-CUBE-TOF1_V3.4.3]
2026-01-12 15:40:25,025 [INFO] DbBoardsSqlite:226 - include board P-NUCLEO-WB55-NUCLEO as a kit item of type 'Nucleo-64'
2026-01-12 15:40:25,026 [INFO] DbBoardsSqlite:226 - include board P-NUCLEO-WB55-USBDONGLE as a kit item of type 'Nucleo USB Dongle'
2026-01-12 15:40:25,029 [INFO] DbBoardsSqlite:226 - include board STEVAL-IDP005V1 as a kit item of type 'Evaluation Board'
2026-01-12 15:40:25,030 [INFO] DbBoardsSqlite:226 - include board STEVAL-IDP005V2 as a kit item of type 'Evaluation Board'
2026-01-12 15:40:25,914 [INFO] ApiDb:240 - Found 880 in-development CPN: [B-G473E-ZEST1S, B-WB1M-WPAN1, B-WBA5M-WPAN, B-WL5M-SUBG1, NUCLEO-C031C6, NUCLEO-C051C8, NUCLEO-C071RB, NUCLEO-C092RC, NUCLEO-H503RB, NUCLEO-H533RE, NUCLEO-H563ZI, NUCLEO-H7S3L8, NUCLEO-N657X0-Q, NUCLEO-U031R8, NUCLEO-U083RC, NUCLEO-U385RG-Q, NUCLEO-U545RE-Q, NUCLEO-U5A5ZJ-Q, NUCLEO-WB05KZ, NUCLEO-WB07CC, NUCLEO-WB09KE, NUCLEO-WBA52CG, NUCLEO-WBA55CG, NUCLEO-WL33CC1, NUCLEO-WL33CC2, STEVAL-PROTEUS1, STEVAL-SMARTAG2, STEVAL-STWINBX1, STM320518-EVAL, STM32C0116-DK, STM32C011D6Y3TR, STM32C011D6Y6TR, STM32C011F4P3, STM32C011F4P6, STM32C011F4U3, STM32C011F4U6TR, STM32C011F6P3, STM32C011F6P6, STM32C011F6U3, STM32C011F6U6TR, STM32C011J4M3, STM32C011J4M6, STM32C011J6M3, STM32C011J6M6, STM32C0316-DK, STM32C031C4T3, STM32C031C4T6, STM32C031C4U3, STM32C031C4U6, STM32C031C6T3, STM32C031C6T6, STM32C031C6U3, STM32C031C6U6, STM32C031F4P3, STM32C031F4P6, STM32C031F6P3, STM32C031F6P6, STM32C031G4U3, STM32C031G4U6, STM32C031G6U3, STM32C031G6U6, STM32C031K4T3, STM32C031K4T6, STM32C031K4U3, STM32C031K4U6, STM32C031K6T3, STM32C031K6T6, STM32C031K6U3, STM32C031K6U6, STM32C051C6T6, STM32C051C6U6, STM32C051C8T6, STM32C051C8U6, STM32C051D8Y6TR, STM32C051F6P6, STM32C051F8P6, STM32C051G6U6, STM32C051G8U6, STM32C051K6T6, STM32C051K6U6, STM32C051K8T6, STM32C071C8T6, STM32C071C8T6N, STM32C071C8U6, STM32C071C8U6N, STM32C071CBT6, STM32C071CBT6N, STM32C071CBU6, STM32C071CBU6N, STM32C071F8P6, STM32C071F8P6N, STM32C071FBP6, STM32C071FBP6N, STM32C071FBY6TR, STM32C071G8U6, STM32C071G8U6N, STM32C071GBU6, STM32C071GBU6N, STM32C071K8T6, STM32C071K8T6N, STM32C071K8U6, STM32C071K8U6N, STM32C071KBT6, STM32C071KBT6N, STM32C071KBU6, STM32C071KBU6N, STM32C071R8T6, STM32C071R8T6N, STM32C071RBI6N, STM32C071RBT6, STM32C071RBT6N, STM32C091CBT6, STM32C091CBU6, STM32C091CCT6, STM32C091CCU6, STM32C091ECY6TR, STM32C091FBP6, STM32C091FCP6, STM32C091GBU6, STM32C091GCU6, STM32C091KBT6, STM32C091KBU6, STM32C091KCT6, STM32C091KCU6, STM32C091RBT6, STM32C091RCI6, STM32C091RCT6, STM32C092CBT6, STM32C092CBU6, STM32C092CCT6, STM32C092CCU6, STM32C092ECY6TR, STM32C092FBP6, STM32C092FCP6, STM32C092GBU6, STM32C092GCU6, STM32C092KBT6, STM32C092KBU6, STM32C092KCT6, STM32C092KCU6, STM32C092RBT6, STM32C092RCI6, STM32C092RCT6, STM32G071K8TXN, STM32G071K8UXN, STM32G081GBU6N, STM32G081KBT6N, STM32G081KBUXN, STM32G0B1CCT6N, STM32G0B1KCT6, STM32G0B1NEY6TR, STM32G0B1RCT6N, STM32G0C1CCT6, STM32G0C1CCT6N, STM32G0C1CCU6N, STM32G0C1CET6N, STM32G0C1CEU6N, STM32G0C1KCT6, STM32G0C1NEY6TR, STM32G0C1RCI6N, STM32G0C1RCT6N, STM32G0C1REI6N, STM32G0C1RET6N, STM32G0C1VCI6, STM32G0C1VEI6, STM32G411C6T3, STM32G411C6T6, STM32G411C6U3, STM32G411C6U6, STM32G411C8T3, STM32G411C8T6, STM32G411C8U3, STM32G411C8U6, STM32G411CBT3, STM32G411CBT6, STM32G411CBU3, STM32G411CBU6, STM32G411K6T3, STM32G411K6T6, STM32G411K6U3, STM32G411K6U6, STM32G411K8T3, STM32G411K8T6, STM32G411K8U3, STM32G411K8U6, STM32G411KBT3, STM32G411KBT6, STM32G411KBU3, STM32G411KBU6, STM32G411M6T3, STM32G411M6T6, STM32G411M8T3, STM32G411M8T6, STM32G411MBT3, STM32G411MBT6, STM32G411R6T3, STM32G411R6T6, STM32G411R8T3, STM32G411R8T6, STM32G411RBT3, STM32G411RBT6, STM32G414CBT3, STM32G414CBT6, STM32G414CBU3, STM32G414CBU6, STM32G414CCT3, STM32G414CCT6, STM32G414CCU3, STM32G414CCU6, STM32G414MBT3, STM32G414MBT6, STM32G414MCT3, STM32G414MCT6, STM32G414RBT3, STM32G414RBT6, STM32G414RCT3, STM32G414RCT6, STM32G414VBT3, STM32G414VBT6, STM32G414VCT3, STM32G414VCT6, STM32G431CBT3Z, STM32G431RBT3Z, STM32G471CCT6, STM32G471CCU6, STM32G471CET3, STM32G471CET6, STM32G471CEU3, STM32G471CEU6, STM32G471MCT6, STM32G471MET3, STM32G471MET6, STM32G471MEY6TR, STM32G471QCT6, STM32G471QET3, STM32G471RCT6, STM32G471RET3, STM32G471RET6, STM32G471VCH6, STM32G471VCI6, STM32G471VCT6, STM32G471VEH3, STM32G471VEH6, STM32G471VEI3, STM32G471VEI6, STM32G471VET3, STM32G471VET6, STM32G473QET3Z, STM32G473RET3Z, STM32G474CCT6, STM32G491RET3Z, STM32H503CBT6, STM32H503CBU6, STM32H503EBY6TR, STM32H503KBU6, STM32H503RBT6, STM32H523CCT6, STM32H523CCU6, STM32H523CET6, STM32H523CEU6, STM32H523HEY6TR, STM32H523RCT6, STM32H523RET6, STM32H523VCI6, STM32H523VCT6, STM32H523VEI6, STM32H523VET6, STM32H523ZCJ6, STM32H523ZCT6, STM32H523ZEJ6, STM32H523ZET6, STM32H533CET6, STM32H533CEU6, STM32H533HEY6TR, STM32H533RET6, STM32H533VEI6, STM32H533VET6, STM32H533ZEJ6, STM32H533ZET6, STM32H562AGI6, STM32H562AII6, STM32H562IGK6, STM32H562IGT6, STM32H562IIK6, STM32H562IIT6, STM32H562RGT6, STM32H562RGV6, STM32H562RIT6, STM32H562RIV6, STM32H562VGT6, STM32H562VIT6, STM32H562ZGT6, STM32H562ZIT6, STM32H563AGI6, STM32H563AII3Q, STM32H563AII6, STM32H563IGK6, STM32H563IGT6, STM32H563IIK3Q, STM32H563IIK6, STM32H563IIT3Q, STM32H563IIT6, STM32H563MIY3QTR, STM32H563RGT6, STM32H563RGV6, STM32H563RIT6, STM32H563RIV6, STM32H563VGT6, STM32H563VIT3Q, STM32H563VIT6, STM32H563ZGT6, STM32H563ZIT3Q, STM32H563ZIT6, STM32H573AII3Q, STM32H573AII6, STM32H573I-DK, STM32H573IIK3Q, STM32H573IIK6, STM32H573IIT3Q, STM32H573IIT6, STM32H573MIY3QTR, STM32H573RIT6, STM32H573RIV6, STM32H573VIT3Q, STM32H573VIT6, STM32H573ZIT3Q, STM32H573ZIT6, STM32H7R3A8I6, STM32H7R3I8K6, STM32H7R3I8T6, STM32H7R3L8H6, STM32H7R3L8H6H, STM32H7R3R8V6, STM32H7R3V8H6, STM32H7R3V8T6, STM32H7R3V8Y6TR, STM32H7R3Z8J6, STM32H7R3Z8T6, STM32H7R7A8I6, STM32H7R7I8K6, STM32H7R7I8T6, STM32H7R7L8H6, STM32H7R7L8H6H, STM32H7R7Z8J6, STM32H7S3A8I6, STM32H7S3I8K6, STM32H7S3I8T6, STM32H7S3L8H6, STM32H7S3L8H6H, STM32H7S3R8V6, STM32H7S3V8H6, STM32H7S3V8T6, STM32H7S3V8Y6TR, STM32H7S3Z8J6, STM32H7S3Z8T6, STM32H7S78-DK, STM32H7S7A8I6, STM32H7S7I8K6, STM32H7S7I8T6, STM32H7S7L8H6, STM32H7S7L8H6H, STM32H7S7Z8J6, STM32L4R5QGI6STR, STM32MP131AAE3, STM32MP131AAF3, STM32MP131AAG3, STM32MP131CAE3, STM32MP131CAF3, STM32MP131CAG3, STM32MP131DAE7, STM32MP131DAF7, STM32MP131DAG7, STM32MP131FAE7, STM32MP131FAF7, STM32MP131FAG7, STM32MP133AAE3, STM32MP133AAF3, STM32MP133AAG3, STM32MP133CAE3, STM32MP133CAF3, STM32MP133CAG3, STM32MP133DAE7, STM32MP133DAF7, STM32MP133DAG7, STM32MP133FAE7, STM32MP133FAF7, STM32MP133FAG7, STM32MP135AAE3, STM32MP135AAF3, STM32MP135AAG3, STM32MP135CAE3, STM32MP135CAF3, STM32MP135CAG3, STM32MP135DAE7, STM32MP135DAF7, STM32MP135DAG7, STM32MP135F-DK, STM32MP135FAE7, STM32MP135FAF7, STM32MP135FAF7T, STM32MP135FAF7U, STM32MP135FAG7, STM32MP211AAL3, STM32MP211AAM3, STM32MP211AAN3, STM32MP211AAO3, STM32MP211CAL3, STM32MP211CAM3, STM32MP211CAN3, STM32MP211CAO3, STM32MP211DAL3, STM32MP211DAM3, STM32MP211DAN3, STM32MP211DAO3, STM32MP211FAL3, STM32MP211FAM3, STM32MP211FAN3, STM32MP211FAO3, STM32MP213AAL3, STM32MP213AAM3, STM32MP213AAN3, STM32MP213AAO3, STM32MP213CAL3, STM32MP213CAM3, STM32MP213CAN3, STM32MP213CAO3, STM32MP213DAL3, STM32MP213DAM3, STM32MP213DAN3, STM32MP213DAO3, STM32MP213FAL3, STM32MP213FAM3, STM32MP213FAN3, STM32MP213FAO3, STM32MP215AAL3, STM32MP215AAM3, STM32MP215AAN3, STM32MP215AAO3, STM32MP215CAL3, STM32MP215CAM3, STM32MP215CAN3, STM32MP215CAO3, STM32MP215DAL3, STM32MP215DAM3, STM32MP215DAN3, STM32MP215DAO3, STM32MP215F-DK, STM32MP215FAL3, STM32MP215FAM3, STM32MP215FAN3, STM32MP215FAO3, STM32MP231AAJ3, STM32MP231AAK3, STM32MP231AAL3, STM32MP231CAJ3, STM32MP231CAK3, STM32MP231CAL3, STM32MP231DAJ3, STM32MP231DAK3, STM32MP231DAL3, STM32MP231FAJ3, STM32MP231FAK3, STM32MP231FAL3, STM32MP233AAJ3, STM32MP233AAK3, STM32MP233AAL3, STM32MP233CAJ3, STM32MP233CAK3, STM32MP233CAL3, STM32MP233DAJ3, STM32MP233DAK3, STM32MP233DAL3, STM32MP233FAJ3, STM32MP233FAK3, STM32MP233FAL3, STM32MP235AAJ3, STM32MP235AAK3, STM32MP235AAL3, STM32MP235CAJ3, STM32MP235CAK3, STM32MP235CAL3, STM32MP235DAJ3, STM32MP235DAK3, STM32MP235DAL3, STM32MP235FAJ3, STM32MP235FAK3, STM32MP235FAL3, STM32MP251AAI3, STM32MP251AAK3, STM32MP251AAL3, STM32MP251CAI3, STM32MP251CAK3, STM32MP251CAL3, STM32MP251DAI3, STM32MP251DAK3, STM32MP251DAL3, STM32MP251FAI3, STM32MP251FAK3, STM32MP251FAL3, STM32MP253AAI3, STM32MP253AAK3, STM32MP253AAL3, STM32MP253CAI3, STM32MP253CAK3, STM32MP253CAL3, STM32MP253DAI3, STM32MP253DAK3, STM32MP253DAL3, STM32MP253FAI3, STM32MP253FAK3, STM32MP253FAL3, STM32MP255AAI3, STM32MP255AAK3, STM32MP255AAL3, STM32MP255CAI3, STM32MP255CAK3, STM32MP255CAL3, STM32MP255DAI3, STM32MP255DAK3, STM32MP255DAL3, STM32MP255FAI3, STM32MP255FAK3, STM32MP255FAL3, STM32MP257AAI3, STM32MP257AAK3, STM32MP257AAL3, STM32MP257CAI3, STM32MP257CAK3, STM32MP257CAL3, STM32MP257DAI3, STM32MP257DAK3, STM32MP257DAL3, STM32MP257F-DK, STM32MP257F-EV1, STM32MP257FAI3, STM32MP257FAK3, STM32MP257FAL3, STM32N645A0H3Q, STM32N645B0H3Q, STM32N645I0H3Q, STM32N645L0H3Q, STM32N645X0H3Q, STM32N645Z0H3Q, STM32N647A0H3Q, STM32N647B0H3Q, STM32N647I0H3Q, STM32N647L0H3Q, STM32N647X0H3Q, STM32N647Z0H3Q, STM32N655A0H3Q, STM32N655B0H3Q, STM32N655I0H3Q, STM32N655L0H3Q, STM32N655X0H3Q, STM32N655Z0H3Q, STM32N6570-DK, STM32N657A0H3Q, STM32N657B0H3Q, STM32N657I0H3Q, STM32N657L0H3Q, STM32N657X0H3Q, STM32N657Z0H3Q, STM32U031C6T6, STM32U031C6U6, STM32U031C8T6, STM32U031C8U6, STM32U031F4P6, STM32U031F6P6, STM32U031F8P6, STM32U031G6Y6TR, STM32U031G8Y6TR, STM32U031K4U6, STM32U031K6U6, STM32U031K8U6, STM32U031R6I6, STM32U031R6T6, STM32U031R8I6, STM32U031R8T6, STM32U073C8T6, STM32U073C8U6, STM32U073CBT6, STM32U073CBU6, STM32U073CCT6, STM32U073CCU6, STM32U073H8Y6TR, STM32U073HBY6TR, STM32U073HCY6TR, STM32U073K8U6, STM32U073KBU6, STM32U073KCU6, STM32U073M8I6, STM32U073M8T6, STM32U073MBI6, STM32U073MBT6, STM32U073MCI6, STM32U073MCT6, STM32U073R8I6, STM32U073R8T6, STM32U073RBI6, STM32U073RBT6, STM32U073RCI6, STM32U073RCT6, STM32U083C-DK, STM32U083CCT6, STM32U083CCU6, STM32U083HCY6TR, STM32U083KCU6, STM32U083MCI6, STM32U083MCT6, STM32U083RCI6, STM32U083RCT6, STM32U375CET6, STM32U375CET6Q, STM32U375CEU6, STM32U375CEU6Q, STM32U375CEY6QTR, STM32U375CGT6, STM32U375CGT6Q, STM32U375CGU6, STM32U375CGU6Q, STM32U375CGY6QTR, STM32U375KEU6, STM32U375KGU6, STM32U375REI6, STM32U375REI6Q, STM32U375RET6, STM32U375RET6Q, STM32U375REY6GTR, STM32U375REY6QTR, STM32U375RGI6, STM32U375RGI6Q, STM32U375RGT6, STM32U375RGT6Q, STM32U375RGY6GTR, STM32U375RGY6QTR, STM32U375VEI6, STM32U375VEI6Q, STM32U375VET6, STM32U375VET6Q, STM32U375VGI6, STM32U375VGI6Q, STM32U375VGT6, STM32U375VGT6Q, STM32U385CGT6, STM32U385CGT6Q, STM32U385CGU6, STM32U385CGU6Q, STM32U385CGY6QTR, STM32U385KGU6, STM32U385RGI6, STM32U385RGI6Q, STM32U385RGT6, STM32U385RGT6Q, STM32U385RGY6GTR, STM32U385RGY6QTR, STM32U385VGI6, STM32U385VGI6Q, STM32U385VGT6, STM32U385VGT6Q, STM32U535CBT6, STM32U535CBT6Q, STM32U535CBU6, STM32U535CBU6Q, STM32U535CCT6, STM32U535CCT6Q, STM32U535CCU6, STM32U535CCU6Q, STM32U535CET6, STM32U535CET6Q, STM32U535CEU6, STM32U535CEU6Q, STM32U535JEY6QTR, STM32U535NCY6QTR, STM32U535NEY6QTR, STM32U535RBI6, STM32U535RBI6Q, STM32U535RBT6, STM32U535RBT6Q, STM32U535RCI6, STM32U535RCI6Q, STM32U535RCT6, STM32U535RCT6Q, STM32U535REI6, STM32U535REI6Q, STM32U535RET6, STM32U535RET6Q, STM32U535VCI6, STM32U535VCI6Q, STM32U535VCT6, STM32U535VCT6Q, STM32U535VEI6, STM32U535VEI6Q, STM32U535VET6, STM32U535VET6Q, STM32U545CET6, STM32U545CET6Q, STM32U545CEU6, STM32U545CEU6Q, STM32U545JEY6QTR, STM32U545NEY6QTR, STM32U545REI6, STM32U545REI6Q, STM32U545RET6, STM32U545RET6Q, STM32U545VEI6, STM32U545VEI6Q, STM32U545VET6, STM32U545VET6Q, STM32U595AIH6, STM32U595AIH6Q, STM32U595AJH6, STM32U595AJH6Q, STM32U595QII6, STM32U595QII6Q, STM32U595QJI6, STM32U595QJI6Q, STM32U595RIT6, STM32U595RIT6Q, STM32U595RJT6, STM32U595RJT6Q, STM32U595VIT6, STM32U595VIT6Q, STM32U595VJT6, STM32U595VJT6Q, STM32U595ZIT6, STM32U595ZIT6Q, STM32U595ZIY6QTR, STM32U595ZJT6, STM32U595ZJT6Q, STM32U595ZJY6QTR, STM32U599BJY6QTR, STM32U599NIH6Q, STM32U599NJH6Q, STM32U599VIT6Q, STM32U599VJT6, STM32U599VJT6Q, STM32U599ZIT6Q, STM32U599ZIY6QTR, STM32U599ZJT6Q, STM32U599ZJY6QTR, STM32U5A5AJH6, STM32U5A5AJH6Q, STM32U5A5QII3Q , STM32U5A5QJI6, STM32U5A5QJI6Q, STM32U5A5RJT6, STM32U5A5RJT6Q, STM32U5A5VJT6, STM32U5A5VJT6Q, STM32U5A5ZJT6, STM32U5A5ZJT6Q, STM32U5A5ZJY6QTR, STM32U5A9BJY6QTR, STM32U5A9J-DK, STM32U5A9NJH6Q, STM32U5A9VJT6Q, STM32U5A9ZJT6Q, STM32U5A9ZJY6QTR, STM32U5F7VIT6, STM32U5F7VIT6Q, STM32U5F7VJT6, STM32U5F7VJT6Q, STM32U5F9BJY6QTR, STM32U5F9NJH6Q, STM32U5F9VIT6Q, STM32U5F9VJT6Q, STM32U5F9ZIJ6QTR, STM32U5F9ZIT6Q, STM32U5F9ZJJ6QTR, STM32U5F9ZJT6Q, STM32U5G7VJT6, STM32U5G7VJT6Q, STM32U5G9BJY6QTR, STM32U5G9J-DK1, STM32U5G9J-DK2, STM32U5G9NJH6Q, STM32U5G9VJT6Q, STM32U5G9ZJJ6QTR, STM32U5G9ZJT6Q, STM32WB05KZV6TR, STM32WB05KZV7TR, STM32WB05TZF6TR, STM32WB05TZF7TR, STM32WB06CCF6TR, STM32WB06CCF7TR, STM32WB06CCV6TR, STM32WB06CCV7TR, STM32WB06KCV6TR, STM32WB06KCV7TR, STM32WB07CCF6TR, STM32WB07CCF7TR, STM32WB07CCV6TR, STM32WB07CCV7TR, STM32WB07KCV6TR, STM32WB07KCV7TR, STM32WB09KEV6TR, STM32WB09KEV7TR, STM32WB09TEF6TR, STM32WB09TEF7TR, STM32WB1MMCH6, STM32WBA50KGU6, STM32WBA50KGU6TR, STM32WBA52CEU6, STM32WBA52CEU6TR, STM32WBA52CEU7, STM32WBA52CEU7TR, STM32WBA52CGU6, STM32WBA52CGU6TR, STM32WBA52CGU6U, STM32WBA52CGU7, STM32WBA52CGU7TR, STM32WBA52KEU6, STM32WBA52KEU6TR, STM32WBA52KGU6, STM32WBA52KGU6TR, STM32WBA54CEU6, STM32WBA54CEU6TR, STM32WBA54CEU7, STM32WBA54CEU7TR, STM32WBA54CGU6, STM32WBA54CGU6TR, STM32WBA54CGU7, STM32WBA54CGU7TR, STM32WBA54KEU6, STM32WBA54KEU6TR, STM32WBA54KEU7, STM32WBA54KEU7TR, STM32WBA54KGU6, STM32WBA54KGU6TR, STM32WBA54KGU7, STM32WBA54KGU7TR, STM32WBA55CEU6, STM32WBA55CEU6TR, STM32WBA55CEU7, STM32WBA55CEU7TR, STM32WBA55CGU6, STM32WBA55CGU6TR, STM32WBA55CGU6U, STM32WBA55CGU7, STM32WBA55CGU7TR, STM32WBA55G-DK1, STM32WBA55HEF6, STM32WBA55HEF7, STM32WBA55HGF6, STM32WBA55HGF7, STM32WBA55UEI6, STM32WBA55UEI6TR, STM32WBA55UEI7, STM32WBA55UEI7TR, STM32WBA55UGI6, STM32WBA55UGI6TR, STM32WBA55UGI7, STM32WBA55UGI7TR, STM32WBA5MMGH6TR, STM32WBA62MGF6, STM32WBA62MIF6, STM32WBA65MGF7, STM32WBA65MIF6, STM32WBA65MIF7, STM32WL30K8V6, STM32WL30KBV6, STM32WL31C8V6, STM32WL31CBV6, STM32WL31K8V6, STM32WL31KBV6, STM32WL33C8V6, STM32WL33C8V6X, STM32WL33CBV6, STM32WL33CBV6X, STM32WL33CCV6, STM32WL33CCV6A, STM32WL33CCV6X, STM32WL33K8V7, STM32WL33K8V7X, STM32WL33KBV7 , STM32WL33KBV7X, STM32WL33KCV7, STM32WL33KCV7X, STM32WL5MOCH6, STM32WL5MOCH6TR]
2026-01-12 15:40:25,924 [INFO] ApiDb:668 - CubeFinder database Data Model version=2.1
2026-01-12 15:40:25,924 [INFO] ApiDb:669 - CubeFinder database Configuration version=3.0.39
2026-01-12 15:40:25,925 [INFO] ApiDb:670 - CubeFinder database generation date=2025-12-22 (1766407740)
2026-01-12 15:40:25,925 [INFO] ApiDb:671 - CubeFinder database FW Pack versions=[FP-ATR-ASTRA1_V2.0.0, FP-SNS-FLIGHT1_V5.1.0, FP-SNS-MOTENV1_V5.1.0, FP-SNS-MOTENVWB1_V1.4.0, FP-SNS-SMARTAG2_V1.2.0, FP-SNS-STBOX1_V2.1.0, STM32Cube_FW_C0_V1.4.0, STM32Cube_FW_F4_V1.28.3, STM32Cube_FW_F7_V1.17.4, STM32Cube_FW_G0_V1.6.2, STM32Cube_FW_G4_V1.6.1, STM32Cube_FW_H5_V1.5.1, STM32Cube_FW_H7RS_V1.3.0, STM32Cube_FW_H7_V1.12.1, STM32Cube_FW_L0_V1.12.2, STM32Cube_FW_L4_V1.18.1, STM32Cube_FW_L5_V1.6.0, STM32Cube_FW_N6_V1.3.0, STM32Cube_FW_U0_V1.3.0, STM32Cube_FW_U3_V1.2.1, STM32Cube_FW_U5_V1.8.0, STM32Cube_FW_WB0_V1.4.0, STM32Cube_FW_WBA_V1.8.0, STM32Cube_FW_WB_V1.24.0, STM32Cube_FW_WL3_V1.3.0, STM32Cube_FW_WL_V1.4.0, X-CUBE-ALGOBUILD_V1.4.0, X-CUBE-ALS_V1.0.2, X-CUBE-AZRTOS-F4_V1.1.0, X-CUBE-AZRTOS-F7_V1.1.0, X-CUBE-AZRTOS-G0_V1.1.0, X-CUBE-AZRTOS-G4_V2.0.0, X-CUBE-AZRTOS-H7RS_V1.1.0, X-CUBE-AZRTOS-H7_V3.4.0, X-CUBE-AZRTOS-L4_V2.0.0, X-CUBE-AZRTOS-L5_V2.0.0, X-CUBE-AZRTOS-WB_V2.0.0, X-CUBE-AZRTOS-WL_V2.0.0, X-CUBE-BLE1_V7.1.0, X-CUBE-BLE2_V3.3.0, X-CUBE-BLEMGR_V4.1.0, X-CUBE-EEPRMA1_V5.2.0, X-CUBE-FREERTOS_V1.3.1, X-CUBE-GNSS1_V6.0.0, X-CUBE-MEMS1_V12.0.0, X-CUBE-NFC4_V3.0.0, X-CUBE-NFC7_V2.0.0, X-CUBE-SFXS2LP1_V4.0.0, X-CUBE-ST67W61_V1.1.0, X-CUBE-SUBG2_V5.0.0, X-CUBE-TOF1_V3.4.3]
2026-01-12 15:40:28,542 [INFO] ApiDb:240 - Found 880 in-development CPN: [B-G473E-ZEST1S, B-WB1M-WPAN1, B-WBA5M-WPAN, B-WL5M-SUBG1, NUCLEO-C031C6, NUCLEO-C051C8, NUCLEO-C071RB, NUCLEO-C092RC, NUCLEO-H503RB, NUCLEO-H533RE, NUCLEO-H563ZI, NUCLEO-H7S3L8, NUCLEO-N657X0-Q, NUCLEO-U031R8, NUCLEO-U083RC, NUCLEO-U385RG-Q, NUCLEO-U545RE-Q, NUCLEO-U5A5ZJ-Q, NUCLEO-WB05KZ, NUCLEO-WB07CC, NUCLEO-WB09KE, NUCLEO-WBA52CG, NUCLEO-WBA55CG, NUCLEO-WL33CC1, NUCLEO-WL33CC2, STEVAL-PROTEUS1, STEVAL-SMARTAG2, STEVAL-STWINBX1, STM320518-EVAL, STM32C0116-DK, STM32C011D6Y3TR, STM32C011D6Y6TR, STM32C011F4P3, STM32C011F4P6, STM32C011F4U3, STM32C011F4U6TR, STM32C011F6P3, STM32C011F6P6, STM32C011F6U3, STM32C011F6U6TR, STM32C011J4M3, STM32C011J4M6, STM32C011J6M3, STM32C011J6M6, STM32C0316-DK, STM32C031C4T3, STM32C031C4T6, STM32C031C4U3, STM32C031C4U6, STM32C031C6T3, STM32C031C6T6, STM32C031C6U3, STM32C031C6U6, STM32C031F4P3, STM32C031F4P6, STM32C031F6P3, STM32C031F6P6, STM32C031G4U3, STM32C031G4U6, STM32C031G6U3, STM32C031G6U6, STM32C031K4T3, STM32C031K4T6, STM32C031K4U3, STM32C031K4U6, STM32C031K6T3, STM32C031K6T6, STM32C031K6U3, STM32C031K6U6, STM32C051C6T6, STM32C051C6U6, STM32C051C8T6, STM32C051C8U6, STM32C051D8Y6TR, STM32C051F6P6, STM32C051F8P6, STM32C051G6U6, STM32C051G8U6, STM32C051K6T6, STM32C051K6U6, STM32C051K8T6, STM32C071C8T6, STM32C071C8T6N, STM32C071C8U6, STM32C071C8U6N, STM32C071CBT6, STM32C071CBT6N, STM32C071CBU6, STM32C071CBU6N, STM32C071F8P6, STM32C071F8P6N, STM32C071FBP6, STM32C071FBP6N, STM32C071FBY6TR, STM32C071G8U6, STM32C071G8U6N, STM32C071GBU6, STM32C071GBU6N, STM32C071K8T6, STM32C071K8T6N, STM32C071K8U6, STM32C071K8U6N, STM32C071KBT6, STM32C071KBT6N, STM32C071KBU6, STM32C071KBU6N, STM32C071R8T6, STM32C071R8T6N, STM32C071RBI6N, STM32C071RBT6, STM32C071RBT6N, STM32C091CBT6, STM32C091CBU6, STM32C091CCT6, STM32C091CCU6, STM32C091ECY6TR, STM32C091FBP6, STM32C091FCP6, STM32C091GBU6, STM32C091GCU6, STM32C091KBT6, STM32C091KBU6, STM32C091KCT6, STM32C091KCU6, STM32C091RBT6, STM32C091RCI6, STM32C091RCT6, STM32C092CBT6, STM32C092CBU6, STM32C092CCT6, STM32C092CCU6, STM32C092ECY6TR, STM32C092FBP6, STM32C092FCP6, STM32C092GBU6, STM32C092GCU6, STM32C092KBT6, STM32C092KBU6, STM32C092KCT6, STM32C092KCU6, STM32C092RBT6, STM32C092RCI6, STM32C092RCT6, STM32G071K8TXN, STM32G071K8UXN, STM32G081GBU6N, STM32G081KBT6N, STM32G081KBUXN, STM32G0B1CCT6N, STM32G0B1KCT6, STM32G0B1NEY6TR, STM32G0B1RCT6N, STM32G0C1CCT6, STM32G0C1CCT6N, STM32G0C1CCU6N, STM32G0C1CET6N, STM32G0C1CEU6N, STM32G0C1KCT6, STM32G0C1NEY6TR, STM32G0C1RCI6N, STM32G0C1RCT6N, STM32G0C1REI6N, STM32G0C1RET6N, STM32G0C1VCI6, STM32G0C1VEI6, STM32G411C6T3, STM32G411C6T6, STM32G411C6U3, STM32G411C6U6, STM32G411C8T3, STM32G411C8T6, STM32G411C8U3, STM32G411C8U6, STM32G411CBT3, STM32G411CBT6, STM32G411CBU3, STM32G411CBU6, STM32G411K6T3, STM32G411K6T6, STM32G411K6U3, STM32G411K6U6, STM32G411K8T3, STM32G411K8T6, STM32G411K8U3, STM32G411K8U6, STM32G411KBT3, STM32G411KBT6, STM32G411KBU3, STM32G411KBU6, STM32G411M6T3, STM32G411M6T6, STM32G411M8T3, STM32G411M8T6, STM32G411MBT3, STM32G411MBT6, STM32G411R6T3, STM32G411R6T6, STM32G411R8T3, STM32G411R8T6, STM32G411RBT3, STM32G411RBT6, STM32G414CBT3, STM32G414CBT6, STM32G414CBU3, STM32G414CBU6, STM32G414CCT3, STM32G414CCT6, STM32G414CCU3, STM32G414CCU6, STM32G414MBT3, STM32G414MBT6, STM32G414MCT3, STM32G414MCT6, STM32G414RBT3, STM32G414RBT6, STM32G414RCT3, STM32G414RCT6, STM32G414VBT3, STM32G414VBT6, STM32G414VCT3, STM32G414VCT6, STM32G431CBT3Z, STM32G431RBT3Z, STM32G471CCT6, STM32G471CCU6, STM32G471CET3, STM32G471CET6, STM32G471CEU3, STM32G471CEU6, STM32G471MCT6, STM32G471MET3, STM32G471MET6, STM32G471MEY6TR, STM32G471QCT6, STM32G471QET3, STM32G471RCT6, STM32G471RET3, STM32G471RET6, STM32G471VCH6, STM32G471VCI6, STM32G471VCT6, STM32G471VEH3, STM32G471VEH6, STM32G471VEI3, STM32G471VEI6, STM32G471VET3, STM32G471VET6, STM32G473QET3Z, STM32G473RET3Z, STM32G474CCT6, STM32G491RET3Z, STM32H503CBT6, STM32H503CBU6, STM32H503EBY6TR, STM32H503KBU6, STM32H503RBT6, STM32H523CCT6, STM32H523CCU6, STM32H523CET6, STM32H523CEU6, STM32H523HEY6TR, STM32H523RCT6, STM32H523RET6, STM32H523VCI6, STM32H523VCT6, STM32H523VEI6, STM32H523VET6, STM32H523ZCJ6, STM32H523ZCT6, STM32H523ZEJ6, STM32H523ZET6, STM32H533CET6, STM32H533CEU6, STM32H533HEY6TR, STM32H533RET6, STM32H533VEI6, STM32H533VET6, STM32H533ZEJ6, STM32H533ZET6, STM32H562AGI6, STM32H562AII6, STM32H562IGK6, STM32H562IGT6, STM32H562IIK6, STM32H562IIT6, STM32H562RGT6, STM32H562RGV6, STM32H562RIT6, STM32H562RIV6, STM32H562VGT6, STM32H562VIT6, STM32H562ZGT6, STM32H562ZIT6, STM32H563AGI6, STM32H563AII3Q, STM32H563AII6, STM32H563IGK6, STM32H563IGT6, STM32H563IIK3Q, STM32H563IIK6, STM32H563IIT3Q, STM32H563IIT6, STM32H563MIY3QTR, STM32H563RGT6, STM32H563RGV6, STM32H563RIT6, STM32H563RIV6, STM32H563VGT6, STM32H563VIT3Q, STM32H563VIT6, STM32H563ZGT6, STM32H563ZIT3Q, STM32H563ZIT6, STM32H573AII3Q, STM32H573AII6, STM32H573I-DK, STM32H573IIK3Q, STM32H573IIK6, STM32H573IIT3Q, STM32H573IIT6, STM32H573MIY3QTR, STM32H573RIT6, STM32H573RIV6, STM32H573VIT3Q, STM32H573VIT6, STM32H573ZIT3Q, STM32H573ZIT6, STM32H7R3A8I6, STM32H7R3I8K6, STM32H7R3I8T6, STM32H7R3L8H6, STM32H7R3L8H6H, STM32H7R3R8V6, STM32H7R3V8H6, STM32H7R3V8T6, STM32H7R3V8Y6TR, STM32H7R3Z8J6, STM32H7R3Z8T6, STM32H7R7A8I6, STM32H7R7I8K6, STM32H7R7I8T6, STM32H7R7L8H6, STM32H7R7L8H6H, STM32H7R7Z8J6, STM32H7S3A8I6, STM32H7S3I8K6, STM32H7S3I8T6, STM32H7S3L8H6, STM32H7S3L8H6H, STM32H7S3R8V6, STM32H7S3V8H6, STM32H7S3V8T6, STM32H7S3V8Y6TR, STM32H7S3Z8J6, STM32H7S3Z8T6, STM32H7S78-DK, STM32H7S7A8I6, STM32H7S7I8K6, STM32H7S7I8T6, STM32H7S7L8H6, STM32H7S7L8H6H, STM32H7S7Z8J6, STM32L4R5QGI6STR, STM32MP131AAE3, STM32MP131AAF3, STM32MP131AAG3, STM32MP131CAE3, STM32MP131CAF3, STM32MP131CAG3, STM32MP131DAE7, STM32MP131DAF7, STM32MP131DAG7, STM32MP131FAE7, STM32MP131FAF7, STM32MP131FAG7, STM32MP133AAE3, STM32MP133AAF3, STM32MP133AAG3, STM32MP133CAE3, STM32MP133CAF3, STM32MP133CAG3, STM32MP133DAE7, STM32MP133DAF7, STM32MP133DAG7, STM32MP133FAE7, STM32MP133FAF7, STM32MP133FAG7, STM32MP135AAE3, STM32MP135AAF3, STM32MP135AAG3, STM32MP135CAE3, STM32MP135CAF3, STM32MP135CAG3, STM32MP135DAE7, STM32MP135DAF7, STM32MP135DAG7, STM32MP135F-DK, STM32MP135FAE7, STM32MP135FAF7, STM32MP135FAF7T, STM32MP135FAF7U, STM32MP135FAG7, STM32MP211AAL3, STM32MP211AAM3, STM32MP211AAN3, STM32MP211AAO3, STM32MP211CAL3, STM32MP211CAM3, STM32MP211CAN3, STM32MP211CAO3, STM32MP211DAL3, STM32MP211DAM3, STM32MP211DAN3, STM32MP211DAO3, STM32MP211FAL3, STM32MP211FAM3, STM32MP211FAN3, STM32MP211FAO3, STM32MP213AAL3, STM32MP213AAM3, STM32MP213AAN3, STM32MP213AAO3, STM32MP213CAL3, STM32MP213CAM3, STM32MP213CAN3, STM32MP213CAO3, STM32MP213DAL3, STM32MP213DAM3, STM32MP213DAN3, STM32MP213DAO3, STM32MP213FAL3, STM32MP213FAM3, STM32MP213FAN3, STM32MP213FAO3, STM32MP215AAL3, STM32MP215AAM3, STM32MP215AAN3, STM32MP215AAO3, STM32MP215CAL3, STM32MP215CAM3, STM32MP215CAN3, STM32MP215CAO3, STM32MP215DAL3, STM32MP215DAM3, STM32MP215DAN3, STM32MP215DAO3, STM32MP215F-DK, STM32MP215FAL3, STM32MP215FAM3, STM32MP215FAN3, STM32MP215FAO3, STM32MP231AAJ3, STM32MP231AAK3, STM32MP231AAL3, STM32MP231CAJ3, STM32MP231CAK3, STM32MP231CAL3, STM32MP231DAJ3, STM32MP231DAK3, STM32MP231DAL3, STM32MP231FAJ3, STM32MP231FAK3, STM32MP231FAL3, STM32MP233AAJ3, STM32MP233AAK3, STM32MP233AAL3, STM32MP233CAJ3, STM32MP233CAK3, STM32MP233CAL3, STM32MP233DAJ3, STM32MP233DAK3, STM32MP233DAL3, STM32MP233FAJ3, STM32MP233FAK3, STM32MP233FAL3, STM32MP235AAJ3, STM32MP235AAK3, STM32MP235AAL3, STM32MP235CAJ3, STM32MP235CAK3, STM32MP235CAL3, STM32MP235DAJ3, STM32MP235DAK3, STM32MP235DAL3, STM32MP235FAJ3, STM32MP235FAK3, STM32MP235FAL3, STM32MP251AAI3, STM32MP251AAK3, STM32MP251AAL3, STM32MP251CAI3, STM32MP251CAK3, STM32MP251CAL3, STM32MP251DAI3, STM32MP251DAK3, STM32MP251DAL3, STM32MP251FAI3, STM32MP251FAK3, STM32MP251FAL3, STM32MP253AAI3, STM32MP253AAK3, STM32MP253AAL3, STM32MP253CAI3, STM32MP253CAK3, STM32MP253CAL3, STM32MP253DAI3, STM32MP253DAK3, STM32MP253DAL3, STM32MP253FAI3, STM32MP253FAK3, STM32MP253FAL3, STM32MP255AAI3, STM32MP255AAK3, STM32MP255AAL3, STM32MP255CAI3, STM32MP255CAK3, STM32MP255CAL3, STM32MP255DAI3, STM32MP255DAK3, STM32MP255DAL3, STM32MP255FAI3, STM32MP255FAK3, STM32MP255FAL3, STM32MP257AAI3, STM32MP257AAK3, STM32MP257AAL3, STM32MP257CAI3, STM32MP257CAK3, STM32MP257CAL3, STM32MP257DAI3, STM32MP257DAK3, STM32MP257DAL3, STM32MP257F-DK, STM32MP257F-EV1, STM32MP257FAI3, STM32MP257FAK3, STM32MP257FAL3, STM32N645A0H3Q, STM32N645B0H3Q, STM32N645I0H3Q, STM32N645L0H3Q, STM32N645X0H3Q, STM32N645Z0H3Q, STM32N647A0H3Q, STM32N647B0H3Q, STM32N647I0H3Q, STM32N647L0H3Q, STM32N647X0H3Q, STM32N647Z0H3Q, STM32N655A0H3Q, STM32N655B0H3Q, STM32N655I0H3Q, STM32N655L0H3Q, STM32N655X0H3Q, STM32N655Z0H3Q, STM32N6570-DK, STM32N657A0H3Q, STM32N657B0H3Q, STM32N657I0H3Q, STM32N657L0H3Q, STM32N657X0H3Q, STM32N657Z0H3Q, STM32U031C6T6, STM32U031C6U6, STM32U031C8T6, STM32U031C8U6, STM32U031F4P6, STM32U031F6P6, STM32U031F8P6, STM32U031G6Y6TR, STM32U031G8Y6TR, STM32U031K4U6, STM32U031K6U6, STM32U031K8U6, STM32U031R6I6, STM32U031R6T6, STM32U031R8I6, STM32U031R8T6, STM32U073C8T6, STM32U073C8U6, STM32U073CBT6, STM32U073CBU6, STM32U073CCT6, STM32U073CCU6, STM32U073H8Y6TR, STM32U073HBY6TR, STM32U073HCY6TR, STM32U073K8U6, STM32U073KBU6, STM32U073KCU6, STM32U073M8I6, STM32U073M8T6, STM32U073MBI6, STM32U073MBT6, STM32U073MCI6, STM32U073MCT6, STM32U073R8I6, STM32U073R8T6, STM32U073RBI6, STM32U073RBT6, STM32U073RCI6, STM32U073RCT6, STM32U083C-DK, STM32U083CCT6, STM32U083CCU6, STM32U083HCY6TR, STM32U083KCU6, STM32U083MCI6, STM32U083MCT6, STM32U083RCI6, STM32U083RCT6, STM32U375CET6, STM32U375CET6Q, STM32U375CEU6, STM32U375CEU6Q, STM32U375CEY6QTR, STM32U375CGT6, STM32U375CGT6Q, STM32U375CGU6, STM32U375CGU6Q, STM32U375CGY6QTR, STM32U375KEU6, STM32U375KGU6, STM32U375REI6, STM32U375REI6Q, STM32U375RET6, STM32U375RET6Q, STM32U375REY6GTR, STM32U375REY6QTR, STM32U375RGI6, STM32U375RGI6Q, STM32U375RGT6, STM32U375RGT6Q, STM32U375RGY6GTR, STM32U375RGY6QTR, STM32U375VEI6, STM32U375VEI6Q, STM32U375VET6, STM32U375VET6Q, STM32U375VGI6, STM32U375VGI6Q, STM32U375VGT6, STM32U375VGT6Q, STM32U385CGT6, STM32U385CGT6Q, STM32U385CGU6, STM32U385CGU6Q, STM32U385CGY6QTR, STM32U385KGU6, STM32U385RGI6, STM32U385RGI6Q, STM32U385RGT6, STM32U385RGT6Q, STM32U385RGY6GTR, STM32U385RGY6QTR, STM32U385VGI6, STM32U385VGI6Q, STM32U385VGT6, STM32U385VGT6Q, STM32U535CBT6, STM32U535CBT6Q, STM32U535CBU6, STM32U535CBU6Q, STM32U535CCT6, STM32U535CCT6Q, STM32U535CCU6, STM32U535CCU6Q, STM32U535CET6, STM32U535CET6Q, STM32U535CEU6, STM32U535CEU6Q, STM32U535JEY6QTR, STM32U535NCY6QTR, STM32U535NEY6QTR, STM32U535RBI6, STM32U535RBI6Q, STM32U535RBT6, STM32U535RBT6Q, STM32U535RCI6, STM32U535RCI6Q, STM32U535RCT6, STM32U535RCT6Q, STM32U535REI6, STM32U535REI6Q, STM32U535RET6, STM32U535RET6Q, STM32U535VCI6, STM32U535VCI6Q, STM32U535VCT6, STM32U535VCT6Q, STM32U535VEI6, STM32U535VEI6Q, STM32U535VET6, STM32U535VET6Q, STM32U545CET6, STM32U545CET6Q, STM32U545CEU6, STM32U545CEU6Q, STM32U545JEY6QTR, STM32U545NEY6QTR, STM32U545REI6, STM32U545REI6Q, STM32U545RET6, STM32U545RET6Q, STM32U545VEI6, STM32U545VEI6Q, STM32U545VET6, STM32U545VET6Q, STM32U595AIH6, STM32U595AIH6Q, STM32U595AJH6, STM32U595AJH6Q, STM32U595QII6, STM32U595QII6Q, STM32U595QJI6, STM32U595QJI6Q, STM32U595RIT6, STM32U595RIT6Q, STM32U595RJT6, STM32U595RJT6Q, STM32U595VIT6, STM32U595VIT6Q, STM32U595VJT6, STM32U595VJT6Q, STM32U595ZIT6, STM32U595ZIT6Q, STM32U595ZIY6QTR, STM32U595ZJT6, STM32U595ZJT6Q, STM32U595ZJY6QTR, STM32U599BJY6QTR, STM32U599NIH6Q, STM32U599NJH6Q, STM32U599VIT6Q, STM32U599VJT6, STM32U599VJT6Q, STM32U599ZIT6Q, STM32U599ZIY6QTR, STM32U599ZJT6Q, STM32U599ZJY6QTR, STM32U5A5AJH6, STM32U5A5AJH6Q, STM32U5A5QII3Q , STM32U5A5QJI6, STM32U5A5QJI6Q, STM32U5A5RJT6, STM32U5A5RJT6Q, STM32U5A5VJT6, STM32U5A5VJT6Q, STM32U5A5ZJT6, STM32U5A5ZJT6Q, STM32U5A5ZJY6QTR, STM32U5A9BJY6QTR, STM32U5A9J-DK, STM32U5A9NJH6Q, STM32U5A9VJT6Q, STM32U5A9ZJT6Q, STM32U5A9ZJY6QTR, STM32U5F7VIT6, STM32U5F7VIT6Q, STM32U5F7VJT6, STM32U5F7VJT6Q, STM32U5F9BJY6QTR, STM32U5F9NJH6Q, STM32U5F9VIT6Q, STM32U5F9VJT6Q, STM32U5F9ZIJ6QTR, STM32U5F9ZIT6Q, STM32U5F9ZJJ6QTR, STM32U5F9ZJT6Q, STM32U5G7VJT6, STM32U5G7VJT6Q, STM32U5G9BJY6QTR, STM32U5G9J-DK1, STM32U5G9J-DK2, STM32U5G9NJH6Q, STM32U5G9VJT6Q, STM32U5G9ZJJ6QTR, STM32U5G9ZJT6Q, STM32WB05KZV6TR, STM32WB05KZV7TR, STM32WB05TZF6TR, STM32WB05TZF7TR, STM32WB06CCF6TR, STM32WB06CCF7TR, STM32WB06CCV6TR, STM32WB06CCV7TR, STM32WB06KCV6TR, STM32WB06KCV7TR, STM32WB07CCF6TR, STM32WB07CCF7TR, STM32WB07CCV6TR, STM32WB07CCV7TR, STM32WB07KCV6TR, STM32WB07KCV7TR, STM32WB09KEV6TR, STM32WB09KEV7TR, STM32WB09TEF6TR, STM32WB09TEF7TR, STM32WB1MMCH6, STM32WBA50KGU6, STM32WBA50KGU6TR, STM32WBA52CEU6, STM32WBA52CEU6TR, STM32WBA52CEU7, STM32WBA52CEU7TR, STM32WBA52CGU6, STM32WBA52CGU6TR, STM32WBA52CGU6U, STM32WBA52CGU7, STM32WBA52CGU7TR, STM32WBA52KEU6, STM32WBA52KEU6TR, STM32WBA52KGU6, STM32WBA52KGU6TR, STM32WBA54CEU6, STM32WBA54CEU6TR, STM32WBA54CEU7, STM32WBA54CEU7TR, STM32WBA54CGU6, STM32WBA54CGU6TR, STM32WBA54CGU7, STM32WBA54CGU7TR, STM32WBA54KEU6, STM32WBA54KEU6TR, STM32WBA54KEU7, STM32WBA54KEU7TR, STM32WBA54KGU6, STM32WBA54KGU6TR, STM32WBA54KGU7, STM32WBA54KGU7TR, STM32WBA55CEU6, STM32WBA55CEU6TR, STM32WBA55CEU7, STM32WBA55CEU7TR, STM32WBA55CGU6, STM32WBA55CGU6TR, STM32WBA55CGU6U, STM32WBA55CGU7, STM32WBA55CGU7TR, STM32WBA55G-DK1, STM32WBA55HEF6, STM32WBA55HEF7, STM32WBA55HGF6, STM32WBA55HGF7, STM32WBA55UEI6, STM32WBA55UEI6TR, STM32WBA55UEI7, STM32WBA55UEI7TR, STM32WBA55UGI6, STM32WBA55UGI6TR, STM32WBA55UGI7, STM32WBA55UGI7TR, STM32WBA5MMGH6TR, STM32WBA62MGF6, STM32WBA62MIF6, STM32WBA65MGF7, STM32WBA65MIF6, STM32WBA65MIF7, STM32WL30K8V6, STM32WL30KBV6, STM32WL31C8V6, STM32WL31CBV6, STM32WL31K8V6, STM32WL31KBV6, STM32WL33C8V6, STM32WL33C8V6X, STM32WL33CBV6, STM32WL33CBV6X, STM32WL33CCV6, STM32WL33CCV6A, STM32WL33CCV6X, STM32WL33K8V7, STM32WL33K8V7X, STM32WL33KBV7 , STM32WL33KBV7X, STM32WL33KCV7, STM32WL33KCV7X, STM32WL5MOCH6, STM32WL5MOCH6TR]
2026-01-12 15:40:28,551 [INFO] DbMcus:218 - Found 4876 MCUs, 4876 are supported
2026-01-12 15:40:28,551 [INFO] ApiDb:423 - Load user favorites file C:\Users\Chinnapop/.stm32cubeide/favorites.mcus.txt: 0 item(s)
2026-01-12 15:40:28,551 [INFO] ApiDb:427 - User favorites MCUs=[]
2026-01-12 15:40:28,551 [INFO] DbMcus:224 - Set 0 / 0 favorites MCUs
2026-01-12 15:40:30,010 [INFO] BoardInfo:889 - No configuration file found for board P-NUCLEO-WB55
2026-01-12 15:40:30,012 [INFO] DbBoards:161 - Kit is not supported: P-NUCLEO-WB55
2026-01-12 15:40:30,029 [INFO] BoardInfo:889 - No configuration file found for board STEVAL-BFA001V1B
2026-01-12 15:40:30,032 [INFO] DbBoards:161 - Kit is not supported: STEVAL-BFA001V1B
2026-01-12 15:40:30,034 [INFO] BoardInfo:889 - No configuration file found for board STEVAL-BFA001V2B
2026-01-12 15:40:30,036 [INFO] DbBoards:161 - Kit is not supported: STEVAL-BFA001V2B
2026-01-12 15:40:30,379 [INFO] DbBoards:168 - Found 212 boards, 209 are supported
2026-01-12 15:40:30,379 [INFO] DbBoards:169 - Found 212 boards, 43 of them is supported for  Bsp
2026-01-12 15:40:30,385 [INFO] ApiDb:423 - Load user favorites file C:\Users\Chinnapop/.stm32cubeide/favorites.boards.txt: 0 item(s)
2026-01-12 15:40:30,385 [INFO] ApiDb:427 - User favorites Boards=[]
2026-01-12 15:40:30,386 [INFO] DbBoards:198 - Set 0 / 0 favorites Boards
2026-01-12 15:40:30,440 [INFO] UtilMem:75 - End LoadConfig() Used Memory: 406747104 Bytes (482344960)
2026-01-12 15:40:30,737 [WARN] ThirdParty:833 - waiting for thirdparty lock release [change project]
2026-01-12 15:40:30,737 [INFO] ThirdParty:835 - entering critical section [change project]
2026-01-12 15:40:30,737 [INFO] ThirdParty:1030 - CMSIS Pack Vendor :STMicroelectronics X-CUBE-PM33A1 1.0.0
2026-01-12 15:40:30,737 [INFO] ThirdParty:1030 - CMSIS Pack Vendor :STMicroelectronics USBPD 4.1
2026-01-12 15:40:30,737 [INFO] ThirdParty:1030 - CMSIS Pack Vendor :STMicroelectronics USB_HOST 2.0.0
2026-01-12 15:40:30,737 [INFO] ThirdParty:1030 - CMSIS Pack Vendor :STMicroelectronics FP-SNS-MOTENVWB1 1.4.0
2026-01-12 15:40:30,737 [INFO] ThirdParty:1030 - CMSIS Pack Vendor :STMicroelectronics X-CUBE-AZRTOS-F4 1.1.0
2026-01-12 15:40:30,737 [INFO] ThirdParty:1030 - CMSIS Pack Vendor :STMicroelectronics LIBJPEG 8.0.0
2026-01-12 15:40:30,737 [INFO] ThirdParty:1030 - CMSIS Pack Vendor :STMicroelectronics FP-ATR-ASTRA1 2.0.2
2026-01-12 15:40:30,737 [INFO] ThirdParty:1030 - CMSIS Pack Vendor :STMicroelectronics FP-ATR-ASTRA1 2.0.1
2026-01-12 15:40:30,738 [INFO] ThirdParty:1030 - CMSIS Pack Vendor :Avnet-IotConnect X-CUBE-IoTC-DA16k-PMOD 1.0.0
2026-01-12 15:40:30,738 [INFO] ThirdParty:1030 - CMSIS Pack Vendor :STMicroelectronics X-CUBE-SMBUS 2.1.0
2026-01-12 15:40:30,738 [INFO] ThirdParty:1030 - CMSIS Pack Vendor :STMicroelectronics X-CUBE-WB05N 1.1.0
2026-01-12 15:40:30,738 [INFO] ThirdParty:1030 - CMSIS Pack Vendor :STMicroelectronics X-CUBE-ISPU 2.1.0
2026-01-12 15:40:30,738 [INFO] ThirdParty:1030 - CMSIS Pack Vendor :STMicroelectronics X-CUBE-IPS 3.2.0
2026-01-12 15:40:30,738 [INFO] ThirdParty:1030 - CMSIS Pack Vendor :STMicroelectronics X-CUBE-FREERTOS 1.2.0
2026-01-12 15:40:30,738 [INFO] ThirdParty:1030 - CMSIS Pack Vendor :STMicroelectronics X-CUBE-ST60 1.0.0
2026-01-12 15:40:30,738 [INFO] ThirdParty:1030 - CMSIS Pack Vendor :STMicroelectronics X-CUBE-NFC12 1.0.0
2026-01-12 15:40:30,738 [INFO] ThirdParty:1030 - CMSIS Pack Vendor :STMicroelectronics X-CUBE-AZRTOS-F7 1.1.0
2026-01-12 15:40:30,738 [INFO] ThirdParty:1030 - CMSIS Pack Vendor :STMicroelectronics X-CUBE-AZRTOS-L5 2.0.0
2026-01-12 15:40:30,738 [INFO] ThirdParty:1030 - CMSIS Pack Vendor :STMicroelectronics USB_DEVICE 2.0.0
2026-01-12 15:40:30,738 [INFO] ThirdParty:1030 - CMSIS Pack Vendor :STMicroelectronics X-CUBE-NFC6 3.1.0
2026-01-12 15:40:30,738 [INFO] ThirdParty:1030 - CMSIS Pack Vendor :STMicroelectronics X-CUBE-MEMS1 11.0.0
2026-01-12 15:40:30,738 [INFO] ThirdParty:1030 - CMSIS Pack Vendor :STMicroelectronics FP-SNS-MOTENV1 5.1.0
2026-01-12 15:40:30,738 [INFO] ThirdParty:1030 - CMSIS Pack Vendor :STMicroelectronics FreeRTOS 0.0.1
2026-01-12 15:40:30,738 [INFO] ThirdParty:1030 - CMSIS Pack Vendor :STMicroelectronics X-CUBE-DPower 1.2.0
2026-01-12 15:40:30,738 [INFO] ThirdParty:1030 - CMSIS Pack Vendor :STMicroelectronics FP-SNS-FLIGHT1 5.0.2
2026-01-12 15:40:30,738 [INFO] ThirdParty:1030 - CMSIS Pack Vendor :STMicroelectronics PDM2PCM 3.3.0
2026-01-12 15:40:30,738 [INFO] ThirdParty:1030 - CMSIS Pack Vendor :STMicroelectronics X-CUBE-AZRTOS-H7 3.4.0
2026-01-12 15:40:30,738 [INFO] ThirdParty:1030 - CMSIS Pack Vendor :STMicroelectronics X-CUBE-DISPLAY 3.0.0
2026-01-12 15:40:30,738 [INFO] ThirdParty:1030 - CMSIS Pack Vendor :STMicroelectronics X-CUBE-BLE1 7.0.0
2026-01-12 15:40:30,738 [INFO] ThirdParty:1030 - CMSIS Pack Vendor :STMicroelectronics X-CUBE-NFC10 1.0.0
2026-01-12 15:40:30,738 [INFO] ThirdParty:1030 - CMSIS Pack Vendor :STMicroelectronics X-CUBE-BLEMGR 4.0.0
2026-01-12 15:40:30,738 [INFO] ThirdParty:1030 - CMSIS Pack Vendor :STMicroelectronics X-CUBE-FREERTOS 1.3.1
2026-01-12 15:40:30,738 [INFO] ThirdParty:1030 - CMSIS Pack Vendor :STMicroelectronics HAL Drivers 0.0.0
2026-01-12 15:40:30,738 [INFO] ThirdParty:1030 - CMSIS Pack Vendor :STMicroelectronics X-CUBE-ST60 1.1.0
2026-01-12 15:40:30,738 [INFO] ThirdParty:1030 - CMSIS Pack Vendor :emotas I-CUBE-CANOPEN 1.3.0
2026-01-12 15:40:30,738 [INFO] ThirdParty:1030 - CMSIS Pack Vendor :STMicroelectronics X-CUBE-FREERTOS 1.3.0
2026-01-12 15:40:30,738 [INFO] ThirdParty:1030 - CMSIS Pack Vendor :STMicroelectronics X-CUBE-NFC7 1.0.1
2026-01-12 15:40:30,738 [INFO] ThirdParty:1030 - CMSIS Pack Vendor :STMicroelectronics MBEDTLS 2.14.1
2026-01-12 15:40:30,738 [INFO] ThirdParty:1030 - CMSIS Pack Vendor :STMicroelectronics X-CUBE-GNSS1 7.1.0
2026-01-12 15:40:30,738 [INFO] ThirdParty:1030 - CMSIS Pack Vendor :STMicroelectronics X-CUBE-TOUCHGFX 4.26.0
2026-01-12 15:40:30,738 [INFO] ThirdParty:1030 - CMSIS Pack Vendor :STMicroelectronics X-CUBE-BLEMGR 3.1.0
2026-01-12 15:40:30,738 [INFO] ThirdParty:1030 - CMSIS Pack Vendor :STMicroelectronics X-CUBE-AI 10.0.0
2026-01-12 15:40:30,738 [INFO] ThirdParty:1030 - CMSIS Pack Vendor :STMicroelectronics FP-SNS-STBOX1 2.1.0
2026-01-12 15:40:30,738 [INFO] ThirdParty:1030 - CMSIS Pack Vendor :STMicroelectronics FP-SNS-STAIOTCFT 1.0.0
2026-01-12 15:40:30,738 [INFO] ThirdParty:1030 - CMSIS Pack Vendor :STMicroelectronics FP-SNS-SMARTAG2 1.2.0
2026-01-12 15:40:30,738 [INFO] ThirdParty:1030 - CMSIS Pack Vendor :STMicroelectronics FP-SNS-FLIGHT1 5.1.0
2026-01-12 15:40:30,738 [INFO] ThirdParty:1030 - CMSIS Pack Vendor :STMicroelectronics X-CUBE-MEMS1 11.1.0
2026-01-12 15:40:30,738 [INFO] ThirdParty:1030 - CMSIS Pack Vendor :STMicroelectronics X-CUBE-AZRTOS-WL 2.0.0
2026-01-12 15:40:30,738 [INFO] ThirdParty:1030 - CMSIS Pack Vendor :STMicroelectronics X-CUBE-DPower 1.3.0
2026-01-12 15:40:30,738 [INFO] ThirdParty:1030 - CMSIS Pack Vendor :STMicroelectronics FP-SNS-MOTENV1 5.0.0
2026-01-12 15:40:30,738 [INFO] ThirdParty:1030 - CMSIS Pack Vendor :STMicroelectronics USB_DEVICE 1.0.0
2026-01-12 15:40:30,738 [INFO] ThirdParty:1030 - CMSIS Pack Vendor :STMicroelectronics X-CUBE-AZRTOS-H7RS 1.2.0
2026-01-12 15:40:30,738 [INFO] ThirdParty:1030 - CMSIS Pack Vendor :wolfSSL I-CUBE-wolfMQTT 1.19.0
2026-01-12 15:40:30,739 [INFO] ThirdParty:1030 - CMSIS Pack Vendor :STMicroelectronics X-CUBE-AZRTOS-L4 2.0.0
2026-01-12 15:40:30,739 [INFO] ThirdParty:1030 - CMSIS Pack Vendor :STMicroelectronics ThreadX 0.0.2
2026-01-12 15:40:30,739 [INFO] ThirdParty:1030 - CMSIS Pack Vendor :WES I-CUBE-Cesium 1.3.0
2026-01-12 15:40:30,739 [INFO] ThirdParty:1030 - CMSIS Pack Vendor :STMicroelectronics lwIP 2.1.2
2026-01-12 15:40:30,739 [INFO] ThirdParty:1030 - CMSIS Pack Vendor :STMicroelectronics X-CUBE-SFXS2LP1 4.0.0
2026-01-12 15:40:30,739 [INFO] ThirdParty:1030 - CMSIS Pack Vendor :STMicroelectronics X-CUBE-BLE2 3.3.0
2026-01-12 15:40:30,739 [INFO] ThirdParty:1030 - CMSIS Pack Vendor :STMicroelectronics PDM2PCM 3.2.0
2026-01-12 15:40:30,739 [INFO] ThirdParty:1030 - CMSIS Pack Vendor :STMicroelectronics X-CUBE-AZRTOS-H7 3.3.0
2026-01-12 15:40:30,739 [INFO] ThirdParty:1030 - CMSIS Pack Vendor :STMicroelectronics X-CUBE-NFC9 1.0.0
2026-01-12 15:40:30,739 [INFO] ThirdParty:1030 - CMSIS Pack Vendor :STMicroelectronics X-CUBE-BLE1 7.1.0
2026-01-12 15:40:30,739 [INFO] ThirdParty:1030 - CMSIS Pack Vendor :STMicroelectronics USB_DEVICE 3.0.0
2026-01-12 15:40:30,739 [INFO] ThirdParty:1030 - CMSIS Pack Vendor :STMicroelectronics X-CUBE-TCPP 4.1.0
2026-01-12 15:40:30,739 [INFO] ThirdParty:1030 - CMSIS Pack Vendor :STMicroelectronics X-CUBE-FREERTOS 1.4.0
2026-01-12 15:40:30,739 [INFO] ThirdParty:1030 - CMSIS Pack Vendor :STMicroelectronics X-CUBE-EEPRMA1 5.2.0
2026-01-12 15:40:30,739 [INFO] ThirdParty:1030 - CMSIS Pack Vendor :STMicroelectronics X-CUBE-BLEMGR 4.1.0
2026-01-12 15:40:30,739 [INFO] ThirdParty:1030 - CMSIS Pack Vendor :STMicroelectronics X-CUBE-IPS 3.0.0
2026-01-12 15:40:30,739 [INFO] ThirdParty:1030 - CMSIS Pack Vendor :STMicroelectronics X-CUBE-AZRTOS-WB 2.0.0
2026-01-12 15:40:30,739 [INFO] ThirdParty:1030 - CMSIS Pack Vendor :STMicroelectronics X-CUBE-GNSS1 7.0.0
2026-01-12 15:40:30,739 [INFO] ThirdParty:1030 - CMSIS Pack Vendor :STMicroelectronics X-CUBE-GNSS1 7.0.1
2026-01-12 15:40:30,739 [INFO] ThirdParty:1030 - CMSIS Pack Vendor :STMicroelectronics X-CUBE-TOUCHGFX 4.25.0
2026-01-12 15:40:30,739 [INFO] ThirdParty:1030 - CMSIS Pack Vendor :STMicroelectronics X-CUBE-ST67W61 1.1.0
2026-01-12 15:40:30,739 [INFO] ThirdParty:1030 - CMSIS Pack Vendor :STMicroelectronics X-CUBE-AI 10.1.0
2026-01-12 15:40:30,739 [INFO] ThirdParty:1030 - CMSIS Pack Vendor :STMicroelectronics FP-SNS-STBOX1 2.0.0
2026-01-12 15:40:30,739 [INFO] ThirdParty:1030 - CMSIS Pack Vendor :STMicroelectronics X-CUBE-MEMS1 12.0.0
2026-01-12 15:40:30,739 [INFO] ThirdParty:1030 - CMSIS Pack Vendor :STMicroelectronics X-CUBE-MEMS1 11.2.0
2026-01-12 15:40:30,739 [INFO] ThirdParty:1030 - CMSIS Pack Vendor :STMicroelectronics X-CUBE-AZRTOS-G0 1.1.0
2026-01-12 15:40:30,739 [INFO] ThirdParty:1030 - CMSIS Pack Vendor :STMicroelectronics X-CUBE-SAFEA1 1.2.2
2026-01-12 15:40:30,740 [INFO] ThirdParty:1030 - CMSIS Pack Vendor :STMicroelectronics X-CUBE-NFC4 3.0.0
2026-01-12 15:40:30,740 [INFO] ThirdParty:1030 - CMSIS Pack Vendor :STMicroelectronics X-CUBE-SUBG2 5.0.0
2026-01-12 15:40:30,740 [INFO] ThirdParty:1030 - CMSIS Pack Vendor :STMicroelectronics X-CUBE-AZRTOS-H7RS 1.1.0
2026-01-12 15:40:30,740 [INFO] ThirdParty:1030 - CMSIS Pack Vendor :STMicroelectronics STM32_WPAN 1.0.0
2026-01-12 15:40:30,740 [INFO] ThirdParty:1030 - CMSIS Pack Vendor :EmbeddedOffice I-CUBE-FS-RTOS 1.0.1
2026-01-12 15:40:30,740 [INFO] ThirdParty:1030 - CMSIS Pack Vendor :STMicroelectronics lwIP 2.0.3
2026-01-12 15:40:30,740 [INFO] ThirdParty:1030 - CMSIS Pack Vendor :Cesanta I-CUBE-Mongoose 7.13.0
2026-01-12 15:40:30,740 [INFO] ThirdParty:1030 - CMSIS Pack Vendor :STMicroelectronics USB_HOST 1.0.0
2026-01-12 15:40:30,740 [INFO] ThirdParty:1030 - CMSIS Pack Vendor :STMicroelectronics X-CUBE-AZRTOS-G4 2.0.0
2026-01-12 15:40:30,740 [INFO] ThirdParty:1030 - CMSIS Pack Vendor :STMicroelectronics X-CUBE-WB05N 2.0.0
2026-01-12 15:40:30,740 [INFO] ThirdParty:1030 - CMSIS Pack Vendor :STMicroelectronics PDM2PCM 3.1.0
2026-01-12 15:40:30,740 [INFO] ThirdParty:1030 - CMSIS Pack Vendor :STMicroelectronics X-CUBE-NFC7 2.0.0
2026-01-12 15:40:30,740 [INFO] ThirdParty:1030 - CMSIS Pack Vendor :STMicroelectronics X-CUBE-TCPP 4.2.0
2026-01-12 15:40:30,740 [INFO] ThirdParty:1030 - CMSIS Pack Vendor :RealThread X-CUBE-RT-Thread_Nano 4.1.1
2026-01-12 15:40:30,740 [INFO] ThirdParty:1030 - CMSIS Pack Vendor :STMicroelectronics FP-ATR-SIGFOX1 3.2.0
2026-01-12 15:40:30,740 [INFO] ThirdParty:1030 - CMSIS Pack Vendor :quantropi X-CUBE-qispace-sdk-base 1.9.3
2026-01-12 15:40:30,740 [INFO] ThirdParty:1030 - CMSIS Pack Vendor :STMicroelectronics X-CUBE-EEPRMA1 5.1.0
2026-01-12 15:40:30,740 [INFO] ThirdParty:1030 - CMSIS Pack Vendor :STMicroelectronics MBEDTLS 2.16.2
2026-01-12 15:40:30,740 [INFO] ThirdParty:1030 - CMSIS Pack Vendor :STMicroelectronics X-CUBE-IPS 3.1.0
2026-01-12 15:40:30,740 [INFO] ThirdParty:1030 - CMSIS Pack Vendor :STMicroelectronics X-CUBE-ALS 1.0.2
2026-01-12 15:40:30,740 [INFO] ThirdParty:1030 - CMSIS Pack Vendor :wolfSSL I-CUBE-wolfSSL 5.7.4
2026-01-12 15:40:30,740 [INFO] ThirdParty:1030 - CMSIS Pack Vendor :ITTIA_DB I-CUBE-ITTIADB 8.9.0
2026-01-12 15:40:30,740 [INFO] ThirdParty:1030 - CMSIS Pack Vendor :STMicroelectronics X-CUBE-TOUCHGFX 4.24.2
2026-01-12 15:40:30,740 [INFO] ThirdParty:1030 - CMSIS Pack Vendor :STMicroelectronics X-CUBE-TOUCHGFX 4.24.1
2026-01-12 15:40:30,740 [INFO] ThirdParty:1030 - CMSIS Pack Vendor :STMicroelectronics X-CUBE-STSE01 1.0.0
2026-01-12 15:40:30,740 [INFO] ThirdParty:1030 - CMSIS Pack Vendor :wolfSSL I-CUBE-wolfTPM 3.4.0
2026-01-12 15:40:30,740 [INFO] ThirdParty:1030 - CMSIS Pack Vendor :portGmbH I-Cube-SoM-uGOAL 1.1.0
2026-01-12 15:40:30,740 [INFO] ThirdParty:1030 - CMSIS Pack Vendor :STMicroelectronics X-CUBE-ST67W61 1.0.0
2026-01-12 15:40:30,740 [INFO] ThirdParty:1030 - CMSIS Pack Vendor :STMicroelectronics X-CUBE-AI 10.2.0
2026-01-12 15:40:30,740 [INFO] ThirdParty:1030 - CMSIS Pack Vendor :STMicroelectronics ThreadX 1.0.0
2026-01-12 15:40:30,740 [INFO] ThirdParty:1030 - CMSIS Pack Vendor :SEGGER I-CUBE-embOS 1.3.1
2026-01-12 15:40:30,740 [INFO] ThirdParty:1030 - CMSIS Pack Vendor :STMicroelectronics X-CUBE-ALGOBUILD 1.4.0
2026-01-12 15:40:30,740 [INFO] ThirdParty:1030 - CMSIS Pack Vendor :STMicroelectronics X-CUBE-MEMS1 11.3.0
2026-01-12 15:40:30,740 [INFO] ThirdParty:1030 - CMSIS Pack Vendor :STMicroelectronics X-CUBE-AZRTOS-H7RS 1.0.0
2026-01-12 15:40:30,740 [INFO] ThirdParty:1030 - CMSIS Pack Vendor :STMicroelectronics FP-ATR-ASTRA1 2.0.0
2026-01-12 15:40:30,740 [INFO] ThirdParty:1030 - CMSIS Pack Vendor :STMicroelectronics X-CUBE-TOF1 3.4.2
2026-01-12 15:40:30,740 [INFO] ThirdParty:1030 - CMSIS Pack Vendor :STMicroelectronics X-CUBE-TOF1 3.4.3
2026-01-12 15:40:30,740 [INFO] ThirdParty:1030 - CMSIS Pack Vendor :STMicroelectronics X-CUBE-AI 9.1.0
2026-01-12 15:40:30,740 [INFO] ThirdParty:1030 - CMSIS Pack Vendor :Infineon AIROC-Wi-Fi-Bluetooth-STM32 1.6.1
2026-01-12 15:40:30,740 [INFO] ThirdParty:1030 - CMSIS Pack Vendor :wolfSSL I-CUBE-wolfSSH 1.4.17
2026-01-12 15:40:30,741 [INFO] ThirdParty:841 - exiting critical section [change project]
2026-01-12 15:40:32,415 [INFO] PinOutPanel:1589 - setPackage(No Configuration,No Configuration)
2026-01-12 15:40:32,421 [INFO] PinOutPanel:1589 - setPackage(STM32F767ZITx,LQFP144)
2026-01-12 15:40:34,258 [INFO] UtilMem:75 - Before build in PCC Used Memory: 416300352 Bytes (517996544)
2026-01-12 15:40:36,598 [INFO] UtilMem:75 - After build in PCC Used Memory: 317329008 Bytes (540016640)
2026-01-12 15:40:36,874 [INFO] ApiDbMcu:532 - Load IP Config File for LWIP
2026-01-12 15:40:36,875 [WARN] BspModel:444 - BSP dependency skipped because of component: name='USER_PHY', api='BSP_COMPONENT_DRIVER'
2026-01-12 15:40:36,955 [INFO] IPUIPlugin:80 - create IPUIPlugin
2026-01-12 15:40:36,956 [INFO] IPUIPlugin:80 - create IPUIPlugin
2026-01-12 15:40:36,956 [INFO] IPUIPlugin:80 - create IPUIPlugin
2026-01-12 15:40:36,956 [INFO] IPUIPlugin:80 - create IPUIPlugin
2026-01-12 15:40:36,956 [INFO] IPUIPlugin:80 - create IPUIPlugin
2026-01-12 15:40:36,956 [INFO] IPUIPlugin:80 - create IPUIPlugin
2026-01-12 15:40:36,957 [INFO] IPUIPlugin:80 - create IPUIPlugin
2026-01-12 15:40:36,957 [INFO] IPUIPlugin:80 - create IPUIPlugin
2026-01-12 15:40:36,957 [INFO] IPUIPlugin:80 - create IPUIPlugin
2026-01-12 15:40:36,957 [INFO] IPUIPlugin:80 - create IPUIPlugin
2026-01-12 15:40:36,957 [INFO] IPUIPlugin:80 - create IPUIPlugin
2026-01-12 15:40:36,958 [INFO] IPUIPlugin:80 - create IPUIPlugin
2026-01-12 15:40:36,958 [INFO] IPUIPlugin:80 - create IPUIPlugin
2026-01-12 15:40:36,959 [INFO] IPUIPlugin:80 - create IPUIPlugin
2026-01-12 15:40:36,959 [INFO] IPUIPlugin:80 - create IPUIPlugin
2026-01-12 15:40:36,959 [INFO] IPUIPlugin:80 - create IPUIPlugin
2026-01-12 15:40:36,959 [INFO] IPUIPlugin:80 - create IPUIPlugin
2026-01-12 15:40:36,959 [INFO] IPUIPlugin:80 - create IPUIPlugin
2026-01-12 15:40:36,959 [INFO] IPUIPlugin:80 - create IPUIPlugin
2026-01-12 15:40:36,959 [INFO] IPUIPlugin:80 - create IPUIPlugin
2026-01-12 15:40:36,960 [INFO] IPUIPlugin:80 - create IPUIPlugin
2026-01-12 15:40:36,960 [INFO] IPUIPlugin:80 - create IPUIPlugin
2026-01-12 15:40:36,960 [INFO] IPUIPlugin:80 - create IPUIPlugin
2026-01-12 15:40:36,960 [INFO] IPUIPlugin:80 - create IPUIPlugin
2026-01-12 15:40:36,960 [INFO] IPUIPlugin:80 - create IPUIPlugin
2026-01-12 15:40:36,960 [INFO] IPUIPlugin:80 - create IPUIPlugin
2026-01-12 15:40:36,961 [INFO] IPUIPlugin:80 - create IPUIPlugin
2026-01-12 15:40:36,961 [INFO] IPUIPlugin:80 - create IPUIPlugin
2026-01-12 15:40:36,962 [INFO] IPUIPlugin:80 - create IPUIPlugin
2026-01-12 15:40:36,962 [INFO] IPUIPlugin:80 - create IPUIPlugin
2026-01-12 15:40:36,962 [INFO] IPUIPlugin:80 - create IPUIPlugin
2026-01-12 15:40:36,962 [INFO] IPUIPlugin:80 - create IPUIPlugin
2026-01-12 15:40:36,962 [INFO] IPUIPlugin:80 - create IPUIPlugin
2026-01-12 15:40:36,963 [INFO] IPUIPlugin:80 - create IPUIPlugin
2026-01-12 15:40:36,963 [INFO] IPUIPlugin:80 - create IPUIPlugin
2026-01-12 15:40:36,963 [INFO] IPUIPlugin:80 - create IPUIPlugin
2026-01-12 15:40:36,963 [INFO] IPUIPlugin:80 - create IPUIPlugin
2026-01-12 15:40:36,963 [INFO] IPUIPlugin:80 - create IPUIPlugin
2026-01-12 15:40:36,963 [INFO] IPUIPlugin:80 - create IPUIPlugin
2026-01-12 15:40:36,963 [INFO] IPUIPlugin:80 - create IPUIPlugin
2026-01-12 15:40:36,964 [INFO] IPUIPlugin:80 - create IPUIPlugin
2026-01-12 15:40:36,964 [INFO] IPUIPlugin:80 - create IPUIPlugin
2026-01-12 15:40:36,964 [INFO] IPUIPlugin:80 - create IPUIPlugin
2026-01-12 15:40:36,964 [INFO] IPUIPlugin:80 - create IPUIPlugin
2026-01-12 15:40:36,964 [INFO] IPUIPlugin:80 - create IPUIPlugin
2026-01-12 15:40:36,965 [INFO] IPUIPlugin:80 - create IPUIPlugin
2026-01-12 15:40:36,965 [INFO] IPUIPlugin:80 - create IPUIPlugin
2026-01-12 15:40:36,965 [INFO] IPUIPlugin:80 - create IPUIPlugin
2026-01-12 15:40:36,966 [INFO] IPUIPlugin:80 - create IPUIPlugin
2026-01-12 15:40:36,966 [INFO] IPUIPlugin:80 - create IPUIPlugin
2026-01-12 15:40:36,966 [INFO] IPUIPlugin:80 - create IPUIPlugin
2026-01-12 15:40:36,967 [INFO] IPUIPlugin:80 - create IPUIPlugin
2026-01-12 15:40:36,967 [INFO] IPUIPlugin:80 - create IPUIPlugin
2026-01-12 15:40:36,968 [INFO] IPUIPlugin:80 - create IPUIPlugin
2026-01-12 15:40:36,968 [INFO] IPUIPlugin:80 - create IPUIPlugin
2026-01-12 15:40:36,968 [INFO] IPUIPlugin:80 - create IPUIPlugin
2026-01-12 15:40:36,969 [INFO] IPUIPlugin:80 - create IPUIPlugin
2026-01-12 15:40:36,969 [INFO] IPUIPlugin:80 - create IPUIPlugin
2026-01-12 15:40:36,970 [INFO] IPUIPlugin:80 - create IPUIPlugin
2026-01-12 15:40:36,970 [INFO] IPUIPlugin:80 - create IPUIPlugin
2026-01-12 15:40:36,971 [INFO] IPUIPlugin:80 - create IPUIPlugin
2026-01-12 15:40:36,971 [INFO] IPUIPlugin:80 - create IPUIPlugin
2026-01-12 15:40:36,971 [INFO] IPUIPlugin:80 - create IPUIPlugin
2026-01-12 15:40:36,972 [INFO] IPUIPlugin:80 - create IPUIPlugin
2026-01-12 15:40:36,972 [INFO] IPUIPlugin:80 - create IPUIPlugin
2026-01-12 15:40:36,973 [INFO] IPUIPlugin:80 - create IPUIPlugin
2026-01-12 15:40:36,974 [INFO] IPUIPlugin:80 - create IPUIPlugin
2026-01-12 15:40:36,974 [INFO] IPUIPlugin:80 - create IPUIPlugin
2026-01-12 15:40:36,975 [INFO] IPUIPlugin:80 - create IPUIPlugin
2026-01-12 15:40:36,975 [INFO] IPUIPlugin:80 - create IPUIPlugin
2026-01-12 15:40:36,976 [INFO] IPUIPlugin:80 - create IPUIPlugin
2026-01-12 15:40:36,977 [INFO] IPUIPlugin:80 - create IPUIPlugin
2026-01-12 15:40:36,977 [INFO] IPUIPlugin:80 - create IPUIPlugin
2026-01-12 15:40:36,978 [INFO] IPUIPlugin:80 - create IPUIPlugin
2026-01-12 15:40:36,979 [INFO] IPUIPlugin:80 - create IPUIPlugin
2026-01-12 15:40:36,979 [INFO] IPUIPlugin:80 - create IPUIPlugin
2026-01-12 15:40:36,981 [INFO] IPUIPlugin:80 - create IPUIPlugin
2026-01-12 15:40:36,982 [INFO] IPUIPlugin:80 - create IPUIPlugin
2026-01-12 15:40:36,983 [INFO] IPUIPlugin:80 - create IPUIPlugin
2026-01-12 15:40:37,046 [INFO] ApiDbMcu:532 - Load IP Config File for PDM2PCM
2026-01-12 15:40:37,546 [INFO] CADModel:165 - CPN selected for project levelSTM32F767ZIT6
2026-01-12 15:40:37,546 [INFO] CADModel:114 - Register for checkConnection events
2026-01-12 15:40:37,600 [INFO] OpenFileManager:386 - Restore cursor
2026-01-12 15:40:38,253 [WARN] IP:2250 - CMSIS_VERSION not found: check if there is a RefParameter without a condition.
2026-01-12 15:40:38,265 [WARN] IP:2250 - LWIP_NETIF_HOSTNAME_NAME not found: check if there is a RefParameter without a condition.
2026-01-12 15:40:38,379 [WARN] IP:2250 - CMSIS_VERSION not found: check if there is a RefParameter without a condition.
2026-01-12 15:40:38,389 [WARN] IP:2250 - LWIP_NETIF_HOSTNAME_NAME not found: check if there is a RefParameter without a condition.
2026-01-12 15:40:38,573 [WARN] IP:2250 - Warning not found: check if there is a RefParameter without a condition.
2026-01-12 15:40:38,573 [WARN] IP:2250 - RxBufferAddress not found: check if there is a RefParameter without a condition.
2026-01-12 15:40:38,573 [WARN] IP:2250 - DESC_SIZE_UNIT not found: check if there is a RefParameter without a condition.
2026-01-12 15:40:38,575 [WARN] IP:2250 - Warning not found: check if there is a RefParameter without a condition.
2026-01-12 15:40:38,576 [WARN] IP:2250 - RxBufferAddress not found: check if there is a RefParameter without a condition.
2026-01-12 15:40:38,576 [WARN] IP:2250 - DESC_SIZE_UNIT not found: check if there is a RefParameter without a condition.
2026-01-12 15:41:18,089 [WARN] IP:2250 - Warning not found: check if there is a RefParameter without a condition.
2026-01-12 15:41:18,089 [WARN] IP:2250 - RxBufferAddress not found: check if there is a RefParameter without a condition.
2026-01-12 15:41:18,089 [WARN] IP:2250 - DESC_SIZE_UNIT not found: check if there is a RefParameter without a condition.
2026-01-12 15:41:27,338 [INFO] NvicIntPanel:101 - NVIC parent = com.st.microxplorer.plugins.ip.nvic.MultiNvicIntPanel[,0,0,452x314,layout=javax.swing.BoxLayout,alignmentX=0.0,alignmentY=0.0,border=,flags=9,maximumSize=,minimumSize=,preferredSize=]
2026-01-12 15:41:30,467 [WARN] IP:2250 - Warning not found: check if there is a RefParameter without a condition.
2026-01-12 15:41:30,467 [WARN] IP:2250 - RxBufferAddress not found: check if there is a RefParameter without a condition.
2026-01-12 15:41:30,467 [WARN] IP:2250 - DESC_SIZE_UNIT not found: check if there is a RefParameter without a condition.
2026-01-12 15:41:34,961 [INFO] NvicIntPanel:101 - NVIC parent = com.st.microxplorer.plugins.ip.nvic.MultiNvicIntPanel[,0,0,0x0,invalid,layout=javax.swing.BoxLayout,alignmentX=0.0,alignmentY=0.0,border=,flags=9,maximumSize=,minimumSize=,preferredSize=]
2026-01-12 15:41:35,111 [INFO] NvicIntPanel:101 - NVIC parent = com.st.microxplorer.plugins.ip.nvic.MultiNvicIntPanel[,0,0,0x0,invalid,layout=javax.swing.BoxLayout,alignmentX=0.0,alignmentY=0.0,border=,flags=9,maximumSize=,minimumSize=,preferredSize=]
2026-01-12 15:41:44,572 [WARN] IP:2250 - CMSIS_VERSION not found: check if there is a RefParameter without a condition.
2026-01-12 15:41:44,575 [WARN] IP:2250 - LWIP_NETIF_HOSTNAME_NAME not found: check if there is a RefParameter without a condition.
2026-01-12 15:41:51,884 [WARN] BspModel:444 - BSP dependency skipped because of component: name='USER_PHY', api='BSP_COMPONENT_DRIVER'
2026-01-12 15:41:51,887 [WARN] IP:2250 - CMSIS_VERSION not found: check if there is a RefParameter without a condition.
2026-01-12 15:41:51,889 [WARN] IP:2250 - LWIP_NETIF_HOSTNAME_NAME not found: check if there is a RefParameter without a condition.
2026-01-12 15:41:51,905 [WARN] IP:2250 - CMSIS_VERSION not found: check if there is a RefParameter without a condition.
2026-01-12 15:41:51,907 [WARN] IP:2250 - LWIP_NETIF_HOSTNAME_NAME not found: check if there is a RefParameter without a condition.
2026-01-12 15:41:51,997 [WARN] IP:2250 - CMSIS_VERSION not found: check if there is a RefParameter without a condition.
2026-01-12 15:41:51,999 [WARN] IP:2250 - LWIP_NETIF_HOSTNAME_NAME not found: check if there is a RefParameter without a condition.
2026-01-12 15:42:04,098 [INFO] BspModel:204 - createCodeInput : Driver_PHY Template : 6 IPName :  IPMode :  Component : LAN8742 Solution : LAN8742 InstanceName : 
2026-01-12 15:42:04,099 [WARN] BspModel:444 - BSP dependency skipped because of component: name='USER_PHY', api='BSP_COMPONENT_DRIVER'
2026-01-12 15:42:04,107 [WARN] IP:2250 - CMSIS_VERSION not found: check if there is a RefParameter without a condition.
2026-01-12 15:42:04,111 [WARN] IP:2250 - LWIP_NETIF_HOSTNAME_NAME not found: check if there is a RefParameter without a condition.
2026-01-12 15:42:04,135 [WARN] IP:2250 - CMSIS_VERSION not found: check if there is a RefParameter without a condition.
2026-01-12 15:42:04,138 [WARN] IP:2250 - LWIP_NETIF_HOSTNAME_NAME not found: check if there is a RefParameter without a condition.
2026-01-12 15:42:04,209 [WARN] IP:2250 - CMSIS_VERSION not found: check if there is a RefParameter without a condition.
2026-01-12 15:42:04,211 [WARN] IP:2250 - LWIP_NETIF_HOSTNAME_NAME not found: check if there is a RefParameter without a condition.
2026-01-12 15:42:07,424 [WARN] IP:2250 - CMSIS_VERSION not found: check if there is a RefParameter without a condition.
2026-01-12 15:42:07,427 [WARN] IP:2250 - LWIP_NETIF_HOSTNAME_NAME not found: check if there is a RefParameter without a condition.
2026-01-12 15:42:44,592 [INFO] WebApp:194 - Connection lost
2026-01-12 15:42:45,103 [INFO] WebApp:191 - Connection restablished
2026-01-12 15:42:46,585 [INFO] WebApp:194 - Connection lost
2026-01-12 15:42:47,087 [INFO] WebApp:191 - Connection restablished
2026-01-12 15:43:14,959 [INFO] UtilMem:75 - End SaveConfig() Used Memory: 969486840 Bytes (1073741824)
2026-01-12 15:43:15,925 [INFO] UtilMem:75 - End SaveConfig() Used Memory: 814041640 Bytes (1073741824)
2026-01-12 15:43:16,654 [INFO] BlockDiagram:2775 - set Specific Code input for plugin: SYS
2026-01-12 15:43:16,654 [INFO] BlockDiagram:2775 - set Specific Code input for plugin: RCC
2026-01-12 15:43:16,655 [INFO] BlockDiagram:2775 - set Specific Code input for plugin: NVIC
2026-01-12 15:43:16,655 [INFO] BlockDiagram:2775 - set Specific Code input for plugin: LWIP
2026-01-12 15:43:16,656 [INFO] BlockDiagram:2775 - set Specific Code input for plugin: GPIO
2026-01-12 15:43:16,656 [INFO] BlockDiagram:2775 - set Specific Code input for plugin: ETH
2026-01-12 15:43:16,658 [INFO] CodeGenerator:892 - code generatio: config db path: C:\ST\STM32CubeIDE_1.16.1\STM32CubeIDE\plugins\com.st.stm32cube.common.mx_6.15.0.202507011659\\db\
2026-01-12 15:43:16,666 [WARN] IP:2250 - Warning not found: check if there is a RefParameter without a condition.
2026-01-12 15:43:16,666 [WARN] IP:2250 - RxBufferAddress not found: check if there is a RefParameter without a condition.
2026-01-12 15:43:16,666 [WARN] IP:2250 - DESC_SIZE_UNIT not found: check if there is a RefParameter without a condition.
2026-01-12 15:43:16,677 [WARN] IP:2250 - CMSIS_VERSION not found: check if there is a RefParameter without a condition.
2026-01-12 15:43:16,679 [WARN] IP:2250 - LWIP_NETIF_HOSTNAME_NAME not found: check if there is a RefParameter without a condition.
2026-01-12 15:43:16,928 [INFO] CodeEngine:265 - oldGeneratedFile, C:\Users\Chinnapop\Documents\lwIP_UDP_Nucleo-F767ZI\CubeIDE-F767-UDP-echo\MXTmpFiles\license.tmp_save
2026-01-12 15:43:17,771 [INFO] CodeEngine:289 - Generated code: C:\Users\Chinnapop\Documents\lwIP_UDP_Nucleo-F767ZI\CubeIDE-F767-UDP-echo\MXTmpFiles\license.tmp
2026-01-12 15:43:17,957 [INFO] CodeEngine:265 - oldGeneratedFile, C:\Users\Chinnapop\Documents\lwIP_UDP_Nucleo-F767ZI\CubeIDE-F767-UDP-echo\MXTmpFiles\gpio.tmp_save
2026-01-12 15:43:18,203 [INFO] CodeEngine:289 - Generated code: C:\Users\Chinnapop\Documents\lwIP_UDP_Nucleo-F767ZI\CubeIDE-F767-UDP-echo\MXTmpFiles\gpio.tmp
2026-01-12 15:43:18,395 [INFO] CodeEngine:265 - oldGeneratedFile, C:\Users\Chinnapop\Documents\lwIP_UDP_Nucleo-F767ZI\CubeIDE-F767-UDP-echo\MXTmpFiles\eth_vars.tmp_save
2026-01-12 15:43:18,555 [INFO] CodeEngine:289 - Generated code: C:\Users\Chinnapop\Documents\lwIP_UDP_Nucleo-F767ZI\CubeIDE-F767-UDP-echo\MXTmpFiles\eth_vars.tmp
2026-01-12 15:43:18,570 [INFO] CodeEngine:265 - oldGeneratedFile, C:\Users\Chinnapop\Documents\lwIP_UDP_Nucleo-F767ZI\CubeIDE-F767-UDP-echo\MXTmpFiles\eth_inc.tmp_save
2026-01-12 15:43:18,659 [INFO] CodeEngine:289 - Generated code: C:\Users\Chinnapop\Documents\lwIP_UDP_Nucleo-F767ZI\CubeIDE-F767-UDP-echo\MXTmpFiles\eth_inc.tmp
2026-01-12 15:43:18,677 [INFO] CodeEngine:265 - oldGeneratedFile, C:\Users\Chinnapop\Documents\lwIP_UDP_Nucleo-F767ZI\CubeIDE-F767-UDP-echo\MXTmpFiles\eth_HalInit.tmp_save
2026-01-12 15:43:18,853 [INFO] CodeEngine:289 - Generated code: C:\Users\Chinnapop\Documents\lwIP_UDP_Nucleo-F767ZI\CubeIDE-F767-UDP-echo\MXTmpFiles\eth_HalInit.tmp
2026-01-12 15:43:18,870 [INFO] CodeEngine:265 - oldGeneratedFile, C:\Users\Chinnapop\Documents\lwIP_UDP_Nucleo-F767ZI\CubeIDE-F767-UDP-echo\MXTmpFiles\eth_Msp.tmp_save
2026-01-12 15:43:18,999 [INFO] CodeEngine:289 - Generated code: C:\Users\Chinnapop\Documents\lwIP_UDP_Nucleo-F767ZI\CubeIDE-F767-UDP-echo\MXTmpFiles\eth_Msp.tmp
2026-01-12 15:43:19,168 [INFO] Middleware:1452 - No code input for Bsp Dependency
2026-01-12 15:43:19,191 [INFO] CodeEngine:265 - oldGeneratedFile, C:\Users\Chinnapop\Documents\lwIP_UDP_Nucleo-F767ZI\CubeIDE-F767-UDP-echo\MXTmpFiles\cortex.tmp_save
2026-01-12 15:43:19,309 [INFO] CodeEngine:289 - Generated code: C:\Users\Chinnapop\Documents\lwIP_UDP_Nucleo-F767ZI\CubeIDE-F767-UDP-echo\MXTmpFiles\cortex.tmp
2026-01-12 15:43:19,331 [INFO] Middleware:1452 - No code input for Bsp Dependency
2026-01-12 15:43:19,359 [INFO] CodeEngine:265 - oldGeneratedFile, C:\Users\Chinnapop\Documents\lwIP_UDP_Nucleo-F767ZI\CubeIDE-F767-UDP-echo\LWIP\App\lwip.c_save
2026-01-12 15:43:19,557 [INFO] CodeEngine:289 - Generated code: C:\Users\Chinnapop\Documents\lwIP_UDP_Nucleo-F767ZI\CubeIDE-F767-UDP-echo\LWIP\App\lwip.c
2026-01-12 15:43:19,564 [INFO] CodeEngine:265 - oldGeneratedFile, C:\Users\Chinnapop\Documents\lwIP_UDP_Nucleo-F767ZI\CubeIDE-F767-UDP-echo\LWIP\App\lwip.h_save
2026-01-12 15:43:19,668 [INFO] CodeEngine:289 - Generated code: C:\Users\Chinnapop\Documents\lwIP_UDP_Nucleo-F767ZI\CubeIDE-F767-UDP-echo\LWIP\App\lwip.h
2026-01-12 15:43:19,678 [INFO] CodeEngine:265 - oldGeneratedFile, C:\Users\Chinnapop\Documents\lwIP_UDP_Nucleo-F767ZI\CubeIDE-F767-UDP-echo\LWIP\Target\lwipopts.h_save
2026-01-12 15:43:19,970 [INFO] CodeEngine:289 - Generated code: C:\Users\Chinnapop\Documents\lwIP_UDP_Nucleo-F767ZI\CubeIDE-F767-UDP-echo\LWIP\Target\lwipopts.h
2026-01-12 15:43:19,979 [INFO] CodeEngine:265 - oldGeneratedFile, C:\Users\Chinnapop\Documents\lwIP_UDP_Nucleo-F767ZI\CubeIDE-F767-UDP-echo\LWIP\Target\ethernetif.c_save
2026-01-12 15:43:20,130 [INFO] CodeEngine:289 - Generated code: C:\Users\Chinnapop\Documents\lwIP_UDP_Nucleo-F767ZI\CubeIDE-F767-UDP-echo\LWIP\Target\ethernetif.c
2026-01-12 15:43:20,139 [INFO] CodeEngine:265 - oldGeneratedFile, C:\Users\Chinnapop\Documents\lwIP_UDP_Nucleo-F767ZI\CubeIDE-F767-UDP-echo\LWIP\Target\ethernetif.h_save
2026-01-12 15:43:20,222 [INFO] CodeEngine:289 - Generated code: C:\Users\Chinnapop\Documents\lwIP_UDP_Nucleo-F767ZI\CubeIDE-F767-UDP-echo\LWIP\Target\ethernetif.h
2026-01-12 15:43:20,242 [INFO] CodeEngine:265 - oldGeneratedFile, C:\Users\Chinnapop\Documents\lwIP_UDP_Nucleo-F767ZI\CubeIDE-F767-UDP-echo\Core\Src\stm32f7xx_it.c_save
2026-01-12 15:43:20,430 [INFO] CodeEngine:289 - Generated code: C:\Users\Chinnapop\Documents\lwIP_UDP_Nucleo-F767ZI\CubeIDE-F767-UDP-echo\Core\Src\stm32f7xx_it.c
2026-01-12 15:43:20,437 [INFO] CodeEngine:265 - oldGeneratedFile, C:\Users\Chinnapop\Documents\lwIP_UDP_Nucleo-F767ZI\CubeIDE-F767-UDP-echo\Core\Inc\stm32f7xx_it.h_save
2026-01-12 15:43:20,527 [INFO] CodeEngine:289 - Generated code: C:\Users\Chinnapop\Documents\lwIP_UDP_Nucleo-F767ZI\CubeIDE-F767-UDP-echo\Core\Inc\stm32f7xx_it.h
2026-01-12 15:43:20,553 [INFO] CodeEngine:265 - oldGeneratedFile, C:\Users\Chinnapop\Documents\lwIP_UDP_Nucleo-F767ZI\CubeIDE-F767-UDP-echo\Core\Src\stm32f7xx_hal_msp.c_save
2026-01-12 15:43:20,803 [INFO] CodeEngine:289 - Generated code: C:\Users\Chinnapop\Documents\lwIP_UDP_Nucleo-F767ZI\CubeIDE-F767-UDP-echo\Core\Src\stm32f7xx_hal_msp.c
2026-01-12 15:43:20,826 [INFO] CodeEngine:265 - oldGeneratedFile, C:\Users\Chinnapop\Documents\lwIP_UDP_Nucleo-F767ZI\CubeIDE-F767-UDP-echo\MXTmpFiles\system.tmp_save
2026-01-12 15:43:20,938 [INFO] CodeEngine:289 - Generated code: C:\Users\Chinnapop\Documents\lwIP_UDP_Nucleo-F767ZI\CubeIDE-F767-UDP-echo\MXTmpFiles\system.tmp
2026-01-12 15:43:20,979 [INFO] CodeEngine:321 - oldGeneratedFile, C:\Users\Chinnapop\Documents\lwIP_UDP_Nucleo-F767ZI\CubeIDE-F767-UDP-echo\Core\Inc\stm32f7xx_hal_conf.h_save
2026-01-12 15:43:21,200 [INFO] CodeEngine:345 - Generated code: C:\Users\Chinnapop\Documents\lwIP_UDP_Nucleo-F767ZI\CubeIDE-F767-UDP-echo\Core\Inc\stm32f7xx_hal_conf.h
2026-01-12 15:43:21,296 [INFO] ApiDbMcu:532 - Load IP Config File for RCC
2026-01-12 15:43:21,319 [INFO] CodeEngine:265 - oldGeneratedFile, C:\Users\Chinnapop\Documents\lwIP_UDP_Nucleo-F767ZI\CubeIDE-F767-UDP-echo\Core\Inc\main.h_save
2026-01-12 15:43:21,532 [INFO] CodeEngine:289 - Generated code: C:\Users\Chinnapop\Documents\lwIP_UDP_Nucleo-F767ZI\CubeIDE-F767-UDP-echo\Core\Inc\main.h
2026-01-12 15:43:21,549 [INFO] CodeEngine:265 - oldGeneratedFile, C:\Users\Chinnapop\Documents\lwIP_UDP_Nucleo-F767ZI\CubeIDE-F767-UDP-echo\Core\Src\main.c_save
2026-01-12 15:43:21,725 [INFO] CodeEngine:289 - Generated code: C:\Users\Chinnapop\Documents\lwIP_UDP_Nucleo-F767ZI\CubeIDE-F767-UDP-echo\Core\Src\main.c
2026-01-12 15:43:22,724 [INFO] ProjectBuilder:3606 - Time for Copy HAL[1] : 707mS.
2026-01-12 15:43:22,743 [INFO] ProjectBuilder:5216 - Project Generator version: 4.7.0-B52
2026-01-12 15:43:22,870 [INFO] ConfigFileManager:1595 - The Die is : DIE451
2026-01-12 15:43:22,884 [INFO] ApiDbMcu:532 - Load IP Config File for FATFS
2026-01-12 15:43:22,906 [INFO] ApiDbMcu:532 - Load IP Config File for FREERTOS
2026-01-12 15:43:22,923 [INFO] ApiDbMcu:532 - Load IP Config File for LIBJPEG
2026-01-12 15:43:22,949 [INFO] ApiDbMcu:532 - Load IP Config File for MBEDTLS
2026-01-12 15:43:22,979 [INFO] ApiDbMcu:532 - Load IP Config File for USB_DEVICE
2026-01-12 15:43:23,001 [INFO] ApiDbMcu:532 - Load IP Config File for USB_HOST
2026-01-12 15:43:23,953 [INFO] LogOutputStream:77 - [STDOUT_REDIRECT] 
2026-01-12 15:43:26,569 [INFO] ProjectBuilder:5496 - Time for Generating toolchain IDE Files: 3826mS.
2026-01-12 15:43:26,570 [INFO] ProjectBuilder:3463 - Time for Copy CMSIS : 1mS.
2026-01-12 15:43:26,580 [INFO] ProjectBuilder:3463 - Time for Copy CMSIS : 0mS.
2026-01-12 15:44:00,571 [INFO] WebApp:194 - Connection lost
2026-01-12 15:44:01,093 [INFO] WebApp:191 - Connection restablished
2026-01-12 15:44:03,018 [INFO] WebApp:194 - Connection lost
2026-01-12 15:44:03,830 [INFO] WebApp:191 - Connection restablished
2026-01-12 15:44:07,988 [INFO] WebApp:194 - Connection lost
2026-01-12 15:44:08,511 [INFO] WebApp:191 - Connection restablished
2026-01-12 16:05:13,045 [INFO] WebApp:194 - Connection lost
2026-01-12 16:05:13,274 [INFO] WebApp:191 - Connection restablished
2026-01-12 16:12:18,282 [INFO] WebApp:194 - Connection lost
2026-01-12 16:12:18,520 [INFO] WebApp:191 - Connection restablished
2026-01-12 16:12:20,564 [INFO] WebApp:194 - Connection lost
2026-01-12 16:12:20,803 [INFO] WebApp:191 - Connection restablished
2026-01-12 16:12:25,487 [INFO] WebApp:194 - Connection lost
2026-01-12 16:12:25,730 [INFO] WebApp:191 - Connection restablished
2026-01-12 16:12:57,701 [INFO] WebApp:194 - Connection lost
2026-01-12 16:12:57,914 [INFO] WebApp:191 - Connection restablished
2026-01-12 16:13:02,461 [INFO] WebApp:194 - Connection lost
2026-01-12 16:13:02,709 [INFO] WebApp:191 - Connection restablished
2026-01-12 16:13:06,656 [INFO] WebApp:194 - Connection lost
2026-01-12 16:13:06,876 [INFO] WebApp:191 - Connection restablished
2026-01-12 16:13:11,474 [INFO] WebApp:194 - Connection lost
2026-01-12 16:13:11,698 [INFO] WebApp:191 - Connection restablished
2026-01-12 16:15:47,125 [INFO] WebApp:194 - Connection lost
2026-01-12 16:15:47,410 [INFO] WebApp:191 - Connection restablished
2026-01-12 16:15:49,403 [INFO] WebApp:194 - Connection lost
2026-01-12 16:15:49,638 [INFO] WebApp:191 - Connection restablished
2026-01-12 16:15:54,478 [INFO] WebApp:194 - Connection lost
2026-01-12 16:15:54,713 [INFO] WebApp:191 - Connection restablished
2026-01-12 16:28:56,223 [INFO] WebApp:194 - Connection lost
2026-01-12 16:28:56,532 [INFO] WebApp:191 - Connection restablished
2026-01-12 16:28:58,528 [INFO] WebApp:194 - Connection lost
2026-01-12 16:28:58,944 [INFO] WebApp:191 - Connection restablished
2026-01-12 16:29:03,487 [INFO] WebApp:194 - Connection lost
2026-01-12 16:29:03,709 [INFO] WebApp:191 - Connection restablished
2026-01-12 16:32:09,770 [INFO] WebApp:194 - Connection lost
2026-01-12 16:32:10,054 [INFO] WebApp:191 - Connection restablished
2026-01-12 16:32:14,465 [INFO] WebApp:194 - Connection lost
2026-01-12 16:32:14,694 [INFO] WebApp:191 - Connection restablished
2026-01-12 16:32:18,656 [INFO] WebApp:194 - Connection lost
2026-01-12 16:32:18,914 [INFO] WebApp:191 - Connection restablished
2026-01-12 16:32:23,486 [INFO] WebApp:194 - Connection lost
2026-01-12 16:32:23,703 [INFO] WebApp:191 - Connection restablished
2026-01-12 16:32:48,460 [INFO] WebApp:194 - Connection lost
2026-01-12 16:32:48,690 [INFO] WebApp:191 - Connection restablished
2026-01-12 16:32:53,486 [INFO] WebApp:194 - Connection lost
2026-01-12 16:32:53,718 [INFO] WebApp:191 - Connection restablished
2026-01-12 16:33:06,179 [INFO] WebApp:194 - Connection lost
2026-01-12 16:33:06,419 [INFO] WebApp:191 - Connection restablished
2026-01-12 16:33:10,978 [INFO] WebApp:194 - Connection lost
2026-01-12 16:33:11,215 [INFO] WebApp:191 - Connection restablished
2026-01-12 16:34:18,891 [INFO] WebApp:194 - Connection lost
2026-01-12 16:34:19,146 [INFO] WebApp:191 - Connection restablished
2026-01-12 16:34:23,524 [INFO] WebApp:194 - Connection lost
2026-01-12 16:34:23,773 [INFO] WebApp:191 - Connection restablished
2026-01-12 16:34:28,255 [INFO] WebApp:194 - Connection lost
2026-01-12 16:34:28,522 [INFO] WebApp:191 - Connection restablished
2026-01-12 16:34:33,006 [INFO] WebApp:194 - Connection lost
2026-01-12 16:34:33,253 [INFO] WebApp:191 - Connection restablished
2026-01-12 16:35:31,976 [INFO] WebApp:194 - Connection lost
2026-01-12 16:35:32,211 [INFO] WebApp:191 - Connection restablished
2026-01-12 16:36:22,318 [ERROR] LogOutputStream:75 - [STDERR_REDIRECT] 
2026-01-12 16:36:22,323 [ERROR] LogOutputStream:75 - [STDERR_REDIRECT] 
