2025-07-22 08:32:41,305 [INFO] Activator:176 - 


2025-07-22 08:32:41,319 [INFO] Activator:177 - !SESSION log4j initialized
2025-07-22 08:32:50,902 [INFO] LogOutputStream:77 - [STDOUT_REDIRECT] 
2025-07-22 08:32:53,389 [INFO] ApplicationProperties:184 - Using Application install path: C:\ST\STM32CubeIDE_1.16.1\STM32CubeIDE\plugins\com.st.stm32cube.common.mx_6.15.0.202507011659
2025-07-22 08:32:53,408 [INFO] DbMcusXml:78 - Set database path to: C:\ST\STM32CubeIDE_1.16.1\STM32CubeIDE\plugins\com.st.stm32cube.common.mx_6.15.0.202507011659\\db\/mcu/
2025-07-22 08:32:53,408 [INFO] ApiDb:274 - Set plugin database path to: C:\ST\STM32CubeIDE_1.16.1\STM32CubeIDE\plugins\com.st.stm32cube.common.mx_6.15.0.202507011659\\db\/plugins/boardmanager/
2025-07-22 08:32:53,409 [WARN] ApiDb:259 - Overriding images path with different value:  => C:\ST\STM32CubeIDE_1.16.1\STM32CubeIDE\plugins\com.st.stm32cube.common.mx_6.15.0.202507011659\\db\/plugins/mcufinder/images/
2025-07-22 08:32:53,430 [INFO] ApiDb:250 - Set database path to: C:\Users\Chinnapop\.stmcufinder\plugins\mcufinder//mcu/
2025-07-22 08:32:53,432 [INFO] DbMcusAds:125 - Set database path to: C:\Users\Chinnapop\.stmcufinder\plugins\mcufinder//mcu/
2025-07-22 08:32:53,435 [INFO] CrossReferenceDbSqlite:203 - Set database path to: C:\Users\Chinnapop\.stmcufinder\plugins\mcufinder//mcu/cs/
2025-07-22 08:32:53,587 [INFO] RulesReader:64 - Compatibility file has been processed (317 Rules)
2025-07-22 08:32:53,712 [INFO] DbMcusXml:78 - Set database path to: C:\ST\STM32CubeIDE_1.16.1\STM32CubeIDE\plugins\com.st.stm32cube.common.mx_6.15.0.202507011659\\db\/mcu/
2025-07-22 08:32:53,712 [INFO] ApiDb:274 - Set plugin database path to: C:\ST\STM32CubeIDE_1.16.1\STM32CubeIDE\plugins\com.st.stm32cube.common.mx_6.15.0.202507011659\\db\/plugins/boardmanager/
2025-07-22 08:32:53,713 [INFO] ApiDb:261 - Set plugin images path to: C:\ST\STM32CubeIDE_1.16.1\STM32CubeIDE\plugins\com.st.stm32cube.common.mx_6.15.0.202507011659\\db\/plugins/mcufinder/images/
2025-07-22 08:32:53,713 [WARN] DbFile:41 - Overriding database path with different value: C:\Users\Chinnapop\.stmcufinder\plugins\mcufinder/ => C:\Users\Chinnapop\.stmcufinder\plugins\mcufinder
2025-07-22 08:32:53,713 [INFO] ApiDb:250 - Set database path to: C:\Users\Chinnapop\.stmcufinder\plugins\mcufinder//mcu/
2025-07-22 08:32:53,713 [WARN] DbFile:41 - Overriding database path with different value: C:\Users\Chinnapop\.stmcufinder\plugins\mcufinder/ => C:\Users\Chinnapop\.stmcufinder\plugins\mcufinder
2025-07-22 08:32:53,713 [INFO] DbMcusAds:125 - Set database path to: C:\Users\Chinnapop\.stmcufinder\plugins\mcufinder//mcu/
2025-07-22 08:32:53,713 [WARN] DbFile:41 - Overriding database path with different value: C:\Users\Chinnapop\.stmcufinder\plugins\mcufinder/ => C:\Users\Chinnapop\.stmcufinder\plugins\mcufinder
2025-07-22 08:32:53,713 [WARN] DbFile:41 - Overriding database path with different value: C:\Users\Chinnapop\.stmcufinder\plugins\mcufinder/ => C:\Users\Chinnapop\.stmcufinder\plugins\mcufinder
2025-07-22 08:32:53,713 [INFO] CrossReferenceDbSqlite:203 - Set database path to: C:\Users\Chinnapop\.stmcufinder\plugins\mcufinder//mcu/cs/
2025-07-22 08:32:53,812 [INFO] MainPanel:274 - HeapMemory: 268435456
2025-07-22 08:32:53,949 [INFO] DbMcusXml:78 - Set database path to: C:\ST\STM32CubeIDE_1.16.1\STM32CubeIDE\plugins\com.st.stm32cube.common.mx_6.15.0.202507011659\\db\/mcu/
2025-07-22 08:32:53,950 [INFO] ApiDb:274 - Set plugin database path to: C:\ST\STM32CubeIDE_1.16.1\STM32CubeIDE\plugins\com.st.stm32cube.common.mx_6.15.0.202507011659\\db\/plugins/boardmanager/
2025-07-22 08:32:53,950 [INFO] ApiDb:261 - Set plugin images path to: C:\ST\STM32CubeIDE_1.16.1\STM32CubeIDE\plugins\com.st.stm32cube.common.mx_6.15.0.202507011659\\db\/plugins/mcufinder/images/
2025-07-22 08:32:53,950 [WARN] DbFile:41 - Overriding database path with different value: C:\Users\Chinnapop\.stmcufinder\plugins\mcufinder/ => C:\Users\Chinnapop\.stmcufinder\plugins\mcufinder
2025-07-22 08:32:53,951 [INFO] ApiDb:250 - Set database path to: C:\Users\Chinnapop\.stmcufinder\plugins\mcufinder//mcu/
2025-07-22 08:32:53,951 [WARN] DbFile:41 - Overriding database path with different value: C:\Users\Chinnapop\.stmcufinder\plugins\mcufinder/ => C:\Users\Chinnapop\.stmcufinder\plugins\mcufinder
2025-07-22 08:32:53,951 [INFO] DbMcusAds:125 - Set database path to: C:\Users\Chinnapop\.stmcufinder\plugins\mcufinder//mcu/
2025-07-22 08:32:53,951 [WARN] DbFile:41 - Overriding database path with different value: C:\Users\Chinnapop\.stmcufinder\plugins\mcufinder/ => C:\Users\Chinnapop\.stmcufinder\plugins\mcufinder
2025-07-22 08:32:53,951 [WARN] DbFile:41 - Overriding database path with different value: C:\Users\Chinnapop\.stmcufinder\plugins\mcufinder/ => C:\Users\Chinnapop\.stmcufinder\plugins\mcufinder
2025-07-22 08:32:53,951 [INFO] CrossReferenceDbSqlite:203 - Set database path to: C:\Users\Chinnapop\.stmcufinder\plugins\mcufinder//mcu/cs/
2025-07-22 08:32:53,986 [INFO] ApplicationProperties:184 - Using Application install path: C:\ST\STM32CubeIDE_1.16.1\STM32CubeIDE\plugins\com.st.stm32cube.common.mx_6.15.0.202507011659
2025-07-22 08:32:53,989 [INFO] PluginManage:196 - Search for loadable plugins [exclusion list=, ]
2025-07-22 08:32:53,991 [INFO] PluginManage:310 - Check plugin analytics
2025-07-22 08:32:54,219 [INFO] AnalyticsPlugin:253 - Accepted Software Licenses: 
2025-07-22 08:32:54,219 [INFO] AnalyticsPlugin:255 - Accepted CMSIS Pack Licenses: 
2025-07-22 08:32:54,220 [INFO] AnalyticsPlugin:257 - Accepted Firmware Licenses: FW.F7.1.17.0
2025-07-22 08:32:54,224 [INFO] PluginManage:359 - Loaded plugin analytics (category:tool,tabindex:-1)
2025-07-22 08:32:54,225 [INFO] PluginManage:310 - Check plugin cadmodel
2025-07-22 08:32:54,237 [INFO] CADModel:105 - Init CAD model plugin
2025-07-22 08:32:54,237 [INFO] PluginManage:359 - Loaded plugin cadmodel (category:power,tabindex:5)
2025-07-22 08:32:54,238 [INFO] PluginManage:310 - Check plugin clock
2025-07-22 08:32:54,260 [INFO] PluginManage:359 - Loaded plugin clock (category:base,tabindex:2)
2025-07-22 08:32:54,260 [INFO] PluginManage:310 - Check plugin ddr
2025-07-22 08:32:54,265 [INFO] PluginManage:359 - Loaded plugin ddr (category:tool,tabindex:6)
2025-07-22 08:32:54,267 [INFO] PluginManage:310 - Check plugin filemanager
2025-07-22 08:32:54,492 [INFO] PluginManage:359 - Loaded plugin filemanager (category:base,tabindex:10)
2025-07-22 08:32:54,492 [INFO] PluginManage:310 - Check plugin ipmanager
2025-07-22 08:32:54,503 [INFO] PluginManage:359 - Loaded plugin ipmanager (category:base,tabindex:5)
2025-07-22 08:32:54,503 [INFO] PluginManage:310 - Check plugin lpbam
2025-07-22 08:32:54,521 [INFO] PluginManage:359 - Loaded plugin lpbam (category:base,tabindex:0)
2025-07-22 08:32:54,521 [INFO] PluginManage:310 - Check plugin memorymap
2025-07-22 08:32:54,558 [INFO] PluginManage:359 - Loaded plugin memorymap (category:base,tabindex:4)
2025-07-22 08:32:54,559 [INFO] PluginManage:310 - Check plugin pinoutandconfiguration
2025-07-22 08:32:54,581 [INFO] PluginManage:359 - Loaded plugin pinoutandconfiguration (category:base,tabindex:1)
2025-07-22 08:32:54,581 [INFO] PluginManage:310 - Check plugin pinoutconfig
2025-07-22 08:32:54,695 [WARN] SupportedApi:132 - Cannot load RTOS API schema: s4s-elt-must-match.1: The content of 'definitions' must match (annotation?, (simpleType | complexType)?, (unique | key | keyref)*)). A problem was found starting at: attribute.
2025-07-22 08:32:54,924 [INFO] PluginManage:359 - Loaded plugin pinoutconfig (category:base,tabindex:0)
2025-07-22 08:32:54,925 [INFO] PluginManage:310 - Check plugin power
2025-07-22 08:32:54,944 [INFO] PluginManage:359 - Loaded plugin power (category:power,tabindex:4)
2025-07-22 08:32:54,944 [INFO] PluginManage:310 - Check plugin projectmanager
2025-07-22 08:32:54,966 [INFO] PluginManage:359 - Loaded plugin projectmanager (category:projectmanager,tabindex:4)
2025-07-22 08:32:54,966 [INFO] PluginManage:310 - Check plugin rif
2025-07-22 08:32:54,982 [INFO] PluginManage:359 - Loaded plugin rif (category:base,tabindex:3)
2025-07-22 08:32:54,982 [INFO] PluginManage:310 - Check plugin thirdparty
2025-07-22 08:32:55,253 [WARN] IntegrityCheckThread:84 - waiting for thirdparty lock release [integrity check]
2025-07-22 08:32:55,254 [INFO] IntegrityCheckThread:86 - entering critical section [integrity check]
2025-07-22 08:32:55,255 [INFO] ThirdPartyUpdaterWithRetryManager:70 - Updater plugin not ready yet. [1/15]
2025-07-22 08:32:55,257 [INFO] PluginManage:359 - Loaded plugin thirdparty (category:base,tabindex:-1)
2025-07-22 08:32:55,257 [INFO] PluginManage:310 - Check plugin tools
2025-07-22 08:32:55,268 [INFO] PluginManage:359 - Loaded plugin tools (category:base,tabindex:7)
2025-07-22 08:32:55,268 [INFO] PluginManage:310 - Check plugin tutovideos
2025-07-22 08:32:55,658 [INFO] PluginManage:359 - Loaded plugin tutovideos (category:base,tabindex:-1)
2025-07-22 08:32:55,658 [INFO] PluginManage:310 - Check plugin updater
2025-07-22 08:32:55,719 [INFO] PluginManage:359 - Loaded plugin updater (category:base,tabindex:12)
2025-07-22 08:32:55,719 [INFO] PluginManage:310 - Check plugin userauth
2025-07-22 08:32:55,727 [INFO] UserAuth:118 - Init User Auth plugin
2025-07-22 08:32:55,730 [INFO] PluginManage:359 - Loaded plugin userauth (category:base,tabindex:14)
2025-07-22 08:32:55,731 [INFO] PluginManage:283 - PluginManage : Loaded plugins [18]
2025-07-22 08:32:56,079 [INFO] PinOutPanel:1589 - setPackage(No Configuration,No Configuration)
2025-07-22 08:32:56,191 [INFO] CADModel:165 - CPN selected for project level
2025-07-22 08:32:56,191 [INFO] CADModel:114 - Register for checkConnection events
2025-07-22 08:32:56,215 [INFO] IPUIPlugin:80 - create IPUIPlugin
2025-07-22 08:32:56,215 [INFO] PluginManager:220 - loadIPPluginJar : add adc
2025-07-22 08:32:56,222 [INFO] IPUIPlugin:80 - create IPUIPlugin
2025-07-22 08:32:56,222 [INFO] PluginManager:220 - loadIPPluginJar : add aes
2025-07-22 08:32:56,228 [INFO] IPUIPlugin:80 - create IPUIPlugin
2025-07-22 08:32:56,228 [INFO] PluginManager:220 - loadIPPluginJar : add can
2025-07-22 08:32:56,233 [INFO] IPUIPlugin:80 - create IPUIPlugin
2025-07-22 08:32:56,233 [INFO] PluginManager:220 - loadIPPluginJar : add comp
2025-07-22 08:32:56,239 [INFO] IPUIPlugin:80 - create IPUIPlugin
2025-07-22 08:32:56,239 [INFO] PluginManager:220 - loadIPPluginJar : add cryp
2025-07-22 08:32:56,248 [INFO] IPUIPlugin:80 - create IPUIPlugin
2025-07-22 08:32:56,248 [INFO] PluginManager:220 - loadIPPluginJar : add ddr_ctrl_phy
2025-07-22 08:32:56,256 [INFO] IPUIPlugin:80 - create IPUIPlugin
2025-07-22 08:32:56,257 [INFO] PluginManager:220 - loadIPPluginJar : add dfsdm
2025-07-22 08:32:56,270 [INFO] IPUIPlugin:80 - create IPUIPlugin
2025-07-22 08:32:56,271 [INFO] PluginManager:220 - loadIPPluginJar : add dma
2025-07-22 08:32:56,280 [INFO] IPUIPlugin:80 - create IPUIPlugin
2025-07-22 08:32:56,280 [INFO] PluginManager:220 - loadIPPluginJar : add dma3
2025-07-22 08:32:56,290 [INFO] IPUIPlugin:80 - create IPUIPlugin
2025-07-22 08:32:56,290 [INFO] PluginManager:220 - loadIPPluginJar : add extmemmanager
2025-07-22 08:32:56,297 [INFO] IPUIPlugin:80 - create IPUIPlugin
2025-07-22 08:32:56,298 [INFO] PluginManager:220 - loadIPPluginJar : add fatfs
2025-07-22 08:32:56,312 [INFO] IPUIPlugin:80 - create IPUIPlugin
2025-07-22 08:32:56,312 [INFO] PluginManager:220 - loadIPPluginJar : add fmc
2025-07-22 08:32:56,333 [INFO] IPUIPlugin:80 - create IPUIPlugin
2025-07-22 08:32:56,334 [INFO] PluginManager:220 - loadIPPluginJar : add freertos
2025-07-22 08:32:56,342 [INFO] IPUIPlugin:80 - create IPUIPlugin
2025-07-22 08:32:56,343 [INFO] PluginManager:220 - loadIPPluginJar : add genericplugin
2025-07-22 08:32:56,352 [INFO] IPUIPlugin:80 - create IPUIPlugin
2025-07-22 08:32:56,353 [INFO] PluginManager:220 - loadIPPluginJar : add gfxmmu
2025-07-22 08:32:56,367 [INFO] IPUIPlugin:80 - create IPUIPlugin
2025-07-22 08:32:56,367 [INFO] PluginManager:220 - loadIPPluginJar : add gic
2025-07-22 08:32:56,378 [INFO] IPUIPlugin:80 - create IPUIPlugin
2025-07-22 08:32:56,378 [INFO] PluginManager:220 - loadIPPluginJar : add gpio
2025-07-22 08:32:56,386 [INFO] IPUIPlugin:80 - create IPUIPlugin
2025-07-22 08:32:56,386 [INFO] PluginManager:220 - loadIPPluginJar : add gtzc
2025-07-22 08:32:56,392 [INFO] IPUIPlugin:80 - create IPUIPlugin
2025-07-22 08:32:56,392 [INFO] PluginManager:220 - loadIPPluginJar : add hash
2025-07-22 08:32:56,399 [INFO] IPUIPlugin:80 - create IPUIPlugin
2025-07-22 08:32:56,399 [INFO] PluginManager:220 - loadIPPluginJar : add i2c
2025-07-22 08:32:56,405 [INFO] IPUIPlugin:80 - create IPUIPlugin
2025-07-22 08:32:56,405 [INFO] PluginManager:220 - loadIPPluginJar : add i2s
2025-07-22 08:32:56,411 [INFO] IPUIPlugin:80 - create IPUIPlugin
2025-07-22 08:32:56,412 [INFO] PluginManager:220 - loadIPPluginJar : add i3c
2025-07-22 08:32:56,418 [INFO] IPUIPlugin:80 - create IPUIPlugin
2025-07-22 08:32:56,419 [INFO] PluginManager:220 - loadIPPluginJar : add ipddr
2025-07-22 08:32:56,434 [INFO] IPUIPlugin:80 - create IPUIPlugin
2025-07-22 08:32:56,435 [INFO] PluginManager:220 - loadIPPluginJar : add linkedlist
2025-07-22 08:32:56,446 [INFO] IPUIPlugin:80 - create IPUIPlugin
2025-07-22 08:32:56,447 [INFO] PluginManager:220 - loadIPPluginJar : add lorawan
2025-07-22 08:32:56,455 [INFO] IPUIPlugin:80 - create IPUIPlugin
2025-07-22 08:32:56,455 [INFO] PluginManager:220 - loadIPPluginJar : add ltdc
2025-07-22 08:32:56,471 [INFO] IPUIPlugin:80 - create IPUIPlugin
2025-07-22 08:32:56,471 [INFO] PluginManager:220 - loadIPPluginJar : add mdma
2025-07-22 08:32:56,482 [INFO] IPUIPlugin:80 - create IPUIPlugin
2025-07-22 08:32:56,482 [INFO] PluginManager:220 - loadIPPluginJar : add nvic
2025-07-22 08:32:56,492 [INFO] IPUIPlugin:80 - create IPUIPlugin
2025-07-22 08:32:56,492 [INFO] PluginManager:220 - loadIPPluginJar : add opamp
2025-07-22 08:32:56,500 [INFO] IPUIPlugin:80 - create IPUIPlugin
2025-07-22 08:32:56,500 [INFO] PluginManager:220 - loadIPPluginJar : add openamp
2025-07-22 08:32:56,510 [INFO] IPUIPlugin:80 - create IPUIPlugin
2025-07-22 08:32:56,511 [INFO] PluginManager:220 - loadIPPluginJar : add pdm2pcm
2025-07-22 08:32:56,526 [INFO] IPUIPlugin:80 - create IPUIPlugin
2025-07-22 08:32:56,529 [INFO] PluginManager:220 - loadIPPluginJar : add plateformsettings
2025-07-22 08:32:56,535 [INFO] IPUIPlugin:80 - create IPUIPlugin
2025-07-22 08:32:56,536 [INFO] PluginManager:220 - loadIPPluginJar : add quadspi
2025-07-22 08:32:56,544 [INFO] IPUIPlugin:80 - create IPUIPlugin
2025-07-22 08:32:56,544 [INFO] PluginManager:220 - loadIPPluginJar : add radio
2025-07-22 08:32:56,557 [INFO] IPUIPlugin:80 - create IPUIPlugin
2025-07-22 08:32:56,557 [INFO] PluginManager:220 - loadIPPluginJar : add resmgrutility
2025-07-22 08:32:56,566 [INFO] IPUIPlugin:80 - create IPUIPlugin
2025-07-22 08:32:56,567 [INFO] PluginManager:220 - loadIPPluginJar : add sai
2025-07-22 08:32:56,574 [INFO] IPUIPlugin:80 - create IPUIPlugin
2025-07-22 08:32:56,575 [INFO] PluginManager:220 - loadIPPluginJar : add spi
2025-07-22 08:32:56,589 [INFO] IPUIPlugin:80 - create IPUIPlugin
2025-07-22 08:32:56,589 [INFO] PluginManager:220 - loadIPPluginJar : add stm32_wpan
2025-07-22 08:32:56,597 [INFO] IPUIPlugin:80 - create IPUIPlugin
2025-07-22 08:32:56,598 [INFO] PluginManager:220 - loadIPPluginJar : add tim
2025-07-22 08:32:56,607 [INFO] IPUIPlugin:80 - create IPUIPlugin
2025-07-22 08:32:56,607 [INFO] PluginManager:220 - loadIPPluginJar : add touchsensing
2025-07-22 08:32:56,618 [INFO] IPUIPlugin:80 - create IPUIPlugin
2025-07-22 08:32:56,618 [INFO] PluginManager:220 - loadIPPluginJar : add tracer_emb
2025-07-22 08:32:56,633 [INFO] IPUIPlugin:80 - create IPUIPlugin
2025-07-22 08:32:56,633 [INFO] PluginManager:220 - loadIPPluginJar : add ts
2025-07-22 08:32:56,639 [INFO] IPUIPlugin:80 - create IPUIPlugin
2025-07-22 08:32:56,639 [INFO] PluginManager:220 - loadIPPluginJar : add tsc
2025-07-22 08:32:56,643 [INFO] IPUIPlugin:80 - create IPUIPlugin
2025-07-22 08:32:56,643 [INFO] PluginManager:220 - loadIPPluginJar : add ucpd
2025-07-22 08:32:56,653 [INFO] IPUIPlugin:80 - create IPUIPlugin
2025-07-22 08:32:56,653 [INFO] PluginManager:220 - loadIPPluginJar : add usart
2025-07-22 08:32:56,660 [INFO] IPUIPlugin:80 - create IPUIPlugin
2025-07-22 08:32:56,661 [INFO] PluginManager:220 - loadIPPluginJar : add usbx
2025-07-22 08:32:56,830 [FATAL] Updater:351 - Updater called before beeing initialized
2025-07-22 08:32:56,897 [INFO] RulesReader:64 - Compatibility file has been processed (317 Rules)
2025-07-22 08:32:56,914 [INFO] RulesReader:64 - Compatibility file has been processed (317 Rules)
2025-07-22 08:32:56,945 [INFO] CADModel:165 - CPN selected for project level
2025-07-22 08:32:56,945 [INFO] CADModel:114 - Register for checkConnection events
2025-07-22 08:32:56,946 [FATAL] Updater:351 - Updater called before beeing initialized
2025-07-22 08:32:56,946 [ERROR] CADModel:125 - Updater not yet initialized, retry later 
2025-07-22 08:32:57,110 [FATAL] Updater:351 - Updater called before beeing initialized
2025-07-22 08:32:57,112 [INFO] CADModel:165 - CPN selected for project level
2025-07-22 08:32:57,112 [INFO] CADModel:114 - Register for checkConnection events
2025-07-22 08:32:57,112 [FATAL] Updater:351 - Updater called before beeing initialized
2025-07-22 08:32:57,112 [ERROR] CADModel:125 - Updater not yet initialized, retry later 
2025-07-22 08:32:57,115 [FATAL] Updater:351 - Updater called before beeing initialized
2025-07-22 08:32:57,230 [FATAL] Updater:351 - Updater called before beeing initialized
2025-07-22 08:32:57,233 [INFO] DbMcusAds:53 - JSON generation date=Tue Jul 08 15:14:23 ICT 2025 (1751962463562)
2025-07-22 08:32:57,234 [FATAL] Updater:351 - Updater called before beeing initialized
2025-07-22 08:32:57,286 [WARN] DetailPanel:346 - Failed to get advertising image, set to default
2025-07-22 08:32:57,383 [FATAL] Updater:351 - Updater called before beeing initialized
2025-07-22 08:32:57,385 [FATAL] Updater:351 - Updater called before beeing initialized
2025-07-22 08:32:57,385 [FATAL] Updater:351 - Updater called before beeing initialized
2025-07-22 08:32:57,385 [WARN] DetailPanel:346 - Failed to get advertising image, set to default
2025-07-22 08:32:57,386 [FATAL] Updater:351 - Updater called before beeing initialized
2025-07-22 08:32:57,439 [ERROR] Updater:1198 - MainUpdater not yet initialized. External WinMGr cannot be set.
2025-07-22 08:32:57,445 [INFO] Updater:1134 - Updater Version found : 6.15.0
2025-07-22 08:32:57,466 [INFO] ApplicationProperties:184 - Using Application install path: C:\ST\STM32CubeIDE_1.16.1\STM32CubeIDE\plugins\com.st.stm32cube.common.mx_6.15.0.202507011659
2025-07-22 08:32:58,256 [INFO] ThirdPartyUpdaterWithRetryManager:70 - Updater plugin not ready yet. [2/15]
2025-07-22 08:32:59,046 [ERROR] LogOutputStream:75 - [STDERR_REDIRECT] Jul 22, 2025 8:32:59 AM java.util.prefs.WindowsPreferences <init>
2025-07-22 08:32:59,048 [ERROR] LogOutputStream:75 - [STDERR_REDIRECT] WARNING: Could not open/create prefs root node Software\JavaSoft\Prefs at root 0xffffffff80000002. Windows RegCreateKeyEx(...) returned error code 5.
2025-07-22 08:32:59,049 [ERROR] LogOutputStream:75 - [STDERR_REDIRECT] 
2025-07-22 08:33:00,180 [INFO] MainUpdater:2872 - connection check result : 10
2025-07-22 08:33:00,180 [INFO] MainUpdater:289 - Updater Check For Update Now.
2025-07-22 08:33:00,181 [INFO] MicroXplorer:498 - Change Database Version : DB.6.0.150
2025-07-22 08:33:00,197 [INFO] McuFinderGlobals:63 - Set McuFinder mode to 2 (CubeIDE integrated)
2025-07-22 08:33:00,198 [INFO] UserAuth:487 - Internet connection configuration mode: 1
2025-07-22 08:33:00,228 [INFO] JxBrowserEngine:152 - Initiate JxBrowser Engine with user profile folder
2025-07-22 08:33:00,356 [INFO] CheckServerUpdateThread:120 - End of CheckServer Thread
2025-07-22 08:33:01,879 [WARN] PackLoader:240 - Cannot read IP mode file for STMicroelectronics.FP-SNS-MOTENVWB1.1.4.0
2025-07-22 08:33:01,902 [WARN] PackLoader:240 - Cannot read IP mode file for STMicroelectronics.FP-ATR-ASTRA1.2.0.2
2025-07-22 08:33:01,909 [WARN] PackLoader:240 - Cannot read IP mode file for STMicroelectronics.FP-ATR-ASTRA1.2.0.1
2025-07-22 08:33:01,924 [WARN] PackLoader:240 - Cannot read IP mode file for STMicroelectronics.X-CUBE-SMBUS.2.1.0
2025-07-22 08:33:01,932 [INFO] WebApp:169 - Instantiating new browser for Auth
2025-07-22 08:33:01,935 [WARN] PackLoader:240 - Cannot read IP mode file for STMicroelectronics.X-CUBE-WB05N.1.1.0
2025-07-22 08:33:01,945 [WARN] PackLoader:240 - Cannot read IP mode file for STMicroelectronics.X-CUBE-ST60.1.0.0
2025-07-22 08:33:02,001 [WARN] PackLoader:240 - Cannot read IP mode file for STMicroelectronics.X-CUBE-AZRTOS-F7.1.1.0
2025-07-22 08:33:02,097 [WARN] PackLoader:240 - Cannot read IP mode file for STMicroelectronics.X-CUBE-MEMS1.11.0.0
2025-07-22 08:33:02,294 [WARN] PackLoader:240 - Cannot read IP mode file for STMicroelectronics.FP-SNS-FLIGHT1.5.0.2
2025-07-22 08:33:02,393 [WARN] PackLoader:240 - Cannot read IP mode file for STMicroelectronics.X-CUBE-AZRTOS-H7.3.4.0
2025-07-22 08:33:02,415 [WARN] PackLoader:240 - Cannot read IP mode file for STMicroelectronics.X-CUBE-DISPLAY.3.0.0
2025-07-22 08:33:02,442 [WARN] PackLoader:240 - Cannot read IP mode file for STMicroelectronics.X-CUBE-BLE1.7.0.0
2025-07-22 08:33:02,453 [WARN] PackLoader:240 - Cannot read IP mode file for STMicroelectronics.X-CUBE-NFC10.1.0.0
2025-07-22 08:33:02,470 [WARN] PackLoader:240 - Cannot read IP mode file for STMicroelectronics.X-CUBE-BLEMGR.4.0.0
2025-07-22 08:33:02,485 [WARN] PackLoader:240 - Cannot read IP mode file for emotas.I-CUBE-CANOPEN.1.3.0
2025-07-22 08:33:02,497 [WARN] PackLoader:240 - Cannot read IP mode file for STMicroelectronics.X-CUBE-BLEMGR.3.1.0
2025-07-22 08:33:02,504 [WARN] PackLoader:240 - Cannot read IP mode file for STMicroelectronics.X-CUBE-AI.10.0.0
2025-07-22 08:33:02,512 [WARN] PackLoader:240 - Cannot read IP mode file for STMicroelectronics.FP-SNS-SMARTAG2.1.2.0
2025-07-22 08:33:02,518 [WARN] PackLoader:240 - Cannot read IP mode file for STMicroelectronics.FP-SNS-FLIGHT1.5.1.0
2025-07-22 08:33:02,569 [WARN] PackLoader:240 - Cannot read IP mode file for STMicroelectronics.X-CUBE-MEMS1.11.1.0
2025-07-22 08:33:02,668 [INFO] LogOutputStream:77 - [STDOUT_REDIRECT] 1 : Invalid condition id : UX_CORESTACK_Condition cause : null
2025-07-22 08:33:02,670 [INFO] LogOutputStream:77 - [STDOUT_REDIRECT] 1 : Invalid condition id : UX_CORESTACK_Condition cause : null
2025-07-22 08:33:02,672 [INFO] LogOutputStream:77 - [STDOUT_REDIRECT] 1 : Invalid condition id : UX_CORESTACK_Condition cause : null
2025-07-22 08:33:02,675 [INFO] LogOutputStream:77 - [STDOUT_REDIRECT] 1 : Invalid condition id : UX_CORESTACK_Condition cause : null
2025-07-22 08:33:02,677 [INFO] LogOutputStream:77 - [STDOUT_REDIRECT] 1 : Invalid condition id : UX_CORESTACK_Condition cause : null
2025-07-22 08:33:02,680 [WARN] PackLoader:240 - Cannot read IP mode file for STMicroelectronics.X-CUBE-AZRTOS-WL.2.0.0
2025-07-22 08:33:02,689 [WARN] PackLoader:240 - Cannot read IP mode file for STMicroelectronics.FP-SNS-MOTENV1.5.0.0
2025-07-22 08:33:02,696 [WARN] PackLoader:240 - Cannot read IP mode file for wolfSSL.I-CUBE-wolfMQTT.1.19.0
2025-07-22 08:33:02,711 [WARN] PackLoader:240 - Cannot read IP mode file for WES.I-CUBE-Cesium.1.3.0
2025-07-22 08:33:02,716 [WARN] PackLoader:240 - Cannot read IP mode file for STMicroelectronics.X-CUBE-BLE2.3.3.0
2025-07-22 08:33:02,726 [WARN] PackLoader:240 - Cannot read IP mode file for STMicroelectronics.X-CUBE-NFC9.1.0.0
2025-07-22 08:33:02,733 [WARN] PackLoader:240 - Cannot read IP mode file for STMicroelectronics.X-CUBE-BLE1.7.1.0
2025-07-22 08:33:02,741 [WARN] PackLoader:240 - Cannot read IP mode file for STMicroelectronics.X-CUBE-TCPP.4.1.0
2025-07-22 08:33:02,750 [WARN] PackLoader:240 - Cannot read IP mode file for STMicroelectronics.X-CUBE-EEPRMA1.5.2.0
2025-07-22 08:33:02,757 [WARN] PackLoader:240 - Cannot read IP mode file for STMicroelectronics.X-CUBE-AI.10.1.0
2025-07-22 08:33:02,813 [WARN] PackLoader:240 - Cannot read IP mode file for STMicroelectronics.X-CUBE-MEMS1.11.2.0
2025-07-22 08:33:02,921 [WARN] PackLoader:240 - Cannot read IP mode file for STMicroelectronics.X-CUBE-AZRTOS-G0.1.1.0
2025-07-22 08:33:02,933 [WARN] PackLoader:240 - Cannot read IP mode file for STMicroelectronics.X-CUBE-SAFEA1.1.2.2
2025-07-22 08:33:02,944 [WARN] PackLoader:240 - Cannot read IP mode file for STMicroelectronics.X-CUBE-NFC4.3.0.0
2025-07-22 08:33:02,956 [WARN] PackLoader:240 - Cannot read IP mode file for EmbeddedOffice.I-CUBE-FS-RTOS.1.0.1
2025-07-22 08:33:02,964 [WARN] PackLoader:240 - Cannot read IP mode file for STMicroelectronics.X-CUBE-WB05N.2.0.0
2025-07-22 08:33:02,970 [WARN] PackLoader:240 - Cannot read IP mode file for STMicroelectronics.X-CUBE-TCPP.4.2.0
2025-07-22 08:33:02,981 [WARN] PackLoader:240 - Cannot read IP mode file for RealThread.X-CUBE-RT-Thread_Nano.4.1.1
2025-07-22 08:33:02,988 [WARN] PackLoader:240 - Cannot read IP mode file for STMicroelectronics.FP-ATR-SIGFOX1.3.2.0
2025-07-22 08:33:02,996 [WARN] ConditionMgr:438 - getConditionDescription Invalid condition id : Cortex-A Device cause : null
2025-07-22 08:33:03,018 [WARN] ConditionMgr:1044 - genDependencies : Invalid condition id : Cortex-A Device cause : null
2025-07-22 08:33:03,019 [WARN] ConditionMgr:1044 - genDependencies : Invalid condition id : Cortex-A Device cause : null
2025-07-22 08:33:03,019 [WARN] ConditionMgr:1044 - genDependencies : Invalid condition id : Cortex-A Device cause : null
2025-07-22 08:33:03,024 [WARN] PackLoader:240 - Cannot read IP mode file for STMicroelectronics.X-CUBE-EEPRMA1.5.1.0
2025-07-22 08:33:03,031 [WARN] PackLoader:240 - Cannot read IP mode file for wolfSSL.I-CUBE-wolfSSL.5.7.4
2025-07-22 08:33:03,037 [WARN] PackLoader:240 - Cannot read IP mode file for ITTIA_DB.I-CUBE-ITTIADB.8.9.0
2025-07-22 08:33:03,050 [WARN] PackLoader:240 - Cannot read IP mode file for STMicroelectronics.X-CUBE-ST67W61.1.0.0
2025-07-22 08:33:03,085 [WARN] PackLoader:240 - Cannot read IP mode file for SEGGER.I-CUBE-embOS.1.3.1
2025-07-22 08:33:03,140 [WARN] PackLoader:240 - Cannot read IP mode file for STMicroelectronics.X-CUBE-ALGOBUILD.1.4.0
2025-07-22 08:33:03,229 [WARN] PackLoader:240 - Cannot read IP mode file for STMicroelectronics.X-CUBE-MEMS1.11.3.0
2025-07-22 08:33:03,341 [WARN] PackLoader:240 - Cannot read IP mode file for STMicroelectronics.X-CUBE-AI.9.1.0
2025-07-22 08:33:03,348 [WARN] PackLoader:240 - Cannot read IP mode file for STMicroelectronics.X-CUBE-PM33A1.1.0.0
2025-07-22 08:33:03,361 [WARN] PackLoader:240 - Cannot read IP mode file for STMicroelectronics.X-CUBE-AZRTOS-F4.1.1.0
2025-07-22 08:33:03,380 [WARN] PackLoader:240 - Cannot read IP mode file for Avnet-IotConnect.X-CUBE-IoTC-DA16k-PMOD.1.0.0
2025-07-22 08:33:03,390 [WARN] PackLoader:240 - Cannot read IP mode file for STMicroelectronics.X-CUBE-ISPU.2.1.0
2025-07-22 08:33:03,397 [WARN] PackLoader:240 - Cannot read IP mode file for STMicroelectronics.X-CUBE-FREERTOS.1.2.0
2025-07-22 08:33:03,407 [WARN] PackLoader:240 - Cannot read IP mode file for STMicroelectronics.X-CUBE-NFC12.1.0.0
2025-07-22 08:33:03,426 [WARN] PackLoader:240 - Cannot read IP mode file for STMicroelectronics.X-CUBE-AZRTOS-L5.2.0.0
2025-07-22 08:33:03,439 [WARN] PackLoader:240 - Cannot read IP mode file for STMicroelectronics.X-CUBE-NFC6.3.1.0
2025-07-22 08:33:03,449 [WARN] PackLoader:240 - Cannot read IP mode file for STMicroelectronics.X-CUBE-DPower.1.2.0
2025-07-22 08:33:03,456 [WARN] PackLoader:240 - Cannot read IP mode file for STMicroelectronics.X-CUBE-FREERTOS.1.3.1
2025-07-22 08:33:03,463 [WARN] PackLoader:240 - Cannot read IP mode file for STMicroelectronics.X-CUBE-FREERTOS.1.3.0
2025-07-22 08:33:03,469 [WARN] PackLoader:240 - Cannot read IP mode file for STMicroelectronics.X-CUBE-NFC7.1.0.1
2025-07-22 08:33:03,478 [WARN] PackLoader:240 - Cannot read IP mode file for STMicroelectronics.FP-SNS-STAIOTCFT.1.0.0
2025-07-22 08:33:03,486 [WARN] PackLoader:240 - Cannot read IP mode file for STMicroelectronics.X-CUBE-DPower.1.3.0
2025-07-22 08:33:03,504 [WARN] ConditionMgr:438 - getConditionDescription Invalid condition id : LAN8742 Phy interface Condition cause : null
2025-07-22 08:33:03,505 [WARN] PackLoader:240 - Cannot read IP mode file for STMicroelectronics.X-CUBE-AZRTOS-L4.2.0.0
2025-07-22 08:33:03,506 [WARN] ConditionMgr:1044 - genDependencies : Invalid condition id : LAN8742 Phy interface Condition cause : null
2025-07-22 08:33:03,506 [WARN] ConditionMgr:1044 - genDependencies : Invalid condition id : LAN8742 Phy interface Condition cause : null
2025-07-22 08:33:03,507 [WARN] ConditionMgr:1044 - genDependencies : Invalid condition id : LAN8742 Phy interface Condition cause : null
2025-07-22 08:33:03,518 [WARN] PackLoader:240 - Cannot read IP mode file for STMicroelectronics.X-CUBE-SFXS2LP1.4.0.0
2025-07-22 08:33:03,539 [WARN] PackLoader:240 - Cannot read IP mode file for STMicroelectronics.X-CUBE-AZRTOS-H7.3.3.0
2025-07-22 08:33:03,555 [WARN] PackLoader:240 - Cannot read IP mode file for STMicroelectronics.X-CUBE-BLEMGR.4.1.0
2025-07-22 08:33:03,570 [WARN] PackLoader:240 - Cannot read IP mode file for STMicroelectronics.X-CUBE-IPS.3.0.0
2025-07-22 08:33:03,582 [WARN] ConditionMgr:438 - getConditionDescription Invalid condition id : UX DEVICE CLASS RTOS Condition cause : null
2025-07-22 08:33:03,583 [WARN] ConditionMgr:438 - getConditionDescription Invalid condition id : UX DEVICE CLASS RTOS Condition cause : null
2025-07-22 08:33:03,585 [WARN] PackLoader:240 - Cannot read IP mode file for STMicroelectronics.X-CUBE-AZRTOS-WB.2.0.0
2025-07-22 08:33:03,585 [WARN] ConditionMgr:1044 - genDependencies : Invalid condition id : UX DEVICE CLASS RTOS Condition cause : null
2025-07-22 08:33:03,585 [WARN] ConditionMgr:1044 - genDependencies : Invalid condition id : UX DEVICE CLASS RTOS Condition cause : null
2025-07-22 08:33:03,586 [WARN] ConditionMgr:1044 - genDependencies : Invalid condition id : UX DEVICE CLASS RTOS Condition cause : null
2025-07-22 08:33:03,586 [WARN] ConditionMgr:1044 - genDependencies : Invalid condition id : UX DEVICE CLASS RTOS Condition cause : null
2025-07-22 08:33:03,587 [WARN] ConditionMgr:1044 - genDependencies : Invalid condition id : UX DEVICE CLASS RTOS Condition cause : null
2025-07-22 08:33:03,595 [WARN] PackLoader:240 - Cannot read IP mode file for STMicroelectronics.X-CUBE-GNSS1.7.0.0
2025-07-22 08:33:03,602 [WARN] PackLoader:240 - Cannot read IP mode file for STMicroelectronics.X-CUBE-GNSS1.7.0.1
2025-07-22 08:33:03,616 [WARN] PackLoader:240 - Cannot read IP mode file for STMicroelectronics.X-CUBE-TOUCHGFX.4.25.0
2025-07-22 08:33:03,627 [WARN] PackLoader:240 - Cannot read IP mode file for STMicroelectronics.FP-SNS-STBOX1.2.0.0
2025-07-22 08:33:03,641 [WARN] PackLoader:240 - Cannot read IP mode file for STMicroelectronics.X-CUBE-SUBG2.5.0.0
2025-07-22 08:33:03,664 [WARN] PackLoader:240 - Cannot read IP mode file for STMicroelectronics.X-CUBE-AZRTOS-H7RS.1.1.0
2025-07-22 08:33:03,674 [WARN] PackLoader:240 - Cannot read IP mode file for Cesanta.I-CUBE-Mongoose.7.13.0
2025-07-22 08:33:03,695 [WARN] PackLoader:240 - Cannot read IP mode file for STMicroelectronics.X-CUBE-AZRTOS-G4.2.0.0
2025-07-22 08:33:03,703 [WARN] PackLoader:240 - Cannot read IP mode file for STMicroelectronics.X-CUBE-NFC7.2.0.0
2025-07-22 08:33:03,712 [WARN] PackLoader:240 - Cannot read IP mode file for STMicroelectronics.X-CUBE-IPS.3.1.0
2025-07-22 08:33:03,722 [WARN] PackLoader:240 - Cannot read IP mode file for STMicroelectronics.X-CUBE-ALS.1.0.2
2025-07-22 08:33:03,728 [WARN] PackLoader:240 - Cannot read IP mode file for STMicroelectronics.X-CUBE-TOUCHGFX.4.24.2
2025-07-22 08:33:03,734 [WARN] PackLoader:240 - Cannot read IP mode file for STMicroelectronics.X-CUBE-TOUCHGFX.4.24.1
2025-07-22 08:33:03,741 [WARN] PackLoader:240 - Cannot read IP mode file for wolfSSL.I-CUBE-wolfTPM.3.4.0
2025-07-22 08:33:03,749 [WARN] PackLoader:240 - Cannot read IP mode file for portGmbH.I-Cube-SoM-uGOAL.1.1.0
2025-07-22 08:33:03,789 [WARN] PackLoader:240 - Cannot read IP mode file for STMicroelectronics.X-CUBE-AZRTOS-H7RS.1.0.0
2025-07-22 08:33:03,798 [WARN] PackLoader:240 - Cannot read IP mode file for STMicroelectronics.FP-ATR-ASTRA1.2.0.0
2025-07-22 08:33:03,811 [WARN] PackLoader:240 - Cannot read IP mode file for STMicroelectronics.X-CUBE-TOF1.3.4.2
2025-07-22 08:33:03,831 [WARN] PackLoader:240 - Cannot read IP mode file for STMicroelectronics.X-CUBE-TOF1.3.4.3
2025-07-22 08:33:03,856 [WARN] PackLoader:240 - Cannot read IP mode file for Infineon.AIROC-Wi-Fi-Bluetooth-STM32.1.6.1
2025-07-22 08:33:03,864 [WARN] PackLoader:240 - Cannot read IP mode file for wolfSSL.I-CUBE-wolfSSH.1.4.17
2025-07-22 08:33:03,865 [INFO] ThirdParty:978 - Integrity check success = true
2025-07-22 08:33:03,865 [INFO] IntegrityCheckThread:100 - exiting critical section [integrity check]
2025-07-22 08:33:03,865 [INFO] IntegrityCheckThread:103 - End integrity checks thread
2025-07-22 08:33:04,884 [INFO] WebApp:463 - Apply proxy settings
2025-07-22 08:33:04,885 [INFO] WebApp:548 - Chromium requires no authentication
2025-07-22 08:33:04,911 [INFO] WebApp:491 - Direct internet connection detected
2025-07-22 08:33:04,961 [INFO] WebApp:900 - Register for checkConnection events
2025-07-22 08:33:04,962 [INFO] WebApp:463 - Apply proxy settings
2025-07-22 08:33:04,962 [INFO] WebApp:548 - Chromium requires no authentication
2025-07-22 08:33:04,962 [INFO] WebApp:491 - Direct internet connection detected
2025-07-22 08:33:05,167 [INFO] WebApp:225 - Starting web application
2025-07-22 08:33:05,167 [INFO] WebApp:593 - Web application path used C:\ST\STM32CubeIDE_1.16.1\STM32CubeIDE\plugins\com.st.stm32cube.common.mx_6.15.0.202507011659\db\plugins\mcufinder\reactClient1\index.html
2025-07-22 08:33:05,212 [INFO] WebApp:191 - Connection restablished
2025-07-22 08:33:05,333 [INFO] UserAuth:487 - Internet connection configuration mode: 1
2025-07-22 08:55:48,528 [INFO] McuFinderGlobals:63 - Set McuFinder mode to 2 (CubeIDE integrated)
2025-07-22 08:55:48,556 [INFO] MainUpdater:2872 - connection check result : 10
2025-07-22 08:55:48,564 [INFO] MainUpdater:2872 - connection check result : 10
2025-07-22 08:55:48,748 [INFO] MicroXplorer:468 - Change Database Path : 
2025-07-22 08:55:48,749 [INFO] MicroXplorer:498 - Change Database Version : DB.6.0.150
2025-07-22 08:55:48,780 [WARN] ThirdParty:871 - waiting for thirdparty lock release [close project]
2025-07-22 08:55:48,781 [INFO] ThirdParty:873 - entering critical section [close project]
2025-07-22 08:55:48,784 [INFO] ThirdParty:883 - exiting critical section [close project]
2025-07-22 08:55:48,793 [INFO] PinOutPanel:1589 - setPackage(No Configuration,No Configuration)
2025-07-22 08:55:48,799 [INFO] UtilMem:75 - Begin LoadConfig() Used Memory: 644013088 Bytes (853540864)
2025-07-22 08:55:48,805 [INFO] MicroXplorer:468 - Change Database Path : 
2025-07-22 08:55:48,805 [INFO] MicroXplorer:498 - Change Database Version : DB.6.0.150
2025-07-22 08:55:48,805 [INFO] OpenFileManager:355 - Change cursor
2025-07-22 08:55:48,931 [INFO] Mcu:2029 - Initializing MCU STM32F722Z(C-E)Tx STM32F722ZETx STM32F722ZET6
2025-07-22 08:55:51,744 [INFO] Context:786 - Trying to add GPIOservice into a context  which must be forbidden
2025-07-22 08:55:52,303 [INFO] ImportTextPane:234 - (OptionalMessage_ERROR) Pin21 (VP_RIF_VS_RIF1) cannot be retrieved for this MCU
2025-07-22 08:55:52,576 [INFO] RtosManager:558 - Registered RTOS mode: class=CMSIS, group=RTOS, mode=CMSIS_V1, owner=FREERTOS
2025-07-22 08:55:52,576 [INFO] RtosManager:558 - Registered RTOS mode: class=CMSIS, group=RTOS2, mode=CMSIS_V2, owner=FREERTOS
2025-07-22 08:55:52,576 [INFO] RtosManager:558 - Registered RTOS mode: class=RTOS, group=Core, mode=CMSIS_V1, owner=FREERTOS
2025-07-22 08:55:52,577 [INFO] RtosManager:558 - Registered RTOS mode: class=RTOS, group=Core, mode=CMSIS_V2, owner=FREERTOS
2025-07-22 08:55:52,577 [WARN] ModelIntegratedComponent:184 - Missing modes for component STMicroelectronics:FreeRTOS:0.0.1:STMicroelectronics:RTOS:FreeRTOS:Core:::10.2.0:
2025-07-22 08:55:52,586 [WARN] ModelIntegratedComponent:63 - No mode defined for component null
2025-07-22 08:55:52,586 [WARN] ModelIntegratedComponent:63 - No mode defined for component null
2025-07-22 08:55:52,587 [WARN] ModelIntegratedComponent:63 - No mode defined for component null
2025-07-22 08:55:52,587 [WARN] ModelIntegratedComponent:63 - No mode defined for component null
2025-07-22 08:55:52,587 [WARN] ModelIntegratedComponent:63 - No mode defined for component null
2025-07-22 08:55:52,587 [WARN] ModelIntegratedComponent:63 - No mode defined for component null
2025-07-22 08:55:52,587 [WARN] ModelIntegratedComponent:63 - No mode defined for component null
2025-07-22 08:55:52,587 [WARN] ModelIntegratedComponent:63 - No mode defined for component null
2025-07-22 08:55:52,587 [WARN] ModelIntegratedComponent:63 - No mode defined for component null
2025-07-22 08:55:52,587 [WARN] ModelIntegratedComponent:63 - No mode defined for component null
2025-07-22 08:55:52,587 [WARN] ModelIntegratedComponent:63 - No mode defined for component null
2025-07-22 08:55:52,587 [WARN] ModelIntegratedComponent:63 - No mode defined for component null
2025-07-22 08:55:52,587 [WARN] ModelIntegratedComponent:63 - No mode defined for component null
2025-07-22 08:55:52,587 [WARN] ModelIntegratedComponent:63 - No mode defined for component null
2025-07-22 08:55:52,587 [WARN] ModelIntegratedComponent:63 - No mode defined for component null
2025-07-22 08:55:52,587 [WARN] ModelIntegratedComponent:63 - No mode defined for component null
2025-07-22 08:55:52,587 [WARN] ModelIntegratedComponent:63 - No mode defined for component null
2025-07-22 08:55:52,587 [WARN] ModelIntegratedComponent:63 - No mode defined for component null
2025-07-22 08:55:52,587 [WARN] ModelIntegratedComponent:63 - No mode defined for component null
2025-07-22 08:55:52,587 [WARN] ModelIntegratedComponent:63 - No mode defined for component null
2025-07-22 08:55:52,587 [WARN] ModelIntegratedComponent:63 - No mode defined for component null
2025-07-22 08:55:52,587 [WARN] ModelIntegratedComponent:63 - No mode defined for component null
2025-07-22 08:55:52,587 [WARN] ModelIntegratedComponent:63 - No mode defined for component null
2025-07-22 08:55:52,587 [WARN] ModelIntegratedComponent:63 - No mode defined for component null
2025-07-22 08:55:52,588 [WARN] ModelIntegratedComponent:63 - No mode defined for component null
2025-07-22 08:55:52,588 [WARN] ModelIntegratedComponent:63 - No mode defined for component null
2025-07-22 08:55:52,588 [WARN] ModelIntegratedComponent:63 - No mode defined for component null
2025-07-22 08:55:52,588 [WARN] ModelIntegratedComponent:63 - No mode defined for component null
2025-07-22 08:55:52,588 [WARN] ModelIntegratedComponent:63 - No mode defined for component null
2025-07-22 08:55:52,588 [WARN] ModelIntegratedComponent:63 - No mode defined for component null
2025-07-22 08:55:52,588 [WARN] ModelIntegratedComponent:63 - No mode defined for component null
2025-07-22 08:55:52,588 [WARN] ModelIntegratedComponent:63 - No mode defined for component null
2025-07-22 08:55:52,588 [WARN] ModelIntegratedComponent:63 - No mode defined for component null
2025-07-22 08:55:52,588 [WARN] ModelIntegratedComponent:63 - No mode defined for component null
2025-07-22 08:55:52,588 [WARN] ModelIntegratedComponent:63 - No mode defined for component null
2025-07-22 08:55:52,588 [WARN] ModelPack:524 - Component already loaded: STMicroelectronics:HAL Drivers:0.0.0:STMicroelectronics:Device:STMicro_Driver:XSPI:HAL::0.0.1:HAL_XSPI
2025-07-22 08:55:52,852 [INFO] ThirdPartyModel:298 - Start build external matchings
2025-07-22 08:55:53,999 [INFO] ThirdPartyModel:316 - End build external matchings
2025-07-22 08:55:54,050 [INFO] ImportTextPane:234 - (OptionalMessage_ERROR) IP (RCC) : Invalid parameter (48MHZClocksFreq_Value)
2025-07-22 08:55:54,050 [INFO] ImportTextPane:234 - (OptionalMessage_ERROR) IP (RCC) : Invalid parameter (ADC12outputFreq_Value)
2025-07-22 08:55:54,050 [INFO] ImportTextPane:234 - (OptionalMessage_ERROR) IP (RCC) : Invalid parameter (ADC34outputFreq_Value)
2025-07-22 08:55:54,051 [INFO] ImportTextPane:234 - (OptionalMessage_ERROR) IP (RCC) : Invalid parameter (DFSDMAudioFreq_Value)
2025-07-22 08:55:54,051 [INFO] ImportTextPane:234 - (OptionalMessage_ERROR) IP (RCC) : Invalid parameter (DFSDMFreq_Value)
2025-07-22 08:55:54,051 [INFO] ImportTextPane:234 - (OptionalMessage_ERROR) IP (RCC) : Invalid parameter (FMPI2C1Freq_Value)
2025-07-22 08:55:54,051 [INFO] ImportTextPane:234 - (OptionalMessage_ERROR) IP (RCC) : Invalid parameter (FamilyName)
2025-07-22 08:55:54,051 [INFO] ImportTextPane:234 - (OptionalMessage_ERROR) IP (RCC) : Invalid parameter (I2S1Freq_Value)
2025-07-22 08:55:54,051 [INFO] ImportTextPane:234 - (OptionalMessage_ERROR) IP (RCC) : Invalid parameter (I2S2Freq_Value)
2025-07-22 08:55:54,051 [INFO] ImportTextPane:234 - (OptionalMessage_ERROR) IP (RCC) : Invalid parameter (I2SClocksFreq_Value)
2025-07-22 08:55:54,051 [INFO] ImportTextPane:234 - (OptionalMessage_ERROR) IP (RCC) : Invalid parameter (MCOFreq_Value)
2025-07-22 08:55:54,052 [INFO] ImportTextPane:234 - (OptionalMessage_ERROR) IP (RCC) : Invalid parameter (PLLI2SPCLKFreq_Value)
2025-07-22 08:55:54,052 [INFO] ImportTextPane:234 - (OptionalMessage_ERROR) IP (RCC) : Invalid parameter (PLLI2SQoutputFreq_Value)
2025-07-22 08:55:54,052 [INFO] ImportTextPane:234 - (OptionalMessage_ERROR) IP (RCC) : Invalid parameter (PLLI2SoutputFreq_Value)
2025-07-22 08:55:54,052 [INFO] ImportTextPane:234 - (OptionalMessage_ERROR) IP (RCC) : Invalid parameter (PLLMCOFreq_Value)
2025-07-22 08:55:54,052 [INFO] ImportTextPane:234 - (OptionalMessage_ERROR) IP (RCC) : Invalid parameter (PLLMUL)
2025-07-22 08:55:54,053 [INFO] ImportTextPane:234 - (OptionalMessage_ERROR) IP (RCC) : Invalid parameter (PLLRCLKFreq_Value)
2025-07-22 08:55:54,053 [INFO] ImportTextPane:234 - (OptionalMessage_ERROR) IP (RCC) : Invalid parameter (PLLRoutputFreq_Value)
2025-07-22 08:55:54,053 [INFO] ImportTextPane:234 - (OptionalMessage_ERROR) IP (RCC) : Invalid parameter (PRESCALERUSB)
2025-07-22 08:55:54,053 [INFO] ImportTextPane:234 - (OptionalMessage_ERROR) IP (RCC) : Invalid parameter (PWRFreq_Value)
2025-07-22 08:55:54,053 [INFO] ImportTextPane:234 - (OptionalMessage_ERROR) IP (RCC) : Invalid parameter (RTCHSEDivFreq_Value)
2025-07-22 08:55:54,053 [INFO] ImportTextPane:234 - (OptionalMessage_ERROR) IP (RCC) : Invalid parameter (SDIOFreq_Value)
2025-07-22 08:55:54,053 [INFO] ImportTextPane:234 - (OptionalMessage_ERROR) IP (RCC) : Parameter (SDMMC2Freq_Value) has invalid value (216000000)
2025-07-22 08:55:54,053 [INFO] ImportTextPane:234 - (OptionalMessage_ERROR) IP (RCC) : Parameter (SDMMCFreq_Value) has invalid value (216000000)
2025-07-22 08:55:54,053 [INFO] ImportTextPane:234 - (OptionalMessage_ERROR) IP (RCC) : Invalid parameter (SYSCLKSourceVirtual)
2025-07-22 08:55:54,054 [INFO] ImportTextPane:234 - (OptionalMessage_ERROR) IP (RCC) : Invalid parameter (TIM15Freq_Value)
2025-07-22 08:55:54,054 [INFO] ImportTextPane:234 - (OptionalMessage_ERROR) IP (RCC) : Invalid parameter (TIM16Freq_Value)
2025-07-22 08:55:54,054 [INFO] ImportTextPane:234 - (OptionalMessage_ERROR) IP (RCC) : Invalid parameter (TIM17Freq_Value)
2025-07-22 08:55:54,054 [INFO] ImportTextPane:234 - (OptionalMessage_ERROR) IP (RCC) : Invalid parameter (TIM1Freq_Value)
2025-07-22 08:55:54,054 [INFO] ImportTextPane:234 - (OptionalMessage_ERROR) IP (RCC) : Invalid parameter (TIM20Freq_Value)
2025-07-22 08:55:54,054 [INFO] ImportTextPane:234 - (OptionalMessage_ERROR) IP (RCC) : Invalid parameter (TIM2Freq_Value)
2025-07-22 08:55:54,054 [INFO] ImportTextPane:234 - (OptionalMessage_ERROR) IP (RCC) : Invalid parameter (TIM3Freq_Value)
2025-07-22 08:55:54,054 [INFO] ImportTextPane:234 - (OptionalMessage_ERROR) IP (RCC) : Invalid parameter (TIM8Freq_Value)
2025-07-22 08:55:54,054 [INFO] ImportTextPane:234 - (OptionalMessage_ERROR) IP (RCC) : Invalid parameter (VCOI2SInputFreq_Value)
2025-07-22 08:55:54,055 [INFO] ImportTextPane:234 - (OptionalMessage_ERROR) IP (RCC) : Invalid parameter (VCOInputMFreq_Value)
2025-07-22 08:55:54,055 [INFO] ImportTextPane:234 - (OptionalMessage_ERROR) IP (RCC) : Invalid parameter (VCOOutput2Freq_Value)
2025-07-22 08:55:54,056 [INFO] ImportTextPane:234 - (OptionalMessage_ERROR) IP (RCC) : Invalid parameter (VcooutputI2S)
2025-07-22 08:55:55,715 [INFO] ApiDb:581 - Connected to CubeFinder SQLite database (C:\Users\Chinnapop\.stmcufinder\plugins\mcufinder\mcu\cube-finder-db.db)
2025-07-22 08:55:55,840 [INFO] ApiDb:668 - CubeFinder database Data Model version=2.1
2025-07-22 08:55:55,840 [INFO] ApiDb:669 - CubeFinder database Configuration version=3.0.39
2025-07-22 08:55:55,841 [INFO] ApiDb:670 - CubeFinder database generation date=2025-06-24 (1750757100)
2025-07-22 08:55:55,841 [INFO] ApiDb:671 - CubeFinder database FW Pack versions=[FP-ATR-ASTRA1_V2.0.0, FP-SNS-FLIGHT1_V5.1.0, FP-SNS-MOTENV1_V5.0.0, FP-SNS-MOTENVWB1_V1.4.0, FP-SNS-SMARTAG2_V1.2.0, FP-SNS-STBOX1_V2.0.0, STM32Cube_FW_C0_V1.4.0, STM32Cube_FW_F4_V1.28.2, STM32Cube_FW_F7_V1.17.3, STM32Cube_FW_G0_V1.6.2, STM32Cube_FW_G4_V1.6.1, STM32Cube_FW_H5_V1.5.0, STM32Cube_FW_H7RS_V1.2.0, STM32Cube_FW_H7_V1.12.1, STM32Cube_FW_L0_V1.12.2, STM32Cube_FW_L4_V1.18.1, STM32Cube_FW_L5_V1.5.1, STM32Cube_FW_N6_V1.2.0, STM32Cube_FW_U0_V1.3.0, STM32Cube_FW_U3_V1.2.0, STM32Cube_FW_U5_V1.8.0, STM32Cube_FW_WB0_V1.3.0, STM32Cube_FW_WBA_V1.7.0, STM32Cube_FW_WB_V1.23.0, STM32Cube_FW_WL3_V1.2.0, STM32Cube_FW_WL_V1.3.1, X-CUBE-ALGOBUILD_V1.4.0, X-CUBE-ALS_V1.0.2, X-CUBE-AZRTOS-F4_V1.1.0, X-CUBE-AZRTOS-F7_V1.1.0, X-CUBE-AZRTOS-G0_V1.1.0, X-CUBE-AZRTOS-G4_V2.0.0, X-CUBE-AZRTOS-H7RS_V1.1.0, X-CUBE-AZRTOS-H7_V3.3.0, X-CUBE-AZRTOS-L4_V2.0.0, X-CUBE-AZRTOS-L5_V2.0.0, X-CUBE-AZRTOS-WB_V2.0.0, X-CUBE-AZRTOS-WL_V2.0.0, X-CUBE-BLE1_V7.1.0, X-CUBE-BLE2_V3.3.0, X-CUBE-BLEMGR_V4.0.0, X-CUBE-EEPRMA1_V5.1.0, X-CUBE-FREERTOS_V1.3.1, X-CUBE-GNSS1_V6.0.0, X-CUBE-MEMS1_V11.3.0, X-CUBE-NFC4_V3.0.0, X-CUBE-NFC7_V2.0.0, X-CUBE-SFXS2LP1_V4.0.0, X-CUBE-SUBG2_V5.0.0, X-CUBE-TOF1_V3.4.3]
2025-07-22 08:55:55,949 [INFO] DbBoardsSqlite:226 - include board P-NUCLEO-WB55-NUCLEO as a kit item of type 'Nucleo-64'
2025-07-22 08:55:55,949 [INFO] DbBoardsSqlite:226 - include board P-NUCLEO-WB55-USBDONGLE as a kit item of type 'Nucleo USB Dongle'
2025-07-22 08:55:55,950 [INFO] DbBoardsSqlite:226 - include board STEVAL-IDP005V1 as a kit item of type 'Evaluation Board'
2025-07-22 08:55:55,951 [INFO] DbBoardsSqlite:226 - include board STEVAL-IDP005V2 as a kit item of type 'Evaluation Board'
2025-07-22 08:55:56,372 [INFO] ApiDb:240 - Found 880 in-development CPN: [B-G473E-ZEST1S, B-WB1M-WPAN1, B-WBA5M-WPAN, B-WL5M-SUBG1, NUCLEO-C031C6, NUCLEO-C051C8, NUCLEO-C071RB, NUCLEO-C092RC, NUCLEO-H503RB, NUCLEO-H533RE, NUCLEO-H563ZI, NUCLEO-H7S3L8, NUCLEO-N657X0-Q, NUCLEO-U031R8, NUCLEO-U083RC, NUCLEO-U385RG-Q, NUCLEO-U545RE-Q, NUCLEO-U5A5ZJ-Q, NUCLEO-WB05KZ, NUCLEO-WB07CC, NUCLEO-WB09KE, NUCLEO-WBA52CG, NUCLEO-WBA55CG, NUCLEO-WL33CC1, NUCLEO-WL33CC2, STEVAL-PROTEUS1, STEVAL-SMARTAG2, STEVAL-STWINBX1, STM320518-EVAL, STM32C0116-DK, STM32C011D6Y3TR, STM32C011D6Y6TR, STM32C011F4P3, STM32C011F4P6, STM32C011F4U3, STM32C011F4U6TR, STM32C011F6P3, STM32C011F6P6, STM32C011F6U3, STM32C011F6U6TR, STM32C011J4M3, STM32C011J4M6, STM32C011J6M3, STM32C011J6M6, STM32C0316-DK, STM32C031C4T3, STM32C031C4T6, STM32C031C4U3, STM32C031C4U6, STM32C031C6T3, STM32C031C6T6, STM32C031C6U3, STM32C031C6U6, STM32C031F4P3, STM32C031F4P6, STM32C031F6P3, STM32C031F6P6, STM32C031G4U3, STM32C031G4U6, STM32C031G6U3, STM32C031G6U6, STM32C031K4T3, STM32C031K4T6, STM32C031K4U3, STM32C031K4U6, STM32C031K6T3, STM32C031K6T6, STM32C031K6U3, STM32C031K6U6, STM32C051C6T6, STM32C051C6U6, STM32C051C8T6, STM32C051C8U6, STM32C051D8Y6TR, STM32C051F6P6, STM32C051F8P6, STM32C051G6U6, STM32C051G8U6, STM32C051K6T6, STM32C051K6U6, STM32C051K8T6, STM32C071C8T6, STM32C071C8T6N, STM32C071C8U6, STM32C071C8U6N, STM32C071CBT6, STM32C071CBT6N, STM32C071CBU6, STM32C071CBU6N, STM32C071F8P6, STM32C071F8P6N, STM32C071FBP6, STM32C071FBP6N, STM32C071FBY6TR, STM32C071G8U6, STM32C071G8U6N, STM32C071GBU6, STM32C071GBU6N, STM32C071K8T6, STM32C071K8T6N, STM32C071K8U6, STM32C071K8U6N, STM32C071KBT6, STM32C071KBT6N, STM32C071KBU6, STM32C071KBU6N, STM32C071R8T6, STM32C071R8T6N, STM32C071RBI6N, STM32C071RBT6, STM32C071RBT6N, STM32C091CBT6, STM32C091CBU6, STM32C091CCT6, STM32C091CCU6, STM32C091ECY6TR, STM32C091FBP6, STM32C091FCP6, STM32C091GBU6, STM32C091GCU6, STM32C091KBT6, STM32C091KBU6, STM32C091KCT6, STM32C091KCU6, STM32C091RBT6, STM32C091RCI6, STM32C091RCT6, STM32C092CBT6, STM32C092CBU6, STM32C092CCT6, STM32C092CCU6, STM32C092ECY6TR, STM32C092FBP6, STM32C092FCP6, STM32C092GBU6, STM32C092GCU6, STM32C092KBT6, STM32C092KBU6, STM32C092KCT6, STM32C092KCU6, STM32C092RBT6, STM32C092RCI6, STM32C092RCT6, STM32G071K8TXN, STM32G071K8UXN, STM32G081GBU6N, STM32G081KBT6N, STM32G081KBUXN, STM32G0B1CCT6N, STM32G0B1KCT6, STM32G0B1NEY6TR, STM32G0B1RCT6N, STM32G0C1CCT6, STM32G0C1CCT6N, STM32G0C1CCU6N, STM32G0C1CET6N, STM32G0C1CEU6N, STM32G0C1KCT6, STM32G0C1NEY6TR, STM32G0C1RCI6N, STM32G0C1RCT6N, STM32G0C1REI6N, STM32G0C1RET6N, STM32G0C1VCI6, STM32G0C1VEI6, STM32G411C6T3, STM32G411C6T6, STM32G411C6U3, STM32G411C6U6, STM32G411C8T3, STM32G411C8T6, STM32G411C8U3, STM32G411C8U6, STM32G411CBT3, STM32G411CBT6, STM32G411CBU3, STM32G411CBU6, STM32G411K6T3, STM32G411K6T6, STM32G411K6U3, STM32G411K6U6, STM32G411K8T3, STM32G411K8T6, STM32G411K8U3, STM32G411K8U6, STM32G411KBT3, STM32G411KBT6, STM32G411KBU3, STM32G411KBU6, STM32G411M6T3, STM32G411M6T6, STM32G411M8T3, STM32G411M8T6, STM32G411MBT3, STM32G411MBT6, STM32G411R6T3, STM32G411R6T6, STM32G411R8T3, STM32G411R8T6, STM32G411RBT3, STM32G411RBT6, STM32G414CBT3, STM32G414CBT6, STM32G414CBU3, STM32G414CBU6, STM32G414CCT3, STM32G414CCT6, STM32G414CCU3, STM32G414CCU6, STM32G414MBT3, STM32G414MBT6, STM32G414MCT3, STM32G414MCT6, STM32G414RBT3, STM32G414RBT6, STM32G414RCT3, STM32G414RCT6, STM32G414VBT3, STM32G414VBT6, STM32G414VCT3, STM32G414VCT6, STM32G431CBT3Z, STM32G431RBT3Z, STM32G471CCT6, STM32G471CCU6, STM32G471CET3, STM32G471CET6, STM32G471CEU3, STM32G471CEU6, STM32G471MCT6, STM32G471MET3, STM32G471MET6, STM32G471MEY6TR, STM32G471QCT6, STM32G471QET3, STM32G471RCT6, STM32G471RET3, STM32G471RET6, STM32G471VCH6, STM32G471VCI6, STM32G471VCT6, STM32G471VEH3, STM32G471VEH6, STM32G471VEI3, STM32G471VEI6, STM32G471VET3, STM32G471VET6, STM32G473QET3Z, STM32G473RET3Z, STM32G474CCT6, STM32G491RET3Z, STM32H503CBT6, STM32H503CBU6, STM32H503EBY6TR, STM32H503KBU6, STM32H503RBT6, STM32H523CCT6, STM32H523CCU6, STM32H523CET6, STM32H523CEU6, STM32H523HEY6TR, STM32H523RCT6, STM32H523RET6, STM32H523VCI6, STM32H523VCT6, STM32H523VEI6, STM32H523VET6, STM32H523ZCJ6, STM32H523ZCT6, STM32H523ZEJ6, STM32H523ZET6, STM32H533CET6, STM32H533CEU6, STM32H533HEY6TR, STM32H533RET6, STM32H533VEI6, STM32H533VET6, STM32H533ZEJ6, STM32H533ZET6, STM32H562AGI6, STM32H562AII6, STM32H562IGK6, STM32H562IGT6, STM32H562IIK6, STM32H562IIT6, STM32H562RGT6, STM32H562RGV6, STM32H562RIT6, STM32H562RIV6, STM32H562VGT6, STM32H562VIT6, STM32H562ZGT6, STM32H562ZIT6, STM32H563AGI6, STM32H563AII3Q, STM32H563AII6, STM32H563IGK6, STM32H563IGT6, STM32H563IIK3Q, STM32H563IIK6, STM32H563IIT3Q, STM32H563IIT6, STM32H563MIY3QTR, STM32H563RGT6, STM32H563RGV6, STM32H563RIT6, STM32H563RIV6, STM32H563VGT6, STM32H563VIT3Q, STM32H563VIT6, STM32H563ZGT6, STM32H563ZIT3Q, STM32H563ZIT6, STM32H573AII3Q, STM32H573AII6, STM32H573I-DK, STM32H573IIK3Q, STM32H573IIK6, STM32H573IIT3Q, STM32H573IIT6, STM32H573MIY3QTR, STM32H573RIT6, STM32H573RIV6, STM32H573VIT3Q, STM32H573VIT6, STM32H573ZIT3Q, STM32H573ZIT6, STM32H7R3A8I6, STM32H7R3I8K6, STM32H7R3I8T6, STM32H7R3L8H6, STM32H7R3L8H6H, STM32H7R3R8V6, STM32H7R3V8H6, STM32H7R3V8T6, STM32H7R3V8Y6TR, STM32H7R3Z8J6, STM32H7R3Z8T6, STM32H7R7A8I6, STM32H7R7I8K6, STM32H7R7I8T6, STM32H7R7L8H6, STM32H7R7L8H6H, STM32H7R7Z8J6, STM32H7S3A8I6, STM32H7S3I8K6, STM32H7S3I8T6, STM32H7S3L8H6, STM32H7S3L8H6H, STM32H7S3R8V6, STM32H7S3V8H6, STM32H7S3V8T6, STM32H7S3V8Y6TR, STM32H7S3Z8J6, STM32H7S3Z8T6, STM32H7S78-DK, STM32H7S7A8I6, STM32H7S7I8K6, STM32H7S7I8T6, STM32H7S7L8H6, STM32H7S7L8H6H, STM32H7S7Z8J6, STM32L4R5QGI6STR, STM32MP131AAE3, STM32MP131AAF3, STM32MP131AAG3, STM32MP131CAE3, STM32MP131CAF3, STM32MP131CAG3, STM32MP131DAE7, STM32MP131DAF7, STM32MP131DAG7, STM32MP131FAE7, STM32MP131FAF7, STM32MP131FAG7, STM32MP133AAE3, STM32MP133AAF3, STM32MP133AAG3, STM32MP133CAE3, STM32MP133CAF3, STM32MP133CAG3, STM32MP133DAE7, STM32MP133DAF7, STM32MP133DAG7, STM32MP133FAE7, STM32MP133FAF7, STM32MP133FAG7, STM32MP135AAE3, STM32MP135AAF3, STM32MP135AAG3, STM32MP135CAE3, STM32MP135CAF3, STM32MP135CAG3, STM32MP135DAE7, STM32MP135DAF7, STM32MP135DAG7, STM32MP135F-DK, STM32MP135FAE7, STM32MP135FAF7, STM32MP135FAF7T, STM32MP135FAF7U, STM32MP135FAG7, STM32MP211AAL3, STM32MP211AAM3, STM32MP211AAN3, STM32MP211AAO3, STM32MP211CAL3, STM32MP211CAM3, STM32MP211CAN3, STM32MP211CAO3, STM32MP211DAL3, STM32MP211DAM3, STM32MP211DAN3, STM32MP211DAO3, STM32MP211FAL3, STM32MP211FAM3, STM32MP211FAN3, STM32MP211FAO3, STM32MP213AAL3, STM32MP213AAM3, STM32MP213AAN3, STM32MP213AAO3, STM32MP213CAL3, STM32MP213CAM3, STM32MP213CAN3, STM32MP213CAO3, STM32MP213DAL3, STM32MP213DAM3, STM32MP213DAN3, STM32MP213DAO3, STM32MP213FAL3, STM32MP213FAM3, STM32MP213FAN3, STM32MP213FAO3, STM32MP215AAL3, STM32MP215AAM3, STM32MP215AAN3, STM32MP215AAO3, STM32MP215CAL3, STM32MP215CAM3, STM32MP215CAN3, STM32MP215CAO3, STM32MP215DAL3, STM32MP215DAM3, STM32MP215DAN3, STM32MP215DAO3, STM32MP215F-DK, STM32MP215FAL3, STM32MP215FAM3, STM32MP215FAN3, STM32MP215FAO3, STM32MP231AAJ3, STM32MP231AAK3, STM32MP231AAL3, STM32MP231CAJ3, STM32MP231CAK3, STM32MP231CAL3, STM32MP231DAJ3, STM32MP231DAK3, STM32MP231DAL3, STM32MP231FAJ3, STM32MP231FAK3, STM32MP231FAL3, STM32MP233AAJ3, STM32MP233AAK3, STM32MP233AAL3, STM32MP233CAJ3, STM32MP233CAK3, STM32MP233CAL3, STM32MP233DAJ3, STM32MP233DAK3, STM32MP233DAL3, STM32MP233FAJ3, STM32MP233FAK3, STM32MP233FAL3, STM32MP235AAJ3, STM32MP235AAK3, STM32MP235AAL3, STM32MP235CAJ3, STM32MP235CAK3, STM32MP235CAL3, STM32MP235DAJ3, STM32MP235DAK3, STM32MP235DAL3, STM32MP235FAJ3, STM32MP235FAK3, STM32MP235FAL3, STM32MP251AAI3, STM32MP251AAK3, STM32MP251AAL3, STM32MP251CAI3, STM32MP251CAK3, STM32MP251CAL3, STM32MP251DAI3, STM32MP251DAK3, STM32MP251DAL3, STM32MP251FAI3, STM32MP251FAK3, STM32MP251FAL3, STM32MP253AAI3, STM32MP253AAK3, STM32MP253AAL3, STM32MP253CAI3, STM32MP253CAK3, STM32MP253CAL3, STM32MP253DAI3, STM32MP253DAK3, STM32MP253DAL3, STM32MP253FAI3, STM32MP253FAK3, STM32MP253FAL3, STM32MP255AAI3, STM32MP255AAK3, STM32MP255AAL3, STM32MP255CAI3, STM32MP255CAK3, STM32MP255CAL3, STM32MP255DAI3, STM32MP255DAK3, STM32MP255DAL3, STM32MP255FAI3, STM32MP255FAK3, STM32MP255FAL3, STM32MP257AAI3, STM32MP257AAK3, STM32MP257AAL3, STM32MP257CAI3, STM32MP257CAK3, STM32MP257CAL3, STM32MP257DAI3, STM32MP257DAK3, STM32MP257DAL3, STM32MP257F-DK, STM32MP257F-EV1, STM32MP257FAI3, STM32MP257FAK3, STM32MP257FAL3, STM32N645A0H3Q, STM32N645B0H3Q, STM32N645I0H3Q, STM32N645L0H3Q, STM32N645X0H3Q, STM32N645Z0H3Q, STM32N647A0H3Q, STM32N647B0H3Q, STM32N647I0H3Q, STM32N647L0H3Q, STM32N647X0H3Q, STM32N647Z0H3Q, STM32N655A0H3Q, STM32N655B0H3Q, STM32N655I0H3Q, STM32N655L0H3Q, STM32N655X0H3Q, STM32N655Z0H3Q, STM32N6570-DK, STM32N657A0H3Q, STM32N657B0H3Q, STM32N657I0H3Q, STM32N657L0H3Q, STM32N657X0H3Q, STM32N657Z0H3Q, STM32U031C6T6, STM32U031C6U6, STM32U031C8T6, STM32U031C8U6, STM32U031F4P6, STM32U031F6P6, STM32U031F8P6, STM32U031G6Y6TR, STM32U031G8Y6TR, STM32U031K4U6, STM32U031K6U6, STM32U031K8U6, STM32U031R6I6, STM32U031R6T6, STM32U031R8I6, STM32U031R8T6, STM32U073C8T6, STM32U073C8U6, STM32U073CBT6, STM32U073CBU6, STM32U073CCT6, STM32U073CCU6, STM32U073H8Y6TR, STM32U073HBY6TR, STM32U073HCY6TR, STM32U073K8U6, STM32U073KBU6, STM32U073KCU6, STM32U073M8I6, STM32U073M8T6, STM32U073MBI6, STM32U073MBT6, STM32U073MCI6, STM32U073MCT6, STM32U073R8I6, STM32U073R8T6, STM32U073RBI6, STM32U073RBT6, STM32U073RCI6, STM32U073RCT6, STM32U083C-DK, STM32U083CCT6, STM32U083CCU6, STM32U083HCY6TR, STM32U083KCU6, STM32U083MCI6, STM32U083MCT6, STM32U083RCI6, STM32U083RCT6, STM32U375CET6, STM32U375CET6Q, STM32U375CEU6, STM32U375CEU6Q, STM32U375CEY6QTR, STM32U375CGT6, STM32U375CGT6Q, STM32U375CGU6, STM32U375CGU6Q, STM32U375CGY6QTR, STM32U375KEU6, STM32U375KGU6, STM32U375REI6, STM32U375REI6Q, STM32U375RET6, STM32U375RET6Q, STM32U375REY6GTR, STM32U375REY6QTR, STM32U375RGI6, STM32U375RGI6Q, STM32U375RGT6, STM32U375RGT6Q, STM32U375RGY6GTR, STM32U375RGY6QTR, STM32U375VEI6, STM32U375VEI6Q, STM32U375VET6, STM32U375VET6Q, STM32U375VGI6, STM32U375VGI6Q, STM32U375VGT6, STM32U375VGT6Q, STM32U385CGT6, STM32U385CGT6Q, STM32U385CGU6, STM32U385CGU6Q, STM32U385CGY6QTR, STM32U385KGU6, STM32U385RGI6, STM32U385RGI6Q, STM32U385RGT6, STM32U385RGT6Q, STM32U385RGY6GTR, STM32U385RGY6QTR, STM32U385VGI6, STM32U385VGI6Q, STM32U385VGT6, STM32U385VGT6Q, STM32U535CBT6, STM32U535CBT6Q, STM32U535CBU6, STM32U535CBU6Q, STM32U535CCT6, STM32U535CCT6Q, STM32U535CCU6, STM32U535CCU6Q, STM32U535CET6, STM32U535CET6Q, STM32U535CEU6, STM32U535CEU6Q, STM32U535JEY6QTR, STM32U535NCY6QTR, STM32U535NEY6QTR, STM32U535RBI6, STM32U535RBI6Q, STM32U535RBT6, STM32U535RBT6Q, STM32U535RCI6, STM32U535RCI6Q, STM32U535RCT6, STM32U535RCT6Q, STM32U535REI6, STM32U535REI6Q, STM32U535RET6, STM32U535RET6Q, STM32U535VCI6, STM32U535VCI6Q, STM32U535VCT6, STM32U535VCT6Q, STM32U535VEI6, STM32U535VEI6Q, STM32U535VET6, STM32U535VET6Q, STM32U545CET6, STM32U545CET6Q, STM32U545CEU6, STM32U545CEU6Q, STM32U545JEY6QTR, STM32U545NEY6QTR, STM32U545REI6, STM32U545REI6Q, STM32U545RET6, STM32U545RET6Q, STM32U545VEI6, STM32U545VEI6Q, STM32U545VET6, STM32U545VET6Q, STM32U595AIH6, STM32U595AIH6Q, STM32U595AJH6, STM32U595AJH6Q, STM32U595QII6, STM32U595QII6Q, STM32U595QJI6, STM32U595QJI6Q, STM32U595RIT6, STM32U595RIT6Q, STM32U595RJT6, STM32U595RJT6Q, STM32U595VIT6, STM32U595VIT6Q, STM32U595VJT6, STM32U595VJT6Q, STM32U595ZIT6, STM32U595ZIT6Q, STM32U595ZIY6QTR, STM32U595ZJT6, STM32U595ZJT6Q, STM32U595ZJY6QTR, STM32U599BJY6QTR, STM32U599NIH6Q, STM32U599NJH6Q, STM32U599VIT6Q, STM32U599VJT6, STM32U599VJT6Q, STM32U599ZIT6Q, STM32U599ZIY6QTR, STM32U599ZJT6Q, STM32U599ZJY6QTR, STM32U5A5AJH6, STM32U5A5AJH6Q, STM32U5A5QII3Q , STM32U5A5QJI6, STM32U5A5QJI6Q, STM32U5A5RJT6, STM32U5A5RJT6Q, STM32U5A5VJT6, STM32U5A5VJT6Q, STM32U5A5ZJT6, STM32U5A5ZJT6Q, STM32U5A5ZJY6QTR, STM32U5A9BJY6QTR, STM32U5A9J-DK, STM32U5A9NJH6Q, STM32U5A9VJT6Q, STM32U5A9ZJT6Q, STM32U5A9ZJY6QTR, STM32U5F7VIT6, STM32U5F7VIT6Q, STM32U5F7VJT6, STM32U5F7VJT6Q, STM32U5F9BJY6QTR, STM32U5F9NJH6Q, STM32U5F9VIT6Q, STM32U5F9VJT6Q, STM32U5F9ZIJ6QTR, STM32U5F9ZIT6Q, STM32U5F9ZJJ6QTR, STM32U5F9ZJT6Q, STM32U5G7VJT6, STM32U5G7VJT6Q, STM32U5G9BJY6QTR, STM32U5G9J-DK1, STM32U5G9J-DK2, STM32U5G9NJH6Q, STM32U5G9VJT6Q, STM32U5G9ZJJ6QTR, STM32U5G9ZJT6Q, STM32WB05KZV6TR, STM32WB05KZV7TR, STM32WB05TZF6TR, STM32WB05TZF7TR, STM32WB06CCF6TR, STM32WB06CCF7TR, STM32WB06CCV6TR, STM32WB06CCV7TR, STM32WB06KCV6TR, STM32WB06KCV7TR, STM32WB07CCF6TR, STM32WB07CCF7TR, STM32WB07CCV6TR, STM32WB07CCV7TR, STM32WB07KCV6TR, STM32WB07KCV7TR, STM32WB09KEV6TR, STM32WB09KEV7TR, STM32WB09TEF6TR, STM32WB09TEF7TR, STM32WB1MMCH6, STM32WBA50KGU6, STM32WBA50KGU6TR, STM32WBA52CEU6, STM32WBA52CEU6TR, STM32WBA52CEU7, STM32WBA52CEU7TR, STM32WBA52CGU6, STM32WBA52CGU6TR, STM32WBA52CGU6U, STM32WBA52CGU7, STM32WBA52CGU7TR, STM32WBA52KEU6, STM32WBA52KEU6TR, STM32WBA52KGU6, STM32WBA52KGU6TR, STM32WBA54CEU6, STM32WBA54CEU6TR, STM32WBA54CEU7, STM32WBA54CEU7TR, STM32WBA54CGU6, STM32WBA54CGU6TR, STM32WBA54CGU7, STM32WBA54CGU7TR, STM32WBA54KEU6, STM32WBA54KEU6TR, STM32WBA54KEU7, STM32WBA54KEU7TR, STM32WBA54KGU6, STM32WBA54KGU6TR, STM32WBA54KGU7, STM32WBA54KGU7TR, STM32WBA55CEU6, STM32WBA55CEU6TR, STM32WBA55CEU7, STM32WBA55CEU7TR, STM32WBA55CGU6, STM32WBA55CGU6TR, STM32WBA55CGU6U, STM32WBA55CGU7, STM32WBA55CGU7TR, STM32WBA55G-DK1, STM32WBA55HEF6, STM32WBA55HEF7, STM32WBA55HGF6, STM32WBA55HGF7, STM32WBA55UEI6, STM32WBA55UEI6TR, STM32WBA55UEI7, STM32WBA55UEI7TR, STM32WBA55UGI6, STM32WBA55UGI6TR, STM32WBA55UGI7, STM32WBA55UGI7TR, STM32WBA5MMGH6TR, STM32WBA62MGF6, STM32WBA62MIF6, STM32WBA65MGF7, STM32WBA65MIF6, STM32WBA65MIF7, STM32WL30K8V6, STM32WL30KBV6, STM32WL31C8V6, STM32WL31CBV6, STM32WL31K8V6, STM32WL31KBV6, STM32WL33C8V6, STM32WL33C8V6X, STM32WL33CBV6, STM32WL33CBV6X, STM32WL33CCV6, STM32WL33CCV6A, STM32WL33CCV6X, STM32WL33K8V7, STM32WL33K8V7X, STM32WL33KBV7 , STM32WL33KBV7X, STM32WL33KCV7, STM32WL33KCV7X, STM32WL5MOCH6, STM32WL5MOCH6TR]
2025-07-22 08:55:56,735 [INFO] BoardInfo:889 - No configuration file found for board P-NUCLEO-WB55
2025-07-22 08:55:56,738 [INFO] DbBoards:161 - Kit is not supported: P-NUCLEO-WB55
2025-07-22 08:55:56,752 [INFO] BoardInfo:889 - No configuration file found for board STEVAL-BFA001V1B
2025-07-22 08:55:56,755 [INFO] DbBoards:161 - Kit is not supported: STEVAL-BFA001V1B
2025-07-22 08:55:56,757 [INFO] BoardInfo:889 - No configuration file found for board STEVAL-BFA001V2B
2025-07-22 08:55:56,759 [INFO] DbBoards:161 - Kit is not supported: STEVAL-BFA001V2B
2025-07-22 08:55:57,047 [INFO] DbBoards:168 - Found 212 boards, 209 are supported
2025-07-22 08:55:57,047 [INFO] DbBoards:169 - Found 212 boards, 43 of them is supported for  Bsp
2025-07-22 08:55:57,051 [INFO] ApiDb:668 - CubeFinder database Data Model version=2.1
2025-07-22 08:55:57,051 [INFO] ApiDb:669 - CubeFinder database Configuration version=3.0.39
2025-07-22 08:55:57,051 [INFO] ApiDb:670 - CubeFinder database generation date=2025-06-24 (1750757100)
2025-07-22 08:55:57,051 [INFO] ApiDb:671 - CubeFinder database FW Pack versions=[FP-ATR-ASTRA1_V2.0.0, FP-SNS-FLIGHT1_V5.1.0, FP-SNS-MOTENV1_V5.0.0, FP-SNS-MOTENVWB1_V1.4.0, FP-SNS-SMARTAG2_V1.2.0, FP-SNS-STBOX1_V2.0.0, STM32Cube_FW_C0_V1.4.0, STM32Cube_FW_F4_V1.28.2, STM32Cube_FW_F7_V1.17.3, STM32Cube_FW_G0_V1.6.2, STM32Cube_FW_G4_V1.6.1, STM32Cube_FW_H5_V1.5.0, STM32Cube_FW_H7RS_V1.2.0, STM32Cube_FW_H7_V1.12.1, STM32Cube_FW_L0_V1.12.2, STM32Cube_FW_L4_V1.18.1, STM32Cube_FW_L5_V1.5.1, STM32Cube_FW_N6_V1.2.0, STM32Cube_FW_U0_V1.3.0, STM32Cube_FW_U3_V1.2.0, STM32Cube_FW_U5_V1.8.0, STM32Cube_FW_WB0_V1.3.0, STM32Cube_FW_WBA_V1.7.0, STM32Cube_FW_WB_V1.23.0, STM32Cube_FW_WL3_V1.2.0, STM32Cube_FW_WL_V1.3.1, X-CUBE-ALGOBUILD_V1.4.0, X-CUBE-ALS_V1.0.2, X-CUBE-AZRTOS-F4_V1.1.0, X-CUBE-AZRTOS-F7_V1.1.0, X-CUBE-AZRTOS-G0_V1.1.0, X-CUBE-AZRTOS-G4_V2.0.0, X-CUBE-AZRTOS-H7RS_V1.1.0, X-CUBE-AZRTOS-H7_V3.3.0, X-CUBE-AZRTOS-L4_V2.0.0, X-CUBE-AZRTOS-L5_V2.0.0, X-CUBE-AZRTOS-WB_V2.0.0, X-CUBE-AZRTOS-WL_V2.0.0, X-CUBE-BLE1_V7.1.0, X-CUBE-BLE2_V3.3.0, X-CUBE-BLEMGR_V4.0.0, X-CUBE-EEPRMA1_V5.1.0, X-CUBE-FREERTOS_V1.3.1, X-CUBE-GNSS1_V6.0.0, X-CUBE-MEMS1_V11.3.0, X-CUBE-NFC4_V3.0.0, X-CUBE-NFC7_V2.0.0, X-CUBE-SFXS2LP1_V4.0.0, X-CUBE-SUBG2_V5.0.0, X-CUBE-TOF1_V3.4.3]
2025-07-22 08:55:59,792 [INFO] ApiDb:240 - Found 880 in-development CPN: [B-G473E-ZEST1S, B-WB1M-WPAN1, B-WBA5M-WPAN, B-WL5M-SUBG1, NUCLEO-C031C6, NUCLEO-C051C8, NUCLEO-C071RB, NUCLEO-C092RC, NUCLEO-H503RB, NUCLEO-H533RE, NUCLEO-H563ZI, NUCLEO-H7S3L8, NUCLEO-N657X0-Q, NUCLEO-U031R8, NUCLEO-U083RC, NUCLEO-U385RG-Q, NUCLEO-U545RE-Q, NUCLEO-U5A5ZJ-Q, NUCLEO-WB05KZ, NUCLEO-WB07CC, NUCLEO-WB09KE, NUCLEO-WBA52CG, NUCLEO-WBA55CG, NUCLEO-WL33CC1, NUCLEO-WL33CC2, STEVAL-PROTEUS1, STEVAL-SMARTAG2, STEVAL-STWINBX1, STM320518-EVAL, STM32C0116-DK, STM32C011D6Y3TR, STM32C011D6Y6TR, STM32C011F4P3, STM32C011F4P6, STM32C011F4U3, STM32C011F4U6TR, STM32C011F6P3, STM32C011F6P6, STM32C011F6U3, STM32C011F6U6TR, STM32C011J4M3, STM32C011J4M6, STM32C011J6M3, STM32C011J6M6, STM32C0316-DK, STM32C031C4T3, STM32C031C4T6, STM32C031C4U3, STM32C031C4U6, STM32C031C6T3, STM32C031C6T6, STM32C031C6U3, STM32C031C6U6, STM32C031F4P3, STM32C031F4P6, STM32C031F6P3, STM32C031F6P6, STM32C031G4U3, STM32C031G4U6, STM32C031G6U3, STM32C031G6U6, STM32C031K4T3, STM32C031K4T6, STM32C031K4U3, STM32C031K4U6, STM32C031K6T3, STM32C031K6T6, STM32C031K6U3, STM32C031K6U6, STM32C051C6T6, STM32C051C6U6, STM32C051C8T6, STM32C051C8U6, STM32C051D8Y6TR, STM32C051F6P6, STM32C051F8P6, STM32C051G6U6, STM32C051G8U6, STM32C051K6T6, STM32C051K6U6, STM32C051K8T6, STM32C071C8T6, STM32C071C8T6N, STM32C071C8U6, STM32C071C8U6N, STM32C071CBT6, STM32C071CBT6N, STM32C071CBU6, STM32C071CBU6N, STM32C071F8P6, STM32C071F8P6N, STM32C071FBP6, STM32C071FBP6N, STM32C071FBY6TR, STM32C071G8U6, STM32C071G8U6N, STM32C071GBU6, STM32C071GBU6N, STM32C071K8T6, STM32C071K8T6N, STM32C071K8U6, STM32C071K8U6N, STM32C071KBT6, STM32C071KBT6N, STM32C071KBU6, STM32C071KBU6N, STM32C071R8T6, STM32C071R8T6N, STM32C071RBI6N, STM32C071RBT6, STM32C071RBT6N, STM32C091CBT6, STM32C091CBU6, STM32C091CCT6, STM32C091CCU6, STM32C091ECY6TR, STM32C091FBP6, STM32C091FCP6, STM32C091GBU6, STM32C091GCU6, STM32C091KBT6, STM32C091KBU6, STM32C091KCT6, STM32C091KCU6, STM32C091RBT6, STM32C091RCI6, STM32C091RCT6, STM32C092CBT6, STM32C092CBU6, STM32C092CCT6, STM32C092CCU6, STM32C092ECY6TR, STM32C092FBP6, STM32C092FCP6, STM32C092GBU6, STM32C092GCU6, STM32C092KBT6, STM32C092KBU6, STM32C092KCT6, STM32C092KCU6, STM32C092RBT6, STM32C092RCI6, STM32C092RCT6, STM32G071K8TXN, STM32G071K8UXN, STM32G081GBU6N, STM32G081KBT6N, STM32G081KBUXN, STM32G0B1CCT6N, STM32G0B1KCT6, STM32G0B1NEY6TR, STM32G0B1RCT6N, STM32G0C1CCT6, STM32G0C1CCT6N, STM32G0C1CCU6N, STM32G0C1CET6N, STM32G0C1CEU6N, STM32G0C1KCT6, STM32G0C1NEY6TR, STM32G0C1RCI6N, STM32G0C1RCT6N, STM32G0C1REI6N, STM32G0C1RET6N, STM32G0C1VCI6, STM32G0C1VEI6, STM32G411C6T3, STM32G411C6T6, STM32G411C6U3, STM32G411C6U6, STM32G411C8T3, STM32G411C8T6, STM32G411C8U3, STM32G411C8U6, STM32G411CBT3, STM32G411CBT6, STM32G411CBU3, STM32G411CBU6, STM32G411K6T3, STM32G411K6T6, STM32G411K6U3, STM32G411K6U6, STM32G411K8T3, STM32G411K8T6, STM32G411K8U3, STM32G411K8U6, STM32G411KBT3, STM32G411KBT6, STM32G411KBU3, STM32G411KBU6, STM32G411M6T3, STM32G411M6T6, STM32G411M8T3, STM32G411M8T6, STM32G411MBT3, STM32G411MBT6, STM32G411R6T3, STM32G411R6T6, STM32G411R8T3, STM32G411R8T6, STM32G411RBT3, STM32G411RBT6, STM32G414CBT3, STM32G414CBT6, STM32G414CBU3, STM32G414CBU6, STM32G414CCT3, STM32G414CCT6, STM32G414CCU3, STM32G414CCU6, STM32G414MBT3, STM32G414MBT6, STM32G414MCT3, STM32G414MCT6, STM32G414RBT3, STM32G414RBT6, STM32G414RCT3, STM32G414RCT6, STM32G414VBT3, STM32G414VBT6, STM32G414VCT3, STM32G414VCT6, STM32G431CBT3Z, STM32G431RBT3Z, STM32G471CCT6, STM32G471CCU6, STM32G471CET3, STM32G471CET6, STM32G471CEU3, STM32G471CEU6, STM32G471MCT6, STM32G471MET3, STM32G471MET6, STM32G471MEY6TR, STM32G471QCT6, STM32G471QET3, STM32G471RCT6, STM32G471RET3, STM32G471RET6, STM32G471VCH6, STM32G471VCI6, STM32G471VCT6, STM32G471VEH3, STM32G471VEH6, STM32G471VEI3, STM32G471VEI6, STM32G471VET3, STM32G471VET6, STM32G473QET3Z, STM32G473RET3Z, STM32G474CCT6, STM32G491RET3Z, STM32H503CBT6, STM32H503CBU6, STM32H503EBY6TR, STM32H503KBU6, STM32H503RBT6, STM32H523CCT6, STM32H523CCU6, STM32H523CET6, STM32H523CEU6, STM32H523HEY6TR, STM32H523RCT6, STM32H523RET6, STM32H523VCI6, STM32H523VCT6, STM32H523VEI6, STM32H523VET6, STM32H523ZCJ6, STM32H523ZCT6, STM32H523ZEJ6, STM32H523ZET6, STM32H533CET6, STM32H533CEU6, STM32H533HEY6TR, STM32H533RET6, STM32H533VEI6, STM32H533VET6, STM32H533ZEJ6, STM32H533ZET6, STM32H562AGI6, STM32H562AII6, STM32H562IGK6, STM32H562IGT6, STM32H562IIK6, STM32H562IIT6, STM32H562RGT6, STM32H562RGV6, STM32H562RIT6, STM32H562RIV6, STM32H562VGT6, STM32H562VIT6, STM32H562ZGT6, STM32H562ZIT6, STM32H563AGI6, STM32H563AII3Q, STM32H563AII6, STM32H563IGK6, STM32H563IGT6, STM32H563IIK3Q, STM32H563IIK6, STM32H563IIT3Q, STM32H563IIT6, STM32H563MIY3QTR, STM32H563RGT6, STM32H563RGV6, STM32H563RIT6, STM32H563RIV6, STM32H563VGT6, STM32H563VIT3Q, STM32H563VIT6, STM32H563ZGT6, STM32H563ZIT3Q, STM32H563ZIT6, STM32H573AII3Q, STM32H573AII6, STM32H573I-DK, STM32H573IIK3Q, STM32H573IIK6, STM32H573IIT3Q, STM32H573IIT6, STM32H573MIY3QTR, STM32H573RIT6, STM32H573RIV6, STM32H573VIT3Q, STM32H573VIT6, STM32H573ZIT3Q, STM32H573ZIT6, STM32H7R3A8I6, STM32H7R3I8K6, STM32H7R3I8T6, STM32H7R3L8H6, STM32H7R3L8H6H, STM32H7R3R8V6, STM32H7R3V8H6, STM32H7R3V8T6, STM32H7R3V8Y6TR, STM32H7R3Z8J6, STM32H7R3Z8T6, STM32H7R7A8I6, STM32H7R7I8K6, STM32H7R7I8T6, STM32H7R7L8H6, STM32H7R7L8H6H, STM32H7R7Z8J6, STM32H7S3A8I6, STM32H7S3I8K6, STM32H7S3I8T6, STM32H7S3L8H6, STM32H7S3L8H6H, STM32H7S3R8V6, STM32H7S3V8H6, STM32H7S3V8T6, STM32H7S3V8Y6TR, STM32H7S3Z8J6, STM32H7S3Z8T6, STM32H7S78-DK, STM32H7S7A8I6, STM32H7S7I8K6, STM32H7S7I8T6, STM32H7S7L8H6, STM32H7S7L8H6H, STM32H7S7Z8J6, STM32L4R5QGI6STR, STM32MP131AAE3, STM32MP131AAF3, STM32MP131AAG3, STM32MP131CAE3, STM32MP131CAF3, STM32MP131CAG3, STM32MP131DAE7, STM32MP131DAF7, STM32MP131DAG7, STM32MP131FAE7, STM32MP131FAF7, STM32MP131FAG7, STM32MP133AAE3, STM32MP133AAF3, STM32MP133AAG3, STM32MP133CAE3, STM32MP133CAF3, STM32MP133CAG3, STM32MP133DAE7, STM32MP133DAF7, STM32MP133DAG7, STM32MP133FAE7, STM32MP133FAF7, STM32MP133FAG7, STM32MP135AAE3, STM32MP135AAF3, STM32MP135AAG3, STM32MP135CAE3, STM32MP135CAF3, STM32MP135CAG3, STM32MP135DAE7, STM32MP135DAF7, STM32MP135DAG7, STM32MP135F-DK, STM32MP135FAE7, STM32MP135FAF7, STM32MP135FAF7T, STM32MP135FAF7U, STM32MP135FAG7, STM32MP211AAL3, STM32MP211AAM3, STM32MP211AAN3, STM32MP211AAO3, STM32MP211CAL3, STM32MP211CAM3, STM32MP211CAN3, STM32MP211CAO3, STM32MP211DAL3, STM32MP211DAM3, STM32MP211DAN3, STM32MP211DAO3, STM32MP211FAL3, STM32MP211FAM3, STM32MP211FAN3, STM32MP211FAO3, STM32MP213AAL3, STM32MP213AAM3, STM32MP213AAN3, STM32MP213AAO3, STM32MP213CAL3, STM32MP213CAM3, STM32MP213CAN3, STM32MP213CAO3, STM32MP213DAL3, STM32MP213DAM3, STM32MP213DAN3, STM32MP213DAO3, STM32MP213FAL3, STM32MP213FAM3, STM32MP213FAN3, STM32MP213FAO3, STM32MP215AAL3, STM32MP215AAM3, STM32MP215AAN3, STM32MP215AAO3, STM32MP215CAL3, STM32MP215CAM3, STM32MP215CAN3, STM32MP215CAO3, STM32MP215DAL3, STM32MP215DAM3, STM32MP215DAN3, STM32MP215DAO3, STM32MP215F-DK, STM32MP215FAL3, STM32MP215FAM3, STM32MP215FAN3, STM32MP215FAO3, STM32MP231AAJ3, STM32MP231AAK3, STM32MP231AAL3, STM32MP231CAJ3, STM32MP231CAK3, STM32MP231CAL3, STM32MP231DAJ3, STM32MP231DAK3, STM32MP231DAL3, STM32MP231FAJ3, STM32MP231FAK3, STM32MP231FAL3, STM32MP233AAJ3, STM32MP233AAK3, STM32MP233AAL3, STM32MP233CAJ3, STM32MP233CAK3, STM32MP233CAL3, STM32MP233DAJ3, STM32MP233DAK3, STM32MP233DAL3, STM32MP233FAJ3, STM32MP233FAK3, STM32MP233FAL3, STM32MP235AAJ3, STM32MP235AAK3, STM32MP235AAL3, STM32MP235CAJ3, STM32MP235CAK3, STM32MP235CAL3, STM32MP235DAJ3, STM32MP235DAK3, STM32MP235DAL3, STM32MP235FAJ3, STM32MP235FAK3, STM32MP235FAL3, STM32MP251AAI3, STM32MP251AAK3, STM32MP251AAL3, STM32MP251CAI3, STM32MP251CAK3, STM32MP251CAL3, STM32MP251DAI3, STM32MP251DAK3, STM32MP251DAL3, STM32MP251FAI3, STM32MP251FAK3, STM32MP251FAL3, STM32MP253AAI3, STM32MP253AAK3, STM32MP253AAL3, STM32MP253CAI3, STM32MP253CAK3, STM32MP253CAL3, STM32MP253DAI3, STM32MP253DAK3, STM32MP253DAL3, STM32MP253FAI3, STM32MP253FAK3, STM32MP253FAL3, STM32MP255AAI3, STM32MP255AAK3, STM32MP255AAL3, STM32MP255CAI3, STM32MP255CAK3, STM32MP255CAL3, STM32MP255DAI3, STM32MP255DAK3, STM32MP255DAL3, STM32MP255FAI3, STM32MP255FAK3, STM32MP255FAL3, STM32MP257AAI3, STM32MP257AAK3, STM32MP257AAL3, STM32MP257CAI3, STM32MP257CAK3, STM32MP257CAL3, STM32MP257DAI3, STM32MP257DAK3, STM32MP257DAL3, STM32MP257F-DK, STM32MP257F-EV1, STM32MP257FAI3, STM32MP257FAK3, STM32MP257FAL3, STM32N645A0H3Q, STM32N645B0H3Q, STM32N645I0H3Q, STM32N645L0H3Q, STM32N645X0H3Q, STM32N645Z0H3Q, STM32N647A0H3Q, STM32N647B0H3Q, STM32N647I0H3Q, STM32N647L0H3Q, STM32N647X0H3Q, STM32N647Z0H3Q, STM32N655A0H3Q, STM32N655B0H3Q, STM32N655I0H3Q, STM32N655L0H3Q, STM32N655X0H3Q, STM32N655Z0H3Q, STM32N6570-DK, STM32N657A0H3Q, STM32N657B0H3Q, STM32N657I0H3Q, STM32N657L0H3Q, STM32N657X0H3Q, STM32N657Z0H3Q, STM32U031C6T6, STM32U031C6U6, STM32U031C8T6, STM32U031C8U6, STM32U031F4P6, STM32U031F6P6, STM32U031F8P6, STM32U031G6Y6TR, STM32U031G8Y6TR, STM32U031K4U6, STM32U031K6U6, STM32U031K8U6, STM32U031R6I6, STM32U031R6T6, STM32U031R8I6, STM32U031R8T6, STM32U073C8T6, STM32U073C8U6, STM32U073CBT6, STM32U073CBU6, STM32U073CCT6, STM32U073CCU6, STM32U073H8Y6TR, STM32U073HBY6TR, STM32U073HCY6TR, STM32U073K8U6, STM32U073KBU6, STM32U073KCU6, STM32U073M8I6, STM32U073M8T6, STM32U073MBI6, STM32U073MBT6, STM32U073MCI6, STM32U073MCT6, STM32U073R8I6, STM32U073R8T6, STM32U073RBI6, STM32U073RBT6, STM32U073RCI6, STM32U073RCT6, STM32U083C-DK, STM32U083CCT6, STM32U083CCU6, STM32U083HCY6TR, STM32U083KCU6, STM32U083MCI6, STM32U083MCT6, STM32U083RCI6, STM32U083RCT6, STM32U375CET6, STM32U375CET6Q, STM32U375CEU6, STM32U375CEU6Q, STM32U375CEY6QTR, STM32U375CGT6, STM32U375CGT6Q, STM32U375CGU6, STM32U375CGU6Q, STM32U375CGY6QTR, STM32U375KEU6, STM32U375KGU6, STM32U375REI6, STM32U375REI6Q, STM32U375RET6, STM32U375RET6Q, STM32U375REY6GTR, STM32U375REY6QTR, STM32U375RGI6, STM32U375RGI6Q, STM32U375RGT6, STM32U375RGT6Q, STM32U375RGY6GTR, STM32U375RGY6QTR, STM32U375VEI6, STM32U375VEI6Q, STM32U375VET6, STM32U375VET6Q, STM32U375VGI6, STM32U375VGI6Q, STM32U375VGT6, STM32U375VGT6Q, STM32U385CGT6, STM32U385CGT6Q, STM32U385CGU6, STM32U385CGU6Q, STM32U385CGY6QTR, STM32U385KGU6, STM32U385RGI6, STM32U385RGI6Q, STM32U385RGT6, STM32U385RGT6Q, STM32U385RGY6GTR, STM32U385RGY6QTR, STM32U385VGI6, STM32U385VGI6Q, STM32U385VGT6, STM32U385VGT6Q, STM32U535CBT6, STM32U535CBT6Q, STM32U535CBU6, STM32U535CBU6Q, STM32U535CCT6, STM32U535CCT6Q, STM32U535CCU6, STM32U535CCU6Q, STM32U535CET6, STM32U535CET6Q, STM32U535CEU6, STM32U535CEU6Q, STM32U535JEY6QTR, STM32U535NCY6QTR, STM32U535NEY6QTR, STM32U535RBI6, STM32U535RBI6Q, STM32U535RBT6, STM32U535RBT6Q, STM32U535RCI6, STM32U535RCI6Q, STM32U535RCT6, STM32U535RCT6Q, STM32U535REI6, STM32U535REI6Q, STM32U535RET6, STM32U535RET6Q, STM32U535VCI6, STM32U535VCI6Q, STM32U535VCT6, STM32U535VCT6Q, STM32U535VEI6, STM32U535VEI6Q, STM32U535VET6, STM32U535VET6Q, STM32U545CET6, STM32U545CET6Q, STM32U545CEU6, STM32U545CEU6Q, STM32U545JEY6QTR, STM32U545NEY6QTR, STM32U545REI6, STM32U545REI6Q, STM32U545RET6, STM32U545RET6Q, STM32U545VEI6, STM32U545VEI6Q, STM32U545VET6, STM32U545VET6Q, STM32U595AIH6, STM32U595AIH6Q, STM32U595AJH6, STM32U595AJH6Q, STM32U595QII6, STM32U595QII6Q, STM32U595QJI6, STM32U595QJI6Q, STM32U595RIT6, STM32U595RIT6Q, STM32U595RJT6, STM32U595RJT6Q, STM32U595VIT6, STM32U595VIT6Q, STM32U595VJT6, STM32U595VJT6Q, STM32U595ZIT6, STM32U595ZIT6Q, STM32U595ZIY6QTR, STM32U595ZJT6, STM32U595ZJT6Q, STM32U595ZJY6QTR, STM32U599BJY6QTR, STM32U599NIH6Q, STM32U599NJH6Q, STM32U599VIT6Q, STM32U599VJT6, STM32U599VJT6Q, STM32U599ZIT6Q, STM32U599ZIY6QTR, STM32U599ZJT6Q, STM32U599ZJY6QTR, STM32U5A5AJH6, STM32U5A5AJH6Q, STM32U5A5QII3Q , STM32U5A5QJI6, STM32U5A5QJI6Q, STM32U5A5RJT6, STM32U5A5RJT6Q, STM32U5A5VJT6, STM32U5A5VJT6Q, STM32U5A5ZJT6, STM32U5A5ZJT6Q, STM32U5A5ZJY6QTR, STM32U5A9BJY6QTR, STM32U5A9J-DK, STM32U5A9NJH6Q, STM32U5A9VJT6Q, STM32U5A9ZJT6Q, STM32U5A9ZJY6QTR, STM32U5F7VIT6, STM32U5F7VIT6Q, STM32U5F7VJT6, STM32U5F7VJT6Q, STM32U5F9BJY6QTR, STM32U5F9NJH6Q, STM32U5F9VIT6Q, STM32U5F9VJT6Q, STM32U5F9ZIJ6QTR, STM32U5F9ZIT6Q, STM32U5F9ZJJ6QTR, STM32U5F9ZJT6Q, STM32U5G7VJT6, STM32U5G7VJT6Q, STM32U5G9BJY6QTR, STM32U5G9J-DK1, STM32U5G9J-DK2, STM32U5G9NJH6Q, STM32U5G9VJT6Q, STM32U5G9ZJJ6QTR, STM32U5G9ZJT6Q, STM32WB05KZV6TR, STM32WB05KZV7TR, STM32WB05TZF6TR, STM32WB05TZF7TR, STM32WB06CCF6TR, STM32WB06CCF7TR, STM32WB06CCV6TR, STM32WB06CCV7TR, STM32WB06KCV6TR, STM32WB06KCV7TR, STM32WB07CCF6TR, STM32WB07CCF7TR, STM32WB07CCV6TR, STM32WB07CCV7TR, STM32WB07KCV6TR, STM32WB07KCV7TR, STM32WB09KEV6TR, STM32WB09KEV7TR, STM32WB09TEF6TR, STM32WB09TEF7TR, STM32WB1MMCH6, STM32WBA50KGU6, STM32WBA50KGU6TR, STM32WBA52CEU6, STM32WBA52CEU6TR, STM32WBA52CEU7, STM32WBA52CEU7TR, STM32WBA52CGU6, STM32WBA52CGU6TR, STM32WBA52CGU6U, STM32WBA52CGU7, STM32WBA52CGU7TR, STM32WBA52KEU6, STM32WBA52KEU6TR, STM32WBA52KGU6, STM32WBA52KGU6TR, STM32WBA54CEU6, STM32WBA54CEU6TR, STM32WBA54CEU7, STM32WBA54CEU7TR, STM32WBA54CGU6, STM32WBA54CGU6TR, STM32WBA54CGU7, STM32WBA54CGU7TR, STM32WBA54KEU6, STM32WBA54KEU6TR, STM32WBA54KEU7, STM32WBA54KEU7TR, STM32WBA54KGU6, STM32WBA54KGU6TR, STM32WBA54KGU7, STM32WBA54KGU7TR, STM32WBA55CEU6, STM32WBA55CEU6TR, STM32WBA55CEU7, STM32WBA55CEU7TR, STM32WBA55CGU6, STM32WBA55CGU6TR, STM32WBA55CGU6U, STM32WBA55CGU7, STM32WBA55CGU7TR, STM32WBA55G-DK1, STM32WBA55HEF6, STM32WBA55HEF7, STM32WBA55HGF6, STM32WBA55HGF7, STM32WBA55UEI6, STM32WBA55UEI6TR, STM32WBA55UEI7, STM32WBA55UEI7TR, STM32WBA55UGI6, STM32WBA55UGI6TR, STM32WBA55UGI7, STM32WBA55UGI7TR, STM32WBA5MMGH6TR, STM32WBA62MGF6, STM32WBA62MIF6, STM32WBA65MGF7, STM32WBA65MIF6, STM32WBA65MIF7, STM32WL30K8V6, STM32WL30KBV6, STM32WL31C8V6, STM32WL31CBV6, STM32WL31K8V6, STM32WL31KBV6, STM32WL33C8V6, STM32WL33C8V6X, STM32WL33CBV6, STM32WL33CBV6X, STM32WL33CCV6, STM32WL33CCV6A, STM32WL33CCV6X, STM32WL33K8V7, STM32WL33K8V7X, STM32WL33KBV7 , STM32WL33KBV7X, STM32WL33KCV7, STM32WL33KCV7X, STM32WL5MOCH6, STM32WL5MOCH6TR]
2025-07-22 08:55:59,799 [INFO] DbMcus:218 - Found 4801 MCUs, 4801 are supported
2025-07-22 08:55:59,800 [INFO] ApiDb:423 - Load user favorites file C:\Users\Chinnapop/.stm32cubeide/favorites.mcus.txt: 0 item(s)
2025-07-22 08:55:59,800 [INFO] ApiDb:427 - User favorites MCUs=[]
2025-07-22 08:55:59,800 [INFO] DbMcus:224 - Set 0 / 0 favorites MCUs
2025-07-22 08:56:00,175 [INFO] ApiDb:423 - Load user favorites file C:\Users\Chinnapop/.stm32cubeide/favorites.boards.txt: 0 item(s)
2025-07-22 08:56:00,175 [INFO] ApiDb:427 - User favorites Boards=[]
2025-07-22 08:56:00,176 [INFO] DbBoards:198 - Set 0 / 0 favorites Boards
2025-07-22 08:56:00,266 [INFO] UtilMem:75 - End LoadConfig() Used Memory: 407302512 Bytes (853540864)
2025-07-22 08:56:00,444 [WARN] ThirdParty:833 - waiting for thirdparty lock release [change project]
2025-07-22 08:56:00,444 [INFO] ThirdParty:835 - entering critical section [change project]
2025-07-22 08:56:00,444 [INFO] ThirdParty:1030 - CMSIS Pack Vendor :STMicroelectronics X-CUBE-PM33A1 1.0.0
2025-07-22 08:56:00,444 [INFO] ThirdParty:1030 - CMSIS Pack Vendor :STMicroelectronics USBPD 4.1
2025-07-22 08:56:00,444 [INFO] ThirdParty:1030 - CMSIS Pack Vendor :STMicroelectronics USB_HOST 2.0.0
2025-07-22 08:56:00,444 [INFO] ThirdParty:1030 - CMSIS Pack Vendor :STMicroelectronics FP-SNS-MOTENVWB1 1.4.0
2025-07-22 08:56:00,444 [INFO] ThirdParty:1030 - CMSIS Pack Vendor :STMicroelectronics X-CUBE-AZRTOS-F4 1.1.0
2025-07-22 08:56:00,444 [INFO] ThirdParty:1030 - CMSIS Pack Vendor :STMicroelectronics LIBJPEG 8.0.0
2025-07-22 08:56:00,444 [INFO] ThirdParty:1030 - CMSIS Pack Vendor :STMicroelectronics FP-ATR-ASTRA1 2.0.2
2025-07-22 08:56:00,444 [INFO] ThirdParty:1030 - CMSIS Pack Vendor :STMicroelectronics FP-ATR-ASTRA1 2.0.1
2025-07-22 08:56:00,444 [INFO] ThirdParty:1030 - CMSIS Pack Vendor :Avnet-IotConnect X-CUBE-IoTC-DA16k-PMOD 1.0.0
2025-07-22 08:56:00,444 [INFO] ThirdParty:1030 - CMSIS Pack Vendor :STMicroelectronics X-CUBE-SMBUS 2.1.0
2025-07-22 08:56:00,444 [INFO] ThirdParty:1030 - CMSIS Pack Vendor :STMicroelectronics X-CUBE-WB05N 1.1.0
2025-07-22 08:56:00,444 [INFO] ThirdParty:1030 - CMSIS Pack Vendor :STMicroelectronics X-CUBE-ISPU 2.1.0
2025-07-22 08:56:00,445 [INFO] ThirdParty:1030 - CMSIS Pack Vendor :STMicroelectronics X-CUBE-FREERTOS 1.2.0
2025-07-22 08:56:00,445 [INFO] ThirdParty:1030 - CMSIS Pack Vendor :STMicroelectronics X-CUBE-ST60 1.0.0
2025-07-22 08:56:00,445 [INFO] ThirdParty:1030 - CMSIS Pack Vendor :STMicroelectronics X-CUBE-NFC12 1.0.0
2025-07-22 08:56:00,445 [INFO] ThirdParty:1030 - CMSIS Pack Vendor :STMicroelectronics X-CUBE-AZRTOS-F7 1.1.0
2025-07-22 08:56:00,445 [INFO] ThirdParty:1030 - CMSIS Pack Vendor :STMicroelectronics X-CUBE-AZRTOS-L5 2.0.0
2025-07-22 08:56:00,445 [INFO] ThirdParty:1030 - CMSIS Pack Vendor :STMicroelectronics USB_DEVICE 2.0.0
2025-07-22 08:56:00,445 [INFO] ThirdParty:1030 - CMSIS Pack Vendor :STMicroelectronics X-CUBE-NFC6 3.1.0
2025-07-22 08:56:00,445 [INFO] ThirdParty:1030 - CMSIS Pack Vendor :STMicroelectronics X-CUBE-MEMS1 11.0.0
2025-07-22 08:56:00,445 [INFO] ThirdParty:1030 - CMSIS Pack Vendor :STMicroelectronics FreeRTOS 0.0.1
2025-07-22 08:56:00,445 [INFO] ThirdParty:1030 - CMSIS Pack Vendor :STMicroelectronics X-CUBE-DPower 1.2.0
2025-07-22 08:56:00,445 [INFO] ThirdParty:1030 - CMSIS Pack Vendor :STMicroelectronics FP-SNS-FLIGHT1 5.0.2
2025-07-22 08:56:00,445 [INFO] ThirdParty:1030 - CMSIS Pack Vendor :STMicroelectronics PDM2PCM 3.3.0
2025-07-22 08:56:00,445 [INFO] ThirdParty:1030 - CMSIS Pack Vendor :STMicroelectronics X-CUBE-AZRTOS-H7 3.4.0
2025-07-22 08:56:00,445 [INFO] ThirdParty:1030 - CMSIS Pack Vendor :STMicroelectronics X-CUBE-DISPLAY 3.0.0
2025-07-22 08:56:00,445 [INFO] ThirdParty:1030 - CMSIS Pack Vendor :STMicroelectronics X-CUBE-BLE1 7.0.0
2025-07-22 08:56:00,445 [INFO] ThirdParty:1030 - CMSIS Pack Vendor :STMicroelectronics X-CUBE-NFC10 1.0.0
2025-07-22 08:56:00,445 [INFO] ThirdParty:1030 - CMSIS Pack Vendor :STMicroelectronics X-CUBE-BLEMGR 4.0.0
2025-07-22 08:56:00,445 [INFO] ThirdParty:1030 - CMSIS Pack Vendor :STMicroelectronics X-CUBE-FREERTOS 1.3.1
2025-07-22 08:56:00,445 [INFO] ThirdParty:1030 - CMSIS Pack Vendor :STMicroelectronics HAL Drivers 0.0.0
2025-07-22 08:56:00,445 [INFO] ThirdParty:1030 - CMSIS Pack Vendor :emotas I-CUBE-CANOPEN 1.3.0
2025-07-22 08:56:00,445 [INFO] ThirdParty:1030 - CMSIS Pack Vendor :STMicroelectronics X-CUBE-FREERTOS 1.3.0
2025-07-22 08:56:00,445 [INFO] ThirdParty:1030 - CMSIS Pack Vendor :STMicroelectronics X-CUBE-NFC7 1.0.1
2025-07-22 08:56:00,445 [INFO] ThirdParty:1030 - CMSIS Pack Vendor :STMicroelectronics MBEDTLS 2.14.1
2025-07-22 08:56:00,445 [INFO] ThirdParty:1030 - CMSIS Pack Vendor :STMicroelectronics X-CUBE-BLEMGR 3.1.0
2025-07-22 08:56:00,445 [INFO] ThirdParty:1030 - CMSIS Pack Vendor :STMicroelectronics X-CUBE-AI 10.0.0
2025-07-22 08:56:00,445 [INFO] ThirdParty:1030 - CMSIS Pack Vendor :STMicroelectronics FP-SNS-STAIOTCFT 1.0.0
2025-07-22 08:56:00,445 [INFO] ThirdParty:1030 - CMSIS Pack Vendor :STMicroelectronics FP-SNS-SMARTAG2 1.2.0
2025-07-22 08:56:00,445 [INFO] ThirdParty:1030 - CMSIS Pack Vendor :STMicroelectronics FP-SNS-FLIGHT1 5.1.0
2025-07-22 08:56:00,445 [INFO] ThirdParty:1030 - CMSIS Pack Vendor :STMicroelectronics X-CUBE-MEMS1 11.1.0
2025-07-22 08:56:00,445 [INFO] ThirdParty:1030 - CMSIS Pack Vendor :STMicroelectronics X-CUBE-AZRTOS-WL 2.0.0
2025-07-22 08:56:00,445 [INFO] ThirdParty:1030 - CMSIS Pack Vendor :STMicroelectronics X-CUBE-DPower 1.3.0
2025-07-22 08:56:00,445 [INFO] ThirdParty:1030 - CMSIS Pack Vendor :STMicroelectronics FP-SNS-MOTENV1 5.0.0
2025-07-22 08:56:00,445 [INFO] ThirdParty:1030 - CMSIS Pack Vendor :STMicroelectronics USB_DEVICE 1.0.0
2025-07-22 08:56:00,445 [INFO] ThirdParty:1030 - CMSIS Pack Vendor :wolfSSL I-CUBE-wolfMQTT 1.19.0
2025-07-22 08:56:00,445 [INFO] ThirdParty:1030 - CMSIS Pack Vendor :STMicroelectronics X-CUBE-AZRTOS-L4 2.0.0
2025-07-22 08:56:00,445 [INFO] ThirdParty:1030 - CMSIS Pack Vendor :STMicroelectronics ThreadX 0.0.2
2025-07-22 08:56:00,446 [INFO] ThirdParty:1030 - CMSIS Pack Vendor :WES I-CUBE-Cesium 1.3.0
2025-07-22 08:56:00,446 [INFO] ThirdParty:1030 - CMSIS Pack Vendor :STMicroelectronics lwIP 2.1.2
2025-07-22 08:56:00,446 [INFO] ThirdParty:1030 - CMSIS Pack Vendor :STMicroelectronics X-CUBE-SFXS2LP1 4.0.0
2025-07-22 08:56:00,446 [INFO] ThirdParty:1030 - CMSIS Pack Vendor :STMicroelectronics X-CUBE-BLE2 3.3.0
2025-07-22 08:56:00,446 [INFO] ThirdParty:1030 - CMSIS Pack Vendor :STMicroelectronics PDM2PCM 3.2.0
2025-07-22 08:56:00,446 [INFO] ThirdParty:1030 - CMSIS Pack Vendor :STMicroelectronics X-CUBE-AZRTOS-H7 3.3.0
2025-07-22 08:56:00,446 [INFO] ThirdParty:1030 - CMSIS Pack Vendor :STMicroelectronics X-CUBE-NFC9 1.0.0
2025-07-22 08:56:00,446 [INFO] ThirdParty:1030 - CMSIS Pack Vendor :STMicroelectronics X-CUBE-BLE1 7.1.0
2025-07-22 08:56:00,446 [INFO] ThirdParty:1030 - CMSIS Pack Vendor :STMicroelectronics USB_DEVICE 3.0.0
2025-07-22 08:56:00,446 [INFO] ThirdParty:1030 - CMSIS Pack Vendor :STMicroelectronics X-CUBE-TCPP 4.1.0
2025-07-22 08:56:00,446 [INFO] ThirdParty:1030 - CMSIS Pack Vendor :STMicroelectronics X-CUBE-EEPRMA1 5.2.0
2025-07-22 08:56:00,446 [INFO] ThirdParty:1030 - CMSIS Pack Vendor :STMicroelectronics X-CUBE-BLEMGR 4.1.0
2025-07-22 08:56:00,446 [INFO] ThirdParty:1030 - CMSIS Pack Vendor :STMicroelectronics X-CUBE-IPS 3.0.0
2025-07-22 08:56:00,446 [INFO] ThirdParty:1030 - CMSIS Pack Vendor :STMicroelectronics X-CUBE-AZRTOS-WB 2.0.0
2025-07-22 08:56:00,446 [INFO] ThirdParty:1030 - CMSIS Pack Vendor :STMicroelectronics X-CUBE-GNSS1 7.0.0
2025-07-22 08:56:00,446 [INFO] ThirdParty:1030 - CMSIS Pack Vendor :STMicroelectronics X-CUBE-GNSS1 7.0.1
2025-07-22 08:56:00,446 [INFO] ThirdParty:1030 - CMSIS Pack Vendor :STMicroelectronics X-CUBE-TOUCHGFX 4.25.0
2025-07-22 08:56:00,446 [INFO] ThirdParty:1030 - CMSIS Pack Vendor :STMicroelectronics X-CUBE-AI 10.1.0
2025-07-22 08:56:00,446 [INFO] ThirdParty:1030 - CMSIS Pack Vendor :STMicroelectronics FP-SNS-STBOX1 2.0.0
2025-07-22 08:56:00,446 [INFO] ThirdParty:1030 - CMSIS Pack Vendor :STMicroelectronics X-CUBE-MEMS1 11.2.0
2025-07-22 08:56:00,446 [INFO] ThirdParty:1030 - CMSIS Pack Vendor :STMicroelectronics X-CUBE-AZRTOS-G0 1.1.0
2025-07-22 08:56:00,446 [INFO] ThirdParty:1030 - CMSIS Pack Vendor :STMicroelectronics X-CUBE-SAFEA1 1.2.2
2025-07-22 08:56:00,446 [INFO] ThirdParty:1030 - CMSIS Pack Vendor :STMicroelectronics X-CUBE-NFC4 3.0.0
2025-07-22 08:56:00,446 [INFO] ThirdParty:1030 - CMSIS Pack Vendor :STMicroelectronics X-CUBE-SUBG2 5.0.0
2025-07-22 08:56:00,446 [INFO] ThirdParty:1030 - CMSIS Pack Vendor :STMicroelectronics X-CUBE-AZRTOS-H7RS 1.1.0
2025-07-22 08:56:00,446 [INFO] ThirdParty:1030 - CMSIS Pack Vendor :STMicroelectronics STM32_WPAN 1.0.0
2025-07-22 08:56:00,446 [INFO] ThirdParty:1030 - CMSIS Pack Vendor :EmbeddedOffice I-CUBE-FS-RTOS 1.0.1
2025-07-22 08:56:00,446 [INFO] ThirdParty:1030 - CMSIS Pack Vendor :STMicroelectronics lwIP 2.0.3
2025-07-22 08:56:00,446 [INFO] ThirdParty:1030 - CMSIS Pack Vendor :Cesanta I-CUBE-Mongoose 7.13.0
2025-07-22 08:56:00,446 [INFO] ThirdParty:1030 - CMSIS Pack Vendor :STMicroelectronics USB_HOST 1.0.0
2025-07-22 08:56:00,446 [INFO] ThirdParty:1030 - CMSIS Pack Vendor :STMicroelectronics X-CUBE-AZRTOS-G4 2.0.0
2025-07-22 08:56:00,447 [INFO] ThirdParty:1030 - CMSIS Pack Vendor :STMicroelectronics X-CUBE-WB05N 2.0.0
2025-07-22 08:56:00,447 [INFO] ThirdParty:1030 - CMSIS Pack Vendor :STMicroelectronics PDM2PCM 3.1.0
2025-07-22 08:56:00,447 [INFO] ThirdParty:1030 - CMSIS Pack Vendor :STMicroelectronics X-CUBE-NFC7 2.0.0
2025-07-22 08:56:00,447 [INFO] ThirdParty:1030 - CMSIS Pack Vendor :STMicroelectronics X-CUBE-TCPP 4.2.0
2025-07-22 08:56:00,447 [INFO] ThirdParty:1030 - CMSIS Pack Vendor :RealThread X-CUBE-RT-Thread_Nano 4.1.1
2025-07-22 08:56:00,447 [INFO] ThirdParty:1030 - CMSIS Pack Vendor :STMicroelectronics FP-ATR-SIGFOX1 3.2.0
2025-07-22 08:56:00,447 [INFO] ThirdParty:1030 - CMSIS Pack Vendor :quantropi X-CUBE-qispace-sdk-base 1.9.3
2025-07-22 08:56:00,447 [INFO] ThirdParty:1030 - CMSIS Pack Vendor :STMicroelectronics X-CUBE-EEPRMA1 5.1.0
2025-07-22 08:56:00,447 [INFO] ThirdParty:1030 - CMSIS Pack Vendor :STMicroelectronics MBEDTLS 2.16.2
2025-07-22 08:56:00,447 [INFO] ThirdParty:1030 - CMSIS Pack Vendor :STMicroelectronics X-CUBE-IPS 3.1.0
2025-07-22 08:56:00,447 [INFO] ThirdParty:1030 - CMSIS Pack Vendor :STMicroelectronics X-CUBE-ALS 1.0.2
2025-07-22 08:56:00,447 [INFO] ThirdParty:1030 - CMSIS Pack Vendor :wolfSSL I-CUBE-wolfSSL 5.7.4
2025-07-22 08:56:00,447 [INFO] ThirdParty:1030 - CMSIS Pack Vendor :ITTIA_DB I-CUBE-ITTIADB 8.9.0
2025-07-22 08:56:00,447 [INFO] ThirdParty:1030 - CMSIS Pack Vendor :STMicroelectronics X-CUBE-TOUCHGFX 4.24.2
2025-07-22 08:56:00,447 [INFO] ThirdParty:1030 - CMSIS Pack Vendor :STMicroelectronics X-CUBE-TOUCHGFX 4.24.1
2025-07-22 08:56:00,447 [INFO] ThirdParty:1030 - CMSIS Pack Vendor :wolfSSL I-CUBE-wolfTPM 3.4.0
2025-07-22 08:56:00,447 [INFO] ThirdParty:1030 - CMSIS Pack Vendor :portGmbH I-Cube-SoM-uGOAL 1.1.0
2025-07-22 08:56:00,447 [INFO] ThirdParty:1030 - CMSIS Pack Vendor :STMicroelectronics X-CUBE-ST67W61 1.0.0
2025-07-22 08:56:00,447 [INFO] ThirdParty:1030 - CMSIS Pack Vendor :STMicroelectronics ThreadX 1.0.0
2025-07-22 08:56:00,447 [INFO] ThirdParty:1030 - CMSIS Pack Vendor :SEGGER I-CUBE-embOS 1.3.1
2025-07-22 08:56:00,447 [INFO] ThirdParty:1030 - CMSIS Pack Vendor :STMicroelectronics X-CUBE-ALGOBUILD 1.4.0
2025-07-22 08:56:00,447 [INFO] ThirdParty:1030 - CMSIS Pack Vendor :STMicroelectronics X-CUBE-MEMS1 11.3.0
2025-07-22 08:56:00,447 [INFO] ThirdParty:1030 - CMSIS Pack Vendor :STMicroelectronics X-CUBE-AZRTOS-H7RS 1.0.0
2025-07-22 08:56:00,447 [INFO] ThirdParty:1030 - CMSIS Pack Vendor :STMicroelectronics FP-ATR-ASTRA1 2.0.0
2025-07-22 08:56:00,447 [INFO] ThirdParty:1030 - CMSIS Pack Vendor :STMicroelectronics X-CUBE-TOF1 3.4.2
2025-07-22 08:56:00,447 [INFO] ThirdParty:1030 - CMSIS Pack Vendor :STMicroelectronics X-CUBE-TOF1 3.4.3
2025-07-22 08:56:00,447 [INFO] ThirdParty:1030 - CMSIS Pack Vendor :STMicroelectronics X-CUBE-AI 9.1.0
2025-07-22 08:56:00,447 [INFO] ThirdParty:1030 - CMSIS Pack Vendor :Infineon AIROC-Wi-Fi-Bluetooth-STM32 1.6.1
2025-07-22 08:56:00,447 [INFO] ThirdParty:1030 - CMSIS Pack Vendor :wolfSSL I-CUBE-wolfSSH 1.4.17
2025-07-22 08:56:00,447 [INFO] ThirdParty:841 - exiting critical section [change project]
2025-07-22 08:56:00,996 [INFO] PinOutPanel:1589 - setPackage(No Configuration,No Configuration)
2025-07-22 08:56:00,998 [INFO] PinOutPanel:1589 - setPackage(STM32F722ZETx,LQFP144)
2025-07-22 08:56:01,688 [INFO] UtilMem:75 - Before build in PCC Used Memory: 702112800 Bytes (853540864)
2025-07-22 08:56:02,863 [INFO] UtilMem:75 - After build in PCC Used Memory: 304277568 Bytes (853540864)
2025-07-22 08:56:02,900 [INFO] IPUIPlugin:80 - create IPUIPlugin
2025-07-22 08:56:02,901 [INFO] IPUIPlugin:80 - create IPUIPlugin
2025-07-22 08:56:02,901 [INFO] IPUIPlugin:80 - create IPUIPlugin
2025-07-22 08:56:02,901 [INFO] IPUIPlugin:80 - create IPUIPlugin
2025-07-22 08:56:02,901 [INFO] IPUIPlugin:80 - create IPUIPlugin
2025-07-22 08:56:02,901 [INFO] IPUIPlugin:80 - create IPUIPlugin
2025-07-22 08:56:02,901 [INFO] IPUIPlugin:80 - create IPUIPlugin
2025-07-22 08:56:02,901 [INFO] IPUIPlugin:80 - create IPUIPlugin
2025-07-22 08:56:02,901 [INFO] IPUIPlugin:80 - create IPUIPlugin
2025-07-22 08:56:02,902 [INFO] IPUIPlugin:80 - create IPUIPlugin
2025-07-22 08:56:02,902 [INFO] IPUIPlugin:80 - create IPUIPlugin
2025-07-22 08:56:02,902 [INFO] IPUIPlugin:80 - create IPUIPlugin
2025-07-22 08:56:02,902 [INFO] IPUIPlugin:80 - create IPUIPlugin
2025-07-22 08:56:02,902 [INFO] IPUIPlugin:80 - create IPUIPlugin
2025-07-22 08:56:02,902 [INFO] IPUIPlugin:80 - create IPUIPlugin
2025-07-22 08:56:02,902 [INFO] IPUIPlugin:80 - create IPUIPlugin
2025-07-22 08:56:02,902 [INFO] IPUIPlugin:80 - create IPUIPlugin
2025-07-22 08:56:02,902 [INFO] IPUIPlugin:80 - create IPUIPlugin
2025-07-22 08:56:02,902 [INFO] IPUIPlugin:80 - create IPUIPlugin
2025-07-22 08:56:02,903 [INFO] IPUIPlugin:80 - create IPUIPlugin
2025-07-22 08:56:02,903 [INFO] IPUIPlugin:80 - create IPUIPlugin
2025-07-22 08:56:02,903 [INFO] IPUIPlugin:80 - create IPUIPlugin
2025-07-22 08:56:02,903 [INFO] IPUIPlugin:80 - create IPUIPlugin
2025-07-22 08:56:02,903 [INFO] IPUIPlugin:80 - create IPUIPlugin
2025-07-22 08:56:02,903 [INFO] IPUIPlugin:80 - create IPUIPlugin
2025-07-22 08:56:02,903 [INFO] IPUIPlugin:80 - create IPUIPlugin
2025-07-22 08:56:02,903 [INFO] IPUIPlugin:80 - create IPUIPlugin
2025-07-22 08:56:02,904 [INFO] IPUIPlugin:80 - create IPUIPlugin
2025-07-22 08:56:02,904 [INFO] IPUIPlugin:80 - create IPUIPlugin
2025-07-22 08:56:02,904 [INFO] IPUIPlugin:80 - create IPUIPlugin
2025-07-22 08:56:02,904 [INFO] IPUIPlugin:80 - create IPUIPlugin
2025-07-22 08:56:02,904 [INFO] IPUIPlugin:80 - create IPUIPlugin
2025-07-22 08:56:02,904 [INFO] IPUIPlugin:80 - create IPUIPlugin
2025-07-22 08:56:02,905 [INFO] IPUIPlugin:80 - create IPUIPlugin
2025-07-22 08:56:02,905 [INFO] IPUIPlugin:80 - create IPUIPlugin
2025-07-22 08:56:02,905 [INFO] IPUIPlugin:80 - create IPUIPlugin
2025-07-22 08:56:02,905 [INFO] IPUIPlugin:80 - create IPUIPlugin
2025-07-22 08:56:02,906 [INFO] IPUIPlugin:80 - create IPUIPlugin
2025-07-22 08:56:02,906 [INFO] IPUIPlugin:80 - create IPUIPlugin
2025-07-22 08:56:02,906 [INFO] IPUIPlugin:80 - create IPUIPlugin
2025-07-22 08:56:02,906 [INFO] IPUIPlugin:80 - create IPUIPlugin
2025-07-22 08:56:02,906 [INFO] IPUIPlugin:80 - create IPUIPlugin
2025-07-22 08:56:02,908 [INFO] IPUIPlugin:80 - create IPUIPlugin
2025-07-22 08:56:02,908 [INFO] IPUIPlugin:80 - create IPUIPlugin
2025-07-22 08:56:02,908 [INFO] IPUIPlugin:80 - create IPUIPlugin
2025-07-22 08:56:02,909 [INFO] IPUIPlugin:80 - create IPUIPlugin
2025-07-22 08:56:02,909 [INFO] IPUIPlugin:80 - create IPUIPlugin
2025-07-22 08:56:02,909 [INFO] IPUIPlugin:80 - create IPUIPlugin
2025-07-22 08:56:02,909 [INFO] IPUIPlugin:80 - create IPUIPlugin
2025-07-22 08:56:02,909 [INFO] IPUIPlugin:80 - create IPUIPlugin
2025-07-22 08:56:02,910 [INFO] IPUIPlugin:80 - create IPUIPlugin
2025-07-22 08:56:02,910 [INFO] IPUIPlugin:80 - create IPUIPlugin
2025-07-22 08:56:02,910 [INFO] IPUIPlugin:80 - create IPUIPlugin
2025-07-22 08:56:02,910 [INFO] IPUIPlugin:80 - create IPUIPlugin
2025-07-22 08:56:02,910 [INFO] IPUIPlugin:80 - create IPUIPlugin
2025-07-22 08:56:02,911 [INFO] IPUIPlugin:80 - create IPUIPlugin
2025-07-22 08:56:02,911 [INFO] IPUIPlugin:80 - create IPUIPlugin
2025-07-22 08:56:02,911 [INFO] IPUIPlugin:80 - create IPUIPlugin
2025-07-22 08:56:02,911 [INFO] IPUIPlugin:80 - create IPUIPlugin
2025-07-22 08:56:02,911 [INFO] IPUIPlugin:80 - create IPUIPlugin
2025-07-22 08:56:02,911 [INFO] IPUIPlugin:80 - create IPUIPlugin
2025-07-22 08:56:02,911 [INFO] IPUIPlugin:80 - create IPUIPlugin
2025-07-22 08:56:02,911 [INFO] IPUIPlugin:80 - create IPUIPlugin
2025-07-22 08:56:02,912 [INFO] IPUIPlugin:80 - create IPUIPlugin
2025-07-22 08:56:02,912 [INFO] IPUIPlugin:80 - create IPUIPlugin
2025-07-22 08:56:03,080 [INFO] ApiDbMcu:532 - Load IP Config File for PDM2PCM
2025-07-22 08:56:03,354 [INFO] CADModel:165 - CPN selected for project levelSTM32F722ZET6
2025-07-22 08:56:03,354 [INFO] CADModel:114 - Register for checkConnection events
2025-07-22 08:56:03,416 [INFO] OpenFileManager:386 - Restore cursor
2025-07-22 09:01:28,532 [INFO] UtilMem:75 - End SaveConfig() Used Memory: 719611528 Bytes (898629632)
2025-07-22 09:01:33,373 [INFO] UtilMem:75 - End SaveConfig() Used Memory: 247244888 Bytes (898629632)
2025-07-22 09:01:44,959 [INFO] WebApp:194 - Connection lost
2025-07-22 09:01:45,169 [INFO] WebApp:191 - Connection restablished
2025-07-22 09:02:35,728 [INFO] UtilMem:75 - End SaveConfig() Used Memory: 339409528 Bytes (898629632)
2025-07-22 09:02:36,286 [INFO] BlockDiagram:2775 - set Specific Code input for plugin: SYS
2025-07-22 09:02:36,288 [INFO] BlockDiagram:2775 - set Specific Code input for plugin: RCC
2025-07-22 09:02:36,288 [INFO] BlockDiagram:2775 - set Specific Code input for plugin: NVIC
2025-07-22 09:02:36,288 [INFO] BlockDiagram:2775 - set Specific Code input for plugin: GPIO
2025-07-22 09:02:36,291 [INFO] CodeGenerator:892 - code generatio: config db path: C:\ST\STM32CubeIDE_1.16.1\STM32CubeIDE\plugins\com.st.stm32cube.common.mx_6.15.0.202507011659\\db\
2025-07-22 09:02:36,461 [INFO] CodeEngine:265 - oldGeneratedFile, C:\Users\Chinnapop\STM32CubeIDE\workspace\IMU emulator\MXTmpFiles\license.tmp_save
2025-07-22 09:02:37,221 [INFO] CodeEngine:289 - Generated code: C:\Users\Chinnapop\STM32CubeIDE\workspace\IMU emulator\MXTmpFiles\license.tmp
2025-07-22 09:02:37,346 [INFO] CodeEngine:265 - oldGeneratedFile, C:\Users\Chinnapop\STM32CubeIDE\workspace\IMU emulator\MXTmpFiles\gpio.tmp_save
2025-07-22 09:02:37,504 [INFO] CodeEngine:289 - Generated code: C:\Users\Chinnapop\STM32CubeIDE\workspace\IMU emulator\MXTmpFiles\gpio.tmp
2025-07-22 09:02:37,594 [INFO] CodeEngine:265 - oldGeneratedFile, C:\Users\Chinnapop\STM32CubeIDE\workspace\IMU emulator\MXTmpFiles\cortex.tmp_save
2025-07-22 09:02:37,684 [INFO] CodeEngine:289 - Generated code: C:\Users\Chinnapop\STM32CubeIDE\workspace\IMU emulator\MXTmpFiles\cortex.tmp
2025-07-22 09:02:37,706 [INFO] CodeEngine:265 - oldGeneratedFile, C:\Users\Chinnapop\STM32CubeIDE\workspace\IMU emulator\Core\Src\stm32f7xx_it.c_save
2025-07-22 09:02:37,839 [INFO] CodeEngine:289 - Generated code: C:\Users\Chinnapop\STM32CubeIDE\workspace\IMU emulator\Core\Src\stm32f7xx_it.c
2025-07-22 09:02:37,850 [INFO] CodeEngine:265 - oldGeneratedFile, C:\Users\Chinnapop\STM32CubeIDE\workspace\IMU emulator\Core\Inc\stm32f7xx_it.h_save
2025-07-22 09:02:37,952 [INFO] CodeEngine:289 - Generated code: C:\Users\Chinnapop\STM32CubeIDE\workspace\IMU emulator\Core\Inc\stm32f7xx_it.h
2025-07-22 09:02:37,995 [INFO] CodeEngine:265 - oldGeneratedFile, C:\Users\Chinnapop\STM32CubeIDE\workspace\IMU emulator\Core\Src\stm32f7xx_hal_msp.c_save
2025-07-22 09:02:38,158 [INFO] CodeEngine:289 - Generated code: C:\Users\Chinnapop\STM32CubeIDE\workspace\IMU emulator\Core\Src\stm32f7xx_hal_msp.c
2025-07-22 09:02:38,169 [INFO] CodeEngine:265 - oldGeneratedFile, C:\Users\Chinnapop\STM32CubeIDE\workspace\IMU emulator\MXTmpFiles\system.tmp_save
2025-07-22 09:02:38,263 [INFO] CodeEngine:289 - Generated code: C:\Users\Chinnapop\STM32CubeIDE\workspace\IMU emulator\MXTmpFiles\system.tmp
2025-07-22 09:02:38,315 [INFO] CodeEngine:321 - oldGeneratedFile, C:\Users\Chinnapop\STM32CubeIDE\workspace\IMU emulator\Core\Inc\stm32f7xx_hal_conf.h_save
2025-07-22 09:02:38,443 [INFO] CodeEngine:345 - Generated code: C:\Users\Chinnapop\STM32CubeIDE\workspace\IMU emulator\Core\Inc\stm32f7xx_hal_conf.h
2025-07-22 09:02:38,524 [INFO] ApiDbMcu:532 - Load IP Config File for RCC
2025-07-22 09:02:38,547 [INFO] CodeEngine:265 - oldGeneratedFile, C:\Users\Chinnapop\STM32CubeIDE\workspace\IMU emulator\Core\Inc\main.h_save
2025-07-22 09:02:38,679 [INFO] CodeEngine:289 - Generated code: C:\Users\Chinnapop\STM32CubeIDE\workspace\IMU emulator\Core\Inc\main.h
2025-07-22 09:02:38,692 [INFO] CodeEngine:265 - oldGeneratedFile, C:\Users\Chinnapop\STM32CubeIDE\workspace\IMU emulator\Core\Src\main.c_save
2025-07-22 09:02:38,879 [INFO] CodeEngine:289 - Generated code: C:\Users\Chinnapop\STM32CubeIDE\workspace\IMU emulator\Core\Src\main.c
2025-07-22 09:02:39,489 [INFO] ProjectBuilder:3606 - Time for Copy HAL[1] : 401mS.
2025-07-22 09:02:39,507 [INFO] ProjectBuilder:5216 - Project Generator version: 4.7.0-B52
2025-07-22 09:02:39,610 [INFO] ConfigFileManager:1595 - The Die is : DIE452
2025-07-22 09:02:39,661 [INFO] ApiDbMcu:532 - Load IP Config File for FATFS
2025-07-22 09:02:39,668 [INFO] ApiDbMcu:532 - Load IP Config File for FREERTOS
2025-07-22 09:02:39,673 [INFO] ApiDbMcu:532 - Load IP Config File for LIBJPEG
2025-07-22 09:02:39,692 [INFO] ApiDbMcu:532 - Load IP Config File for MBEDTLS
2025-07-22 09:02:39,703 [INFO] ApiDbMcu:532 - Load IP Config File for USB_DEVICE
2025-07-22 09:02:39,709 [INFO] ApiDbMcu:532 - Load IP Config File for USB_HOST
2025-07-22 09:02:40,413 [INFO] LogOutputStream:77 - [STDOUT_REDIRECT] 
2025-07-22 09:02:42,431 [INFO] ProjectBuilder:5496 - Time for Generating toolchain IDE Files: 2920mS.
2025-07-22 09:02:42,439 [INFO] ProjectBuilder:3463 - Time for Copy CMSIS : 6mS.
2025-07-22 09:02:42,461 [INFO] ProjectBuilder:3463 - Time for Copy CMSIS : 1mS.
2025-07-22 09:02:45,090 [INFO] MainUpdater:2872 - connection check result : 10
2025-07-22 09:02:45,092 [INFO] MainUpdater:2872 - connection check result : 10
2025-07-22 09:02:45,175 [INFO] MicroXplorer:468 - Change Database Path : 
2025-07-22 09:02:45,175 [INFO] MicroXplorer:498 - Change Database Version : DB.6.0.150
2025-07-22 09:02:45,339 [ERROR] ProjectManagerView:395 - 
java.lang.NullPointerException: Cannot invoke "javax.swing.JTextField.getText()" because the return value of "java.util.List.get(int)" is null
	at com.st.microxplorer.plugins.projectmanager.gui.ProjectChoiceTab$9.caretUpdate(ProjectChoiceTab.java:2706) ~[filemanager.jar:?]
	at javax.swing.text.JTextComponent.fireCaretUpdate(JTextComponent.java:408) ~[?:?]
	at javax.swing.text.JTextComponent$MutableCaretEvent.fire(JTextComponent.java:4484) ~[?:?]
	at javax.swing.text.JTextComponent$MutableCaretEvent.stateChanged(JTextComponent.java:4506) ~[?:?]
	at javax.swing.text.DefaultCaret.fireStateChanged(DefaultCaret.java:857) ~[?:?]
	at javax.swing.text.DefaultCaret.changeCaretPosition(DefaultCaret.java:1343) ~[?:?]
	at javax.swing.text.DefaultCaret.handleSetDot(DefaultCaret.java:1242) ~[?:?]
	at javax.swing.text.DefaultCaret.setDot(DefaultCaret.java:1223) ~[?:?]
	at javax.swing.text.DefaultCaret$Handler.insertUpdate(DefaultCaret.java:1819) ~[?:?]
	at javax.swing.text.AbstractDocument.fireInsertUpdate(AbstractDocument.java:227) ~[?:?]
	at javax.swing.text.AbstractDocument.handleInsertString(AbstractDocument.java:781) ~[?:?]
	at javax.swing.text.AbstractDocument.insertString(AbstractDocument.java:740) ~[?:?]
	at javax.swing.text.PlainDocument.insertString(PlainDocument.java:131) ~[?:?]
	at javax.swing.text.AbstractDocument.replace(AbstractDocument.java:699) ~[?:?]
	at javax.swing.text.JTextComponent.setText(JTextComponent.java:1725) ~[?:?]
	at com.st.microxplorer.plugins.projectmanager.gui.ProjectChoiceTab.createHeapStackFields(ProjectChoiceTab.java:993) ~[filemanager.jar:?]
	at com.st.microxplorer.plugins.projectmanager.gui.ProjectChoiceTab.buildLinkSettingsPanel(ProjectChoiceTab.java:3813) ~[filemanager.jar:?]
	at com.st.microxplorer.plugins.projectmanager.gui.ProjectChoiceTab.defineWindowsFields(ProjectChoiceTab.java:1987) ~[filemanager.jar:?]
	at com.st.microxplorer.plugins.projectmanager.gui.ProjectChoiceTab.updateSettings(ProjectChoiceTab.java:558) ~[filemanager.jar:?]
	at com.st.microxplorer.plugins.projectmanager.gui.ProjectSettingsPanel.UpdateDialog(ProjectSettingsPanel.java:247) ~[filemanager.jar:?]
	at com.st.microxplorer.plugins.projectmanager.ProjectManagerView.propertyChange(ProjectManagerView.java:392) ~[filemanager.jar:?]
	at java.beans.PropertyChangeSupport.fire(PropertyChangeSupport.java:343) ~[?:?]
	at java.beans.PropertyChangeSupport.firePropertyChange(PropertyChangeSupport.java:335) ~[?:?]
	at java.beans.PropertyChangeSupport.firePropertyChange(PropertyChangeSupport.java:268) ~[?:?]
	at com.st.microxplorer.util.MXPropertyChangeSupport.firePropertyChange(MXPropertyChangeSupport.java:54) ~[STM32CubeMX.jar:?]
	at com.st.microxplorer.mxsystem.MxSystem.closeConfig(MxSystem.java:899) ~[STM32CubeMX.jar:?]
	at com.st.microxplorer.maingui.MainPanel.closeConfig(MainPanel.java:792) ~[STM32CubeMX.jar:?]
	at com.st.microxplorer.plugins.filemanager.engine.OpenFileManager.loadConfigurationFile(OpenFileManager.java:288) ~[filemanager.jar:?]
	at com.st.microxplorer.plugins.filemanager.engine.MainFileManager.userLoadConfig(MainFileManager.java:364) ~[filemanager.jar:?]
	at com.st.microxplorer.plugins.filemanager.engine.MainFileManager.userLoadConfig(MainFileManager.java:342) ~[filemanager.jar:?]
	at com.st.microxplorer.plugins.filemanager.FileManagerView.getSpecificTask(FileManagerView.java:264) ~[filemanager.jar:?]
	at com.st.stm32cube.common.mx.editor.CubeMxEditor.getMxTabbedPaneInstance(CubeMxEditor.java:1198) ~[com.st.stm32cube.common.mx_6.15.0.202507011659/:?]
	at com.st.stm32cube.common.mx.editor.CubeMxEditor$12$1.createSwingComponent(CubeMxEditor.java:1068) ~[com.st.stm32cube.common.mx_6.15.0.202507011659/:?]
	at com.st.stm32cube.common.mx.oss.core.awtswtbridge.EmbeddedSwingComposite.doComponentCreation(EmbeddedSwingComposite.java:492) ~[com.st.stm32cube.common.mx.oss_6.15.0.202507011659/:?]
	at com.st.stm32cube.common.mx.oss.core.awtswtbridge.EmbeddedSwingComposite$4.run(EmbeddedSwingComposite.java:291) ~[com.st.stm32cube.common.mx.oss_6.15.0.202507011659/:?]
	at com.st.stm32cube.common.mx.oss.core.awtswtbridge.AwtEnvironment$2.run(AwtEnvironment.java:166) ~[com.st.stm32cube.common.mx.oss_6.15.0.202507011659/:?]
	at java.awt.event.InvocationEvent.dispatch(InvocationEvent.java:318) ~[?:?]
	at java.awt.EventQueue.dispatchEventImpl(EventQueue.java:773) ~[?:?]
	at java.awt.EventQueue$4.run(EventQueue.java:720) ~[?:?]
	at java.awt.EventQueue$4.run(EventQueue.java:714) ~[?:?]
	at java.security.AccessController.doPrivileged(AccessController.java:400) ~[?:?]
	at java.security.ProtectionDomain$JavaSecurityAccessImpl.doIntersectionPrivilege(ProtectionDomain.java:87) ~[?:?]
	at java.awt.EventQueue.dispatchEvent(EventQueue.java:742) ~[?:?]
	at java.awt.EventDispatchThread.pumpOneEventForFilters(EventDispatchThread.java:203) ~[?:?]
	at java.awt.EventDispatchThread.pumpEventsForFilter(EventDispatchThread.java:124) ~[?:?]
	at java.awt.EventDispatchThread.pumpEventsForHierarchy(EventDispatchThread.java:113) ~[?:?]
	at java.awt.EventDispatchThread.pumpEvents(EventDispatchThread.java:109) ~[?:?]
	at java.awt.EventDispatchThread.pumpEvents(EventDispatchThread.java:101) ~[?:?]
	at java.awt.EventDispatchThread.run(EventDispatchThread.java:90) ~[?:?]
2025-07-22 09:02:45,409 [WARN] ThirdParty:871 - waiting for thirdparty lock release [close project]
2025-07-22 09:02:45,410 [INFO] ThirdParty:873 - entering critical section [close project]
2025-07-22 09:02:45,410 [INFO] ThirdParty:883 - exiting critical section [close project]
2025-07-22 09:02:45,422 [INFO] PinOutPanel:1589 - setPackage(No Configuration,No Configuration)
2025-07-22 09:02:45,455 [WARN] IpParametersView:155 - Warning: This peripheral hasn't parameters
2025-07-22 09:02:45,463 [WARN] MainPanel:289 - <html><b><center>Warning: This peripheral has no parameters to be configured<br></b></html>
2025-07-22 09:02:45,476 [INFO] UtilMem:75 - Begin LoadConfig() Used Memory: 692747880 Bytes (898629632)
2025-07-22 09:02:45,478 [INFO] MicroXplorer:468 - Change Database Path : 
2025-07-22 09:02:45,479 [INFO] MicroXplorer:498 - Change Database Version : DB.6.0.150
2025-07-22 09:02:45,479 [INFO] OpenFileManager:355 - Change cursor
2025-07-22 09:02:45,517 [INFO] RulesReader:64 - Compatibility file has been processed (317 Rules)
2025-07-22 09:02:45,529 [INFO] Mcu:2029 - Initializing MCU STM32F767ZITx STM32F767ZITx STM32F767ZIT6
2025-07-22 09:02:49,902 [INFO] Context:786 - Trying to add GPIOservice into a context  which must be forbidden
2025-07-22 09:02:50,844 [INFO] ImportTextPane:234 - (OptionalMessage_ERROR) Pin8 (VP_RIF_VS_RIF1) cannot be retrieved for this MCU
2025-07-22 09:02:51,301 [INFO] RtosManager:558 - Registered RTOS mode: class=CMSIS, group=RTOS, mode=CMSIS_V1, owner=FREERTOS
2025-07-22 09:02:51,303 [INFO] RtosManager:558 - Registered RTOS mode: class=CMSIS, group=RTOS2, mode=CMSIS_V2, owner=FREERTOS
2025-07-22 09:02:51,303 [INFO] RtosManager:558 - Registered RTOS mode: class=RTOS, group=Core, mode=CMSIS_V1, owner=FREERTOS
2025-07-22 09:02:51,303 [INFO] RtosManager:558 - Registered RTOS mode: class=RTOS, group=Core, mode=CMSIS_V2, owner=FREERTOS
2025-07-22 09:02:51,303 [WARN] ModelIntegratedComponent:184 - Missing modes for component STMicroelectronics:FreeRTOS:0.0.1:STMicroelectronics:RTOS:FreeRTOS:Core:::10.2.0:
2025-07-22 09:02:51,313 [WARN] ModelIntegratedComponent:63 - No mode defined for component null
2025-07-22 09:02:51,314 [WARN] ModelIntegratedComponent:63 - No mode defined for component null
2025-07-22 09:02:51,314 [WARN] ModelIntegratedComponent:63 - No mode defined for component null
2025-07-22 09:02:51,314 [WARN] ModelIntegratedComponent:63 - No mode defined for component null
2025-07-22 09:02:51,314 [WARN] ModelIntegratedComponent:63 - No mode defined for component null
2025-07-22 09:02:51,314 [WARN] ModelIntegratedComponent:63 - No mode defined for component null
2025-07-22 09:02:51,315 [WARN] ModelIntegratedComponent:63 - No mode defined for component null
2025-07-22 09:02:51,315 [WARN] ModelIntegratedComponent:63 - No mode defined for component null
2025-07-22 09:02:51,315 [WARN] ModelIntegratedComponent:63 - No mode defined for component null
2025-07-22 09:02:51,315 [WARN] ModelIntegratedComponent:63 - No mode defined for component null
2025-07-22 09:02:51,315 [WARN] ModelIntegratedComponent:63 - No mode defined for component null
2025-07-22 09:02:51,315 [WARN] ModelIntegratedComponent:63 - No mode defined for component null
2025-07-22 09:02:51,315 [WARN] ModelIntegratedComponent:63 - No mode defined for component null
2025-07-22 09:02:51,315 [WARN] ModelIntegratedComponent:63 - No mode defined for component null
2025-07-22 09:02:51,315 [WARN] ModelIntegratedComponent:63 - No mode defined for component null
2025-07-22 09:02:51,316 [WARN] ModelIntegratedComponent:63 - No mode defined for component null
2025-07-22 09:02:51,316 [WARN] ModelIntegratedComponent:63 - No mode defined for component null
2025-07-22 09:02:51,316 [WARN] ModelIntegratedComponent:63 - No mode defined for component null
2025-07-22 09:02:51,316 [WARN] ModelIntegratedComponent:63 - No mode defined for component null
2025-07-22 09:02:51,316 [WARN] ModelIntegratedComponent:63 - No mode defined for component null
2025-07-22 09:02:51,316 [WARN] ModelIntegratedComponent:63 - No mode defined for component null
2025-07-22 09:02:51,316 [WARN] ModelIntegratedComponent:63 - No mode defined for component null
2025-07-22 09:02:51,316 [WARN] ModelIntegratedComponent:63 - No mode defined for component null
2025-07-22 09:02:51,317 [WARN] ModelIntegratedComponent:63 - No mode defined for component null
2025-07-22 09:02:51,317 [WARN] ModelIntegratedComponent:63 - No mode defined for component null
2025-07-22 09:02:51,317 [WARN] ModelIntegratedComponent:63 - No mode defined for component null
2025-07-22 09:02:51,317 [WARN] ModelIntegratedComponent:63 - No mode defined for component null
2025-07-22 09:02:51,317 [WARN] ModelIntegratedComponent:63 - No mode defined for component null
2025-07-22 09:02:51,317 [WARN] ModelIntegratedComponent:63 - No mode defined for component null
2025-07-22 09:02:51,317 [WARN] ModelIntegratedComponent:63 - No mode defined for component null
2025-07-22 09:02:51,317 [WARN] ModelIntegratedComponent:63 - No mode defined for component null
2025-07-22 09:02:51,317 [WARN] ModelIntegratedComponent:63 - No mode defined for component null
2025-07-22 09:02:51,317 [WARN] ModelIntegratedComponent:63 - No mode defined for component null
2025-07-22 09:02:51,318 [WARN] ModelIntegratedComponent:63 - No mode defined for component null
2025-07-22 09:02:51,318 [WARN] ModelIntegratedComponent:63 - No mode defined for component null
2025-07-22 09:02:51,318 [WARN] ModelPack:524 - Component already loaded: STMicroelectronics:HAL Drivers:0.0.0:STMicroelectronics:Device:STMicro_Driver:XSPI:HAL::0.0.1:HAL_XSPI
2025-07-22 09:02:51,664 [INFO] ThirdPartyModel:298 - Start build external matchings
2025-07-22 09:02:53,012 [INFO] ThirdPartyModel:316 - End build external matchings
2025-07-22 09:02:53,050 [INFO] ImportTextPane:234 - (OptionalMessage_ERROR) IP (RCC) : Invalid parameter (48MHZClocksFreq_Value)
2025-07-22 09:02:53,050 [INFO] ImportTextPane:234 - (OptionalMessage_ERROR) IP (RCC) : Invalid parameter (ADC12outputFreq_Value)
2025-07-22 09:02:53,050 [INFO] ImportTextPane:234 - (OptionalMessage_ERROR) IP (RCC) : Invalid parameter (ADC34outputFreq_Value)
2025-07-22 09:02:53,051 [INFO] ImportTextPane:234 - (OptionalMessage_ERROR) IP (RCC) : Invalid parameter (FamilyName)
2025-07-22 09:02:53,051 [INFO] ImportTextPane:234 - (OptionalMessage_ERROR) IP (RCC) : Invalid parameter (I2SClocksFreq_Value)
2025-07-22 09:02:53,051 [INFO] ImportTextPane:234 - (OptionalMessage_ERROR) IP (RCC) : Invalid parameter (LCDTFToutputFreq_Value)
2025-07-22 09:02:53,051 [INFO] ImportTextPane:234 - (OptionalMessage_ERROR) IP (RCC) : Invalid parameter (MCOFreq_Value)
2025-07-22 09:02:53,052 [INFO] ImportTextPane:234 - (OptionalMessage_ERROR) IP (RCC) : Invalid parameter (PLLMCOFreq_Value)
2025-07-22 09:02:53,052 [INFO] ImportTextPane:234 - (OptionalMessage_ERROR) IP (RCC) : Invalid parameter (PLLMUL)
2025-07-22 09:02:53,052 [INFO] ImportTextPane:234 - (OptionalMessage_ERROR) IP (RCC) : Invalid parameter (PRESCALERUSB)
2025-07-22 09:02:53,052 [INFO] ImportTextPane:234 - (OptionalMessage_ERROR) IP (RCC) : Parameter (RNGFreq_Value) has invalid value (108000000)
2025-07-22 09:02:53,052 [INFO] ImportTextPane:234 - (OptionalMessage_ERROR) IP (RCC) : Invalid parameter (RTCHSEDivFreq_Value)
2025-07-22 09:02:53,052 [INFO] ImportTextPane:234 - (OptionalMessage_ERROR) IP (RCC) : Parameter (SDMMC2Freq_Value) has invalid value (216000000)
2025-07-22 09:02:53,052 [INFO] ImportTextPane:234 - (OptionalMessage_ERROR) IP (RCC) : Parameter (SDMMCFreq_Value) has invalid value (216000000)
2025-07-22 09:02:53,052 [INFO] ImportTextPane:234 - (OptionalMessage_ERROR) IP (RCC) : Invalid parameter (SYSCLKSourceVirtual)
2025-07-22 09:02:53,052 [INFO] ImportTextPane:234 - (OptionalMessage_ERROR) IP (RCC) : Invalid parameter (TIM15Freq_Value)
2025-07-22 09:02:53,052 [INFO] ImportTextPane:234 - (OptionalMessage_ERROR) IP (RCC) : Invalid parameter (TIM16Freq_Value)
2025-07-22 09:02:53,053 [INFO] ImportTextPane:234 - (OptionalMessage_ERROR) IP (RCC) : Invalid parameter (TIM17Freq_Value)
2025-07-22 09:02:53,053 [INFO] ImportTextPane:234 - (OptionalMessage_ERROR) IP (RCC) : Invalid parameter (TIM1Freq_Value)
2025-07-22 09:02:53,053 [INFO] ImportTextPane:234 - (OptionalMessage_ERROR) IP (RCC) : Invalid parameter (TIM20Freq_Value)
2025-07-22 09:02:53,053 [INFO] ImportTextPane:234 - (OptionalMessage_ERROR) IP (RCC) : Invalid parameter (TIM2Freq_Value)
2025-07-22 09:02:53,053 [INFO] ImportTextPane:234 - (OptionalMessage_ERROR) IP (RCC) : Invalid parameter (TIM3Freq_Value)
2025-07-22 09:02:53,053 [INFO] ImportTextPane:234 - (OptionalMessage_ERROR) IP (RCC) : Invalid parameter (TIM8Freq_Value)
2025-07-22 09:02:53,053 [INFO] ImportTextPane:234 - (OptionalMessage_ERROR) IP (RCC) : Parameter (USBFreq_Value) has invalid value (108000000)
2025-07-22 09:02:53,053 [INFO] ImportTextPane:234 - (OptionalMessage_ERROR) IP (RCC) : Invalid parameter (VCOOutput2Freq_Value)
2025-07-22 09:02:53,053 [INFO] ImportTextPane:234 - (OptionalMessage_ERROR) IP (RCC) : Invalid parameter (VcooutputI2S)
2025-07-22 09:02:53,749 [INFO] UtilMem:75 - End LoadConfig() Used Memory: 415374192 Bytes (898629632)
2025-07-22 09:02:53,867 [WARN] ThirdParty:833 - waiting for thirdparty lock release [change project]
2025-07-22 09:02:53,868 [INFO] ThirdParty:835 - entering critical section [change project]
2025-07-22 09:02:53,868 [INFO] ThirdParty:1030 - CMSIS Pack Vendor :STMicroelectronics X-CUBE-PM33A1 1.0.0
2025-07-22 09:02:53,868 [INFO] ThirdParty:1030 - CMSIS Pack Vendor :STMicroelectronics USBPD 4.1
2025-07-22 09:02:53,868 [INFO] ThirdParty:1030 - CMSIS Pack Vendor :STMicroelectronics USB_HOST 2.0.0
2025-07-22 09:02:53,868 [INFO] ThirdParty:1030 - CMSIS Pack Vendor :STMicroelectronics FP-SNS-MOTENVWB1 1.4.0
2025-07-22 09:02:53,868 [INFO] ThirdParty:1030 - CMSIS Pack Vendor :STMicroelectronics X-CUBE-AZRTOS-F4 1.1.0
2025-07-22 09:02:53,868 [INFO] ThirdParty:1030 - CMSIS Pack Vendor :STMicroelectronics LIBJPEG 8.0.0
2025-07-22 09:02:53,868 [INFO] ThirdParty:1030 - CMSIS Pack Vendor :STMicroelectronics FP-ATR-ASTRA1 2.0.2
2025-07-22 09:02:53,868 [INFO] ThirdParty:1030 - CMSIS Pack Vendor :STMicroelectronics FP-ATR-ASTRA1 2.0.1
2025-07-22 09:02:53,868 [INFO] ThirdParty:1030 - CMSIS Pack Vendor :Avnet-IotConnect X-CUBE-IoTC-DA16k-PMOD 1.0.0
2025-07-22 09:02:53,868 [INFO] ThirdParty:1030 - CMSIS Pack Vendor :STMicroelectronics X-CUBE-SMBUS 2.1.0
2025-07-22 09:02:53,868 [INFO] ThirdParty:1030 - CMSIS Pack Vendor :STMicroelectronics X-CUBE-WB05N 1.1.0
2025-07-22 09:02:53,868 [INFO] ThirdParty:1030 - CMSIS Pack Vendor :STMicroelectronics X-CUBE-ISPU 2.1.0
2025-07-22 09:02:53,868 [INFO] ThirdParty:1030 - CMSIS Pack Vendor :STMicroelectronics X-CUBE-FREERTOS 1.2.0
2025-07-22 09:02:53,868 [INFO] ThirdParty:1030 - CMSIS Pack Vendor :STMicroelectronics X-CUBE-ST60 1.0.0
2025-07-22 09:02:53,868 [INFO] ThirdParty:1030 - CMSIS Pack Vendor :STMicroelectronics X-CUBE-NFC12 1.0.0
2025-07-22 09:02:53,870 [INFO] ThirdParty:1030 - CMSIS Pack Vendor :STMicroelectronics X-CUBE-AZRTOS-F7 1.1.0
2025-07-22 09:02:53,870 [INFO] ThirdParty:1030 - CMSIS Pack Vendor :STMicroelectronics X-CUBE-AZRTOS-L5 2.0.0
2025-07-22 09:02:53,870 [INFO] ThirdParty:1030 - CMSIS Pack Vendor :STMicroelectronics USB_DEVICE 2.0.0
2025-07-22 09:02:53,870 [INFO] ThirdParty:1030 - CMSIS Pack Vendor :STMicroelectronics X-CUBE-NFC6 3.1.0
2025-07-22 09:02:53,870 [INFO] ThirdParty:1030 - CMSIS Pack Vendor :STMicroelectronics X-CUBE-MEMS1 11.0.0
2025-07-22 09:02:53,871 [INFO] ThirdParty:1030 - CMSIS Pack Vendor :STMicroelectronics FreeRTOS 0.0.1
2025-07-22 09:02:53,871 [INFO] ThirdParty:1030 - CMSIS Pack Vendor :STMicroelectronics X-CUBE-DPower 1.2.0
2025-07-22 09:02:53,871 [INFO] ThirdParty:1030 - CMSIS Pack Vendor :STMicroelectronics FP-SNS-FLIGHT1 5.0.2
2025-07-22 09:02:53,871 [INFO] ThirdParty:1030 - CMSIS Pack Vendor :STMicroelectronics PDM2PCM 3.3.0
2025-07-22 09:02:53,871 [INFO] ThirdParty:1030 - CMSIS Pack Vendor :STMicroelectronics X-CUBE-AZRTOS-H7 3.4.0
2025-07-22 09:02:53,871 [INFO] ThirdParty:1030 - CMSIS Pack Vendor :STMicroelectronics X-CUBE-DISPLAY 3.0.0
2025-07-22 09:02:53,871 [INFO] ThirdParty:1030 - CMSIS Pack Vendor :STMicroelectronics X-CUBE-BLE1 7.0.0
2025-07-22 09:02:53,871 [INFO] ThirdParty:1030 - CMSIS Pack Vendor :STMicroelectronics X-CUBE-NFC10 1.0.0
2025-07-22 09:02:53,871 [INFO] ThirdParty:1030 - CMSIS Pack Vendor :STMicroelectronics X-CUBE-BLEMGR 4.0.0
2025-07-22 09:02:53,872 [INFO] ThirdParty:1030 - CMSIS Pack Vendor :STMicroelectronics X-CUBE-FREERTOS 1.3.1
2025-07-22 09:02:53,872 [INFO] ThirdParty:1030 - CMSIS Pack Vendor :STMicroelectronics HAL Drivers 0.0.0
2025-07-22 09:02:53,872 [INFO] ThirdParty:1030 - CMSIS Pack Vendor :emotas I-CUBE-CANOPEN 1.3.0
2025-07-22 09:02:53,872 [INFO] ThirdParty:1030 - CMSIS Pack Vendor :STMicroelectronics X-CUBE-FREERTOS 1.3.0
2025-07-22 09:02:53,872 [INFO] ThirdParty:1030 - CMSIS Pack Vendor :STMicroelectronics X-CUBE-NFC7 1.0.1
2025-07-22 09:02:53,872 [INFO] ThirdParty:1030 - CMSIS Pack Vendor :STMicroelectronics MBEDTLS 2.14.1
2025-07-22 09:02:53,872 [INFO] ThirdParty:1030 - CMSIS Pack Vendor :STMicroelectronics X-CUBE-BLEMGR 3.1.0
2025-07-22 09:02:53,872 [INFO] ThirdParty:1030 - CMSIS Pack Vendor :STMicroelectronics X-CUBE-AI 10.0.0
2025-07-22 09:02:53,872 [INFO] ThirdParty:1030 - CMSIS Pack Vendor :STMicroelectronics FP-SNS-STAIOTCFT 1.0.0
2025-07-22 09:02:53,872 [INFO] ThirdParty:1030 - CMSIS Pack Vendor :STMicroelectronics FP-SNS-SMARTAG2 1.2.0
2025-07-22 09:02:53,872 [INFO] ThirdParty:1030 - CMSIS Pack Vendor :STMicroelectronics FP-SNS-FLIGHT1 5.1.0
2025-07-22 09:02:53,872 [INFO] ThirdParty:1030 - CMSIS Pack Vendor :STMicroelectronics X-CUBE-MEMS1 11.1.0
2025-07-22 09:02:53,872 [INFO] ThirdParty:1030 - CMSIS Pack Vendor :STMicroelectronics X-CUBE-AZRTOS-WL 2.0.0
2025-07-22 09:02:53,872 [INFO] ThirdParty:1030 - CMSIS Pack Vendor :STMicroelectronics X-CUBE-DPower 1.3.0
2025-07-22 09:02:53,872 [INFO] ThirdParty:1030 - CMSIS Pack Vendor :STMicroelectronics FP-SNS-MOTENV1 5.0.0
2025-07-22 09:02:53,872 [INFO] ThirdParty:1030 - CMSIS Pack Vendor :STMicroelectronics USB_DEVICE 1.0.0
2025-07-22 09:02:53,872 [INFO] ThirdParty:1030 - CMSIS Pack Vendor :wolfSSL I-CUBE-wolfMQTT 1.19.0
2025-07-22 09:02:53,872 [INFO] ThirdParty:1030 - CMSIS Pack Vendor :STMicroelectronics X-CUBE-AZRTOS-L4 2.0.0
2025-07-22 09:02:53,872 [INFO] ThirdParty:1030 - CMSIS Pack Vendor :STMicroelectronics ThreadX 0.0.2
2025-07-22 09:02:53,872 [INFO] ThirdParty:1030 - CMSIS Pack Vendor :WES I-CUBE-Cesium 1.3.0
2025-07-22 09:02:53,872 [INFO] ThirdParty:1030 - CMSIS Pack Vendor :STMicroelectronics lwIP 2.1.2
2025-07-22 09:02:53,872 [INFO] ThirdParty:1030 - CMSIS Pack Vendor :STMicroelectronics X-CUBE-SFXS2LP1 4.0.0
2025-07-22 09:02:53,872 [INFO] ThirdParty:1030 - CMSIS Pack Vendor :STMicroelectronics X-CUBE-BLE2 3.3.0
2025-07-22 09:02:53,873 [INFO] ThirdParty:1030 - CMSIS Pack Vendor :STMicroelectronics PDM2PCM 3.2.0
2025-07-22 09:02:53,873 [INFO] ThirdParty:1030 - CMSIS Pack Vendor :STMicroelectronics X-CUBE-AZRTOS-H7 3.3.0
2025-07-22 09:02:53,873 [INFO] ThirdParty:1030 - CMSIS Pack Vendor :STMicroelectronics X-CUBE-NFC9 1.0.0
2025-07-22 09:02:53,873 [INFO] ThirdParty:1030 - CMSIS Pack Vendor :STMicroelectronics X-CUBE-BLE1 7.1.0
2025-07-22 09:02:53,873 [INFO] ThirdParty:1030 - CMSIS Pack Vendor :STMicroelectronics USB_DEVICE 3.0.0
2025-07-22 09:02:53,873 [INFO] ThirdParty:1030 - CMSIS Pack Vendor :STMicroelectronics X-CUBE-TCPP 4.1.0
2025-07-22 09:02:53,873 [INFO] ThirdParty:1030 - CMSIS Pack Vendor :STMicroelectronics X-CUBE-EEPRMA1 5.2.0
2025-07-22 09:02:53,873 [INFO] ThirdParty:1030 - CMSIS Pack Vendor :STMicroelectronics X-CUBE-BLEMGR 4.1.0
2025-07-22 09:02:53,873 [INFO] ThirdParty:1030 - CMSIS Pack Vendor :STMicroelectronics X-CUBE-IPS 3.0.0
2025-07-22 09:02:53,873 [INFO] ThirdParty:1030 - CMSIS Pack Vendor :STMicroelectronics X-CUBE-AZRTOS-WB 2.0.0
2025-07-22 09:02:53,873 [INFO] ThirdParty:1030 - CMSIS Pack Vendor :STMicroelectronics X-CUBE-GNSS1 7.0.0
2025-07-22 09:02:53,873 [INFO] ThirdParty:1030 - CMSIS Pack Vendor :STMicroelectronics X-CUBE-GNSS1 7.0.1
2025-07-22 09:02:53,873 [INFO] ThirdParty:1030 - CMSIS Pack Vendor :STMicroelectronics X-CUBE-TOUCHGFX 4.25.0
2025-07-22 09:02:53,873 [INFO] ThirdParty:1030 - CMSIS Pack Vendor :STMicroelectronics X-CUBE-AI 10.1.0
2025-07-22 09:02:53,873 [INFO] ThirdParty:1030 - CMSIS Pack Vendor :STMicroelectronics FP-SNS-STBOX1 2.0.0
2025-07-22 09:02:53,873 [INFO] ThirdParty:1030 - CMSIS Pack Vendor :STMicroelectronics X-CUBE-MEMS1 11.2.0
2025-07-22 09:02:53,873 [INFO] ThirdParty:1030 - CMSIS Pack Vendor :STMicroelectronics X-CUBE-AZRTOS-G0 1.1.0
2025-07-22 09:02:53,873 [INFO] ThirdParty:1030 - CMSIS Pack Vendor :STMicroelectronics X-CUBE-SAFEA1 1.2.2
2025-07-22 09:02:53,873 [INFO] ThirdParty:1030 - CMSIS Pack Vendor :STMicroelectronics X-CUBE-NFC4 3.0.0
2025-07-22 09:02:53,873 [INFO] ThirdParty:1030 - CMSIS Pack Vendor :STMicroelectronics X-CUBE-SUBG2 5.0.0
2025-07-22 09:02:53,873 [INFO] ThirdParty:1030 - CMSIS Pack Vendor :STMicroelectronics X-CUBE-AZRTOS-H7RS 1.1.0
2025-07-22 09:02:53,873 [INFO] ThirdParty:1030 - CMSIS Pack Vendor :STMicroelectronics STM32_WPAN 1.0.0
2025-07-22 09:02:53,873 [INFO] ThirdParty:1030 - CMSIS Pack Vendor :EmbeddedOffice I-CUBE-FS-RTOS 1.0.1
2025-07-22 09:02:53,874 [INFO] ThirdParty:1030 - CMSIS Pack Vendor :STMicroelectronics lwIP 2.0.3
2025-07-22 09:02:53,874 [INFO] ThirdParty:1030 - CMSIS Pack Vendor :Cesanta I-CUBE-Mongoose 7.13.0
2025-07-22 09:02:53,874 [INFO] ThirdParty:1030 - CMSIS Pack Vendor :STMicroelectronics USB_HOST 1.0.0
2025-07-22 09:02:53,874 [INFO] ThirdParty:1030 - CMSIS Pack Vendor :STMicroelectronics X-CUBE-AZRTOS-G4 2.0.0
2025-07-22 09:02:53,874 [INFO] ThirdParty:1030 - CMSIS Pack Vendor :STMicroelectronics X-CUBE-WB05N 2.0.0
2025-07-22 09:02:53,874 [INFO] ThirdParty:1030 - CMSIS Pack Vendor :STMicroelectronics PDM2PCM 3.1.0
2025-07-22 09:02:53,874 [INFO] ThirdParty:1030 - CMSIS Pack Vendor :STMicroelectronics X-CUBE-NFC7 2.0.0
2025-07-22 09:02:53,874 [INFO] ThirdParty:1030 - CMSIS Pack Vendor :STMicroelectronics X-CUBE-TCPP 4.2.0
2025-07-22 09:02:53,874 [INFO] ThirdParty:1030 - CMSIS Pack Vendor :RealThread X-CUBE-RT-Thread_Nano 4.1.1
2025-07-22 09:02:53,874 [INFO] ThirdParty:1030 - CMSIS Pack Vendor :STMicroelectronics FP-ATR-SIGFOX1 3.2.0
2025-07-22 09:02:53,874 [INFO] ThirdParty:1030 - CMSIS Pack Vendor :quantropi X-CUBE-qispace-sdk-base 1.9.3
2025-07-22 09:02:53,874 [INFO] ThirdParty:1030 - CMSIS Pack Vendor :STMicroelectronics X-CUBE-EEPRMA1 5.1.0
2025-07-22 09:02:53,874 [INFO] ThirdParty:1030 - CMSIS Pack Vendor :STMicroelectronics MBEDTLS 2.16.2
2025-07-22 09:02:53,874 [INFO] ThirdParty:1030 - CMSIS Pack Vendor :STMicroelectronics X-CUBE-IPS 3.1.0
2025-07-22 09:02:53,874 [INFO] ThirdParty:1030 - CMSIS Pack Vendor :STMicroelectronics X-CUBE-ALS 1.0.2
2025-07-22 09:02:53,874 [INFO] ThirdParty:1030 - CMSIS Pack Vendor :wolfSSL I-CUBE-wolfSSL 5.7.4
2025-07-22 09:02:53,874 [INFO] ThirdParty:1030 - CMSIS Pack Vendor :ITTIA_DB I-CUBE-ITTIADB 8.9.0
2025-07-22 09:02:53,874 [INFO] ThirdParty:1030 - CMSIS Pack Vendor :STMicroelectronics X-CUBE-TOUCHGFX 4.24.2
2025-07-22 09:02:53,874 [INFO] ThirdParty:1030 - CMSIS Pack Vendor :STMicroelectronics X-CUBE-TOUCHGFX 4.24.1
2025-07-22 09:02:53,874 [INFO] ThirdParty:1030 - CMSIS Pack Vendor :wolfSSL I-CUBE-wolfTPM 3.4.0
2025-07-22 09:02:53,874 [INFO] ThirdParty:1030 - CMSIS Pack Vendor :portGmbH I-Cube-SoM-uGOAL 1.1.0
2025-07-22 09:02:53,874 [INFO] ThirdParty:1030 - CMSIS Pack Vendor :STMicroelectronics X-CUBE-ST67W61 1.0.0
2025-07-22 09:02:53,874 [INFO] ThirdParty:1030 - CMSIS Pack Vendor :STMicroelectronics ThreadX 1.0.0
2025-07-22 09:02:53,874 [INFO] ThirdParty:1030 - CMSIS Pack Vendor :SEGGER I-CUBE-embOS 1.3.1
2025-07-22 09:02:53,874 [INFO] ThirdParty:1030 - CMSIS Pack Vendor :STMicroelectronics X-CUBE-ALGOBUILD 1.4.0
2025-07-22 09:02:53,874 [INFO] ThirdParty:1030 - CMSIS Pack Vendor :STMicroelectronics X-CUBE-MEMS1 11.3.0
2025-07-22 09:02:53,874 [INFO] ThirdParty:1030 - CMSIS Pack Vendor :STMicroelectronics X-CUBE-AZRTOS-H7RS 1.0.0
2025-07-22 09:02:53,874 [INFO] ThirdParty:1030 - CMSIS Pack Vendor :STMicroelectronics FP-ATR-ASTRA1 2.0.0
2025-07-22 09:02:53,874 [INFO] ThirdParty:1030 - CMSIS Pack Vendor :STMicroelectronics X-CUBE-TOF1 3.4.2
2025-07-22 09:02:53,874 [INFO] ThirdParty:1030 - CMSIS Pack Vendor :STMicroelectronics X-CUBE-TOF1 3.4.3
2025-07-22 09:02:53,874 [INFO] ThirdParty:1030 - CMSIS Pack Vendor :STMicroelectronics X-CUBE-AI 9.1.0
2025-07-22 09:02:53,874 [INFO] ThirdParty:1030 - CMSIS Pack Vendor :Infineon AIROC-Wi-Fi-Bluetooth-STM32 1.6.1
2025-07-22 09:02:53,874 [INFO] ThirdParty:1030 - CMSIS Pack Vendor :wolfSSL I-CUBE-wolfSSH 1.4.17
2025-07-22 09:02:53,874 [INFO] ThirdParty:841 - exiting critical section [change project]
2025-07-22 09:02:54,159 [INFO] PinOutPanel:1589 - setPackage(No Configuration,No Configuration)
2025-07-22 09:02:54,160 [INFO] PinOutPanel:1589 - setPackage(STM32F767ZITx,LQFP144)
2025-07-22 09:02:54,791 [INFO] UtilMem:75 - Before build in PCC Used Memory: 549141888 Bytes (898629632)
2025-07-22 09:02:55,182 [INFO] UtilMem:75 - After build in PCC Used Memory: 602092928 Bytes (898629632)
2025-07-22 09:02:55,219 [INFO] IPUIPlugin:80 - create IPUIPlugin
2025-07-22 09:02:55,219 [INFO] IPUIPlugin:80 - create IPUIPlugin
2025-07-22 09:02:55,219 [INFO] IPUIPlugin:80 - create IPUIPlugin
2025-07-22 09:02:55,219 [INFO] IPUIPlugin:80 - create IPUIPlugin
2025-07-22 09:02:55,219 [INFO] IPUIPlugin:80 - create IPUIPlugin
2025-07-22 09:02:55,219 [INFO] IPUIPlugin:80 - create IPUIPlugin
2025-07-22 09:02:55,219 [INFO] IPUIPlugin:80 - create IPUIPlugin
2025-07-22 09:02:55,220 [INFO] IPUIPlugin:80 - create IPUIPlugin
2025-07-22 09:02:55,220 [INFO] IPUIPlugin:80 - create IPUIPlugin
2025-07-22 09:02:55,220 [INFO] IPUIPlugin:80 - create IPUIPlugin
2025-07-22 09:02:55,220 [INFO] IPUIPlugin:80 - create IPUIPlugin
2025-07-22 09:02:55,220 [INFO] IPUIPlugin:80 - create IPUIPlugin
2025-07-22 09:02:55,220 [INFO] IPUIPlugin:80 - create IPUIPlugin
2025-07-22 09:02:55,220 [INFO] IPUIPlugin:80 - create IPUIPlugin
2025-07-22 09:02:55,220 [INFO] IPUIPlugin:80 - create IPUIPlugin
2025-07-22 09:02:55,220 [INFO] IPUIPlugin:80 - create IPUIPlugin
2025-07-22 09:02:55,220 [INFO] IPUIPlugin:80 - create IPUIPlugin
2025-07-22 09:02:55,220 [INFO] IPUIPlugin:80 - create IPUIPlugin
2025-07-22 09:02:55,222 [INFO] IPUIPlugin:80 - create IPUIPlugin
2025-07-22 09:02:55,222 [INFO] IPUIPlugin:80 - create IPUIPlugin
2025-07-22 09:02:55,222 [INFO] IPUIPlugin:80 - create IPUIPlugin
2025-07-22 09:02:55,222 [INFO] IPUIPlugin:80 - create IPUIPlugin
2025-07-22 09:02:55,222 [INFO] IPUIPlugin:80 - create IPUIPlugin
2025-07-22 09:02:55,223 [INFO] IPUIPlugin:80 - create IPUIPlugin
2025-07-22 09:02:55,223 [INFO] IPUIPlugin:80 - create IPUIPlugin
2025-07-22 09:02:55,223 [INFO] IPUIPlugin:80 - create IPUIPlugin
2025-07-22 09:02:55,223 [INFO] IPUIPlugin:80 - create IPUIPlugin
2025-07-22 09:02:55,223 [INFO] IPUIPlugin:80 - create IPUIPlugin
2025-07-22 09:02:55,223 [INFO] IPUIPlugin:80 - create IPUIPlugin
2025-07-22 09:02:55,224 [INFO] IPUIPlugin:80 - create IPUIPlugin
2025-07-22 09:02:55,224 [INFO] IPUIPlugin:80 - create IPUIPlugin
2025-07-22 09:02:55,224 [INFO] IPUIPlugin:80 - create IPUIPlugin
2025-07-22 09:02:55,225 [INFO] IPUIPlugin:80 - create IPUIPlugin
2025-07-22 09:02:55,225 [INFO] IPUIPlugin:80 - create IPUIPlugin
2025-07-22 09:02:55,225 [INFO] IPUIPlugin:80 - create IPUIPlugin
2025-07-22 09:02:55,226 [INFO] IPUIPlugin:80 - create IPUIPlugin
2025-07-22 09:02:55,226 [INFO] IPUIPlugin:80 - create IPUIPlugin
2025-07-22 09:02:55,226 [INFO] IPUIPlugin:80 - create IPUIPlugin
2025-07-22 09:02:55,226 [INFO] IPUIPlugin:80 - create IPUIPlugin
2025-07-22 09:02:55,227 [INFO] IPUIPlugin:80 - create IPUIPlugin
2025-07-22 09:02:55,227 [INFO] IPUIPlugin:80 - create IPUIPlugin
2025-07-22 09:02:55,227 [INFO] IPUIPlugin:80 - create IPUIPlugin
2025-07-22 09:02:55,227 [INFO] IPUIPlugin:80 - create IPUIPlugin
2025-07-22 09:02:55,229 [INFO] IPUIPlugin:80 - create IPUIPlugin
2025-07-22 09:02:55,229 [INFO] IPUIPlugin:80 - create IPUIPlugin
2025-07-22 09:02:55,230 [INFO] IPUIPlugin:80 - create IPUIPlugin
2025-07-22 09:02:55,230 [INFO] IPUIPlugin:80 - create IPUIPlugin
2025-07-22 09:02:55,230 [INFO] IPUIPlugin:80 - create IPUIPlugin
2025-07-22 09:02:55,231 [INFO] IPUIPlugin:80 - create IPUIPlugin
2025-07-22 09:02:55,231 [INFO] IPUIPlugin:80 - create IPUIPlugin
2025-07-22 09:02:55,232 [INFO] IPUIPlugin:80 - create IPUIPlugin
2025-07-22 09:02:55,232 [INFO] IPUIPlugin:80 - create IPUIPlugin
2025-07-22 09:02:55,232 [INFO] IPUIPlugin:80 - create IPUIPlugin
2025-07-22 09:02:55,232 [INFO] IPUIPlugin:80 - create IPUIPlugin
2025-07-22 09:02:55,232 [INFO] IPUIPlugin:80 - create IPUIPlugin
2025-07-22 09:02:55,232 [INFO] IPUIPlugin:80 - create IPUIPlugin
2025-07-22 09:02:55,233 [INFO] IPUIPlugin:80 - create IPUIPlugin
2025-07-22 09:02:55,233 [INFO] IPUIPlugin:80 - create IPUIPlugin
2025-07-22 09:02:55,233 [INFO] IPUIPlugin:80 - create IPUIPlugin
2025-07-22 09:02:55,233 [INFO] IPUIPlugin:80 - create IPUIPlugin
2025-07-22 09:02:55,233 [INFO] IPUIPlugin:80 - create IPUIPlugin
2025-07-22 09:02:55,233 [INFO] IPUIPlugin:80 - create IPUIPlugin
2025-07-22 09:02:55,234 [INFO] IPUIPlugin:80 - create IPUIPlugin
2025-07-22 09:02:55,234 [INFO] IPUIPlugin:80 - create IPUIPlugin
2025-07-22 09:02:55,234 [INFO] IPUIPlugin:80 - create IPUIPlugin
2025-07-22 09:02:55,234 [INFO] IPUIPlugin:80 - create IPUIPlugin
2025-07-22 09:02:55,234 [INFO] IPUIPlugin:80 - create IPUIPlugin
2025-07-22 09:02:55,234 [INFO] IPUIPlugin:80 - create IPUIPlugin
2025-07-22 09:02:55,235 [INFO] IPUIPlugin:80 - create IPUIPlugin
2025-07-22 09:02:55,235 [INFO] IPUIPlugin:80 - create IPUIPlugin
2025-07-22 09:02:55,235 [INFO] IPUIPlugin:80 - create IPUIPlugin
2025-07-22 09:02:55,235 [INFO] IPUIPlugin:80 - create IPUIPlugin
2025-07-22 09:02:55,236 [INFO] IPUIPlugin:80 - create IPUIPlugin
2025-07-22 09:02:55,236 [INFO] IPUIPlugin:80 - create IPUIPlugin
2025-07-22 09:02:55,236 [INFO] IPUIPlugin:80 - create IPUIPlugin
2025-07-22 09:02:55,236 [INFO] IPUIPlugin:80 - create IPUIPlugin
2025-07-22 09:02:55,237 [INFO] IPUIPlugin:80 - create IPUIPlugin
2025-07-22 09:02:55,237 [INFO] IPUIPlugin:80 - create IPUIPlugin
2025-07-22 09:02:55,237 [INFO] IPUIPlugin:80 - create IPUIPlugin
2025-07-22 09:02:55,253 [INFO] ApiDbMcu:532 - Load IP Config File for PDM2PCM
2025-07-22 09:02:55,267 [INFO] Can:71 - Can Add PropertyChangeListener com.st.microxplorer.plugins.ip.can.Can@4bf6a65b
2025-07-22 09:02:55,268 [INFO] Can:71 - Can Add PropertyChangeListener com.st.microxplorer.plugins.ip.can.Can@501c992b
2025-07-22 09:02:55,348 [INFO] CADModel:165 - CPN selected for project levelSTM32F767ZIT6
2025-07-22 09:02:55,348 [INFO] CADModel:114 - Register for checkConnection events
2025-07-22 09:02:55,438 [INFO] OpenFileManager:386 - Restore cursor
2025-07-22 09:05:41,857 [INFO] MainUpdater:2872 - connection check result : 10
2025-07-22 09:05:41,857 [INFO] MainUpdater:2872 - connection check result : 10
2025-07-22 09:05:41,880 [INFO] MicroXplorer:468 - Change Database Path : 
2025-07-22 09:05:41,880 [INFO] MicroXplorer:498 - Change Database Version : DB.6.0.150
2025-07-22 09:05:41,889 [ERROR] ProjectManagerView:395 - 
java.lang.NullPointerException: Cannot invoke "javax.swing.JTextField.getText()" because the return value of "java.util.List.get(int)" is null
	at com.st.microxplorer.plugins.projectmanager.gui.ProjectChoiceTab$9.caretUpdate(ProjectChoiceTab.java:2706) ~[filemanager.jar:?]
	at javax.swing.text.JTextComponent.fireCaretUpdate(JTextComponent.java:408) ~[?:?]
	at javax.swing.text.JTextComponent$MutableCaretEvent.fire(JTextComponent.java:4484) ~[?:?]
	at javax.swing.text.JTextComponent$MutableCaretEvent.stateChanged(JTextComponent.java:4506) ~[?:?]
	at javax.swing.text.DefaultCaret.fireStateChanged(DefaultCaret.java:857) ~[?:?]
	at javax.swing.text.DefaultCaret.changeCaretPosition(DefaultCaret.java:1343) ~[?:?]
	at javax.swing.text.DefaultCaret.handleSetDot(DefaultCaret.java:1242) ~[?:?]
	at javax.swing.text.DefaultCaret.setDot(DefaultCaret.java:1223) ~[?:?]
	at javax.swing.text.DefaultCaret$Handler.insertUpdate(DefaultCaret.java:1819) ~[?:?]
	at javax.swing.text.AbstractDocument.fireInsertUpdate(AbstractDocument.java:227) ~[?:?]
	at javax.swing.text.AbstractDocument.handleInsertString(AbstractDocument.java:781) ~[?:?]
	at javax.swing.text.AbstractDocument.insertString(AbstractDocument.java:740) ~[?:?]
	at javax.swing.text.PlainDocument.insertString(PlainDocument.java:131) ~[?:?]
	at javax.swing.text.AbstractDocument.replace(AbstractDocument.java:699) ~[?:?]
	at javax.swing.text.JTextComponent.setText(JTextComponent.java:1725) ~[?:?]
	at com.st.microxplorer.plugins.projectmanager.gui.ProjectChoiceTab.createHeapStackFields(ProjectChoiceTab.java:993) ~[filemanager.jar:?]
	at com.st.microxplorer.plugins.projectmanager.gui.ProjectChoiceTab.buildLinkSettingsPanel(ProjectChoiceTab.java:3813) ~[filemanager.jar:?]
	at com.st.microxplorer.plugins.projectmanager.gui.ProjectChoiceTab.defineWindowsFields(ProjectChoiceTab.java:1987) ~[filemanager.jar:?]
	at com.st.microxplorer.plugins.projectmanager.gui.ProjectChoiceTab.updateSettings(ProjectChoiceTab.java:558) ~[filemanager.jar:?]
	at com.st.microxplorer.plugins.projectmanager.gui.ProjectSettingsPanel.UpdateDialog(ProjectSettingsPanel.java:247) ~[filemanager.jar:?]
	at com.st.microxplorer.plugins.projectmanager.ProjectManagerView.propertyChange(ProjectManagerView.java:392) ~[filemanager.jar:?]
	at java.beans.PropertyChangeSupport.fire(PropertyChangeSupport.java:343) ~[?:?]
	at java.beans.PropertyChangeSupport.firePropertyChange(PropertyChangeSupport.java:335) ~[?:?]
	at java.beans.PropertyChangeSupport.firePropertyChange(PropertyChangeSupport.java:268) ~[?:?]
	at com.st.microxplorer.util.MXPropertyChangeSupport.firePropertyChange(MXPropertyChangeSupport.java:54) ~[STM32CubeMX.jar:?]
	at com.st.microxplorer.mxsystem.MxSystem.closeConfig(MxSystem.java:899) ~[STM32CubeMX.jar:?]
	at com.st.microxplorer.maingui.MainPanel.closeConfig(MainPanel.java:792) ~[STM32CubeMX.jar:?]
	at com.st.microxplorer.plugins.filemanager.engine.OpenFileManager.loadConfigurationFile(OpenFileManager.java:288) ~[filemanager.jar:?]
	at com.st.microxplorer.plugins.filemanager.engine.MainFileManager.userLoadConfig(MainFileManager.java:364) ~[filemanager.jar:?]
	at com.st.microxplorer.plugins.filemanager.engine.MainFileManager.userLoadConfig(MainFileManager.java:342) ~[filemanager.jar:?]
	at com.st.microxplorer.plugins.filemanager.FileManagerView.getSpecificTask(FileManagerView.java:264) ~[filemanager.jar:?]
	at com.st.stm32cube.common.mx.editor.CubeMxEditor.getMxTabbedPaneInstance(CubeMxEditor.java:1198) ~[com.st.stm32cube.common.mx_6.15.0.202507011659/:?]
	at com.st.stm32cube.common.mx.editor.CubeMxEditor$12$1.createSwingComponent(CubeMxEditor.java:1068) ~[com.st.stm32cube.common.mx_6.15.0.202507011659/:?]
	at com.st.stm32cube.common.mx.oss.core.awtswtbridge.EmbeddedSwingComposite.doComponentCreation(EmbeddedSwingComposite.java:492) ~[com.st.stm32cube.common.mx.oss_6.15.0.202507011659/:?]
	at com.st.stm32cube.common.mx.oss.core.awtswtbridge.EmbeddedSwingComposite$4.run(EmbeddedSwingComposite.java:291) ~[com.st.stm32cube.common.mx.oss_6.15.0.202507011659/:?]
	at com.st.stm32cube.common.mx.oss.core.awtswtbridge.AwtEnvironment$2.run(AwtEnvironment.java:166) ~[com.st.stm32cube.common.mx.oss_6.15.0.202507011659/:?]
	at java.awt.event.InvocationEvent.dispatch(InvocationEvent.java:318) ~[?:?]
	at java.awt.EventQueue.dispatchEventImpl(EventQueue.java:773) ~[?:?]
	at java.awt.EventQueue$4.run(EventQueue.java:720) ~[?:?]
	at java.awt.EventQueue$4.run(EventQueue.java:714) ~[?:?]
	at java.security.AccessController.doPrivileged(AccessController.java:400) ~[?:?]
	at java.security.ProtectionDomain$JavaSecurityAccessImpl.doIntersectionPrivilege(ProtectionDomain.java:87) ~[?:?]
	at java.awt.EventQueue.dispatchEvent(EventQueue.java:742) ~[?:?]
	at java.awt.EventDispatchThread.pumpOneEventForFilters(EventDispatchThread.java:203) ~[?:?]
	at java.awt.EventDispatchThread.pumpEventsForFilter(EventDispatchThread.java:124) ~[?:?]
	at java.awt.EventDispatchThread.pumpEventsForHierarchy(EventDispatchThread.java:113) ~[?:?]
	at java.awt.EventDispatchThread.pumpEvents(EventDispatchThread.java:109) ~[?:?]
	at java.awt.EventDispatchThread.pumpEvents(EventDispatchThread.java:101) ~[?:?]
	at java.awt.EventDispatchThread.run(EventDispatchThread.java:90) ~[?:?]
2025-07-22 09:05:41,892 [WARN] ThirdParty:871 - waiting for thirdparty lock release [close project]
2025-07-22 09:05:41,892 [INFO] ThirdParty:873 - entering critical section [close project]
2025-07-22 09:05:41,892 [INFO] ThirdParty:883 - exiting critical section [close project]
2025-07-22 09:05:41,896 [INFO] PinOutPanel:1589 - setPackage(No Configuration,No Configuration)
2025-07-22 09:05:41,904 [WARN] IpParametersView:155 - Warning: This peripheral hasn't parameters
2025-07-22 09:05:41,908 [WARN] MainPanel:289 - <html><b><center>Warning: This peripheral has no parameters to be configured<br></b></html>
2025-07-22 09:05:41,917 [INFO] UtilMem:75 - Begin LoadConfig() Used Memory: 822649296 Bytes (898629632)
2025-07-22 09:05:41,918 [INFO] MicroXplorer:468 - Change Database Path : 
2025-07-22 09:05:41,918 [INFO] MicroXplorer:498 - Change Database Version : DB.6.0.150
2025-07-22 09:05:41,918 [INFO] OpenFileManager:355 - Change cursor
2025-07-22 09:05:41,952 [INFO] Mcu:2029 - Initializing MCU STM32F722Z(C-E)Tx STM32F722ZETx STM32F722ZET6
2025-07-22 09:05:43,506 [INFO] Context:786 - Trying to add GPIOservice into a context  which must be forbidden
2025-07-22 09:05:44,010 [INFO] ImportTextPane:234 - (OptionalMessage_ERROR) Pin3 (VP_RIF_VS_RIF1) cannot be retrieved for this MCU
2025-07-22 09:05:44,161 [INFO] RtosManager:558 - Registered RTOS mode: class=CMSIS, group=RTOS, mode=CMSIS_V1, owner=FREERTOS
2025-07-22 09:05:44,161 [INFO] RtosManager:558 - Registered RTOS mode: class=CMSIS, group=RTOS2, mode=CMSIS_V2, owner=FREERTOS
2025-07-22 09:05:44,161 [INFO] RtosManager:558 - Registered RTOS mode: class=RTOS, group=Core, mode=CMSIS_V1, owner=FREERTOS
2025-07-22 09:05:44,161 [INFO] RtosManager:558 - Registered RTOS mode: class=RTOS, group=Core, mode=CMSIS_V2, owner=FREERTOS
2025-07-22 09:05:44,161 [WARN] ModelIntegratedComponent:184 - Missing modes for component STMicroelectronics:FreeRTOS:0.0.1:STMicroelectronics:RTOS:FreeRTOS:Core:::10.2.0:
2025-07-22 09:05:44,165 [WARN] ModelIntegratedComponent:63 - No mode defined for component null
2025-07-22 09:05:44,165 [WARN] ModelIntegratedComponent:63 - No mode defined for component null
2025-07-22 09:05:44,165 [WARN] ModelIntegratedComponent:63 - No mode defined for component null
2025-07-22 09:05:44,165 [WARN] ModelIntegratedComponent:63 - No mode defined for component null
2025-07-22 09:05:44,165 [WARN] ModelIntegratedComponent:63 - No mode defined for component null
2025-07-22 09:05:44,165 [WARN] ModelIntegratedComponent:63 - No mode defined for component null
2025-07-22 09:05:44,165 [WARN] ModelIntegratedComponent:63 - No mode defined for component null
2025-07-22 09:05:44,165 [WARN] ModelIntegratedComponent:63 - No mode defined for component null
2025-07-22 09:05:44,165 [WARN] ModelIntegratedComponent:63 - No mode defined for component null
2025-07-22 09:05:44,165 [WARN] ModelIntegratedComponent:63 - No mode defined for component null
2025-07-22 09:05:44,165 [WARN] ModelIntegratedComponent:63 - No mode defined for component null
2025-07-22 09:05:44,165 [WARN] ModelIntegratedComponent:63 - No mode defined for component null
2025-07-22 09:05:44,165 [WARN] ModelIntegratedComponent:63 - No mode defined for component null
2025-07-22 09:05:44,165 [WARN] ModelIntegratedComponent:63 - No mode defined for component null
2025-07-22 09:05:44,165 [WARN] ModelIntegratedComponent:63 - No mode defined for component null
2025-07-22 09:05:44,165 [WARN] ModelIntegratedComponent:63 - No mode defined for component null
2025-07-22 09:05:44,165 [WARN] ModelIntegratedComponent:63 - No mode defined for component null
2025-07-22 09:05:44,165 [WARN] ModelIntegratedComponent:63 - No mode defined for component null
2025-07-22 09:05:44,165 [WARN] ModelIntegratedComponent:63 - No mode defined for component null
2025-07-22 09:05:44,165 [WARN] ModelIntegratedComponent:63 - No mode defined for component null
2025-07-22 09:05:44,165 [WARN] ModelIntegratedComponent:63 - No mode defined for component null
2025-07-22 09:05:44,165 [WARN] ModelIntegratedComponent:63 - No mode defined for component null
2025-07-22 09:05:44,165 [WARN] ModelIntegratedComponent:63 - No mode defined for component null
2025-07-22 09:05:44,165 [WARN] ModelIntegratedComponent:63 - No mode defined for component null
2025-07-22 09:05:44,165 [WARN] ModelIntegratedComponent:63 - No mode defined for component null
2025-07-22 09:05:44,165 [WARN] ModelIntegratedComponent:63 - No mode defined for component null
2025-07-22 09:05:44,166 [WARN] ModelIntegratedComponent:63 - No mode defined for component null
2025-07-22 09:05:44,166 [WARN] ModelIntegratedComponent:63 - No mode defined for component null
2025-07-22 09:05:44,166 [WARN] ModelIntegratedComponent:63 - No mode defined for component null
2025-07-22 09:05:44,166 [WARN] ModelIntegratedComponent:63 - No mode defined for component null
2025-07-22 09:05:44,166 [WARN] ModelIntegratedComponent:63 - No mode defined for component null
2025-07-22 09:05:44,166 [WARN] ModelIntegratedComponent:63 - No mode defined for component null
2025-07-22 09:05:44,166 [WARN] ModelIntegratedComponent:63 - No mode defined for component null
2025-07-22 09:05:44,166 [WARN] ModelIntegratedComponent:63 - No mode defined for component null
2025-07-22 09:05:44,166 [WARN] ModelIntegratedComponent:63 - No mode defined for component null
2025-07-22 09:05:44,166 [WARN] ModelPack:524 - Component already loaded: STMicroelectronics:HAL Drivers:0.0.0:STMicroelectronics:Device:STMicro_Driver:XSPI:HAL::0.0.1:HAL_XSPI
2025-07-22 09:05:44,311 [INFO] ThirdPartyModel:298 - Start build external matchings
2025-07-22 09:05:45,283 [INFO] ThirdPartyModel:316 - End build external matchings
2025-07-22 09:05:45,334 [INFO] ImportTextPane:234 - (OptionalMessage_ERROR) IP (RCC) : Invalid parameter (48MHZClocksFreq_Value)
2025-07-22 09:05:45,334 [INFO] ImportTextPane:234 - (OptionalMessage_ERROR) IP (RCC) : Invalid parameter (ADC12outputFreq_Value)
2025-07-22 09:05:45,334 [INFO] ImportTextPane:234 - (OptionalMessage_ERROR) IP (RCC) : Invalid parameter (ADC34outputFreq_Value)
2025-07-22 09:05:45,334 [INFO] ImportTextPane:234 - (OptionalMessage_ERROR) IP (RCC) : Invalid parameter (DFSDMAudioFreq_Value)
2025-07-22 09:05:45,334 [INFO] ImportTextPane:234 - (OptionalMessage_ERROR) IP (RCC) : Invalid parameter (DFSDMFreq_Value)
2025-07-22 09:05:45,334 [INFO] ImportTextPane:234 - (OptionalMessage_ERROR) IP (RCC) : Invalid parameter (FMPI2C1Freq_Value)
2025-07-22 09:05:45,334 [INFO] ImportTextPane:234 - (OptionalMessage_ERROR) IP (RCC) : Invalid parameter (FamilyName)
2025-07-22 09:05:45,334 [INFO] ImportTextPane:234 - (OptionalMessage_ERROR) IP (RCC) : Invalid parameter (I2S1Freq_Value)
2025-07-22 09:05:45,334 [INFO] ImportTextPane:234 - (OptionalMessage_ERROR) IP (RCC) : Invalid parameter (I2S2Freq_Value)
2025-07-22 09:05:45,334 [INFO] ImportTextPane:234 - (OptionalMessage_ERROR) IP (RCC) : Invalid parameter (I2SClocksFreq_Value)
2025-07-22 09:05:45,334 [INFO] ImportTextPane:234 - (OptionalMessage_ERROR) IP (RCC) : Invalid parameter (MCOFreq_Value)
2025-07-22 09:05:45,334 [INFO] ImportTextPane:234 - (OptionalMessage_ERROR) IP (RCC) : Invalid parameter (PLLI2SPCLKFreq_Value)
2025-07-22 09:05:45,334 [INFO] ImportTextPane:234 - (OptionalMessage_ERROR) IP (RCC) : Invalid parameter (PLLI2SQoutputFreq_Value)
2025-07-22 09:05:45,334 [INFO] ImportTextPane:234 - (OptionalMessage_ERROR) IP (RCC) : Invalid parameter (PLLI2SoutputFreq_Value)
2025-07-22 09:05:45,334 [INFO] ImportTextPane:234 - (OptionalMessage_ERROR) IP (RCC) : Invalid parameter (PLLMCOFreq_Value)
2025-07-22 09:05:45,334 [INFO] ImportTextPane:234 - (OptionalMessage_ERROR) IP (RCC) : Invalid parameter (PLLMUL)
2025-07-22 09:05:45,334 [INFO] ImportTextPane:234 - (OptionalMessage_ERROR) IP (RCC) : Invalid parameter (PLLRCLKFreq_Value)
2025-07-22 09:05:45,334 [INFO] ImportTextPane:234 - (OptionalMessage_ERROR) IP (RCC) : Invalid parameter (PLLRoutputFreq_Value)
2025-07-22 09:05:45,334 [INFO] ImportTextPane:234 - (OptionalMessage_ERROR) IP (RCC) : Invalid parameter (PRESCALERUSB)
2025-07-22 09:05:45,334 [INFO] ImportTextPane:234 - (OptionalMessage_ERROR) IP (RCC) : Invalid parameter (PWRFreq_Value)
2025-07-22 09:05:45,334 [INFO] ImportTextPane:234 - (OptionalMessage_ERROR) IP (RCC) : Invalid parameter (RTCHSEDivFreq_Value)
2025-07-22 09:05:45,334 [INFO] ImportTextPane:234 - (OptionalMessage_ERROR) IP (RCC) : Invalid parameter (SDIOFreq_Value)
2025-07-22 09:05:45,335 [INFO] ImportTextPane:234 - (OptionalMessage_ERROR) IP (RCC) : Parameter (SDMMC2Freq_Value) has invalid value (216000000)
2025-07-22 09:05:45,335 [INFO] ImportTextPane:234 - (OptionalMessage_ERROR) IP (RCC) : Parameter (SDMMCFreq_Value) has invalid value (216000000)
2025-07-22 09:05:45,335 [INFO] ImportTextPane:234 - (OptionalMessage_ERROR) IP (RCC) : Invalid parameter (SYSCLKSourceVirtual)
2025-07-22 09:05:45,335 [INFO] ImportTextPane:234 - (OptionalMessage_ERROR) IP (RCC) : Invalid parameter (TIM15Freq_Value)
2025-07-22 09:05:45,335 [INFO] ImportTextPane:234 - (OptionalMessage_ERROR) IP (RCC) : Invalid parameter (TIM16Freq_Value)
2025-07-22 09:05:45,335 [INFO] ImportTextPane:234 - (OptionalMessage_ERROR) IP (RCC) : Invalid parameter (TIM17Freq_Value)
2025-07-22 09:05:45,335 [INFO] ImportTextPane:234 - (OptionalMessage_ERROR) IP (RCC) : Invalid parameter (TIM1Freq_Value)
2025-07-22 09:05:45,335 [INFO] ImportTextPane:234 - (OptionalMessage_ERROR) IP (RCC) : Invalid parameter (TIM20Freq_Value)
2025-07-22 09:05:45,335 [INFO] ImportTextPane:234 - (OptionalMessage_ERROR) IP (RCC) : Invalid parameter (TIM2Freq_Value)
2025-07-22 09:05:45,335 [INFO] ImportTextPane:234 - (OptionalMessage_ERROR) IP (RCC) : Invalid parameter (TIM3Freq_Value)
2025-07-22 09:05:45,335 [INFO] ImportTextPane:234 - (OptionalMessage_ERROR) IP (RCC) : Invalid parameter (TIM8Freq_Value)
2025-07-22 09:05:45,335 [INFO] ImportTextPane:234 - (OptionalMessage_ERROR) IP (RCC) : Invalid parameter (VCOI2SInputFreq_Value)
2025-07-22 09:05:45,335 [INFO] ImportTextPane:234 - (OptionalMessage_ERROR) IP (RCC) : Invalid parameter (VCOInputMFreq_Value)
2025-07-22 09:05:45,335 [INFO] ImportTextPane:234 - (OptionalMessage_ERROR) IP (RCC) : Invalid parameter (VCOOutput2Freq_Value)
2025-07-22 09:05:45,335 [INFO] ImportTextPane:234 - (OptionalMessage_ERROR) IP (RCC) : Invalid parameter (VcooutputI2S)
2025-07-22 09:05:45,727 [INFO] UtilMem:75 - End LoadConfig() Used Memory: 407468512 Bytes (898629632)
2025-07-22 09:05:45,789 [WARN] ThirdParty:833 - waiting for thirdparty lock release [change project]
2025-07-22 09:05:45,790 [INFO] ThirdParty:835 - entering critical section [change project]
2025-07-22 09:05:45,790 [INFO] ThirdParty:1030 - CMSIS Pack Vendor :STMicroelectronics X-CUBE-PM33A1 1.0.0
2025-07-22 09:05:45,790 [INFO] ThirdParty:1030 - CMSIS Pack Vendor :STMicroelectronics USBPD 4.1
2025-07-22 09:05:45,790 [INFO] ThirdParty:1030 - CMSIS Pack Vendor :STMicroelectronics USB_HOST 2.0.0
2025-07-22 09:05:45,790 [INFO] ThirdParty:1030 - CMSIS Pack Vendor :STMicroelectronics FP-SNS-MOTENVWB1 1.4.0
2025-07-22 09:05:45,790 [INFO] ThirdParty:1030 - CMSIS Pack Vendor :STMicroelectronics X-CUBE-AZRTOS-F4 1.1.0
2025-07-22 09:05:45,790 [INFO] ThirdParty:1030 - CMSIS Pack Vendor :STMicroelectronics LIBJPEG 8.0.0
2025-07-22 09:05:45,790 [INFO] ThirdParty:1030 - CMSIS Pack Vendor :STMicroelectronics FP-ATR-ASTRA1 2.0.2
2025-07-22 09:05:45,790 [INFO] ThirdParty:1030 - CMSIS Pack Vendor :STMicroelectronics FP-ATR-ASTRA1 2.0.1
2025-07-22 09:05:45,790 [INFO] ThirdParty:1030 - CMSIS Pack Vendor :Avnet-IotConnect X-CUBE-IoTC-DA16k-PMOD 1.0.0
2025-07-22 09:05:45,790 [INFO] ThirdParty:1030 - CMSIS Pack Vendor :STMicroelectronics X-CUBE-SMBUS 2.1.0
2025-07-22 09:05:45,790 [INFO] ThirdParty:1030 - CMSIS Pack Vendor :STMicroelectronics X-CUBE-WB05N 1.1.0
2025-07-22 09:05:45,790 [INFO] ThirdParty:1030 - CMSIS Pack Vendor :STMicroelectronics X-CUBE-ISPU 2.1.0
2025-07-22 09:05:45,790 [INFO] ThirdParty:1030 - CMSIS Pack Vendor :STMicroelectronics X-CUBE-FREERTOS 1.2.0
2025-07-22 09:05:45,790 [INFO] ThirdParty:1030 - CMSIS Pack Vendor :STMicroelectronics X-CUBE-ST60 1.0.0
2025-07-22 09:05:45,790 [INFO] ThirdParty:1030 - CMSIS Pack Vendor :STMicroelectronics X-CUBE-NFC12 1.0.0
2025-07-22 09:05:45,790 [INFO] ThirdParty:1030 - CMSIS Pack Vendor :STMicroelectronics X-CUBE-AZRTOS-F7 1.1.0
2025-07-22 09:05:45,790 [INFO] ThirdParty:1030 - CMSIS Pack Vendor :STMicroelectronics X-CUBE-AZRTOS-L5 2.0.0
2025-07-22 09:05:45,790 [INFO] ThirdParty:1030 - CMSIS Pack Vendor :STMicroelectronics USB_DEVICE 2.0.0
2025-07-22 09:05:45,790 [INFO] ThirdParty:1030 - CMSIS Pack Vendor :STMicroelectronics X-CUBE-NFC6 3.1.0
2025-07-22 09:05:45,790 [INFO] ThirdParty:1030 - CMSIS Pack Vendor :STMicroelectronics X-CUBE-MEMS1 11.0.0
2025-07-22 09:05:45,790 [INFO] ThirdParty:1030 - CMSIS Pack Vendor :STMicroelectronics FreeRTOS 0.0.1
2025-07-22 09:05:45,790 [INFO] ThirdParty:1030 - CMSIS Pack Vendor :STMicroelectronics X-CUBE-DPower 1.2.0
2025-07-22 09:05:45,790 [INFO] ThirdParty:1030 - CMSIS Pack Vendor :STMicroelectronics FP-SNS-FLIGHT1 5.0.2
2025-07-22 09:05:45,790 [INFO] ThirdParty:1030 - CMSIS Pack Vendor :STMicroelectronics PDM2PCM 3.3.0
2025-07-22 09:05:45,790 [INFO] ThirdParty:1030 - CMSIS Pack Vendor :STMicroelectronics X-CUBE-AZRTOS-H7 3.4.0
2025-07-22 09:05:45,790 [INFO] ThirdParty:1030 - CMSIS Pack Vendor :STMicroelectronics X-CUBE-DISPLAY 3.0.0
2025-07-22 09:05:45,790 [INFO] ThirdParty:1030 - CMSIS Pack Vendor :STMicroelectronics X-CUBE-BLE1 7.0.0
2025-07-22 09:05:45,790 [INFO] ThirdParty:1030 - CMSIS Pack Vendor :STMicroelectronics X-CUBE-NFC10 1.0.0
2025-07-22 09:05:45,790 [INFO] ThirdParty:1030 - CMSIS Pack Vendor :STMicroelectronics X-CUBE-BLEMGR 4.0.0
2025-07-22 09:05:45,790 [INFO] ThirdParty:1030 - CMSIS Pack Vendor :STMicroelectronics X-CUBE-FREERTOS 1.3.1
2025-07-22 09:05:45,790 [INFO] ThirdParty:1030 - CMSIS Pack Vendor :STMicroelectronics HAL Drivers 0.0.0
2025-07-22 09:05:45,790 [INFO] ThirdParty:1030 - CMSIS Pack Vendor :emotas I-CUBE-CANOPEN 1.3.0
2025-07-22 09:05:45,790 [INFO] ThirdParty:1030 - CMSIS Pack Vendor :STMicroelectronics X-CUBE-FREERTOS 1.3.0
2025-07-22 09:05:45,790 [INFO] ThirdParty:1030 - CMSIS Pack Vendor :STMicroelectronics X-CUBE-NFC7 1.0.1
2025-07-22 09:05:45,790 [INFO] ThirdParty:1030 - CMSIS Pack Vendor :STMicroelectronics MBEDTLS 2.14.1
2025-07-22 09:05:45,790 [INFO] ThirdParty:1030 - CMSIS Pack Vendor :STMicroelectronics X-CUBE-BLEMGR 3.1.0
2025-07-22 09:05:45,791 [INFO] ThirdParty:1030 - CMSIS Pack Vendor :STMicroelectronics X-CUBE-AI 10.0.0
2025-07-22 09:05:45,791 [INFO] ThirdParty:1030 - CMSIS Pack Vendor :STMicroelectronics FP-SNS-STAIOTCFT 1.0.0
2025-07-22 09:05:45,791 [INFO] ThirdParty:1030 - CMSIS Pack Vendor :STMicroelectronics FP-SNS-SMARTAG2 1.2.0
2025-07-22 09:05:45,791 [INFO] ThirdParty:1030 - CMSIS Pack Vendor :STMicroelectronics FP-SNS-FLIGHT1 5.1.0
2025-07-22 09:05:45,791 [INFO] ThirdParty:1030 - CMSIS Pack Vendor :STMicroelectronics X-CUBE-MEMS1 11.1.0
2025-07-22 09:05:45,791 [INFO] ThirdParty:1030 - CMSIS Pack Vendor :STMicroelectronics X-CUBE-AZRTOS-WL 2.0.0
2025-07-22 09:05:45,791 [INFO] ThirdParty:1030 - CMSIS Pack Vendor :STMicroelectronics X-CUBE-DPower 1.3.0
2025-07-22 09:05:45,791 [INFO] ThirdParty:1030 - CMSIS Pack Vendor :STMicroelectronics FP-SNS-MOTENV1 5.0.0
2025-07-22 09:05:45,791 [INFO] ThirdParty:1030 - CMSIS Pack Vendor :STMicroelectronics USB_DEVICE 1.0.0
2025-07-22 09:05:45,791 [INFO] ThirdParty:1030 - CMSIS Pack Vendor :wolfSSL I-CUBE-wolfMQTT 1.19.0
2025-07-22 09:05:45,791 [INFO] ThirdParty:1030 - CMSIS Pack Vendor :STMicroelectronics X-CUBE-AZRTOS-L4 2.0.0
2025-07-22 09:05:45,791 [INFO] ThirdParty:1030 - CMSIS Pack Vendor :STMicroelectronics ThreadX 0.0.2
2025-07-22 09:05:45,791 [INFO] ThirdParty:1030 - CMSIS Pack Vendor :WES I-CUBE-Cesium 1.3.0
2025-07-22 09:05:45,791 [INFO] ThirdParty:1030 - CMSIS Pack Vendor :STMicroelectronics lwIP 2.1.2
2025-07-22 09:05:45,791 [INFO] ThirdParty:1030 - CMSIS Pack Vendor :STMicroelectronics X-CUBE-SFXS2LP1 4.0.0
2025-07-22 09:05:45,791 [INFO] ThirdParty:1030 - CMSIS Pack Vendor :STMicroelectronics X-CUBE-BLE2 3.3.0
2025-07-22 09:05:45,791 [INFO] ThirdParty:1030 - CMSIS Pack Vendor :STMicroelectronics PDM2PCM 3.2.0
2025-07-22 09:05:45,791 [INFO] ThirdParty:1030 - CMSIS Pack Vendor :STMicroelectronics X-CUBE-AZRTOS-H7 3.3.0
2025-07-22 09:05:45,791 [INFO] ThirdParty:1030 - CMSIS Pack Vendor :STMicroelectronics X-CUBE-NFC9 1.0.0
2025-07-22 09:05:45,791 [INFO] ThirdParty:1030 - CMSIS Pack Vendor :STMicroelectronics X-CUBE-BLE1 7.1.0
2025-07-22 09:05:45,791 [INFO] ThirdParty:1030 - CMSIS Pack Vendor :STMicroelectronics USB_DEVICE 3.0.0
2025-07-22 09:05:45,791 [INFO] ThirdParty:1030 - CMSIS Pack Vendor :STMicroelectronics X-CUBE-TCPP 4.1.0
2025-07-22 09:05:45,791 [INFO] ThirdParty:1030 - CMSIS Pack Vendor :STMicroelectronics X-CUBE-EEPRMA1 5.2.0
2025-07-22 09:05:45,791 [INFO] ThirdParty:1030 - CMSIS Pack Vendor :STMicroelectronics X-CUBE-BLEMGR 4.1.0
2025-07-22 09:05:45,791 [INFO] ThirdParty:1030 - CMSIS Pack Vendor :STMicroelectronics X-CUBE-IPS 3.0.0
2025-07-22 09:05:45,791 [INFO] ThirdParty:1030 - CMSIS Pack Vendor :STMicroelectronics X-CUBE-AZRTOS-WB 2.0.0
2025-07-22 09:05:45,791 [INFO] ThirdParty:1030 - CMSIS Pack Vendor :STMicroelectronics X-CUBE-GNSS1 7.0.0
2025-07-22 09:05:45,791 [INFO] ThirdParty:1030 - CMSIS Pack Vendor :STMicroelectronics X-CUBE-GNSS1 7.0.1
2025-07-22 09:05:45,791 [INFO] ThirdParty:1030 - CMSIS Pack Vendor :STMicroelectronics X-CUBE-TOUCHGFX 4.25.0
2025-07-22 09:05:45,791 [INFO] ThirdParty:1030 - CMSIS Pack Vendor :STMicroelectronics X-CUBE-AI 10.1.0
2025-07-22 09:05:45,791 [INFO] ThirdParty:1030 - CMSIS Pack Vendor :STMicroelectronics FP-SNS-STBOX1 2.0.0
2025-07-22 09:05:45,791 [INFO] ThirdParty:1030 - CMSIS Pack Vendor :STMicroelectronics X-CUBE-MEMS1 11.2.0
2025-07-22 09:05:45,791 [INFO] ThirdParty:1030 - CMSIS Pack Vendor :STMicroelectronics X-CUBE-AZRTOS-G0 1.1.0
2025-07-22 09:05:45,791 [INFO] ThirdParty:1030 - CMSIS Pack Vendor :STMicroelectronics X-CUBE-SAFEA1 1.2.2
2025-07-22 09:05:45,791 [INFO] ThirdParty:1030 - CMSIS Pack Vendor :STMicroelectronics X-CUBE-NFC4 3.0.0
2025-07-22 09:05:45,791 [INFO] ThirdParty:1030 - CMSIS Pack Vendor :STMicroelectronics X-CUBE-SUBG2 5.0.0
2025-07-22 09:05:45,791 [INFO] ThirdParty:1030 - CMSIS Pack Vendor :STMicroelectronics X-CUBE-AZRTOS-H7RS 1.1.0
2025-07-22 09:05:45,791 [INFO] ThirdParty:1030 - CMSIS Pack Vendor :STMicroelectronics STM32_WPAN 1.0.0
2025-07-22 09:05:45,791 [INFO] ThirdParty:1030 - CMSIS Pack Vendor :EmbeddedOffice I-CUBE-FS-RTOS 1.0.1
2025-07-22 09:05:45,791 [INFO] ThirdParty:1030 - CMSIS Pack Vendor :STMicroelectronics lwIP 2.0.3
2025-07-22 09:05:45,791 [INFO] ThirdParty:1030 - CMSIS Pack Vendor :Cesanta I-CUBE-Mongoose 7.13.0
2025-07-22 09:05:45,791 [INFO] ThirdParty:1030 - CMSIS Pack Vendor :STMicroelectronics USB_HOST 1.0.0
2025-07-22 09:05:45,791 [INFO] ThirdParty:1030 - CMSIS Pack Vendor :STMicroelectronics X-CUBE-AZRTOS-G4 2.0.0
2025-07-22 09:05:45,791 [INFO] ThirdParty:1030 - CMSIS Pack Vendor :STMicroelectronics X-CUBE-WB05N 2.0.0
2025-07-22 09:05:45,791 [INFO] ThirdParty:1030 - CMSIS Pack Vendor :STMicroelectronics PDM2PCM 3.1.0
2025-07-22 09:05:45,791 [INFO] ThirdParty:1030 - CMSIS Pack Vendor :STMicroelectronics X-CUBE-NFC7 2.0.0
2025-07-22 09:05:45,791 [INFO] ThirdParty:1030 - CMSIS Pack Vendor :STMicroelectronics X-CUBE-TCPP 4.2.0
2025-07-22 09:05:45,791 [INFO] ThirdParty:1030 - CMSIS Pack Vendor :RealThread X-CUBE-RT-Thread_Nano 4.1.1
2025-07-22 09:05:45,791 [INFO] ThirdParty:1030 - CMSIS Pack Vendor :STMicroelectronics FP-ATR-SIGFOX1 3.2.0
2025-07-22 09:05:45,791 [INFO] ThirdParty:1030 - CMSIS Pack Vendor :quantropi X-CUBE-qispace-sdk-base 1.9.3
2025-07-22 09:05:45,791 [INFO] ThirdParty:1030 - CMSIS Pack Vendor :STMicroelectronics X-CUBE-EEPRMA1 5.1.0
2025-07-22 09:05:45,791 [INFO] ThirdParty:1030 - CMSIS Pack Vendor :STMicroelectronics MBEDTLS 2.16.2
2025-07-22 09:05:45,791 [INFO] ThirdParty:1030 - CMSIS Pack Vendor :STMicroelectronics X-CUBE-IPS 3.1.0
2025-07-22 09:05:45,791 [INFO] ThirdParty:1030 - CMSIS Pack Vendor :STMicroelectronics X-CUBE-ALS 1.0.2
2025-07-22 09:05:45,791 [INFO] ThirdParty:1030 - CMSIS Pack Vendor :wolfSSL I-CUBE-wolfSSL 5.7.4
2025-07-22 09:05:45,791 [INFO] ThirdParty:1030 - CMSIS Pack Vendor :ITTIA_DB I-CUBE-ITTIADB 8.9.0
2025-07-22 09:05:45,791 [INFO] ThirdParty:1030 - CMSIS Pack Vendor :STMicroelectronics X-CUBE-TOUCHGFX 4.24.2
2025-07-22 09:05:45,791 [INFO] ThirdParty:1030 - CMSIS Pack Vendor :STMicroelectronics X-CUBE-TOUCHGFX 4.24.1
2025-07-22 09:05:45,791 [INFO] ThirdParty:1030 - CMSIS Pack Vendor :wolfSSL I-CUBE-wolfTPM 3.4.0
2025-07-22 09:05:45,791 [INFO] ThirdParty:1030 - CMSIS Pack Vendor :portGmbH I-Cube-SoM-uGOAL 1.1.0
2025-07-22 09:05:45,791 [INFO] ThirdParty:1030 - CMSIS Pack Vendor :STMicroelectronics X-CUBE-ST67W61 1.0.0
2025-07-22 09:05:45,791 [INFO] ThirdParty:1030 - CMSIS Pack Vendor :STMicroelectronics ThreadX 1.0.0
2025-07-22 09:05:45,791 [INFO] ThirdParty:1030 - CMSIS Pack Vendor :SEGGER I-CUBE-embOS 1.3.1
2025-07-22 09:05:45,791 [INFO] ThirdParty:1030 - CMSIS Pack Vendor :STMicroelectronics X-CUBE-ALGOBUILD 1.4.0
2025-07-22 09:05:45,791 [INFO] ThirdParty:1030 - CMSIS Pack Vendor :STMicroelectronics X-CUBE-MEMS1 11.3.0
2025-07-22 09:05:45,791 [INFO] ThirdParty:1030 - CMSIS Pack Vendor :STMicroelectronics X-CUBE-AZRTOS-H7RS 1.0.0
2025-07-22 09:05:45,791 [INFO] ThirdParty:1030 - CMSIS Pack Vendor :STMicroelectronics FP-ATR-ASTRA1 2.0.0
2025-07-22 09:05:45,791 [INFO] ThirdParty:1030 - CMSIS Pack Vendor :STMicroelectronics X-CUBE-TOF1 3.4.2
2025-07-22 09:05:45,791 [INFO] ThirdParty:1030 - CMSIS Pack Vendor :STMicroelectronics X-CUBE-TOF1 3.4.3
2025-07-22 09:05:45,791 [INFO] ThirdParty:1030 - CMSIS Pack Vendor :STMicroelectronics X-CUBE-AI 9.1.0
2025-07-22 09:05:45,791 [INFO] ThirdParty:1030 - CMSIS Pack Vendor :Infineon AIROC-Wi-Fi-Bluetooth-STM32 1.6.1
2025-07-22 09:05:45,791 [INFO] ThirdParty:1030 - CMSIS Pack Vendor :wolfSSL I-CUBE-wolfSSH 1.4.17
2025-07-22 09:05:45,791 [INFO] ThirdParty:841 - exiting critical section [change project]
2025-07-22 09:05:45,970 [INFO] PinOutPanel:1589 - setPackage(No Configuration,No Configuration)
2025-07-22 09:05:45,971 [INFO] PinOutPanel:1589 - setPackage(STM32F722ZETx,LQFP144)
2025-07-22 09:05:46,493 [INFO] UtilMem:75 - Before build in PCC Used Memory: 502530064 Bytes (898629632)
2025-07-22 09:05:46,650 [INFO] UtilMem:75 - After build in PCC Used Memory: 551290896 Bytes (898629632)
2025-07-22 09:05:46,670 [INFO] IPUIPlugin:80 - create IPUIPlugin
2025-07-22 09:05:46,670 [INFO] IPUIPlugin:80 - create IPUIPlugin
2025-07-22 09:05:46,670 [INFO] IPUIPlugin:80 - create IPUIPlugin
2025-07-22 09:05:46,670 [INFO] IPUIPlugin:80 - create IPUIPlugin
2025-07-22 09:05:46,670 [INFO] IPUIPlugin:80 - create IPUIPlugin
2025-07-22 09:05:46,670 [INFO] IPUIPlugin:80 - create IPUIPlugin
2025-07-22 09:05:46,670 [INFO] IPUIPlugin:80 - create IPUIPlugin
2025-07-22 09:05:46,670 [INFO] IPUIPlugin:80 - create IPUIPlugin
2025-07-22 09:05:46,670 [INFO] IPUIPlugin:80 - create IPUIPlugin
2025-07-22 09:05:46,670 [INFO] IPUIPlugin:80 - create IPUIPlugin
2025-07-22 09:05:46,670 [INFO] IPUIPlugin:80 - create IPUIPlugin
2025-07-22 09:05:46,670 [INFO] IPUIPlugin:80 - create IPUIPlugin
2025-07-22 09:05:46,670 [INFO] IPUIPlugin:80 - create IPUIPlugin
2025-07-22 09:05:46,670 [INFO] IPUIPlugin:80 - create IPUIPlugin
2025-07-22 09:05:46,670 [INFO] IPUIPlugin:80 - create IPUIPlugin
2025-07-22 09:05:46,670 [INFO] IPUIPlugin:80 - create IPUIPlugin
2025-07-22 09:05:46,670 [INFO] IPUIPlugin:80 - create IPUIPlugin
2025-07-22 09:05:46,670 [INFO] IPUIPlugin:80 - create IPUIPlugin
2025-07-22 09:05:46,670 [INFO] IPUIPlugin:80 - create IPUIPlugin
2025-07-22 09:05:46,670 [INFO] IPUIPlugin:80 - create IPUIPlugin
2025-07-22 09:05:46,671 [INFO] IPUIPlugin:80 - create IPUIPlugin
2025-07-22 09:05:46,671 [INFO] IPUIPlugin:80 - create IPUIPlugin
2025-07-22 09:05:46,671 [INFO] IPUIPlugin:80 - create IPUIPlugin
2025-07-22 09:05:46,671 [INFO] IPUIPlugin:80 - create IPUIPlugin
2025-07-22 09:05:46,671 [INFO] IPUIPlugin:80 - create IPUIPlugin
2025-07-22 09:05:46,671 [INFO] IPUIPlugin:80 - create IPUIPlugin
2025-07-22 09:05:46,671 [INFO] IPUIPlugin:80 - create IPUIPlugin
2025-07-22 09:05:46,671 [INFO] IPUIPlugin:80 - create IPUIPlugin
2025-07-22 09:05:46,672 [INFO] IPUIPlugin:80 - create IPUIPlugin
2025-07-22 09:05:46,672 [INFO] IPUIPlugin:80 - create IPUIPlugin
2025-07-22 09:05:46,672 [INFO] IPUIPlugin:80 - create IPUIPlugin
2025-07-22 09:05:46,672 [INFO] IPUIPlugin:80 - create IPUIPlugin
2025-07-22 09:05:46,672 [INFO] IPUIPlugin:80 - create IPUIPlugin
2025-07-22 09:05:46,672 [INFO] IPUIPlugin:80 - create IPUIPlugin
2025-07-22 09:05:46,672 [INFO] IPUIPlugin:80 - create IPUIPlugin
2025-07-22 09:05:46,672 [INFO] IPUIPlugin:80 - create IPUIPlugin
2025-07-22 09:05:46,672 [INFO] IPUIPlugin:80 - create IPUIPlugin
2025-07-22 09:05:46,672 [INFO] IPUIPlugin:80 - create IPUIPlugin
2025-07-22 09:05:46,673 [INFO] IPUIPlugin:80 - create IPUIPlugin
2025-07-22 09:05:46,673 [INFO] IPUIPlugin:80 - create IPUIPlugin
2025-07-22 09:05:46,673 [INFO] IPUIPlugin:80 - create IPUIPlugin
2025-07-22 09:05:46,673 [INFO] IPUIPlugin:80 - create IPUIPlugin
2025-07-22 09:05:46,673 [INFO] IPUIPlugin:80 - create IPUIPlugin
2025-07-22 09:05:46,673 [INFO] IPUIPlugin:80 - create IPUIPlugin
2025-07-22 09:05:46,673 [INFO] IPUIPlugin:80 - create IPUIPlugin
2025-07-22 09:05:46,674 [INFO] IPUIPlugin:80 - create IPUIPlugin
2025-07-22 09:05:46,674 [INFO] IPUIPlugin:80 - create IPUIPlugin
2025-07-22 09:05:46,674 [INFO] IPUIPlugin:80 - create IPUIPlugin
2025-07-22 09:05:46,674 [INFO] IPUIPlugin:80 - create IPUIPlugin
2025-07-22 09:05:46,674 [INFO] IPUIPlugin:80 - create IPUIPlugin
2025-07-22 09:05:46,674 [INFO] IPUIPlugin:80 - create IPUIPlugin
2025-07-22 09:05:46,674 [INFO] IPUIPlugin:80 - create IPUIPlugin
2025-07-22 09:05:46,675 [INFO] IPUIPlugin:80 - create IPUIPlugin
2025-07-22 09:05:46,675 [INFO] IPUIPlugin:80 - create IPUIPlugin
2025-07-22 09:05:46,675 [INFO] IPUIPlugin:80 - create IPUIPlugin
2025-07-22 09:05:46,675 [INFO] IPUIPlugin:80 - create IPUIPlugin
2025-07-22 09:05:46,675 [INFO] IPUIPlugin:80 - create IPUIPlugin
2025-07-22 09:05:46,675 [INFO] IPUIPlugin:80 - create IPUIPlugin
2025-07-22 09:05:46,676 [INFO] IPUIPlugin:80 - create IPUIPlugin
2025-07-22 09:05:46,676 [INFO] IPUIPlugin:80 - create IPUIPlugin
2025-07-22 09:05:46,676 [INFO] IPUIPlugin:80 - create IPUIPlugin
2025-07-22 09:05:46,676 [INFO] IPUIPlugin:80 - create IPUIPlugin
2025-07-22 09:05:46,676 [INFO] IPUIPlugin:80 - create IPUIPlugin
2025-07-22 09:05:46,677 [INFO] IPUIPlugin:80 - create IPUIPlugin
2025-07-22 09:05:46,677 [INFO] IPUIPlugin:80 - create IPUIPlugin
2025-07-22 09:05:46,684 [INFO] ApiDbMcu:532 - Load IP Config File for PDM2PCM
2025-07-22 09:05:46,717 [INFO] CADModel:165 - CPN selected for project levelSTM32F722ZET6
2025-07-22 09:05:46,717 [INFO] CADModel:114 - Register for checkConnection events
2025-07-22 09:05:46,772 [INFO] OpenFileManager:386 - Restore cursor
2025-07-22 09:16:33,055 [INFO] Can:71 - Can Add PropertyChangeListener com.st.microxplorer.plugins.ip.can.Can@5a94cda1
2025-07-22 09:17:13,139 [INFO] NvicIntPanel:101 - NVIC parent = com.st.microxplorer.plugins.ip.nvic.MultiNvicIntPanel[,0,0,0x0,invalid,layout=javax.swing.BoxLayout,alignmentX=0.0,alignmentY=0.0,border=,flags=9,maximumSize=,minimumSize=,preferredSize=]
2025-07-22 09:17:13,213 [INFO] NvicIntPanel:101 - NVIC parent = com.st.microxplorer.plugins.ip.nvic.MultiNvicIntPanel[,0,0,0x0,invalid,layout=javax.swing.BoxLayout,alignmentX=0.0,alignmentY=0.0,border=,flags=9,maximumSize=,minimumSize=,preferredSize=]
2025-07-22 09:19:17,077 [INFO] NvicIntPanel:101 - NVIC parent = com.st.microxplorer.plugins.ip.nvic.MultiNvicIntPanel[,0,0,0x0,invalid,layout=javax.swing.BoxLayout,alignmentX=0.0,alignmentY=0.0,border=,flags=9,maximumSize=,minimumSize=,preferredSize=]
2025-07-22 09:19:27,033 [INFO] NvicIntPanel:101 - NVIC parent = com.st.microxplorer.plugins.ip.nvic.MultiNvicIntPanel[,0,0,0x0,invalid,layout=javax.swing.BoxLayout,alignmentX=0.0,alignmentY=0.0,border=,flags=9,maximumSize=,minimumSize=,preferredSize=]
2025-07-22 09:19:35,886 [INFO] NvicIntPanel:101 - NVIC parent = com.st.microxplorer.plugins.ip.nvic.MultiNvicIntPanel[,0,0,0x0,invalid,layout=javax.swing.BoxLayout,alignmentX=0.0,alignmentY=0.0,border=,flags=9,maximumSize=,minimumSize=,preferredSize=]
2025-07-22 09:19:41,339 [INFO] NvicIntPanel:101 - NVIC parent = com.st.microxplorer.plugins.ip.nvic.MultiNvicIntPanel[,0,0,0x0,invalid,layout=javax.swing.BoxLayout,alignmentX=0.0,alignmentY=0.0,border=,flags=9,maximumSize=,minimumSize=,preferredSize=]
2025-07-22 09:22:39,079 [INFO] NvicIntPanel:101 - NVIC parent = com.st.microxplorer.plugins.ip.nvic.MultiNvicIntPanel[,0,0,450x199,layout=javax.swing.BoxLayout,alignmentX=0.0,alignmentY=0.0,border=,flags=9,maximumSize=,minimumSize=,preferredSize=]
2025-07-22 09:22:42,047 [INFO] NvicIntPanel:101 - NVIC parent = com.st.microxplorer.plugins.ip.nvic.MultiNvicIntPanel[,0,0,0x0,invalid,layout=javax.swing.BoxLayout,alignmentX=0.0,alignmentY=0.0,border=,flags=9,maximumSize=,minimumSize=,preferredSize=]
2025-07-22 09:22:42,427 [INFO] NvicIntPanel:101 - NVIC parent = com.st.microxplorer.plugins.ip.nvic.MultiNvicIntPanel[,0,0,0x0,invalid,layout=javax.swing.BoxLayout,alignmentX=0.0,alignmentY=0.0,border=,flags=9,maximumSize=,minimumSize=,preferredSize=]
2025-07-22 09:23:04,213 [INFO] NvicIntPanel:101 - NVIC parent = com.st.microxplorer.plugins.ip.nvic.MultiNvicIntPanel[,0,0,0x0,invalid,layout=javax.swing.BoxLayout,alignmentX=0.0,alignmentY=0.0,border=,flags=9,maximumSize=,minimumSize=,preferredSize=]
2025-07-22 09:23:12,011 [INFO] UtilMem:75 - End SaveConfig() Used Memory: 736187344 Bytes (1073741824)
2025-07-22 09:23:14,331 [INFO] UtilMem:75 - End SaveConfig() Used Memory: 789640880 Bytes (1073741824)
2025-07-22 09:23:14,907 [INFO] BlockDiagram:2775 - set Specific Code input for plugin: CAN
2025-07-22 09:23:14,908 [INFO] BlockDiagram:2775 - set Specific Code input for plugin: SYS
2025-07-22 09:23:14,908 [INFO] BlockDiagram:2775 - set Specific Code input for plugin: RCC
2025-07-22 09:23:14,908 [INFO] BlockDiagram:2775 - set Specific Code input for plugin: NVIC
2025-07-22 09:23:14,908 [INFO] BlockDiagram:2775 - set Specific Code input for plugin: USART
2025-07-22 09:23:14,908 [INFO] BlockDiagram:2775 - set Specific Code input for plugin: GPIO
2025-07-22 09:23:14,911 [INFO] CodeGenerator:892 - code generatio: config db path: C:\ST\STM32CubeIDE_1.16.1\STM32CubeIDE\plugins\com.st.stm32cube.common.mx_6.15.0.202507011659\\db\
2025-07-22 09:23:15,170 [INFO] CodeEngine:265 - oldGeneratedFile, C:\Users\Chinnapop\STM32CubeIDE\workspace\IMU emulator\MXTmpFiles\license.tmp_save
2025-07-22 09:23:15,399 [INFO] CodeEngine:289 - Generated code: C:\Users\Chinnapop\STM32CubeIDE\workspace\IMU emulator\MXTmpFiles\license.tmp
2025-07-22 09:23:15,479 [INFO] CodeEngine:265 - oldGeneratedFile, C:\Users\Chinnapop\STM32CubeIDE\workspace\IMU emulator\MXTmpFiles\gpio.tmp_save
2025-07-22 09:23:15,611 [INFO] CodeEngine:289 - Generated code: C:\Users\Chinnapop\STM32CubeIDE\workspace\IMU emulator\MXTmpFiles\gpio.tmp
2025-07-22 09:23:15,779 [INFO] CodeEngine:265 - oldGeneratedFile, C:\Users\Chinnapop\STM32CubeIDE\workspace\IMU emulator\MXTmpFiles\cortex.tmp_save
2025-07-22 09:23:15,895 [INFO] CodeEngine:289 - Generated code: C:\Users\Chinnapop\STM32CubeIDE\workspace\IMU emulator\MXTmpFiles\cortex.tmp
2025-07-22 09:23:15,923 [INFO] CodeEngine:265 - oldGeneratedFile, C:\Users\Chinnapop\STM32CubeIDE\workspace\IMU emulator\Core\Src\stm32f7xx_it.c_save
2025-07-22 09:23:16,198 [INFO] CodeEngine:289 - Generated code: C:\Users\Chinnapop\STM32CubeIDE\workspace\IMU emulator\Core\Src\stm32f7xx_it.c
2025-07-22 09:23:16,209 [INFO] CodeEngine:265 - oldGeneratedFile, C:\Users\Chinnapop\STM32CubeIDE\workspace\IMU emulator\Core\Inc\stm32f7xx_it.h_save
2025-07-22 09:23:16,291 [INFO] CodeEngine:289 - Generated code: C:\Users\Chinnapop\STM32CubeIDE\workspace\IMU emulator\Core\Inc\stm32f7xx_it.h
2025-07-22 09:23:16,318 [INFO] CodeEngine:265 - oldGeneratedFile, C:\Users\Chinnapop\STM32CubeIDE\workspace\IMU emulator\Core\Src\stm32f7xx_hal_msp.c_save
2025-07-22 09:23:16,467 [INFO] CodeEngine:289 - Generated code: C:\Users\Chinnapop\STM32CubeIDE\workspace\IMU emulator\Core\Src\stm32f7xx_hal_msp.c
2025-07-22 09:23:16,476 [INFO] CodeEngine:265 - oldGeneratedFile, C:\Users\Chinnapop\STM32CubeIDE\workspace\IMU emulator\MXTmpFiles\system.tmp_save
2025-07-22 09:23:16,550 [INFO] CodeEngine:289 - Generated code: C:\Users\Chinnapop\STM32CubeIDE\workspace\IMU emulator\MXTmpFiles\system.tmp
2025-07-22 09:23:16,574 [INFO] CodeEngine:321 - oldGeneratedFile, C:\Users\Chinnapop\STM32CubeIDE\workspace\IMU emulator\Core\Inc\stm32f7xx_hal_conf.h_save
2025-07-22 09:23:16,656 [INFO] CodeEngine:345 - Generated code: C:\Users\Chinnapop\STM32CubeIDE\workspace\IMU emulator\Core\Inc\stm32f7xx_hal_conf.h
2025-07-22 09:23:16,696 [INFO] ApiDbMcu:532 - Load IP Config File for CAN1
2025-07-22 09:23:16,702 [INFO] ApiDbMcu:532 - Load IP Config File for USART1
2025-07-22 09:23:16,707 [INFO] ApiDbMcu:532 - Load IP Config File for RCC
2025-07-22 09:23:16,723 [INFO] CodeEngine:265 - oldGeneratedFile, C:\Users\Chinnapop\STM32CubeIDE\workspace\IMU emulator\Core\Inc\main.h_save
2025-07-22 09:23:16,834 [INFO] CodeEngine:289 - Generated code: C:\Users\Chinnapop\STM32CubeIDE\workspace\IMU emulator\Core\Inc\main.h
2025-07-22 09:23:16,846 [INFO] CodeEngine:265 - oldGeneratedFile, C:\Users\Chinnapop\STM32CubeIDE\workspace\IMU emulator\Core\Src\main.c_save
2025-07-22 09:23:16,964 [INFO] CodeEngine:289 - Generated code: C:\Users\Chinnapop\STM32CubeIDE\workspace\IMU emulator\Core\Src\main.c
2025-07-22 09:23:17,453 [INFO] ProjectBuilder:3606 - Time for Copy HAL[1] : 296mS.
2025-07-22 09:23:17,458 [INFO] ProjectBuilder:5216 - Project Generator version: 4.7.0-B52
2025-07-22 09:23:17,538 [INFO] ConfigFileManager:1595 - The Die is : DIE452
2025-07-22 09:23:17,542 [INFO] ApiDbMcu:532 - Load IP Config File for FATFS
2025-07-22 09:23:17,548 [INFO] ApiDbMcu:532 - Load IP Config File for FREERTOS
2025-07-22 09:23:17,551 [INFO] ApiDbMcu:532 - Load IP Config File for LIBJPEG
2025-07-22 09:23:17,557 [INFO] ApiDbMcu:532 - Load IP Config File for MBEDTLS
2025-07-22 09:23:17,563 [INFO] ApiDbMcu:532 - Load IP Config File for USB_DEVICE
2025-07-22 09:23:17,567 [INFO] ApiDbMcu:532 - Load IP Config File for USB_HOST
2025-07-22 09:23:18,651 [INFO] ProjectBuilder:5496 - Time for Generating toolchain IDE Files: 1193mS.
2025-07-22 09:23:18,652 [INFO] ProjectBuilder:3463 - Time for Copy CMSIS : 0mS.
2025-07-22 09:23:18,656 [INFO] ProjectBuilder:3463 - Time for Copy CMSIS : 0mS.
2025-07-22 09:32:24,045 [INFO] WebApp:194 - Connection lost
2025-07-22 09:32:24,448 [INFO] WebApp:191 - Connection restablished
2025-07-22 10:03:21,472 [INFO] WebApp:194 - Connection lost
2025-07-22 10:03:21,904 [INFO] WebApp:191 - Connection restablished
2025-07-22 10:34:10,487 [INFO] WebApp:194 - Connection lost
2025-07-22 10:34:10,913 [INFO] WebApp:191 - Connection restablished
2025-07-22 10:37:28,189 [INFO] NvicIntPanel:101 - NVIC parent = com.st.microxplorer.plugins.ip.nvic.MultiNvicIntPanel[,0,0,0x0,invalid,layout=javax.swing.BoxLayout,alignmentX=0.0,alignmentY=0.0,border=,flags=9,maximumSize=,minimumSize=,preferredSize=]
2025-07-22 10:37:48,431 [INFO] NvicIntPanel:101 - NVIC parent = com.st.microxplorer.plugins.ip.nvic.MultiNvicIntPanel[,0,0,0x0,invalid,layout=javax.swing.BoxLayout,alignmentX=0.0,alignmentY=0.0,border=,flags=9,maximumSize=,minimumSize=,preferredSize=]
2025-07-22 10:38:47,618 [INFO] UtilMem:75 - End SaveConfig() Used Memory: 319951232 Bytes (1030750208)
2025-07-22 10:38:52,117 [INFO] UtilMem:75 - End SaveConfig() Used Memory: 371147648 Bytes (1030750208)
2025-07-22 10:38:52,441 [INFO] BlockDiagram:2775 - set Specific Code input for plugin: TIM6_7F7
2025-07-22 10:38:52,442 [INFO] BlockDiagram:2775 - set Specific Code input for plugin: CAN
2025-07-22 10:38:52,442 [INFO] BlockDiagram:2775 - set Specific Code input for plugin: SYS
2025-07-22 10:38:52,442 [INFO] BlockDiagram:2775 - set Specific Code input for plugin: RCC
2025-07-22 10:38:52,442 [INFO] BlockDiagram:2775 - set Specific Code input for plugin: NVIC
2025-07-22 10:38:52,442 [INFO] BlockDiagram:2775 - set Specific Code input for plugin: USART
2025-07-22 10:38:52,442 [INFO] BlockDiagram:2775 - set Specific Code input for plugin: GPIO
2025-07-22 10:38:52,444 [INFO] CodeGenerator:892 - code generatio: config db path: C:\ST\STM32CubeIDE_1.16.1\STM32CubeIDE\plugins\com.st.stm32cube.common.mx_6.15.0.202507011659\\db\
2025-07-22 10:38:52,523 [INFO] CodeEngine:265 - oldGeneratedFile, C:\Users\Chinnapop\STM32CubeIDE\workspace\IMU emulator\MXTmpFiles\license.tmp_save
2025-07-22 10:38:52,836 [INFO] CodeEngine:289 - Generated code: C:\Users\Chinnapop\STM32CubeIDE\workspace\IMU emulator\MXTmpFiles\license.tmp
2025-07-22 10:38:52,893 [INFO] CodeEngine:265 - oldGeneratedFile, C:\Users\Chinnapop\STM32CubeIDE\workspace\IMU emulator\MXTmpFiles\gpio.tmp_save
2025-07-22 10:38:53,044 [INFO] CodeEngine:289 - Generated code: C:\Users\Chinnapop\STM32CubeIDE\workspace\IMU emulator\MXTmpFiles\gpio.tmp
2025-07-22 10:38:53,285 [INFO] CodeEngine:265 - oldGeneratedFile, C:\Users\Chinnapop\STM32CubeIDE\workspace\IMU emulator\MXTmpFiles\cortex.tmp_save
2025-07-22 10:38:53,444 [INFO] CodeEngine:289 - Generated code: C:\Users\Chinnapop\STM32CubeIDE\workspace\IMU emulator\MXTmpFiles\cortex.tmp
2025-07-22 10:38:53,468 [INFO] CodeEngine:265 - oldGeneratedFile, C:\Users\Chinnapop\STM32CubeIDE\workspace\IMU emulator\Core\Src\stm32f7xx_it.c_save
2025-07-22 10:38:53,820 [INFO] CodeEngine:289 - Generated code: C:\Users\Chinnapop\STM32CubeIDE\workspace\IMU emulator\Core\Src\stm32f7xx_it.c
2025-07-22 10:38:53,832 [INFO] CodeEngine:265 - oldGeneratedFile, C:\Users\Chinnapop\STM32CubeIDE\workspace\IMU emulator\Core\Inc\stm32f7xx_it.h_save
2025-07-22 10:38:53,925 [INFO] CodeEngine:289 - Generated code: C:\Users\Chinnapop\STM32CubeIDE\workspace\IMU emulator\Core\Inc\stm32f7xx_it.h
2025-07-22 10:38:53,948 [INFO] CodeEngine:265 - oldGeneratedFile, C:\Users\Chinnapop\STM32CubeIDE\workspace\IMU emulator\Core\Src\stm32f7xx_hal_msp.c_save
2025-07-22 10:38:54,100 [INFO] CodeEngine:289 - Generated code: C:\Users\Chinnapop\STM32CubeIDE\workspace\IMU emulator\Core\Src\stm32f7xx_hal_msp.c
2025-07-22 10:38:54,110 [INFO] CodeEngine:265 - oldGeneratedFile, C:\Users\Chinnapop\STM32CubeIDE\workspace\IMU emulator\MXTmpFiles\system.tmp_save
2025-07-22 10:38:54,176 [INFO] CodeEngine:289 - Generated code: C:\Users\Chinnapop\STM32CubeIDE\workspace\IMU emulator\MXTmpFiles\system.tmp
2025-07-22 10:38:54,196 [INFO] CodeEngine:321 - oldGeneratedFile, C:\Users\Chinnapop\STM32CubeIDE\workspace\IMU emulator\Core\Inc\stm32f7xx_hal_conf.h_save
2025-07-22 10:38:54,277 [INFO] CodeEngine:345 - Generated code: C:\Users\Chinnapop\STM32CubeIDE\workspace\IMU emulator\Core\Inc\stm32f7xx_hal_conf.h
2025-07-22 10:38:54,314 [INFO] ApiDbMcu:532 - Load IP Config File for TIM7
2025-07-22 10:38:54,315 [WARN] IPConfigManager:3811 - IP not found : TIM
2025-07-22 10:38:54,316 [WARN] CodeGenerator:4259 - IP not found : null
2025-07-22 10:38:54,328 [INFO] CodeEngine:265 - oldGeneratedFile, C:\Users\Chinnapop\STM32CubeIDE\workspace\IMU emulator\Core\Inc\main.h_save
2025-07-22 10:38:54,433 [INFO] CodeEngine:289 - Generated code: C:\Users\Chinnapop\STM32CubeIDE\workspace\IMU emulator\Core\Inc\main.h
2025-07-22 10:38:54,445 [INFO] CodeEngine:265 - oldGeneratedFile, C:\Users\Chinnapop\STM32CubeIDE\workspace\IMU emulator\Core\Src\main.c_save
2025-07-22 10:38:54,559 [INFO] CodeEngine:289 - Generated code: C:\Users\Chinnapop\STM32CubeIDE\workspace\IMU emulator\Core\Src\main.c
2025-07-22 10:38:55,014 [INFO] ProjectBuilder:3606 - Time for Copy HAL[1] : 312mS.
2025-07-22 10:38:55,019 [INFO] ProjectBuilder:5216 - Project Generator version: 4.7.0-B52
2025-07-22 10:38:55,108 [INFO] ConfigFileManager:1595 - The Die is : DIE452
2025-07-22 10:38:56,219 [INFO] ProjectBuilder:5496 - Time for Generating toolchain IDE Files: 1200mS.
2025-07-22 10:38:56,221 [INFO] ProjectBuilder:3463 - Time for Copy CMSIS : 2mS.
2025-07-22 10:38:56,228 [INFO] ProjectBuilder:3463 - Time for Copy CMSIS : 0mS.
2025-07-22 10:39:35,990 [INFO] NvicIntPanel:101 - NVIC parent = com.st.microxplorer.plugins.ip.nvic.MultiNvicIntPanel[,0,0,0x0,invalid,layout=javax.swing.BoxLayout,alignmentX=0.0,alignmentY=0.0,border=,flags=9,maximumSize=,minimumSize=,preferredSize=]
2025-07-22 10:39:40,052 [INFO] UtilMem:75 - End SaveConfig() Used Memory: 639422416 Bytes (1030750208)
2025-07-22 10:39:43,138 [INFO] UtilMem:75 - End SaveConfig() Used Memory: 783077328 Bytes (1030750208)
2025-07-22 10:39:43,253 [INFO] BlockDiagram:2775 - set Specific Code input for plugin: TIM6_7F7
2025-07-22 10:39:43,253 [INFO] BlockDiagram:2775 - set Specific Code input for plugin: CAN
2025-07-22 10:39:43,253 [INFO] BlockDiagram:2775 - set Specific Code input for plugin: SYS
2025-07-22 10:39:43,253 [INFO] BlockDiagram:2775 - set Specific Code input for plugin: RCC
2025-07-22 10:39:43,253 [INFO] BlockDiagram:2775 - set Specific Code input for plugin: NVIC
2025-07-22 10:39:43,253 [INFO] BlockDiagram:2775 - set Specific Code input for plugin: USART
2025-07-22 10:39:43,254 [INFO] BlockDiagram:2775 - set Specific Code input for plugin: GPIO
2025-07-22 10:39:43,255 [INFO] CodeGenerator:892 - code generatio: config db path: C:\ST\STM32CubeIDE_1.16.1\STM32CubeIDE\plugins\com.st.stm32cube.common.mx_6.15.0.202507011659\\db\
2025-07-22 10:39:43,323 [INFO] CodeEngine:265 - oldGeneratedFile, C:\Users\Chinnapop\STM32CubeIDE\workspace\IMU emulator\MXTmpFiles\license.tmp_save
2025-07-22 10:39:43,380 [INFO] CodeEngine:289 - Generated code: C:\Users\Chinnapop\STM32CubeIDE\workspace\IMU emulator\MXTmpFiles\license.tmp
2025-07-22 10:39:43,406 [INFO] CodeEngine:265 - oldGeneratedFile, C:\Users\Chinnapop\STM32CubeIDE\workspace\IMU emulator\MXTmpFiles\gpio.tmp_save
2025-07-22 10:39:43,468 [INFO] CodeEngine:289 - Generated code: C:\Users\Chinnapop\STM32CubeIDE\workspace\IMU emulator\MXTmpFiles\gpio.tmp
2025-07-22 10:39:43,591 [INFO] CodeEngine:265 - oldGeneratedFile, C:\Users\Chinnapop\STM32CubeIDE\workspace\IMU emulator\MXTmpFiles\cortex.tmp_save
2025-07-22 10:39:43,647 [INFO] CodeEngine:289 - Generated code: C:\Users\Chinnapop\STM32CubeIDE\workspace\IMU emulator\MXTmpFiles\cortex.tmp
2025-07-22 10:39:43,670 [INFO] CodeEngine:265 - oldGeneratedFile, C:\Users\Chinnapop\STM32CubeIDE\workspace\IMU emulator\Core\Src\stm32f7xx_it.c_save
2025-07-22 10:39:43,733 [INFO] CodeEngine:289 - Generated code: C:\Users\Chinnapop\STM32CubeIDE\workspace\IMU emulator\Core\Src\stm32f7xx_it.c
2025-07-22 10:39:43,742 [INFO] CodeEngine:265 - oldGeneratedFile, C:\Users\Chinnapop\STM32CubeIDE\workspace\IMU emulator\Core\Inc\stm32f7xx_it.h_save
2025-07-22 10:39:43,800 [INFO] CodeEngine:289 - Generated code: C:\Users\Chinnapop\STM32CubeIDE\workspace\IMU emulator\Core\Inc\stm32f7xx_it.h
2025-07-22 10:39:43,824 [INFO] CodeEngine:265 - oldGeneratedFile, C:\Users\Chinnapop\STM32CubeIDE\workspace\IMU emulator\Core\Src\stm32f7xx_hal_msp.c_save
2025-07-22 10:39:43,925 [INFO] CodeEngine:289 - Generated code: C:\Users\Chinnapop\STM32CubeIDE\workspace\IMU emulator\Core\Src\stm32f7xx_hal_msp.c
2025-07-22 10:39:43,931 [INFO] CodeEngine:265 - oldGeneratedFile, C:\Users\Chinnapop\STM32CubeIDE\workspace\IMU emulator\MXTmpFiles\system.tmp_save
2025-07-22 10:39:43,996 [INFO] CodeEngine:289 - Generated code: C:\Users\Chinnapop\STM32CubeIDE\workspace\IMU emulator\MXTmpFiles\system.tmp
2025-07-22 10:39:44,021 [INFO] CodeEngine:321 - oldGeneratedFile, C:\Users\Chinnapop\STM32CubeIDE\workspace\IMU emulator\Core\Inc\stm32f7xx_hal_conf.h_save
2025-07-22 10:39:44,107 [INFO] CodeEngine:345 - Generated code: C:\Users\Chinnapop\STM32CubeIDE\workspace\IMU emulator\Core\Inc\stm32f7xx_hal_conf.h
2025-07-22 10:39:44,133 [WARN] IPConfigManager:3811 - IP not found : TIM
2025-07-22 10:39:44,135 [WARN] CodeGenerator:4259 - IP not found : null
2025-07-22 10:39:44,154 [INFO] CodeEngine:265 - oldGeneratedFile, C:\Users\Chinnapop\STM32CubeIDE\workspace\IMU emulator\Core\Inc\main.h_save
2025-07-22 10:39:44,221 [INFO] CodeEngine:289 - Generated code: C:\Users\Chinnapop\STM32CubeIDE\workspace\IMU emulator\Core\Inc\main.h
2025-07-22 10:39:44,230 [INFO] CodeEngine:265 - oldGeneratedFile, C:\Users\Chinnapop\STM32CubeIDE\workspace\IMU emulator\Core\Src\main.c_save
2025-07-22 10:39:44,320 [INFO] CodeEngine:289 - Generated code: C:\Users\Chinnapop\STM32CubeIDE\workspace\IMU emulator\Core\Src\main.c
2025-07-22 10:39:44,718 [INFO] ProjectBuilder:3606 - Time for Copy HAL[1] : 258mS.
2025-07-22 10:39:44,723 [INFO] ProjectBuilder:5216 - Project Generator version: 4.7.0-B52
2025-07-22 10:39:44,786 [INFO] ConfigFileManager:1595 - The Die is : DIE452
2025-07-22 10:39:45,535 [INFO] ProjectBuilder:5496 - Time for Generating toolchain IDE Files: 812mS.
2025-07-22 10:39:45,536 [INFO] ProjectBuilder:3463 - Time for Copy CMSIS : 1mS.
2025-07-22 10:39:45,542 [INFO] ProjectBuilder:3463 - Time for Copy CMSIS : 1mS.
2025-07-22 11:04:23,969 [INFO] WebApp:194 - Connection lost
2025-07-22 11:04:24,318 [INFO] WebApp:191 - Connection restablished
2025-07-22 11:35:14,979 [INFO] WebApp:194 - Connection lost
2025-07-22 11:35:15,431 [INFO] WebApp:191 - Connection restablished
2025-07-22 12:05:35,456 [INFO] WebApp:194 - Connection lost
2025-07-22 12:05:35,870 [INFO] WebApp:191 - Connection restablished
2025-07-22 12:36:43,469 [INFO] WebApp:194 - Connection lost
2025-07-22 12:36:43,885 [INFO] WebApp:191 - Connection restablished
2025-07-22 13:07:44,456 [INFO] WebApp:194 - Connection lost
2025-07-22 13:07:45,004 [INFO] WebApp:191 - Connection restablished
2025-07-22 13:38:10,452 [INFO] WebApp:194 - Connection lost
2025-07-22 13:38:10,794 [INFO] WebApp:191 - Connection restablished
2025-07-22 14:08:53,968 [INFO] WebApp:194 - Connection lost
2025-07-22 14:08:54,331 [INFO] WebApp:191 - Connection restablished
2025-07-22 14:39:26,433 [INFO] WebApp:194 - Connection lost
2025-07-22 14:39:26,805 [INFO] WebApp:191 - Connection restablished
2025-07-22 14:56:57,528 [INFO] MainUpdater:2872 - connection check result : 10
2025-07-22 14:56:57,706 [INFO] McuFinderGlobals:76 - Set McuFinderConnectedMode to true
2025-07-22 14:56:57,715 [INFO] MultiScanPanel:200 - Auto-refresh data requested => check proxy status ongoing
2025-07-22 14:56:57,719 [INFO] FinderPluginLoader:96 - Searching for filters in installed packs
2025-07-22 14:56:59,784 [INFO] LoadUrlFilesThread:185 - End of LoadServerUrlFiles without Thread
2025-07-22 14:56:59,889 [INFO] DetailPanel:341 - Set advertising image to C:/Users/Chinnapop/STM32Cube/Repository/\en.2400x1350px.jpeg
2025-07-22 14:58:13,700 [INFO] MultiScanPanel:200 - Auto-refresh data requested => check proxy status ongoing
2025-07-22 14:58:13,903 [INFO] LoadUrlFilesThread:185 - End of LoadServerUrlFiles without Thread
2025-07-22 14:58:13,903 [INFO] DetailPanel:341 - Set advertising image to C:/Users/Chinnapop/STM32Cube/Repository/\en.2400x1350px.jpeg
2025-07-22 14:58:13,921 [INFO] DbBoards:642 - Loading board mini-images...
2025-07-22 14:58:15,655 [ERROR] DbBoards:659 - Image file not found for board STM32MP215F-DK: C:\Users\Chinnapop\.stmcufinder\plugins\mcufinder//mcu//boards_images/STM32MP215F-DK.jpg
2025-07-22 14:58:15,753 [INFO] DbBoards:665 - Loaded 211 board mini-images
2025-07-22 14:59:29,994 [INFO] MainUpdater:2872 - connection check result : 10
2025-07-22 14:59:29,994 [INFO] MainUpdater:2872 - connection check result : 10
2025-07-22 14:59:30,032 [INFO] MicroXplorer:468 - Change Database Path : 
2025-07-22 14:59:30,033 [INFO] MicroXplorer:498 - Change Database Version : DB.6.0.150
2025-07-22 14:59:30,118 [ERROR] ProjectManagerView:395 - 
java.lang.NullPointerException: Cannot invoke "javax.swing.JTextField.getText()" because the return value of "java.util.List.get(int)" is null
	at com.st.microxplorer.plugins.projectmanager.gui.ProjectChoiceTab$9.caretUpdate(ProjectChoiceTab.java:2706) ~[filemanager.jar:?]
	at javax.swing.text.JTextComponent.fireCaretUpdate(JTextComponent.java:408) ~[?:?]
	at javax.swing.text.JTextComponent$MutableCaretEvent.fire(JTextComponent.java:4484) ~[?:?]
	at javax.swing.text.JTextComponent$MutableCaretEvent.stateChanged(JTextComponent.java:4506) ~[?:?]
	at javax.swing.text.DefaultCaret.fireStateChanged(DefaultCaret.java:857) ~[?:?]
	at javax.swing.text.DefaultCaret.changeCaretPosition(DefaultCaret.java:1343) ~[?:?]
	at javax.swing.text.DefaultCaret.handleSetDot(DefaultCaret.java:1242) ~[?:?]
	at javax.swing.text.DefaultCaret.setDot(DefaultCaret.java:1223) ~[?:?]
	at javax.swing.text.DefaultCaret$Handler.insertUpdate(DefaultCaret.java:1819) ~[?:?]
	at javax.swing.text.AbstractDocument.fireInsertUpdate(AbstractDocument.java:227) ~[?:?]
	at javax.swing.text.AbstractDocument.handleInsertString(AbstractDocument.java:781) ~[?:?]
	at javax.swing.text.AbstractDocument.insertString(AbstractDocument.java:740) ~[?:?]
	at javax.swing.text.PlainDocument.insertString(PlainDocument.java:131) ~[?:?]
	at javax.swing.text.AbstractDocument.replace(AbstractDocument.java:699) ~[?:?]
	at javax.swing.text.JTextComponent.setText(JTextComponent.java:1725) ~[?:?]
	at com.st.microxplorer.plugins.projectmanager.gui.ProjectChoiceTab.createHeapStackFields(ProjectChoiceTab.java:993) ~[filemanager.jar:?]
	at com.st.microxplorer.plugins.projectmanager.gui.ProjectChoiceTab.buildLinkSettingsPanel(ProjectChoiceTab.java:3813) ~[filemanager.jar:?]
	at com.st.microxplorer.plugins.projectmanager.gui.ProjectChoiceTab.defineWindowsFields(ProjectChoiceTab.java:1987) ~[filemanager.jar:?]
	at com.st.microxplorer.plugins.projectmanager.gui.ProjectChoiceTab.updateSettings(ProjectChoiceTab.java:558) ~[filemanager.jar:?]
	at com.st.microxplorer.plugins.projectmanager.gui.ProjectSettingsPanel.UpdateDialog(ProjectSettingsPanel.java:247) ~[filemanager.jar:?]
	at com.st.microxplorer.plugins.projectmanager.ProjectManagerView.propertyChange(ProjectManagerView.java:392) ~[filemanager.jar:?]
	at java.beans.PropertyChangeSupport.fire(PropertyChangeSupport.java:343) ~[?:?]
	at java.beans.PropertyChangeSupport.firePropertyChange(PropertyChangeSupport.java:335) ~[?:?]
	at java.beans.PropertyChangeSupport.firePropertyChange(PropertyChangeSupport.java:268) ~[?:?]
	at com.st.microxplorer.util.MXPropertyChangeSupport.firePropertyChange(MXPropertyChangeSupport.java:54) ~[STM32CubeMX.jar:?]
	at com.st.microxplorer.mxsystem.MxSystem.closeConfig(MxSystem.java:899) ~[STM32CubeMX.jar:?]
	at com.st.microxplorer.maingui.MainPanel.closeConfig(MainPanel.java:792) ~[STM32CubeMX.jar:?]
	at com.st.microxplorer.plugins.filemanager.engine.OpenFileManager.loadConfigurationFile(OpenFileManager.java:288) ~[filemanager.jar:?]
	at com.st.microxplorer.plugins.filemanager.engine.MainFileManager.userLoadConfig(MainFileManager.java:364) ~[filemanager.jar:?]
	at com.st.microxplorer.plugins.filemanager.FileManagerView.getSpecificTask(FileManagerView.java:268) ~[filemanager.jar:?]
	at com.st.stm32cube.common.mx.editor.CubeMxEditor.getMxTabbedPaneInstance(CubeMxEditor.java:1191) ~[com.st.stm32cube.common.mx_6.15.0.202507011659/:?]
	at com.st.stm32cube.common.mx.editor.CubeMxEditor$12$1.createSwingComponent(CubeMxEditor.java:1068) ~[com.st.stm32cube.common.mx_6.15.0.202507011659/:?]
	at com.st.stm32cube.common.mx.oss.core.awtswtbridge.EmbeddedSwingComposite.doComponentCreation(EmbeddedSwingComposite.java:492) ~[com.st.stm32cube.common.mx.oss_6.15.0.202507011659/:?]
	at com.st.stm32cube.common.mx.oss.core.awtswtbridge.EmbeddedSwingComposite$4.run(EmbeddedSwingComposite.java:291) ~[com.st.stm32cube.common.mx.oss_6.15.0.202507011659/:?]
	at com.st.stm32cube.common.mx.oss.core.awtswtbridge.AwtEnvironment$2.run(AwtEnvironment.java:166) ~[com.st.stm32cube.common.mx.oss_6.15.0.202507011659/:?]
	at java.awt.event.InvocationEvent.dispatch(InvocationEvent.java:318) ~[?:?]
	at java.awt.EventQueue.dispatchEventImpl(EventQueue.java:773) ~[?:?]
	at java.awt.EventQueue$4.run(EventQueue.java:720) ~[?:?]
	at java.awt.EventQueue$4.run(EventQueue.java:714) ~[?:?]
	at java.security.AccessController.doPrivileged(AccessController.java:400) ~[?:?]
	at java.security.ProtectionDomain$JavaSecurityAccessImpl.doIntersectionPrivilege(ProtectionDomain.java:87) ~[?:?]
	at java.awt.EventQueue.dispatchEvent(EventQueue.java:742) ~[?:?]
	at java.awt.EventDispatchThread.pumpOneEventForFilters(EventDispatchThread.java:203) ~[?:?]
	at java.awt.EventDispatchThread.pumpEventsForFilter(EventDispatchThread.java:124) ~[?:?]
	at java.awt.EventDispatchThread.pumpEventsForHierarchy(EventDispatchThread.java:113) ~[?:?]
	at java.awt.EventDispatchThread.pumpEvents(EventDispatchThread.java:109) ~[?:?]
	at java.awt.EventDispatchThread.pumpEvents(EventDispatchThread.java:101) ~[?:?]
	at java.awt.EventDispatchThread.run(EventDispatchThread.java:90) ~[?:?]
2025-07-22 14:59:30,122 [WARN] ThirdParty:871 - waiting for thirdparty lock release [close project]
2025-07-22 14:59:30,122 [INFO] ThirdParty:873 - entering critical section [close project]
2025-07-22 14:59:30,122 [INFO] ThirdParty:883 - exiting critical section [close project]
2025-07-22 14:59:30,128 [INFO] PinOutPanel:1589 - setPackage(No Configuration,No Configuration)
2025-07-22 14:59:30,158 [WARN] IpParametersView:155 - Warning: This peripheral hasn't parameters
2025-07-22 14:59:30,179 [WARN] MainPanel:289 - <html><b><center>Warning: This peripheral has no parameters to be configured<br></b></html>
2025-07-22 14:59:30,194 [INFO] UtilMem:75 - Begin LoadConfig() Used Memory: 1010443672 Bytes (1017118720)
2025-07-22 14:59:30,196 [INFO] OpenFileManager:355 - Change cursor
2025-07-22 14:59:30,245 [INFO] RulesReader:64 - Compatibility file has been processed (317 Rules)
2025-07-22 14:59:30,257 [INFO] ProjectFactory:514 - No CPN specified for board NUCLEO-F722ZE => set CPN to STM32F722ZET6
2025-07-22 14:59:30,257 [INFO] Mcu:2029 - Initializing MCU STM32F722Z(C-E)Tx STM32F722ZETx STM32F722ZET6
2025-07-22 14:59:33,232 [INFO] Context:786 - Trying to add GPIOservice into a context  which must be forbidden
2025-07-22 14:59:34,143 [INFO] Rule:233 - rule 117617 - U5Cobra4M][GTZC] default value MPCBB3 and MPCBB5 - Not Secured memory - MPCBB1 is applicable
2025-07-22 14:59:34,144 [INFO] Rule:233 - rule 117617 - U5Cobra4M][GTZC] default value MPCBB3 and MPCBB5 - Not Secured memory - MPCBB1 is applicable
2025-07-22 14:59:34,144 [INFO] Rule:233 - rule 117617 - U5Cobra4M][GTZC] default value MPCBB3 and MPCBB5 - Not Secured memory - MPCBB2 is applicable
2025-07-22 14:59:34,144 [INFO] Rule:233 - rule 117617 - U5Cobra4M][GTZC] default value MPCBB3 and MPCBB5 - Not Secured memory - MPCBB2 is applicable
2025-07-22 14:59:34,144 [INFO] Rule:233 - rule 117617 - U5Cobra4M][GTZC] default value MPCBB3 and MPCBB5 - Not Secured memory - MPCBB3 is applicable
2025-07-22 14:59:34,144 [INFO] Rule:233 - rule 117617 - U5Cobra4M][GTZC] default value MPCBB3 and MPCBB5 - Not Secured memory - MPCBB3 is applicable
2025-07-22 14:59:34,144 [INFO] Rule:233 - rule 117617 - U5Cobra4M][GTZC] default value MPCBB3 and MPCBB5 - Not Secured memory - MPCBB4 is applicable
2025-07-22 14:59:34,144 [INFO] Rule:233 - rule 117617 - U5Cobra4M][GTZC] default value MPCBB3 and MPCBB5 - Not Secured memory - MPCBB4 is applicable
2025-07-22 14:59:34,144 [INFO] Rule:233 - rule 117617 - U5Cobra4M][GTZC] default value MPCBB3 and MPCBB5 - Secured memory - MPCBB1 is applicable
2025-07-22 14:59:34,144 [INFO] Rule:233 - rule 117617 - U5Cobra4M][GTZC] default value MPCBB3 and MPCBB5 - Secured memory - MPCBB2 is applicable
2025-07-22 14:59:34,144 [INFO] Rule:233 - rule 117617 - U5Cobra4M][GTZC] default value MPCBB3 and MPCBB5 - Secured memory - MPCBB3 is applicable
2025-07-22 14:59:34,144 [INFO] Rule:233 - rule 117617 - U5Cobra4M][GTZC] default value MPCBB3 and MPCBB5 - Secured memory - MPCBB4 is applicable
2025-07-22 14:59:34,144 [INFO] Rule:233 - rule 117617 - U5Cobra4M][GTZC] default value MPCBB3 and MPCBB5 - Privileged memory - MPCBB1 is applicable
2025-07-22 14:59:34,145 [INFO] Rule:233 - rule 117617 - U5Cobra4M][GTZC] default value MPCBB3 and MPCBB5 - Privileged memory - MPCBB2 is applicable
2025-07-22 14:59:34,145 [INFO] Rule:233 - rule 117617 - U5Cobra4M][GTZC] default value MPCBB3 and MPCBB5 - Privileged memory - MPCBB3 is applicable
2025-07-22 14:59:34,145 [INFO] Rule:233 - rule 117617 - U5Cobra4M][GTZC] default value MPCBB3 and MPCBB5 - Privileged memory - MPCBB4 is applicable
2025-07-22 14:59:34,145 [INFO] Rule:233 - rule 117617 - U5Cobra4M][GTZC] default value MPCBB3 and MPCBB5 - Not Privileged memory - MPCBB1 is applicable
2025-07-22 14:59:34,145 [INFO] Rule:233 - rule 117617 - U5Cobra4M][GTZC] default value MPCBB3 and MPCBB5 - Not Privileged memory - MPCBB2 is applicable
2025-07-22 14:59:34,145 [INFO] Rule:233 - rule 117617 - U5Cobra4M][GTZC] default value MPCBB3 and MPCBB5 - Not Privileged memory - MPCBB3 is applicable
2025-07-22 14:59:34,145 [INFO] Rule:233 - rule 117617 - U5Cobra4M][GTZC] default value MPCBB3 and MPCBB5 - Not Privileged memory - MPCBB4 is applicable
2025-07-22 14:59:34,145 [INFO] Rule:233 - rule 117617 - U5Cobra4M][GTZC] default value MPCBB3 and MPCBB5 - Privileged memory - MPCBB1 is applicable
2025-07-22 14:59:34,145 [INFO] Rule:233 - rule 117617 - U5Cobra4M][GTZC] default value MPCBB3 and MPCBB5 - Privileged memory - MPCBB2 is applicable
2025-07-22 14:59:34,145 [INFO] Rule:233 - rule 117617 - U5Cobra4M][GTZC] default value MPCBB3 and MPCBB5 - Privileged memory - MPCBB3 is applicable
2025-07-22 14:59:34,145 [INFO] Rule:233 - rule 117617 - U5Cobra4M][GTZC] default value MPCBB3 and MPCBB5 - Privileged memory - MPCBB4 is applicable
2025-07-22 14:59:34,145 [INFO] Rule:233 - rule 117617 - U5Cobra4M][GTZC] default value MPCBB3 and MPCBB5 - Privileged memory - MPCBB1 is applicable
2025-07-22 14:59:34,145 [INFO] Rule:233 - rule 117617 - U5Cobra4M][GTZC] default value MPCBB3 and MPCBB5 - Privileged memory - MPCBB2 is applicable
2025-07-22 14:59:34,145 [INFO] Rule:233 - rule 117617 - U5Cobra4M][GTZC] default value MPCBB3 and MPCBB5 - Privileged memory - MPCBB3 is applicable
2025-07-22 14:59:34,145 [INFO] Rule:233 - rule 117617 - U5Cobra4M][GTZC] default value MPCBB3 and MPCBB5 - Privileged memory - MPCBB4 is applicable
2025-07-22 14:59:34,145 [INFO] Rule:233 - rule 117617 - U5Cobra4M][GTZC] default value MPCBB3 and MPCBB5 - Not Privileged memory - MPCBB1 is applicable
2025-07-22 14:59:34,145 [INFO] Rule:233 - rule 117617 - U5Cobra4M][GTZC] default value MPCBB3 and MPCBB5 - Not Privileged memory - MPCBB2 is applicable
2025-07-22 14:59:34,145 [INFO] Rule:233 - rule 117617 - U5Cobra4M][GTZC] default value MPCBB3 and MPCBB5 - Not Privileged memory - MPCBB3 is applicable
2025-07-22 14:59:34,145 [INFO] Rule:233 - rule 117617 - U5Cobra4M][GTZC] default value MPCBB3 and MPCBB5 - Not Privileged memory - MPCBB4 is applicable
2025-07-22 14:59:34,145 [INFO] Rule:233 - rule 117617 - U5Cobra4M][GTZC] default value MPCBB3 and MPCBB5 - Privileged memory - MPCBB1 is applicable
2025-07-22 14:59:34,145 [INFO] Rule:233 - rule 117617 - U5Cobra4M][GTZC] default value MPCBB3 and MPCBB5 - Privileged memory - MPCBB2 is applicable
2025-07-22 14:59:34,145 [INFO] Rule:233 - rule 117617 - U5Cobra4M][GTZC] default value MPCBB3 and MPCBB5 - Privileged memory - MPCBB3 is applicable
2025-07-22 14:59:34,145 [INFO] Rule:233 - rule 117617 - U5Cobra4M][GTZC] default value MPCBB3 and MPCBB5 - Privileged memory - MPCBB4 is applicable
2025-07-22 14:59:34,146 [INFO] Rule:233 - rule Rename SubGHz_Phy SUBGHZ_APPLICATION SUBGHZ_PINGPONG to SUBGHZ_ADV_APPLICATION is applicable
2025-07-22 14:59:34,146 [INFO] Rule:233 - rule GTZC_S instance for project manager is applicable
2025-07-22 14:59:34,146 [INFO] Rule:233 - rule GTZC_S instance for context M33S is applicable
2025-07-22 14:59:34,146 [INFO] Rule:233 - rule GTZC_S instance value for IP GTZC is applicable
2025-07-22 14:59:34,146 [INFO] Rule:233 - rule GTZC_S instance for mcu.IP is applicable
2025-07-22 14:59:34,146 [INFO] Rule:233 - rule GTZC_S instance for VP is applicable
2025-07-22 14:59:34,146 [INFO] Rule:233 - rule GTZC_S instance for signal is applicable
2025-07-22 14:59:34,146 [INFO] Rule:233 - rule GTZC_S instance for VP is applicable
2025-07-22 14:59:34,146 [INFO] Rule:233 - rule GTZC_S instance for signal is applicable
2025-07-22 14:59:34,146 [INFO] Rule:233 - rule GTZC_S instance for mcu is applicable
2025-07-22 14:59:34,146 [INFO] Rule:233 - rule GTZC_S instance for mcu.Pin is applicable
2025-07-22 14:59:34,146 [INFO] Rule:233 - rule GTZC_S instance value for IP GTZC is applicable
2025-07-22 14:59:34,146 [INFO] Rule:233 - rule GTZC_S instance for project manager is applicable
2025-07-22 14:59:34,147 [INFO] Rule:233 - rule GTZC_S instance for context M33S is applicable
2025-07-22 14:59:34,147 [INFO] Rule:233 - rule GTZC_S instance for VP is applicable
2025-07-22 14:59:34,147 [INFO] Rule:233 - rule GTZC_S instance for signal is applicable
2025-07-22 14:59:34,147 [INFO] Rule:233 - rule WakeUp0 Mode is applicable
2025-07-22 14:59:34,147 [INFO] Rule:233 - rule WakeUp0 SIGNAL is applicable
2025-07-22 14:59:34,147 [INFO] Rule:233 - rule WakeUp1 Mode is applicable
2025-07-22 14:59:34,147 [INFO] Rule:233 - rule WakeUp1 SIGNAL is applicable
2025-07-22 14:59:34,147 [INFO] Rule:233 - rule WakeUp2 Mode is applicable
2025-07-22 14:59:34,147 [INFO] Rule:233 - rule WakeUp2 SIGNAL is applicable
2025-07-22 14:59:34,147 [INFO] Rule:233 - rule WakeUp4 Mode is applicable
2025-07-22 14:59:34,147 [INFO] Rule:233 - rule WakeUp4 SIGNAL is applicable
2025-07-22 14:59:34,147 [INFO] Rule:233 - rule WakeUp5 Mode is applicable
2025-07-22 14:59:34,147 [INFO] Rule:233 - rule WakeUp5 SIGNAL is applicable
2025-07-22 14:59:34,147 [INFO] Rule:233 - rule Change Default Value for LSE Drive Capability for WB family is applicable
2025-07-22 14:59:34,147 [INFO] Rule:233 - rule Change Default Value for ADC Clock Prescaler G0 family is applicable
2025-07-22 14:59:34,148 [INFO] Rule:233 - rule Change GPIO_Pu Default Value for I2C is applicable
2025-07-22 14:59:34,148 [INFO] Rule:233 - rule Change GPIO_Pu Default Value for SMBus is applicable
2025-07-22 14:59:34,148 [INFO] Rule:233 - rule change FDCAN default value is applicable
2025-07-22 14:59:34,148 [INFO] Rule:233 - rule Adapt Old IOC before rework replace old CORTEX_M33/CORTEX_M55 attributes by the new one. is applicable
2025-07-22 14:59:34,148 [INFO] Rule:233 - rule Rename parametre of RCC RCC_APBDBG_DIV2 to RCC_TIMPRES_DIV2 is applicable
2025-07-22 14:59:34,148 [INFO] Rule:233 - rule Rename DIE493 pin PA10 [PA12] -> PA10 is applicable
2025-07-22 14:59:34,148 [INFO] Rule:233 - rule Rename DIE493 pin PA9 [PA11] -> PA9 is applicable
2025-07-22 14:59:34,148 [INFO] Rule:233 - rule Rename DIE492 PartNumber CPN STM32WBA5MJGHx -> STM32WBA5MMGHx is applicable
2025-07-22 14:59:34,148 [INFO] Rule:233 - rule Rename DIE492 PartNumber  Name STM32WBA5MJGHx -> STM32WBA5MMGHx is applicable
2025-07-22 14:59:34,148 [INFO] Rule:233 - rule Rename DIE492 PartNumber UserName STM32WBA5MJGHx -> STM32WBA5MMGHx is applicable
2025-07-22 14:59:34,148 [INFO] Rule:233 - rule Rename DIE492 PartNumber DeviceId STM32WBA5MJGHx -> STM32WBA5MMGHx is applicable
2025-07-22 14:59:34,149 [INFO] Rule:233 - rule Adapt Old IOC CSI. is applicable
2025-07-22 14:59:34,149 [INFO] Rule:233 - rule Adapt Old IOC DCMIPP. is applicable
2025-07-22 14:59:34,149 [INFO] Rule:233 - rule Adapt Old IOC DCMIPP Mode Parallel. is applicable
2025-07-22 14:59:34,149 [INFO] Rule:233 - rule Adapt Old IOC LTDC. is applicable
2025-07-22 14:59:34,149 [INFO] Rule:233 - rule Rename STM32MP2 RIF Peripheral LTDC RIF.RISUP.LTDC_L0L1.Privilege -> RIF.RISUP.LTDC_L1L2.Privilege is applicable
2025-07-22 14:59:34,149 [INFO] Rule:233 - rule Rename STM32MP2 RIF Peripheral LTDC RIF.RISUP.LTDC_L0L1.Privilege -> RIF.RISUP.LTDC_L1L2.Privilege is applicable
2025-07-22 14:59:34,149 [INFO] Rule:233 - rule Rename STM32MP2 RIF Peripheral LTDC RIF.RISUP.LTDC_L0L1.Lock -> RIF.RISUP.LTDC_L1L2.Lock is applicable
2025-07-22 14:59:34,149 [INFO] Rule:233 - rule Rename STM32MP2 RIF Peripheral LTDC RIF.RISUP.LTDC_L2.Lock -> RIF.RISUP.LTDC_L3.Lock is applicable
2025-07-22 14:59:34,149 [INFO] Rule:233 - rule Adapt the old IOC example for updating the SYS when it is misconfigured. is applicable
2025-07-22 14:59:34,149 [INFO] Rule:233 - rule Rename STM32C09 Mcu.Package LQFP64 -> LQFP48 is applicable
2025-07-22 14:59:34,149 [INFO] Rule:233 - rule Adapt the old IOC example for updating the SYS when it is misconfigured. is applicable
2025-07-22 14:59:34,149 [INFO] Rule:233 - rule Adapt the old IOC example for updating the SYS when it is misconfigured. is applicable
2025-07-22 14:59:34,155 [INFO] DbConfProperties:307 - Apply Compatibility (7/87 Rules)
2025-07-22 14:59:34,175 [INFO] ImportTextPane:234 - (OptionalMessage_ERROR) Pin21 (VP_RIF_VS_RIF1) cannot be retrieved for this MCU
2025-07-22 14:59:34,396 [INFO] RtosManager:558 - Registered RTOS mode: class=CMSIS, group=RTOS, mode=CMSIS_V1, owner=FREERTOS
2025-07-22 14:59:34,397 [INFO] RtosManager:558 - Registered RTOS mode: class=CMSIS, group=RTOS2, mode=CMSIS_V2, owner=FREERTOS
2025-07-22 14:59:34,397 [INFO] RtosManager:558 - Registered RTOS mode: class=RTOS, group=Core, mode=CMSIS_V1, owner=FREERTOS
2025-07-22 14:59:34,397 [INFO] RtosManager:558 - Registered RTOS mode: class=RTOS, group=Core, mode=CMSIS_V2, owner=FREERTOS
2025-07-22 14:59:34,397 [WARN] ModelIntegratedComponent:184 - Missing modes for component STMicroelectronics:FreeRTOS:0.0.1:STMicroelectronics:RTOS:FreeRTOS:Core:::10.2.0:
2025-07-22 14:59:34,402 [WARN] ModelIntegratedComponent:63 - No mode defined for component null
2025-07-22 14:59:34,402 [WARN] ModelIntegratedComponent:63 - No mode defined for component null
2025-07-22 14:59:34,402 [WARN] ModelIntegratedComponent:63 - No mode defined for component null
2025-07-22 14:59:34,402 [WARN] ModelIntegratedComponent:63 - No mode defined for component null
2025-07-22 14:59:34,402 [WARN] ModelIntegratedComponent:63 - No mode defined for component null
2025-07-22 14:59:34,402 [WARN] ModelIntegratedComponent:63 - No mode defined for component null
2025-07-22 14:59:34,402 [WARN] ModelIntegratedComponent:63 - No mode defined for component null
2025-07-22 14:59:34,402 [WARN] ModelIntegratedComponent:63 - No mode defined for component null
2025-07-22 14:59:34,402 [WARN] ModelIntegratedComponent:63 - No mode defined for component null
2025-07-22 14:59:34,402 [WARN] ModelIntegratedComponent:63 - No mode defined for component null
2025-07-22 14:59:34,402 [WARN] ModelIntegratedComponent:63 - No mode defined for component null
2025-07-22 14:59:34,402 [WARN] ModelIntegratedComponent:63 - No mode defined for component null
2025-07-22 14:59:34,402 [WARN] ModelIntegratedComponent:63 - No mode defined for component null
2025-07-22 14:59:34,402 [WARN] ModelIntegratedComponent:63 - No mode defined for component null
2025-07-22 14:59:34,402 [WARN] ModelIntegratedComponent:63 - No mode defined for component null
2025-07-22 14:59:34,402 [WARN] ModelIntegratedComponent:63 - No mode defined for component null
2025-07-22 14:59:34,402 [WARN] ModelIntegratedComponent:63 - No mode defined for component null
2025-07-22 14:59:34,402 [WARN] ModelIntegratedComponent:63 - No mode defined for component null
2025-07-22 14:59:34,402 [WARN] ModelIntegratedComponent:63 - No mode defined for component null
2025-07-22 14:59:34,402 [WARN] ModelIntegratedComponent:63 - No mode defined for component null
2025-07-22 14:59:34,402 [WARN] ModelIntegratedComponent:63 - No mode defined for component null
2025-07-22 14:59:34,402 [WARN] ModelIntegratedComponent:63 - No mode defined for component null
2025-07-22 14:59:34,402 [WARN] ModelIntegratedComponent:63 - No mode defined for component null
2025-07-22 14:59:34,403 [WARN] ModelIntegratedComponent:63 - No mode defined for component null
2025-07-22 14:59:34,403 [WARN] ModelIntegratedComponent:63 - No mode defined for component null
2025-07-22 14:59:34,403 [WARN] ModelIntegratedComponent:63 - No mode defined for component null
2025-07-22 14:59:34,403 [WARN] ModelIntegratedComponent:63 - No mode defined for component null
2025-07-22 14:59:34,403 [WARN] ModelIntegratedComponent:63 - No mode defined for component null
2025-07-22 14:59:34,403 [WARN] ModelIntegratedComponent:63 - No mode defined for component null
2025-07-22 14:59:34,403 [WARN] ModelIntegratedComponent:63 - No mode defined for component null
2025-07-22 14:59:34,403 [WARN] ModelIntegratedComponent:63 - No mode defined for component null
2025-07-22 14:59:34,403 [WARN] ModelIntegratedComponent:63 - No mode defined for component null
2025-07-22 14:59:34,403 [WARN] ModelIntegratedComponent:63 - No mode defined for component null
2025-07-22 14:59:34,403 [WARN] ModelIntegratedComponent:63 - No mode defined for component null
2025-07-22 14:59:34,403 [WARN] ModelIntegratedComponent:63 - No mode defined for component null
2025-07-22 14:59:34,403 [WARN] ModelPack:524 - Component already loaded: STMicroelectronics:HAL Drivers:0.0.0:STMicroelectronics:Device:STMicro_Driver:XSPI:HAL::0.0.1:HAL_XSPI
2025-07-22 14:59:34,630 [INFO] ThirdPartyModel:298 - Start build external matchings
2025-07-22 14:59:36,198 [INFO] ThirdPartyModel:316 - End build external matchings
2025-07-22 14:59:36,249 [INFO] ImportTextPane:234 - (OptionalMessage_ERROR) IP (RCC) : Invalid parameter (48MHZClocksFreq_Value)
2025-07-22 14:59:36,255 [INFO] ImportTextPane:234 - (OptionalMessage_ERROR) IP (RCC) : Invalid parameter (ADC12outputFreq_Value)
2025-07-22 14:59:36,255 [INFO] ImportTextPane:234 - (OptionalMessage_ERROR) IP (RCC) : Invalid parameter (ADC34outputFreq_Value)
2025-07-22 14:59:36,258 [INFO] ImportTextPane:234 - (OptionalMessage_ERROR) IP (RCC) : Invalid parameter (DFSDMAudioFreq_Value)
2025-07-22 14:59:36,258 [INFO] ImportTextPane:234 - (OptionalMessage_ERROR) IP (RCC) : Invalid parameter (DFSDMFreq_Value)
2025-07-22 14:59:36,258 [INFO] ImportTextPane:234 - (OptionalMessage_ERROR) IP (RCC) : Invalid parameter (FMPI2C1Freq_Value)
2025-07-22 14:59:36,258 [INFO] ImportTextPane:234 - (OptionalMessage_ERROR) IP (RCC) : Invalid parameter (FamilyName)
2025-07-22 14:59:36,258 [INFO] ImportTextPane:234 - (OptionalMessage_ERROR) IP (RCC) : Invalid parameter (I2S1Freq_Value)
2025-07-22 14:59:36,258 [INFO] ImportTextPane:234 - (OptionalMessage_ERROR) IP (RCC) : Invalid parameter (I2S2Freq_Value)
2025-07-22 14:59:36,258 [INFO] ImportTextPane:234 - (OptionalMessage_ERROR) IP (RCC) : Invalid parameter (I2SClocksFreq_Value)
2025-07-22 14:59:36,258 [INFO] ImportTextPane:234 - (OptionalMessage_ERROR) IP (RCC) : Invalid parameter (MCOFreq_Value)
2025-07-22 14:59:36,259 [INFO] ImportTextPane:234 - (OptionalMessage_ERROR) IP (RCC) : Invalid parameter (PLLI2SPCLKFreq_Value)
2025-07-22 14:59:36,259 [INFO] ImportTextPane:234 - (OptionalMessage_ERROR) IP (RCC) : Invalid parameter (PLLI2SQoutputFreq_Value)
2025-07-22 14:59:36,259 [INFO] ImportTextPane:234 - (OptionalMessage_ERROR) IP (RCC) : Invalid parameter (PLLI2SoutputFreq_Value)
2025-07-22 14:59:36,259 [INFO] ImportTextPane:234 - (OptionalMessage_ERROR) IP (RCC) : Invalid parameter (PLLMCOFreq_Value)
2025-07-22 14:59:36,259 [INFO] ImportTextPane:234 - (OptionalMessage_ERROR) IP (RCC) : Invalid parameter (PLLMUL)
2025-07-22 14:59:36,260 [INFO] ImportTextPane:234 - (OptionalMessage_ERROR) IP (RCC) : Invalid parameter (PLLRCLKFreq_Value)
2025-07-22 14:59:36,260 [INFO] ImportTextPane:234 - (OptionalMessage_ERROR) IP (RCC) : Invalid parameter (PLLRoutputFreq_Value)
2025-07-22 14:59:36,260 [INFO] ImportTextPane:234 - (OptionalMessage_ERROR) IP (RCC) : Invalid parameter (PRESCALERUSB)
2025-07-22 14:59:36,260 [INFO] ImportTextPane:234 - (OptionalMessage_ERROR) IP (RCC) : Invalid parameter (PWRFreq_Value)
2025-07-22 14:59:36,260 [INFO] ImportTextPane:234 - (OptionalMessage_ERROR) IP (RCC) : Invalid parameter (RTCHSEDivFreq_Value)
2025-07-22 14:59:36,260 [INFO] ImportTextPane:234 - (OptionalMessage_ERROR) IP (RCC) : Invalid parameter (SDIOFreq_Value)
2025-07-22 14:59:36,260 [INFO] ImportTextPane:234 - (OptionalMessage_ERROR) IP (RCC) : Parameter (SDMMC2Freq_Value) has invalid value (216000000)
2025-07-22 14:59:36,260 [INFO] ImportTextPane:234 - (OptionalMessage_ERROR) IP (RCC) : Parameter (SDMMCFreq_Value) has invalid value (216000000)
2025-07-22 14:59:36,260 [INFO] ImportTextPane:234 - (OptionalMessage_ERROR) IP (RCC) : Invalid parameter (SYSCLKSourceVirtual)
2025-07-22 14:59:36,260 [INFO] ImportTextPane:234 - (OptionalMessage_ERROR) IP (RCC) : Invalid parameter (TIM15Freq_Value)
2025-07-22 14:59:36,260 [INFO] ImportTextPane:234 - (OptionalMessage_ERROR) IP (RCC) : Invalid parameter (TIM16Freq_Value)
2025-07-22 14:59:36,261 [INFO] ImportTextPane:234 - (OptionalMessage_ERROR) IP (RCC) : Invalid parameter (TIM17Freq_Value)
2025-07-22 14:59:36,264 [INFO] ImportTextPane:234 - (OptionalMessage_ERROR) IP (RCC) : Invalid parameter (TIM1Freq_Value)
2025-07-22 14:59:36,266 [INFO] ImportTextPane:234 - (OptionalMessage_ERROR) IP (RCC) : Invalid parameter (TIM20Freq_Value)
2025-07-22 14:59:36,266 [INFO] ImportTextPane:234 - (OptionalMessage_ERROR) IP (RCC) : Invalid parameter (TIM2Freq_Value)
2025-07-22 14:59:36,267 [INFO] ImportTextPane:234 - (OptionalMessage_ERROR) IP (RCC) : Invalid parameter (TIM3Freq_Value)
2025-07-22 14:59:36,267 [INFO] ImportTextPane:234 - (OptionalMessage_ERROR) IP (RCC) : Invalid parameter (TIM8Freq_Value)
2025-07-22 14:59:36,267 [INFO] ImportTextPane:234 - (OptionalMessage_ERROR) IP (RCC) : Invalid parameter (VCOI2SInputFreq_Value)
2025-07-22 14:59:36,267 [INFO] ImportTextPane:234 - (OptionalMessage_ERROR) IP (RCC) : Invalid parameter (VCOInputMFreq_Value)
2025-07-22 14:59:36,267 [INFO] ImportTextPane:234 - (OptionalMessage_ERROR) IP (RCC) : Invalid parameter (VCOOutput2Freq_Value)
2025-07-22 14:59:36,267 [INFO] ImportTextPane:234 - (OptionalMessage_ERROR) IP (RCC) : Invalid parameter (VcooutputI2S)
2025-07-22 14:59:36,959 [INFO] UtilMem:75 - End LoadConfig() Used Memory: 937743176 Bytes (1073741824)
2025-07-22 14:59:37,023 [WARN] ThirdParty:833 - waiting for thirdparty lock release [change project]
2025-07-22 14:59:37,024 [INFO] ThirdParty:835 - entering critical section [change project]
2025-07-22 14:59:37,024 [INFO] ThirdParty:1030 - CMSIS Pack Vendor :STMicroelectronics X-CUBE-PM33A1 1.0.0
2025-07-22 14:59:37,024 [INFO] ThirdParty:1030 - CMSIS Pack Vendor :STMicroelectronics USBPD 4.1
2025-07-22 14:59:37,024 [INFO] ThirdParty:1030 - CMSIS Pack Vendor :STMicroelectronics USB_HOST 2.0.0
2025-07-22 14:59:37,024 [INFO] ThirdParty:1030 - CMSIS Pack Vendor :STMicroelectronics FP-SNS-MOTENVWB1 1.4.0
2025-07-22 14:59:37,024 [INFO] ThirdParty:1030 - CMSIS Pack Vendor :STMicroelectronics X-CUBE-AZRTOS-F4 1.1.0
2025-07-22 14:59:37,024 [INFO] ThirdParty:1030 - CMSIS Pack Vendor :STMicroelectronics LIBJPEG 8.0.0
2025-07-22 14:59:37,024 [INFO] ThirdParty:1030 - CMSIS Pack Vendor :STMicroelectronics FP-ATR-ASTRA1 2.0.2
2025-07-22 14:59:37,024 [INFO] ThirdParty:1030 - CMSIS Pack Vendor :STMicroelectronics FP-ATR-ASTRA1 2.0.1
2025-07-22 14:59:37,024 [INFO] ThirdParty:1030 - CMSIS Pack Vendor :Avnet-IotConnect X-CUBE-IoTC-DA16k-PMOD 1.0.0
2025-07-22 14:59:37,024 [INFO] ThirdParty:1030 - CMSIS Pack Vendor :STMicroelectronics X-CUBE-SMBUS 2.1.0
2025-07-22 14:59:37,024 [INFO] ThirdParty:1030 - CMSIS Pack Vendor :STMicroelectronics X-CUBE-WB05N 1.1.0
2025-07-22 14:59:37,024 [INFO] ThirdParty:1030 - CMSIS Pack Vendor :STMicroelectronics X-CUBE-ISPU 2.1.0
2025-07-22 14:59:37,024 [INFO] ThirdParty:1030 - CMSIS Pack Vendor :STMicroelectronics X-CUBE-FREERTOS 1.2.0
2025-07-22 14:59:37,024 [INFO] ThirdParty:1030 - CMSIS Pack Vendor :STMicroelectronics X-CUBE-ST60 1.0.0
2025-07-22 14:59:37,024 [INFO] ThirdParty:1030 - CMSIS Pack Vendor :STMicroelectronics X-CUBE-NFC12 1.0.0
2025-07-22 14:59:37,024 [INFO] ThirdParty:1030 - CMSIS Pack Vendor :STMicroelectronics X-CUBE-AZRTOS-F7 1.1.0
2025-07-22 14:59:37,024 [INFO] ThirdParty:1030 - CMSIS Pack Vendor :STMicroelectronics X-CUBE-AZRTOS-L5 2.0.0
2025-07-22 14:59:37,024 [INFO] ThirdParty:1030 - CMSIS Pack Vendor :STMicroelectronics USB_DEVICE 2.0.0
2025-07-22 14:59:37,024 [INFO] ThirdParty:1030 - CMSIS Pack Vendor :STMicroelectronics X-CUBE-NFC6 3.1.0
2025-07-22 14:59:37,024 [INFO] ThirdParty:1030 - CMSIS Pack Vendor :STMicroelectronics X-CUBE-MEMS1 11.0.0
2025-07-22 14:59:37,024 [INFO] ThirdParty:1030 - CMSIS Pack Vendor :STMicroelectronics FreeRTOS 0.0.1
2025-07-22 14:59:37,024 [INFO] ThirdParty:1030 - CMSIS Pack Vendor :STMicroelectronics X-CUBE-DPower 1.2.0
2025-07-22 14:59:37,024 [INFO] ThirdParty:1030 - CMSIS Pack Vendor :STMicroelectronics FP-SNS-FLIGHT1 5.0.2
2025-07-22 14:59:37,024 [INFO] ThirdParty:1030 - CMSIS Pack Vendor :STMicroelectronics PDM2PCM 3.3.0
2025-07-22 14:59:37,024 [INFO] ThirdParty:1030 - CMSIS Pack Vendor :STMicroelectronics X-CUBE-AZRTOS-H7 3.4.0
2025-07-22 14:59:37,024 [INFO] ThirdParty:1030 - CMSIS Pack Vendor :STMicroelectronics X-CUBE-DISPLAY 3.0.0
2025-07-22 14:59:37,024 [INFO] ThirdParty:1030 - CMSIS Pack Vendor :STMicroelectronics X-CUBE-BLE1 7.0.0
2025-07-22 14:59:37,024 [INFO] ThirdParty:1030 - CMSIS Pack Vendor :STMicroelectronics X-CUBE-NFC10 1.0.0
2025-07-22 14:59:37,024 [INFO] ThirdParty:1030 - CMSIS Pack Vendor :STMicroelectronics X-CUBE-BLEMGR 4.0.0
2025-07-22 14:59:37,024 [INFO] ThirdParty:1030 - CMSIS Pack Vendor :STMicroelectronics X-CUBE-FREERTOS 1.3.1
2025-07-22 14:59:37,024 [INFO] ThirdParty:1030 - CMSIS Pack Vendor :STMicroelectronics HAL Drivers 0.0.0
2025-07-22 14:59:37,024 [INFO] ThirdParty:1030 - CMSIS Pack Vendor :emotas I-CUBE-CANOPEN 1.3.0
2025-07-22 14:59:37,024 [INFO] ThirdParty:1030 - CMSIS Pack Vendor :STMicroelectronics X-CUBE-FREERTOS 1.3.0
2025-07-22 14:59:37,024 [INFO] ThirdParty:1030 - CMSIS Pack Vendor :STMicroelectronics X-CUBE-NFC7 1.0.1
2025-07-22 14:59:37,024 [INFO] ThirdParty:1030 - CMSIS Pack Vendor :STMicroelectronics MBEDTLS 2.14.1
2025-07-22 14:59:37,024 [INFO] ThirdParty:1030 - CMSIS Pack Vendor :STMicroelectronics X-CUBE-BLEMGR 3.1.0
2025-07-22 14:59:37,024 [INFO] ThirdParty:1030 - CMSIS Pack Vendor :STMicroelectronics X-CUBE-AI 10.0.0
2025-07-22 14:59:37,024 [INFO] ThirdParty:1030 - CMSIS Pack Vendor :STMicroelectronics FP-SNS-STAIOTCFT 1.0.0
2025-07-22 14:59:37,024 [INFO] ThirdParty:1030 - CMSIS Pack Vendor :STMicroelectronics FP-SNS-SMARTAG2 1.2.0
2025-07-22 14:59:37,024 [INFO] ThirdParty:1030 - CMSIS Pack Vendor :STMicroelectronics FP-SNS-FLIGHT1 5.1.0
2025-07-22 14:59:37,024 [INFO] ThirdParty:1030 - CMSIS Pack Vendor :STMicroelectronics X-CUBE-MEMS1 11.1.0
2025-07-22 14:59:37,024 [INFO] ThirdParty:1030 - CMSIS Pack Vendor :STMicroelectronics X-CUBE-AZRTOS-WL 2.0.0
2025-07-22 14:59:37,024 [INFO] ThirdParty:1030 - CMSIS Pack Vendor :STMicroelectronics X-CUBE-DPower 1.3.0
2025-07-22 14:59:37,024 [INFO] ThirdParty:1030 - CMSIS Pack Vendor :STMicroelectronics FP-SNS-MOTENV1 5.0.0
2025-07-22 14:59:37,025 [INFO] ThirdParty:1030 - CMSIS Pack Vendor :STMicroelectronics USB_DEVICE 1.0.0
2025-07-22 14:59:37,025 [INFO] ThirdParty:1030 - CMSIS Pack Vendor :wolfSSL I-CUBE-wolfMQTT 1.19.0
2025-07-22 14:59:37,025 [INFO] ThirdParty:1030 - CMSIS Pack Vendor :STMicroelectronics X-CUBE-AZRTOS-L4 2.0.0
2025-07-22 14:59:37,025 [INFO] ThirdParty:1030 - CMSIS Pack Vendor :STMicroelectronics ThreadX 0.0.2
2025-07-22 14:59:37,025 [INFO] ThirdParty:1030 - CMSIS Pack Vendor :WES I-CUBE-Cesium 1.3.0
2025-07-22 14:59:37,025 [INFO] ThirdParty:1030 - CMSIS Pack Vendor :STMicroelectronics lwIP 2.1.2
2025-07-22 14:59:37,025 [INFO] ThirdParty:1030 - CMSIS Pack Vendor :STMicroelectronics X-CUBE-SFXS2LP1 4.0.0
2025-07-22 14:59:37,025 [INFO] ThirdParty:1030 - CMSIS Pack Vendor :STMicroelectronics X-CUBE-BLE2 3.3.0
2025-07-22 14:59:37,025 [INFO] ThirdParty:1030 - CMSIS Pack Vendor :STMicroelectronics PDM2PCM 3.2.0
2025-07-22 14:59:37,025 [INFO] ThirdParty:1030 - CMSIS Pack Vendor :STMicroelectronics X-CUBE-AZRTOS-H7 3.3.0
2025-07-22 14:59:37,025 [INFO] ThirdParty:1030 - CMSIS Pack Vendor :STMicroelectronics X-CUBE-NFC9 1.0.0
2025-07-22 14:59:37,025 [INFO] ThirdParty:1030 - CMSIS Pack Vendor :STMicroelectronics X-CUBE-BLE1 7.1.0
2025-07-22 14:59:37,025 [INFO] ThirdParty:1030 - CMSIS Pack Vendor :STMicroelectronics USB_DEVICE 3.0.0
2025-07-22 14:59:37,025 [INFO] ThirdParty:1030 - CMSIS Pack Vendor :STMicroelectronics X-CUBE-TCPP 4.1.0
2025-07-22 14:59:37,025 [INFO] ThirdParty:1030 - CMSIS Pack Vendor :STMicroelectronics X-CUBE-EEPRMA1 5.2.0
2025-07-22 14:59:37,025 [INFO] ThirdParty:1030 - CMSIS Pack Vendor :STMicroelectronics X-CUBE-BLEMGR 4.1.0
2025-07-22 14:59:37,025 [INFO] ThirdParty:1030 - CMSIS Pack Vendor :STMicroelectronics X-CUBE-IPS 3.0.0
2025-07-22 14:59:37,025 [INFO] ThirdParty:1030 - CMSIS Pack Vendor :STMicroelectronics X-CUBE-AZRTOS-WB 2.0.0
2025-07-22 14:59:37,025 [INFO] ThirdParty:1030 - CMSIS Pack Vendor :STMicroelectronics X-CUBE-GNSS1 7.0.0
2025-07-22 14:59:37,025 [INFO] ThirdParty:1030 - CMSIS Pack Vendor :STMicroelectronics X-CUBE-GNSS1 7.0.1
2025-07-22 14:59:37,025 [INFO] ThirdParty:1030 - CMSIS Pack Vendor :STMicroelectronics X-CUBE-TOUCHGFX 4.25.0
2025-07-22 14:59:37,025 [INFO] ThirdParty:1030 - CMSIS Pack Vendor :STMicroelectronics X-CUBE-AI 10.1.0
2025-07-22 14:59:37,025 [INFO] ThirdParty:1030 - CMSIS Pack Vendor :STMicroelectronics FP-SNS-STBOX1 2.0.0
2025-07-22 14:59:37,025 [INFO] ThirdParty:1030 - CMSIS Pack Vendor :STMicroelectronics X-CUBE-MEMS1 11.2.0
2025-07-22 14:59:37,025 [INFO] ThirdParty:1030 - CMSIS Pack Vendor :STMicroelectronics X-CUBE-AZRTOS-G0 1.1.0
2025-07-22 14:59:37,025 [INFO] ThirdParty:1030 - CMSIS Pack Vendor :STMicroelectronics X-CUBE-SAFEA1 1.2.2
2025-07-22 14:59:37,025 [INFO] ThirdParty:1030 - CMSIS Pack Vendor :STMicroelectronics X-CUBE-NFC4 3.0.0
2025-07-22 14:59:37,025 [INFO] ThirdParty:1030 - CMSIS Pack Vendor :STMicroelectronics X-CUBE-SUBG2 5.0.0
2025-07-22 14:59:37,025 [INFO] ThirdParty:1030 - CMSIS Pack Vendor :STMicroelectronics X-CUBE-AZRTOS-H7RS 1.1.0
2025-07-22 14:59:37,025 [INFO] ThirdParty:1030 - CMSIS Pack Vendor :STMicroelectronics STM32_WPAN 1.0.0
2025-07-22 14:59:37,025 [INFO] ThirdParty:1030 - CMSIS Pack Vendor :EmbeddedOffice I-CUBE-FS-RTOS 1.0.1
2025-07-22 14:59:37,025 [INFO] ThirdParty:1030 - CMSIS Pack Vendor :STMicroelectronics lwIP 2.0.3
2025-07-22 14:59:37,025 [INFO] ThirdParty:1030 - CMSIS Pack Vendor :Cesanta I-CUBE-Mongoose 7.13.0
2025-07-22 14:59:37,025 [INFO] ThirdParty:1030 - CMSIS Pack Vendor :STMicroelectronics USB_HOST 1.0.0
2025-07-22 14:59:37,025 [INFO] ThirdParty:1030 - CMSIS Pack Vendor :STMicroelectronics X-CUBE-AZRTOS-G4 2.0.0
2025-07-22 14:59:37,025 [INFO] ThirdParty:1030 - CMSIS Pack Vendor :STMicroelectronics X-CUBE-WB05N 2.0.0
2025-07-22 14:59:37,025 [INFO] ThirdParty:1030 - CMSIS Pack Vendor :STMicroelectronics PDM2PCM 3.1.0
2025-07-22 14:59:37,025 [INFO] ThirdParty:1030 - CMSIS Pack Vendor :STMicroelectronics X-CUBE-NFC7 2.0.0
2025-07-22 14:59:37,025 [INFO] ThirdParty:1030 - CMSIS Pack Vendor :STMicroelectronics X-CUBE-TCPP 4.2.0
2025-07-22 14:59:37,025 [INFO] ThirdParty:1030 - CMSIS Pack Vendor :RealThread X-CUBE-RT-Thread_Nano 4.1.1
2025-07-22 14:59:37,025 [INFO] ThirdParty:1030 - CMSIS Pack Vendor :STMicroelectronics FP-ATR-SIGFOX1 3.2.0
2025-07-22 14:59:37,025 [INFO] ThirdParty:1030 - CMSIS Pack Vendor :quantropi X-CUBE-qispace-sdk-base 1.9.3
2025-07-22 14:59:37,025 [INFO] ThirdParty:1030 - CMSIS Pack Vendor :STMicroelectronics X-CUBE-EEPRMA1 5.1.0
2025-07-22 14:59:37,025 [INFO] ThirdParty:1030 - CMSIS Pack Vendor :STMicroelectronics MBEDTLS 2.16.2
2025-07-22 14:59:37,025 [INFO] ThirdParty:1030 - CMSIS Pack Vendor :STMicroelectronics X-CUBE-IPS 3.1.0
2025-07-22 14:59:37,025 [INFO] ThirdParty:1030 - CMSIS Pack Vendor :STMicroelectronics X-CUBE-ALS 1.0.2
2025-07-22 14:59:37,025 [INFO] ThirdParty:1030 - CMSIS Pack Vendor :wolfSSL I-CUBE-wolfSSL 5.7.4
2025-07-22 14:59:37,025 [INFO] ThirdParty:1030 - CMSIS Pack Vendor :ITTIA_DB I-CUBE-ITTIADB 8.9.0
2025-07-22 14:59:37,025 [INFO] ThirdParty:1030 - CMSIS Pack Vendor :STMicroelectronics X-CUBE-TOUCHGFX 4.24.2
2025-07-22 14:59:37,025 [INFO] ThirdParty:1030 - CMSIS Pack Vendor :STMicroelectronics X-CUBE-TOUCHGFX 4.24.1
2025-07-22 14:59:37,025 [INFO] ThirdParty:1030 - CMSIS Pack Vendor :wolfSSL I-CUBE-wolfTPM 3.4.0
2025-07-22 14:59:37,025 [INFO] ThirdParty:1030 - CMSIS Pack Vendor :portGmbH I-Cube-SoM-uGOAL 1.1.0
2025-07-22 14:59:37,025 [INFO] ThirdParty:1030 - CMSIS Pack Vendor :STMicroelectronics X-CUBE-ST67W61 1.0.0
2025-07-22 14:59:37,025 [INFO] ThirdParty:1030 - CMSIS Pack Vendor :STMicroelectronics ThreadX 1.0.0
2025-07-22 14:59:37,025 [INFO] ThirdParty:1030 - CMSIS Pack Vendor :SEGGER I-CUBE-embOS 1.3.1
2025-07-22 14:59:37,025 [INFO] ThirdParty:1030 - CMSIS Pack Vendor :STMicroelectronics X-CUBE-ALGOBUILD 1.4.0
2025-07-22 14:59:37,025 [INFO] ThirdParty:1030 - CMSIS Pack Vendor :STMicroelectronics X-CUBE-MEMS1 11.3.0
2025-07-22 14:59:37,025 [INFO] ThirdParty:1030 - CMSIS Pack Vendor :STMicroelectronics X-CUBE-AZRTOS-H7RS 1.0.0
2025-07-22 14:59:37,025 [INFO] ThirdParty:1030 - CMSIS Pack Vendor :STMicroelectronics FP-ATR-ASTRA1 2.0.0
2025-07-22 14:59:37,025 [INFO] ThirdParty:1030 - CMSIS Pack Vendor :STMicroelectronics X-CUBE-TOF1 3.4.2
2025-07-22 14:59:37,025 [INFO] ThirdParty:1030 - CMSIS Pack Vendor :STMicroelectronics X-CUBE-TOF1 3.4.3
2025-07-22 14:59:37,025 [INFO] ThirdParty:1030 - CMSIS Pack Vendor :STMicroelectronics X-CUBE-AI 9.1.0
2025-07-22 14:59:37,025 [INFO] ThirdParty:1030 - CMSIS Pack Vendor :Infineon AIROC-Wi-Fi-Bluetooth-STM32 1.6.1
2025-07-22 14:59:37,025 [INFO] ThirdParty:1030 - CMSIS Pack Vendor :wolfSSL I-CUBE-wolfSSH 1.4.17
2025-07-22 14:59:37,026 [INFO] ThirdParty:841 - exiting critical section [change project]
2025-07-22 14:59:37,581 [INFO] PinOutPanel:1589 - setPackage(No Configuration,No Configuration)
2025-07-22 14:59:37,582 [INFO] PinOutPanel:1589 - setPackage(STM32F722ZETx,LQFP144)
2025-07-22 14:59:38,475 [INFO] UtilMem:75 - Before build in PCC Used Memory: 909682480 Bytes (1073741824)
2025-07-22 14:59:38,981 [INFO] UtilMem:75 - After build in PCC Used Memory: 961068864 Bytes (1073741824)
2025-07-22 14:59:39,010 [INFO] IPUIPlugin:80 - create IPUIPlugin
2025-07-22 14:59:39,010 [INFO] IPUIPlugin:80 - create IPUIPlugin
2025-07-22 14:59:39,010 [INFO] IPUIPlugin:80 - create IPUIPlugin
2025-07-22 14:59:39,010 [INFO] IPUIPlugin:80 - create IPUIPlugin
2025-07-22 14:59:39,010 [INFO] IPUIPlugin:80 - create IPUIPlugin
2025-07-22 14:59:39,011 [INFO] IPUIPlugin:80 - create IPUIPlugin
2025-07-22 14:59:39,011 [INFO] IPUIPlugin:80 - create IPUIPlugin
2025-07-22 14:59:39,012 [INFO] IPUIPlugin:80 - create IPUIPlugin
2025-07-22 14:59:39,012 [INFO] IPUIPlugin:80 - create IPUIPlugin
2025-07-22 14:59:39,012 [INFO] IPUIPlugin:80 - create IPUIPlugin
2025-07-22 14:59:39,012 [INFO] IPUIPlugin:80 - create IPUIPlugin
2025-07-22 14:59:39,012 [INFO] IPUIPlugin:80 - create IPUIPlugin
2025-07-22 14:59:39,012 [INFO] IPUIPlugin:80 - create IPUIPlugin
2025-07-22 14:59:39,012 [INFO] IPUIPlugin:80 - create IPUIPlugin
2025-07-22 14:59:39,012 [INFO] IPUIPlugin:80 - create IPUIPlugin
2025-07-22 14:59:39,012 [INFO] IPUIPlugin:80 - create IPUIPlugin
2025-07-22 14:59:39,012 [INFO] IPUIPlugin:80 - create IPUIPlugin
2025-07-22 14:59:39,012 [INFO] IPUIPlugin:80 - create IPUIPlugin
2025-07-22 14:59:39,012 [INFO] IPUIPlugin:80 - create IPUIPlugin
2025-07-22 14:59:39,013 [INFO] IPUIPlugin:80 - create IPUIPlugin
2025-07-22 14:59:39,013 [INFO] IPUIPlugin:80 - create IPUIPlugin
2025-07-22 14:59:39,013 [INFO] IPUIPlugin:80 - create IPUIPlugin
2025-07-22 14:59:39,013 [INFO] IPUIPlugin:80 - create IPUIPlugin
2025-07-22 14:59:39,013 [INFO] IPUIPlugin:80 - create IPUIPlugin
2025-07-22 14:59:39,013 [INFO] IPUIPlugin:80 - create IPUIPlugin
2025-07-22 14:59:39,013 [INFO] IPUIPlugin:80 - create IPUIPlugin
2025-07-22 14:59:39,014 [INFO] IPUIPlugin:80 - create IPUIPlugin
2025-07-22 14:59:39,014 [INFO] IPUIPlugin:80 - create IPUIPlugin
2025-07-22 14:59:39,014 [INFO] IPUIPlugin:80 - create IPUIPlugin
2025-07-22 14:59:39,014 [INFO] IPUIPlugin:80 - create IPUIPlugin
2025-07-22 14:59:39,014 [INFO] IPUIPlugin:80 - create IPUIPlugin
2025-07-22 14:59:39,014 [INFO] IPUIPlugin:80 - create IPUIPlugin
2025-07-22 14:59:39,014 [INFO] IPUIPlugin:80 - create IPUIPlugin
2025-07-22 14:59:39,014 [INFO] IPUIPlugin:80 - create IPUIPlugin
2025-07-22 14:59:39,015 [INFO] IPUIPlugin:80 - create IPUIPlugin
2025-07-22 14:59:39,015 [INFO] IPUIPlugin:80 - create IPUIPlugin
2025-07-22 14:59:39,015 [INFO] IPUIPlugin:80 - create IPUIPlugin
2025-07-22 14:59:39,031 [INFO] IPUIPlugin:80 - create IPUIPlugin
2025-07-22 14:59:39,031 [INFO] IPUIPlugin:80 - create IPUIPlugin
2025-07-22 14:59:39,031 [INFO] IPUIPlugin:80 - create IPUIPlugin
2025-07-22 14:59:39,032 [INFO] IPUIPlugin:80 - create IPUIPlugin
2025-07-22 14:59:39,032 [INFO] IPUIPlugin:80 - create IPUIPlugin
2025-07-22 14:59:39,032 [INFO] IPUIPlugin:80 - create IPUIPlugin
2025-07-22 14:59:39,032 [INFO] IPUIPlugin:80 - create IPUIPlugin
2025-07-22 14:59:39,032 [INFO] IPUIPlugin:80 - create IPUIPlugin
2025-07-22 14:59:39,032 [INFO] IPUIPlugin:80 - create IPUIPlugin
2025-07-22 14:59:39,033 [INFO] IPUIPlugin:80 - create IPUIPlugin
2025-07-22 14:59:39,033 [INFO] IPUIPlugin:80 - create IPUIPlugin
2025-07-22 14:59:39,033 [INFO] IPUIPlugin:80 - create IPUIPlugin
2025-07-22 14:59:39,033 [INFO] IPUIPlugin:80 - create IPUIPlugin
2025-07-22 14:59:39,033 [INFO] IPUIPlugin:80 - create IPUIPlugin
2025-07-22 14:59:39,033 [INFO] IPUIPlugin:80 - create IPUIPlugin
2025-07-22 14:59:39,034 [INFO] IPUIPlugin:80 - create IPUIPlugin
2025-07-22 14:59:39,034 [INFO] IPUIPlugin:80 - create IPUIPlugin
2025-07-22 14:59:39,034 [INFO] IPUIPlugin:80 - create IPUIPlugin
2025-07-22 14:59:39,035 [INFO] IPUIPlugin:80 - create IPUIPlugin
2025-07-22 14:59:39,035 [INFO] IPUIPlugin:80 - create IPUIPlugin
2025-07-22 14:59:39,035 [INFO] IPUIPlugin:80 - create IPUIPlugin
2025-07-22 14:59:39,035 [INFO] IPUIPlugin:80 - create IPUIPlugin
2025-07-22 14:59:39,036 [INFO] IPUIPlugin:80 - create IPUIPlugin
2025-07-22 14:59:39,036 [INFO] IPUIPlugin:80 - create IPUIPlugin
2025-07-22 14:59:39,036 [INFO] IPUIPlugin:80 - create IPUIPlugin
2025-07-22 14:59:39,037 [INFO] IPUIPlugin:80 - create IPUIPlugin
2025-07-22 14:59:39,037 [INFO] IPUIPlugin:80 - create IPUIPlugin
2025-07-22 14:59:39,037 [INFO] IPUIPlugin:80 - create IPUIPlugin
2025-07-22 14:59:39,050 [INFO] ApiDbMcu:532 - Load IP Config File for PDM2PCM
2025-07-22 14:59:39,133 [INFO] CADModel:165 - CPN selected for project levelSTM32F722ZET6
2025-07-22 14:59:39,133 [INFO] CADModel:114 - Register for checkConnection events
2025-07-22 14:59:39,240 [INFO] OpenFileManager:386 - Restore cursor
2025-07-22 14:59:40,701 [INFO] UtilMem:75 - End SaveConfig() Used Memory: 812824312 Bytes (1073741824)
2025-07-22 14:59:40,870 [INFO] UtilMem:75 - End SaveConfig() Used Memory: 842861888 Bytes (1073741824)
2025-07-22 14:59:41,549 [INFO] BlockDiagram:2775 - set Specific Code input for plugin: SYS
2025-07-22 14:59:41,549 [INFO] BlockDiagram:2775 - set Specific Code input for plugin: RCC
2025-07-22 14:59:41,549 [INFO] BlockDiagram:2775 - set Specific Code input for plugin: USB_OTG_FS
2025-07-22 14:59:41,549 [INFO] BlockDiagram:2775 - set Specific Code input for plugin: NVIC
2025-07-22 14:59:41,549 [INFO] BlockDiagram:2775 - set Specific Code input for plugin: USART
2025-07-22 14:59:41,549 [INFO] BlockDiagram:2775 - set Specific Code input for plugin: GPIO
2025-07-22 14:59:41,551 [INFO] CodeGenerator:892 - code generatio: config db path: C:\ST\STM32CubeIDE_1.16.1\STM32CubeIDE\plugins\com.st.stm32cube.common.mx_6.15.0.202507011659\\db\
2025-07-22 14:59:41,673 [INFO] CodeEngine:265 - oldGeneratedFile, C:\Users\Chinnapop\STM32CubeIDE\workspace\fss emulator\MXTmpFiles\license.tmp_save
2025-07-22 14:59:41,979 [INFO] CodeEngine:289 - Generated code: C:\Users\Chinnapop\STM32CubeIDE\workspace\fss emulator\MXTmpFiles\license.tmp
2025-07-22 14:59:42,051 [INFO] CodeEngine:265 - oldGeneratedFile, C:\Users\Chinnapop\STM32CubeIDE\workspace\fss emulator\MXTmpFiles\gpio.tmp_save
2025-07-22 14:59:42,247 [INFO] CodeEngine:289 - Generated code: C:\Users\Chinnapop\STM32CubeIDE\workspace\fss emulator\MXTmpFiles\gpio.tmp
2025-07-22 14:59:42,451 [WARN] IPConfigManager:3238 - Warning: the RefConfig PWREx_EnableUSBVoltageDetector is not available in your config.xml file
2025-07-22 14:59:42,467 [INFO] CodeEngine:265 - oldGeneratedFile, C:\Users\Chinnapop\STM32CubeIDE\workspace\fss emulator\MXTmpFiles\cortex.tmp_save
2025-07-22 14:59:42,604 [INFO] CodeEngine:289 - Generated code: C:\Users\Chinnapop\STM32CubeIDE\workspace\fss emulator\MXTmpFiles\cortex.tmp
2025-07-22 14:59:42,629 [INFO] CodeEngine:265 - oldGeneratedFile, C:\Users\Chinnapop\STM32CubeIDE\workspace\fss emulator\Core\Src\stm32f7xx_it.c_save
2025-07-22 14:59:43,086 [INFO] CodeEngine:289 - Generated code: C:\Users\Chinnapop\STM32CubeIDE\workspace\fss emulator\Core\Src\stm32f7xx_it.c
2025-07-22 14:59:43,098 [INFO] CodeEngine:265 - oldGeneratedFile, C:\Users\Chinnapop\STM32CubeIDE\workspace\fss emulator\Core\Inc\stm32f7xx_it.h_save
2025-07-22 14:59:43,184 [INFO] CodeEngine:289 - Generated code: C:\Users\Chinnapop\STM32CubeIDE\workspace\fss emulator\Core\Inc\stm32f7xx_it.h
2025-07-22 14:59:43,208 [INFO] CodeEngine:265 - oldGeneratedFile, C:\Users\Chinnapop\STM32CubeIDE\workspace\fss emulator\Core\Src\stm32f7xx_hal_msp.c_save
2025-07-22 14:59:43,360 [INFO] CodeEngine:289 - Generated code: C:\Users\Chinnapop\STM32CubeIDE\workspace\fss emulator\Core\Src\stm32f7xx_hal_msp.c
2025-07-22 14:59:43,368 [INFO] CodeEngine:265 - oldGeneratedFile, C:\Users\Chinnapop\STM32CubeIDE\workspace\fss emulator\MXTmpFiles\system.tmp_save
2025-07-22 14:59:43,444 [INFO] CodeEngine:289 - Generated code: C:\Users\Chinnapop\STM32CubeIDE\workspace\fss emulator\MXTmpFiles\system.tmp
2025-07-22 14:59:43,466 [INFO] CodeEngine:321 - oldGeneratedFile, C:\Users\Chinnapop\STM32CubeIDE\workspace\fss emulator\Core\Inc\stm32f7xx_hal_conf.h_save
2025-07-22 14:59:43,554 [INFO] CodeEngine:345 - Generated code: C:\Users\Chinnapop\STM32CubeIDE\workspace\fss emulator\Core\Inc\stm32f7xx_hal_conf.h
2025-07-22 14:59:43,588 [INFO] ApiDbMcu:532 - Load IP Config File for USART3
2025-07-22 14:59:43,591 [INFO] ApiDbMcu:532 - Load IP Config File for USB_OTG_FS
2025-07-22 14:59:43,595 [INFO] ApiDbMcu:532 - Load IP Config File for RCC
2025-07-22 14:59:43,596 [WARN] IPConfigManager:3811 - IP not found : USB_OTG
2025-07-22 14:59:43,597 [WARN] CodeGenerator:4259 - IP not found : null
2025-07-22 14:59:43,607 [INFO] CodeEngine:265 - oldGeneratedFile, C:\Users\Chinnapop\STM32CubeIDE\workspace\fss emulator\Core\Inc\main.h_save
2025-07-22 14:59:43,747 [INFO] CodeEngine:289 - Generated code: C:\Users\Chinnapop\STM32CubeIDE\workspace\fss emulator\Core\Inc\main.h
2025-07-22 14:59:43,760 [INFO] CodeEngine:265 - oldGeneratedFile, C:\Users\Chinnapop\STM32CubeIDE\workspace\fss emulator\Core\Src\main.c_save
2025-07-22 14:59:43,879 [INFO] CodeEngine:289 - Generated code: C:\Users\Chinnapop\STM32CubeIDE\workspace\fss emulator\Core\Src\main.c
2025-07-22 14:59:44,440 [INFO] ProjectBuilder:3606 - Time for Copy HAL[1] : 431mS.
2025-07-22 14:59:44,456 [INFO] ProjectBuilder:5216 - Project Generator version: 4.7.0-B52
2025-07-22 14:59:44,565 [INFO] ConfigFileManager:1595 - The Die is : DIE452
2025-07-22 14:59:44,570 [INFO] ApiDbMcu:532 - Load IP Config File for FATFS
2025-07-22 14:59:44,575 [INFO] ApiDbMcu:532 - Load IP Config File for FREERTOS
2025-07-22 14:59:44,579 [INFO] ApiDbMcu:532 - Load IP Config File for LIBJPEG
2025-07-22 14:59:44,584 [INFO] ApiDbMcu:532 - Load IP Config File for MBEDTLS
2025-07-22 14:59:44,591 [INFO] ApiDbMcu:532 - Load IP Config File for USB_DEVICE
2025-07-22 14:59:44,597 [INFO] ApiDbMcu:532 - Load IP Config File for USB_HOST
2025-07-22 14:59:50,073 [INFO] ProjectBuilder:5496 - Time for Generating toolchain IDE Files: 5617mS.
2025-07-22 14:59:50,075 [INFO] ProjectBuilder:3463 - Time for Copy CMSIS : 1mS.
2025-07-22 14:59:50,081 [INFO] ProjectBuilder:3463 - Time for Copy CMSIS : 0mS.
2025-07-22 14:59:51,111 [INFO] McuFinderGlobals:76 - Set McuFinderConnectedMode to true
2025-07-22 14:59:51,116 [INFO] ApiDb:448 - Save user favorites file C:\Users\Chinnapop/.stm32cubeide/favorites.mcus.txt: 0 item(s)
2025-07-22 14:59:51,116 [INFO] ApiDb:452 - User favorites MCUs=[]
2025-07-22 14:59:51,120 [INFO] ApiDb:448 - Save user favorites file C:\Users\Chinnapop/.stm32cubeide/favorites.boards.txt: 0 item(s)
2025-07-22 14:59:51,120 [INFO] ApiDb:452 - User favorites Boards=[]
2025-07-22 15:01:37,794 [INFO] UtilMem:75 - End SaveConfig() Used Memory: 826276408 Bytes (1073741824)
2025-07-22 15:01:38,725 [INFO] BlockDiagram:2775 - set Specific Code input for plugin: SYS
2025-07-22 15:01:38,725 [INFO] BlockDiagram:2775 - set Specific Code input for plugin: RCC
2025-07-22 15:01:38,725 [INFO] BlockDiagram:2775 - set Specific Code input for plugin: USB_OTG_FS
2025-07-22 15:01:38,725 [INFO] BlockDiagram:2775 - set Specific Code input for plugin: NVIC
2025-07-22 15:01:38,725 [INFO] BlockDiagram:2775 - set Specific Code input for plugin: USART
2025-07-22 15:01:38,726 [INFO] BlockDiagram:2775 - set Specific Code input for plugin: GPIO
2025-07-22 15:01:38,728 [INFO] CodeGenerator:892 - code generatio: config db path: C:\ST\STM32CubeIDE_1.16.1\STM32CubeIDE\plugins\com.st.stm32cube.common.mx_6.15.0.202507011659\\db\
2025-07-22 15:01:39,184 [INFO] CodeEngine:265 - oldGeneratedFile, C:\Users\Chinnapop\STM32CubeIDE\workspace\fss emulator\MXTmpFiles\license.tmp_save
2025-07-22 15:01:39,380 [INFO] CodeEngine:289 - Generated code: C:\Users\Chinnapop\STM32CubeIDE\workspace\fss emulator\MXTmpFiles\license.tmp
2025-07-22 15:01:39,486 [INFO] CodeEngine:265 - oldGeneratedFile, C:\Users\Chinnapop\STM32CubeIDE\workspace\fss emulator\MXTmpFiles\gpio.tmp_save
2025-07-22 15:01:39,630 [INFO] CodeEngine:289 - Generated code: C:\Users\Chinnapop\STM32CubeIDE\workspace\fss emulator\MXTmpFiles\gpio.tmp
2025-07-22 15:01:39,932 [WARN] IPConfigManager:3238 - Warning: the RefConfig PWREx_EnableUSBVoltageDetector is not available in your config.xml file
2025-07-22 15:01:39,950 [INFO] CodeEngine:265 - oldGeneratedFile, C:\Users\Chinnapop\STM32CubeIDE\workspace\fss emulator\MXTmpFiles\cortex.tmp_save
2025-07-22 15:01:40,050 [INFO] CodeEngine:289 - Generated code: C:\Users\Chinnapop\STM32CubeIDE\workspace\fss emulator\MXTmpFiles\cortex.tmp
2025-07-22 15:01:40,074 [INFO] CodeEngine:265 - oldGeneratedFile, C:\Users\Chinnapop\STM32CubeIDE\workspace\fss emulator\Core\Src\stm32f7xx_it.c_save
2025-07-22 15:01:40,201 [INFO] CodeEngine:289 - Generated code: C:\Users\Chinnapop\STM32CubeIDE\workspace\fss emulator\Core\Src\stm32f7xx_it.c
2025-07-22 15:01:40,217 [INFO] CodeEngine:265 - oldGeneratedFile, C:\Users\Chinnapop\STM32CubeIDE\workspace\fss emulator\Core\Inc\stm32f7xx_it.h_save
2025-07-22 15:01:40,324 [INFO] CodeEngine:289 - Generated code: C:\Users\Chinnapop\STM32CubeIDE\workspace\fss emulator\Core\Inc\stm32f7xx_it.h
2025-07-22 15:01:40,347 [INFO] CodeEngine:265 - oldGeneratedFile, C:\Users\Chinnapop\STM32CubeIDE\workspace\fss emulator\Core\Src\stm32f7xx_hal_msp.c_save
2025-07-22 15:01:40,501 [INFO] CodeEngine:289 - Generated code: C:\Users\Chinnapop\STM32CubeIDE\workspace\fss emulator\Core\Src\stm32f7xx_hal_msp.c
2025-07-22 15:01:40,511 [INFO] CodeEngine:265 - oldGeneratedFile, C:\Users\Chinnapop\STM32CubeIDE\workspace\fss emulator\MXTmpFiles\system.tmp_save
2025-07-22 15:01:40,611 [INFO] CodeEngine:289 - Generated code: C:\Users\Chinnapop\STM32CubeIDE\workspace\fss emulator\MXTmpFiles\system.tmp
2025-07-22 15:01:40,642 [INFO] CodeEngine:321 - oldGeneratedFile, C:\Users\Chinnapop\STM32CubeIDE\workspace\fss emulator\Core\Inc\stm32f7xx_hal_conf.h_save
2025-07-22 15:01:40,770 [INFO] CodeEngine:345 - Generated code: C:\Users\Chinnapop\STM32CubeIDE\workspace\fss emulator\Core\Inc\stm32f7xx_hal_conf.h
2025-07-22 15:01:40,828 [WARN] IPConfigManager:3811 - IP not found : USB_OTG
2025-07-22 15:01:40,829 [WARN] CodeGenerator:4259 - IP not found : null
2025-07-22 15:01:40,843 [INFO] CodeEngine:265 - oldGeneratedFile, C:\Users\Chinnapop\STM32CubeIDE\workspace\fss emulator\Core\Inc\main.h_save
2025-07-22 15:01:40,949 [INFO] CodeEngine:289 - Generated code: C:\Users\Chinnapop\STM32CubeIDE\workspace\fss emulator\Core\Inc\main.h
2025-07-22 15:01:40,960 [INFO] CodeEngine:265 - oldGeneratedFile, C:\Users\Chinnapop\STM32CubeIDE\workspace\fss emulator\Core\Src\main.c_save
2025-07-22 15:01:41,110 [INFO] CodeEngine:289 - Generated code: C:\Users\Chinnapop\STM32CubeIDE\workspace\fss emulator\Core\Src\main.c
2025-07-22 15:01:41,617 [INFO] ProjectBuilder:3606 - Time for Copy HAL[1] : 343mS.
2025-07-22 15:01:41,626 [INFO] ProjectBuilder:5216 - Project Generator version: 4.7.0-B52
2025-07-22 15:01:41,737 [INFO] ConfigFileManager:1595 - The Die is : DIE452
2025-07-22 15:01:43,023 [INFO] ProjectBuilder:5496 - Time for Generating toolchain IDE Files: 1397mS.
2025-07-22 15:01:43,026 [INFO] ProjectBuilder:3463 - Time for Copy CMSIS : 2mS.
2025-07-22 15:01:43,031 [INFO] ProjectBuilder:3463 - Time for Copy CMSIS : 0mS.
2025-07-22 15:02:01,891 [INFO] MainUpdater:2872 - connection check result : 10
2025-07-22 15:02:01,891 [INFO] MainUpdater:2872 - connection check result : 10
2025-07-22 15:02:01,936 [INFO] MicroXplorer:468 - Change Database Path : 
2025-07-22 15:02:01,936 [INFO] MicroXplorer:498 - Change Database Version : DB.6.0.150
2025-07-22 15:02:02,080 [ERROR] ProjectManagerView:395 - 
java.lang.NullPointerException: Cannot invoke "javax.swing.JTextField.getText()" because the return value of "java.util.List.get(int)" is null
	at com.st.microxplorer.plugins.projectmanager.gui.ProjectChoiceTab$9.caretUpdate(ProjectChoiceTab.java:2706) ~[filemanager.jar:?]
	at javax.swing.text.JTextComponent.fireCaretUpdate(JTextComponent.java:408) ~[?:?]
	at javax.swing.text.JTextComponent$MutableCaretEvent.fire(JTextComponent.java:4484) ~[?:?]
	at javax.swing.text.JTextComponent$MutableCaretEvent.stateChanged(JTextComponent.java:4506) ~[?:?]
	at javax.swing.text.DefaultCaret.fireStateChanged(DefaultCaret.java:857) ~[?:?]
	at javax.swing.text.DefaultCaret.changeCaretPosition(DefaultCaret.java:1343) ~[?:?]
	at javax.swing.text.DefaultCaret.handleSetDot(DefaultCaret.java:1242) ~[?:?]
	at javax.swing.text.DefaultCaret.setDot(DefaultCaret.java:1223) ~[?:?]
	at javax.swing.text.DefaultCaret$Handler.insertUpdate(DefaultCaret.java:1819) ~[?:?]
	at javax.swing.text.AbstractDocument.fireInsertUpdate(AbstractDocument.java:227) ~[?:?]
	at javax.swing.text.AbstractDocument.handleInsertString(AbstractDocument.java:781) ~[?:?]
	at javax.swing.text.AbstractDocument.insertString(AbstractDocument.java:740) ~[?:?]
	at javax.swing.text.PlainDocument.insertString(PlainDocument.java:131) ~[?:?]
	at javax.swing.text.AbstractDocument.replace(AbstractDocument.java:699) ~[?:?]
	at javax.swing.text.JTextComponent.setText(JTextComponent.java:1725) ~[?:?]
	at com.st.microxplorer.plugins.projectmanager.gui.ProjectChoiceTab.createHeapStackFields(ProjectChoiceTab.java:993) ~[filemanager.jar:?]
	at com.st.microxplorer.plugins.projectmanager.gui.ProjectChoiceTab.buildLinkSettingsPanel(ProjectChoiceTab.java:3813) ~[filemanager.jar:?]
	at com.st.microxplorer.plugins.projectmanager.gui.ProjectChoiceTab.defineWindowsFields(ProjectChoiceTab.java:1987) ~[filemanager.jar:?]
	at com.st.microxplorer.plugins.projectmanager.gui.ProjectChoiceTab.updateSettings(ProjectChoiceTab.java:558) ~[filemanager.jar:?]
	at com.st.microxplorer.plugins.projectmanager.gui.ProjectSettingsPanel.UpdateDialog(ProjectSettingsPanel.java:247) ~[filemanager.jar:?]
	at com.st.microxplorer.plugins.projectmanager.ProjectManagerView.propertyChange(ProjectManagerView.java:392) ~[filemanager.jar:?]
	at java.beans.PropertyChangeSupport.fire(PropertyChangeSupport.java:343) ~[?:?]
	at java.beans.PropertyChangeSupport.firePropertyChange(PropertyChangeSupport.java:335) ~[?:?]
	at java.beans.PropertyChangeSupport.firePropertyChange(PropertyChangeSupport.java:268) ~[?:?]
	at com.st.microxplorer.util.MXPropertyChangeSupport.firePropertyChange(MXPropertyChangeSupport.java:54) ~[STM32CubeMX.jar:?]
	at com.st.microxplorer.mxsystem.MxSystem.closeConfig(MxSystem.java:899) ~[STM32CubeMX.jar:?]
	at com.st.microxplorer.maingui.MainPanel.closeConfig(MainPanel.java:792) ~[STM32CubeMX.jar:?]
	at com.st.microxplorer.plugins.filemanager.engine.OpenFileManager.loadConfigurationFile(OpenFileManager.java:288) ~[filemanager.jar:?]
	at com.st.microxplorer.plugins.filemanager.engine.MainFileManager.userLoadConfig(MainFileManager.java:364) ~[filemanager.jar:?]
	at com.st.microxplorer.plugins.filemanager.engine.MainFileManager.userLoadConfig(MainFileManager.java:342) ~[filemanager.jar:?]
	at com.st.microxplorer.plugins.filemanager.FileManagerView.getSpecificTask(FileManagerView.java:264) ~[filemanager.jar:?]
	at com.st.stm32cube.common.mx.editor.CubeMxEditor.getMxTabbedPaneInstance(CubeMxEditor.java:1198) ~[com.st.stm32cube.common.mx_6.15.0.202507011659/:?]
	at com.st.stm32cube.common.mx.editor.CubeMxEditor$12$1.createSwingComponent(CubeMxEditor.java:1068) ~[com.st.stm32cube.common.mx_6.15.0.202507011659/:?]
	at com.st.stm32cube.common.mx.oss.core.awtswtbridge.EmbeddedSwingComposite.doComponentCreation(EmbeddedSwingComposite.java:492) ~[com.st.stm32cube.common.mx.oss_6.15.0.202507011659/:?]
	at com.st.stm32cube.common.mx.oss.core.awtswtbridge.EmbeddedSwingComposite$4.run(EmbeddedSwingComposite.java:291) ~[com.st.stm32cube.common.mx.oss_6.15.0.202507011659/:?]
	at com.st.stm32cube.common.mx.oss.core.awtswtbridge.AwtEnvironment$2.run(AwtEnvironment.java:166) ~[com.st.stm32cube.common.mx.oss_6.15.0.202507011659/:?]
	at java.awt.event.InvocationEvent.dispatch(InvocationEvent.java:318) ~[?:?]
	at java.awt.EventQueue.dispatchEventImpl(EventQueue.java:773) ~[?:?]
	at java.awt.EventQueue$4.run(EventQueue.java:720) ~[?:?]
	at java.awt.EventQueue$4.run(EventQueue.java:714) ~[?:?]
	at java.security.AccessController.doPrivileged(AccessController.java:400) ~[?:?]
	at java.security.ProtectionDomain$JavaSecurityAccessImpl.doIntersectionPrivilege(ProtectionDomain.java:87) ~[?:?]
	at java.awt.EventQueue.dispatchEvent(EventQueue.java:742) ~[?:?]
	at java.awt.EventDispatchThread.pumpOneEventForFilters(EventDispatchThread.java:203) ~[?:?]
	at java.awt.EventDispatchThread.pumpEventsForFilter(EventDispatchThread.java:124) ~[?:?]
	at java.awt.EventDispatchThread.pumpEventsForHierarchy(EventDispatchThread.java:113) ~[?:?]
	at java.awt.EventDispatchThread.pumpEvents(EventDispatchThread.java:109) ~[?:?]
	at java.awt.EventDispatchThread.pumpEvents(EventDispatchThread.java:101) ~[?:?]
	at java.awt.EventDispatchThread.run(EventDispatchThread.java:90) ~[?:?]
2025-07-22 15:02:02,088 [WARN] ThirdParty:871 - waiting for thirdparty lock release [close project]
2025-07-22 15:02:02,088 [INFO] ThirdParty:873 - entering critical section [close project]
2025-07-22 15:02:02,089 [INFO] ThirdParty:883 - exiting critical section [close project]
2025-07-22 15:02:02,100 [INFO] PinOutPanel:1589 - setPackage(No Configuration,No Configuration)
2025-07-22 15:02:02,160 [WARN] IpParametersView:155 - Warning: This peripheral hasn't parameters
2025-07-22 15:02:02,182 [WARN] MainPanel:289 - <html><b><center>Warning: This peripheral has no parameters to be configured<br></b></html>
2025-07-22 15:02:02,193 [INFO] UtilMem:75 - Begin LoadConfig() Used Memory: 750202952 Bytes (1073741824)
2025-07-22 15:02:02,195 [INFO] MicroXplorer:468 - Change Database Path : 
2025-07-22 15:02:02,195 [INFO] MicroXplorer:498 - Change Database Version : DB.6.0.150
2025-07-22 15:02:02,196 [INFO] OpenFileManager:355 - Change cursor
2025-07-22 15:02:02,218 [INFO] RulesReader:64 - Compatibility file has been processed (317 Rules)
2025-07-22 15:02:02,223 [INFO] Mcu:2029 - Initializing MCU STM32F722Z(C-E)Tx STM32F722ZETx STM32F722ZET6
2025-07-22 15:02:04,724 [INFO] Context:786 - Trying to add GPIOservice into a context  which must be forbidden
2025-07-22 15:02:05,554 [INFO] ImportTextPane:234 - (OptionalMessage_ERROR) Pin8 (VP_RIF_VS_RIF1) cannot be retrieved for this MCU
2025-07-22 15:02:05,864 [INFO] RtosManager:558 - Registered RTOS mode: class=CMSIS, group=RTOS, mode=CMSIS_V1, owner=FREERTOS
2025-07-22 15:02:05,865 [INFO] RtosManager:558 - Registered RTOS mode: class=CMSIS, group=RTOS2, mode=CMSIS_V2, owner=FREERTOS
2025-07-22 15:02:05,865 [INFO] RtosManager:558 - Registered RTOS mode: class=RTOS, group=Core, mode=CMSIS_V1, owner=FREERTOS
2025-07-22 15:02:05,865 [INFO] RtosManager:558 - Registered RTOS mode: class=RTOS, group=Core, mode=CMSIS_V2, owner=FREERTOS
2025-07-22 15:02:05,865 [WARN] ModelIntegratedComponent:184 - Missing modes for component STMicroelectronics:FreeRTOS:0.0.1:STMicroelectronics:RTOS:FreeRTOS:Core:::10.2.0:
2025-07-22 15:02:05,870 [WARN] ModelIntegratedComponent:63 - No mode defined for component null
2025-07-22 15:02:05,870 [WARN] ModelIntegratedComponent:63 - No mode defined for component null
2025-07-22 15:02:05,870 [WARN] ModelIntegratedComponent:63 - No mode defined for component null
2025-07-22 15:02:05,870 [WARN] ModelIntegratedComponent:63 - No mode defined for component null
2025-07-22 15:02:05,871 [WARN] ModelIntegratedComponent:63 - No mode defined for component null
2025-07-22 15:02:05,871 [WARN] ModelIntegratedComponent:63 - No mode defined for component null
2025-07-22 15:02:05,871 [WARN] ModelIntegratedComponent:63 - No mode defined for component null
2025-07-22 15:02:05,871 [WARN] ModelIntegratedComponent:63 - No mode defined for component null
2025-07-22 15:02:05,871 [WARN] ModelIntegratedComponent:63 - No mode defined for component null
2025-07-22 15:02:05,871 [WARN] ModelIntegratedComponent:63 - No mode defined for component null
2025-07-22 15:02:05,871 [WARN] ModelIntegratedComponent:63 - No mode defined for component null
2025-07-22 15:02:05,871 [WARN] ModelIntegratedComponent:63 - No mode defined for component null
2025-07-22 15:02:05,871 [WARN] ModelIntegratedComponent:63 - No mode defined for component null
2025-07-22 15:02:05,871 [WARN] ModelIntegratedComponent:63 - No mode defined for component null
2025-07-22 15:02:05,871 [WARN] ModelIntegratedComponent:63 - No mode defined for component null
2025-07-22 15:02:05,871 [WARN] ModelIntegratedComponent:63 - No mode defined for component null
2025-07-22 15:02:05,871 [WARN] ModelIntegratedComponent:63 - No mode defined for component null
2025-07-22 15:02:05,872 [WARN] ModelIntegratedComponent:63 - No mode defined for component null
2025-07-22 15:02:05,872 [WARN] ModelIntegratedComponent:63 - No mode defined for component null
2025-07-22 15:02:05,872 [WARN] ModelIntegratedComponent:63 - No mode defined for component null
2025-07-22 15:02:05,872 [WARN] ModelIntegratedComponent:63 - No mode defined for component null
2025-07-22 15:02:05,872 [WARN] ModelIntegratedComponent:63 - No mode defined for component null
2025-07-22 15:02:05,872 [WARN] ModelIntegratedComponent:63 - No mode defined for component null
2025-07-22 15:02:05,872 [WARN] ModelIntegratedComponent:63 - No mode defined for component null
2025-07-22 15:02:05,872 [WARN] ModelIntegratedComponent:63 - No mode defined for component null
2025-07-22 15:02:05,872 [WARN] ModelIntegratedComponent:63 - No mode defined for component null
2025-07-22 15:02:05,872 [WARN] ModelIntegratedComponent:63 - No mode defined for component null
2025-07-22 15:02:05,872 [WARN] ModelIntegratedComponent:63 - No mode defined for component null
2025-07-22 15:02:05,872 [WARN] ModelIntegratedComponent:63 - No mode defined for component null
2025-07-22 15:02:05,872 [WARN] ModelIntegratedComponent:63 - No mode defined for component null
2025-07-22 15:02:05,872 [WARN] ModelIntegratedComponent:63 - No mode defined for component null
2025-07-22 15:02:05,872 [WARN] ModelIntegratedComponent:63 - No mode defined for component null
2025-07-22 15:02:05,873 [WARN] ModelIntegratedComponent:63 - No mode defined for component null
2025-07-22 15:02:05,873 [WARN] ModelIntegratedComponent:63 - No mode defined for component null
2025-07-22 15:02:05,873 [WARN] ModelIntegratedComponent:63 - No mode defined for component null
2025-07-22 15:02:05,873 [WARN] ModelPack:524 - Component already loaded: STMicroelectronics:HAL Drivers:0.0.0:STMicroelectronics:Device:STMicro_Driver:XSPI:HAL::0.0.1:HAL_XSPI
2025-07-22 15:02:06,211 [INFO] ThirdPartyModel:298 - Start build external matchings
2025-07-22 15:02:07,837 [INFO] ThirdPartyModel:316 - End build external matchings
2025-07-22 15:02:07,876 [INFO] ImportTextPane:234 - (OptionalMessage_ERROR) IP (RCC) : Invalid parameter (48MHZClocksFreq_Value)
2025-07-22 15:02:07,876 [INFO] ImportTextPane:234 - (OptionalMessage_ERROR) IP (RCC) : Invalid parameter (ADC12outputFreq_Value)
2025-07-22 15:02:07,876 [INFO] ImportTextPane:234 - (OptionalMessage_ERROR) IP (RCC) : Invalid parameter (ADC34outputFreq_Value)
2025-07-22 15:02:07,876 [INFO] ImportTextPane:234 - (OptionalMessage_ERROR) IP (RCC) : Invalid parameter (DFSDMAudioFreq_Value)
2025-07-22 15:02:07,876 [INFO] ImportTextPane:234 - (OptionalMessage_ERROR) IP (RCC) : Invalid parameter (DFSDMFreq_Value)
2025-07-22 15:02:07,876 [INFO] ImportTextPane:234 - (OptionalMessage_ERROR) IP (RCC) : Invalid parameter (FMPI2C1Freq_Value)
2025-07-22 15:02:07,876 [INFO] ImportTextPane:234 - (OptionalMessage_ERROR) IP (RCC) : Invalid parameter (FamilyName)
2025-07-22 15:02:07,876 [INFO] ImportTextPane:234 - (OptionalMessage_ERROR) IP (RCC) : Invalid parameter (I2S1Freq_Value)
2025-07-22 15:02:07,876 [INFO] ImportTextPane:234 - (OptionalMessage_ERROR) IP (RCC) : Invalid parameter (I2S2Freq_Value)
2025-07-22 15:02:07,876 [INFO] ImportTextPane:234 - (OptionalMessage_ERROR) IP (RCC) : Invalid parameter (I2SClocksFreq_Value)
2025-07-22 15:02:07,876 [INFO] ImportTextPane:234 - (OptionalMessage_ERROR) IP (RCC) : Invalid parameter (MCOFreq_Value)
2025-07-22 15:02:07,878 [INFO] ImportTextPane:234 - (OptionalMessage_ERROR) IP (RCC) : Invalid parameter (PLLI2SPCLKFreq_Value)
2025-07-22 15:02:07,878 [INFO] ImportTextPane:234 - (OptionalMessage_ERROR) IP (RCC) : Invalid parameter (PLLI2SQoutputFreq_Value)
2025-07-22 15:02:07,880 [INFO] ImportTextPane:234 - (OptionalMessage_ERROR) IP (RCC) : Invalid parameter (PLLI2SoutputFreq_Value)
2025-07-22 15:02:07,880 [INFO] ImportTextPane:234 - (OptionalMessage_ERROR) IP (RCC) : Invalid parameter (PLLMCOFreq_Value)
2025-07-22 15:02:07,881 [INFO] ImportTextPane:234 - (OptionalMessage_ERROR) IP (RCC) : Invalid parameter (PLLMUL)
2025-07-22 15:02:07,881 [INFO] ImportTextPane:234 - (OptionalMessage_ERROR) IP (RCC) : Invalid parameter (PLLRCLKFreq_Value)
2025-07-22 15:02:07,882 [INFO] ImportTextPane:234 - (OptionalMessage_ERROR) IP (RCC) : Invalid parameter (PLLRoutputFreq_Value)
2025-07-22 15:02:07,882 [INFO] ImportTextPane:234 - (OptionalMessage_ERROR) IP (RCC) : Invalid parameter (PRESCALERUSB)
2025-07-22 15:02:07,884 [INFO] ImportTextPane:234 - (OptionalMessage_ERROR) IP (RCC) : Invalid parameter (PWRFreq_Value)
2025-07-22 15:02:07,885 [INFO] ImportTextPane:234 - (OptionalMessage_ERROR) IP (RCC) : Invalid parameter (RTCHSEDivFreq_Value)
2025-07-22 15:02:07,885 [INFO] ImportTextPane:234 - (OptionalMessage_ERROR) IP (RCC) : Invalid parameter (SDIOFreq_Value)
2025-07-22 15:02:07,885 [INFO] ImportTextPane:234 - (OptionalMessage_ERROR) IP (RCC) : Parameter (SDMMC2Freq_Value) has invalid value (216000000)
2025-07-22 15:02:07,885 [INFO] ImportTextPane:234 - (OptionalMessage_ERROR) IP (RCC) : Parameter (SDMMCFreq_Value) has invalid value (216000000)
2025-07-22 15:02:07,886 [INFO] ImportTextPane:234 - (OptionalMessage_ERROR) IP (RCC) : Invalid parameter (SYSCLKSourceVirtual)
2025-07-22 15:02:07,886 [INFO] ImportTextPane:234 - (OptionalMessage_ERROR) IP (RCC) : Invalid parameter (TIM15Freq_Value)
2025-07-22 15:02:07,887 [INFO] ImportTextPane:234 - (OptionalMessage_ERROR) IP (RCC) : Invalid parameter (TIM16Freq_Value)
2025-07-22 15:02:07,888 [INFO] ImportTextPane:234 - (OptionalMessage_ERROR) IP (RCC) : Invalid parameter (TIM17Freq_Value)
2025-07-22 15:02:07,888 [INFO] ImportTextPane:234 - (OptionalMessage_ERROR) IP (RCC) : Invalid parameter (TIM1Freq_Value)
2025-07-22 15:02:07,888 [INFO] ImportTextPane:234 - (OptionalMessage_ERROR) IP (RCC) : Invalid parameter (TIM20Freq_Value)
2025-07-22 15:02:07,889 [INFO] ImportTextPane:234 - (OptionalMessage_ERROR) IP (RCC) : Invalid parameter (TIM2Freq_Value)
2025-07-22 15:02:07,889 [INFO] ImportTextPane:234 - (OptionalMessage_ERROR) IP (RCC) : Invalid parameter (TIM3Freq_Value)
2025-07-22 15:02:07,889 [INFO] ImportTextPane:234 - (OptionalMessage_ERROR) IP (RCC) : Invalid parameter (TIM8Freq_Value)
2025-07-22 15:02:07,889 [INFO] ImportTextPane:234 - (OptionalMessage_ERROR) IP (RCC) : Invalid parameter (VCOI2SInputFreq_Value)
2025-07-22 15:02:07,889 [INFO] ImportTextPane:234 - (OptionalMessage_ERROR) IP (RCC) : Invalid parameter (VCOInputMFreq_Value)
2025-07-22 15:02:07,889 [INFO] ImportTextPane:234 - (OptionalMessage_ERROR) IP (RCC) : Invalid parameter (VCOOutput2Freq_Value)
2025-07-22 15:02:07,889 [INFO] ImportTextPane:234 - (OptionalMessage_ERROR) IP (RCC) : Invalid parameter (VcooutputI2S)
2025-07-22 15:02:08,422 [INFO] UtilMem:75 - End LoadConfig() Used Memory: 655791744 Bytes (1073741824)
2025-07-22 15:02:08,460 [WARN] ThirdParty:833 - waiting for thirdparty lock release [change project]
2025-07-22 15:02:08,460 [INFO] ThirdParty:835 - entering critical section [change project]
2025-07-22 15:02:08,460 [INFO] ThirdParty:1030 - CMSIS Pack Vendor :STMicroelectronics X-CUBE-PM33A1 1.0.0
2025-07-22 15:02:08,461 [INFO] ThirdParty:1030 - CMSIS Pack Vendor :STMicroelectronics USBPD 4.1
2025-07-22 15:02:08,461 [INFO] ThirdParty:1030 - CMSIS Pack Vendor :STMicroelectronics USB_HOST 2.0.0
2025-07-22 15:02:08,461 [INFO] ThirdParty:1030 - CMSIS Pack Vendor :STMicroelectronics FP-SNS-MOTENVWB1 1.4.0
2025-07-22 15:02:08,461 [INFO] ThirdParty:1030 - CMSIS Pack Vendor :STMicroelectronics X-CUBE-AZRTOS-F4 1.1.0
2025-07-22 15:02:08,461 [INFO] ThirdParty:1030 - CMSIS Pack Vendor :STMicroelectronics LIBJPEG 8.0.0
2025-07-22 15:02:08,461 [INFO] ThirdParty:1030 - CMSIS Pack Vendor :STMicroelectronics FP-ATR-ASTRA1 2.0.2
2025-07-22 15:02:08,461 [INFO] ThirdParty:1030 - CMSIS Pack Vendor :STMicroelectronics FP-ATR-ASTRA1 2.0.1
2025-07-22 15:02:08,461 [INFO] ThirdParty:1030 - CMSIS Pack Vendor :Avnet-IotConnect X-CUBE-IoTC-DA16k-PMOD 1.0.0
2025-07-22 15:02:08,461 [INFO] ThirdParty:1030 - CMSIS Pack Vendor :STMicroelectronics X-CUBE-SMBUS 2.1.0
2025-07-22 15:02:08,461 [INFO] ThirdParty:1030 - CMSIS Pack Vendor :STMicroelectronics X-CUBE-WB05N 1.1.0
2025-07-22 15:02:08,461 [INFO] ThirdParty:1030 - CMSIS Pack Vendor :STMicroelectronics X-CUBE-ISPU 2.1.0
2025-07-22 15:02:08,461 [INFO] ThirdParty:1030 - CMSIS Pack Vendor :STMicroelectronics X-CUBE-FREERTOS 1.2.0
2025-07-22 15:02:08,461 [INFO] ThirdParty:1030 - CMSIS Pack Vendor :STMicroelectronics X-CUBE-ST60 1.0.0
2025-07-22 15:02:08,461 [INFO] ThirdParty:1030 - CMSIS Pack Vendor :STMicroelectronics X-CUBE-NFC12 1.0.0
2025-07-22 15:02:08,461 [INFO] ThirdParty:1030 - CMSIS Pack Vendor :STMicroelectronics X-CUBE-AZRTOS-F7 1.1.0
2025-07-22 15:02:08,461 [INFO] ThirdParty:1030 - CMSIS Pack Vendor :STMicroelectronics X-CUBE-AZRTOS-L5 2.0.0
2025-07-22 15:02:08,461 [INFO] ThirdParty:1030 - CMSIS Pack Vendor :STMicroelectronics USB_DEVICE 2.0.0
2025-07-22 15:02:08,461 [INFO] ThirdParty:1030 - CMSIS Pack Vendor :STMicroelectronics X-CUBE-NFC6 3.1.0
2025-07-22 15:02:08,461 [INFO] ThirdParty:1030 - CMSIS Pack Vendor :STMicroelectronics X-CUBE-MEMS1 11.0.0
2025-07-22 15:02:08,461 [INFO] ThirdParty:1030 - CMSIS Pack Vendor :STMicroelectronics FreeRTOS 0.0.1
2025-07-22 15:02:08,461 [INFO] ThirdParty:1030 - CMSIS Pack Vendor :STMicroelectronics X-CUBE-DPower 1.2.0
2025-07-22 15:02:08,461 [INFO] ThirdParty:1030 - CMSIS Pack Vendor :STMicroelectronics FP-SNS-FLIGHT1 5.0.2
2025-07-22 15:02:08,461 [INFO] ThirdParty:1030 - CMSIS Pack Vendor :STMicroelectronics PDM2PCM 3.3.0
2025-07-22 15:02:08,461 [INFO] ThirdParty:1030 - CMSIS Pack Vendor :STMicroelectronics X-CUBE-AZRTOS-H7 3.4.0
2025-07-22 15:02:08,461 [INFO] ThirdParty:1030 - CMSIS Pack Vendor :STMicroelectronics X-CUBE-DISPLAY 3.0.0
2025-07-22 15:02:08,461 [INFO] ThirdParty:1030 - CMSIS Pack Vendor :STMicroelectronics X-CUBE-BLE1 7.0.0
2025-07-22 15:02:08,461 [INFO] ThirdParty:1030 - CMSIS Pack Vendor :STMicroelectronics X-CUBE-NFC10 1.0.0
2025-07-22 15:02:08,461 [INFO] ThirdParty:1030 - CMSIS Pack Vendor :STMicroelectronics X-CUBE-BLEMGR 4.0.0
2025-07-22 15:02:08,461 [INFO] ThirdParty:1030 - CMSIS Pack Vendor :STMicroelectronics X-CUBE-FREERTOS 1.3.1
2025-07-22 15:02:08,464 [INFO] ThirdParty:1030 - CMSIS Pack Vendor :STMicroelectronics HAL Drivers 0.0.0
2025-07-22 15:02:08,465 [INFO] ThirdParty:1030 - CMSIS Pack Vendor :emotas I-CUBE-CANOPEN 1.3.0
2025-07-22 15:02:08,465 [INFO] ThirdParty:1030 - CMSIS Pack Vendor :STMicroelectronics X-CUBE-FREERTOS 1.3.0
2025-07-22 15:02:08,465 [INFO] ThirdParty:1030 - CMSIS Pack Vendor :STMicroelectronics X-CUBE-NFC7 1.0.1
2025-07-22 15:02:08,465 [INFO] ThirdParty:1030 - CMSIS Pack Vendor :STMicroelectronics MBEDTLS 2.14.1
2025-07-22 15:02:08,465 [INFO] ThirdParty:1030 - CMSIS Pack Vendor :STMicroelectronics X-CUBE-BLEMGR 3.1.0
2025-07-22 15:02:08,465 [INFO] ThirdParty:1030 - CMSIS Pack Vendor :STMicroelectronics X-CUBE-AI 10.0.0
2025-07-22 15:02:08,465 [INFO] ThirdParty:1030 - CMSIS Pack Vendor :STMicroelectronics FP-SNS-STAIOTCFT 1.0.0
2025-07-22 15:02:08,466 [INFO] ThirdParty:1030 - CMSIS Pack Vendor :STMicroelectronics FP-SNS-SMARTAG2 1.2.0
2025-07-22 15:02:08,466 [INFO] ThirdParty:1030 - CMSIS Pack Vendor :STMicroelectronics FP-SNS-FLIGHT1 5.1.0
2025-07-22 15:02:08,466 [INFO] ThirdParty:1030 - CMSIS Pack Vendor :STMicroelectronics X-CUBE-MEMS1 11.1.0
2025-07-22 15:02:08,466 [INFO] ThirdParty:1030 - CMSIS Pack Vendor :STMicroelectronics X-CUBE-AZRTOS-WL 2.0.0
2025-07-22 15:02:08,466 [INFO] ThirdParty:1030 - CMSIS Pack Vendor :STMicroelectronics X-CUBE-DPower 1.3.0
2025-07-22 15:02:08,466 [INFO] ThirdParty:1030 - CMSIS Pack Vendor :STMicroelectronics FP-SNS-MOTENV1 5.0.0
2025-07-22 15:02:08,466 [INFO] ThirdParty:1030 - CMSIS Pack Vendor :STMicroelectronics USB_DEVICE 1.0.0
2025-07-22 15:02:08,466 [INFO] ThirdParty:1030 - CMSIS Pack Vendor :wolfSSL I-CUBE-wolfMQTT 1.19.0
2025-07-22 15:02:08,466 [INFO] ThirdParty:1030 - CMSIS Pack Vendor :STMicroelectronics X-CUBE-AZRTOS-L4 2.0.0
2025-07-22 15:02:08,466 [INFO] ThirdParty:1030 - CMSIS Pack Vendor :STMicroelectronics ThreadX 0.0.2
2025-07-22 15:02:08,466 [INFO] ThirdParty:1030 - CMSIS Pack Vendor :WES I-CUBE-Cesium 1.3.0
2025-07-22 15:02:08,466 [INFO] ThirdParty:1030 - CMSIS Pack Vendor :STMicroelectronics lwIP 2.1.2
2025-07-22 15:02:08,466 [INFO] ThirdParty:1030 - CMSIS Pack Vendor :STMicroelectronics X-CUBE-SFXS2LP1 4.0.0
2025-07-22 15:02:08,466 [INFO] ThirdParty:1030 - CMSIS Pack Vendor :STMicroelectronics X-CUBE-BLE2 3.3.0
2025-07-22 15:02:08,466 [INFO] ThirdParty:1030 - CMSIS Pack Vendor :STMicroelectronics PDM2PCM 3.2.0
2025-07-22 15:02:08,466 [INFO] ThirdParty:1030 - CMSIS Pack Vendor :STMicroelectronics X-CUBE-AZRTOS-H7 3.3.0
2025-07-22 15:02:08,466 [INFO] ThirdParty:1030 - CMSIS Pack Vendor :STMicroelectronics X-CUBE-NFC9 1.0.0
2025-07-22 15:02:08,466 [INFO] ThirdParty:1030 - CMSIS Pack Vendor :STMicroelectronics X-CUBE-BLE1 7.1.0
2025-07-22 15:02:08,466 [INFO] ThirdParty:1030 - CMSIS Pack Vendor :STMicroelectronics USB_DEVICE 3.0.0
2025-07-22 15:02:08,467 [INFO] ThirdParty:1030 - CMSIS Pack Vendor :STMicroelectronics X-CUBE-TCPP 4.1.0
2025-07-22 15:02:08,467 [INFO] ThirdParty:1030 - CMSIS Pack Vendor :STMicroelectronics X-CUBE-EEPRMA1 5.2.0
2025-07-22 15:02:08,467 [INFO] ThirdParty:1030 - CMSIS Pack Vendor :STMicroelectronics X-CUBE-BLEMGR 4.1.0
2025-07-22 15:02:08,467 [INFO] ThirdParty:1030 - CMSIS Pack Vendor :STMicroelectronics X-CUBE-IPS 3.0.0
2025-07-22 15:02:08,467 [INFO] ThirdParty:1030 - CMSIS Pack Vendor :STMicroelectronics X-CUBE-AZRTOS-WB 2.0.0
2025-07-22 15:02:08,467 [INFO] ThirdParty:1030 - CMSIS Pack Vendor :STMicroelectronics X-CUBE-GNSS1 7.0.0
2025-07-22 15:02:08,467 [INFO] ThirdParty:1030 - CMSIS Pack Vendor :STMicroelectronics X-CUBE-GNSS1 7.0.1
2025-07-22 15:02:08,467 [INFO] ThirdParty:1030 - CMSIS Pack Vendor :STMicroelectronics X-CUBE-TOUCHGFX 4.25.0
2025-07-22 15:02:08,467 [INFO] ThirdParty:1030 - CMSIS Pack Vendor :STMicroelectronics X-CUBE-AI 10.1.0
2025-07-22 15:02:08,467 [INFO] ThirdParty:1030 - CMSIS Pack Vendor :STMicroelectronics FP-SNS-STBOX1 2.0.0
2025-07-22 15:02:08,467 [INFO] ThirdParty:1030 - CMSIS Pack Vendor :STMicroelectronics X-CUBE-MEMS1 11.2.0
2025-07-22 15:02:08,467 [INFO] ThirdParty:1030 - CMSIS Pack Vendor :STMicroelectronics X-CUBE-AZRTOS-G0 1.1.0
2025-07-22 15:02:08,467 [INFO] ThirdParty:1030 - CMSIS Pack Vendor :STMicroelectronics X-CUBE-SAFEA1 1.2.2
2025-07-22 15:02:08,467 [INFO] ThirdParty:1030 - CMSIS Pack Vendor :STMicroelectronics X-CUBE-NFC4 3.0.0
2025-07-22 15:02:08,467 [INFO] ThirdParty:1030 - CMSIS Pack Vendor :STMicroelectronics X-CUBE-SUBG2 5.0.0
2025-07-22 15:02:08,467 [INFO] ThirdParty:1030 - CMSIS Pack Vendor :STMicroelectronics X-CUBE-AZRTOS-H7RS 1.1.0
2025-07-22 15:02:08,468 [INFO] ThirdParty:1030 - CMSIS Pack Vendor :STMicroelectronics STM32_WPAN 1.0.0
2025-07-22 15:02:08,468 [INFO] ThirdParty:1030 - CMSIS Pack Vendor :EmbeddedOffice I-CUBE-FS-RTOS 1.0.1
2025-07-22 15:02:08,468 [INFO] ThirdParty:1030 - CMSIS Pack Vendor :STMicroelectronics lwIP 2.0.3
2025-07-22 15:02:08,468 [INFO] ThirdParty:1030 - CMSIS Pack Vendor :Cesanta I-CUBE-Mongoose 7.13.0
2025-07-22 15:02:08,468 [INFO] ThirdParty:1030 - CMSIS Pack Vendor :STMicroelectronics USB_HOST 1.0.0
2025-07-22 15:02:08,468 [INFO] ThirdParty:1030 - CMSIS Pack Vendor :STMicroelectronics X-CUBE-AZRTOS-G4 2.0.0
2025-07-22 15:02:08,468 [INFO] ThirdParty:1030 - CMSIS Pack Vendor :STMicroelectronics X-CUBE-WB05N 2.0.0
2025-07-22 15:02:08,468 [INFO] ThirdParty:1030 - CMSIS Pack Vendor :STMicroelectronics PDM2PCM 3.1.0
2025-07-22 15:02:08,468 [INFO] ThirdParty:1030 - CMSIS Pack Vendor :STMicroelectronics X-CUBE-NFC7 2.0.0
2025-07-22 15:02:08,468 [INFO] ThirdParty:1030 - CMSIS Pack Vendor :STMicroelectronics X-CUBE-TCPP 4.2.0
2025-07-22 15:02:08,468 [INFO] ThirdParty:1030 - CMSIS Pack Vendor :RealThread X-CUBE-RT-Thread_Nano 4.1.1
2025-07-22 15:02:08,468 [INFO] ThirdParty:1030 - CMSIS Pack Vendor :STMicroelectronics FP-ATR-SIGFOX1 3.2.0
2025-07-22 15:02:08,468 [INFO] ThirdParty:1030 - CMSIS Pack Vendor :quantropi X-CUBE-qispace-sdk-base 1.9.3
2025-07-22 15:02:08,468 [INFO] ThirdParty:1030 - CMSIS Pack Vendor :STMicroelectronics X-CUBE-EEPRMA1 5.1.0
2025-07-22 15:02:08,468 [INFO] ThirdParty:1030 - CMSIS Pack Vendor :STMicroelectronics MBEDTLS 2.16.2
2025-07-22 15:02:08,468 [INFO] ThirdParty:1030 - CMSIS Pack Vendor :STMicroelectronics X-CUBE-IPS 3.1.0
2025-07-22 15:02:08,468 [INFO] ThirdParty:1030 - CMSIS Pack Vendor :STMicroelectronics X-CUBE-ALS 1.0.2
2025-07-22 15:02:08,468 [INFO] ThirdParty:1030 - CMSIS Pack Vendor :wolfSSL I-CUBE-wolfSSL 5.7.4
2025-07-22 15:02:08,468 [INFO] ThirdParty:1030 - CMSIS Pack Vendor :ITTIA_DB I-CUBE-ITTIADB 8.9.0
2025-07-22 15:02:08,468 [INFO] ThirdParty:1030 - CMSIS Pack Vendor :STMicroelectronics X-CUBE-TOUCHGFX 4.24.2
2025-07-22 15:02:08,468 [INFO] ThirdParty:1030 - CMSIS Pack Vendor :STMicroelectronics X-CUBE-TOUCHGFX 4.24.1
2025-07-22 15:02:08,468 [INFO] ThirdParty:1030 - CMSIS Pack Vendor :wolfSSL I-CUBE-wolfTPM 3.4.0
2025-07-22 15:02:08,468 [INFO] ThirdParty:1030 - CMSIS Pack Vendor :portGmbH I-Cube-SoM-uGOAL 1.1.0
2025-07-22 15:02:08,468 [INFO] ThirdParty:1030 - CMSIS Pack Vendor :STMicroelectronics X-CUBE-ST67W61 1.0.0
2025-07-22 15:02:08,468 [INFO] ThirdParty:1030 - CMSIS Pack Vendor :STMicroelectronics ThreadX 1.0.0
2025-07-22 15:02:08,468 [INFO] ThirdParty:1030 - CMSIS Pack Vendor :SEGGER I-CUBE-embOS 1.3.1
2025-07-22 15:02:08,468 [INFO] ThirdParty:1030 - CMSIS Pack Vendor :STMicroelectronics X-CUBE-ALGOBUILD 1.4.0
2025-07-22 15:02:08,468 [INFO] ThirdParty:1030 - CMSIS Pack Vendor :STMicroelectronics X-CUBE-MEMS1 11.3.0
2025-07-22 15:02:08,468 [INFO] ThirdParty:1030 - CMSIS Pack Vendor :STMicroelectronics X-CUBE-AZRTOS-H7RS 1.0.0
2025-07-22 15:02:08,468 [INFO] ThirdParty:1030 - CMSIS Pack Vendor :STMicroelectronics FP-ATR-ASTRA1 2.0.0
2025-07-22 15:02:08,468 [INFO] ThirdParty:1030 - CMSIS Pack Vendor :STMicroelectronics X-CUBE-TOF1 3.4.2
2025-07-22 15:02:08,468 [INFO] ThirdParty:1030 - CMSIS Pack Vendor :STMicroelectronics X-CUBE-TOF1 3.4.3
2025-07-22 15:02:08,468 [INFO] ThirdParty:1030 - CMSIS Pack Vendor :STMicroelectronics X-CUBE-AI 9.1.0
2025-07-22 15:02:08,468 [INFO] ThirdParty:1030 - CMSIS Pack Vendor :Infineon AIROC-Wi-Fi-Bluetooth-STM32 1.6.1
2025-07-22 15:02:08,468 [INFO] ThirdParty:1030 - CMSIS Pack Vendor :wolfSSL I-CUBE-wolfSSH 1.4.17
2025-07-22 15:02:08,469 [INFO] ThirdParty:841 - exiting critical section [change project]
2025-07-22 15:02:08,804 [INFO] PinOutPanel:1589 - setPackage(No Configuration,No Configuration)
2025-07-22 15:02:08,805 [INFO] PinOutPanel:1589 - setPackage(STM32F722ZETx,LQFP144)
2025-07-22 15:02:09,517 [INFO] UtilMem:75 - Before build in PCC Used Memory: 654879784 Bytes (1073741824)
2025-07-22 15:02:09,924 [INFO] UtilMem:75 - After build in PCC Used Memory: 706260008 Bytes (1073741824)
2025-07-22 15:02:09,956 [INFO] IPUIPlugin:80 - create IPUIPlugin
2025-07-22 15:02:09,956 [INFO] IPUIPlugin:80 - create IPUIPlugin
2025-07-22 15:02:09,956 [INFO] IPUIPlugin:80 - create IPUIPlugin
2025-07-22 15:02:09,956 [INFO] IPUIPlugin:80 - create IPUIPlugin
2025-07-22 15:02:09,956 [INFO] IPUIPlugin:80 - create IPUIPlugin
2025-07-22 15:02:09,957 [INFO] IPUIPlugin:80 - create IPUIPlugin
2025-07-22 15:02:09,957 [INFO] IPUIPlugin:80 - create IPUIPlugin
2025-07-22 15:02:09,957 [INFO] IPUIPlugin:80 - create IPUIPlugin
2025-07-22 15:02:09,957 [INFO] IPUIPlugin:80 - create IPUIPlugin
2025-07-22 15:02:09,957 [INFO] IPUIPlugin:80 - create IPUIPlugin
2025-07-22 15:02:09,957 [INFO] IPUIPlugin:80 - create IPUIPlugin
2025-07-22 15:02:09,958 [INFO] IPUIPlugin:80 - create IPUIPlugin
2025-07-22 15:02:09,958 [INFO] IPUIPlugin:80 - create IPUIPlugin
2025-07-22 15:02:09,958 [INFO] IPUIPlugin:80 - create IPUIPlugin
2025-07-22 15:02:09,958 [INFO] IPUIPlugin:80 - create IPUIPlugin
2025-07-22 15:02:09,958 [INFO] IPUIPlugin:80 - create IPUIPlugin
2025-07-22 15:02:09,958 [INFO] IPUIPlugin:80 - create IPUIPlugin
2025-07-22 15:02:09,958 [INFO] IPUIPlugin:80 - create IPUIPlugin
2025-07-22 15:02:09,958 [INFO] IPUIPlugin:80 - create IPUIPlugin
2025-07-22 15:02:09,959 [INFO] IPUIPlugin:80 - create IPUIPlugin
2025-07-22 15:02:09,959 [INFO] IPUIPlugin:80 - create IPUIPlugin
2025-07-22 15:02:09,959 [INFO] IPUIPlugin:80 - create IPUIPlugin
2025-07-22 15:02:09,959 [INFO] IPUIPlugin:80 - create IPUIPlugin
2025-07-22 15:02:09,959 [INFO] IPUIPlugin:80 - create IPUIPlugin
2025-07-22 15:02:09,959 [INFO] IPUIPlugin:80 - create IPUIPlugin
2025-07-22 15:02:09,960 [INFO] IPUIPlugin:80 - create IPUIPlugin
2025-07-22 15:02:09,960 [INFO] IPUIPlugin:80 - create IPUIPlugin
2025-07-22 15:02:09,960 [INFO] IPUIPlugin:80 - create IPUIPlugin
2025-07-22 15:02:09,961 [INFO] IPUIPlugin:80 - create IPUIPlugin
2025-07-22 15:02:09,961 [INFO] IPUIPlugin:80 - create IPUIPlugin
2025-07-22 15:02:09,961 [INFO] IPUIPlugin:80 - create IPUIPlugin
2025-07-22 15:02:09,961 [INFO] IPUIPlugin:80 - create IPUIPlugin
2025-07-22 15:02:09,961 [INFO] IPUIPlugin:80 - create IPUIPlugin
2025-07-22 15:02:09,961 [INFO] IPUIPlugin:80 - create IPUIPlugin
2025-07-22 15:02:09,962 [INFO] IPUIPlugin:80 - create IPUIPlugin
2025-07-22 15:02:09,962 [INFO] IPUIPlugin:80 - create IPUIPlugin
2025-07-22 15:02:09,962 [INFO] IPUIPlugin:80 - create IPUIPlugin
2025-07-22 15:02:09,962 [INFO] IPUIPlugin:80 - create IPUIPlugin
2025-07-22 15:02:09,962 [INFO] IPUIPlugin:80 - create IPUIPlugin
2025-07-22 15:02:09,962 [INFO] IPUIPlugin:80 - create IPUIPlugin
2025-07-22 15:02:09,963 [INFO] IPUIPlugin:80 - create IPUIPlugin
2025-07-22 15:02:09,963 [INFO] IPUIPlugin:80 - create IPUIPlugin
2025-07-22 15:02:09,963 [INFO] IPUIPlugin:80 - create IPUIPlugin
2025-07-22 15:02:09,963 [INFO] IPUIPlugin:80 - create IPUIPlugin
2025-07-22 15:02:09,963 [INFO] IPUIPlugin:80 - create IPUIPlugin
2025-07-22 15:02:09,963 [INFO] IPUIPlugin:80 - create IPUIPlugin
2025-07-22 15:02:09,963 [INFO] IPUIPlugin:80 - create IPUIPlugin
2025-07-22 15:02:09,964 [INFO] IPUIPlugin:80 - create IPUIPlugin
2025-07-22 15:02:09,964 [INFO] IPUIPlugin:80 - create IPUIPlugin
2025-07-22 15:02:09,964 [INFO] IPUIPlugin:80 - create IPUIPlugin
2025-07-22 15:02:09,964 [INFO] IPUIPlugin:80 - create IPUIPlugin
2025-07-22 15:02:09,964 [INFO] IPUIPlugin:80 - create IPUIPlugin
2025-07-22 15:02:09,965 [INFO] IPUIPlugin:80 - create IPUIPlugin
2025-07-22 15:02:09,965 [INFO] IPUIPlugin:80 - create IPUIPlugin
2025-07-22 15:02:09,965 [INFO] IPUIPlugin:80 - create IPUIPlugin
2025-07-22 15:02:09,965 [INFO] IPUIPlugin:80 - create IPUIPlugin
2025-07-22 15:02:09,966 [INFO] IPUIPlugin:80 - create IPUIPlugin
2025-07-22 15:02:09,966 [INFO] IPUIPlugin:80 - create IPUIPlugin
2025-07-22 15:02:09,966 [INFO] IPUIPlugin:80 - create IPUIPlugin
2025-07-22 15:02:09,966 [INFO] IPUIPlugin:80 - create IPUIPlugin
2025-07-22 15:02:09,966 [INFO] IPUIPlugin:80 - create IPUIPlugin
2025-07-22 15:02:09,967 [INFO] IPUIPlugin:80 - create IPUIPlugin
2025-07-22 15:02:09,967 [INFO] IPUIPlugin:80 - create IPUIPlugin
2025-07-22 15:02:09,967 [INFO] IPUIPlugin:80 - create IPUIPlugin
2025-07-22 15:02:09,967 [INFO] IPUIPlugin:80 - create IPUIPlugin
2025-07-22 15:02:09,981 [INFO] ApiDbMcu:532 - Load IP Config File for PDM2PCM
2025-07-22 15:02:09,986 [INFO] Can:71 - Can Add PropertyChangeListener com.st.microxplorer.plugins.ip.can.Can@172dac71
2025-07-22 15:02:10,068 [INFO] CADModel:165 - CPN selected for project levelSTM32F722ZET6
2025-07-22 15:02:10,068 [INFO] CADModel:114 - Register for checkConnection events
2025-07-22 15:02:10,184 [INFO] OpenFileManager:386 - Restore cursor
2025-07-22 15:03:35,326 [INFO] UtilMem:75 - End SaveConfig() Used Memory: 674322008 Bytes (1073741824)
2025-07-22 15:03:37,414 [INFO] UtilMem:75 - End SaveConfig() Used Memory: 730418776 Bytes (1073741824)
2025-07-22 15:03:38,024 [INFO] BlockDiagram:2775 - set Specific Code input for plugin: TIM6_7F7
2025-07-22 15:03:38,025 [INFO] BlockDiagram:2775 - set Specific Code input for plugin: CAN
2025-07-22 15:03:38,025 [INFO] BlockDiagram:2775 - set Specific Code input for plugin: SYS
2025-07-22 15:03:38,025 [INFO] BlockDiagram:2775 - set Specific Code input for plugin: RCC
2025-07-22 15:03:38,025 [INFO] BlockDiagram:2775 - set Specific Code input for plugin: NVIC
2025-07-22 15:03:38,025 [INFO] BlockDiagram:2775 - set Specific Code input for plugin: USART
2025-07-22 15:03:38,025 [INFO] BlockDiagram:2775 - set Specific Code input for plugin: GPIO
2025-07-22 15:03:38,026 [INFO] CodeGenerator:892 - code generatio: config db path: C:\ST\STM32CubeIDE_1.16.1\STM32CubeIDE\plugins\com.st.stm32cube.common.mx_6.15.0.202507011659\\db\
2025-07-22 15:03:38,221 [INFO] CodeEngine:265 - oldGeneratedFile, C:\Users\Chinnapop\STM32CubeIDE\workspace\IMU emulator\MXTmpFiles\license.tmp_save
2025-07-22 15:03:38,427 [INFO] CodeEngine:289 - Generated code: C:\Users\Chinnapop\STM32CubeIDE\workspace\IMU emulator\MXTmpFiles\license.tmp
2025-07-22 15:03:38,506 [INFO] CodeEngine:265 - oldGeneratedFile, C:\Users\Chinnapop\STM32CubeIDE\workspace\IMU emulator\MXTmpFiles\gpio.tmp_save
2025-07-22 15:03:38,650 [INFO] CodeEngine:289 - Generated code: C:\Users\Chinnapop\STM32CubeIDE\workspace\IMU emulator\MXTmpFiles\gpio.tmp
2025-07-22 15:03:38,887 [INFO] CodeEngine:265 - oldGeneratedFile, C:\Users\Chinnapop\STM32CubeIDE\workspace\IMU emulator\MXTmpFiles\cortex.tmp_save
2025-07-22 15:03:39,018 [INFO] CodeEngine:289 - Generated code: C:\Users\Chinnapop\STM32CubeIDE\workspace\IMU emulator\MXTmpFiles\cortex.tmp
2025-07-22 15:03:39,045 [INFO] CodeEngine:265 - oldGeneratedFile, C:\Users\Chinnapop\STM32CubeIDE\workspace\IMU emulator\Core\Src\stm32f7xx_it.c_save
2025-07-22 15:03:39,188 [INFO] CodeEngine:289 - Generated code: C:\Users\Chinnapop\STM32CubeIDE\workspace\IMU emulator\Core\Src\stm32f7xx_it.c
2025-07-22 15:03:39,199 [INFO] CodeEngine:265 - oldGeneratedFile, C:\Users\Chinnapop\STM32CubeIDE\workspace\IMU emulator\Core\Inc\stm32f7xx_it.h_save
2025-07-22 15:03:39,313 [INFO] CodeEngine:289 - Generated code: C:\Users\Chinnapop\STM32CubeIDE\workspace\IMU emulator\Core\Inc\stm32f7xx_it.h
2025-07-22 15:03:39,336 [INFO] CodeEngine:265 - oldGeneratedFile, C:\Users\Chinnapop\STM32CubeIDE\workspace\IMU emulator\Core\Src\stm32f7xx_hal_msp.c_save
2025-07-22 15:03:39,532 [INFO] CodeEngine:289 - Generated code: C:\Users\Chinnapop\STM32CubeIDE\workspace\IMU emulator\Core\Src\stm32f7xx_hal_msp.c
2025-07-22 15:03:39,541 [INFO] CodeEngine:265 - oldGeneratedFile, C:\Users\Chinnapop\STM32CubeIDE\workspace\IMU emulator\MXTmpFiles\system.tmp_save
2025-07-22 15:03:39,624 [INFO] CodeEngine:289 - Generated code: C:\Users\Chinnapop\STM32CubeIDE\workspace\IMU emulator\MXTmpFiles\system.tmp
2025-07-22 15:03:39,641 [INFO] CodeEngine:321 - oldGeneratedFile, C:\Users\Chinnapop\STM32CubeIDE\workspace\IMU emulator\Core\Inc\stm32f7xx_hal_conf.h_save
2025-07-22 15:03:39,737 [INFO] CodeEngine:345 - Generated code: C:\Users\Chinnapop\STM32CubeIDE\workspace\IMU emulator\Core\Inc\stm32f7xx_hal_conf.h
2025-07-22 15:03:39,780 [INFO] ApiDbMcu:532 - Load IP Config File for CAN1
2025-07-22 15:03:39,802 [INFO] ApiDbMcu:532 - Load IP Config File for TIM7
2025-07-22 15:03:39,808 [INFO] ApiDbMcu:532 - Load IP Config File for USART3
2025-07-22 15:03:39,816 [INFO] ApiDbMcu:532 - Load IP Config File for RCC
2025-07-22 15:03:39,818 [WARN] IPConfigManager:3811 - IP not found : TIM
2025-07-22 15:03:39,819 [WARN] CodeGenerator:4259 - IP not found : null
2025-07-22 15:03:39,833 [INFO] CodeEngine:265 - oldGeneratedFile, C:\Users\Chinnapop\STM32CubeIDE\workspace\IMU emulator\Core\Inc\main.h_save
2025-07-22 15:03:39,932 [INFO] CodeEngine:289 - Generated code: C:\Users\Chinnapop\STM32CubeIDE\workspace\IMU emulator\Core\Inc\main.h
2025-07-22 15:03:39,942 [INFO] CodeEngine:265 - oldGeneratedFile, C:\Users\Chinnapop\STM32CubeIDE\workspace\IMU emulator\Core\Src\main.c_save
2025-07-22 15:03:40,084 [INFO] CodeEngine:289 - Generated code: C:\Users\Chinnapop\STM32CubeIDE\workspace\IMU emulator\Core\Src\main.c
2025-07-22 15:03:40,633 [INFO] ProjectBuilder:3606 - Time for Copy HAL[1] : 334mS.
2025-07-22 15:03:40,640 [INFO] ProjectBuilder:5216 - Project Generator version: 4.7.0-B52
2025-07-22 15:03:40,737 [INFO] ConfigFileManager:1595 - The Die is : DIE452
2025-07-22 15:03:40,742 [INFO] ApiDbMcu:532 - Load IP Config File for FATFS
2025-07-22 15:03:40,748 [INFO] ApiDbMcu:532 - Load IP Config File for FREERTOS
2025-07-22 15:03:40,752 [INFO] ApiDbMcu:532 - Load IP Config File for LIBJPEG
2025-07-22 15:03:40,757 [INFO] ApiDbMcu:532 - Load IP Config File for MBEDTLS
2025-07-22 15:03:40,763 [INFO] ApiDbMcu:532 - Load IP Config File for USB_DEVICE
2025-07-22 15:03:40,768 [INFO] ApiDbMcu:532 - Load IP Config File for USB_HOST
2025-07-22 15:03:42,198 [INFO] ProjectBuilder:5496 - Time for Generating toolchain IDE Files: 1558mS.
2025-07-22 15:03:42,200 [INFO] ProjectBuilder:3463 - Time for Copy CMSIS : 1mS.
2025-07-22 15:03:42,207 [INFO] ProjectBuilder:3463 - Time for Copy CMSIS : 0mS.
2025-07-22 15:06:41,336 [INFO] UtilMem:75 - End SaveConfig() Used Memory: 504781000 Bytes (1073741824)
2025-07-22 15:06:41,481 [INFO] BlockDiagram:2775 - set Specific Code input for plugin: TIM6_7F7
2025-07-22 15:06:41,482 [INFO] BlockDiagram:2775 - set Specific Code input for plugin: CAN
2025-07-22 15:06:41,482 [INFO] BlockDiagram:2775 - set Specific Code input for plugin: SYS
2025-07-22 15:06:41,482 [INFO] BlockDiagram:2775 - set Specific Code input for plugin: RCC
2025-07-22 15:06:41,483 [INFO] BlockDiagram:2775 - set Specific Code input for plugin: NVIC
2025-07-22 15:06:41,483 [INFO] BlockDiagram:2775 - set Specific Code input for plugin: USART
2025-07-22 15:06:41,483 [INFO] BlockDiagram:2775 - set Specific Code input for plugin: GPIO
2025-07-22 15:06:41,485 [INFO] CodeGenerator:892 - code generatio: config db path: C:\ST\STM32CubeIDE_1.16.1\STM32CubeIDE\plugins\com.st.stm32cube.common.mx_6.15.0.202507011659\\db\
2025-07-22 15:06:41,609 [INFO] CodeEngine:265 - oldGeneratedFile, C:\Users\Chinnapop\STM32CubeIDE\workspace\IMU emulator\MXTmpFiles\license.tmp_save
2025-07-22 15:06:41,672 [INFO] CodeEngine:289 - Generated code: C:\Users\Chinnapop\STM32CubeIDE\workspace\IMU emulator\MXTmpFiles\license.tmp
2025-07-22 15:06:41,692 [INFO] CodeEngine:265 - oldGeneratedFile, C:\Users\Chinnapop\STM32CubeIDE\workspace\IMU emulator\MXTmpFiles\gpio.tmp_save
2025-07-22 15:06:41,745 [INFO] CodeEngine:289 - Generated code: C:\Users\Chinnapop\STM32CubeIDE\workspace\IMU emulator\MXTmpFiles\gpio.tmp
2025-07-22 15:06:41,847 [INFO] CodeEngine:265 - oldGeneratedFile, C:\Users\Chinnapop\STM32CubeIDE\workspace\IMU emulator\MXTmpFiles\cortex.tmp_save
2025-07-22 15:06:41,897 [INFO] CodeEngine:289 - Generated code: C:\Users\Chinnapop\STM32CubeIDE\workspace\IMU emulator\MXTmpFiles\cortex.tmp
2025-07-22 15:06:41,920 [INFO] CodeEngine:265 - oldGeneratedFile, C:\Users\Chinnapop\STM32CubeIDE\workspace\IMU emulator\Core\Src\stm32f7xx_it.c_save
2025-07-22 15:06:42,006 [INFO] CodeEngine:289 - Generated code: C:\Users\Chinnapop\STM32CubeIDE\workspace\IMU emulator\Core\Src\stm32f7xx_it.c
2025-07-22 15:06:42,016 [INFO] CodeEngine:265 - oldGeneratedFile, C:\Users\Chinnapop\STM32CubeIDE\workspace\IMU emulator\Core\Inc\stm32f7xx_it.h_save
2025-07-22 15:06:42,075 [INFO] CodeEngine:289 - Generated code: C:\Users\Chinnapop\STM32CubeIDE\workspace\IMU emulator\Core\Inc\stm32f7xx_it.h
2025-07-22 15:06:42,100 [INFO] CodeEngine:265 - oldGeneratedFile, C:\Users\Chinnapop\STM32CubeIDE\workspace\IMU emulator\Core\Src\stm32f7xx_hal_msp.c_save
2025-07-22 15:06:42,193 [INFO] CodeEngine:289 - Generated code: C:\Users\Chinnapop\STM32CubeIDE\workspace\IMU emulator\Core\Src\stm32f7xx_hal_msp.c
2025-07-22 15:06:42,201 [INFO] CodeEngine:265 - oldGeneratedFile, C:\Users\Chinnapop\STM32CubeIDE\workspace\IMU emulator\MXTmpFiles\system.tmp_save
2025-07-22 15:06:42,245 [INFO] CodeEngine:289 - Generated code: C:\Users\Chinnapop\STM32CubeIDE\workspace\IMU emulator\MXTmpFiles\system.tmp
2025-07-22 15:06:42,261 [INFO] CodeEngine:321 - oldGeneratedFile, C:\Users\Chinnapop\STM32CubeIDE\workspace\IMU emulator\Core\Inc\stm32f7xx_hal_conf.h_save
2025-07-22 15:06:42,344 [INFO] CodeEngine:345 - Generated code: C:\Users\Chinnapop\STM32CubeIDE\workspace\IMU emulator\Core\Inc\stm32f7xx_hal_conf.h
2025-07-22 15:06:42,364 [WARN] IPConfigManager:3811 - IP not found : TIM
2025-07-22 15:06:42,366 [WARN] CodeGenerator:4259 - IP not found : null
2025-07-22 15:06:42,377 [INFO] CodeEngine:265 - oldGeneratedFile, C:\Users\Chinnapop\STM32CubeIDE\workspace\IMU emulator\Core\Inc\main.h_save
2025-07-22 15:06:42,455 [INFO] CodeEngine:289 - Generated code: C:\Users\Chinnapop\STM32CubeIDE\workspace\IMU emulator\Core\Inc\main.h
2025-07-22 15:06:42,465 [INFO] CodeEngine:265 - oldGeneratedFile, C:\Users\Chinnapop\STM32CubeIDE\workspace\IMU emulator\Core\Src\main.c_save
2025-07-22 15:06:42,634 [INFO] CodeEngine:289 - Generated code: C:\Users\Chinnapop\STM32CubeIDE\workspace\IMU emulator\Core\Src\main.c
2025-07-22 15:06:43,008 [INFO] ProjectBuilder:3606 - Time for Copy HAL[1] : 244mS.
2025-07-22 15:06:43,015 [INFO] ProjectBuilder:5216 - Project Generator version: 4.7.0-B52
2025-07-22 15:06:43,103 [INFO] ConfigFileManager:1595 - The Die is : DIE452
2025-07-22 15:06:43,923 [INFO] ProjectBuilder:5496 - Time for Generating toolchain IDE Files: 908mS.
2025-07-22 15:06:43,924 [INFO] ProjectBuilder:3463 - Time for Copy CMSIS : 0mS.
2025-07-22 15:06:43,929 [INFO] ProjectBuilder:3463 - Time for Copy CMSIS : 0mS.
2025-07-22 15:10:28,935 [INFO] WebApp:194 - Connection lost
2025-07-22 15:10:29,460 [INFO] WebApp:191 - Connection restablished
2025-07-22 15:22:14,304 [INFO] NvicIntPanel:101 - NVIC parent = com.st.microxplorer.plugins.ip.nvic.MultiNvicIntPanel[,0,0,0x0,invalid,layout=javax.swing.BoxLayout,alignmentX=0.0,alignmentY=0.0,border=,flags=9,maximumSize=,minimumSize=,preferredSize=]
2025-07-22 15:22:28,321 [INFO] UtilMem:75 - End SaveConfig() Used Memory: 485979168 Bytes (1073741824)
2025-07-22 15:22:32,383 [INFO] UtilMem:75 - End SaveConfig() Used Memory: 586115512 Bytes (1073741824)
2025-07-22 15:22:33,072 [INFO] BlockDiagram:2775 - set Specific Code input for plugin: TIM6_7F7
2025-07-22 15:22:33,072 [INFO] BlockDiagram:2775 - set Specific Code input for plugin: CAN
2025-07-22 15:22:33,074 [INFO] BlockDiagram:2775 - set Specific Code input for plugin: SYS
2025-07-22 15:22:33,074 [INFO] BlockDiagram:2775 - set Specific Code input for plugin: RCC
2025-07-22 15:22:33,074 [INFO] BlockDiagram:2775 - set Specific Code input for plugin: NVIC
2025-07-22 15:22:33,074 [INFO] BlockDiagram:2775 - set Specific Code input for plugin: USART
2025-07-22 15:22:33,074 [INFO] BlockDiagram:2775 - set Specific Code input for plugin: GPIO
2025-07-22 15:22:33,075 [INFO] CodeGenerator:892 - code generatio: config db path: C:\ST\STM32CubeIDE_1.16.1\STM32CubeIDE\plugins\com.st.stm32cube.common.mx_6.15.0.202507011659\\db\
2025-07-22 15:22:33,165 [INFO] CodeEngine:265 - oldGeneratedFile, C:\Users\Chinnapop\STM32CubeIDE\workspace\IMU emulator\MXTmpFiles\license.tmp_save
2025-07-22 15:22:33,504 [INFO] CodeEngine:289 - Generated code: C:\Users\Chinnapop\STM32CubeIDE\workspace\IMU emulator\MXTmpFiles\license.tmp
2025-07-22 15:22:33,577 [INFO] CodeEngine:265 - oldGeneratedFile, C:\Users\Chinnapop\STM32CubeIDE\workspace\IMU emulator\MXTmpFiles\gpio.tmp_save
2025-07-22 15:22:33,805 [INFO] CodeEngine:289 - Generated code: C:\Users\Chinnapop\STM32CubeIDE\workspace\IMU emulator\MXTmpFiles\gpio.tmp
2025-07-22 15:22:34,095 [INFO] CodeEngine:265 - oldGeneratedFile, C:\Users\Chinnapop\STM32CubeIDE\workspace\IMU emulator\MXTmpFiles\cortex.tmp_save
2025-07-22 15:22:34,264 [INFO] CodeEngine:289 - Generated code: C:\Users\Chinnapop\STM32CubeIDE\workspace\IMU emulator\MXTmpFiles\cortex.tmp
2025-07-22 15:22:34,289 [INFO] CodeEngine:265 - oldGeneratedFile, C:\Users\Chinnapop\STM32CubeIDE\workspace\IMU emulator\Core\Src\stm32f7xx_it.c_save
2025-07-22 15:22:34,684 [INFO] CodeEngine:289 - Generated code: C:\Users\Chinnapop\STM32CubeIDE\workspace\IMU emulator\Core\Src\stm32f7xx_it.c
2025-07-22 15:22:34,697 [INFO] CodeEngine:265 - oldGeneratedFile, C:\Users\Chinnapop\STM32CubeIDE\workspace\IMU emulator\Core\Inc\stm32f7xx_it.h_save
2025-07-22 15:22:34,805 [INFO] CodeEngine:289 - Generated code: C:\Users\Chinnapop\STM32CubeIDE\workspace\IMU emulator\Core\Inc\stm32f7xx_it.h
2025-07-22 15:22:34,831 [INFO] CodeEngine:265 - oldGeneratedFile, C:\Users\Chinnapop\STM32CubeIDE\workspace\IMU emulator\Core\Src\stm32f7xx_hal_msp.c_save
2025-07-22 15:22:35,043 [INFO] CodeEngine:289 - Generated code: C:\Users\Chinnapop\STM32CubeIDE\workspace\IMU emulator\Core\Src\stm32f7xx_hal_msp.c
2025-07-22 15:22:35,057 [INFO] CodeEngine:265 - oldGeneratedFile, C:\Users\Chinnapop\STM32CubeIDE\workspace\IMU emulator\MXTmpFiles\system.tmp_save
2025-07-22 15:22:35,181 [INFO] CodeEngine:289 - Generated code: C:\Users\Chinnapop\STM32CubeIDE\workspace\IMU emulator\MXTmpFiles\system.tmp
2025-07-22 15:22:35,210 [INFO] CodeEngine:321 - oldGeneratedFile, C:\Users\Chinnapop\STM32CubeIDE\workspace\IMU emulator\Core\Inc\stm32f7xx_hal_conf.h_save
2025-07-22 15:22:35,317 [INFO] CodeEngine:345 - Generated code: C:\Users\Chinnapop\STM32CubeIDE\workspace\IMU emulator\Core\Inc\stm32f7xx_hal_conf.h
2025-07-22 15:22:35,366 [INFO] ApiDbMcu:532 - Load IP Config File for USART2
2025-07-22 15:22:35,368 [WARN] IPConfigManager:3811 - IP not found : TIM
2025-07-22 15:22:35,370 [WARN] CodeGenerator:4259 - IP not found : null
2025-07-22 15:22:35,383 [INFO] CodeEngine:265 - oldGeneratedFile, C:\Users\Chinnapop\STM32CubeIDE\workspace\IMU emulator\Core\Inc\main.h_save
2025-07-22 15:22:35,527 [INFO] CodeEngine:289 - Generated code: C:\Users\Chinnapop\STM32CubeIDE\workspace\IMU emulator\Core\Inc\main.h
2025-07-22 15:22:35,554 [INFO] CodeEngine:265 - oldGeneratedFile, C:\Users\Chinnapop\STM32CubeIDE\workspace\IMU emulator\Core\Src\main.c_save
2025-07-22 15:22:35,723 [INFO] CodeEngine:289 - Generated code: C:\Users\Chinnapop\STM32CubeIDE\workspace\IMU emulator\Core\Src\main.c
2025-07-22 15:22:36,244 [INFO] ProjectBuilder:3606 - Time for Copy HAL[1] : 366mS.
2025-07-22 15:22:36,253 [INFO] ProjectBuilder:5216 - Project Generator version: 4.7.0-B52
2025-07-22 15:22:36,341 [INFO] ConfigFileManager:1595 - The Die is : DIE452
2025-07-22 15:22:38,003 [INFO] ProjectBuilder:5496 - Time for Generating toolchain IDE Files: 1751mS.
2025-07-22 15:22:38,005 [INFO] ProjectBuilder:3463 - Time for Copy CMSIS : 1mS.
2025-07-22 15:22:38,012 [INFO] ProjectBuilder:3463 - Time for Copy CMSIS : 0mS.
2025-07-22 15:41:12,447 [INFO] WebApp:194 - Connection lost
2025-07-22 15:41:13,005 [INFO] WebApp:191 - Connection restablished
2025-07-22 15:58:02,172 [INFO] WebApp:194 - Connection lost
2025-07-22 15:58:02,512 [INFO] WebApp:191 - Connection restablished
2025-07-22 15:58:05,446 [INFO] WebApp:194 - Connection lost
2025-07-22 15:58:05,765 [INFO] WebApp:191 - Connection restablished
2025-07-22 16:03:11,503 [INFO] WebApp:194 - Connection lost
2025-07-22 16:03:11,862 [INFO] WebApp:191 - Connection restablished
2025-07-22 16:03:14,923 [INFO] WebApp:194 - Connection lost
2025-07-22 16:03:15,214 [INFO] WebApp:191 - Connection restablished
2025-07-22 16:33:46,936 [INFO] WebApp:194 - Connection lost
2025-07-22 16:33:47,420 [INFO] WebApp:191 - Connection restablished
2025-07-22 16:36:32,910 [ERROR] LogOutputStream:75 - [STDERR_REDIRECT] 
