2026-01-21 08:58:23,878 [INFO] Activator:176 - 


2026-01-21 08:58:23,883 [INFO] Activator:177 - !SESSION log4j initialized
2026-01-21 08:58:54,899 [INFO] LogOutputStream:77 - [STDOUT_REDIRECT] 
2026-01-21 08:59:01,865 [INFO] ApplicationProperties:184 - Using Application install path: C:\ST\STM32CubeIDE_1.16.1\STM32CubeIDE\plugins\com.st.stm32cube.common.mx_6.15.0.202507011659
2026-01-21 08:59:01,904 [INFO] DbMcusXml:78 - Set database path to: C:\ST\STM32CubeIDE_1.16.1\STM32CubeIDE\plugins\com.st.stm32cube.common.mx_6.15.0.202507011659\\db\/mcu/
2026-01-21 08:59:01,905 [INFO] ApiDb:274 - Set plugin database path to: C:\ST\STM32CubeIDE_1.16.1\STM32CubeIDE\plugins\com.st.stm32cube.common.mx_6.15.0.202507011659\\db\/plugins/boardmanager/
2026-01-21 08:59:01,905 [WARN] ApiDb:259 - Overriding images path with different value:  => C:\ST\STM32CubeIDE_1.16.1\STM32CubeIDE\plugins\com.st.stm32cube.common.mx_6.15.0.202507011659\\db\/plugins/mcufinder/images/
2026-01-21 08:59:01,918 [INFO] ApiDb:250 - Set database path to: C:\Users\Chinnapop\.stmcufinder\plugins\mcufinder//mcu/
2026-01-21 08:59:01,919 [INFO] DbMcusAds:125 - Set database path to: C:\Users\Chinnapop\.stmcufinder\plugins\mcufinder//mcu/
2026-01-21 08:59:01,922 [INFO] CrossReferenceDbSqlite:203 - Set database path to: C:\Users\Chinnapop\.stmcufinder\plugins\mcufinder//mcu/cs/
2026-01-21 08:59:02,066 [INFO] RulesReader:64 - Compatibility file has been processed (317 Rules)
2026-01-21 08:59:02,199 [INFO] DbMcusXml:78 - Set database path to: C:\ST\STM32CubeIDE_1.16.1\STM32CubeIDE\plugins\com.st.stm32cube.common.mx_6.15.0.202507011659\\db\/mcu/
2026-01-21 08:59:02,199 [INFO] ApiDb:274 - Set plugin database path to: C:\ST\STM32CubeIDE_1.16.1\STM32CubeIDE\plugins\com.st.stm32cube.common.mx_6.15.0.202507011659\\db\/plugins/boardmanager/
2026-01-21 08:59:02,199 [INFO] ApiDb:261 - Set plugin images path to: C:\ST\STM32CubeIDE_1.16.1\STM32CubeIDE\plugins\com.st.stm32cube.common.mx_6.15.0.202507011659\\db\/plugins/mcufinder/images/
2026-01-21 08:59:02,199 [WARN] DbFile:41 - Overriding database path with different value: C:\Users\Chinnapop\.stmcufinder\plugins\mcufinder/ => C:\Users\Chinnapop\.stmcufinder\plugins\mcufinder
2026-01-21 08:59:02,200 [INFO] ApiDb:250 - Set database path to: C:\Users\Chinnapop\.stmcufinder\plugins\mcufinder//mcu/
2026-01-21 08:59:02,200 [WARN] DbFile:41 - Overriding database path with different value: C:\Users\Chinnapop\.stmcufinder\plugins\mcufinder/ => C:\Users\Chinnapop\.stmcufinder\plugins\mcufinder
2026-01-21 08:59:02,200 [INFO] DbMcusAds:125 - Set database path to: C:\Users\Chinnapop\.stmcufinder\plugins\mcufinder//mcu/
2026-01-21 08:59:02,200 [WARN] DbFile:41 - Overriding database path with different value: C:\Users\Chinnapop\.stmcufinder\plugins\mcufinder/ => C:\Users\Chinnapop\.stmcufinder\plugins\mcufinder
2026-01-21 08:59:02,200 [WARN] DbFile:41 - Overriding database path with different value: C:\Users\Chinnapop\.stmcufinder\plugins\mcufinder/ => C:\Users\Chinnapop\.stmcufinder\plugins\mcufinder
2026-01-21 08:59:02,200 [INFO] CrossReferenceDbSqlite:203 - Set database path to: C:\Users\Chinnapop\.stmcufinder\plugins\mcufinder//mcu/cs/
2026-01-21 08:59:02,309 [INFO] MainPanel:274 - HeapMemory: 268435456
2026-01-21 08:59:02,436 [INFO] DbMcusXml:78 - Set database path to: C:\ST\STM32CubeIDE_1.16.1\STM32CubeIDE\plugins\com.st.stm32cube.common.mx_6.15.0.202507011659\\db\/mcu/
2026-01-21 08:59:02,437 [INFO] ApiDb:274 - Set plugin database path to: C:\ST\STM32CubeIDE_1.16.1\STM32CubeIDE\plugins\com.st.stm32cube.common.mx_6.15.0.202507011659\\db\/plugins/boardmanager/
2026-01-21 08:59:02,437 [INFO] ApiDb:261 - Set plugin images path to: C:\ST\STM32CubeIDE_1.16.1\STM32CubeIDE\plugins\com.st.stm32cube.common.mx_6.15.0.202507011659\\db\/plugins/mcufinder/images/
2026-01-21 08:59:02,437 [WARN] DbFile:41 - Overriding database path with different value: C:\Users\Chinnapop\.stmcufinder\plugins\mcufinder/ => C:\Users\Chinnapop\.stmcufinder\plugins\mcufinder
2026-01-21 08:59:02,437 [INFO] ApiDb:250 - Set database path to: C:\Users\Chinnapop\.stmcufinder\plugins\mcufinder//mcu/
2026-01-21 08:59:02,437 [WARN] DbFile:41 - Overriding database path with different value: C:\Users\Chinnapop\.stmcufinder\plugins\mcufinder/ => C:\Users\Chinnapop\.stmcufinder\plugins\mcufinder
2026-01-21 08:59:02,437 [INFO] DbMcusAds:125 - Set database path to: C:\Users\Chinnapop\.stmcufinder\plugins\mcufinder//mcu/
2026-01-21 08:59:02,437 [WARN] DbFile:41 - Overriding database path with different value: C:\Users\Chinnapop\.stmcufinder\plugins\mcufinder/ => C:\Users\Chinnapop\.stmcufinder\plugins\mcufinder
2026-01-21 08:59:02,437 [WARN] DbFile:41 - Overriding database path with different value: C:\Users\Chinnapop\.stmcufinder\plugins\mcufinder/ => C:\Users\Chinnapop\.stmcufinder\plugins\mcufinder
2026-01-21 08:59:02,437 [INFO] CrossReferenceDbSqlite:203 - Set database path to: C:\Users\Chinnapop\.stmcufinder\plugins\mcufinder//mcu/cs/
2026-01-21 08:59:02,465 [INFO] ApplicationProperties:184 - Using Application install path: C:\ST\STM32CubeIDE_1.16.1\STM32CubeIDE\plugins\com.st.stm32cube.common.mx_6.15.0.202507011659
2026-01-21 08:59:02,467 [INFO] PluginManage:196 - Search for loadable plugins [exclusion list=, ]
2026-01-21 08:59:02,470 [INFO] PluginManage:310 - Check plugin analytics
2026-01-21 08:59:07,619 [INFO] AnalyticsPlugin:253 - Accepted Software Licenses: 
2026-01-21 08:59:07,620 [INFO] AnalyticsPlugin:255 - Accepted CMSIS Pack Licenses: 
2026-01-21 08:59:07,620 [INFO] AnalyticsPlugin:257 - Accepted Firmware Licenses: FW.F7.1.17.0
2026-01-21 08:59:07,623 [INFO] PluginManage:359 - Loaded plugin analytics (category:tool,tabindex:-1)
2026-01-21 08:59:07,623 [INFO] PluginManage:310 - Check plugin cadmodel
2026-01-21 08:59:07,645 [INFO] CADModel:105 - Init CAD model plugin
2026-01-21 08:59:07,646 [INFO] PluginManage:359 - Loaded plugin cadmodel (category:power,tabindex:5)
2026-01-21 08:59:07,646 [INFO] PluginManage:310 - Check plugin clock
2026-01-21 08:59:07,671 [INFO] PluginManage:359 - Loaded plugin clock (category:base,tabindex:2)
2026-01-21 08:59:07,672 [INFO] PluginManage:310 - Check plugin ddr
2026-01-21 08:59:07,674 [INFO] PluginManage:359 - Loaded plugin ddr (category:tool,tabindex:6)
2026-01-21 08:59:07,675 [INFO] PluginManage:310 - Check plugin filemanager
2026-01-21 08:59:07,850 [INFO] PluginManage:359 - Loaded plugin filemanager (category:base,tabindex:10)
2026-01-21 08:59:07,850 [INFO] PluginManage:310 - Check plugin ipmanager
2026-01-21 08:59:07,858 [INFO] PluginManage:359 - Loaded plugin ipmanager (category:base,tabindex:5)
2026-01-21 08:59:07,858 [INFO] PluginManage:310 - Check plugin lpbam
2026-01-21 08:59:07,907 [INFO] PluginManage:359 - Loaded plugin lpbam (category:base,tabindex:0)
2026-01-21 08:59:07,907 [INFO] PluginManage:310 - Check plugin memorymap
2026-01-21 08:59:07,956 [INFO] PluginManage:359 - Loaded plugin memorymap (category:base,tabindex:4)
2026-01-21 08:59:07,957 [INFO] PluginManage:310 - Check plugin pinoutandconfiguration
2026-01-21 08:59:07,994 [INFO] PluginManage:359 - Loaded plugin pinoutandconfiguration (category:base,tabindex:1)
2026-01-21 08:59:07,995 [INFO] PluginManage:310 - Check plugin pinoutconfig
2026-01-21 08:59:08,126 [WARN] SupportedApi:132 - Cannot load RTOS API schema: s4s-elt-must-match.1: The content of 'definitions' must match (annotation?, (simpleType | complexType)?, (unique | key | keyref)*)). A problem was found starting at: attribute.
2026-01-21 08:59:08,265 [INFO] PluginManage:359 - Loaded plugin pinoutconfig (category:base,tabindex:0)
2026-01-21 08:59:08,266 [INFO] PluginManage:310 - Check plugin power
2026-01-21 08:59:08,294 [INFO] PluginManage:359 - Loaded plugin power (category:power,tabindex:4)
2026-01-21 08:59:08,294 [INFO] PluginManage:310 - Check plugin projectmanager
2026-01-21 08:59:08,313 [INFO] PluginManage:359 - Loaded plugin projectmanager (category:projectmanager,tabindex:4)
2026-01-21 08:59:08,314 [INFO] PluginManage:310 - Check plugin rif
2026-01-21 08:59:08,338 [INFO] PluginManage:359 - Loaded plugin rif (category:base,tabindex:3)
2026-01-21 08:59:08,338 [INFO] PluginManage:310 - Check plugin thirdparty
2026-01-21 08:59:08,820 [INFO] PluginManage:359 - Loaded plugin thirdparty (category:base,tabindex:-1)
2026-01-21 08:59:08,820 [INFO] PluginManage:310 - Check plugin tools
2026-01-21 08:59:08,820 [WARN] IntegrityCheckThread:84 - waiting for thirdparty lock release [integrity check]
2026-01-21 08:59:08,821 [INFO] IntegrityCheckThread:86 - entering critical section [integrity check]
2026-01-21 08:59:08,821 [INFO] ThirdPartyUpdaterWithRetryManager:70 - Updater plugin not ready yet. [1/15]
2026-01-21 08:59:08,974 [INFO] PluginManage:359 - Loaded plugin tools (category:base,tabindex:7)
2026-01-21 08:59:08,974 [INFO] PluginManage:310 - Check plugin tutovideos
2026-01-21 08:59:09,297 [INFO] PluginManage:359 - Loaded plugin tutovideos (category:base,tabindex:-1)
2026-01-21 08:59:09,298 [INFO] PluginManage:310 - Check plugin updater
2026-01-21 08:59:09,326 [INFO] PluginManage:359 - Loaded plugin updater (category:base,tabindex:12)
2026-01-21 08:59:09,326 [INFO] PluginManage:310 - Check plugin userauth
2026-01-21 08:59:09,331 [INFO] UserAuth:118 - Init User Auth plugin
2026-01-21 08:59:09,331 [INFO] PluginManage:359 - Loaded plugin userauth (category:base,tabindex:14)
2026-01-21 08:59:09,332 [INFO] PluginManage:283 - PluginManage : Loaded plugins [18]
2026-01-21 08:59:09,652 [INFO] PinOutPanel:1589 - setPackage(No Configuration,No Configuration)
2026-01-21 08:59:09,780 [INFO] CADModel:165 - CPN selected for project level
2026-01-21 08:59:09,780 [INFO] CADModel:114 - Register for checkConnection events
2026-01-21 08:59:09,827 [INFO] IPUIPlugin:80 - create IPUIPlugin
2026-01-21 08:59:09,828 [INFO] PluginManager:220 - loadIPPluginJar : add adc
2026-01-21 08:59:09,939 [INFO] IPUIPlugin:80 - create IPUIPlugin
2026-01-21 08:59:09,940 [INFO] PluginManager:220 - loadIPPluginJar : add aes
2026-01-21 08:59:10,106 [INFO] IPUIPlugin:80 - create IPUIPlugin
2026-01-21 08:59:10,107 [INFO] PluginManager:220 - loadIPPluginJar : add can
2026-01-21 08:59:10,174 [INFO] IPUIPlugin:80 - create IPUIPlugin
2026-01-21 08:59:10,174 [INFO] PluginManager:220 - loadIPPluginJar : add comp
2026-01-21 08:59:10,280 [INFO] IPUIPlugin:80 - create IPUIPlugin
2026-01-21 08:59:10,280 [INFO] PluginManager:220 - loadIPPluginJar : add cryp
2026-01-21 08:59:10,323 [INFO] IPUIPlugin:80 - create IPUIPlugin
2026-01-21 08:59:10,323 [INFO] PluginManager:220 - loadIPPluginJar : add ddr_ctrl_phy
2026-01-21 08:59:10,430 [INFO] IPUIPlugin:80 - create IPUIPlugin
2026-01-21 08:59:10,431 [INFO] PluginManager:220 - loadIPPluginJar : add dfsdm
2026-01-21 08:59:10,465 [INFO] IPUIPlugin:80 - create IPUIPlugin
2026-01-21 08:59:10,466 [INFO] PluginManager:220 - loadIPPluginJar : add dma
2026-01-21 08:59:10,633 [INFO] IPUIPlugin:80 - create IPUIPlugin
2026-01-21 08:59:10,633 [INFO] PluginManager:220 - loadIPPluginJar : add dma3
2026-01-21 08:59:10,790 [INFO] IPUIPlugin:80 - create IPUIPlugin
2026-01-21 08:59:10,791 [INFO] PluginManager:220 - loadIPPluginJar : add extmemmanager
2026-01-21 08:59:10,862 [INFO] IPUIPlugin:80 - create IPUIPlugin
2026-01-21 08:59:10,863 [INFO] PluginManager:220 - loadIPPluginJar : add fatfs
2026-01-21 08:59:10,986 [INFO] IPUIPlugin:80 - create IPUIPlugin
2026-01-21 08:59:10,986 [INFO] PluginManager:220 - loadIPPluginJar : add fmc
2026-01-21 08:59:11,034 [INFO] IPUIPlugin:80 - create IPUIPlugin
2026-01-21 08:59:11,035 [INFO] PluginManager:220 - loadIPPluginJar : add freertos
2026-01-21 08:59:11,089 [INFO] IPUIPlugin:80 - create IPUIPlugin
2026-01-21 08:59:11,089 [INFO] PluginManager:220 - loadIPPluginJar : add genericplugin
2026-01-21 08:59:11,514 [INFO] IPUIPlugin:80 - create IPUIPlugin
2026-01-21 08:59:11,514 [INFO] PluginManager:220 - loadIPPluginJar : add gfxmmu
2026-01-21 08:59:11,824 [INFO] ThirdPartyUpdaterWithRetryManager:70 - Updater plugin not ready yet. [2/15]
2026-01-21 08:59:12,095 [INFO] IPUIPlugin:80 - create IPUIPlugin
2026-01-21 08:59:12,096 [INFO] PluginManager:220 - loadIPPluginJar : add gic
2026-01-21 08:59:12,135 [INFO] IPUIPlugin:80 - create IPUIPlugin
2026-01-21 08:59:12,136 [INFO] PluginManager:220 - loadIPPluginJar : add gpio
2026-01-21 08:59:12,513 [INFO] IPUIPlugin:80 - create IPUIPlugin
2026-01-21 08:59:12,514 [INFO] PluginManager:220 - loadIPPluginJar : add gtzc
2026-01-21 08:59:12,624 [INFO] IPUIPlugin:80 - create IPUIPlugin
2026-01-21 08:59:12,625 [INFO] PluginManager:220 - loadIPPluginJar : add hash
2026-01-21 08:59:12,850 [INFO] IPUIPlugin:80 - create IPUIPlugin
2026-01-21 08:59:12,850 [INFO] PluginManager:220 - loadIPPluginJar : add i2c
2026-01-21 08:59:12,967 [INFO] IPUIPlugin:80 - create IPUIPlugin
2026-01-21 08:59:12,967 [INFO] PluginManager:220 - loadIPPluginJar : add i2s
2026-01-21 08:59:13,088 [INFO] IPUIPlugin:80 - create IPUIPlugin
2026-01-21 08:59:13,089 [INFO] PluginManager:220 - loadIPPluginJar : add i3c
2026-01-21 08:59:13,420 [INFO] IPUIPlugin:80 - create IPUIPlugin
2026-01-21 08:59:13,421 [INFO] PluginManager:220 - loadIPPluginJar : add ipddr
2026-01-21 08:59:13,773 [INFO] IPUIPlugin:80 - create IPUIPlugin
2026-01-21 08:59:13,773 [INFO] PluginManager:220 - loadIPPluginJar : add linkedlist
2026-01-21 08:59:13,843 [INFO] IPUIPlugin:80 - create IPUIPlugin
2026-01-21 08:59:13,843 [INFO] PluginManager:220 - loadIPPluginJar : add lorawan
2026-01-21 08:59:13,971 [INFO] IPUIPlugin:80 - create IPUIPlugin
2026-01-21 08:59:13,971 [INFO] PluginManager:220 - loadIPPluginJar : add ltdc
2026-01-21 08:59:13,990 [INFO] IPUIPlugin:80 - create IPUIPlugin
2026-01-21 08:59:13,992 [INFO] PluginManager:220 - loadIPPluginJar : add mdma
2026-01-21 08:59:14,008 [INFO] IPUIPlugin:80 - create IPUIPlugin
2026-01-21 08:59:14,008 [INFO] PluginManager:220 - loadIPPluginJar : add nvic
2026-01-21 08:59:14,101 [INFO] IPUIPlugin:80 - create IPUIPlugin
2026-01-21 08:59:14,101 [INFO] PluginManager:220 - loadIPPluginJar : add opamp
2026-01-21 08:59:14,294 [INFO] IPUIPlugin:80 - create IPUIPlugin
2026-01-21 08:59:14,294 [INFO] PluginManager:220 - loadIPPluginJar : add openamp
2026-01-21 08:59:14,394 [INFO] IPUIPlugin:80 - create IPUIPlugin
2026-01-21 08:59:14,394 [INFO] PluginManager:220 - loadIPPluginJar : add pdm2pcm
2026-01-21 08:59:14,415 [INFO] IPUIPlugin:80 - create IPUIPlugin
2026-01-21 08:59:14,419 [INFO] PluginManager:220 - loadIPPluginJar : add plateformsettings
2026-01-21 08:59:14,454 [INFO] IPUIPlugin:80 - create IPUIPlugin
2026-01-21 08:59:14,454 [INFO] PluginManager:220 - loadIPPluginJar : add quadspi
2026-01-21 08:59:14,496 [INFO] IPUIPlugin:80 - create IPUIPlugin
2026-01-21 08:59:14,497 [INFO] PluginManager:220 - loadIPPluginJar : add radio
2026-01-21 08:59:14,539 [INFO] IPUIPlugin:80 - create IPUIPlugin
2026-01-21 08:59:14,540 [INFO] PluginManager:220 - loadIPPluginJar : add resmgrutility
2026-01-21 08:59:14,724 [INFO] IPUIPlugin:80 - create IPUIPlugin
2026-01-21 08:59:14,724 [INFO] PluginManager:220 - loadIPPluginJar : add sai
2026-01-21 08:59:14,825 [INFO] ThirdPartyUpdaterWithRetryManager:70 - Updater plugin not ready yet. [3/15]
2026-01-21 08:59:14,874 [INFO] IPUIPlugin:80 - create IPUIPlugin
2026-01-21 08:59:14,874 [INFO] PluginManager:220 - loadIPPluginJar : add spi
2026-01-21 08:59:15,104 [INFO] IPUIPlugin:80 - create IPUIPlugin
2026-01-21 08:59:15,104 [INFO] PluginManager:220 - loadIPPluginJar : add stm32_wpan
2026-01-21 08:59:15,202 [INFO] IPUIPlugin:80 - create IPUIPlugin
2026-01-21 08:59:15,202 [INFO] PluginManager:220 - loadIPPluginJar : add tim
2026-01-21 08:59:15,428 [INFO] IPUIPlugin:80 - create IPUIPlugin
2026-01-21 08:59:15,428 [INFO] PluginManager:220 - loadIPPluginJar : add touchsensing
2026-01-21 08:59:15,502 [INFO] IPUIPlugin:80 - create IPUIPlugin
2026-01-21 08:59:15,503 [INFO] PluginManager:220 - loadIPPluginJar : add tracer_emb
2026-01-21 08:59:15,605 [INFO] IPUIPlugin:80 - create IPUIPlugin
2026-01-21 08:59:15,605 [INFO] PluginManager:220 - loadIPPluginJar : add ts
2026-01-21 08:59:15,690 [INFO] IPUIPlugin:80 - create IPUIPlugin
2026-01-21 08:59:15,690 [INFO] PluginManager:220 - loadIPPluginJar : add tsc
2026-01-21 08:59:15,781 [INFO] IPUIPlugin:80 - create IPUIPlugin
2026-01-21 08:59:15,781 [INFO] PluginManager:220 - loadIPPluginJar : add ucpd
2026-01-21 08:59:15,975 [INFO] IPUIPlugin:80 - create IPUIPlugin
2026-01-21 08:59:15,976 [INFO] PluginManager:220 - loadIPPluginJar : add usart
2026-01-21 08:59:16,125 [INFO] IPUIPlugin:80 - create IPUIPlugin
2026-01-21 08:59:16,125 [INFO] PluginManager:220 - loadIPPluginJar : add usbx
2026-01-21 08:59:16,269 [FATAL] Updater:351 - Updater called before beeing initialized
2026-01-21 08:59:16,324 [INFO] RulesReader:64 - Compatibility file has been processed (317 Rules)
2026-01-21 08:59:16,343 [INFO] RulesReader:64 - Compatibility file has been processed (317 Rules)
2026-01-21 08:59:16,361 [INFO] CADModel:165 - CPN selected for project level
2026-01-21 08:59:16,361 [INFO] CADModel:114 - Register for checkConnection events
2026-01-21 08:59:16,361 [FATAL] Updater:351 - Updater called before beeing initialized
2026-01-21 08:59:16,361 [ERROR] CADModel:125 - Updater not yet initialized, retry later 
2026-01-21 08:59:16,607 [FATAL] Updater:351 - Updater called before beeing initialized
2026-01-21 08:59:16,611 [INFO] CADModel:165 - CPN selected for project level
2026-01-21 08:59:16,611 [INFO] CADModel:114 - Register for checkConnection events
2026-01-21 08:59:16,611 [FATAL] Updater:351 - Updater called before beeing initialized
2026-01-21 08:59:16,611 [ERROR] CADModel:125 - Updater not yet initialized, retry later 
2026-01-21 08:59:16,617 [FATAL] Updater:351 - Updater called before beeing initialized
2026-01-21 08:59:16,826 [FATAL] Updater:351 - Updater called before beeing initialized
2026-01-21 08:59:16,859 [INFO] DbMcusAds:53 - JSON generation date=Thu Jan 08 22:56:32 ICT 2026 (1767887792457)
2026-01-21 08:59:16,860 [FATAL] Updater:351 - Updater called before beeing initialized
2026-01-21 08:59:16,927 [WARN] DetailPanel:346 - Failed to get advertising image, set to default
2026-01-21 08:59:17,028 [FATAL] Updater:351 - Updater called before beeing initialized
2026-01-21 08:59:17,030 [FATAL] Updater:351 - Updater called before beeing initialized
2026-01-21 08:59:17,030 [FATAL] Updater:351 - Updater called before beeing initialized
2026-01-21 08:59:17,030 [WARN] DetailPanel:346 - Failed to get advertising image, set to default
2026-01-21 08:59:17,031 [FATAL] Updater:351 - Updater called before beeing initialized
2026-01-21 08:59:17,099 [ERROR] Updater:1198 - MainUpdater not yet initialized. External WinMGr cannot be set.
2026-01-21 08:59:17,117 [INFO] Updater:1134 - Updater Version found : 6.15.0
2026-01-21 08:59:17,154 [INFO] ApplicationProperties:184 - Using Application install path: C:\ST\STM32CubeIDE_1.16.1\STM32CubeIDE\plugins\com.st.stm32cube.common.mx_6.15.0.202507011659
2026-01-21 08:59:17,826 [INFO] ThirdPartyUpdaterWithRetryManager:70 - Updater plugin not ready yet. [4/15]
2026-01-21 08:59:18,759 [ERROR] LogOutputStream:75 - [STDERR_REDIRECT] Jan 21, 2026 8:59:18 AM java.util.prefs.WindowsPreferences <init>
2026-01-21 08:59:18,761 [ERROR] LogOutputStream:75 - [STDERR_REDIRECT] WARNING: Could not open/create prefs root node Software\JavaSoft\Prefs at root 0xffffffff80000002. Windows RegCreateKeyEx(...) returned error code 5.
2026-01-21 08:59:18,762 [ERROR] LogOutputStream:75 - [STDERR_REDIRECT] 
2026-01-21 08:59:19,591 [INFO] MainUpdater:2872 - connection check result : 10
2026-01-21 08:59:19,592 [INFO] MainUpdater:289 - Updater Check For Update Now.
2026-01-21 08:59:19,592 [INFO] MicroXplorer:498 - Change Database Version : DB.6.0.150
2026-01-21 08:59:19,667 [INFO] McuFinderGlobals:63 - Set McuFinder mode to 2 (CubeIDE integrated)
2026-01-21 08:59:19,688 [INFO] UserAuth:487 - Internet connection configuration mode: 1
2026-01-21 08:59:19,778 [INFO] JxBrowserEngine:152 - Initiate JxBrowser Engine with user profile folder
2026-01-21 08:59:19,913 [INFO] CheckServerUpdateThread:120 - End of CheckServer Thread
2026-01-21 08:59:21,460 [WARN] PackLoader:240 - Cannot read IP mode file for STMicroelectronics.FP-SNS-MOTENVWB1.1.4.0
2026-01-21 08:59:21,502 [WARN] PackLoader:240 - Cannot read IP mode file for STMicroelectronics.FP-ATR-ASTRA1.2.0.2
2026-01-21 08:59:21,536 [WARN] PackLoader:240 - Cannot read IP mode file for STMicroelectronics.FP-ATR-ASTRA1.2.0.1
2026-01-21 08:59:21,628 [WARN] PackLoader:240 - Cannot read IP mode file for STMicroelectronics.X-CUBE-SMBUS.2.1.0
2026-01-21 08:59:21,656 [WARN] PackLoader:240 - Cannot read IP mode file for STMicroelectronics.X-CUBE-WB05N.1.1.0
2026-01-21 08:59:21,680 [WARN] PackLoader:240 - Cannot read IP mode file for STMicroelectronics.X-CUBE-ST60.1.0.0
2026-01-21 08:59:21,745 [WARN] PackLoader:240 - Cannot read IP mode file for STMicroelectronics.X-CUBE-AZRTOS-F7.1.1.0
2026-01-21 08:59:21,849 [WARN] PackLoader:240 - Cannot read IP mode file for STMicroelectronics.X-CUBE-MEMS1.11.0.0
2026-01-21 08:59:22,056 [WARN] PackLoader:240 - Cannot read IP mode file for STMicroelectronics.FP-SNS-MOTENV1.5.1.0
2026-01-21 08:59:22,082 [WARN] PackLoader:240 - Cannot read IP mode file for STMicroelectronics.FP-SNS-FLIGHT1.5.0.2
2026-01-21 08:59:22,138 [WARN] PackLoader:240 - Cannot read IP mode file for STMicroelectronics.X-CUBE-AZRTOS-H7.3.4.0
2026-01-21 08:59:22,180 [WARN] PackLoader:240 - Cannot read IP mode file for STMicroelectronics.X-CUBE-DISPLAY.3.0.0
2026-01-21 08:59:22,233 [WARN] PackLoader:240 - Cannot read IP mode file for STMicroelectronics.X-CUBE-BLE1.7.0.0
2026-01-21 08:59:22,274 [WARN] PackLoader:240 - Cannot read IP mode file for STMicroelectronics.X-CUBE-NFC10.1.0.0
2026-01-21 08:59:22,371 [WARN] PackLoader:240 - Cannot read IP mode file for STMicroelectronics.X-CUBE-BLEMGR.4.0.0
2026-01-21 08:59:22,422 [WARN] PackLoader:240 - Cannot read IP mode file for STMicroelectronics.X-CUBE-ST60.1.1.0
2026-01-21 08:59:22,464 [WARN] PackLoader:240 - Cannot read IP mode file for emotas.I-CUBE-CANOPEN.1.3.0
2026-01-21 08:59:22,487 [WARN] PackLoader:240 - Cannot read IP mode file for STMicroelectronics.X-CUBE-GNSS1.7.1.0
2026-01-21 08:59:22,523 [WARN] PackLoader:240 - Cannot read IP mode file for STMicroelectronics.X-CUBE-BLEMGR.3.1.0
2026-01-21 08:59:22,543 [WARN] PackLoader:240 - Cannot read IP mode file for STMicroelectronics.X-CUBE-AI.10.0.0
2026-01-21 08:59:22,562 [WARN] PackLoader:240 - Cannot read IP mode file for STMicroelectronics.FP-SNS-STBOX1.2.1.0
2026-01-21 08:59:22,586 [WARN] PackLoader:240 - Cannot read IP mode file for STMicroelectronics.FP-SNS-SMARTAG2.1.2.0
2026-01-21 08:59:22,604 [WARN] PackLoader:240 - Cannot read IP mode file for STMicroelectronics.FP-SNS-FLIGHT1.5.1.0
2026-01-21 08:59:22,672 [WARN] PackLoader:240 - Cannot read IP mode file for STMicroelectronics.X-CUBE-MEMS1.11.1.0
2026-01-21 08:59:22,791 [INFO] LogOutputStream:77 - [STDOUT_REDIRECT] 1 : Invalid condition id : UX_CORESTACK_Condition cause : null
2026-01-21 08:59:22,793 [INFO] LogOutputStream:77 - [STDOUT_REDIRECT] 1 : Invalid condition id : UX_CORESTACK_Condition cause : null
2026-01-21 08:59:22,795 [INFO] LogOutputStream:77 - [STDOUT_REDIRECT] 1 : Invalid condition id : UX_CORESTACK_Condition cause : null
2026-01-21 08:59:22,797 [INFO] LogOutputStream:77 - [STDOUT_REDIRECT] 1 : Invalid condition id : UX_CORESTACK_Condition cause : null
2026-01-21 08:59:22,800 [INFO] LogOutputStream:77 - [STDOUT_REDIRECT] 1 : Invalid condition id : UX_CORESTACK_Condition cause : null
2026-01-21 08:59:22,802 [WARN] PackLoader:240 - Cannot read IP mode file for STMicroelectronics.X-CUBE-AZRTOS-WL.2.0.0
2026-01-21 08:59:22,819 [WARN] PackLoader:240 - Cannot read IP mode file for STMicroelectronics.FP-SNS-MOTENV1.5.0.0
2026-01-21 08:59:22,850 [WARN] PackLoader:240 - Cannot read IP mode file for STMicroelectronics.X-CUBE-AZRTOS-H7RS.1.2.0
2026-01-21 08:59:22,879 [WARN] PackLoader:240 - Cannot read IP mode file for wolfSSL.I-CUBE-wolfMQTT.1.19.0
2026-01-21 08:59:22,906 [WARN] PackLoader:240 - Cannot read IP mode file for WES.I-CUBE-Cesium.1.3.0
2026-01-21 08:59:22,925 [WARN] PackLoader:240 - Cannot read IP mode file for STMicroelectronics.X-CUBE-BLE2.3.3.0
2026-01-21 08:59:22,943 [WARN] PackLoader:240 - Cannot read IP mode file for STMicroelectronics.X-CUBE-NFC9.1.0.0
2026-01-21 08:59:22,960 [WARN] PackLoader:240 - Cannot read IP mode file for STMicroelectronics.X-CUBE-BLE1.7.1.0
2026-01-21 08:59:22,983 [WARN] PackLoader:240 - Cannot read IP mode file for STMicroelectronics.X-CUBE-TCPP.4.1.0
2026-01-21 08:59:23,003 [WARN] PackLoader:240 - Cannot read IP mode file for STMicroelectronics.X-CUBE-FREERTOS.1.4.0
2026-01-21 08:59:23,019 [WARN] PackLoader:240 - Cannot read IP mode file for STMicroelectronics.X-CUBE-EEPRMA1.5.2.0
2026-01-21 08:59:23,056 [WARN] PackLoader:240 - Cannot read IP mode file for STMicroelectronics.X-CUBE-ST67W61.1.1.0
2026-01-21 08:59:23,072 [WARN] PackLoader:240 - Cannot read IP mode file for STMicroelectronics.X-CUBE-AI.10.1.0
2026-01-21 08:59:23,115 [WARN] PackLoader:240 - Cannot read IP mode file for STMicroelectronics.X-CUBE-MEMS1.12.0.0
2026-01-21 08:59:23,241 [WARN] PackLoader:240 - Cannot read IP mode file for STMicroelectronics.X-CUBE-MEMS1.11.2.0
2026-01-21 08:59:23,416 [WARN] PackLoader:240 - Cannot read IP mode file for STMicroelectronics.X-CUBE-AZRTOS-G0.1.1.0
2026-01-21 08:59:23,447 [WARN] PackLoader:240 - Cannot read IP mode file for STMicroelectronics.X-CUBE-SAFEA1.1.2.2
2026-01-21 08:59:23,474 [WARN] PackLoader:240 - Cannot read IP mode file for STMicroelectronics.X-CUBE-NFC4.3.0.0
2026-01-21 08:59:23,495 [WARN] PackLoader:240 - Cannot read IP mode file for EmbeddedOffice.I-CUBE-FS-RTOS.1.0.1
2026-01-21 08:59:23,512 [WARN] PackLoader:240 - Cannot read IP mode file for STMicroelectronics.X-CUBE-WB05N.2.0.0
2026-01-21 08:59:23,534 [WARN] PackLoader:240 - Cannot read IP mode file for STMicroelectronics.X-CUBE-TCPP.4.2.0
2026-01-21 08:59:23,550 [WARN] PackLoader:240 - Cannot read IP mode file for RealThread.X-CUBE-RT-Thread_Nano.4.1.1
2026-01-21 08:59:23,565 [WARN] PackLoader:240 - Cannot read IP mode file for STMicroelectronics.FP-ATR-SIGFOX1.3.2.0
2026-01-21 08:59:23,585 [WARN] ConditionMgr:438 - getConditionDescription Invalid condition id : Cortex-A Device cause : null
2026-01-21 08:59:23,627 [WARN] ConditionMgr:1044 - genDependencies : Invalid condition id : Cortex-A Device cause : null
2026-01-21 08:59:23,627 [WARN] ConditionMgr:1044 - genDependencies : Invalid condition id : Cortex-A Device cause : null
2026-01-21 08:59:23,627 [WARN] ConditionMgr:1044 - genDependencies : Invalid condition id : Cortex-A Device cause : null
2026-01-21 08:59:23,645 [WARN] PackLoader:240 - Cannot read IP mode file for STMicroelectronics.X-CUBE-EEPRMA1.5.1.0
2026-01-21 08:59:23,659 [WARN] PackLoader:240 - Cannot read IP mode file for wolfSSL.I-CUBE-wolfSSL.5.7.4
2026-01-21 08:59:23,675 [WARN] PackLoader:240 - Cannot read IP mode file for ITTIA_DB.I-CUBE-ITTIADB.8.9.0
2026-01-21 08:59:23,678 [INFO] WebApp:169 - Instantiating new browser for Auth
2026-01-21 08:59:23,698 [WARN] PackLoader:240 - Cannot read IP mode file for STMicroelectronics.X-CUBE-ST67W61.1.0.0
2026-01-21 08:59:23,717 [WARN] PackLoader:240 - Cannot read IP mode file for STMicroelectronics.X-CUBE-AI.10.2.0
2026-01-21 08:59:23,771 [WARN] PackLoader:240 - Cannot read IP mode file for SEGGER.I-CUBE-embOS.1.3.1
2026-01-21 08:59:23,814 [WARN] PackLoader:240 - Cannot read IP mode file for STMicroelectronics.X-CUBE-ALGOBUILD.1.4.0
2026-01-21 08:59:23,871 [WARN] PackLoader:240 - Cannot read IP mode file for STMicroelectronics.X-CUBE-MEMS1.11.3.0
2026-01-21 08:59:23,993 [WARN] PackLoader:240 - Cannot read IP mode file for STMicroelectronics.X-CUBE-AI.9.1.0
2026-01-21 08:59:24,012 [WARN] PackLoader:240 - Cannot read IP mode file for STMicroelectronics.X-CUBE-PM33A1.1.0.0
2026-01-21 08:59:24,070 [WARN] PackLoader:240 - Cannot read IP mode file for STMicroelectronics.X-CUBE-AZRTOS-F4.1.1.0
2026-01-21 08:59:24,102 [WARN] PackLoader:240 - Cannot read IP mode file for Avnet-IotConnect.X-CUBE-IoTC-DA16k-PMOD.1.0.0
2026-01-21 08:59:24,130 [WARN] PackLoader:240 - Cannot read IP mode file for STMicroelectronics.X-CUBE-ISPU.2.1.0
2026-01-21 08:59:24,175 [WARN] PackLoader:240 - Cannot read IP mode file for STMicroelectronics.X-CUBE-IPS.3.2.0
2026-01-21 08:59:24,206 [WARN] PackLoader:240 - Cannot read IP mode file for STMicroelectronics.X-CUBE-FREERTOS.1.2.0
2026-01-21 08:59:24,237 [WARN] PackLoader:240 - Cannot read IP mode file for STMicroelectronics.X-CUBE-NFC12.1.0.0
2026-01-21 08:59:24,302 [WARN] PackLoader:240 - Cannot read IP mode file for STMicroelectronics.X-CUBE-AZRTOS-L5.2.0.0
2026-01-21 08:59:24,340 [WARN] PackLoader:240 - Cannot read IP mode file for STMicroelectronics.X-CUBE-NFC6.3.1.0
2026-01-21 08:59:24,365 [WARN] PackLoader:240 - Cannot read IP mode file for STMicroelectronics.X-CUBE-DPower.1.2.0
2026-01-21 08:59:24,412 [WARN] PackLoader:240 - Cannot read IP mode file for STMicroelectronics.X-CUBE-FREERTOS.1.3.1
2026-01-21 08:59:24,454 [WARN] PackLoader:240 - Cannot read IP mode file for STMicroelectronics.X-CUBE-FREERTOS.1.3.0
2026-01-21 08:59:24,482 [WARN] PackLoader:240 - Cannot read IP mode file for STMicroelectronics.X-CUBE-NFC7.1.0.1
2026-01-21 08:59:24,519 [WARN] PackLoader:240 - Cannot read IP mode file for STMicroelectronics.X-CUBE-TOUCHGFX.4.26.0
2026-01-21 08:59:24,550 [WARN] PackLoader:240 - Cannot read IP mode file for STMicroelectronics.FP-SNS-STAIOTCFT.1.0.0
2026-01-21 08:59:24,574 [WARN] PackLoader:240 - Cannot read IP mode file for STMicroelectronics.X-CUBE-DPower.1.3.0
2026-01-21 08:59:24,628 [WARN] ConditionMgr:438 - getConditionDescription Invalid condition id : LAN8742 Phy interface Condition cause : null
2026-01-21 08:59:24,629 [WARN] PackLoader:240 - Cannot read IP mode file for STMicroelectronics.X-CUBE-AZRTOS-L4.2.0.0
2026-01-21 08:59:24,632 [WARN] ConditionMgr:1044 - genDependencies : Invalid condition id : LAN8742 Phy interface Condition cause : null
2026-01-21 08:59:24,632 [WARN] ConditionMgr:1044 - genDependencies : Invalid condition id : LAN8742 Phy interface Condition cause : null
2026-01-21 08:59:24,633 [WARN] ConditionMgr:1044 - genDependencies : Invalid condition id : LAN8742 Phy interface Condition cause : null
2026-01-21 08:59:24,662 [WARN] PackLoader:240 - Cannot read IP mode file for STMicroelectronics.X-CUBE-SFXS2LP1.4.0.0
2026-01-21 08:59:24,694 [WARN] PackLoader:240 - Cannot read IP mode file for STMicroelectronics.X-CUBE-ST67W61.1.2.0
2026-01-21 08:59:24,757 [WARN] PackLoader:240 - Cannot read IP mode file for STMicroelectronics.X-CUBE-AZRTOS-H7.3.3.0
2026-01-21 08:59:24,793 [WARN] PackLoader:240 - Cannot read IP mode file for STMicroelectronics.X-CUBE-BLEMGR.4.1.0
2026-01-21 08:59:24,828 [WARN] PackLoader:240 - Cannot read IP mode file for STMicroelectronics.X-CUBE-IPS.3.0.0
2026-01-21 08:59:24,880 [WARN] ConditionMgr:438 - getConditionDescription Invalid condition id : UX DEVICE CLASS RTOS Condition cause : null
2026-01-21 08:59:24,880 [WARN] ConditionMgr:438 - getConditionDescription Invalid condition id : UX DEVICE CLASS RTOS Condition cause : null
2026-01-21 08:59:24,883 [WARN] PackLoader:240 - Cannot read IP mode file for STMicroelectronics.X-CUBE-AZRTOS-WB.2.0.0
2026-01-21 08:59:24,884 [WARN] ConditionMgr:1044 - genDependencies : Invalid condition id : UX DEVICE CLASS RTOS Condition cause : null
2026-01-21 08:59:24,884 [WARN] ConditionMgr:1044 - genDependencies : Invalid condition id : UX DEVICE CLASS RTOS Condition cause : null
2026-01-21 08:59:24,885 [WARN] ConditionMgr:1044 - genDependencies : Invalid condition id : UX DEVICE CLASS RTOS Condition cause : null
2026-01-21 08:59:24,885 [WARN] ConditionMgr:1044 - genDependencies : Invalid condition id : UX DEVICE CLASS RTOS Condition cause : null
2026-01-21 08:59:24,885 [WARN] ConditionMgr:1044 - genDependencies : Invalid condition id : UX DEVICE CLASS RTOS Condition cause : null
2026-01-21 08:59:24,916 [WARN] PackLoader:240 - Cannot read IP mode file for STMicroelectronics.X-CUBE-GNSS1.7.0.0
2026-01-21 08:59:24,956 [WARN] PackLoader:240 - Cannot read IP mode file for STMicroelectronics.X-CUBE-GNSS1.7.0.1
2026-01-21 08:59:24,988 [WARN] PackLoader:240 - Cannot read IP mode file for STMicroelectronics.X-CUBE-TOUCHGFX.4.25.0
2026-01-21 08:59:25,015 [WARN] PackLoader:240 - Cannot read IP mode file for STMicroelectronics.FP-SNS-STBOX1.2.0.0
2026-01-21 08:59:25,055 [WARN] PackLoader:240 - Cannot read IP mode file for STMicroelectronics.X-CUBE-SUBG2.5.0.0
2026-01-21 08:59:25,117 [WARN] PackLoader:240 - Cannot read IP mode file for STMicroelectronics.X-CUBE-AZRTOS-H7RS.1.1.0
2026-01-21 08:59:25,155 [WARN] PackLoader:240 - Cannot read IP mode file for Cesanta.I-CUBE-Mongoose.7.13.0
2026-01-21 08:59:25,199 [WARN] PackLoader:240 - Cannot read IP mode file for STMicroelectronics.X-CUBE-AZRTOS-G4.2.0.0
2026-01-21 08:59:25,228 [WARN] PackLoader:240 - Cannot read IP mode file for STMicroelectronics.X-CUBE-NFC7.2.0.0
2026-01-21 08:59:25,255 [WARN] PackLoader:240 - Cannot read IP mode file for STMicroelectronics.X-CUBE-IPS.3.1.0
2026-01-21 08:59:25,274 [WARN] PackLoader:240 - Cannot read IP mode file for STMicroelectronics.X-CUBE-ALS.1.0.2
2026-01-21 08:59:25,291 [WARN] PackLoader:240 - Cannot read IP mode file for STMicroelectronics.X-CUBE-TOUCHGFX.4.24.2
2026-01-21 08:59:25,308 [WARN] PackLoader:240 - Cannot read IP mode file for STMicroelectronics.X-CUBE-TOUCHGFX.4.24.1
2026-01-21 08:59:25,331 [WARN] PackLoader:240 - Cannot read IP mode file for STMicroelectronics.X-CUBE-STSE01.1.0.0
2026-01-21 08:59:25,350 [WARN] PackLoader:240 - Cannot read IP mode file for wolfSSL.I-CUBE-wolfTPM.3.4.0
2026-01-21 08:59:25,371 [WARN] PackLoader:240 - Cannot read IP mode file for portGmbH.I-Cube-SoM-uGOAL.1.1.0
2026-01-21 08:59:25,409 [WARN] PackLoader:240 - Cannot read IP mode file for STMicroelectronics.X-CUBE-AZRTOS-H7RS.1.0.0
2026-01-21 08:59:25,432 [WARN] PackLoader:240 - Cannot read IP mode file for STMicroelectronics.FP-ATR-ASTRA1.2.0.0
2026-01-21 08:59:25,457 [WARN] PackLoader:240 - Cannot read IP mode file for STMicroelectronics.X-CUBE-TOF1.3.4.2
2026-01-21 08:59:25,489 [WARN] PackLoader:240 - Cannot read IP mode file for STMicroelectronics.X-CUBE-TOF1.3.4.3
2026-01-21 08:59:25,529 [WARN] PackLoader:240 - Cannot read IP mode file for Infineon.AIROC-Wi-Fi-Bluetooth-STM32.1.6.1
2026-01-21 08:59:25,551 [WARN] PackLoader:240 - Cannot read IP mode file for wolfSSL.I-CUBE-wolfSSH.1.4.17
2026-01-21 08:59:25,552 [INFO] ThirdParty:978 - Integrity check success = true
2026-01-21 08:59:25,552 [INFO] IntegrityCheckThread:100 - exiting critical section [integrity check]
2026-01-21 08:59:25,552 [INFO] IntegrityCheckThread:103 - End integrity checks thread
2026-01-21 08:59:26,774 [INFO] WebApp:463 - Apply proxy settings
2026-01-21 08:59:26,776 [INFO] WebApp:548 - Chromium requires no authentication
2026-01-21 08:59:26,796 [INFO] WebApp:491 - Direct internet connection detected
2026-01-21 08:59:26,840 [INFO] WebApp:900 - Register for checkConnection events
2026-01-21 08:59:26,841 [INFO] WebApp:463 - Apply proxy settings
2026-01-21 08:59:26,841 [INFO] WebApp:548 - Chromium requires no authentication
2026-01-21 08:59:26,843 [INFO] WebApp:491 - Direct internet connection detected
2026-01-21 08:59:27,083 [INFO] WebApp:191 - Connection restablished
2026-01-21 08:59:27,199 [INFO] WebApp:225 - Starting web application
2026-01-21 08:59:27,199 [INFO] WebApp:593 - Web application path used C:\ST\STM32CubeIDE_1.16.1\STM32CubeIDE\plugins\com.st.stm32cube.common.mx_6.15.0.202507011659\db\plugins\mcufinder\reactClient1\index.html
2026-01-21 08:59:27,455 [INFO] UserAuth:487 - Internet connection configuration mode: 1
2026-01-21 09:16:01,498 [INFO] WebApp:194 - Connection lost
2026-01-21 09:16:01,740 [INFO] WebApp:191 - Connection restablished
2026-01-21 09:46:59,481 [INFO] WebApp:194 - Connection lost
2026-01-21 09:46:59,714 [INFO] WebApp:191 - Connection restablished
2026-01-21 10:17:35,980 [INFO] WebApp:194 - Connection lost
2026-01-21 10:17:36,209 [INFO] WebApp:191 - Connection restablished
2026-01-21 10:47:58,978 [INFO] WebApp:194 - Connection lost
2026-01-21 10:47:59,207 [INFO] WebApp:191 - Connection restablished
2026-01-21 11:18:50,985 [INFO] WebApp:194 - Connection lost
2026-01-21 11:18:51,212 [INFO] WebApp:191 - Connection restablished
2026-01-21 11:23:04,647 [INFO] McuFinderGlobals:63 - Set McuFinder mode to 2 (CubeIDE integrated)
2026-01-21 11:23:04,706 [INFO] MainUpdater:2872 - connection check result : 10
2026-01-21 11:23:04,723 [INFO] MainUpdater:2872 - connection check result : 10
2026-01-21 11:23:05,020 [INFO] MicroXplorer:468 - Change Database Path : 
2026-01-21 11:23:05,021 [INFO] MicroXplorer:498 - Change Database Version : DB.6.0.150
2026-01-21 11:23:05,027 [WARN] ThirdParty:871 - waiting for thirdparty lock release [close project]
2026-01-21 11:23:05,028 [INFO] ThirdParty:873 - entering critical section [close project]
2026-01-21 11:23:05,029 [INFO] ThirdParty:883 - exiting critical section [close project]
2026-01-21 11:23:05,032 [INFO] PinOutPanel:1589 - setPackage(No Configuration,No Configuration)
2026-01-21 11:23:05,036 [INFO] UtilMem:75 - Begin LoadConfig() Used Memory: 909872128 Bytes (1073741824)
2026-01-21 11:23:05,127 [INFO] MicroXplorer:468 - Change Database Path : C:/Users/Chinnapop/.stm32cubemx/databases/DB.6.0.141/db/
2026-01-21 11:23:05,127 [INFO] MicroXplorer:498 - Change Database Version : DB.6.0.141
2026-01-21 11:23:06,737 [INFO] OpenFileManager:355 - Change cursor
2026-01-21 11:23:06,870 [INFO] Mcu:2029 - Initializing MCU STM32F767ZITx STM32F767ZITx STM32F767ZIT6
2026-01-21 11:23:10,171 [INFO] Context:786 - Trying to add GPIOservice into a context  which must be forbidden
2026-01-21 11:23:11,023 [INFO] ImportTextPane:234 - (OptionalMessage_ERROR) Pin20 (VP_RIF_VS_RIF1) cannot be retrieved for this MCU
2026-01-21 11:23:11,535 [INFO] RtosManager:558 - Registered RTOS mode: class=CMSIS, group=RTOS, mode=CMSIS_V1, owner=FREERTOS
2026-01-21 11:23:11,536 [INFO] RtosManager:558 - Registered RTOS mode: class=CMSIS, group=RTOS2, mode=CMSIS_V2, owner=FREERTOS
2026-01-21 11:23:11,536 [INFO] RtosManager:558 - Registered RTOS mode: class=RTOS, group=Core, mode=CMSIS_V1, owner=FREERTOS
2026-01-21 11:23:11,537 [INFO] RtosManager:558 - Registered RTOS mode: class=RTOS, group=Core, mode=CMSIS_V2, owner=FREERTOS
2026-01-21 11:23:11,537 [WARN] ModelIntegratedComponent:184 - Missing modes for component STMicroelectronics:FreeRTOS:0.0.1:STMicroelectronics:RTOS:FreeRTOS:Core:::10.2.0:
2026-01-21 11:23:11,552 [WARN] ModelIntegratedComponent:63 - No mode defined for component null
2026-01-21 11:23:11,553 [WARN] ModelIntegratedComponent:63 - No mode defined for component null
2026-01-21 11:23:11,553 [WARN] ModelIntegratedComponent:63 - No mode defined for component null
2026-01-21 11:23:11,553 [WARN] ModelIntegratedComponent:63 - No mode defined for component null
2026-01-21 11:23:11,554 [WARN] ModelIntegratedComponent:63 - No mode defined for component null
2026-01-21 11:23:11,554 [WARN] ModelIntegratedComponent:63 - No mode defined for component null
2026-01-21 11:23:11,554 [WARN] ModelIntegratedComponent:63 - No mode defined for component null
2026-01-21 11:23:11,554 [WARN] ModelIntegratedComponent:63 - No mode defined for component null
2026-01-21 11:23:11,554 [WARN] ModelIntegratedComponent:63 - No mode defined for component null
2026-01-21 11:23:11,554 [WARN] ModelIntegratedComponent:63 - No mode defined for component null
2026-01-21 11:23:11,555 [WARN] ModelIntegratedComponent:63 - No mode defined for component null
2026-01-21 11:23:11,555 [WARN] ModelIntegratedComponent:63 - No mode defined for component null
2026-01-21 11:23:11,555 [WARN] ModelIntegratedComponent:63 - No mode defined for component null
2026-01-21 11:23:11,555 [WARN] ModelIntegratedComponent:63 - No mode defined for component null
2026-01-21 11:23:11,555 [WARN] ModelIntegratedComponent:63 - No mode defined for component null
2026-01-21 11:23:11,557 [WARN] ModelIntegratedComponent:63 - No mode defined for component null
2026-01-21 11:23:11,557 [WARN] ModelIntegratedComponent:63 - No mode defined for component null
2026-01-21 11:23:11,557 [WARN] ModelIntegratedComponent:63 - No mode defined for component null
2026-01-21 11:23:11,557 [WARN] ModelIntegratedComponent:63 - No mode defined for component null
2026-01-21 11:23:11,557 [WARN] ModelIntegratedComponent:63 - No mode defined for component null
2026-01-21 11:23:11,558 [WARN] ModelIntegratedComponent:63 - No mode defined for component null
2026-01-21 11:23:11,558 [WARN] ModelIntegratedComponent:63 - No mode defined for component null
2026-01-21 11:23:11,558 [WARN] ModelIntegratedComponent:63 - No mode defined for component null
2026-01-21 11:23:11,558 [WARN] ModelIntegratedComponent:63 - No mode defined for component null
2026-01-21 11:23:11,558 [WARN] ModelIntegratedComponent:63 - No mode defined for component null
2026-01-21 11:23:11,558 [WARN] ModelIntegratedComponent:63 - No mode defined for component null
2026-01-21 11:23:11,558 [WARN] ModelIntegratedComponent:63 - No mode defined for component null
2026-01-21 11:23:11,558 [WARN] ModelIntegratedComponent:63 - No mode defined for component null
2026-01-21 11:23:11,558 [WARN] ModelIntegratedComponent:63 - No mode defined for component null
2026-01-21 11:23:11,558 [WARN] ModelIntegratedComponent:63 - No mode defined for component null
2026-01-21 11:23:11,558 [WARN] ModelIntegratedComponent:63 - No mode defined for component null
2026-01-21 11:23:11,558 [WARN] ModelIntegratedComponent:63 - No mode defined for component null
2026-01-21 11:23:11,558 [WARN] ModelIntegratedComponent:63 - No mode defined for component null
2026-01-21 11:23:11,559 [WARN] ModelIntegratedComponent:63 - No mode defined for component null
2026-01-21 11:23:11,559 [WARN] ModelIntegratedComponent:63 - No mode defined for component null
2026-01-21 11:23:11,559 [WARN] ModelPack:524 - Component already loaded: STMicroelectronics:HAL Drivers:0.0.0:STMicroelectronics:Device:STMicro_Driver:XSPI:HAL::0.0.1:HAL_XSPI
2026-01-21 11:23:12,033 [INFO] ThirdPartyModel:298 - Start build external matchings
2026-01-21 11:23:14,778 [INFO] ThirdPartyModel:316 - End build external matchings
2026-01-21 11:23:14,812 [INFO] RtosManager:1018 - Current active RTOS is FREERTOS [Cortex-M7NS]
2026-01-21 11:23:14,814 [INFO] ImportTextPane:234 - (OptionalMessage_ERROR) IP (CORTEX_M7) : Invalid parameter (Size)
2026-01-21 11:23:14,814 [INFO] ImportTextPane:234 - (OptionalMessage_ERROR) IP (CORTEX_M7) : Invalid parameter (SubRegionDisable)
2026-01-21 11:23:14,814 [INFO] ImportTextPane:234 - (OptionalMessage_ERROR) IP (CORTEX_M7) : Invalid parameter (DisableExec)
2026-01-21 11:23:14,814 [INFO] ImportTextPane:234 - (OptionalMessage_ERROR) IP (CORTEX_M7) : Invalid parameter (IsShareable)
2026-01-21 11:23:14,814 [INFO] ImportTextPane:234 - (OptionalMessage_ERROR) IP (CORTEX_M7) : Invalid parameter (BaseAddress)
2026-01-21 11:23:14,814 [INFO] ImportTextPane:234 - (OptionalMessage_ERROR) IP (CORTEX_M7) : Invalid parameter (Size)
2026-01-21 11:23:14,814 [INFO] ImportTextPane:234 - (OptionalMessage_ERROR) IP (CORTEX_M7) : Invalid parameter (DisableExec)
2026-01-21 11:23:14,814 [INFO] ImportTextPane:234 - (OptionalMessage_ERROR) IP (CORTEX_M7) : Invalid parameter (BaseAddress)
2026-01-21 11:23:14,814 [INFO] ImportTextPane:234 - (OptionalMessage_ERROR) IP (CORTEX_M7) : Invalid parameter (Size)
2026-01-21 11:23:14,814 [INFO] ImportTextPane:234 - (OptionalMessage_ERROR) IP (CORTEX_M7) : Invalid parameter (TypeExtField)
2026-01-21 11:23:14,814 [INFO] ImportTextPane:234 - (OptionalMessage_ERROR) IP (CORTEX_M7) : Invalid parameter (DisableExec)
2026-01-21 11:23:14,814 [INFO] ImportTextPane:234 - (OptionalMessage_ERROR) IP (CORTEX_M7) : Invalid parameter (IsShareable)
2026-01-21 11:23:14,814 [INFO] ImportTextPane:234 - (OptionalMessage_ERROR) IP (CORTEX_M7) : Invalid parameter (AccessPermission)
2026-01-21 11:23:14,814 [INFO] ImportTextPane:234 - (OptionalMessage_ERROR) IP (CORTEX_M7) : Invalid parameter (AccessPermission)
2026-01-21 11:23:14,814 [INFO] ImportTextPane:234 - (OptionalMessage_ERROR) IP (CORTEX_M7) : Invalid parameter (IsBufferable)
2026-01-21 11:23:14,816 [WARN] IP:2250 - Warning not found: check if there is a RefParameter without a condition.
2026-01-21 11:23:14,816 [WARN] IP:2250 - RxBufferAddress not found: check if there is a RefParameter without a condition.
2026-01-21 11:23:14,816 [WARN] IP:2250 - DESC_SIZE_UNIT not found: check if there is a RefParameter without a condition.
2026-01-21 11:23:14,830 [WARN] IP:2250 - LWIP_NETIF_HOSTNAME_NAME not found: check if there is a RefParameter without a condition.
2026-01-21 11:23:14,855 [INFO] ImportTextPane:234 - (OptionalMessage_ERROR) IP (RCC) : Invalid parameter (48MHZClocksFreq_Value)
2026-01-21 11:23:14,855 [INFO] ImportTextPane:234 - (OptionalMessage_ERROR) IP (RCC) : Invalid parameter (ADC12outputFreq_Value)
2026-01-21 11:23:14,855 [INFO] ImportTextPane:234 - (OptionalMessage_ERROR) IP (RCC) : Invalid parameter (ADC34outputFreq_Value)
2026-01-21 11:23:14,856 [INFO] ImportTextPane:234 - (OptionalMessage_ERROR) IP (RCC) : Invalid parameter (FamilyName)
2026-01-21 11:23:14,856 [INFO] ImportTextPane:234 - (OptionalMessage_ERROR) IP (RCC) : Invalid parameter (I2SClocksFreq_Value)
2026-01-21 11:23:14,856 [INFO] ImportTextPane:234 - (OptionalMessage_ERROR) IP (RCC) : Invalid parameter (LCDTFToutputFreq_Value)
2026-01-21 11:23:14,856 [INFO] ImportTextPane:234 - (OptionalMessage_ERROR) IP (RCC) : Invalid parameter (MCOFreq_Value)
2026-01-21 11:23:14,857 [INFO] ImportTextPane:234 - (OptionalMessage_ERROR) IP (RCC) : Invalid parameter (PLLMCOFreq_Value)
2026-01-21 11:23:14,857 [INFO] ImportTextPane:234 - (OptionalMessage_ERROR) IP (RCC) : Invalid parameter (PLLMUL)
2026-01-21 11:23:14,857 [INFO] ImportTextPane:234 - (OptionalMessage_ERROR) IP (RCC) : Invalid parameter (PRESCALERUSB)
2026-01-21 11:23:14,857 [INFO] ImportTextPane:234 - (OptionalMessage_ERROR) IP (RCC) : Parameter (RNGFreq_Value) has invalid value (216000000)
2026-01-21 11:23:14,857 [INFO] ImportTextPane:234 - (OptionalMessage_ERROR) IP (RCC) : Invalid parameter (RTCHSEDivFreq_Value)
2026-01-21 11:23:14,857 [INFO] ImportTextPane:234 - (OptionalMessage_ERROR) IP (RCC) : Parameter (SDMMC2Freq_Value) has invalid value (216000000)
2026-01-21 11:23:14,857 [INFO] ImportTextPane:234 - (OptionalMessage_ERROR) IP (RCC) : Parameter (SDMMCFreq_Value) has invalid value (216000000)
2026-01-21 11:23:14,858 [INFO] ImportTextPane:234 - (OptionalMessage_ERROR) IP (RCC) : Invalid parameter (SYSCLKSourceVirtual)
2026-01-21 11:23:14,858 [INFO] ImportTextPane:234 - (OptionalMessage_ERROR) IP (RCC) : Invalid parameter (TIM15Freq_Value)
2026-01-21 11:23:14,858 [INFO] ImportTextPane:234 - (OptionalMessage_ERROR) IP (RCC) : Invalid parameter (TIM16Freq_Value)
2026-01-21 11:23:14,858 [INFO] ImportTextPane:234 - (OptionalMessage_ERROR) IP (RCC) : Invalid parameter (TIM17Freq_Value)
2026-01-21 11:23:14,858 [INFO] ImportTextPane:234 - (OptionalMessage_ERROR) IP (RCC) : Invalid parameter (TIM1Freq_Value)
2026-01-21 11:23:14,858 [INFO] ImportTextPane:234 - (OptionalMessage_ERROR) IP (RCC) : Invalid parameter (TIM20Freq_Value)
2026-01-21 11:23:14,858 [INFO] ImportTextPane:234 - (OptionalMessage_ERROR) IP (RCC) : Invalid parameter (TIM2Freq_Value)
2026-01-21 11:23:14,858 [INFO] ImportTextPane:234 - (OptionalMessage_ERROR) IP (RCC) : Invalid parameter (TIM3Freq_Value)
2026-01-21 11:23:14,858 [INFO] ImportTextPane:234 - (OptionalMessage_ERROR) IP (RCC) : Invalid parameter (TIM8Freq_Value)
2026-01-21 11:23:14,858 [INFO] ImportTextPane:234 - (OptionalMessage_ERROR) IP (RCC) : Parameter (USBFreq_Value) has invalid value (216000000)
2026-01-21 11:23:14,858 [INFO] ImportTextPane:234 - (OptionalMessage_ERROR) IP (RCC) : Invalid parameter (VCOOutput2Freq_Value)
2026-01-21 11:23:14,858 [INFO] ImportTextPane:234 - (OptionalMessage_ERROR) IP (RCC) : Invalid parameter (VcooutputI2S)
2026-01-21 11:23:15,908 [INFO] ApiDb:581 - Connected to CubeFinder SQLite database (C:\Users\Chinnapop\.stmcufinder\plugins\mcufinder\mcu\cube-finder-db.db)
2026-01-21 11:23:16,006 [INFO] ApiDb:668 - CubeFinder database Data Model version=2.1
2026-01-21 11:23:16,006 [INFO] ApiDb:669 - CubeFinder database Configuration version=3.0.39
2026-01-21 11:23:16,008 [INFO] ApiDb:670 - CubeFinder database generation date=2025-12-22 (1766407740)
2026-01-21 11:23:16,008 [INFO] ApiDb:671 - CubeFinder database FW Pack versions=[FP-ATR-ASTRA1_V2.0.0, FP-SNS-FLIGHT1_V5.1.0, FP-SNS-MOTENV1_V5.1.0, FP-SNS-MOTENVWB1_V1.4.0, FP-SNS-SMARTAG2_V1.2.0, FP-SNS-STBOX1_V2.1.0, STM32Cube_FW_C0_V1.4.0, STM32Cube_FW_F4_V1.28.3, STM32Cube_FW_F7_V1.17.4, STM32Cube_FW_G0_V1.6.2, STM32Cube_FW_G4_V1.6.1, STM32Cube_FW_H5_V1.5.1, STM32Cube_FW_H7RS_V1.3.0, STM32Cube_FW_H7_V1.12.1, STM32Cube_FW_L0_V1.12.2, STM32Cube_FW_L4_V1.18.1, STM32Cube_FW_L5_V1.6.0, STM32Cube_FW_N6_V1.3.0, STM32Cube_FW_U0_V1.3.0, STM32Cube_FW_U3_V1.2.1, STM32Cube_FW_U5_V1.8.0, STM32Cube_FW_WB0_V1.4.0, STM32Cube_FW_WBA_V1.8.0, STM32Cube_FW_WB_V1.24.0, STM32Cube_FW_WL3_V1.3.0, STM32Cube_FW_WL_V1.4.0, X-CUBE-ALGOBUILD_V1.4.0, X-CUBE-ALS_V1.0.2, X-CUBE-AZRTOS-F4_V1.1.0, X-CUBE-AZRTOS-F7_V1.1.0, X-CUBE-AZRTOS-G0_V1.1.0, X-CUBE-AZRTOS-G4_V2.0.0, X-CUBE-AZRTOS-H7RS_V1.1.0, X-CUBE-AZRTOS-H7_V3.4.0, X-CUBE-AZRTOS-L4_V2.0.0, X-CUBE-AZRTOS-L5_V2.0.0, X-CUBE-AZRTOS-WB_V2.0.0, X-CUBE-AZRTOS-WL_V2.0.0, X-CUBE-BLE1_V7.1.0, X-CUBE-BLE2_V3.3.0, X-CUBE-BLEMGR_V4.1.0, X-CUBE-EEPRMA1_V5.2.0, X-CUBE-FREERTOS_V1.3.1, X-CUBE-GNSS1_V6.0.0, X-CUBE-MEMS1_V12.0.0, X-CUBE-NFC4_V3.0.0, X-CUBE-NFC7_V2.0.0, X-CUBE-SFXS2LP1_V4.0.0, X-CUBE-ST67W61_V1.1.0, X-CUBE-SUBG2_V5.0.0, X-CUBE-TOF1_V3.4.3]
2026-01-21 11:23:16,236 [INFO] DbBoardsSqlite:226 - include board P-NUCLEO-WB55-NUCLEO as a kit item of type 'Nucleo-64'
2026-01-21 11:23:16,237 [INFO] DbBoardsSqlite:226 - include board P-NUCLEO-WB55-USBDONGLE as a kit item of type 'Nucleo USB Dongle'
2026-01-21 11:23:16,239 [INFO] DbBoardsSqlite:226 - include board STEVAL-IDP005V1 as a kit item of type 'Evaluation Board'
2026-01-21 11:23:16,240 [INFO] DbBoardsSqlite:226 - include board STEVAL-IDP005V2 as a kit item of type 'Evaluation Board'
2026-01-21 11:23:16,883 [INFO] ApiDb:240 - Found 880 in-development CPN: [B-G473E-ZEST1S, B-WB1M-WPAN1, B-WBA5M-WPAN, B-WL5M-SUBG1, NUCLEO-C031C6, NUCLEO-C051C8, NUCLEO-C071RB, NUCLEO-C092RC, NUCLEO-H503RB, NUCLEO-H533RE, NUCLEO-H563ZI, NUCLEO-H7S3L8, NUCLEO-N657X0-Q, NUCLEO-U031R8, NUCLEO-U083RC, NUCLEO-U385RG-Q, NUCLEO-U545RE-Q, NUCLEO-U5A5ZJ-Q, NUCLEO-WB05KZ, NUCLEO-WB07CC, NUCLEO-WB09KE, NUCLEO-WBA52CG, NUCLEO-WBA55CG, NUCLEO-WL33CC1, NUCLEO-WL33CC2, STEVAL-PROTEUS1, STEVAL-SMARTAG2, STEVAL-STWINBX1, STM320518-EVAL, STM32C0116-DK, STM32C011D6Y3TR, STM32C011D6Y6TR, STM32C011F4P3, STM32C011F4P6, STM32C011F4U3, STM32C011F4U6TR, STM32C011F6P3, STM32C011F6P6, STM32C011F6U3, STM32C011F6U6TR, STM32C011J4M3, STM32C011J4M6, STM32C011J6M3, STM32C011J6M6, STM32C0316-DK, STM32C031C4T3, STM32C031C4T6, STM32C031C4U3, STM32C031C4U6, STM32C031C6T3, STM32C031C6T6, STM32C031C6U3, STM32C031C6U6, STM32C031F4P3, STM32C031F4P6, STM32C031F6P3, STM32C031F6P6, STM32C031G4U3, STM32C031G4U6, STM32C031G6U3, STM32C031G6U6, STM32C031K4T3, STM32C031K4T6, STM32C031K4U3, STM32C031K4U6, STM32C031K6T3, STM32C031K6T6, STM32C031K6U3, STM32C031K6U6, STM32C051C6T6, STM32C051C6U6, STM32C051C8T6, STM32C051C8U6, STM32C051D8Y6TR, STM32C051F6P6, STM32C051F8P6, STM32C051G6U6, STM32C051G8U6, STM32C051K6T6, STM32C051K6U6, STM32C051K8T6, STM32C071C8T6, STM32C071C8T6N, STM32C071C8U6, STM32C071C8U6N, STM32C071CBT6, STM32C071CBT6N, STM32C071CBU6, STM32C071CBU6N, STM32C071F8P6, STM32C071F8P6N, STM32C071FBP6, STM32C071FBP6N, STM32C071FBY6TR, STM32C071G8U6, STM32C071G8U6N, STM32C071GBU6, STM32C071GBU6N, STM32C071K8T6, STM32C071K8T6N, STM32C071K8U6, STM32C071K8U6N, STM32C071KBT6, STM32C071KBT6N, STM32C071KBU6, STM32C071KBU6N, STM32C071R8T6, STM32C071R8T6N, STM32C071RBI6N, STM32C071RBT6, STM32C071RBT6N, STM32C091CBT6, STM32C091CBU6, STM32C091CCT6, STM32C091CCU6, STM32C091ECY6TR, STM32C091FBP6, STM32C091FCP6, STM32C091GBU6, STM32C091GCU6, STM32C091KBT6, STM32C091KBU6, STM32C091KCT6, STM32C091KCU6, STM32C091RBT6, STM32C091RCI6, STM32C091RCT6, STM32C092CBT6, STM32C092CBU6, STM32C092CCT6, STM32C092CCU6, STM32C092ECY6TR, STM32C092FBP6, STM32C092FCP6, STM32C092GBU6, STM32C092GCU6, STM32C092KBT6, STM32C092KBU6, STM32C092KCT6, STM32C092KCU6, STM32C092RBT6, STM32C092RCI6, STM32C092RCT6, STM32G071K8TXN, STM32G071K8UXN, STM32G081GBU6N, STM32G081KBT6N, STM32G081KBUXN, STM32G0B1CCT6N, STM32G0B1KCT6, STM32G0B1NEY6TR, STM32G0B1RCT6N, STM32G0C1CCT6, STM32G0C1CCT6N, STM32G0C1CCU6N, STM32G0C1CET6N, STM32G0C1CEU6N, STM32G0C1KCT6, STM32G0C1NEY6TR, STM32G0C1RCI6N, STM32G0C1RCT6N, STM32G0C1REI6N, STM32G0C1RET6N, STM32G0C1VCI6, STM32G0C1VEI6, STM32G411C6T3, STM32G411C6T6, STM32G411C6U3, STM32G411C6U6, STM32G411C8T3, STM32G411C8T6, STM32G411C8U3, STM32G411C8U6, STM32G411CBT3, STM32G411CBT6, STM32G411CBU3, STM32G411CBU6, STM32G411K6T3, STM32G411K6T6, STM32G411K6U3, STM32G411K6U6, STM32G411K8T3, STM32G411K8T6, STM32G411K8U3, STM32G411K8U6, STM32G411KBT3, STM32G411KBT6, STM32G411KBU3, STM32G411KBU6, STM32G411M6T3, STM32G411M6T6, STM32G411M8T3, STM32G411M8T6, STM32G411MBT3, STM32G411MBT6, STM32G411R6T3, STM32G411R6T6, STM32G411R8T3, STM32G411R8T6, STM32G411RBT3, STM32G411RBT6, STM32G414CBT3, STM32G414CBT6, STM32G414CBU3, STM32G414CBU6, STM32G414CCT3, STM32G414CCT6, STM32G414CCU3, STM32G414CCU6, STM32G414MBT3, STM32G414MBT6, STM32G414MCT3, STM32G414MCT6, STM32G414RBT3, STM32G414RBT6, STM32G414RCT3, STM32G414RCT6, STM32G414VBT3, STM32G414VBT6, STM32G414VCT3, STM32G414VCT6, STM32G431CBT3Z, STM32G431RBT3Z, STM32G471CCT6, STM32G471CCU6, STM32G471CET3, STM32G471CET6, STM32G471CEU3, STM32G471CEU6, STM32G471MCT6, STM32G471MET3, STM32G471MET6, STM32G471MEY6TR, STM32G471QCT6, STM32G471QET3, STM32G471RCT6, STM32G471RET3, STM32G471RET6, STM32G471VCH6, STM32G471VCI6, STM32G471VCT6, STM32G471VEH3, STM32G471VEH6, STM32G471VEI3, STM32G471VEI6, STM32G471VET3, STM32G471VET6, STM32G473QET3Z, STM32G473RET3Z, STM32G474CCT6, STM32G491RET3Z, STM32H503CBT6, STM32H503CBU6, STM32H503EBY6TR, STM32H503KBU6, STM32H503RBT6, STM32H523CCT6, STM32H523CCU6, STM32H523CET6, STM32H523CEU6, STM32H523HEY6TR, STM32H523RCT6, STM32H523RET6, STM32H523VCI6, STM32H523VCT6, STM32H523VEI6, STM32H523VET6, STM32H523ZCJ6, STM32H523ZCT6, STM32H523ZEJ6, STM32H523ZET6, STM32H533CET6, STM32H533CEU6, STM32H533HEY6TR, STM32H533RET6, STM32H533VEI6, STM32H533VET6, STM32H533ZEJ6, STM32H533ZET6, STM32H562AGI6, STM32H562AII6, STM32H562IGK6, STM32H562IGT6, STM32H562IIK6, STM32H562IIT6, STM32H562RGT6, STM32H562RGV6, STM32H562RIT6, STM32H562RIV6, STM32H562VGT6, STM32H562VIT6, STM32H562ZGT6, STM32H562ZIT6, STM32H563AGI6, STM32H563AII3Q, STM32H563AII6, STM32H563IGK6, STM32H563IGT6, STM32H563IIK3Q, STM32H563IIK6, STM32H563IIT3Q, STM32H563IIT6, STM32H563MIY3QTR, STM32H563RGT6, STM32H563RGV6, STM32H563RIT6, STM32H563RIV6, STM32H563VGT6, STM32H563VIT3Q, STM32H563VIT6, STM32H563ZGT6, STM32H563ZIT3Q, STM32H563ZIT6, STM32H573AII3Q, STM32H573AII6, STM32H573I-DK, STM32H573IIK3Q, STM32H573IIK6, STM32H573IIT3Q, STM32H573IIT6, STM32H573MIY3QTR, STM32H573RIT6, STM32H573RIV6, STM32H573VIT3Q, STM32H573VIT6, STM32H573ZIT3Q, STM32H573ZIT6, STM32H7R3A8I6, STM32H7R3I8K6, STM32H7R3I8T6, STM32H7R3L8H6, STM32H7R3L8H6H, STM32H7R3R8V6, STM32H7R3V8H6, STM32H7R3V8T6, STM32H7R3V8Y6TR, STM32H7R3Z8J6, STM32H7R3Z8T6, STM32H7R7A8I6, STM32H7R7I8K6, STM32H7R7I8T6, STM32H7R7L8H6, STM32H7R7L8H6H, STM32H7R7Z8J6, STM32H7S3A8I6, STM32H7S3I8K6, STM32H7S3I8T6, STM32H7S3L8H6, STM32H7S3L8H6H, STM32H7S3R8V6, STM32H7S3V8H6, STM32H7S3V8T6, STM32H7S3V8Y6TR, STM32H7S3Z8J6, STM32H7S3Z8T6, STM32H7S78-DK, STM32H7S7A8I6, STM32H7S7I8K6, STM32H7S7I8T6, STM32H7S7L8H6, STM32H7S7L8H6H, STM32H7S7Z8J6, STM32L4R5QGI6STR, STM32MP131AAE3, STM32MP131AAF3, STM32MP131AAG3, STM32MP131CAE3, STM32MP131CAF3, STM32MP131CAG3, STM32MP131DAE7, STM32MP131DAF7, STM32MP131DAG7, STM32MP131FAE7, STM32MP131FAF7, STM32MP131FAG7, STM32MP133AAE3, STM32MP133AAF3, STM32MP133AAG3, STM32MP133CAE3, STM32MP133CAF3, STM32MP133CAG3, STM32MP133DAE7, STM32MP133DAF7, STM32MP133DAG7, STM32MP133FAE7, STM32MP133FAF7, STM32MP133FAG7, STM32MP135AAE3, STM32MP135AAF3, STM32MP135AAG3, STM32MP135CAE3, STM32MP135CAF3, STM32MP135CAG3, STM32MP135DAE7, STM32MP135DAF7, STM32MP135DAG7, STM32MP135F-DK, STM32MP135FAE7, STM32MP135FAF7, STM32MP135FAF7T, STM32MP135FAF7U, STM32MP135FAG7, STM32MP211AAL3, STM32MP211AAM3, STM32MP211AAN3, STM32MP211AAO3, STM32MP211CAL3, STM32MP211CAM3, STM32MP211CAN3, STM32MP211CAO3, STM32MP211DAL3, STM32MP211DAM3, STM32MP211DAN3, STM32MP211DAO3, STM32MP211FAL3, STM32MP211FAM3, STM32MP211FAN3, STM32MP211FAO3, STM32MP213AAL3, STM32MP213AAM3, STM32MP213AAN3, STM32MP213AAO3, STM32MP213CAL3, STM32MP213CAM3, STM32MP213CAN3, STM32MP213CAO3, STM32MP213DAL3, STM32MP213DAM3, STM32MP213DAN3, STM32MP213DAO3, STM32MP213FAL3, STM32MP213FAM3, STM32MP213FAN3, STM32MP213FAO3, STM32MP215AAL3, STM32MP215AAM3, STM32MP215AAN3, STM32MP215AAO3, STM32MP215CAL3, STM32MP215CAM3, STM32MP215CAN3, STM32MP215CAO3, STM32MP215DAL3, STM32MP215DAM3, STM32MP215DAN3, STM32MP215DAO3, STM32MP215F-DK, STM32MP215FAL3, STM32MP215FAM3, STM32MP215FAN3, STM32MP215FAO3, STM32MP231AAJ3, STM32MP231AAK3, STM32MP231AAL3, STM32MP231CAJ3, STM32MP231CAK3, STM32MP231CAL3, STM32MP231DAJ3, STM32MP231DAK3, STM32MP231DAL3, STM32MP231FAJ3, STM32MP231FAK3, STM32MP231FAL3, STM32MP233AAJ3, STM32MP233AAK3, STM32MP233AAL3, STM32MP233CAJ3, STM32MP233CAK3, STM32MP233CAL3, STM32MP233DAJ3, STM32MP233DAK3, STM32MP233DAL3, STM32MP233FAJ3, STM32MP233FAK3, STM32MP233FAL3, STM32MP235AAJ3, STM32MP235AAK3, STM32MP235AAL3, STM32MP235CAJ3, STM32MP235CAK3, STM32MP235CAL3, STM32MP235DAJ3, STM32MP235DAK3, STM32MP235DAL3, STM32MP235FAJ3, STM32MP235FAK3, STM32MP235FAL3, STM32MP251AAI3, STM32MP251AAK3, STM32MP251AAL3, STM32MP251CAI3, STM32MP251CAK3, STM32MP251CAL3, STM32MP251DAI3, STM32MP251DAK3, STM32MP251DAL3, STM32MP251FAI3, STM32MP251FAK3, STM32MP251FAL3, STM32MP253AAI3, STM32MP253AAK3, STM32MP253AAL3, STM32MP253CAI3, STM32MP253CAK3, STM32MP253CAL3, STM32MP253DAI3, STM32MP253DAK3, STM32MP253DAL3, STM32MP253FAI3, STM32MP253FAK3, STM32MP253FAL3, STM32MP255AAI3, STM32MP255AAK3, STM32MP255AAL3, STM32MP255CAI3, STM32MP255CAK3, STM32MP255CAL3, STM32MP255DAI3, STM32MP255DAK3, STM32MP255DAL3, STM32MP255FAI3, STM32MP255FAK3, STM32MP255FAL3, STM32MP257AAI3, STM32MP257AAK3, STM32MP257AAL3, STM32MP257CAI3, STM32MP257CAK3, STM32MP257CAL3, STM32MP257DAI3, STM32MP257DAK3, STM32MP257DAL3, STM32MP257F-DK, STM32MP257F-EV1, STM32MP257FAI3, STM32MP257FAK3, STM32MP257FAL3, STM32N645A0H3Q, STM32N645B0H3Q, STM32N645I0H3Q, STM32N645L0H3Q, STM32N645X0H3Q, STM32N645Z0H3Q, STM32N647A0H3Q, STM32N647B0H3Q, STM32N647I0H3Q, STM32N647L0H3Q, STM32N647X0H3Q, STM32N647Z0H3Q, STM32N655A0H3Q, STM32N655B0H3Q, STM32N655I0H3Q, STM32N655L0H3Q, STM32N655X0H3Q, STM32N655Z0H3Q, STM32N6570-DK, STM32N657A0H3Q, STM32N657B0H3Q, STM32N657I0H3Q, STM32N657L0H3Q, STM32N657X0H3Q, STM32N657Z0H3Q, STM32U031C6T6, STM32U031C6U6, STM32U031C8T6, STM32U031C8U6, STM32U031F4P6, STM32U031F6P6, STM32U031F8P6, STM32U031G6Y6TR, STM32U031G8Y6TR, STM32U031K4U6, STM32U031K6U6, STM32U031K8U6, STM32U031R6I6, STM32U031R6T6, STM32U031R8I6, STM32U031R8T6, STM32U073C8T6, STM32U073C8U6, STM32U073CBT6, STM32U073CBU6, STM32U073CCT6, STM32U073CCU6, STM32U073H8Y6TR, STM32U073HBY6TR, STM32U073HCY6TR, STM32U073K8U6, STM32U073KBU6, STM32U073KCU6, STM32U073M8I6, STM32U073M8T6, STM32U073MBI6, STM32U073MBT6, STM32U073MCI6, STM32U073MCT6, STM32U073R8I6, STM32U073R8T6, STM32U073RBI6, STM32U073RBT6, STM32U073RCI6, STM32U073RCT6, STM32U083C-DK, STM32U083CCT6, STM32U083CCU6, STM32U083HCY6TR, STM32U083KCU6, STM32U083MCI6, STM32U083MCT6, STM32U083RCI6, STM32U083RCT6, STM32U375CET6, STM32U375CET6Q, STM32U375CEU6, STM32U375CEU6Q, STM32U375CEY6QTR, STM32U375CGT6, STM32U375CGT6Q, STM32U375CGU6, STM32U375CGU6Q, STM32U375CGY6QTR, STM32U375KEU6, STM32U375KGU6, STM32U375REI6, STM32U375REI6Q, STM32U375RET6, STM32U375RET6Q, STM32U375REY6GTR, STM32U375REY6QTR, STM32U375RGI6, STM32U375RGI6Q, STM32U375RGT6, STM32U375RGT6Q, STM32U375RGY6GTR, STM32U375RGY6QTR, STM32U375VEI6, STM32U375VEI6Q, STM32U375VET6, STM32U375VET6Q, STM32U375VGI6, STM32U375VGI6Q, STM32U375VGT6, STM32U375VGT6Q, STM32U385CGT6, STM32U385CGT6Q, STM32U385CGU6, STM32U385CGU6Q, STM32U385CGY6QTR, STM32U385KGU6, STM32U385RGI6, STM32U385RGI6Q, STM32U385RGT6, STM32U385RGT6Q, STM32U385RGY6GTR, STM32U385RGY6QTR, STM32U385VGI6, STM32U385VGI6Q, STM32U385VGT6, STM32U385VGT6Q, STM32U535CBT6, STM32U535CBT6Q, STM32U535CBU6, STM32U535CBU6Q, STM32U535CCT6, STM32U535CCT6Q, STM32U535CCU6, STM32U535CCU6Q, STM32U535CET6, STM32U535CET6Q, STM32U535CEU6, STM32U535CEU6Q, STM32U535JEY6QTR, STM32U535NCY6QTR, STM32U535NEY6QTR, STM32U535RBI6, STM32U535RBI6Q, STM32U535RBT6, STM32U535RBT6Q, STM32U535RCI6, STM32U535RCI6Q, STM32U535RCT6, STM32U535RCT6Q, STM32U535REI6, STM32U535REI6Q, STM32U535RET6, STM32U535RET6Q, STM32U535VCI6, STM32U535VCI6Q, STM32U535VCT6, STM32U535VCT6Q, STM32U535VEI6, STM32U535VEI6Q, STM32U535VET6, STM32U535VET6Q, STM32U545CET6, STM32U545CET6Q, STM32U545CEU6, STM32U545CEU6Q, STM32U545JEY6QTR, STM32U545NEY6QTR, STM32U545REI6, STM32U545REI6Q, STM32U545RET6, STM32U545RET6Q, STM32U545VEI6, STM32U545VEI6Q, STM32U545VET6, STM32U545VET6Q, STM32U595AIH6, STM32U595AIH6Q, STM32U595AJH6, STM32U595AJH6Q, STM32U595QII6, STM32U595QII6Q, STM32U595QJI6, STM32U595QJI6Q, STM32U595RIT6, STM32U595RIT6Q, STM32U595RJT6, STM32U595RJT6Q, STM32U595VIT6, STM32U595VIT6Q, STM32U595VJT6, STM32U595VJT6Q, STM32U595ZIT6, STM32U595ZIT6Q, STM32U595ZIY6QTR, STM32U595ZJT6, STM32U595ZJT6Q, STM32U595ZJY6QTR, STM32U599BJY6QTR, STM32U599NIH6Q, STM32U599NJH6Q, STM32U599VIT6Q, STM32U599VJT6, STM32U599VJT6Q, STM32U599ZIT6Q, STM32U599ZIY6QTR, STM32U599ZJT6Q, STM32U599ZJY6QTR, STM32U5A5AJH6, STM32U5A5AJH6Q, STM32U5A5QII3Q , STM32U5A5QJI6, STM32U5A5QJI6Q, STM32U5A5RJT6, STM32U5A5RJT6Q, STM32U5A5VJT6, STM32U5A5VJT6Q, STM32U5A5ZJT6, STM32U5A5ZJT6Q, STM32U5A5ZJY6QTR, STM32U5A9BJY6QTR, STM32U5A9J-DK, STM32U5A9NJH6Q, STM32U5A9VJT6Q, STM32U5A9ZJT6Q, STM32U5A9ZJY6QTR, STM32U5F7VIT6, STM32U5F7VIT6Q, STM32U5F7VJT6, STM32U5F7VJT6Q, STM32U5F9BJY6QTR, STM32U5F9NJH6Q, STM32U5F9VIT6Q, STM32U5F9VJT6Q, STM32U5F9ZIJ6QTR, STM32U5F9ZIT6Q, STM32U5F9ZJJ6QTR, STM32U5F9ZJT6Q, STM32U5G7VJT6, STM32U5G7VJT6Q, STM32U5G9BJY6QTR, STM32U5G9J-DK1, STM32U5G9J-DK2, STM32U5G9NJH6Q, STM32U5G9VJT6Q, STM32U5G9ZJJ6QTR, STM32U5G9ZJT6Q, STM32WB05KZV6TR, STM32WB05KZV7TR, STM32WB05TZF6TR, STM32WB05TZF7TR, STM32WB06CCF6TR, STM32WB06CCF7TR, STM32WB06CCV6TR, STM32WB06CCV7TR, STM32WB06KCV6TR, STM32WB06KCV7TR, STM32WB07CCF6TR, STM32WB07CCF7TR, STM32WB07CCV6TR, STM32WB07CCV7TR, STM32WB07KCV6TR, STM32WB07KCV7TR, STM32WB09KEV6TR, STM32WB09KEV7TR, STM32WB09TEF6TR, STM32WB09TEF7TR, STM32WB1MMCH6, STM32WBA50KGU6, STM32WBA50KGU6TR, STM32WBA52CEU6, STM32WBA52CEU6TR, STM32WBA52CEU7, STM32WBA52CEU7TR, STM32WBA52CGU6, STM32WBA52CGU6TR, STM32WBA52CGU6U, STM32WBA52CGU7, STM32WBA52CGU7TR, STM32WBA52KEU6, STM32WBA52KEU6TR, STM32WBA52KGU6, STM32WBA52KGU6TR, STM32WBA54CEU6, STM32WBA54CEU6TR, STM32WBA54CEU7, STM32WBA54CEU7TR, STM32WBA54CGU6, STM32WBA54CGU6TR, STM32WBA54CGU7, STM32WBA54CGU7TR, STM32WBA54KEU6, STM32WBA54KEU6TR, STM32WBA54KEU7, STM32WBA54KEU7TR, STM32WBA54KGU6, STM32WBA54KGU6TR, STM32WBA54KGU7, STM32WBA54KGU7TR, STM32WBA55CEU6, STM32WBA55CEU6TR, STM32WBA55CEU7, STM32WBA55CEU7TR, STM32WBA55CGU6, STM32WBA55CGU6TR, STM32WBA55CGU6U, STM32WBA55CGU7, STM32WBA55CGU7TR, STM32WBA55G-DK1, STM32WBA55HEF6, STM32WBA55HEF7, STM32WBA55HGF6, STM32WBA55HGF7, STM32WBA55UEI6, STM32WBA55UEI6TR, STM32WBA55UEI7, STM32WBA55UEI7TR, STM32WBA55UGI6, STM32WBA55UGI6TR, STM32WBA55UGI7, STM32WBA55UGI7TR, STM32WBA5MMGH6TR, STM32WBA62MGF6, STM32WBA62MIF6, STM32WBA65MGF7, STM32WBA65MIF6, STM32WBA65MIF7, STM32WL30K8V6, STM32WL30KBV6, STM32WL31C8V6, STM32WL31CBV6, STM32WL31K8V6, STM32WL31KBV6, STM32WL33C8V6, STM32WL33C8V6X, STM32WL33CBV6, STM32WL33CBV6X, STM32WL33CCV6, STM32WL33CCV6A, STM32WL33CCV6X, STM32WL33K8V7, STM32WL33K8V7X, STM32WL33KBV7 , STM32WL33KBV7X, STM32WL33KCV7, STM32WL33KCV7X, STM32WL5MOCH6, STM32WL5MOCH6TR]
2026-01-21 11:23:16,890 [INFO] ApiDb:668 - CubeFinder database Data Model version=2.1
2026-01-21 11:23:16,890 [INFO] ApiDb:669 - CubeFinder database Configuration version=3.0.39
2026-01-21 11:23:16,890 [INFO] ApiDb:670 - CubeFinder database generation date=2025-12-22 (1766407740)
2026-01-21 11:23:16,890 [INFO] ApiDb:671 - CubeFinder database FW Pack versions=[FP-ATR-ASTRA1_V2.0.0, FP-SNS-FLIGHT1_V5.1.0, FP-SNS-MOTENV1_V5.1.0, FP-SNS-MOTENVWB1_V1.4.0, FP-SNS-SMARTAG2_V1.2.0, FP-SNS-STBOX1_V2.1.0, STM32Cube_FW_C0_V1.4.0, STM32Cube_FW_F4_V1.28.3, STM32Cube_FW_F7_V1.17.4, STM32Cube_FW_G0_V1.6.2, STM32Cube_FW_G4_V1.6.1, STM32Cube_FW_H5_V1.5.1, STM32Cube_FW_H7RS_V1.3.0, STM32Cube_FW_H7_V1.12.1, STM32Cube_FW_L0_V1.12.2, STM32Cube_FW_L4_V1.18.1, STM32Cube_FW_L5_V1.6.0, STM32Cube_FW_N6_V1.3.0, STM32Cube_FW_U0_V1.3.0, STM32Cube_FW_U3_V1.2.1, STM32Cube_FW_U5_V1.8.0, STM32Cube_FW_WB0_V1.4.0, STM32Cube_FW_WBA_V1.8.0, STM32Cube_FW_WB_V1.24.0, STM32Cube_FW_WL3_V1.3.0, STM32Cube_FW_WL_V1.4.0, X-CUBE-ALGOBUILD_V1.4.0, X-CUBE-ALS_V1.0.2, X-CUBE-AZRTOS-F4_V1.1.0, X-CUBE-AZRTOS-F7_V1.1.0, X-CUBE-AZRTOS-G0_V1.1.0, X-CUBE-AZRTOS-G4_V2.0.0, X-CUBE-AZRTOS-H7RS_V1.1.0, X-CUBE-AZRTOS-H7_V3.4.0, X-CUBE-AZRTOS-L4_V2.0.0, X-CUBE-AZRTOS-L5_V2.0.0, X-CUBE-AZRTOS-WB_V2.0.0, X-CUBE-AZRTOS-WL_V2.0.0, X-CUBE-BLE1_V7.1.0, X-CUBE-BLE2_V3.3.0, X-CUBE-BLEMGR_V4.1.0, X-CUBE-EEPRMA1_V5.2.0, X-CUBE-FREERTOS_V1.3.1, X-CUBE-GNSS1_V6.0.0, X-CUBE-MEMS1_V12.0.0, X-CUBE-NFC4_V3.0.0, X-CUBE-NFC7_V2.0.0, X-CUBE-SFXS2LP1_V4.0.0, X-CUBE-ST67W61_V1.1.0, X-CUBE-SUBG2_V5.0.0, X-CUBE-TOF1_V3.4.3]
2026-01-21 11:23:20,216 [INFO] ApiDb:240 - Found 880 in-development CPN: [B-G473E-ZEST1S, B-WB1M-WPAN1, B-WBA5M-WPAN, B-WL5M-SUBG1, NUCLEO-C031C6, NUCLEO-C051C8, NUCLEO-C071RB, NUCLEO-C092RC, NUCLEO-H503RB, NUCLEO-H533RE, NUCLEO-H563ZI, NUCLEO-H7S3L8, NUCLEO-N657X0-Q, NUCLEO-U031R8, NUCLEO-U083RC, NUCLEO-U385RG-Q, NUCLEO-U545RE-Q, NUCLEO-U5A5ZJ-Q, NUCLEO-WB05KZ, NUCLEO-WB07CC, NUCLEO-WB09KE, NUCLEO-WBA52CG, NUCLEO-WBA55CG, NUCLEO-WL33CC1, NUCLEO-WL33CC2, STEVAL-PROTEUS1, STEVAL-SMARTAG2, STEVAL-STWINBX1, STM320518-EVAL, STM32C0116-DK, STM32C011D6Y3TR, STM32C011D6Y6TR, STM32C011F4P3, STM32C011F4P6, STM32C011F4U3, STM32C011F4U6TR, STM32C011F6P3, STM32C011F6P6, STM32C011F6U3, STM32C011F6U6TR, STM32C011J4M3, STM32C011J4M6, STM32C011J6M3, STM32C011J6M6, STM32C0316-DK, STM32C031C4T3, STM32C031C4T6, STM32C031C4U3, STM32C031C4U6, STM32C031C6T3, STM32C031C6T6, STM32C031C6U3, STM32C031C6U6, STM32C031F4P3, STM32C031F4P6, STM32C031F6P3, STM32C031F6P6, STM32C031G4U3, STM32C031G4U6, STM32C031G6U3, STM32C031G6U6, STM32C031K4T3, STM32C031K4T6, STM32C031K4U3, STM32C031K4U6, STM32C031K6T3, STM32C031K6T6, STM32C031K6U3, STM32C031K6U6, STM32C051C6T6, STM32C051C6U6, STM32C051C8T6, STM32C051C8U6, STM32C051D8Y6TR, STM32C051F6P6, STM32C051F8P6, STM32C051G6U6, STM32C051G8U6, STM32C051K6T6, STM32C051K6U6, STM32C051K8T6, STM32C071C8T6, STM32C071C8T6N, STM32C071C8U6, STM32C071C8U6N, STM32C071CBT6, STM32C071CBT6N, STM32C071CBU6, STM32C071CBU6N, STM32C071F8P6, STM32C071F8P6N, STM32C071FBP6, STM32C071FBP6N, STM32C071FBY6TR, STM32C071G8U6, STM32C071G8U6N, STM32C071GBU6, STM32C071GBU6N, STM32C071K8T6, STM32C071K8T6N, STM32C071K8U6, STM32C071K8U6N, STM32C071KBT6, STM32C071KBT6N, STM32C071KBU6, STM32C071KBU6N, STM32C071R8T6, STM32C071R8T6N, STM32C071RBI6N, STM32C071RBT6, STM32C071RBT6N, STM32C091CBT6, STM32C091CBU6, STM32C091CCT6, STM32C091CCU6, STM32C091ECY6TR, STM32C091FBP6, STM32C091FCP6, STM32C091GBU6, STM32C091GCU6, STM32C091KBT6, STM32C091KBU6, STM32C091KCT6, STM32C091KCU6, STM32C091RBT6, STM32C091RCI6, STM32C091RCT6, STM32C092CBT6, STM32C092CBU6, STM32C092CCT6, STM32C092CCU6, STM32C092ECY6TR, STM32C092FBP6, STM32C092FCP6, STM32C092GBU6, STM32C092GCU6, STM32C092KBT6, STM32C092KBU6, STM32C092KCT6, STM32C092KCU6, STM32C092RBT6, STM32C092RCI6, STM32C092RCT6, STM32G071K8TXN, STM32G071K8UXN, STM32G081GBU6N, STM32G081KBT6N, STM32G081KBUXN, STM32G0B1CCT6N, STM32G0B1KCT6, STM32G0B1NEY6TR, STM32G0B1RCT6N, STM32G0C1CCT6, STM32G0C1CCT6N, STM32G0C1CCU6N, STM32G0C1CET6N, STM32G0C1CEU6N, STM32G0C1KCT6, STM32G0C1NEY6TR, STM32G0C1RCI6N, STM32G0C1RCT6N, STM32G0C1REI6N, STM32G0C1RET6N, STM32G0C1VCI6, STM32G0C1VEI6, STM32G411C6T3, STM32G411C6T6, STM32G411C6U3, STM32G411C6U6, STM32G411C8T3, STM32G411C8T6, STM32G411C8U3, STM32G411C8U6, STM32G411CBT3, STM32G411CBT6, STM32G411CBU3, STM32G411CBU6, STM32G411K6T3, STM32G411K6T6, STM32G411K6U3, STM32G411K6U6, STM32G411K8T3, STM32G411K8T6, STM32G411K8U3, STM32G411K8U6, STM32G411KBT3, STM32G411KBT6, STM32G411KBU3, STM32G411KBU6, STM32G411M6T3, STM32G411M6T6, STM32G411M8T3, STM32G411M8T6, STM32G411MBT3, STM32G411MBT6, STM32G411R6T3, STM32G411R6T6, STM32G411R8T3, STM32G411R8T6, STM32G411RBT3, STM32G411RBT6, STM32G414CBT3, STM32G414CBT6, STM32G414CBU3, STM32G414CBU6, STM32G414CCT3, STM32G414CCT6, STM32G414CCU3, STM32G414CCU6, STM32G414MBT3, STM32G414MBT6, STM32G414MCT3, STM32G414MCT6, STM32G414RBT3, STM32G414RBT6, STM32G414RCT3, STM32G414RCT6, STM32G414VBT3, STM32G414VBT6, STM32G414VCT3, STM32G414VCT6, STM32G431CBT3Z, STM32G431RBT3Z, STM32G471CCT6, STM32G471CCU6, STM32G471CET3, STM32G471CET6, STM32G471CEU3, STM32G471CEU6, STM32G471MCT6, STM32G471MET3, STM32G471MET6, STM32G471MEY6TR, STM32G471QCT6, STM32G471QET3, STM32G471RCT6, STM32G471RET3, STM32G471RET6, STM32G471VCH6, STM32G471VCI6, STM32G471VCT6, STM32G471VEH3, STM32G471VEH6, STM32G471VEI3, STM32G471VEI6, STM32G471VET3, STM32G471VET6, STM32G473QET3Z, STM32G473RET3Z, STM32G474CCT6, STM32G491RET3Z, STM32H503CBT6, STM32H503CBU6, STM32H503EBY6TR, STM32H503KBU6, STM32H503RBT6, STM32H523CCT6, STM32H523CCU6, STM32H523CET6, STM32H523CEU6, STM32H523HEY6TR, STM32H523RCT6, STM32H523RET6, STM32H523VCI6, STM32H523VCT6, STM32H523VEI6, STM32H523VET6, STM32H523ZCJ6, STM32H523ZCT6, STM32H523ZEJ6, STM32H523ZET6, STM32H533CET6, STM32H533CEU6, STM32H533HEY6TR, STM32H533RET6, STM32H533VEI6, STM32H533VET6, STM32H533ZEJ6, STM32H533ZET6, STM32H562AGI6, STM32H562AII6, STM32H562IGK6, STM32H562IGT6, STM32H562IIK6, STM32H562IIT6, STM32H562RGT6, STM32H562RGV6, STM32H562RIT6, STM32H562RIV6, STM32H562VGT6, STM32H562VIT6, STM32H562ZGT6, STM32H562ZIT6, STM32H563AGI6, STM32H563AII3Q, STM32H563AII6, STM32H563IGK6, STM32H563IGT6, STM32H563IIK3Q, STM32H563IIK6, STM32H563IIT3Q, STM32H563IIT6, STM32H563MIY3QTR, STM32H563RGT6, STM32H563RGV6, STM32H563RIT6, STM32H563RIV6, STM32H563VGT6, STM32H563VIT3Q, STM32H563VIT6, STM32H563ZGT6, STM32H563ZIT3Q, STM32H563ZIT6, STM32H573AII3Q, STM32H573AII6, STM32H573I-DK, STM32H573IIK3Q, STM32H573IIK6, STM32H573IIT3Q, STM32H573IIT6, STM32H573MIY3QTR, STM32H573RIT6, STM32H573RIV6, STM32H573VIT3Q, STM32H573VIT6, STM32H573ZIT3Q, STM32H573ZIT6, STM32H7R3A8I6, STM32H7R3I8K6, STM32H7R3I8T6, STM32H7R3L8H6, STM32H7R3L8H6H, STM32H7R3R8V6, STM32H7R3V8H6, STM32H7R3V8T6, STM32H7R3V8Y6TR, STM32H7R3Z8J6, STM32H7R3Z8T6, STM32H7R7A8I6, STM32H7R7I8K6, STM32H7R7I8T6, STM32H7R7L8H6, STM32H7R7L8H6H, STM32H7R7Z8J6, STM32H7S3A8I6, STM32H7S3I8K6, STM32H7S3I8T6, STM32H7S3L8H6, STM32H7S3L8H6H, STM32H7S3R8V6, STM32H7S3V8H6, STM32H7S3V8T6, STM32H7S3V8Y6TR, STM32H7S3Z8J6, STM32H7S3Z8T6, STM32H7S78-DK, STM32H7S7A8I6, STM32H7S7I8K6, STM32H7S7I8T6, STM32H7S7L8H6, STM32H7S7L8H6H, STM32H7S7Z8J6, STM32L4R5QGI6STR, STM32MP131AAE3, STM32MP131AAF3, STM32MP131AAG3, STM32MP131CAE3, STM32MP131CAF3, STM32MP131CAG3, STM32MP131DAE7, STM32MP131DAF7, STM32MP131DAG7, STM32MP131FAE7, STM32MP131FAF7, STM32MP131FAG7, STM32MP133AAE3, STM32MP133AAF3, STM32MP133AAG3, STM32MP133CAE3, STM32MP133CAF3, STM32MP133CAG3, STM32MP133DAE7, STM32MP133DAF7, STM32MP133DAG7, STM32MP133FAE7, STM32MP133FAF7, STM32MP133FAG7, STM32MP135AAE3, STM32MP135AAF3, STM32MP135AAG3, STM32MP135CAE3, STM32MP135CAF3, STM32MP135CAG3, STM32MP135DAE7, STM32MP135DAF7, STM32MP135DAG7, STM32MP135F-DK, STM32MP135FAE7, STM32MP135FAF7, STM32MP135FAF7T, STM32MP135FAF7U, STM32MP135FAG7, STM32MP211AAL3, STM32MP211AAM3, STM32MP211AAN3, STM32MP211AAO3, STM32MP211CAL3, STM32MP211CAM3, STM32MP211CAN3, STM32MP211CAO3, STM32MP211DAL3, STM32MP211DAM3, STM32MP211DAN3, STM32MP211DAO3, STM32MP211FAL3, STM32MP211FAM3, STM32MP211FAN3, STM32MP211FAO3, STM32MP213AAL3, STM32MP213AAM3, STM32MP213AAN3, STM32MP213AAO3, STM32MP213CAL3, STM32MP213CAM3, STM32MP213CAN3, STM32MP213CAO3, STM32MP213DAL3, STM32MP213DAM3, STM32MP213DAN3, STM32MP213DAO3, STM32MP213FAL3, STM32MP213FAM3, STM32MP213FAN3, STM32MP213FAO3, STM32MP215AAL3, STM32MP215AAM3, STM32MP215AAN3, STM32MP215AAO3, STM32MP215CAL3, STM32MP215CAM3, STM32MP215CAN3, STM32MP215CAO3, STM32MP215DAL3, STM32MP215DAM3, STM32MP215DAN3, STM32MP215DAO3, STM32MP215F-DK, STM32MP215FAL3, STM32MP215FAM3, STM32MP215FAN3, STM32MP215FAO3, STM32MP231AAJ3, STM32MP231AAK3, STM32MP231AAL3, STM32MP231CAJ3, STM32MP231CAK3, STM32MP231CAL3, STM32MP231DAJ3, STM32MP231DAK3, STM32MP231DAL3, STM32MP231FAJ3, STM32MP231FAK3, STM32MP231FAL3, STM32MP233AAJ3, STM32MP233AAK3, STM32MP233AAL3, STM32MP233CAJ3, STM32MP233CAK3, STM32MP233CAL3, STM32MP233DAJ3, STM32MP233DAK3, STM32MP233DAL3, STM32MP233FAJ3, STM32MP233FAK3, STM32MP233FAL3, STM32MP235AAJ3, STM32MP235AAK3, STM32MP235AAL3, STM32MP235CAJ3, STM32MP235CAK3, STM32MP235CAL3, STM32MP235DAJ3, STM32MP235DAK3, STM32MP235DAL3, STM32MP235FAJ3, STM32MP235FAK3, STM32MP235FAL3, STM32MP251AAI3, STM32MP251AAK3, STM32MP251AAL3, STM32MP251CAI3, STM32MP251CAK3, STM32MP251CAL3, STM32MP251DAI3, STM32MP251DAK3, STM32MP251DAL3, STM32MP251FAI3, STM32MP251FAK3, STM32MP251FAL3, STM32MP253AAI3, STM32MP253AAK3, STM32MP253AAL3, STM32MP253CAI3, STM32MP253CAK3, STM32MP253CAL3, STM32MP253DAI3, STM32MP253DAK3, STM32MP253DAL3, STM32MP253FAI3, STM32MP253FAK3, STM32MP253FAL3, STM32MP255AAI3, STM32MP255AAK3, STM32MP255AAL3, STM32MP255CAI3, STM32MP255CAK3, STM32MP255CAL3, STM32MP255DAI3, STM32MP255DAK3, STM32MP255DAL3, STM32MP255FAI3, STM32MP255FAK3, STM32MP255FAL3, STM32MP257AAI3, STM32MP257AAK3, STM32MP257AAL3, STM32MP257CAI3, STM32MP257CAK3, STM32MP257CAL3, STM32MP257DAI3, STM32MP257DAK3, STM32MP257DAL3, STM32MP257F-DK, STM32MP257F-EV1, STM32MP257FAI3, STM32MP257FAK3, STM32MP257FAL3, STM32N645A0H3Q, STM32N645B0H3Q, STM32N645I0H3Q, STM32N645L0H3Q, STM32N645X0H3Q, STM32N645Z0H3Q, STM32N647A0H3Q, STM32N647B0H3Q, STM32N647I0H3Q, STM32N647L0H3Q, STM32N647X0H3Q, STM32N647Z0H3Q, STM32N655A0H3Q, STM32N655B0H3Q, STM32N655I0H3Q, STM32N655L0H3Q, STM32N655X0H3Q, STM32N655Z0H3Q, STM32N6570-DK, STM32N657A0H3Q, STM32N657B0H3Q, STM32N657I0H3Q, STM32N657L0H3Q, STM32N657X0H3Q, STM32N657Z0H3Q, STM32U031C6T6, STM32U031C6U6, STM32U031C8T6, STM32U031C8U6, STM32U031F4P6, STM32U031F6P6, STM32U031F8P6, STM32U031G6Y6TR, STM32U031G8Y6TR, STM32U031K4U6, STM32U031K6U6, STM32U031K8U6, STM32U031R6I6, STM32U031R6T6, STM32U031R8I6, STM32U031R8T6, STM32U073C8T6, STM32U073C8U6, STM32U073CBT6, STM32U073CBU6, STM32U073CCT6, STM32U073CCU6, STM32U073H8Y6TR, STM32U073HBY6TR, STM32U073HCY6TR, STM32U073K8U6, STM32U073KBU6, STM32U073KCU6, STM32U073M8I6, STM32U073M8T6, STM32U073MBI6, STM32U073MBT6, STM32U073MCI6, STM32U073MCT6, STM32U073R8I6, STM32U073R8T6, STM32U073RBI6, STM32U073RBT6, STM32U073RCI6, STM32U073RCT6, STM32U083C-DK, STM32U083CCT6, STM32U083CCU6, STM32U083HCY6TR, STM32U083KCU6, STM32U083MCI6, STM32U083MCT6, STM32U083RCI6, STM32U083RCT6, STM32U375CET6, STM32U375CET6Q, STM32U375CEU6, STM32U375CEU6Q, STM32U375CEY6QTR, STM32U375CGT6, STM32U375CGT6Q, STM32U375CGU6, STM32U375CGU6Q, STM32U375CGY6QTR, STM32U375KEU6, STM32U375KGU6, STM32U375REI6, STM32U375REI6Q, STM32U375RET6, STM32U375RET6Q, STM32U375REY6GTR, STM32U375REY6QTR, STM32U375RGI6, STM32U375RGI6Q, STM32U375RGT6, STM32U375RGT6Q, STM32U375RGY6GTR, STM32U375RGY6QTR, STM32U375VEI6, STM32U375VEI6Q, STM32U375VET6, STM32U375VET6Q, STM32U375VGI6, STM32U375VGI6Q, STM32U375VGT6, STM32U375VGT6Q, STM32U385CGT6, STM32U385CGT6Q, STM32U385CGU6, STM32U385CGU6Q, STM32U385CGY6QTR, STM32U385KGU6, STM32U385RGI6, STM32U385RGI6Q, STM32U385RGT6, STM32U385RGT6Q, STM32U385RGY6GTR, STM32U385RGY6QTR, STM32U385VGI6, STM32U385VGI6Q, STM32U385VGT6, STM32U385VGT6Q, STM32U535CBT6, STM32U535CBT6Q, STM32U535CBU6, STM32U535CBU6Q, STM32U535CCT6, STM32U535CCT6Q, STM32U535CCU6, STM32U535CCU6Q, STM32U535CET6, STM32U535CET6Q, STM32U535CEU6, STM32U535CEU6Q, STM32U535JEY6QTR, STM32U535NCY6QTR, STM32U535NEY6QTR, STM32U535RBI6, STM32U535RBI6Q, STM32U535RBT6, STM32U535RBT6Q, STM32U535RCI6, STM32U535RCI6Q, STM32U535RCT6, STM32U535RCT6Q, STM32U535REI6, STM32U535REI6Q, STM32U535RET6, STM32U535RET6Q, STM32U535VCI6, STM32U535VCI6Q, STM32U535VCT6, STM32U535VCT6Q, STM32U535VEI6, STM32U535VEI6Q, STM32U535VET6, STM32U535VET6Q, STM32U545CET6, STM32U545CET6Q, STM32U545CEU6, STM32U545CEU6Q, STM32U545JEY6QTR, STM32U545NEY6QTR, STM32U545REI6, STM32U545REI6Q, STM32U545RET6, STM32U545RET6Q, STM32U545VEI6, STM32U545VEI6Q, STM32U545VET6, STM32U545VET6Q, STM32U595AIH6, STM32U595AIH6Q, STM32U595AJH6, STM32U595AJH6Q, STM32U595QII6, STM32U595QII6Q, STM32U595QJI6, STM32U595QJI6Q, STM32U595RIT6, STM32U595RIT6Q, STM32U595RJT6, STM32U595RJT6Q, STM32U595VIT6, STM32U595VIT6Q, STM32U595VJT6, STM32U595VJT6Q, STM32U595ZIT6, STM32U595ZIT6Q, STM32U595ZIY6QTR, STM32U595ZJT6, STM32U595ZJT6Q, STM32U595ZJY6QTR, STM32U599BJY6QTR, STM32U599NIH6Q, STM32U599NJH6Q, STM32U599VIT6Q, STM32U599VJT6, STM32U599VJT6Q, STM32U599ZIT6Q, STM32U599ZIY6QTR, STM32U599ZJT6Q, STM32U599ZJY6QTR, STM32U5A5AJH6, STM32U5A5AJH6Q, STM32U5A5QII3Q , STM32U5A5QJI6, STM32U5A5QJI6Q, STM32U5A5RJT6, STM32U5A5RJT6Q, STM32U5A5VJT6, STM32U5A5VJT6Q, STM32U5A5ZJT6, STM32U5A5ZJT6Q, STM32U5A5ZJY6QTR, STM32U5A9BJY6QTR, STM32U5A9J-DK, STM32U5A9NJH6Q, STM32U5A9VJT6Q, STM32U5A9ZJT6Q, STM32U5A9ZJY6QTR, STM32U5F7VIT6, STM32U5F7VIT6Q, STM32U5F7VJT6, STM32U5F7VJT6Q, STM32U5F9BJY6QTR, STM32U5F9NJH6Q, STM32U5F9VIT6Q, STM32U5F9VJT6Q, STM32U5F9ZIJ6QTR, STM32U5F9ZIT6Q, STM32U5F9ZJJ6QTR, STM32U5F9ZJT6Q, STM32U5G7VJT6, STM32U5G7VJT6Q, STM32U5G9BJY6QTR, STM32U5G9J-DK1, STM32U5G9J-DK2, STM32U5G9NJH6Q, STM32U5G9VJT6Q, STM32U5G9ZJJ6QTR, STM32U5G9ZJT6Q, STM32WB05KZV6TR, STM32WB05KZV7TR, STM32WB05TZF6TR, STM32WB05TZF7TR, STM32WB06CCF6TR, STM32WB06CCF7TR, STM32WB06CCV6TR, STM32WB06CCV7TR, STM32WB06KCV6TR, STM32WB06KCV7TR, STM32WB07CCF6TR, STM32WB07CCF7TR, STM32WB07CCV6TR, STM32WB07CCV7TR, STM32WB07KCV6TR, STM32WB07KCV7TR, STM32WB09KEV6TR, STM32WB09KEV7TR, STM32WB09TEF6TR, STM32WB09TEF7TR, STM32WB1MMCH6, STM32WBA50KGU6, STM32WBA50KGU6TR, STM32WBA52CEU6, STM32WBA52CEU6TR, STM32WBA52CEU7, STM32WBA52CEU7TR, STM32WBA52CGU6, STM32WBA52CGU6TR, STM32WBA52CGU6U, STM32WBA52CGU7, STM32WBA52CGU7TR, STM32WBA52KEU6, STM32WBA52KEU6TR, STM32WBA52KGU6, STM32WBA52KGU6TR, STM32WBA54CEU6, STM32WBA54CEU6TR, STM32WBA54CEU7, STM32WBA54CEU7TR, STM32WBA54CGU6, STM32WBA54CGU6TR, STM32WBA54CGU7, STM32WBA54CGU7TR, STM32WBA54KEU6, STM32WBA54KEU6TR, STM32WBA54KEU7, STM32WBA54KEU7TR, STM32WBA54KGU6, STM32WBA54KGU6TR, STM32WBA54KGU7, STM32WBA54KGU7TR, STM32WBA55CEU6, STM32WBA55CEU6TR, STM32WBA55CEU7, STM32WBA55CEU7TR, STM32WBA55CGU6, STM32WBA55CGU6TR, STM32WBA55CGU6U, STM32WBA55CGU7, STM32WBA55CGU7TR, STM32WBA55G-DK1, STM32WBA55HEF6, STM32WBA55HEF7, STM32WBA55HGF6, STM32WBA55HGF7, STM32WBA55UEI6, STM32WBA55UEI6TR, STM32WBA55UEI7, STM32WBA55UEI7TR, STM32WBA55UGI6, STM32WBA55UGI6TR, STM32WBA55UGI7, STM32WBA55UGI7TR, STM32WBA5MMGH6TR, STM32WBA62MGF6, STM32WBA62MIF6, STM32WBA65MGF7, STM32WBA65MIF6, STM32WBA65MIF7, STM32WL30K8V6, STM32WL30KBV6, STM32WL31C8V6, STM32WL31CBV6, STM32WL31K8V6, STM32WL31KBV6, STM32WL33C8V6, STM32WL33C8V6X, STM32WL33CBV6, STM32WL33CBV6X, STM32WL33CCV6, STM32WL33CCV6A, STM32WL33CCV6X, STM32WL33K8V7, STM32WL33K8V7X, STM32WL33KBV7 , STM32WL33KBV7X, STM32WL33KCV7, STM32WL33KCV7X, STM32WL5MOCH6, STM32WL5MOCH6TR]
2026-01-21 11:23:20,220 [INFO] DbMcus:218 - Found 4876 MCUs, 4876 are supported
2026-01-21 11:23:20,221 [INFO] ApiDb:423 - Load user favorites file C:\Users\Chinnapop/.stm32cubeide/favorites.mcus.txt: 0 item(s)
2026-01-21 11:23:20,221 [INFO] ApiDb:427 - User favorites MCUs=[]
2026-01-21 11:23:20,221 [INFO] DbMcus:224 - Set 0 / 0 favorites MCUs
2026-01-21 11:23:20,865 [INFO] BoardInfo:889 - No configuration file found for board P-NUCLEO-WB55
2026-01-21 11:23:20,867 [INFO] DbBoards:161 - Kit is not supported: P-NUCLEO-WB55
2026-01-21 11:23:20,878 [INFO] BoardInfo:889 - No configuration file found for board STEVAL-BFA001V1B
2026-01-21 11:23:20,880 [INFO] DbBoards:161 - Kit is not supported: STEVAL-BFA001V1B
2026-01-21 11:23:20,883 [INFO] BoardInfo:889 - No configuration file found for board STEVAL-BFA001V2B
2026-01-21 11:23:20,885 [INFO] DbBoards:161 - Kit is not supported: STEVAL-BFA001V2B
2026-01-21 11:23:21,111 [INFO] DbBoards:168 - Found 212 boards, 209 are supported
2026-01-21 11:23:21,111 [INFO] DbBoards:169 - Found 212 boards, 43 of them is supported for  Bsp
2026-01-21 11:23:21,115 [INFO] ApiDb:423 - Load user favorites file C:\Users\Chinnapop/.stm32cubeide/favorites.boards.txt: 0 item(s)
2026-01-21 11:23:21,115 [INFO] ApiDb:427 - User favorites Boards=[]
2026-01-21 11:23:21,115 [INFO] DbBoards:198 - Set 0 / 0 favorites Boards
2026-01-21 11:23:21,167 [INFO] UtilMem:75 - End LoadConfig() Used Memory: 1004470320 Bytes (1073741824)
2026-01-21 11:23:21,323 [WARN] ThirdParty:833 - waiting for thirdparty lock release [change project]
2026-01-21 11:23:21,323 [INFO] ThirdParty:835 - entering critical section [change project]
2026-01-21 11:23:21,323 [INFO] ThirdParty:1030 - CMSIS Pack Vendor :STMicroelectronics X-CUBE-PM33A1 1.0.0
2026-01-21 11:23:21,323 [INFO] ThirdParty:1030 - CMSIS Pack Vendor :STMicroelectronics USBPD 4.1
2026-01-21 11:23:21,323 [INFO] ThirdParty:1030 - CMSIS Pack Vendor :STMicroelectronics USB_HOST 2.0.0
2026-01-21 11:23:21,324 [INFO] ThirdParty:1030 - CMSIS Pack Vendor :STMicroelectronics FP-SNS-MOTENVWB1 1.4.0
2026-01-21 11:23:21,324 [INFO] ThirdParty:1030 - CMSIS Pack Vendor :STMicroelectronics X-CUBE-AZRTOS-F4 1.1.0
2026-01-21 11:23:21,324 [INFO] ThirdParty:1030 - CMSIS Pack Vendor :STMicroelectronics LIBJPEG 8.0.0
2026-01-21 11:23:21,324 [INFO] ThirdParty:1030 - CMSIS Pack Vendor :STMicroelectronics FP-ATR-ASTRA1 2.0.2
2026-01-21 11:23:21,324 [INFO] ThirdParty:1030 - CMSIS Pack Vendor :STMicroelectronics FP-ATR-ASTRA1 2.0.1
2026-01-21 11:23:21,324 [INFO] ThirdParty:1030 - CMSIS Pack Vendor :Avnet-IotConnect X-CUBE-IoTC-DA16k-PMOD 1.0.0
2026-01-21 11:23:21,324 [INFO] ThirdParty:1030 - CMSIS Pack Vendor :STMicroelectronics X-CUBE-SMBUS 2.1.0
2026-01-21 11:23:21,324 [INFO] ThirdParty:1030 - CMSIS Pack Vendor :STMicroelectronics X-CUBE-WB05N 1.1.0
2026-01-21 11:23:21,324 [INFO] ThirdParty:1030 - CMSIS Pack Vendor :STMicroelectronics X-CUBE-ISPU 2.1.0
2026-01-21 11:23:21,324 [INFO] ThirdParty:1030 - CMSIS Pack Vendor :STMicroelectronics X-CUBE-IPS 3.2.0
2026-01-21 11:23:21,324 [INFO] ThirdParty:1030 - CMSIS Pack Vendor :STMicroelectronics X-CUBE-FREERTOS 1.2.0
2026-01-21 11:23:21,324 [INFO] ThirdParty:1030 - CMSIS Pack Vendor :STMicroelectronics X-CUBE-ST60 1.0.0
2026-01-21 11:23:21,324 [INFO] ThirdParty:1030 - CMSIS Pack Vendor :STMicroelectronics X-CUBE-NFC12 1.0.0
2026-01-21 11:23:21,324 [INFO] ThirdParty:1030 - CMSIS Pack Vendor :STMicroelectronics X-CUBE-AZRTOS-F7 1.1.0
2026-01-21 11:23:21,324 [INFO] ThirdParty:1030 - CMSIS Pack Vendor :STMicroelectronics X-CUBE-AZRTOS-L5 2.0.0
2026-01-21 11:23:21,324 [INFO] ThirdParty:1030 - CMSIS Pack Vendor :STMicroelectronics USB_DEVICE 2.0.0
2026-01-21 11:23:21,324 [INFO] ThirdParty:1030 - CMSIS Pack Vendor :STMicroelectronics X-CUBE-NFC6 3.1.0
2026-01-21 11:23:21,324 [INFO] ThirdParty:1030 - CMSIS Pack Vendor :STMicroelectronics X-CUBE-MEMS1 11.0.0
2026-01-21 11:23:21,324 [INFO] ThirdParty:1030 - CMSIS Pack Vendor :STMicroelectronics FP-SNS-MOTENV1 5.1.0
2026-01-21 11:23:21,324 [INFO] ThirdParty:1030 - CMSIS Pack Vendor :STMicroelectronics FreeRTOS 0.0.1
2026-01-21 11:23:21,324 [INFO] ThirdParty:1030 - CMSIS Pack Vendor :STMicroelectronics X-CUBE-DPower 1.2.0
2026-01-21 11:23:21,324 [INFO] ThirdParty:1030 - CMSIS Pack Vendor :STMicroelectronics FP-SNS-FLIGHT1 5.0.2
2026-01-21 11:23:21,325 [INFO] ThirdParty:1030 - CMSIS Pack Vendor :STMicroelectronics PDM2PCM 3.3.0
2026-01-21 11:23:21,325 [INFO] ThirdParty:1030 - CMSIS Pack Vendor :STMicroelectronics X-CUBE-AZRTOS-H7 3.4.0
2026-01-21 11:23:21,325 [INFO] ThirdParty:1030 - CMSIS Pack Vendor :STMicroelectronics X-CUBE-DISPLAY 3.0.0
2026-01-21 11:23:21,325 [INFO] ThirdParty:1030 - CMSIS Pack Vendor :STMicroelectronics X-CUBE-BLE1 7.0.0
2026-01-21 11:23:21,325 [INFO] ThirdParty:1030 - CMSIS Pack Vendor :STMicroelectronics X-CUBE-NFC10 1.0.0
2026-01-21 11:23:21,325 [INFO] ThirdParty:1030 - CMSIS Pack Vendor :STMicroelectronics X-CUBE-BLEMGR 4.0.0
2026-01-21 11:23:21,325 [INFO] ThirdParty:1030 - CMSIS Pack Vendor :STMicroelectronics X-CUBE-FREERTOS 1.3.1
2026-01-21 11:23:21,325 [INFO] ThirdParty:1030 - CMSIS Pack Vendor :STMicroelectronics HAL Drivers 0.0.0
2026-01-21 11:23:21,325 [INFO] ThirdParty:1030 - CMSIS Pack Vendor :STMicroelectronics X-CUBE-ST60 1.1.0
2026-01-21 11:23:21,325 [INFO] ThirdParty:1030 - CMSIS Pack Vendor :emotas I-CUBE-CANOPEN 1.3.0
2026-01-21 11:23:21,325 [INFO] ThirdParty:1030 - CMSIS Pack Vendor :STMicroelectronics X-CUBE-FREERTOS 1.3.0
2026-01-21 11:23:21,325 [INFO] ThirdParty:1030 - CMSIS Pack Vendor :STMicroelectronics X-CUBE-NFC7 1.0.1
2026-01-21 11:23:21,325 [INFO] ThirdParty:1030 - CMSIS Pack Vendor :STMicroelectronics MBEDTLS 2.14.1
2026-01-21 11:23:21,325 [INFO] ThirdParty:1030 - CMSIS Pack Vendor :STMicroelectronics X-CUBE-GNSS1 7.1.0
2026-01-21 11:23:21,325 [INFO] ThirdParty:1030 - CMSIS Pack Vendor :STMicroelectronics X-CUBE-TOUCHGFX 4.26.0
2026-01-21 11:23:21,326 [INFO] ThirdParty:1030 - CMSIS Pack Vendor :STMicroelectronics X-CUBE-BLEMGR 3.1.0
2026-01-21 11:23:21,326 [INFO] ThirdParty:1030 - CMSIS Pack Vendor :STMicroelectronics X-CUBE-AI 10.0.0
2026-01-21 11:23:21,326 [INFO] ThirdParty:1030 - CMSIS Pack Vendor :STMicroelectronics FP-SNS-STBOX1 2.1.0
2026-01-21 11:23:21,326 [INFO] ThirdParty:1030 - CMSIS Pack Vendor :STMicroelectronics FP-SNS-STAIOTCFT 1.0.0
2026-01-21 11:23:21,326 [INFO] ThirdParty:1030 - CMSIS Pack Vendor :STMicroelectronics FP-SNS-SMARTAG2 1.2.0
2026-01-21 11:23:21,326 [INFO] ThirdParty:1030 - CMSIS Pack Vendor :STMicroelectronics FP-SNS-FLIGHT1 5.1.0
2026-01-21 11:23:21,327 [INFO] ThirdParty:1030 - CMSIS Pack Vendor :STMicroelectronics X-CUBE-MEMS1 11.1.0
2026-01-21 11:23:21,327 [INFO] ThirdParty:1030 - CMSIS Pack Vendor :STMicroelectronics X-CUBE-AZRTOS-WL 2.0.0
2026-01-21 11:23:21,327 [INFO] ThirdParty:1030 - CMSIS Pack Vendor :STMicroelectronics X-CUBE-DPower 1.3.0
2026-01-21 11:23:21,327 [INFO] ThirdParty:1030 - CMSIS Pack Vendor :STMicroelectronics FP-SNS-MOTENV1 5.0.0
2026-01-21 11:23:21,327 [INFO] ThirdParty:1030 - CMSIS Pack Vendor :STMicroelectronics USB_DEVICE 1.0.0
2026-01-21 11:23:21,327 [INFO] ThirdParty:1030 - CMSIS Pack Vendor :STMicroelectronics X-CUBE-AZRTOS-H7RS 1.2.0
2026-01-21 11:23:21,327 [INFO] ThirdParty:1030 - CMSIS Pack Vendor :wolfSSL I-CUBE-wolfMQTT 1.19.0
2026-01-21 11:23:21,327 [INFO] ThirdParty:1030 - CMSIS Pack Vendor :STMicroelectronics X-CUBE-AZRTOS-L4 2.0.0
2026-01-21 11:23:21,327 [INFO] ThirdParty:1030 - CMSIS Pack Vendor :STMicroelectronics ThreadX 0.0.2
2026-01-21 11:23:21,327 [INFO] ThirdParty:1030 - CMSIS Pack Vendor :WES I-CUBE-Cesium 1.3.0
2026-01-21 11:23:21,327 [INFO] ThirdParty:1030 - CMSIS Pack Vendor :STMicroelectronics lwIP 2.1.2
2026-01-21 11:23:21,327 [INFO] ThirdParty:1030 - CMSIS Pack Vendor :STMicroelectronics X-CUBE-SFXS2LP1 4.0.0
2026-01-21 11:23:21,327 [INFO] ThirdParty:1030 - CMSIS Pack Vendor :STMicroelectronics X-CUBE-BLE2 3.3.0
2026-01-21 11:23:21,327 [INFO] ThirdParty:1030 - CMSIS Pack Vendor :STMicroelectronics PDM2PCM 3.2.0
2026-01-21 11:23:21,327 [INFO] ThirdParty:1030 - CMSIS Pack Vendor :STMicroelectronics X-CUBE-ST67W61 1.2.0
2026-01-21 11:23:21,328 [INFO] ThirdParty:1030 - CMSIS Pack Vendor :STMicroelectronics X-CUBE-AZRTOS-H7 3.3.0
2026-01-21 11:23:21,328 [INFO] ThirdParty:1030 - CMSIS Pack Vendor :STMicroelectronics X-CUBE-NFC9 1.0.0
2026-01-21 11:23:21,328 [INFO] ThirdParty:1030 - CMSIS Pack Vendor :STMicroelectronics X-CUBE-BLE1 7.1.0
2026-01-21 11:23:21,328 [INFO] ThirdParty:1030 - CMSIS Pack Vendor :STMicroelectronics USB_DEVICE 3.0.0
2026-01-21 11:23:21,328 [INFO] ThirdParty:1030 - CMSIS Pack Vendor :STMicroelectronics X-CUBE-TCPP 4.1.0
2026-01-21 11:23:21,328 [INFO] ThirdParty:1030 - CMSIS Pack Vendor :STMicroelectronics X-CUBE-FREERTOS 1.4.0
2026-01-21 11:23:21,329 [INFO] ThirdParty:1030 - CMSIS Pack Vendor :STMicroelectronics X-CUBE-EEPRMA1 5.2.0
2026-01-21 11:23:21,329 [INFO] ThirdParty:1030 - CMSIS Pack Vendor :STMicroelectronics X-CUBE-BLEMGR 4.1.0
2026-01-21 11:23:21,329 [INFO] ThirdParty:1030 - CMSIS Pack Vendor :STMicroelectronics X-CUBE-IPS 3.0.0
2026-01-21 11:23:21,329 [INFO] ThirdParty:1030 - CMSIS Pack Vendor :STMicroelectronics X-CUBE-AZRTOS-WB 2.0.0
2026-01-21 11:23:21,329 [INFO] ThirdParty:1030 - CMSIS Pack Vendor :STMicroelectronics X-CUBE-GNSS1 7.0.0
2026-01-21 11:23:21,329 [INFO] ThirdParty:1030 - CMSIS Pack Vendor :STMicroelectronics X-CUBE-GNSS1 7.0.1
2026-01-21 11:23:21,329 [INFO] ThirdParty:1030 - CMSIS Pack Vendor :STMicroelectronics X-CUBE-TOUCHGFX 4.25.0
2026-01-21 11:23:21,329 [INFO] ThirdParty:1030 - CMSIS Pack Vendor :STMicroelectronics X-CUBE-ST67W61 1.1.0
2026-01-21 11:23:21,329 [INFO] ThirdParty:1030 - CMSIS Pack Vendor :STMicroelectronics X-CUBE-AI 10.1.0
2026-01-21 11:23:21,329 [INFO] ThirdParty:1030 - CMSIS Pack Vendor :STMicroelectronics FP-SNS-STBOX1 2.0.0
2026-01-21 11:23:21,330 [INFO] ThirdParty:1030 - CMSIS Pack Vendor :STMicroelectronics X-CUBE-MEMS1 12.0.0
2026-01-21 11:23:21,330 [INFO] ThirdParty:1030 - CMSIS Pack Vendor :STMicroelectronics X-CUBE-MEMS1 11.2.0
2026-01-21 11:23:21,330 [INFO] ThirdParty:1030 - CMSIS Pack Vendor :STMicroelectronics X-CUBE-AZRTOS-G0 1.1.0
2026-01-21 11:23:21,330 [INFO] ThirdParty:1030 - CMSIS Pack Vendor :STMicroelectronics X-CUBE-SAFEA1 1.2.2
2026-01-21 11:23:21,330 [INFO] ThirdParty:1030 - CMSIS Pack Vendor :STMicroelectronics X-CUBE-NFC4 3.0.0
2026-01-21 11:23:21,330 [INFO] ThirdParty:1030 - CMSIS Pack Vendor :STMicroelectronics X-CUBE-SUBG2 5.0.0
2026-01-21 11:23:21,330 [INFO] ThirdParty:1030 - CMSIS Pack Vendor :STMicroelectronics X-CUBE-AZRTOS-H7RS 1.1.0
2026-01-21 11:23:21,330 [INFO] ThirdParty:1030 - CMSIS Pack Vendor :STMicroelectronics STM32_WPAN 1.0.0
2026-01-21 11:23:21,330 [INFO] ThirdParty:1030 - CMSIS Pack Vendor :EmbeddedOffice I-CUBE-FS-RTOS 1.0.1
2026-01-21 11:23:21,330 [INFO] ThirdParty:1030 - CMSIS Pack Vendor :STMicroelectronics lwIP 2.0.3
2026-01-21 11:23:21,330 [INFO] ThirdParty:1030 - CMSIS Pack Vendor :Cesanta I-CUBE-Mongoose 7.13.0
2026-01-21 11:23:21,330 [INFO] ThirdParty:1030 - CMSIS Pack Vendor :STMicroelectronics USB_HOST 1.0.0
2026-01-21 11:23:21,330 [INFO] ThirdParty:1030 - CMSIS Pack Vendor :STMicroelectronics X-CUBE-AZRTOS-G4 2.0.0
2026-01-21 11:23:21,330 [INFO] ThirdParty:1030 - CMSIS Pack Vendor :STMicroelectronics X-CUBE-WB05N 2.0.0
2026-01-21 11:23:21,330 [INFO] ThirdParty:1030 - CMSIS Pack Vendor :STMicroelectronics PDM2PCM 3.1.0
2026-01-21 11:23:21,330 [INFO] ThirdParty:1030 - CMSIS Pack Vendor :STMicroelectronics X-CUBE-NFC7 2.0.0
2026-01-21 11:23:21,330 [INFO] ThirdParty:1030 - CMSIS Pack Vendor :STMicroelectronics X-CUBE-TCPP 4.2.0
2026-01-21 11:23:21,330 [INFO] ThirdParty:1030 - CMSIS Pack Vendor :RealThread X-CUBE-RT-Thread_Nano 4.1.1
2026-01-21 11:23:21,330 [INFO] ThirdParty:1030 - CMSIS Pack Vendor :STMicroelectronics FP-ATR-SIGFOX1 3.2.0
2026-01-21 11:23:21,330 [INFO] ThirdParty:1030 - CMSIS Pack Vendor :quantropi X-CUBE-qispace-sdk-base 1.9.3
2026-01-21 11:23:21,330 [INFO] ThirdParty:1030 - CMSIS Pack Vendor :STMicroelectronics X-CUBE-EEPRMA1 5.1.0
2026-01-21 11:23:21,330 [INFO] ThirdParty:1030 - CMSIS Pack Vendor :STMicroelectronics MBEDTLS 2.16.2
2026-01-21 11:23:21,330 [INFO] ThirdParty:1030 - CMSIS Pack Vendor :STMicroelectronics X-CUBE-IPS 3.1.0
2026-01-21 11:23:21,330 [INFO] ThirdParty:1030 - CMSIS Pack Vendor :STMicroelectronics X-CUBE-ALS 1.0.2
2026-01-21 11:23:21,330 [INFO] ThirdParty:1030 - CMSIS Pack Vendor :wolfSSL I-CUBE-wolfSSL 5.7.4
2026-01-21 11:23:21,330 [INFO] ThirdParty:1030 - CMSIS Pack Vendor :ITTIA_DB I-CUBE-ITTIADB 8.9.0
2026-01-21 11:23:21,330 [INFO] ThirdParty:1030 - CMSIS Pack Vendor :STMicroelectronics X-CUBE-TOUCHGFX 4.24.2
2026-01-21 11:23:21,330 [INFO] ThirdParty:1030 - CMSIS Pack Vendor :STMicroelectronics X-CUBE-TOUCHGFX 4.24.1
2026-01-21 11:23:21,330 [INFO] ThirdParty:1030 - CMSIS Pack Vendor :STMicroelectronics X-CUBE-STSE01 1.0.0
2026-01-21 11:23:21,330 [INFO] ThirdParty:1030 - CMSIS Pack Vendor :wolfSSL I-CUBE-wolfTPM 3.4.0
2026-01-21 11:23:21,330 [INFO] ThirdParty:1030 - CMSIS Pack Vendor :portGmbH I-Cube-SoM-uGOAL 1.1.0
2026-01-21 11:23:21,330 [INFO] ThirdParty:1030 - CMSIS Pack Vendor :STMicroelectronics X-CUBE-ST67W61 1.0.0
2026-01-21 11:23:21,330 [INFO] ThirdParty:1030 - CMSIS Pack Vendor :STMicroelectronics X-CUBE-AI 10.2.0
2026-01-21 11:23:21,330 [INFO] ThirdParty:1030 - CMSIS Pack Vendor :STMicroelectronics ThreadX 1.0.0
2026-01-21 11:23:21,330 [INFO] ThirdParty:1030 - CMSIS Pack Vendor :SEGGER I-CUBE-embOS 1.3.1
2026-01-21 11:23:21,330 [INFO] ThirdParty:1030 - CMSIS Pack Vendor :STMicroelectronics X-CUBE-ALGOBUILD 1.4.0
2026-01-21 11:23:21,330 [INFO] ThirdParty:1030 - CMSIS Pack Vendor :STMicroelectronics X-CUBE-MEMS1 11.3.0
2026-01-21 11:23:21,330 [INFO] ThirdParty:1030 - CMSIS Pack Vendor :STMicroelectronics X-CUBE-AZRTOS-H7RS 1.0.0
2026-01-21 11:23:21,330 [INFO] ThirdParty:1030 - CMSIS Pack Vendor :STMicroelectronics FP-ATR-ASTRA1 2.0.0
2026-01-21 11:23:21,330 [INFO] ThirdParty:1030 - CMSIS Pack Vendor :STMicroelectronics X-CUBE-TOF1 3.4.2
2026-01-21 11:23:21,330 [INFO] ThirdParty:1030 - CMSIS Pack Vendor :STMicroelectronics X-CUBE-TOF1 3.4.3
2026-01-21 11:23:21,330 [INFO] ThirdParty:1030 - CMSIS Pack Vendor :STMicroelectronics X-CUBE-AI 9.1.0
2026-01-21 11:23:21,330 [INFO] ThirdParty:1030 - CMSIS Pack Vendor :Infineon AIROC-Wi-Fi-Bluetooth-STM32 1.6.1
2026-01-21 11:23:21,330 [INFO] ThirdParty:1030 - CMSIS Pack Vendor :wolfSSL I-CUBE-wolfSSH 1.4.17
2026-01-21 11:23:21,331 [INFO] ThirdParty:841 - exiting critical section [change project]
2026-01-21 11:23:22,292 [INFO] PinOutPanel:1589 - setPackage(No Configuration,No Configuration)
2026-01-21 11:23:22,298 [INFO] PinOutPanel:1589 - setPackage(STM32F767ZITx,LQFP144)
2026-01-21 11:23:23,694 [INFO] UtilMem:75 - Before build in PCC Used Memory: 852302000 Bytes (1073741824)
2026-01-21 11:23:25,206 [INFO] UtilMem:75 - After build in PCC Used Memory: 924127408 Bytes (1073741824)
2026-01-21 11:23:25,483 [INFO] ApiDbMcu:532 - Load IP Config File for FREERTOS
2026-01-21 11:23:25,525 [INFO] ApiDbMcu:532 - Load IP Config File for LWIP
2026-01-21 11:23:25,527 [WARN] BspModel:444 - BSP dependency skipped because of component: name='USER_PHY', api='Unknown'
2026-01-21 11:23:25,575 [INFO] IPUIPlugin:80 - create IPUIPlugin
2026-01-21 11:23:25,575 [INFO] IPUIPlugin:80 - create IPUIPlugin
2026-01-21 11:23:25,575 [INFO] IPUIPlugin:80 - create IPUIPlugin
2026-01-21 11:23:25,575 [INFO] IPUIPlugin:80 - create IPUIPlugin
2026-01-21 11:23:25,575 [INFO] IPUIPlugin:80 - create IPUIPlugin
2026-01-21 11:23:25,575 [INFO] IPUIPlugin:80 - create IPUIPlugin
2026-01-21 11:23:25,575 [INFO] IPUIPlugin:80 - create IPUIPlugin
2026-01-21 11:23:25,575 [INFO] IPUIPlugin:80 - create IPUIPlugin
2026-01-21 11:23:25,576 [INFO] IPUIPlugin:80 - create IPUIPlugin
2026-01-21 11:23:25,576 [INFO] IPUIPlugin:80 - create IPUIPlugin
2026-01-21 11:23:25,576 [INFO] IPUIPlugin:80 - create IPUIPlugin
2026-01-21 11:23:25,576 [INFO] IPUIPlugin:80 - create IPUIPlugin
2026-01-21 11:23:25,576 [INFO] IPUIPlugin:80 - create IPUIPlugin
2026-01-21 11:23:25,576 [INFO] IPUIPlugin:80 - create IPUIPlugin
2026-01-21 11:23:25,576 [INFO] IPUIPlugin:80 - create IPUIPlugin
2026-01-21 11:23:25,578 [INFO] IPUIPlugin:80 - create IPUIPlugin
2026-01-21 11:23:25,578 [INFO] IPUIPlugin:80 - create IPUIPlugin
2026-01-21 11:23:25,578 [INFO] IPUIPlugin:80 - create IPUIPlugin
2026-01-21 11:23:25,578 [INFO] IPUIPlugin:80 - create IPUIPlugin
2026-01-21 11:23:25,578 [INFO] IPUIPlugin:80 - create IPUIPlugin
2026-01-21 11:23:25,578 [INFO] IPUIPlugin:80 - create IPUIPlugin
2026-01-21 11:23:25,578 [INFO] IPUIPlugin:80 - create IPUIPlugin
2026-01-21 11:23:25,578 [INFO] IPUIPlugin:80 - create IPUIPlugin
2026-01-21 11:23:25,579 [INFO] IPUIPlugin:80 - create IPUIPlugin
2026-01-21 11:23:25,579 [INFO] IPUIPlugin:80 - create IPUIPlugin
2026-01-21 11:23:25,581 [INFO] IPUIPlugin:80 - create IPUIPlugin
2026-01-21 11:23:25,581 [INFO] IPUIPlugin:80 - create IPUIPlugin
2026-01-21 11:23:25,581 [INFO] IPUIPlugin:80 - create IPUIPlugin
2026-01-21 11:23:25,581 [INFO] IPUIPlugin:80 - create IPUIPlugin
2026-01-21 11:23:25,582 [INFO] IPUIPlugin:80 - create IPUIPlugin
2026-01-21 11:23:25,582 [INFO] IPUIPlugin:80 - create IPUIPlugin
2026-01-21 11:23:25,582 [INFO] IPUIPlugin:80 - create IPUIPlugin
2026-01-21 11:23:25,582 [INFO] IPUIPlugin:80 - create IPUIPlugin
2026-01-21 11:23:25,582 [INFO] IPUIPlugin:80 - create IPUIPlugin
2026-01-21 11:23:25,582 [INFO] IPUIPlugin:80 - create IPUIPlugin
2026-01-21 11:23:25,583 [INFO] IPUIPlugin:80 - create IPUIPlugin
2026-01-21 11:23:25,583 [INFO] IPUIPlugin:80 - create IPUIPlugin
2026-01-21 11:23:25,583 [INFO] IPUIPlugin:80 - create IPUIPlugin
2026-01-21 11:23:25,583 [INFO] IPUIPlugin:80 - create IPUIPlugin
2026-01-21 11:23:25,583 [INFO] IPUIPlugin:80 - create IPUIPlugin
2026-01-21 11:23:25,584 [INFO] IPUIPlugin:80 - create IPUIPlugin
2026-01-21 11:23:25,584 [INFO] IPUIPlugin:80 - create IPUIPlugin
2026-01-21 11:23:25,584 [INFO] IPUIPlugin:80 - create IPUIPlugin
2026-01-21 11:23:25,584 [INFO] IPUIPlugin:80 - create IPUIPlugin
2026-01-21 11:23:25,584 [INFO] IPUIPlugin:80 - create IPUIPlugin
2026-01-21 11:23:25,584 [INFO] IPUIPlugin:80 - create IPUIPlugin
2026-01-21 11:23:25,584 [INFO] IPUIPlugin:80 - create IPUIPlugin
2026-01-21 11:23:25,585 [INFO] IPUIPlugin:80 - create IPUIPlugin
2026-01-21 11:23:25,585 [INFO] IPUIPlugin:80 - create IPUIPlugin
2026-01-21 11:23:25,585 [INFO] IPUIPlugin:80 - create IPUIPlugin
2026-01-21 11:23:25,585 [INFO] IPUIPlugin:80 - create IPUIPlugin
2026-01-21 11:23:25,585 [INFO] IPUIPlugin:80 - create IPUIPlugin
2026-01-21 11:23:25,586 [INFO] IPUIPlugin:80 - create IPUIPlugin
2026-01-21 11:23:25,586 [INFO] IPUIPlugin:80 - create IPUIPlugin
2026-01-21 11:23:25,586 [INFO] IPUIPlugin:80 - create IPUIPlugin
2026-01-21 11:23:25,586 [INFO] IPUIPlugin:80 - create IPUIPlugin
2026-01-21 11:23:25,587 [INFO] IPUIPlugin:80 - create IPUIPlugin
2026-01-21 11:23:25,587 [INFO] IPUIPlugin:80 - create IPUIPlugin
2026-01-21 11:23:25,587 [INFO] IPUIPlugin:80 - create IPUIPlugin
2026-01-21 11:23:25,587 [INFO] IPUIPlugin:80 - create IPUIPlugin
2026-01-21 11:23:25,587 [INFO] IPUIPlugin:80 - create IPUIPlugin
2026-01-21 11:23:25,588 [INFO] IPUIPlugin:80 - create IPUIPlugin
2026-01-21 11:23:25,588 [INFO] IPUIPlugin:80 - create IPUIPlugin
2026-01-21 11:23:25,589 [INFO] IPUIPlugin:80 - create IPUIPlugin
2026-01-21 11:23:25,589 [INFO] IPUIPlugin:80 - create IPUIPlugin
2026-01-21 11:23:25,589 [INFO] IPUIPlugin:80 - create IPUIPlugin
2026-01-21 11:23:25,589 [INFO] IPUIPlugin:80 - create IPUIPlugin
2026-01-21 11:23:25,590 [INFO] IPUIPlugin:80 - create IPUIPlugin
2026-01-21 11:23:25,590 [INFO] IPUIPlugin:80 - create IPUIPlugin
2026-01-21 11:23:25,590 [INFO] IPUIPlugin:80 - create IPUIPlugin
2026-01-21 11:23:25,590 [INFO] IPUIPlugin:80 - create IPUIPlugin
2026-01-21 11:23:25,591 [INFO] IPUIPlugin:80 - create IPUIPlugin
2026-01-21 11:23:25,591 [INFO] IPUIPlugin:80 - create IPUIPlugin
2026-01-21 11:23:25,592 [INFO] IPUIPlugin:80 - create IPUIPlugin
2026-01-21 11:23:25,592 [INFO] IPUIPlugin:80 - create IPUIPlugin
2026-01-21 11:23:25,592 [INFO] IPUIPlugin:80 - create IPUIPlugin
2026-01-21 11:23:25,593 [INFO] IPUIPlugin:80 - create IPUIPlugin
2026-01-21 11:23:25,593 [INFO] IPUIPlugin:80 - create IPUIPlugin
2026-01-21 11:23:25,593 [INFO] IPUIPlugin:80 - create IPUIPlugin
2026-01-21 11:23:25,640 [INFO] ApiDbMcu:532 - Load IP Config File for PDM2PCM
2026-01-21 11:23:25,702 [WARN] FreeRTOS:1023 - Null or empty value: should not occur! (nothing added to the table)
2026-01-21 11:23:25,708 [WARN] IP:2250 - LWIP_NETIF_HOSTNAME_NAME not found: check if there is a RefParameter without a condition.
2026-01-21 11:23:25,758 [WARN] IP:2250 - LWIP_NETIF_HOSTNAME_NAME not found: check if there is a RefParameter without a condition.
2026-01-21 11:23:26,177 [INFO] CADModel:165 - CPN selected for project levelSTM32F767ZIT6
2026-01-21 11:23:26,177 [INFO] CADModel:114 - Register for checkConnection events
2026-01-21 11:23:26,180 [INFO] RtosManager:728 - Active RTOS found at IOC load: FREERTOS [Cortex-M7NS]
2026-01-21 11:23:26,231 [INFO] OpenFileManager:386 - Restore cursor
2026-01-21 11:23:26,482 [WARN] IP:2250 - LWIP_NETIF_HOSTNAME_NAME not found: check if there is a RefParameter without a condition.
2026-01-21 11:23:26,506 [WARN] IP:2250 - LWIP_NETIF_HOSTNAME_NAME not found: check if there is a RefParameter without a condition.
2026-01-21 11:23:26,607 [WARN] IP:2250 - Warning not found: check if there is a RefParameter without a condition.
2026-01-21 11:23:26,608 [WARN] IP:2250 - RxBufferAddress not found: check if there is a RefParameter without a condition.
2026-01-21 11:23:26,608 [WARN] IP:2250 - DESC_SIZE_UNIT not found: check if there is a RefParameter without a condition.
2026-01-21 11:23:26,608 [WARN] IP:2250 - Warning not found: check if there is a RefParameter without a condition.
2026-01-21 11:23:26,608 [WARN] IP:2250 - RxBufferAddress not found: check if there is a RefParameter without a condition.
2026-01-21 11:23:26,608 [WARN] IP:2250 - DESC_SIZE_UNIT not found: check if there is a RefParameter without a condition.
2026-01-21 11:24:47,108 [WARN] BspModel:444 - BSP dependency skipped because of component: name='USER_PHY', api='Unknown'
2026-01-21 11:24:47,201 [WARN] BspModel:444 - BSP dependency skipped because of component: name='USER_PHY', api='Unknown'
2026-01-21 11:24:47,202 [INFO] Can:71 - Can Add PropertyChangeListener com.st.microxplorer.plugins.ip.can.Can@8e139de
2026-01-21 11:25:07,456 [WARN] IP:2250 - LWIP_NETIF_HOSTNAME_NAME not found: check if there is a RefParameter without a condition.
2026-01-21 11:25:07,475 [WARN] IP:2250 - LWIP_NETIF_HOSTNAME_NAME not found: check if there is a RefParameter without a condition.
2026-01-21 11:25:07,524 [WARN] IP:2250 - Warning not found: check if there is a RefParameter without a condition.
2026-01-21 11:25:07,524 [WARN] IP:2250 - RxBufferAddress not found: check if there is a RefParameter without a condition.
2026-01-21 11:25:07,524 [WARN] IP:2250 - DESC_SIZE_UNIT not found: check if there is a RefParameter without a condition.
2026-01-21 11:25:07,524 [WARN] IP:2250 - Warning not found: check if there is a RefParameter without a condition.
2026-01-21 11:25:07,525 [WARN] IP:2250 - RxBufferAddress not found: check if there is a RefParameter without a condition.
2026-01-21 11:25:07,525 [WARN] IP:2250 - DESC_SIZE_UNIT not found: check if there is a RefParameter without a condition.
2026-01-21 11:25:07,837 [WARN] IP:2250 - LWIP_NETIF_HOSTNAME_NAME not found: check if there is a RefParameter without a condition.
2026-01-21 11:25:07,864 [WARN] IP:2250 - LWIP_NETIF_HOSTNAME_NAME not found: check if there is a RefParameter without a condition.
2026-01-21 11:25:07,912 [WARN] IP:2250 - Warning not found: check if there is a RefParameter without a condition.
2026-01-21 11:25:07,913 [WARN] IP:2250 - RxBufferAddress not found: check if there is a RefParameter without a condition.
2026-01-21 11:25:07,914 [WARN] IP:2250 - DESC_SIZE_UNIT not found: check if there is a RefParameter without a condition.
2026-01-21 11:25:07,914 [WARN] IP:2250 - Warning not found: check if there is a RefParameter without a condition.
2026-01-21 11:25:07,915 [WARN] IP:2250 - RxBufferAddress not found: check if there is a RefParameter without a condition.
2026-01-21 11:25:07,915 [WARN] IP:2250 - DESC_SIZE_UNIT not found: check if there is a RefParameter without a condition.
2026-01-21 11:26:04,201 [INFO] NvicIntPanel:101 - NVIC parent = com.st.microxplorer.plugins.ip.nvic.MultiNvicIntPanel[,0,0,0x0,invalid,layout=javax.swing.BoxLayout,alignmentX=0.0,alignmentY=0.0,border=,flags=9,maximumSize=,minimumSize=,preferredSize=]
2026-01-21 11:26:04,346 [INFO] NvicIntPanel:101 - NVIC parent = com.st.microxplorer.plugins.ip.nvic.MultiNvicIntPanel[,0,0,0x0,invalid,layout=javax.swing.BoxLayout,alignmentX=0.0,alignmentY=0.0,border=,flags=9,maximumSize=,minimumSize=,preferredSize=]
2026-01-21 11:26:07,315 [INFO] NvicIntPanel:101 - NVIC parent = com.st.microxplorer.plugins.ip.nvic.MultiNvicIntPanel[,0,0,0x0,invalid,layout=javax.swing.BoxLayout,alignmentX=0.0,alignmentY=0.0,border=,flags=9,maximumSize=,minimumSize=,preferredSize=]
2026-01-21 11:26:07,423 [INFO] NvicIntPanel:101 - NVIC parent = com.st.microxplorer.plugins.ip.nvic.MultiNvicIntPanel[,0,0,0x0,invalid,layout=javax.swing.BoxLayout,alignmentX=0.0,alignmentY=0.0,border=,flags=9,maximumSize=,minimumSize=,preferredSize=]
2026-01-21 11:26:10,074 [INFO] NvicIntPanel:101 - NVIC parent = com.st.microxplorer.plugins.ip.nvic.MultiNvicIntPanel[,0,0,0x0,invalid,layout=javax.swing.BoxLayout,alignmentX=0.0,alignmentY=0.0,border=,flags=9,maximumSize=,minimumSize=,preferredSize=]
2026-01-21 11:26:10,182 [INFO] NvicIntPanel:101 - NVIC parent = com.st.microxplorer.plugins.ip.nvic.MultiNvicIntPanel[,0,0,0x0,invalid,layout=javax.swing.BoxLayout,alignmentX=0.0,alignmentY=0.0,border=,flags=9,maximumSize=,minimumSize=,preferredSize=]
2026-01-21 11:26:37,777 [INFO] NvicIntPanel:101 - NVIC parent = com.st.microxplorer.plugins.ip.nvic.MultiNvicIntPanel[,0,0,0x0,invalid,layout=javax.swing.BoxLayout,alignmentX=0.0,alignmentY=0.0,border=,flags=9,maximumSize=,minimumSize=,preferredSize=]
2026-01-21 11:26:38,727 [INFO] NvicIntPanel:101 - NVIC parent = com.st.microxplorer.plugins.ip.nvic.MultiNvicIntPanel[,0,0,0x0,invalid,layout=javax.swing.BoxLayout,alignmentX=0.0,alignmentY=0.0,border=,flags=9,maximumSize=,minimumSize=,preferredSize=]
2026-01-21 11:26:40,324 [INFO] NvicIntPanel:101 - NVIC parent = com.st.microxplorer.plugins.ip.nvic.MultiNvicIntPanel[,0,0,0x0,invalid,layout=javax.swing.BoxLayout,alignmentX=0.0,alignmentY=0.0,border=,flags=9,maximumSize=,minimumSize=,preferredSize=]
2026-01-21 11:27:37,276 [INFO] NvicIntPanel:101 - NVIC parent = com.st.microxplorer.plugins.ip.nvic.MultiNvicIntPanel[,0,0,450x190,layout=javax.swing.BoxLayout,alignmentX=0.0,alignmentY=0.0,border=,flags=9,maximumSize=,minimumSize=,preferredSize=]
2026-01-21 11:28:23,080 [INFO] NvicIntPanel:101 - NVIC parent = com.st.microxplorer.plugins.ip.nvic.MultiNvicIntPanel[,0,0,0x0,invalid,layout=javax.swing.BoxLayout,alignmentX=0.0,alignmentY=0.0,border=,flags=9,maximumSize=,minimumSize=,preferredSize=]
2026-01-21 11:28:38,985 [INFO] NvicIntPanel:101 - NVIC parent = com.st.microxplorer.plugins.ip.nvic.MultiNvicIntPanel[,0,0,0x0,invalid,layout=javax.swing.BoxLayout,alignmentX=0.0,alignmentY=0.0,border=,flags=9,maximumSize=,minimumSize=,preferredSize=]
2026-01-21 11:28:55,153 [INFO] NvicIntPanel:101 - NVIC parent = com.st.microxplorer.plugins.ip.nvic.MultiNvicIntPanel[,0,0,0x0,invalid,layout=javax.swing.BoxLayout,alignmentX=0.0,alignmentY=0.0,border=,flags=9,maximumSize=,minimumSize=,preferredSize=]
2026-01-21 11:28:55,293 [WARN] IP:2250 - LWIP_NETIF_HOSTNAME_NAME not found: check if there is a RefParameter without a condition.
2026-01-21 11:28:55,310 [WARN] IP:2250 - LWIP_NETIF_HOSTNAME_NAME not found: check if there is a RefParameter without a condition.
2026-01-21 11:28:55,350 [WARN] IP:2250 - Warning not found: check if there is a RefParameter without a condition.
2026-01-21 11:28:55,350 [WARN] IP:2250 - RxBufferAddress not found: check if there is a RefParameter without a condition.
2026-01-21 11:28:55,350 [WARN] IP:2250 - DESC_SIZE_UNIT not found: check if there is a RefParameter without a condition.
2026-01-21 11:28:55,350 [WARN] IP:2250 - Warning not found: check if there is a RefParameter without a condition.
2026-01-21 11:28:55,350 [WARN] IP:2250 - RxBufferAddress not found: check if there is a RefParameter without a condition.
2026-01-21 11:28:55,350 [WARN] IP:2250 - DESC_SIZE_UNIT not found: check if there is a RefParameter without a condition.
2026-01-21 11:28:56,840 [INFO] NvicIntPanel:101 - NVIC parent = com.st.microxplorer.plugins.ip.nvic.MultiNvicIntPanel[,0,0,450x190,layout=javax.swing.BoxLayout,alignmentX=0.0,alignmentY=0.0,border=,flags=9,maximumSize=,minimumSize=,preferredSize=]
2026-01-21 11:29:05,142 [INFO] UtilMem:75 - End SaveConfig() Used Memory: 924963688 Bytes (1073741824)
2026-01-21 11:29:06,704 [INFO] UtilMem:75 - End SaveConfig() Used Memory: 821480272 Bytes (1073741824)
2026-01-21 11:29:07,765 [INFO] BlockDiagram:2775 - set Specific Code input for plugin: FREERTOS
2026-01-21 11:29:07,766 [INFO] BlockDiagram:2775 - set Specific Code input for plugin: CAN
2026-01-21 11:29:07,766 [INFO] BlockDiagram:2775 - set Specific Code input for plugin: SYS
2026-01-21 11:29:07,766 [INFO] BlockDiagram:2775 - set Specific Code input for plugin: RCC
2026-01-21 11:29:07,766 [INFO] BlockDiagram:2775 - set Specific Code input for plugin: NVIC
2026-01-21 11:29:07,766 [INFO] BlockDiagram:2775 - set Specific Code input for plugin: LWIP
2026-01-21 11:29:07,766 [INFO] BlockDiagram:2775 - set Specific Code input for plugin: USART
2026-01-21 11:29:07,766 [INFO] BlockDiagram:2775 - set Specific Code input for plugin: USART
2026-01-21 11:29:07,766 [INFO] BlockDiagram:2775 - set Specific Code input for plugin: CORTEX_M7
2026-01-21 11:29:07,766 [INFO] BlockDiagram:2775 - set Specific Code input for plugin: DMA
2026-01-21 11:29:07,767 [INFO] BlockDiagram:2775 - set Specific Code input for plugin: GPIO
2026-01-21 11:29:07,767 [INFO] BlockDiagram:2775 - set Specific Code input for plugin: ETH
2026-01-21 11:29:07,769 [INFO] CodeGenerator:892 - code generatio: config db path: C:/Users/Chinnapop/.stm32cubemx/databases/DB.6.0.141/db/
2026-01-21 11:29:07,792 [WARN] IP:2250 - Warning not found: check if there is a RefParameter without a condition.
2026-01-21 11:29:07,792 [WARN] IP:2250 - RxBufferAddress not found: check if there is a RefParameter without a condition.
2026-01-21 11:29:07,793 [WARN] IP:2250 - DESC_SIZE_UNIT not found: check if there is a RefParameter without a condition.
2026-01-21 11:29:07,803 [WARN] IP:2250 - LWIP_NETIF_HOSTNAME_NAME not found: check if there is a RefParameter without a condition.
2026-01-21 11:29:08,077 [INFO] CodeEngine:265 - oldGeneratedFile, C:\Users\Chinnapop\STM32CubeIDE\workspace\HIL-sensor-emulator\MXTmpFiles\license.tmp_save
2026-01-21 11:29:08,943 [INFO] CodeEngine:289 - Generated code: C:\Users\Chinnapop\STM32CubeIDE\workspace\HIL-sensor-emulator\MXTmpFiles\license.tmp
2026-01-21 11:29:09,185 [INFO] CodeEngine:265 - oldGeneratedFile, C:\Users\Chinnapop\STM32CubeIDE\workspace\HIL-sensor-emulator\Core\Src\gpio.c_save
2026-01-21 11:29:09,438 [INFO] CodeEngine:289 - Generated code: C:\Users\Chinnapop\STM32CubeIDE\workspace\HIL-sensor-emulator\Core\Src\gpio.c
2026-01-21 11:29:09,458 [INFO] CodeEngine:265 - oldGeneratedFile, C:\Users\Chinnapop\STM32CubeIDE\workspace\HIL-sensor-emulator\Core\Inc\gpio.h_save
2026-01-21 11:29:09,612 [INFO] CodeEngine:289 - Generated code: C:\Users\Chinnapop\STM32CubeIDE\workspace\HIL-sensor-emulator\Core\Inc\gpio.h
2026-01-21 11:29:09,837 [INFO] CodeEngine:265 - oldGeneratedFile, C:\Users\Chinnapop\STM32CubeIDE\workspace\HIL-sensor-emulator\MXTmpFiles\eth_vars.tmp_save
2026-01-21 11:29:10,004 [INFO] CodeEngine:289 - Generated code: C:\Users\Chinnapop\STM32CubeIDE\workspace\HIL-sensor-emulator\MXTmpFiles\eth_vars.tmp
2026-01-21 11:29:10,019 [INFO] CodeEngine:265 - oldGeneratedFile, C:\Users\Chinnapop\STM32CubeIDE\workspace\HIL-sensor-emulator\MXTmpFiles\eth_inc.tmp_save
2026-01-21 11:29:10,126 [INFO] CodeEngine:289 - Generated code: C:\Users\Chinnapop\STM32CubeIDE\workspace\HIL-sensor-emulator\MXTmpFiles\eth_inc.tmp
2026-01-21 11:29:10,140 [INFO] CodeEngine:265 - oldGeneratedFile, C:\Users\Chinnapop\STM32CubeIDE\workspace\HIL-sensor-emulator\MXTmpFiles\eth_HalInit.tmp_save
2026-01-21 11:29:10,340 [INFO] CodeEngine:289 - Generated code: C:\Users\Chinnapop\STM32CubeIDE\workspace\HIL-sensor-emulator\MXTmpFiles\eth_HalInit.tmp
2026-01-21 11:29:10,357 [INFO] CodeEngine:265 - oldGeneratedFile, C:\Users\Chinnapop\STM32CubeIDE\workspace\HIL-sensor-emulator\MXTmpFiles\eth_Msp.tmp_save
2026-01-21 11:29:10,511 [INFO] CodeEngine:289 - Generated code: C:\Users\Chinnapop\STM32CubeIDE\workspace\HIL-sensor-emulator\MXTmpFiles\eth_Msp.tmp
2026-01-21 11:29:11,003 [INFO] Middleware:1452 - No code input for Bsp Dependency
2026-01-21 11:29:11,012 [INFO] CodeEngine:265 - oldGeneratedFile, C:\Users\Chinnapop\STM32CubeIDE\workspace\HIL-sensor-emulator\MXTmpFiles\rtos_inc.tmp_save
2026-01-21 11:29:11,179 [INFO] CodeEngine:289 - Generated code: C:\Users\Chinnapop\STM32CubeIDE\workspace\HIL-sensor-emulator\MXTmpFiles\rtos_inc.tmp
2026-01-21 11:29:11,197 [INFO] CodeEngine:265 - oldGeneratedFile, C:\Users\Chinnapop\STM32CubeIDE\workspace\HIL-sensor-emulator\MXTmpFiles\rtos_vars.tmp_save
2026-01-21 11:29:11,316 [INFO] CodeEngine:289 - Generated code: C:\Users\Chinnapop\STM32CubeIDE\workspace\HIL-sensor-emulator\MXTmpFiles\rtos_vars.tmp
2026-01-21 11:29:11,330 [INFO] CodeEngine:265 - oldGeneratedFile, C:\Users\Chinnapop\STM32CubeIDE\workspace\HIL-sensor-emulator\MXTmpFiles\rtos_pfp.tmp_save
2026-01-21 11:29:11,441 [INFO] CodeEngine:289 - Generated code: C:\Users\Chinnapop\STM32CubeIDE\workspace\HIL-sensor-emulator\MXTmpFiles\rtos_pfp.tmp
2026-01-21 11:29:11,457 [INFO] CodeEngine:265 - oldGeneratedFile, C:\Users\Chinnapop\STM32CubeIDE\workspace\HIL-sensor-emulator\MXTmpFiles\rtos_obj_creat.tmp_save
2026-01-21 11:29:11,572 [INFO] CodeEngine:289 - Generated code: C:\Users\Chinnapop\STM32CubeIDE\workspace\HIL-sensor-emulator\MXTmpFiles\rtos_obj_creat.tmp
2026-01-21 11:29:11,588 [INFO] CodeEngine:265 - oldGeneratedFile, C:\Users\Chinnapop\STM32CubeIDE\workspace\HIL-sensor-emulator\MXTmpFiles\rtos_kernelStart.tmp_save
2026-01-21 11:29:11,712 [INFO] CodeEngine:289 - Generated code: C:\Users\Chinnapop\STM32CubeIDE\workspace\HIL-sensor-emulator\MXTmpFiles\rtos_kernelStart.tmp
2026-01-21 11:29:11,736 [INFO] CodeEngine:265 - oldGeneratedFile, C:\Users\Chinnapop\STM32CubeIDE\workspace\HIL-sensor-emulator\MXTmpFiles\rtos_default_thread.tmp_save
2026-01-21 11:29:11,898 [INFO] CodeEngine:289 - Generated code: C:\Users\Chinnapop\STM32CubeIDE\workspace\HIL-sensor-emulator\MXTmpFiles\rtos_default_thread.tmp
2026-01-21 11:29:11,922 [INFO] CodeEngine:265 - oldGeneratedFile, C:\Users\Chinnapop\STM32CubeIDE\workspace\HIL-sensor-emulator\MXTmpFiles\rtos_threads.tmp_save
2026-01-21 11:29:12,068 [INFO] CodeEngine:289 - Generated code: C:\Users\Chinnapop\STM32CubeIDE\workspace\HIL-sensor-emulator\MXTmpFiles\rtos_threads.tmp
2026-01-21 11:29:12,105 [INFO] Middleware:1452 - No code input for Bsp Dependency
2026-01-21 11:29:12,145 [INFO] Middleware:1452 - No code input for Bsp Dependency
2026-01-21 11:29:12,158 [INFO] CodeEngine:265 - oldGeneratedFile, C:\Users\Chinnapop\STM32CubeIDE\workspace\HIL-sensor-emulator\MXTmpFiles\rtos_inc.tmp_save
2026-01-21 11:29:12,301 [INFO] CodeEngine:289 - Generated code: C:\Users\Chinnapop\STM32CubeIDE\workspace\HIL-sensor-emulator\MXTmpFiles\rtos_inc.tmp
2026-01-21 11:29:12,308 [INFO] CodeEngine:265 - oldGeneratedFile, C:\Users\Chinnapop\STM32CubeIDE\workspace\HIL-sensor-emulator\MXTmpFiles\rtos_vars.tmp_save
2026-01-21 11:29:12,376 [INFO] CodeEngine:289 - Generated code: C:\Users\Chinnapop\STM32CubeIDE\workspace\HIL-sensor-emulator\MXTmpFiles\rtos_vars.tmp
2026-01-21 11:29:12,386 [INFO] CodeEngine:265 - oldGeneratedFile, C:\Users\Chinnapop\STM32CubeIDE\workspace\HIL-sensor-emulator\MXTmpFiles\rtos_pfp.tmp_save
2026-01-21 11:29:12,458 [INFO] CodeEngine:289 - Generated code: C:\Users\Chinnapop\STM32CubeIDE\workspace\HIL-sensor-emulator\MXTmpFiles\rtos_pfp.tmp
2026-01-21 11:29:12,466 [INFO] CodeEngine:265 - oldGeneratedFile, C:\Users\Chinnapop\STM32CubeIDE\workspace\HIL-sensor-emulator\MXTmpFiles\rtos_obj_creat.tmp_save
2026-01-21 11:29:12,541 [INFO] CodeEngine:289 - Generated code: C:\Users\Chinnapop\STM32CubeIDE\workspace\HIL-sensor-emulator\MXTmpFiles\rtos_obj_creat.tmp
2026-01-21 11:29:12,548 [INFO] CodeEngine:265 - oldGeneratedFile, C:\Users\Chinnapop\STM32CubeIDE\workspace\HIL-sensor-emulator\MXTmpFiles\rtos_kernelStart.tmp_save
2026-01-21 11:29:12,608 [INFO] CodeEngine:289 - Generated code: C:\Users\Chinnapop\STM32CubeIDE\workspace\HIL-sensor-emulator\MXTmpFiles\rtos_kernelStart.tmp
2026-01-21 11:29:12,616 [INFO] CodeEngine:265 - oldGeneratedFile, C:\Users\Chinnapop\STM32CubeIDE\workspace\HIL-sensor-emulator\MXTmpFiles\rtos_default_thread.tmp_save
2026-01-21 11:29:12,675 [INFO] CodeEngine:289 - Generated code: C:\Users\Chinnapop\STM32CubeIDE\workspace\HIL-sensor-emulator\MXTmpFiles\rtos_default_thread.tmp
2026-01-21 11:29:12,683 [INFO] CodeEngine:265 - oldGeneratedFile, C:\Users\Chinnapop\STM32CubeIDE\workspace\HIL-sensor-emulator\MXTmpFiles\rtos_threads.tmp_save
2026-01-21 11:29:12,741 [INFO] CodeEngine:289 - Generated code: C:\Users\Chinnapop\STM32CubeIDE\workspace\HIL-sensor-emulator\MXTmpFiles\rtos_threads.tmp
2026-01-21 11:29:12,748 [INFO] CodeEngine:265 - oldGeneratedFile, C:\Users\Chinnapop\STM32CubeIDE\workspace\HIL-sensor-emulator\Core\Inc\FreeRTOSConfig.h_save
2026-01-21 11:29:12,906 [INFO] CodeEngine:289 - Generated code: C:\Users\Chinnapop\STM32CubeIDE\workspace\HIL-sensor-emulator\Core\Inc\FreeRTOSConfig.h
2026-01-21 11:29:12,912 [INFO] CodeEngine:265 - oldGeneratedFile, C:\Users\Chinnapop\STM32CubeIDE\workspace\HIL-sensor-emulator\Core\Src\freertos.c_save
2026-01-21 11:29:13,026 [INFO] CodeEngine:289 - Generated code: C:\Users\Chinnapop\STM32CubeIDE\workspace\HIL-sensor-emulator\Core\Src\freertos.c
2026-01-21 11:29:13,047 [INFO] CodeEngine:265 - oldGeneratedFile, C:\Users\Chinnapop\STM32CubeIDE\workspace\HIL-sensor-emulator\Core\Src\can.c_save
2026-01-21 11:29:13,259 [INFO] CodeEngine:289 - Generated code: C:\Users\Chinnapop\STM32CubeIDE\workspace\HIL-sensor-emulator\Core\Src\can.c
2026-01-21 11:29:13,278 [INFO] CodeEngine:265 - oldGeneratedFile, C:\Users\Chinnapop\STM32CubeIDE\workspace\HIL-sensor-emulator\Core\Inc\can.h_save
2026-01-21 11:29:13,378 [INFO] CodeEngine:289 - Generated code: C:\Users\Chinnapop\STM32CubeIDE\workspace\HIL-sensor-emulator\Core\Inc\can.h
2026-01-21 11:29:13,403 [INFO] CodeEngine:265 - oldGeneratedFile, C:\Users\Chinnapop\STM32CubeIDE\workspace\HIL-sensor-emulator\MXTmpFiles\cortex.tmp_save
2026-01-21 11:29:13,525 [INFO] CodeEngine:289 - Generated code: C:\Users\Chinnapop\STM32CubeIDE\workspace\HIL-sensor-emulator\MXTmpFiles\cortex.tmp
2026-01-21 11:29:13,567 [INFO] CodeEngine:265 - oldGeneratedFile, C:\Users\Chinnapop\STM32CubeIDE\workspace\HIL-sensor-emulator\Core\Src\dma.c_save
2026-01-21 11:29:13,708 [INFO] CodeEngine:289 - Generated code: C:\Users\Chinnapop\STM32CubeIDE\workspace\HIL-sensor-emulator\Core\Src\dma.c
2026-01-21 11:29:13,725 [INFO] CodeEngine:265 - oldGeneratedFile, C:\Users\Chinnapop\STM32CubeIDE\workspace\HIL-sensor-emulator\Core\Inc\dma.h_save
2026-01-21 11:29:13,805 [INFO] CodeEngine:289 - Generated code: C:\Users\Chinnapop\STM32CubeIDE\workspace\HIL-sensor-emulator\Core\Inc\dma.h
2026-01-21 11:29:13,826 [INFO] Middleware:1452 - No code input for Bsp Dependency
2026-01-21 11:29:13,843 [INFO] CodeEngine:265 - oldGeneratedFile, C:\Users\Chinnapop\STM32CubeIDE\workspace\HIL-sensor-emulator\LWIP\App\lwip.c_save
2026-01-21 11:29:14,034 [INFO] CodeEngine:289 - Generated code: C:\Users\Chinnapop\STM32CubeIDE\workspace\HIL-sensor-emulator\LWIP\App\lwip.c
2026-01-21 11:29:14,050 [INFO] CodeEngine:265 - oldGeneratedFile, C:\Users\Chinnapop\STM32CubeIDE\workspace\HIL-sensor-emulator\LWIP\App\lwip.h_save
2026-01-21 11:29:14,166 [INFO] CodeEngine:289 - Generated code: C:\Users\Chinnapop\STM32CubeIDE\workspace\HIL-sensor-emulator\LWIP\App\lwip.h
2026-01-21 11:29:14,192 [INFO] CodeEngine:265 - oldGeneratedFile, C:\Users\Chinnapop\STM32CubeIDE\workspace\HIL-sensor-emulator\LWIP\Target\lwipopts.h_save
2026-01-21 11:29:14,541 [INFO] CodeEngine:289 - Generated code: C:\Users\Chinnapop\STM32CubeIDE\workspace\HIL-sensor-emulator\LWIP\Target\lwipopts.h
2026-01-21 11:29:14,571 [INFO] CodeEngine:265 - oldGeneratedFile, C:\Users\Chinnapop\STM32CubeIDE\workspace\HIL-sensor-emulator\LWIP\Target\ethernetif.c_save
2026-01-21 11:29:14,802 [INFO] CodeEngine:289 - Generated code: C:\Users\Chinnapop\STM32CubeIDE\workspace\HIL-sensor-emulator\LWIP\Target\ethernetif.c
2026-01-21 11:29:14,820 [INFO] CodeEngine:265 - oldGeneratedFile, C:\Users\Chinnapop\STM32CubeIDE\workspace\HIL-sensor-emulator\LWIP\Target\ethernetif.h_save
2026-01-21 11:29:14,925 [INFO] CodeEngine:289 - Generated code: C:\Users\Chinnapop\STM32CubeIDE\workspace\HIL-sensor-emulator\LWIP\Target\ethernetif.h
2026-01-21 11:29:14,959 [INFO] CodeEngine:265 - oldGeneratedFile, C:\Users\Chinnapop\STM32CubeIDE\workspace\HIL-sensor-emulator\Core\Src\usart.c_save
2026-01-21 11:29:15,204 [INFO] CodeEngine:289 - Generated code: C:\Users\Chinnapop\STM32CubeIDE\workspace\HIL-sensor-emulator\Core\Src\usart.c
2026-01-21 11:29:15,209 [INFO] CodeEngine:265 - oldGeneratedFile, C:\Users\Chinnapop\STM32CubeIDE\workspace\HIL-sensor-emulator\Core\Inc\usart.h_save
2026-01-21 11:29:15,288 [INFO] CodeEngine:289 - Generated code: C:\Users\Chinnapop\STM32CubeIDE\workspace\HIL-sensor-emulator\Core\Inc\usart.h
2026-01-21 11:29:15,324 [INFO] CodeEngine:265 - oldGeneratedFile, C:\Users\Chinnapop\STM32CubeIDE\workspace\HIL-sensor-emulator\Core\Src\stm32f7xx_it.c_save
2026-01-21 11:29:15,585 [INFO] CodeEngine:289 - Generated code: C:\Users\Chinnapop\STM32CubeIDE\workspace\HIL-sensor-emulator\Core\Src\stm32f7xx_it.c
2026-01-21 11:29:15,591 [INFO] CodeEngine:265 - oldGeneratedFile, C:\Users\Chinnapop\STM32CubeIDE\workspace\HIL-sensor-emulator\Core\Inc\stm32f7xx_it.h_save
2026-01-21 11:29:15,677 [INFO] CodeEngine:289 - Generated code: C:\Users\Chinnapop\STM32CubeIDE\workspace\HIL-sensor-emulator\Core\Inc\stm32f7xx_it.h
2026-01-21 11:29:15,702 [INFO] CodeEngine:265 - oldGeneratedFile, C:\Users\Chinnapop\STM32CubeIDE\workspace\HIL-sensor-emulator\Core\Src\stm32f7xx_hal_msp.c_save
2026-01-21 11:29:15,890 [INFO] CodeEngine:289 - Generated code: C:\Users\Chinnapop\STM32CubeIDE\workspace\HIL-sensor-emulator\Core\Src\stm32f7xx_hal_msp.c
2026-01-21 11:29:15,905 [INFO] CodeEngine:265 - oldGeneratedFile, C:\Users\Chinnapop\STM32CubeIDE\workspace\HIL-sensor-emulator\MXTmpFiles\system.tmp_save
2026-01-21 11:29:16,001 [INFO] CodeEngine:289 - Generated code: C:\Users\Chinnapop\STM32CubeIDE\workspace\HIL-sensor-emulator\MXTmpFiles\system.tmp
2026-01-21 11:29:16,027 [INFO] CodeEngine:265 - oldGeneratedFile, C:\Users\Chinnapop\STM32CubeIDE\workspace\HIL-sensor-emulator\Core\Src\stm32f7xx_hal_timebase_tim.c_save
2026-01-21 11:29:16,193 [INFO] CodeEngine:289 - Generated code: C:\Users\Chinnapop\STM32CubeIDE\workspace\HIL-sensor-emulator\Core\Src\stm32f7xx_hal_timebase_tim.c
2026-01-21 11:29:16,233 [INFO] CodeEngine:321 - oldGeneratedFile, C:\Users\Chinnapop\STM32CubeIDE\workspace\HIL-sensor-emulator\Core\Inc\stm32f7xx_hal_conf.h_save
2026-01-21 11:29:16,385 [INFO] CodeEngine:345 - Generated code: C:\Users\Chinnapop\STM32CubeIDE\workspace\HIL-sensor-emulator\Core\Inc\stm32f7xx_hal_conf.h
2026-01-21 11:29:16,447 [INFO] ApiDbMcu:532 - Load IP Config File for CAN1
2026-01-21 11:29:16,453 [INFO] ApiDbMcu:532 - Load IP Config File for USART2
2026-01-21 11:29:16,457 [INFO] ApiDbMcu:532 - Load IP Config File for USART3
2026-01-21 11:29:16,460 [INFO] ApiDbMcu:532 - Load IP Config File for RCC
2026-01-21 11:29:16,478 [INFO] CodeEngine:265 - oldGeneratedFile, C:\Users\Chinnapop\STM32CubeIDE\workspace\HIL-sensor-emulator\Core\Inc\main.h_save
2026-01-21 11:29:16,640 [INFO] CodeEngine:289 - Generated code: C:\Users\Chinnapop\STM32CubeIDE\workspace\HIL-sensor-emulator\Core\Inc\main.h
2026-01-21 11:29:16,658 [INFO] CodeEngine:265 - oldGeneratedFile, C:\Users\Chinnapop\STM32CubeIDE\workspace\HIL-sensor-emulator\Core\Src\main.c_save
2026-01-21 11:29:16,807 [INFO] CodeEngine:289 - Generated code: C:\Users\Chinnapop\STM32CubeIDE\workspace\HIL-sensor-emulator\Core\Src\main.c
2026-01-21 11:29:17,891 [INFO] ProjectBuilder:3606 - Time for Copy HAL[1] : 682mS.
2026-01-21 11:29:17,916 [INFO] ProjectBuilder:5216 - Project Generator version: 4.7.0-B52
2026-01-21 11:29:18,015 [INFO] ConfigFileManager:1595 - The Die is : DIE451
2026-01-21 11:29:18,031 [INFO] ApiDbMcu:532 - Load IP Config File for FATFS
2026-01-21 11:29:18,047 [INFO] ApiDbMcu:532 - Load IP Config File for LIBJPEG
2026-01-21 11:29:18,075 [INFO] ApiDbMcu:532 - Load IP Config File for MBEDTLS
2026-01-21 11:29:18,114 [INFO] ApiDbMcu:532 - Load IP Config File for USB_DEVICE
2026-01-21 11:29:18,158 [INFO] ApiDbMcu:532 - Load IP Config File for USB_HOST
2026-01-21 11:29:19,288 [INFO] LogOutputStream:77 - [STDOUT_REDIRECT] 
2026-01-21 11:29:22,652 [INFO] ProjectBuilder:5496 - Time for Generating toolchain IDE Files: 4731mS.
2026-01-21 11:29:22,654 [INFO] ProjectBuilder:3463 - Time for Copy CMSIS : 1mS.
2026-01-21 11:29:22,689 [INFO] ProjectBuilder:3463 - Time for Copy CMSIS : 0mS.
2026-01-21 11:49:57,986 [INFO] WebApp:194 - Connection lost
2026-01-21 11:49:58,190 [INFO] WebApp:191 - Connection restablished
2026-01-21 12:20:28,524 [INFO] WebApp:194 - Connection lost
2026-01-21 12:20:28,773 [INFO] WebApp:191 - Connection restablished
2026-01-21 12:44:03,116 [INFO] Activator:176 - 


2026-01-21 12:44:03,118 [INFO] Activator:177 - !SESSION log4j initialized
2026-01-21 12:44:34,697 [INFO] LogOutputStream:77 - [STDOUT_REDIRECT] 
2026-01-21 12:44:41,601 [INFO] ApplicationProperties:184 - Using Application install path: C:\ST\STM32CubeIDE_1.16.1\STM32CubeIDE\plugins\com.st.stm32cube.common.mx_6.15.0.202507011659
2026-01-21 12:44:41,620 [INFO] DbMcusXml:78 - Set database path to: C:\ST\STM32CubeIDE_1.16.1\STM32CubeIDE\plugins\com.st.stm32cube.common.mx_6.15.0.202507011659\\db\/mcu/
2026-01-21 12:44:41,620 [INFO] ApiDb:274 - Set plugin database path to: C:\ST\STM32CubeIDE_1.16.1\STM32CubeIDE\plugins\com.st.stm32cube.common.mx_6.15.0.202507011659\\db\/plugins/boardmanager/
2026-01-21 12:44:41,621 [WARN] ApiDb:259 - Overriding images path with different value:  => C:\ST\STM32CubeIDE_1.16.1\STM32CubeIDE\plugins\com.st.stm32cube.common.mx_6.15.0.202507011659\\db\/plugins/mcufinder/images/
2026-01-21 12:44:41,629 [INFO] ApiDb:250 - Set database path to: C:\Users\Chinnapop\.stmcufinder\plugins\mcufinder//mcu/
2026-01-21 12:44:41,630 [INFO] DbMcusAds:125 - Set database path to: C:\Users\Chinnapop\.stmcufinder\plugins\mcufinder//mcu/
2026-01-21 12:44:41,632 [INFO] CrossReferenceDbSqlite:203 - Set database path to: C:\Users\Chinnapop\.stmcufinder\plugins\mcufinder//mcu/cs/
2026-01-21 12:44:41,837 [INFO] RulesReader:64 - Compatibility file has been processed (317 Rules)
2026-01-21 12:44:41,931 [INFO] DbMcusXml:78 - Set database path to: C:\ST\STM32CubeIDE_1.16.1\STM32CubeIDE\plugins\com.st.stm32cube.common.mx_6.15.0.202507011659\\db\/mcu/
2026-01-21 12:44:41,931 [INFO] ApiDb:274 - Set plugin database path to: C:\ST\STM32CubeIDE_1.16.1\STM32CubeIDE\plugins\com.st.stm32cube.common.mx_6.15.0.202507011659\\db\/plugins/boardmanager/
2026-01-21 12:44:41,932 [INFO] ApiDb:261 - Set plugin images path to: C:\ST\STM32CubeIDE_1.16.1\STM32CubeIDE\plugins\com.st.stm32cube.common.mx_6.15.0.202507011659\\db\/plugins/mcufinder/images/
2026-01-21 12:44:41,932 [WARN] DbFile:41 - Overriding database path with different value: C:\Users\Chinnapop\.stmcufinder\plugins\mcufinder/ => C:\Users\Chinnapop\.stmcufinder\plugins\mcufinder
2026-01-21 12:44:41,932 [INFO] ApiDb:250 - Set database path to: C:\Users\Chinnapop\.stmcufinder\plugins\mcufinder//mcu/
2026-01-21 12:44:41,932 [WARN] DbFile:41 - Overriding database path with different value: C:\Users\Chinnapop\.stmcufinder\plugins\mcufinder/ => C:\Users\Chinnapop\.stmcufinder\plugins\mcufinder
2026-01-21 12:44:41,932 [INFO] DbMcusAds:125 - Set database path to: C:\Users\Chinnapop\.stmcufinder\plugins\mcufinder//mcu/
2026-01-21 12:44:41,932 [WARN] DbFile:41 - Overriding database path with different value: C:\Users\Chinnapop\.stmcufinder\plugins\mcufinder/ => C:\Users\Chinnapop\.stmcufinder\plugins\mcufinder
2026-01-21 12:44:41,932 [WARN] DbFile:41 - Overriding database path with different value: C:\Users\Chinnapop\.stmcufinder\plugins\mcufinder/ => C:\Users\Chinnapop\.stmcufinder\plugins\mcufinder
2026-01-21 12:44:41,932 [INFO] CrossReferenceDbSqlite:203 - Set database path to: C:\Users\Chinnapop\.stmcufinder\plugins\mcufinder//mcu/cs/
2026-01-21 12:44:42,008 [INFO] MainPanel:274 - HeapMemory: 268435456
2026-01-21 12:44:42,137 [INFO] DbMcusXml:78 - Set database path to: C:\ST\STM32CubeIDE_1.16.1\STM32CubeIDE\plugins\com.st.stm32cube.common.mx_6.15.0.202507011659\\db\/mcu/
2026-01-21 12:44:42,137 [INFO] ApiDb:274 - Set plugin database path to: C:\ST\STM32CubeIDE_1.16.1\STM32CubeIDE\plugins\com.st.stm32cube.common.mx_6.15.0.202507011659\\db\/plugins/boardmanager/
2026-01-21 12:44:42,137 [INFO] ApiDb:261 - Set plugin images path to: C:\ST\STM32CubeIDE_1.16.1\STM32CubeIDE\plugins\com.st.stm32cube.common.mx_6.15.0.202507011659\\db\/plugins/mcufinder/images/
2026-01-21 12:44:42,137 [WARN] DbFile:41 - Overriding database path with different value: C:\Users\Chinnapop\.stmcufinder\plugins\mcufinder/ => C:\Users\Chinnapop\.stmcufinder\plugins\mcufinder
2026-01-21 12:44:42,137 [INFO] ApiDb:250 - Set database path to: C:\Users\Chinnapop\.stmcufinder\plugins\mcufinder//mcu/
2026-01-21 12:44:42,137 [WARN] DbFile:41 - Overriding database path with different value: C:\Users\Chinnapop\.stmcufinder\plugins\mcufinder/ => C:\Users\Chinnapop\.stmcufinder\plugins\mcufinder
2026-01-21 12:44:42,137 [INFO] DbMcusAds:125 - Set database path to: C:\Users\Chinnapop\.stmcufinder\plugins\mcufinder//mcu/
2026-01-21 12:44:42,137 [WARN] DbFile:41 - Overriding database path with different value: C:\Users\Chinnapop\.stmcufinder\plugins\mcufinder/ => C:\Users\Chinnapop\.stmcufinder\plugins\mcufinder
2026-01-21 12:44:42,137 [WARN] DbFile:41 - Overriding database path with different value: C:\Users\Chinnapop\.stmcufinder\plugins\mcufinder/ => C:\Users\Chinnapop\.stmcufinder\plugins\mcufinder
2026-01-21 12:44:42,138 [INFO] CrossReferenceDbSqlite:203 - Set database path to: C:\Users\Chinnapop\.stmcufinder\plugins\mcufinder//mcu/cs/
2026-01-21 12:44:42,158 [INFO] ApplicationProperties:184 - Using Application install path: C:\ST\STM32CubeIDE_1.16.1\STM32CubeIDE\plugins\com.st.stm32cube.common.mx_6.15.0.202507011659
2026-01-21 12:44:42,159 [INFO] PluginManage:196 - Search for loadable plugins [exclusion list=, ]
2026-01-21 12:44:42,161 [INFO] PluginManage:310 - Check plugin analytics
2026-01-21 12:44:47,281 [INFO] AnalyticsPlugin:253 - Accepted Software Licenses: 
2026-01-21 12:44:47,281 [INFO] AnalyticsPlugin:255 - Accepted CMSIS Pack Licenses: 
2026-01-21 12:44:47,281 [INFO] AnalyticsPlugin:257 - Accepted Firmware Licenses: FW.F7.1.17.0
2026-01-21 12:44:47,284 [INFO] PluginManage:359 - Loaded plugin analytics (category:tool,tabindex:-1)
2026-01-21 12:44:47,284 [INFO] PluginManage:310 - Check plugin cadmodel
2026-01-21 12:44:47,304 [INFO] CADModel:105 - Init CAD model plugin
2026-01-21 12:44:47,304 [INFO] PluginManage:359 - Loaded plugin cadmodel (category:power,tabindex:5)
2026-01-21 12:44:47,304 [INFO] PluginManage:310 - Check plugin clock
2026-01-21 12:44:47,327 [INFO] PluginManage:359 - Loaded plugin clock (category:base,tabindex:2)
2026-01-21 12:44:47,328 [INFO] PluginManage:310 - Check plugin ddr
2026-01-21 12:44:47,331 [INFO] PluginManage:359 - Loaded plugin ddr (category:tool,tabindex:6)
2026-01-21 12:44:47,331 [INFO] PluginManage:310 - Check plugin filemanager
2026-01-21 12:44:47,487 [INFO] PluginManage:359 - Loaded plugin filemanager (category:base,tabindex:10)
2026-01-21 12:44:47,487 [INFO] PluginManage:310 - Check plugin ipmanager
2026-01-21 12:44:47,495 [INFO] PluginManage:359 - Loaded plugin ipmanager (category:base,tabindex:5)
2026-01-21 12:44:47,496 [INFO] PluginManage:310 - Check plugin lpbam
2026-01-21 12:44:47,517 [INFO] PluginManage:359 - Loaded plugin lpbam (category:base,tabindex:0)
2026-01-21 12:44:47,517 [INFO] PluginManage:310 - Check plugin memorymap
2026-01-21 12:44:47,546 [INFO] PluginManage:359 - Loaded plugin memorymap (category:base,tabindex:4)
2026-01-21 12:44:47,546 [INFO] PluginManage:310 - Check plugin pinoutandconfiguration
2026-01-21 12:44:47,570 [INFO] PluginManage:359 - Loaded plugin pinoutandconfiguration (category:base,tabindex:1)
2026-01-21 12:44:47,570 [INFO] PluginManage:310 - Check plugin pinoutconfig
2026-01-21 12:44:47,686 [WARN] SupportedApi:132 - Cannot load RTOS API schema: s4s-elt-must-match.1: The content of 'definitions' must match (annotation?, (simpleType | complexType)?, (unique | key | keyref)*)). A problem was found starting at: attribute.
2026-01-21 12:44:47,840 [INFO] PluginManage:359 - Loaded plugin pinoutconfig (category:base,tabindex:0)
2026-01-21 12:44:47,840 [INFO] PluginManage:310 - Check plugin power
2026-01-21 12:44:47,864 [INFO] PluginManage:359 - Loaded plugin power (category:power,tabindex:4)
2026-01-21 12:44:47,864 [INFO] PluginManage:310 - Check plugin projectmanager
2026-01-21 12:44:47,880 [INFO] PluginManage:359 - Loaded plugin projectmanager (category:projectmanager,tabindex:4)
2026-01-21 12:44:47,880 [INFO] PluginManage:310 - Check plugin rif
2026-01-21 12:44:47,904 [INFO] PluginManage:359 - Loaded plugin rif (category:base,tabindex:3)
2026-01-21 12:44:47,905 [INFO] PluginManage:310 - Check plugin thirdparty
2026-01-21 12:44:48,247 [INFO] PluginManage:359 - Loaded plugin thirdparty (category:base,tabindex:-1)
2026-01-21 12:44:48,247 [WARN] IntegrityCheckThread:84 - waiting for thirdparty lock release [integrity check]
2026-01-21 12:44:48,247 [INFO] PluginManage:310 - Check plugin tools
2026-01-21 12:44:48,247 [INFO] IntegrityCheckThread:86 - entering critical section [integrity check]
2026-01-21 12:44:48,248 [INFO] ThirdPartyUpdaterWithRetryManager:70 - Updater plugin not ready yet. [1/15]
2026-01-21 12:44:48,294 [INFO] PluginManage:359 - Loaded plugin tools (category:base,tabindex:7)
2026-01-21 12:44:48,294 [INFO] PluginManage:310 - Check plugin tutovideos
2026-01-21 12:44:48,603 [INFO] PluginManage:359 - Loaded plugin tutovideos (category:base,tabindex:-1)
2026-01-21 12:44:48,604 [INFO] PluginManage:310 - Check plugin updater
2026-01-21 12:44:48,627 [INFO] PluginManage:359 - Loaded plugin updater (category:base,tabindex:12)
2026-01-21 12:44:48,627 [INFO] PluginManage:310 - Check plugin userauth
2026-01-21 12:44:48,633 [INFO] UserAuth:118 - Init User Auth plugin
2026-01-21 12:44:48,633 [INFO] PluginManage:359 - Loaded plugin userauth (category:base,tabindex:14)
2026-01-21 12:44:48,634 [INFO] PluginManage:283 - PluginManage : Loaded plugins [18]
2026-01-21 12:44:48,875 [INFO] PinOutPanel:1589 - setPackage(No Configuration,No Configuration)
2026-01-21 12:44:48,958 [INFO] CADModel:165 - CPN selected for project level
2026-01-21 12:44:48,958 [INFO] CADModel:114 - Register for checkConnection events
2026-01-21 12:44:48,991 [INFO] IPUIPlugin:80 - create IPUIPlugin
2026-01-21 12:44:48,992 [INFO] PluginManager:220 - loadIPPluginJar : add adc
2026-01-21 12:44:49,043 [INFO] IPUIPlugin:80 - create IPUIPlugin
2026-01-21 12:44:49,043 [INFO] PluginManager:220 - loadIPPluginJar : add aes
2026-01-21 12:44:49,099 [INFO] IPUIPlugin:80 - create IPUIPlugin
2026-01-21 12:44:49,099 [INFO] PluginManager:220 - loadIPPluginJar : add can
2026-01-21 12:44:49,136 [INFO] IPUIPlugin:80 - create IPUIPlugin
2026-01-21 12:44:49,136 [INFO] PluginManager:220 - loadIPPluginJar : add comp
2026-01-21 12:44:49,181 [INFO] IPUIPlugin:80 - create IPUIPlugin
2026-01-21 12:44:49,181 [INFO] PluginManager:220 - loadIPPluginJar : add cryp
2026-01-21 12:44:49,200 [INFO] IPUIPlugin:80 - create IPUIPlugin
2026-01-21 12:44:49,200 [INFO] PluginManager:220 - loadIPPluginJar : add ddr_ctrl_phy
2026-01-21 12:44:49,244 [INFO] IPUIPlugin:80 - create IPUIPlugin
2026-01-21 12:44:49,244 [INFO] PluginManager:220 - loadIPPluginJar : add dfsdm
2026-01-21 12:44:49,265 [INFO] IPUIPlugin:80 - create IPUIPlugin
2026-01-21 12:44:49,265 [INFO] PluginManager:220 - loadIPPluginJar : add dma
2026-01-21 12:44:49,317 [INFO] IPUIPlugin:80 - create IPUIPlugin
2026-01-21 12:44:49,317 [INFO] PluginManager:220 - loadIPPluginJar : add dma3
2026-01-21 12:44:49,375 [INFO] IPUIPlugin:80 - create IPUIPlugin
2026-01-21 12:44:49,375 [INFO] PluginManager:220 - loadIPPluginJar : add extmemmanager
2026-01-21 12:44:49,411 [INFO] IPUIPlugin:80 - create IPUIPlugin
2026-01-21 12:44:49,412 [INFO] PluginManager:220 - loadIPPluginJar : add fatfs
2026-01-21 12:44:49,602 [INFO] IPUIPlugin:80 - create IPUIPlugin
2026-01-21 12:44:49,602 [INFO] PluginManager:220 - loadIPPluginJar : add fmc
2026-01-21 12:44:49,646 [INFO] IPUIPlugin:80 - create IPUIPlugin
2026-01-21 12:44:49,646 [INFO] PluginManager:220 - loadIPPluginJar : add freertos
2026-01-21 12:44:49,729 [INFO] IPUIPlugin:80 - create IPUIPlugin
2026-01-21 12:44:49,729 [INFO] PluginManager:220 - loadIPPluginJar : add genericplugin
2026-01-21 12:44:50,144 [INFO] IPUIPlugin:80 - create IPUIPlugin
2026-01-21 12:44:50,144 [INFO] PluginManager:220 - loadIPPluginJar : add gfxmmu
2026-01-21 12:44:50,741 [INFO] IPUIPlugin:80 - create IPUIPlugin
2026-01-21 12:44:50,742 [INFO] PluginManager:220 - loadIPPluginJar : add gic
2026-01-21 12:44:50,791 [INFO] IPUIPlugin:80 - create IPUIPlugin
2026-01-21 12:44:50,791 [INFO] PluginManager:220 - loadIPPluginJar : add gpio
2026-01-21 12:44:51,204 [INFO] IPUIPlugin:80 - create IPUIPlugin
2026-01-21 12:44:51,204 [INFO] PluginManager:220 - loadIPPluginJar : add gtzc
2026-01-21 12:44:51,249 [INFO] ThirdPartyUpdaterWithRetryManager:70 - Updater plugin not ready yet. [2/15]
2026-01-21 12:44:51,344 [INFO] IPUIPlugin:80 - create IPUIPlugin
2026-01-21 12:44:51,344 [INFO] PluginManager:220 - loadIPPluginJar : add hash
2026-01-21 12:44:51,580 [INFO] IPUIPlugin:80 - create IPUIPlugin
2026-01-21 12:44:51,580 [INFO] PluginManager:220 - loadIPPluginJar : add i2c
2026-01-21 12:44:51,725 [INFO] IPUIPlugin:80 - create IPUIPlugin
2026-01-21 12:44:51,725 [INFO] PluginManager:220 - loadIPPluginJar : add i2s
2026-01-21 12:44:51,841 [INFO] IPUIPlugin:80 - create IPUIPlugin
2026-01-21 12:44:51,841 [INFO] PluginManager:220 - loadIPPluginJar : add i3c
2026-01-21 12:44:52,260 [INFO] IPUIPlugin:80 - create IPUIPlugin
2026-01-21 12:44:52,260 [INFO] PluginManager:220 - loadIPPluginJar : add ipddr
2026-01-21 12:44:52,649 [INFO] IPUIPlugin:80 - create IPUIPlugin
2026-01-21 12:44:52,649 [INFO] PluginManager:220 - loadIPPluginJar : add linkedlist
2026-01-21 12:44:52,796 [INFO] IPUIPlugin:80 - create IPUIPlugin
2026-01-21 12:44:52,797 [INFO] PluginManager:220 - loadIPPluginJar : add lorawan
2026-01-21 12:44:52,954 [INFO] IPUIPlugin:80 - create IPUIPlugin
2026-01-21 12:44:52,955 [INFO] PluginManager:220 - loadIPPluginJar : add ltdc
2026-01-21 12:44:53,002 [INFO] IPUIPlugin:80 - create IPUIPlugin
2026-01-21 12:44:53,003 [INFO] PluginManager:220 - loadIPPluginJar : add mdma
2026-01-21 12:44:53,047 [INFO] IPUIPlugin:80 - create IPUIPlugin
2026-01-21 12:44:53,048 [INFO] PluginManager:220 - loadIPPluginJar : add nvic
2026-01-21 12:44:53,154 [INFO] IPUIPlugin:80 - create IPUIPlugin
2026-01-21 12:44:53,155 [INFO] PluginManager:220 - loadIPPluginJar : add opamp
2026-01-21 12:44:53,407 [INFO] IPUIPlugin:80 - create IPUIPlugin
2026-01-21 12:44:53,408 [INFO] PluginManager:220 - loadIPPluginJar : add openamp
2026-01-21 12:44:53,601 [INFO] IPUIPlugin:80 - create IPUIPlugin
2026-01-21 12:44:53,602 [INFO] PluginManager:220 - loadIPPluginJar : add pdm2pcm
2026-01-21 12:44:53,654 [INFO] IPUIPlugin:80 - create IPUIPlugin
2026-01-21 12:44:53,659 [INFO] PluginManager:220 - loadIPPluginJar : add plateformsettings
2026-01-21 12:44:53,768 [INFO] IPUIPlugin:80 - create IPUIPlugin
2026-01-21 12:44:53,768 [INFO] PluginManager:220 - loadIPPluginJar : add quadspi
2026-01-21 12:44:53,888 [INFO] IPUIPlugin:80 - create IPUIPlugin
2026-01-21 12:44:53,890 [INFO] PluginManager:220 - loadIPPluginJar : add radio
2026-01-21 12:44:53,944 [INFO] IPUIPlugin:80 - create IPUIPlugin
2026-01-21 12:44:53,944 [INFO] PluginManager:220 - loadIPPluginJar : add resmgrutility
2026-01-21 12:44:54,146 [INFO] IPUIPlugin:80 - create IPUIPlugin
2026-01-21 12:44:54,146 [INFO] PluginManager:220 - loadIPPluginJar : add sai
2026-01-21 12:44:54,250 [INFO] ThirdPartyUpdaterWithRetryManager:70 - Updater plugin not ready yet. [3/15]
2026-01-21 12:44:54,312 [INFO] IPUIPlugin:80 - create IPUIPlugin
2026-01-21 12:44:54,313 [INFO] PluginManager:220 - loadIPPluginJar : add spi
2026-01-21 12:44:54,628 [INFO] IPUIPlugin:80 - create IPUIPlugin
2026-01-21 12:44:54,628 [INFO] PluginManager:220 - loadIPPluginJar : add stm32_wpan
2026-01-21 12:44:54,734 [INFO] IPUIPlugin:80 - create IPUIPlugin
2026-01-21 12:44:54,734 [INFO] PluginManager:220 - loadIPPluginJar : add tim
2026-01-21 12:44:55,013 [INFO] IPUIPlugin:80 - create IPUIPlugin
2026-01-21 12:44:55,014 [INFO] PluginManager:220 - loadIPPluginJar : add touchsensing
2026-01-21 12:44:55,119 [INFO] IPUIPlugin:80 - create IPUIPlugin
2026-01-21 12:44:55,119 [INFO] PluginManager:220 - loadIPPluginJar : add tracer_emb
2026-01-21 12:44:55,217 [INFO] IPUIPlugin:80 - create IPUIPlugin
2026-01-21 12:44:55,218 [INFO] PluginManager:220 - loadIPPluginJar : add ts
2026-01-21 12:44:55,313 [INFO] IPUIPlugin:80 - create IPUIPlugin
2026-01-21 12:44:55,314 [INFO] PluginManager:220 - loadIPPluginJar : add tsc
2026-01-21 12:44:55,398 [INFO] IPUIPlugin:80 - create IPUIPlugin
2026-01-21 12:44:55,399 [INFO] PluginManager:220 - loadIPPluginJar : add ucpd
2026-01-21 12:44:55,551 [INFO] IPUIPlugin:80 - create IPUIPlugin
2026-01-21 12:44:55,551 [INFO] PluginManager:220 - loadIPPluginJar : add usart
2026-01-21 12:44:55,710 [INFO] IPUIPlugin:80 - create IPUIPlugin
2026-01-21 12:44:55,710 [INFO] PluginManager:220 - loadIPPluginJar : add usbx
2026-01-21 12:44:55,964 [FATAL] Updater:351 - Updater called before beeing initialized
2026-01-21 12:44:56,028 [INFO] RulesReader:64 - Compatibility file has been processed (317 Rules)
2026-01-21 12:44:56,046 [INFO] RulesReader:64 - Compatibility file has been processed (317 Rules)
2026-01-21 12:44:56,067 [INFO] CADModel:165 - CPN selected for project level
2026-01-21 12:44:56,068 [INFO] CADModel:114 - Register for checkConnection events
2026-01-21 12:44:56,068 [FATAL] Updater:351 - Updater called before beeing initialized
2026-01-21 12:44:56,068 [ERROR] CADModel:125 - Updater not yet initialized, retry later 
2026-01-21 12:44:56,386 [FATAL] Updater:351 - Updater called before beeing initialized
2026-01-21 12:44:56,390 [INFO] CADModel:165 - CPN selected for project level
2026-01-21 12:44:56,390 [INFO] CADModel:114 - Register for checkConnection events
2026-01-21 12:44:56,391 [FATAL] Updater:351 - Updater called before beeing initialized
2026-01-21 12:44:56,391 [ERROR] CADModel:125 - Updater not yet initialized, retry later 
2026-01-21 12:44:56,396 [FATAL] Updater:351 - Updater called before beeing initialized
2026-01-21 12:44:56,655 [FATAL] Updater:351 - Updater called before beeing initialized
2026-01-21 12:44:56,686 [INFO] DbMcusAds:53 - JSON generation date=Thu Jan 08 22:56:32 ICT 2026 (1767887792457)
2026-01-21 12:44:56,686 [FATAL] Updater:351 - Updater called before beeing initialized
2026-01-21 12:44:56,759 [WARN] DetailPanel:346 - Failed to get advertising image, set to default
2026-01-21 12:44:56,932 [FATAL] Updater:351 - Updater called before beeing initialized
2026-01-21 12:44:56,935 [FATAL] Updater:351 - Updater called before beeing initialized
2026-01-21 12:44:56,935 [FATAL] Updater:351 - Updater called before beeing initialized
2026-01-21 12:44:56,935 [WARN] DetailPanel:346 - Failed to get advertising image, set to default
2026-01-21 12:44:56,936 [FATAL] Updater:351 - Updater called before beeing initialized
2026-01-21 12:44:57,077 [ERROR] Updater:1198 - MainUpdater not yet initialized. External WinMGr cannot be set.
2026-01-21 12:44:57,104 [INFO] Updater:1134 - Updater Version found : 6.15.0
2026-01-21 12:44:57,142 [INFO] ApplicationProperties:184 - Using Application install path: C:\ST\STM32CubeIDE_1.16.1\STM32CubeIDE\plugins\com.st.stm32cube.common.mx_6.15.0.202507011659
2026-01-21 12:44:57,253 [INFO] ThirdPartyUpdaterWithRetryManager:70 - Updater plugin not ready yet. [4/15]
2026-01-21 12:44:58,755 [ERROR] LogOutputStream:75 - [STDERR_REDIRECT] Jan 21, 2026 12:44:58 PM java.util.prefs.WindowsPreferences <init>
2026-01-21 12:44:58,762 [ERROR] LogOutputStream:75 - [STDERR_REDIRECT] WARNING: Could not open/create prefs root node Software\JavaSoft\Prefs at root 0xffffffff80000002. Windows RegCreateKeyEx(...) returned error code 5.
2026-01-21 12:44:58,763 [ERROR] LogOutputStream:75 - [STDERR_REDIRECT] 
2026-01-21 12:45:00,253 [FATAL] Updater:351 - Updater called before beeing initialized
2026-01-21 12:45:00,254 [ERROR] IntegrityCheckThread:130 - Cannot retrieve database content from updater: error 21
2026-01-21 12:45:00,254 [INFO] ThirdParty:978 - Integrity check success = false
2026-01-21 12:45:00,254 [INFO] IntegrityCheckThread:100 - exiting critical section [integrity check]
2026-01-21 12:45:00,254 [INFO] IntegrityCheckThread:103 - End integrity checks thread
2026-01-21 12:45:00,696 [INFO] MainUpdater:2872 - connection check result : 10
2026-01-21 12:45:00,698 [INFO] MainUpdater:289 - Updater Check For Update Now.
2026-01-21 12:45:00,699 [INFO] MicroXplorer:498 - Change Database Version : DB.6.0.150
2026-01-21 12:45:00,795 [INFO] McuFinderGlobals:63 - Set McuFinder mode to 2 (CubeIDE integrated)
2026-01-21 12:45:00,815 [INFO] UserAuth:487 - Internet connection configuration mode: 1
2026-01-21 12:45:00,933 [INFO] JxBrowserEngine:152 - Initiate JxBrowser Engine with user profile folder
2026-01-21 12:45:01,088 [INFO] CheckServerUpdateThread:120 - End of CheckServer Thread
2026-01-21 12:45:03,801 [INFO] WebApp:169 - Instantiating new browser for Auth
2026-01-21 12:45:05,091 [INFO] WebApp:463 - Apply proxy settings
2026-01-21 12:45:05,092 [INFO] WebApp:548 - Chromium requires no authentication
2026-01-21 12:45:05,125 [INFO] WebApp:491 - Direct internet connection detected
2026-01-21 12:45:05,189 [INFO] WebApp:900 - Register for checkConnection events
2026-01-21 12:45:05,189 [INFO] WebApp:463 - Apply proxy settings
2026-01-21 12:45:05,190 [INFO] WebApp:548 - Chromium requires no authentication
2026-01-21 12:45:05,191 [INFO] WebApp:491 - Direct internet connection detected
2026-01-21 12:45:05,599 [INFO] WebApp:191 - Connection restablished
2026-01-21 12:45:05,825 [INFO] WebApp:225 - Starting web application
2026-01-21 12:45:05,825 [INFO] WebApp:593 - Web application path used C:\ST\STM32CubeIDE_1.16.1\STM32CubeIDE\plugins\com.st.stm32cube.common.mx_6.15.0.202507011659\db\plugins\mcufinder\reactClient1\index.html
2026-01-21 12:45:06,221 [INFO] UserAuth:487 - Internet connection configuration mode: 1
