2025-07-29 08:27:44,786 [INFO] Activator:176 - 


2025-07-29 08:27:44,792 [INFO] Activator:177 - !SESSION log4j initialized
2025-07-29 08:28:00,054 [INFO] LogOutputStream:77 - [STDOUT_REDIRECT] 
2025-07-29 08:28:03,488 [INFO] ApplicationProperties:184 - Using Application install path: C:\ST\STM32CubeIDE_1.16.1\STM32CubeIDE\plugins\com.st.stm32cube.common.mx_6.15.0.202507011659
2025-07-29 08:28:03,525 [INFO] DbMcusXml:78 - Set database path to: C:\ST\STM32CubeIDE_1.16.1\STM32CubeIDE\plugins\com.st.stm32cube.common.mx_6.15.0.202507011659\\db\/mcu/
2025-07-29 08:28:03,526 [INFO] ApiDb:274 - Set plugin database path to: C:\ST\STM32CubeIDE_1.16.1\STM32CubeIDE\plugins\com.st.stm32cube.common.mx_6.15.0.202507011659\\db\/plugins/boardmanager/
2025-07-29 08:28:03,526 [WARN] ApiDb:259 - Overriding images path with different value:  => C:\ST\STM32CubeIDE_1.16.1\STM32CubeIDE\plugins\com.st.stm32cube.common.mx_6.15.0.202507011659\\db\/plugins/mcufinder/images/
2025-07-29 08:28:03,552 [INFO] ApiDb:250 - Set database path to: C:\Users\Chinnapop\.stmcufinder\plugins\mcufinder//mcu/
2025-07-29 08:28:03,556 [INFO] DbMcusAds:125 - Set database path to: C:\Users\Chinnapop\.stmcufinder\plugins\mcufinder//mcu/
2025-07-29 08:28:03,564 [INFO] CrossReferenceDbSqlite:203 - Set database path to: C:\Users\Chinnapop\.stmcufinder\plugins\mcufinder//mcu/cs/
2025-07-29 08:28:03,834 [INFO] RulesReader:64 - Compatibility file has been processed (317 Rules)
2025-07-29 08:28:04,106 [INFO] DbMcusXml:78 - Set database path to: C:\ST\STM32CubeIDE_1.16.1\STM32CubeIDE\plugins\com.st.stm32cube.common.mx_6.15.0.202507011659\\db\/mcu/
2025-07-29 08:28:04,106 [INFO] ApiDb:274 - Set plugin database path to: C:\ST\STM32CubeIDE_1.16.1\STM32CubeIDE\plugins\com.st.stm32cube.common.mx_6.15.0.202507011659\\db\/plugins/boardmanager/
2025-07-29 08:28:04,107 [INFO] ApiDb:261 - Set plugin images path to: C:\ST\STM32CubeIDE_1.16.1\STM32CubeIDE\plugins\com.st.stm32cube.common.mx_6.15.0.202507011659\\db\/plugins/mcufinder/images/
2025-07-29 08:28:04,108 [WARN] DbFile:41 - Overriding database path with different value: C:\Users\Chinnapop\.stmcufinder\plugins\mcufinder/ => C:\Users\Chinnapop\.stmcufinder\plugins\mcufinder
2025-07-29 08:28:04,109 [INFO] ApiDb:250 - Set database path to: C:\Users\Chinnapop\.stmcufinder\plugins\mcufinder//mcu/
2025-07-29 08:28:04,109 [WARN] DbFile:41 - Overriding database path with different value: C:\Users\Chinnapop\.stmcufinder\plugins\mcufinder/ => C:\Users\Chinnapop\.stmcufinder\plugins\mcufinder
2025-07-29 08:28:04,109 [INFO] DbMcusAds:125 - Set database path to: C:\Users\Chinnapop\.stmcufinder\plugins\mcufinder//mcu/
2025-07-29 08:28:04,110 [WARN] DbFile:41 - Overriding database path with different value: C:\Users\Chinnapop\.stmcufinder\plugins\mcufinder/ => C:\Users\Chinnapop\.stmcufinder\plugins\mcufinder
2025-07-29 08:28:04,110 [WARN] DbFile:41 - Overriding database path with different value: C:\Users\Chinnapop\.stmcufinder\plugins\mcufinder/ => C:\Users\Chinnapop\.stmcufinder\plugins\mcufinder
2025-07-29 08:28:04,110 [INFO] CrossReferenceDbSqlite:203 - Set database path to: C:\Users\Chinnapop\.stmcufinder\plugins\mcufinder//mcu/cs/
2025-07-29 08:28:04,368 [INFO] MainPanel:274 - HeapMemory: 268435456
2025-07-29 08:28:04,638 [INFO] DbMcusXml:78 - Set database path to: C:\ST\STM32CubeIDE_1.16.1\STM32CubeIDE\plugins\com.st.stm32cube.common.mx_6.15.0.202507011659\\db\/mcu/
2025-07-29 08:28:04,639 [INFO] ApiDb:274 - Set plugin database path to: C:\ST\STM32CubeIDE_1.16.1\STM32CubeIDE\plugins\com.st.stm32cube.common.mx_6.15.0.202507011659\\db\/plugins/boardmanager/
2025-07-29 08:28:04,639 [INFO] ApiDb:261 - Set plugin images path to: C:\ST\STM32CubeIDE_1.16.1\STM32CubeIDE\plugins\com.st.stm32cube.common.mx_6.15.0.202507011659\\db\/plugins/mcufinder/images/
2025-07-29 08:28:04,640 [WARN] DbFile:41 - Overriding database path with different value: C:\Users\Chinnapop\.stmcufinder\plugins\mcufinder/ => C:\Users\Chinnapop\.stmcufinder\plugins\mcufinder
2025-07-29 08:28:04,641 [INFO] ApiDb:250 - Set database path to: C:\Users\Chinnapop\.stmcufinder\plugins\mcufinder//mcu/
2025-07-29 08:28:04,641 [WARN] DbFile:41 - Overriding database path with different value: C:\Users\Chinnapop\.stmcufinder\plugins\mcufinder/ => C:\Users\Chinnapop\.stmcufinder\plugins\mcufinder
2025-07-29 08:28:04,642 [INFO] DbMcusAds:125 - Set database path to: C:\Users\Chinnapop\.stmcufinder\plugins\mcufinder//mcu/
2025-07-29 08:28:04,642 [WARN] DbFile:41 - Overriding database path with different value: C:\Users\Chinnapop\.stmcufinder\plugins\mcufinder/ => C:\Users\Chinnapop\.stmcufinder\plugins\mcufinder
2025-07-29 08:28:04,642 [WARN] DbFile:41 - Overriding database path with different value: C:\Users\Chinnapop\.stmcufinder\plugins\mcufinder/ => C:\Users\Chinnapop\.stmcufinder\plugins\mcufinder
2025-07-29 08:28:04,642 [INFO] CrossReferenceDbSqlite:203 - Set database path to: C:\Users\Chinnapop\.stmcufinder\plugins\mcufinder//mcu/cs/
2025-07-29 08:28:04,739 [INFO] ApplicationProperties:184 - Using Application install path: C:\ST\STM32CubeIDE_1.16.1\STM32CubeIDE\plugins\com.st.stm32cube.common.mx_6.15.0.202507011659
2025-07-29 08:28:04,745 [INFO] PluginManage:196 - Search for loadable plugins [exclusion list=, ]
2025-07-29 08:28:04,754 [INFO] PluginManage:310 - Check plugin analytics
2025-07-29 08:28:05,265 [INFO] AnalyticsPlugin:253 - Accepted Software Licenses: 
2025-07-29 08:28:05,265 [INFO] AnalyticsPlugin:255 - Accepted CMSIS Pack Licenses: 
2025-07-29 08:28:05,266 [INFO] AnalyticsPlugin:257 - Accepted Firmware Licenses: FW.F7.1.17.0
2025-07-29 08:28:05,273 [INFO] PluginManage:359 - Loaded plugin analytics (category:tool,tabindex:-1)
2025-07-29 08:28:05,274 [INFO] PluginManage:310 - Check plugin cadmodel
2025-07-29 08:28:05,291 [INFO] CADModel:105 - Init CAD model plugin
2025-07-29 08:28:05,291 [INFO] PluginManage:359 - Loaded plugin cadmodel (category:power,tabindex:5)
2025-07-29 08:28:05,293 [INFO] PluginManage:310 - Check plugin clock
2025-07-29 08:28:05,324 [INFO] PluginManage:359 - Loaded plugin clock (category:base,tabindex:2)
2025-07-29 08:28:05,324 [INFO] PluginManage:310 - Check plugin ddr
2025-07-29 08:28:05,330 [INFO] PluginManage:359 - Loaded plugin ddr (category:tool,tabindex:6)
2025-07-29 08:28:05,331 [INFO] PluginManage:310 - Check plugin filemanager
2025-07-29 08:28:05,672 [INFO] PluginManage:359 - Loaded plugin filemanager (category:base,tabindex:10)
2025-07-29 08:28:05,673 [INFO] PluginManage:310 - Check plugin ipmanager
2025-07-29 08:28:05,691 [INFO] PluginManage:359 - Loaded plugin ipmanager (category:base,tabindex:5)
2025-07-29 08:28:05,691 [INFO] PluginManage:310 - Check plugin lpbam
2025-07-29 08:28:05,729 [INFO] PluginManage:359 - Loaded plugin lpbam (category:base,tabindex:0)
2025-07-29 08:28:05,730 [INFO] PluginManage:310 - Check plugin memorymap
2025-07-29 08:28:05,780 [INFO] PluginManage:359 - Loaded plugin memorymap (category:base,tabindex:4)
2025-07-29 08:28:05,781 [INFO] PluginManage:310 - Check plugin pinoutandconfiguration
2025-07-29 08:28:05,823 [INFO] PluginManage:359 - Loaded plugin pinoutandconfiguration (category:base,tabindex:1)
2025-07-29 08:28:05,823 [INFO] PluginManage:310 - Check plugin pinoutconfig
2025-07-29 08:28:06,081 [WARN] SupportedApi:132 - Cannot load RTOS API schema: s4s-elt-must-match.1: The content of 'definitions' must match (annotation?, (simpleType | complexType)?, (unique | key | keyref)*)). A problem was found starting at: attribute.
2025-07-29 08:28:06,433 [INFO] PluginManage:359 - Loaded plugin pinoutconfig (category:base,tabindex:0)
2025-07-29 08:28:06,433 [INFO] PluginManage:310 - Check plugin power
2025-07-29 08:28:06,463 [INFO] PluginManage:359 - Loaded plugin power (category:power,tabindex:4)
2025-07-29 08:28:06,463 [INFO] PluginManage:310 - Check plugin projectmanager
2025-07-29 08:28:06,542 [INFO] PluginManage:359 - Loaded plugin projectmanager (category:projectmanager,tabindex:4)
2025-07-29 08:28:06,542 [INFO] PluginManage:310 - Check plugin rif
2025-07-29 08:28:06,591 [INFO] PluginManage:359 - Loaded plugin rif (category:base,tabindex:3)
2025-07-29 08:28:06,592 [INFO] PluginManage:310 - Check plugin thirdparty
2025-07-29 08:28:06,996 [WARN] IntegrityCheckThread:84 - waiting for thirdparty lock release [integrity check]
2025-07-29 08:28:06,997 [INFO] PluginManage:359 - Loaded plugin thirdparty (category:base,tabindex:-1)
2025-07-29 08:28:06,997 [INFO] IntegrityCheckThread:86 - entering critical section [integrity check]
2025-07-29 08:28:06,997 [INFO] PluginManage:310 - Check plugin tools
2025-07-29 08:28:06,998 [INFO] ThirdPartyUpdaterWithRetryManager:70 - Updater plugin not ready yet. [1/15]
2025-07-29 08:28:07,007 [INFO] PluginManage:359 - Loaded plugin tools (category:base,tabindex:7)
2025-07-29 08:28:07,007 [INFO] PluginManage:310 - Check plugin tutovideos
2025-07-29 08:28:07,508 [INFO] PluginManage:359 - Loaded plugin tutovideos (category:base,tabindex:-1)
2025-07-29 08:28:07,508 [INFO] PluginManage:310 - Check plugin updater
2025-07-29 08:28:07,574 [INFO] PluginManage:359 - Loaded plugin updater (category:base,tabindex:12)
2025-07-29 08:28:07,574 [INFO] PluginManage:310 - Check plugin userauth
2025-07-29 08:28:07,589 [INFO] UserAuth:118 - Init User Auth plugin
2025-07-29 08:28:07,590 [INFO] PluginManage:359 - Loaded plugin userauth (category:base,tabindex:14)
2025-07-29 08:28:07,591 [INFO] PluginManage:283 - PluginManage : Loaded plugins [18]
2025-07-29 08:28:08,317 [INFO] PinOutPanel:1589 - setPackage(No Configuration,No Configuration)
2025-07-29 08:28:08,540 [INFO] CADModel:165 - CPN selected for project level
2025-07-29 08:28:08,540 [INFO] CADModel:114 - Register for checkConnection events
2025-07-29 08:28:08,587 [INFO] IPUIPlugin:80 - create IPUIPlugin
2025-07-29 08:28:08,588 [INFO] PluginManager:220 - loadIPPluginJar : add adc
2025-07-29 08:28:08,597 [INFO] IPUIPlugin:80 - create IPUIPlugin
2025-07-29 08:28:08,598 [INFO] PluginManager:220 - loadIPPluginJar : add aes
2025-07-29 08:28:08,606 [INFO] IPUIPlugin:80 - create IPUIPlugin
2025-07-29 08:28:08,607 [INFO] PluginManager:220 - loadIPPluginJar : add can
2025-07-29 08:28:08,614 [INFO] IPUIPlugin:80 - create IPUIPlugin
2025-07-29 08:28:08,615 [INFO] PluginManager:220 - loadIPPluginJar : add comp
2025-07-29 08:28:08,624 [INFO] IPUIPlugin:80 - create IPUIPlugin
2025-07-29 08:28:08,624 [INFO] PluginManager:220 - loadIPPluginJar : add cryp
2025-07-29 08:28:08,635 [INFO] IPUIPlugin:80 - create IPUIPlugin
2025-07-29 08:28:08,635 [INFO] PluginManager:220 - loadIPPluginJar : add ddr_ctrl_phy
2025-07-29 08:28:08,645 [INFO] IPUIPlugin:80 - create IPUIPlugin
2025-07-29 08:28:08,645 [INFO] PluginManager:220 - loadIPPluginJar : add dfsdm
2025-07-29 08:28:08,661 [INFO] IPUIPlugin:80 - create IPUIPlugin
2025-07-29 08:28:08,662 [INFO] PluginManager:220 - loadIPPluginJar : add dma
2025-07-29 08:28:08,673 [INFO] IPUIPlugin:80 - create IPUIPlugin
2025-07-29 08:28:08,673 [INFO] PluginManager:220 - loadIPPluginJar : add dma3
2025-07-29 08:28:08,684 [INFO] IPUIPlugin:80 - create IPUIPlugin
2025-07-29 08:28:08,684 [INFO] PluginManager:220 - loadIPPluginJar : add extmemmanager
2025-07-29 08:28:08,694 [INFO] IPUIPlugin:80 - create IPUIPlugin
2025-07-29 08:28:08,695 [INFO] PluginManager:220 - loadIPPluginJar : add fatfs
2025-07-29 08:28:08,715 [INFO] IPUIPlugin:80 - create IPUIPlugin
2025-07-29 08:28:08,716 [INFO] PluginManager:220 - loadIPPluginJar : add fmc
2025-07-29 08:28:08,732 [INFO] IPUIPlugin:80 - create IPUIPlugin
2025-07-29 08:28:08,734 [INFO] PluginManager:220 - loadIPPluginJar : add freertos
2025-07-29 08:28:08,741 [INFO] IPUIPlugin:80 - create IPUIPlugin
2025-07-29 08:28:08,741 [INFO] PluginManager:220 - loadIPPluginJar : add genericplugin
2025-07-29 08:28:08,750 [INFO] IPUIPlugin:80 - create IPUIPlugin
2025-07-29 08:28:08,751 [INFO] PluginManager:220 - loadIPPluginJar : add gfxmmu
2025-07-29 08:28:08,766 [INFO] IPUIPlugin:80 - create IPUIPlugin
2025-07-29 08:28:08,767 [INFO] PluginManager:220 - loadIPPluginJar : add gic
2025-07-29 08:28:08,780 [INFO] IPUIPlugin:80 - create IPUIPlugin
2025-07-29 08:28:08,780 [INFO] PluginManager:220 - loadIPPluginJar : add gpio
2025-07-29 08:28:08,790 [INFO] IPUIPlugin:80 - create IPUIPlugin
2025-07-29 08:28:08,790 [INFO] PluginManager:220 - loadIPPluginJar : add gtzc
2025-07-29 08:28:08,799 [INFO] IPUIPlugin:80 - create IPUIPlugin
2025-07-29 08:28:08,799 [INFO] PluginManager:220 - loadIPPluginJar : add hash
2025-07-29 08:28:08,809 [INFO] IPUIPlugin:80 - create IPUIPlugin
2025-07-29 08:28:08,810 [INFO] PluginManager:220 - loadIPPluginJar : add i2c
2025-07-29 08:28:08,817 [INFO] IPUIPlugin:80 - create IPUIPlugin
2025-07-29 08:28:08,817 [INFO] PluginManager:220 - loadIPPluginJar : add i2s
2025-07-29 08:28:08,826 [INFO] IPUIPlugin:80 - create IPUIPlugin
2025-07-29 08:28:08,827 [INFO] PluginManager:220 - loadIPPluginJar : add i3c
2025-07-29 08:28:08,838 [INFO] IPUIPlugin:80 - create IPUIPlugin
2025-07-29 08:28:08,838 [INFO] PluginManager:220 - loadIPPluginJar : add ipddr
2025-07-29 08:28:08,856 [INFO] IPUIPlugin:80 - create IPUIPlugin
2025-07-29 08:28:08,857 [INFO] PluginManager:220 - loadIPPluginJar : add linkedlist
2025-07-29 08:28:08,869 [INFO] IPUIPlugin:80 - create IPUIPlugin
2025-07-29 08:28:08,870 [INFO] PluginManager:220 - loadIPPluginJar : add lorawan
2025-07-29 08:28:08,878 [INFO] IPUIPlugin:80 - create IPUIPlugin
2025-07-29 08:28:08,878 [INFO] PluginManager:220 - loadIPPluginJar : add ltdc
2025-07-29 08:28:08,900 [INFO] IPUIPlugin:80 - create IPUIPlugin
2025-07-29 08:28:08,901 [INFO] PluginManager:220 - loadIPPluginJar : add mdma
2025-07-29 08:28:08,914 [INFO] IPUIPlugin:80 - create IPUIPlugin
2025-07-29 08:28:08,915 [INFO] PluginManager:220 - loadIPPluginJar : add nvic
2025-07-29 08:28:08,924 [INFO] IPUIPlugin:80 - create IPUIPlugin
2025-07-29 08:28:08,925 [INFO] PluginManager:220 - loadIPPluginJar : add opamp
2025-07-29 08:28:08,933 [INFO] IPUIPlugin:80 - create IPUIPlugin
2025-07-29 08:28:08,934 [INFO] PluginManager:220 - loadIPPluginJar : add openamp
2025-07-29 08:28:08,942 [INFO] IPUIPlugin:80 - create IPUIPlugin
2025-07-29 08:28:08,942 [INFO] PluginManager:220 - loadIPPluginJar : add pdm2pcm
2025-07-29 08:28:08,961 [INFO] IPUIPlugin:80 - create IPUIPlugin
2025-07-29 08:28:08,966 [INFO] PluginManager:220 - loadIPPluginJar : add plateformsettings
2025-07-29 08:28:08,974 [INFO] IPUIPlugin:80 - create IPUIPlugin
2025-07-29 08:28:08,975 [INFO] PluginManager:220 - loadIPPluginJar : add quadspi
2025-07-29 08:28:08,982 [INFO] IPUIPlugin:80 - create IPUIPlugin
2025-07-29 08:28:08,985 [INFO] PluginManager:220 - loadIPPluginJar : add radio
2025-07-29 08:28:08,998 [INFO] IPUIPlugin:80 - create IPUIPlugin
2025-07-29 08:28:08,998 [INFO] PluginManager:220 - loadIPPluginJar : add resmgrutility
2025-07-29 08:28:09,011 [INFO] IPUIPlugin:80 - create IPUIPlugin
2025-07-29 08:28:09,011 [INFO] PluginManager:220 - loadIPPluginJar : add sai
2025-07-29 08:28:09,024 [INFO] IPUIPlugin:80 - create IPUIPlugin
2025-07-29 08:28:09,024 [INFO] PluginManager:220 - loadIPPluginJar : add spi
2025-07-29 08:28:09,042 [INFO] IPUIPlugin:80 - create IPUIPlugin
2025-07-29 08:28:09,044 [INFO] PluginManager:220 - loadIPPluginJar : add stm32_wpan
2025-07-29 08:28:09,051 [INFO] IPUIPlugin:80 - create IPUIPlugin
2025-07-29 08:28:09,051 [INFO] PluginManager:220 - loadIPPluginJar : add tim
2025-07-29 08:28:09,060 [INFO] IPUIPlugin:80 - create IPUIPlugin
2025-07-29 08:28:09,061 [INFO] PluginManager:220 - loadIPPluginJar : add touchsensing
2025-07-29 08:28:09,069 [INFO] IPUIPlugin:80 - create IPUIPlugin
2025-07-29 08:28:09,069 [INFO] PluginManager:220 - loadIPPluginJar : add tracer_emb
2025-07-29 08:28:09,077 [INFO] IPUIPlugin:80 - create IPUIPlugin
2025-07-29 08:28:09,077 [INFO] PluginManager:220 - loadIPPluginJar : add ts
2025-07-29 08:28:09,085 [INFO] IPUIPlugin:80 - create IPUIPlugin
2025-07-29 08:28:09,085 [INFO] PluginManager:220 - loadIPPluginJar : add tsc
2025-07-29 08:28:09,102 [INFO] IPUIPlugin:80 - create IPUIPlugin
2025-07-29 08:28:09,104 [INFO] PluginManager:220 - loadIPPluginJar : add ucpd
2025-07-29 08:28:09,120 [INFO] IPUIPlugin:80 - create IPUIPlugin
2025-07-29 08:28:09,121 [INFO] PluginManager:220 - loadIPPluginJar : add usart
2025-07-29 08:28:09,134 [INFO] IPUIPlugin:80 - create IPUIPlugin
2025-07-29 08:28:09,135 [INFO] PluginManager:220 - loadIPPluginJar : add usbx
2025-07-29 08:28:09,350 [FATAL] Updater:351 - Updater called before beeing initialized
2025-07-29 08:28:09,428 [INFO] RulesReader:64 - Compatibility file has been processed (317 Rules)
2025-07-29 08:28:09,490 [INFO] RulesReader:64 - Compatibility file has been processed (317 Rules)
2025-07-29 08:28:09,538 [INFO] CADModel:165 - CPN selected for project level
2025-07-29 08:28:09,538 [INFO] CADModel:114 - Register for checkConnection events
2025-07-29 08:28:09,542 [FATAL] Updater:351 - Updater called before beeing initialized
2025-07-29 08:28:09,545 [ERROR] CADModel:125 - Updater not yet initialized, retry later 
2025-07-29 08:28:10,001 [INFO] ThirdPartyUpdaterWithRetryManager:70 - Updater plugin not ready yet. [2/15]
2025-07-29 08:28:10,030 [FATAL] Updater:351 - Updater called before beeing initialized
2025-07-29 08:28:10,036 [INFO] CADModel:165 - CPN selected for project level
2025-07-29 08:28:10,036 [INFO] CADModel:114 - Register for checkConnection events
2025-07-29 08:28:10,037 [FATAL] Updater:351 - Updater called before beeing initialized
2025-07-29 08:28:10,037 [ERROR] CADModel:125 - Updater not yet initialized, retry later 
2025-07-29 08:28:10,046 [FATAL] Updater:351 - Updater called before beeing initialized
2025-07-29 08:28:10,294 [FATAL] Updater:351 - Updater called before beeing initialized
2025-07-29 08:28:10,304 [INFO] DbMcusAds:53 - JSON generation date=Tue Jul 08 15:14:23 ICT 2025 (1751962463562)
2025-07-29 08:28:10,305 [FATAL] Updater:351 - Updater called before beeing initialized
2025-07-29 08:28:10,394 [WARN] DetailPanel:346 - Failed to get advertising image, set to default
2025-07-29 08:28:10,639 [FATAL] Updater:351 - Updater called before beeing initialized
2025-07-29 08:28:10,646 [FATAL] Updater:351 - Updater called before beeing initialized
2025-07-29 08:28:10,647 [FATAL] Updater:351 - Updater called before beeing initialized
2025-07-29 08:28:10,647 [WARN] DetailPanel:346 - Failed to get advertising image, set to default
2025-07-29 08:28:10,650 [FATAL] Updater:351 - Updater called before beeing initialized
2025-07-29 08:28:10,809 [ERROR] Updater:1198 - MainUpdater not yet initialized. External WinMGr cannot be set.
2025-07-29 08:28:10,817 [INFO] Updater:1134 - Updater Version found : 6.15.0
2025-07-29 08:28:10,864 [INFO] ApplicationProperties:184 - Using Application install path: C:\ST\STM32CubeIDE_1.16.1\STM32CubeIDE\plugins\com.st.stm32cube.common.mx_6.15.0.202507011659
2025-07-29 08:28:12,470 [ERROR] LogOutputStream:75 - [STDERR_REDIRECT] Jul 29, 2025 8:28:12 AM java.util.prefs.WindowsPreferences <init>
2025-07-29 08:28:12,474 [ERROR] LogOutputStream:75 - [STDERR_REDIRECT] WARNING: Could not open/create prefs root node Software\JavaSoft\Prefs at root 0xffffffff80000002. Windows RegCreateKeyEx(...) returned error code 5.
2025-07-29 08:28:12,474 [ERROR] LogOutputStream:75 - [STDERR_REDIRECT] 
2025-07-29 08:28:13,005 [FATAL] Updater:351 - Updater called before beeing initialized
2025-07-29 08:28:13,007 [ERROR] IntegrityCheckThread:130 - Cannot retrieve database content from updater: error 21
2025-07-29 08:28:13,007 [INFO] ThirdParty:978 - Integrity check success = false
2025-07-29 08:28:13,008 [INFO] IntegrityCheckThread:100 - exiting critical section [integrity check]
2025-07-29 08:28:13,008 [INFO] IntegrityCheckThread:103 - End integrity checks thread
2025-07-29 08:28:14,194 [INFO] MainUpdater:2872 - connection check result : 10
2025-07-29 08:28:14,196 [INFO] MainUpdater:3604 - Updater definition file requires update
2025-07-29 08:28:14,198 [INFO] MainUpdater:289 - Updater Check For Update Now.
2025-07-29 08:28:14,199 [INFO] MicroXplorer:498 - Change Database Version : DB.6.0.150
2025-07-29 08:28:14,215 [INFO] McuFinderGlobals:63 - Set McuFinder mode to 2 (CubeIDE integrated)
2025-07-29 08:28:14,218 [INFO] UserAuth:487 - Internet connection configuration mode: 1
2025-07-29 08:28:14,252 [INFO] JxBrowserEngine:152 - Initiate JxBrowser Engine with user profile folder
2025-07-29 08:28:14,437 [INFO] ServerAccessManage:452 - Complete download http(s) 200
2025-07-29 08:28:14,441 [INFO] ServerAccessManage:509 - Download File updaters.zip
2025-07-29 08:28:14,667 [INFO] FileExtend:248 - Unzip File : updaters.zip
2025-07-29 08:28:14,668 [INFO] FileExtend:263 - Standard Zip Deflate
2025-07-29 08:28:15,897 [INFO] ServerAccessManage:452 - Complete download http(s) 200
2025-07-29 08:28:15,900 [INFO] ServerAccessManage:509 - Download File PacksControlFlags.xml
2025-07-29 08:28:16,584 [INFO] ServerAccessManage:452 - Complete download http(s) 200
2025-07-29 08:28:16,590 [INFO] ServerAccessManage:509 - Download File cubemx.pidx
2025-07-29 08:28:17,434 [INFO] LoadServerUpdatesThread:375 - End of LoadServerUpdate Thread
2025-07-29 08:28:17,774 [INFO] CheckServerUpdateThread:120 - End of CheckServer Thread
2025-07-29 08:28:17,944 [INFO] WebApp:169 - Instantiating new browser for Auth
2025-07-29 08:28:19,420 [INFO] WebApp:463 - Apply proxy settings
2025-07-29 08:28:19,420 [INFO] WebApp:548 - Chromium requires no authentication
2025-07-29 08:28:19,440 [INFO] WebApp:491 - Direct internet connection detected
2025-07-29 08:28:19,476 [INFO] WebApp:900 - Register for checkConnection events
2025-07-29 08:28:19,477 [INFO] WebApp:463 - Apply proxy settings
2025-07-29 08:28:19,477 [INFO] WebApp:548 - Chromium requires no authentication
2025-07-29 08:28:19,478 [INFO] WebApp:491 - Direct internet connection detected
2025-07-29 08:28:19,864 [INFO] WebApp:191 - Connection restablished
2025-07-29 08:28:19,875 [INFO] WebApp:225 - Starting web application
2025-07-29 08:28:19,876 [INFO] WebApp:593 - Web application path used C:\ST\STM32CubeIDE_1.16.1\STM32CubeIDE\plugins\com.st.stm32cube.common.mx_6.15.0.202507011659\db\plugins\mcufinder\reactClient1\index.html
2025-07-29 08:28:20,072 [INFO] UserAuth:487 - Internet connection configuration mode: 1
2025-07-29 08:36:49,164 [INFO] McuFinderGlobals:63 - Set McuFinder mode to 2 (CubeIDE integrated)
2025-07-29 08:36:49,190 [INFO] MainUpdater:2872 - connection check result : 10
2025-07-29 08:36:49,199 [INFO] MainUpdater:2872 - connection check result : 10
2025-07-29 08:36:49,410 [INFO] MicroXplorer:468 - Change Database Path : 
2025-07-29 08:36:49,410 [INFO] MicroXplorer:498 - Change Database Version : DB.6.0.150
2025-07-29 08:36:49,465 [WARN] ThirdParty:871 - waiting for thirdparty lock release [close project]
2025-07-29 08:36:49,465 [INFO] ThirdParty:873 - entering critical section [close project]
2025-07-29 08:36:49,469 [INFO] ThirdParty:883 - exiting critical section [close project]
2025-07-29 08:36:49,481 [INFO] PinOutPanel:1589 - setPackage(No Configuration,No Configuration)
2025-07-29 08:36:49,485 [INFO] UtilMem:75 - Begin LoadConfig() Used Memory: 551507304 Bytes (879755264)
2025-07-29 08:36:49,488 [INFO] MicroXplorer:468 - Change Database Path : 
2025-07-29 08:36:49,488 [INFO] MicroXplorer:498 - Change Database Version : DB.6.0.150
2025-07-29 08:36:49,488 [INFO] OpenFileManager:355 - Change cursor
2025-07-29 08:36:49,544 [WARN] IntegrityCheckThread:84 - waiting for thirdparty lock release [integrity check]
2025-07-29 08:36:49,545 [INFO] IntegrityCheckThread:86 - entering critical section [integrity check]
2025-07-29 08:36:50,064 [WARN] PackLoader:240 - Cannot read IP mode file for STMicroelectronics.FP-SNS-MOTENVWB1.1.4.0
2025-07-29 08:36:50,095 [WARN] PackLoader:240 - Cannot read IP mode file for STMicroelectronics.FP-ATR-ASTRA1.2.0.2
2025-07-29 08:36:50,104 [WARN] PackLoader:240 - Cannot read IP mode file for STMicroelectronics.FP-ATR-ASTRA1.2.0.1
2025-07-29 08:36:50,138 [WARN] PackLoader:240 - Cannot read IP mode file for STMicroelectronics.X-CUBE-SMBUS.2.1.0
2025-07-29 08:36:50,155 [WARN] PackLoader:240 - Cannot read IP mode file for STMicroelectronics.X-CUBE-WB05N.1.1.0
2025-07-29 08:36:50,164 [WARN] PackLoader:240 - Cannot read IP mode file for STMicroelectronics.X-CUBE-ST60.1.0.0
2025-07-29 08:36:50,206 [WARN] PackLoader:240 - Cannot read IP mode file for STMicroelectronics.X-CUBE-AZRTOS-F7.1.1.0
2025-07-29 08:36:50,265 [WARN] PackLoader:240 - Cannot read IP mode file for STMicroelectronics.X-CUBE-MEMS1.11.0.0
2025-07-29 08:36:50,376 [WARN] PackLoader:240 - Cannot read IP mode file for STMicroelectronics.FP-SNS-FLIGHT1.5.0.2
2025-07-29 08:36:50,397 [WARN] PackLoader:240 - Cannot read IP mode file for STMicroelectronics.X-CUBE-AZRTOS-H7.3.4.0
2025-07-29 08:36:50,409 [WARN] PackLoader:240 - Cannot read IP mode file for STMicroelectronics.X-CUBE-DISPLAY.3.0.0
2025-07-29 08:36:50,418 [WARN] PackLoader:240 - Cannot read IP mode file for STMicroelectronics.X-CUBE-BLE1.7.0.0
2025-07-29 08:36:50,429 [WARN] PackLoader:240 - Cannot read IP mode file for STMicroelectronics.X-CUBE-NFC10.1.0.0
2025-07-29 08:36:50,442 [WARN] PackLoader:240 - Cannot read IP mode file for STMicroelectronics.X-CUBE-BLEMGR.4.0.0
2025-07-29 08:36:50,452 [WARN] PackLoader:240 - Cannot read IP mode file for emotas.I-CUBE-CANOPEN.1.3.0
2025-07-29 08:36:50,460 [WARN] PackLoader:240 - Cannot read IP mode file for STMicroelectronics.X-CUBE-BLEMGR.3.1.0
2025-07-29 08:36:50,467 [WARN] PackLoader:240 - Cannot read IP mode file for STMicroelectronics.X-CUBE-AI.10.0.0
2025-07-29 08:36:50,475 [WARN] PackLoader:240 - Cannot read IP mode file for STMicroelectronics.FP-SNS-SMARTAG2.1.2.0
2025-07-29 08:36:50,480 [WARN] PackLoader:240 - Cannot read IP mode file for STMicroelectronics.FP-SNS-FLIGHT1.5.1.0
2025-07-29 08:36:50,511 [WARN] PackLoader:240 - Cannot read IP mode file for STMicroelectronics.X-CUBE-MEMS1.11.1.0
2025-07-29 08:36:50,663 [INFO] LogOutputStream:77 - [STDOUT_REDIRECT] 1 : Invalid condition id : UX_CORESTACK_Condition cause : null
2025-07-29 08:36:50,666 [INFO] LogOutputStream:77 - [STDOUT_REDIRECT] 1 : Invalid condition id : UX_CORESTACK_Condition cause : null
2025-07-29 08:36:50,668 [INFO] LogOutputStream:77 - [STDOUT_REDIRECT] 1 : Invalid condition id : UX_CORESTACK_Condition cause : null
2025-07-29 08:36:50,670 [INFO] LogOutputStream:77 - [STDOUT_REDIRECT] 1 : Invalid condition id : UX_CORESTACK_Condition cause : null
2025-07-29 08:36:50,674 [INFO] LogOutputStream:77 - [STDOUT_REDIRECT] 1 : Invalid condition id : UX_CORESTACK_Condition cause : null
2025-07-29 08:36:50,679 [WARN] PackLoader:240 - Cannot read IP mode file for STMicroelectronics.X-CUBE-AZRTOS-WL.2.0.0
2025-07-29 08:36:50,688 [WARN] PackLoader:240 - Cannot read IP mode file for STMicroelectronics.FP-SNS-MOTENV1.5.0.0
2025-07-29 08:36:50,699 [WARN] PackLoader:240 - Cannot read IP mode file for wolfSSL.I-CUBE-wolfMQTT.1.19.0
2025-07-29 08:36:50,718 [WARN] PackLoader:240 - Cannot read IP mode file for WES.I-CUBE-Cesium.1.3.0
2025-07-29 08:36:50,728 [WARN] PackLoader:240 - Cannot read IP mode file for STMicroelectronics.X-CUBE-BLE2.3.3.0
2025-07-29 08:36:50,737 [WARN] PackLoader:240 - Cannot read IP mode file for STMicroelectronics.X-CUBE-NFC9.1.0.0
2025-07-29 08:36:50,745 [WARN] PackLoader:240 - Cannot read IP mode file for STMicroelectronics.X-CUBE-BLE1.7.1.0
2025-07-29 08:36:50,754 [WARN] PackLoader:240 - Cannot read IP mode file for STMicroelectronics.X-CUBE-TCPP.4.1.0
2025-07-29 08:36:50,764 [WARN] PackLoader:240 - Cannot read IP mode file for STMicroelectronics.X-CUBE-EEPRMA1.5.2.0
2025-07-29 08:36:50,774 [WARN] PackLoader:240 - Cannot read IP mode file for STMicroelectronics.X-CUBE-AI.10.1.0
2025-07-29 08:36:50,813 [WARN] PackLoader:240 - Cannot read IP mode file for STMicroelectronics.X-CUBE-MEMS1.11.2.0
2025-07-29 08:36:51,004 [WARN] PackLoader:240 - Cannot read IP mode file for STMicroelectronics.X-CUBE-AZRTOS-G0.1.1.0
2025-07-29 08:36:51,014 [WARN] PackLoader:240 - Cannot read IP mode file for STMicroelectronics.X-CUBE-SAFEA1.1.2.2
2025-07-29 08:36:51,020 [WARN] PackLoader:240 - Cannot read IP mode file for STMicroelectronics.X-CUBE-NFC4.3.0.0
2025-07-29 08:36:51,036 [WARN] PackLoader:240 - Cannot read IP mode file for EmbeddedOffice.I-CUBE-FS-RTOS.1.0.1
2025-07-29 08:36:51,043 [WARN] PackLoader:240 - Cannot read IP mode file for STMicroelectronics.X-CUBE-WB05N.2.0.0
2025-07-29 08:36:51,051 [WARN] PackLoader:240 - Cannot read IP mode file for STMicroelectronics.X-CUBE-TCPP.4.2.0
2025-07-29 08:36:51,061 [WARN] PackLoader:240 - Cannot read IP mode file for RealThread.X-CUBE-RT-Thread_Nano.4.1.1
2025-07-29 08:36:51,068 [WARN] PackLoader:240 - Cannot read IP mode file for STMicroelectronics.FP-ATR-SIGFOX1.3.2.0
2025-07-29 08:36:51,077 [WARN] ConditionMgr:438 - getConditionDescription Invalid condition id : Cortex-A Device cause : null
2025-07-29 08:36:51,106 [WARN] ConditionMgr:1044 - genDependencies : Invalid condition id : Cortex-A Device cause : null
2025-07-29 08:36:51,106 [WARN] ConditionMgr:1044 - genDependencies : Invalid condition id : Cortex-A Device cause : null
2025-07-29 08:36:51,107 [WARN] ConditionMgr:1044 - genDependencies : Invalid condition id : Cortex-A Device cause : null
2025-07-29 08:36:51,114 [WARN] PackLoader:240 - Cannot read IP mode file for STMicroelectronics.X-CUBE-EEPRMA1.5.1.0
2025-07-29 08:36:51,124 [WARN] PackLoader:240 - Cannot read IP mode file for wolfSSL.I-CUBE-wolfSSL.5.7.4
2025-07-29 08:36:51,137 [WARN] PackLoader:240 - Cannot read IP mode file for ITTIA_DB.I-CUBE-ITTIADB.8.9.0
2025-07-29 08:36:51,158 [WARN] PackLoader:240 - Cannot read IP mode file for STMicroelectronics.X-CUBE-ST67W61.1.0.0
2025-07-29 08:36:51,187 [WARN] PackLoader:240 - Cannot read IP mode file for SEGGER.I-CUBE-embOS.1.3.1
2025-07-29 08:36:51,219 [WARN] PackLoader:240 - Cannot read IP mode file for STMicroelectronics.X-CUBE-ALGOBUILD.1.4.0
2025-07-29 08:36:51,269 [WARN] PackLoader:240 - Cannot read IP mode file for STMicroelectronics.X-CUBE-MEMS1.11.3.0
2025-07-29 08:36:51,346 [WARN] PackLoader:240 - Cannot read IP mode file for STMicroelectronics.X-CUBE-AI.9.1.0
2025-07-29 08:36:51,351 [WARN] PackLoader:240 - Cannot read IP mode file for STMicroelectronics.X-CUBE-PM33A1.1.0.0
2025-07-29 08:36:51,364 [WARN] PackLoader:240 - Cannot read IP mode file for STMicroelectronics.X-CUBE-AZRTOS-F4.1.1.0
2025-07-29 08:36:51,372 [WARN] PackLoader:240 - Cannot read IP mode file for Avnet-IotConnect.X-CUBE-IoTC-DA16k-PMOD.1.0.0
2025-07-29 08:36:51,378 [WARN] PackLoader:240 - Cannot read IP mode file for STMicroelectronics.X-CUBE-ISPU.2.1.0
2025-07-29 08:36:51,384 [WARN] PackLoader:240 - Cannot read IP mode file for STMicroelectronics.X-CUBE-FREERTOS.1.2.0
2025-07-29 08:36:51,392 [WARN] PackLoader:240 - Cannot read IP mode file for STMicroelectronics.X-CUBE-NFC12.1.0.0
2025-07-29 08:36:51,404 [WARN] PackLoader:240 - Cannot read IP mode file for STMicroelectronics.X-CUBE-AZRTOS-L5.2.0.0
2025-07-29 08:36:51,414 [WARN] PackLoader:240 - Cannot read IP mode file for STMicroelectronics.X-CUBE-NFC6.3.1.0
2025-07-29 08:36:51,421 [WARN] PackLoader:240 - Cannot read IP mode file for STMicroelectronics.X-CUBE-DPower.1.2.0
2025-07-29 08:36:51,426 [WARN] PackLoader:240 - Cannot read IP mode file for STMicroelectronics.X-CUBE-FREERTOS.1.3.1
2025-07-29 08:36:51,432 [WARN] PackLoader:240 - Cannot read IP mode file for STMicroelectronics.X-CUBE-FREERTOS.1.3.0
2025-07-29 08:36:51,437 [WARN] PackLoader:240 - Cannot read IP mode file for STMicroelectronics.X-CUBE-NFC7.1.0.1
2025-07-29 08:36:51,445 [WARN] PackLoader:240 - Cannot read IP mode file for STMicroelectronics.FP-SNS-STAIOTCFT.1.0.0
2025-07-29 08:36:51,450 [WARN] PackLoader:240 - Cannot read IP mode file for STMicroelectronics.X-CUBE-DPower.1.3.0
2025-07-29 08:36:51,464 [WARN] ConditionMgr:438 - getConditionDescription Invalid condition id : LAN8742 Phy interface Condition cause : null
2025-07-29 08:36:51,465 [WARN] PackLoader:240 - Cannot read IP mode file for STMicroelectronics.X-CUBE-AZRTOS-L4.2.0.0
2025-07-29 08:36:51,465 [WARN] ConditionMgr:1044 - genDependencies : Invalid condition id : LAN8742 Phy interface Condition cause : null
2025-07-29 08:36:51,465 [WARN] ConditionMgr:1044 - genDependencies : Invalid condition id : LAN8742 Phy interface Condition cause : null
2025-07-29 08:36:51,466 [WARN] ConditionMgr:1044 - genDependencies : Invalid condition id : LAN8742 Phy interface Condition cause : null
2025-07-29 08:36:51,474 [WARN] PackLoader:240 - Cannot read IP mode file for STMicroelectronics.X-CUBE-SFXS2LP1.4.0.0
2025-07-29 08:36:51,490 [WARN] PackLoader:240 - Cannot read IP mode file for STMicroelectronics.X-CUBE-AZRTOS-H7.3.3.0
2025-07-29 08:36:51,501 [WARN] PackLoader:240 - Cannot read IP mode file for STMicroelectronics.X-CUBE-BLEMGR.4.1.0
2025-07-29 08:36:51,512 [WARN] PackLoader:240 - Cannot read IP mode file for STMicroelectronics.X-CUBE-IPS.3.0.0
2025-07-29 08:36:51,525 [WARN] ConditionMgr:438 - getConditionDescription Invalid condition id : UX DEVICE CLASS RTOS Condition cause : null
2025-07-29 08:36:51,526 [WARN] ConditionMgr:438 - getConditionDescription Invalid condition id : UX DEVICE CLASS RTOS Condition cause : null
2025-07-29 08:36:51,527 [WARN] PackLoader:240 - Cannot read IP mode file for STMicroelectronics.X-CUBE-AZRTOS-WB.2.0.0
2025-07-29 08:36:51,528 [WARN] ConditionMgr:1044 - genDependencies : Invalid condition id : UX DEVICE CLASS RTOS Condition cause : null
2025-07-29 08:36:51,528 [WARN] ConditionMgr:1044 - genDependencies : Invalid condition id : UX DEVICE CLASS RTOS Condition cause : null
2025-07-29 08:36:51,528 [WARN] ConditionMgr:1044 - genDependencies : Invalid condition id : UX DEVICE CLASS RTOS Condition cause : null
2025-07-29 08:36:51,528 [WARN] ConditionMgr:1044 - genDependencies : Invalid condition id : UX DEVICE CLASS RTOS Condition cause : null
2025-07-29 08:36:51,529 [WARN] ConditionMgr:1044 - genDependencies : Invalid condition id : UX DEVICE CLASS RTOS Condition cause : null
2025-07-29 08:36:51,535 [WARN] PackLoader:240 - Cannot read IP mode file for STMicroelectronics.X-CUBE-GNSS1.7.0.0
2025-07-29 08:36:51,541 [WARN] PackLoader:240 - Cannot read IP mode file for STMicroelectronics.X-CUBE-GNSS1.7.0.1
2025-07-29 08:36:51,550 [WARN] PackLoader:240 - Cannot read IP mode file for STMicroelectronics.X-CUBE-TOUCHGFX.4.25.0
2025-07-29 08:36:51,559 [WARN] PackLoader:240 - Cannot read IP mode file for STMicroelectronics.FP-SNS-STBOX1.2.0.0
2025-07-29 08:36:51,570 [WARN] PackLoader:240 - Cannot read IP mode file for STMicroelectronics.X-CUBE-SUBG2.5.0.0
2025-07-29 08:36:51,592 [WARN] PackLoader:240 - Cannot read IP mode file for STMicroelectronics.X-CUBE-AZRTOS-H7RS.1.1.0
2025-07-29 08:36:51,600 [WARN] PackLoader:240 - Cannot read IP mode file for Cesanta.I-CUBE-Mongoose.7.13.0
2025-07-29 08:36:51,615 [WARN] PackLoader:240 - Cannot read IP mode file for STMicroelectronics.X-CUBE-AZRTOS-G4.2.0.0
2025-07-29 08:36:51,624 [WARN] PackLoader:240 - Cannot read IP mode file for STMicroelectronics.X-CUBE-NFC7.2.0.0
2025-07-29 08:36:51,634 [WARN] PackLoader:240 - Cannot read IP mode file for STMicroelectronics.X-CUBE-IPS.3.1.0
2025-07-29 08:36:51,644 [WARN] PackLoader:240 - Cannot read IP mode file for STMicroelectronics.X-CUBE-ALS.1.0.2
2025-07-29 08:36:51,649 [WARN] PackLoader:240 - Cannot read IP mode file for STMicroelectronics.X-CUBE-TOUCHGFX.4.24.2
2025-07-29 08:36:51,654 [WARN] PackLoader:240 - Cannot read IP mode file for STMicroelectronics.X-CUBE-TOUCHGFX.4.24.1
2025-07-29 08:36:51,662 [WARN] PackLoader:240 - Cannot read IP mode file for wolfSSL.I-CUBE-wolfTPM.3.4.0
2025-07-29 08:36:51,669 [WARN] PackLoader:240 - Cannot read IP mode file for portGmbH.I-Cube-SoM-uGOAL.1.1.0
2025-07-29 08:36:51,682 [WARN] PackLoader:240 - Cannot read IP mode file for STMicroelectronics.X-CUBE-AZRTOS-H7RS.1.0.0
2025-07-29 08:36:51,691 [WARN] PackLoader:240 - Cannot read IP mode file for STMicroelectronics.FP-ATR-ASTRA1.2.0.0
2025-07-29 08:36:51,700 [WARN] PackLoader:240 - Cannot read IP mode file for STMicroelectronics.X-CUBE-TOF1.3.4.2
2025-07-29 08:36:51,717 [WARN] PackLoader:240 - Cannot read IP mode file for STMicroelectronics.X-CUBE-TOF1.3.4.3
2025-07-29 08:36:51,738 [WARN] PackLoader:240 - Cannot read IP mode file for Infineon.AIROC-Wi-Fi-Bluetooth-STM32.1.6.1
2025-07-29 08:36:51,748 [WARN] PackLoader:240 - Cannot read IP mode file for wolfSSL.I-CUBE-wolfSSH.1.4.17
2025-07-29 08:36:51,748 [INFO] ThirdParty:978 - Integrity check success = true
2025-07-29 08:36:51,748 [INFO] IntegrityCheckThread:100 - exiting critical section [integrity check]
2025-07-29 08:36:51,748 [INFO] IntegrityCheckThread:103 - End integrity checks thread
2025-07-29 08:36:51,820 [INFO] Mcu:2029 - Initializing MCU STM32F722Z(C-E)Tx STM32F722ZETx STM32F722ZET6
2025-07-29 08:36:54,620 [INFO] Context:786 - Trying to add GPIOservice into a context  which must be forbidden
2025-07-29 08:36:55,301 [INFO] ImportTextPane:234 - (OptionalMessage_ERROR) Pin21 (VP_RIF_VS_RIF1) cannot be retrieved for this MCU
2025-07-29 08:36:55,637 [INFO] RtosManager:558 - Registered RTOS mode: class=CMSIS, group=RTOS, mode=CMSIS_V1, owner=FREERTOS
2025-07-29 08:36:55,638 [INFO] RtosManager:558 - Registered RTOS mode: class=CMSIS, group=RTOS2, mode=CMSIS_V2, owner=FREERTOS
2025-07-29 08:36:55,638 [INFO] RtosManager:558 - Registered RTOS mode: class=RTOS, group=Core, mode=CMSIS_V1, owner=FREERTOS
2025-07-29 08:36:55,638 [INFO] RtosManager:558 - Registered RTOS mode: class=RTOS, group=Core, mode=CMSIS_V2, owner=FREERTOS
2025-07-29 08:36:55,639 [WARN] ModelIntegratedComponent:184 - Missing modes for component STMicroelectronics:FreeRTOS:0.0.1:STMicroelectronics:RTOS:FreeRTOS:Core:::10.2.0:
2025-07-29 08:36:55,648 [WARN] ModelIntegratedComponent:63 - No mode defined for component null
2025-07-29 08:36:55,648 [WARN] ModelIntegratedComponent:63 - No mode defined for component null
2025-07-29 08:36:55,648 [WARN] ModelIntegratedComponent:63 - No mode defined for component null
2025-07-29 08:36:55,648 [WARN] ModelIntegratedComponent:63 - No mode defined for component null
2025-07-29 08:36:55,648 [WARN] ModelIntegratedComponent:63 - No mode defined for component null
2025-07-29 08:36:55,649 [WARN] ModelIntegratedComponent:63 - No mode defined for component null
2025-07-29 08:36:55,649 [WARN] ModelIntegratedComponent:63 - No mode defined for component null
2025-07-29 08:36:55,649 [WARN] ModelIntegratedComponent:63 - No mode defined for component null
2025-07-29 08:36:55,649 [WARN] ModelIntegratedComponent:63 - No mode defined for component null
2025-07-29 08:36:55,649 [WARN] ModelIntegratedComponent:63 - No mode defined for component null
2025-07-29 08:36:55,649 [WARN] ModelIntegratedComponent:63 - No mode defined for component null
2025-07-29 08:36:55,649 [WARN] ModelIntegratedComponent:63 - No mode defined for component null
2025-07-29 08:36:55,649 [WARN] ModelIntegratedComponent:63 - No mode defined for component null
2025-07-29 08:36:55,649 [WARN] ModelIntegratedComponent:63 - No mode defined for component null
2025-07-29 08:36:55,649 [WARN] ModelIntegratedComponent:63 - No mode defined for component null
2025-07-29 08:36:55,649 [WARN] ModelIntegratedComponent:63 - No mode defined for component null
2025-07-29 08:36:55,649 [WARN] ModelIntegratedComponent:63 - No mode defined for component null
2025-07-29 08:36:55,649 [WARN] ModelIntegratedComponent:63 - No mode defined for component null
2025-07-29 08:36:55,649 [WARN] ModelIntegratedComponent:63 - No mode defined for component null
2025-07-29 08:36:55,649 [WARN] ModelIntegratedComponent:63 - No mode defined for component null
2025-07-29 08:36:55,649 [WARN] ModelIntegratedComponent:63 - No mode defined for component null
2025-07-29 08:36:55,649 [WARN] ModelIntegratedComponent:63 - No mode defined for component null
2025-07-29 08:36:55,650 [WARN] ModelIntegratedComponent:63 - No mode defined for component null
2025-07-29 08:36:55,650 [WARN] ModelIntegratedComponent:63 - No mode defined for component null
2025-07-29 08:36:55,650 [WARN] ModelIntegratedComponent:63 - No mode defined for component null
2025-07-29 08:36:55,650 [WARN] ModelIntegratedComponent:63 - No mode defined for component null
2025-07-29 08:36:55,650 [WARN] ModelIntegratedComponent:63 - No mode defined for component null
2025-07-29 08:36:55,650 [WARN] ModelIntegratedComponent:63 - No mode defined for component null
2025-07-29 08:36:55,650 [WARN] ModelIntegratedComponent:63 - No mode defined for component null
2025-07-29 08:36:55,650 [WARN] ModelIntegratedComponent:63 - No mode defined for component null
2025-07-29 08:36:55,650 [WARN] ModelIntegratedComponent:63 - No mode defined for component null
2025-07-29 08:36:55,650 [WARN] ModelIntegratedComponent:63 - No mode defined for component null
2025-07-29 08:36:55,650 [WARN] ModelIntegratedComponent:63 - No mode defined for component null
2025-07-29 08:36:55,650 [WARN] ModelIntegratedComponent:63 - No mode defined for component null
2025-07-29 08:36:55,650 [WARN] ModelIntegratedComponent:63 - No mode defined for component null
2025-07-29 08:36:55,650 [WARN] ModelPack:524 - Component already loaded: STMicroelectronics:HAL Drivers:0.0.0:STMicroelectronics:Device:STMicro_Driver:XSPI:HAL::0.0.1:HAL_XSPI
2025-07-29 08:36:55,963 [INFO] ThirdPartyModel:298 - Start build external matchings
2025-07-29 08:36:56,981 [INFO] ThirdPartyModel:316 - End build external matchings
2025-07-29 08:36:57,011 [INFO] ImportTextPane:234 - (OptionalMessage_ERROR) IP (RCC) : Invalid parameter (48MHZClocksFreq_Value)
2025-07-29 08:36:57,012 [INFO] ImportTextPane:234 - (OptionalMessage_ERROR) IP (RCC) : Invalid parameter (ADC12outputFreq_Value)
2025-07-29 08:36:57,012 [INFO] ImportTextPane:234 - (OptionalMessage_ERROR) IP (RCC) : Invalid parameter (ADC34outputFreq_Value)
2025-07-29 08:36:57,012 [INFO] ImportTextPane:234 - (OptionalMessage_ERROR) IP (RCC) : Invalid parameter (DFSDMAudioFreq_Value)
2025-07-29 08:36:57,012 [INFO] ImportTextPane:234 - (OptionalMessage_ERROR) IP (RCC) : Invalid parameter (DFSDMFreq_Value)
2025-07-29 08:36:57,012 [INFO] ImportTextPane:234 - (OptionalMessage_ERROR) IP (RCC) : Invalid parameter (FMPI2C1Freq_Value)
2025-07-29 08:36:57,012 [INFO] ImportTextPane:234 - (OptionalMessage_ERROR) IP (RCC) : Invalid parameter (FamilyName)
2025-07-29 08:36:57,012 [INFO] ImportTextPane:234 - (OptionalMessage_ERROR) IP (RCC) : Invalid parameter (I2S1Freq_Value)
2025-07-29 08:36:57,012 [INFO] ImportTextPane:234 - (OptionalMessage_ERROR) IP (RCC) : Invalid parameter (I2S2Freq_Value)
2025-07-29 08:36:57,012 [INFO] ImportTextPane:234 - (OptionalMessage_ERROR) IP (RCC) : Invalid parameter (I2SClocksFreq_Value)
2025-07-29 08:36:57,012 [INFO] ImportTextPane:234 - (OptionalMessage_ERROR) IP (RCC) : Invalid parameter (MCOFreq_Value)
2025-07-29 08:36:57,013 [INFO] ImportTextPane:234 - (OptionalMessage_ERROR) IP (RCC) : Invalid parameter (PLLI2SPCLKFreq_Value)
2025-07-29 08:36:57,013 [INFO] ImportTextPane:234 - (OptionalMessage_ERROR) IP (RCC) : Invalid parameter (PLLI2SQoutputFreq_Value)
2025-07-29 08:36:57,014 [INFO] ImportTextPane:234 - (OptionalMessage_ERROR) IP (RCC) : Invalid parameter (PLLI2SoutputFreq_Value)
2025-07-29 08:36:57,014 [INFO] ImportTextPane:234 - (OptionalMessage_ERROR) IP (RCC) : Invalid parameter (PLLMCOFreq_Value)
2025-07-29 08:36:57,014 [INFO] ImportTextPane:234 - (OptionalMessage_ERROR) IP (RCC) : Invalid parameter (PLLMUL)
2025-07-29 08:36:57,014 [INFO] ImportTextPane:234 - (OptionalMessage_ERROR) IP (RCC) : Invalid parameter (PLLRCLKFreq_Value)
2025-07-29 08:36:57,014 [INFO] ImportTextPane:234 - (OptionalMessage_ERROR) IP (RCC) : Invalid parameter (PLLRoutputFreq_Value)
2025-07-29 08:36:57,014 [INFO] ImportTextPane:234 - (OptionalMessage_ERROR) IP (RCC) : Invalid parameter (PRESCALERUSB)
2025-07-29 08:36:57,014 [INFO] ImportTextPane:234 - (OptionalMessage_ERROR) IP (RCC) : Invalid parameter (PWRFreq_Value)
2025-07-29 08:36:57,014 [INFO] ImportTextPane:234 - (OptionalMessage_ERROR) IP (RCC) : Invalid parameter (RTCHSEDivFreq_Value)
2025-07-29 08:36:57,014 [INFO] ImportTextPane:234 - (OptionalMessage_ERROR) IP (RCC) : Invalid parameter (SDIOFreq_Value)
2025-07-29 08:36:57,015 [INFO] ImportTextPane:234 - (OptionalMessage_ERROR) IP (RCC) : Parameter (SDMMC2Freq_Value) has invalid value (216000000)
2025-07-29 08:36:57,015 [INFO] ImportTextPane:234 - (OptionalMessage_ERROR) IP (RCC) : Parameter (SDMMCFreq_Value) has invalid value (216000000)
2025-07-29 08:36:57,015 [INFO] ImportTextPane:234 - (OptionalMessage_ERROR) IP (RCC) : Invalid parameter (SYSCLKSourceVirtual)
2025-07-29 08:36:57,015 [INFO] ImportTextPane:234 - (OptionalMessage_ERROR) IP (RCC) : Invalid parameter (TIM15Freq_Value)
2025-07-29 08:36:57,015 [INFO] ImportTextPane:234 - (OptionalMessage_ERROR) IP (RCC) : Invalid parameter (TIM16Freq_Value)
2025-07-29 08:36:57,015 [INFO] ImportTextPane:234 - (OptionalMessage_ERROR) IP (RCC) : Invalid parameter (TIM17Freq_Value)
2025-07-29 08:36:57,015 [INFO] ImportTextPane:234 - (OptionalMessage_ERROR) IP (RCC) : Invalid parameter (TIM1Freq_Value)
2025-07-29 08:36:57,016 [INFO] ImportTextPane:234 - (OptionalMessage_ERROR) IP (RCC) : Invalid parameter (TIM20Freq_Value)
2025-07-29 08:36:57,016 [INFO] ImportTextPane:234 - (OptionalMessage_ERROR) IP (RCC) : Invalid parameter (TIM2Freq_Value)
2025-07-29 08:36:57,016 [INFO] ImportTextPane:234 - (OptionalMessage_ERROR) IP (RCC) : Invalid parameter (TIM3Freq_Value)
2025-07-29 08:36:57,016 [INFO] ImportTextPane:234 - (OptionalMessage_ERROR) IP (RCC) : Invalid parameter (TIM8Freq_Value)
2025-07-29 08:36:57,016 [INFO] ImportTextPane:234 - (OptionalMessage_ERROR) IP (RCC) : Invalid parameter (VCOI2SInputFreq_Value)
2025-07-29 08:36:57,016 [INFO] ImportTextPane:234 - (OptionalMessage_ERROR) IP (RCC) : Invalid parameter (VCOInputMFreq_Value)
2025-07-29 08:36:57,016 [INFO] ImportTextPane:234 - (OptionalMessage_ERROR) IP (RCC) : Invalid parameter (VCOOutput2Freq_Value)
2025-07-29 08:36:57,016 [INFO] ImportTextPane:234 - (OptionalMessage_ERROR) IP (RCC) : Invalid parameter (VcooutputI2S)
2025-07-29 08:36:58,848 [INFO] ApiDb:581 - Connected to CubeFinder SQLite database (C:\Users\Chinnapop\.stmcufinder\plugins\mcufinder\mcu\cube-finder-db.db)
2025-07-29 08:36:58,956 [INFO] ApiDb:668 - CubeFinder database Data Model version=2.1
2025-07-29 08:36:58,956 [INFO] ApiDb:669 - CubeFinder database Configuration version=3.0.39
2025-07-29 08:36:58,957 [INFO] ApiDb:670 - CubeFinder database generation date=2025-07-21 (1753107327)
2025-07-29 08:36:58,957 [INFO] ApiDb:671 - CubeFinder database FW Pack versions=[FP-ATR-ASTRA1_V2.0.0, FP-SNS-FLIGHT1_V5.1.0, FP-SNS-MOTENV1_V5.0.0, FP-SNS-MOTENVWB1_V1.4.0, FP-SNS-SMARTAG2_V1.2.0, FP-SNS-STBOX1_V2.0.0, STM32Cube_FW_C0_V1.4.0, STM32Cube_FW_F4_V1.28.2, STM32Cube_FW_F7_V1.17.3, STM32Cube_FW_G0_V1.6.2, STM32Cube_FW_G4_V1.6.1, STM32Cube_FW_H5_V1.5.0, STM32Cube_FW_H7RS_V1.2.0, STM32Cube_FW_H7_V1.12.1, STM32Cube_FW_L0_V1.12.2, STM32Cube_FW_L4_V1.18.1, STM32Cube_FW_L5_V1.5.1, STM32Cube_FW_N6_V1.2.0, STM32Cube_FW_U0_V1.3.0, STM32Cube_FW_U3_V1.2.0, STM32Cube_FW_U5_V1.8.0, STM32Cube_FW_WB0_V1.3.0, STM32Cube_FW_WBA_V1.7.0, STM32Cube_FW_WB_V1.23.0, STM32Cube_FW_WL3_V1.2.0, STM32Cube_FW_WL_V1.3.1, X-CUBE-ALGOBUILD_V1.4.0, X-CUBE-ALS_V1.0.2, X-CUBE-AZRTOS-F4_V1.1.0, X-CUBE-AZRTOS-F7_V1.1.0, X-CUBE-AZRTOS-G0_V1.1.0, X-CUBE-AZRTOS-G4_V2.0.0, X-CUBE-AZRTOS-H7RS_V1.1.0, X-CUBE-AZRTOS-H7_V3.3.0, X-CUBE-AZRTOS-L4_V2.0.0, X-CUBE-AZRTOS-L5_V2.0.0, X-CUBE-AZRTOS-WB_V2.0.0, X-CUBE-AZRTOS-WL_V2.0.0, X-CUBE-BLE1_V7.1.0, X-CUBE-BLE2_V3.3.0, X-CUBE-BLEMGR_V4.0.0, X-CUBE-EEPRMA1_V5.1.0, X-CUBE-FREERTOS_V1.3.1, X-CUBE-GNSS1_V6.0.0, X-CUBE-MEMS1_V11.3.0, X-CUBE-NFC4_V3.0.0, X-CUBE-NFC7_V2.0.0, X-CUBE-SFXS2LP1_V4.0.0, X-CUBE-SUBG2_V5.0.0, X-CUBE-TOF1_V3.4.3]
2025-07-29 08:36:59,070 [INFO] DbBoardsSqlite:226 - include board P-NUCLEO-WB55-NUCLEO as a kit item of type 'Nucleo-64'
2025-07-29 08:36:59,072 [INFO] DbBoardsSqlite:226 - include board P-NUCLEO-WB55-USBDONGLE as a kit item of type 'Nucleo USB Dongle'
2025-07-29 08:36:59,073 [INFO] DbBoardsSqlite:226 - include board STEVAL-IDP005V1 as a kit item of type 'Evaluation Board'
2025-07-29 08:36:59,074 [INFO] DbBoardsSqlite:226 - include board STEVAL-IDP005V2 as a kit item of type 'Evaluation Board'
2025-07-29 08:36:59,426 [INFO] ApiDb:240 - Found 880 in-development CPN: [B-G473E-ZEST1S, B-WB1M-WPAN1, B-WBA5M-WPAN, B-WL5M-SUBG1, NUCLEO-C031C6, NUCLEO-C051C8, NUCLEO-C071RB, NUCLEO-C092RC, NUCLEO-H503RB, NUCLEO-H533RE, NUCLEO-H563ZI, NUCLEO-H7S3L8, NUCLEO-N657X0-Q, NUCLEO-U031R8, NUCLEO-U083RC, NUCLEO-U385RG-Q, NUCLEO-U545RE-Q, NUCLEO-U5A5ZJ-Q, NUCLEO-WB05KZ, NUCLEO-WB07CC, NUCLEO-WB09KE, NUCLEO-WBA52CG, NUCLEO-WBA55CG, NUCLEO-WL33CC1, NUCLEO-WL33CC2, STEVAL-PROTEUS1, STEVAL-SMARTAG2, STEVAL-STWINBX1, STM320518-EVAL, STM32C0116-DK, STM32C011D6Y3TR, STM32C011D6Y6TR, STM32C011F4P3, STM32C011F4P6, STM32C011F4U3, STM32C011F4U6TR, STM32C011F6P3, STM32C011F6P6, STM32C011F6U3, STM32C011F6U6TR, STM32C011J4M3, STM32C011J4M6, STM32C011J6M3, STM32C011J6M6, STM32C0316-DK, STM32C031C4T3, STM32C031C4T6, STM32C031C4U3, STM32C031C4U6, STM32C031C6T3, STM32C031C6T6, STM32C031C6U3, STM32C031C6U6, STM32C031F4P3, STM32C031F4P6, STM32C031F6P3, STM32C031F6P6, STM32C031G4U3, STM32C031G4U6, STM32C031G6U3, STM32C031G6U6, STM32C031K4T3, STM32C031K4T6, STM32C031K4U3, STM32C031K4U6, STM32C031K6T3, STM32C031K6T6, STM32C031K6U3, STM32C031K6U6, STM32C051C6T6, STM32C051C6U6, STM32C051C8T6, STM32C051C8U6, STM32C051D8Y6TR, STM32C051F6P6, STM32C051F8P6, STM32C051G6U6, STM32C051G8U6, STM32C051K6T6, STM32C051K6U6, STM32C051K8T6, STM32C071C8T6, STM32C071C8T6N, STM32C071C8U6, STM32C071C8U6N, STM32C071CBT6, STM32C071CBT6N, STM32C071CBU6, STM32C071CBU6N, STM32C071F8P6, STM32C071F8P6N, STM32C071FBP6, STM32C071FBP6N, STM32C071FBY6TR, STM32C071G8U6, STM32C071G8U6N, STM32C071GBU6, STM32C071GBU6N, STM32C071K8T6, STM32C071K8T6N, STM32C071K8U6, STM32C071K8U6N, STM32C071KBT6, STM32C071KBT6N, STM32C071KBU6, STM32C071KBU6N, STM32C071R8T6, STM32C071R8T6N, STM32C071RBI6N, STM32C071RBT6, STM32C071RBT6N, STM32C091CBT6, STM32C091CBU6, STM32C091CCT6, STM32C091CCU6, STM32C091ECY6TR, STM32C091FBP6, STM32C091FCP6, STM32C091GBU6, STM32C091GCU6, STM32C091KBT6, STM32C091KBU6, STM32C091KCT6, STM32C091KCU6, STM32C091RBT6, STM32C091RCI6, STM32C091RCT6, STM32C092CBT6, STM32C092CBU6, STM32C092CCT6, STM32C092CCU6, STM32C092ECY6TR, STM32C092FBP6, STM32C092FCP6, STM32C092GBU6, STM32C092GCU6, STM32C092KBT6, STM32C092KBU6, STM32C092KCT6, STM32C092KCU6, STM32C092RBT6, STM32C092RCI6, STM32C092RCT6, STM32G071K8TXN, STM32G071K8UXN, STM32G081GBU6N, STM32G081KBT6N, STM32G081KBUXN, STM32G0B1CCT6N, STM32G0B1KCT6, STM32G0B1NEY6TR, STM32G0B1RCT6N, STM32G0C1CCT6, STM32G0C1CCT6N, STM32G0C1CCU6N, STM32G0C1CET6N, STM32G0C1CEU6N, STM32G0C1KCT6, STM32G0C1NEY6TR, STM32G0C1RCI6N, STM32G0C1RCT6N, STM32G0C1REI6N, STM32G0C1RET6N, STM32G0C1VCI6, STM32G0C1VEI6, STM32G411C6T3, STM32G411C6T6, STM32G411C6U3, STM32G411C6U6, STM32G411C8T3, STM32G411C8T6, STM32G411C8U3, STM32G411C8U6, STM32G411CBT3, STM32G411CBT6, STM32G411CBU3, STM32G411CBU6, STM32G411K6T3, STM32G411K6T6, STM32G411K6U3, STM32G411K6U6, STM32G411K8T3, STM32G411K8T6, STM32G411K8U3, STM32G411K8U6, STM32G411KBT3, STM32G411KBT6, STM32G411KBU3, STM32G411KBU6, STM32G411M6T3, STM32G411M6T6, STM32G411M8T3, STM32G411M8T6, STM32G411MBT3, STM32G411MBT6, STM32G411R6T3, STM32G411R6T6, STM32G411R8T3, STM32G411R8T6, STM32G411RBT3, STM32G411RBT6, STM32G414CBT3, STM32G414CBT6, STM32G414CBU3, STM32G414CBU6, STM32G414CCT3, STM32G414CCT6, STM32G414CCU3, STM32G414CCU6, STM32G414MBT3, STM32G414MBT6, STM32G414MCT3, STM32G414MCT6, STM32G414RBT3, STM32G414RBT6, STM32G414RCT3, STM32G414RCT6, STM32G414VBT3, STM32G414VBT6, STM32G414VCT3, STM32G414VCT6, STM32G431CBT3Z, STM32G431RBT3Z, STM32G471CCT6, STM32G471CCU6, STM32G471CET3, STM32G471CET6, STM32G471CEU3, STM32G471CEU6, STM32G471MCT6, STM32G471MET3, STM32G471MET6, STM32G471MEY6TR, STM32G471QCT6, STM32G471QET3, STM32G471RCT6, STM32G471RET3, STM32G471RET6, STM32G471VCH6, STM32G471VCI6, STM32G471VCT6, STM32G471VEH3, STM32G471VEH6, STM32G471VEI3, STM32G471VEI6, STM32G471VET3, STM32G471VET6, STM32G473QET3Z, STM32G473RET3Z, STM32G474CCT6, STM32G491RET3Z, STM32H503CBT6, STM32H503CBU6, STM32H503EBY6TR, STM32H503KBU6, STM32H503RBT6, STM32H523CCT6, STM32H523CCU6, STM32H523CET6, STM32H523CEU6, STM32H523HEY6TR, STM32H523RCT6, STM32H523RET6, STM32H523VCI6, STM32H523VCT6, STM32H523VEI6, STM32H523VET6, STM32H523ZCJ6, STM32H523ZCT6, STM32H523ZEJ6, STM32H523ZET6, STM32H533CET6, STM32H533CEU6, STM32H533HEY6TR, STM32H533RET6, STM32H533VEI6, STM32H533VET6, STM32H533ZEJ6, STM32H533ZET6, STM32H562AGI6, STM32H562AII6, STM32H562IGK6, STM32H562IGT6, STM32H562IIK6, STM32H562IIT6, STM32H562RGT6, STM32H562RGV6, STM32H562RIT6, STM32H562RIV6, STM32H562VGT6, STM32H562VIT6, STM32H562ZGT6, STM32H562ZIT6, STM32H563AGI6, STM32H563AII3Q, STM32H563AII6, STM32H563IGK6, STM32H563IGT6, STM32H563IIK3Q, STM32H563IIK6, STM32H563IIT3Q, STM32H563IIT6, STM32H563MIY3QTR, STM32H563RGT6, STM32H563RGV6, STM32H563RIT6, STM32H563RIV6, STM32H563VGT6, STM32H563VIT3Q, STM32H563VIT6, STM32H563ZGT6, STM32H563ZIT3Q, STM32H563ZIT6, STM32H573AII3Q, STM32H573AII6, STM32H573I-DK, STM32H573IIK3Q, STM32H573IIK6, STM32H573IIT3Q, STM32H573IIT6, STM32H573MIY3QTR, STM32H573RIT6, STM32H573RIV6, STM32H573VIT3Q, STM32H573VIT6, STM32H573ZIT3Q, STM32H573ZIT6, STM32H7R3A8I6, STM32H7R3I8K6, STM32H7R3I8T6, STM32H7R3L8H6, STM32H7R3L8H6H, STM32H7R3R8V6, STM32H7R3V8H6, STM32H7R3V8T6, STM32H7R3V8Y6TR, STM32H7R3Z8J6, STM32H7R3Z8T6, STM32H7R7A8I6, STM32H7R7I8K6, STM32H7R7I8T6, STM32H7R7L8H6, STM32H7R7L8H6H, STM32H7R7Z8J6, STM32H7S3A8I6, STM32H7S3I8K6, STM32H7S3I8T6, STM32H7S3L8H6, STM32H7S3L8H6H, STM32H7S3R8V6, STM32H7S3V8H6, STM32H7S3V8T6, STM32H7S3V8Y6TR, STM32H7S3Z8J6, STM32H7S3Z8T6, STM32H7S78-DK, STM32H7S7A8I6, STM32H7S7I8K6, STM32H7S7I8T6, STM32H7S7L8H6, STM32H7S7L8H6H, STM32H7S7Z8J6, STM32L4R5QGI6STR, STM32MP131AAE3, STM32MP131AAF3, STM32MP131AAG3, STM32MP131CAE3, STM32MP131CAF3, STM32MP131CAG3, STM32MP131DAE7, STM32MP131DAF7, STM32MP131DAG7, STM32MP131FAE7, STM32MP131FAF7, STM32MP131FAG7, STM32MP133AAE3, STM32MP133AAF3, STM32MP133AAG3, STM32MP133CAE3, STM32MP133CAF3, STM32MP133CAG3, STM32MP133DAE7, STM32MP133DAF7, STM32MP133DAG7, STM32MP133FAE7, STM32MP133FAF7, STM32MP133FAG7, STM32MP135AAE3, STM32MP135AAF3, STM32MP135AAG3, STM32MP135CAE3, STM32MP135CAF3, STM32MP135CAG3, STM32MP135DAE7, STM32MP135DAF7, STM32MP135DAG7, STM32MP135F-DK, STM32MP135FAE7, STM32MP135FAF7, STM32MP135FAF7T, STM32MP135FAF7U, STM32MP135FAG7, STM32MP211AAL3, STM32MP211AAM3, STM32MP211AAN3, STM32MP211AAO3, STM32MP211CAL3, STM32MP211CAM3, STM32MP211CAN3, STM32MP211CAO3, STM32MP211DAL3, STM32MP211DAM3, STM32MP211DAN3, STM32MP211DAO3, STM32MP211FAL3, STM32MP211FAM3, STM32MP211FAN3, STM32MP211FAO3, STM32MP213AAL3, STM32MP213AAM3, STM32MP213AAN3, STM32MP213AAO3, STM32MP213CAL3, STM32MP213CAM3, STM32MP213CAN3, STM32MP213CAO3, STM32MP213DAL3, STM32MP213DAM3, STM32MP213DAN3, STM32MP213DAO3, STM32MP213FAL3, STM32MP213FAM3, STM32MP213FAN3, STM32MP213FAO3, STM32MP215AAL3, STM32MP215AAM3, STM32MP215AAN3, STM32MP215AAO3, STM32MP215CAL3, STM32MP215CAM3, STM32MP215CAN3, STM32MP215CAO3, STM32MP215DAL3, STM32MP215DAM3, STM32MP215DAN3, STM32MP215DAO3, STM32MP215F-DK, STM32MP215FAL3, STM32MP215FAM3, STM32MP215FAN3, STM32MP215FAO3, STM32MP231AAJ3, STM32MP231AAK3, STM32MP231AAL3, STM32MP231CAJ3, STM32MP231CAK3, STM32MP231CAL3, STM32MP231DAJ3, STM32MP231DAK3, STM32MP231DAL3, STM32MP231FAJ3, STM32MP231FAK3, STM32MP231FAL3, STM32MP233AAJ3, STM32MP233AAK3, STM32MP233AAL3, STM32MP233CAJ3, STM32MP233CAK3, STM32MP233CAL3, STM32MP233DAJ3, STM32MP233DAK3, STM32MP233DAL3, STM32MP233FAJ3, STM32MP233FAK3, STM32MP233FAL3, STM32MP235AAJ3, STM32MP235AAK3, STM32MP235AAL3, STM32MP235CAJ3, STM32MP235CAK3, STM32MP235CAL3, STM32MP235DAJ3, STM32MP235DAK3, STM32MP235DAL3, STM32MP235FAJ3, STM32MP235FAK3, STM32MP235FAL3, STM32MP251AAI3, STM32MP251AAK3, STM32MP251AAL3, STM32MP251CAI3, STM32MP251CAK3, STM32MP251CAL3, STM32MP251DAI3, STM32MP251DAK3, STM32MP251DAL3, STM32MP251FAI3, STM32MP251FAK3, STM32MP251FAL3, STM32MP253AAI3, STM32MP253AAK3, STM32MP253AAL3, STM32MP253CAI3, STM32MP253CAK3, STM32MP253CAL3, STM32MP253DAI3, STM32MP253DAK3, STM32MP253DAL3, STM32MP253FAI3, STM32MP253FAK3, STM32MP253FAL3, STM32MP255AAI3, STM32MP255AAK3, STM32MP255AAL3, STM32MP255CAI3, STM32MP255CAK3, STM32MP255CAL3, STM32MP255DAI3, STM32MP255DAK3, STM32MP255DAL3, STM32MP255FAI3, STM32MP255FAK3, STM32MP255FAL3, STM32MP257AAI3, STM32MP257AAK3, STM32MP257AAL3, STM32MP257CAI3, STM32MP257CAK3, STM32MP257CAL3, STM32MP257DAI3, STM32MP257DAK3, STM32MP257DAL3, STM32MP257F-DK, STM32MP257F-EV1, STM32MP257FAI3, STM32MP257FAK3, STM32MP257FAL3, STM32N645A0H3Q, STM32N645B0H3Q, STM32N645I0H3Q, STM32N645L0H3Q, STM32N645X0H3Q, STM32N645Z0H3Q, STM32N647A0H3Q, STM32N647B0H3Q, STM32N647I0H3Q, STM32N647L0H3Q, STM32N647X0H3Q, STM32N647Z0H3Q, STM32N655A0H3Q, STM32N655B0H3Q, STM32N655I0H3Q, STM32N655L0H3Q, STM32N655X0H3Q, STM32N655Z0H3Q, STM32N6570-DK, STM32N657A0H3Q, STM32N657B0H3Q, STM32N657I0H3Q, STM32N657L0H3Q, STM32N657X0H3Q, STM32N657Z0H3Q, STM32U031C6T6, STM32U031C6U6, STM32U031C8T6, STM32U031C8U6, STM32U031F4P6, STM32U031F6P6, STM32U031F8P6, STM32U031G6Y6TR, STM32U031G8Y6TR, STM32U031K4U6, STM32U031K6U6, STM32U031K8U6, STM32U031R6I6, STM32U031R6T6, STM32U031R8I6, STM32U031R8T6, STM32U073C8T6, STM32U073C8U6, STM32U073CBT6, STM32U073CBU6, STM32U073CCT6, STM32U073CCU6, STM32U073H8Y6TR, STM32U073HBY6TR, STM32U073HCY6TR, STM32U073K8U6, STM32U073KBU6, STM32U073KCU6, STM32U073M8I6, STM32U073M8T6, STM32U073MBI6, STM32U073MBT6, STM32U073MCI6, STM32U073MCT6, STM32U073R8I6, STM32U073R8T6, STM32U073RBI6, STM32U073RBT6, STM32U073RCI6, STM32U073RCT6, STM32U083C-DK, STM32U083CCT6, STM32U083CCU6, STM32U083HCY6TR, STM32U083KCU6, STM32U083MCI6, STM32U083MCT6, STM32U083RCI6, STM32U083RCT6, STM32U375CET6, STM32U375CET6Q, STM32U375CEU6, STM32U375CEU6Q, STM32U375CEY6QTR, STM32U375CGT6, STM32U375CGT6Q, STM32U375CGU6, STM32U375CGU6Q, STM32U375CGY6QTR, STM32U375KEU6, STM32U375KGU6, STM32U375REI6, STM32U375REI6Q, STM32U375RET6, STM32U375RET6Q, STM32U375REY6GTR, STM32U375REY6QTR, STM32U375RGI6, STM32U375RGI6Q, STM32U375RGT6, STM32U375RGT6Q, STM32U375RGY6GTR, STM32U375RGY6QTR, STM32U375VEI6, STM32U375VEI6Q, STM32U375VET6, STM32U375VET6Q, STM32U375VGI6, STM32U375VGI6Q, STM32U375VGT6, STM32U375VGT6Q, STM32U385CGT6, STM32U385CGT6Q, STM32U385CGU6, STM32U385CGU6Q, STM32U385CGY6QTR, STM32U385KGU6, STM32U385RGI6, STM32U385RGI6Q, STM32U385RGT6, STM32U385RGT6Q, STM32U385RGY6GTR, STM32U385RGY6QTR, STM32U385VGI6, STM32U385VGI6Q, STM32U385VGT6, STM32U385VGT6Q, STM32U535CBT6, STM32U535CBT6Q, STM32U535CBU6, STM32U535CBU6Q, STM32U535CCT6, STM32U535CCT6Q, STM32U535CCU6, STM32U535CCU6Q, STM32U535CET6, STM32U535CET6Q, STM32U535CEU6, STM32U535CEU6Q, STM32U535JEY6QTR, STM32U535NCY6QTR, STM32U535NEY6QTR, STM32U535RBI6, STM32U535RBI6Q, STM32U535RBT6, STM32U535RBT6Q, STM32U535RCI6, STM32U535RCI6Q, STM32U535RCT6, STM32U535RCT6Q, STM32U535REI6, STM32U535REI6Q, STM32U535RET6, STM32U535RET6Q, STM32U535VCI6, STM32U535VCI6Q, STM32U535VCT6, STM32U535VCT6Q, STM32U535VEI6, STM32U535VEI6Q, STM32U535VET6, STM32U535VET6Q, STM32U545CET6, STM32U545CET6Q, STM32U545CEU6, STM32U545CEU6Q, STM32U545JEY6QTR, STM32U545NEY6QTR, STM32U545REI6, STM32U545REI6Q, STM32U545RET6, STM32U545RET6Q, STM32U545VEI6, STM32U545VEI6Q, STM32U545VET6, STM32U545VET6Q, STM32U595AIH6, STM32U595AIH6Q, STM32U595AJH6, STM32U595AJH6Q, STM32U595QII6, STM32U595QII6Q, STM32U595QJI6, STM32U595QJI6Q, STM32U595RIT6, STM32U595RIT6Q, STM32U595RJT6, STM32U595RJT6Q, STM32U595VIT6, STM32U595VIT6Q, STM32U595VJT6, STM32U595VJT6Q, STM32U595ZIT6, STM32U595ZIT6Q, STM32U595ZIY6QTR, STM32U595ZJT6, STM32U595ZJT6Q, STM32U595ZJY6QTR, STM32U599BJY6QTR, STM32U599NIH6Q, STM32U599NJH6Q, STM32U599VIT6Q, STM32U599VJT6, STM32U599VJT6Q, STM32U599ZIT6Q, STM32U599ZIY6QTR, STM32U599ZJT6Q, STM32U599ZJY6QTR, STM32U5A5AJH6, STM32U5A5AJH6Q, STM32U5A5QII3Q , STM32U5A5QJI6, STM32U5A5QJI6Q, STM32U5A5RJT6, STM32U5A5RJT6Q, STM32U5A5VJT6, STM32U5A5VJT6Q, STM32U5A5ZJT6, STM32U5A5ZJT6Q, STM32U5A5ZJY6QTR, STM32U5A9BJY6QTR, STM32U5A9J-DK, STM32U5A9NJH6Q, STM32U5A9VJT6Q, STM32U5A9ZJT6Q, STM32U5A9ZJY6QTR, STM32U5F7VIT6, STM32U5F7VIT6Q, STM32U5F7VJT6, STM32U5F7VJT6Q, STM32U5F9BJY6QTR, STM32U5F9NJH6Q, STM32U5F9VIT6Q, STM32U5F9VJT6Q, STM32U5F9ZIJ6QTR, STM32U5F9ZIT6Q, STM32U5F9ZJJ6QTR, STM32U5F9ZJT6Q, STM32U5G7VJT6, STM32U5G7VJT6Q, STM32U5G9BJY6QTR, STM32U5G9J-DK1, STM32U5G9J-DK2, STM32U5G9NJH6Q, STM32U5G9VJT6Q, STM32U5G9ZJJ6QTR, STM32U5G9ZJT6Q, STM32WB05KZV6TR, STM32WB05KZV7TR, STM32WB05TZF6TR, STM32WB05TZF7TR, STM32WB06CCF6TR, STM32WB06CCF7TR, STM32WB06CCV6TR, STM32WB06CCV7TR, STM32WB06KCV6TR, STM32WB06KCV7TR, STM32WB07CCF6TR, STM32WB07CCF7TR, STM32WB07CCV6TR, STM32WB07CCV7TR, STM32WB07KCV6TR, STM32WB07KCV7TR, STM32WB09KEV6TR, STM32WB09KEV7TR, STM32WB09TEF6TR, STM32WB09TEF7TR, STM32WB1MMCH6, STM32WBA50KGU6, STM32WBA50KGU6TR, STM32WBA52CEU6, STM32WBA52CEU6TR, STM32WBA52CEU7, STM32WBA52CEU7TR, STM32WBA52CGU6, STM32WBA52CGU6TR, STM32WBA52CGU6U, STM32WBA52CGU7, STM32WBA52CGU7TR, STM32WBA52KEU6, STM32WBA52KEU6TR, STM32WBA52KGU6, STM32WBA52KGU6TR, STM32WBA54CEU6, STM32WBA54CEU6TR, STM32WBA54CEU7, STM32WBA54CEU7TR, STM32WBA54CGU6, STM32WBA54CGU6TR, STM32WBA54CGU7, STM32WBA54CGU7TR, STM32WBA54KEU6, STM32WBA54KEU6TR, STM32WBA54KEU7, STM32WBA54KEU7TR, STM32WBA54KGU6, STM32WBA54KGU6TR, STM32WBA54KGU7, STM32WBA54KGU7TR, STM32WBA55CEU6, STM32WBA55CEU6TR, STM32WBA55CEU7, STM32WBA55CEU7TR, STM32WBA55CGU6, STM32WBA55CGU6TR, STM32WBA55CGU6U, STM32WBA55CGU7, STM32WBA55CGU7TR, STM32WBA55G-DK1, STM32WBA55HEF6, STM32WBA55HEF7, STM32WBA55HGF6, STM32WBA55HGF7, STM32WBA55UEI6, STM32WBA55UEI6TR, STM32WBA55UEI7, STM32WBA55UEI7TR, STM32WBA55UGI6, STM32WBA55UGI6TR, STM32WBA55UGI7, STM32WBA55UGI7TR, STM32WBA5MMGH6TR, STM32WBA62MGF6, STM32WBA62MIF6, STM32WBA65MGF7, STM32WBA65MIF6, STM32WBA65MIF7, STM32WL30K8V6, STM32WL30KBV6, STM32WL31C8V6, STM32WL31CBV6, STM32WL31K8V6, STM32WL31KBV6, STM32WL33C8V6, STM32WL33C8V6X, STM32WL33CBV6, STM32WL33CBV6X, STM32WL33CCV6, STM32WL33CCV6A, STM32WL33CCV6X, STM32WL33K8V7, STM32WL33K8V7X, STM32WL33KBV7 , STM32WL33KBV7X, STM32WL33KCV7, STM32WL33KCV7X, STM32WL5MOCH6, STM32WL5MOCH6TR]
2025-07-29 08:36:59,672 [INFO] BoardInfo:889 - No configuration file found for board P-NUCLEO-WB55
2025-07-29 08:36:59,674 [INFO] DbBoards:161 - Kit is not supported: P-NUCLEO-WB55
2025-07-29 08:36:59,682 [INFO] BoardInfo:889 - No configuration file found for board STEVAL-BFA001V1B
2025-07-29 08:36:59,683 [INFO] DbBoards:161 - Kit is not supported: STEVAL-BFA001V1B
2025-07-29 08:36:59,684 [INFO] BoardInfo:889 - No configuration file found for board STEVAL-BFA001V2B
2025-07-29 08:36:59,685 [INFO] DbBoards:161 - Kit is not supported: STEVAL-BFA001V2B
2025-07-29 08:36:59,966 [INFO] DbBoards:168 - Found 212 boards, 209 are supported
2025-07-29 08:36:59,967 [INFO] DbBoards:169 - Found 212 boards, 43 of them is supported for  Bsp
2025-07-29 08:36:59,970 [INFO] ApiDb:668 - CubeFinder database Data Model version=2.1
2025-07-29 08:36:59,970 [INFO] ApiDb:669 - CubeFinder database Configuration version=3.0.39
2025-07-29 08:36:59,970 [INFO] ApiDb:670 - CubeFinder database generation date=2025-07-21 (1753107327)
2025-07-29 08:36:59,970 [INFO] ApiDb:671 - CubeFinder database FW Pack versions=[FP-ATR-ASTRA1_V2.0.0, FP-SNS-FLIGHT1_V5.1.0, FP-SNS-MOTENV1_V5.0.0, FP-SNS-MOTENVWB1_V1.4.0, FP-SNS-SMARTAG2_V1.2.0, FP-SNS-STBOX1_V2.0.0, STM32Cube_FW_C0_V1.4.0, STM32Cube_FW_F4_V1.28.2, STM32Cube_FW_F7_V1.17.3, STM32Cube_FW_G0_V1.6.2, STM32Cube_FW_G4_V1.6.1, STM32Cube_FW_H5_V1.5.0, STM32Cube_FW_H7RS_V1.2.0, STM32Cube_FW_H7_V1.12.1, STM32Cube_FW_L0_V1.12.2, STM32Cube_FW_L4_V1.18.1, STM32Cube_FW_L5_V1.5.1, STM32Cube_FW_N6_V1.2.0, STM32Cube_FW_U0_V1.3.0, STM32Cube_FW_U3_V1.2.0, STM32Cube_FW_U5_V1.8.0, STM32Cube_FW_WB0_V1.3.0, STM32Cube_FW_WBA_V1.7.0, STM32Cube_FW_WB_V1.23.0, STM32Cube_FW_WL3_V1.2.0, STM32Cube_FW_WL_V1.3.1, X-CUBE-ALGOBUILD_V1.4.0, X-CUBE-ALS_V1.0.2, X-CUBE-AZRTOS-F4_V1.1.0, X-CUBE-AZRTOS-F7_V1.1.0, X-CUBE-AZRTOS-G0_V1.1.0, X-CUBE-AZRTOS-G4_V2.0.0, X-CUBE-AZRTOS-H7RS_V1.1.0, X-CUBE-AZRTOS-H7_V3.3.0, X-CUBE-AZRTOS-L4_V2.0.0, X-CUBE-AZRTOS-L5_V2.0.0, X-CUBE-AZRTOS-WB_V2.0.0, X-CUBE-AZRTOS-WL_V2.0.0, X-CUBE-BLE1_V7.1.0, X-CUBE-BLE2_V3.3.0, X-CUBE-BLEMGR_V4.0.0, X-CUBE-EEPRMA1_V5.1.0, X-CUBE-FREERTOS_V1.3.1, X-CUBE-GNSS1_V6.0.0, X-CUBE-MEMS1_V11.3.0, X-CUBE-NFC4_V3.0.0, X-CUBE-NFC7_V2.0.0, X-CUBE-SFXS2LP1_V4.0.0, X-CUBE-SUBG2_V5.0.0, X-CUBE-TOF1_V3.4.3]
2025-07-29 08:37:02,293 [INFO] ApiDb:240 - Found 880 in-development CPN: [B-G473E-ZEST1S, B-WB1M-WPAN1, B-WBA5M-WPAN, B-WL5M-SUBG1, NUCLEO-C031C6, NUCLEO-C051C8, NUCLEO-C071RB, NUCLEO-C092RC, NUCLEO-H503RB, NUCLEO-H533RE, NUCLEO-H563ZI, NUCLEO-H7S3L8, NUCLEO-N657X0-Q, NUCLEO-U031R8, NUCLEO-U083RC, NUCLEO-U385RG-Q, NUCLEO-U545RE-Q, NUCLEO-U5A5ZJ-Q, NUCLEO-WB05KZ, NUCLEO-WB07CC, NUCLEO-WB09KE, NUCLEO-WBA52CG, NUCLEO-WBA55CG, NUCLEO-WL33CC1, NUCLEO-WL33CC2, STEVAL-PROTEUS1, STEVAL-SMARTAG2, STEVAL-STWINBX1, STM320518-EVAL, STM32C0116-DK, STM32C011D6Y3TR, STM32C011D6Y6TR, STM32C011F4P3, STM32C011F4P6, STM32C011F4U3, STM32C011F4U6TR, STM32C011F6P3, STM32C011F6P6, STM32C011F6U3, STM32C011F6U6TR, STM32C011J4M3, STM32C011J4M6, STM32C011J6M3, STM32C011J6M6, STM32C0316-DK, STM32C031C4T3, STM32C031C4T6, STM32C031C4U3, STM32C031C4U6, STM32C031C6T3, STM32C031C6T6, STM32C031C6U3, STM32C031C6U6, STM32C031F4P3, STM32C031F4P6, STM32C031F6P3, STM32C031F6P6, STM32C031G4U3, STM32C031G4U6, STM32C031G6U3, STM32C031G6U6, STM32C031K4T3, STM32C031K4T6, STM32C031K4U3, STM32C031K4U6, STM32C031K6T3, STM32C031K6T6, STM32C031K6U3, STM32C031K6U6, STM32C051C6T6, STM32C051C6U6, STM32C051C8T6, STM32C051C8U6, STM32C051D8Y6TR, STM32C051F6P6, STM32C051F8P6, STM32C051G6U6, STM32C051G8U6, STM32C051K6T6, STM32C051K6U6, STM32C051K8T6, STM32C071C8T6, STM32C071C8T6N, STM32C071C8U6, STM32C071C8U6N, STM32C071CBT6, STM32C071CBT6N, STM32C071CBU6, STM32C071CBU6N, STM32C071F8P6, STM32C071F8P6N, STM32C071FBP6, STM32C071FBP6N, STM32C071FBY6TR, STM32C071G8U6, STM32C071G8U6N, STM32C071GBU6, STM32C071GBU6N, STM32C071K8T6, STM32C071K8T6N, STM32C071K8U6, STM32C071K8U6N, STM32C071KBT6, STM32C071KBT6N, STM32C071KBU6, STM32C071KBU6N, STM32C071R8T6, STM32C071R8T6N, STM32C071RBI6N, STM32C071RBT6, STM32C071RBT6N, STM32C091CBT6, STM32C091CBU6, STM32C091CCT6, STM32C091CCU6, STM32C091ECY6TR, STM32C091FBP6, STM32C091FCP6, STM32C091GBU6, STM32C091GCU6, STM32C091KBT6, STM32C091KBU6, STM32C091KCT6, STM32C091KCU6, STM32C091RBT6, STM32C091RCI6, STM32C091RCT6, STM32C092CBT6, STM32C092CBU6, STM32C092CCT6, STM32C092CCU6, STM32C092ECY6TR, STM32C092FBP6, STM32C092FCP6, STM32C092GBU6, STM32C092GCU6, STM32C092KBT6, STM32C092KBU6, STM32C092KCT6, STM32C092KCU6, STM32C092RBT6, STM32C092RCI6, STM32C092RCT6, STM32G071K8TXN, STM32G071K8UXN, STM32G081GBU6N, STM32G081KBT6N, STM32G081KBUXN, STM32G0B1CCT6N, STM32G0B1KCT6, STM32G0B1NEY6TR, STM32G0B1RCT6N, STM32G0C1CCT6, STM32G0C1CCT6N, STM32G0C1CCU6N, STM32G0C1CET6N, STM32G0C1CEU6N, STM32G0C1KCT6, STM32G0C1NEY6TR, STM32G0C1RCI6N, STM32G0C1RCT6N, STM32G0C1REI6N, STM32G0C1RET6N, STM32G0C1VCI6, STM32G0C1VEI6, STM32G411C6T3, STM32G411C6T6, STM32G411C6U3, STM32G411C6U6, STM32G411C8T3, STM32G411C8T6, STM32G411C8U3, STM32G411C8U6, STM32G411CBT3, STM32G411CBT6, STM32G411CBU3, STM32G411CBU6, STM32G411K6T3, STM32G411K6T6, STM32G411K6U3, STM32G411K6U6, STM32G411K8T3, STM32G411K8T6, STM32G411K8U3, STM32G411K8U6, STM32G411KBT3, STM32G411KBT6, STM32G411KBU3, STM32G411KBU6, STM32G411M6T3, STM32G411M6T6, STM32G411M8T3, STM32G411M8T6, STM32G411MBT3, STM32G411MBT6, STM32G411R6T3, STM32G411R6T6, STM32G411R8T3, STM32G411R8T6, STM32G411RBT3, STM32G411RBT6, STM32G414CBT3, STM32G414CBT6, STM32G414CBU3, STM32G414CBU6, STM32G414CCT3, STM32G414CCT6, STM32G414CCU3, STM32G414CCU6, STM32G414MBT3, STM32G414MBT6, STM32G414MCT3, STM32G414MCT6, STM32G414RBT3, STM32G414RBT6, STM32G414RCT3, STM32G414RCT6, STM32G414VBT3, STM32G414VBT6, STM32G414VCT3, STM32G414VCT6, STM32G431CBT3Z, STM32G431RBT3Z, STM32G471CCT6, STM32G471CCU6, STM32G471CET3, STM32G471CET6, STM32G471CEU3, STM32G471CEU6, STM32G471MCT6, STM32G471MET3, STM32G471MET6, STM32G471MEY6TR, STM32G471QCT6, STM32G471QET3, STM32G471RCT6, STM32G471RET3, STM32G471RET6, STM32G471VCH6, STM32G471VCI6, STM32G471VCT6, STM32G471VEH3, STM32G471VEH6, STM32G471VEI3, STM32G471VEI6, STM32G471VET3, STM32G471VET6, STM32G473QET3Z, STM32G473RET3Z, STM32G474CCT6, STM32G491RET3Z, STM32H503CBT6, STM32H503CBU6, STM32H503EBY6TR, STM32H503KBU6, STM32H503RBT6, STM32H523CCT6, STM32H523CCU6, STM32H523CET6, STM32H523CEU6, STM32H523HEY6TR, STM32H523RCT6, STM32H523RET6, STM32H523VCI6, STM32H523VCT6, STM32H523VEI6, STM32H523VET6, STM32H523ZCJ6, STM32H523ZCT6, STM32H523ZEJ6, STM32H523ZET6, STM32H533CET6, STM32H533CEU6, STM32H533HEY6TR, STM32H533RET6, STM32H533VEI6, STM32H533VET6, STM32H533ZEJ6, STM32H533ZET6, STM32H562AGI6, STM32H562AII6, STM32H562IGK6, STM32H562IGT6, STM32H562IIK6, STM32H562IIT6, STM32H562RGT6, STM32H562RGV6, STM32H562RIT6, STM32H562RIV6, STM32H562VGT6, STM32H562VIT6, STM32H562ZGT6, STM32H562ZIT6, STM32H563AGI6, STM32H563AII3Q, STM32H563AII6, STM32H563IGK6, STM32H563IGT6, STM32H563IIK3Q, STM32H563IIK6, STM32H563IIT3Q, STM32H563IIT6, STM32H563MIY3QTR, STM32H563RGT6, STM32H563RGV6, STM32H563RIT6, STM32H563RIV6, STM32H563VGT6, STM32H563VIT3Q, STM32H563VIT6, STM32H563ZGT6, STM32H563ZIT3Q, STM32H563ZIT6, STM32H573AII3Q, STM32H573AII6, STM32H573I-DK, STM32H573IIK3Q, STM32H573IIK6, STM32H573IIT3Q, STM32H573IIT6, STM32H573MIY3QTR, STM32H573RIT6, STM32H573RIV6, STM32H573VIT3Q, STM32H573VIT6, STM32H573ZIT3Q, STM32H573ZIT6, STM32H7R3A8I6, STM32H7R3I8K6, STM32H7R3I8T6, STM32H7R3L8H6, STM32H7R3L8H6H, STM32H7R3R8V6, STM32H7R3V8H6, STM32H7R3V8T6, STM32H7R3V8Y6TR, STM32H7R3Z8J6, STM32H7R3Z8T6, STM32H7R7A8I6, STM32H7R7I8K6, STM32H7R7I8T6, STM32H7R7L8H6, STM32H7R7L8H6H, STM32H7R7Z8J6, STM32H7S3A8I6, STM32H7S3I8K6, STM32H7S3I8T6, STM32H7S3L8H6, STM32H7S3L8H6H, STM32H7S3R8V6, STM32H7S3V8H6, STM32H7S3V8T6, STM32H7S3V8Y6TR, STM32H7S3Z8J6, STM32H7S3Z8T6, STM32H7S78-DK, STM32H7S7A8I6, STM32H7S7I8K6, STM32H7S7I8T6, STM32H7S7L8H6, STM32H7S7L8H6H, STM32H7S7Z8J6, STM32L4R5QGI6STR, STM32MP131AAE3, STM32MP131AAF3, STM32MP131AAG3, STM32MP131CAE3, STM32MP131CAF3, STM32MP131CAG3, STM32MP131DAE7, STM32MP131DAF7, STM32MP131DAG7, STM32MP131FAE7, STM32MP131FAF7, STM32MP131FAG7, STM32MP133AAE3, STM32MP133AAF3, STM32MP133AAG3, STM32MP133CAE3, STM32MP133CAF3, STM32MP133CAG3, STM32MP133DAE7, STM32MP133DAF7, STM32MP133DAG7, STM32MP133FAE7, STM32MP133FAF7, STM32MP133FAG7, STM32MP135AAE3, STM32MP135AAF3, STM32MP135AAG3, STM32MP135CAE3, STM32MP135CAF3, STM32MP135CAG3, STM32MP135DAE7, STM32MP135DAF7, STM32MP135DAG7, STM32MP135F-DK, STM32MP135FAE7, STM32MP135FAF7, STM32MP135FAF7T, STM32MP135FAF7U, STM32MP135FAG7, STM32MP211AAL3, STM32MP211AAM3, STM32MP211AAN3, STM32MP211AAO3, STM32MP211CAL3, STM32MP211CAM3, STM32MP211CAN3, STM32MP211CAO3, STM32MP211DAL3, STM32MP211DAM3, STM32MP211DAN3, STM32MP211DAO3, STM32MP211FAL3, STM32MP211FAM3, STM32MP211FAN3, STM32MP211FAO3, STM32MP213AAL3, STM32MP213AAM3, STM32MP213AAN3, STM32MP213AAO3, STM32MP213CAL3, STM32MP213CAM3, STM32MP213CAN3, STM32MP213CAO3, STM32MP213DAL3, STM32MP213DAM3, STM32MP213DAN3, STM32MP213DAO3, STM32MP213FAL3, STM32MP213FAM3, STM32MP213FAN3, STM32MP213FAO3, STM32MP215AAL3, STM32MP215AAM3, STM32MP215AAN3, STM32MP215AAO3, STM32MP215CAL3, STM32MP215CAM3, STM32MP215CAN3, STM32MP215CAO3, STM32MP215DAL3, STM32MP215DAM3, STM32MP215DAN3, STM32MP215DAO3, STM32MP215F-DK, STM32MP215FAL3, STM32MP215FAM3, STM32MP215FAN3, STM32MP215FAO3, STM32MP231AAJ3, STM32MP231AAK3, STM32MP231AAL3, STM32MP231CAJ3, STM32MP231CAK3, STM32MP231CAL3, STM32MP231DAJ3, STM32MP231DAK3, STM32MP231DAL3, STM32MP231FAJ3, STM32MP231FAK3, STM32MP231FAL3, STM32MP233AAJ3, STM32MP233AAK3, STM32MP233AAL3, STM32MP233CAJ3, STM32MP233CAK3, STM32MP233CAL3, STM32MP233DAJ3, STM32MP233DAK3, STM32MP233DAL3, STM32MP233FAJ3, STM32MP233FAK3, STM32MP233FAL3, STM32MP235AAJ3, STM32MP235AAK3, STM32MP235AAL3, STM32MP235CAJ3, STM32MP235CAK3, STM32MP235CAL3, STM32MP235DAJ3, STM32MP235DAK3, STM32MP235DAL3, STM32MP235FAJ3, STM32MP235FAK3, STM32MP235FAL3, STM32MP251AAI3, STM32MP251AAK3, STM32MP251AAL3, STM32MP251CAI3, STM32MP251CAK3, STM32MP251CAL3, STM32MP251DAI3, STM32MP251DAK3, STM32MP251DAL3, STM32MP251FAI3, STM32MP251FAK3, STM32MP251FAL3, STM32MP253AAI3, STM32MP253AAK3, STM32MP253AAL3, STM32MP253CAI3, STM32MP253CAK3, STM32MP253CAL3, STM32MP253DAI3, STM32MP253DAK3, STM32MP253DAL3, STM32MP253FAI3, STM32MP253FAK3, STM32MP253FAL3, STM32MP255AAI3, STM32MP255AAK3, STM32MP255AAL3, STM32MP255CAI3, STM32MP255CAK3, STM32MP255CAL3, STM32MP255DAI3, STM32MP255DAK3, STM32MP255DAL3, STM32MP255FAI3, STM32MP255FAK3, STM32MP255FAL3, STM32MP257AAI3, STM32MP257AAK3, STM32MP257AAL3, STM32MP257CAI3, STM32MP257CAK3, STM32MP257CAL3, STM32MP257DAI3, STM32MP257DAK3, STM32MP257DAL3, STM32MP257F-DK, STM32MP257F-EV1, STM32MP257FAI3, STM32MP257FAK3, STM32MP257FAL3, STM32N645A0H3Q, STM32N645B0H3Q, STM32N645I0H3Q, STM32N645L0H3Q, STM32N645X0H3Q, STM32N645Z0H3Q, STM32N647A0H3Q, STM32N647B0H3Q, STM32N647I0H3Q, STM32N647L0H3Q, STM32N647X0H3Q, STM32N647Z0H3Q, STM32N655A0H3Q, STM32N655B0H3Q, STM32N655I0H3Q, STM32N655L0H3Q, STM32N655X0H3Q, STM32N655Z0H3Q, STM32N6570-DK, STM32N657A0H3Q, STM32N657B0H3Q, STM32N657I0H3Q, STM32N657L0H3Q, STM32N657X0H3Q, STM32N657Z0H3Q, STM32U031C6T6, STM32U031C6U6, STM32U031C8T6, STM32U031C8U6, STM32U031F4P6, STM32U031F6P6, STM32U031F8P6, STM32U031G6Y6TR, STM32U031G8Y6TR, STM32U031K4U6, STM32U031K6U6, STM32U031K8U6, STM32U031R6I6, STM32U031R6T6, STM32U031R8I6, STM32U031R8T6, STM32U073C8T6, STM32U073C8U6, STM32U073CBT6, STM32U073CBU6, STM32U073CCT6, STM32U073CCU6, STM32U073H8Y6TR, STM32U073HBY6TR, STM32U073HCY6TR, STM32U073K8U6, STM32U073KBU6, STM32U073KCU6, STM32U073M8I6, STM32U073M8T6, STM32U073MBI6, STM32U073MBT6, STM32U073MCI6, STM32U073MCT6, STM32U073R8I6, STM32U073R8T6, STM32U073RBI6, STM32U073RBT6, STM32U073RCI6, STM32U073RCT6, STM32U083C-DK, STM32U083CCT6, STM32U083CCU6, STM32U083HCY6TR, STM32U083KCU6, STM32U083MCI6, STM32U083MCT6, STM32U083RCI6, STM32U083RCT6, STM32U375CET6, STM32U375CET6Q, STM32U375CEU6, STM32U375CEU6Q, STM32U375CEY6QTR, STM32U375CGT6, STM32U375CGT6Q, STM32U375CGU6, STM32U375CGU6Q, STM32U375CGY6QTR, STM32U375KEU6, STM32U375KGU6, STM32U375REI6, STM32U375REI6Q, STM32U375RET6, STM32U375RET6Q, STM32U375REY6GTR, STM32U375REY6QTR, STM32U375RGI6, STM32U375RGI6Q, STM32U375RGT6, STM32U375RGT6Q, STM32U375RGY6GTR, STM32U375RGY6QTR, STM32U375VEI6, STM32U375VEI6Q, STM32U375VET6, STM32U375VET6Q, STM32U375VGI6, STM32U375VGI6Q, STM32U375VGT6, STM32U375VGT6Q, STM32U385CGT6, STM32U385CGT6Q, STM32U385CGU6, STM32U385CGU6Q, STM32U385CGY6QTR, STM32U385KGU6, STM32U385RGI6, STM32U385RGI6Q, STM32U385RGT6, STM32U385RGT6Q, STM32U385RGY6GTR, STM32U385RGY6QTR, STM32U385VGI6, STM32U385VGI6Q, STM32U385VGT6, STM32U385VGT6Q, STM32U535CBT6, STM32U535CBT6Q, STM32U535CBU6, STM32U535CBU6Q, STM32U535CCT6, STM32U535CCT6Q, STM32U535CCU6, STM32U535CCU6Q, STM32U535CET6, STM32U535CET6Q, STM32U535CEU6, STM32U535CEU6Q, STM32U535JEY6QTR, STM32U535NCY6QTR, STM32U535NEY6QTR, STM32U535RBI6, STM32U535RBI6Q, STM32U535RBT6, STM32U535RBT6Q, STM32U535RCI6, STM32U535RCI6Q, STM32U535RCT6, STM32U535RCT6Q, STM32U535REI6, STM32U535REI6Q, STM32U535RET6, STM32U535RET6Q, STM32U535VCI6, STM32U535VCI6Q, STM32U535VCT6, STM32U535VCT6Q, STM32U535VEI6, STM32U535VEI6Q, STM32U535VET6, STM32U535VET6Q, STM32U545CET6, STM32U545CET6Q, STM32U545CEU6, STM32U545CEU6Q, STM32U545JEY6QTR, STM32U545NEY6QTR, STM32U545REI6, STM32U545REI6Q, STM32U545RET6, STM32U545RET6Q, STM32U545VEI6, STM32U545VEI6Q, STM32U545VET6, STM32U545VET6Q, STM32U595AIH6, STM32U595AIH6Q, STM32U595AJH6, STM32U595AJH6Q, STM32U595QII6, STM32U595QII6Q, STM32U595QJI6, STM32U595QJI6Q, STM32U595RIT6, STM32U595RIT6Q, STM32U595RJT6, STM32U595RJT6Q, STM32U595VIT6, STM32U595VIT6Q, STM32U595VJT6, STM32U595VJT6Q, STM32U595ZIT6, STM32U595ZIT6Q, STM32U595ZIY6QTR, STM32U595ZJT6, STM32U595ZJT6Q, STM32U595ZJY6QTR, STM32U599BJY6QTR, STM32U599NIH6Q, STM32U599NJH6Q, STM32U599VIT6Q, STM32U599VJT6, STM32U599VJT6Q, STM32U599ZIT6Q, STM32U599ZIY6QTR, STM32U599ZJT6Q, STM32U599ZJY6QTR, STM32U5A5AJH6, STM32U5A5AJH6Q, STM32U5A5QII3Q , STM32U5A5QJI6, STM32U5A5QJI6Q, STM32U5A5RJT6, STM32U5A5RJT6Q, STM32U5A5VJT6, STM32U5A5VJT6Q, STM32U5A5ZJT6, STM32U5A5ZJT6Q, STM32U5A5ZJY6QTR, STM32U5A9BJY6QTR, STM32U5A9J-DK, STM32U5A9NJH6Q, STM32U5A9VJT6Q, STM32U5A9ZJT6Q, STM32U5A9ZJY6QTR, STM32U5F7VIT6, STM32U5F7VIT6Q, STM32U5F7VJT6, STM32U5F7VJT6Q, STM32U5F9BJY6QTR, STM32U5F9NJH6Q, STM32U5F9VIT6Q, STM32U5F9VJT6Q, STM32U5F9ZIJ6QTR, STM32U5F9ZIT6Q, STM32U5F9ZJJ6QTR, STM32U5F9ZJT6Q, STM32U5G7VJT6, STM32U5G7VJT6Q, STM32U5G9BJY6QTR, STM32U5G9J-DK1, STM32U5G9J-DK2, STM32U5G9NJH6Q, STM32U5G9VJT6Q, STM32U5G9ZJJ6QTR, STM32U5G9ZJT6Q, STM32WB05KZV6TR, STM32WB05KZV7TR, STM32WB05TZF6TR, STM32WB05TZF7TR, STM32WB06CCF6TR, STM32WB06CCF7TR, STM32WB06CCV6TR, STM32WB06CCV7TR, STM32WB06KCV6TR, STM32WB06KCV7TR, STM32WB07CCF6TR, STM32WB07CCF7TR, STM32WB07CCV6TR, STM32WB07CCV7TR, STM32WB07KCV6TR, STM32WB07KCV7TR, STM32WB09KEV6TR, STM32WB09KEV7TR, STM32WB09TEF6TR, STM32WB09TEF7TR, STM32WB1MMCH6, STM32WBA50KGU6, STM32WBA50KGU6TR, STM32WBA52CEU6, STM32WBA52CEU6TR, STM32WBA52CEU7, STM32WBA52CEU7TR, STM32WBA52CGU6, STM32WBA52CGU6TR, STM32WBA52CGU6U, STM32WBA52CGU7, STM32WBA52CGU7TR, STM32WBA52KEU6, STM32WBA52KEU6TR, STM32WBA52KGU6, STM32WBA52KGU6TR, STM32WBA54CEU6, STM32WBA54CEU6TR, STM32WBA54CEU7, STM32WBA54CEU7TR, STM32WBA54CGU6, STM32WBA54CGU6TR, STM32WBA54CGU7, STM32WBA54CGU7TR, STM32WBA54KEU6, STM32WBA54KEU6TR, STM32WBA54KEU7, STM32WBA54KEU7TR, STM32WBA54KGU6, STM32WBA54KGU6TR, STM32WBA54KGU7, STM32WBA54KGU7TR, STM32WBA55CEU6, STM32WBA55CEU6TR, STM32WBA55CEU7, STM32WBA55CEU7TR, STM32WBA55CGU6, STM32WBA55CGU6TR, STM32WBA55CGU6U, STM32WBA55CGU7, STM32WBA55CGU7TR, STM32WBA55G-DK1, STM32WBA55HEF6, STM32WBA55HEF7, STM32WBA55HGF6, STM32WBA55HGF7, STM32WBA55UEI6, STM32WBA55UEI6TR, STM32WBA55UEI7, STM32WBA55UEI7TR, STM32WBA55UGI6, STM32WBA55UGI6TR, STM32WBA55UGI7, STM32WBA55UGI7TR, STM32WBA5MMGH6TR, STM32WBA62MGF6, STM32WBA62MIF6, STM32WBA65MGF7, STM32WBA65MIF6, STM32WBA65MIF7, STM32WL30K8V6, STM32WL30KBV6, STM32WL31C8V6, STM32WL31CBV6, STM32WL31K8V6, STM32WL31KBV6, STM32WL33C8V6, STM32WL33C8V6X, STM32WL33CBV6, STM32WL33CBV6X, STM32WL33CCV6, STM32WL33CCV6A, STM32WL33CCV6X, STM32WL33K8V7, STM32WL33K8V7X, STM32WL33KBV7 , STM32WL33KBV7X, STM32WL33KCV7, STM32WL33KCV7X, STM32WL5MOCH6, STM32WL5MOCH6TR]
2025-07-29 08:37:02,298 [INFO] DbMcus:218 - Found 4801 MCUs, 4801 are supported
2025-07-29 08:37:02,299 [INFO] ApiDb:423 - Load user favorites file C:\Users\Chinnapop/.stm32cubeide/favorites.mcus.txt: 0 item(s)
2025-07-29 08:37:02,299 [INFO] ApiDb:427 - User favorites MCUs=[]
2025-07-29 08:37:02,299 [INFO] DbMcus:224 - Set 0 / 0 favorites MCUs
2025-07-29 08:37:02,712 [INFO] ApiDb:423 - Load user favorites file C:\Users\Chinnapop/.stm32cubeide/favorites.boards.txt: 0 item(s)
2025-07-29 08:37:02,712 [INFO] ApiDb:427 - User favorites Boards=[]
2025-07-29 08:37:02,712 [INFO] DbBoards:198 - Set 0 / 0 favorites Boards
2025-07-29 08:37:02,776 [INFO] UtilMem:75 - End LoadConfig() Used Memory: 717417536 Bytes (1073741824)
2025-07-29 08:37:02,918 [WARN] ThirdParty:833 - waiting for thirdparty lock release [change project]
2025-07-29 08:37:02,918 [INFO] ThirdParty:835 - entering critical section [change project]
2025-07-29 08:37:02,919 [INFO] ThirdParty:1030 - CMSIS Pack Vendor :STMicroelectronics X-CUBE-PM33A1 1.0.0
2025-07-29 08:37:02,919 [INFO] ThirdParty:1030 - CMSIS Pack Vendor :STMicroelectronics USBPD 4.1
2025-07-29 08:37:02,919 [INFO] ThirdParty:1030 - CMSIS Pack Vendor :STMicroelectronics USB_HOST 2.0.0
2025-07-29 08:37:02,919 [INFO] ThirdParty:1030 - CMSIS Pack Vendor :STMicroelectronics FP-SNS-MOTENVWB1 1.4.0
2025-07-29 08:37:02,919 [INFO] ThirdParty:1030 - CMSIS Pack Vendor :STMicroelectronics X-CUBE-AZRTOS-F4 1.1.0
2025-07-29 08:37:02,919 [INFO] ThirdParty:1030 - CMSIS Pack Vendor :STMicroelectronics LIBJPEG 8.0.0
2025-07-29 08:37:02,919 [INFO] ThirdParty:1030 - CMSIS Pack Vendor :STMicroelectronics FP-ATR-ASTRA1 2.0.2
2025-07-29 08:37:02,919 [INFO] ThirdParty:1030 - CMSIS Pack Vendor :STMicroelectronics FP-ATR-ASTRA1 2.0.1
2025-07-29 08:37:02,919 [INFO] ThirdParty:1030 - CMSIS Pack Vendor :Avnet-IotConnect X-CUBE-IoTC-DA16k-PMOD 1.0.0
2025-07-29 08:37:02,919 [INFO] ThirdParty:1030 - CMSIS Pack Vendor :STMicroelectronics X-CUBE-SMBUS 2.1.0
2025-07-29 08:37:02,919 [INFO] ThirdParty:1030 - CMSIS Pack Vendor :STMicroelectronics X-CUBE-WB05N 1.1.0
2025-07-29 08:37:02,919 [INFO] ThirdParty:1030 - CMSIS Pack Vendor :STMicroelectronics X-CUBE-ISPU 2.1.0
2025-07-29 08:37:02,919 [INFO] ThirdParty:1030 - CMSIS Pack Vendor :STMicroelectronics X-CUBE-FREERTOS 1.2.0
2025-07-29 08:37:02,919 [INFO] ThirdParty:1030 - CMSIS Pack Vendor :STMicroelectronics X-CUBE-ST60 1.0.0
2025-07-29 08:37:02,919 [INFO] ThirdParty:1030 - CMSIS Pack Vendor :STMicroelectronics X-CUBE-NFC12 1.0.0
2025-07-29 08:37:02,919 [INFO] ThirdParty:1030 - CMSIS Pack Vendor :STMicroelectronics X-CUBE-AZRTOS-F7 1.1.0
2025-07-29 08:37:02,919 [INFO] ThirdParty:1030 - CMSIS Pack Vendor :STMicroelectronics X-CUBE-AZRTOS-L5 2.0.0
2025-07-29 08:37:02,919 [INFO] ThirdParty:1030 - CMSIS Pack Vendor :STMicroelectronics USB_DEVICE 2.0.0
2025-07-29 08:37:02,919 [INFO] ThirdParty:1030 - CMSIS Pack Vendor :STMicroelectronics X-CUBE-NFC6 3.1.0
2025-07-29 08:37:02,919 [INFO] ThirdParty:1030 - CMSIS Pack Vendor :STMicroelectronics X-CUBE-MEMS1 11.0.0
2025-07-29 08:37:02,919 [INFO] ThirdParty:1030 - CMSIS Pack Vendor :STMicroelectronics FreeRTOS 0.0.1
2025-07-29 08:37:02,919 [INFO] ThirdParty:1030 - CMSIS Pack Vendor :STMicroelectronics X-CUBE-DPower 1.2.0
2025-07-29 08:37:02,919 [INFO] ThirdParty:1030 - CMSIS Pack Vendor :STMicroelectronics FP-SNS-FLIGHT1 5.0.2
2025-07-29 08:37:02,919 [INFO] ThirdParty:1030 - CMSIS Pack Vendor :STMicroelectronics PDM2PCM 3.3.0
2025-07-29 08:37:02,919 [INFO] ThirdParty:1030 - CMSIS Pack Vendor :STMicroelectronics X-CUBE-AZRTOS-H7 3.4.0
2025-07-29 08:37:02,919 [INFO] ThirdParty:1030 - CMSIS Pack Vendor :STMicroelectronics X-CUBE-DISPLAY 3.0.0
2025-07-29 08:37:02,919 [INFO] ThirdParty:1030 - CMSIS Pack Vendor :STMicroelectronics X-CUBE-BLE1 7.0.0
2025-07-29 08:37:02,919 [INFO] ThirdParty:1030 - CMSIS Pack Vendor :STMicroelectronics X-CUBE-NFC10 1.0.0
2025-07-29 08:37:02,919 [INFO] ThirdParty:1030 - CMSIS Pack Vendor :STMicroelectronics X-CUBE-BLEMGR 4.0.0
2025-07-29 08:37:02,919 [INFO] ThirdParty:1030 - CMSIS Pack Vendor :STMicroelectronics X-CUBE-FREERTOS 1.3.1
2025-07-29 08:37:02,919 [INFO] ThirdParty:1030 - CMSIS Pack Vendor :STMicroelectronics HAL Drivers 0.0.0
2025-07-29 08:37:02,919 [INFO] ThirdParty:1030 - CMSIS Pack Vendor :emotas I-CUBE-CANOPEN 1.3.0
2025-07-29 08:37:02,919 [INFO] ThirdParty:1030 - CMSIS Pack Vendor :STMicroelectronics X-CUBE-FREERTOS 1.3.0
2025-07-29 08:37:02,919 [INFO] ThirdParty:1030 - CMSIS Pack Vendor :STMicroelectronics X-CUBE-NFC7 1.0.1
2025-07-29 08:37:02,919 [INFO] ThirdParty:1030 - CMSIS Pack Vendor :STMicroelectronics MBEDTLS 2.14.1
2025-07-29 08:37:02,919 [INFO] ThirdParty:1030 - CMSIS Pack Vendor :STMicroelectronics X-CUBE-BLEMGR 3.1.0
2025-07-29 08:37:02,919 [INFO] ThirdParty:1030 - CMSIS Pack Vendor :STMicroelectronics X-CUBE-AI 10.0.0
2025-07-29 08:37:02,919 [INFO] ThirdParty:1030 - CMSIS Pack Vendor :STMicroelectronics FP-SNS-STAIOTCFT 1.0.0
2025-07-29 08:37:02,919 [INFO] ThirdParty:1030 - CMSIS Pack Vendor :STMicroelectronics FP-SNS-SMARTAG2 1.2.0
2025-07-29 08:37:02,919 [INFO] ThirdParty:1030 - CMSIS Pack Vendor :STMicroelectronics FP-SNS-FLIGHT1 5.1.0
2025-07-29 08:37:02,919 [INFO] ThirdParty:1030 - CMSIS Pack Vendor :STMicroelectronics X-CUBE-MEMS1 11.1.0
2025-07-29 08:37:02,919 [INFO] ThirdParty:1030 - CMSIS Pack Vendor :STMicroelectronics X-CUBE-AZRTOS-WL 2.0.0
2025-07-29 08:37:02,919 [INFO] ThirdParty:1030 - CMSIS Pack Vendor :STMicroelectronics X-CUBE-DPower 1.3.0
2025-07-29 08:37:02,920 [INFO] ThirdParty:1030 - CMSIS Pack Vendor :STMicroelectronics FP-SNS-MOTENV1 5.0.0
2025-07-29 08:37:02,920 [INFO] ThirdParty:1030 - CMSIS Pack Vendor :STMicroelectronics USB_DEVICE 1.0.0
2025-07-29 08:37:02,920 [INFO] ThirdParty:1030 - CMSIS Pack Vendor :wolfSSL I-CUBE-wolfMQTT 1.19.0
2025-07-29 08:37:02,920 [INFO] ThirdParty:1030 - CMSIS Pack Vendor :STMicroelectronics X-CUBE-AZRTOS-L4 2.0.0
2025-07-29 08:37:02,920 [INFO] ThirdParty:1030 - CMSIS Pack Vendor :STMicroelectronics ThreadX 0.0.2
2025-07-29 08:37:02,920 [INFO] ThirdParty:1030 - CMSIS Pack Vendor :WES I-CUBE-Cesium 1.3.0
2025-07-29 08:37:02,920 [INFO] ThirdParty:1030 - CMSIS Pack Vendor :STMicroelectronics lwIP 2.1.2
2025-07-29 08:37:02,920 [INFO] ThirdParty:1030 - CMSIS Pack Vendor :STMicroelectronics X-CUBE-SFXS2LP1 4.0.0
2025-07-29 08:37:02,920 [INFO] ThirdParty:1030 - CMSIS Pack Vendor :STMicroelectronics X-CUBE-BLE2 3.3.0
2025-07-29 08:37:02,920 [INFO] ThirdParty:1030 - CMSIS Pack Vendor :STMicroelectronics PDM2PCM 3.2.0
2025-07-29 08:37:02,920 [INFO] ThirdParty:1030 - CMSIS Pack Vendor :STMicroelectronics X-CUBE-AZRTOS-H7 3.3.0
2025-07-29 08:37:02,920 [INFO] ThirdParty:1030 - CMSIS Pack Vendor :STMicroelectronics X-CUBE-NFC9 1.0.0
2025-07-29 08:37:02,920 [INFO] ThirdParty:1030 - CMSIS Pack Vendor :STMicroelectronics X-CUBE-BLE1 7.1.0
2025-07-29 08:37:02,920 [INFO] ThirdParty:1030 - CMSIS Pack Vendor :STMicroelectronics USB_DEVICE 3.0.0
2025-07-29 08:37:02,920 [INFO] ThirdParty:1030 - CMSIS Pack Vendor :STMicroelectronics X-CUBE-TCPP 4.1.0
2025-07-29 08:37:02,920 [INFO] ThirdParty:1030 - CMSIS Pack Vendor :STMicroelectronics X-CUBE-EEPRMA1 5.2.0
2025-07-29 08:37:02,920 [INFO] ThirdParty:1030 - CMSIS Pack Vendor :STMicroelectronics X-CUBE-BLEMGR 4.1.0
2025-07-29 08:37:02,920 [INFO] ThirdParty:1030 - CMSIS Pack Vendor :STMicroelectronics X-CUBE-IPS 3.0.0
2025-07-29 08:37:02,920 [INFO] ThirdParty:1030 - CMSIS Pack Vendor :STMicroelectronics X-CUBE-AZRTOS-WB 2.0.0
2025-07-29 08:37:02,920 [INFO] ThirdParty:1030 - CMSIS Pack Vendor :STMicroelectronics X-CUBE-GNSS1 7.0.0
2025-07-29 08:37:02,920 [INFO] ThirdParty:1030 - CMSIS Pack Vendor :STMicroelectronics X-CUBE-GNSS1 7.0.1
2025-07-29 08:37:02,920 [INFO] ThirdParty:1030 - CMSIS Pack Vendor :STMicroelectronics X-CUBE-TOUCHGFX 4.25.0
2025-07-29 08:37:02,920 [INFO] ThirdParty:1030 - CMSIS Pack Vendor :STMicroelectronics X-CUBE-AI 10.1.0
2025-07-29 08:37:02,920 [INFO] ThirdParty:1030 - CMSIS Pack Vendor :STMicroelectronics FP-SNS-STBOX1 2.0.0
2025-07-29 08:37:02,920 [INFO] ThirdParty:1030 - CMSIS Pack Vendor :STMicroelectronics X-CUBE-MEMS1 11.2.0
2025-07-29 08:37:02,920 [INFO] ThirdParty:1030 - CMSIS Pack Vendor :STMicroelectronics X-CUBE-AZRTOS-G0 1.1.0
2025-07-29 08:37:02,920 [INFO] ThirdParty:1030 - CMSIS Pack Vendor :STMicroelectronics X-CUBE-SAFEA1 1.2.2
2025-07-29 08:37:02,920 [INFO] ThirdParty:1030 - CMSIS Pack Vendor :STMicroelectronics X-CUBE-NFC4 3.0.0
2025-07-29 08:37:02,920 [INFO] ThirdParty:1030 - CMSIS Pack Vendor :STMicroelectronics X-CUBE-SUBG2 5.0.0
2025-07-29 08:37:02,920 [INFO] ThirdParty:1030 - CMSIS Pack Vendor :STMicroelectronics X-CUBE-AZRTOS-H7RS 1.1.0
2025-07-29 08:37:02,920 [INFO] ThirdParty:1030 - CMSIS Pack Vendor :STMicroelectronics STM32_WPAN 1.0.0
2025-07-29 08:37:02,920 [INFO] ThirdParty:1030 - CMSIS Pack Vendor :EmbeddedOffice I-CUBE-FS-RTOS 1.0.1
2025-07-29 08:37:02,921 [INFO] ThirdParty:1030 - CMSIS Pack Vendor :STMicroelectronics lwIP 2.0.3
2025-07-29 08:37:02,921 [INFO] ThirdParty:1030 - CMSIS Pack Vendor :Cesanta I-CUBE-Mongoose 7.13.0
2025-07-29 08:37:02,921 [INFO] ThirdParty:1030 - CMSIS Pack Vendor :STMicroelectronics USB_HOST 1.0.0
2025-07-29 08:37:02,921 [INFO] ThirdParty:1030 - CMSIS Pack Vendor :STMicroelectronics X-CUBE-AZRTOS-G4 2.0.0
2025-07-29 08:37:02,921 [INFO] ThirdParty:1030 - CMSIS Pack Vendor :STMicroelectronics X-CUBE-WB05N 2.0.0
2025-07-29 08:37:02,921 [INFO] ThirdParty:1030 - CMSIS Pack Vendor :STMicroelectronics PDM2PCM 3.1.0
2025-07-29 08:37:02,921 [INFO] ThirdParty:1030 - CMSIS Pack Vendor :STMicroelectronics X-CUBE-NFC7 2.0.0
2025-07-29 08:37:02,921 [INFO] ThirdParty:1030 - CMSIS Pack Vendor :STMicroelectronics X-CUBE-TCPP 4.2.0
2025-07-29 08:37:02,921 [INFO] ThirdParty:1030 - CMSIS Pack Vendor :RealThread X-CUBE-RT-Thread_Nano 4.1.1
2025-07-29 08:37:02,921 [INFO] ThirdParty:1030 - CMSIS Pack Vendor :STMicroelectronics FP-ATR-SIGFOX1 3.2.0
2025-07-29 08:37:02,921 [INFO] ThirdParty:1030 - CMSIS Pack Vendor :quantropi X-CUBE-qispace-sdk-base 1.9.3
2025-07-29 08:37:02,921 [INFO] ThirdParty:1030 - CMSIS Pack Vendor :STMicroelectronics X-CUBE-EEPRMA1 5.1.0
2025-07-29 08:37:02,921 [INFO] ThirdParty:1030 - CMSIS Pack Vendor :STMicroelectronics MBEDTLS 2.16.2
2025-07-29 08:37:02,921 [INFO] ThirdParty:1030 - CMSIS Pack Vendor :STMicroelectronics X-CUBE-IPS 3.1.0
2025-07-29 08:37:02,921 [INFO] ThirdParty:1030 - CMSIS Pack Vendor :STMicroelectronics X-CUBE-ALS 1.0.2
2025-07-29 08:37:02,921 [INFO] ThirdParty:1030 - CMSIS Pack Vendor :wolfSSL I-CUBE-wolfSSL 5.7.4
2025-07-29 08:37:02,921 [INFO] ThirdParty:1030 - CMSIS Pack Vendor :ITTIA_DB I-CUBE-ITTIADB 8.9.0
2025-07-29 08:37:02,921 [INFO] ThirdParty:1030 - CMSIS Pack Vendor :STMicroelectronics X-CUBE-TOUCHGFX 4.24.2
2025-07-29 08:37:02,921 [INFO] ThirdParty:1030 - CMSIS Pack Vendor :STMicroelectronics X-CUBE-TOUCHGFX 4.24.1
2025-07-29 08:37:02,921 [INFO] ThirdParty:1030 - CMSIS Pack Vendor :wolfSSL I-CUBE-wolfTPM 3.4.0
2025-07-29 08:37:02,921 [INFO] ThirdParty:1030 - CMSIS Pack Vendor :portGmbH I-Cube-SoM-uGOAL 1.1.0
2025-07-29 08:37:02,921 [INFO] ThirdParty:1030 - CMSIS Pack Vendor :STMicroelectronics X-CUBE-ST67W61 1.0.0
2025-07-29 08:37:02,921 [INFO] ThirdParty:1030 - CMSIS Pack Vendor :STMicroelectronics ThreadX 1.0.0
2025-07-29 08:37:02,921 [INFO] ThirdParty:1030 - CMSIS Pack Vendor :SEGGER I-CUBE-embOS 1.3.1
2025-07-29 08:37:02,921 [INFO] ThirdParty:1030 - CMSIS Pack Vendor :STMicroelectronics X-CUBE-ALGOBUILD 1.4.0
2025-07-29 08:37:02,922 [INFO] ThirdParty:1030 - CMSIS Pack Vendor :STMicroelectronics X-CUBE-MEMS1 11.3.0
2025-07-29 08:37:02,922 [INFO] ThirdParty:1030 - CMSIS Pack Vendor :STMicroelectronics X-CUBE-AZRTOS-H7RS 1.0.0
2025-07-29 08:37:02,922 [INFO] ThirdParty:1030 - CMSIS Pack Vendor :STMicroelectronics FP-ATR-ASTRA1 2.0.0
2025-07-29 08:37:02,922 [INFO] ThirdParty:1030 - CMSIS Pack Vendor :STMicroelectronics X-CUBE-TOF1 3.4.2
2025-07-29 08:37:02,922 [INFO] ThirdParty:1030 - CMSIS Pack Vendor :STMicroelectronics X-CUBE-TOF1 3.4.3
2025-07-29 08:37:02,922 [INFO] ThirdParty:1030 - CMSIS Pack Vendor :STMicroelectronics X-CUBE-AI 9.1.0
2025-07-29 08:37:02,922 [INFO] ThirdParty:1030 - CMSIS Pack Vendor :Infineon AIROC-Wi-Fi-Bluetooth-STM32 1.6.1
2025-07-29 08:37:02,922 [INFO] ThirdParty:1030 - CMSIS Pack Vendor :wolfSSL I-CUBE-wolfSSH 1.4.17
2025-07-29 08:37:02,922 [INFO] ThirdParty:841 - exiting critical section [change project]
2025-07-29 08:37:03,544 [INFO] PinOutPanel:1589 - setPackage(No Configuration,No Configuration)
2025-07-29 08:37:03,546 [INFO] PinOutPanel:1589 - setPackage(STM32F722ZETx,LQFP144)
2025-07-29 08:37:04,422 [INFO] UtilMem:75 - Before build in PCC Used Memory: 695732224 Bytes (1073741824)
2025-07-29 08:37:05,652 [INFO] UtilMem:75 - After build in PCC Used Memory: 758646784 Bytes (1073741824)
2025-07-29 08:37:05,697 [INFO] IPUIPlugin:80 - create IPUIPlugin
2025-07-29 08:37:05,698 [INFO] IPUIPlugin:80 - create IPUIPlugin
2025-07-29 08:37:05,698 [INFO] IPUIPlugin:80 - create IPUIPlugin
2025-07-29 08:37:05,698 [INFO] IPUIPlugin:80 - create IPUIPlugin
2025-07-29 08:37:05,698 [INFO] IPUIPlugin:80 - create IPUIPlugin
2025-07-29 08:37:05,698 [INFO] IPUIPlugin:80 - create IPUIPlugin
2025-07-29 08:37:05,698 [INFO] IPUIPlugin:80 - create IPUIPlugin
2025-07-29 08:37:05,698 [INFO] IPUIPlugin:80 - create IPUIPlugin
2025-07-29 08:37:05,698 [INFO] IPUIPlugin:80 - create IPUIPlugin
2025-07-29 08:37:05,698 [INFO] IPUIPlugin:80 - create IPUIPlugin
2025-07-29 08:37:05,698 [INFO] IPUIPlugin:80 - create IPUIPlugin
2025-07-29 08:37:05,698 [INFO] IPUIPlugin:80 - create IPUIPlugin
2025-07-29 08:37:05,698 [INFO] IPUIPlugin:80 - create IPUIPlugin
2025-07-29 08:37:05,699 [INFO] IPUIPlugin:80 - create IPUIPlugin
2025-07-29 08:37:05,699 [INFO] IPUIPlugin:80 - create IPUIPlugin
2025-07-29 08:37:05,699 [INFO] IPUIPlugin:80 - create IPUIPlugin
2025-07-29 08:37:05,699 [INFO] IPUIPlugin:80 - create IPUIPlugin
2025-07-29 08:37:05,699 [INFO] IPUIPlugin:80 - create IPUIPlugin
2025-07-29 08:37:05,700 [INFO] IPUIPlugin:80 - create IPUIPlugin
2025-07-29 08:37:05,700 [INFO] IPUIPlugin:80 - create IPUIPlugin
2025-07-29 08:37:05,700 [INFO] IPUIPlugin:80 - create IPUIPlugin
2025-07-29 08:37:05,700 [INFO] IPUIPlugin:80 - create IPUIPlugin
2025-07-29 08:37:05,700 [INFO] IPUIPlugin:80 - create IPUIPlugin
2025-07-29 08:37:05,700 [INFO] IPUIPlugin:80 - create IPUIPlugin
2025-07-29 08:37:05,701 [INFO] IPUIPlugin:80 - create IPUIPlugin
2025-07-29 08:37:05,701 [INFO] IPUIPlugin:80 - create IPUIPlugin
2025-07-29 08:37:05,701 [INFO] IPUIPlugin:80 - create IPUIPlugin
2025-07-29 08:37:05,701 [INFO] IPUIPlugin:80 - create IPUIPlugin
2025-07-29 08:37:05,701 [INFO] IPUIPlugin:80 - create IPUIPlugin
2025-07-29 08:37:05,701 [INFO] IPUIPlugin:80 - create IPUIPlugin
2025-07-29 08:37:05,702 [INFO] IPUIPlugin:80 - create IPUIPlugin
2025-07-29 08:37:05,702 [INFO] IPUIPlugin:80 - create IPUIPlugin
2025-07-29 08:37:05,702 [INFO] IPUIPlugin:80 - create IPUIPlugin
2025-07-29 08:37:05,702 [INFO] IPUIPlugin:80 - create IPUIPlugin
2025-07-29 08:37:05,702 [INFO] IPUIPlugin:80 - create IPUIPlugin
2025-07-29 08:37:05,702 [INFO] IPUIPlugin:80 - create IPUIPlugin
2025-07-29 08:37:05,702 [INFO] IPUIPlugin:80 - create IPUIPlugin
2025-07-29 08:37:05,703 [INFO] IPUIPlugin:80 - create IPUIPlugin
2025-07-29 08:37:05,703 [INFO] IPUIPlugin:80 - create IPUIPlugin
2025-07-29 08:37:05,703 [INFO] IPUIPlugin:80 - create IPUIPlugin
2025-07-29 08:37:05,703 [INFO] IPUIPlugin:80 - create IPUIPlugin
2025-07-29 08:37:05,703 [INFO] IPUIPlugin:80 - create IPUIPlugin
2025-07-29 08:37:05,704 [INFO] IPUIPlugin:80 - create IPUIPlugin
2025-07-29 08:37:05,704 [INFO] IPUIPlugin:80 - create IPUIPlugin
2025-07-29 08:37:05,704 [INFO] IPUIPlugin:80 - create IPUIPlugin
2025-07-29 08:37:05,704 [INFO] IPUIPlugin:80 - create IPUIPlugin
2025-07-29 08:37:05,704 [INFO] IPUIPlugin:80 - create IPUIPlugin
2025-07-29 08:37:05,705 [INFO] IPUIPlugin:80 - create IPUIPlugin
2025-07-29 08:37:05,705 [INFO] IPUIPlugin:80 - create IPUIPlugin
2025-07-29 08:37:05,705 [INFO] IPUIPlugin:80 - create IPUIPlugin
2025-07-29 08:37:05,705 [INFO] IPUIPlugin:80 - create IPUIPlugin
2025-07-29 08:37:05,705 [INFO] IPUIPlugin:80 - create IPUIPlugin
2025-07-29 08:37:05,706 [INFO] IPUIPlugin:80 - create IPUIPlugin
2025-07-29 08:37:05,706 [INFO] IPUIPlugin:80 - create IPUIPlugin
2025-07-29 08:37:05,706 [INFO] IPUIPlugin:80 - create IPUIPlugin
2025-07-29 08:37:05,706 [INFO] IPUIPlugin:80 - create IPUIPlugin
2025-07-29 08:37:05,706 [INFO] IPUIPlugin:80 - create IPUIPlugin
2025-07-29 08:37:05,707 [INFO] IPUIPlugin:80 - create IPUIPlugin
2025-07-29 08:37:05,707 [INFO] IPUIPlugin:80 - create IPUIPlugin
2025-07-29 08:37:05,707 [INFO] IPUIPlugin:80 - create IPUIPlugin
2025-07-29 08:37:05,708 [INFO] IPUIPlugin:80 - create IPUIPlugin
2025-07-29 08:37:05,708 [INFO] IPUIPlugin:80 - create IPUIPlugin
2025-07-29 08:37:05,708 [INFO] IPUIPlugin:80 - create IPUIPlugin
2025-07-29 08:37:05,708 [INFO] IPUIPlugin:80 - create IPUIPlugin
2025-07-29 08:37:05,709 [INFO] IPUIPlugin:80 - create IPUIPlugin
2025-07-29 08:37:05,840 [INFO] ApiDbMcu:532 - Load IP Config File for PDM2PCM
2025-07-29 08:37:06,085 [INFO] CADModel:165 - CPN selected for project levelSTM32F722ZET6
2025-07-29 08:37:06,085 [INFO] CADModel:114 - Register for checkConnection events
2025-07-29 08:37:06,137 [INFO] OpenFileManager:386 - Restore cursor
2025-07-29 08:37:40,240 [INFO] Can:71 - Can Add PropertyChangeListener com.st.microxplorer.plugins.ip.can.Can@594f8325
2025-07-29 08:37:40,426 [INFO] NvicIntPanel:101 - NVIC parent = com.st.microxplorer.plugins.ip.nvic.MultiNvicIntPanel[,0,0,0x0,invalid,layout=javax.swing.BoxLayout,alignmentX=0.0,alignmentY=0.0,border=,flags=9,maximumSize=,minimumSize=,preferredSize=]
2025-07-29 08:37:51,248 [INFO] NvicIntPanel:101 - NVIC parent = com.st.microxplorer.plugins.ip.nvic.MultiNvicIntPanel[,0,0,0x0,invalid,layout=javax.swing.BoxLayout,alignmentX=0.0,alignmentY=0.0,border=,flags=9,maximumSize=,minimumSize=,preferredSize=]
2025-07-29 08:39:04,968 [INFO] NvicIntPanel:101 - NVIC parent = com.st.microxplorer.plugins.ip.nvic.MultiNvicIntPanel[,0,0,0x0,invalid,layout=javax.swing.BoxLayout,alignmentX=0.0,alignmentY=0.0,border=,flags=9,maximumSize=,minimumSize=,preferredSize=]
2025-07-29 08:39:05,056 [INFO] NvicIntPanel:101 - NVIC parent = com.st.microxplorer.plugins.ip.nvic.MultiNvicIntPanel[,0,0,0x0,invalid,layout=javax.swing.BoxLayout,alignmentX=0.0,alignmentY=0.0,border=,flags=9,maximumSize=,minimumSize=,preferredSize=]
2025-07-29 08:39:08,817 [INFO] NvicIntPanel:101 - NVIC parent = com.st.microxplorer.plugins.ip.nvic.MultiNvicIntPanel[,0,0,0x0,invalid,layout=javax.swing.BoxLayout,alignmentX=0.0,alignmentY=0.0,border=,flags=9,maximumSize=,minimumSize=,preferredSize=]
2025-07-29 08:39:08,901 [INFO] NvicIntPanel:101 - NVIC parent = com.st.microxplorer.plugins.ip.nvic.MultiNvicIntPanel[,0,0,0x0,invalid,layout=javax.swing.BoxLayout,alignmentX=0.0,alignmentY=0.0,border=,flags=9,maximumSize=,minimumSize=,preferredSize=]
2025-07-29 08:54:44,164 [INFO] UtilMem:75 - End SaveConfig() Used Memory: 622591136 Bytes (811597824)
2025-07-29 08:54:45,184 [INFO] UtilMem:75 - End SaveConfig() Used Memory: 327908240 Bytes (811597824)
2025-07-29 08:54:45,839 [INFO] BlockDiagram:2775 - set Specific Code input for plugin: CAN
2025-07-29 08:54:45,840 [INFO] BlockDiagram:2775 - set Specific Code input for plugin: SYS
2025-07-29 08:54:45,840 [INFO] BlockDiagram:2775 - set Specific Code input for plugin: RCC
2025-07-29 08:54:45,840 [INFO] BlockDiagram:2775 - set Specific Code input for plugin: NVIC
2025-07-29 08:54:45,841 [INFO] BlockDiagram:2775 - set Specific Code input for plugin: GPIO
2025-07-29 08:54:45,843 [INFO] CodeGenerator:892 - code generatio: config db path: C:\ST\STM32CubeIDE_1.16.1\STM32CubeIDE\plugins\com.st.stm32cube.common.mx_6.15.0.202507011659\\db\
2025-07-29 08:54:46,034 [INFO] CodeEngine:265 - oldGeneratedFile, C:\Users\Chinnapop\STM32CubeIDE\workspace\fss emulator\MXTmpFiles\license.tmp_save
2025-07-29 08:54:46,792 [INFO] CodeEngine:289 - Generated code: C:\Users\Chinnapop\STM32CubeIDE\workspace\fss emulator\MXTmpFiles\license.tmp
2025-07-29 08:54:46,930 [INFO] CodeEngine:265 - oldGeneratedFile, C:\Users\Chinnapop\STM32CubeIDE\workspace\fss emulator\MXTmpFiles\gpio.tmp_save
2025-07-29 08:54:47,083 [INFO] CodeEngine:289 - Generated code: C:\Users\Chinnapop\STM32CubeIDE\workspace\fss emulator\MXTmpFiles\gpio.tmp
2025-07-29 08:54:47,226 [INFO] CodeEngine:265 - oldGeneratedFile, C:\Users\Chinnapop\STM32CubeIDE\workspace\fss emulator\MXTmpFiles\cortex.tmp_save
2025-07-29 08:54:47,336 [INFO] CodeEngine:289 - Generated code: C:\Users\Chinnapop\STM32CubeIDE\workspace\fss emulator\MXTmpFiles\cortex.tmp
2025-07-29 08:54:47,359 [INFO] CodeEngine:265 - oldGeneratedFile, C:\Users\Chinnapop\STM32CubeIDE\workspace\fss emulator\Core\Src\stm32f7xx_it.c_save
2025-07-29 08:54:47,542 [INFO] CodeEngine:289 - Generated code: C:\Users\Chinnapop\STM32CubeIDE\workspace\fss emulator\Core\Src\stm32f7xx_it.c
2025-07-29 08:54:47,558 [INFO] CodeEngine:265 - oldGeneratedFile, C:\Users\Chinnapop\STM32CubeIDE\workspace\fss emulator\Core\Inc\stm32f7xx_it.h_save
2025-07-29 08:54:47,677 [INFO] CodeEngine:289 - Generated code: C:\Users\Chinnapop\STM32CubeIDE\workspace\fss emulator\Core\Inc\stm32f7xx_it.h
2025-07-29 08:54:47,701 [INFO] CodeEngine:265 - oldGeneratedFile, C:\Users\Chinnapop\STM32CubeIDE\workspace\fss emulator\Core\Src\stm32f7xx_hal_msp.c_save
2025-07-29 08:54:47,931 [INFO] CodeEngine:289 - Generated code: C:\Users\Chinnapop\STM32CubeIDE\workspace\fss emulator\Core\Src\stm32f7xx_hal_msp.c
2025-07-29 08:54:47,941 [INFO] CodeEngine:265 - oldGeneratedFile, C:\Users\Chinnapop\STM32CubeIDE\workspace\fss emulator\MXTmpFiles\system.tmp_save
2025-07-29 08:54:48,044 [INFO] CodeEngine:289 - Generated code: C:\Users\Chinnapop\STM32CubeIDE\workspace\fss emulator\MXTmpFiles\system.tmp
2025-07-29 08:54:48,066 [INFO] CodeEngine:321 - oldGeneratedFile, C:\Users\Chinnapop\STM32CubeIDE\workspace\fss emulator\Core\Inc\stm32f7xx_hal_conf.h_save
2025-07-29 08:54:48,181 [INFO] CodeEngine:345 - Generated code: C:\Users\Chinnapop\STM32CubeIDE\workspace\fss emulator\Core\Inc\stm32f7xx_hal_conf.h
2025-07-29 08:54:48,235 [INFO] ApiDbMcu:532 - Load IP Config File for CAN1
2025-07-29 08:54:48,242 [INFO] ApiDbMcu:532 - Load IP Config File for RCC
2025-07-29 08:54:48,262 [INFO] CodeEngine:265 - oldGeneratedFile, C:\Users\Chinnapop\STM32CubeIDE\workspace\fss emulator\Core\Inc\main.h_save
2025-07-29 08:54:48,396 [INFO] CodeEngine:289 - Generated code: C:\Users\Chinnapop\STM32CubeIDE\workspace\fss emulator\Core\Inc\main.h
2025-07-29 08:54:48,409 [INFO] CodeEngine:265 - oldGeneratedFile, C:\Users\Chinnapop\STM32CubeIDE\workspace\fss emulator\Core\Src\main.c_save
2025-07-29 08:54:48,579 [INFO] CodeEngine:289 - Generated code: C:\Users\Chinnapop\STM32CubeIDE\workspace\fss emulator\Core\Src\main.c
2025-07-29 08:54:49,296 [INFO] ProjectBuilder:3606 - Time for Copy HAL[1] : 401mS.
2025-07-29 08:54:49,314 [INFO] ProjectBuilder:5216 - Project Generator version: 4.7.0-B52
2025-07-29 08:54:49,414 [INFO] ConfigFileManager:1595 - The Die is : DIE452
2025-07-29 08:54:49,456 [INFO] ApiDbMcu:532 - Load IP Config File for FATFS
2025-07-29 08:54:49,464 [INFO] ApiDbMcu:532 - Load IP Config File for FREERTOS
2025-07-29 08:54:49,468 [INFO] ApiDbMcu:532 - Load IP Config File for LIBJPEG
2025-07-29 08:54:49,485 [INFO] ApiDbMcu:532 - Load IP Config File for MBEDTLS
2025-07-29 08:54:49,496 [INFO] ApiDbMcu:532 - Load IP Config File for USB_DEVICE
2025-07-29 08:54:49,501 [INFO] ApiDbMcu:532 - Load IP Config File for USB_HOST
2025-07-29 08:54:50,200 [INFO] LogOutputStream:77 - [STDOUT_REDIRECT] 
2025-07-29 08:54:52,045 [INFO] ProjectBuilder:5496 - Time for Generating toolchain IDE Files: 2729mS.
2025-07-29 08:54:52,047 [INFO] ProjectBuilder:3463 - Time for Copy CMSIS : 2mS.
2025-07-29 08:54:52,051 [INFO] ProjectBuilder:3463 - Time for Copy CMSIS : 0mS.
2025-07-29 08:55:33,538 [INFO] WebApp:194 - Connection lost
2025-07-29 08:55:33,760 [INFO] WebApp:191 - Connection restablished
2025-07-29 09:26:03,012 [INFO] WebApp:194 - Connection lost
2025-07-29 09:26:03,600 [INFO] WebApp:191 - Connection restablished
2025-07-29 09:44:16,746 [INFO] MainUpdater:2872 - connection check result : 10
2025-07-29 09:44:16,746 [INFO] MainUpdater:2872 - connection check result : 10
2025-07-29 09:44:16,783 [INFO] MicroXplorer:468 - Change Database Path : 
2025-07-29 09:44:16,783 [INFO] MicroXplorer:498 - Change Database Version : DB.6.0.150
2025-07-29 09:44:16,870 [ERROR] ProjectManagerView:395 - 
java.lang.NullPointerException: Cannot invoke "javax.swing.JTextField.getText()" because the return value of "java.util.List.get(int)" is null
	at com.st.microxplorer.plugins.projectmanager.gui.ProjectChoiceTab$9.caretUpdate(ProjectChoiceTab.java:2706) ~[filemanager.jar:?]
	at javax.swing.text.JTextComponent.fireCaretUpdate(JTextComponent.java:408) ~[?:?]
	at javax.swing.text.JTextComponent$MutableCaretEvent.fire(JTextComponent.java:4484) ~[?:?]
	at javax.swing.text.JTextComponent$MutableCaretEvent.stateChanged(JTextComponent.java:4506) ~[?:?]
	at javax.swing.text.DefaultCaret.fireStateChanged(DefaultCaret.java:857) ~[?:?]
	at javax.swing.text.DefaultCaret.changeCaretPosition(DefaultCaret.java:1343) ~[?:?]
	at javax.swing.text.DefaultCaret.handleSetDot(DefaultCaret.java:1242) ~[?:?]
	at javax.swing.text.DefaultCaret.setDot(DefaultCaret.java:1223) ~[?:?]
	at javax.swing.text.DefaultCaret$Handler.insertUpdate(DefaultCaret.java:1819) ~[?:?]
	at javax.swing.text.AbstractDocument.fireInsertUpdate(AbstractDocument.java:227) ~[?:?]
	at javax.swing.text.AbstractDocument.handleInsertString(AbstractDocument.java:781) ~[?:?]
	at javax.swing.text.AbstractDocument.insertString(AbstractDocument.java:740) ~[?:?]
	at javax.swing.text.PlainDocument.insertString(PlainDocument.java:131) ~[?:?]
	at javax.swing.text.AbstractDocument.replace(AbstractDocument.java:699) ~[?:?]
	at javax.swing.text.JTextComponent.setText(JTextComponent.java:1725) ~[?:?]
	at com.st.microxplorer.plugins.projectmanager.gui.ProjectChoiceTab.createHeapStackFields(ProjectChoiceTab.java:993) ~[filemanager.jar:?]
	at com.st.microxplorer.plugins.projectmanager.gui.ProjectChoiceTab.buildLinkSettingsPanel(ProjectChoiceTab.java:3813) ~[filemanager.jar:?]
	at com.st.microxplorer.plugins.projectmanager.gui.ProjectChoiceTab.defineWindowsFields(ProjectChoiceTab.java:1987) ~[filemanager.jar:?]
	at com.st.microxplorer.plugins.projectmanager.gui.ProjectChoiceTab.updateSettings(ProjectChoiceTab.java:558) ~[filemanager.jar:?]
	at com.st.microxplorer.plugins.projectmanager.gui.ProjectSettingsPanel.UpdateDialog(ProjectSettingsPanel.java:247) ~[filemanager.jar:?]
	at com.st.microxplorer.plugins.projectmanager.ProjectManagerView.propertyChange(ProjectManagerView.java:392) ~[filemanager.jar:?]
	at java.beans.PropertyChangeSupport.fire(PropertyChangeSupport.java:343) ~[?:?]
	at java.beans.PropertyChangeSupport.firePropertyChange(PropertyChangeSupport.java:335) ~[?:?]
	at java.beans.PropertyChangeSupport.firePropertyChange(PropertyChangeSupport.java:268) ~[?:?]
	at com.st.microxplorer.util.MXPropertyChangeSupport.firePropertyChange(MXPropertyChangeSupport.java:54) ~[STM32CubeMX.jar:?]
	at com.st.microxplorer.mxsystem.MxSystem.closeConfig(MxSystem.java:899) ~[STM32CubeMX.jar:?]
	at com.st.microxplorer.maingui.MainPanel.closeConfig(MainPanel.java:792) ~[STM32CubeMX.jar:?]
	at com.st.microxplorer.plugins.filemanager.engine.OpenFileManager.loadConfigurationFile(OpenFileManager.java:288) ~[filemanager.jar:?]
	at com.st.microxplorer.plugins.filemanager.engine.MainFileManager.userLoadConfig(MainFileManager.java:364) ~[filemanager.jar:?]
	at com.st.microxplorer.plugins.filemanager.engine.MainFileManager.userLoadConfig(MainFileManager.java:342) ~[filemanager.jar:?]
	at com.st.microxplorer.plugins.filemanager.FileManagerView.getSpecificTask(FileManagerView.java:264) ~[filemanager.jar:?]
	at com.st.stm32cube.common.mx.editor.CubeMxEditor.getMxTabbedPaneInstance(CubeMxEditor.java:1198) ~[com.st.stm32cube.common.mx_6.15.0.202507011659/:?]
	at com.st.stm32cube.common.mx.editor.CubeMxEditor$12$1.createSwingComponent(CubeMxEditor.java:1068) ~[com.st.stm32cube.common.mx_6.15.0.202507011659/:?]
	at com.st.stm32cube.common.mx.oss.core.awtswtbridge.EmbeddedSwingComposite.doComponentCreation(EmbeddedSwingComposite.java:492) ~[com.st.stm32cube.common.mx.oss_6.15.0.202507011659/:?]
	at com.st.stm32cube.common.mx.oss.core.awtswtbridge.EmbeddedSwingComposite$4.run(EmbeddedSwingComposite.java:291) ~[com.st.stm32cube.common.mx.oss_6.15.0.202507011659/:?]
	at com.st.stm32cube.common.mx.oss.core.awtswtbridge.AwtEnvironment$2.run(AwtEnvironment.java:166) ~[com.st.stm32cube.common.mx.oss_6.15.0.202507011659/:?]
	at java.awt.event.InvocationEvent.dispatch(InvocationEvent.java:318) ~[?:?]
	at java.awt.EventQueue.dispatchEventImpl(EventQueue.java:773) ~[?:?]
	at java.awt.EventQueue$4.run(EventQueue.java:720) ~[?:?]
	at java.awt.EventQueue$4.run(EventQueue.java:714) ~[?:?]
	at java.security.AccessController.doPrivileged(AccessController.java:400) ~[?:?]
	at java.security.ProtectionDomain$JavaSecurityAccessImpl.doIntersectionPrivilege(ProtectionDomain.java:87) ~[?:?]
	at java.awt.EventQueue.dispatchEvent(EventQueue.java:742) ~[?:?]
	at java.awt.EventDispatchThread.pumpOneEventForFilters(EventDispatchThread.java:203) ~[?:?]
	at java.awt.EventDispatchThread.pumpEventsForFilter(EventDispatchThread.java:124) ~[?:?]
	at java.awt.EventDispatchThread.pumpEventsForHierarchy(EventDispatchThread.java:113) ~[?:?]
	at java.awt.EventDispatchThread.pumpEvents(EventDispatchThread.java:109) ~[?:?]
	at java.awt.EventDispatchThread.pumpEvents(EventDispatchThread.java:101) ~[?:?]
	at java.awt.EventDispatchThread.run(EventDispatchThread.java:90) ~[?:?]
2025-07-29 09:44:16,911 [WARN] ThirdParty:871 - waiting for thirdparty lock release [close project]
2025-07-29 09:44:16,911 [INFO] ThirdParty:873 - entering critical section [close project]
2025-07-29 09:44:16,911 [INFO] ThirdParty:883 - exiting critical section [close project]
2025-07-29 09:44:16,917 [INFO] PinOutPanel:1589 - setPackage(No Configuration,No Configuration)
2025-07-29 09:44:16,965 [WARN] IpParametersView:155 - Warning: This peripheral hasn't parameters
2025-07-29 09:44:16,995 [WARN] MainPanel:289 - <html><b><center>Warning: This peripheral has no parameters to be configured<br></b></html>
2025-07-29 09:44:17,014 [INFO] UtilMem:75 - Begin LoadConfig() Used Memory: 355827032 Bytes (811597824)
2025-07-29 09:44:17,016 [INFO] MicroXplorer:468 - Change Database Path : 
2025-07-29 09:44:17,016 [INFO] MicroXplorer:498 - Change Database Version : DB.6.0.150
2025-07-29 09:44:17,016 [INFO] OpenFileManager:355 - Change cursor
2025-07-29 09:44:17,055 [INFO] RulesReader:64 - Compatibility file has been processed (317 Rules)
2025-07-29 09:44:17,070 [INFO] Mcu:2029 - Initializing MCU STM32F722Z(C-E)Tx STM32F722ZETx STM32F722ZET6
2025-07-29 09:44:19,841 [INFO] Context:786 - Trying to add GPIOservice into a context  which must be forbidden
2025-07-29 09:44:20,710 [INFO] ImportTextPane:234 - (OptionalMessage_ERROR) Pin8 (VP_RIF_VS_RIF1) cannot be retrieved for this MCU
2025-07-29 09:44:20,976 [INFO] RtosManager:558 - Registered RTOS mode: class=CMSIS, group=RTOS, mode=CMSIS_V1, owner=FREERTOS
2025-07-29 09:44:20,976 [INFO] RtosManager:558 - Registered RTOS mode: class=CMSIS, group=RTOS2, mode=CMSIS_V2, owner=FREERTOS
2025-07-29 09:44:20,976 [INFO] RtosManager:558 - Registered RTOS mode: class=RTOS, group=Core, mode=CMSIS_V1, owner=FREERTOS
2025-07-29 09:44:20,976 [INFO] RtosManager:558 - Registered RTOS mode: class=RTOS, group=Core, mode=CMSIS_V2, owner=FREERTOS
2025-07-29 09:44:20,976 [WARN] ModelIntegratedComponent:184 - Missing modes for component STMicroelectronics:FreeRTOS:0.0.1:STMicroelectronics:RTOS:FreeRTOS:Core:::10.2.0:
2025-07-29 09:44:20,981 [WARN] ModelIntegratedComponent:63 - No mode defined for component null
2025-07-29 09:44:20,982 [WARN] ModelIntegratedComponent:63 - No mode defined for component null
2025-07-29 09:44:20,982 [WARN] ModelIntegratedComponent:63 - No mode defined for component null
2025-07-29 09:44:20,982 [WARN] ModelIntegratedComponent:63 - No mode defined for component null
2025-07-29 09:44:20,982 [WARN] ModelIntegratedComponent:63 - No mode defined for component null
2025-07-29 09:44:20,982 [WARN] ModelIntegratedComponent:63 - No mode defined for component null
2025-07-29 09:44:20,982 [WARN] ModelIntegratedComponent:63 - No mode defined for component null
2025-07-29 09:44:20,982 [WARN] ModelIntegratedComponent:63 - No mode defined for component null
2025-07-29 09:44:20,982 [WARN] ModelIntegratedComponent:63 - No mode defined for component null
2025-07-29 09:44:20,982 [WARN] ModelIntegratedComponent:63 - No mode defined for component null
2025-07-29 09:44:20,982 [WARN] ModelIntegratedComponent:63 - No mode defined for component null
2025-07-29 09:44:20,982 [WARN] ModelIntegratedComponent:63 - No mode defined for component null
2025-07-29 09:44:20,982 [WARN] ModelIntegratedComponent:63 - No mode defined for component null
2025-07-29 09:44:20,982 [WARN] ModelIntegratedComponent:63 - No mode defined for component null
2025-07-29 09:44:20,982 [WARN] ModelIntegratedComponent:63 - No mode defined for component null
2025-07-29 09:44:20,982 [WARN] ModelIntegratedComponent:63 - No mode defined for component null
2025-07-29 09:44:20,982 [WARN] ModelIntegratedComponent:63 - No mode defined for component null
2025-07-29 09:44:20,982 [WARN] ModelIntegratedComponent:63 - No mode defined for component null
2025-07-29 09:44:20,982 [WARN] ModelIntegratedComponent:63 - No mode defined for component null
2025-07-29 09:44:20,982 [WARN] ModelIntegratedComponent:63 - No mode defined for component null
2025-07-29 09:44:20,982 [WARN] ModelIntegratedComponent:63 - No mode defined for component null
2025-07-29 09:44:20,982 [WARN] ModelIntegratedComponent:63 - No mode defined for component null
2025-07-29 09:44:20,982 [WARN] ModelIntegratedComponent:63 - No mode defined for component null
2025-07-29 09:44:20,982 [WARN] ModelIntegratedComponent:63 - No mode defined for component null
2025-07-29 09:44:20,982 [WARN] ModelIntegratedComponent:63 - No mode defined for component null
2025-07-29 09:44:20,982 [WARN] ModelIntegratedComponent:63 - No mode defined for component null
2025-07-29 09:44:20,982 [WARN] ModelIntegratedComponent:63 - No mode defined for component null
2025-07-29 09:44:20,982 [WARN] ModelIntegratedComponent:63 - No mode defined for component null
2025-07-29 09:44:20,982 [WARN] ModelIntegratedComponent:63 - No mode defined for component null
2025-07-29 09:44:20,982 [WARN] ModelIntegratedComponent:63 - No mode defined for component null
2025-07-29 09:44:20,984 [WARN] ModelIntegratedComponent:63 - No mode defined for component null
2025-07-29 09:44:20,984 [WARN] ModelIntegratedComponent:63 - No mode defined for component null
2025-07-29 09:44:20,984 [WARN] ModelIntegratedComponent:63 - No mode defined for component null
2025-07-29 09:44:20,984 [WARN] ModelIntegratedComponent:63 - No mode defined for component null
2025-07-29 09:44:20,984 [WARN] ModelIntegratedComponent:63 - No mode defined for component null
2025-07-29 09:44:20,984 [WARN] ModelPack:524 - Component already loaded: STMicroelectronics:HAL Drivers:0.0.0:STMicroelectronics:Device:STMicro_Driver:XSPI:HAL::0.0.1:HAL_XSPI
2025-07-29 09:44:21,154 [INFO] ThirdPartyModel:298 - Start build external matchings
2025-07-29 09:44:22,133 [INFO] ThirdPartyModel:316 - End build external matchings
2025-07-29 09:44:22,185 [INFO] ImportTextPane:234 - (OptionalMessage_ERROR) IP (RCC) : Invalid parameter (48MHZClocksFreq_Value)
2025-07-29 09:44:22,186 [INFO] ImportTextPane:234 - (OptionalMessage_ERROR) IP (RCC) : Invalid parameter (ADC12outputFreq_Value)
2025-07-29 09:44:22,189 [INFO] ImportTextPane:234 - (OptionalMessage_ERROR) IP (RCC) : Invalid parameter (ADC34outputFreq_Value)
2025-07-29 09:44:22,191 [INFO] ImportTextPane:234 - (OptionalMessage_ERROR) IP (RCC) : Invalid parameter (DFSDMAudioFreq_Value)
2025-07-29 09:44:22,192 [INFO] ImportTextPane:234 - (OptionalMessage_ERROR) IP (RCC) : Invalid parameter (DFSDMFreq_Value)
2025-07-29 09:44:22,194 [INFO] ImportTextPane:234 - (OptionalMessage_ERROR) IP (RCC) : Invalid parameter (FMPI2C1Freq_Value)
2025-07-29 09:44:22,197 [INFO] ImportTextPane:234 - (OptionalMessage_ERROR) IP (RCC) : Invalid parameter (FamilyName)
2025-07-29 09:44:22,201 [INFO] ImportTextPane:234 - (OptionalMessage_ERROR) IP (RCC) : Invalid parameter (I2S1Freq_Value)
2025-07-29 09:44:22,203 [INFO] ImportTextPane:234 - (OptionalMessage_ERROR) IP (RCC) : Invalid parameter (I2S2Freq_Value)
2025-07-29 09:44:22,203 [INFO] ImportTextPane:234 - (OptionalMessage_ERROR) IP (RCC) : Invalid parameter (I2SClocksFreq_Value)
2025-07-29 09:44:22,203 [INFO] ImportTextPane:234 - (OptionalMessage_ERROR) IP (RCC) : Invalid parameter (MCOFreq_Value)
2025-07-29 09:44:22,204 [INFO] ImportTextPane:234 - (OptionalMessage_ERROR) IP (RCC) : Invalid parameter (PLLI2SPCLKFreq_Value)
2025-07-29 09:44:22,210 [INFO] ImportTextPane:234 - (OptionalMessage_ERROR) IP (RCC) : Invalid parameter (PLLI2SQoutputFreq_Value)
2025-07-29 09:44:22,215 [INFO] ImportTextPane:234 - (OptionalMessage_ERROR) IP (RCC) : Invalid parameter (PLLI2SoutputFreq_Value)
2025-07-29 09:44:22,218 [INFO] ImportTextPane:234 - (OptionalMessage_ERROR) IP (RCC) : Invalid parameter (PLLMCOFreq_Value)
2025-07-29 09:44:22,219 [INFO] ImportTextPane:234 - (OptionalMessage_ERROR) IP (RCC) : Invalid parameter (PLLMUL)
2025-07-29 09:44:22,219 [INFO] ImportTextPane:234 - (OptionalMessage_ERROR) IP (RCC) : Invalid parameter (PLLRCLKFreq_Value)
2025-07-29 09:44:22,219 [INFO] ImportTextPane:234 - (OptionalMessage_ERROR) IP (RCC) : Invalid parameter (PLLRoutputFreq_Value)
2025-07-29 09:44:22,219 [INFO] ImportTextPane:234 - (OptionalMessage_ERROR) IP (RCC) : Invalid parameter (PRESCALERUSB)
2025-07-29 09:44:22,220 [INFO] ImportTextPane:234 - (OptionalMessage_ERROR) IP (RCC) : Invalid parameter (PWRFreq_Value)
2025-07-29 09:44:22,220 [INFO] ImportTextPane:234 - (OptionalMessage_ERROR) IP (RCC) : Invalid parameter (RTCHSEDivFreq_Value)
2025-07-29 09:44:22,220 [INFO] ImportTextPane:234 - (OptionalMessage_ERROR) IP (RCC) : Invalid parameter (SDIOFreq_Value)
2025-07-29 09:44:22,220 [INFO] ImportTextPane:234 - (OptionalMessage_ERROR) IP (RCC) : Parameter (SDMMC2Freq_Value) has invalid value (216000000)
2025-07-29 09:44:22,220 [INFO] ImportTextPane:234 - (OptionalMessage_ERROR) IP (RCC) : Parameter (SDMMCFreq_Value) has invalid value (216000000)
2025-07-29 09:44:22,220 [INFO] ImportTextPane:234 - (OptionalMessage_ERROR) IP (RCC) : Invalid parameter (SYSCLKSourceVirtual)
2025-07-29 09:44:22,220 [INFO] ImportTextPane:234 - (OptionalMessage_ERROR) IP (RCC) : Invalid parameter (TIM15Freq_Value)
2025-07-29 09:44:22,220 [INFO] ImportTextPane:234 - (OptionalMessage_ERROR) IP (RCC) : Invalid parameter (TIM16Freq_Value)
2025-07-29 09:44:22,220 [INFO] ImportTextPane:234 - (OptionalMessage_ERROR) IP (RCC) : Invalid parameter (TIM17Freq_Value)
2025-07-29 09:44:22,220 [INFO] ImportTextPane:234 - (OptionalMessage_ERROR) IP (RCC) : Invalid parameter (TIM1Freq_Value)
2025-07-29 09:44:22,220 [INFO] ImportTextPane:234 - (OptionalMessage_ERROR) IP (RCC) : Invalid parameter (TIM20Freq_Value)
2025-07-29 09:44:22,220 [INFO] ImportTextPane:234 - (OptionalMessage_ERROR) IP (RCC) : Invalid parameter (TIM2Freq_Value)
2025-07-29 09:44:22,220 [INFO] ImportTextPane:234 - (OptionalMessage_ERROR) IP (RCC) : Invalid parameter (TIM3Freq_Value)
2025-07-29 09:44:22,221 [INFO] ImportTextPane:234 - (OptionalMessage_ERROR) IP (RCC) : Invalid parameter (TIM8Freq_Value)
2025-07-29 09:44:22,221 [INFO] ImportTextPane:234 - (OptionalMessage_ERROR) IP (RCC) : Invalid parameter (VCOI2SInputFreq_Value)
2025-07-29 09:44:22,222 [INFO] ImportTextPane:234 - (OptionalMessage_ERROR) IP (RCC) : Invalid parameter (VCOInputMFreq_Value)
2025-07-29 09:44:22,223 [INFO] ImportTextPane:234 - (OptionalMessage_ERROR) IP (RCC) : Invalid parameter (VCOOutput2Freq_Value)
2025-07-29 09:44:22,223 [INFO] ImportTextPane:234 - (OptionalMessage_ERROR) IP (RCC) : Invalid parameter (VcooutputI2S)
2025-07-29 09:44:22,811 [INFO] UtilMem:75 - End LoadConfig() Used Memory: 329294520 Bytes (811597824)
2025-07-29 09:44:22,901 [WARN] ThirdParty:833 - waiting for thirdparty lock release [change project]
2025-07-29 09:44:22,901 [INFO] ThirdParty:835 - entering critical section [change project]
2025-07-29 09:44:22,901 [INFO] ThirdParty:1030 - CMSIS Pack Vendor :STMicroelectronics X-CUBE-PM33A1 1.0.0
2025-07-29 09:44:22,901 [INFO] ThirdParty:1030 - CMSIS Pack Vendor :STMicroelectronics USBPD 4.1
2025-07-29 09:44:22,901 [INFO] ThirdParty:1030 - CMSIS Pack Vendor :STMicroelectronics USB_HOST 2.0.0
2025-07-29 09:44:22,902 [INFO] ThirdParty:1030 - CMSIS Pack Vendor :STMicroelectronics FP-SNS-MOTENVWB1 1.4.0
2025-07-29 09:44:22,902 [INFO] ThirdParty:1030 - CMSIS Pack Vendor :STMicroelectronics X-CUBE-AZRTOS-F4 1.1.0
2025-07-29 09:44:22,902 [INFO] ThirdParty:1030 - CMSIS Pack Vendor :STMicroelectronics LIBJPEG 8.0.0
2025-07-29 09:44:22,902 [INFO] ThirdParty:1030 - CMSIS Pack Vendor :STMicroelectronics FP-ATR-ASTRA1 2.0.2
2025-07-29 09:44:22,902 [INFO] ThirdParty:1030 - CMSIS Pack Vendor :STMicroelectronics FP-ATR-ASTRA1 2.0.1
2025-07-29 09:44:22,902 [INFO] ThirdParty:1030 - CMSIS Pack Vendor :Avnet-IotConnect X-CUBE-IoTC-DA16k-PMOD 1.0.0
2025-07-29 09:44:22,902 [INFO] ThirdParty:1030 - CMSIS Pack Vendor :STMicroelectronics X-CUBE-SMBUS 2.1.0
2025-07-29 09:44:22,902 [INFO] ThirdParty:1030 - CMSIS Pack Vendor :STMicroelectronics X-CUBE-WB05N 1.1.0
2025-07-29 09:44:22,902 [INFO] ThirdParty:1030 - CMSIS Pack Vendor :STMicroelectronics X-CUBE-ISPU 2.1.0
2025-07-29 09:44:22,902 [INFO] ThirdParty:1030 - CMSIS Pack Vendor :STMicroelectronics X-CUBE-FREERTOS 1.2.0
2025-07-29 09:44:22,902 [INFO] ThirdParty:1030 - CMSIS Pack Vendor :STMicroelectronics X-CUBE-ST60 1.0.0
2025-07-29 09:44:22,902 [INFO] ThirdParty:1030 - CMSIS Pack Vendor :STMicroelectronics X-CUBE-NFC12 1.0.0
2025-07-29 09:44:22,902 [INFO] ThirdParty:1030 - CMSIS Pack Vendor :STMicroelectronics X-CUBE-AZRTOS-F7 1.1.0
2025-07-29 09:44:22,902 [INFO] ThirdParty:1030 - CMSIS Pack Vendor :STMicroelectronics X-CUBE-AZRTOS-L5 2.0.0
2025-07-29 09:44:22,902 [INFO] ThirdParty:1030 - CMSIS Pack Vendor :STMicroelectronics USB_DEVICE 2.0.0
2025-07-29 09:44:22,902 [INFO] ThirdParty:1030 - CMSIS Pack Vendor :STMicroelectronics X-CUBE-NFC6 3.1.0
2025-07-29 09:44:22,902 [INFO] ThirdParty:1030 - CMSIS Pack Vendor :STMicroelectronics X-CUBE-MEMS1 11.0.0
2025-07-29 09:44:22,902 [INFO] ThirdParty:1030 - CMSIS Pack Vendor :STMicroelectronics FreeRTOS 0.0.1
2025-07-29 09:44:22,902 [INFO] ThirdParty:1030 - CMSIS Pack Vendor :STMicroelectronics X-CUBE-DPower 1.2.0
2025-07-29 09:44:22,902 [INFO] ThirdParty:1030 - CMSIS Pack Vendor :STMicroelectronics FP-SNS-FLIGHT1 5.0.2
2025-07-29 09:44:22,902 [INFO] ThirdParty:1030 - CMSIS Pack Vendor :STMicroelectronics PDM2PCM 3.3.0
2025-07-29 09:44:22,902 [INFO] ThirdParty:1030 - CMSIS Pack Vendor :STMicroelectronics X-CUBE-AZRTOS-H7 3.4.0
2025-07-29 09:44:22,902 [INFO] ThirdParty:1030 - CMSIS Pack Vendor :STMicroelectronics X-CUBE-DISPLAY 3.0.0
2025-07-29 09:44:22,902 [INFO] ThirdParty:1030 - CMSIS Pack Vendor :STMicroelectronics X-CUBE-BLE1 7.0.0
2025-07-29 09:44:22,904 [INFO] ThirdParty:1030 - CMSIS Pack Vendor :STMicroelectronics X-CUBE-NFC10 1.0.0
2025-07-29 09:44:22,904 [INFO] ThirdParty:1030 - CMSIS Pack Vendor :STMicroelectronics X-CUBE-BLEMGR 4.0.0
2025-07-29 09:44:22,904 [INFO] ThirdParty:1030 - CMSIS Pack Vendor :STMicroelectronics X-CUBE-FREERTOS 1.3.1
2025-07-29 09:44:22,904 [INFO] ThirdParty:1030 - CMSIS Pack Vendor :STMicroelectronics HAL Drivers 0.0.0
2025-07-29 09:44:22,904 [INFO] ThirdParty:1030 - CMSIS Pack Vendor :emotas I-CUBE-CANOPEN 1.3.0
2025-07-29 09:44:22,904 [INFO] ThirdParty:1030 - CMSIS Pack Vendor :STMicroelectronics X-CUBE-FREERTOS 1.3.0
2025-07-29 09:44:22,904 [INFO] ThirdParty:1030 - CMSIS Pack Vendor :STMicroelectronics X-CUBE-NFC7 1.0.1
2025-07-29 09:44:22,904 [INFO] ThirdParty:1030 - CMSIS Pack Vendor :STMicroelectronics MBEDTLS 2.14.1
2025-07-29 09:44:22,904 [INFO] ThirdParty:1030 - CMSIS Pack Vendor :STMicroelectronics X-CUBE-BLEMGR 3.1.0
2025-07-29 09:44:22,904 [INFO] ThirdParty:1030 - CMSIS Pack Vendor :STMicroelectronics X-CUBE-AI 10.0.0
2025-07-29 09:44:22,904 [INFO] ThirdParty:1030 - CMSIS Pack Vendor :STMicroelectronics FP-SNS-STAIOTCFT 1.0.0
2025-07-29 09:44:22,904 [INFO] ThirdParty:1030 - CMSIS Pack Vendor :STMicroelectronics FP-SNS-SMARTAG2 1.2.0
2025-07-29 09:44:22,904 [INFO] ThirdParty:1030 - CMSIS Pack Vendor :STMicroelectronics FP-SNS-FLIGHT1 5.1.0
2025-07-29 09:44:22,904 [INFO] ThirdParty:1030 - CMSIS Pack Vendor :STMicroelectronics X-CUBE-MEMS1 11.1.0
2025-07-29 09:44:22,904 [INFO] ThirdParty:1030 - CMSIS Pack Vendor :STMicroelectronics X-CUBE-AZRTOS-WL 2.0.0
2025-07-29 09:44:22,904 [INFO] ThirdParty:1030 - CMSIS Pack Vendor :STMicroelectronics X-CUBE-DPower 1.3.0
2025-07-29 09:44:22,904 [INFO] ThirdParty:1030 - CMSIS Pack Vendor :STMicroelectronics FP-SNS-MOTENV1 5.0.0
2025-07-29 09:44:22,904 [INFO] ThirdParty:1030 - CMSIS Pack Vendor :STMicroelectronics USB_DEVICE 1.0.0
2025-07-29 09:44:22,904 [INFO] ThirdParty:1030 - CMSIS Pack Vendor :wolfSSL I-CUBE-wolfMQTT 1.19.0
2025-07-29 09:44:22,904 [INFO] ThirdParty:1030 - CMSIS Pack Vendor :STMicroelectronics X-CUBE-AZRTOS-L4 2.0.0
2025-07-29 09:44:22,905 [INFO] ThirdParty:1030 - CMSIS Pack Vendor :STMicroelectronics ThreadX 0.0.2
2025-07-29 09:44:22,905 [INFO] ThirdParty:1030 - CMSIS Pack Vendor :WES I-CUBE-Cesium 1.3.0
2025-07-29 09:44:22,905 [INFO] ThirdParty:1030 - CMSIS Pack Vendor :STMicroelectronics lwIP 2.1.2
2025-07-29 09:44:22,905 [INFO] ThirdParty:1030 - CMSIS Pack Vendor :STMicroelectronics X-CUBE-SFXS2LP1 4.0.0
2025-07-29 09:44:22,905 [INFO] ThirdParty:1030 - CMSIS Pack Vendor :STMicroelectronics X-CUBE-BLE2 3.3.0
2025-07-29 09:44:22,905 [INFO] ThirdParty:1030 - CMSIS Pack Vendor :STMicroelectronics PDM2PCM 3.2.0
2025-07-29 09:44:22,905 [INFO] ThirdParty:1030 - CMSIS Pack Vendor :STMicroelectronics X-CUBE-AZRTOS-H7 3.3.0
2025-07-29 09:44:22,905 [INFO] ThirdParty:1030 - CMSIS Pack Vendor :STMicroelectronics X-CUBE-NFC9 1.0.0
2025-07-29 09:44:22,905 [INFO] ThirdParty:1030 - CMSIS Pack Vendor :STMicroelectronics X-CUBE-BLE1 7.1.0
2025-07-29 09:44:22,905 [INFO] ThirdParty:1030 - CMSIS Pack Vendor :STMicroelectronics USB_DEVICE 3.0.0
2025-07-29 09:44:22,905 [INFO] ThirdParty:1030 - CMSIS Pack Vendor :STMicroelectronics X-CUBE-TCPP 4.1.0
2025-07-29 09:44:22,905 [INFO] ThirdParty:1030 - CMSIS Pack Vendor :STMicroelectronics X-CUBE-EEPRMA1 5.2.0
2025-07-29 09:44:22,905 [INFO] ThirdParty:1030 - CMSIS Pack Vendor :STMicroelectronics X-CUBE-BLEMGR 4.1.0
2025-07-29 09:44:22,905 [INFO] ThirdParty:1030 - CMSIS Pack Vendor :STMicroelectronics X-CUBE-IPS 3.0.0
2025-07-29 09:44:22,905 [INFO] ThirdParty:1030 - CMSIS Pack Vendor :STMicroelectronics X-CUBE-AZRTOS-WB 2.0.0
2025-07-29 09:44:22,905 [INFO] ThirdParty:1030 - CMSIS Pack Vendor :STMicroelectronics X-CUBE-GNSS1 7.0.0
2025-07-29 09:44:22,905 [INFO] ThirdParty:1030 - CMSIS Pack Vendor :STMicroelectronics X-CUBE-GNSS1 7.0.1
2025-07-29 09:44:22,905 [INFO] ThirdParty:1030 - CMSIS Pack Vendor :STMicroelectronics X-CUBE-TOUCHGFX 4.25.0
2025-07-29 09:44:22,905 [INFO] ThirdParty:1030 - CMSIS Pack Vendor :STMicroelectronics X-CUBE-AI 10.1.0
2025-07-29 09:44:22,905 [INFO] ThirdParty:1030 - CMSIS Pack Vendor :STMicroelectronics FP-SNS-STBOX1 2.0.0
2025-07-29 09:44:22,905 [INFO] ThirdParty:1030 - CMSIS Pack Vendor :STMicroelectronics X-CUBE-MEMS1 11.2.0
2025-07-29 09:44:22,905 [INFO] ThirdParty:1030 - CMSIS Pack Vendor :STMicroelectronics X-CUBE-AZRTOS-G0 1.1.0
2025-07-29 09:44:22,905 [INFO] ThirdParty:1030 - CMSIS Pack Vendor :STMicroelectronics X-CUBE-SAFEA1 1.2.2
2025-07-29 09:44:22,906 [INFO] ThirdParty:1030 - CMSIS Pack Vendor :STMicroelectronics X-CUBE-NFC4 3.0.0
2025-07-29 09:44:22,906 [INFO] ThirdParty:1030 - CMSIS Pack Vendor :STMicroelectronics X-CUBE-SUBG2 5.0.0
2025-07-29 09:44:22,906 [INFO] ThirdParty:1030 - CMSIS Pack Vendor :STMicroelectronics X-CUBE-AZRTOS-H7RS 1.1.0
2025-07-29 09:44:22,906 [INFO] ThirdParty:1030 - CMSIS Pack Vendor :STMicroelectronics STM32_WPAN 1.0.0
2025-07-29 09:44:22,906 [INFO] ThirdParty:1030 - CMSIS Pack Vendor :EmbeddedOffice I-CUBE-FS-RTOS 1.0.1
2025-07-29 09:44:22,906 [INFO] ThirdParty:1030 - CMSIS Pack Vendor :STMicroelectronics lwIP 2.0.3
2025-07-29 09:44:22,906 [INFO] ThirdParty:1030 - CMSIS Pack Vendor :Cesanta I-CUBE-Mongoose 7.13.0
2025-07-29 09:44:22,906 [INFO] ThirdParty:1030 - CMSIS Pack Vendor :STMicroelectronics USB_HOST 1.0.0
2025-07-29 09:44:22,906 [INFO] ThirdParty:1030 - CMSIS Pack Vendor :STMicroelectronics X-CUBE-AZRTOS-G4 2.0.0
2025-07-29 09:44:22,906 [INFO] ThirdParty:1030 - CMSIS Pack Vendor :STMicroelectronics X-CUBE-WB05N 2.0.0
2025-07-29 09:44:22,906 [INFO] ThirdParty:1030 - CMSIS Pack Vendor :STMicroelectronics PDM2PCM 3.1.0
2025-07-29 09:44:22,906 [INFO] ThirdParty:1030 - CMSIS Pack Vendor :STMicroelectronics X-CUBE-NFC7 2.0.0
2025-07-29 09:44:22,906 [INFO] ThirdParty:1030 - CMSIS Pack Vendor :STMicroelectronics X-CUBE-TCPP 4.2.0
2025-07-29 09:44:22,906 [INFO] ThirdParty:1030 - CMSIS Pack Vendor :RealThread X-CUBE-RT-Thread_Nano 4.1.1
2025-07-29 09:44:22,906 [INFO] ThirdParty:1030 - CMSIS Pack Vendor :STMicroelectronics FP-ATR-SIGFOX1 3.2.0
2025-07-29 09:44:22,906 [INFO] ThirdParty:1030 - CMSIS Pack Vendor :quantropi X-CUBE-qispace-sdk-base 1.9.3
2025-07-29 09:44:22,906 [INFO] ThirdParty:1030 - CMSIS Pack Vendor :STMicroelectronics X-CUBE-EEPRMA1 5.1.0
2025-07-29 09:44:22,906 [INFO] ThirdParty:1030 - CMSIS Pack Vendor :STMicroelectronics MBEDTLS 2.16.2
2025-07-29 09:44:22,906 [INFO] ThirdParty:1030 - CMSIS Pack Vendor :STMicroelectronics X-CUBE-IPS 3.1.0
2025-07-29 09:44:22,906 [INFO] ThirdParty:1030 - CMSIS Pack Vendor :STMicroelectronics X-CUBE-ALS 1.0.2
2025-07-29 09:44:22,906 [INFO] ThirdParty:1030 - CMSIS Pack Vendor :wolfSSL I-CUBE-wolfSSL 5.7.4
2025-07-29 09:44:22,906 [INFO] ThirdParty:1030 - CMSIS Pack Vendor :ITTIA_DB I-CUBE-ITTIADB 8.9.0
2025-07-29 09:44:22,906 [INFO] ThirdParty:1030 - CMSIS Pack Vendor :STMicroelectronics X-CUBE-TOUCHGFX 4.24.2
2025-07-29 09:44:22,906 [INFO] ThirdParty:1030 - CMSIS Pack Vendor :STMicroelectronics X-CUBE-TOUCHGFX 4.24.1
2025-07-29 09:44:22,907 [INFO] ThirdParty:1030 - CMSIS Pack Vendor :wolfSSL I-CUBE-wolfTPM 3.4.0
2025-07-29 09:44:22,907 [INFO] ThirdParty:1030 - CMSIS Pack Vendor :portGmbH I-Cube-SoM-uGOAL 1.1.0
2025-07-29 09:44:22,907 [INFO] ThirdParty:1030 - CMSIS Pack Vendor :STMicroelectronics X-CUBE-ST67W61 1.0.0
2025-07-29 09:44:22,907 [INFO] ThirdParty:1030 - CMSIS Pack Vendor :STMicroelectronics ThreadX 1.0.0
2025-07-29 09:44:22,907 [INFO] ThirdParty:1030 - CMSIS Pack Vendor :SEGGER I-CUBE-embOS 1.3.1
2025-07-29 09:44:22,907 [INFO] ThirdParty:1030 - CMSIS Pack Vendor :STMicroelectronics X-CUBE-ALGOBUILD 1.4.0
2025-07-29 09:44:22,907 [INFO] ThirdParty:1030 - CMSIS Pack Vendor :STMicroelectronics X-CUBE-MEMS1 11.3.0
2025-07-29 09:44:22,907 [INFO] ThirdParty:1030 - CMSIS Pack Vendor :STMicroelectronics X-CUBE-AZRTOS-H7RS 1.0.0
2025-07-29 09:44:22,907 [INFO] ThirdParty:1030 - CMSIS Pack Vendor :STMicroelectronics FP-ATR-ASTRA1 2.0.0
2025-07-29 09:44:22,907 [INFO] ThirdParty:1030 - CMSIS Pack Vendor :STMicroelectronics X-CUBE-TOF1 3.4.2
2025-07-29 09:44:22,907 [INFO] ThirdParty:1030 - CMSIS Pack Vendor :STMicroelectronics X-CUBE-TOF1 3.4.3
2025-07-29 09:44:22,907 [INFO] ThirdParty:1030 - CMSIS Pack Vendor :STMicroelectronics X-CUBE-AI 9.1.0
2025-07-29 09:44:22,907 [INFO] ThirdParty:1030 - CMSIS Pack Vendor :Infineon AIROC-Wi-Fi-Bluetooth-STM32 1.6.1
2025-07-29 09:44:22,907 [INFO] ThirdParty:1030 - CMSIS Pack Vendor :wolfSSL I-CUBE-wolfSSH 1.4.17
2025-07-29 09:44:22,908 [INFO] ThirdParty:841 - exiting critical section [change project]
2025-07-29 09:44:23,274 [INFO] PinOutPanel:1589 - setPackage(No Configuration,No Configuration)
2025-07-29 09:44:23,276 [INFO] PinOutPanel:1589 - setPackage(STM32F722ZETx,LQFP144)
2025-07-29 09:44:23,996 [INFO] UtilMem:75 - Before build in PCC Used Memory: 725825952 Bytes (811597824)
2025-07-29 09:44:24,335 [INFO] UtilMem:75 - After build in PCC Used Memory: 372349168 Bytes (811597824)
2025-07-29 09:44:24,371 [INFO] IPUIPlugin:80 - create IPUIPlugin
2025-07-29 09:44:24,371 [INFO] IPUIPlugin:80 - create IPUIPlugin
2025-07-29 09:44:24,371 [INFO] IPUIPlugin:80 - create IPUIPlugin
2025-07-29 09:44:24,371 [INFO] IPUIPlugin:80 - create IPUIPlugin
2025-07-29 09:44:24,372 [INFO] IPUIPlugin:80 - create IPUIPlugin
2025-07-29 09:44:24,372 [INFO] IPUIPlugin:80 - create IPUIPlugin
2025-07-29 09:44:24,372 [INFO] IPUIPlugin:80 - create IPUIPlugin
2025-07-29 09:44:24,372 [INFO] IPUIPlugin:80 - create IPUIPlugin
2025-07-29 09:44:24,372 [INFO] IPUIPlugin:80 - create IPUIPlugin
2025-07-29 09:44:24,372 [INFO] IPUIPlugin:80 - create IPUIPlugin
2025-07-29 09:44:24,372 [INFO] IPUIPlugin:80 - create IPUIPlugin
2025-07-29 09:44:24,372 [INFO] IPUIPlugin:80 - create IPUIPlugin
2025-07-29 09:44:24,372 [INFO] IPUIPlugin:80 - create IPUIPlugin
2025-07-29 09:44:24,372 [INFO] IPUIPlugin:80 - create IPUIPlugin
2025-07-29 09:44:24,372 [INFO] IPUIPlugin:80 - create IPUIPlugin
2025-07-29 09:44:24,372 [INFO] IPUIPlugin:80 - create IPUIPlugin
2025-07-29 09:44:24,373 [INFO] IPUIPlugin:80 - create IPUIPlugin
2025-07-29 09:44:24,373 [INFO] IPUIPlugin:80 - create IPUIPlugin
2025-07-29 09:44:24,373 [INFO] IPUIPlugin:80 - create IPUIPlugin
2025-07-29 09:44:24,373 [INFO] IPUIPlugin:80 - create IPUIPlugin
2025-07-29 09:44:24,373 [INFO] IPUIPlugin:80 - create IPUIPlugin
2025-07-29 09:44:24,373 [INFO] IPUIPlugin:80 - create IPUIPlugin
2025-07-29 09:44:24,373 [INFO] IPUIPlugin:80 - create IPUIPlugin
2025-07-29 09:44:24,373 [INFO] IPUIPlugin:80 - create IPUIPlugin
2025-07-29 09:44:24,374 [INFO] IPUIPlugin:80 - create IPUIPlugin
2025-07-29 09:44:24,374 [INFO] IPUIPlugin:80 - create IPUIPlugin
2025-07-29 09:44:24,374 [INFO] IPUIPlugin:80 - create IPUIPlugin
2025-07-29 09:44:24,374 [INFO] IPUIPlugin:80 - create IPUIPlugin
2025-07-29 09:44:24,374 [INFO] IPUIPlugin:80 - create IPUIPlugin
2025-07-29 09:44:24,374 [INFO] IPUIPlugin:80 - create IPUIPlugin
2025-07-29 09:44:24,374 [INFO] IPUIPlugin:80 - create IPUIPlugin
2025-07-29 09:44:24,374 [INFO] IPUIPlugin:80 - create IPUIPlugin
2025-07-29 09:44:24,374 [INFO] IPUIPlugin:80 - create IPUIPlugin
2025-07-29 09:44:24,374 [INFO] IPUIPlugin:80 - create IPUIPlugin
2025-07-29 09:44:24,374 [INFO] IPUIPlugin:80 - create IPUIPlugin
2025-07-29 09:44:24,376 [INFO] IPUIPlugin:80 - create IPUIPlugin
2025-07-29 09:44:24,376 [INFO] IPUIPlugin:80 - create IPUIPlugin
2025-07-29 09:44:24,376 [INFO] IPUIPlugin:80 - create IPUIPlugin
2025-07-29 09:44:24,376 [INFO] IPUIPlugin:80 - create IPUIPlugin
2025-07-29 09:44:24,376 [INFO] IPUIPlugin:80 - create IPUIPlugin
2025-07-29 09:44:24,376 [INFO] IPUIPlugin:80 - create IPUIPlugin
2025-07-29 09:44:24,377 [INFO] IPUIPlugin:80 - create IPUIPlugin
2025-07-29 09:44:24,377 [INFO] IPUIPlugin:80 - create IPUIPlugin
2025-07-29 09:44:24,377 [INFO] IPUIPlugin:80 - create IPUIPlugin
2025-07-29 09:44:24,377 [INFO] IPUIPlugin:80 - create IPUIPlugin
2025-07-29 09:44:24,377 [INFO] IPUIPlugin:80 - create IPUIPlugin
2025-07-29 09:44:24,378 [INFO] IPUIPlugin:80 - create IPUIPlugin
2025-07-29 09:44:24,378 [INFO] IPUIPlugin:80 - create IPUIPlugin
2025-07-29 09:44:24,378 [INFO] IPUIPlugin:80 - create IPUIPlugin
2025-07-29 09:44:24,378 [INFO] IPUIPlugin:80 - create IPUIPlugin
2025-07-29 09:44:24,378 [INFO] IPUIPlugin:80 - create IPUIPlugin
2025-07-29 09:44:24,379 [INFO] IPUIPlugin:80 - create IPUIPlugin
2025-07-29 09:44:24,379 [INFO] IPUIPlugin:80 - create IPUIPlugin
2025-07-29 09:44:24,379 [INFO] IPUIPlugin:80 - create IPUIPlugin
2025-07-29 09:44:24,379 [INFO] IPUIPlugin:80 - create IPUIPlugin
2025-07-29 09:44:24,379 [INFO] IPUIPlugin:80 - create IPUIPlugin
2025-07-29 09:44:24,380 [INFO] IPUIPlugin:80 - create IPUIPlugin
2025-07-29 09:44:24,380 [INFO] IPUIPlugin:80 - create IPUIPlugin
2025-07-29 09:44:24,380 [INFO] IPUIPlugin:80 - create IPUIPlugin
2025-07-29 09:44:24,380 [INFO] IPUIPlugin:80 - create IPUIPlugin
2025-07-29 09:44:24,381 [INFO] IPUIPlugin:80 - create IPUIPlugin
2025-07-29 09:44:24,381 [INFO] IPUIPlugin:80 - create IPUIPlugin
2025-07-29 09:44:24,381 [INFO] IPUIPlugin:80 - create IPUIPlugin
2025-07-29 09:44:24,381 [INFO] IPUIPlugin:80 - create IPUIPlugin
2025-07-29 09:44:24,382 [INFO] IPUIPlugin:80 - create IPUIPlugin
2025-07-29 09:44:24,391 [INFO] ApiDbMcu:532 - Load IP Config File for PDM2PCM
2025-07-29 09:44:24,396 [INFO] Can:71 - Can Add PropertyChangeListener com.st.microxplorer.plugins.ip.can.Can@48f51cf5
2025-07-29 09:44:24,470 [INFO] CADModel:165 - CPN selected for project levelSTM32F722ZET6
2025-07-29 09:44:24,470 [INFO] CADModel:114 - Register for checkConnection events
2025-07-29 09:44:24,574 [INFO] OpenFileManager:386 - Restore cursor
2025-07-29 09:44:54,008 [INFO] MainUpdater:2872 - connection check result : 10
2025-07-29 09:44:54,008 [INFO] MainUpdater:2872 - connection check result : 10
2025-07-29 09:44:54,034 [INFO] MicroXplorer:468 - Change Database Path : 
2025-07-29 09:44:54,034 [INFO] MicroXplorer:498 - Change Database Version : DB.6.0.150
2025-07-29 09:44:54,079 [ERROR] ProjectManagerView:395 - 
java.lang.NullPointerException: Cannot invoke "javax.swing.JTextField.getText()" because the return value of "java.util.List.get(int)" is null
	at com.st.microxplorer.plugins.projectmanager.gui.ProjectChoiceTab$9.caretUpdate(ProjectChoiceTab.java:2706) ~[filemanager.jar:?]
	at javax.swing.text.JTextComponent.fireCaretUpdate(JTextComponent.java:408) ~[?:?]
	at javax.swing.text.JTextComponent$MutableCaretEvent.fire(JTextComponent.java:4484) ~[?:?]
	at javax.swing.text.JTextComponent$MutableCaretEvent.stateChanged(JTextComponent.java:4506) ~[?:?]
	at javax.swing.text.DefaultCaret.fireStateChanged(DefaultCaret.java:857) ~[?:?]
	at javax.swing.text.DefaultCaret.changeCaretPosition(DefaultCaret.java:1343) ~[?:?]
	at javax.swing.text.DefaultCaret.handleSetDot(DefaultCaret.java:1242) ~[?:?]
	at javax.swing.text.DefaultCaret.setDot(DefaultCaret.java:1223) ~[?:?]
	at javax.swing.text.DefaultCaret$Handler.insertUpdate(DefaultCaret.java:1819) ~[?:?]
	at javax.swing.text.AbstractDocument.fireInsertUpdate(AbstractDocument.java:227) ~[?:?]
	at javax.swing.text.AbstractDocument.handleInsertString(AbstractDocument.java:781) ~[?:?]
	at javax.swing.text.AbstractDocument.insertString(AbstractDocument.java:740) ~[?:?]
	at javax.swing.text.PlainDocument.insertString(PlainDocument.java:131) ~[?:?]
	at javax.swing.text.AbstractDocument.replace(AbstractDocument.java:699) ~[?:?]
	at javax.swing.text.JTextComponent.setText(JTextComponent.java:1725) ~[?:?]
	at com.st.microxplorer.plugins.projectmanager.gui.ProjectChoiceTab.createHeapStackFields(ProjectChoiceTab.java:993) ~[filemanager.jar:?]
	at com.st.microxplorer.plugins.projectmanager.gui.ProjectChoiceTab.buildLinkSettingsPanel(ProjectChoiceTab.java:3813) ~[filemanager.jar:?]
	at com.st.microxplorer.plugins.projectmanager.gui.ProjectChoiceTab.defineWindowsFields(ProjectChoiceTab.java:1987) ~[filemanager.jar:?]
	at com.st.microxplorer.plugins.projectmanager.gui.ProjectChoiceTab.updateSettings(ProjectChoiceTab.java:558) ~[filemanager.jar:?]
	at com.st.microxplorer.plugins.projectmanager.gui.ProjectSettingsPanel.UpdateDialog(ProjectSettingsPanel.java:247) ~[filemanager.jar:?]
	at com.st.microxplorer.plugins.projectmanager.ProjectManagerView.propertyChange(ProjectManagerView.java:392) ~[filemanager.jar:?]
	at java.beans.PropertyChangeSupport.fire(PropertyChangeSupport.java:343) ~[?:?]
	at java.beans.PropertyChangeSupport.firePropertyChange(PropertyChangeSupport.java:335) ~[?:?]
	at java.beans.PropertyChangeSupport.firePropertyChange(PropertyChangeSupport.java:268) ~[?:?]
	at com.st.microxplorer.util.MXPropertyChangeSupport.firePropertyChange(MXPropertyChangeSupport.java:54) ~[STM32CubeMX.jar:?]
	at com.st.microxplorer.mxsystem.MxSystem.closeConfig(MxSystem.java:899) ~[STM32CubeMX.jar:?]
	at com.st.microxplorer.maingui.MainPanel.closeConfig(MainPanel.java:792) ~[STM32CubeMX.jar:?]
	at com.st.microxplorer.plugins.filemanager.engine.OpenFileManager.loadConfigurationFile(OpenFileManager.java:288) ~[filemanager.jar:?]
	at com.st.microxplorer.plugins.filemanager.engine.MainFileManager.userLoadConfig(MainFileManager.java:364) ~[filemanager.jar:?]
	at com.st.microxplorer.plugins.filemanager.engine.MainFileManager.userLoadConfig(MainFileManager.java:342) ~[filemanager.jar:?]
	at com.st.microxplorer.plugins.filemanager.FileManagerView.getSpecificTask(FileManagerView.java:264) ~[filemanager.jar:?]
	at com.st.stm32cube.common.mx.editor.CubeMxEditor.getMxTabbedPaneInstance(CubeMxEditor.java:1198) ~[com.st.stm32cube.common.mx_6.15.0.202507011659/:?]
	at com.st.stm32cube.common.mx.editor.CubeMxEditor$12$1.createSwingComponent(CubeMxEditor.java:1068) ~[com.st.stm32cube.common.mx_6.15.0.202507011659/:?]
	at com.st.stm32cube.common.mx.oss.core.awtswtbridge.EmbeddedSwingComposite.doComponentCreation(EmbeddedSwingComposite.java:492) ~[com.st.stm32cube.common.mx.oss_6.15.0.202507011659/:?]
	at com.st.stm32cube.common.mx.oss.core.awtswtbridge.EmbeddedSwingComposite$4.run(EmbeddedSwingComposite.java:291) ~[com.st.stm32cube.common.mx.oss_6.15.0.202507011659/:?]
	at com.st.stm32cube.common.mx.oss.core.awtswtbridge.AwtEnvironment$2.run(AwtEnvironment.java:166) ~[com.st.stm32cube.common.mx.oss_6.15.0.202507011659/:?]
	at java.awt.event.InvocationEvent.dispatch(InvocationEvent.java:318) ~[?:?]
	at java.awt.EventQueue.dispatchEventImpl(EventQueue.java:773) ~[?:?]
	at java.awt.EventQueue$4.run(EventQueue.java:720) ~[?:?]
	at java.awt.EventQueue$4.run(EventQueue.java:714) ~[?:?]
	at java.security.AccessController.doPrivileged(AccessController.java:400) ~[?:?]
	at java.security.ProtectionDomain$JavaSecurityAccessImpl.doIntersectionPrivilege(ProtectionDomain.java:87) ~[?:?]
	at java.awt.EventQueue.dispatchEvent(EventQueue.java:742) ~[?:?]
	at java.awt.EventDispatchThread.pumpOneEventForFilters(EventDispatchThread.java:203) ~[?:?]
	at java.awt.EventDispatchThread.pumpEventsForFilter(EventDispatchThread.java:124) ~[?:?]
	at java.awt.EventDispatchThread.pumpEventsForHierarchy(EventDispatchThread.java:113) ~[?:?]
	at java.awt.EventDispatchThread.pumpEvents(EventDispatchThread.java:109) ~[?:?]
	at java.awt.EventDispatchThread.pumpEvents(EventDispatchThread.java:101) ~[?:?]
	at java.awt.EventDispatchThread.run(EventDispatchThread.java:90) ~[?:?]
2025-07-29 09:44:54,084 [WARN] ThirdParty:871 - waiting for thirdparty lock release [close project]
2025-07-29 09:44:54,084 [INFO] ThirdParty:873 - entering critical section [close project]
2025-07-29 09:44:54,085 [INFO] ThirdParty:883 - exiting critical section [close project]
2025-07-29 09:44:54,089 [INFO] PinOutPanel:1589 - setPackage(No Configuration,No Configuration)
2025-07-29 09:44:54,114 [WARN] IpParametersView:155 - Warning: This peripheral hasn't parameters
2025-07-29 09:44:54,120 [WARN] MainPanel:289 - <html><b><center>Warning: This peripheral has no parameters to be configured<br></b></html>
2025-07-29 09:44:54,125 [INFO] UtilMem:75 - Begin LoadConfig() Used Memory: 698735408 Bytes (811597824)
2025-07-29 09:44:54,126 [INFO] MicroXplorer:468 - Change Database Path : 
2025-07-29 09:44:54,126 [INFO] MicroXplorer:498 - Change Database Version : DB.6.0.150
2025-07-29 09:44:54,126 [INFO] OpenFileManager:355 - Change cursor
2025-07-29 09:44:54,141 [INFO] Mcu:2029 - Initializing MCU STM32F722Z(C-E)Tx STM32F722ZETx STM32F722ZET6
2025-07-29 09:44:55,682 [INFO] Context:786 - Trying to add GPIOservice into a context  which must be forbidden
2025-07-29 09:44:56,060 [INFO] ImportTextPane:234 - (OptionalMessage_ERROR) Pin5 (VP_RIF_VS_RIF1) cannot be retrieved for this MCU
2025-07-29 09:44:56,306 [INFO] RtosManager:558 - Registered RTOS mode: class=CMSIS, group=RTOS, mode=CMSIS_V1, owner=FREERTOS
2025-07-29 09:44:56,307 [INFO] RtosManager:558 - Registered RTOS mode: class=CMSIS, group=RTOS2, mode=CMSIS_V2, owner=FREERTOS
2025-07-29 09:44:56,307 [INFO] RtosManager:558 - Registered RTOS mode: class=RTOS, group=Core, mode=CMSIS_V1, owner=FREERTOS
2025-07-29 09:44:56,307 [INFO] RtosManager:558 - Registered RTOS mode: class=RTOS, group=Core, mode=CMSIS_V2, owner=FREERTOS
2025-07-29 09:44:56,307 [WARN] ModelIntegratedComponent:184 - Missing modes for component STMicroelectronics:FreeRTOS:0.0.1:STMicroelectronics:RTOS:FreeRTOS:Core:::10.2.0:
2025-07-29 09:44:56,312 [WARN] ModelIntegratedComponent:63 - No mode defined for component null
2025-07-29 09:44:56,312 [WARN] ModelIntegratedComponent:63 - No mode defined for component null
2025-07-29 09:44:56,312 [WARN] ModelIntegratedComponent:63 - No mode defined for component null
2025-07-29 09:44:56,312 [WARN] ModelIntegratedComponent:63 - No mode defined for component null
2025-07-29 09:44:56,312 [WARN] ModelIntegratedComponent:63 - No mode defined for component null
2025-07-29 09:44:56,312 [WARN] ModelIntegratedComponent:63 - No mode defined for component null
2025-07-29 09:44:56,312 [WARN] ModelIntegratedComponent:63 - No mode defined for component null
2025-07-29 09:44:56,312 [WARN] ModelIntegratedComponent:63 - No mode defined for component null
2025-07-29 09:44:56,312 [WARN] ModelIntegratedComponent:63 - No mode defined for component null
2025-07-29 09:44:56,312 [WARN] ModelIntegratedComponent:63 - No mode defined for component null
2025-07-29 09:44:56,312 [WARN] ModelIntegratedComponent:63 - No mode defined for component null
2025-07-29 09:44:56,312 [WARN] ModelIntegratedComponent:63 - No mode defined for component null
2025-07-29 09:44:56,312 [WARN] ModelIntegratedComponent:63 - No mode defined for component null
2025-07-29 09:44:56,312 [WARN] ModelIntegratedComponent:63 - No mode defined for component null
2025-07-29 09:44:56,312 [WARN] ModelIntegratedComponent:63 - No mode defined for component null
2025-07-29 09:44:56,312 [WARN] ModelIntegratedComponent:63 - No mode defined for component null
2025-07-29 09:44:56,312 [WARN] ModelIntegratedComponent:63 - No mode defined for component null
2025-07-29 09:44:56,312 [WARN] ModelIntegratedComponent:63 - No mode defined for component null
2025-07-29 09:44:56,312 [WARN] ModelIntegratedComponent:63 - No mode defined for component null
2025-07-29 09:44:56,312 [WARN] ModelIntegratedComponent:63 - No mode defined for component null
2025-07-29 09:44:56,312 [WARN] ModelIntegratedComponent:63 - No mode defined for component null
2025-07-29 09:44:56,312 [WARN] ModelIntegratedComponent:63 - No mode defined for component null
2025-07-29 09:44:56,313 [WARN] ModelIntegratedComponent:63 - No mode defined for component null
2025-07-29 09:44:56,313 [WARN] ModelIntegratedComponent:63 - No mode defined for component null
2025-07-29 09:44:56,313 [WARN] ModelIntegratedComponent:63 - No mode defined for component null
2025-07-29 09:44:56,313 [WARN] ModelIntegratedComponent:63 - No mode defined for component null
2025-07-29 09:44:56,313 [WARN] ModelIntegratedComponent:63 - No mode defined for component null
2025-07-29 09:44:56,313 [WARN] ModelIntegratedComponent:63 - No mode defined for component null
2025-07-29 09:44:56,314 [WARN] ModelIntegratedComponent:63 - No mode defined for component null
2025-07-29 09:44:56,314 [WARN] ModelIntegratedComponent:63 - No mode defined for component null
2025-07-29 09:44:56,314 [WARN] ModelIntegratedComponent:63 - No mode defined for component null
2025-07-29 09:44:56,314 [WARN] ModelIntegratedComponent:63 - No mode defined for component null
2025-07-29 09:44:56,314 [WARN] ModelIntegratedComponent:63 - No mode defined for component null
2025-07-29 09:44:56,314 [WARN] ModelIntegratedComponent:63 - No mode defined for component null
2025-07-29 09:44:56,314 [WARN] ModelIntegratedComponent:63 - No mode defined for component null
2025-07-29 09:44:56,314 [WARN] ModelPack:524 - Component already loaded: STMicroelectronics:HAL Drivers:0.0.0:STMicroelectronics:Device:STMicro_Driver:XSPI:HAL::0.0.1:HAL_XSPI
2025-07-29 09:44:56,476 [INFO] ThirdPartyModel:298 - Start build external matchings
2025-07-29 09:44:57,521 [INFO] ThirdPartyModel:316 - End build external matchings
2025-07-29 09:44:57,571 [INFO] ImportTextPane:234 - (OptionalMessage_ERROR) IP (RCC) : Invalid parameter (48MHZClocksFreq_Value)
2025-07-29 09:44:57,572 [INFO] ImportTextPane:234 - (OptionalMessage_ERROR) IP (RCC) : Invalid parameter (ADC12outputFreq_Value)
2025-07-29 09:44:57,572 [INFO] ImportTextPane:234 - (OptionalMessage_ERROR) IP (RCC) : Invalid parameter (ADC34outputFreq_Value)
2025-07-29 09:44:57,572 [INFO] ImportTextPane:234 - (OptionalMessage_ERROR) IP (RCC) : Invalid parameter (DFSDMAudioFreq_Value)
2025-07-29 09:44:57,572 [INFO] ImportTextPane:234 - (OptionalMessage_ERROR) IP (RCC) : Invalid parameter (DFSDMFreq_Value)
2025-07-29 09:44:57,572 [INFO] ImportTextPane:234 - (OptionalMessage_ERROR) IP (RCC) : Invalid parameter (FMPI2C1Freq_Value)
2025-07-29 09:44:57,572 [INFO] ImportTextPane:234 - (OptionalMessage_ERROR) IP (RCC) : Invalid parameter (FamilyName)
2025-07-29 09:44:57,572 [INFO] ImportTextPane:234 - (OptionalMessage_ERROR) IP (RCC) : Invalid parameter (I2S1Freq_Value)
2025-07-29 09:44:57,572 [INFO] ImportTextPane:234 - (OptionalMessage_ERROR) IP (RCC) : Invalid parameter (I2S2Freq_Value)
2025-07-29 09:44:57,572 [INFO] ImportTextPane:234 - (OptionalMessage_ERROR) IP (RCC) : Invalid parameter (I2SClocksFreq_Value)
2025-07-29 09:44:57,572 [INFO] ImportTextPane:234 - (OptionalMessage_ERROR) IP (RCC) : Invalid parameter (MCOFreq_Value)
2025-07-29 09:44:57,572 [INFO] ImportTextPane:234 - (OptionalMessage_ERROR) IP (RCC) : Invalid parameter (PLLI2SPCLKFreq_Value)
2025-07-29 09:44:57,572 [INFO] ImportTextPane:234 - (OptionalMessage_ERROR) IP (RCC) : Invalid parameter (PLLI2SQoutputFreq_Value)
2025-07-29 09:44:57,572 [INFO] ImportTextPane:234 - (OptionalMessage_ERROR) IP (RCC) : Invalid parameter (PLLI2SoutputFreq_Value)
2025-07-29 09:44:57,572 [INFO] ImportTextPane:234 - (OptionalMessage_ERROR) IP (RCC) : Invalid parameter (PLLMCOFreq_Value)
2025-07-29 09:44:57,572 [INFO] ImportTextPane:234 - (OptionalMessage_ERROR) IP (RCC) : Invalid parameter (PLLMUL)
2025-07-29 09:44:57,572 [INFO] ImportTextPane:234 - (OptionalMessage_ERROR) IP (RCC) : Invalid parameter (PLLRCLKFreq_Value)
2025-07-29 09:44:57,572 [INFO] ImportTextPane:234 - (OptionalMessage_ERROR) IP (RCC) : Invalid parameter (PLLRoutputFreq_Value)
2025-07-29 09:44:57,572 [INFO] ImportTextPane:234 - (OptionalMessage_ERROR) IP (RCC) : Invalid parameter (PRESCALERUSB)
2025-07-29 09:44:57,572 [INFO] ImportTextPane:234 - (OptionalMessage_ERROR) IP (RCC) : Invalid parameter (PWRFreq_Value)
2025-07-29 09:44:57,572 [INFO] ImportTextPane:234 - (OptionalMessage_ERROR) IP (RCC) : Invalid parameter (RTCHSEDivFreq_Value)
2025-07-29 09:44:57,572 [INFO] ImportTextPane:234 - (OptionalMessage_ERROR) IP (RCC) : Invalid parameter (SDIOFreq_Value)
2025-07-29 09:44:57,572 [INFO] ImportTextPane:234 - (OptionalMessage_ERROR) IP (RCC) : Parameter (SDMMC2Freq_Value) has invalid value (216000000)
2025-07-29 09:44:57,572 [INFO] ImportTextPane:234 - (OptionalMessage_ERROR) IP (RCC) : Parameter (SDMMCFreq_Value) has invalid value (216000000)
2025-07-29 09:44:57,572 [INFO] ImportTextPane:234 - (OptionalMessage_ERROR) IP (RCC) : Invalid parameter (SYSCLKSourceVirtual)
2025-07-29 09:44:57,572 [INFO] ImportTextPane:234 - (OptionalMessage_ERROR) IP (RCC) : Invalid parameter (TIM15Freq_Value)
2025-07-29 09:44:57,572 [INFO] ImportTextPane:234 - (OptionalMessage_ERROR) IP (RCC) : Invalid parameter (TIM16Freq_Value)
2025-07-29 09:44:57,572 [INFO] ImportTextPane:234 - (OptionalMessage_ERROR) IP (RCC) : Invalid parameter (TIM17Freq_Value)
2025-07-29 09:44:57,572 [INFO] ImportTextPane:234 - (OptionalMessage_ERROR) IP (RCC) : Invalid parameter (TIM1Freq_Value)
2025-07-29 09:44:57,572 [INFO] ImportTextPane:234 - (OptionalMessage_ERROR) IP (RCC) : Invalid parameter (TIM20Freq_Value)
2025-07-29 09:44:57,572 [INFO] ImportTextPane:234 - (OptionalMessage_ERROR) IP (RCC) : Invalid parameter (TIM2Freq_Value)
2025-07-29 09:44:57,572 [INFO] ImportTextPane:234 - (OptionalMessage_ERROR) IP (RCC) : Invalid parameter (TIM3Freq_Value)
2025-07-29 09:44:57,572 [INFO] ImportTextPane:234 - (OptionalMessage_ERROR) IP (RCC) : Invalid parameter (TIM8Freq_Value)
2025-07-29 09:44:57,572 [INFO] ImportTextPane:234 - (OptionalMessage_ERROR) IP (RCC) : Invalid parameter (VCOI2SInputFreq_Value)
2025-07-29 09:44:57,574 [INFO] ImportTextPane:234 - (OptionalMessage_ERROR) IP (RCC) : Invalid parameter (VCOInputMFreq_Value)
2025-07-29 09:44:57,574 [INFO] ImportTextPane:234 - (OptionalMessage_ERROR) IP (RCC) : Invalid parameter (VCOOutput2Freq_Value)
2025-07-29 09:44:57,574 [INFO] ImportTextPane:234 - (OptionalMessage_ERROR) IP (RCC) : Invalid parameter (VcooutputI2S)
2025-07-29 09:44:58,080 [INFO] UtilMem:75 - End LoadConfig() Used Memory: 548117248 Bytes (811597824)
2025-07-29 09:44:58,121 [WARN] ThirdParty:833 - waiting for thirdparty lock release [change project]
2025-07-29 09:44:58,121 [INFO] ThirdParty:835 - entering critical section [change project]
2025-07-29 09:44:58,121 [INFO] ThirdParty:1030 - CMSIS Pack Vendor :STMicroelectronics X-CUBE-PM33A1 1.0.0
2025-07-29 09:44:58,121 [INFO] ThirdParty:1030 - CMSIS Pack Vendor :STMicroelectronics USBPD 4.1
2025-07-29 09:44:58,121 [INFO] ThirdParty:1030 - CMSIS Pack Vendor :STMicroelectronics USB_HOST 2.0.0
2025-07-29 09:44:58,121 [INFO] ThirdParty:1030 - CMSIS Pack Vendor :STMicroelectronics FP-SNS-MOTENVWB1 1.4.0
2025-07-29 09:44:58,121 [INFO] ThirdParty:1030 - CMSIS Pack Vendor :STMicroelectronics X-CUBE-AZRTOS-F4 1.1.0
2025-07-29 09:44:58,121 [INFO] ThirdParty:1030 - CMSIS Pack Vendor :STMicroelectronics LIBJPEG 8.0.0
2025-07-29 09:44:58,121 [INFO] ThirdParty:1030 - CMSIS Pack Vendor :STMicroelectronics FP-ATR-ASTRA1 2.0.2
2025-07-29 09:44:58,121 [INFO] ThirdParty:1030 - CMSIS Pack Vendor :STMicroelectronics FP-ATR-ASTRA1 2.0.1
2025-07-29 09:44:58,121 [INFO] ThirdParty:1030 - CMSIS Pack Vendor :Avnet-IotConnect X-CUBE-IoTC-DA16k-PMOD 1.0.0
2025-07-29 09:44:58,121 [INFO] ThirdParty:1030 - CMSIS Pack Vendor :STMicroelectronics X-CUBE-SMBUS 2.1.0
2025-07-29 09:44:58,121 [INFO] ThirdParty:1030 - CMSIS Pack Vendor :STMicroelectronics X-CUBE-WB05N 1.1.0
2025-07-29 09:44:58,121 [INFO] ThirdParty:1030 - CMSIS Pack Vendor :STMicroelectronics X-CUBE-ISPU 2.1.0
2025-07-29 09:44:58,121 [INFO] ThirdParty:1030 - CMSIS Pack Vendor :STMicroelectronics X-CUBE-FREERTOS 1.2.0
2025-07-29 09:44:58,121 [INFO] ThirdParty:1030 - CMSIS Pack Vendor :STMicroelectronics X-CUBE-ST60 1.0.0
2025-07-29 09:44:58,121 [INFO] ThirdParty:1030 - CMSIS Pack Vendor :STMicroelectronics X-CUBE-NFC12 1.0.0
2025-07-29 09:44:58,121 [INFO] ThirdParty:1030 - CMSIS Pack Vendor :STMicroelectronics X-CUBE-AZRTOS-F7 1.1.0
2025-07-29 09:44:58,121 [INFO] ThirdParty:1030 - CMSIS Pack Vendor :STMicroelectronics X-CUBE-AZRTOS-L5 2.0.0
2025-07-29 09:44:58,121 [INFO] ThirdParty:1030 - CMSIS Pack Vendor :STMicroelectronics USB_DEVICE 2.0.0
2025-07-29 09:44:58,122 [INFO] ThirdParty:1030 - CMSIS Pack Vendor :STMicroelectronics X-CUBE-NFC6 3.1.0
2025-07-29 09:44:58,122 [INFO] ThirdParty:1030 - CMSIS Pack Vendor :STMicroelectronics X-CUBE-MEMS1 11.0.0
2025-07-29 09:44:58,122 [INFO] ThirdParty:1030 - CMSIS Pack Vendor :STMicroelectronics FreeRTOS 0.0.1
2025-07-29 09:44:58,122 [INFO] ThirdParty:1030 - CMSIS Pack Vendor :STMicroelectronics X-CUBE-DPower 1.2.0
2025-07-29 09:44:58,122 [INFO] ThirdParty:1030 - CMSIS Pack Vendor :STMicroelectronics FP-SNS-FLIGHT1 5.0.2
2025-07-29 09:44:58,122 [INFO] ThirdParty:1030 - CMSIS Pack Vendor :STMicroelectronics PDM2PCM 3.3.0
2025-07-29 09:44:58,122 [INFO] ThirdParty:1030 - CMSIS Pack Vendor :STMicroelectronics X-CUBE-AZRTOS-H7 3.4.0
2025-07-29 09:44:58,122 [INFO] ThirdParty:1030 - CMSIS Pack Vendor :STMicroelectronics X-CUBE-DISPLAY 3.0.0
2025-07-29 09:44:58,122 [INFO] ThirdParty:1030 - CMSIS Pack Vendor :STMicroelectronics X-CUBE-BLE1 7.0.0
2025-07-29 09:44:58,122 [INFO] ThirdParty:1030 - CMSIS Pack Vendor :STMicroelectronics X-CUBE-NFC10 1.0.0
2025-07-29 09:44:58,122 [INFO] ThirdParty:1030 - CMSIS Pack Vendor :STMicroelectronics X-CUBE-BLEMGR 4.0.0
2025-07-29 09:44:58,122 [INFO] ThirdParty:1030 - CMSIS Pack Vendor :STMicroelectronics X-CUBE-FREERTOS 1.3.1
2025-07-29 09:44:58,122 [INFO] ThirdParty:1030 - CMSIS Pack Vendor :STMicroelectronics HAL Drivers 0.0.0
2025-07-29 09:44:58,122 [INFO] ThirdParty:1030 - CMSIS Pack Vendor :emotas I-CUBE-CANOPEN 1.3.0
2025-07-29 09:44:58,122 [INFO] ThirdParty:1030 - CMSIS Pack Vendor :STMicroelectronics X-CUBE-FREERTOS 1.3.0
2025-07-29 09:44:58,122 [INFO] ThirdParty:1030 - CMSIS Pack Vendor :STMicroelectronics X-CUBE-NFC7 1.0.1
2025-07-29 09:44:58,122 [INFO] ThirdParty:1030 - CMSIS Pack Vendor :STMicroelectronics MBEDTLS 2.14.1
2025-07-29 09:44:58,122 [INFO] ThirdParty:1030 - CMSIS Pack Vendor :STMicroelectronics X-CUBE-BLEMGR 3.1.0
2025-07-29 09:44:58,122 [INFO] ThirdParty:1030 - CMSIS Pack Vendor :STMicroelectronics X-CUBE-AI 10.0.0
2025-07-29 09:44:58,122 [INFO] ThirdParty:1030 - CMSIS Pack Vendor :STMicroelectronics FP-SNS-STAIOTCFT 1.0.0
2025-07-29 09:44:58,122 [INFO] ThirdParty:1030 - CMSIS Pack Vendor :STMicroelectronics FP-SNS-SMARTAG2 1.2.0
2025-07-29 09:44:58,122 [INFO] ThirdParty:1030 - CMSIS Pack Vendor :STMicroelectronics FP-SNS-FLIGHT1 5.1.0
2025-07-29 09:44:58,122 [INFO] ThirdParty:1030 - CMSIS Pack Vendor :STMicroelectronics X-CUBE-MEMS1 11.1.0
2025-07-29 09:44:58,122 [INFO] ThirdParty:1030 - CMSIS Pack Vendor :STMicroelectronics X-CUBE-AZRTOS-WL 2.0.0
2025-07-29 09:44:58,122 [INFO] ThirdParty:1030 - CMSIS Pack Vendor :STMicroelectronics X-CUBE-DPower 1.3.0
2025-07-29 09:44:58,122 [INFO] ThirdParty:1030 - CMSIS Pack Vendor :STMicroelectronics FP-SNS-MOTENV1 5.0.0
2025-07-29 09:44:58,122 [INFO] ThirdParty:1030 - CMSIS Pack Vendor :STMicroelectronics USB_DEVICE 1.0.0
2025-07-29 09:44:58,122 [INFO] ThirdParty:1030 - CMSIS Pack Vendor :wolfSSL I-CUBE-wolfMQTT 1.19.0
2025-07-29 09:44:58,122 [INFO] ThirdParty:1030 - CMSIS Pack Vendor :STMicroelectronics X-CUBE-AZRTOS-L4 2.0.0
2025-07-29 09:44:58,122 [INFO] ThirdParty:1030 - CMSIS Pack Vendor :STMicroelectronics ThreadX 0.0.2
2025-07-29 09:44:58,122 [INFO] ThirdParty:1030 - CMSIS Pack Vendor :WES I-CUBE-Cesium 1.3.0
2025-07-29 09:44:58,122 [INFO] ThirdParty:1030 - CMSIS Pack Vendor :STMicroelectronics lwIP 2.1.2
2025-07-29 09:44:58,122 [INFO] ThirdParty:1030 - CMSIS Pack Vendor :STMicroelectronics X-CUBE-SFXS2LP1 4.0.0
2025-07-29 09:44:58,122 [INFO] ThirdParty:1030 - CMSIS Pack Vendor :STMicroelectronics X-CUBE-BLE2 3.3.0
2025-07-29 09:44:58,122 [INFO] ThirdParty:1030 - CMSIS Pack Vendor :STMicroelectronics PDM2PCM 3.2.0
2025-07-29 09:44:58,122 [INFO] ThirdParty:1030 - CMSIS Pack Vendor :STMicroelectronics X-CUBE-AZRTOS-H7 3.3.0
2025-07-29 09:44:58,122 [INFO] ThirdParty:1030 - CMSIS Pack Vendor :STMicroelectronics X-CUBE-NFC9 1.0.0
2025-07-29 09:44:58,122 [INFO] ThirdParty:1030 - CMSIS Pack Vendor :STMicroelectronics X-CUBE-BLE1 7.1.0
2025-07-29 09:44:58,122 [INFO] ThirdParty:1030 - CMSIS Pack Vendor :STMicroelectronics USB_DEVICE 3.0.0
2025-07-29 09:44:58,122 [INFO] ThirdParty:1030 - CMSIS Pack Vendor :STMicroelectronics X-CUBE-TCPP 4.1.0
2025-07-29 09:44:58,122 [INFO] ThirdParty:1030 - CMSIS Pack Vendor :STMicroelectronics X-CUBE-EEPRMA1 5.2.0
2025-07-29 09:44:58,122 [INFO] ThirdParty:1030 - CMSIS Pack Vendor :STMicroelectronics X-CUBE-BLEMGR 4.1.0
2025-07-29 09:44:58,122 [INFO] ThirdParty:1030 - CMSIS Pack Vendor :STMicroelectronics X-CUBE-IPS 3.0.0
2025-07-29 09:44:58,122 [INFO] ThirdParty:1030 - CMSIS Pack Vendor :STMicroelectronics X-CUBE-AZRTOS-WB 2.0.0
2025-07-29 09:44:58,122 [INFO] ThirdParty:1030 - CMSIS Pack Vendor :STMicroelectronics X-CUBE-GNSS1 7.0.0
2025-07-29 09:44:58,122 [INFO] ThirdParty:1030 - CMSIS Pack Vendor :STMicroelectronics X-CUBE-GNSS1 7.0.1
2025-07-29 09:44:58,122 [INFO] ThirdParty:1030 - CMSIS Pack Vendor :STMicroelectronics X-CUBE-TOUCHGFX 4.25.0
2025-07-29 09:44:58,122 [INFO] ThirdParty:1030 - CMSIS Pack Vendor :STMicroelectronics X-CUBE-AI 10.1.0
2025-07-29 09:44:58,122 [INFO] ThirdParty:1030 - CMSIS Pack Vendor :STMicroelectronics FP-SNS-STBOX1 2.0.0
2025-07-29 09:44:58,122 [INFO] ThirdParty:1030 - CMSIS Pack Vendor :STMicroelectronics X-CUBE-MEMS1 11.2.0
2025-07-29 09:44:58,122 [INFO] ThirdParty:1030 - CMSIS Pack Vendor :STMicroelectronics X-CUBE-AZRTOS-G0 1.1.0
2025-07-29 09:44:58,122 [INFO] ThirdParty:1030 - CMSIS Pack Vendor :STMicroelectronics X-CUBE-SAFEA1 1.2.2
2025-07-29 09:44:58,122 [INFO] ThirdParty:1030 - CMSIS Pack Vendor :STMicroelectronics X-CUBE-NFC4 3.0.0
2025-07-29 09:44:58,122 [INFO] ThirdParty:1030 - CMSIS Pack Vendor :STMicroelectronics X-CUBE-SUBG2 5.0.0
2025-07-29 09:44:58,122 [INFO] ThirdParty:1030 - CMSIS Pack Vendor :STMicroelectronics X-CUBE-AZRTOS-H7RS 1.1.0
2025-07-29 09:44:58,122 [INFO] ThirdParty:1030 - CMSIS Pack Vendor :STMicroelectronics STM32_WPAN 1.0.0
2025-07-29 09:44:58,122 [INFO] ThirdParty:1030 - CMSIS Pack Vendor :EmbeddedOffice I-CUBE-FS-RTOS 1.0.1
2025-07-29 09:44:58,122 [INFO] ThirdParty:1030 - CMSIS Pack Vendor :STMicroelectronics lwIP 2.0.3
2025-07-29 09:44:58,122 [INFO] ThirdParty:1030 - CMSIS Pack Vendor :Cesanta I-CUBE-Mongoose 7.13.0
2025-07-29 09:44:58,122 [INFO] ThirdParty:1030 - CMSIS Pack Vendor :STMicroelectronics USB_HOST 1.0.0
2025-07-29 09:44:58,122 [INFO] ThirdParty:1030 - CMSIS Pack Vendor :STMicroelectronics X-CUBE-AZRTOS-G4 2.0.0
2025-07-29 09:44:58,122 [INFO] ThirdParty:1030 - CMSIS Pack Vendor :STMicroelectronics X-CUBE-WB05N 2.0.0
2025-07-29 09:44:58,122 [INFO] ThirdParty:1030 - CMSIS Pack Vendor :STMicroelectronics PDM2PCM 3.1.0
2025-07-29 09:44:58,122 [INFO] ThirdParty:1030 - CMSIS Pack Vendor :STMicroelectronics X-CUBE-NFC7 2.0.0
2025-07-29 09:44:58,122 [INFO] ThirdParty:1030 - CMSIS Pack Vendor :STMicroelectronics X-CUBE-TCPP 4.2.0
2025-07-29 09:44:58,122 [INFO] ThirdParty:1030 - CMSIS Pack Vendor :RealThread X-CUBE-RT-Thread_Nano 4.1.1
2025-07-29 09:44:58,122 [INFO] ThirdParty:1030 - CMSIS Pack Vendor :STMicroelectronics FP-ATR-SIGFOX1 3.2.0
2025-07-29 09:44:58,122 [INFO] ThirdParty:1030 - CMSIS Pack Vendor :quantropi X-CUBE-qispace-sdk-base 1.9.3
2025-07-29 09:44:58,122 [INFO] ThirdParty:1030 - CMSIS Pack Vendor :STMicroelectronics X-CUBE-EEPRMA1 5.1.0
2025-07-29 09:44:58,122 [INFO] ThirdParty:1030 - CMSIS Pack Vendor :STMicroelectronics MBEDTLS 2.16.2
2025-07-29 09:44:58,122 [INFO] ThirdParty:1030 - CMSIS Pack Vendor :STMicroelectronics X-CUBE-IPS 3.1.0
2025-07-29 09:44:58,122 [INFO] ThirdParty:1030 - CMSIS Pack Vendor :STMicroelectronics X-CUBE-ALS 1.0.2
2025-07-29 09:44:58,122 [INFO] ThirdParty:1030 - CMSIS Pack Vendor :wolfSSL I-CUBE-wolfSSL 5.7.4
2025-07-29 09:44:58,123 [INFO] ThirdParty:1030 - CMSIS Pack Vendor :ITTIA_DB I-CUBE-ITTIADB 8.9.0
2025-07-29 09:44:58,123 [INFO] ThirdParty:1030 - CMSIS Pack Vendor :STMicroelectronics X-CUBE-TOUCHGFX 4.24.2
2025-07-29 09:44:58,123 [INFO] ThirdParty:1030 - CMSIS Pack Vendor :STMicroelectronics X-CUBE-TOUCHGFX 4.24.1
2025-07-29 09:44:58,123 [INFO] ThirdParty:1030 - CMSIS Pack Vendor :wolfSSL I-CUBE-wolfTPM 3.4.0
2025-07-29 09:44:58,123 [INFO] ThirdParty:1030 - CMSIS Pack Vendor :portGmbH I-Cube-SoM-uGOAL 1.1.0
2025-07-29 09:44:58,123 [INFO] ThirdParty:1030 - CMSIS Pack Vendor :STMicroelectronics X-CUBE-ST67W61 1.0.0
2025-07-29 09:44:58,123 [INFO] ThirdParty:1030 - CMSIS Pack Vendor :STMicroelectronics ThreadX 1.0.0
2025-07-29 09:44:58,123 [INFO] ThirdParty:1030 - CMSIS Pack Vendor :SEGGER I-CUBE-embOS 1.3.1
2025-07-29 09:44:58,123 [INFO] ThirdParty:1030 - CMSIS Pack Vendor :STMicroelectronics X-CUBE-ALGOBUILD 1.4.0
2025-07-29 09:44:58,123 [INFO] ThirdParty:1030 - CMSIS Pack Vendor :STMicroelectronics X-CUBE-MEMS1 11.3.0
2025-07-29 09:44:58,123 [INFO] ThirdParty:1030 - CMSIS Pack Vendor :STMicroelectronics X-CUBE-AZRTOS-H7RS 1.0.0
2025-07-29 09:44:58,123 [INFO] ThirdParty:1030 - CMSIS Pack Vendor :STMicroelectronics FP-ATR-ASTRA1 2.0.0
2025-07-29 09:44:58,123 [INFO] ThirdParty:1030 - CMSIS Pack Vendor :STMicroelectronics X-CUBE-TOF1 3.4.2
2025-07-29 09:44:58,123 [INFO] ThirdParty:1030 - CMSIS Pack Vendor :STMicroelectronics X-CUBE-TOF1 3.4.3
2025-07-29 09:44:58,123 [INFO] ThirdParty:1030 - CMSIS Pack Vendor :STMicroelectronics X-CUBE-AI 9.1.0
2025-07-29 09:44:58,123 [INFO] ThirdParty:1030 - CMSIS Pack Vendor :Infineon AIROC-Wi-Fi-Bluetooth-STM32 1.6.1
2025-07-29 09:44:58,123 [INFO] ThirdParty:1030 - CMSIS Pack Vendor :wolfSSL I-CUBE-wolfSSH 1.4.17
2025-07-29 09:44:58,123 [INFO] ThirdParty:841 - exiting critical section [change project]
2025-07-29 09:44:58,351 [INFO] PinOutPanel:1589 - setPackage(No Configuration,No Configuration)
2025-07-29 09:44:58,352 [INFO] PinOutPanel:1589 - setPackage(STM32F722ZETx,LQFP144)
2025-07-29 09:44:58,941 [INFO] UtilMem:75 - Before build in PCC Used Memory: 566136064 Bytes (811597824)
2025-07-29 09:44:59,255 [INFO] UtilMem:75 - After build in PCC Used Memory: 618038528 Bytes (811597824)
2025-07-29 09:44:59,280 [INFO] IPUIPlugin:80 - create IPUIPlugin
2025-07-29 09:44:59,280 [INFO] IPUIPlugin:80 - create IPUIPlugin
2025-07-29 09:44:59,280 [INFO] IPUIPlugin:80 - create IPUIPlugin
2025-07-29 09:44:59,280 [INFO] IPUIPlugin:80 - create IPUIPlugin
2025-07-29 09:44:59,280 [INFO] IPUIPlugin:80 - create IPUIPlugin
2025-07-29 09:44:59,280 [INFO] IPUIPlugin:80 - create IPUIPlugin
2025-07-29 09:44:59,280 [INFO] IPUIPlugin:80 - create IPUIPlugin
2025-07-29 09:44:59,280 [INFO] IPUIPlugin:80 - create IPUIPlugin
2025-07-29 09:44:59,280 [INFO] IPUIPlugin:80 - create IPUIPlugin
2025-07-29 09:44:59,281 [INFO] IPUIPlugin:80 - create IPUIPlugin
2025-07-29 09:44:59,281 [INFO] IPUIPlugin:80 - create IPUIPlugin
2025-07-29 09:44:59,281 [INFO] IPUIPlugin:80 - create IPUIPlugin
2025-07-29 09:44:59,281 [INFO] IPUIPlugin:80 - create IPUIPlugin
2025-07-29 09:44:59,281 [INFO] IPUIPlugin:80 - create IPUIPlugin
2025-07-29 09:44:59,281 [INFO] IPUIPlugin:80 - create IPUIPlugin
2025-07-29 09:44:59,281 [INFO] IPUIPlugin:80 - create IPUIPlugin
2025-07-29 09:44:59,281 [INFO] IPUIPlugin:80 - create IPUIPlugin
2025-07-29 09:44:59,281 [INFO] IPUIPlugin:80 - create IPUIPlugin
2025-07-29 09:44:59,281 [INFO] IPUIPlugin:80 - create IPUIPlugin
2025-07-29 09:44:59,281 [INFO] IPUIPlugin:80 - create IPUIPlugin
2025-07-29 09:44:59,281 [INFO] IPUIPlugin:80 - create IPUIPlugin
2025-07-29 09:44:59,281 [INFO] IPUIPlugin:80 - create IPUIPlugin
2025-07-29 09:44:59,282 [INFO] IPUIPlugin:80 - create IPUIPlugin
2025-07-29 09:44:59,282 [INFO] IPUIPlugin:80 - create IPUIPlugin
2025-07-29 09:44:59,282 [INFO] IPUIPlugin:80 - create IPUIPlugin
2025-07-29 09:44:59,282 [INFO] IPUIPlugin:80 - create IPUIPlugin
2025-07-29 09:44:59,282 [INFO] IPUIPlugin:80 - create IPUIPlugin
2025-07-29 09:44:59,282 [INFO] IPUIPlugin:80 - create IPUIPlugin
2025-07-29 09:44:59,282 [INFO] IPUIPlugin:80 - create IPUIPlugin
2025-07-29 09:44:59,282 [INFO] IPUIPlugin:80 - create IPUIPlugin
2025-07-29 09:44:59,283 [INFO] IPUIPlugin:80 - create IPUIPlugin
2025-07-29 09:44:59,283 [INFO] IPUIPlugin:80 - create IPUIPlugin
2025-07-29 09:44:59,283 [INFO] IPUIPlugin:80 - create IPUIPlugin
2025-07-29 09:44:59,283 [INFO] IPUIPlugin:80 - create IPUIPlugin
2025-07-29 09:44:59,283 [INFO] IPUIPlugin:80 - create IPUIPlugin
2025-07-29 09:44:59,284 [INFO] IPUIPlugin:80 - create IPUIPlugin
2025-07-29 09:44:59,284 [INFO] IPUIPlugin:80 - create IPUIPlugin
2025-07-29 09:44:59,284 [INFO] IPUIPlugin:80 - create IPUIPlugin
2025-07-29 09:44:59,284 [INFO] IPUIPlugin:80 - create IPUIPlugin
2025-07-29 09:44:59,284 [INFO] IPUIPlugin:80 - create IPUIPlugin
2025-07-29 09:44:59,284 [INFO] IPUIPlugin:80 - create IPUIPlugin
2025-07-29 09:44:59,284 [INFO] IPUIPlugin:80 - create IPUIPlugin
2025-07-29 09:44:59,285 [INFO] IPUIPlugin:80 - create IPUIPlugin
2025-07-29 09:44:59,285 [INFO] IPUIPlugin:80 - create IPUIPlugin
2025-07-29 09:44:59,285 [INFO] IPUIPlugin:80 - create IPUIPlugin
2025-07-29 09:44:59,285 [INFO] IPUIPlugin:80 - create IPUIPlugin
2025-07-29 09:44:59,285 [INFO] IPUIPlugin:80 - create IPUIPlugin
2025-07-29 09:44:59,286 [INFO] IPUIPlugin:80 - create IPUIPlugin
2025-07-29 09:44:59,286 [INFO] IPUIPlugin:80 - create IPUIPlugin
2025-07-29 09:44:59,286 [INFO] IPUIPlugin:80 - create IPUIPlugin
2025-07-29 09:44:59,286 [INFO] IPUIPlugin:80 - create IPUIPlugin
2025-07-29 09:44:59,286 [INFO] IPUIPlugin:80 - create IPUIPlugin
2025-07-29 09:44:59,286 [INFO] IPUIPlugin:80 - create IPUIPlugin
2025-07-29 09:44:59,286 [INFO] IPUIPlugin:80 - create IPUIPlugin
2025-07-29 09:44:59,287 [INFO] IPUIPlugin:80 - create IPUIPlugin
2025-07-29 09:44:59,287 [INFO] IPUIPlugin:80 - create IPUIPlugin
2025-07-29 09:44:59,287 [INFO] IPUIPlugin:80 - create IPUIPlugin
2025-07-29 09:44:59,287 [INFO] IPUIPlugin:80 - create IPUIPlugin
2025-07-29 09:44:59,287 [INFO] IPUIPlugin:80 - create IPUIPlugin
2025-07-29 09:44:59,288 [INFO] IPUIPlugin:80 - create IPUIPlugin
2025-07-29 09:44:59,288 [INFO] IPUIPlugin:80 - create IPUIPlugin
2025-07-29 09:44:59,288 [INFO] IPUIPlugin:80 - create IPUIPlugin
2025-07-29 09:44:59,288 [INFO] IPUIPlugin:80 - create IPUIPlugin
2025-07-29 09:44:59,288 [INFO] IPUIPlugin:80 - create IPUIPlugin
2025-07-29 09:44:59,289 [INFO] IPUIPlugin:80 - create IPUIPlugin
2025-07-29 09:44:59,299 [INFO] ApiDbMcu:532 - Load IP Config File for PDM2PCM
2025-07-29 09:44:59,303 [INFO] Can:71 - Can Add PropertyChangeListener com.st.microxplorer.plugins.ip.can.Can@38009a2f
2025-07-29 09:44:59,368 [INFO] CADModel:165 - CPN selected for project levelSTM32F722ZET6
2025-07-29 09:44:59,368 [INFO] CADModel:114 - Register for checkConnection events
2025-07-29 09:44:59,469 [INFO] OpenFileManager:386 - Restore cursor
2025-07-29 09:45:58,590 [INFO] UtilMem:75 - End SaveConfig() Used Memory: 675424864 Bytes (811597824)
2025-07-29 09:45:59,681 [INFO] UtilMem:75 - End SaveConfig() Used Memory: 765575320 Bytes (811597824)
2025-07-29 09:46:00,512 [INFO] BlockDiagram:2775 - set Specific Code input for plugin: CAN
2025-07-29 09:46:00,512 [INFO] BlockDiagram:2775 - set Specific Code input for plugin: SYS
2025-07-29 09:46:00,512 [INFO] BlockDiagram:2775 - set Specific Code input for plugin: RCC
2025-07-29 09:46:00,512 [INFO] BlockDiagram:2775 - set Specific Code input for plugin: NVIC
2025-07-29 09:46:00,512 [INFO] BlockDiagram:2775 - set Specific Code input for plugin: USART
2025-07-29 09:46:00,513 [INFO] BlockDiagram:2775 - set Specific Code input for plugin: GPIO
2025-07-29 09:46:00,514 [INFO] CodeGenerator:892 - code generatio: config db path: C:\ST\STM32CubeIDE_1.16.1\STM32CubeIDE\plugins\com.st.stm32cube.common.mx_6.15.0.202507011659\\db\
2025-07-29 09:46:00,773 [INFO] CodeEngine:265 - oldGeneratedFile, C:\Users\Chinnapop\STM32CubeIDE\workspace\fss emulator\MXTmpFiles\license.tmp_save
2025-07-29 09:46:01,064 [INFO] CodeEngine:289 - Generated code: C:\Users\Chinnapop\STM32CubeIDE\workspace\fss emulator\MXTmpFiles\license.tmp
2025-07-29 09:46:01,145 [INFO] CodeEngine:265 - oldGeneratedFile, C:\Users\Chinnapop\STM32CubeIDE\workspace\fss emulator\MXTmpFiles\gpio.tmp_save
2025-07-29 09:46:01,302 [INFO] CodeEngine:289 - Generated code: C:\Users\Chinnapop\STM32CubeIDE\workspace\fss emulator\MXTmpFiles\gpio.tmp
2025-07-29 09:46:01,461 [INFO] CodeEngine:265 - oldGeneratedFile, C:\Users\Chinnapop\STM32CubeIDE\workspace\fss emulator\MXTmpFiles\cortex.tmp_save
2025-07-29 09:46:01,597 [INFO] CodeEngine:289 - Generated code: C:\Users\Chinnapop\STM32CubeIDE\workspace\fss emulator\MXTmpFiles\cortex.tmp
2025-07-29 09:46:01,623 [INFO] CodeEngine:265 - oldGeneratedFile, C:\Users\Chinnapop\STM32CubeIDE\workspace\fss emulator\Core\Src\stm32f7xx_it.c_save
2025-07-29 09:46:01,916 [INFO] CodeEngine:289 - Generated code: C:\Users\Chinnapop\STM32CubeIDE\workspace\fss emulator\Core\Src\stm32f7xx_it.c
2025-07-29 09:46:01,927 [INFO] CodeEngine:265 - oldGeneratedFile, C:\Users\Chinnapop\STM32CubeIDE\workspace\fss emulator\Core\Inc\stm32f7xx_it.h_save
2025-07-29 09:46:02,038 [INFO] CodeEngine:289 - Generated code: C:\Users\Chinnapop\STM32CubeIDE\workspace\fss emulator\Core\Inc\stm32f7xx_it.h
2025-07-29 09:46:02,074 [INFO] CodeEngine:265 - oldGeneratedFile, C:\Users\Chinnapop\STM32CubeIDE\workspace\fss emulator\Core\Src\stm32f7xx_hal_msp.c_save
2025-07-29 09:46:02,241 [INFO] CodeEngine:289 - Generated code: C:\Users\Chinnapop\STM32CubeIDE\workspace\fss emulator\Core\Src\stm32f7xx_hal_msp.c
2025-07-29 09:46:02,251 [INFO] CodeEngine:265 - oldGeneratedFile, C:\Users\Chinnapop\STM32CubeIDE\workspace\fss emulator\MXTmpFiles\system.tmp_save
2025-07-29 09:46:02,329 [INFO] CodeEngine:289 - Generated code: C:\Users\Chinnapop\STM32CubeIDE\workspace\fss emulator\MXTmpFiles\system.tmp
2025-07-29 09:46:02,350 [INFO] CodeEngine:321 - oldGeneratedFile, C:\Users\Chinnapop\STM32CubeIDE\workspace\fss emulator\Core\Inc\stm32f7xx_hal_conf.h_save
2025-07-29 09:46:02,446 [INFO] CodeEngine:345 - Generated code: C:\Users\Chinnapop\STM32CubeIDE\workspace\fss emulator\Core\Inc\stm32f7xx_hal_conf.h
2025-07-29 09:46:02,491 [INFO] ApiDbMcu:532 - Load IP Config File for CAN1
2025-07-29 09:46:02,498 [INFO] ApiDbMcu:532 - Load IP Config File for USART2
2025-07-29 09:46:02,504 [INFO] ApiDbMcu:532 - Load IP Config File for RCC
2025-07-29 09:46:02,522 [INFO] CodeEngine:265 - oldGeneratedFile, C:\Users\Chinnapop\STM32CubeIDE\workspace\fss emulator\Core\Inc\main.h_save
2025-07-29 09:46:02,644 [INFO] CodeEngine:289 - Generated code: C:\Users\Chinnapop\STM32CubeIDE\workspace\fss emulator\Core\Inc\main.h
2025-07-29 09:46:02,656 [INFO] CodeEngine:265 - oldGeneratedFile, C:\Users\Chinnapop\STM32CubeIDE\workspace\fss emulator\Core\Src\main.c_save
2025-07-29 09:46:02,800 [INFO] CodeEngine:289 - Generated code: C:\Users\Chinnapop\STM32CubeIDE\workspace\fss emulator\Core\Src\main.c
2025-07-29 09:46:03,325 [INFO] ProjectBuilder:3606 - Time for Copy HAL[1] : 348mS.
2025-07-29 09:46:03,331 [INFO] ProjectBuilder:5216 - Project Generator version: 4.7.0-B52
2025-07-29 09:46:03,440 [INFO] ConfigFileManager:1595 - The Die is : DIE452
2025-07-29 09:46:03,445 [INFO] ApiDbMcu:532 - Load IP Config File for FATFS
2025-07-29 09:46:03,453 [INFO] ApiDbMcu:532 - Load IP Config File for FREERTOS
2025-07-29 09:46:03,458 [INFO] ApiDbMcu:532 - Load IP Config File for LIBJPEG
2025-07-29 09:46:03,468 [INFO] ApiDbMcu:532 - Load IP Config File for MBEDTLS
2025-07-29 09:46:03,478 [INFO] ApiDbMcu:532 - Load IP Config File for USB_DEVICE
2025-07-29 09:46:03,486 [INFO] ApiDbMcu:532 - Load IP Config File for USB_HOST
2025-07-29 09:46:04,980 [INFO] ProjectBuilder:5496 - Time for Generating toolchain IDE Files: 1648mS.
2025-07-29 09:46:04,981 [INFO] ProjectBuilder:3463 - Time for Copy CMSIS : 1mS.
2025-07-29 09:46:04,989 [INFO] ProjectBuilder:3463 - Time for Copy CMSIS : 0mS.
2025-07-29 09:46:24,003 [INFO] NvicIntPanel:101 - NVIC parent = com.st.microxplorer.plugins.ip.nvic.MultiNvicIntPanel[,0,0,0x0,invalid,layout=javax.swing.BoxLayout,alignmentX=0.0,alignmentY=0.0,border=,flags=9,maximumSize=,minimumSize=,preferredSize=]
2025-07-29 09:46:37,401 [INFO] NvicIntPanel:101 - NVIC parent = com.st.microxplorer.plugins.ip.nvic.MultiNvicIntPanel[,0,0,0x0,invalid,layout=javax.swing.BoxLayout,alignmentX=0.0,alignmentY=0.0,border=,flags=9,maximumSize=,minimumSize=,preferredSize=]
2025-07-29 09:46:43,643 [INFO] UtilMem:75 - End SaveConfig() Used Memory: 415874632 Bytes (811597824)
2025-07-29 09:46:44,286 [INFO] UtilMem:75 - End SaveConfig() Used Memory: 500287048 Bytes (811597824)
2025-07-29 09:46:44,474 [INFO] BlockDiagram:2775 - set Specific Code input for plugin: CAN
2025-07-29 09:46:44,474 [INFO] BlockDiagram:2775 - set Specific Code input for plugin: SYS
2025-07-29 09:46:44,474 [INFO] BlockDiagram:2775 - set Specific Code input for plugin: RCC
2025-07-29 09:46:44,474 [INFO] BlockDiagram:2775 - set Specific Code input for plugin: NVIC
2025-07-29 09:46:44,474 [INFO] BlockDiagram:2775 - set Specific Code input for plugin: USART
2025-07-29 09:46:44,474 [INFO] BlockDiagram:2775 - set Specific Code input for plugin: DMA
2025-07-29 09:46:44,475 [INFO] BlockDiagram:2775 - set Specific Code input for plugin: GPIO
2025-07-29 09:46:44,476 [INFO] CodeGenerator:892 - code generatio: config db path: C:\ST\STM32CubeIDE_1.16.1\STM32CubeIDE\plugins\com.st.stm32cube.common.mx_6.15.0.202507011659\\db\
2025-07-29 09:46:44,560 [INFO] CodeEngine:265 - oldGeneratedFile, C:\Users\Chinnapop\STM32CubeIDE\workspace\fss emulator\MXTmpFiles\license.tmp_save
2025-07-29 09:46:44,619 [INFO] CodeEngine:289 - Generated code: C:\Users\Chinnapop\STM32CubeIDE\workspace\fss emulator\MXTmpFiles\license.tmp
2025-07-29 09:46:44,646 [INFO] CodeEngine:265 - oldGeneratedFile, C:\Users\Chinnapop\STM32CubeIDE\workspace\fss emulator\MXTmpFiles\gpio.tmp_save
2025-07-29 09:46:44,704 [INFO] CodeEngine:289 - Generated code: C:\Users\Chinnapop\STM32CubeIDE\workspace\fss emulator\MXTmpFiles\gpio.tmp
2025-07-29 09:46:44,817 [INFO] CodeEngine:265 - oldGeneratedFile, C:\Users\Chinnapop\STM32CubeIDE\workspace\fss emulator\MXTmpFiles\cortex.tmp_save
2025-07-29 09:46:44,875 [INFO] CodeEngine:289 - Generated code: C:\Users\Chinnapop\STM32CubeIDE\workspace\fss emulator\MXTmpFiles\cortex.tmp
2025-07-29 09:46:44,901 [INFO] CodeEngine:265 - oldGeneratedFile, C:\Users\Chinnapop\STM32CubeIDE\workspace\fss emulator\MXTmpFiles\dma.tmp_save
2025-07-29 09:46:44,958 [INFO] CodeEngine:289 - Generated code: C:\Users\Chinnapop\STM32CubeIDE\workspace\fss emulator\MXTmpFiles\dma.tmp
2025-07-29 09:46:44,970 [INFO] CodeEngine:265 - oldGeneratedFile, C:\Users\Chinnapop\STM32CubeIDE\workspace\fss emulator\MXTmpFiles\dma_GV.tmp_save
2025-07-29 09:46:45,024 [INFO] CodeEngine:289 - Generated code: C:\Users\Chinnapop\STM32CubeIDE\workspace\fss emulator\MXTmpFiles\dma_GV.tmp
2025-07-29 09:46:45,044 [INFO] CodeEngine:265 - oldGeneratedFile, C:\Users\Chinnapop\STM32CubeIDE\workspace\fss emulator\Core\Src\stm32f7xx_it.c_save
2025-07-29 09:46:45,133 [INFO] CodeEngine:289 - Generated code: C:\Users\Chinnapop\STM32CubeIDE\workspace\fss emulator\Core\Src\stm32f7xx_it.c
2025-07-29 09:46:45,147 [INFO] CodeEngine:265 - oldGeneratedFile, C:\Users\Chinnapop\STM32CubeIDE\workspace\fss emulator\Core\Inc\stm32f7xx_it.h_save
2025-07-29 09:46:45,208 [INFO] CodeEngine:289 - Generated code: C:\Users\Chinnapop\STM32CubeIDE\workspace\fss emulator\Core\Inc\stm32f7xx_it.h
2025-07-29 09:46:45,229 [INFO] CodeEngine:265 - oldGeneratedFile, C:\Users\Chinnapop\STM32CubeIDE\workspace\fss emulator\Core\Src\stm32f7xx_hal_msp.c_save
2025-07-29 09:46:45,340 [INFO] CodeEngine:289 - Generated code: C:\Users\Chinnapop\STM32CubeIDE\workspace\fss emulator\Core\Src\stm32f7xx_hal_msp.c
2025-07-29 09:46:45,351 [INFO] CodeEngine:265 - oldGeneratedFile, C:\Users\Chinnapop\STM32CubeIDE\workspace\fss emulator\MXTmpFiles\system.tmp_save
2025-07-29 09:46:45,412 [INFO] CodeEngine:289 - Generated code: C:\Users\Chinnapop\STM32CubeIDE\workspace\fss emulator\MXTmpFiles\system.tmp
2025-07-29 09:46:45,436 [INFO] CodeEngine:321 - oldGeneratedFile, C:\Users\Chinnapop\STM32CubeIDE\workspace\fss emulator\Core\Inc\stm32f7xx_hal_conf.h_save
2025-07-29 09:46:45,498 [INFO] CodeEngine:345 - Generated code: C:\Users\Chinnapop\STM32CubeIDE\workspace\fss emulator\Core\Inc\stm32f7xx_hal_conf.h
2025-07-29 09:46:45,544 [INFO] CodeEngine:265 - oldGeneratedFile, C:\Users\Chinnapop\STM32CubeIDE\workspace\fss emulator\Core\Inc\main.h_save
2025-07-29 09:46:45,610 [INFO] CodeEngine:289 - Generated code: C:\Users\Chinnapop\STM32CubeIDE\workspace\fss emulator\Core\Inc\main.h
2025-07-29 09:46:45,621 [INFO] CodeEngine:265 - oldGeneratedFile, C:\Users\Chinnapop\STM32CubeIDE\workspace\fss emulator\Core\Src\main.c_save
2025-07-29 09:46:45,738 [INFO] CodeEngine:289 - Generated code: C:\Users\Chinnapop\STM32CubeIDE\workspace\fss emulator\Core\Src\main.c
2025-07-29 09:46:46,193 [INFO] ProjectBuilder:3606 - Time for Copy HAL[1] : 322mS.
2025-07-29 09:46:46,199 [INFO] ProjectBuilder:5216 - Project Generator version: 4.7.0-B52
2025-07-29 09:46:46,274 [INFO] ConfigFileManager:1595 - The Die is : DIE452
2025-07-29 09:46:47,172 [INFO] ProjectBuilder:5496 - Time for Generating toolchain IDE Files: 972mS.
2025-07-29 09:46:47,173 [INFO] ProjectBuilder:3463 - Time for Copy CMSIS : 1mS.
2025-07-29 09:46:47,184 [INFO] ProjectBuilder:3463 - Time for Copy CMSIS : 0mS.
2025-07-29 09:48:07,191 [INFO] UtilMem:75 - End SaveConfig() Used Memory: 669450240 Bytes (811597824)
2025-07-29 09:48:07,325 [INFO] BlockDiagram:2775 - set Specific Code input for plugin: CAN
2025-07-29 09:48:07,325 [INFO] BlockDiagram:2775 - set Specific Code input for plugin: SYS
2025-07-29 09:48:07,325 [INFO] BlockDiagram:2775 - set Specific Code input for plugin: RCC
2025-07-29 09:48:07,325 [INFO] BlockDiagram:2775 - set Specific Code input for plugin: NVIC
2025-07-29 09:48:07,325 [INFO] BlockDiagram:2775 - set Specific Code input for plugin: USART
2025-07-29 09:48:07,325 [INFO] BlockDiagram:2775 - set Specific Code input for plugin: DMA
2025-07-29 09:48:07,325 [INFO] BlockDiagram:2775 - set Specific Code input for plugin: GPIO
2025-07-29 09:48:07,327 [INFO] CodeGenerator:892 - code generatio: config db path: C:\ST\STM32CubeIDE_1.16.1\STM32CubeIDE\plugins\com.st.stm32cube.common.mx_6.15.0.202507011659\\db\
2025-07-29 09:48:07,349 [INFO] Argument:325 - Argument : hdmavalue: null
2025-07-29 09:48:07,350 [INFO] Argument:327 - 	 sub Args: 
2025-07-29 09:48:07,350 [INFO] Argument:325 - Argument : Instancevalue: DMA1_Stream5
2025-07-29 09:48:07,350 [INFO] Argument:335 - Argument : Instancevalue: DMA1_Stream5
2025-07-29 09:48:07,350 [INFO] Argument:325 - Argument : Initvalue: null
2025-07-29 09:48:07,350 [INFO] Argument:327 - 	 sub Args: 
2025-07-29 09:48:07,350 [INFO] Argument:325 - Argument : Channelvalue: DMA_CHANNEL_4
2025-07-29 09:48:07,350 [INFO] Argument:335 - Argument : Channelvalue: DMA_CHANNEL_4
2025-07-29 09:48:07,350 [INFO] Argument:325 - Argument : Directionvalue: DMA_PERIPH_TO_MEMORY
2025-07-29 09:48:07,350 [INFO] Argument:335 - Argument : Directionvalue: DMA_PERIPH_TO_MEMORY
2025-07-29 09:48:07,350 [INFO] Argument:325 - Argument : PeriphIncvalue: DMA_PINC_DISABLE
2025-07-29 09:48:07,350 [INFO] Argument:335 - Argument : PeriphIncvalue: DMA_PINC_DISABLE
2025-07-29 09:48:07,350 [INFO] Argument:325 - Argument : MemIncvalue: DMA_MINC_ENABLE
2025-07-29 09:48:07,350 [INFO] Argument:335 - Argument : MemIncvalue: DMA_MINC_ENABLE
2025-07-29 09:48:07,350 [INFO] Argument:325 - Argument : PeriphDataAlignmentvalue: DMA_PDATAALIGN_BYTE
2025-07-29 09:48:07,350 [INFO] Argument:335 - Argument : PeriphDataAlignmentvalue: DMA_PDATAALIGN_BYTE
2025-07-29 09:48:07,350 [INFO] Argument:325 - Argument : MemDataAlignmentvalue: DMA_MDATAALIGN_BYTE
2025-07-29 09:48:07,350 [INFO] Argument:335 - Argument : MemDataAlignmentvalue: DMA_MDATAALIGN_BYTE
2025-07-29 09:48:07,350 [INFO] Argument:325 - Argument : Modevalue: DMA_NORMAL
2025-07-29 09:48:07,351 [INFO] Argument:335 - Argument : Modevalue: DMA_NORMAL
2025-07-29 09:48:07,351 [INFO] Argument:325 - Argument : Priorityvalue: DMA_PRIORITY_LOW
2025-07-29 09:48:07,351 [INFO] Argument:335 - Argument : Priorityvalue: DMA_PRIORITY_LOW
2025-07-29 09:48:07,351 [INFO] Argument:325 - Argument : FIFOModevalue: DMA_FIFOMODE_DISABLE
2025-07-29 09:48:07,351 [INFO] Argument:335 - Argument : FIFOModevalue: DMA_FIFOMODE_DISABLE
2025-07-29 09:48:07,351 [INFO] Argument:325 - Argument : FIFOThresholdvalue: null
2025-07-29 09:48:07,351 [INFO] Argument:335 - Argument : FIFOThresholdvalue: null
2025-07-29 09:48:07,351 [INFO] Argument:325 - Argument : MemBurstvalue: null
2025-07-29 09:48:07,351 [INFO] Argument:335 - Argument : MemBurstvalue: null
2025-07-29 09:48:07,351 [INFO] Argument:325 - Argument : PeriphBurstvalue: null
2025-07-29 09:48:07,351 [INFO] Argument:335 - Argument : PeriphBurstvalue: null
2025-07-29 09:48:07,351 [INFO] Argument:325 - Argument : Lockvalue: null
2025-07-29 09:48:07,351 [INFO] Argument:335 - Argument : Lockvalue: null
2025-07-29 09:48:07,351 [INFO] Argument:325 - Argument : Statevalue: null
2025-07-29 09:48:07,351 [INFO] Argument:335 - Argument : Statevalue: null
2025-07-29 09:48:07,351 [INFO] Argument:325 - Argument : Parentvalue: null
2025-07-29 09:48:07,351 [INFO] Argument:335 - Argument : Parentvalue: null
2025-07-29 09:48:07,351 [INFO] Argument:325 - Argument : XferCpltCallbackvalue: null
2025-07-29 09:48:07,351 [INFO] Argument:335 - Argument : XferCpltCallbackvalue: null
2025-07-29 09:48:07,351 [INFO] Argument:325 - Argument : XferHalfCpltCallbackvalue: null
2025-07-29 09:48:07,351 [INFO] Argument:335 - Argument : XferHalfCpltCallbackvalue: null
2025-07-29 09:48:07,351 [INFO] Argument:325 - Argument : XferM1CpltCallbackvalue: null
2025-07-29 09:48:07,351 [INFO] Argument:335 - Argument : XferM1CpltCallbackvalue: null
2025-07-29 09:48:07,351 [INFO] Argument:325 - Argument : XferErrorCallbackvalue: null
2025-07-29 09:48:07,351 [INFO] Argument:335 - Argument : XferErrorCallbackvalue: null
2025-07-29 09:48:07,351 [INFO] Argument:325 - Argument : ErrorCodevalue: null
2025-07-29 09:48:07,351 [INFO] Argument:335 - Argument : ErrorCodevalue: null
2025-07-29 09:48:07,420 [INFO] CodeEngine:265 - oldGeneratedFile, C:\Users\Chinnapop\STM32CubeIDE\workspace\fss emulator\MXTmpFiles\license.tmp_save
2025-07-29 09:48:07,482 [INFO] CodeEngine:289 - Generated code: C:\Users\Chinnapop\STM32CubeIDE\workspace\fss emulator\MXTmpFiles\license.tmp
2025-07-29 09:48:07,508 [INFO] CodeEngine:265 - oldGeneratedFile, C:\Users\Chinnapop\STM32CubeIDE\workspace\fss emulator\MXTmpFiles\gpio.tmp_save
2025-07-29 09:48:07,565 [INFO] CodeEngine:289 - Generated code: C:\Users\Chinnapop\STM32CubeIDE\workspace\fss emulator\MXTmpFiles\gpio.tmp
2025-07-29 09:48:07,656 [INFO] CodeEngine:265 - oldGeneratedFile, C:\Users\Chinnapop\STM32CubeIDE\workspace\fss emulator\MXTmpFiles\cortex.tmp_save
2025-07-29 09:48:07,711 [INFO] CodeEngine:289 - Generated code: C:\Users\Chinnapop\STM32CubeIDE\workspace\fss emulator\MXTmpFiles\cortex.tmp
2025-07-29 09:48:07,728 [INFO] CodeEngine:265 - oldGeneratedFile, C:\Users\Chinnapop\STM32CubeIDE\workspace\fss emulator\MXTmpFiles\dma.tmp_save
2025-07-29 09:48:07,785 [INFO] CodeEngine:289 - Generated code: C:\Users\Chinnapop\STM32CubeIDE\workspace\fss emulator\MXTmpFiles\dma.tmp
2025-07-29 09:48:07,791 [INFO] CodeEngine:265 - oldGeneratedFile, C:\Users\Chinnapop\STM32CubeIDE\workspace\fss emulator\MXTmpFiles\dma_GV.tmp_save
2025-07-29 09:48:07,853 [INFO] CodeEngine:289 - Generated code: C:\Users\Chinnapop\STM32CubeIDE\workspace\fss emulator\MXTmpFiles\dma_GV.tmp
2025-07-29 09:48:07,882 [INFO] CodeEngine:265 - oldGeneratedFile, C:\Users\Chinnapop\STM32CubeIDE\workspace\fss emulator\Core\Src\stm32f7xx_it.c_save
2025-07-29 09:48:07,998 [INFO] CodeEngine:289 - Generated code: C:\Users\Chinnapop\STM32CubeIDE\workspace\fss emulator\Core\Src\stm32f7xx_it.c
2025-07-29 09:48:08,011 [INFO] CodeEngine:265 - oldGeneratedFile, C:\Users\Chinnapop\STM32CubeIDE\workspace\fss emulator\Core\Inc\stm32f7xx_it.h_save
2025-07-29 09:48:08,107 [INFO] CodeEngine:289 - Generated code: C:\Users\Chinnapop\STM32CubeIDE\workspace\fss emulator\Core\Inc\stm32f7xx_it.h
2025-07-29 09:48:08,133 [INFO] CodeEngine:265 - oldGeneratedFile, C:\Users\Chinnapop\STM32CubeIDE\workspace\fss emulator\Core\Src\stm32f7xx_hal_msp.c_save
2025-07-29 09:48:08,240 [INFO] CodeEngine:289 - Generated code: C:\Users\Chinnapop\STM32CubeIDE\workspace\fss emulator\Core\Src\stm32f7xx_hal_msp.c
2025-07-29 09:48:08,249 [INFO] CodeEngine:265 - oldGeneratedFile, C:\Users\Chinnapop\STM32CubeIDE\workspace\fss emulator\MXTmpFiles\system.tmp_save
2025-07-29 09:48:08,317 [INFO] CodeEngine:289 - Generated code: C:\Users\Chinnapop\STM32CubeIDE\workspace\fss emulator\MXTmpFiles\system.tmp
2025-07-29 09:48:08,343 [INFO] CodeEngine:321 - oldGeneratedFile, C:\Users\Chinnapop\STM32CubeIDE\workspace\fss emulator\Core\Inc\stm32f7xx_hal_conf.h_save
2025-07-29 09:48:08,402 [INFO] CodeEngine:345 - Generated code: C:\Users\Chinnapop\STM32CubeIDE\workspace\fss emulator\Core\Inc\stm32f7xx_hal_conf.h
2025-07-29 09:48:08,457 [INFO] CodeEngine:265 - oldGeneratedFile, C:\Users\Chinnapop\STM32CubeIDE\workspace\fss emulator\Core\Inc\main.h_save
2025-07-29 09:48:08,531 [INFO] CodeEngine:289 - Generated code: C:\Users\Chinnapop\STM32CubeIDE\workspace\fss emulator\Core\Inc\main.h
2025-07-29 09:48:08,544 [INFO] CodeEngine:265 - oldGeneratedFile, C:\Users\Chinnapop\STM32CubeIDE\workspace\fss emulator\Core\Src\main.c_save
2025-07-29 09:48:08,696 [INFO] CodeEngine:289 - Generated code: C:\Users\Chinnapop\STM32CubeIDE\workspace\fss emulator\Core\Src\main.c
2025-07-29 09:48:09,150 [INFO] ProjectBuilder:3606 - Time for Copy HAL[1] : 280mS.
2025-07-29 09:48:09,153 [INFO] ProjectBuilder:5216 - Project Generator version: 4.7.0-B52
2025-07-29 09:48:09,243 [INFO] ConfigFileManager:1595 - The Die is : DIE452
2025-07-29 09:48:10,001 [INFO] ProjectBuilder:5496 - Time for Generating toolchain IDE Files: 848mS.
2025-07-29 09:48:10,003 [INFO] ProjectBuilder:3463 - Time for Copy CMSIS : 1mS.
2025-07-29 09:48:10,006 [INFO] ProjectBuilder:3463 - Time for Copy CMSIS : 0mS.
2025-07-29 09:57:01,034 [INFO] WebApp:194 - Connection lost
2025-07-29 09:57:01,504 [INFO] WebApp:191 - Connection restablished
2025-07-29 10:27:32,008 [INFO] WebApp:194 - Connection lost
2025-07-29 10:27:32,433 [INFO] WebApp:191 - Connection restablished
2025-07-29 10:57:59,001 [INFO] WebApp:194 - Connection lost
2025-07-29 10:57:59,232 [INFO] WebApp:191 - Connection restablished
2025-07-29 11:08:53,637 [INFO] UtilMem:75 - End SaveConfig() Used Memory: 326245632 Bytes (811597824)
2025-07-29 11:08:53,929 [INFO] BlockDiagram:2775 - set Specific Code input for plugin: CAN
2025-07-29 11:08:53,929 [INFO] BlockDiagram:2775 - set Specific Code input for plugin: SYS
2025-07-29 11:08:53,929 [INFO] BlockDiagram:2775 - set Specific Code input for plugin: RCC
2025-07-29 11:08:53,930 [INFO] BlockDiagram:2775 - set Specific Code input for plugin: NVIC
2025-07-29 11:08:53,930 [INFO] BlockDiagram:2775 - set Specific Code input for plugin: USART
2025-07-29 11:08:53,930 [INFO] BlockDiagram:2775 - set Specific Code input for plugin: DMA
2025-07-29 11:08:53,931 [INFO] BlockDiagram:2775 - set Specific Code input for plugin: GPIO
2025-07-29 11:08:53,932 [INFO] CodeGenerator:892 - code generatio: config db path: C:\ST\STM32CubeIDE_1.16.1\STM32CubeIDE\plugins\com.st.stm32cube.common.mx_6.15.0.202507011659\\db\
2025-07-29 11:08:54,054 [INFO] Argument:325 - Argument : hdmavalue: null
2025-07-29 11:08:54,055 [INFO] Argument:327 - 	 sub Args: 
2025-07-29 11:08:54,055 [INFO] Argument:325 - Argument : Instancevalue: DMA1_Stream5
2025-07-29 11:08:54,055 [INFO] Argument:335 - Argument : Instancevalue: DMA1_Stream5
2025-07-29 11:08:54,055 [INFO] Argument:325 - Argument : Initvalue: null
2025-07-29 11:08:54,055 [INFO] Argument:327 - 	 sub Args: 
2025-07-29 11:08:54,055 [INFO] Argument:325 - Argument : Channelvalue: DMA_CHANNEL_4
2025-07-29 11:08:54,055 [INFO] Argument:335 - Argument : Channelvalue: DMA_CHANNEL_4
2025-07-29 11:08:54,055 [INFO] Argument:325 - Argument : Directionvalue: DMA_PERIPH_TO_MEMORY
2025-07-29 11:08:54,055 [INFO] Argument:335 - Argument : Directionvalue: DMA_PERIPH_TO_MEMORY
2025-07-29 11:08:54,055 [INFO] Argument:325 - Argument : PeriphIncvalue: DMA_PINC_DISABLE
2025-07-29 11:08:54,055 [INFO] Argument:335 - Argument : PeriphIncvalue: DMA_PINC_DISABLE
2025-07-29 11:08:54,055 [INFO] Argument:325 - Argument : MemIncvalue: DMA_MINC_ENABLE
2025-07-29 11:08:54,055 [INFO] Argument:335 - Argument : MemIncvalue: DMA_MINC_ENABLE
2025-07-29 11:08:54,055 [INFO] Argument:325 - Argument : PeriphDataAlignmentvalue: DMA_PDATAALIGN_BYTE
2025-07-29 11:08:54,055 [INFO] Argument:335 - Argument : PeriphDataAlignmentvalue: DMA_PDATAALIGN_BYTE
2025-07-29 11:08:54,055 [INFO] Argument:325 - Argument : MemDataAlignmentvalue: DMA_MDATAALIGN_BYTE
2025-07-29 11:08:54,056 [INFO] Argument:335 - Argument : MemDataAlignmentvalue: DMA_MDATAALIGN_BYTE
2025-07-29 11:08:54,056 [INFO] Argument:325 - Argument : Modevalue: DMA_NORMAL
2025-07-29 11:08:54,056 [INFO] Argument:335 - Argument : Modevalue: DMA_NORMAL
2025-07-29 11:08:54,056 [INFO] Argument:325 - Argument : Priorityvalue: DMA_PRIORITY_LOW
2025-07-29 11:08:54,057 [INFO] Argument:335 - Argument : Priorityvalue: DMA_PRIORITY_LOW
2025-07-29 11:08:54,057 [INFO] Argument:325 - Argument : FIFOModevalue: DMA_FIFOMODE_DISABLE
2025-07-29 11:08:54,057 [INFO] Argument:335 - Argument : FIFOModevalue: DMA_FIFOMODE_DISABLE
2025-07-29 11:08:54,057 [INFO] Argument:325 - Argument : FIFOThresholdvalue: null
2025-07-29 11:08:54,057 [INFO] Argument:335 - Argument : FIFOThresholdvalue: null
2025-07-29 11:08:54,057 [INFO] Argument:325 - Argument : MemBurstvalue: null
2025-07-29 11:08:54,057 [INFO] Argument:335 - Argument : MemBurstvalue: null
2025-07-29 11:08:54,057 [INFO] Argument:325 - Argument : PeriphBurstvalue: null
2025-07-29 11:08:54,057 [INFO] Argument:335 - Argument : PeriphBurstvalue: null
2025-07-29 11:08:54,057 [INFO] Argument:325 - Argument : Lockvalue: null
2025-07-29 11:08:54,057 [INFO] Argument:335 - Argument : Lockvalue: null
2025-07-29 11:08:54,057 [INFO] Argument:325 - Argument : Statevalue: null
2025-07-29 11:08:54,057 [INFO] Argument:335 - Argument : Statevalue: null
2025-07-29 11:08:54,057 [INFO] Argument:325 - Argument : Parentvalue: null
2025-07-29 11:08:54,057 [INFO] Argument:335 - Argument : Parentvalue: null
2025-07-29 11:08:54,057 [INFO] Argument:325 - Argument : XferCpltCallbackvalue: null
2025-07-29 11:08:54,058 [INFO] Argument:335 - Argument : XferCpltCallbackvalue: null
2025-07-29 11:08:54,058 [INFO] Argument:325 - Argument : XferHalfCpltCallbackvalue: null
2025-07-29 11:08:54,058 [INFO] Argument:335 - Argument : XferHalfCpltCallbackvalue: null
2025-07-29 11:08:54,058 [INFO] Argument:325 - Argument : XferM1CpltCallbackvalue: null
2025-07-29 11:08:54,058 [INFO] Argument:335 - Argument : XferM1CpltCallbackvalue: null
2025-07-29 11:08:54,058 [INFO] Argument:325 - Argument : XferErrorCallbackvalue: null
2025-07-29 11:08:54,058 [INFO] Argument:335 - Argument : XferErrorCallbackvalue: null
2025-07-29 11:08:54,058 [INFO] Argument:325 - Argument : ErrorCodevalue: null
2025-07-29 11:08:54,058 [INFO] Argument:335 - Argument : ErrorCodevalue: null
2025-07-29 11:08:54,126 [INFO] CodeEngine:265 - oldGeneratedFile, C:\Users\Chinnapop\STM32CubeIDE\workspace\fss emulator\MXTmpFiles\license.tmp_save
2025-07-29 11:08:54,413 [INFO] CodeEngine:289 - Generated code: C:\Users\Chinnapop\STM32CubeIDE\workspace\fss emulator\MXTmpFiles\license.tmp
2025-07-29 11:08:54,465 [INFO] CodeEngine:265 - oldGeneratedFile, C:\Users\Chinnapop\STM32CubeIDE\workspace\fss emulator\MXTmpFiles\gpio.tmp_save
2025-07-29 11:08:54,624 [INFO] CodeEngine:289 - Generated code: C:\Users\Chinnapop\STM32CubeIDE\workspace\fss emulator\MXTmpFiles\gpio.tmp
2025-07-29 11:08:54,803 [INFO] CodeEngine:265 - oldGeneratedFile, C:\Users\Chinnapop\STM32CubeIDE\workspace\fss emulator\MXTmpFiles\cortex.tmp_save
2025-07-29 11:08:54,935 [INFO] CodeEngine:289 - Generated code: C:\Users\Chinnapop\STM32CubeIDE\workspace\fss emulator\MXTmpFiles\cortex.tmp
2025-07-29 11:08:54,959 [INFO] CodeEngine:265 - oldGeneratedFile, C:\Users\Chinnapop\STM32CubeIDE\workspace\fss emulator\MXTmpFiles\dma.tmp_save
2025-07-29 11:08:55,084 [INFO] CodeEngine:289 - Generated code: C:\Users\Chinnapop\STM32CubeIDE\workspace\fss emulator\MXTmpFiles\dma.tmp
2025-07-29 11:08:55,092 [INFO] CodeEngine:265 - oldGeneratedFile, C:\Users\Chinnapop\STM32CubeIDE\workspace\fss emulator\MXTmpFiles\dma_GV.tmp_save
2025-07-29 11:08:55,191 [INFO] CodeEngine:289 - Generated code: C:\Users\Chinnapop\STM32CubeIDE\workspace\fss emulator\MXTmpFiles\dma_GV.tmp
2025-07-29 11:08:55,221 [INFO] CodeEngine:265 - oldGeneratedFile, C:\Users\Chinnapop\STM32CubeIDE\workspace\fss emulator\Core\Src\stm32f7xx_it.c_save
2025-07-29 11:08:55,560 [INFO] CodeEngine:289 - Generated code: C:\Users\Chinnapop\STM32CubeIDE\workspace\fss emulator\Core\Src\stm32f7xx_it.c
2025-07-29 11:08:55,571 [INFO] CodeEngine:265 - oldGeneratedFile, C:\Users\Chinnapop\STM32CubeIDE\workspace\fss emulator\Core\Inc\stm32f7xx_it.h_save
2025-07-29 11:08:55,715 [INFO] CodeEngine:289 - Generated code: C:\Users\Chinnapop\STM32CubeIDE\workspace\fss emulator\Core\Inc\stm32f7xx_it.h
2025-07-29 11:08:55,749 [INFO] CodeEngine:265 - oldGeneratedFile, C:\Users\Chinnapop\STM32CubeIDE\workspace\fss emulator\Core\Src\stm32f7xx_hal_msp.c_save
2025-07-29 11:08:56,039 [INFO] CodeEngine:289 - Generated code: C:\Users\Chinnapop\STM32CubeIDE\workspace\fss emulator\Core\Src\stm32f7xx_hal_msp.c
2025-07-29 11:08:56,058 [INFO] CodeEngine:265 - oldGeneratedFile, C:\Users\Chinnapop\STM32CubeIDE\workspace\fss emulator\MXTmpFiles\system.tmp_save
2025-07-29 11:08:56,207 [INFO] CodeEngine:289 - Generated code: C:\Users\Chinnapop\STM32CubeIDE\workspace\fss emulator\MXTmpFiles\system.tmp
2025-07-29 11:08:56,242 [INFO] CodeEngine:321 - oldGeneratedFile, C:\Users\Chinnapop\STM32CubeIDE\workspace\fss emulator\Core\Inc\stm32f7xx_hal_conf.h_save
2025-07-29 11:08:56,376 [INFO] CodeEngine:345 - Generated code: C:\Users\Chinnapop\STM32CubeIDE\workspace\fss emulator\Core\Inc\stm32f7xx_hal_conf.h
2025-07-29 11:08:56,481 [INFO] CodeEngine:265 - oldGeneratedFile, C:\Users\Chinnapop\STM32CubeIDE\workspace\fss emulator\Core\Inc\main.h_save
2025-07-29 11:08:56,757 [INFO] CodeEngine:289 - Generated code: C:\Users\Chinnapop\STM32CubeIDE\workspace\fss emulator\Core\Inc\main.h
2025-07-29 11:08:56,791 [INFO] CodeEngine:265 - oldGeneratedFile, C:\Users\Chinnapop\STM32CubeIDE\workspace\fss emulator\Core\Src\main.c_save
2025-07-29 11:08:57,006 [INFO] CodeEngine:289 - Generated code: C:\Users\Chinnapop\STM32CubeIDE\workspace\fss emulator\Core\Src\main.c
2025-07-29 11:08:57,595 [INFO] ProjectBuilder:3606 - Time for Copy HAL[1] : 368mS.
2025-07-29 11:08:57,607 [INFO] ProjectBuilder:5216 - Project Generator version: 4.7.0-B52
2025-07-29 11:08:57,711 [INFO] ConfigFileManager:1595 - The Die is : DIE452
2025-07-29 11:08:58,737 [INFO] ProjectBuilder:5496 - Time for Generating toolchain IDE Files: 1131mS.
2025-07-29 11:08:58,739 [INFO] ProjectBuilder:3463 - Time for Copy CMSIS : 2mS.
2025-07-29 11:08:58,743 [INFO] ProjectBuilder:3463 - Time for Copy CMSIS : 0mS.
2025-07-29 11:28:15,504 [INFO] WebApp:194 - Connection lost
2025-07-29 11:28:15,980 [INFO] WebApp:191 - Connection restablished
2025-07-29 11:54:58,320 [INFO] NvicIntPanel:101 - NVIC parent = com.st.microxplorer.plugins.ip.nvic.MultiNvicIntPanel[,0,0,0x0,invalid,layout=javax.swing.BoxLayout,alignmentX=0.0,alignmentY=0.0,border=,flags=9,maximumSize=,minimumSize=,preferredSize=]
2025-07-29 11:58:42,503 [INFO] WebApp:194 - Connection lost
2025-07-29 11:58:42,951 [INFO] WebApp:191 - Connection restablished
2025-07-29 12:00:19,269 [INFO] UtilMem:75 - End SaveConfig() Used Memory: 509131768 Bytes (845152256)
2025-07-29 12:00:21,317 [INFO] UtilMem:75 - End SaveConfig() Used Memory: 655325168 Bytes (845152256)
2025-07-29 12:00:21,588 [INFO] BlockDiagram:2775 - set Specific Code input for plugin: TIM6_7F7
2025-07-29 12:00:21,589 [INFO] BlockDiagram:2775 - set Specific Code input for plugin: CAN
2025-07-29 12:00:21,589 [INFO] BlockDiagram:2775 - set Specific Code input for plugin: SYS
2025-07-29 12:00:21,589 [INFO] BlockDiagram:2775 - set Specific Code input for plugin: RCC
2025-07-29 12:00:21,589 [INFO] BlockDiagram:2775 - set Specific Code input for plugin: NVIC
2025-07-29 12:00:21,589 [INFO] BlockDiagram:2775 - set Specific Code input for plugin: USART
2025-07-29 12:00:21,589 [INFO] BlockDiagram:2775 - set Specific Code input for plugin: DMA
2025-07-29 12:00:21,589 [INFO] BlockDiagram:2775 - set Specific Code input for plugin: GPIO
2025-07-29 12:00:21,591 [INFO] CodeGenerator:892 - code generatio: config db path: C:\ST\STM32CubeIDE_1.16.1\STM32CubeIDE\plugins\com.st.stm32cube.common.mx_6.15.0.202507011659\\db\
2025-07-29 12:00:21,645 [INFO] Argument:325 - Argument : hdmavalue: null
2025-07-29 12:00:21,645 [INFO] Argument:327 - 	 sub Args: 
2025-07-29 12:00:21,645 [INFO] Argument:325 - Argument : Instancevalue: DMA1_Stream5
2025-07-29 12:00:21,645 [INFO] Argument:335 - Argument : Instancevalue: DMA1_Stream5
2025-07-29 12:00:21,645 [INFO] Argument:325 - Argument : Initvalue: null
2025-07-29 12:00:21,646 [INFO] Argument:327 - 	 sub Args: 
2025-07-29 12:00:21,646 [INFO] Argument:325 - Argument : Channelvalue: DMA_CHANNEL_4
2025-07-29 12:00:21,646 [INFO] Argument:335 - Argument : Channelvalue: DMA_CHANNEL_4
2025-07-29 12:00:21,646 [INFO] Argument:325 - Argument : Directionvalue: DMA_PERIPH_TO_MEMORY
2025-07-29 12:00:21,646 [INFO] Argument:335 - Argument : Directionvalue: DMA_PERIPH_TO_MEMORY
2025-07-29 12:00:21,646 [INFO] Argument:325 - Argument : PeriphIncvalue: DMA_PINC_DISABLE
2025-07-29 12:00:21,646 [INFO] Argument:335 - Argument : PeriphIncvalue: DMA_PINC_DISABLE
2025-07-29 12:00:21,646 [INFO] Argument:325 - Argument : MemIncvalue: DMA_MINC_ENABLE
2025-07-29 12:00:21,646 [INFO] Argument:335 - Argument : MemIncvalue: DMA_MINC_ENABLE
2025-07-29 12:00:21,646 [INFO] Argument:325 - Argument : PeriphDataAlignmentvalue: DMA_PDATAALIGN_BYTE
2025-07-29 12:00:21,646 [INFO] Argument:335 - Argument : PeriphDataAlignmentvalue: DMA_PDATAALIGN_BYTE
2025-07-29 12:00:21,646 [INFO] Argument:325 - Argument : MemDataAlignmentvalue: DMA_MDATAALIGN_BYTE
2025-07-29 12:00:21,646 [INFO] Argument:335 - Argument : MemDataAlignmentvalue: DMA_MDATAALIGN_BYTE
2025-07-29 12:00:21,646 [INFO] Argument:325 - Argument : Modevalue: DMA_NORMAL
2025-07-29 12:00:21,646 [INFO] Argument:335 - Argument : Modevalue: DMA_NORMAL
2025-07-29 12:00:21,646 [INFO] Argument:325 - Argument : Priorityvalue: DMA_PRIORITY_LOW
2025-07-29 12:00:21,646 [INFO] Argument:335 - Argument : Priorityvalue: DMA_PRIORITY_LOW
2025-07-29 12:00:21,646 [INFO] Argument:325 - Argument : FIFOModevalue: DMA_FIFOMODE_DISABLE
2025-07-29 12:00:21,647 [INFO] Argument:335 - Argument : FIFOModevalue: DMA_FIFOMODE_DISABLE
2025-07-29 12:00:21,647 [INFO] Argument:325 - Argument : FIFOThresholdvalue: null
2025-07-29 12:00:21,647 [INFO] Argument:335 - Argument : FIFOThresholdvalue: null
2025-07-29 12:00:21,647 [INFO] Argument:325 - Argument : MemBurstvalue: null
2025-07-29 12:00:21,647 [INFO] Argument:335 - Argument : MemBurstvalue: null
2025-07-29 12:00:21,647 [INFO] Argument:325 - Argument : PeriphBurstvalue: null
2025-07-29 12:00:21,647 [INFO] Argument:335 - Argument : PeriphBurstvalue: null
2025-07-29 12:00:21,647 [INFO] Argument:325 - Argument : Lockvalue: null
2025-07-29 12:00:21,647 [INFO] Argument:335 - Argument : Lockvalue: null
2025-07-29 12:00:21,647 [INFO] Argument:325 - Argument : Statevalue: null
2025-07-29 12:00:21,647 [INFO] Argument:335 - Argument : Statevalue: null
2025-07-29 12:00:21,647 [INFO] Argument:325 - Argument : Parentvalue: null
2025-07-29 12:00:21,647 [INFO] Argument:335 - Argument : Parentvalue: null
2025-07-29 12:00:21,648 [INFO] Argument:325 - Argument : XferCpltCallbackvalue: null
2025-07-29 12:00:21,648 [INFO] Argument:335 - Argument : XferCpltCallbackvalue: null
2025-07-29 12:00:21,648 [INFO] Argument:325 - Argument : XferHalfCpltCallbackvalue: null
2025-07-29 12:00:21,648 [INFO] Argument:335 - Argument : XferHalfCpltCallbackvalue: null
2025-07-29 12:00:21,648 [INFO] Argument:325 - Argument : XferM1CpltCallbackvalue: null
2025-07-29 12:00:21,648 [INFO] Argument:335 - Argument : XferM1CpltCallbackvalue: null
2025-07-29 12:00:21,648 [INFO] Argument:325 - Argument : XferErrorCallbackvalue: null
2025-07-29 12:00:21,648 [INFO] Argument:335 - Argument : XferErrorCallbackvalue: null
2025-07-29 12:00:21,648 [INFO] Argument:325 - Argument : ErrorCodevalue: null
2025-07-29 12:00:21,648 [INFO] Argument:335 - Argument : ErrorCodevalue: null
2025-07-29 12:00:21,728 [INFO] CodeEngine:265 - oldGeneratedFile, C:\Users\Chinnapop\STM32CubeIDE\workspace\fss emulator\MXTmpFiles\license.tmp_save
2025-07-29 12:00:22,056 [INFO] CodeEngine:289 - Generated code: C:\Users\Chinnapop\STM32CubeIDE\workspace\fss emulator\MXTmpFiles\license.tmp
2025-07-29 12:00:22,100 [INFO] CodeEngine:265 - oldGeneratedFile, C:\Users\Chinnapop\STM32CubeIDE\workspace\fss emulator\MXTmpFiles\gpio.tmp_save
2025-07-29 12:00:22,287 [INFO] CodeEngine:289 - Generated code: C:\Users\Chinnapop\STM32CubeIDE\workspace\fss emulator\MXTmpFiles\gpio.tmp
2025-07-29 12:00:22,545 [INFO] CodeEngine:265 - oldGeneratedFile, C:\Users\Chinnapop\STM32CubeIDE\workspace\fss emulator\MXTmpFiles\cortex.tmp_save
2025-07-29 12:00:22,701 [INFO] CodeEngine:289 - Generated code: C:\Users\Chinnapop\STM32CubeIDE\workspace\fss emulator\MXTmpFiles\cortex.tmp
2025-07-29 12:00:22,723 [INFO] CodeEngine:265 - oldGeneratedFile, C:\Users\Chinnapop\STM32CubeIDE\workspace\fss emulator\MXTmpFiles\dma.tmp_save
2025-07-29 12:00:22,862 [INFO] CodeEngine:289 - Generated code: C:\Users\Chinnapop\STM32CubeIDE\workspace\fss emulator\MXTmpFiles\dma.tmp
2025-07-29 12:00:22,869 [INFO] CodeEngine:265 - oldGeneratedFile, C:\Users\Chinnapop\STM32CubeIDE\workspace\fss emulator\MXTmpFiles\dma_GV.tmp_save
2025-07-29 12:00:22,995 [INFO] CodeEngine:289 - Generated code: C:\Users\Chinnapop\STM32CubeIDE\workspace\fss emulator\MXTmpFiles\dma_GV.tmp
2025-07-29 12:00:23,025 [INFO] CodeEngine:265 - oldGeneratedFile, C:\Users\Chinnapop\STM32CubeIDE\workspace\fss emulator\Core\Src\stm32f7xx_it.c_save
2025-07-29 12:00:23,267 [INFO] CodeEngine:289 - Generated code: C:\Users\Chinnapop\STM32CubeIDE\workspace\fss emulator\Core\Src\stm32f7xx_it.c
2025-07-29 12:00:23,278 [INFO] CodeEngine:265 - oldGeneratedFile, C:\Users\Chinnapop\STM32CubeIDE\workspace\fss emulator\Core\Inc\stm32f7xx_it.h_save
2025-07-29 12:00:23,363 [INFO] CodeEngine:289 - Generated code: C:\Users\Chinnapop\STM32CubeIDE\workspace\fss emulator\Core\Inc\stm32f7xx_it.h
2025-07-29 12:00:23,387 [INFO] CodeEngine:265 - oldGeneratedFile, C:\Users\Chinnapop\STM32CubeIDE\workspace\fss emulator\Core\Src\stm32f7xx_hal_msp.c_save
2025-07-29 12:00:23,540 [INFO] CodeEngine:289 - Generated code: C:\Users\Chinnapop\STM32CubeIDE\workspace\fss emulator\Core\Src\stm32f7xx_hal_msp.c
2025-07-29 12:00:23,550 [INFO] CodeEngine:265 - oldGeneratedFile, C:\Users\Chinnapop\STM32CubeIDE\workspace\fss emulator\MXTmpFiles\system.tmp_save
2025-07-29 12:00:23,612 [INFO] CodeEngine:289 - Generated code: C:\Users\Chinnapop\STM32CubeIDE\workspace\fss emulator\MXTmpFiles\system.tmp
2025-07-29 12:00:23,633 [INFO] CodeEngine:321 - oldGeneratedFile, C:\Users\Chinnapop\STM32CubeIDE\workspace\fss emulator\Core\Inc\stm32f7xx_hal_conf.h_save
2025-07-29 12:00:23,716 [INFO] CodeEngine:345 - Generated code: C:\Users\Chinnapop\STM32CubeIDE\workspace\fss emulator\Core\Inc\stm32f7xx_hal_conf.h
2025-07-29 12:00:23,757 [INFO] ApiDbMcu:532 - Load IP Config File for TIM7
2025-07-29 12:00:23,759 [WARN] IPConfigManager:3811 - IP not found : TIM
2025-07-29 12:00:23,761 [WARN] CodeGenerator:4259 - IP not found : null
2025-07-29 12:00:23,773 [INFO] CodeEngine:265 - oldGeneratedFile, C:\Users\Chinnapop\STM32CubeIDE\workspace\fss emulator\Core\Inc\main.h_save
2025-07-29 12:00:23,881 [INFO] CodeEngine:289 - Generated code: C:\Users\Chinnapop\STM32CubeIDE\workspace\fss emulator\Core\Inc\main.h
2025-07-29 12:00:23,892 [INFO] CodeEngine:265 - oldGeneratedFile, C:\Users\Chinnapop\STM32CubeIDE\workspace\fss emulator\Core\Src\main.c_save
2025-07-29 12:00:24,021 [INFO] CodeEngine:289 - Generated code: C:\Users\Chinnapop\STM32CubeIDE\workspace\fss emulator\Core\Src\main.c
2025-07-29 12:00:24,454 [INFO] ProjectBuilder:3606 - Time for Copy HAL[1] : 305mS.
2025-07-29 12:00:24,459 [INFO] ProjectBuilder:5216 - Project Generator version: 4.7.0-B52
2025-07-29 12:00:24,539 [INFO] ConfigFileManager:1595 - The Die is : DIE452
2025-07-29 12:00:25,641 [INFO] ProjectBuilder:5496 - Time for Generating toolchain IDE Files: 1182mS.
2025-07-29 12:00:25,644 [INFO] ProjectBuilder:3463 - Time for Copy CMSIS : 1mS.
2025-07-29 12:00:25,651 [INFO] ProjectBuilder:3463 - Time for Copy CMSIS : 0mS.
2025-07-29 12:04:11,527 [INFO] NvicIntPanel:101 - NVIC parent = com.st.microxplorer.plugins.ip.nvic.MultiNvicIntPanel[,0,0,0x0,invalid,layout=javax.swing.BoxLayout,alignmentX=0.0,alignmentY=0.0,border=,flags=9,maximumSize=,minimumSize=,preferredSize=]
2025-07-29 12:04:14,043 [INFO] UtilMem:75 - End SaveConfig() Used Memory: 458082736 Bytes (845152256)
2025-07-29 12:04:14,490 [INFO] UtilMem:75 - End SaveConfig() Used Memory: 544065968 Bytes (845152256)
2025-07-29 12:04:14,595 [INFO] BlockDiagram:2775 - set Specific Code input for plugin: TIM6_7F7
2025-07-29 12:04:14,595 [INFO] BlockDiagram:2775 - set Specific Code input for plugin: CAN
2025-07-29 12:04:14,595 [INFO] BlockDiagram:2775 - set Specific Code input for plugin: SYS
2025-07-29 12:04:14,595 [INFO] BlockDiagram:2775 - set Specific Code input for plugin: RCC
2025-07-29 12:04:14,595 [INFO] BlockDiagram:2775 - set Specific Code input for plugin: NVIC
2025-07-29 12:04:14,595 [INFO] BlockDiagram:2775 - set Specific Code input for plugin: USART
2025-07-29 12:04:14,595 [INFO] BlockDiagram:2775 - set Specific Code input for plugin: DMA
2025-07-29 12:04:14,597 [INFO] BlockDiagram:2775 - set Specific Code input for plugin: GPIO
2025-07-29 12:04:14,598 [INFO] CodeGenerator:892 - code generatio: config db path: C:\ST\STM32CubeIDE_1.16.1\STM32CubeIDE\plugins\com.st.stm32cube.common.mx_6.15.0.202507011659\\db\
2025-07-29 12:04:14,620 [INFO] Argument:325 - Argument : hdmavalue: null
2025-07-29 12:04:14,620 [INFO] Argument:327 - 	 sub Args: 
2025-07-29 12:04:14,620 [INFO] Argument:325 - Argument : Instancevalue: DMA1_Stream5
2025-07-29 12:04:14,620 [INFO] Argument:335 - Argument : Instancevalue: DMA1_Stream5
2025-07-29 12:04:14,620 [INFO] Argument:325 - Argument : Initvalue: null
2025-07-29 12:04:14,620 [INFO] Argument:327 - 	 sub Args: 
2025-07-29 12:04:14,620 [INFO] Argument:325 - Argument : Channelvalue: DMA_CHANNEL_4
2025-07-29 12:04:14,620 [INFO] Argument:335 - Argument : Channelvalue: DMA_CHANNEL_4
2025-07-29 12:04:14,620 [INFO] Argument:325 - Argument : Directionvalue: DMA_PERIPH_TO_MEMORY
2025-07-29 12:04:14,620 [INFO] Argument:335 - Argument : Directionvalue: DMA_PERIPH_TO_MEMORY
2025-07-29 12:04:14,620 [INFO] Argument:325 - Argument : PeriphIncvalue: DMA_PINC_DISABLE
2025-07-29 12:04:14,620 [INFO] Argument:335 - Argument : PeriphIncvalue: DMA_PINC_DISABLE
2025-07-29 12:04:14,620 [INFO] Argument:325 - Argument : MemIncvalue: DMA_MINC_ENABLE
2025-07-29 12:04:14,620 [INFO] Argument:335 - Argument : MemIncvalue: DMA_MINC_ENABLE
2025-07-29 12:04:14,620 [INFO] Argument:325 - Argument : PeriphDataAlignmentvalue: DMA_PDATAALIGN_BYTE
2025-07-29 12:04:14,620 [INFO] Argument:335 - Argument : PeriphDataAlignmentvalue: DMA_PDATAALIGN_BYTE
2025-07-29 12:04:14,620 [INFO] Argument:325 - Argument : MemDataAlignmentvalue: DMA_MDATAALIGN_BYTE
2025-07-29 12:04:14,620 [INFO] Argument:335 - Argument : MemDataAlignmentvalue: DMA_MDATAALIGN_BYTE
2025-07-29 12:04:14,620 [INFO] Argument:325 - Argument : Modevalue: DMA_NORMAL
2025-07-29 12:04:14,620 [INFO] Argument:335 - Argument : Modevalue: DMA_NORMAL
2025-07-29 12:04:14,620 [INFO] Argument:325 - Argument : Priorityvalue: DMA_PRIORITY_LOW
2025-07-29 12:04:14,620 [INFO] Argument:335 - Argument : Priorityvalue: DMA_PRIORITY_LOW
2025-07-29 12:04:14,620 [INFO] Argument:325 - Argument : FIFOModevalue: DMA_FIFOMODE_DISABLE
2025-07-29 12:04:14,620 [INFO] Argument:335 - Argument : FIFOModevalue: DMA_FIFOMODE_DISABLE
2025-07-29 12:04:14,620 [INFO] Argument:325 - Argument : FIFOThresholdvalue: null
2025-07-29 12:04:14,620 [INFO] Argument:335 - Argument : FIFOThresholdvalue: null
2025-07-29 12:04:14,620 [INFO] Argument:325 - Argument : MemBurstvalue: null
2025-07-29 12:04:14,620 [INFO] Argument:335 - Argument : MemBurstvalue: null
2025-07-29 12:04:14,620 [INFO] Argument:325 - Argument : PeriphBurstvalue: null
2025-07-29 12:04:14,620 [INFO] Argument:335 - Argument : PeriphBurstvalue: null
2025-07-29 12:04:14,620 [INFO] Argument:325 - Argument : Lockvalue: null
2025-07-29 12:04:14,620 [INFO] Argument:335 - Argument : Lockvalue: null
2025-07-29 12:04:14,620 [INFO] Argument:325 - Argument : Statevalue: null
2025-07-29 12:04:14,620 [INFO] Argument:335 - Argument : Statevalue: null
2025-07-29 12:04:14,620 [INFO] Argument:325 - Argument : Parentvalue: null
2025-07-29 12:04:14,620 [INFO] Argument:335 - Argument : Parentvalue: null
2025-07-29 12:04:14,620 [INFO] Argument:325 - Argument : XferCpltCallbackvalue: null
2025-07-29 12:04:14,620 [INFO] Argument:335 - Argument : XferCpltCallbackvalue: null
2025-07-29 12:04:14,620 [INFO] Argument:325 - Argument : XferHalfCpltCallbackvalue: null
2025-07-29 12:04:14,620 [INFO] Argument:335 - Argument : XferHalfCpltCallbackvalue: null
2025-07-29 12:04:14,620 [INFO] Argument:325 - Argument : XferM1CpltCallbackvalue: null
2025-07-29 12:04:14,620 [INFO] Argument:335 - Argument : XferM1CpltCallbackvalue: null
2025-07-29 12:04:14,620 [INFO] Argument:325 - Argument : XferErrorCallbackvalue: null
2025-07-29 12:04:14,620 [INFO] Argument:335 - Argument : XferErrorCallbackvalue: null
2025-07-29 12:04:14,620 [INFO] Argument:325 - Argument : ErrorCodevalue: null
2025-07-29 12:04:14,620 [INFO] Argument:335 - Argument : ErrorCodevalue: null
2025-07-29 12:04:14,667 [INFO] CodeEngine:265 - oldGeneratedFile, C:\Users\Chinnapop\STM32CubeIDE\workspace\fss emulator\MXTmpFiles\license.tmp_save
2025-07-29 12:04:14,729 [INFO] CodeEngine:289 - Generated code: C:\Users\Chinnapop\STM32CubeIDE\workspace\fss emulator\MXTmpFiles\license.tmp
2025-07-29 12:04:14,755 [INFO] CodeEngine:265 - oldGeneratedFile, C:\Users\Chinnapop\STM32CubeIDE\workspace\fss emulator\MXTmpFiles\gpio.tmp_save
2025-07-29 12:04:14,815 [INFO] CodeEngine:289 - Generated code: C:\Users\Chinnapop\STM32CubeIDE\workspace\fss emulator\MXTmpFiles\gpio.tmp
2025-07-29 12:04:14,945 [INFO] CodeEngine:265 - oldGeneratedFile, C:\Users\Chinnapop\STM32CubeIDE\workspace\fss emulator\MXTmpFiles\cortex.tmp_save
2025-07-29 12:04:14,999 [INFO] CodeEngine:289 - Generated code: C:\Users\Chinnapop\STM32CubeIDE\workspace\fss emulator\MXTmpFiles\cortex.tmp
2025-07-29 12:04:15,014 [INFO] CodeEngine:265 - oldGeneratedFile, C:\Users\Chinnapop\STM32CubeIDE\workspace\fss emulator\MXTmpFiles\dma.tmp_save
2025-07-29 12:04:15,068 [INFO] CodeEngine:289 - Generated code: C:\Users\Chinnapop\STM32CubeIDE\workspace\fss emulator\MXTmpFiles\dma.tmp
2025-07-29 12:04:15,075 [INFO] CodeEngine:265 - oldGeneratedFile, C:\Users\Chinnapop\STM32CubeIDE\workspace\fss emulator\MXTmpFiles\dma_GV.tmp_save
2025-07-29 12:04:15,135 [INFO] CodeEngine:289 - Generated code: C:\Users\Chinnapop\STM32CubeIDE\workspace\fss emulator\MXTmpFiles\dma_GV.tmp
2025-07-29 12:04:15,163 [INFO] CodeEngine:265 - oldGeneratedFile, C:\Users\Chinnapop\STM32CubeIDE\workspace\fss emulator\Core\Src\stm32f7xx_it.c_save
2025-07-29 12:04:15,259 [INFO] CodeEngine:289 - Generated code: C:\Users\Chinnapop\STM32CubeIDE\workspace\fss emulator\Core\Src\stm32f7xx_it.c
2025-07-29 12:04:15,275 [INFO] CodeEngine:265 - oldGeneratedFile, C:\Users\Chinnapop\STM32CubeIDE\workspace\fss emulator\Core\Inc\stm32f7xx_it.h_save
2025-07-29 12:04:15,352 [INFO] CodeEngine:289 - Generated code: C:\Users\Chinnapop\STM32CubeIDE\workspace\fss emulator\Core\Inc\stm32f7xx_it.h
2025-07-29 12:04:15,386 [INFO] CodeEngine:265 - oldGeneratedFile, C:\Users\Chinnapop\STM32CubeIDE\workspace\fss emulator\Core\Src\stm32f7xx_hal_msp.c_save
2025-07-29 12:04:15,486 [INFO] CodeEngine:289 - Generated code: C:\Users\Chinnapop\STM32CubeIDE\workspace\fss emulator\Core\Src\stm32f7xx_hal_msp.c
2025-07-29 12:04:15,494 [INFO] CodeEngine:265 - oldGeneratedFile, C:\Users\Chinnapop\STM32CubeIDE\workspace\fss emulator\MXTmpFiles\system.tmp_save
2025-07-29 12:04:15,556 [INFO] CodeEngine:289 - Generated code: C:\Users\Chinnapop\STM32CubeIDE\workspace\fss emulator\MXTmpFiles\system.tmp
2025-07-29 12:04:15,587 [INFO] CodeEngine:321 - oldGeneratedFile, C:\Users\Chinnapop\STM32CubeIDE\workspace\fss emulator\Core\Inc\stm32f7xx_hal_conf.h_save
2025-07-29 12:04:15,690 [INFO] CodeEngine:345 - Generated code: C:\Users\Chinnapop\STM32CubeIDE\workspace\fss emulator\Core\Inc\stm32f7xx_hal_conf.h
2025-07-29 12:04:15,717 [WARN] IPConfigManager:3811 - IP not found : TIM
2025-07-29 12:04:15,718 [WARN] CodeGenerator:4259 - IP not found : null
2025-07-29 12:04:15,727 [INFO] CodeEngine:265 - oldGeneratedFile, C:\Users\Chinnapop\STM32CubeIDE\workspace\fss emulator\Core\Inc\main.h_save
2025-07-29 12:04:15,799 [INFO] CodeEngine:289 - Generated code: C:\Users\Chinnapop\STM32CubeIDE\workspace\fss emulator\Core\Inc\main.h
2025-07-29 12:04:15,810 [INFO] CodeEngine:265 - oldGeneratedFile, C:\Users\Chinnapop\STM32CubeIDE\workspace\fss emulator\Core\Src\main.c_save
2025-07-29 12:04:15,942 [INFO] CodeEngine:289 - Generated code: C:\Users\Chinnapop\STM32CubeIDE\workspace\fss emulator\Core\Src\main.c
2025-07-29 12:04:16,442 [INFO] ProjectBuilder:3606 - Time for Copy HAL[1] : 258mS.
2025-07-29 12:04:16,446 [INFO] ProjectBuilder:5216 - Project Generator version: 4.7.0-B52
2025-07-29 12:04:16,510 [INFO] ConfigFileManager:1595 - The Die is : DIE452
2025-07-29 12:04:17,221 [INFO] ProjectBuilder:5496 - Time for Generating toolchain IDE Files: 775mS.
2025-07-29 12:04:17,222 [INFO] ProjectBuilder:3463 - Time for Copy CMSIS : 1mS.
2025-07-29 12:04:17,226 [INFO] ProjectBuilder:3463 - Time for Copy CMSIS : 0mS.
2025-07-29 12:05:13,923 [INFO] UtilMem:75 - End SaveConfig() Used Memory: 458210552 Bytes (859832320)
2025-07-29 12:05:16,195 [INFO] UtilMem:75 - End SaveConfig() Used Memory: 560971000 Bytes (859832320)
2025-07-29 12:05:16,297 [INFO] BlockDiagram:2775 - set Specific Code input for plugin: CAN
2025-07-29 12:05:16,297 [INFO] BlockDiagram:2775 - set Specific Code input for plugin: SYS
2025-07-29 12:05:16,297 [INFO] BlockDiagram:2775 - set Specific Code input for plugin: RCC
2025-07-29 12:05:16,297 [INFO] BlockDiagram:2775 - set Specific Code input for plugin: NVIC
2025-07-29 12:05:16,297 [INFO] BlockDiagram:2775 - set Specific Code input for plugin: USART
2025-07-29 12:05:16,297 [INFO] BlockDiagram:2775 - set Specific Code input for plugin: DMA
2025-07-29 12:05:16,297 [INFO] BlockDiagram:2775 - set Specific Code input for plugin: GPIO
2025-07-29 12:05:16,299 [INFO] CodeGenerator:892 - code generatio: config db path: C:\ST\STM32CubeIDE_1.16.1\STM32CubeIDE\plugins\com.st.stm32cube.common.mx_6.15.0.202507011659\\db\
2025-07-29 12:05:16,316 [INFO] Argument:325 - Argument : hdmavalue: null
2025-07-29 12:05:16,316 [INFO] Argument:327 - 	 sub Args: 
2025-07-29 12:05:16,316 [INFO] Argument:325 - Argument : Instancevalue: DMA1_Stream5
2025-07-29 12:05:16,316 [INFO] Argument:335 - Argument : Instancevalue: DMA1_Stream5
2025-07-29 12:05:16,316 [INFO] Argument:325 - Argument : Initvalue: null
2025-07-29 12:05:16,316 [INFO] Argument:327 - 	 sub Args: 
2025-07-29 12:05:16,316 [INFO] Argument:325 - Argument : Channelvalue: DMA_CHANNEL_4
2025-07-29 12:05:16,316 [INFO] Argument:335 - Argument : Channelvalue: DMA_CHANNEL_4
2025-07-29 12:05:16,316 [INFO] Argument:325 - Argument : Directionvalue: DMA_PERIPH_TO_MEMORY
2025-07-29 12:05:16,316 [INFO] Argument:335 - Argument : Directionvalue: DMA_PERIPH_TO_MEMORY
2025-07-29 12:05:16,316 [INFO] Argument:325 - Argument : PeriphIncvalue: DMA_PINC_DISABLE
2025-07-29 12:05:16,316 [INFO] Argument:335 - Argument : PeriphIncvalue: DMA_PINC_DISABLE
2025-07-29 12:05:16,316 [INFO] Argument:325 - Argument : MemIncvalue: DMA_MINC_ENABLE
2025-07-29 12:05:16,316 [INFO] Argument:335 - Argument : MemIncvalue: DMA_MINC_ENABLE
2025-07-29 12:05:16,316 [INFO] Argument:325 - Argument : PeriphDataAlignmentvalue: DMA_PDATAALIGN_BYTE
2025-07-29 12:05:16,316 [INFO] Argument:335 - Argument : PeriphDataAlignmentvalue: DMA_PDATAALIGN_BYTE
2025-07-29 12:05:16,316 [INFO] Argument:325 - Argument : MemDataAlignmentvalue: DMA_MDATAALIGN_BYTE
2025-07-29 12:05:16,316 [INFO] Argument:335 - Argument : MemDataAlignmentvalue: DMA_MDATAALIGN_BYTE
2025-07-29 12:05:16,316 [INFO] Argument:325 - Argument : Modevalue: DMA_NORMAL
2025-07-29 12:05:16,316 [INFO] Argument:335 - Argument : Modevalue: DMA_NORMAL
2025-07-29 12:05:16,316 [INFO] Argument:325 - Argument : Priorityvalue: DMA_PRIORITY_LOW
2025-07-29 12:05:16,317 [INFO] Argument:335 - Argument : Priorityvalue: DMA_PRIORITY_LOW
2025-07-29 12:05:16,317 [INFO] Argument:325 - Argument : FIFOModevalue: DMA_FIFOMODE_DISABLE
2025-07-29 12:05:16,317 [INFO] Argument:335 - Argument : FIFOModevalue: DMA_FIFOMODE_DISABLE
2025-07-29 12:05:16,317 [INFO] Argument:325 - Argument : FIFOThresholdvalue: null
2025-07-29 12:05:16,317 [INFO] Argument:335 - Argument : FIFOThresholdvalue: null
2025-07-29 12:05:16,317 [INFO] Argument:325 - Argument : MemBurstvalue: null
2025-07-29 12:05:16,317 [INFO] Argument:335 - Argument : MemBurstvalue: null
2025-07-29 12:05:16,317 [INFO] Argument:325 - Argument : PeriphBurstvalue: null
2025-07-29 12:05:16,317 [INFO] Argument:335 - Argument : PeriphBurstvalue: null
2025-07-29 12:05:16,317 [INFO] Argument:325 - Argument : Lockvalue: null
2025-07-29 12:05:16,317 [INFO] Argument:335 - Argument : Lockvalue: null
2025-07-29 12:05:16,317 [INFO] Argument:325 - Argument : Statevalue: null
2025-07-29 12:05:16,317 [INFO] Argument:335 - Argument : Statevalue: null
2025-07-29 12:05:16,317 [INFO] Argument:325 - Argument : Parentvalue: null
2025-07-29 12:05:16,317 [INFO] Argument:335 - Argument : Parentvalue: null
2025-07-29 12:05:16,317 [INFO] Argument:325 - Argument : XferCpltCallbackvalue: null
2025-07-29 12:05:16,317 [INFO] Argument:335 - Argument : XferCpltCallbackvalue: null
2025-07-29 12:05:16,317 [INFO] Argument:325 - Argument : XferHalfCpltCallbackvalue: null
2025-07-29 12:05:16,317 [INFO] Argument:335 - Argument : XferHalfCpltCallbackvalue: null
2025-07-29 12:05:16,317 [INFO] Argument:325 - Argument : XferM1CpltCallbackvalue: null
2025-07-29 12:05:16,317 [INFO] Argument:335 - Argument : XferM1CpltCallbackvalue: null
2025-07-29 12:05:16,317 [INFO] Argument:325 - Argument : XferErrorCallbackvalue: null
2025-07-29 12:05:16,317 [INFO] Argument:335 - Argument : XferErrorCallbackvalue: null
2025-07-29 12:05:16,317 [INFO] Argument:325 - Argument : ErrorCodevalue: null
2025-07-29 12:05:16,317 [INFO] Argument:335 - Argument : ErrorCodevalue: null
2025-07-29 12:05:16,364 [INFO] CodeEngine:265 - oldGeneratedFile, C:\Users\Chinnapop\STM32CubeIDE\workspace\fss emulator\MXTmpFiles\license.tmp_save
2025-07-29 12:05:16,417 [INFO] CodeEngine:289 - Generated code: C:\Users\Chinnapop\STM32CubeIDE\workspace\fss emulator\MXTmpFiles\license.tmp
2025-07-29 12:05:16,440 [INFO] CodeEngine:265 - oldGeneratedFile, C:\Users\Chinnapop\STM32CubeIDE\workspace\fss emulator\MXTmpFiles\gpio.tmp_save
2025-07-29 12:05:16,497 [INFO] CodeEngine:289 - Generated code: C:\Users\Chinnapop\STM32CubeIDE\workspace\fss emulator\MXTmpFiles\gpio.tmp
2025-07-29 12:05:16,590 [INFO] CodeEngine:265 - oldGeneratedFile, C:\Users\Chinnapop\STM32CubeIDE\workspace\fss emulator\MXTmpFiles\cortex.tmp_save
2025-07-29 12:05:16,653 [INFO] CodeEngine:289 - Generated code: C:\Users\Chinnapop\STM32CubeIDE\workspace\fss emulator\MXTmpFiles\cortex.tmp
2025-07-29 12:05:16,679 [INFO] CodeEngine:265 - oldGeneratedFile, C:\Users\Chinnapop\STM32CubeIDE\workspace\fss emulator\MXTmpFiles\dma.tmp_save
2025-07-29 12:05:16,751 [INFO] CodeEngine:289 - Generated code: C:\Users\Chinnapop\STM32CubeIDE\workspace\fss emulator\MXTmpFiles\dma.tmp
2025-07-29 12:05:16,762 [INFO] CodeEngine:265 - oldGeneratedFile, C:\Users\Chinnapop\STM32CubeIDE\workspace\fss emulator\MXTmpFiles\dma_GV.tmp_save
2025-07-29 12:05:16,841 [INFO] CodeEngine:289 - Generated code: C:\Users\Chinnapop\STM32CubeIDE\workspace\fss emulator\MXTmpFiles\dma_GV.tmp
2025-07-29 12:05:16,867 [INFO] CodeEngine:265 - oldGeneratedFile, C:\Users\Chinnapop\STM32CubeIDE\workspace\fss emulator\Core\Src\stm32f7xx_it.c_save
2025-07-29 12:05:16,955 [INFO] CodeEngine:289 - Generated code: C:\Users\Chinnapop\STM32CubeIDE\workspace\fss emulator\Core\Src\stm32f7xx_it.c
2025-07-29 12:05:16,965 [INFO] CodeEngine:265 - oldGeneratedFile, C:\Users\Chinnapop\STM32CubeIDE\workspace\fss emulator\Core\Inc\stm32f7xx_it.h_save
2025-07-29 12:05:17,031 [INFO] CodeEngine:289 - Generated code: C:\Users\Chinnapop\STM32CubeIDE\workspace\fss emulator\Core\Inc\stm32f7xx_it.h
2025-07-29 12:05:17,054 [INFO] CodeEngine:265 - oldGeneratedFile, C:\Users\Chinnapop\STM32CubeIDE\workspace\fss emulator\Core\Src\stm32f7xx_hal_msp.c_save
2025-07-29 12:05:17,142 [INFO] CodeEngine:289 - Generated code: C:\Users\Chinnapop\STM32CubeIDE\workspace\fss emulator\Core\Src\stm32f7xx_hal_msp.c
2025-07-29 12:05:17,150 [INFO] CodeEngine:265 - oldGeneratedFile, C:\Users\Chinnapop\STM32CubeIDE\workspace\fss emulator\MXTmpFiles\system.tmp_save
2025-07-29 12:05:17,208 [INFO] CodeEngine:289 - Generated code: C:\Users\Chinnapop\STM32CubeIDE\workspace\fss emulator\MXTmpFiles\system.tmp
2025-07-29 12:05:17,222 [INFO] CodeEngine:321 - oldGeneratedFile, C:\Users\Chinnapop\STM32CubeIDE\workspace\fss emulator\Core\Inc\stm32f7xx_hal_conf.h_save
2025-07-29 12:05:17,281 [INFO] CodeEngine:345 - Generated code: C:\Users\Chinnapop\STM32CubeIDE\workspace\fss emulator\Core\Inc\stm32f7xx_hal_conf.h
2025-07-29 12:05:17,311 [INFO] CodeEngine:265 - oldGeneratedFile, C:\Users\Chinnapop\STM32CubeIDE\workspace\fss emulator\Core\Inc\main.h_save
2025-07-29 12:05:17,369 [INFO] CodeEngine:289 - Generated code: C:\Users\Chinnapop\STM32CubeIDE\workspace\fss emulator\Core\Inc\main.h
2025-07-29 12:05:17,378 [INFO] CodeEngine:265 - oldGeneratedFile, C:\Users\Chinnapop\STM32CubeIDE\workspace\fss emulator\Core\Src\main.c_save
2025-07-29 12:05:17,475 [INFO] CodeEngine:289 - Generated code: C:\Users\Chinnapop\STM32CubeIDE\workspace\fss emulator\Core\Src\main.c
2025-07-29 12:05:17,804 [INFO] ProjectBuilder:3606 - Time for Copy HAL[1] : 220mS.
2025-07-29 12:05:17,809 [INFO] ProjectBuilder:5216 - Project Generator version: 4.7.0-B52
2025-07-29 12:05:17,870 [INFO] ConfigFileManager:1595 - The Die is : DIE452
2025-07-29 12:05:18,537 [INFO] ProjectBuilder:5496 - Time for Generating toolchain IDE Files: 728mS.
2025-07-29 12:05:18,539 [INFO] ProjectBuilder:3463 - Time for Copy CMSIS : 2mS.
2025-07-29 12:05:18,553 [INFO] ProjectBuilder:3463 - Time for Copy CMSIS : 0mS.
2025-07-29 12:29:19,006 [INFO] WebApp:194 - Connection lost
2025-07-29 12:29:19,544 [INFO] WebApp:191 - Connection restablished
2025-07-29 12:59:50,005 [INFO] WebApp:194 - Connection lost
2025-07-29 12:59:50,339 [INFO] WebApp:191 - Connection restablished
2025-07-29 13:30:53,019 [INFO] WebApp:194 - Connection lost
2025-07-29 13:30:53,364 [INFO] WebApp:191 - Connection restablished
2025-07-29 14:01:20,005 [INFO] WebApp:194 - Connection lost
2025-07-29 14:01:20,494 [INFO] WebApp:191 - Connection restablished
2025-07-29 14:31:52,510 [INFO] WebApp:194 - Connection lost
2025-07-29 14:31:52,860 [INFO] WebApp:191 - Connection restablished
2025-07-29 15:02:45,010 [INFO] WebApp:194 - Connection lost
2025-07-29 15:02:45,407 [INFO] WebApp:191 - Connection restablished
2025-07-29 15:33:34,999 [INFO] WebApp:194 - Connection lost
2025-07-29 15:33:35,495 [INFO] WebApp:191 - Connection restablished
2025-07-29 16:04:24,506 [INFO] WebApp:194 - Connection lost
2025-07-29 16:04:25,115 [INFO] WebApp:191 - Connection restablished
2025-07-29 16:34:37,551 [INFO] WebApp:194 - Connection lost
2025-07-29 16:34:38,114 [INFO] WebApp:191 - Connection restablished
2025-07-29 16:52:52,025 [ERROR] LogOutputStream:75 - [STDERR_REDIRECT] 
