2026-01-07 10:53:24,574 [INFO] Activator:176 - 


2026-01-07 10:53:24,592 [INFO] Activator:177 - !SESSION log4j initialized
2026-01-07 10:53:56,464 [INFO] LogOutputStream:77 - [STDOUT_REDIRECT] 
2026-01-07 10:54:07,581 [INFO] ApplicationProperties:184 - Using Application install path: C:\ST\STM32CubeIDE_1.16.1\STM32CubeIDE\plugins\com.st.stm32cube.common.mx_6.15.0.202507011659
2026-01-07 10:54:07,676 [INFO] DbMcusXml:78 - Set database path to: C:\ST\STM32CubeIDE_1.16.1\STM32CubeIDE\plugins\com.st.stm32cube.common.mx_6.15.0.202507011659\\db\/mcu/
2026-01-07 10:54:07,677 [INFO] ApiDb:274 - Set plugin database path to: C:\ST\STM32CubeIDE_1.16.1\STM32CubeIDE\plugins\com.st.stm32cube.common.mx_6.15.0.202507011659\\db\/plugins/boardmanager/
2026-01-07 10:54:07,678 [WARN] ApiDb:259 - Overriding images path with different value:  => C:\ST\STM32CubeIDE_1.16.1\STM32CubeIDE\plugins\com.st.stm32cube.common.mx_6.15.0.202507011659\\db\/plugins/mcufinder/images/
2026-01-07 10:54:07,701 [INFO] ApiDb:250 - Set database path to: C:\Users\Chinnapop\.stmcufinder\plugins\mcufinder//mcu/
2026-01-07 10:54:07,704 [INFO] DbMcusAds:125 - Set database path to: C:\Users\Chinnapop\.stmcufinder\plugins\mcufinder//mcu/
2026-01-07 10:54:07,709 [INFO] CrossReferenceDbSqlite:203 - Set database path to: C:\Users\Chinnapop\.stmcufinder\plugins\mcufinder//mcu/cs/
2026-01-07 10:54:08,104 [INFO] RulesReader:64 - Compatibility file has been processed (317 Rules)
2026-01-07 10:54:08,725 [INFO] DbMcusXml:78 - Set database path to: C:\ST\STM32CubeIDE_1.16.1\STM32CubeIDE\plugins\com.st.stm32cube.common.mx_6.15.0.202507011659\\db\/mcu/
2026-01-07 10:54:08,726 [INFO] ApiDb:274 - Set plugin database path to: C:\ST\STM32CubeIDE_1.16.1\STM32CubeIDE\plugins\com.st.stm32cube.common.mx_6.15.0.202507011659\\db\/plugins/boardmanager/
2026-01-07 10:54:08,728 [INFO] ApiDb:261 - Set plugin images path to: C:\ST\STM32CubeIDE_1.16.1\STM32CubeIDE\plugins\com.st.stm32cube.common.mx_6.15.0.202507011659\\db\/plugins/mcufinder/images/
2026-01-07 10:54:08,728 [WARN] DbFile:41 - Overriding database path with different value: C:\Users\Chinnapop\.stmcufinder\plugins\mcufinder/ => C:\Users\Chinnapop\.stmcufinder\plugins\mcufinder
2026-01-07 10:54:08,730 [INFO] ApiDb:250 - Set database path to: C:\Users\Chinnapop\.stmcufinder\plugins\mcufinder//mcu/
2026-01-07 10:54:08,730 [WARN] DbFile:41 - Overriding database path with different value: C:\Users\Chinnapop\.stmcufinder\plugins\mcufinder/ => C:\Users\Chinnapop\.stmcufinder\plugins\mcufinder
2026-01-07 10:54:08,730 [INFO] DbMcusAds:125 - Set database path to: C:\Users\Chinnapop\.stmcufinder\plugins\mcufinder//mcu/
2026-01-07 10:54:08,731 [WARN] DbFile:41 - Overriding database path with different value: C:\Users\Chinnapop\.stmcufinder\plugins\mcufinder/ => C:\Users\Chinnapop\.stmcufinder\plugins\mcufinder
2026-01-07 10:54:08,731 [WARN] DbFile:41 - Overriding database path with different value: C:\Users\Chinnapop\.stmcufinder\plugins\mcufinder/ => C:\Users\Chinnapop\.stmcufinder\plugins\mcufinder
2026-01-07 10:54:08,732 [INFO] CrossReferenceDbSqlite:203 - Set database path to: C:\Users\Chinnapop\.stmcufinder\plugins\mcufinder//mcu/cs/
2026-01-07 10:54:09,005 [INFO] MainPanel:274 - HeapMemory: 292552704
2026-01-07 10:54:09,371 [INFO] DbMcusXml:78 - Set database path to: C:\ST\STM32CubeIDE_1.16.1\STM32CubeIDE\plugins\com.st.stm32cube.common.mx_6.15.0.202507011659\\db\/mcu/
2026-01-07 10:54:09,372 [INFO] ApiDb:274 - Set plugin database path to: C:\ST\STM32CubeIDE_1.16.1\STM32CubeIDE\plugins\com.st.stm32cube.common.mx_6.15.0.202507011659\\db\/plugins/boardmanager/
2026-01-07 10:54:09,372 [INFO] ApiDb:261 - Set plugin images path to: C:\ST\STM32CubeIDE_1.16.1\STM32CubeIDE\plugins\com.st.stm32cube.common.mx_6.15.0.202507011659\\db\/plugins/mcufinder/images/
2026-01-07 10:54:09,375 [WARN] DbFile:41 - Overriding database path with different value: C:\Users\Chinnapop\.stmcufinder\plugins\mcufinder/ => C:\Users\Chinnapop\.stmcufinder\plugins\mcufinder
2026-01-07 10:54:09,375 [INFO] ApiDb:250 - Set database path to: C:\Users\Chinnapop\.stmcufinder\plugins\mcufinder//mcu/
2026-01-07 10:54:09,376 [WARN] DbFile:41 - Overriding database path with different value: C:\Users\Chinnapop\.stmcufinder\plugins\mcufinder/ => C:\Users\Chinnapop\.stmcufinder\plugins\mcufinder
2026-01-07 10:54:09,376 [INFO] DbMcusAds:125 - Set database path to: C:\Users\Chinnapop\.stmcufinder\plugins\mcufinder//mcu/
2026-01-07 10:54:09,377 [WARN] DbFile:41 - Overriding database path with different value: C:\Users\Chinnapop\.stmcufinder\plugins\mcufinder/ => C:\Users\Chinnapop\.stmcufinder\plugins\mcufinder
2026-01-07 10:54:09,377 [WARN] DbFile:41 - Overriding database path with different value: C:\Users\Chinnapop\.stmcufinder\plugins\mcufinder/ => C:\Users\Chinnapop\.stmcufinder\plugins\mcufinder
2026-01-07 10:54:09,378 [INFO] CrossReferenceDbSqlite:203 - Set database path to: C:\Users\Chinnapop\.stmcufinder\plugins\mcufinder//mcu/cs/
2026-01-07 10:54:09,436 [INFO] ApplicationProperties:184 - Using Application install path: C:\ST\STM32CubeIDE_1.16.1\STM32CubeIDE\plugins\com.st.stm32cube.common.mx_6.15.0.202507011659
2026-01-07 10:54:09,440 [INFO] PluginManage:196 - Search for loadable plugins [exclusion list=, ]
2026-01-07 10:54:09,444 [INFO] PluginManage:310 - Check plugin analytics
2026-01-07 10:54:10,082 [INFO] AnalyticsPlugin:253 - Accepted Software Licenses: 
2026-01-07 10:54:10,082 [INFO] AnalyticsPlugin:255 - Accepted CMSIS Pack Licenses: 
2026-01-07 10:54:10,082 [INFO] AnalyticsPlugin:257 - Accepted Firmware Licenses: FW.F7.1.17.0
2026-01-07 10:54:10,092 [INFO] PluginManage:359 - Loaded plugin analytics (category:tool,tabindex:-1)
2026-01-07 10:54:10,093 [INFO] PluginManage:310 - Check plugin cadmodel
2026-01-07 10:54:10,132 [INFO] CADModel:105 - Init CAD model plugin
2026-01-07 10:54:10,132 [INFO] PluginManage:359 - Loaded plugin cadmodel (category:power,tabindex:5)
2026-01-07 10:54:10,133 [INFO] PluginManage:310 - Check plugin clock
2026-01-07 10:54:10,184 [INFO] PluginManage:359 - Loaded plugin clock (category:base,tabindex:2)
2026-01-07 10:54:10,184 [INFO] PluginManage:310 - Check plugin ddr
2026-01-07 10:54:10,190 [INFO] PluginManage:359 - Loaded plugin ddr (category:tool,tabindex:6)
2026-01-07 10:54:10,191 [INFO] PluginManage:310 - Check plugin filemanager
2026-01-07 10:54:10,602 [INFO] PluginManage:359 - Loaded plugin filemanager (category:base,tabindex:10)
2026-01-07 10:54:10,602 [INFO] PluginManage:310 - Check plugin ipmanager
2026-01-07 10:54:10,619 [INFO] PluginManage:359 - Loaded plugin ipmanager (category:base,tabindex:5)
2026-01-07 10:54:10,620 [INFO] PluginManage:310 - Check plugin lpbam
2026-01-07 10:54:10,659 [INFO] PluginManage:359 - Loaded plugin lpbam (category:base,tabindex:0)
2026-01-07 10:54:10,659 [INFO] PluginManage:310 - Check plugin memorymap
2026-01-07 10:54:10,728 [INFO] PluginManage:359 - Loaded plugin memorymap (category:base,tabindex:4)
2026-01-07 10:54:10,728 [INFO] PluginManage:310 - Check plugin pinoutandconfiguration
2026-01-07 10:54:10,783 [INFO] PluginManage:359 - Loaded plugin pinoutandconfiguration (category:base,tabindex:1)
2026-01-07 10:54:10,783 [INFO] PluginManage:310 - Check plugin pinoutconfig
2026-01-07 10:54:11,041 [WARN] SupportedApi:132 - Cannot load RTOS API schema: s4s-elt-must-match.1: The content of 'definitions' must match (annotation?, (simpleType | complexType)?, (unique | key | keyref)*)). A problem was found starting at: attribute.
2026-01-07 10:54:11,361 [INFO] PluginManage:359 - Loaded plugin pinoutconfig (category:base,tabindex:0)
2026-01-07 10:54:11,363 [INFO] PluginManage:310 - Check plugin power
2026-01-07 10:54:11,428 [INFO] PluginManage:359 - Loaded plugin power (category:power,tabindex:4)
2026-01-07 10:54:11,428 [INFO] PluginManage:310 - Check plugin projectmanager
2026-01-07 10:54:11,470 [INFO] PluginManage:359 - Loaded plugin projectmanager (category:projectmanager,tabindex:4)
2026-01-07 10:54:11,471 [INFO] PluginManage:310 - Check plugin rif
2026-01-07 10:54:11,521 [INFO] PluginManage:359 - Loaded plugin rif (category:base,tabindex:3)
2026-01-07 10:54:11,521 [INFO] PluginManage:310 - Check plugin thirdparty
2026-01-07 10:54:12,458 [INFO] PluginManage:359 - Loaded plugin thirdparty (category:base,tabindex:-1)
2026-01-07 10:54:12,458 [WARN] IntegrityCheckThread:84 - waiting for thirdparty lock release [integrity check]
2026-01-07 10:54:12,459 [INFO] IntegrityCheckThread:86 - entering critical section [integrity check]
2026-01-07 10:54:12,459 [INFO] PluginManage:310 - Check plugin tools
2026-01-07 10:54:12,460 [INFO] ThirdPartyUpdaterWithRetryManager:70 - Updater plugin not ready yet. [1/15]
2026-01-07 10:54:12,611 [INFO] PluginManage:359 - Loaded plugin tools (category:base,tabindex:7)
2026-01-07 10:54:12,613 [INFO] PluginManage:310 - Check plugin tutovideos
2026-01-07 10:54:13,180 [INFO] PluginManage:359 - Loaded plugin tutovideos (category:base,tabindex:-1)
2026-01-07 10:54:13,180 [INFO] PluginManage:310 - Check plugin updater
2026-01-07 10:54:13,226 [INFO] PluginManage:359 - Loaded plugin updater (category:base,tabindex:12)
2026-01-07 10:54:13,226 [INFO] PluginManage:310 - Check plugin userauth
2026-01-07 10:54:13,236 [INFO] UserAuth:118 - Init User Auth plugin
2026-01-07 10:54:13,238 [INFO] PluginManage:359 - Loaded plugin userauth (category:base,tabindex:14)
2026-01-07 10:54:13,238 [INFO] PluginManage:283 - PluginManage : Loaded plugins [18]
2026-01-07 10:54:13,833 [INFO] PinOutPanel:1589 - setPackage(No Configuration,No Configuration)
2026-01-07 10:54:14,030 [INFO] CADModel:165 - CPN selected for project level
2026-01-07 10:54:14,031 [INFO] CADModel:114 - Register for checkConnection events
2026-01-07 10:54:14,088 [INFO] IPUIPlugin:80 - create IPUIPlugin
2026-01-07 10:54:14,088 [INFO] PluginManager:220 - loadIPPluginJar : add adc
2026-01-07 10:54:14,191 [INFO] IPUIPlugin:80 - create IPUIPlugin
2026-01-07 10:54:14,191 [INFO] PluginManager:220 - loadIPPluginJar : add aes
2026-01-07 10:54:14,352 [INFO] IPUIPlugin:80 - create IPUIPlugin
2026-01-07 10:54:14,352 [INFO] PluginManager:220 - loadIPPluginJar : add can
2026-01-07 10:54:14,464 [INFO] IPUIPlugin:80 - create IPUIPlugin
2026-01-07 10:54:14,465 [INFO] PluginManager:220 - loadIPPluginJar : add comp
2026-01-07 10:54:14,614 [INFO] IPUIPlugin:80 - create IPUIPlugin
2026-01-07 10:54:14,614 [INFO] PluginManager:220 - loadIPPluginJar : add cryp
2026-01-07 10:54:14,651 [INFO] IPUIPlugin:80 - create IPUIPlugin
2026-01-07 10:54:14,651 [INFO] PluginManager:220 - loadIPPluginJar : add ddr_ctrl_phy
2026-01-07 10:54:14,724 [INFO] IPUIPlugin:80 - create IPUIPlugin
2026-01-07 10:54:14,726 [INFO] PluginManager:220 - loadIPPluginJar : add dfsdm
2026-01-07 10:54:14,776 [INFO] IPUIPlugin:80 - create IPUIPlugin
2026-01-07 10:54:14,777 [INFO] PluginManager:220 - loadIPPluginJar : add dma
2026-01-07 10:54:14,940 [INFO] IPUIPlugin:80 - create IPUIPlugin
2026-01-07 10:54:14,941 [INFO] PluginManager:220 - loadIPPluginJar : add dma3
2026-01-07 10:54:15,091 [INFO] IPUIPlugin:80 - create IPUIPlugin
2026-01-07 10:54:15,092 [INFO] PluginManager:220 - loadIPPluginJar : add extmemmanager
2026-01-07 10:54:15,180 [INFO] IPUIPlugin:80 - create IPUIPlugin
2026-01-07 10:54:15,181 [INFO] PluginManager:220 - loadIPPluginJar : add fatfs
2026-01-07 10:54:15,436 [INFO] IPUIPlugin:80 - create IPUIPlugin
2026-01-07 10:54:15,438 [INFO] PluginManager:220 - loadIPPluginJar : add fmc
2026-01-07 10:54:15,467 [INFO] ThirdPartyUpdaterWithRetryManager:70 - Updater plugin not ready yet. [2/15]
2026-01-07 10:54:15,484 [INFO] IPUIPlugin:80 - create IPUIPlugin
2026-01-07 10:54:15,485 [INFO] PluginManager:220 - loadIPPluginJar : add freertos
2026-01-07 10:54:15,557 [INFO] IPUIPlugin:80 - create IPUIPlugin
2026-01-07 10:54:15,558 [INFO] PluginManager:220 - loadIPPluginJar : add genericplugin
2026-01-07 10:54:15,954 [INFO] IPUIPlugin:80 - create IPUIPlugin
2026-01-07 10:54:15,954 [INFO] PluginManager:220 - loadIPPluginJar : add gfxmmu
2026-01-07 10:54:16,394 [INFO] IPUIPlugin:80 - create IPUIPlugin
2026-01-07 10:54:16,394 [INFO] PluginManager:220 - loadIPPluginJar : add gic
2026-01-07 10:54:16,436 [INFO] IPUIPlugin:80 - create IPUIPlugin
2026-01-07 10:54:16,436 [INFO] PluginManager:220 - loadIPPluginJar : add gpio
2026-01-07 10:54:16,769 [INFO] IPUIPlugin:80 - create IPUIPlugin
2026-01-07 10:54:16,770 [INFO] PluginManager:220 - loadIPPluginJar : add gtzc
2026-01-07 10:54:16,843 [INFO] IPUIPlugin:80 - create IPUIPlugin
2026-01-07 10:54:16,844 [INFO] PluginManager:220 - loadIPPluginJar : add hash
2026-01-07 10:54:17,069 [INFO] IPUIPlugin:80 - create IPUIPlugin
2026-01-07 10:54:17,069 [INFO] PluginManager:220 - loadIPPluginJar : add i2c
2026-01-07 10:54:17,184 [INFO] IPUIPlugin:80 - create IPUIPlugin
2026-01-07 10:54:17,185 [INFO] PluginManager:220 - loadIPPluginJar : add i2s
2026-01-07 10:54:17,276 [INFO] IPUIPlugin:80 - create IPUIPlugin
2026-01-07 10:54:17,276 [INFO] PluginManager:220 - loadIPPluginJar : add i3c
2026-01-07 10:54:17,561 [INFO] IPUIPlugin:80 - create IPUIPlugin
2026-01-07 10:54:17,561 [INFO] PluginManager:220 - loadIPPluginJar : add ipddr
2026-01-07 10:54:17,930 [INFO] IPUIPlugin:80 - create IPUIPlugin
2026-01-07 10:54:17,931 [INFO] PluginManager:220 - loadIPPluginJar : add linkedlist
2026-01-07 10:54:18,020 [INFO] IPUIPlugin:80 - create IPUIPlugin
2026-01-07 10:54:18,020 [INFO] PluginManager:220 - loadIPPluginJar : add lorawan
2026-01-07 10:54:18,176 [INFO] IPUIPlugin:80 - create IPUIPlugin
2026-01-07 10:54:18,176 [INFO] PluginManager:220 - loadIPPluginJar : add ltdc
2026-01-07 10:54:18,206 [INFO] IPUIPlugin:80 - create IPUIPlugin
2026-01-07 10:54:18,207 [INFO] PluginManager:220 - loadIPPluginJar : add mdma
2026-01-07 10:54:18,244 [INFO] IPUIPlugin:80 - create IPUIPlugin
2026-01-07 10:54:18,244 [INFO] PluginManager:220 - loadIPPluginJar : add nvic
2026-01-07 10:54:18,398 [INFO] IPUIPlugin:80 - create IPUIPlugin
2026-01-07 10:54:18,398 [INFO] PluginManager:220 - loadIPPluginJar : add opamp
2026-01-07 10:54:18,473 [INFO] ThirdPartyUpdaterWithRetryManager:70 - Updater plugin not ready yet. [3/15]
2026-01-07 10:54:18,636 [INFO] IPUIPlugin:80 - create IPUIPlugin
2026-01-07 10:54:18,636 [INFO] PluginManager:220 - loadIPPluginJar : add openamp
2026-01-07 10:54:18,756 [INFO] IPUIPlugin:80 - create IPUIPlugin
2026-01-07 10:54:18,756 [INFO] PluginManager:220 - loadIPPluginJar : add pdm2pcm
2026-01-07 10:54:18,796 [INFO] IPUIPlugin:80 - create IPUIPlugin
2026-01-07 10:54:18,801 [INFO] PluginManager:220 - loadIPPluginJar : add plateformsettings
2026-01-07 10:54:18,898 [INFO] IPUIPlugin:80 - create IPUIPlugin
2026-01-07 10:54:18,898 [INFO] PluginManager:220 - loadIPPluginJar : add quadspi
2026-01-07 10:54:18,995 [INFO] IPUIPlugin:80 - create IPUIPlugin
2026-01-07 10:54:18,995 [INFO] PluginManager:220 - loadIPPluginJar : add radio
2026-01-07 10:54:19,037 [INFO] IPUIPlugin:80 - create IPUIPlugin
2026-01-07 10:54:19,037 [INFO] PluginManager:220 - loadIPPluginJar : add resmgrutility
2026-01-07 10:54:19,212 [INFO] IPUIPlugin:80 - create IPUIPlugin
2026-01-07 10:54:19,212 [INFO] PluginManager:220 - loadIPPluginJar : add sai
2026-01-07 10:54:19,357 [INFO] IPUIPlugin:80 - create IPUIPlugin
2026-01-07 10:54:19,357 [INFO] PluginManager:220 - loadIPPluginJar : add spi
2026-01-07 10:54:19,594 [INFO] IPUIPlugin:80 - create IPUIPlugin
2026-01-07 10:54:19,594 [INFO] PluginManager:220 - loadIPPluginJar : add stm32_wpan
2026-01-07 10:54:19,676 [INFO] IPUIPlugin:80 - create IPUIPlugin
2026-01-07 10:54:19,676 [INFO] PluginManager:220 - loadIPPluginJar : add tim
2026-01-07 10:54:19,890 [INFO] IPUIPlugin:80 - create IPUIPlugin
2026-01-07 10:54:19,890 [INFO] PluginManager:220 - loadIPPluginJar : add touchsensing
2026-01-07 10:54:19,970 [INFO] IPUIPlugin:80 - create IPUIPlugin
2026-01-07 10:54:19,971 [INFO] PluginManager:220 - loadIPPluginJar : add tracer_emb
2026-01-07 10:54:20,070 [INFO] IPUIPlugin:80 - create IPUIPlugin
2026-01-07 10:54:20,070 [INFO] PluginManager:220 - loadIPPluginJar : add ts
2026-01-07 10:54:20,166 [INFO] IPUIPlugin:80 - create IPUIPlugin
2026-01-07 10:54:20,166 [INFO] PluginManager:220 - loadIPPluginJar : add tsc
2026-01-07 10:54:20,248 [INFO] IPUIPlugin:80 - create IPUIPlugin
2026-01-07 10:54:20,248 [INFO] PluginManager:220 - loadIPPluginJar : add ucpd
2026-01-07 10:54:20,429 [INFO] IPUIPlugin:80 - create IPUIPlugin
2026-01-07 10:54:20,429 [INFO] PluginManager:220 - loadIPPluginJar : add usart
2026-01-07 10:54:20,596 [INFO] IPUIPlugin:80 - create IPUIPlugin
2026-01-07 10:54:20,596 [INFO] PluginManager:220 - loadIPPluginJar : add usbx
2026-01-07 10:54:20,847 [FATAL] Updater:351 - Updater called before beeing initialized
2026-01-07 10:54:20,926 [INFO] RulesReader:64 - Compatibility file has been processed (317 Rules)
2026-01-07 10:54:20,966 [INFO] RulesReader:64 - Compatibility file has been processed (317 Rules)
2026-01-07 10:54:20,992 [INFO] CADModel:165 - CPN selected for project level
2026-01-07 10:54:20,992 [INFO] CADModel:114 - Register for checkConnection events
2026-01-07 10:54:20,993 [FATAL] Updater:351 - Updater called before beeing initialized
2026-01-07 10:54:20,994 [ERROR] CADModel:125 - Updater not yet initialized, retry later 
2026-01-07 10:54:21,390 [FATAL] Updater:351 - Updater called before beeing initialized
2026-01-07 10:54:21,395 [INFO] CADModel:165 - CPN selected for project level
2026-01-07 10:54:21,395 [INFO] CADModel:114 - Register for checkConnection events
2026-01-07 10:54:21,396 [FATAL] Updater:351 - Updater called before beeing initialized
2026-01-07 10:54:21,396 [ERROR] CADModel:125 - Updater not yet initialized, retry later 
2026-01-07 10:54:21,405 [FATAL] Updater:351 - Updater called before beeing initialized
2026-01-07 10:54:21,489 [INFO] ThirdPartyUpdaterWithRetryManager:70 - Updater plugin not ready yet. [4/15]
2026-01-07 10:54:21,746 [FATAL] Updater:351 - Updater called before beeing initialized
2026-01-07 10:54:21,778 [INFO] DbMcusAds:53 - JSON generation date=Tue Dec 16 06:11:46 ICT 2025 (1765840306612)
2026-01-07 10:54:21,779 [FATAL] Updater:351 - Updater called before beeing initialized
2026-01-07 10:54:21,876 [WARN] DetailPanel:346 - Failed to get advertising image, set to default
2026-01-07 10:54:22,153 [FATAL] Updater:351 - Updater called before beeing initialized
2026-01-07 10:54:22,156 [FATAL] Updater:351 - Updater called before beeing initialized
2026-01-07 10:54:22,156 [FATAL] Updater:351 - Updater called before beeing initialized
2026-01-07 10:54:22,156 [WARN] DetailPanel:346 - Failed to get advertising image, set to default
2026-01-07 10:54:22,158 [FATAL] Updater:351 - Updater called before beeing initialized
2026-01-07 10:54:22,306 [ERROR] Updater:1198 - MainUpdater not yet initialized. External WinMGr cannot be set.
2026-01-07 10:54:22,337 [INFO] Updater:1134 - Updater Version found : 6.15.0
2026-01-07 10:54:22,372 [INFO] ApplicationProperties:184 - Using Application install path: C:\ST\STM32CubeIDE_1.16.1\STM32CubeIDE\plugins\com.st.stm32cube.common.mx_6.15.0.202507011659
2026-01-07 10:54:24,047 [ERROR] LogOutputStream:75 - [STDERR_REDIRECT] Jan 07, 2026 10:54:24 AM java.util.prefs.WindowsPreferences <init>
2026-01-07 10:54:24,054 [ERROR] LogOutputStream:75 - [STDERR_REDIRECT] WARNING: Could not open/create prefs root node Software\JavaSoft\Prefs at root 0xffffffff80000002. Windows RegCreateKeyEx(...) returned error code 5.
2026-01-07 10:54:24,056 [ERROR] LogOutputStream:75 - [STDERR_REDIRECT] 
2026-01-07 10:54:24,502 [FATAL] Updater:351 - Updater called before beeing initialized
2026-01-07 10:54:24,502 [ERROR] IntegrityCheckThread:130 - Cannot retrieve database content from updater: error 21
2026-01-07 10:54:24,503 [INFO] ThirdParty:978 - Integrity check success = false
2026-01-07 10:54:24,503 [INFO] IntegrityCheckThread:100 - exiting critical section [integrity check]
2026-01-07 10:54:24,504 [INFO] IntegrityCheckThread:103 - End integrity checks thread
2026-01-07 10:54:26,339 [INFO] MainUpdater:2872 - connection check result : 10
2026-01-07 10:54:26,342 [INFO] MainUpdater:289 - Updater Check For Update Now.
2026-01-07 10:54:26,343 [INFO] MicroXplorer:498 - Change Database Version : DB.6.0.150
2026-01-07 10:54:26,457 [INFO] McuFinderGlobals:63 - Set McuFinder mode to 2 (CubeIDE integrated)
2026-01-07 10:54:26,503 [INFO] UserAuth:487 - Internet connection configuration mode: 1
2026-01-07 10:54:26,651 [INFO] JxBrowserEngine:152 - Initiate JxBrowser Engine with user profile folder
2026-01-07 10:54:26,933 [INFO] CheckServerUpdateThread:120 - End of CheckServer Thread
2026-01-07 10:54:30,580 [INFO] WebApp:169 - Instantiating new browser for Auth
2026-01-07 10:54:32,576 [INFO] WebApp:463 - Apply proxy settings
2026-01-07 10:54:32,578 [INFO] WebApp:548 - Chromium requires no authentication
2026-01-07 10:54:32,607 [INFO] WebApp:491 - Direct internet connection detected
2026-01-07 10:54:32,695 [INFO] WebApp:900 - Register for checkConnection events
2026-01-07 10:54:32,695 [INFO] WebApp:463 - Apply proxy settings
2026-01-07 10:54:32,696 [INFO] WebApp:548 - Chromium requires no authentication
2026-01-07 10:54:32,696 [INFO] WebApp:491 - Direct internet connection detected
2026-01-07 10:54:33,208 [INFO] WebApp:225 - Starting web application
2026-01-07 10:54:33,209 [INFO] WebApp:593 - Web application path used C:\ST\STM32CubeIDE_1.16.1\STM32CubeIDE\plugins\com.st.stm32cube.common.mx_6.15.0.202507011659\db\plugins\mcufinder\reactClient1\index.html
2026-01-07 10:54:33,485 [INFO] WebApp:191 - Connection restablished
2026-01-07 10:54:33,697 [INFO] UserAuth:487 - Internet connection configuration mode: 1
2026-01-07 11:21:52,478 [INFO] WebApp:194 - Connection lost
2026-01-07 11:21:52,656 [INFO] WebApp:191 - Connection restablished
2026-01-07 11:30:23,553 [INFO] McuFinderGlobals:63 - Set McuFinder mode to 2 (CubeIDE integrated)
2026-01-07 11:30:23,589 [INFO] MainUpdater:2872 - connection check result : 10
2026-01-07 11:30:23,598 [INFO] MainUpdater:2872 - connection check result : 10
2026-01-07 11:30:23,844 [INFO] MicroXplorer:468 - Change Database Path : 
2026-01-07 11:30:23,845 [INFO] MicroXplorer:498 - Change Database Version : DB.6.0.150
2026-01-07 11:30:23,859 [WARN] ThirdParty:871 - waiting for thirdparty lock release [close project]
2026-01-07 11:30:23,859 [INFO] ThirdParty:873 - entering critical section [close project]
2026-01-07 11:30:23,860 [INFO] ThirdParty:883 - exiting critical section [close project]
2026-01-07 11:30:23,861 [INFO] PinOutPanel:1589 - setPackage(No Configuration,No Configuration)
2026-01-07 11:30:23,862 [INFO] UtilMem:75 - Begin LoadConfig() Used Memory: 931522712 Bytes (1073741824)
2026-01-07 11:30:23,864 [INFO] MicroXplorer:468 - Change Database Path : 
2026-01-07 11:30:23,864 [INFO] MicroXplorer:498 - Change Database Version : DB.6.0.150
2026-01-07 11:30:23,864 [INFO] OpenFileManager:355 - Change cursor
2026-01-07 11:30:23,885 [WARN] IntegrityCheckThread:84 - waiting for thirdparty lock release [integrity check]
2026-01-07 11:30:23,885 [INFO] IntegrityCheckThread:86 - entering critical section [integrity check]
2026-01-07 11:30:24,275 [WARN] PackLoader:240 - Cannot read IP mode file for STMicroelectronics.FP-SNS-MOTENVWB1.1.4.0
2026-01-07 11:30:24,307 [WARN] PackLoader:240 - Cannot read IP mode file for STMicroelectronics.FP-ATR-ASTRA1.2.0.2
2026-01-07 11:30:24,328 [WARN] PackLoader:240 - Cannot read IP mode file for STMicroelectronics.FP-ATR-ASTRA1.2.0.1
2026-01-07 11:30:24,355 [WARN] PackLoader:240 - Cannot read IP mode file for STMicroelectronics.X-CUBE-SMBUS.2.1.0
2026-01-07 11:30:24,381 [WARN] PackLoader:240 - Cannot read IP mode file for STMicroelectronics.X-CUBE-WB05N.1.1.0
2026-01-07 11:30:24,404 [WARN] PackLoader:240 - Cannot read IP mode file for STMicroelectronics.X-CUBE-ST60.1.0.0
2026-01-07 11:30:24,467 [WARN] PackLoader:240 - Cannot read IP mode file for STMicroelectronics.X-CUBE-AZRTOS-F7.1.1.0
2026-01-07 11:30:24,564 [WARN] PackLoader:240 - Cannot read IP mode file for STMicroelectronics.X-CUBE-MEMS1.11.0.0
2026-01-07 11:30:24,719 [WARN] PackLoader:240 - Cannot read IP mode file for STMicroelectronics.FP-SNS-MOTENV1.5.1.0
2026-01-07 11:30:24,741 [WARN] PackLoader:240 - Cannot read IP mode file for STMicroelectronics.FP-SNS-FLIGHT1.5.0.2
2026-01-07 11:30:24,781 [WARN] PackLoader:240 - Cannot read IP mode file for STMicroelectronics.X-CUBE-AZRTOS-H7.3.4.0
2026-01-07 11:30:24,809 [WARN] PackLoader:240 - Cannot read IP mode file for STMicroelectronics.X-CUBE-DISPLAY.3.0.0
2026-01-07 11:30:24,831 [WARN] PackLoader:240 - Cannot read IP mode file for STMicroelectronics.X-CUBE-BLE1.7.0.0
2026-01-07 11:30:24,852 [WARN] PackLoader:240 - Cannot read IP mode file for STMicroelectronics.X-CUBE-NFC10.1.0.0
2026-01-07 11:30:24,877 [WARN] PackLoader:240 - Cannot read IP mode file for STMicroelectronics.X-CUBE-BLEMGR.4.0.0
2026-01-07 11:30:24,898 [WARN] PackLoader:240 - Cannot read IP mode file for STMicroelectronics.X-CUBE-ST60.1.1.0
2026-01-07 11:30:24,923 [WARN] PackLoader:240 - Cannot read IP mode file for emotas.I-CUBE-CANOPEN.1.3.0
2026-01-07 11:30:24,944 [WARN] PackLoader:240 - Cannot read IP mode file for STMicroelectronics.X-CUBE-GNSS1.7.1.0
2026-01-07 11:30:24,969 [WARN] PackLoader:240 - Cannot read IP mode file for STMicroelectronics.X-CUBE-BLEMGR.3.1.0
2026-01-07 11:30:24,993 [WARN] PackLoader:240 - Cannot read IP mode file for STMicroelectronics.X-CUBE-AI.10.0.0
2026-01-07 11:30:25,013 [WARN] PackLoader:240 - Cannot read IP mode file for STMicroelectronics.FP-SNS-STBOX1.2.1.0
2026-01-07 11:30:25,030 [WARN] PackLoader:240 - Cannot read IP mode file for STMicroelectronics.FP-SNS-SMARTAG2.1.2.0
2026-01-07 11:30:25,047 [WARN] PackLoader:240 - Cannot read IP mode file for STMicroelectronics.FP-SNS-FLIGHT1.5.1.0
2026-01-07 11:30:25,105 [WARN] PackLoader:240 - Cannot read IP mode file for STMicroelectronics.X-CUBE-MEMS1.11.1.0
2026-01-07 11:30:25,222 [INFO] LogOutputStream:77 - [STDOUT_REDIRECT] 1 : Invalid condition id : UX_CORESTACK_Condition cause : null
2026-01-07 11:30:25,223 [INFO] LogOutputStream:77 - [STDOUT_REDIRECT] 1 : Invalid condition id : UX_CORESTACK_Condition cause : null
2026-01-07 11:30:25,225 [INFO] LogOutputStream:77 - [STDOUT_REDIRECT] 1 : Invalid condition id : UX_CORESTACK_Condition cause : null
2026-01-07 11:30:25,228 [INFO] LogOutputStream:77 - [STDOUT_REDIRECT] 1 : Invalid condition id : UX_CORESTACK_Condition cause : null
2026-01-07 11:30:25,229 [INFO] LogOutputStream:77 - [STDOUT_REDIRECT] 1 : Invalid condition id : UX_CORESTACK_Condition cause : null
2026-01-07 11:30:25,232 [WARN] PackLoader:240 - Cannot read IP mode file for STMicroelectronics.X-CUBE-AZRTOS-WL.2.0.0
2026-01-07 11:30:25,254 [WARN] PackLoader:240 - Cannot read IP mode file for STMicroelectronics.FP-SNS-MOTENV1.5.0.0
2026-01-07 11:30:25,297 [WARN] PackLoader:240 - Cannot read IP mode file for STMicroelectronics.X-CUBE-AZRTOS-H7RS.1.2.0
2026-01-07 11:30:25,320 [WARN] PackLoader:240 - Cannot read IP mode file for wolfSSL.I-CUBE-wolfMQTT.1.19.0
2026-01-07 11:30:25,346 [WARN] PackLoader:240 - Cannot read IP mode file for WES.I-CUBE-Cesium.1.3.0
2026-01-07 11:30:25,366 [WARN] PackLoader:240 - Cannot read IP mode file for STMicroelectronics.X-CUBE-BLE2.3.3.0
2026-01-07 11:30:25,389 [WARN] PackLoader:240 - Cannot read IP mode file for STMicroelectronics.X-CUBE-NFC9.1.0.0
2026-01-07 11:30:25,409 [WARN] PackLoader:240 - Cannot read IP mode file for STMicroelectronics.X-CUBE-BLE1.7.1.0
2026-01-07 11:30:25,428 [WARN] PackLoader:240 - Cannot read IP mode file for STMicroelectronics.X-CUBE-TCPP.4.1.0
2026-01-07 11:30:25,448 [WARN] PackLoader:240 - Cannot read IP mode file for STMicroelectronics.X-CUBE-FREERTOS.1.4.0
2026-01-07 11:30:25,468 [WARN] PackLoader:240 - Cannot read IP mode file for STMicroelectronics.X-CUBE-EEPRMA1.5.2.0
2026-01-07 11:30:25,489 [WARN] PackLoader:240 - Cannot read IP mode file for STMicroelectronics.X-CUBE-ST67W61.1.1.0
2026-01-07 11:30:25,511 [WARN] PackLoader:240 - Cannot read IP mode file for STMicroelectronics.X-CUBE-AI.10.1.0
2026-01-07 11:30:25,569 [WARN] PackLoader:240 - Cannot read IP mode file for STMicroelectronics.X-CUBE-MEMS1.12.0.0
2026-01-07 11:30:25,718 [WARN] PackLoader:240 - Cannot read IP mode file for STMicroelectronics.X-CUBE-MEMS1.11.2.0
2026-01-07 11:30:25,910 [WARN] PackLoader:240 - Cannot read IP mode file for STMicroelectronics.X-CUBE-AZRTOS-G0.1.1.0
2026-01-07 11:30:25,943 [WARN] PackLoader:240 - Cannot read IP mode file for STMicroelectronics.X-CUBE-SAFEA1.1.2.2
2026-01-07 11:30:26,012 [WARN] PackLoader:240 - Cannot read IP mode file for STMicroelectronics.X-CUBE-NFC4.3.0.0
2026-01-07 11:30:26,050 [WARN] PackLoader:240 - Cannot read IP mode file for EmbeddedOffice.I-CUBE-FS-RTOS.1.0.1
2026-01-07 11:30:26,075 [WARN] PackLoader:240 - Cannot read IP mode file for STMicroelectronics.X-CUBE-WB05N.2.0.0
2026-01-07 11:30:26,102 [WARN] PackLoader:240 - Cannot read IP mode file for STMicroelectronics.X-CUBE-TCPP.4.2.0
2026-01-07 11:30:26,133 [WARN] PackLoader:240 - Cannot read IP mode file for RealThread.X-CUBE-RT-Thread_Nano.4.1.1
2026-01-07 11:30:26,158 [WARN] PackLoader:240 - Cannot read IP mode file for STMicroelectronics.FP-ATR-SIGFOX1.3.2.0
2026-01-07 11:30:26,184 [WARN] ConditionMgr:438 - getConditionDescription Invalid condition id : Cortex-A Device cause : null
2026-01-07 11:30:26,249 [WARN] ConditionMgr:1044 - genDependencies : Invalid condition id : Cortex-A Device cause : null
2026-01-07 11:30:26,250 [WARN] ConditionMgr:1044 - genDependencies : Invalid condition id : Cortex-A Device cause : null
2026-01-07 11:30:26,250 [WARN] ConditionMgr:1044 - genDependencies : Invalid condition id : Cortex-A Device cause : null
2026-01-07 11:30:26,275 [WARN] PackLoader:240 - Cannot read IP mode file for STMicroelectronics.X-CUBE-EEPRMA1.5.1.0
2026-01-07 11:30:26,298 [WARN] PackLoader:240 - Cannot read IP mode file for wolfSSL.I-CUBE-wolfSSL.5.7.4
2026-01-07 11:30:26,319 [WARN] PackLoader:240 - Cannot read IP mode file for ITTIA_DB.I-CUBE-ITTIADB.8.9.0
2026-01-07 11:30:26,349 [WARN] PackLoader:240 - Cannot read IP mode file for STMicroelectronics.X-CUBE-ST67W61.1.0.0
2026-01-07 11:30:26,373 [WARN] PackLoader:240 - Cannot read IP mode file for STMicroelectronics.X-CUBE-AI.10.2.0
2026-01-07 11:30:26,411 [WARN] PackLoader:240 - Cannot read IP mode file for SEGGER.I-CUBE-embOS.1.3.1
2026-01-07 11:30:26,448 [WARN] PackLoader:240 - Cannot read IP mode file for STMicroelectronics.X-CUBE-ALGOBUILD.1.4.0
2026-01-07 11:30:26,496 [WARN] PackLoader:240 - Cannot read IP mode file for STMicroelectronics.X-CUBE-MEMS1.11.3.0
2026-01-07 11:30:26,583 [WARN] PackLoader:240 - Cannot read IP mode file for STMicroelectronics.X-CUBE-AI.9.1.0
2026-01-07 11:30:26,603 [WARN] PackLoader:240 - Cannot read IP mode file for STMicroelectronics.X-CUBE-PM33A1.1.0.0
2026-01-07 11:30:26,634 [WARN] PackLoader:240 - Cannot read IP mode file for STMicroelectronics.X-CUBE-AZRTOS-F4.1.1.0
2026-01-07 11:30:26,655 [WARN] PackLoader:240 - Cannot read IP mode file for Avnet-IotConnect.X-CUBE-IoTC-DA16k-PMOD.1.0.0
2026-01-07 11:30:26,673 [WARN] PackLoader:240 - Cannot read IP mode file for STMicroelectronics.X-CUBE-ISPU.2.1.0
2026-01-07 11:30:26,703 [WARN] PackLoader:240 - Cannot read IP mode file for STMicroelectronics.X-CUBE-IPS.3.2.0
2026-01-07 11:30:26,727 [WARN] PackLoader:240 - Cannot read IP mode file for STMicroelectronics.X-CUBE-FREERTOS.1.2.0
2026-01-07 11:30:26,749 [WARN] PackLoader:240 - Cannot read IP mode file for STMicroelectronics.X-CUBE-NFC12.1.0.0
2026-01-07 11:30:26,792 [WARN] PackLoader:240 - Cannot read IP mode file for STMicroelectronics.X-CUBE-AZRTOS-L5.2.0.0
2026-01-07 11:30:26,823 [WARN] PackLoader:240 - Cannot read IP mode file for STMicroelectronics.X-CUBE-NFC6.3.1.0
2026-01-07 11:30:26,847 [WARN] PackLoader:240 - Cannot read IP mode file for STMicroelectronics.X-CUBE-DPower.1.2.0
2026-01-07 11:30:26,869 [WARN] PackLoader:240 - Cannot read IP mode file for STMicroelectronics.X-CUBE-FREERTOS.1.3.1
2026-01-07 11:30:26,890 [WARN] PackLoader:240 - Cannot read IP mode file for STMicroelectronics.X-CUBE-FREERTOS.1.3.0
2026-01-07 11:30:26,909 [WARN] PackLoader:240 - Cannot read IP mode file for STMicroelectronics.X-CUBE-NFC7.1.0.1
2026-01-07 11:30:26,932 [WARN] PackLoader:240 - Cannot read IP mode file for STMicroelectronics.X-CUBE-TOUCHGFX.4.26.0
2026-01-07 11:30:26,950 [WARN] PackLoader:240 - Cannot read IP mode file for STMicroelectronics.FP-SNS-STAIOTCFT.1.0.0
2026-01-07 11:30:26,969 [WARN] PackLoader:240 - Cannot read IP mode file for STMicroelectronics.X-CUBE-DPower.1.3.0
2026-01-07 11:30:27,000 [WARN] ConditionMgr:438 - getConditionDescription Invalid condition id : LAN8742 Phy interface Condition cause : null
2026-01-07 11:30:27,000 [WARN] PackLoader:240 - Cannot read IP mode file for STMicroelectronics.X-CUBE-AZRTOS-L4.2.0.0
2026-01-07 11:30:27,001 [WARN] ConditionMgr:1044 - genDependencies : Invalid condition id : LAN8742 Phy interface Condition cause : null
2026-01-07 11:30:27,002 [WARN] ConditionMgr:1044 - genDependencies : Invalid condition id : LAN8742 Phy interface Condition cause : null
2026-01-07 11:30:27,002 [WARN] ConditionMgr:1044 - genDependencies : Invalid condition id : LAN8742 Phy interface Condition cause : null
2026-01-07 11:30:27,021 [WARN] PackLoader:240 - Cannot read IP mode file for STMicroelectronics.X-CUBE-SFXS2LP1.4.0.0
2026-01-07 11:30:27,058 [WARN] PackLoader:240 - Cannot read IP mode file for STMicroelectronics.X-CUBE-AZRTOS-H7.3.3.0
2026-01-07 11:30:27,094 [WARN] PackLoader:240 - Cannot read IP mode file for STMicroelectronics.X-CUBE-BLEMGR.4.1.0
2026-01-07 11:30:27,119 [WARN] PackLoader:240 - Cannot read IP mode file for STMicroelectronics.X-CUBE-IPS.3.0.0
2026-01-07 11:30:27,151 [WARN] ConditionMgr:438 - getConditionDescription Invalid condition id : UX DEVICE CLASS RTOS Condition cause : null
2026-01-07 11:30:27,152 [WARN] ConditionMgr:438 - getConditionDescription Invalid condition id : UX DEVICE CLASS RTOS Condition cause : null
2026-01-07 11:30:27,153 [WARN] PackLoader:240 - Cannot read IP mode file for STMicroelectronics.X-CUBE-AZRTOS-WB.2.0.0
2026-01-07 11:30:27,154 [WARN] ConditionMgr:1044 - genDependencies : Invalid condition id : UX DEVICE CLASS RTOS Condition cause : null
2026-01-07 11:30:27,154 [WARN] ConditionMgr:1044 - genDependencies : Invalid condition id : UX DEVICE CLASS RTOS Condition cause : null
2026-01-07 11:30:27,154 [WARN] ConditionMgr:1044 - genDependencies : Invalid condition id : UX DEVICE CLASS RTOS Condition cause : null
2026-01-07 11:30:27,154 [WARN] ConditionMgr:1044 - genDependencies : Invalid condition id : UX DEVICE CLASS RTOS Condition cause : null
2026-01-07 11:30:27,154 [WARN] ConditionMgr:1044 - genDependencies : Invalid condition id : UX DEVICE CLASS RTOS Condition cause : null
2026-01-07 11:30:27,176 [WARN] PackLoader:240 - Cannot read IP mode file for STMicroelectronics.X-CUBE-GNSS1.7.0.0
2026-01-07 11:30:27,196 [WARN] PackLoader:240 - Cannot read IP mode file for STMicroelectronics.X-CUBE-GNSS1.7.0.1
2026-01-07 11:30:27,218 [WARN] PackLoader:240 - Cannot read IP mode file for STMicroelectronics.X-CUBE-TOUCHGFX.4.25.0
2026-01-07 11:30:27,237 [WARN] PackLoader:240 - Cannot read IP mode file for STMicroelectronics.FP-SNS-STBOX1.2.0.0
2026-01-07 11:30:27,260 [WARN] PackLoader:240 - Cannot read IP mode file for STMicroelectronics.X-CUBE-SUBG2.5.0.0
2026-01-07 11:30:27,295 [WARN] PackLoader:240 - Cannot read IP mode file for STMicroelectronics.X-CUBE-AZRTOS-H7RS.1.1.0
2026-01-07 11:30:27,314 [WARN] PackLoader:240 - Cannot read IP mode file for Cesanta.I-CUBE-Mongoose.7.13.0
2026-01-07 11:30:27,341 [WARN] PackLoader:240 - Cannot read IP mode file for STMicroelectronics.X-CUBE-AZRTOS-G4.2.0.0
2026-01-07 11:30:27,360 [WARN] PackLoader:240 - Cannot read IP mode file for STMicroelectronics.X-CUBE-NFC7.2.0.0
2026-01-07 11:30:27,380 [WARN] PackLoader:240 - Cannot read IP mode file for STMicroelectronics.X-CUBE-IPS.3.1.0
2026-01-07 11:30:27,397 [WARN] PackLoader:240 - Cannot read IP mode file for STMicroelectronics.X-CUBE-ALS.1.0.2
2026-01-07 11:30:27,414 [WARN] PackLoader:240 - Cannot read IP mode file for STMicroelectronics.X-CUBE-TOUCHGFX.4.24.2
2026-01-07 11:30:27,428 [WARN] PackLoader:240 - Cannot read IP mode file for STMicroelectronics.X-CUBE-TOUCHGFX.4.24.1
2026-01-07 11:30:27,443 [WARN] PackLoader:240 - Cannot read IP mode file for STMicroelectronics.X-CUBE-STSE01.1.0.0
2026-01-07 11:30:27,458 [WARN] PackLoader:240 - Cannot read IP mode file for wolfSSL.I-CUBE-wolfTPM.3.4.0
2026-01-07 11:30:27,473 [WARN] PackLoader:240 - Cannot read IP mode file for portGmbH.I-Cube-SoM-uGOAL.1.1.0
2026-01-07 11:30:27,500 [WARN] PackLoader:240 - Cannot read IP mode file for STMicroelectronics.X-CUBE-AZRTOS-H7RS.1.0.0
2026-01-07 11:30:27,516 [WARN] PackLoader:240 - Cannot read IP mode file for STMicroelectronics.FP-ATR-ASTRA1.2.0.0
2026-01-07 11:30:27,536 [WARN] PackLoader:240 - Cannot read IP mode file for STMicroelectronics.X-CUBE-TOF1.3.4.2
2026-01-07 11:30:27,560 [WARN] PackLoader:240 - Cannot read IP mode file for STMicroelectronics.X-CUBE-TOF1.3.4.3
2026-01-07 11:30:27,588 [WARN] PackLoader:240 - Cannot read IP mode file for Infineon.AIROC-Wi-Fi-Bluetooth-STM32.1.6.1
2026-01-07 11:30:27,604 [WARN] PackLoader:240 - Cannot read IP mode file for wolfSSL.I-CUBE-wolfSSH.1.4.17
2026-01-07 11:30:27,604 [INFO] ThirdParty:978 - Integrity check success = true
2026-01-07 11:30:27,604 [INFO] IntegrityCheckThread:100 - exiting critical section [integrity check]
2026-01-07 11:30:27,604 [INFO] IntegrityCheckThread:103 - End integrity checks thread
2026-01-07 11:30:27,645 [INFO] Mcu:2029 - Initializing MCU STM32F767ZITx STM32F767ZITx STM32F767ZIT6
2026-01-07 11:30:35,640 [INFO] Context:786 - Trying to add GPIOservice into a context  which must be forbidden
2026-01-07 11:30:37,841 [INFO] ImportTextPane:234 - (OptionalMessage_ERROR) Pin7 (VP_RIF_VS_RIF1) cannot be retrieved for this MCU
2026-01-07 11:30:38,682 [INFO] RtosManager:558 - Registered RTOS mode: class=CMSIS, group=RTOS, mode=CMSIS_V1, owner=FREERTOS
2026-01-07 11:30:38,682 [INFO] RtosManager:558 - Registered RTOS mode: class=CMSIS, group=RTOS2, mode=CMSIS_V2, owner=FREERTOS
2026-01-07 11:30:38,683 [INFO] RtosManager:558 - Registered RTOS mode: class=RTOS, group=Core, mode=CMSIS_V1, owner=FREERTOS
2026-01-07 11:30:38,683 [INFO] RtosManager:558 - Registered RTOS mode: class=RTOS, group=Core, mode=CMSIS_V2, owner=FREERTOS
2026-01-07 11:30:38,683 [WARN] ModelIntegratedComponent:184 - Missing modes for component STMicroelectronics:FreeRTOS:0.0.1:STMicroelectronics:RTOS:FreeRTOS:Core:::10.2.0:
2026-01-07 11:30:38,703 [WARN] ModelIntegratedComponent:63 - No mode defined for component null
2026-01-07 11:30:38,703 [WARN] ModelIntegratedComponent:63 - No mode defined for component null
2026-01-07 11:30:38,703 [WARN] ModelIntegratedComponent:63 - No mode defined for component null
2026-01-07 11:30:38,703 [WARN] ModelIntegratedComponent:63 - No mode defined for component null
2026-01-07 11:30:38,703 [WARN] ModelIntegratedComponent:63 - No mode defined for component null
2026-01-07 11:30:38,703 [WARN] ModelIntegratedComponent:63 - No mode defined for component null
2026-01-07 11:30:38,703 [WARN] ModelIntegratedComponent:63 - No mode defined for component null
2026-01-07 11:30:38,703 [WARN] ModelIntegratedComponent:63 - No mode defined for component null
2026-01-07 11:30:38,703 [WARN] ModelIntegratedComponent:63 - No mode defined for component null
2026-01-07 11:30:38,703 [WARN] ModelIntegratedComponent:63 - No mode defined for component null
2026-01-07 11:30:38,704 [WARN] ModelIntegratedComponent:63 - No mode defined for component null
2026-01-07 11:30:38,704 [WARN] ModelIntegratedComponent:63 - No mode defined for component null
2026-01-07 11:30:38,704 [WARN] ModelIntegratedComponent:63 - No mode defined for component null
2026-01-07 11:30:38,704 [WARN] ModelIntegratedComponent:63 - No mode defined for component null
2026-01-07 11:30:38,704 [WARN] ModelIntegratedComponent:63 - No mode defined for component null
2026-01-07 11:30:38,704 [WARN] ModelIntegratedComponent:63 - No mode defined for component null
2026-01-07 11:30:38,705 [WARN] ModelIntegratedComponent:63 - No mode defined for component null
2026-01-07 11:30:38,705 [WARN] ModelIntegratedComponent:63 - No mode defined for component null
2026-01-07 11:30:38,705 [WARN] ModelIntegratedComponent:63 - No mode defined for component null
2026-01-07 11:30:38,706 [WARN] ModelIntegratedComponent:63 - No mode defined for component null
2026-01-07 11:30:38,706 [WARN] ModelIntegratedComponent:63 - No mode defined for component null
2026-01-07 11:30:38,706 [WARN] ModelIntegratedComponent:63 - No mode defined for component null
2026-01-07 11:30:38,707 [WARN] ModelIntegratedComponent:63 - No mode defined for component null
2026-01-07 11:30:38,707 [WARN] ModelIntegratedComponent:63 - No mode defined for component null
2026-01-07 11:30:38,707 [WARN] ModelIntegratedComponent:63 - No mode defined for component null
2026-01-07 11:30:38,707 [WARN] ModelIntegratedComponent:63 - No mode defined for component null
2026-01-07 11:30:38,707 [WARN] ModelIntegratedComponent:63 - No mode defined for component null
2026-01-07 11:30:38,709 [WARN] ModelIntegratedComponent:63 - No mode defined for component null
2026-01-07 11:30:38,709 [WARN] ModelIntegratedComponent:63 - No mode defined for component null
2026-01-07 11:30:38,710 [WARN] ModelIntegratedComponent:63 - No mode defined for component null
2026-01-07 11:30:38,710 [WARN] ModelIntegratedComponent:63 - No mode defined for component null
2026-01-07 11:30:38,710 [WARN] ModelIntegratedComponent:63 - No mode defined for component null
2026-01-07 11:30:38,710 [WARN] ModelIntegratedComponent:63 - No mode defined for component null
2026-01-07 11:30:38,710 [WARN] ModelIntegratedComponent:63 - No mode defined for component null
2026-01-07 11:30:38,710 [WARN] ModelIntegratedComponent:63 - No mode defined for component null
2026-01-07 11:30:38,711 [WARN] ModelPack:524 - Component already loaded: STMicroelectronics:HAL Drivers:0.0.0:STMicroelectronics:Device:STMicro_Driver:XSPI:HAL::0.0.1:HAL_XSPI
2026-01-07 11:30:39,396 [INFO] ThirdPartyModel:298 - Start build external matchings
2026-01-07 11:30:42,274 [INFO] ThirdPartyModel:316 - End build external matchings
2026-01-07 11:30:42,367 [INFO] ImportTextPane:234 - (OptionalMessage_ERROR) IP (RCC) : Invalid parameter (48MHZClocksFreq_Value)
2026-01-07 11:30:42,368 [INFO] ImportTextPane:234 - (OptionalMessage_ERROR) IP (RCC) : Invalid parameter (ADC12outputFreq_Value)
2026-01-07 11:30:42,368 [INFO] ImportTextPane:234 - (OptionalMessage_ERROR) IP (RCC) : Invalid parameter (ADC34outputFreq_Value)
2026-01-07 11:30:42,369 [INFO] ImportTextPane:234 - (OptionalMessage_ERROR) IP (RCC) : Invalid parameter (FamilyName)
2026-01-07 11:30:42,369 [INFO] ImportTextPane:234 - (OptionalMessage_ERROR) IP (RCC) : Invalid parameter (I2SClocksFreq_Value)
2026-01-07 11:30:42,369 [INFO] ImportTextPane:234 - (OptionalMessage_ERROR) IP (RCC) : Invalid parameter (LCDTFToutputFreq_Value)
2026-01-07 11:30:42,370 [INFO] ImportTextPane:234 - (OptionalMessage_ERROR) IP (RCC) : Invalid parameter (MCOFreq_Value)
2026-01-07 11:30:42,372 [INFO] ImportTextPane:234 - (OptionalMessage_ERROR) IP (RCC) : Invalid parameter (PLLMCOFreq_Value)
2026-01-07 11:30:42,372 [INFO] ImportTextPane:234 - (OptionalMessage_ERROR) IP (RCC) : Invalid parameter (PLLMUL)
2026-01-07 11:30:42,373 [INFO] ImportTextPane:234 - (OptionalMessage_ERROR) IP (RCC) : Invalid parameter (PRESCALERUSB)
2026-01-07 11:30:42,374 [INFO] ImportTextPane:234 - (OptionalMessage_ERROR) IP (RCC) : Parameter (RNGFreq_Value) has invalid value (108000000)
2026-01-07 11:30:42,374 [INFO] ImportTextPane:234 - (OptionalMessage_ERROR) IP (RCC) : Invalid parameter (RTCHSEDivFreq_Value)
2026-01-07 11:30:42,374 [INFO] ImportTextPane:234 - (OptionalMessage_ERROR) IP (RCC) : Parameter (SDMMC2Freq_Value) has invalid value (216000000)
2026-01-07 11:30:42,374 [INFO] ImportTextPane:234 - (OptionalMessage_ERROR) IP (RCC) : Parameter (SDMMCFreq_Value) has invalid value (216000000)
2026-01-07 11:30:42,374 [INFO] ImportTextPane:234 - (OptionalMessage_ERROR) IP (RCC) : Invalid parameter (SYSCLKSourceVirtual)
2026-01-07 11:30:42,374 [INFO] ImportTextPane:234 - (OptionalMessage_ERROR) IP (RCC) : Invalid parameter (TIM15Freq_Value)
2026-01-07 11:30:42,374 [INFO] ImportTextPane:234 - (OptionalMessage_ERROR) IP (RCC) : Invalid parameter (TIM16Freq_Value)
2026-01-07 11:30:42,374 [INFO] ImportTextPane:234 - (OptionalMessage_ERROR) IP (RCC) : Invalid parameter (TIM17Freq_Value)
2026-01-07 11:30:42,374 [INFO] ImportTextPane:234 - (OptionalMessage_ERROR) IP (RCC) : Invalid parameter (TIM1Freq_Value)
2026-01-07 11:30:42,375 [INFO] ImportTextPane:234 - (OptionalMessage_ERROR) IP (RCC) : Invalid parameter (TIM20Freq_Value)
2026-01-07 11:30:42,375 [INFO] ImportTextPane:234 - (OptionalMessage_ERROR) IP (RCC) : Invalid parameter (TIM2Freq_Value)
2026-01-07 11:30:42,375 [INFO] ImportTextPane:234 - (OptionalMessage_ERROR) IP (RCC) : Invalid parameter (TIM3Freq_Value)
2026-01-07 11:30:42,375 [INFO] ImportTextPane:234 - (OptionalMessage_ERROR) IP (RCC) : Invalid parameter (TIM8Freq_Value)
2026-01-07 11:30:42,375 [INFO] ImportTextPane:234 - (OptionalMessage_ERROR) IP (RCC) : Parameter (USBFreq_Value) has invalid value (108000000)
2026-01-07 11:30:42,376 [INFO] ImportTextPane:234 - (OptionalMessage_ERROR) IP (RCC) : Invalid parameter (VCOOutput2Freq_Value)
2026-01-07 11:30:42,376 [INFO] ImportTextPane:234 - (OptionalMessage_ERROR) IP (RCC) : Invalid parameter (VcooutputI2S)
2026-01-07 11:30:45,424 [INFO] ApiDb:581 - Connected to CubeFinder SQLite database (C:\Users\Chinnapop\.stmcufinder\plugins\mcufinder\mcu\cube-finder-db.db)
2026-01-07 11:30:45,694 [INFO] ApiDb:668 - CubeFinder database Data Model version=2.1
2026-01-07 11:30:45,694 [INFO] ApiDb:669 - CubeFinder database Configuration version=3.0.39
2026-01-07 11:30:45,696 [INFO] ApiDb:670 - CubeFinder database generation date=2025-11-05 (1762334721)
2026-01-07 11:30:45,697 [INFO] ApiDb:671 - CubeFinder database FW Pack versions=[FP-ATR-ASTRA1_V2.0.0, FP-SNS-FLIGHT1_V5.1.0, FP-SNS-MOTENV1_V5.1.0, FP-SNS-MOTENVWB1_V1.4.0, FP-SNS-SMARTAG2_V1.2.0, FP-SNS-STBOX1_V2.1.0, STM32Cube_FW_C0_V1.4.0, STM32Cube_FW_F4_V1.28.3, STM32Cube_FW_F7_V1.17.4, STM32Cube_FW_G0_V1.6.2, STM32Cube_FW_G4_V1.6.1, STM32Cube_FW_H5_V1.5.1, STM32Cube_FW_H7RS_V1.3.0, STM32Cube_FW_H7_V1.12.1, STM32Cube_FW_L0_V1.12.2, STM32Cube_FW_L4_V1.18.1, STM32Cube_FW_L5_V1.6.0, STM32Cube_FW_N6_V1.3.0, STM32Cube_FW_U0_V1.3.0, STM32Cube_FW_U3_V1.2.1, STM32Cube_FW_U5_V1.8.0, STM32Cube_FW_WB0_V1.4.0, STM32Cube_FW_WBA_V1.8.0, STM32Cube_FW_WB_V1.24.0, STM32Cube_FW_WL3_V1.3.0, STM32Cube_FW_WL_V1.4.0, X-CUBE-ALGOBUILD_V1.4.0, X-CUBE-ALS_V1.0.2, X-CUBE-AZRTOS-F4_V1.1.0, X-CUBE-AZRTOS-F7_V1.1.0, X-CUBE-AZRTOS-G0_V1.1.0, X-CUBE-AZRTOS-G4_V2.0.0, X-CUBE-AZRTOS-H7RS_V1.1.0, X-CUBE-AZRTOS-H7_V3.4.0, X-CUBE-AZRTOS-L4_V2.0.0, X-CUBE-AZRTOS-L5_V2.0.0, X-CUBE-AZRTOS-WB_V2.0.0, X-CUBE-AZRTOS-WL_V2.0.0, X-CUBE-BLE1_V7.1.0, X-CUBE-BLE2_V3.3.0, X-CUBE-BLEMGR_V4.1.0, X-CUBE-EEPRMA1_V5.2.0, X-CUBE-FREERTOS_V1.3.1, X-CUBE-GNSS1_V6.0.0, X-CUBE-MEMS1_V11.3.0, X-CUBE-NFC4_V3.0.0, X-CUBE-NFC7_V2.0.0, X-CUBE-SFXS2LP1_V4.0.0, X-CUBE-ST67W61_V1.1.0, X-CUBE-SUBG2_V5.0.0, X-CUBE-TOF1_V3.4.3]
2026-01-07 11:30:46,085 [INFO] DbBoardsSqlite:226 - include board P-NUCLEO-WB55-NUCLEO as a kit item of type 'Nucleo-64'
2026-01-07 11:30:46,085 [INFO] DbBoardsSqlite:226 - include board P-NUCLEO-WB55-USBDONGLE as a kit item of type 'Nucleo USB Dongle'
2026-01-07 11:30:46,087 [INFO] DbBoardsSqlite:226 - include board STEVAL-IDP005V1 as a kit item of type 'Evaluation Board'
2026-01-07 11:30:46,087 [INFO] DbBoardsSqlite:226 - include board STEVAL-IDP005V2 as a kit item of type 'Evaluation Board'
2026-01-07 11:30:47,468 [INFO] ApiDb:240 - Found 880 in-development CPN: [B-G473E-ZEST1S, B-WB1M-WPAN1, B-WBA5M-WPAN, B-WL5M-SUBG1, NUCLEO-C031C6, NUCLEO-C051C8, NUCLEO-C071RB, NUCLEO-C092RC, NUCLEO-H503RB, NUCLEO-H533RE, NUCLEO-H563ZI, NUCLEO-H7S3L8, NUCLEO-N657X0-Q, NUCLEO-U031R8, NUCLEO-U083RC, NUCLEO-U385RG-Q, NUCLEO-U545RE-Q, NUCLEO-U5A5ZJ-Q, NUCLEO-WB05KZ, NUCLEO-WB07CC, NUCLEO-WB09KE, NUCLEO-WBA52CG, NUCLEO-WBA55CG, NUCLEO-WL33CC1, NUCLEO-WL33CC2, STEVAL-PROTEUS1, STEVAL-SMARTAG2, STEVAL-STWINBX1, STM320518-EVAL, STM32C0116-DK, STM32C011D6Y3TR, STM32C011D6Y6TR, STM32C011F4P3, STM32C011F4P6, STM32C011F4U3, STM32C011F4U6TR, STM32C011F6P3, STM32C011F6P6, STM32C011F6U3, STM32C011F6U6TR, STM32C011J4M3, STM32C011J4M6, STM32C011J6M3, STM32C011J6M6, STM32C0316-DK, STM32C031C4T3, STM32C031C4T6, STM32C031C4U3, STM32C031C4U6, STM32C031C6T3, STM32C031C6T6, STM32C031C6U3, STM32C031C6U6, STM32C031F4P3, STM32C031F4P6, STM32C031F6P3, STM32C031F6P6, STM32C031G4U3, STM32C031G4U6, STM32C031G6U3, STM32C031G6U6, STM32C031K4T3, STM32C031K4T6, STM32C031K4U3, STM32C031K4U6, STM32C031K6T3, STM32C031K6T6, STM32C031K6U3, STM32C031K6U6, STM32C051C6T6, STM32C051C6U6, STM32C051C8T6, STM32C051C8U6, STM32C051D8Y6TR, STM32C051F6P6, STM32C051F8P6, STM32C051G6U6, STM32C051G8U6, STM32C051K6T6, STM32C051K6U6, STM32C051K8T6, STM32C071C8T6, STM32C071C8T6N, STM32C071C8U6, STM32C071C8U6N, STM32C071CBT6, STM32C071CBT6N, STM32C071CBU6, STM32C071CBU6N, STM32C071F8P6, STM32C071F8P6N, STM32C071FBP6, STM32C071FBP6N, STM32C071FBY6TR, STM32C071G8U6, STM32C071G8U6N, STM32C071GBU6, STM32C071GBU6N, STM32C071K8T6, STM32C071K8T6N, STM32C071K8U6, STM32C071K8U6N, STM32C071KBT6, STM32C071KBT6N, STM32C071KBU6, STM32C071KBU6N, STM32C071R8T6, STM32C071R8T6N, STM32C071RBI6N, STM32C071RBT6, STM32C071RBT6N, STM32C091CBT6, STM32C091CBU6, STM32C091CCT6, STM32C091CCU6, STM32C091ECY6TR, STM32C091FBP6, STM32C091FCP6, STM32C091GBU6, STM32C091GCU6, STM32C091KBT6, STM32C091KBU6, STM32C091KCT6, STM32C091KCU6, STM32C091RBT6, STM32C091RCI6, STM32C091RCT6, STM32C092CBT6, STM32C092CBU6, STM32C092CCT6, STM32C092CCU6, STM32C092ECY6TR, STM32C092FBP6, STM32C092FCP6, STM32C092GBU6, STM32C092GCU6, STM32C092KBT6, STM32C092KBU6, STM32C092KCT6, STM32C092KCU6, STM32C092RBT6, STM32C092RCI6, STM32C092RCT6, STM32G071K8TXN, STM32G071K8UXN, STM32G081GBU6N, STM32G081KBT6N, STM32G081KBUXN, STM32G0B1CCT6N, STM32G0B1KCT6, STM32G0B1NEY6TR, STM32G0B1RCT6N, STM32G0C1CCT6, STM32G0C1CCT6N, STM32G0C1CCU6N, STM32G0C1CET6N, STM32G0C1CEU6N, STM32G0C1KCT6, STM32G0C1NEY6TR, STM32G0C1RCI6N, STM32G0C1RCT6N, STM32G0C1REI6N, STM32G0C1RET6N, STM32G0C1VCI6, STM32G0C1VEI6, STM32G411C6T3, STM32G411C6T6, STM32G411C6U3, STM32G411C6U6, STM32G411C8T3, STM32G411C8T6, STM32G411C8U3, STM32G411C8U6, STM32G411CBT3, STM32G411CBT6, STM32G411CBU3, STM32G411CBU6, STM32G411K6T3, STM32G411K6T6, STM32G411K6U3, STM32G411K6U6, STM32G411K8T3, STM32G411K8T6, STM32G411K8U3, STM32G411K8U6, STM32G411KBT3, STM32G411KBT6, STM32G411KBU3, STM32G411KBU6, STM32G411M6T3, STM32G411M6T6, STM32G411M8T3, STM32G411M8T6, STM32G411MBT3, STM32G411MBT6, STM32G411R6T3, STM32G411R6T6, STM32G411R8T3, STM32G411R8T6, STM32G411RBT3, STM32G411RBT6, STM32G414CBT3, STM32G414CBT6, STM32G414CBU3, STM32G414CBU6, STM32G414CCT3, STM32G414CCT6, STM32G414CCU3, STM32G414CCU6, STM32G414MBT3, STM32G414MBT6, STM32G414MCT3, STM32G414MCT6, STM32G414RBT3, STM32G414RBT6, STM32G414RCT3, STM32G414RCT6, STM32G414VBT3, STM32G414VBT6, STM32G414VCT3, STM32G414VCT6, STM32G431CBT3Z, STM32G431RBT3Z, STM32G471CCT6, STM32G471CCU6, STM32G471CET3, STM32G471CET6, STM32G471CEU3, STM32G471CEU6, STM32G471MCT6, STM32G471MET3, STM32G471MET6, STM32G471MEY6TR, STM32G471QCT6, STM32G471QET3, STM32G471RCT6, STM32G471RET3, STM32G471RET6, STM32G471VCH6, STM32G471VCI6, STM32G471VCT6, STM32G471VEH3, STM32G471VEH6, STM32G471VEI3, STM32G471VEI6, STM32G471VET3, STM32G471VET6, STM32G473QET3Z, STM32G473RET3Z, STM32G474CCT6, STM32G491RET3Z, STM32H503CBT6, STM32H503CBU6, STM32H503EBY6TR, STM32H503KBU6, STM32H503RBT6, STM32H523CCT6, STM32H523CCU6, STM32H523CET6, STM32H523CEU6, STM32H523HEY6TR, STM32H523RCT6, STM32H523RET6, STM32H523VCI6, STM32H523VCT6, STM32H523VEI6, STM32H523VET6, STM32H523ZCJ6, STM32H523ZCT6, STM32H523ZEJ6, STM32H523ZET6, STM32H533CET6, STM32H533CEU6, STM32H533HEY6TR, STM32H533RET6, STM32H533VEI6, STM32H533VET6, STM32H533ZEJ6, STM32H533ZET6, STM32H562AGI6, STM32H562AII6, STM32H562IGK6, STM32H562IGT6, STM32H562IIK6, STM32H562IIT6, STM32H562RGT6, STM32H562RGV6, STM32H562RIT6, STM32H562RIV6, STM32H562VGT6, STM32H562VIT6, STM32H562ZGT6, STM32H562ZIT6, STM32H563AGI6, STM32H563AII3Q, STM32H563AII6, STM32H563IGK6, STM32H563IGT6, STM32H563IIK3Q, STM32H563IIK6, STM32H563IIT3Q, STM32H563IIT6, STM32H563MIY3QTR, STM32H563RGT6, STM32H563RGV6, STM32H563RIT6, STM32H563RIV6, STM32H563VGT6, STM32H563VIT3Q, STM32H563VIT6, STM32H563ZGT6, STM32H563ZIT3Q, STM32H563ZIT6, STM32H573AII3Q, STM32H573AII6, STM32H573I-DK, STM32H573IIK3Q, STM32H573IIK6, STM32H573IIT3Q, STM32H573IIT6, STM32H573MIY3QTR, STM32H573RIT6, STM32H573RIV6, STM32H573VIT3Q, STM32H573VIT6, STM32H573ZIT3Q, STM32H573ZIT6, STM32H7R3A8I6, STM32H7R3I8K6, STM32H7R3I8T6, STM32H7R3L8H6, STM32H7R3L8H6H, STM32H7R3R8V6, STM32H7R3V8H6, STM32H7R3V8T6, STM32H7R3V8Y6TR, STM32H7R3Z8J6, STM32H7R3Z8T6, STM32H7R7A8I6, STM32H7R7I8K6, STM32H7R7I8T6, STM32H7R7L8H6, STM32H7R7L8H6H, STM32H7R7Z8J6, STM32H7S3A8I6, STM32H7S3I8K6, STM32H7S3I8T6, STM32H7S3L8H6, STM32H7S3L8H6H, STM32H7S3R8V6, STM32H7S3V8H6, STM32H7S3V8T6, STM32H7S3V8Y6TR, STM32H7S3Z8J6, STM32H7S3Z8T6, STM32H7S78-DK, STM32H7S7A8I6, STM32H7S7I8K6, STM32H7S7I8T6, STM32H7S7L8H6, STM32H7S7L8H6H, STM32H7S7Z8J6, STM32L4R5QGI6STR, STM32MP131AAE3, STM32MP131AAF3, STM32MP131AAG3, STM32MP131CAE3, STM32MP131CAF3, STM32MP131CAG3, STM32MP131DAE7, STM32MP131DAF7, STM32MP131DAG7, STM32MP131FAE7, STM32MP131FAF7, STM32MP131FAG7, STM32MP133AAE3, STM32MP133AAF3, STM32MP133AAG3, STM32MP133CAE3, STM32MP133CAF3, STM32MP133CAG3, STM32MP133DAE7, STM32MP133DAF7, STM32MP133DAG7, STM32MP133FAE7, STM32MP133FAF7, STM32MP133FAG7, STM32MP135AAE3, STM32MP135AAF3, STM32MP135AAG3, STM32MP135CAE3, STM32MP135CAF3, STM32MP135CAG3, STM32MP135DAE7, STM32MP135DAF7, STM32MP135DAG7, STM32MP135F-DK, STM32MP135FAE7, STM32MP135FAF7, STM32MP135FAF7T, STM32MP135FAF7U, STM32MP135FAG7, STM32MP211AAL3, STM32MP211AAM3, STM32MP211AAN3, STM32MP211AAO3, STM32MP211CAL3, STM32MP211CAM3, STM32MP211CAN3, STM32MP211CAO3, STM32MP211DAL3, STM32MP211DAM3, STM32MP211DAN3, STM32MP211DAO3, STM32MP211FAL3, STM32MP211FAM3, STM32MP211FAN3, STM32MP211FAO3, STM32MP213AAL3, STM32MP213AAM3, STM32MP213AAN3, STM32MP213AAO3, STM32MP213CAL3, STM32MP213CAM3, STM32MP213CAN3, STM32MP213CAO3, STM32MP213DAL3, STM32MP213DAM3, STM32MP213DAN3, STM32MP213DAO3, STM32MP213FAL3, STM32MP213FAM3, STM32MP213FAN3, STM32MP213FAO3, STM32MP215AAL3, STM32MP215AAM3, STM32MP215AAN3, STM32MP215AAO3, STM32MP215CAL3, STM32MP215CAM3, STM32MP215CAN3, STM32MP215CAO3, STM32MP215DAL3, STM32MP215DAM3, STM32MP215DAN3, STM32MP215DAO3, STM32MP215F-DK, STM32MP215FAL3, STM32MP215FAM3, STM32MP215FAN3, STM32MP215FAO3, STM32MP231AAJ3, STM32MP231AAK3, STM32MP231AAL3, STM32MP231CAJ3, STM32MP231CAK3, STM32MP231CAL3, STM32MP231DAJ3, STM32MP231DAK3, STM32MP231DAL3, STM32MP231FAJ3, STM32MP231FAK3, STM32MP231FAL3, STM32MP233AAJ3, STM32MP233AAK3, STM32MP233AAL3, STM32MP233CAJ3, STM32MP233CAK3, STM32MP233CAL3, STM32MP233DAJ3, STM32MP233DAK3, STM32MP233DAL3, STM32MP233FAJ3, STM32MP233FAK3, STM32MP233FAL3, STM32MP235AAJ3, STM32MP235AAK3, STM32MP235AAL3, STM32MP235CAJ3, STM32MP235CAK3, STM32MP235CAL3, STM32MP235DAJ3, STM32MP235DAK3, STM32MP235DAL3, STM32MP235FAJ3, STM32MP235FAK3, STM32MP235FAL3, STM32MP251AAI3, STM32MP251AAK3, STM32MP251AAL3, STM32MP251CAI3, STM32MP251CAK3, STM32MP251CAL3, STM32MP251DAI3, STM32MP251DAK3, STM32MP251DAL3, STM32MP251FAI3, STM32MP251FAK3, STM32MP251FAL3, STM32MP253AAI3, STM32MP253AAK3, STM32MP253AAL3, STM32MP253CAI3, STM32MP253CAK3, STM32MP253CAL3, STM32MP253DAI3, STM32MP253DAK3, STM32MP253DAL3, STM32MP253FAI3, STM32MP253FAK3, STM32MP253FAL3, STM32MP255AAI3, STM32MP255AAK3, STM32MP255AAL3, STM32MP255CAI3, STM32MP255CAK3, STM32MP255CAL3, STM32MP255DAI3, STM32MP255DAK3, STM32MP255DAL3, STM32MP255FAI3, STM32MP255FAK3, STM32MP255FAL3, STM32MP257AAI3, STM32MP257AAK3, STM32MP257AAL3, STM32MP257CAI3, STM32MP257CAK3, STM32MP257CAL3, STM32MP257DAI3, STM32MP257DAK3, STM32MP257DAL3, STM32MP257F-DK, STM32MP257F-EV1, STM32MP257FAI3, STM32MP257FAK3, STM32MP257FAL3, STM32N645A0H3Q, STM32N645B0H3Q, STM32N645I0H3Q, STM32N645L0H3Q, STM32N645X0H3Q, STM32N645Z0H3Q, STM32N647A0H3Q, STM32N647B0H3Q, STM32N647I0H3Q, STM32N647L0H3Q, STM32N647X0H3Q, STM32N647Z0H3Q, STM32N655A0H3Q, STM32N655B0H3Q, STM32N655I0H3Q, STM32N655L0H3Q, STM32N655X0H3Q, STM32N655Z0H3Q, STM32N6570-DK, STM32N657A0H3Q, STM32N657B0H3Q, STM32N657I0H3Q, STM32N657L0H3Q, STM32N657X0H3Q, STM32N657Z0H3Q, STM32U031C6T6, STM32U031C6U6, STM32U031C8T6, STM32U031C8U6, STM32U031F4P6, STM32U031F6P6, STM32U031F8P6, STM32U031G6Y6TR, STM32U031G8Y6TR, STM32U031K4U6, STM32U031K6U6, STM32U031K8U6, STM32U031R6I6, STM32U031R6T6, STM32U031R8I6, STM32U031R8T6, STM32U073C8T6, STM32U073C8U6, STM32U073CBT6, STM32U073CBU6, STM32U073CCT6, STM32U073CCU6, STM32U073H8Y6TR, STM32U073HBY6TR, STM32U073HCY6TR, STM32U073K8U6, STM32U073KBU6, STM32U073KCU6, STM32U073M8I6, STM32U073M8T6, STM32U073MBI6, STM32U073MBT6, STM32U073MCI6, STM32U073MCT6, STM32U073R8I6, STM32U073R8T6, STM32U073RBI6, STM32U073RBT6, STM32U073RCI6, STM32U073RCT6, STM32U083C-DK, STM32U083CCT6, STM32U083CCU6, STM32U083HCY6TR, STM32U083KCU6, STM32U083MCI6, STM32U083MCT6, STM32U083RCI6, STM32U083RCT6, STM32U375CET6, STM32U375CET6Q, STM32U375CEU6, STM32U375CEU6Q, STM32U375CEY6QTR, STM32U375CGT6, STM32U375CGT6Q, STM32U375CGU6, STM32U375CGU6Q, STM32U375CGY6QTR, STM32U375KEU6, STM32U375KGU6, STM32U375REI6, STM32U375REI6Q, STM32U375RET6, STM32U375RET6Q, STM32U375REY6GTR, STM32U375REY6QTR, STM32U375RGI6, STM32U375RGI6Q, STM32U375RGT6, STM32U375RGT6Q, STM32U375RGY6GTR, STM32U375RGY6QTR, STM32U375VEI6, STM32U375VEI6Q, STM32U375VET6, STM32U375VET6Q, STM32U375VGI6, STM32U375VGI6Q, STM32U375VGT6, STM32U375VGT6Q, STM32U385CGT6, STM32U385CGT6Q, STM32U385CGU6, STM32U385CGU6Q, STM32U385CGY6QTR, STM32U385KGU6, STM32U385RGI6, STM32U385RGI6Q, STM32U385RGT6, STM32U385RGT6Q, STM32U385RGY6GTR, STM32U385RGY6QTR, STM32U385VGI6, STM32U385VGI6Q, STM32U385VGT6, STM32U385VGT6Q, STM32U535CBT6, STM32U535CBT6Q, STM32U535CBU6, STM32U535CBU6Q, STM32U535CCT6, STM32U535CCT6Q, STM32U535CCU6, STM32U535CCU6Q, STM32U535CET6, STM32U535CET6Q, STM32U535CEU6, STM32U535CEU6Q, STM32U535JEY6QTR, STM32U535NCY6QTR, STM32U535NEY6QTR, STM32U535RBI6, STM32U535RBI6Q, STM32U535RBT6, STM32U535RBT6Q, STM32U535RCI6, STM32U535RCI6Q, STM32U535RCT6, STM32U535RCT6Q, STM32U535REI6, STM32U535REI6Q, STM32U535RET6, STM32U535RET6Q, STM32U535VCI6, STM32U535VCI6Q, STM32U535VCT6, STM32U535VCT6Q, STM32U535VEI6, STM32U535VEI6Q, STM32U535VET6, STM32U535VET6Q, STM32U545CET6, STM32U545CET6Q, STM32U545CEU6, STM32U545CEU6Q, STM32U545JEY6QTR, STM32U545NEY6QTR, STM32U545REI6, STM32U545REI6Q, STM32U545RET6, STM32U545RET6Q, STM32U545VEI6, STM32U545VEI6Q, STM32U545VET6, STM32U545VET6Q, STM32U595AIH6, STM32U595AIH6Q, STM32U595AJH6, STM32U595AJH6Q, STM32U595QII6, STM32U595QII6Q, STM32U595QJI6, STM32U595QJI6Q, STM32U595RIT6, STM32U595RIT6Q, STM32U595RJT6, STM32U595RJT6Q, STM32U595VIT6, STM32U595VIT6Q, STM32U595VJT6, STM32U595VJT6Q, STM32U595ZIT6, STM32U595ZIT6Q, STM32U595ZIY6QTR, STM32U595ZJT6, STM32U595ZJT6Q, STM32U595ZJY6QTR, STM32U599BJY6QTR, STM32U599NIH6Q, STM32U599NJH6Q, STM32U599VIT6Q, STM32U599VJT6, STM32U599VJT6Q, STM32U599ZIT6Q, STM32U599ZIY6QTR, STM32U599ZJT6Q, STM32U599ZJY6QTR, STM32U5A5AJH6, STM32U5A5AJH6Q, STM32U5A5QII3Q , STM32U5A5QJI6, STM32U5A5QJI6Q, STM32U5A5RJT6, STM32U5A5RJT6Q, STM32U5A5VJT6, STM32U5A5VJT6Q, STM32U5A5ZJT6, STM32U5A5ZJT6Q, STM32U5A5ZJY6QTR, STM32U5A9BJY6QTR, STM32U5A9J-DK, STM32U5A9NJH6Q, STM32U5A9VJT6Q, STM32U5A9ZJT6Q, STM32U5A9ZJY6QTR, STM32U5F7VIT6, STM32U5F7VIT6Q, STM32U5F7VJT6, STM32U5F7VJT6Q, STM32U5F9BJY6QTR, STM32U5F9NJH6Q, STM32U5F9VIT6Q, STM32U5F9VJT6Q, STM32U5F9ZIJ6QTR, STM32U5F9ZIT6Q, STM32U5F9ZJJ6QTR, STM32U5F9ZJT6Q, STM32U5G7VJT6, STM32U5G7VJT6Q, STM32U5G9BJY6QTR, STM32U5G9J-DK1, STM32U5G9J-DK2, STM32U5G9NJH6Q, STM32U5G9VJT6Q, STM32U5G9ZJJ6QTR, STM32U5G9ZJT6Q, STM32WB05KZV6TR, STM32WB05KZV7TR, STM32WB05TZF6TR, STM32WB05TZF7TR, STM32WB06CCF6TR, STM32WB06CCF7TR, STM32WB06CCV6TR, STM32WB06CCV7TR, STM32WB06KCV6TR, STM32WB06KCV7TR, STM32WB07CCF6TR, STM32WB07CCF7TR, STM32WB07CCV6TR, STM32WB07CCV7TR, STM32WB07KCV6TR, STM32WB07KCV7TR, STM32WB09KEV6TR, STM32WB09KEV7TR, STM32WB09TEF6TR, STM32WB09TEF7TR, STM32WB1MMCH6, STM32WBA50KGU6, STM32WBA50KGU6TR, STM32WBA52CEU6, STM32WBA52CEU6TR, STM32WBA52CEU7, STM32WBA52CEU7TR, STM32WBA52CGU6, STM32WBA52CGU6TR, STM32WBA52CGU6U, STM32WBA52CGU7, STM32WBA52CGU7TR, STM32WBA52KEU6, STM32WBA52KEU6TR, STM32WBA52KGU6, STM32WBA52KGU6TR, STM32WBA54CEU6, STM32WBA54CEU6TR, STM32WBA54CEU7, STM32WBA54CEU7TR, STM32WBA54CGU6, STM32WBA54CGU6TR, STM32WBA54CGU7, STM32WBA54CGU7TR, STM32WBA54KEU6, STM32WBA54KEU6TR, STM32WBA54KEU7, STM32WBA54KEU7TR, STM32WBA54KGU6, STM32WBA54KGU6TR, STM32WBA54KGU7, STM32WBA54KGU7TR, STM32WBA55CEU6, STM32WBA55CEU6TR, STM32WBA55CEU7, STM32WBA55CEU7TR, STM32WBA55CGU6, STM32WBA55CGU6TR, STM32WBA55CGU6U, STM32WBA55CGU7, STM32WBA55CGU7TR, STM32WBA55G-DK1, STM32WBA55HEF6, STM32WBA55HEF7, STM32WBA55HGF6, STM32WBA55HGF7, STM32WBA55UEI6, STM32WBA55UEI6TR, STM32WBA55UEI7, STM32WBA55UEI7TR, STM32WBA55UGI6, STM32WBA55UGI6TR, STM32WBA55UGI7, STM32WBA55UGI7TR, STM32WBA5MMGH6TR, STM32WBA62MGF6, STM32WBA62MIF6, STM32WBA65MGF7, STM32WBA65MIF6, STM32WBA65MIF7, STM32WL30K8V6, STM32WL30KBV6, STM32WL31C8V6, STM32WL31CBV6, STM32WL31K8V6, STM32WL31KBV6, STM32WL33C8V6, STM32WL33C8V6X, STM32WL33CBV6, STM32WL33CBV6X, STM32WL33CCV6, STM32WL33CCV6A, STM32WL33CCV6X, STM32WL33K8V7, STM32WL33K8V7X, STM32WL33KBV7 , STM32WL33KBV7X, STM32WL33KCV7, STM32WL33KCV7X, STM32WL5MOCH6, STM32WL5MOCH6TR]
2026-01-07 11:30:47,479 [INFO] ApiDb:668 - CubeFinder database Data Model version=2.1
2026-01-07 11:30:47,479 [INFO] ApiDb:669 - CubeFinder database Configuration version=3.0.39
2026-01-07 11:30:47,479 [INFO] ApiDb:670 - CubeFinder database generation date=2025-11-05 (1762334721)
2026-01-07 11:30:47,479 [INFO] ApiDb:671 - CubeFinder database FW Pack versions=[FP-ATR-ASTRA1_V2.0.0, FP-SNS-FLIGHT1_V5.1.0, FP-SNS-MOTENV1_V5.1.0, FP-SNS-MOTENVWB1_V1.4.0, FP-SNS-SMARTAG2_V1.2.0, FP-SNS-STBOX1_V2.1.0, STM32Cube_FW_C0_V1.4.0, STM32Cube_FW_F4_V1.28.3, STM32Cube_FW_F7_V1.17.4, STM32Cube_FW_G0_V1.6.2, STM32Cube_FW_G4_V1.6.1, STM32Cube_FW_H5_V1.5.1, STM32Cube_FW_H7RS_V1.3.0, STM32Cube_FW_H7_V1.12.1, STM32Cube_FW_L0_V1.12.2, STM32Cube_FW_L4_V1.18.1, STM32Cube_FW_L5_V1.6.0, STM32Cube_FW_N6_V1.3.0, STM32Cube_FW_U0_V1.3.0, STM32Cube_FW_U3_V1.2.1, STM32Cube_FW_U5_V1.8.0, STM32Cube_FW_WB0_V1.4.0, STM32Cube_FW_WBA_V1.8.0, STM32Cube_FW_WB_V1.24.0, STM32Cube_FW_WL3_V1.3.0, STM32Cube_FW_WL_V1.4.0, X-CUBE-ALGOBUILD_V1.4.0, X-CUBE-ALS_V1.0.2, X-CUBE-AZRTOS-F4_V1.1.0, X-CUBE-AZRTOS-F7_V1.1.0, X-CUBE-AZRTOS-G0_V1.1.0, X-CUBE-AZRTOS-G4_V2.0.0, X-CUBE-AZRTOS-H7RS_V1.1.0, X-CUBE-AZRTOS-H7_V3.4.0, X-CUBE-AZRTOS-L4_V2.0.0, X-CUBE-AZRTOS-L5_V2.0.0, X-CUBE-AZRTOS-WB_V2.0.0, X-CUBE-AZRTOS-WL_V2.0.0, X-CUBE-BLE1_V7.1.0, X-CUBE-BLE2_V3.3.0, X-CUBE-BLEMGR_V4.1.0, X-CUBE-EEPRMA1_V5.2.0, X-CUBE-FREERTOS_V1.3.1, X-CUBE-GNSS1_V6.0.0, X-CUBE-MEMS1_V11.3.0, X-CUBE-NFC4_V3.0.0, X-CUBE-NFC7_V2.0.0, X-CUBE-SFXS2LP1_V4.0.0, X-CUBE-ST67W61_V1.1.0, X-CUBE-SUBG2_V5.0.0, X-CUBE-TOF1_V3.4.3]
2026-01-07 11:30:53,386 [INFO] ApiDb:240 - Found 880 in-development CPN: [B-G473E-ZEST1S, B-WB1M-WPAN1, B-WBA5M-WPAN, B-WL5M-SUBG1, NUCLEO-C031C6, NUCLEO-C051C8, NUCLEO-C071RB, NUCLEO-C092RC, NUCLEO-H503RB, NUCLEO-H533RE, NUCLEO-H563ZI, NUCLEO-H7S3L8, NUCLEO-N657X0-Q, NUCLEO-U031R8, NUCLEO-U083RC, NUCLEO-U385RG-Q, NUCLEO-U545RE-Q, NUCLEO-U5A5ZJ-Q, NUCLEO-WB05KZ, NUCLEO-WB07CC, NUCLEO-WB09KE, NUCLEO-WBA52CG, NUCLEO-WBA55CG, NUCLEO-WL33CC1, NUCLEO-WL33CC2, STEVAL-PROTEUS1, STEVAL-SMARTAG2, STEVAL-STWINBX1, STM320518-EVAL, STM32C0116-DK, STM32C011D6Y3TR, STM32C011D6Y6TR, STM32C011F4P3, STM32C011F4P6, STM32C011F4U3, STM32C011F4U6TR, STM32C011F6P3, STM32C011F6P6, STM32C011F6U3, STM32C011F6U6TR, STM32C011J4M3, STM32C011J4M6, STM32C011J6M3, STM32C011J6M6, STM32C0316-DK, STM32C031C4T3, STM32C031C4T6, STM32C031C4U3, STM32C031C4U6, STM32C031C6T3, STM32C031C6T6, STM32C031C6U3, STM32C031C6U6, STM32C031F4P3, STM32C031F4P6, STM32C031F6P3, STM32C031F6P6, STM32C031G4U3, STM32C031G4U6, STM32C031G6U3, STM32C031G6U6, STM32C031K4T3, STM32C031K4T6, STM32C031K4U3, STM32C031K4U6, STM32C031K6T3, STM32C031K6T6, STM32C031K6U3, STM32C031K6U6, STM32C051C6T6, STM32C051C6U6, STM32C051C8T6, STM32C051C8U6, STM32C051D8Y6TR, STM32C051F6P6, STM32C051F8P6, STM32C051G6U6, STM32C051G8U6, STM32C051K6T6, STM32C051K6U6, STM32C051K8T6, STM32C071C8T6, STM32C071C8T6N, STM32C071C8U6, STM32C071C8U6N, STM32C071CBT6, STM32C071CBT6N, STM32C071CBU6, STM32C071CBU6N, STM32C071F8P6, STM32C071F8P6N, STM32C071FBP6, STM32C071FBP6N, STM32C071FBY6TR, STM32C071G8U6, STM32C071G8U6N, STM32C071GBU6, STM32C071GBU6N, STM32C071K8T6, STM32C071K8T6N, STM32C071K8U6, STM32C071K8U6N, STM32C071KBT6, STM32C071KBT6N, STM32C071KBU6, STM32C071KBU6N, STM32C071R8T6, STM32C071R8T6N, STM32C071RBI6N, STM32C071RBT6, STM32C071RBT6N, STM32C091CBT6, STM32C091CBU6, STM32C091CCT6, STM32C091CCU6, STM32C091ECY6TR, STM32C091FBP6, STM32C091FCP6, STM32C091GBU6, STM32C091GCU6, STM32C091KBT6, STM32C091KBU6, STM32C091KCT6, STM32C091KCU6, STM32C091RBT6, STM32C091RCI6, STM32C091RCT6, STM32C092CBT6, STM32C092CBU6, STM32C092CCT6, STM32C092CCU6, STM32C092ECY6TR, STM32C092FBP6, STM32C092FCP6, STM32C092GBU6, STM32C092GCU6, STM32C092KBT6, STM32C092KBU6, STM32C092KCT6, STM32C092KCU6, STM32C092RBT6, STM32C092RCI6, STM32C092RCT6, STM32G071K8TXN, STM32G071K8UXN, STM32G081GBU6N, STM32G081KBT6N, STM32G081KBUXN, STM32G0B1CCT6N, STM32G0B1KCT6, STM32G0B1NEY6TR, STM32G0B1RCT6N, STM32G0C1CCT6, STM32G0C1CCT6N, STM32G0C1CCU6N, STM32G0C1CET6N, STM32G0C1CEU6N, STM32G0C1KCT6, STM32G0C1NEY6TR, STM32G0C1RCI6N, STM32G0C1RCT6N, STM32G0C1REI6N, STM32G0C1RET6N, STM32G0C1VCI6, STM32G0C1VEI6, STM32G411C6T3, STM32G411C6T6, STM32G411C6U3, STM32G411C6U6, STM32G411C8T3, STM32G411C8T6, STM32G411C8U3, STM32G411C8U6, STM32G411CBT3, STM32G411CBT6, STM32G411CBU3, STM32G411CBU6, STM32G411K6T3, STM32G411K6T6, STM32G411K6U3, STM32G411K6U6, STM32G411K8T3, STM32G411K8T6, STM32G411K8U3, STM32G411K8U6, STM32G411KBT3, STM32G411KBT6, STM32G411KBU3, STM32G411KBU6, STM32G411M6T3, STM32G411M6T6, STM32G411M8T3, STM32G411M8T6, STM32G411MBT3, STM32G411MBT6, STM32G411R6T3, STM32G411R6T6, STM32G411R8T3, STM32G411R8T6, STM32G411RBT3, STM32G411RBT6, STM32G414CBT3, STM32G414CBT6, STM32G414CBU3, STM32G414CBU6, STM32G414CCT3, STM32G414CCT6, STM32G414CCU3, STM32G414CCU6, STM32G414MBT3, STM32G414MBT6, STM32G414MCT3, STM32G414MCT6, STM32G414RBT3, STM32G414RBT6, STM32G414RCT3, STM32G414RCT6, STM32G414VBT3, STM32G414VBT6, STM32G414VCT3, STM32G414VCT6, STM32G431CBT3Z, STM32G431RBT3Z, STM32G471CCT6, STM32G471CCU6, STM32G471CET3, STM32G471CET6, STM32G471CEU3, STM32G471CEU6, STM32G471MCT6, STM32G471MET3, STM32G471MET6, STM32G471MEY6TR, STM32G471QCT6, STM32G471QET3, STM32G471RCT6, STM32G471RET3, STM32G471RET6, STM32G471VCH6, STM32G471VCI6, STM32G471VCT6, STM32G471VEH3, STM32G471VEH6, STM32G471VEI3, STM32G471VEI6, STM32G471VET3, STM32G471VET6, STM32G473QET3Z, STM32G473RET3Z, STM32G474CCT6, STM32G491RET3Z, STM32H503CBT6, STM32H503CBU6, STM32H503EBY6TR, STM32H503KBU6, STM32H503RBT6, STM32H523CCT6, STM32H523CCU6, STM32H523CET6, STM32H523CEU6, STM32H523HEY6TR, STM32H523RCT6, STM32H523RET6, STM32H523VCI6, STM32H523VCT6, STM32H523VEI6, STM32H523VET6, STM32H523ZCJ6, STM32H523ZCT6, STM32H523ZEJ6, STM32H523ZET6, STM32H533CET6, STM32H533CEU6, STM32H533HEY6TR, STM32H533RET6, STM32H533VEI6, STM32H533VET6, STM32H533ZEJ6, STM32H533ZET6, STM32H562AGI6, STM32H562AII6, STM32H562IGK6, STM32H562IGT6, STM32H562IIK6, STM32H562IIT6, STM32H562RGT6, STM32H562RGV6, STM32H562RIT6, STM32H562RIV6, STM32H562VGT6, STM32H562VIT6, STM32H562ZGT6, STM32H562ZIT6, STM32H563AGI6, STM32H563AII3Q, STM32H563AII6, STM32H563IGK6, STM32H563IGT6, STM32H563IIK3Q, STM32H563IIK6, STM32H563IIT3Q, STM32H563IIT6, STM32H563MIY3QTR, STM32H563RGT6, STM32H563RGV6, STM32H563RIT6, STM32H563RIV6, STM32H563VGT6, STM32H563VIT3Q, STM32H563VIT6, STM32H563ZGT6, STM32H563ZIT3Q, STM32H563ZIT6, STM32H573AII3Q, STM32H573AII6, STM32H573I-DK, STM32H573IIK3Q, STM32H573IIK6, STM32H573IIT3Q, STM32H573IIT6, STM32H573MIY3QTR, STM32H573RIT6, STM32H573RIV6, STM32H573VIT3Q, STM32H573VIT6, STM32H573ZIT3Q, STM32H573ZIT6, STM32H7R3A8I6, STM32H7R3I8K6, STM32H7R3I8T6, STM32H7R3L8H6, STM32H7R3L8H6H, STM32H7R3R8V6, STM32H7R3V8H6, STM32H7R3V8T6, STM32H7R3V8Y6TR, STM32H7R3Z8J6, STM32H7R3Z8T6, STM32H7R7A8I6, STM32H7R7I8K6, STM32H7R7I8T6, STM32H7R7L8H6, STM32H7R7L8H6H, STM32H7R7Z8J6, STM32H7S3A8I6, STM32H7S3I8K6, STM32H7S3I8T6, STM32H7S3L8H6, STM32H7S3L8H6H, STM32H7S3R8V6, STM32H7S3V8H6, STM32H7S3V8T6, STM32H7S3V8Y6TR, STM32H7S3Z8J6, STM32H7S3Z8T6, STM32H7S78-DK, STM32H7S7A8I6, STM32H7S7I8K6, STM32H7S7I8T6, STM32H7S7L8H6, STM32H7S7L8H6H, STM32H7S7Z8J6, STM32L4R5QGI6STR, STM32MP131AAE3, STM32MP131AAF3, STM32MP131AAG3, STM32MP131CAE3, STM32MP131CAF3, STM32MP131CAG3, STM32MP131DAE7, STM32MP131DAF7, STM32MP131DAG7, STM32MP131FAE7, STM32MP131FAF7, STM32MP131FAG7, STM32MP133AAE3, STM32MP133AAF3, STM32MP133AAG3, STM32MP133CAE3, STM32MP133CAF3, STM32MP133CAG3, STM32MP133DAE7, STM32MP133DAF7, STM32MP133DAG7, STM32MP133FAE7, STM32MP133FAF7, STM32MP133FAG7, STM32MP135AAE3, STM32MP135AAF3, STM32MP135AAG3, STM32MP135CAE3, STM32MP135CAF3, STM32MP135CAG3, STM32MP135DAE7, STM32MP135DAF7, STM32MP135DAG7, STM32MP135F-DK, STM32MP135FAE7, STM32MP135FAF7, STM32MP135FAF7T, STM32MP135FAF7U, STM32MP135FAG7, STM32MP211AAL3, STM32MP211AAM3, STM32MP211AAN3, STM32MP211AAO3, STM32MP211CAL3, STM32MP211CAM3, STM32MP211CAN3, STM32MP211CAO3, STM32MP211DAL3, STM32MP211DAM3, STM32MP211DAN3, STM32MP211DAO3, STM32MP211FAL3, STM32MP211FAM3, STM32MP211FAN3, STM32MP211FAO3, STM32MP213AAL3, STM32MP213AAM3, STM32MP213AAN3, STM32MP213AAO3, STM32MP213CAL3, STM32MP213CAM3, STM32MP213CAN3, STM32MP213CAO3, STM32MP213DAL3, STM32MP213DAM3, STM32MP213DAN3, STM32MP213DAO3, STM32MP213FAL3, STM32MP213FAM3, STM32MP213FAN3, STM32MP213FAO3, STM32MP215AAL3, STM32MP215AAM3, STM32MP215AAN3, STM32MP215AAO3, STM32MP215CAL3, STM32MP215CAM3, STM32MP215CAN3, STM32MP215CAO3, STM32MP215DAL3, STM32MP215DAM3, STM32MP215DAN3, STM32MP215DAO3, STM32MP215F-DK, STM32MP215FAL3, STM32MP215FAM3, STM32MP215FAN3, STM32MP215FAO3, STM32MP231AAJ3, STM32MP231AAK3, STM32MP231AAL3, STM32MP231CAJ3, STM32MP231CAK3, STM32MP231CAL3, STM32MP231DAJ3, STM32MP231DAK3, STM32MP231DAL3, STM32MP231FAJ3, STM32MP231FAK3, STM32MP231FAL3, STM32MP233AAJ3, STM32MP233AAK3, STM32MP233AAL3, STM32MP233CAJ3, STM32MP233CAK3, STM32MP233CAL3, STM32MP233DAJ3, STM32MP233DAK3, STM32MP233DAL3, STM32MP233FAJ3, STM32MP233FAK3, STM32MP233FAL3, STM32MP235AAJ3, STM32MP235AAK3, STM32MP235AAL3, STM32MP235CAJ3, STM32MP235CAK3, STM32MP235CAL3, STM32MP235DAJ3, STM32MP235DAK3, STM32MP235DAL3, STM32MP235FAJ3, STM32MP235FAK3, STM32MP235FAL3, STM32MP251AAI3, STM32MP251AAK3, STM32MP251AAL3, STM32MP251CAI3, STM32MP251CAK3, STM32MP251CAL3, STM32MP251DAI3, STM32MP251DAK3, STM32MP251DAL3, STM32MP251FAI3, STM32MP251FAK3, STM32MP251FAL3, STM32MP253AAI3, STM32MP253AAK3, STM32MP253AAL3, STM32MP253CAI3, STM32MP253CAK3, STM32MP253CAL3, STM32MP253DAI3, STM32MP253DAK3, STM32MP253DAL3, STM32MP253FAI3, STM32MP253FAK3, STM32MP253FAL3, STM32MP255AAI3, STM32MP255AAK3, STM32MP255AAL3, STM32MP255CAI3, STM32MP255CAK3, STM32MP255CAL3, STM32MP255DAI3, STM32MP255DAK3, STM32MP255DAL3, STM32MP255FAI3, STM32MP255FAK3, STM32MP255FAL3, STM32MP257AAI3, STM32MP257AAK3, STM32MP257AAL3, STM32MP257CAI3, STM32MP257CAK3, STM32MP257CAL3, STM32MP257DAI3, STM32MP257DAK3, STM32MP257DAL3, STM32MP257F-DK, STM32MP257F-EV1, STM32MP257FAI3, STM32MP257FAK3, STM32MP257FAL3, STM32N645A0H3Q, STM32N645B0H3Q, STM32N645I0H3Q, STM32N645L0H3Q, STM32N645X0H3Q, STM32N645Z0H3Q, STM32N647A0H3Q, STM32N647B0H3Q, STM32N647I0H3Q, STM32N647L0H3Q, STM32N647X0H3Q, STM32N647Z0H3Q, STM32N655A0H3Q, STM32N655B0H3Q, STM32N655I0H3Q, STM32N655L0H3Q, STM32N655X0H3Q, STM32N655Z0H3Q, STM32N6570-DK, STM32N657A0H3Q, STM32N657B0H3Q, STM32N657I0H3Q, STM32N657L0H3Q, STM32N657X0H3Q, STM32N657Z0H3Q, STM32U031C6T6, STM32U031C6U6, STM32U031C8T6, STM32U031C8U6, STM32U031F4P6, STM32U031F6P6, STM32U031F8P6, STM32U031G6Y6TR, STM32U031G8Y6TR, STM32U031K4U6, STM32U031K6U6, STM32U031K8U6, STM32U031R6I6, STM32U031R6T6, STM32U031R8I6, STM32U031R8T6, STM32U073C8T6, STM32U073C8U6, STM32U073CBT6, STM32U073CBU6, STM32U073CCT6, STM32U073CCU6, STM32U073H8Y6TR, STM32U073HBY6TR, STM32U073HCY6TR, STM32U073K8U6, STM32U073KBU6, STM32U073KCU6, STM32U073M8I6, STM32U073M8T6, STM32U073MBI6, STM32U073MBT6, STM32U073MCI6, STM32U073MCT6, STM32U073R8I6, STM32U073R8T6, STM32U073RBI6, STM32U073RBT6, STM32U073RCI6, STM32U073RCT6, STM32U083C-DK, STM32U083CCT6, STM32U083CCU6, STM32U083HCY6TR, STM32U083KCU6, STM32U083MCI6, STM32U083MCT6, STM32U083RCI6, STM32U083RCT6, STM32U375CET6, STM32U375CET6Q, STM32U375CEU6, STM32U375CEU6Q, STM32U375CEY6QTR, STM32U375CGT6, STM32U375CGT6Q, STM32U375CGU6, STM32U375CGU6Q, STM32U375CGY6QTR, STM32U375KEU6, STM32U375KGU6, STM32U375REI6, STM32U375REI6Q, STM32U375RET6, STM32U375RET6Q, STM32U375REY6GTR, STM32U375REY6QTR, STM32U375RGI6, STM32U375RGI6Q, STM32U375RGT6, STM32U375RGT6Q, STM32U375RGY6GTR, STM32U375RGY6QTR, STM32U375VEI6, STM32U375VEI6Q, STM32U375VET6, STM32U375VET6Q, STM32U375VGI6, STM32U375VGI6Q, STM32U375VGT6, STM32U375VGT6Q, STM32U385CGT6, STM32U385CGT6Q, STM32U385CGU6, STM32U385CGU6Q, STM32U385CGY6QTR, STM32U385KGU6, STM32U385RGI6, STM32U385RGI6Q, STM32U385RGT6, STM32U385RGT6Q, STM32U385RGY6GTR, STM32U385RGY6QTR, STM32U385VGI6, STM32U385VGI6Q, STM32U385VGT6, STM32U385VGT6Q, STM32U535CBT6, STM32U535CBT6Q, STM32U535CBU6, STM32U535CBU6Q, STM32U535CCT6, STM32U535CCT6Q, STM32U535CCU6, STM32U535CCU6Q, STM32U535CET6, STM32U535CET6Q, STM32U535CEU6, STM32U535CEU6Q, STM32U535JEY6QTR, STM32U535NCY6QTR, STM32U535NEY6QTR, STM32U535RBI6, STM32U535RBI6Q, STM32U535RBT6, STM32U535RBT6Q, STM32U535RCI6, STM32U535RCI6Q, STM32U535RCT6, STM32U535RCT6Q, STM32U535REI6, STM32U535REI6Q, STM32U535RET6, STM32U535RET6Q, STM32U535VCI6, STM32U535VCI6Q, STM32U535VCT6, STM32U535VCT6Q, STM32U535VEI6, STM32U535VEI6Q, STM32U535VET6, STM32U535VET6Q, STM32U545CET6, STM32U545CET6Q, STM32U545CEU6, STM32U545CEU6Q, STM32U545JEY6QTR, STM32U545NEY6QTR, STM32U545REI6, STM32U545REI6Q, STM32U545RET6, STM32U545RET6Q, STM32U545VEI6, STM32U545VEI6Q, STM32U545VET6, STM32U545VET6Q, STM32U595AIH6, STM32U595AIH6Q, STM32U595AJH6, STM32U595AJH6Q, STM32U595QII6, STM32U595QII6Q, STM32U595QJI6, STM32U595QJI6Q, STM32U595RIT6, STM32U595RIT6Q, STM32U595RJT6, STM32U595RJT6Q, STM32U595VIT6, STM32U595VIT6Q, STM32U595VJT6, STM32U595VJT6Q, STM32U595ZIT6, STM32U595ZIT6Q, STM32U595ZIY6QTR, STM32U595ZJT6, STM32U595ZJT6Q, STM32U595ZJY6QTR, STM32U599BJY6QTR, STM32U599NIH6Q, STM32U599NJH6Q, STM32U599VIT6Q, STM32U599VJT6, STM32U599VJT6Q, STM32U599ZIT6Q, STM32U599ZIY6QTR, STM32U599ZJT6Q, STM32U599ZJY6QTR, STM32U5A5AJH6, STM32U5A5AJH6Q, STM32U5A5QII3Q , STM32U5A5QJI6, STM32U5A5QJI6Q, STM32U5A5RJT6, STM32U5A5RJT6Q, STM32U5A5VJT6, STM32U5A5VJT6Q, STM32U5A5ZJT6, STM32U5A5ZJT6Q, STM32U5A5ZJY6QTR, STM32U5A9BJY6QTR, STM32U5A9J-DK, STM32U5A9NJH6Q, STM32U5A9VJT6Q, STM32U5A9ZJT6Q, STM32U5A9ZJY6QTR, STM32U5F7VIT6, STM32U5F7VIT6Q, STM32U5F7VJT6, STM32U5F7VJT6Q, STM32U5F9BJY6QTR, STM32U5F9NJH6Q, STM32U5F9VIT6Q, STM32U5F9VJT6Q, STM32U5F9ZIJ6QTR, STM32U5F9ZIT6Q, STM32U5F9ZJJ6QTR, STM32U5F9ZJT6Q, STM32U5G7VJT6, STM32U5G7VJT6Q, STM32U5G9BJY6QTR, STM32U5G9J-DK1, STM32U5G9J-DK2, STM32U5G9NJH6Q, STM32U5G9VJT6Q, STM32U5G9ZJJ6QTR, STM32U5G9ZJT6Q, STM32WB05KZV6TR, STM32WB05KZV7TR, STM32WB05TZF6TR, STM32WB05TZF7TR, STM32WB06CCF6TR, STM32WB06CCF7TR, STM32WB06CCV6TR, STM32WB06CCV7TR, STM32WB06KCV6TR, STM32WB06KCV7TR, STM32WB07CCF6TR, STM32WB07CCF7TR, STM32WB07CCV6TR, STM32WB07CCV7TR, STM32WB07KCV6TR, STM32WB07KCV7TR, STM32WB09KEV6TR, STM32WB09KEV7TR, STM32WB09TEF6TR, STM32WB09TEF7TR, STM32WB1MMCH6, STM32WBA50KGU6, STM32WBA50KGU6TR, STM32WBA52CEU6, STM32WBA52CEU6TR, STM32WBA52CEU7, STM32WBA52CEU7TR, STM32WBA52CGU6, STM32WBA52CGU6TR, STM32WBA52CGU6U, STM32WBA52CGU7, STM32WBA52CGU7TR, STM32WBA52KEU6, STM32WBA52KEU6TR, STM32WBA52KGU6, STM32WBA52KGU6TR, STM32WBA54CEU6, STM32WBA54CEU6TR, STM32WBA54CEU7, STM32WBA54CEU7TR, STM32WBA54CGU6, STM32WBA54CGU6TR, STM32WBA54CGU7, STM32WBA54CGU7TR, STM32WBA54KEU6, STM32WBA54KEU6TR, STM32WBA54KEU7, STM32WBA54KEU7TR, STM32WBA54KGU6, STM32WBA54KGU6TR, STM32WBA54KGU7, STM32WBA54KGU7TR, STM32WBA55CEU6, STM32WBA55CEU6TR, STM32WBA55CEU7, STM32WBA55CEU7TR, STM32WBA55CGU6, STM32WBA55CGU6TR, STM32WBA55CGU6U, STM32WBA55CGU7, STM32WBA55CGU7TR, STM32WBA55G-DK1, STM32WBA55HEF6, STM32WBA55HEF7, STM32WBA55HGF6, STM32WBA55HGF7, STM32WBA55UEI6, STM32WBA55UEI6TR, STM32WBA55UEI7, STM32WBA55UEI7TR, STM32WBA55UGI6, STM32WBA55UGI6TR, STM32WBA55UGI7, STM32WBA55UGI7TR, STM32WBA5MMGH6TR, STM32WBA62MGF6, STM32WBA62MIF6, STM32WBA65MGF7, STM32WBA65MIF6, STM32WBA65MIF7, STM32WL30K8V6, STM32WL30KBV6, STM32WL31C8V6, STM32WL31CBV6, STM32WL31K8V6, STM32WL31KBV6, STM32WL33C8V6, STM32WL33C8V6X, STM32WL33CBV6, STM32WL33CBV6X, STM32WL33CCV6, STM32WL33CCV6A, STM32WL33CCV6X, STM32WL33K8V7, STM32WL33K8V7X, STM32WL33KBV7 , STM32WL33KBV7X, STM32WL33KCV7, STM32WL33KCV7X, STM32WL5MOCH6, STM32WL5MOCH6TR]
2026-01-07 11:30:53,402 [INFO] DbMcus:218 - Found 4876 MCUs, 4876 are supported
2026-01-07 11:30:53,405 [INFO] ApiDb:423 - Load user favorites file C:\Users\Chinnapop/.stm32cubeide/favorites.mcus.txt: 0 item(s)
2026-01-07 11:30:53,406 [INFO] ApiDb:427 - User favorites MCUs=[]
2026-01-07 11:30:53,406 [INFO] DbMcus:224 - Set 0 / 0 favorites MCUs
2026-01-07 11:30:55,285 [INFO] BoardInfo:889 - No configuration file found for board P-NUCLEO-WB55
2026-01-07 11:30:55,288 [INFO] DbBoards:161 - Kit is not supported: P-NUCLEO-WB55
2026-01-07 11:30:55,304 [INFO] BoardInfo:889 - No configuration file found for board STEVAL-BFA001V1B
2026-01-07 11:30:55,307 [INFO] DbBoards:161 - Kit is not supported: STEVAL-BFA001V1B
2026-01-07 11:30:55,311 [INFO] BoardInfo:889 - No configuration file found for board STEVAL-BFA001V2B
2026-01-07 11:30:55,314 [INFO] DbBoards:161 - Kit is not supported: STEVAL-BFA001V2B
2026-01-07 11:30:56,340 [INFO] DbBoards:168 - Found 212 boards, 209 are supported
2026-01-07 11:30:56,342 [INFO] DbBoards:169 - Found 212 boards, 43 of them is supported for  Bsp
2026-01-07 11:30:56,347 [INFO] ApiDb:423 - Load user favorites file C:\Users\Chinnapop/.stm32cubeide/favorites.boards.txt: 0 item(s)
2026-01-07 11:30:56,349 [INFO] ApiDb:427 - User favorites Boards=[]
2026-01-07 11:30:56,349 [INFO] DbBoards:198 - Set 0 / 0 favorites Boards
2026-01-07 11:30:56,410 [INFO] UtilMem:75 - End LoadConfig() Used Memory: 751753776 Bytes (1073741824)
2026-01-07 11:30:56,796 [WARN] ThirdParty:833 - waiting for thirdparty lock release [change project]
2026-01-07 11:30:56,796 [INFO] ThirdParty:835 - entering critical section [change project]
2026-01-07 11:30:56,797 [INFO] ThirdParty:1030 - CMSIS Pack Vendor :STMicroelectronics X-CUBE-PM33A1 1.0.0
2026-01-07 11:30:56,797 [INFO] ThirdParty:1030 - CMSIS Pack Vendor :STMicroelectronics USBPD 4.1
2026-01-07 11:30:56,797 [INFO] ThirdParty:1030 - CMSIS Pack Vendor :STMicroelectronics USB_HOST 2.0.0
2026-01-07 11:30:56,797 [INFO] ThirdParty:1030 - CMSIS Pack Vendor :STMicroelectronics FP-SNS-MOTENVWB1 1.4.0
2026-01-07 11:30:56,797 [INFO] ThirdParty:1030 - CMSIS Pack Vendor :STMicroelectronics X-CUBE-AZRTOS-F4 1.1.0
2026-01-07 11:30:56,797 [INFO] ThirdParty:1030 - CMSIS Pack Vendor :STMicroelectronics LIBJPEG 8.0.0
2026-01-07 11:30:56,797 [INFO] ThirdParty:1030 - CMSIS Pack Vendor :STMicroelectronics FP-ATR-ASTRA1 2.0.2
2026-01-07 11:30:56,797 [INFO] ThirdParty:1030 - CMSIS Pack Vendor :STMicroelectronics FP-ATR-ASTRA1 2.0.1
2026-01-07 11:30:56,797 [INFO] ThirdParty:1030 - CMSIS Pack Vendor :Avnet-IotConnect X-CUBE-IoTC-DA16k-PMOD 1.0.0
2026-01-07 11:30:56,797 [INFO] ThirdParty:1030 - CMSIS Pack Vendor :STMicroelectronics X-CUBE-SMBUS 2.1.0
2026-01-07 11:30:56,797 [INFO] ThirdParty:1030 - CMSIS Pack Vendor :STMicroelectronics X-CUBE-WB05N 1.1.0
2026-01-07 11:30:56,797 [INFO] ThirdParty:1030 - CMSIS Pack Vendor :STMicroelectronics X-CUBE-ISPU 2.1.0
2026-01-07 11:30:56,797 [INFO] ThirdParty:1030 - CMSIS Pack Vendor :STMicroelectronics X-CUBE-IPS 3.2.0
2026-01-07 11:30:56,797 [INFO] ThirdParty:1030 - CMSIS Pack Vendor :STMicroelectronics X-CUBE-FREERTOS 1.2.0
2026-01-07 11:30:56,797 [INFO] ThirdParty:1030 - CMSIS Pack Vendor :STMicroelectronics X-CUBE-ST60 1.0.0
2026-01-07 11:30:56,797 [INFO] ThirdParty:1030 - CMSIS Pack Vendor :STMicroelectronics X-CUBE-NFC12 1.0.0
2026-01-07 11:30:56,797 [INFO] ThirdParty:1030 - CMSIS Pack Vendor :STMicroelectronics X-CUBE-AZRTOS-F7 1.1.0
2026-01-07 11:30:56,797 [INFO] ThirdParty:1030 - CMSIS Pack Vendor :STMicroelectronics X-CUBE-AZRTOS-L5 2.0.0
2026-01-07 11:30:56,797 [INFO] ThirdParty:1030 - CMSIS Pack Vendor :STMicroelectronics USB_DEVICE 2.0.0
2026-01-07 11:30:56,797 [INFO] ThirdParty:1030 - CMSIS Pack Vendor :STMicroelectronics X-CUBE-NFC6 3.1.0
2026-01-07 11:30:56,797 [INFO] ThirdParty:1030 - CMSIS Pack Vendor :STMicroelectronics X-CUBE-MEMS1 11.0.0
2026-01-07 11:30:56,797 [INFO] ThirdParty:1030 - CMSIS Pack Vendor :STMicroelectronics FP-SNS-MOTENV1 5.1.0
2026-01-07 11:30:56,797 [INFO] ThirdParty:1030 - CMSIS Pack Vendor :STMicroelectronics FreeRTOS 0.0.1
2026-01-07 11:30:56,797 [INFO] ThirdParty:1030 - CMSIS Pack Vendor :STMicroelectronics X-CUBE-DPower 1.2.0
2026-01-07 11:30:56,797 [INFO] ThirdParty:1030 - CMSIS Pack Vendor :STMicroelectronics FP-SNS-FLIGHT1 5.0.2
2026-01-07 11:30:56,797 [INFO] ThirdParty:1030 - CMSIS Pack Vendor :STMicroelectronics PDM2PCM 3.3.0
2026-01-07 11:30:56,797 [INFO] ThirdParty:1030 - CMSIS Pack Vendor :STMicroelectronics X-CUBE-AZRTOS-H7 3.4.0
2026-01-07 11:30:56,797 [INFO] ThirdParty:1030 - CMSIS Pack Vendor :STMicroelectronics X-CUBE-DISPLAY 3.0.0
2026-01-07 11:30:56,797 [INFO] ThirdParty:1030 - CMSIS Pack Vendor :STMicroelectronics X-CUBE-BLE1 7.0.0
2026-01-07 11:30:56,797 [INFO] ThirdParty:1030 - CMSIS Pack Vendor :STMicroelectronics X-CUBE-NFC10 1.0.0
2026-01-07 11:30:56,797 [INFO] ThirdParty:1030 - CMSIS Pack Vendor :STMicroelectronics X-CUBE-BLEMGR 4.0.0
2026-01-07 11:30:56,797 [INFO] ThirdParty:1030 - CMSIS Pack Vendor :STMicroelectronics X-CUBE-FREERTOS 1.3.1
2026-01-07 11:30:56,797 [INFO] ThirdParty:1030 - CMSIS Pack Vendor :STMicroelectronics HAL Drivers 0.0.0
2026-01-07 11:30:56,797 [INFO] ThirdParty:1030 - CMSIS Pack Vendor :STMicroelectronics X-CUBE-ST60 1.1.0
2026-01-07 11:30:56,797 [INFO] ThirdParty:1030 - CMSIS Pack Vendor :emotas I-CUBE-CANOPEN 1.3.0
2026-01-07 11:30:56,797 [INFO] ThirdParty:1030 - CMSIS Pack Vendor :STMicroelectronics X-CUBE-FREERTOS 1.3.0
2026-01-07 11:30:56,797 [INFO] ThirdParty:1030 - CMSIS Pack Vendor :STMicroelectronics X-CUBE-NFC7 1.0.1
2026-01-07 11:30:56,799 [INFO] ThirdParty:1030 - CMSIS Pack Vendor :STMicroelectronics MBEDTLS 2.14.1
2026-01-07 11:30:56,799 [INFO] ThirdParty:1030 - CMSIS Pack Vendor :STMicroelectronics X-CUBE-GNSS1 7.1.0
2026-01-07 11:30:56,799 [INFO] ThirdParty:1030 - CMSIS Pack Vendor :STMicroelectronics X-CUBE-TOUCHGFX 4.26.0
2026-01-07 11:30:56,799 [INFO] ThirdParty:1030 - CMSIS Pack Vendor :STMicroelectronics X-CUBE-BLEMGR 3.1.0
2026-01-07 11:30:56,799 [INFO] ThirdParty:1030 - CMSIS Pack Vendor :STMicroelectronics X-CUBE-AI 10.0.0
2026-01-07 11:30:56,799 [INFO] ThirdParty:1030 - CMSIS Pack Vendor :STMicroelectronics FP-SNS-STBOX1 2.1.0
2026-01-07 11:30:56,799 [INFO] ThirdParty:1030 - CMSIS Pack Vendor :STMicroelectronics FP-SNS-STAIOTCFT 1.0.0
2026-01-07 11:30:56,799 [INFO] ThirdParty:1030 - CMSIS Pack Vendor :STMicroelectronics FP-SNS-SMARTAG2 1.2.0
2026-01-07 11:30:56,799 [INFO] ThirdParty:1030 - CMSIS Pack Vendor :STMicroelectronics FP-SNS-FLIGHT1 5.1.0
2026-01-07 11:30:56,800 [INFO] ThirdParty:1030 - CMSIS Pack Vendor :STMicroelectronics X-CUBE-MEMS1 11.1.0
2026-01-07 11:30:56,800 [INFO] ThirdParty:1030 - CMSIS Pack Vendor :STMicroelectronics X-CUBE-AZRTOS-WL 2.0.0
2026-01-07 11:30:56,801 [INFO] ThirdParty:1030 - CMSIS Pack Vendor :STMicroelectronics X-CUBE-DPower 1.3.0
2026-01-07 11:30:56,801 [INFO] ThirdParty:1030 - CMSIS Pack Vendor :STMicroelectronics FP-SNS-MOTENV1 5.0.0
2026-01-07 11:30:56,801 [INFO] ThirdParty:1030 - CMSIS Pack Vendor :STMicroelectronics USB_DEVICE 1.0.0
2026-01-07 11:30:56,802 [INFO] ThirdParty:1030 - CMSIS Pack Vendor :STMicroelectronics X-CUBE-AZRTOS-H7RS 1.2.0
2026-01-07 11:30:56,802 [INFO] ThirdParty:1030 - CMSIS Pack Vendor :wolfSSL I-CUBE-wolfMQTT 1.19.0
2026-01-07 11:30:56,802 [INFO] ThirdParty:1030 - CMSIS Pack Vendor :STMicroelectronics X-CUBE-AZRTOS-L4 2.0.0
2026-01-07 11:30:56,802 [INFO] ThirdParty:1030 - CMSIS Pack Vendor :STMicroelectronics ThreadX 0.0.2
2026-01-07 11:30:56,802 [INFO] ThirdParty:1030 - CMSIS Pack Vendor :WES I-CUBE-Cesium 1.3.0
2026-01-07 11:30:56,802 [INFO] ThirdParty:1030 - CMSIS Pack Vendor :STMicroelectronics lwIP 2.1.2
2026-01-07 11:30:56,802 [INFO] ThirdParty:1030 - CMSIS Pack Vendor :STMicroelectronics X-CUBE-SFXS2LP1 4.0.0
2026-01-07 11:30:56,802 [INFO] ThirdParty:1030 - CMSIS Pack Vendor :STMicroelectronics X-CUBE-BLE2 3.3.0
2026-01-07 11:30:56,802 [INFO] ThirdParty:1030 - CMSIS Pack Vendor :STMicroelectronics PDM2PCM 3.2.0
2026-01-07 11:30:56,802 [INFO] ThirdParty:1030 - CMSIS Pack Vendor :STMicroelectronics X-CUBE-AZRTOS-H7 3.3.0
2026-01-07 11:30:56,803 [INFO] ThirdParty:1030 - CMSIS Pack Vendor :STMicroelectronics X-CUBE-NFC9 1.0.0
2026-01-07 11:30:56,803 [INFO] ThirdParty:1030 - CMSIS Pack Vendor :STMicroelectronics X-CUBE-BLE1 7.1.0
2026-01-07 11:30:56,803 [INFO] ThirdParty:1030 - CMSIS Pack Vendor :STMicroelectronics USB_DEVICE 3.0.0
2026-01-07 11:30:56,803 [INFO] ThirdParty:1030 - CMSIS Pack Vendor :STMicroelectronics X-CUBE-TCPP 4.1.0
2026-01-07 11:30:56,803 [INFO] ThirdParty:1030 - CMSIS Pack Vendor :STMicroelectronics X-CUBE-FREERTOS 1.4.0
2026-01-07 11:30:56,803 [INFO] ThirdParty:1030 - CMSIS Pack Vendor :STMicroelectronics X-CUBE-EEPRMA1 5.2.0
2026-01-07 11:30:56,803 [INFO] ThirdParty:1030 - CMSIS Pack Vendor :STMicroelectronics X-CUBE-BLEMGR 4.1.0
2026-01-07 11:30:56,803 [INFO] ThirdParty:1030 - CMSIS Pack Vendor :STMicroelectronics X-CUBE-IPS 3.0.0
2026-01-07 11:30:56,805 [INFO] ThirdParty:1030 - CMSIS Pack Vendor :STMicroelectronics X-CUBE-AZRTOS-WB 2.0.0
2026-01-07 11:30:56,805 [INFO] ThirdParty:1030 - CMSIS Pack Vendor :STMicroelectronics X-CUBE-GNSS1 7.0.0
2026-01-07 11:30:56,805 [INFO] ThirdParty:1030 - CMSIS Pack Vendor :STMicroelectronics X-CUBE-GNSS1 7.0.1
2026-01-07 11:30:56,805 [INFO] ThirdParty:1030 - CMSIS Pack Vendor :STMicroelectronics X-CUBE-TOUCHGFX 4.25.0
2026-01-07 11:30:56,805 [INFO] ThirdParty:1030 - CMSIS Pack Vendor :STMicroelectronics X-CUBE-ST67W61 1.1.0
2026-01-07 11:30:56,805 [INFO] ThirdParty:1030 - CMSIS Pack Vendor :STMicroelectronics X-CUBE-AI 10.1.0
2026-01-07 11:30:56,806 [INFO] ThirdParty:1030 - CMSIS Pack Vendor :STMicroelectronics FP-SNS-STBOX1 2.0.0
2026-01-07 11:30:56,806 [INFO] ThirdParty:1030 - CMSIS Pack Vendor :STMicroelectronics X-CUBE-MEMS1 12.0.0
2026-01-07 11:30:56,806 [INFO] ThirdParty:1030 - CMSIS Pack Vendor :STMicroelectronics X-CUBE-MEMS1 11.2.0
2026-01-07 11:30:56,806 [INFO] ThirdParty:1030 - CMSIS Pack Vendor :STMicroelectronics X-CUBE-AZRTOS-G0 1.1.0
2026-01-07 11:30:56,806 [INFO] ThirdParty:1030 - CMSIS Pack Vendor :STMicroelectronics X-CUBE-SAFEA1 1.2.2
2026-01-07 11:30:56,806 [INFO] ThirdParty:1030 - CMSIS Pack Vendor :STMicroelectronics X-CUBE-NFC4 3.0.0
2026-01-07 11:30:56,806 [INFO] ThirdParty:1030 - CMSIS Pack Vendor :STMicroelectronics X-CUBE-SUBG2 5.0.0
2026-01-07 11:30:56,806 [INFO] ThirdParty:1030 - CMSIS Pack Vendor :STMicroelectronics X-CUBE-AZRTOS-H7RS 1.1.0
2026-01-07 11:30:56,806 [INFO] ThirdParty:1030 - CMSIS Pack Vendor :STMicroelectronics STM32_WPAN 1.0.0
2026-01-07 11:30:56,807 [INFO] ThirdParty:1030 - CMSIS Pack Vendor :EmbeddedOffice I-CUBE-FS-RTOS 1.0.1
2026-01-07 11:30:56,807 [INFO] ThirdParty:1030 - CMSIS Pack Vendor :STMicroelectronics lwIP 2.0.3
2026-01-07 11:30:56,807 [INFO] ThirdParty:1030 - CMSIS Pack Vendor :Cesanta I-CUBE-Mongoose 7.13.0
2026-01-07 11:30:56,808 [INFO] ThirdParty:1030 - CMSIS Pack Vendor :STMicroelectronics USB_HOST 1.0.0
2026-01-07 11:30:56,808 [INFO] ThirdParty:1030 - CMSIS Pack Vendor :STMicroelectronics X-CUBE-AZRTOS-G4 2.0.0
2026-01-07 11:30:56,808 [INFO] ThirdParty:1030 - CMSIS Pack Vendor :STMicroelectronics X-CUBE-WB05N 2.0.0
2026-01-07 11:30:56,808 [INFO] ThirdParty:1030 - CMSIS Pack Vendor :STMicroelectronics PDM2PCM 3.1.0
2026-01-07 11:30:56,808 [INFO] ThirdParty:1030 - CMSIS Pack Vendor :STMicroelectronics X-CUBE-NFC7 2.0.0
2026-01-07 11:30:56,808 [INFO] ThirdParty:1030 - CMSIS Pack Vendor :STMicroelectronics X-CUBE-TCPP 4.2.0
2026-01-07 11:30:56,808 [INFO] ThirdParty:1030 - CMSIS Pack Vendor :RealThread X-CUBE-RT-Thread_Nano 4.1.1
2026-01-07 11:30:56,808 [INFO] ThirdParty:1030 - CMSIS Pack Vendor :STMicroelectronics FP-ATR-SIGFOX1 3.2.0
2026-01-07 11:30:56,809 [INFO] ThirdParty:1030 - CMSIS Pack Vendor :quantropi X-CUBE-qispace-sdk-base 1.9.3
2026-01-07 11:30:56,809 [INFO] ThirdParty:1030 - CMSIS Pack Vendor :STMicroelectronics X-CUBE-EEPRMA1 5.1.0
2026-01-07 11:30:56,809 [INFO] ThirdParty:1030 - CMSIS Pack Vendor :STMicroelectronics MBEDTLS 2.16.2
2026-01-07 11:30:56,809 [INFO] ThirdParty:1030 - CMSIS Pack Vendor :STMicroelectronics X-CUBE-IPS 3.1.0
2026-01-07 11:30:56,809 [INFO] ThirdParty:1030 - CMSIS Pack Vendor :STMicroelectronics X-CUBE-ALS 1.0.2
2026-01-07 11:30:56,809 [INFO] ThirdParty:1030 - CMSIS Pack Vendor :wolfSSL I-CUBE-wolfSSL 5.7.4
2026-01-07 11:30:56,809 [INFO] ThirdParty:1030 - CMSIS Pack Vendor :ITTIA_DB I-CUBE-ITTIADB 8.9.0
2026-01-07 11:30:56,809 [INFO] ThirdParty:1030 - CMSIS Pack Vendor :STMicroelectronics X-CUBE-TOUCHGFX 4.24.2
2026-01-07 11:30:56,810 [INFO] ThirdParty:1030 - CMSIS Pack Vendor :STMicroelectronics X-CUBE-TOUCHGFX 4.24.1
2026-01-07 11:30:56,810 [INFO] ThirdParty:1030 - CMSIS Pack Vendor :STMicroelectronics X-CUBE-STSE01 1.0.0
2026-01-07 11:30:56,810 [INFO] ThirdParty:1030 - CMSIS Pack Vendor :wolfSSL I-CUBE-wolfTPM 3.4.0
2026-01-07 11:30:56,810 [INFO] ThirdParty:1030 - CMSIS Pack Vendor :portGmbH I-Cube-SoM-uGOAL 1.1.0
2026-01-07 11:30:56,810 [INFO] ThirdParty:1030 - CMSIS Pack Vendor :STMicroelectronics X-CUBE-ST67W61 1.0.0
2026-01-07 11:30:56,810 [INFO] ThirdParty:1030 - CMSIS Pack Vendor :STMicroelectronics X-CUBE-AI 10.2.0
2026-01-07 11:30:56,811 [INFO] ThirdParty:1030 - CMSIS Pack Vendor :STMicroelectronics ThreadX 1.0.0
2026-01-07 11:30:56,811 [INFO] ThirdParty:1030 - CMSIS Pack Vendor :SEGGER I-CUBE-embOS 1.3.1
2026-01-07 11:30:56,811 [INFO] ThirdParty:1030 - CMSIS Pack Vendor :STMicroelectronics X-CUBE-ALGOBUILD 1.4.0
2026-01-07 11:30:56,811 [INFO] ThirdParty:1030 - CMSIS Pack Vendor :STMicroelectronics X-CUBE-MEMS1 11.3.0
2026-01-07 11:30:56,811 [INFO] ThirdParty:1030 - CMSIS Pack Vendor :STMicroelectronics X-CUBE-AZRTOS-H7RS 1.0.0
2026-01-07 11:30:56,811 [INFO] ThirdParty:1030 - CMSIS Pack Vendor :STMicroelectronics FP-ATR-ASTRA1 2.0.0
2026-01-07 11:30:56,811 [INFO] ThirdParty:1030 - CMSIS Pack Vendor :STMicroelectronics X-CUBE-TOF1 3.4.2
2026-01-07 11:30:56,811 [INFO] ThirdParty:1030 - CMSIS Pack Vendor :STMicroelectronics X-CUBE-TOF1 3.4.3
2026-01-07 11:30:56,811 [INFO] ThirdParty:1030 - CMSIS Pack Vendor :STMicroelectronics X-CUBE-AI 9.1.0
2026-01-07 11:30:56,811 [INFO] ThirdParty:1030 - CMSIS Pack Vendor :Infineon AIROC-Wi-Fi-Bluetooth-STM32 1.6.1
2026-01-07 11:30:56,812 [INFO] ThirdParty:1030 - CMSIS Pack Vendor :wolfSSL I-CUBE-wolfSSH 1.4.17
2026-01-07 11:30:56,813 [INFO] ThirdParty:841 - exiting critical section [change project]
2026-01-07 11:30:59,044 [INFO] PinOutPanel:1589 - setPackage(No Configuration,No Configuration)
2026-01-07 11:30:59,049 [INFO] PinOutPanel:1589 - setPackage(STM32F767ZITx,LQFP144)
2026-01-07 11:31:01,777 [INFO] UtilMem:75 - Before build in PCC Used Memory: 934741536 Bytes (1073741824)
2026-01-07 11:31:04,817 [INFO] UtilMem:75 - After build in PCC Used Memory: 1002372640 Bytes (1073741824)
2026-01-07 11:31:04,956 [INFO] IPUIPlugin:80 - create IPUIPlugin
2026-01-07 11:31:04,956 [INFO] IPUIPlugin:80 - create IPUIPlugin
2026-01-07 11:31:04,956 [INFO] IPUIPlugin:80 - create IPUIPlugin
2026-01-07 11:31:04,956 [INFO] IPUIPlugin:80 - create IPUIPlugin
2026-01-07 11:31:04,956 [INFO] IPUIPlugin:80 - create IPUIPlugin
2026-01-07 11:31:04,956 [INFO] IPUIPlugin:80 - create IPUIPlugin
2026-01-07 11:31:04,957 [INFO] IPUIPlugin:80 - create IPUIPlugin
2026-01-07 11:31:04,957 [INFO] IPUIPlugin:80 - create IPUIPlugin
2026-01-07 11:31:04,957 [INFO] IPUIPlugin:80 - create IPUIPlugin
2026-01-07 11:31:04,957 [INFO] IPUIPlugin:80 - create IPUIPlugin
2026-01-07 11:31:04,957 [INFO] IPUIPlugin:80 - create IPUIPlugin
2026-01-07 11:31:04,957 [INFO] IPUIPlugin:80 - create IPUIPlugin
2026-01-07 11:31:04,959 [INFO] IPUIPlugin:80 - create IPUIPlugin
2026-01-07 11:31:04,959 [INFO] IPUIPlugin:80 - create IPUIPlugin
2026-01-07 11:31:04,960 [INFO] IPUIPlugin:80 - create IPUIPlugin
2026-01-07 11:31:04,960 [INFO] IPUIPlugin:80 - create IPUIPlugin
2026-01-07 11:31:04,960 [INFO] IPUIPlugin:80 - create IPUIPlugin
2026-01-07 11:31:04,960 [INFO] IPUIPlugin:80 - create IPUIPlugin
2026-01-07 11:31:04,960 [INFO] IPUIPlugin:80 - create IPUIPlugin
2026-01-07 11:31:04,962 [INFO] IPUIPlugin:80 - create IPUIPlugin
2026-01-07 11:31:04,962 [INFO] IPUIPlugin:80 - create IPUIPlugin
2026-01-07 11:31:04,962 [INFO] IPUIPlugin:80 - create IPUIPlugin
2026-01-07 11:31:04,962 [INFO] IPUIPlugin:80 - create IPUIPlugin
2026-01-07 11:31:04,963 [INFO] IPUIPlugin:80 - create IPUIPlugin
2026-01-07 11:31:04,963 [INFO] IPUIPlugin:80 - create IPUIPlugin
2026-01-07 11:31:04,963 [INFO] IPUIPlugin:80 - create IPUIPlugin
2026-01-07 11:31:04,964 [INFO] IPUIPlugin:80 - create IPUIPlugin
2026-01-07 11:31:04,964 [INFO] IPUIPlugin:80 - create IPUIPlugin
2026-01-07 11:31:04,965 [INFO] IPUIPlugin:80 - create IPUIPlugin
2026-01-07 11:31:04,966 [INFO] IPUIPlugin:80 - create IPUIPlugin
2026-01-07 11:31:04,967 [INFO] IPUIPlugin:80 - create IPUIPlugin
2026-01-07 11:31:04,967 [INFO] IPUIPlugin:80 - create IPUIPlugin
2026-01-07 11:31:04,968 [INFO] IPUIPlugin:80 - create IPUIPlugin
2026-01-07 11:31:04,968 [INFO] IPUIPlugin:80 - create IPUIPlugin
2026-01-07 11:31:04,969 [INFO] IPUIPlugin:80 - create IPUIPlugin
2026-01-07 11:31:04,970 [INFO] IPUIPlugin:80 - create IPUIPlugin
2026-01-07 11:31:04,971 [INFO] IPUIPlugin:80 - create IPUIPlugin
2026-01-07 11:31:04,971 [INFO] IPUIPlugin:80 - create IPUIPlugin
2026-01-07 11:31:04,972 [INFO] IPUIPlugin:80 - create IPUIPlugin
2026-01-07 11:31:04,972 [INFO] IPUIPlugin:80 - create IPUIPlugin
2026-01-07 11:31:04,973 [INFO] IPUIPlugin:80 - create IPUIPlugin
2026-01-07 11:31:04,974 [INFO] IPUIPlugin:80 - create IPUIPlugin
2026-01-07 11:31:04,974 [INFO] IPUIPlugin:80 - create IPUIPlugin
2026-01-07 11:31:04,975 [INFO] IPUIPlugin:80 - create IPUIPlugin
2026-01-07 11:31:04,975 [INFO] IPUIPlugin:80 - create IPUIPlugin
2026-01-07 11:31:04,975 [INFO] IPUIPlugin:80 - create IPUIPlugin
2026-01-07 11:31:04,976 [INFO] IPUIPlugin:80 - create IPUIPlugin
2026-01-07 11:31:04,976 [INFO] IPUIPlugin:80 - create IPUIPlugin
2026-01-07 11:31:04,976 [INFO] IPUIPlugin:80 - create IPUIPlugin
2026-01-07 11:31:04,977 [INFO] IPUIPlugin:80 - create IPUIPlugin
2026-01-07 11:31:04,978 [INFO] IPUIPlugin:80 - create IPUIPlugin
2026-01-07 11:31:04,979 [INFO] IPUIPlugin:80 - create IPUIPlugin
2026-01-07 11:31:04,979 [INFO] IPUIPlugin:80 - create IPUIPlugin
2026-01-07 11:31:04,980 [INFO] IPUIPlugin:80 - create IPUIPlugin
2026-01-07 11:31:04,980 [INFO] IPUIPlugin:80 - create IPUIPlugin
2026-01-07 11:31:04,980 [INFO] IPUIPlugin:80 - create IPUIPlugin
2026-01-07 11:31:04,982 [INFO] IPUIPlugin:80 - create IPUIPlugin
2026-01-07 11:31:04,982 [INFO] IPUIPlugin:80 - create IPUIPlugin
2026-01-07 11:31:04,983 [INFO] IPUIPlugin:80 - create IPUIPlugin
2026-01-07 11:31:04,984 [INFO] IPUIPlugin:80 - create IPUIPlugin
2026-01-07 11:31:04,986 [INFO] IPUIPlugin:80 - create IPUIPlugin
2026-01-07 11:31:04,986 [INFO] IPUIPlugin:80 - create IPUIPlugin
2026-01-07 11:31:04,989 [INFO] IPUIPlugin:80 - create IPUIPlugin
2026-01-07 11:31:04,990 [INFO] IPUIPlugin:80 - create IPUIPlugin
2026-01-07 11:31:04,991 [INFO] IPUIPlugin:80 - create IPUIPlugin
2026-01-07 11:31:04,992 [INFO] IPUIPlugin:80 - create IPUIPlugin
2026-01-07 11:31:04,992 [INFO] IPUIPlugin:80 - create IPUIPlugin
2026-01-07 11:31:04,992 [INFO] IPUIPlugin:80 - create IPUIPlugin
2026-01-07 11:31:04,993 [INFO] IPUIPlugin:80 - create IPUIPlugin
2026-01-07 11:31:04,994 [INFO] IPUIPlugin:80 - create IPUIPlugin
2026-01-07 11:31:04,994 [INFO] IPUIPlugin:80 - create IPUIPlugin
2026-01-07 11:31:04,996 [INFO] IPUIPlugin:80 - create IPUIPlugin
2026-01-07 11:31:04,998 [INFO] IPUIPlugin:80 - create IPUIPlugin
2026-01-07 11:31:04,999 [INFO] IPUIPlugin:80 - create IPUIPlugin
2026-01-07 11:31:05,000 [INFO] IPUIPlugin:80 - create IPUIPlugin
2026-01-07 11:31:05,003 [INFO] IPUIPlugin:80 - create IPUIPlugin
2026-01-07 11:31:05,005 [INFO] IPUIPlugin:80 - create IPUIPlugin
2026-01-07 11:31:05,007 [INFO] IPUIPlugin:80 - create IPUIPlugin
2026-01-07 11:31:05,009 [INFO] IPUIPlugin:80 - create IPUIPlugin
2026-01-07 11:31:05,397 [INFO] ApiDbMcu:532 - Load IP Config File for PDM2PCM
2026-01-07 11:31:05,426 [INFO] Can:71 - Can Add PropertyChangeListener com.st.microxplorer.plugins.ip.can.Can@6578b538
2026-01-07 11:31:05,428 [INFO] Can:71 - Can Add PropertyChangeListener com.st.microxplorer.plugins.ip.can.Can@6a3a4007
2026-01-07 11:31:06,059 [INFO] CADModel:165 - CPN selected for project levelSTM32F767ZIT6
2026-01-07 11:31:06,059 [INFO] CADModel:114 - Register for checkConnection events
2026-01-07 11:31:06,111 [INFO] OpenFileManager:386 - Restore cursor
2026-01-07 11:52:27,871 [WARN] IP:2250 - Warning not found: check if there is a RefParameter without a condition.
2026-01-07 11:52:27,872 [WARN] IP:2250 - RxBufferAddress not found: check if there is a RefParameter without a condition.
2026-01-07 11:52:27,872 [WARN] IP:2250 - DESC_SIZE_UNIT not found: check if there is a RefParameter without a condition.
2026-01-07 11:52:27,874 [WARN] IP:2250 - Warning not found: check if there is a RefParameter without a condition.
2026-01-07 11:52:27,875 [WARN] IP:2250 - RxBufferAddress not found: check if there is a RefParameter without a condition.
2026-01-07 11:52:27,875 [WARN] IP:2250 - DESC_SIZE_UNIT not found: check if there is a RefParameter without a condition.
2026-01-07 11:52:28,103 [WARN] IP:2250 - Warning not found: check if there is a RefParameter without a condition.
2026-01-07 11:52:28,103 [WARN] IP:2250 - RxBufferAddress not found: check if there is a RefParameter without a condition.
2026-01-07 11:52:28,104 [WARN] IP:2250 - DESC_SIZE_UNIT not found: check if there is a RefParameter without a condition.
2026-01-07 11:52:45,341 [WARN] IP:2250 - Warning not found: check if there is a RefParameter without a condition.
2026-01-07 11:52:45,341 [WARN] IP:2250 - RxBufferAddress not found: check if there is a RefParameter without a condition.
2026-01-07 11:52:45,341 [WARN] IP:2250 - DESC_SIZE_UNIT not found: check if there is a RefParameter without a condition.
2026-01-07 11:52:45,404 [WARN] IP:2250 - Warning not found: check if there is a RefParameter without a condition.
2026-01-07 11:52:45,405 [WARN] IP:2250 - RxBufferAddress not found: check if there is a RefParameter without a condition.
2026-01-07 11:52:45,405 [WARN] IP:2250 - DESC_SIZE_UNIT not found: check if there is a RefParameter without a condition.
2026-01-07 11:52:45,405 [WARN] IP:2250 - Warning not found: check if there is a RefParameter without a condition.
2026-01-07 11:52:45,405 [WARN] IP:2250 - RxBufferAddress not found: check if there is a RefParameter without a condition.
2026-01-07 11:52:45,405 [WARN] IP:2250 - DESC_SIZE_UNIT not found: check if there is a RefParameter without a condition.
2026-01-07 11:52:45,696 [WARN] IP:2250 - Warning not found: check if there is a RefParameter without a condition.
2026-01-07 11:52:45,697 [WARN] IP:2250 - RxBufferAddress not found: check if there is a RefParameter without a condition.
2026-01-07 11:52:45,697 [WARN] IP:2250 - DESC_SIZE_UNIT not found: check if there is a RefParameter without a condition.
2026-01-07 11:52:45,697 [WARN] IP:2250 - Warning not found: check if there is a RefParameter without a condition.
2026-01-07 11:52:45,697 [WARN] IP:2250 - RxBufferAddress not found: check if there is a RefParameter without a condition.
2026-01-07 11:52:45,697 [WARN] IP:2250 - DESC_SIZE_UNIT not found: check if there is a RefParameter without a condition.
2026-01-07 11:52:56,436 [INFO] WebApp:194 - Connection lost
2026-01-07 11:52:56,642 [INFO] WebApp:191 - Connection restablished
2026-01-07 11:53:48,748 [WARN] IP:2250 - Warning not found: check if there is a RefParameter without a condition.
2026-01-07 11:53:48,749 [WARN] IP:2250 - RxBufferAddress not found: check if there is a RefParameter without a condition.
2026-01-07 11:53:48,749 [WARN] IP:2250 - DESC_SIZE_UNIT not found: check if there is a RefParameter without a condition.
2026-01-07 11:53:48,817 [WARN] IP:2250 - Warning not found: check if there is a RefParameter without a condition.
2026-01-07 11:53:48,818 [WARN] IP:2250 - RxBufferAddress not found: check if there is a RefParameter without a condition.
2026-01-07 11:53:48,818 [WARN] IP:2250 - DESC_SIZE_UNIT not found: check if there is a RefParameter without a condition.
2026-01-07 11:53:48,819 [WARN] IP:2250 - Warning not found: check if there is a RefParameter without a condition.
2026-01-07 11:53:48,819 [WARN] IP:2250 - RxBufferAddress not found: check if there is a RefParameter without a condition.
2026-01-07 11:53:48,819 [WARN] IP:2250 - DESC_SIZE_UNIT not found: check if there is a RefParameter without a condition.
2026-01-07 11:53:49,010 [WARN] IP:2250 - Warning not found: check if there is a RefParameter without a condition.
2026-01-07 11:53:49,010 [WARN] IP:2250 - RxBufferAddress not found: check if there is a RefParameter without a condition.
2026-01-07 11:53:49,010 [WARN] IP:2250 - DESC_SIZE_UNIT not found: check if there is a RefParameter without a condition.
2026-01-07 11:53:49,011 [WARN] IP:2250 - Warning not found: check if there is a RefParameter without a condition.
2026-01-07 11:53:49,011 [WARN] IP:2250 - RxBufferAddress not found: check if there is a RefParameter without a condition.
2026-01-07 11:53:49,011 [WARN] IP:2250 - DESC_SIZE_UNIT not found: check if there is a RefParameter without a condition.
2026-01-07 11:53:49,947 [WARN] IP:2250 - Warning not found: check if there is a RefParameter without a condition.
2026-01-07 11:53:49,947 [WARN] IP:2250 - RxBufferAddress not found: check if there is a RefParameter without a condition.
2026-01-07 11:53:49,948 [WARN] IP:2250 - DESC_SIZE_UNIT not found: check if there is a RefParameter without a condition.
2026-01-07 11:53:50,894 [INFO] NvicIntPanel:101 - NVIC parent = com.st.microxplorer.plugins.ip.nvic.MultiNvicIntPanel[,0,0,450x232,layout=javax.swing.BoxLayout,alignmentX=0.0,alignmentY=0.0,border=,flags=9,maximumSize=,minimumSize=,preferredSize=]
2026-01-07 12:24:01,539 [INFO] WebApp:194 - Connection lost
2026-01-07 12:24:01,815 [INFO] WebApp:191 - Connection restablished
2026-01-07 12:54:45,459 [INFO] WebApp:194 - Connection lost
2026-01-07 12:54:45,681 [INFO] WebApp:191 - Connection restablished
2026-01-07 13:25:19,454 [INFO] WebApp:194 - Connection lost
2026-01-07 13:25:19,698 [INFO] WebApp:191 - Connection restablished
2026-01-07 13:33:59,387 [INFO] UtilMem:75 - End SaveConfig() Used Memory: 780287920 Bytes (1073741824)
2026-01-07 13:34:01,336 [INFO] UtilMem:75 - End SaveConfig() Used Memory: 659524416 Bytes (1073741824)
2026-01-07 13:34:01,771 [INFO] UtilMem:75 - End SaveConfig() Used Memory: 699834672 Bytes (1073741824)
2026-01-07 13:34:02,566 [INFO] BlockDiagram:2775 - set Specific Code input for plugin: CAN
2026-01-07 13:34:02,566 [INFO] BlockDiagram:2775 - set Specific Code input for plugin: CAN
2026-01-07 13:34:02,566 [INFO] BlockDiagram:2775 - set Specific Code input for plugin: SYS
2026-01-07 13:34:02,566 [INFO] BlockDiagram:2775 - set Specific Code input for plugin: RCC
2026-01-07 13:34:02,566 [INFO] BlockDiagram:2775 - set Specific Code input for plugin: NVIC
2026-01-07 13:34:02,567 [INFO] BlockDiagram:2775 - set Specific Code input for plugin: GPIO
2026-01-07 13:34:02,567 [INFO] BlockDiagram:2775 - set Specific Code input for plugin: ETH
2026-01-07 13:34:02,570 [INFO] CodeGenerator:892 - code generatio: config db path: C:\ST\STM32CubeIDE_1.16.1\STM32CubeIDE\plugins\com.st.stm32cube.common.mx_6.15.0.202507011659\\db\
2026-01-07 13:34:02,587 [WARN] IP:2250 - Warning not found: check if there is a RefParameter without a condition.
2026-01-07 13:34:02,587 [WARN] IP:2250 - RxBufferAddress not found: check if there is a RefParameter without a condition.
2026-01-07 13:34:02,587 [WARN] IP:2250 - DESC_SIZE_UNIT not found: check if there is a RefParameter without a condition.
2026-01-07 13:34:02,837 [INFO] CodeEngine:265 - oldGeneratedFile, C:\Users\Chinnapop\STM32CubeIDE\workspace\magnetometer_emulator\MXTmpFiles\license.tmp_save
2026-01-07 13:34:04,252 [INFO] CodeEngine:289 - Generated code: C:\Users\Chinnapop\STM32CubeIDE\workspace\magnetometer_emulator\MXTmpFiles\license.tmp
2026-01-07 13:34:04,784 [INFO] CodeEngine:265 - oldGeneratedFile, C:\Users\Chinnapop\STM32CubeIDE\workspace\magnetometer_emulator\MXTmpFiles\gpio.tmp_save
2026-01-07 13:34:05,287 [INFO] CodeEngine:289 - Generated code: C:\Users\Chinnapop\STM32CubeIDE\workspace\magnetometer_emulator\MXTmpFiles\gpio.tmp
2026-01-07 13:34:06,261 [INFO] CodeEngine:265 - oldGeneratedFile, C:\Users\Chinnapop\STM32CubeIDE\workspace\magnetometer_emulator\MXTmpFiles\cortex.tmp_save
2026-01-07 13:34:06,564 [INFO] CodeEngine:289 - Generated code: C:\Users\Chinnapop\STM32CubeIDE\workspace\magnetometer_emulator\MXTmpFiles\cortex.tmp
2026-01-07 13:34:06,617 [INFO] CodeEngine:265 - oldGeneratedFile, C:\Users\Chinnapop\STM32CubeIDE\workspace\magnetometer_emulator\Core\Src\stm32f7xx_it.c_save
2026-01-07 13:34:07,067 [INFO] CodeEngine:289 - Generated code: C:\Users\Chinnapop\STM32CubeIDE\workspace\magnetometer_emulator\Core\Src\stm32f7xx_it.c
2026-01-07 13:34:07,099 [INFO] CodeEngine:265 - oldGeneratedFile, C:\Users\Chinnapop\STM32CubeIDE\workspace\magnetometer_emulator\Core\Inc\stm32f7xx_it.h_save
2026-01-07 13:34:07,285 [INFO] CodeEngine:289 - Generated code: C:\Users\Chinnapop\STM32CubeIDE\workspace\magnetometer_emulator\Core\Inc\stm32f7xx_it.h
2026-01-07 13:34:07,339 [INFO] CodeEngine:265 - oldGeneratedFile, C:\Users\Chinnapop\STM32CubeIDE\workspace\magnetometer_emulator\Core\Src\stm32f7xx_hal_msp.c_save
2026-01-07 13:34:07,841 [INFO] CodeEngine:289 - Generated code: C:\Users\Chinnapop\STM32CubeIDE\workspace\magnetometer_emulator\Core\Src\stm32f7xx_hal_msp.c
2026-01-07 13:34:07,854 [INFO] CodeEngine:265 - oldGeneratedFile, C:\Users\Chinnapop\STM32CubeIDE\workspace\magnetometer_emulator\MXTmpFiles\system.tmp_save
2026-01-07 13:34:08,006 [INFO] CodeEngine:289 - Generated code: C:\Users\Chinnapop\STM32CubeIDE\workspace\magnetometer_emulator\MXTmpFiles\system.tmp
2026-01-07 13:34:08,049 [INFO] CodeEngine:321 - oldGeneratedFile, C:\Users\Chinnapop\STM32CubeIDE\workspace\magnetometer_emulator\Core\Inc\stm32f7xx_hal_conf.h_save
2026-01-07 13:34:08,358 [INFO] CodeEngine:345 - Generated code: C:\Users\Chinnapop\STM32CubeIDE\workspace\magnetometer_emulator\Core\Inc\stm32f7xx_hal_conf.h
2026-01-07 13:34:08,481 [INFO] ApiDbMcu:532 - Load IP Config File for CAN1
2026-01-07 13:34:08,488 [INFO] ApiDbMcu:532 - Load IP Config File for CAN2
2026-01-07 13:34:08,511 [INFO] ApiDbMcu:532 - Load IP Config File for ETH
2026-01-07 13:34:08,521 [INFO] ApiDbMcu:532 - Load IP Config File for RCC
2026-01-07 13:34:08,548 [INFO] CodeEngine:265 - oldGeneratedFile, C:\Users\Chinnapop\STM32CubeIDE\workspace\magnetometer_emulator\Core\Inc\main.h_save
2026-01-07 13:34:08,923 [INFO] CodeEngine:289 - Generated code: C:\Users\Chinnapop\STM32CubeIDE\workspace\magnetometer_emulator\Core\Inc\main.h
2026-01-07 13:34:08,958 [INFO] CodeEngine:265 - oldGeneratedFile, C:\Users\Chinnapop\STM32CubeIDE\workspace\magnetometer_emulator\Core\Src\main.c_save
2026-01-07 13:34:09,409 [INFO] CodeEngine:289 - Generated code: C:\Users\Chinnapop\STM32CubeIDE\workspace\magnetometer_emulator\Core\Src\main.c
2026-01-07 13:34:10,159 [INFO] ProjectBuilder:3606 - Time for Copy HAL[1] : 383mS.
2026-01-07 13:34:10,177 [INFO] ProjectBuilder:5216 - Project Generator version: 4.7.0-B52
2026-01-07 13:34:10,440 [INFO] ConfigFileManager:1595 - The Die is : DIE451
2026-01-07 13:34:10,493 [INFO] ApiDbMcu:532 - Load IP Config File for FATFS
2026-01-07 13:34:10,540 [INFO] ApiDbMcu:532 - Load IP Config File for FREERTOS
2026-01-07 13:34:10,580 [INFO] ApiDbMcu:532 - Load IP Config File for LIBJPEG
2026-01-07 13:34:10,627 [INFO] ApiDbMcu:532 - Load IP Config File for LWIP
2026-01-07 13:34:10,675 [INFO] ApiDbMcu:532 - Load IP Config File for MBEDTLS
2026-01-07 13:34:10,733 [INFO] ApiDbMcu:532 - Load IP Config File for USB_DEVICE
2026-01-07 13:34:10,774 [INFO] ApiDbMcu:532 - Load IP Config File for USB_HOST
2026-01-07 13:34:13,390 [INFO] LogOutputStream:77 - [STDOUT_REDIRECT] 
2026-01-07 13:34:18,714 [INFO] ProjectBuilder:5496 - Time for Generating toolchain IDE Files: 8529mS.
2026-01-07 13:34:18,718 [INFO] ProjectBuilder:3463 - Time for Copy CMSIS : 3mS.
2026-01-07 13:34:18,723 [INFO] ProjectBuilder:3463 - Time for Copy CMSIS : 0mS.
