2026-01-16 08:21:48,306 [INFO] Activator:176 - 


2026-01-16 08:21:48,316 [INFO] Activator:177 - !SESSION log4j initialized
2026-01-16 08:22:38,556 [INFO] LogOutputStream:77 - [STDOUT_REDIRECT] 
2026-01-16 08:22:46,864 [INFO] ApplicationProperties:184 - Using Application install path: C:\ST\STM32CubeIDE_1.16.1\STM32CubeIDE\plugins\com.st.stm32cube.common.mx_6.15.0.202507011659
2026-01-16 08:22:46,900 [INFO] DbMcusXml:78 - Set database path to: C:\ST\STM32CubeIDE_1.16.1\STM32CubeIDE\plugins\com.st.stm32cube.common.mx_6.15.0.202507011659\\db\/mcu/
2026-01-16 08:22:46,900 [INFO] ApiDb:274 - Set plugin database path to: C:\ST\STM32CubeIDE_1.16.1\STM32CubeIDE\plugins\com.st.stm32cube.common.mx_6.15.0.202507011659\\db\/plugins/boardmanager/
2026-01-16 08:22:46,900 [WARN] ApiDb:259 - Overriding images path with different value:  => C:\ST\STM32CubeIDE_1.16.1\STM32CubeIDE\plugins\com.st.stm32cube.common.mx_6.15.0.202507011659\\db\/plugins/mcufinder/images/
2026-01-16 08:22:46,920 [INFO] ApiDb:250 - Set database path to: C:\Users\Chinnapop\.stmcufinder\plugins\mcufinder//mcu/
2026-01-16 08:22:46,924 [INFO] DbMcusAds:125 - Set database path to: C:\Users\Chinnapop\.stmcufinder\plugins\mcufinder//mcu/
2026-01-16 08:22:46,924 [INFO] CrossReferenceDbSqlite:203 - Set database path to: C:\Users\Chinnapop\.stmcufinder\plugins\mcufinder//mcu/cs/
2026-01-16 08:22:47,272 [INFO] RulesReader:64 - Compatibility file has been processed (317 Rules)
2026-01-16 08:22:47,456 [INFO] DbMcusXml:78 - Set database path to: C:\ST\STM32CubeIDE_1.16.1\STM32CubeIDE\plugins\com.st.stm32cube.common.mx_6.15.0.202507011659\\db\/mcu/
2026-01-16 08:22:47,456 [INFO] ApiDb:274 - Set plugin database path to: C:\ST\STM32CubeIDE_1.16.1\STM32CubeIDE\plugins\com.st.stm32cube.common.mx_6.15.0.202507011659\\db\/plugins/boardmanager/
2026-01-16 08:22:47,456 [INFO] ApiDb:261 - Set plugin images path to: C:\ST\STM32CubeIDE_1.16.1\STM32CubeIDE\plugins\com.st.stm32cube.common.mx_6.15.0.202507011659\\db\/plugins/mcufinder/images/
2026-01-16 08:22:47,456 [WARN] DbFile:41 - Overriding database path with different value: C:\Users\Chinnapop\.stmcufinder\plugins\mcufinder/ => C:\Users\Chinnapop\.stmcufinder\plugins\mcufinder
2026-01-16 08:22:47,456 [INFO] ApiDb:250 - Set database path to: C:\Users\Chinnapop\.stmcufinder\plugins\mcufinder//mcu/
2026-01-16 08:22:47,456 [WARN] DbFile:41 - Overriding database path with different value: C:\Users\Chinnapop\.stmcufinder\plugins\mcufinder/ => C:\Users\Chinnapop\.stmcufinder\plugins\mcufinder
2026-01-16 08:22:47,456 [INFO] DbMcusAds:125 - Set database path to: C:\Users\Chinnapop\.stmcufinder\plugins\mcufinder//mcu/
2026-01-16 08:22:47,456 [WARN] DbFile:41 - Overriding database path with different value: C:\Users\Chinnapop\.stmcufinder\plugins\mcufinder/ => C:\Users\Chinnapop\.stmcufinder\plugins\mcufinder
2026-01-16 08:22:47,456 [WARN] DbFile:41 - Overriding database path with different value: C:\Users\Chinnapop\.stmcufinder\plugins\mcufinder/ => C:\Users\Chinnapop\.stmcufinder\plugins\mcufinder
2026-01-16 08:22:47,467 [INFO] CrossReferenceDbSqlite:203 - Set database path to: C:\Users\Chinnapop\.stmcufinder\plugins\mcufinder//mcu/cs/
2026-01-16 08:22:47,652 [INFO] MainPanel:274 - HeapMemory: 268435456
2026-01-16 08:22:47,961 [INFO] DbMcusXml:78 - Set database path to: C:\ST\STM32CubeIDE_1.16.1\STM32CubeIDE\plugins\com.st.stm32cube.common.mx_6.15.0.202507011659\\db\/mcu/
2026-01-16 08:22:47,961 [INFO] ApiDb:274 - Set plugin database path to: C:\ST\STM32CubeIDE_1.16.1\STM32CubeIDE\plugins\com.st.stm32cube.common.mx_6.15.0.202507011659\\db\/plugins/boardmanager/
2026-01-16 08:22:47,961 [INFO] ApiDb:261 - Set plugin images path to: C:\ST\STM32CubeIDE_1.16.1\STM32CubeIDE\plugins\com.st.stm32cube.common.mx_6.15.0.202507011659\\db\/plugins/mcufinder/images/
2026-01-16 08:22:47,961 [WARN] DbFile:41 - Overriding database path with different value: C:\Users\Chinnapop\.stmcufinder\plugins\mcufinder/ => C:\Users\Chinnapop\.stmcufinder\plugins\mcufinder
2026-01-16 08:22:47,961 [INFO] ApiDb:250 - Set database path to: C:\Users\Chinnapop\.stmcufinder\plugins\mcufinder//mcu/
2026-01-16 08:22:47,961 [WARN] DbFile:41 - Overriding database path with different value: C:\Users\Chinnapop\.stmcufinder\plugins\mcufinder/ => C:\Users\Chinnapop\.stmcufinder\plugins\mcufinder
2026-01-16 08:22:47,961 [INFO] DbMcusAds:125 - Set database path to: C:\Users\Chinnapop\.stmcufinder\plugins\mcufinder//mcu/
2026-01-16 08:22:47,961 [WARN] DbFile:41 - Overriding database path with different value: C:\Users\Chinnapop\.stmcufinder\plugins\mcufinder/ => C:\Users\Chinnapop\.stmcufinder\plugins\mcufinder
2026-01-16 08:22:47,961 [WARN] DbFile:41 - Overriding database path with different value: C:\Users\Chinnapop\.stmcufinder\plugins\mcufinder/ => C:\Users\Chinnapop\.stmcufinder\plugins\mcufinder
2026-01-16 08:22:47,961 [INFO] CrossReferenceDbSqlite:203 - Set database path to: C:\Users\Chinnapop\.stmcufinder\plugins\mcufinder//mcu/cs/
2026-01-16 08:22:48,013 [INFO] ApplicationProperties:184 - Using Application install path: C:\ST\STM32CubeIDE_1.16.1\STM32CubeIDE\plugins\com.st.stm32cube.common.mx_6.15.0.202507011659
2026-01-16 08:22:48,013 [INFO] PluginManage:196 - Search for loadable plugins [exclusion list=, ]
2026-01-16 08:22:48,013 [INFO] PluginManage:310 - Check plugin analytics
2026-01-16 08:22:53,543 [INFO] AnalyticsPlugin:253 - Accepted Software Licenses: 
2026-01-16 08:22:53,543 [INFO] AnalyticsPlugin:255 - Accepted CMSIS Pack Licenses: 
2026-01-16 08:22:53,543 [INFO] AnalyticsPlugin:257 - Accepted Firmware Licenses: FW.F7.1.17.0
2026-01-16 08:22:53,553 [INFO] PluginManage:359 - Loaded plugin analytics (category:tool,tabindex:-1)
2026-01-16 08:22:53,553 [INFO] PluginManage:310 - Check plugin cadmodel
2026-01-16 08:22:53,594 [INFO] CADModel:105 - Init CAD model plugin
2026-01-16 08:22:53,594 [INFO] PluginManage:359 - Loaded plugin cadmodel (category:power,tabindex:5)
2026-01-16 08:22:53,602 [INFO] PluginManage:310 - Check plugin clock
2026-01-16 08:22:53,641 [INFO] PluginManage:359 - Loaded plugin clock (category:base,tabindex:2)
2026-01-16 08:22:53,641 [INFO] PluginManage:310 - Check plugin ddr
2026-01-16 08:22:53,656 [INFO] PluginManage:359 - Loaded plugin ddr (category:tool,tabindex:6)
2026-01-16 08:22:53,666 [INFO] PluginManage:310 - Check plugin filemanager
2026-01-16 08:22:54,138 [INFO] PluginManage:359 - Loaded plugin filemanager (category:base,tabindex:10)
2026-01-16 08:22:54,138 [INFO] PluginManage:310 - Check plugin ipmanager
2026-01-16 08:22:54,158 [INFO] PluginManage:359 - Loaded plugin ipmanager (category:base,tabindex:5)
2026-01-16 08:22:54,158 [INFO] PluginManage:310 - Check plugin lpbam
2026-01-16 08:22:54,200 [INFO] PluginManage:359 - Loaded plugin lpbam (category:base,tabindex:0)
2026-01-16 08:22:54,200 [INFO] PluginManage:310 - Check plugin memorymap
2026-01-16 08:22:54,271 [INFO] PluginManage:359 - Loaded plugin memorymap (category:base,tabindex:4)
2026-01-16 08:22:54,271 [INFO] PluginManage:310 - Check plugin pinoutandconfiguration
2026-01-16 08:22:54,322 [INFO] PluginManage:359 - Loaded plugin pinoutandconfiguration (category:base,tabindex:1)
2026-01-16 08:22:54,322 [INFO] PluginManage:310 - Check plugin pinoutconfig
2026-01-16 08:22:54,529 [WARN] SupportedApi:132 - Cannot load RTOS API schema: s4s-elt-must-match.1: The content of 'definitions' must match (annotation?, (simpleType | complexType)?, (unique | key | keyref)*)). A problem was found starting at: attribute.
2026-01-16 08:22:54,894 [INFO] PluginManage:359 - Loaded plugin pinoutconfig (category:base,tabindex:0)
2026-01-16 08:22:54,894 [INFO] PluginManage:310 - Check plugin power
2026-01-16 08:22:54,943 [INFO] PluginManage:359 - Loaded plugin power (category:power,tabindex:4)
2026-01-16 08:22:54,943 [INFO] PluginManage:310 - Check plugin projectmanager
2026-01-16 08:22:55,169 [INFO] PluginManage:359 - Loaded plugin projectmanager (category:projectmanager,tabindex:4)
2026-01-16 08:22:55,169 [INFO] PluginManage:310 - Check plugin rif
2026-01-16 08:22:55,323 [INFO] PluginManage:359 - Loaded plugin rif (category:base,tabindex:3)
2026-01-16 08:22:55,323 [INFO] PluginManage:310 - Check plugin thirdparty
2026-01-16 08:22:56,182 [INFO] PluginManage:359 - Loaded plugin thirdparty (category:base,tabindex:-1)
2026-01-16 08:22:56,182 [INFO] PluginManage:310 - Check plugin tools
2026-01-16 08:22:56,182 [WARN] IntegrityCheckThread:84 - waiting for thirdparty lock release [integrity check]
2026-01-16 08:22:56,182 [INFO] IntegrityCheckThread:86 - entering critical section [integrity check]
2026-01-16 08:22:56,182 [INFO] ThirdPartyUpdaterWithRetryManager:70 - Updater plugin not ready yet. [1/15]
2026-01-16 08:22:56,343 [INFO] PluginManage:359 - Loaded plugin tools (category:base,tabindex:7)
2026-01-16 08:22:56,343 [INFO] PluginManage:310 - Check plugin tutovideos
2026-01-16 08:22:56,787 [INFO] PluginManage:359 - Loaded plugin tutovideos (category:base,tabindex:-1)
2026-01-16 08:22:56,787 [INFO] PluginManage:310 - Check plugin updater
2026-01-16 08:22:56,942 [INFO] PluginManage:359 - Loaded plugin updater (category:base,tabindex:12)
2026-01-16 08:22:56,942 [INFO] PluginManage:310 - Check plugin userauth
2026-01-16 08:22:57,024 [INFO] UserAuth:118 - Init User Auth plugin
2026-01-16 08:22:57,024 [INFO] PluginManage:359 - Loaded plugin userauth (category:base,tabindex:14)
2026-01-16 08:22:57,024 [INFO] PluginManage:283 - PluginManage : Loaded plugins [18]
2026-01-16 08:22:57,692 [INFO] PinOutPanel:1589 - setPackage(No Configuration,No Configuration)
2026-01-16 08:22:57,928 [INFO] CADModel:165 - CPN selected for project level
2026-01-16 08:22:57,928 [INFO] CADModel:114 - Register for checkConnection events
2026-01-16 08:22:57,983 [INFO] IPUIPlugin:80 - create IPUIPlugin
2026-01-16 08:22:57,983 [INFO] PluginManager:220 - loadIPPluginJar : add adc
2026-01-16 08:22:58,065 [INFO] IPUIPlugin:80 - create IPUIPlugin
2026-01-16 08:22:58,065 [INFO] PluginManager:220 - loadIPPluginJar : add aes
2026-01-16 08:22:58,196 [INFO] IPUIPlugin:80 - create IPUIPlugin
2026-01-16 08:22:58,196 [INFO] PluginManager:220 - loadIPPluginJar : add can
2026-01-16 08:22:58,237 [INFO] IPUIPlugin:80 - create IPUIPlugin
2026-01-16 08:22:58,237 [INFO] PluginManager:220 - loadIPPluginJar : add comp
2026-01-16 08:22:58,340 [INFO] IPUIPlugin:80 - create IPUIPlugin
2026-01-16 08:22:58,340 [INFO] PluginManager:220 - loadIPPluginJar : add cryp
2026-01-16 08:22:58,396 [INFO] IPUIPlugin:80 - create IPUIPlugin
2026-01-16 08:22:58,396 [INFO] PluginManager:220 - loadIPPluginJar : add ddr_ctrl_phy
2026-01-16 08:22:58,526 [INFO] IPUIPlugin:80 - create IPUIPlugin
2026-01-16 08:22:58,526 [INFO] PluginManager:220 - loadIPPluginJar : add dfsdm
2026-01-16 08:22:58,588 [INFO] IPUIPlugin:80 - create IPUIPlugin
2026-01-16 08:22:58,599 [INFO] PluginManager:220 - loadIPPluginJar : add dma
2026-01-16 08:22:58,733 [INFO] IPUIPlugin:80 - create IPUIPlugin
2026-01-16 08:22:58,733 [INFO] PluginManager:220 - loadIPPluginJar : add dma3
2026-01-16 08:22:58,877 [INFO] IPUIPlugin:80 - create IPUIPlugin
2026-01-16 08:22:58,877 [INFO] PluginManager:220 - loadIPPluginJar : add extmemmanager
2026-01-16 08:22:58,938 [INFO] IPUIPlugin:80 - create IPUIPlugin
2026-01-16 08:22:58,938 [INFO] PluginManager:220 - loadIPPluginJar : add fatfs
2026-01-16 08:22:59,166 [INFO] IPUIPlugin:80 - create IPUIPlugin
2026-01-16 08:22:59,166 [INFO] PluginManager:220 - loadIPPluginJar : add fmc
2026-01-16 08:22:59,186 [INFO] ThirdPartyUpdaterWithRetryManager:70 - Updater plugin not ready yet. [2/15]
2026-01-16 08:22:59,217 [INFO] IPUIPlugin:80 - create IPUIPlugin
2026-01-16 08:22:59,217 [INFO] PluginManager:220 - loadIPPluginJar : add freertos
2026-01-16 08:22:59,309 [INFO] IPUIPlugin:80 - create IPUIPlugin
2026-01-16 08:22:59,309 [INFO] PluginManager:220 - loadIPPluginJar : add genericplugin
2026-01-16 08:22:59,698 [INFO] IPUIPlugin:80 - create IPUIPlugin
2026-01-16 08:22:59,698 [INFO] PluginManager:220 - loadIPPluginJar : add gfxmmu
2026-01-16 08:23:00,277 [INFO] IPUIPlugin:80 - create IPUIPlugin
2026-01-16 08:23:00,277 [INFO] PluginManager:220 - loadIPPluginJar : add gic
2026-01-16 08:23:00,309 [INFO] IPUIPlugin:80 - create IPUIPlugin
2026-01-16 08:23:00,309 [INFO] PluginManager:220 - loadIPPluginJar : add gpio
2026-01-16 08:23:00,689 [INFO] IPUIPlugin:80 - create IPUIPlugin
2026-01-16 08:23:00,689 [INFO] PluginManager:220 - loadIPPluginJar : add gtzc
2026-01-16 08:23:00,793 [INFO] IPUIPlugin:80 - create IPUIPlugin
2026-01-16 08:23:00,793 [INFO] PluginManager:220 - loadIPPluginJar : add hash
2026-01-16 08:23:00,999 [INFO] IPUIPlugin:80 - create IPUIPlugin
2026-01-16 08:23:00,999 [INFO] PluginManager:220 - loadIPPluginJar : add i2c
2026-01-16 08:23:01,144 [INFO] IPUIPlugin:80 - create IPUIPlugin
2026-01-16 08:23:01,144 [INFO] PluginManager:220 - loadIPPluginJar : add i2s
2026-01-16 08:23:01,284 [INFO] IPUIPlugin:80 - create IPUIPlugin
2026-01-16 08:23:01,284 [INFO] PluginManager:220 - loadIPPluginJar : add i3c
2026-01-16 08:23:01,702 [INFO] IPUIPlugin:80 - create IPUIPlugin
2026-01-16 08:23:01,702 [INFO] PluginManager:220 - loadIPPluginJar : add ipddr
2026-01-16 08:23:01,966 [INFO] IPUIPlugin:80 - create IPUIPlugin
2026-01-16 08:23:01,966 [INFO] PluginManager:220 - loadIPPluginJar : add linkedlist
2026-01-16 08:23:02,060 [INFO] IPUIPlugin:80 - create IPUIPlugin
2026-01-16 08:23:02,060 [INFO] PluginManager:220 - loadIPPluginJar : add lorawan
2026-01-16 08:23:02,194 [INFO] ThirdPartyUpdaterWithRetryManager:70 - Updater plugin not ready yet. [3/15]
2026-01-16 08:23:02,214 [INFO] IPUIPlugin:80 - create IPUIPlugin
2026-01-16 08:23:02,214 [INFO] PluginManager:220 - loadIPPluginJar : add ltdc
2026-01-16 08:23:02,251 [INFO] IPUIPlugin:80 - create IPUIPlugin
2026-01-16 08:23:02,251 [INFO] PluginManager:220 - loadIPPluginJar : add mdma
2026-01-16 08:23:02,287 [INFO] IPUIPlugin:80 - create IPUIPlugin
2026-01-16 08:23:02,287 [INFO] PluginManager:220 - loadIPPluginJar : add nvic
2026-01-16 08:23:02,432 [INFO] IPUIPlugin:80 - create IPUIPlugin
2026-01-16 08:23:02,432 [INFO] PluginManager:220 - loadIPPluginJar : add opamp
2026-01-16 08:23:02,659 [INFO] IPUIPlugin:80 - create IPUIPlugin
2026-01-16 08:23:02,669 [INFO] PluginManager:220 - loadIPPluginJar : add openamp
2026-01-16 08:23:02,753 [INFO] IPUIPlugin:80 - create IPUIPlugin
2026-01-16 08:23:02,753 [INFO] PluginManager:220 - loadIPPluginJar : add pdm2pcm
2026-01-16 08:23:02,793 [INFO] IPUIPlugin:80 - create IPUIPlugin
2026-01-16 08:23:02,801 [INFO] PluginManager:220 - loadIPPluginJar : add plateformsettings
2026-01-16 08:23:02,854 [INFO] IPUIPlugin:80 - create IPUIPlugin
2026-01-16 08:23:02,854 [INFO] PluginManager:220 - loadIPPluginJar : add quadspi
2026-01-16 08:23:02,916 [INFO] IPUIPlugin:80 - create IPUIPlugin
2026-01-16 08:23:02,927 [INFO] PluginManager:220 - loadIPPluginJar : add radio
2026-01-16 08:23:02,958 [INFO] IPUIPlugin:80 - create IPUIPlugin
2026-01-16 08:23:02,958 [INFO] PluginManager:220 - loadIPPluginJar : add resmgrutility
2026-01-16 08:23:03,144 [INFO] IPUIPlugin:80 - create IPUIPlugin
2026-01-16 08:23:03,144 [INFO] PluginManager:220 - loadIPPluginJar : add sai
2026-01-16 08:23:03,300 [INFO] IPUIPlugin:80 - create IPUIPlugin
2026-01-16 08:23:03,300 [INFO] PluginManager:220 - loadIPPluginJar : add spi
2026-01-16 08:23:03,558 [INFO] IPUIPlugin:80 - create IPUIPlugin
2026-01-16 08:23:03,558 [INFO] PluginManager:220 - loadIPPluginJar : add stm32_wpan
2026-01-16 08:23:03,641 [INFO] IPUIPlugin:80 - create IPUIPlugin
2026-01-16 08:23:03,641 [INFO] PluginManager:220 - loadIPPluginJar : add tim
2026-01-16 08:23:03,889 [INFO] IPUIPlugin:80 - create IPUIPlugin
2026-01-16 08:23:03,889 [INFO] PluginManager:220 - loadIPPluginJar : add touchsensing
2026-01-16 08:23:03,990 [INFO] IPUIPlugin:80 - create IPUIPlugin
2026-01-16 08:23:03,990 [INFO] PluginManager:220 - loadIPPluginJar : add tracer_emb
2026-01-16 08:23:04,091 [INFO] IPUIPlugin:80 - create IPUIPlugin
2026-01-16 08:23:04,091 [INFO] PluginManager:220 - loadIPPluginJar : add ts
2026-01-16 08:23:04,158 [INFO] IPUIPlugin:80 - create IPUIPlugin
2026-01-16 08:23:04,158 [INFO] PluginManager:220 - loadIPPluginJar : add tsc
2026-01-16 08:23:04,262 [INFO] IPUIPlugin:80 - create IPUIPlugin
2026-01-16 08:23:04,262 [INFO] PluginManager:220 - loadIPPluginJar : add ucpd
2026-01-16 08:23:04,397 [INFO] IPUIPlugin:80 - create IPUIPlugin
2026-01-16 08:23:04,397 [INFO] PluginManager:220 - loadIPPluginJar : add usart
2026-01-16 08:23:04,562 [INFO] IPUIPlugin:80 - create IPUIPlugin
2026-01-16 08:23:04,562 [INFO] PluginManager:220 - loadIPPluginJar : add usbx
2026-01-16 08:23:04,861 [FATAL] Updater:351 - Updater called before beeing initialized
2026-01-16 08:23:04,934 [INFO] RulesReader:64 - Compatibility file has been processed (317 Rules)
2026-01-16 08:23:04,975 [INFO] RulesReader:64 - Compatibility file has been processed (317 Rules)
2026-01-16 08:23:05,037 [INFO] CADModel:165 - CPN selected for project level
2026-01-16 08:23:05,037 [INFO] CADModel:114 - Register for checkConnection events
2026-01-16 08:23:05,037 [FATAL] Updater:351 - Updater called before beeing initialized
2026-01-16 08:23:05,037 [ERROR] CADModel:125 - Updater not yet initialized, retry later 
2026-01-16 08:23:05,203 [INFO] ThirdPartyUpdaterWithRetryManager:70 - Updater plugin not ready yet. [4/15]
2026-01-16 08:23:06,380 [FATAL] Updater:351 - Updater called before beeing initialized
2026-01-16 08:23:06,421 [INFO] CADModel:165 - CPN selected for project level
2026-01-16 08:23:06,421 [INFO] CADModel:114 - Register for checkConnection events
2026-01-16 08:23:06,421 [FATAL] Updater:351 - Updater called before beeing initialized
2026-01-16 08:23:06,421 [ERROR] CADModel:125 - Updater not yet initialized, retry later 
2026-01-16 08:23:06,432 [FATAL] Updater:351 - Updater called before beeing initialized
2026-01-16 08:23:07,186 [FATAL] Updater:351 - Updater called before beeing initialized
2026-01-16 08:23:07,217 [INFO] DbMcusAds:53 - JSON generation date=Thu Jan 08 22:56:32 ICT 2026 (1767887792457)
2026-01-16 08:23:07,217 [FATAL] Updater:351 - Updater called before beeing initialized
2026-01-16 08:23:07,330 [WARN] DetailPanel:346 - Failed to get advertising image, set to default
2026-01-16 08:23:07,527 [FATAL] Updater:351 - Updater called before beeing initialized
2026-01-16 08:23:07,527 [FATAL] Updater:351 - Updater called before beeing initialized
2026-01-16 08:23:07,527 [FATAL] Updater:351 - Updater called before beeing initialized
2026-01-16 08:23:07,527 [WARN] DetailPanel:346 - Failed to get advertising image, set to default
2026-01-16 08:23:07,537 [FATAL] Updater:351 - Updater called before beeing initialized
2026-01-16 08:23:07,717 [ERROR] Updater:1198 - MainUpdater not yet initialized. External WinMGr cannot be set.
2026-01-16 08:23:07,754 [INFO] Updater:1134 - Updater Version found : 6.15.0
2026-01-16 08:23:07,805 [INFO] ApplicationProperties:184 - Using Application install path: C:\ST\STM32CubeIDE_1.16.1\STM32CubeIDE\plugins\com.st.stm32cube.common.mx_6.15.0.202507011659
2026-01-16 08:23:08,210 [FATAL] Updater:351 - Updater called before beeing initialized
2026-01-16 08:23:08,210 [ERROR] IntegrityCheckThread:130 - Cannot retrieve database content from updater: error 21
2026-01-16 08:23:08,210 [INFO] ThirdParty:978 - Integrity check success = false
2026-01-16 08:23:08,210 [INFO] IntegrityCheckThread:100 - exiting critical section [integrity check]
2026-01-16 08:23:08,210 [INFO] IntegrityCheckThread:103 - End integrity checks thread
2026-01-16 08:23:09,496 [ERROR] LogOutputStream:75 - [STDERR_REDIRECT] Jan 16, 2026 8:23:09 AM java.util.prefs.WindowsPreferences <init>
2026-01-16 08:23:09,503 [ERROR] LogOutputStream:75 - [STDERR_REDIRECT] WARNING: Could not open/create prefs root node Software\JavaSoft\Prefs at root 0xffffffff80000002. Windows RegCreateKeyEx(...) returned error code 5.
2026-01-16 08:23:09,503 [ERROR] LogOutputStream:75 - [STDERR_REDIRECT] 
2026-01-16 08:23:11,315 [INFO] MainUpdater:2872 - connection check result : 10
2026-01-16 08:23:11,320 [INFO] MainUpdater:289 - Updater Check For Update Now.
2026-01-16 08:23:11,320 [INFO] MicroXplorer:498 - Change Database Version : DB.6.0.150
2026-01-16 08:23:11,345 [INFO] McuFinderGlobals:63 - Set McuFinder mode to 2 (CubeIDE integrated)
2026-01-16 08:23:11,366 [INFO] UserAuth:487 - Internet connection configuration mode: 1
2026-01-16 08:23:11,522 [INFO] JxBrowserEngine:152 - Initiate JxBrowser Engine with user profile folder
2026-01-16 08:23:11,745 [INFO] CheckServerUpdateThread:120 - End of CheckServer Thread
2026-01-16 08:23:14,871 [INFO] WebApp:169 - Instantiating new browser for Auth
2026-01-16 08:23:16,367 [INFO] WebApp:463 - Apply proxy settings
2026-01-16 08:23:16,367 [INFO] WebApp:548 - Chromium requires no authentication
2026-01-16 08:23:16,402 [INFO] WebApp:491 - Direct internet connection detected
2026-01-16 08:23:16,479 [INFO] WebApp:900 - Register for checkConnection events
2026-01-16 08:23:16,479 [INFO] WebApp:463 - Apply proxy settings
2026-01-16 08:23:16,479 [INFO] WebApp:548 - Chromium requires no authentication
2026-01-16 08:23:16,480 [INFO] WebApp:491 - Direct internet connection detected
2026-01-16 08:23:16,794 [INFO] WebApp:191 - Connection restablished
2026-01-16 08:23:16,973 [INFO] WebApp:225 - Starting web application
2026-01-16 08:23:16,973 [INFO] WebApp:593 - Web application path used C:\ST\STM32CubeIDE_1.16.1\STM32CubeIDE\plugins\com.st.stm32cube.common.mx_6.15.0.202507011659\db\plugins\mcufinder\reactClient1\index.html
2026-01-16 08:23:17,305 [INFO] UserAuth:487 - Internet connection configuration mode: 1
2026-01-16 08:50:27,040 [INFO] WebApp:194 - Connection lost
2026-01-16 08:50:27,252 [INFO] WebApp:191 - Connection restablished
2026-01-16 09:21:33,001 [INFO] WebApp:194 - Connection lost
2026-01-16 09:21:33,210 [INFO] WebApp:191 - Connection restablished
2026-01-16 09:43:03,460 [INFO] McuFinderGlobals:63 - Set McuFinder mode to 2 (CubeIDE integrated)
2026-01-16 09:43:03,519 [INFO] MainUpdater:2872 - connection check result : 10
2026-01-16 09:43:03,535 [INFO] MainUpdater:2872 - connection check result : 10
2026-01-16 09:43:03,856 [INFO] MicroXplorer:468 - Change Database Path : 
2026-01-16 09:43:03,856 [INFO] MicroXplorer:498 - Change Database Version : DB.6.0.150
2026-01-16 09:43:03,864 [WARN] ThirdParty:871 - waiting for thirdparty lock release [close project]
2026-01-16 09:43:03,864 [INFO] ThirdParty:873 - entering critical section [close project]
2026-01-16 09:43:03,866 [INFO] ThirdParty:883 - exiting critical section [close project]
2026-01-16 09:43:03,872 [INFO] PinOutPanel:1589 - setPackage(No Configuration,No Configuration)
2026-01-16 09:43:03,878 [INFO] UtilMem:75 - Begin LoadConfig() Used Memory: 765660064 Bytes (1073741824)
2026-01-16 09:43:03,965 [INFO] MicroXplorer:468 - Change Database Path : C:/Users/Chinnapop/.stm32cubemx/databases/DB.6.0.141/db/
2026-01-16 09:43:03,965 [INFO] MicroXplorer:498 - Change Database Version : DB.6.0.141
2026-01-16 09:43:05,389 [INFO] OpenFileManager:355 - Change cursor
2026-01-16 09:43:05,428 [WARN] IntegrityCheckThread:84 - waiting for thirdparty lock release [integrity check]
2026-01-16 09:43:05,428 [INFO] IntegrityCheckThread:86 - entering critical section [integrity check]
2026-01-16 09:43:05,789 [WARN] PackLoader:240 - Cannot read IP mode file for STMicroelectronics.FP-SNS-MOTENVWB1.1.4.0
2026-01-16 09:43:05,820 [WARN] PackLoader:240 - Cannot read IP mode file for STMicroelectronics.FP-ATR-ASTRA1.2.0.2
2026-01-16 09:43:05,838 [WARN] PackLoader:240 - Cannot read IP mode file for STMicroelectronics.FP-ATR-ASTRA1.2.0.1
2026-01-16 09:43:05,875 [WARN] PackLoader:240 - Cannot read IP mode file for STMicroelectronics.X-CUBE-SMBUS.2.1.0
2026-01-16 09:43:05,900 [WARN] PackLoader:240 - Cannot read IP mode file for STMicroelectronics.X-CUBE-WB05N.1.1.0
2026-01-16 09:43:05,919 [WARN] PackLoader:240 - Cannot read IP mode file for STMicroelectronics.X-CUBE-ST60.1.0.0
2026-01-16 09:43:05,976 [WARN] PackLoader:240 - Cannot read IP mode file for STMicroelectronics.X-CUBE-AZRTOS-F7.1.1.0
2026-01-16 09:43:06,036 [WARN] PackLoader:240 - Cannot read IP mode file for STMicroelectronics.X-CUBE-MEMS1.11.0.0
2026-01-16 09:43:06,144 [WARN] PackLoader:240 - Cannot read IP mode file for STMicroelectronics.FP-SNS-MOTENV1.5.1.0
2026-01-16 09:43:06,162 [WARN] PackLoader:240 - Cannot read IP mode file for STMicroelectronics.FP-SNS-FLIGHT1.5.0.2
2026-01-16 09:43:06,196 [WARN] PackLoader:240 - Cannot read IP mode file for STMicroelectronics.X-CUBE-AZRTOS-H7.3.4.0
2026-01-16 09:43:06,216 [WARN] PackLoader:240 - Cannot read IP mode file for STMicroelectronics.X-CUBE-DISPLAY.3.0.0
2026-01-16 09:43:06,236 [WARN] PackLoader:240 - Cannot read IP mode file for STMicroelectronics.X-CUBE-BLE1.7.0.0
2026-01-16 09:43:06,254 [WARN] PackLoader:240 - Cannot read IP mode file for STMicroelectronics.X-CUBE-NFC10.1.0.0
2026-01-16 09:43:06,277 [WARN] PackLoader:240 - Cannot read IP mode file for STMicroelectronics.X-CUBE-BLEMGR.4.0.0
2026-01-16 09:43:06,295 [WARN] PackLoader:240 - Cannot read IP mode file for STMicroelectronics.X-CUBE-ST60.1.1.0
2026-01-16 09:43:06,319 [WARN] PackLoader:240 - Cannot read IP mode file for emotas.I-CUBE-CANOPEN.1.3.0
2026-01-16 09:43:06,337 [WARN] PackLoader:240 - Cannot read IP mode file for STMicroelectronics.X-CUBE-GNSS1.7.1.0
2026-01-16 09:43:06,356 [WARN] PackLoader:240 - Cannot read IP mode file for STMicroelectronics.X-CUBE-BLEMGR.3.1.0
2026-01-16 09:43:06,374 [WARN] PackLoader:240 - Cannot read IP mode file for STMicroelectronics.X-CUBE-AI.10.0.0
2026-01-16 09:43:06,393 [WARN] PackLoader:240 - Cannot read IP mode file for STMicroelectronics.FP-SNS-STBOX1.2.1.0
2026-01-16 09:43:06,411 [WARN] PackLoader:240 - Cannot read IP mode file for STMicroelectronics.FP-SNS-SMARTAG2.1.2.0
2026-01-16 09:43:06,427 [WARN] PackLoader:240 - Cannot read IP mode file for STMicroelectronics.FP-SNS-FLIGHT1.5.1.0
2026-01-16 09:43:06,490 [WARN] PackLoader:240 - Cannot read IP mode file for STMicroelectronics.X-CUBE-MEMS1.11.1.0
2026-01-16 09:43:06,575 [INFO] LogOutputStream:77 - [STDOUT_REDIRECT] 1 : Invalid condition id : UX_CORESTACK_Condition cause : null
2026-01-16 09:43:06,577 [INFO] LogOutputStream:77 - [STDOUT_REDIRECT] 1 : Invalid condition id : UX_CORESTACK_Condition cause : null
2026-01-16 09:43:06,578 [INFO] LogOutputStream:77 - [STDOUT_REDIRECT] 1 : Invalid condition id : UX_CORESTACK_Condition cause : null
2026-01-16 09:43:06,580 [INFO] LogOutputStream:77 - [STDOUT_REDIRECT] 1 : Invalid condition id : UX_CORESTACK_Condition cause : null
2026-01-16 09:43:06,582 [INFO] LogOutputStream:77 - [STDOUT_REDIRECT] 1 : Invalid condition id : UX_CORESTACK_Condition cause : null
2026-01-16 09:43:06,585 [WARN] PackLoader:240 - Cannot read IP mode file for STMicroelectronics.X-CUBE-AZRTOS-WL.2.0.0
2026-01-16 09:43:06,601 [WARN] PackLoader:240 - Cannot read IP mode file for STMicroelectronics.FP-SNS-MOTENV1.5.0.0
2026-01-16 09:43:06,633 [WARN] PackLoader:240 - Cannot read IP mode file for STMicroelectronics.X-CUBE-AZRTOS-H7RS.1.2.0
2026-01-16 09:43:06,652 [WARN] PackLoader:240 - Cannot read IP mode file for wolfSSL.I-CUBE-wolfMQTT.1.19.0
2026-01-16 09:43:06,673 [WARN] PackLoader:240 - Cannot read IP mode file for WES.I-CUBE-Cesium.1.3.0
2026-01-16 09:43:06,690 [WARN] PackLoader:240 - Cannot read IP mode file for STMicroelectronics.X-CUBE-BLE2.3.3.0
2026-01-16 09:43:06,708 [WARN] PackLoader:240 - Cannot read IP mode file for STMicroelectronics.X-CUBE-NFC9.1.0.0
2026-01-16 09:43:06,724 [WARN] PackLoader:240 - Cannot read IP mode file for STMicroelectronics.X-CUBE-BLE1.7.1.0
2026-01-16 09:43:06,743 [WARN] PackLoader:240 - Cannot read IP mode file for STMicroelectronics.X-CUBE-TCPP.4.1.0
2026-01-16 09:43:06,761 [WARN] PackLoader:240 - Cannot read IP mode file for STMicroelectronics.X-CUBE-FREERTOS.1.4.0
2026-01-16 09:43:06,779 [WARN] PackLoader:240 - Cannot read IP mode file for STMicroelectronics.X-CUBE-EEPRMA1.5.2.0
2026-01-16 09:43:06,797 [WARN] PackLoader:240 - Cannot read IP mode file for STMicroelectronics.X-CUBE-ST67W61.1.1.0
2026-01-16 09:43:06,812 [WARN] PackLoader:240 - Cannot read IP mode file for STMicroelectronics.X-CUBE-AI.10.1.0
2026-01-16 09:43:06,854 [WARN] PackLoader:240 - Cannot read IP mode file for STMicroelectronics.X-CUBE-MEMS1.12.0.0
2026-01-16 09:43:06,949 [WARN] PackLoader:240 - Cannot read IP mode file for STMicroelectronics.X-CUBE-MEMS1.11.2.0
2026-01-16 09:43:07,034 [WARN] PackLoader:240 - Cannot read IP mode file for STMicroelectronics.X-CUBE-AZRTOS-G0.1.1.0
2026-01-16 09:43:07,054 [WARN] PackLoader:240 - Cannot read IP mode file for STMicroelectronics.X-CUBE-SAFEA1.1.2.2
2026-01-16 09:43:07,072 [WARN] PackLoader:240 - Cannot read IP mode file for STMicroelectronics.X-CUBE-NFC4.3.0.0
2026-01-16 09:43:07,094 [WARN] PackLoader:240 - Cannot read IP mode file for EmbeddedOffice.I-CUBE-FS-RTOS.1.0.1
2026-01-16 09:43:07,113 [WARN] PackLoader:240 - Cannot read IP mode file for STMicroelectronics.X-CUBE-WB05N.2.0.0
2026-01-16 09:43:07,131 [WARN] PackLoader:240 - Cannot read IP mode file for STMicroelectronics.X-CUBE-TCPP.4.2.0
2026-01-16 09:43:07,152 [WARN] PackLoader:240 - Cannot read IP mode file for RealThread.X-CUBE-RT-Thread_Nano.4.1.1
2026-01-16 09:43:07,170 [WARN] PackLoader:240 - Cannot read IP mode file for STMicroelectronics.FP-ATR-SIGFOX1.3.2.0
2026-01-16 09:43:07,188 [WARN] ConditionMgr:438 - getConditionDescription Invalid condition id : Cortex-A Device cause : null
2026-01-16 09:43:07,224 [WARN] ConditionMgr:1044 - genDependencies : Invalid condition id : Cortex-A Device cause : null
2026-01-16 09:43:07,224 [WARN] ConditionMgr:1044 - genDependencies : Invalid condition id : Cortex-A Device cause : null
2026-01-16 09:43:07,224 [WARN] ConditionMgr:1044 - genDependencies : Invalid condition id : Cortex-A Device cause : null
2026-01-16 09:43:07,242 [WARN] PackLoader:240 - Cannot read IP mode file for STMicroelectronics.X-CUBE-EEPRMA1.5.1.0
2026-01-16 09:43:07,259 [WARN] PackLoader:240 - Cannot read IP mode file for wolfSSL.I-CUBE-wolfSSL.5.7.4
2026-01-16 09:43:07,272 [WARN] PackLoader:240 - Cannot read IP mode file for ITTIA_DB.I-CUBE-ITTIADB.8.9.0
2026-01-16 09:43:07,302 [WARN] PackLoader:240 - Cannot read IP mode file for STMicroelectronics.X-CUBE-ST67W61.1.0.0
2026-01-16 09:43:07,312 [WARN] PackLoader:240 - Cannot read IP mode file for STMicroelectronics.X-CUBE-AI.10.2.0
2026-01-16 09:43:07,347 [WARN] PackLoader:240 - Cannot read IP mode file for SEGGER.I-CUBE-embOS.1.3.1
2026-01-16 09:43:07,383 [WARN] PackLoader:240 - Cannot read IP mode file for STMicroelectronics.X-CUBE-ALGOBUILD.1.4.0
2026-01-16 09:43:07,434 [WARN] PackLoader:240 - Cannot read IP mode file for STMicroelectronics.X-CUBE-MEMS1.11.3.0
2026-01-16 09:43:07,515 [WARN] PackLoader:240 - Cannot read IP mode file for STMicroelectronics.X-CUBE-AI.9.1.0
2026-01-16 09:43:07,543 [WARN] PackLoader:240 - Cannot read IP mode file for STMicroelectronics.X-CUBE-PM33A1.1.0.0
2026-01-16 09:43:07,576 [WARN] PackLoader:240 - Cannot read IP mode file for STMicroelectronics.X-CUBE-AZRTOS-F4.1.1.0
2026-01-16 09:43:07,597 [WARN] PackLoader:240 - Cannot read IP mode file for Avnet-IotConnect.X-CUBE-IoTC-DA16k-PMOD.1.0.0
2026-01-16 09:43:07,620 [WARN] PackLoader:240 - Cannot read IP mode file for STMicroelectronics.X-CUBE-ISPU.2.1.0
2026-01-16 09:43:07,645 [WARN] PackLoader:240 - Cannot read IP mode file for STMicroelectronics.X-CUBE-IPS.3.2.0
2026-01-16 09:43:07,669 [WARN] PackLoader:240 - Cannot read IP mode file for STMicroelectronics.X-CUBE-FREERTOS.1.2.0
2026-01-16 09:43:07,689 [WARN] PackLoader:240 - Cannot read IP mode file for STMicroelectronics.X-CUBE-NFC12.1.0.0
2026-01-16 09:43:07,720 [WARN] PackLoader:240 - Cannot read IP mode file for STMicroelectronics.X-CUBE-AZRTOS-L5.2.0.0
2026-01-16 09:43:07,740 [WARN] PackLoader:240 - Cannot read IP mode file for STMicroelectronics.X-CUBE-NFC6.3.1.0
2026-01-16 09:43:07,768 [WARN] PackLoader:240 - Cannot read IP mode file for STMicroelectronics.X-CUBE-DPower.1.2.0
2026-01-16 09:43:07,784 [WARN] PackLoader:240 - Cannot read IP mode file for STMicroelectronics.X-CUBE-FREERTOS.1.3.1
2026-01-16 09:43:07,803 [WARN] PackLoader:240 - Cannot read IP mode file for STMicroelectronics.X-CUBE-FREERTOS.1.3.0
2026-01-16 09:43:07,821 [WARN] PackLoader:240 - Cannot read IP mode file for STMicroelectronics.X-CUBE-NFC7.1.0.1
2026-01-16 09:43:07,841 [WARN] PackLoader:240 - Cannot read IP mode file for STMicroelectronics.X-CUBE-TOUCHGFX.4.26.0
2026-01-16 09:43:07,861 [WARN] PackLoader:240 - Cannot read IP mode file for STMicroelectronics.FP-SNS-STAIOTCFT.1.0.0
2026-01-16 09:43:07,878 [WARN] PackLoader:240 - Cannot read IP mode file for STMicroelectronics.X-CUBE-DPower.1.3.0
2026-01-16 09:43:07,902 [WARN] ConditionMgr:438 - getConditionDescription Invalid condition id : LAN8742 Phy interface Condition cause : null
2026-01-16 09:43:07,902 [WARN] PackLoader:240 - Cannot read IP mode file for STMicroelectronics.X-CUBE-AZRTOS-L4.2.0.0
2026-01-16 09:43:07,902 [WARN] ConditionMgr:1044 - genDependencies : Invalid condition id : LAN8742 Phy interface Condition cause : null
2026-01-16 09:43:07,902 [WARN] ConditionMgr:1044 - genDependencies : Invalid condition id : LAN8742 Phy interface Condition cause : null
2026-01-16 09:43:07,902 [WARN] ConditionMgr:1044 - genDependencies : Invalid condition id : LAN8742 Phy interface Condition cause : null
2026-01-16 09:43:07,922 [WARN] PackLoader:240 - Cannot read IP mode file for STMicroelectronics.X-CUBE-SFXS2LP1.4.0.0
2026-01-16 09:43:07,954 [WARN] PackLoader:240 - Cannot read IP mode file for STMicroelectronics.X-CUBE-AZRTOS-H7.3.3.0
2026-01-16 09:43:07,986 [WARN] PackLoader:240 - Cannot read IP mode file for STMicroelectronics.X-CUBE-BLEMGR.4.1.0
2026-01-16 09:43:08,006 [WARN] PackLoader:240 - Cannot read IP mode file for STMicroelectronics.X-CUBE-IPS.3.0.0
2026-01-16 09:43:08,028 [WARN] ConditionMgr:438 - getConditionDescription Invalid condition id : UX DEVICE CLASS RTOS Condition cause : null
2026-01-16 09:43:08,030 [WARN] ConditionMgr:438 - getConditionDescription Invalid condition id : UX DEVICE CLASS RTOS Condition cause : null
2026-01-16 09:43:08,030 [WARN] PackLoader:240 - Cannot read IP mode file for STMicroelectronics.X-CUBE-AZRTOS-WB.2.0.0
2026-01-16 09:43:08,030 [WARN] ConditionMgr:1044 - genDependencies : Invalid condition id : UX DEVICE CLASS RTOS Condition cause : null
2026-01-16 09:43:08,030 [WARN] ConditionMgr:1044 - genDependencies : Invalid condition id : UX DEVICE CLASS RTOS Condition cause : null
2026-01-16 09:43:08,030 [WARN] ConditionMgr:1044 - genDependencies : Invalid condition id : UX DEVICE CLASS RTOS Condition cause : null
2026-01-16 09:43:08,030 [WARN] ConditionMgr:1044 - genDependencies : Invalid condition id : UX DEVICE CLASS RTOS Condition cause : null
2026-01-16 09:43:08,030 [WARN] ConditionMgr:1044 - genDependencies : Invalid condition id : UX DEVICE CLASS RTOS Condition cause : null
2026-01-16 09:43:08,046 [WARN] PackLoader:240 - Cannot read IP mode file for STMicroelectronics.X-CUBE-GNSS1.7.0.0
2026-01-16 09:43:08,060 [WARN] PackLoader:240 - Cannot read IP mode file for STMicroelectronics.X-CUBE-GNSS1.7.0.1
2026-01-16 09:43:08,077 [WARN] PackLoader:240 - Cannot read IP mode file for STMicroelectronics.X-CUBE-TOUCHGFX.4.25.0
2026-01-16 09:43:08,093 [WARN] PackLoader:240 - Cannot read IP mode file for STMicroelectronics.FP-SNS-STBOX1.2.0.0
2026-01-16 09:43:08,107 [WARN] PackLoader:240 - Cannot read IP mode file for STMicroelectronics.X-CUBE-SUBG2.5.0.0
2026-01-16 09:43:08,140 [WARN] PackLoader:240 - Cannot read IP mode file for STMicroelectronics.X-CUBE-AZRTOS-H7RS.1.1.0
2026-01-16 09:43:08,158 [WARN] PackLoader:240 - Cannot read IP mode file for Cesanta.I-CUBE-Mongoose.7.13.0
2026-01-16 09:43:08,177 [WARN] PackLoader:240 - Cannot read IP mode file for STMicroelectronics.X-CUBE-AZRTOS-G4.2.0.0
2026-01-16 09:43:08,203 [WARN] PackLoader:240 - Cannot read IP mode file for STMicroelectronics.X-CUBE-NFC7.2.0.0
2026-01-16 09:43:08,234 [WARN] PackLoader:240 - Cannot read IP mode file for STMicroelectronics.X-CUBE-IPS.3.1.0
2026-01-16 09:43:08,265 [WARN] PackLoader:240 - Cannot read IP mode file for STMicroelectronics.X-CUBE-ALS.1.0.2
2026-01-16 09:43:08,292 [WARN] PackLoader:240 - Cannot read IP mode file for STMicroelectronics.X-CUBE-TOUCHGFX.4.24.2
2026-01-16 09:43:08,317 [WARN] PackLoader:240 - Cannot read IP mode file for STMicroelectronics.X-CUBE-TOUCHGFX.4.24.1
2026-01-16 09:43:08,343 [WARN] PackLoader:240 - Cannot read IP mode file for STMicroelectronics.X-CUBE-STSE01.1.0.0
2026-01-16 09:43:08,367 [WARN] PackLoader:240 - Cannot read IP mode file for wolfSSL.I-CUBE-wolfTPM.3.4.0
2026-01-16 09:43:08,391 [WARN] PackLoader:240 - Cannot read IP mode file for portGmbH.I-Cube-SoM-uGOAL.1.1.0
2026-01-16 09:43:08,435 [WARN] PackLoader:240 - Cannot read IP mode file for STMicroelectronics.X-CUBE-AZRTOS-H7RS.1.0.0
2026-01-16 09:43:08,461 [WARN] PackLoader:240 - Cannot read IP mode file for STMicroelectronics.FP-ATR-ASTRA1.2.0.0
2026-01-16 09:43:08,493 [WARN] PackLoader:240 - Cannot read IP mode file for STMicroelectronics.X-CUBE-TOF1.3.4.2
2026-01-16 09:43:08,534 [WARN] PackLoader:240 - Cannot read IP mode file for STMicroelectronics.X-CUBE-TOF1.3.4.3
2026-01-16 09:43:08,580 [WARN] PackLoader:240 - Cannot read IP mode file for Infineon.AIROC-Wi-Fi-Bluetooth-STM32.1.6.1
2026-01-16 09:43:08,607 [WARN] PackLoader:240 - Cannot read IP mode file for wolfSSL.I-CUBE-wolfSSH.1.4.17
2026-01-16 09:43:08,607 [INFO] ThirdParty:978 - Integrity check success = true
2026-01-16 09:43:08,608 [INFO] IntegrityCheckThread:100 - exiting critical section [integrity check]
2026-01-16 09:43:08,608 [INFO] IntegrityCheckThread:103 - End integrity checks thread
2026-01-16 09:43:08,697 [INFO] Mcu:2029 - Initializing MCU STM32F767ZITx STM32F767ZITx STM32F767ZIT6
2026-01-16 09:43:11,571 [INFO] Context:786 - Trying to add GPIOservice into a context  which must be forbidden
2026-01-16 09:43:12,182 [INFO] ImportTextPane:234 - (OptionalMessage_ERROR) Pin20 (VP_RIF_VS_RIF1) cannot be retrieved for this MCU
2026-01-16 09:43:12,438 [INFO] RtosManager:558 - Registered RTOS mode: class=CMSIS, group=RTOS, mode=CMSIS_V1, owner=FREERTOS
2026-01-16 09:43:12,438 [INFO] RtosManager:558 - Registered RTOS mode: class=CMSIS, group=RTOS2, mode=CMSIS_V2, owner=FREERTOS
2026-01-16 09:43:12,438 [INFO] RtosManager:558 - Registered RTOS mode: class=RTOS, group=Core, mode=CMSIS_V1, owner=FREERTOS
2026-01-16 09:43:12,438 [INFO] RtosManager:558 - Registered RTOS mode: class=RTOS, group=Core, mode=CMSIS_V2, owner=FREERTOS
2026-01-16 09:43:12,438 [WARN] ModelIntegratedComponent:184 - Missing modes for component STMicroelectronics:FreeRTOS:0.0.1:STMicroelectronics:RTOS:FreeRTOS:Core:::10.2.0:
2026-01-16 09:43:12,448 [WARN] ModelIntegratedComponent:63 - No mode defined for component null
2026-01-16 09:43:12,448 [WARN] ModelIntegratedComponent:63 - No mode defined for component null
2026-01-16 09:43:12,448 [WARN] ModelIntegratedComponent:63 - No mode defined for component null
2026-01-16 09:43:12,448 [WARN] ModelIntegratedComponent:63 - No mode defined for component null
2026-01-16 09:43:12,448 [WARN] ModelIntegratedComponent:63 - No mode defined for component null
2026-01-16 09:43:12,448 [WARN] ModelIntegratedComponent:63 - No mode defined for component null
2026-01-16 09:43:12,448 [WARN] ModelIntegratedComponent:63 - No mode defined for component null
2026-01-16 09:43:12,448 [WARN] ModelIntegratedComponent:63 - No mode defined for component null
2026-01-16 09:43:12,448 [WARN] ModelIntegratedComponent:63 - No mode defined for component null
2026-01-16 09:43:12,448 [WARN] ModelIntegratedComponent:63 - No mode defined for component null
2026-01-16 09:43:12,448 [WARN] ModelIntegratedComponent:63 - No mode defined for component null
2026-01-16 09:43:12,448 [WARN] ModelIntegratedComponent:63 - No mode defined for component null
2026-01-16 09:43:12,448 [WARN] ModelIntegratedComponent:63 - No mode defined for component null
2026-01-16 09:43:12,448 [WARN] ModelIntegratedComponent:63 - No mode defined for component null
2026-01-16 09:43:12,448 [WARN] ModelIntegratedComponent:63 - No mode defined for component null
2026-01-16 09:43:12,448 [WARN] ModelIntegratedComponent:63 - No mode defined for component null
2026-01-16 09:43:12,448 [WARN] ModelIntegratedComponent:63 - No mode defined for component null
2026-01-16 09:43:12,448 [WARN] ModelIntegratedComponent:63 - No mode defined for component null
2026-01-16 09:43:12,448 [WARN] ModelIntegratedComponent:63 - No mode defined for component null
2026-01-16 09:43:12,448 [WARN] ModelIntegratedComponent:63 - No mode defined for component null
2026-01-16 09:43:12,448 [WARN] ModelIntegratedComponent:63 - No mode defined for component null
2026-01-16 09:43:12,448 [WARN] ModelIntegratedComponent:63 - No mode defined for component null
2026-01-16 09:43:12,448 [WARN] ModelIntegratedComponent:63 - No mode defined for component null
2026-01-16 09:43:12,448 [WARN] ModelIntegratedComponent:63 - No mode defined for component null
2026-01-16 09:43:12,448 [WARN] ModelIntegratedComponent:63 - No mode defined for component null
2026-01-16 09:43:12,448 [WARN] ModelIntegratedComponent:63 - No mode defined for component null
2026-01-16 09:43:12,448 [WARN] ModelIntegratedComponent:63 - No mode defined for component null
2026-01-16 09:43:12,448 [WARN] ModelIntegratedComponent:63 - No mode defined for component null
2026-01-16 09:43:12,448 [WARN] ModelIntegratedComponent:63 - No mode defined for component null
2026-01-16 09:43:12,448 [WARN] ModelIntegratedComponent:63 - No mode defined for component null
2026-01-16 09:43:12,448 [WARN] ModelIntegratedComponent:63 - No mode defined for component null
2026-01-16 09:43:12,448 [WARN] ModelIntegratedComponent:63 - No mode defined for component null
2026-01-16 09:43:12,448 [WARN] ModelIntegratedComponent:63 - No mode defined for component null
2026-01-16 09:43:12,448 [WARN] ModelIntegratedComponent:63 - No mode defined for component null
2026-01-16 09:43:12,448 [WARN] ModelIntegratedComponent:63 - No mode defined for component null
2026-01-16 09:43:12,448 [WARN] ModelPack:524 - Component already loaded: STMicroelectronics:HAL Drivers:0.0.0:STMicroelectronics:Device:STMicro_Driver:XSPI:HAL::0.0.1:HAL_XSPI
2026-01-16 09:43:12,748 [INFO] ThirdPartyModel:298 - Start build external matchings
2026-01-16 09:43:14,305 [INFO] ThirdPartyModel:316 - End build external matchings
2026-01-16 09:43:14,343 [INFO] RtosManager:1018 - Current active RTOS is FREERTOS [Cortex-M7NS]
2026-01-16 09:43:14,346 [INFO] ImportTextPane:234 - (OptionalMessage_ERROR) IP (CORTEX_M7) : Invalid parameter (Size)
2026-01-16 09:43:14,346 [INFO] ImportTextPane:234 - (OptionalMessage_ERROR) IP (CORTEX_M7) : Invalid parameter (SubRegionDisable)
2026-01-16 09:43:14,346 [INFO] ImportTextPane:234 - (OptionalMessage_ERROR) IP (CORTEX_M7) : Invalid parameter (DisableExec)
2026-01-16 09:43:14,346 [INFO] ImportTextPane:234 - (OptionalMessage_ERROR) IP (CORTEX_M7) : Invalid parameter (IsShareable)
2026-01-16 09:43:14,346 [INFO] ImportTextPane:234 - (OptionalMessage_ERROR) IP (CORTEX_M7) : Invalid parameter (BaseAddress)
2026-01-16 09:43:14,346 [INFO] ImportTextPane:234 - (OptionalMessage_ERROR) IP (CORTEX_M7) : Invalid parameter (Size)
2026-01-16 09:43:14,346 [INFO] ImportTextPane:234 - (OptionalMessage_ERROR) IP (CORTEX_M7) : Invalid parameter (DisableExec)
2026-01-16 09:43:14,346 [INFO] ImportTextPane:234 - (OptionalMessage_ERROR) IP (CORTEX_M7) : Invalid parameter (BaseAddress)
2026-01-16 09:43:14,346 [INFO] ImportTextPane:234 - (OptionalMessage_ERROR) IP (CORTEX_M7) : Invalid parameter (Size)
2026-01-16 09:43:14,346 [INFO] ImportTextPane:234 - (OptionalMessage_ERROR) IP (CORTEX_M7) : Invalid parameter (TypeExtField)
2026-01-16 09:43:14,346 [INFO] ImportTextPane:234 - (OptionalMessage_ERROR) IP (CORTEX_M7) : Invalid parameter (DisableExec)
2026-01-16 09:43:14,346 [INFO] ImportTextPane:234 - (OptionalMessage_ERROR) IP (CORTEX_M7) : Invalid parameter (IsShareable)
2026-01-16 09:43:14,347 [INFO] ImportTextPane:234 - (OptionalMessage_ERROR) IP (CORTEX_M7) : Invalid parameter (AccessPermission)
2026-01-16 09:43:14,347 [INFO] ImportTextPane:234 - (OptionalMessage_ERROR) IP (CORTEX_M7) : Invalid parameter (AccessPermission)
2026-01-16 09:43:14,347 [INFO] ImportTextPane:234 - (OptionalMessage_ERROR) IP (CORTEX_M7) : Invalid parameter (IsBufferable)
2026-01-16 09:43:14,347 [WARN] IP:2250 - Warning not found: check if there is a RefParameter without a condition.
2026-01-16 09:43:14,347 [WARN] IP:2250 - RxBufferAddress not found: check if there is a RefParameter without a condition.
2026-01-16 09:43:14,348 [WARN] IP:2250 - DESC_SIZE_UNIT not found: check if there is a RefParameter without a condition.
2026-01-16 09:43:14,360 [WARN] IP:2250 - LWIP_NETIF_HOSTNAME_NAME not found: check if there is a RefParameter without a condition.
2026-01-16 09:43:14,387 [INFO] ImportTextPane:234 - (OptionalMessage_ERROR) IP (RCC) : Invalid parameter (48MHZClocksFreq_Value)
2026-01-16 09:43:14,387 [INFO] ImportTextPane:234 - (OptionalMessage_ERROR) IP (RCC) : Invalid parameter (ADC12outputFreq_Value)
2026-01-16 09:43:14,387 [INFO] ImportTextPane:234 - (OptionalMessage_ERROR) IP (RCC) : Invalid parameter (ADC34outputFreq_Value)
2026-01-16 09:43:14,388 [INFO] ImportTextPane:234 - (OptionalMessage_ERROR) IP (RCC) : Invalid parameter (FamilyName)
2026-01-16 09:43:14,388 [INFO] ImportTextPane:234 - (OptionalMessage_ERROR) IP (RCC) : Invalid parameter (I2SClocksFreq_Value)
2026-01-16 09:43:14,388 [INFO] ImportTextPane:234 - (OptionalMessage_ERROR) IP (RCC) : Invalid parameter (LCDTFToutputFreq_Value)
2026-01-16 09:43:14,388 [INFO] ImportTextPane:234 - (OptionalMessage_ERROR) IP (RCC) : Invalid parameter (MCOFreq_Value)
2026-01-16 09:43:14,388 [INFO] ImportTextPane:234 - (OptionalMessage_ERROR) IP (RCC) : Invalid parameter (PLLMCOFreq_Value)
2026-01-16 09:43:14,388 [INFO] ImportTextPane:234 - (OptionalMessage_ERROR) IP (RCC) : Invalid parameter (PLLMUL)
2026-01-16 09:43:14,389 [INFO] ImportTextPane:234 - (OptionalMessage_ERROR) IP (RCC) : Invalid parameter (PRESCALERUSB)
2026-01-16 09:43:14,389 [INFO] ImportTextPane:234 - (OptionalMessage_ERROR) IP (RCC) : Parameter (RNGFreq_Value) has invalid value (216000000)
2026-01-16 09:43:14,389 [INFO] ImportTextPane:234 - (OptionalMessage_ERROR) IP (RCC) : Invalid parameter (RTCHSEDivFreq_Value)
2026-01-16 09:43:14,389 [INFO] ImportTextPane:234 - (OptionalMessage_ERROR) IP (RCC) : Parameter (SDMMC2Freq_Value) has invalid value (216000000)
2026-01-16 09:43:14,389 [INFO] ImportTextPane:234 - (OptionalMessage_ERROR) IP (RCC) : Parameter (SDMMCFreq_Value) has invalid value (216000000)
2026-01-16 09:43:14,389 [INFO] ImportTextPane:234 - (OptionalMessage_ERROR) IP (RCC) : Invalid parameter (SYSCLKSourceVirtual)
2026-01-16 09:43:14,389 [INFO] ImportTextPane:234 - (OptionalMessage_ERROR) IP (RCC) : Invalid parameter (TIM15Freq_Value)
2026-01-16 09:43:14,389 [INFO] ImportTextPane:234 - (OptionalMessage_ERROR) IP (RCC) : Invalid parameter (TIM16Freq_Value)
2026-01-16 09:43:14,389 [INFO] ImportTextPane:234 - (OptionalMessage_ERROR) IP (RCC) : Invalid parameter (TIM17Freq_Value)
2026-01-16 09:43:14,389 [INFO] ImportTextPane:234 - (OptionalMessage_ERROR) IP (RCC) : Invalid parameter (TIM1Freq_Value)
2026-01-16 09:43:14,389 [INFO] ImportTextPane:234 - (OptionalMessage_ERROR) IP (RCC) : Invalid parameter (TIM20Freq_Value)
2026-01-16 09:43:14,389 [INFO] ImportTextPane:234 - (OptionalMessage_ERROR) IP (RCC) : Invalid parameter (TIM2Freq_Value)
2026-01-16 09:43:14,389 [INFO] ImportTextPane:234 - (OptionalMessage_ERROR) IP (RCC) : Invalid parameter (TIM3Freq_Value)
2026-01-16 09:43:14,389 [INFO] ImportTextPane:234 - (OptionalMessage_ERROR) IP (RCC) : Invalid parameter (TIM8Freq_Value)
2026-01-16 09:43:14,389 [INFO] ImportTextPane:234 - (OptionalMessage_ERROR) IP (RCC) : Parameter (USBFreq_Value) has invalid value (216000000)
2026-01-16 09:43:14,390 [INFO] ImportTextPane:234 - (OptionalMessage_ERROR) IP (RCC) : Invalid parameter (VCOOutput2Freq_Value)
2026-01-16 09:43:14,390 [INFO] ImportTextPane:234 - (OptionalMessage_ERROR) IP (RCC) : Invalid parameter (VcooutputI2S)
2026-01-16 09:43:15,256 [INFO] ApiDb:581 - Connected to CubeFinder SQLite database (C:\Users\Chinnapop\.stmcufinder\plugins\mcufinder\mcu\cube-finder-db.db)
2026-01-16 09:43:15,336 [INFO] ApiDb:668 - CubeFinder database Data Model version=2.1
2026-01-16 09:43:15,337 [INFO] ApiDb:669 - CubeFinder database Configuration version=3.0.39
2026-01-16 09:43:15,338 [INFO] ApiDb:670 - CubeFinder database generation date=2025-12-22 (1766407740)
2026-01-16 09:43:15,338 [INFO] ApiDb:671 - CubeFinder database FW Pack versions=[FP-ATR-ASTRA1_V2.0.0, FP-SNS-FLIGHT1_V5.1.0, FP-SNS-MOTENV1_V5.1.0, FP-SNS-MOTENVWB1_V1.4.0, FP-SNS-SMARTAG2_V1.2.0, FP-SNS-STBOX1_V2.1.0, STM32Cube_FW_C0_V1.4.0, STM32Cube_FW_F4_V1.28.3, STM32Cube_FW_F7_V1.17.4, STM32Cube_FW_G0_V1.6.2, STM32Cube_FW_G4_V1.6.1, STM32Cube_FW_H5_V1.5.1, STM32Cube_FW_H7RS_V1.3.0, STM32Cube_FW_H7_V1.12.1, STM32Cube_FW_L0_V1.12.2, STM32Cube_FW_L4_V1.18.1, STM32Cube_FW_L5_V1.6.0, STM32Cube_FW_N6_V1.3.0, STM32Cube_FW_U0_V1.3.0, STM32Cube_FW_U3_V1.2.1, STM32Cube_FW_U5_V1.8.0, STM32Cube_FW_WB0_V1.4.0, STM32Cube_FW_WBA_V1.8.0, STM32Cube_FW_WB_V1.24.0, STM32Cube_FW_WL3_V1.3.0, STM32Cube_FW_WL_V1.4.0, X-CUBE-ALGOBUILD_V1.4.0, X-CUBE-ALS_V1.0.2, X-CUBE-AZRTOS-F4_V1.1.0, X-CUBE-AZRTOS-F7_V1.1.0, X-CUBE-AZRTOS-G0_V1.1.0, X-CUBE-AZRTOS-G4_V2.0.0, X-CUBE-AZRTOS-H7RS_V1.1.0, X-CUBE-AZRTOS-H7_V3.4.0, X-CUBE-AZRTOS-L4_V2.0.0, X-CUBE-AZRTOS-L5_V2.0.0, X-CUBE-AZRTOS-WB_V2.0.0, X-CUBE-AZRTOS-WL_V2.0.0, X-CUBE-BLE1_V7.1.0, X-CUBE-BLE2_V3.3.0, X-CUBE-BLEMGR_V4.1.0, X-CUBE-EEPRMA1_V5.2.0, X-CUBE-FREERTOS_V1.3.1, X-CUBE-GNSS1_V6.0.0, X-CUBE-MEMS1_V12.0.0, X-CUBE-NFC4_V3.0.0, X-CUBE-NFC7_V2.0.0, X-CUBE-SFXS2LP1_V4.0.0, X-CUBE-ST67W61_V1.1.0, X-CUBE-SUBG2_V5.0.0, X-CUBE-TOF1_V3.4.3]
2026-01-16 09:43:15,449 [INFO] DbBoardsSqlite:226 - include board P-NUCLEO-WB55-NUCLEO as a kit item of type 'Nucleo-64'
2026-01-16 09:43:15,450 [INFO] DbBoardsSqlite:226 - include board P-NUCLEO-WB55-USBDONGLE as a kit item of type 'Nucleo USB Dongle'
2026-01-16 09:43:15,451 [INFO] DbBoardsSqlite:226 - include board STEVAL-IDP005V1 as a kit item of type 'Evaluation Board'
2026-01-16 09:43:15,452 [INFO] DbBoardsSqlite:226 - include board STEVAL-IDP005V2 as a kit item of type 'Evaluation Board'
2026-01-16 09:43:15,809 [INFO] ApiDb:240 - Found 880 in-development CPN: [B-G473E-ZEST1S, B-WB1M-WPAN1, B-WBA5M-WPAN, B-WL5M-SUBG1, NUCLEO-C031C6, NUCLEO-C051C8, NUCLEO-C071RB, NUCLEO-C092RC, NUCLEO-H503RB, NUCLEO-H533RE, NUCLEO-H563ZI, NUCLEO-H7S3L8, NUCLEO-N657X0-Q, NUCLEO-U031R8, NUCLEO-U083RC, NUCLEO-U385RG-Q, NUCLEO-U545RE-Q, NUCLEO-U5A5ZJ-Q, NUCLEO-WB05KZ, NUCLEO-WB07CC, NUCLEO-WB09KE, NUCLEO-WBA52CG, NUCLEO-WBA55CG, NUCLEO-WL33CC1, NUCLEO-WL33CC2, STEVAL-PROTEUS1, STEVAL-SMARTAG2, STEVAL-STWINBX1, STM320518-EVAL, STM32C0116-DK, STM32C011D6Y3TR, STM32C011D6Y6TR, STM32C011F4P3, STM32C011F4P6, STM32C011F4U3, STM32C011F4U6TR, STM32C011F6P3, STM32C011F6P6, STM32C011F6U3, STM32C011F6U6TR, STM32C011J4M3, STM32C011J4M6, STM32C011J6M3, STM32C011J6M6, STM32C0316-DK, STM32C031C4T3, STM32C031C4T6, STM32C031C4U3, STM32C031C4U6, STM32C031C6T3, STM32C031C6T6, STM32C031C6U3, STM32C031C6U6, STM32C031F4P3, STM32C031F4P6, STM32C031F6P3, STM32C031F6P6, STM32C031G4U3, STM32C031G4U6, STM32C031G6U3, STM32C031G6U6, STM32C031K4T3, STM32C031K4T6, STM32C031K4U3, STM32C031K4U6, STM32C031K6T3, STM32C031K6T6, STM32C031K6U3, STM32C031K6U6, STM32C051C6T6, STM32C051C6U6, STM32C051C8T6, STM32C051C8U6, STM32C051D8Y6TR, STM32C051F6P6, STM32C051F8P6, STM32C051G6U6, STM32C051G8U6, STM32C051K6T6, STM32C051K6U6, STM32C051K8T6, STM32C071C8T6, STM32C071C8T6N, STM32C071C8U6, STM32C071C8U6N, STM32C071CBT6, STM32C071CBT6N, STM32C071CBU6, STM32C071CBU6N, STM32C071F8P6, STM32C071F8P6N, STM32C071FBP6, STM32C071FBP6N, STM32C071FBY6TR, STM32C071G8U6, STM32C071G8U6N, STM32C071GBU6, STM32C071GBU6N, STM32C071K8T6, STM32C071K8T6N, STM32C071K8U6, STM32C071K8U6N, STM32C071KBT6, STM32C071KBT6N, STM32C071KBU6, STM32C071KBU6N, STM32C071R8T6, STM32C071R8T6N, STM32C071RBI6N, STM32C071RBT6, STM32C071RBT6N, STM32C091CBT6, STM32C091CBU6, STM32C091CCT6, STM32C091CCU6, STM32C091ECY6TR, STM32C091FBP6, STM32C091FCP6, STM32C091GBU6, STM32C091GCU6, STM32C091KBT6, STM32C091KBU6, STM32C091KCT6, STM32C091KCU6, STM32C091RBT6, STM32C091RCI6, STM32C091RCT6, STM32C092CBT6, STM32C092CBU6, STM32C092CCT6, STM32C092CCU6, STM32C092ECY6TR, STM32C092FBP6, STM32C092FCP6, STM32C092GBU6, STM32C092GCU6, STM32C092KBT6, STM32C092KBU6, STM32C092KCT6, STM32C092KCU6, STM32C092RBT6, STM32C092RCI6, STM32C092RCT6, STM32G071K8TXN, STM32G071K8UXN, STM32G081GBU6N, STM32G081KBT6N, STM32G081KBUXN, STM32G0B1CCT6N, STM32G0B1KCT6, STM32G0B1NEY6TR, STM32G0B1RCT6N, STM32G0C1CCT6, STM32G0C1CCT6N, STM32G0C1CCU6N, STM32G0C1CET6N, STM32G0C1CEU6N, STM32G0C1KCT6, STM32G0C1NEY6TR, STM32G0C1RCI6N, STM32G0C1RCT6N, STM32G0C1REI6N, STM32G0C1RET6N, STM32G0C1VCI6, STM32G0C1VEI6, STM32G411C6T3, STM32G411C6T6, STM32G411C6U3, STM32G411C6U6, STM32G411C8T3, STM32G411C8T6, STM32G411C8U3, STM32G411C8U6, STM32G411CBT3, STM32G411CBT6, STM32G411CBU3, STM32G411CBU6, STM32G411K6T3, STM32G411K6T6, STM32G411K6U3, STM32G411K6U6, STM32G411K8T3, STM32G411K8T6, STM32G411K8U3, STM32G411K8U6, STM32G411KBT3, STM32G411KBT6, STM32G411KBU3, STM32G411KBU6, STM32G411M6T3, STM32G411M6T6, STM32G411M8T3, STM32G411M8T6, STM32G411MBT3, STM32G411MBT6, STM32G411R6T3, STM32G411R6T6, STM32G411R8T3, STM32G411R8T6, STM32G411RBT3, STM32G411RBT6, STM32G414CBT3, STM32G414CBT6, STM32G414CBU3, STM32G414CBU6, STM32G414CCT3, STM32G414CCT6, STM32G414CCU3, STM32G414CCU6, STM32G414MBT3, STM32G414MBT6, STM32G414MCT3, STM32G414MCT6, STM32G414RBT3, STM32G414RBT6, STM32G414RCT3, STM32G414RCT6, STM32G414VBT3, STM32G414VBT6, STM32G414VCT3, STM32G414VCT6, STM32G431CBT3Z, STM32G431RBT3Z, STM32G471CCT6, STM32G471CCU6, STM32G471CET3, STM32G471CET6, STM32G471CEU3, STM32G471CEU6, STM32G471MCT6, STM32G471MET3, STM32G471MET6, STM32G471MEY6TR, STM32G471QCT6, STM32G471QET3, STM32G471RCT6, STM32G471RET3, STM32G471RET6, STM32G471VCH6, STM32G471VCI6, STM32G471VCT6, STM32G471VEH3, STM32G471VEH6, STM32G471VEI3, STM32G471VEI6, STM32G471VET3, STM32G471VET6, STM32G473QET3Z, STM32G473RET3Z, STM32G474CCT6, STM32G491RET3Z, STM32H503CBT6, STM32H503CBU6, STM32H503EBY6TR, STM32H503KBU6, STM32H503RBT6, STM32H523CCT6, STM32H523CCU6, STM32H523CET6, STM32H523CEU6, STM32H523HEY6TR, STM32H523RCT6, STM32H523RET6, STM32H523VCI6, STM32H523VCT6, STM32H523VEI6, STM32H523VET6, STM32H523ZCJ6, STM32H523ZCT6, STM32H523ZEJ6, STM32H523ZET6, STM32H533CET6, STM32H533CEU6, STM32H533HEY6TR, STM32H533RET6, STM32H533VEI6, STM32H533VET6, STM32H533ZEJ6, STM32H533ZET6, STM32H562AGI6, STM32H562AII6, STM32H562IGK6, STM32H562IGT6, STM32H562IIK6, STM32H562IIT6, STM32H562RGT6, STM32H562RGV6, STM32H562RIT6, STM32H562RIV6, STM32H562VGT6, STM32H562VIT6, STM32H562ZGT6, STM32H562ZIT6, STM32H563AGI6, STM32H563AII3Q, STM32H563AII6, STM32H563IGK6, STM32H563IGT6, STM32H563IIK3Q, STM32H563IIK6, STM32H563IIT3Q, STM32H563IIT6, STM32H563MIY3QTR, STM32H563RGT6, STM32H563RGV6, STM32H563RIT6, STM32H563RIV6, STM32H563VGT6, STM32H563VIT3Q, STM32H563VIT6, STM32H563ZGT6, STM32H563ZIT3Q, STM32H563ZIT6, STM32H573AII3Q, STM32H573AII6, STM32H573I-DK, STM32H573IIK3Q, STM32H573IIK6, STM32H573IIT3Q, STM32H573IIT6, STM32H573MIY3QTR, STM32H573RIT6, STM32H573RIV6, STM32H573VIT3Q, STM32H573VIT6, STM32H573ZIT3Q, STM32H573ZIT6, STM32H7R3A8I6, STM32H7R3I8K6, STM32H7R3I8T6, STM32H7R3L8H6, STM32H7R3L8H6H, STM32H7R3R8V6, STM32H7R3V8H6, STM32H7R3V8T6, STM32H7R3V8Y6TR, STM32H7R3Z8J6, STM32H7R3Z8T6, STM32H7R7A8I6, STM32H7R7I8K6, STM32H7R7I8T6, STM32H7R7L8H6, STM32H7R7L8H6H, STM32H7R7Z8J6, STM32H7S3A8I6, STM32H7S3I8K6, STM32H7S3I8T6, STM32H7S3L8H6, STM32H7S3L8H6H, STM32H7S3R8V6, STM32H7S3V8H6, STM32H7S3V8T6, STM32H7S3V8Y6TR, STM32H7S3Z8J6, STM32H7S3Z8T6, STM32H7S78-DK, STM32H7S7A8I6, STM32H7S7I8K6, STM32H7S7I8T6, STM32H7S7L8H6, STM32H7S7L8H6H, STM32H7S7Z8J6, STM32L4R5QGI6STR, STM32MP131AAE3, STM32MP131AAF3, STM32MP131AAG3, STM32MP131CAE3, STM32MP131CAF3, STM32MP131CAG3, STM32MP131DAE7, STM32MP131DAF7, STM32MP131DAG7, STM32MP131FAE7, STM32MP131FAF7, STM32MP131FAG7, STM32MP133AAE3, STM32MP133AAF3, STM32MP133AAG3, STM32MP133CAE3, STM32MP133CAF3, STM32MP133CAG3, STM32MP133DAE7, STM32MP133DAF7, STM32MP133DAG7, STM32MP133FAE7, STM32MP133FAF7, STM32MP133FAG7, STM32MP135AAE3, STM32MP135AAF3, STM32MP135AAG3, STM32MP135CAE3, STM32MP135CAF3, STM32MP135CAG3, STM32MP135DAE7, STM32MP135DAF7, STM32MP135DAG7, STM32MP135F-DK, STM32MP135FAE7, STM32MP135FAF7, STM32MP135FAF7T, STM32MP135FAF7U, STM32MP135FAG7, STM32MP211AAL3, STM32MP211AAM3, STM32MP211AAN3, STM32MP211AAO3, STM32MP211CAL3, STM32MP211CAM3, STM32MP211CAN3, STM32MP211CAO3, STM32MP211DAL3, STM32MP211DAM3, STM32MP211DAN3, STM32MP211DAO3, STM32MP211FAL3, STM32MP211FAM3, STM32MP211FAN3, STM32MP211FAO3, STM32MP213AAL3, STM32MP213AAM3, STM32MP213AAN3, STM32MP213AAO3, STM32MP213CAL3, STM32MP213CAM3, STM32MP213CAN3, STM32MP213CAO3, STM32MP213DAL3, STM32MP213DAM3, STM32MP213DAN3, STM32MP213DAO3, STM32MP213FAL3, STM32MP213FAM3, STM32MP213FAN3, STM32MP213FAO3, STM32MP215AAL3, STM32MP215AAM3, STM32MP215AAN3, STM32MP215AAO3, STM32MP215CAL3, STM32MP215CAM3, STM32MP215CAN3, STM32MP215CAO3, STM32MP215DAL3, STM32MP215DAM3, STM32MP215DAN3, STM32MP215DAO3, STM32MP215F-DK, STM32MP215FAL3, STM32MP215FAM3, STM32MP215FAN3, STM32MP215FAO3, STM32MP231AAJ3, STM32MP231AAK3, STM32MP231AAL3, STM32MP231CAJ3, STM32MP231CAK3, STM32MP231CAL3, STM32MP231DAJ3, STM32MP231DAK3, STM32MP231DAL3, STM32MP231FAJ3, STM32MP231FAK3, STM32MP231FAL3, STM32MP233AAJ3, STM32MP233AAK3, STM32MP233AAL3, STM32MP233CAJ3, STM32MP233CAK3, STM32MP233CAL3, STM32MP233DAJ3, STM32MP233DAK3, STM32MP233DAL3, STM32MP233FAJ3, STM32MP233FAK3, STM32MP233FAL3, STM32MP235AAJ3, STM32MP235AAK3, STM32MP235AAL3, STM32MP235CAJ3, STM32MP235CAK3, STM32MP235CAL3, STM32MP235DAJ3, STM32MP235DAK3, STM32MP235DAL3, STM32MP235FAJ3, STM32MP235FAK3, STM32MP235FAL3, STM32MP251AAI3, STM32MP251AAK3, STM32MP251AAL3, STM32MP251CAI3, STM32MP251CAK3, STM32MP251CAL3, STM32MP251DAI3, STM32MP251DAK3, STM32MP251DAL3, STM32MP251FAI3, STM32MP251FAK3, STM32MP251FAL3, STM32MP253AAI3, STM32MP253AAK3, STM32MP253AAL3, STM32MP253CAI3, STM32MP253CAK3, STM32MP253CAL3, STM32MP253DAI3, STM32MP253DAK3, STM32MP253DAL3, STM32MP253FAI3, STM32MP253FAK3, STM32MP253FAL3, STM32MP255AAI3, STM32MP255AAK3, STM32MP255AAL3, STM32MP255CAI3, STM32MP255CAK3, STM32MP255CAL3, STM32MP255DAI3, STM32MP255DAK3, STM32MP255DAL3, STM32MP255FAI3, STM32MP255FAK3, STM32MP255FAL3, STM32MP257AAI3, STM32MP257AAK3, STM32MP257AAL3, STM32MP257CAI3, STM32MP257CAK3, STM32MP257CAL3, STM32MP257DAI3, STM32MP257DAK3, STM32MP257DAL3, STM32MP257F-DK, STM32MP257F-EV1, STM32MP257FAI3, STM32MP257FAK3, STM32MP257FAL3, STM32N645A0H3Q, STM32N645B0H3Q, STM32N645I0H3Q, STM32N645L0H3Q, STM32N645X0H3Q, STM32N645Z0H3Q, STM32N647A0H3Q, STM32N647B0H3Q, STM32N647I0H3Q, STM32N647L0H3Q, STM32N647X0H3Q, STM32N647Z0H3Q, STM32N655A0H3Q, STM32N655B0H3Q, STM32N655I0H3Q, STM32N655L0H3Q, STM32N655X0H3Q, STM32N655Z0H3Q, STM32N6570-DK, STM32N657A0H3Q, STM32N657B0H3Q, STM32N657I0H3Q, STM32N657L0H3Q, STM32N657X0H3Q, STM32N657Z0H3Q, STM32U031C6T6, STM32U031C6U6, STM32U031C8T6, STM32U031C8U6, STM32U031F4P6, STM32U031F6P6, STM32U031F8P6, STM32U031G6Y6TR, STM32U031G8Y6TR, STM32U031K4U6, STM32U031K6U6, STM32U031K8U6, STM32U031R6I6, STM32U031R6T6, STM32U031R8I6, STM32U031R8T6, STM32U073C8T6, STM32U073C8U6, STM32U073CBT6, STM32U073CBU6, STM32U073CCT6, STM32U073CCU6, STM32U073H8Y6TR, STM32U073HBY6TR, STM32U073HCY6TR, STM32U073K8U6, STM32U073KBU6, STM32U073KCU6, STM32U073M8I6, STM32U073M8T6, STM32U073MBI6, STM32U073MBT6, STM32U073MCI6, STM32U073MCT6, STM32U073R8I6, STM32U073R8T6, STM32U073RBI6, STM32U073RBT6, STM32U073RCI6, STM32U073RCT6, STM32U083C-DK, STM32U083CCT6, STM32U083CCU6, STM32U083HCY6TR, STM32U083KCU6, STM32U083MCI6, STM32U083MCT6, STM32U083RCI6, STM32U083RCT6, STM32U375CET6, STM32U375CET6Q, STM32U375CEU6, STM32U375CEU6Q, STM32U375CEY6QTR, STM32U375CGT6, STM32U375CGT6Q, STM32U375CGU6, STM32U375CGU6Q, STM32U375CGY6QTR, STM32U375KEU6, STM32U375KGU6, STM32U375REI6, STM32U375REI6Q, STM32U375RET6, STM32U375RET6Q, STM32U375REY6GTR, STM32U375REY6QTR, STM32U375RGI6, STM32U375RGI6Q, STM32U375RGT6, STM32U375RGT6Q, STM32U375RGY6GTR, STM32U375RGY6QTR, STM32U375VEI6, STM32U375VEI6Q, STM32U375VET6, STM32U375VET6Q, STM32U375VGI6, STM32U375VGI6Q, STM32U375VGT6, STM32U375VGT6Q, STM32U385CGT6, STM32U385CGT6Q, STM32U385CGU6, STM32U385CGU6Q, STM32U385CGY6QTR, STM32U385KGU6, STM32U385RGI6, STM32U385RGI6Q, STM32U385RGT6, STM32U385RGT6Q, STM32U385RGY6GTR, STM32U385RGY6QTR, STM32U385VGI6, STM32U385VGI6Q, STM32U385VGT6, STM32U385VGT6Q, STM32U535CBT6, STM32U535CBT6Q, STM32U535CBU6, STM32U535CBU6Q, STM32U535CCT6, STM32U535CCT6Q, STM32U535CCU6, STM32U535CCU6Q, STM32U535CET6, STM32U535CET6Q, STM32U535CEU6, STM32U535CEU6Q, STM32U535JEY6QTR, STM32U535NCY6QTR, STM32U535NEY6QTR, STM32U535RBI6, STM32U535RBI6Q, STM32U535RBT6, STM32U535RBT6Q, STM32U535RCI6, STM32U535RCI6Q, STM32U535RCT6, STM32U535RCT6Q, STM32U535REI6, STM32U535REI6Q, STM32U535RET6, STM32U535RET6Q, STM32U535VCI6, STM32U535VCI6Q, STM32U535VCT6, STM32U535VCT6Q, STM32U535VEI6, STM32U535VEI6Q, STM32U535VET6, STM32U535VET6Q, STM32U545CET6, STM32U545CET6Q, STM32U545CEU6, STM32U545CEU6Q, STM32U545JEY6QTR, STM32U545NEY6QTR, STM32U545REI6, STM32U545REI6Q, STM32U545RET6, STM32U545RET6Q, STM32U545VEI6, STM32U545VEI6Q, STM32U545VET6, STM32U545VET6Q, STM32U595AIH6, STM32U595AIH6Q, STM32U595AJH6, STM32U595AJH6Q, STM32U595QII6, STM32U595QII6Q, STM32U595QJI6, STM32U595QJI6Q, STM32U595RIT6, STM32U595RIT6Q, STM32U595RJT6, STM32U595RJT6Q, STM32U595VIT6, STM32U595VIT6Q, STM32U595VJT6, STM32U595VJT6Q, STM32U595ZIT6, STM32U595ZIT6Q, STM32U595ZIY6QTR, STM32U595ZJT6, STM32U595ZJT6Q, STM32U595ZJY6QTR, STM32U599BJY6QTR, STM32U599NIH6Q, STM32U599NJH6Q, STM32U599VIT6Q, STM32U599VJT6, STM32U599VJT6Q, STM32U599ZIT6Q, STM32U599ZIY6QTR, STM32U599ZJT6Q, STM32U599ZJY6QTR, STM32U5A5AJH6, STM32U5A5AJH6Q, STM32U5A5QII3Q , STM32U5A5QJI6, STM32U5A5QJI6Q, STM32U5A5RJT6, STM32U5A5RJT6Q, STM32U5A5VJT6, STM32U5A5VJT6Q, STM32U5A5ZJT6, STM32U5A5ZJT6Q, STM32U5A5ZJY6QTR, STM32U5A9BJY6QTR, STM32U5A9J-DK, STM32U5A9NJH6Q, STM32U5A9VJT6Q, STM32U5A9ZJT6Q, STM32U5A9ZJY6QTR, STM32U5F7VIT6, STM32U5F7VIT6Q, STM32U5F7VJT6, STM32U5F7VJT6Q, STM32U5F9BJY6QTR, STM32U5F9NJH6Q, STM32U5F9VIT6Q, STM32U5F9VJT6Q, STM32U5F9ZIJ6QTR, STM32U5F9ZIT6Q, STM32U5F9ZJJ6QTR, STM32U5F9ZJT6Q, STM32U5G7VJT6, STM32U5G7VJT6Q, STM32U5G9BJY6QTR, STM32U5G9J-DK1, STM32U5G9J-DK2, STM32U5G9NJH6Q, STM32U5G9VJT6Q, STM32U5G9ZJJ6QTR, STM32U5G9ZJT6Q, STM32WB05KZV6TR, STM32WB05KZV7TR, STM32WB05TZF6TR, STM32WB05TZF7TR, STM32WB06CCF6TR, STM32WB06CCF7TR, STM32WB06CCV6TR, STM32WB06CCV7TR, STM32WB06KCV6TR, STM32WB06KCV7TR, STM32WB07CCF6TR, STM32WB07CCF7TR, STM32WB07CCV6TR, STM32WB07CCV7TR, STM32WB07KCV6TR, STM32WB07KCV7TR, STM32WB09KEV6TR, STM32WB09KEV7TR, STM32WB09TEF6TR, STM32WB09TEF7TR, STM32WB1MMCH6, STM32WBA50KGU6, STM32WBA50KGU6TR, STM32WBA52CEU6, STM32WBA52CEU6TR, STM32WBA52CEU7, STM32WBA52CEU7TR, STM32WBA52CGU6, STM32WBA52CGU6TR, STM32WBA52CGU6U, STM32WBA52CGU7, STM32WBA52CGU7TR, STM32WBA52KEU6, STM32WBA52KEU6TR, STM32WBA52KGU6, STM32WBA52KGU6TR, STM32WBA54CEU6, STM32WBA54CEU6TR, STM32WBA54CEU7, STM32WBA54CEU7TR, STM32WBA54CGU6, STM32WBA54CGU6TR, STM32WBA54CGU7, STM32WBA54CGU7TR, STM32WBA54KEU6, STM32WBA54KEU6TR, STM32WBA54KEU7, STM32WBA54KEU7TR, STM32WBA54KGU6, STM32WBA54KGU6TR, STM32WBA54KGU7, STM32WBA54KGU7TR, STM32WBA55CEU6, STM32WBA55CEU6TR, STM32WBA55CEU7, STM32WBA55CEU7TR, STM32WBA55CGU6, STM32WBA55CGU6TR, STM32WBA55CGU6U, STM32WBA55CGU7, STM32WBA55CGU7TR, STM32WBA55G-DK1, STM32WBA55HEF6, STM32WBA55HEF7, STM32WBA55HGF6, STM32WBA55HGF7, STM32WBA55UEI6, STM32WBA55UEI6TR, STM32WBA55UEI7, STM32WBA55UEI7TR, STM32WBA55UGI6, STM32WBA55UGI6TR, STM32WBA55UGI7, STM32WBA55UGI7TR, STM32WBA5MMGH6TR, STM32WBA62MGF6, STM32WBA62MIF6, STM32WBA65MGF7, STM32WBA65MIF6, STM32WBA65MIF7, STM32WL30K8V6, STM32WL30KBV6, STM32WL31C8V6, STM32WL31CBV6, STM32WL31K8V6, STM32WL31KBV6, STM32WL33C8V6, STM32WL33C8V6X, STM32WL33CBV6, STM32WL33CBV6X, STM32WL33CCV6, STM32WL33CCV6A, STM32WL33CCV6X, STM32WL33K8V7, STM32WL33K8V7X, STM32WL33KBV7 , STM32WL33KBV7X, STM32WL33KCV7, STM32WL33KCV7X, STM32WL5MOCH6, STM32WL5MOCH6TR]
2026-01-16 09:43:15,817 [INFO] ApiDb:668 - CubeFinder database Data Model version=2.1
2026-01-16 09:43:15,817 [INFO] ApiDb:669 - CubeFinder database Configuration version=3.0.39
2026-01-16 09:43:15,818 [INFO] ApiDb:670 - CubeFinder database generation date=2025-12-22 (1766407740)
2026-01-16 09:43:15,818 [INFO] ApiDb:671 - CubeFinder database FW Pack versions=[FP-ATR-ASTRA1_V2.0.0, FP-SNS-FLIGHT1_V5.1.0, FP-SNS-MOTENV1_V5.1.0, FP-SNS-MOTENVWB1_V1.4.0, FP-SNS-SMARTAG2_V1.2.0, FP-SNS-STBOX1_V2.1.0, STM32Cube_FW_C0_V1.4.0, STM32Cube_FW_F4_V1.28.3, STM32Cube_FW_F7_V1.17.4, STM32Cube_FW_G0_V1.6.2, STM32Cube_FW_G4_V1.6.1, STM32Cube_FW_H5_V1.5.1, STM32Cube_FW_H7RS_V1.3.0, STM32Cube_FW_H7_V1.12.1, STM32Cube_FW_L0_V1.12.2, STM32Cube_FW_L4_V1.18.1, STM32Cube_FW_L5_V1.6.0, STM32Cube_FW_N6_V1.3.0, STM32Cube_FW_U0_V1.3.0, STM32Cube_FW_U3_V1.2.1, STM32Cube_FW_U5_V1.8.0, STM32Cube_FW_WB0_V1.4.0, STM32Cube_FW_WBA_V1.8.0, STM32Cube_FW_WB_V1.24.0, STM32Cube_FW_WL3_V1.3.0, STM32Cube_FW_WL_V1.4.0, X-CUBE-ALGOBUILD_V1.4.0, X-CUBE-ALS_V1.0.2, X-CUBE-AZRTOS-F4_V1.1.0, X-CUBE-AZRTOS-F7_V1.1.0, X-CUBE-AZRTOS-G0_V1.1.0, X-CUBE-AZRTOS-G4_V2.0.0, X-CUBE-AZRTOS-H7RS_V1.1.0, X-CUBE-AZRTOS-H7_V3.4.0, X-CUBE-AZRTOS-L4_V2.0.0, X-CUBE-AZRTOS-L5_V2.0.0, X-CUBE-AZRTOS-WB_V2.0.0, X-CUBE-AZRTOS-WL_V2.0.0, X-CUBE-BLE1_V7.1.0, X-CUBE-BLE2_V3.3.0, X-CUBE-BLEMGR_V4.1.0, X-CUBE-EEPRMA1_V5.2.0, X-CUBE-FREERTOS_V1.3.1, X-CUBE-GNSS1_V6.0.0, X-CUBE-MEMS1_V12.0.0, X-CUBE-NFC4_V3.0.0, X-CUBE-NFC7_V2.0.0, X-CUBE-SFXS2LP1_V4.0.0, X-CUBE-ST67W61_V1.1.0, X-CUBE-SUBG2_V5.0.0, X-CUBE-TOF1_V3.4.3]
2026-01-16 09:43:18,523 [INFO] ApiDb:240 - Found 880 in-development CPN: [B-G473E-ZEST1S, B-WB1M-WPAN1, B-WBA5M-WPAN, B-WL5M-SUBG1, NUCLEO-C031C6, NUCLEO-C051C8, NUCLEO-C071RB, NUCLEO-C092RC, NUCLEO-H503RB, NUCLEO-H533RE, NUCLEO-H563ZI, NUCLEO-H7S3L8, NUCLEO-N657X0-Q, NUCLEO-U031R8, NUCLEO-U083RC, NUCLEO-U385RG-Q, NUCLEO-U545RE-Q, NUCLEO-U5A5ZJ-Q, NUCLEO-WB05KZ, NUCLEO-WB07CC, NUCLEO-WB09KE, NUCLEO-WBA52CG, NUCLEO-WBA55CG, NUCLEO-WL33CC1, NUCLEO-WL33CC2, STEVAL-PROTEUS1, STEVAL-SMARTAG2, STEVAL-STWINBX1, STM320518-EVAL, STM32C0116-DK, STM32C011D6Y3TR, STM32C011D6Y6TR, STM32C011F4P3, STM32C011F4P6, STM32C011F4U3, STM32C011F4U6TR, STM32C011F6P3, STM32C011F6P6, STM32C011F6U3, STM32C011F6U6TR, STM32C011J4M3, STM32C011J4M6, STM32C011J6M3, STM32C011J6M6, STM32C0316-DK, STM32C031C4T3, STM32C031C4T6, STM32C031C4U3, STM32C031C4U6, STM32C031C6T3, STM32C031C6T6, STM32C031C6U3, STM32C031C6U6, STM32C031F4P3, STM32C031F4P6, STM32C031F6P3, STM32C031F6P6, STM32C031G4U3, STM32C031G4U6, STM32C031G6U3, STM32C031G6U6, STM32C031K4T3, STM32C031K4T6, STM32C031K4U3, STM32C031K4U6, STM32C031K6T3, STM32C031K6T6, STM32C031K6U3, STM32C031K6U6, STM32C051C6T6, STM32C051C6U6, STM32C051C8T6, STM32C051C8U6, STM32C051D8Y6TR, STM32C051F6P6, STM32C051F8P6, STM32C051G6U6, STM32C051G8U6, STM32C051K6T6, STM32C051K6U6, STM32C051K8T6, STM32C071C8T6, STM32C071C8T6N, STM32C071C8U6, STM32C071C8U6N, STM32C071CBT6, STM32C071CBT6N, STM32C071CBU6, STM32C071CBU6N, STM32C071F8P6, STM32C071F8P6N, STM32C071FBP6, STM32C071FBP6N, STM32C071FBY6TR, STM32C071G8U6, STM32C071G8U6N, STM32C071GBU6, STM32C071GBU6N, STM32C071K8T6, STM32C071K8T6N, STM32C071K8U6, STM32C071K8U6N, STM32C071KBT6, STM32C071KBT6N, STM32C071KBU6, STM32C071KBU6N, STM32C071R8T6, STM32C071R8T6N, STM32C071RBI6N, STM32C071RBT6, STM32C071RBT6N, STM32C091CBT6, STM32C091CBU6, STM32C091CCT6, STM32C091CCU6, STM32C091ECY6TR, STM32C091FBP6, STM32C091FCP6, STM32C091GBU6, STM32C091GCU6, STM32C091KBT6, STM32C091KBU6, STM32C091KCT6, STM32C091KCU6, STM32C091RBT6, STM32C091RCI6, STM32C091RCT6, STM32C092CBT6, STM32C092CBU6, STM32C092CCT6, STM32C092CCU6, STM32C092ECY6TR, STM32C092FBP6, STM32C092FCP6, STM32C092GBU6, STM32C092GCU6, STM32C092KBT6, STM32C092KBU6, STM32C092KCT6, STM32C092KCU6, STM32C092RBT6, STM32C092RCI6, STM32C092RCT6, STM32G071K8TXN, STM32G071K8UXN, STM32G081GBU6N, STM32G081KBT6N, STM32G081KBUXN, STM32G0B1CCT6N, STM32G0B1KCT6, STM32G0B1NEY6TR, STM32G0B1RCT6N, STM32G0C1CCT6, STM32G0C1CCT6N, STM32G0C1CCU6N, STM32G0C1CET6N, STM32G0C1CEU6N, STM32G0C1KCT6, STM32G0C1NEY6TR, STM32G0C1RCI6N, STM32G0C1RCT6N, STM32G0C1REI6N, STM32G0C1RET6N, STM32G0C1VCI6, STM32G0C1VEI6, STM32G411C6T3, STM32G411C6T6, STM32G411C6U3, STM32G411C6U6, STM32G411C8T3, STM32G411C8T6, STM32G411C8U3, STM32G411C8U6, STM32G411CBT3, STM32G411CBT6, STM32G411CBU3, STM32G411CBU6, STM32G411K6T3, STM32G411K6T6, STM32G411K6U3, STM32G411K6U6, STM32G411K8T3, STM32G411K8T6, STM32G411K8U3, STM32G411K8U6, STM32G411KBT3, STM32G411KBT6, STM32G411KBU3, STM32G411KBU6, STM32G411M6T3, STM32G411M6T6, STM32G411M8T3, STM32G411M8T6, STM32G411MBT3, STM32G411MBT6, STM32G411R6T3, STM32G411R6T6, STM32G411R8T3, STM32G411R8T6, STM32G411RBT3, STM32G411RBT6, STM32G414CBT3, STM32G414CBT6, STM32G414CBU3, STM32G414CBU6, STM32G414CCT3, STM32G414CCT6, STM32G414CCU3, STM32G414CCU6, STM32G414MBT3, STM32G414MBT6, STM32G414MCT3, STM32G414MCT6, STM32G414RBT3, STM32G414RBT6, STM32G414RCT3, STM32G414RCT6, STM32G414VBT3, STM32G414VBT6, STM32G414VCT3, STM32G414VCT6, STM32G431CBT3Z, STM32G431RBT3Z, STM32G471CCT6, STM32G471CCU6, STM32G471CET3, STM32G471CET6, STM32G471CEU3, STM32G471CEU6, STM32G471MCT6, STM32G471MET3, STM32G471MET6, STM32G471MEY6TR, STM32G471QCT6, STM32G471QET3, STM32G471RCT6, STM32G471RET3, STM32G471RET6, STM32G471VCH6, STM32G471VCI6, STM32G471VCT6, STM32G471VEH3, STM32G471VEH6, STM32G471VEI3, STM32G471VEI6, STM32G471VET3, STM32G471VET6, STM32G473QET3Z, STM32G473RET3Z, STM32G474CCT6, STM32G491RET3Z, STM32H503CBT6, STM32H503CBU6, STM32H503EBY6TR, STM32H503KBU6, STM32H503RBT6, STM32H523CCT6, STM32H523CCU6, STM32H523CET6, STM32H523CEU6, STM32H523HEY6TR, STM32H523RCT6, STM32H523RET6, STM32H523VCI6, STM32H523VCT6, STM32H523VEI6, STM32H523VET6, STM32H523ZCJ6, STM32H523ZCT6, STM32H523ZEJ6, STM32H523ZET6, STM32H533CET6, STM32H533CEU6, STM32H533HEY6TR, STM32H533RET6, STM32H533VEI6, STM32H533VET6, STM32H533ZEJ6, STM32H533ZET6, STM32H562AGI6, STM32H562AII6, STM32H562IGK6, STM32H562IGT6, STM32H562IIK6, STM32H562IIT6, STM32H562RGT6, STM32H562RGV6, STM32H562RIT6, STM32H562RIV6, STM32H562VGT6, STM32H562VIT6, STM32H562ZGT6, STM32H562ZIT6, STM32H563AGI6, STM32H563AII3Q, STM32H563AII6, STM32H563IGK6, STM32H563IGT6, STM32H563IIK3Q, STM32H563IIK6, STM32H563IIT3Q, STM32H563IIT6, STM32H563MIY3QTR, STM32H563RGT6, STM32H563RGV6, STM32H563RIT6, STM32H563RIV6, STM32H563VGT6, STM32H563VIT3Q, STM32H563VIT6, STM32H563ZGT6, STM32H563ZIT3Q, STM32H563ZIT6, STM32H573AII3Q, STM32H573AII6, STM32H573I-DK, STM32H573IIK3Q, STM32H573IIK6, STM32H573IIT3Q, STM32H573IIT6, STM32H573MIY3QTR, STM32H573RIT6, STM32H573RIV6, STM32H573VIT3Q, STM32H573VIT6, STM32H573ZIT3Q, STM32H573ZIT6, STM32H7R3A8I6, STM32H7R3I8K6, STM32H7R3I8T6, STM32H7R3L8H6, STM32H7R3L8H6H, STM32H7R3R8V6, STM32H7R3V8H6, STM32H7R3V8T6, STM32H7R3V8Y6TR, STM32H7R3Z8J6, STM32H7R3Z8T6, STM32H7R7A8I6, STM32H7R7I8K6, STM32H7R7I8T6, STM32H7R7L8H6, STM32H7R7L8H6H, STM32H7R7Z8J6, STM32H7S3A8I6, STM32H7S3I8K6, STM32H7S3I8T6, STM32H7S3L8H6, STM32H7S3L8H6H, STM32H7S3R8V6, STM32H7S3V8H6, STM32H7S3V8T6, STM32H7S3V8Y6TR, STM32H7S3Z8J6, STM32H7S3Z8T6, STM32H7S78-DK, STM32H7S7A8I6, STM32H7S7I8K6, STM32H7S7I8T6, STM32H7S7L8H6, STM32H7S7L8H6H, STM32H7S7Z8J6, STM32L4R5QGI6STR, STM32MP131AAE3, STM32MP131AAF3, STM32MP131AAG3, STM32MP131CAE3, STM32MP131CAF3, STM32MP131CAG3, STM32MP131DAE7, STM32MP131DAF7, STM32MP131DAG7, STM32MP131FAE7, STM32MP131FAF7, STM32MP131FAG7, STM32MP133AAE3, STM32MP133AAF3, STM32MP133AAG3, STM32MP133CAE3, STM32MP133CAF3, STM32MP133CAG3, STM32MP133DAE7, STM32MP133DAF7, STM32MP133DAG7, STM32MP133FAE7, STM32MP133FAF7, STM32MP133FAG7, STM32MP135AAE3, STM32MP135AAF3, STM32MP135AAG3, STM32MP135CAE3, STM32MP135CAF3, STM32MP135CAG3, STM32MP135DAE7, STM32MP135DAF7, STM32MP135DAG7, STM32MP135F-DK, STM32MP135FAE7, STM32MP135FAF7, STM32MP135FAF7T, STM32MP135FAF7U, STM32MP135FAG7, STM32MP211AAL3, STM32MP211AAM3, STM32MP211AAN3, STM32MP211AAO3, STM32MP211CAL3, STM32MP211CAM3, STM32MP211CAN3, STM32MP211CAO3, STM32MP211DAL3, STM32MP211DAM3, STM32MP211DAN3, STM32MP211DAO3, STM32MP211FAL3, STM32MP211FAM3, STM32MP211FAN3, STM32MP211FAO3, STM32MP213AAL3, STM32MP213AAM3, STM32MP213AAN3, STM32MP213AAO3, STM32MP213CAL3, STM32MP213CAM3, STM32MP213CAN3, STM32MP213CAO3, STM32MP213DAL3, STM32MP213DAM3, STM32MP213DAN3, STM32MP213DAO3, STM32MP213FAL3, STM32MP213FAM3, STM32MP213FAN3, STM32MP213FAO3, STM32MP215AAL3, STM32MP215AAM3, STM32MP215AAN3, STM32MP215AAO3, STM32MP215CAL3, STM32MP215CAM3, STM32MP215CAN3, STM32MP215CAO3, STM32MP215DAL3, STM32MP215DAM3, STM32MP215DAN3, STM32MP215DAO3, STM32MP215F-DK, STM32MP215FAL3, STM32MP215FAM3, STM32MP215FAN3, STM32MP215FAO3, STM32MP231AAJ3, STM32MP231AAK3, STM32MP231AAL3, STM32MP231CAJ3, STM32MP231CAK3, STM32MP231CAL3, STM32MP231DAJ3, STM32MP231DAK3, STM32MP231DAL3, STM32MP231FAJ3, STM32MP231FAK3, STM32MP231FAL3, STM32MP233AAJ3, STM32MP233AAK3, STM32MP233AAL3, STM32MP233CAJ3, STM32MP233CAK3, STM32MP233CAL3, STM32MP233DAJ3, STM32MP233DAK3, STM32MP233DAL3, STM32MP233FAJ3, STM32MP233FAK3, STM32MP233FAL3, STM32MP235AAJ3, STM32MP235AAK3, STM32MP235AAL3, STM32MP235CAJ3, STM32MP235CAK3, STM32MP235CAL3, STM32MP235DAJ3, STM32MP235DAK3, STM32MP235DAL3, STM32MP235FAJ3, STM32MP235FAK3, STM32MP235FAL3, STM32MP251AAI3, STM32MP251AAK3, STM32MP251AAL3, STM32MP251CAI3, STM32MP251CAK3, STM32MP251CAL3, STM32MP251DAI3, STM32MP251DAK3, STM32MP251DAL3, STM32MP251FAI3, STM32MP251FAK3, STM32MP251FAL3, STM32MP253AAI3, STM32MP253AAK3, STM32MP253AAL3, STM32MP253CAI3, STM32MP253CAK3, STM32MP253CAL3, STM32MP253DAI3, STM32MP253DAK3, STM32MP253DAL3, STM32MP253FAI3, STM32MP253FAK3, STM32MP253FAL3, STM32MP255AAI3, STM32MP255AAK3, STM32MP255AAL3, STM32MP255CAI3, STM32MP255CAK3, STM32MP255CAL3, STM32MP255DAI3, STM32MP255DAK3, STM32MP255DAL3, STM32MP255FAI3, STM32MP255FAK3, STM32MP255FAL3, STM32MP257AAI3, STM32MP257AAK3, STM32MP257AAL3, STM32MP257CAI3, STM32MP257CAK3, STM32MP257CAL3, STM32MP257DAI3, STM32MP257DAK3, STM32MP257DAL3, STM32MP257F-DK, STM32MP257F-EV1, STM32MP257FAI3, STM32MP257FAK3, STM32MP257FAL3, STM32N645A0H3Q, STM32N645B0H3Q, STM32N645I0H3Q, STM32N645L0H3Q, STM32N645X0H3Q, STM32N645Z0H3Q, STM32N647A0H3Q, STM32N647B0H3Q, STM32N647I0H3Q, STM32N647L0H3Q, STM32N647X0H3Q, STM32N647Z0H3Q, STM32N655A0H3Q, STM32N655B0H3Q, STM32N655I0H3Q, STM32N655L0H3Q, STM32N655X0H3Q, STM32N655Z0H3Q, STM32N6570-DK, STM32N657A0H3Q, STM32N657B0H3Q, STM32N657I0H3Q, STM32N657L0H3Q, STM32N657X0H3Q, STM32N657Z0H3Q, STM32U031C6T6, STM32U031C6U6, STM32U031C8T6, STM32U031C8U6, STM32U031F4P6, STM32U031F6P6, STM32U031F8P6, STM32U031G6Y6TR, STM32U031G8Y6TR, STM32U031K4U6, STM32U031K6U6, STM32U031K8U6, STM32U031R6I6, STM32U031R6T6, STM32U031R8I6, STM32U031R8T6, STM32U073C8T6, STM32U073C8U6, STM32U073CBT6, STM32U073CBU6, STM32U073CCT6, STM32U073CCU6, STM32U073H8Y6TR, STM32U073HBY6TR, STM32U073HCY6TR, STM32U073K8U6, STM32U073KBU6, STM32U073KCU6, STM32U073M8I6, STM32U073M8T6, STM32U073MBI6, STM32U073MBT6, STM32U073MCI6, STM32U073MCT6, STM32U073R8I6, STM32U073R8T6, STM32U073RBI6, STM32U073RBT6, STM32U073RCI6, STM32U073RCT6, STM32U083C-DK, STM32U083CCT6, STM32U083CCU6, STM32U083HCY6TR, STM32U083KCU6, STM32U083MCI6, STM32U083MCT6, STM32U083RCI6, STM32U083RCT6, STM32U375CET6, STM32U375CET6Q, STM32U375CEU6, STM32U375CEU6Q, STM32U375CEY6QTR, STM32U375CGT6, STM32U375CGT6Q, STM32U375CGU6, STM32U375CGU6Q, STM32U375CGY6QTR, STM32U375KEU6, STM32U375KGU6, STM32U375REI6, STM32U375REI6Q, STM32U375RET6, STM32U375RET6Q, STM32U375REY6GTR, STM32U375REY6QTR, STM32U375RGI6, STM32U375RGI6Q, STM32U375RGT6, STM32U375RGT6Q, STM32U375RGY6GTR, STM32U375RGY6QTR, STM32U375VEI6, STM32U375VEI6Q, STM32U375VET6, STM32U375VET6Q, STM32U375VGI6, STM32U375VGI6Q, STM32U375VGT6, STM32U375VGT6Q, STM32U385CGT6, STM32U385CGT6Q, STM32U385CGU6, STM32U385CGU6Q, STM32U385CGY6QTR, STM32U385KGU6, STM32U385RGI6, STM32U385RGI6Q, STM32U385RGT6, STM32U385RGT6Q, STM32U385RGY6GTR, STM32U385RGY6QTR, STM32U385VGI6, STM32U385VGI6Q, STM32U385VGT6, STM32U385VGT6Q, STM32U535CBT6, STM32U535CBT6Q, STM32U535CBU6, STM32U535CBU6Q, STM32U535CCT6, STM32U535CCT6Q, STM32U535CCU6, STM32U535CCU6Q, STM32U535CET6, STM32U535CET6Q, STM32U535CEU6, STM32U535CEU6Q, STM32U535JEY6QTR, STM32U535NCY6QTR, STM32U535NEY6QTR, STM32U535RBI6, STM32U535RBI6Q, STM32U535RBT6, STM32U535RBT6Q, STM32U535RCI6, STM32U535RCI6Q, STM32U535RCT6, STM32U535RCT6Q, STM32U535REI6, STM32U535REI6Q, STM32U535RET6, STM32U535RET6Q, STM32U535VCI6, STM32U535VCI6Q, STM32U535VCT6, STM32U535VCT6Q, STM32U535VEI6, STM32U535VEI6Q, STM32U535VET6, STM32U535VET6Q, STM32U545CET6, STM32U545CET6Q, STM32U545CEU6, STM32U545CEU6Q, STM32U545JEY6QTR, STM32U545NEY6QTR, STM32U545REI6, STM32U545REI6Q, STM32U545RET6, STM32U545RET6Q, STM32U545VEI6, STM32U545VEI6Q, STM32U545VET6, STM32U545VET6Q, STM32U595AIH6, STM32U595AIH6Q, STM32U595AJH6, STM32U595AJH6Q, STM32U595QII6, STM32U595QII6Q, STM32U595QJI6, STM32U595QJI6Q, STM32U595RIT6, STM32U595RIT6Q, STM32U595RJT6, STM32U595RJT6Q, STM32U595VIT6, STM32U595VIT6Q, STM32U595VJT6, STM32U595VJT6Q, STM32U595ZIT6, STM32U595ZIT6Q, STM32U595ZIY6QTR, STM32U595ZJT6, STM32U595ZJT6Q, STM32U595ZJY6QTR, STM32U599BJY6QTR, STM32U599NIH6Q, STM32U599NJH6Q, STM32U599VIT6Q, STM32U599VJT6, STM32U599VJT6Q, STM32U599ZIT6Q, STM32U599ZIY6QTR, STM32U599ZJT6Q, STM32U599ZJY6QTR, STM32U5A5AJH6, STM32U5A5AJH6Q, STM32U5A5QII3Q , STM32U5A5QJI6, STM32U5A5QJI6Q, STM32U5A5RJT6, STM32U5A5RJT6Q, STM32U5A5VJT6, STM32U5A5VJT6Q, STM32U5A5ZJT6, STM32U5A5ZJT6Q, STM32U5A5ZJY6QTR, STM32U5A9BJY6QTR, STM32U5A9J-DK, STM32U5A9NJH6Q, STM32U5A9VJT6Q, STM32U5A9ZJT6Q, STM32U5A9ZJY6QTR, STM32U5F7VIT6, STM32U5F7VIT6Q, STM32U5F7VJT6, STM32U5F7VJT6Q, STM32U5F9BJY6QTR, STM32U5F9NJH6Q, STM32U5F9VIT6Q, STM32U5F9VJT6Q, STM32U5F9ZIJ6QTR, STM32U5F9ZIT6Q, STM32U5F9ZJJ6QTR, STM32U5F9ZJT6Q, STM32U5G7VJT6, STM32U5G7VJT6Q, STM32U5G9BJY6QTR, STM32U5G9J-DK1, STM32U5G9J-DK2, STM32U5G9NJH6Q, STM32U5G9VJT6Q, STM32U5G9ZJJ6QTR, STM32U5G9ZJT6Q, STM32WB05KZV6TR, STM32WB05KZV7TR, STM32WB05TZF6TR, STM32WB05TZF7TR, STM32WB06CCF6TR, STM32WB06CCF7TR, STM32WB06CCV6TR, STM32WB06CCV7TR, STM32WB06KCV6TR, STM32WB06KCV7TR, STM32WB07CCF6TR, STM32WB07CCF7TR, STM32WB07CCV6TR, STM32WB07CCV7TR, STM32WB07KCV6TR, STM32WB07KCV7TR, STM32WB09KEV6TR, STM32WB09KEV7TR, STM32WB09TEF6TR, STM32WB09TEF7TR, STM32WB1MMCH6, STM32WBA50KGU6, STM32WBA50KGU6TR, STM32WBA52CEU6, STM32WBA52CEU6TR, STM32WBA52CEU7, STM32WBA52CEU7TR, STM32WBA52CGU6, STM32WBA52CGU6TR, STM32WBA52CGU6U, STM32WBA52CGU7, STM32WBA52CGU7TR, STM32WBA52KEU6, STM32WBA52KEU6TR, STM32WBA52KGU6, STM32WBA52KGU6TR, STM32WBA54CEU6, STM32WBA54CEU6TR, STM32WBA54CEU7, STM32WBA54CEU7TR, STM32WBA54CGU6, STM32WBA54CGU6TR, STM32WBA54CGU7, STM32WBA54CGU7TR, STM32WBA54KEU6, STM32WBA54KEU6TR, STM32WBA54KEU7, STM32WBA54KEU7TR, STM32WBA54KGU6, STM32WBA54KGU6TR, STM32WBA54KGU7, STM32WBA54KGU7TR, STM32WBA55CEU6, STM32WBA55CEU6TR, STM32WBA55CEU7, STM32WBA55CEU7TR, STM32WBA55CGU6, STM32WBA55CGU6TR, STM32WBA55CGU6U, STM32WBA55CGU7, STM32WBA55CGU7TR, STM32WBA55G-DK1, STM32WBA55HEF6, STM32WBA55HEF7, STM32WBA55HGF6, STM32WBA55HGF7, STM32WBA55UEI6, STM32WBA55UEI6TR, STM32WBA55UEI7, STM32WBA55UEI7TR, STM32WBA55UGI6, STM32WBA55UGI6TR, STM32WBA55UGI7, STM32WBA55UGI7TR, STM32WBA5MMGH6TR, STM32WBA62MGF6, STM32WBA62MIF6, STM32WBA65MGF7, STM32WBA65MIF6, STM32WBA65MIF7, STM32WL30K8V6, STM32WL30KBV6, STM32WL31C8V6, STM32WL31CBV6, STM32WL31K8V6, STM32WL31KBV6, STM32WL33C8V6, STM32WL33C8V6X, STM32WL33CBV6, STM32WL33CBV6X, STM32WL33CCV6, STM32WL33CCV6A, STM32WL33CCV6X, STM32WL33K8V7, STM32WL33K8V7X, STM32WL33KBV7 , STM32WL33KBV7X, STM32WL33KCV7, STM32WL33KCV7X, STM32WL5MOCH6, STM32WL5MOCH6TR]
2026-01-16 09:43:18,527 [INFO] DbMcus:218 - Found 4876 MCUs, 4876 are supported
2026-01-16 09:43:18,527 [INFO] ApiDb:423 - Load user favorites file C:\Users\Chinnapop/.stm32cubeide/favorites.mcus.txt: 0 item(s)
2026-01-16 09:43:18,527 [INFO] ApiDb:427 - User favorites MCUs=[]
2026-01-16 09:43:18,527 [INFO] DbMcus:224 - Set 0 / 0 favorites MCUs
2026-01-16 09:43:19,144 [INFO] BoardInfo:889 - No configuration file found for board P-NUCLEO-WB55
2026-01-16 09:43:19,146 [INFO] DbBoards:161 - Kit is not supported: P-NUCLEO-WB55
2026-01-16 09:43:19,152 [INFO] BoardInfo:889 - No configuration file found for board STEVAL-BFA001V1B
2026-01-16 09:43:19,154 [INFO] DbBoards:161 - Kit is not supported: STEVAL-BFA001V1B
2026-01-16 09:43:19,155 [INFO] BoardInfo:889 - No configuration file found for board STEVAL-BFA001V2B
2026-01-16 09:43:19,156 [INFO] DbBoards:161 - Kit is not supported: STEVAL-BFA001V2B
2026-01-16 09:43:19,402 [INFO] DbBoards:168 - Found 212 boards, 209 are supported
2026-01-16 09:43:19,402 [INFO] DbBoards:169 - Found 212 boards, 43 of them is supported for  Bsp
2026-01-16 09:43:19,408 [INFO] ApiDb:423 - Load user favorites file C:\Users\Chinnapop/.stm32cubeide/favorites.boards.txt: 0 item(s)
2026-01-16 09:43:19,409 [INFO] ApiDb:427 - User favorites Boards=[]
2026-01-16 09:43:19,409 [INFO] DbBoards:198 - Set 0 / 0 favorites Boards
2026-01-16 09:43:19,499 [INFO] UtilMem:75 - End LoadConfig() Used Memory: 733144720 Bytes (1073741824)
2026-01-16 09:43:19,651 [WARN] ThirdParty:833 - waiting for thirdparty lock release [change project]
2026-01-16 09:43:19,651 [INFO] ThirdParty:835 - entering critical section [change project]
2026-01-16 09:43:19,652 [INFO] ThirdParty:1030 - CMSIS Pack Vendor :STMicroelectronics X-CUBE-PM33A1 1.0.0
2026-01-16 09:43:19,652 [INFO] ThirdParty:1030 - CMSIS Pack Vendor :STMicroelectronics USBPD 4.1
2026-01-16 09:43:19,652 [INFO] ThirdParty:1030 - CMSIS Pack Vendor :STMicroelectronics USB_HOST 2.0.0
2026-01-16 09:43:19,652 [INFO] ThirdParty:1030 - CMSIS Pack Vendor :STMicroelectronics FP-SNS-MOTENVWB1 1.4.0
2026-01-16 09:43:19,652 [INFO] ThirdParty:1030 - CMSIS Pack Vendor :STMicroelectronics X-CUBE-AZRTOS-F4 1.1.0
2026-01-16 09:43:19,652 [INFO] ThirdParty:1030 - CMSIS Pack Vendor :STMicroelectronics LIBJPEG 8.0.0
2026-01-16 09:43:19,652 [INFO] ThirdParty:1030 - CMSIS Pack Vendor :STMicroelectronics FP-ATR-ASTRA1 2.0.2
2026-01-16 09:43:19,652 [INFO] ThirdParty:1030 - CMSIS Pack Vendor :STMicroelectronics FP-ATR-ASTRA1 2.0.1
2026-01-16 09:43:19,652 [INFO] ThirdParty:1030 - CMSIS Pack Vendor :Avnet-IotConnect X-CUBE-IoTC-DA16k-PMOD 1.0.0
2026-01-16 09:43:19,652 [INFO] ThirdParty:1030 - CMSIS Pack Vendor :STMicroelectronics X-CUBE-SMBUS 2.1.0
2026-01-16 09:43:19,652 [INFO] ThirdParty:1030 - CMSIS Pack Vendor :STMicroelectronics X-CUBE-WB05N 1.1.0
2026-01-16 09:43:19,652 [INFO] ThirdParty:1030 - CMSIS Pack Vendor :STMicroelectronics X-CUBE-ISPU 2.1.0
2026-01-16 09:43:19,652 [INFO] ThirdParty:1030 - CMSIS Pack Vendor :STMicroelectronics X-CUBE-IPS 3.2.0
2026-01-16 09:43:19,652 [INFO] ThirdParty:1030 - CMSIS Pack Vendor :STMicroelectronics X-CUBE-FREERTOS 1.2.0
2026-01-16 09:43:19,652 [INFO] ThirdParty:1030 - CMSIS Pack Vendor :STMicroelectronics X-CUBE-ST60 1.0.0
2026-01-16 09:43:19,652 [INFO] ThirdParty:1030 - CMSIS Pack Vendor :STMicroelectronics X-CUBE-NFC12 1.0.0
2026-01-16 09:43:19,652 [INFO] ThirdParty:1030 - CMSIS Pack Vendor :STMicroelectronics X-CUBE-AZRTOS-F7 1.1.0
2026-01-16 09:43:19,652 [INFO] ThirdParty:1030 - CMSIS Pack Vendor :STMicroelectronics X-CUBE-AZRTOS-L5 2.0.0
2026-01-16 09:43:19,652 [INFO] ThirdParty:1030 - CMSIS Pack Vendor :STMicroelectronics USB_DEVICE 2.0.0
2026-01-16 09:43:19,652 [INFO] ThirdParty:1030 - CMSIS Pack Vendor :STMicroelectronics X-CUBE-NFC6 3.1.0
2026-01-16 09:43:19,652 [INFO] ThirdParty:1030 - CMSIS Pack Vendor :STMicroelectronics X-CUBE-MEMS1 11.0.0
2026-01-16 09:43:19,652 [INFO] ThirdParty:1030 - CMSIS Pack Vendor :STMicroelectronics FP-SNS-MOTENV1 5.1.0
2026-01-16 09:43:19,652 [INFO] ThirdParty:1030 - CMSIS Pack Vendor :STMicroelectronics FreeRTOS 0.0.1
2026-01-16 09:43:19,652 [INFO] ThirdParty:1030 - CMSIS Pack Vendor :STMicroelectronics X-CUBE-DPower 1.2.0
2026-01-16 09:43:19,652 [INFO] ThirdParty:1030 - CMSIS Pack Vendor :STMicroelectronics FP-SNS-FLIGHT1 5.0.2
2026-01-16 09:43:19,652 [INFO] ThirdParty:1030 - CMSIS Pack Vendor :STMicroelectronics PDM2PCM 3.3.0
2026-01-16 09:43:19,653 [INFO] ThirdParty:1030 - CMSIS Pack Vendor :STMicroelectronics X-CUBE-AZRTOS-H7 3.4.0
2026-01-16 09:43:19,653 [INFO] ThirdParty:1030 - CMSIS Pack Vendor :STMicroelectronics X-CUBE-DISPLAY 3.0.0
2026-01-16 09:43:19,653 [INFO] ThirdParty:1030 - CMSIS Pack Vendor :STMicroelectronics X-CUBE-BLE1 7.0.0
2026-01-16 09:43:19,653 [INFO] ThirdParty:1030 - CMSIS Pack Vendor :STMicroelectronics X-CUBE-NFC10 1.0.0
2026-01-16 09:43:19,653 [INFO] ThirdParty:1030 - CMSIS Pack Vendor :STMicroelectronics X-CUBE-BLEMGR 4.0.0
2026-01-16 09:43:19,653 [INFO] ThirdParty:1030 - CMSIS Pack Vendor :STMicroelectronics X-CUBE-FREERTOS 1.3.1
2026-01-16 09:43:19,653 [INFO] ThirdParty:1030 - CMSIS Pack Vendor :STMicroelectronics HAL Drivers 0.0.0
2026-01-16 09:43:19,653 [INFO] ThirdParty:1030 - CMSIS Pack Vendor :STMicroelectronics X-CUBE-ST60 1.1.0
2026-01-16 09:43:19,653 [INFO] ThirdParty:1030 - CMSIS Pack Vendor :emotas I-CUBE-CANOPEN 1.3.0
2026-01-16 09:43:19,653 [INFO] ThirdParty:1030 - CMSIS Pack Vendor :STMicroelectronics X-CUBE-FREERTOS 1.3.0
2026-01-16 09:43:19,653 [INFO] ThirdParty:1030 - CMSIS Pack Vendor :STMicroelectronics X-CUBE-NFC7 1.0.1
2026-01-16 09:43:19,653 [INFO] ThirdParty:1030 - CMSIS Pack Vendor :STMicroelectronics MBEDTLS 2.14.1
2026-01-16 09:43:19,653 [INFO] ThirdParty:1030 - CMSIS Pack Vendor :STMicroelectronics X-CUBE-GNSS1 7.1.0
2026-01-16 09:43:19,653 [INFO] ThirdParty:1030 - CMSIS Pack Vendor :STMicroelectronics X-CUBE-TOUCHGFX 4.26.0
2026-01-16 09:43:19,653 [INFO] ThirdParty:1030 - CMSIS Pack Vendor :STMicroelectronics X-CUBE-BLEMGR 3.1.0
2026-01-16 09:43:19,653 [INFO] ThirdParty:1030 - CMSIS Pack Vendor :STMicroelectronics X-CUBE-AI 10.0.0
2026-01-16 09:43:19,653 [INFO] ThirdParty:1030 - CMSIS Pack Vendor :STMicroelectronics FP-SNS-STBOX1 2.1.0
2026-01-16 09:43:19,654 [INFO] ThirdParty:1030 - CMSIS Pack Vendor :STMicroelectronics FP-SNS-STAIOTCFT 1.0.0
2026-01-16 09:43:19,654 [INFO] ThirdParty:1030 - CMSIS Pack Vendor :STMicroelectronics FP-SNS-SMARTAG2 1.2.0
2026-01-16 09:43:19,654 [INFO] ThirdParty:1030 - CMSIS Pack Vendor :STMicroelectronics FP-SNS-FLIGHT1 5.1.0
2026-01-16 09:43:19,654 [INFO] ThirdParty:1030 - CMSIS Pack Vendor :STMicroelectronics X-CUBE-MEMS1 11.1.0
2026-01-16 09:43:19,654 [INFO] ThirdParty:1030 - CMSIS Pack Vendor :STMicroelectronics X-CUBE-AZRTOS-WL 2.0.0
2026-01-16 09:43:19,654 [INFO] ThirdParty:1030 - CMSIS Pack Vendor :STMicroelectronics X-CUBE-DPower 1.3.0
2026-01-16 09:43:19,654 [INFO] ThirdParty:1030 - CMSIS Pack Vendor :STMicroelectronics FP-SNS-MOTENV1 5.0.0
2026-01-16 09:43:19,654 [INFO] ThirdParty:1030 - CMSIS Pack Vendor :STMicroelectronics USB_DEVICE 1.0.0
2026-01-16 09:43:19,654 [INFO] ThirdParty:1030 - CMSIS Pack Vendor :STMicroelectronics X-CUBE-AZRTOS-H7RS 1.2.0
2026-01-16 09:43:19,655 [INFO] ThirdParty:1030 - CMSIS Pack Vendor :wolfSSL I-CUBE-wolfMQTT 1.19.0
2026-01-16 09:43:19,655 [INFO] ThirdParty:1030 - CMSIS Pack Vendor :STMicroelectronics X-CUBE-AZRTOS-L4 2.0.0
2026-01-16 09:43:19,655 [INFO] ThirdParty:1030 - CMSIS Pack Vendor :STMicroelectronics ThreadX 0.0.2
2026-01-16 09:43:19,655 [INFO] ThirdParty:1030 - CMSIS Pack Vendor :WES I-CUBE-Cesium 1.3.0
2026-01-16 09:43:19,655 [INFO] ThirdParty:1030 - CMSIS Pack Vendor :STMicroelectronics lwIP 2.1.2
2026-01-16 09:43:19,655 [INFO] ThirdParty:1030 - CMSIS Pack Vendor :STMicroelectronics X-CUBE-SFXS2LP1 4.0.0
2026-01-16 09:43:19,655 [INFO] ThirdParty:1030 - CMSIS Pack Vendor :STMicroelectronics X-CUBE-BLE2 3.3.0
2026-01-16 09:43:19,655 [INFO] ThirdParty:1030 - CMSIS Pack Vendor :STMicroelectronics PDM2PCM 3.2.0
2026-01-16 09:43:19,655 [INFO] ThirdParty:1030 - CMSIS Pack Vendor :STMicroelectronics X-CUBE-AZRTOS-H7 3.3.0
2026-01-16 09:43:19,655 [INFO] ThirdParty:1030 - CMSIS Pack Vendor :STMicroelectronics X-CUBE-NFC9 1.0.0
2026-01-16 09:43:19,655 [INFO] ThirdParty:1030 - CMSIS Pack Vendor :STMicroelectronics X-CUBE-BLE1 7.1.0
2026-01-16 09:43:19,655 [INFO] ThirdParty:1030 - CMSIS Pack Vendor :STMicroelectronics USB_DEVICE 3.0.0
2026-01-16 09:43:19,655 [INFO] ThirdParty:1030 - CMSIS Pack Vendor :STMicroelectronics X-CUBE-TCPP 4.1.0
2026-01-16 09:43:19,655 [INFO] ThirdParty:1030 - CMSIS Pack Vendor :STMicroelectronics X-CUBE-FREERTOS 1.4.0
2026-01-16 09:43:19,655 [INFO] ThirdParty:1030 - CMSIS Pack Vendor :STMicroelectronics X-CUBE-EEPRMA1 5.2.0
2026-01-16 09:43:19,655 [INFO] ThirdParty:1030 - CMSIS Pack Vendor :STMicroelectronics X-CUBE-BLEMGR 4.1.0
2026-01-16 09:43:19,655 [INFO] ThirdParty:1030 - CMSIS Pack Vendor :STMicroelectronics X-CUBE-IPS 3.0.0
2026-01-16 09:43:19,655 [INFO] ThirdParty:1030 - CMSIS Pack Vendor :STMicroelectronics X-CUBE-AZRTOS-WB 2.0.0
2026-01-16 09:43:19,655 [INFO] ThirdParty:1030 - CMSIS Pack Vendor :STMicroelectronics X-CUBE-GNSS1 7.0.0
2026-01-16 09:43:19,655 [INFO] ThirdParty:1030 - CMSIS Pack Vendor :STMicroelectronics X-CUBE-GNSS1 7.0.1
2026-01-16 09:43:19,655 [INFO] ThirdParty:1030 - CMSIS Pack Vendor :STMicroelectronics X-CUBE-TOUCHGFX 4.25.0
2026-01-16 09:43:19,655 [INFO] ThirdParty:1030 - CMSIS Pack Vendor :STMicroelectronics X-CUBE-ST67W61 1.1.0
2026-01-16 09:43:19,655 [INFO] ThirdParty:1030 - CMSIS Pack Vendor :STMicroelectronics X-CUBE-AI 10.1.0
2026-01-16 09:43:19,655 [INFO] ThirdParty:1030 - CMSIS Pack Vendor :STMicroelectronics FP-SNS-STBOX1 2.0.0
2026-01-16 09:43:19,655 [INFO] ThirdParty:1030 - CMSIS Pack Vendor :STMicroelectronics X-CUBE-MEMS1 12.0.0
2026-01-16 09:43:19,655 [INFO] ThirdParty:1030 - CMSIS Pack Vendor :STMicroelectronics X-CUBE-MEMS1 11.2.0
2026-01-16 09:43:19,655 [INFO] ThirdParty:1030 - CMSIS Pack Vendor :STMicroelectronics X-CUBE-AZRTOS-G0 1.1.0
2026-01-16 09:43:19,655 [INFO] ThirdParty:1030 - CMSIS Pack Vendor :STMicroelectronics X-CUBE-SAFEA1 1.2.2
2026-01-16 09:43:19,655 [INFO] ThirdParty:1030 - CMSIS Pack Vendor :STMicroelectronics X-CUBE-NFC4 3.0.0
2026-01-16 09:43:19,655 [INFO] ThirdParty:1030 - CMSIS Pack Vendor :STMicroelectronics X-CUBE-SUBG2 5.0.0
2026-01-16 09:43:19,655 [INFO] ThirdParty:1030 - CMSIS Pack Vendor :STMicroelectronics X-CUBE-AZRTOS-H7RS 1.1.0
2026-01-16 09:43:19,655 [INFO] ThirdParty:1030 - CMSIS Pack Vendor :STMicroelectronics STM32_WPAN 1.0.0
2026-01-16 09:43:19,655 [INFO] ThirdParty:1030 - CMSIS Pack Vendor :EmbeddedOffice I-CUBE-FS-RTOS 1.0.1
2026-01-16 09:43:19,655 [INFO] ThirdParty:1030 - CMSIS Pack Vendor :STMicroelectronics lwIP 2.0.3
2026-01-16 09:43:19,655 [INFO] ThirdParty:1030 - CMSIS Pack Vendor :Cesanta I-CUBE-Mongoose 7.13.0
2026-01-16 09:43:19,655 [INFO] ThirdParty:1030 - CMSIS Pack Vendor :STMicroelectronics USB_HOST 1.0.0
2026-01-16 09:43:19,655 [INFO] ThirdParty:1030 - CMSIS Pack Vendor :STMicroelectronics X-CUBE-AZRTOS-G4 2.0.0
2026-01-16 09:43:19,655 [INFO] ThirdParty:1030 - CMSIS Pack Vendor :STMicroelectronics X-CUBE-WB05N 2.0.0
2026-01-16 09:43:19,655 [INFO] ThirdParty:1030 - CMSIS Pack Vendor :STMicroelectronics PDM2PCM 3.1.0
2026-01-16 09:43:19,655 [INFO] ThirdParty:1030 - CMSIS Pack Vendor :STMicroelectronics X-CUBE-NFC7 2.0.0
2026-01-16 09:43:19,656 [INFO] ThirdParty:1030 - CMSIS Pack Vendor :STMicroelectronics X-CUBE-TCPP 4.2.0
2026-01-16 09:43:19,656 [INFO] ThirdParty:1030 - CMSIS Pack Vendor :RealThread X-CUBE-RT-Thread_Nano 4.1.1
2026-01-16 09:43:19,656 [INFO] ThirdParty:1030 - CMSIS Pack Vendor :STMicroelectronics FP-ATR-SIGFOX1 3.2.0
2026-01-16 09:43:19,656 [INFO] ThirdParty:1030 - CMSIS Pack Vendor :quantropi X-CUBE-qispace-sdk-base 1.9.3
2026-01-16 09:43:19,656 [INFO] ThirdParty:1030 - CMSIS Pack Vendor :STMicroelectronics X-CUBE-EEPRMA1 5.1.0
2026-01-16 09:43:19,656 [INFO] ThirdParty:1030 - CMSIS Pack Vendor :STMicroelectronics MBEDTLS 2.16.2
2026-01-16 09:43:19,656 [INFO] ThirdParty:1030 - CMSIS Pack Vendor :STMicroelectronics X-CUBE-IPS 3.1.0
2026-01-16 09:43:19,656 [INFO] ThirdParty:1030 - CMSIS Pack Vendor :STMicroelectronics X-CUBE-ALS 1.0.2
2026-01-16 09:43:19,656 [INFO] ThirdParty:1030 - CMSIS Pack Vendor :wolfSSL I-CUBE-wolfSSL 5.7.4
2026-01-16 09:43:19,656 [INFO] ThirdParty:1030 - CMSIS Pack Vendor :ITTIA_DB I-CUBE-ITTIADB 8.9.0
2026-01-16 09:43:19,656 [INFO] ThirdParty:1030 - CMSIS Pack Vendor :STMicroelectronics X-CUBE-TOUCHGFX 4.24.2
2026-01-16 09:43:19,656 [INFO] ThirdParty:1030 - CMSIS Pack Vendor :STMicroelectronics X-CUBE-TOUCHGFX 4.24.1
2026-01-16 09:43:19,656 [INFO] ThirdParty:1030 - CMSIS Pack Vendor :STMicroelectronics X-CUBE-STSE01 1.0.0
2026-01-16 09:43:19,656 [INFO] ThirdParty:1030 - CMSIS Pack Vendor :wolfSSL I-CUBE-wolfTPM 3.4.0
2026-01-16 09:43:19,656 [INFO] ThirdParty:1030 - CMSIS Pack Vendor :portGmbH I-Cube-SoM-uGOAL 1.1.0
2026-01-16 09:43:19,656 [INFO] ThirdParty:1030 - CMSIS Pack Vendor :STMicroelectronics X-CUBE-ST67W61 1.0.0
2026-01-16 09:43:19,656 [INFO] ThirdParty:1030 - CMSIS Pack Vendor :STMicroelectronics X-CUBE-AI 10.2.0
2026-01-16 09:43:19,656 [INFO] ThirdParty:1030 - CMSIS Pack Vendor :STMicroelectronics ThreadX 1.0.0
2026-01-16 09:43:19,656 [INFO] ThirdParty:1030 - CMSIS Pack Vendor :SEGGER I-CUBE-embOS 1.3.1
2026-01-16 09:43:19,656 [INFO] ThirdParty:1030 - CMSIS Pack Vendor :STMicroelectronics X-CUBE-ALGOBUILD 1.4.0
2026-01-16 09:43:19,656 [INFO] ThirdParty:1030 - CMSIS Pack Vendor :STMicroelectronics X-CUBE-MEMS1 11.3.0
2026-01-16 09:43:19,656 [INFO] ThirdParty:1030 - CMSIS Pack Vendor :STMicroelectronics X-CUBE-AZRTOS-H7RS 1.0.0
2026-01-16 09:43:19,656 [INFO] ThirdParty:1030 - CMSIS Pack Vendor :STMicroelectronics FP-ATR-ASTRA1 2.0.0
2026-01-16 09:43:19,656 [INFO] ThirdParty:1030 - CMSIS Pack Vendor :STMicroelectronics X-CUBE-TOF1 3.4.2
2026-01-16 09:43:19,656 [INFO] ThirdParty:1030 - CMSIS Pack Vendor :STMicroelectronics X-CUBE-TOF1 3.4.3
2026-01-16 09:43:19,656 [INFO] ThirdParty:1030 - CMSIS Pack Vendor :STMicroelectronics X-CUBE-AI 9.1.0
2026-01-16 09:43:19,656 [INFO] ThirdParty:1030 - CMSIS Pack Vendor :Infineon AIROC-Wi-Fi-Bluetooth-STM32 1.6.1
2026-01-16 09:43:19,656 [INFO] ThirdParty:1030 - CMSIS Pack Vendor :wolfSSL I-CUBE-wolfSSH 1.4.17
2026-01-16 09:43:19,656 [INFO] ThirdParty:841 - exiting critical section [change project]
2026-01-16 09:43:20,214 [INFO] PinOutPanel:1589 - setPackage(No Configuration,No Configuration)
2026-01-16 09:43:20,218 [INFO] PinOutPanel:1589 - setPackage(STM32F767ZITx,LQFP144)
2026-01-16 09:43:21,275 [INFO] UtilMem:75 - Before build in PCC Used Memory: 940971008 Bytes (1073741824)
2026-01-16 09:43:22,815 [INFO] UtilMem:75 - After build in PCC Used Memory: 996739632 Bytes (1073741824)
2026-01-16 09:43:22,923 [INFO] ApiDbMcu:532 - Load IP Config File for FREERTOS
2026-01-16 09:43:22,962 [INFO] ApiDbMcu:532 - Load IP Config File for LWIP
2026-01-16 09:43:22,963 [WARN] BspModel:444 - BSP dependency skipped because of component: name='USER_PHY', api='Unknown'
2026-01-16 09:43:23,002 [INFO] IPUIPlugin:80 - create IPUIPlugin
2026-01-16 09:43:23,002 [INFO] IPUIPlugin:80 - create IPUIPlugin
2026-01-16 09:43:23,002 [INFO] IPUIPlugin:80 - create IPUIPlugin
2026-01-16 09:43:23,002 [INFO] IPUIPlugin:80 - create IPUIPlugin
2026-01-16 09:43:23,002 [INFO] IPUIPlugin:80 - create IPUIPlugin
2026-01-16 09:43:23,002 [INFO] IPUIPlugin:80 - create IPUIPlugin
2026-01-16 09:43:23,003 [INFO] IPUIPlugin:80 - create IPUIPlugin
2026-01-16 09:43:23,003 [INFO] IPUIPlugin:80 - create IPUIPlugin
2026-01-16 09:43:23,003 [INFO] IPUIPlugin:80 - create IPUIPlugin
2026-01-16 09:43:23,003 [INFO] IPUIPlugin:80 - create IPUIPlugin
2026-01-16 09:43:23,003 [INFO] IPUIPlugin:80 - create IPUIPlugin
2026-01-16 09:43:23,003 [INFO] IPUIPlugin:80 - create IPUIPlugin
2026-01-16 09:43:23,003 [INFO] IPUIPlugin:80 - create IPUIPlugin
2026-01-16 09:43:23,003 [INFO] IPUIPlugin:80 - create IPUIPlugin
2026-01-16 09:43:23,004 [INFO] IPUIPlugin:80 - create IPUIPlugin
2026-01-16 09:43:23,004 [INFO] IPUIPlugin:80 - create IPUIPlugin
2026-01-16 09:43:23,004 [INFO] IPUIPlugin:80 - create IPUIPlugin
2026-01-16 09:43:23,004 [INFO] IPUIPlugin:80 - create IPUIPlugin
2026-01-16 09:43:23,004 [INFO] IPUIPlugin:80 - create IPUIPlugin
2026-01-16 09:43:23,004 [INFO] IPUIPlugin:80 - create IPUIPlugin
2026-01-16 09:43:23,004 [INFO] IPUIPlugin:80 - create IPUIPlugin
2026-01-16 09:43:23,004 [INFO] IPUIPlugin:80 - create IPUIPlugin
2026-01-16 09:43:23,004 [INFO] IPUIPlugin:80 - create IPUIPlugin
2026-01-16 09:43:23,004 [INFO] IPUIPlugin:80 - create IPUIPlugin
2026-01-16 09:43:23,004 [INFO] IPUIPlugin:80 - create IPUIPlugin
2026-01-16 09:43:23,005 [INFO] IPUIPlugin:80 - create IPUIPlugin
2026-01-16 09:43:23,005 [INFO] IPUIPlugin:80 - create IPUIPlugin
2026-01-16 09:43:23,005 [INFO] IPUIPlugin:80 - create IPUIPlugin
2026-01-16 09:43:23,005 [INFO] IPUIPlugin:80 - create IPUIPlugin
2026-01-16 09:43:23,005 [INFO] IPUIPlugin:80 - create IPUIPlugin
2026-01-16 09:43:23,006 [INFO] IPUIPlugin:80 - create IPUIPlugin
2026-01-16 09:43:23,006 [INFO] IPUIPlugin:80 - create IPUIPlugin
2026-01-16 09:43:23,006 [INFO] IPUIPlugin:80 - create IPUIPlugin
2026-01-16 09:43:23,006 [INFO] IPUIPlugin:80 - create IPUIPlugin
2026-01-16 09:43:23,006 [INFO] IPUIPlugin:80 - create IPUIPlugin
2026-01-16 09:43:23,006 [INFO] IPUIPlugin:80 - create IPUIPlugin
2026-01-16 09:43:23,006 [INFO] IPUIPlugin:80 - create IPUIPlugin
2026-01-16 09:43:23,007 [INFO] IPUIPlugin:80 - create IPUIPlugin
2026-01-16 09:43:23,007 [INFO] IPUIPlugin:80 - create IPUIPlugin
2026-01-16 09:43:23,007 [INFO] IPUIPlugin:80 - create IPUIPlugin
2026-01-16 09:43:23,007 [INFO] IPUIPlugin:80 - create IPUIPlugin
2026-01-16 09:43:23,007 [INFO] IPUIPlugin:80 - create IPUIPlugin
2026-01-16 09:43:23,007 [INFO] IPUIPlugin:80 - create IPUIPlugin
2026-01-16 09:43:23,007 [INFO] IPUIPlugin:80 - create IPUIPlugin
2026-01-16 09:43:23,008 [INFO] IPUIPlugin:80 - create IPUIPlugin
2026-01-16 09:43:23,008 [INFO] IPUIPlugin:80 - create IPUIPlugin
2026-01-16 09:43:23,008 [INFO] IPUIPlugin:80 - create IPUIPlugin
2026-01-16 09:43:23,008 [INFO] IPUIPlugin:80 - create IPUIPlugin
2026-01-16 09:43:23,008 [INFO] IPUIPlugin:80 - create IPUIPlugin
2026-01-16 09:43:23,008 [INFO] IPUIPlugin:80 - create IPUIPlugin
2026-01-16 09:43:23,008 [INFO] IPUIPlugin:80 - create IPUIPlugin
2026-01-16 09:43:23,009 [INFO] IPUIPlugin:80 - create IPUIPlugin
2026-01-16 09:43:23,009 [INFO] IPUIPlugin:80 - create IPUIPlugin
2026-01-16 09:43:23,009 [INFO] IPUIPlugin:80 - create IPUIPlugin
2026-01-16 09:43:23,009 [INFO] IPUIPlugin:80 - create IPUIPlugin
2026-01-16 09:43:23,009 [INFO] IPUIPlugin:80 - create IPUIPlugin
2026-01-16 09:43:23,009 [INFO] IPUIPlugin:80 - create IPUIPlugin
2026-01-16 09:43:23,010 [INFO] IPUIPlugin:80 - create IPUIPlugin
2026-01-16 09:43:23,010 [INFO] IPUIPlugin:80 - create IPUIPlugin
2026-01-16 09:43:23,011 [INFO] IPUIPlugin:80 - create IPUIPlugin
2026-01-16 09:43:23,011 [INFO] IPUIPlugin:80 - create IPUIPlugin
2026-01-16 09:43:23,011 [INFO] IPUIPlugin:80 - create IPUIPlugin
2026-01-16 09:43:23,011 [INFO] IPUIPlugin:80 - create IPUIPlugin
2026-01-16 09:43:23,011 [INFO] IPUIPlugin:80 - create IPUIPlugin
2026-01-16 09:43:23,012 [INFO] IPUIPlugin:80 - create IPUIPlugin
2026-01-16 09:43:23,012 [INFO] IPUIPlugin:80 - create IPUIPlugin
2026-01-16 09:43:23,012 [INFO] IPUIPlugin:80 - create IPUIPlugin
2026-01-16 09:43:23,012 [INFO] IPUIPlugin:80 - create IPUIPlugin
2026-01-16 09:43:23,012 [INFO] IPUIPlugin:80 - create IPUIPlugin
2026-01-16 09:43:23,013 [INFO] IPUIPlugin:80 - create IPUIPlugin
2026-01-16 09:43:23,013 [INFO] IPUIPlugin:80 - create IPUIPlugin
2026-01-16 09:43:23,013 [INFO] IPUIPlugin:80 - create IPUIPlugin
2026-01-16 09:43:23,013 [INFO] IPUIPlugin:80 - create IPUIPlugin
2026-01-16 09:43:23,013 [INFO] IPUIPlugin:80 - create IPUIPlugin
2026-01-16 09:43:23,014 [INFO] IPUIPlugin:80 - create IPUIPlugin
2026-01-16 09:43:23,014 [INFO] IPUIPlugin:80 - create IPUIPlugin
2026-01-16 09:43:23,014 [INFO] IPUIPlugin:80 - create IPUIPlugin
2026-01-16 09:43:23,015 [INFO] IPUIPlugin:80 - create IPUIPlugin
2026-01-16 09:43:23,015 [INFO] IPUIPlugin:80 - create IPUIPlugin
2026-01-16 09:43:23,053 [INFO] ApiDbMcu:532 - Load IP Config File for PDM2PCM
2026-01-16 09:43:23,085 [WARN] FreeRTOS:1023 - Null or empty value: should not occur! (nothing added to the table)
2026-01-16 09:43:23,091 [WARN] IP:2250 - LWIP_NETIF_HOSTNAME_NAME not found: check if there is a RefParameter without a condition.
2026-01-16 09:43:23,115 [WARN] IP:2250 - LWIP_NETIF_HOSTNAME_NAME not found: check if there is a RefParameter without a condition.
2026-01-16 09:43:23,370 [INFO] CADModel:165 - CPN selected for project levelSTM32F767ZIT6
2026-01-16 09:43:23,370 [INFO] CADModel:114 - Register for checkConnection events
2026-01-16 09:43:23,373 [INFO] RtosManager:728 - Active RTOS found at IOC load: FREERTOS [Cortex-M7NS]
2026-01-16 09:43:25,200 [INFO] OpenFileManager:386 - Restore cursor
2026-01-16 09:43:25,480 [WARN] IP:2250 - LWIP_NETIF_HOSTNAME_NAME not found: check if there is a RefParameter without a condition.
2026-01-16 09:43:25,501 [WARN] IP:2250 - LWIP_NETIF_HOSTNAME_NAME not found: check if there is a RefParameter without a condition.
2026-01-16 09:43:25,579 [WARN] IP:2250 - Warning not found: check if there is a RefParameter without a condition.
2026-01-16 09:43:25,579 [WARN] IP:2250 - RxBufferAddress not found: check if there is a RefParameter without a condition.
2026-01-16 09:43:25,579 [WARN] IP:2250 - DESC_SIZE_UNIT not found: check if there is a RefParameter without a condition.
2026-01-16 09:43:25,579 [WARN] IP:2250 - Warning not found: check if there is a RefParameter without a condition.
2026-01-16 09:43:25,579 [WARN] IP:2250 - RxBufferAddress not found: check if there is a RefParameter without a condition.
2026-01-16 09:43:25,579 [WARN] IP:2250 - DESC_SIZE_UNIT not found: check if there is a RefParameter without a condition.
2026-01-16 09:45:49,097 [INFO] MainUpdater:2872 - connection check result : 10
2026-01-16 09:45:49,097 [INFO] MainUpdater:2872 - connection check result : 10
2026-01-16 09:47:45,883 [INFO] Activator:176 - 


2026-01-16 09:47:45,883 [INFO] Activator:177 - !SESSION log4j initialized
2026-01-16 09:48:13,886 [INFO] LogOutputStream:77 - [STDOUT_REDIRECT] 
2026-01-16 09:48:16,550 [INFO] ApplicationProperties:184 - Using Application install path: C:\ST\STM32CubeIDE_1.16.1\STM32CubeIDE\plugins\com.st.stm32cube.common.mx_6.15.0.202507011659
2026-01-16 09:48:16,567 [INFO] DbMcusXml:78 - Set database path to: C:\ST\STM32CubeIDE_1.16.1\STM32CubeIDE\plugins\com.st.stm32cube.common.mx_6.15.0.202507011659\\db\/mcu/
2026-01-16 09:48:16,567 [INFO] ApiDb:274 - Set plugin database path to: C:\ST\STM32CubeIDE_1.16.1\STM32CubeIDE\plugins\com.st.stm32cube.common.mx_6.15.0.202507011659\\db\/plugins/boardmanager/
2026-01-16 09:48:16,567 [WARN] ApiDb:259 - Overriding images path with different value:  => C:\ST\STM32CubeIDE_1.16.1\STM32CubeIDE\plugins\com.st.stm32cube.common.mx_6.15.0.202507011659\\db\/plugins/mcufinder/images/
2026-01-16 09:48:16,571 [INFO] ApiDb:250 - Set database path to: C:\Users\Chinnapop\.stmcufinder\plugins\mcufinder//mcu/
2026-01-16 09:48:16,572 [INFO] DbMcusAds:125 - Set database path to: C:\Users\Chinnapop\.stmcufinder\plugins\mcufinder//mcu/
2026-01-16 09:48:16,574 [INFO] CrossReferenceDbSqlite:203 - Set database path to: C:\Users\Chinnapop\.stmcufinder\plugins\mcufinder//mcu/cs/
2026-01-16 09:48:16,724 [INFO] RulesReader:64 - Compatibility file has been processed (317 Rules)
2026-01-16 09:48:16,801 [INFO] DbMcusXml:78 - Set database path to: C:\ST\STM32CubeIDE_1.16.1\STM32CubeIDE\plugins\com.st.stm32cube.common.mx_6.15.0.202507011659\\db\/mcu/
2026-01-16 09:48:16,801 [INFO] ApiDb:274 - Set plugin database path to: C:\ST\STM32CubeIDE_1.16.1\STM32CubeIDE\plugins\com.st.stm32cube.common.mx_6.15.0.202507011659\\db\/plugins/boardmanager/
2026-01-16 09:48:16,801 [INFO] ApiDb:261 - Set plugin images path to: C:\ST\STM32CubeIDE_1.16.1\STM32CubeIDE\plugins\com.st.stm32cube.common.mx_6.15.0.202507011659\\db\/plugins/mcufinder/images/
2026-01-16 09:48:16,802 [WARN] DbFile:41 - Overriding database path with different value: C:\Users\Chinnapop\.stmcufinder\plugins\mcufinder/ => C:\Users\Chinnapop\.stmcufinder\plugins\mcufinder
2026-01-16 09:48:16,802 [INFO] ApiDb:250 - Set database path to: C:\Users\Chinnapop\.stmcufinder\plugins\mcufinder//mcu/
2026-01-16 09:48:16,802 [WARN] DbFile:41 - Overriding database path with different value: C:\Users\Chinnapop\.stmcufinder\plugins\mcufinder/ => C:\Users\Chinnapop\.stmcufinder\plugins\mcufinder
2026-01-16 09:48:16,802 [INFO] DbMcusAds:125 - Set database path to: C:\Users\Chinnapop\.stmcufinder\plugins\mcufinder//mcu/
2026-01-16 09:48:16,802 [WARN] DbFile:41 - Overriding database path with different value: C:\Users\Chinnapop\.stmcufinder\plugins\mcufinder/ => C:\Users\Chinnapop\.stmcufinder\plugins\mcufinder
2026-01-16 09:48:16,802 [WARN] DbFile:41 - Overriding database path with different value: C:\Users\Chinnapop\.stmcufinder\plugins\mcufinder/ => C:\Users\Chinnapop\.stmcufinder\plugins\mcufinder
2026-01-16 09:48:16,803 [INFO] CrossReferenceDbSqlite:203 - Set database path to: C:\Users\Chinnapop\.stmcufinder\plugins\mcufinder//mcu/cs/
2026-01-16 09:48:16,874 [INFO] MainPanel:274 - HeapMemory: 268435456
2026-01-16 09:48:16,982 [INFO] DbMcusXml:78 - Set database path to: C:\ST\STM32CubeIDE_1.16.1\STM32CubeIDE\plugins\com.st.stm32cube.common.mx_6.15.0.202507011659\\db\/mcu/
2026-01-16 09:48:16,982 [INFO] ApiDb:274 - Set plugin database path to: C:\ST\STM32CubeIDE_1.16.1\STM32CubeIDE\plugins\com.st.stm32cube.common.mx_6.15.0.202507011659\\db\/plugins/boardmanager/
2026-01-16 09:48:16,982 [INFO] ApiDb:261 - Set plugin images path to: C:\ST\STM32CubeIDE_1.16.1\STM32CubeIDE\plugins\com.st.stm32cube.common.mx_6.15.0.202507011659\\db\/plugins/mcufinder/images/
2026-01-16 09:48:16,983 [WARN] DbFile:41 - Overriding database path with different value: C:\Users\Chinnapop\.stmcufinder\plugins\mcufinder/ => C:\Users\Chinnapop\.stmcufinder\plugins\mcufinder
2026-01-16 09:48:16,983 [INFO] ApiDb:250 - Set database path to: C:\Users\Chinnapop\.stmcufinder\plugins\mcufinder//mcu/
2026-01-16 09:48:16,983 [WARN] DbFile:41 - Overriding database path with different value: C:\Users\Chinnapop\.stmcufinder\plugins\mcufinder/ => C:\Users\Chinnapop\.stmcufinder\plugins\mcufinder
2026-01-16 09:48:16,983 [INFO] DbMcusAds:125 - Set database path to: C:\Users\Chinnapop\.stmcufinder\plugins\mcufinder//mcu/
2026-01-16 09:48:16,983 [WARN] DbFile:41 - Overriding database path with different value: C:\Users\Chinnapop\.stmcufinder\plugins\mcufinder/ => C:\Users\Chinnapop\.stmcufinder\plugins\mcufinder
2026-01-16 09:48:16,983 [WARN] DbFile:41 - Overriding database path with different value: C:\Users\Chinnapop\.stmcufinder\plugins\mcufinder/ => C:\Users\Chinnapop\.stmcufinder\plugins\mcufinder
2026-01-16 09:48:16,983 [INFO] CrossReferenceDbSqlite:203 - Set database path to: C:\Users\Chinnapop\.stmcufinder\plugins\mcufinder//mcu/cs/
2026-01-16 09:48:17,002 [INFO] ApplicationProperties:184 - Using Application install path: C:\ST\STM32CubeIDE_1.16.1\STM32CubeIDE\plugins\com.st.stm32cube.common.mx_6.15.0.202507011659
2026-01-16 09:48:17,003 [INFO] PluginManage:196 - Search for loadable plugins [exclusion list=, ]
2026-01-16 09:48:17,004 [INFO] PluginManage:310 - Check plugin analytics
2026-01-16 09:48:17,158 [INFO] AnalyticsPlugin:253 - Accepted Software Licenses: 
2026-01-16 09:48:17,158 [INFO] AnalyticsPlugin:255 - Accepted CMSIS Pack Licenses: 
2026-01-16 09:48:17,159 [INFO] AnalyticsPlugin:257 - Accepted Firmware Licenses: FW.F7.1.17.0
2026-01-16 09:48:17,161 [INFO] PluginManage:359 - Loaded plugin analytics (category:tool,tabindex:-1)
2026-01-16 09:48:17,162 [INFO] PluginManage:310 - Check plugin cadmodel
2026-01-16 09:48:17,203 [INFO] CADModel:105 - Init CAD model plugin
2026-01-16 09:48:17,203 [INFO] PluginManage:359 - Loaded plugin cadmodel (category:power,tabindex:5)
2026-01-16 09:48:17,204 [INFO] PluginManage:310 - Check plugin clock
2026-01-16 09:48:17,251 [INFO] PluginManage:359 - Loaded plugin clock (category:base,tabindex:2)
2026-01-16 09:48:17,251 [INFO] PluginManage:310 - Check plugin ddr
2026-01-16 09:48:17,257 [INFO] PluginManage:359 - Loaded plugin ddr (category:tool,tabindex:6)
2026-01-16 09:48:17,258 [INFO] PluginManage:310 - Check plugin filemanager
2026-01-16 09:48:17,419 [INFO] PluginManage:359 - Loaded plugin filemanager (category:base,tabindex:10)
2026-01-16 09:48:17,420 [INFO] PluginManage:310 - Check plugin ipmanager
2026-01-16 09:48:17,426 [INFO] PluginManage:359 - Loaded plugin ipmanager (category:base,tabindex:5)
2026-01-16 09:48:17,426 [INFO] PluginManage:310 - Check plugin lpbam
2026-01-16 09:48:17,460 [INFO] PluginManage:359 - Loaded plugin lpbam (category:base,tabindex:0)
2026-01-16 09:48:17,460 [INFO] PluginManage:310 - Check plugin memorymap
2026-01-16 09:48:17,501 [INFO] PluginManage:359 - Loaded plugin memorymap (category:base,tabindex:4)
2026-01-16 09:48:17,501 [INFO] PluginManage:310 - Check plugin pinoutandconfiguration
2026-01-16 09:48:17,545 [INFO] PluginManage:359 - Loaded plugin pinoutandconfiguration (category:base,tabindex:1)
2026-01-16 09:48:17,545 [INFO] PluginManage:310 - Check plugin pinoutconfig
2026-01-16 09:48:17,678 [WARN] SupportedApi:132 - Cannot load RTOS API schema: s4s-elt-must-match.1: The content of 'definitions' must match (annotation?, (simpleType | complexType)?, (unique | key | keyref)*)). A problem was found starting at: attribute.
2026-01-16 09:48:17,803 [INFO] PluginManage:359 - Loaded plugin pinoutconfig (category:base,tabindex:0)
2026-01-16 09:48:17,803 [INFO] PluginManage:310 - Check plugin power
2026-01-16 09:48:17,855 [INFO] PluginManage:359 - Loaded plugin power (category:power,tabindex:4)
2026-01-16 09:48:17,855 [INFO] PluginManage:310 - Check plugin projectmanager
2026-01-16 09:48:17,893 [INFO] PluginManage:359 - Loaded plugin projectmanager (category:projectmanager,tabindex:4)
2026-01-16 09:48:17,893 [INFO] PluginManage:310 - Check plugin rif
2026-01-16 09:48:17,933 [INFO] PluginManage:359 - Loaded plugin rif (category:base,tabindex:3)
2026-01-16 09:48:17,933 [INFO] PluginManage:310 - Check plugin thirdparty
2026-01-16 09:48:18,588 [WARN] IntegrityCheckThread:84 - waiting for thirdparty lock release [integrity check]
2026-01-16 09:48:18,589 [INFO] PluginManage:359 - Loaded plugin thirdparty (category:base,tabindex:-1)
2026-01-16 09:48:18,590 [INFO] PluginManage:310 - Check plugin tools
2026-01-16 09:48:18,590 [INFO] IntegrityCheckThread:86 - entering critical section [integrity check]
2026-01-16 09:48:18,591 [INFO] ThirdPartyUpdaterWithRetryManager:70 - Updater plugin not ready yet. [1/15]
2026-01-16 09:48:18,743 [INFO] PluginManage:359 - Loaded plugin tools (category:base,tabindex:7)
2026-01-16 09:48:18,743 [INFO] PluginManage:310 - Check plugin tutovideos
2026-01-16 09:48:19,048 [INFO] PluginManage:359 - Loaded plugin tutovideos (category:base,tabindex:-1)
2026-01-16 09:48:19,048 [INFO] PluginManage:310 - Check plugin updater
2026-01-16 09:48:19,070 [INFO] PluginManage:359 - Loaded plugin updater (category:base,tabindex:12)
2026-01-16 09:48:19,070 [INFO] PluginManage:310 - Check plugin userauth
2026-01-16 09:48:19,073 [INFO] UserAuth:118 - Init User Auth plugin
2026-01-16 09:48:19,074 [INFO] PluginManage:359 - Loaded plugin userauth (category:base,tabindex:14)
2026-01-16 09:48:19,075 [INFO] PluginManage:283 - PluginManage : Loaded plugins [18]
2026-01-16 09:48:19,274 [INFO] PinOutPanel:1589 - setPackage(No Configuration,No Configuration)
2026-01-16 09:48:19,362 [INFO] CADModel:165 - CPN selected for project level
2026-01-16 09:48:19,362 [INFO] CADModel:114 - Register for checkConnection events
2026-01-16 09:48:19,424 [INFO] IPUIPlugin:80 - create IPUIPlugin
2026-01-16 09:48:19,425 [INFO] PluginManager:220 - loadIPPluginJar : add adc
2026-01-16 09:48:19,584 [INFO] IPUIPlugin:80 - create IPUIPlugin
2026-01-16 09:48:19,585 [INFO] PluginManager:220 - loadIPPluginJar : add aes
2026-01-16 09:48:19,741 [INFO] IPUIPlugin:80 - create IPUIPlugin
2026-01-16 09:48:19,742 [INFO] PluginManager:220 - loadIPPluginJar : add can
2026-01-16 09:48:19,855 [INFO] IPUIPlugin:80 - create IPUIPlugin
2026-01-16 09:48:19,855 [INFO] PluginManager:220 - loadIPPluginJar : add comp
2026-01-16 09:48:19,990 [INFO] IPUIPlugin:80 - create IPUIPlugin
2026-01-16 09:48:19,990 [INFO] PluginManager:220 - loadIPPluginJar : add cryp
2026-01-16 09:48:20,034 [INFO] IPUIPlugin:80 - create IPUIPlugin
2026-01-16 09:48:20,034 [INFO] PluginManager:220 - loadIPPluginJar : add ddr_ctrl_phy
2026-01-16 09:48:20,124 [INFO] IPUIPlugin:80 - create IPUIPlugin
2026-01-16 09:48:20,124 [INFO] PluginManager:220 - loadIPPluginJar : add dfsdm
2026-01-16 09:48:20,168 [INFO] IPUIPlugin:80 - create IPUIPlugin
2026-01-16 09:48:20,169 [INFO] PluginManager:220 - loadIPPluginJar : add dma
2026-01-16 09:48:20,306 [INFO] IPUIPlugin:80 - create IPUIPlugin
2026-01-16 09:48:20,307 [INFO] PluginManager:220 - loadIPPluginJar : add dma3
2026-01-16 09:48:20,491 [INFO] IPUIPlugin:80 - create IPUIPlugin
2026-01-16 09:48:20,491 [INFO] PluginManager:220 - loadIPPluginJar : add extmemmanager
2026-01-16 09:48:20,548 [INFO] IPUIPlugin:80 - create IPUIPlugin
2026-01-16 09:48:20,549 [INFO] PluginManager:220 - loadIPPluginJar : add fatfs
2026-01-16 09:48:20,750 [INFO] IPUIPlugin:80 - create IPUIPlugin
2026-01-16 09:48:20,750 [INFO] PluginManager:220 - loadIPPluginJar : add fmc
2026-01-16 09:48:20,801 [INFO] IPUIPlugin:80 - create IPUIPlugin
2026-01-16 09:48:20,802 [INFO] PluginManager:220 - loadIPPluginJar : add freertos
2026-01-16 09:48:20,899 [INFO] IPUIPlugin:80 - create IPUIPlugin
2026-01-16 09:48:20,899 [INFO] PluginManager:220 - loadIPPluginJar : add genericplugin
2026-01-16 09:48:21,308 [INFO] IPUIPlugin:80 - create IPUIPlugin
2026-01-16 09:48:21,308 [INFO] PluginManager:220 - loadIPPluginJar : add gfxmmu
2026-01-16 09:48:21,593 [INFO] ThirdPartyUpdaterWithRetryManager:70 - Updater plugin not ready yet. [2/15]
2026-01-16 09:48:21,858 [INFO] IPUIPlugin:80 - create IPUIPlugin
2026-01-16 09:48:21,859 [INFO] PluginManager:220 - loadIPPluginJar : add gic
2026-01-16 09:48:21,895 [INFO] IPUIPlugin:80 - create IPUIPlugin
2026-01-16 09:48:21,895 [INFO] PluginManager:220 - loadIPPluginJar : add gpio
2026-01-16 09:48:22,279 [INFO] IPUIPlugin:80 - create IPUIPlugin
2026-01-16 09:48:22,279 [INFO] PluginManager:220 - loadIPPluginJar : add gtzc
2026-01-16 09:48:22,423 [INFO] IPUIPlugin:80 - create IPUIPlugin
2026-01-16 09:48:22,423 [INFO] PluginManager:220 - loadIPPluginJar : add hash
2026-01-16 09:48:22,654 [INFO] IPUIPlugin:80 - create IPUIPlugin
2026-01-16 09:48:22,654 [INFO] PluginManager:220 - loadIPPluginJar : add i2c
2026-01-16 09:48:22,809 [INFO] IPUIPlugin:80 - create IPUIPlugin
2026-01-16 09:48:22,809 [INFO] PluginManager:220 - loadIPPluginJar : add i2s
2026-01-16 09:48:22,919 [INFO] IPUIPlugin:80 - create IPUIPlugin
2026-01-16 09:48:22,919 [INFO] PluginManager:220 - loadIPPluginJar : add i3c
2026-01-16 09:48:23,343 [INFO] IPUIPlugin:80 - create IPUIPlugin
2026-01-16 09:48:23,344 [INFO] PluginManager:220 - loadIPPluginJar : add ipddr
2026-01-16 09:48:23,737 [INFO] IPUIPlugin:80 - create IPUIPlugin
2026-01-16 09:48:23,738 [INFO] PluginManager:220 - loadIPPluginJar : add linkedlist
2026-01-16 09:48:23,901 [INFO] IPUIPlugin:80 - create IPUIPlugin
2026-01-16 09:48:23,901 [INFO] PluginManager:220 - loadIPPluginJar : add lorawan
2026-01-16 09:48:24,063 [INFO] IPUIPlugin:80 - create IPUIPlugin
2026-01-16 09:48:24,063 [INFO] PluginManager:220 - loadIPPluginJar : add ltdc
2026-01-16 09:48:24,099 [INFO] IPUIPlugin:80 - create IPUIPlugin
2026-01-16 09:48:24,099 [INFO] PluginManager:220 - loadIPPluginJar : add mdma
2026-01-16 09:48:24,137 [INFO] IPUIPlugin:80 - create IPUIPlugin
2026-01-16 09:48:24,138 [INFO] PluginManager:220 - loadIPPluginJar : add nvic
2026-01-16 09:48:24,300 [INFO] IPUIPlugin:80 - create IPUIPlugin
2026-01-16 09:48:24,301 [INFO] PluginManager:220 - loadIPPluginJar : add opamp
2026-01-16 09:48:24,555 [INFO] IPUIPlugin:80 - create IPUIPlugin
2026-01-16 09:48:24,555 [INFO] PluginManager:220 - loadIPPluginJar : add openamp
2026-01-16 09:48:24,596 [INFO] ThirdPartyUpdaterWithRetryManager:70 - Updater plugin not ready yet. [3/15]
2026-01-16 09:48:24,632 [INFO] IPUIPlugin:80 - create IPUIPlugin
2026-01-16 09:48:24,632 [INFO] PluginManager:220 - loadIPPluginJar : add pdm2pcm
2026-01-16 09:48:24,649 [INFO] IPUIPlugin:80 - create IPUIPlugin
2026-01-16 09:48:24,652 [INFO] PluginManager:220 - loadIPPluginJar : add plateformsettings
2026-01-16 09:48:24,687 [INFO] IPUIPlugin:80 - create IPUIPlugin
2026-01-16 09:48:24,687 [INFO] PluginManager:220 - loadIPPluginJar : add quadspi
2026-01-16 09:48:24,726 [INFO] IPUIPlugin:80 - create IPUIPlugin
2026-01-16 09:48:24,726 [INFO] PluginManager:220 - loadIPPluginJar : add radio
2026-01-16 09:48:24,744 [INFO] IPUIPlugin:80 - create IPUIPlugin
2026-01-16 09:48:24,744 [INFO] PluginManager:220 - loadIPPluginJar : add resmgrutility
2026-01-16 09:48:24,805 [INFO] IPUIPlugin:80 - create IPUIPlugin
2026-01-16 09:48:24,805 [INFO] PluginManager:220 - loadIPPluginJar : add sai
2026-01-16 09:48:24,893 [INFO] IPUIPlugin:80 - create IPUIPlugin
2026-01-16 09:48:24,893 [INFO] PluginManager:220 - loadIPPluginJar : add spi
2026-01-16 09:48:24,996 [INFO] IPUIPlugin:80 - create IPUIPlugin
2026-01-16 09:48:24,996 [INFO] PluginManager:220 - loadIPPluginJar : add stm32_wpan
2026-01-16 09:48:25,036 [INFO] IPUIPlugin:80 - create IPUIPlugin
2026-01-16 09:48:25,036 [INFO] PluginManager:220 - loadIPPluginJar : add tim
2026-01-16 09:48:25,181 [INFO] IPUIPlugin:80 - create IPUIPlugin
2026-01-16 09:48:25,181 [INFO] PluginManager:220 - loadIPPluginJar : add touchsensing
2026-01-16 09:48:25,228 [INFO] IPUIPlugin:80 - create IPUIPlugin
2026-01-16 09:48:25,228 [INFO] PluginManager:220 - loadIPPluginJar : add tracer_emb
2026-01-16 09:48:25,285 [INFO] IPUIPlugin:80 - create IPUIPlugin
2026-01-16 09:48:25,285 [INFO] PluginManager:220 - loadIPPluginJar : add ts
2026-01-16 09:48:25,335 [INFO] IPUIPlugin:80 - create IPUIPlugin
2026-01-16 09:48:25,335 [INFO] PluginManager:220 - loadIPPluginJar : add tsc
2026-01-16 09:48:25,379 [INFO] IPUIPlugin:80 - create IPUIPlugin
2026-01-16 09:48:25,379 [INFO] PluginManager:220 - loadIPPluginJar : add ucpd
2026-01-16 09:48:25,439 [INFO] IPUIPlugin:80 - create IPUIPlugin
2026-01-16 09:48:25,439 [INFO] PluginManager:220 - loadIPPluginJar : add usart
2026-01-16 09:48:25,496 [INFO] IPUIPlugin:80 - create IPUIPlugin
2026-01-16 09:48:25,497 [INFO] PluginManager:220 - loadIPPluginJar : add usbx
2026-01-16 09:48:25,623 [FATAL] Updater:351 - Updater called before beeing initialized
2026-01-16 09:48:25,672 [INFO] RulesReader:64 - Compatibility file has been processed (317 Rules)
2026-01-16 09:48:25,684 [INFO] RulesReader:64 - Compatibility file has been processed (317 Rules)
2026-01-16 09:48:25,701 [INFO] CADModel:165 - CPN selected for project level
2026-01-16 09:48:25,701 [INFO] CADModel:114 - Register for checkConnection events
2026-01-16 09:48:25,702 [FATAL] Updater:351 - Updater called before beeing initialized
2026-01-16 09:48:25,702 [ERROR] CADModel:125 - Updater not yet initialized, retry later 
2026-01-16 09:48:25,890 [FATAL] Updater:351 - Updater called before beeing initialized
2026-01-16 09:48:25,893 [INFO] CADModel:165 - CPN selected for project level
2026-01-16 09:48:25,893 [INFO] CADModel:114 - Register for checkConnection events
2026-01-16 09:48:25,893 [FATAL] Updater:351 - Updater called before beeing initialized
2026-01-16 09:48:25,893 [ERROR] CADModel:125 - Updater not yet initialized, retry later 
2026-01-16 09:48:25,897 [FATAL] Updater:351 - Updater called before beeing initialized
2026-01-16 09:48:26,023 [FATAL] Updater:351 - Updater called before beeing initialized
2026-01-16 09:48:26,036 [INFO] DbMcusAds:53 - JSON generation date=Thu Jan 08 22:56:32 ICT 2026 (1767887792457)
2026-01-16 09:48:26,036 [FATAL] Updater:351 - Updater called before beeing initialized
2026-01-16 09:48:26,069 [WARN] DetailPanel:346 - Failed to get advertising image, set to default
2026-01-16 09:48:26,105 [INFO] McuFinderGlobals:63 - Set McuFinder mode to 2 (CubeIDE integrated)
2026-01-16 09:48:26,154 [FATAL] Updater:351 - Updater called before beeing initialized
2026-01-16 09:48:26,157 [FATAL] Updater:351 - Updater called before beeing initialized
2026-01-16 09:48:26,157 [FATAL] Updater:351 - Updater called before beeing initialized
2026-01-16 09:48:26,157 [WARN] DetailPanel:346 - Failed to get advertising image, set to default
2026-01-16 09:48:26,158 [FATAL] Updater:351 - Updater called before beeing initialized
2026-01-16 09:48:26,222 [ERROR] Updater:1198 - MainUpdater not yet initialized. External WinMGr cannot be set.
2026-01-16 09:48:26,234 [INFO] Updater:1134 - Updater Version found : 6.15.0
2026-01-16 09:48:26,252 [INFO] ApplicationProperties:184 - Using Application install path: C:\ST\STM32CubeIDE_1.16.1\STM32CubeIDE\plugins\com.st.stm32cube.common.mx_6.15.0.202507011659
2026-01-16 09:48:27,597 [INFO] ThirdPartyUpdaterWithRetryManager:70 - Updater plugin not ready yet. [4/15]
2026-01-16 09:48:27,840 [ERROR] LogOutputStream:75 - [STDERR_REDIRECT] Jan 16, 2026 9:48:27 AM java.util.prefs.WindowsPreferences <init>
2026-01-16 09:48:27,842 [ERROR] LogOutputStream:75 - [STDERR_REDIRECT] WARNING: Could not open/create prefs root node Software\JavaSoft\Prefs at root 0xffffffff80000002. Windows RegCreateKeyEx(...) returned error code 5.
2026-01-16 09:48:27,842 [ERROR] LogOutputStream:75 - [STDERR_REDIRECT] 
2026-01-16 09:48:28,351 [INFO] MainUpdater:2872 - connection check result : 10
2026-01-16 09:48:28,352 [INFO] MainUpdater:289 - Updater Check For Update Now.
2026-01-16 09:48:28,352 [INFO] MicroXplorer:498 - Change Database Version : DB.6.0.150
2026-01-16 09:48:28,396 [INFO] McuFinderGlobals:63 - Set McuFinder mode to 2 (CubeIDE integrated)
2026-01-16 09:48:28,406 [INFO] UserAuth:487 - Internet connection configuration mode: 1
2026-01-16 09:48:28,447 [INFO] JxBrowserEngine:152 - Initiate JxBrowser Engine with user profile folder
2026-01-16 09:48:28,587 [INFO] CheckServerUpdateThread:120 - End of CheckServer Thread
2026-01-16 09:48:28,601 [INFO] MainUpdater:2872 - connection check result : 10
2026-01-16 09:48:28,602 [INFO] MainUpdater:2872 - connection check result : 10
2026-01-16 09:48:28,635 [INFO] MicroXplorer:468 - Change Database Path : 
2026-01-16 09:48:28,636 [INFO] MicroXplorer:498 - Change Database Version : DB.6.0.150
2026-01-16 09:48:28,654 [WARN] ThirdParty:871 - waiting for thirdparty lock release [close project]
2026-01-16 09:48:29,215 [INFO] WebApp:169 - Instantiating new browser for Auth
2026-01-16 09:48:29,915 [INFO] WebApp:463 - Apply proxy settings
2026-01-16 09:48:29,916 [INFO] WebApp:548 - Chromium requires no authentication
2026-01-16 09:48:29,930 [INFO] WebApp:491 - Direct internet connection detected
2026-01-16 09:48:29,976 [INFO] WebApp:900 - Register for checkConnection events
2026-01-16 09:48:29,977 [INFO] WebApp:463 - Apply proxy settings
2026-01-16 09:48:29,978 [INFO] WebApp:548 - Chromium requires no authentication
2026-01-16 09:48:29,979 [INFO] WebApp:491 - Direct internet connection detected
2026-01-16 09:48:30,199 [INFO] WebApp:225 - Starting web application
2026-01-16 09:48:30,199 [INFO] WebApp:593 - Web application path used C:\ST\STM32CubeIDE_1.16.1\STM32CubeIDE\plugins\com.st.stm32cube.common.mx_6.15.0.202507011659\db\plugins\mcufinder\reactClient1\index.html
2026-01-16 09:48:30,605 [INFO] UserAuth:487 - Internet connection configuration mode: 1
2026-01-16 09:48:30,736 [INFO] WebApp:191 - Connection restablished
2026-01-16 09:48:30,831 [WARN] PackLoader:240 - Cannot read IP mode file for STMicroelectronics.FP-SNS-MOTENVWB1.1.4.0
2026-01-16 09:48:30,839 [WARN] PackLoader:240 - Cannot read IP mode file for STMicroelectronics.FP-ATR-ASTRA1.2.0.2
2026-01-16 09:48:30,842 [WARN] PackLoader:240 - Cannot read IP mode file for STMicroelectronics.FP-ATR-ASTRA1.2.0.1
2026-01-16 09:48:30,853 [WARN] PackLoader:240 - Cannot read IP mode file for STMicroelectronics.X-CUBE-SMBUS.2.1.0
2026-01-16 09:48:30,862 [WARN] PackLoader:240 - Cannot read IP mode file for STMicroelectronics.X-CUBE-WB05N.1.1.0
2026-01-16 09:48:30,868 [WARN] PackLoader:240 - Cannot read IP mode file for STMicroelectronics.X-CUBE-ST60.1.0.0
2026-01-16 09:48:30,901 [WARN] PackLoader:240 - Cannot read IP mode file for STMicroelectronics.X-CUBE-AZRTOS-F7.1.1.0
2026-01-16 09:48:30,950 [WARN] PackLoader:240 - Cannot read IP mode file for STMicroelectronics.X-CUBE-MEMS1.11.0.0
2026-01-16 09:48:31,106 [WARN] PackLoader:240 - Cannot read IP mode file for STMicroelectronics.FP-SNS-MOTENV1.5.1.0
2026-01-16 09:48:31,117 [WARN] PackLoader:240 - Cannot read IP mode file for STMicroelectronics.FP-SNS-FLIGHT1.5.0.2
2026-01-16 09:48:31,142 [WARN] PackLoader:240 - Cannot read IP mode file for STMicroelectronics.X-CUBE-AZRTOS-H7.3.4.0
2026-01-16 09:48:31,154 [WARN] PackLoader:240 - Cannot read IP mode file for STMicroelectronics.X-CUBE-DISPLAY.3.0.0
2026-01-16 09:48:31,163 [WARN] PackLoader:240 - Cannot read IP mode file for STMicroelectronics.X-CUBE-BLE1.7.0.0
2026-01-16 09:48:31,169 [WARN] PackLoader:240 - Cannot read IP mode file for STMicroelectronics.X-CUBE-NFC10.1.0.0
2026-01-16 09:48:31,181 [WARN] PackLoader:240 - Cannot read IP mode file for STMicroelectronics.X-CUBE-BLEMGR.4.0.0
2026-01-16 09:48:31,187 [WARN] PackLoader:240 - Cannot read IP mode file for STMicroelectronics.X-CUBE-ST60.1.1.0
2026-01-16 09:48:31,197 [WARN] PackLoader:240 - Cannot read IP mode file for emotas.I-CUBE-CANOPEN.1.3.0
2026-01-16 09:48:31,202 [WARN] PackLoader:240 - Cannot read IP mode file for STMicroelectronics.X-CUBE-GNSS1.7.1.0
2026-01-16 09:48:31,213 [WARN] PackLoader:240 - Cannot read IP mode file for STMicroelectronics.X-CUBE-BLEMGR.3.1.0
2026-01-16 09:48:31,219 [WARN] PackLoader:240 - Cannot read IP mode file for STMicroelectronics.X-CUBE-AI.10.0.0
2026-01-16 09:48:31,226 [WARN] PackLoader:240 - Cannot read IP mode file for STMicroelectronics.FP-SNS-STBOX1.2.1.0
2026-01-16 09:48:31,233 [WARN] PackLoader:240 - Cannot read IP mode file for STMicroelectronics.FP-SNS-SMARTAG2.1.2.0
2026-01-16 09:48:31,236 [WARN] PackLoader:240 - Cannot read IP mode file for STMicroelectronics.FP-SNS-FLIGHT1.5.1.0
2026-01-16 09:48:31,282 [WARN] PackLoader:240 - Cannot read IP mode file for STMicroelectronics.X-CUBE-MEMS1.11.1.0
2026-01-16 09:48:31,441 [INFO] LogOutputStream:77 - [STDOUT_REDIRECT] 1 : Invalid condition id : UX_CORESTACK_Condition cause : null
2026-01-16 09:48:31,444 [INFO] LogOutputStream:77 - [STDOUT_REDIRECT] 1 : Invalid condition id : UX_CORESTACK_Condition cause : null
2026-01-16 09:48:31,446 [INFO] LogOutputStream:77 - [STDOUT_REDIRECT] 1 : Invalid condition id : UX_CORESTACK_Condition cause : null
2026-01-16 09:48:31,448 [INFO] LogOutputStream:77 - [STDOUT_REDIRECT] 1 : Invalid condition id : UX_CORESTACK_Condition cause : null
2026-01-16 09:48:31,449 [INFO] LogOutputStream:77 - [STDOUT_REDIRECT] 1 : Invalid condition id : UX_CORESTACK_Condition cause : null
2026-01-16 09:48:31,452 [WARN] PackLoader:240 - Cannot read IP mode file for STMicroelectronics.X-CUBE-AZRTOS-WL.2.0.0
2026-01-16 09:48:31,456 [WARN] PackLoader:240 - Cannot read IP mode file for STMicroelectronics.FP-SNS-MOTENV1.5.0.0
2026-01-16 09:48:31,472 [WARN] PackLoader:240 - Cannot read IP mode file for STMicroelectronics.X-CUBE-AZRTOS-H7RS.1.2.0
2026-01-16 09:48:31,478 [WARN] PackLoader:240 - Cannot read IP mode file for wolfSSL.I-CUBE-wolfMQTT.1.19.0
2026-01-16 09:48:31,489 [WARN] PackLoader:240 - Cannot read IP mode file for WES.I-CUBE-Cesium.1.3.0
2026-01-16 09:48:31,494 [WARN] PackLoader:240 - Cannot read IP mode file for STMicroelectronics.X-CUBE-BLE2.3.3.0
2026-01-16 09:48:31,500 [WARN] PackLoader:240 - Cannot read IP mode file for STMicroelectronics.X-CUBE-NFC9.1.0.0
2026-01-16 09:48:31,504 [WARN] PackLoader:240 - Cannot read IP mode file for STMicroelectronics.X-CUBE-BLE1.7.1.0
2026-01-16 09:48:31,510 [WARN] PackLoader:240 - Cannot read IP mode file for STMicroelectronics.X-CUBE-TCPP.4.1.0
2026-01-16 09:48:31,516 [WARN] PackLoader:240 - Cannot read IP mode file for STMicroelectronics.X-CUBE-FREERTOS.1.4.0
2026-01-16 09:48:31,521 [WARN] PackLoader:240 - Cannot read IP mode file for STMicroelectronics.X-CUBE-EEPRMA1.5.2.0
2026-01-16 09:48:31,529 [WARN] PackLoader:240 - Cannot read IP mode file for STMicroelectronics.X-CUBE-ST67W61.1.1.0
2026-01-16 09:48:31,532 [WARN] PackLoader:240 - Cannot read IP mode file for STMicroelectronics.X-CUBE-AI.10.1.0
2026-01-16 09:48:31,563 [WARN] PackLoader:240 - Cannot read IP mode file for STMicroelectronics.X-CUBE-MEMS1.12.0.0
2026-01-16 09:48:31,652 [WARN] PackLoader:240 - Cannot read IP mode file for STMicroelectronics.X-CUBE-MEMS1.11.2.0
2026-01-16 09:48:31,731 [WARN] PackLoader:240 - Cannot read IP mode file for STMicroelectronics.X-CUBE-AZRTOS-G0.1.1.0
2026-01-16 09:48:31,737 [WARN] PackLoader:240 - Cannot read IP mode file for STMicroelectronics.X-CUBE-SAFEA1.1.2.2
2026-01-16 09:48:31,741 [WARN] PackLoader:240 - Cannot read IP mode file for STMicroelectronics.X-CUBE-NFC4.3.0.0
2026-01-16 09:48:31,750 [WARN] PackLoader:240 - Cannot read IP mode file for EmbeddedOffice.I-CUBE-FS-RTOS.1.0.1
2026-01-16 09:48:31,754 [WARN] PackLoader:240 - Cannot read IP mode file for STMicroelectronics.X-CUBE-WB05N.2.0.0
2026-01-16 09:48:31,759 [WARN] PackLoader:240 - Cannot read IP mode file for STMicroelectronics.X-CUBE-TCPP.4.2.0
2026-01-16 09:48:31,768 [WARN] PackLoader:240 - Cannot read IP mode file for RealThread.X-CUBE-RT-Thread_Nano.4.1.1
2026-01-16 09:48:31,777 [WARN] PackLoader:240 - Cannot read IP mode file for STMicroelectronics.FP-ATR-SIGFOX1.3.2.0
2026-01-16 09:48:31,783 [WARN] ConditionMgr:438 - getConditionDescription Invalid condition id : Cortex-A Device cause : null
2026-01-16 09:48:31,816 [WARN] ConditionMgr:1044 - genDependencies : Invalid condition id : Cortex-A Device cause : null
2026-01-16 09:48:31,816 [WARN] ConditionMgr:1044 - genDependencies : Invalid condition id : Cortex-A Device cause : null
2026-01-16 09:48:31,816 [WARN] ConditionMgr:1044 - genDependencies : Invalid condition id : Cortex-A Device cause : null
2026-01-16 09:48:31,820 [WARN] PackLoader:240 - Cannot read IP mode file for STMicroelectronics.X-CUBE-EEPRMA1.5.1.0
2026-01-16 09:48:31,826 [WARN] PackLoader:240 - Cannot read IP mode file for wolfSSL.I-CUBE-wolfSSL.5.7.4
2026-01-16 09:48:31,831 [WARN] PackLoader:240 - Cannot read IP mode file for ITTIA_DB.I-CUBE-ITTIADB.8.9.0
2026-01-16 09:48:31,839 [WARN] PackLoader:240 - Cannot read IP mode file for STMicroelectronics.X-CUBE-ST67W61.1.0.0
2026-01-16 09:48:31,843 [WARN] PackLoader:240 - Cannot read IP mode file for STMicroelectronics.X-CUBE-AI.10.2.0
2026-01-16 09:48:31,866 [WARN] PackLoader:240 - Cannot read IP mode file for SEGGER.I-CUBE-embOS.1.3.1
2026-01-16 09:48:31,905 [WARN] PackLoader:240 - Cannot read IP mode file for STMicroelectronics.X-CUBE-ALGOBUILD.1.4.0
2026-01-16 09:48:31,963 [WARN] PackLoader:240 - Cannot read IP mode file for STMicroelectronics.X-CUBE-MEMS1.11.3.0
2026-01-16 09:48:32,050 [WARN] PackLoader:240 - Cannot read IP mode file for STMicroelectronics.X-CUBE-AI.9.1.0
2026-01-16 09:48:32,054 [WARN] PackLoader:240 - Cannot read IP mode file for STMicroelectronics.X-CUBE-PM33A1.1.0.0
2026-01-16 09:48:32,065 [WARN] PackLoader:240 - Cannot read IP mode file for STMicroelectronics.X-CUBE-AZRTOS-F4.1.1.0
2026-01-16 09:48:32,070 [WARN] PackLoader:240 - Cannot read IP mode file for Avnet-IotConnect.X-CUBE-IoTC-DA16k-PMOD.1.0.0
2026-01-16 09:48:32,075 [WARN] PackLoader:240 - Cannot read IP mode file for STMicroelectronics.X-CUBE-ISPU.2.1.0
2026-01-16 09:48:32,087 [WARN] PackLoader:240 - Cannot read IP mode file for STMicroelectronics.X-CUBE-IPS.3.2.0
2026-01-16 09:48:32,094 [WARN] PackLoader:240 - Cannot read IP mode file for STMicroelectronics.X-CUBE-FREERTOS.1.2.0
2026-01-16 09:48:32,099 [WARN] PackLoader:240 - Cannot read IP mode file for STMicroelectronics.X-CUBE-NFC12.1.0.0
2026-01-16 09:48:32,111 [WARN] PackLoader:240 - Cannot read IP mode file for STMicroelectronics.X-CUBE-AZRTOS-L5.2.0.0
2026-01-16 09:48:32,118 [WARN] PackLoader:240 - Cannot read IP mode file for STMicroelectronics.X-CUBE-NFC6.3.1.0
2026-01-16 09:48:32,124 [WARN] PackLoader:240 - Cannot read IP mode file for STMicroelectronics.X-CUBE-DPower.1.2.0
2026-01-16 09:48:32,129 [WARN] PackLoader:240 - Cannot read IP mode file for STMicroelectronics.X-CUBE-FREERTOS.1.3.1
2026-01-16 09:48:32,132 [WARN] PackLoader:240 - Cannot read IP mode file for STMicroelectronics.X-CUBE-FREERTOS.1.3.0
2026-01-16 09:48:32,136 [WARN] PackLoader:240 - Cannot read IP mode file for STMicroelectronics.X-CUBE-NFC7.1.0.1
2026-01-16 09:48:32,145 [WARN] PackLoader:240 - Cannot read IP mode file for STMicroelectronics.X-CUBE-TOUCHGFX.4.26.0
2026-01-16 09:48:32,149 [WARN] PackLoader:240 - Cannot read IP mode file for STMicroelectronics.FP-SNS-STAIOTCFT.1.0.0
2026-01-16 09:48:32,153 [WARN] PackLoader:240 - Cannot read IP mode file for STMicroelectronics.X-CUBE-DPower.1.3.0
2026-01-16 09:48:32,166 [WARN] ConditionMgr:438 - getConditionDescription Invalid condition id : LAN8742 Phy interface Condition cause : null
2026-01-16 09:48:32,167 [WARN] PackLoader:240 - Cannot read IP mode file for STMicroelectronics.X-CUBE-AZRTOS-L4.2.0.0
2026-01-16 09:48:32,168 [WARN] ConditionMgr:1044 - genDependencies : Invalid condition id : LAN8742 Phy interface Condition cause : null
2026-01-16 09:48:32,168 [WARN] ConditionMgr:1044 - genDependencies : Invalid condition id : LAN8742 Phy interface Condition cause : null
2026-01-16 09:48:32,168 [WARN] ConditionMgr:1044 - genDependencies : Invalid condition id : LAN8742 Phy interface Condition cause : null
2026-01-16 09:48:32,173 [WARN] PackLoader:240 - Cannot read IP mode file for STMicroelectronics.X-CUBE-SFXS2LP1.4.0.0
2026-01-16 09:48:32,190 [WARN] PackLoader:240 - Cannot read IP mode file for STMicroelectronics.X-CUBE-AZRTOS-H7.3.3.0
2026-01-16 09:48:32,201 [WARN] PackLoader:240 - Cannot read IP mode file for STMicroelectronics.X-CUBE-BLEMGR.4.1.0
2026-01-16 09:48:32,212 [WARN] PackLoader:240 - Cannot read IP mode file for STMicroelectronics.X-CUBE-IPS.3.0.0
2026-01-16 09:48:32,222 [WARN] ConditionMgr:438 - getConditionDescription Invalid condition id : UX DEVICE CLASS RTOS Condition cause : null
2026-01-16 09:48:32,222 [WARN] ConditionMgr:438 - getConditionDescription Invalid condition id : UX DEVICE CLASS RTOS Condition cause : null
2026-01-16 09:48:32,224 [WARN] PackLoader:240 - Cannot read IP mode file for STMicroelectronics.X-CUBE-AZRTOS-WB.2.0.0
2026-01-16 09:48:32,224 [WARN] ConditionMgr:1044 - genDependencies : Invalid condition id : UX DEVICE CLASS RTOS Condition cause : null
2026-01-16 09:48:32,224 [WARN] ConditionMgr:1044 - genDependencies : Invalid condition id : UX DEVICE CLASS RTOS Condition cause : null
2026-01-16 09:48:32,225 [WARN] ConditionMgr:1044 - genDependencies : Invalid condition id : UX DEVICE CLASS RTOS Condition cause : null
2026-01-16 09:48:32,225 [WARN] ConditionMgr:1044 - genDependencies : Invalid condition id : UX DEVICE CLASS RTOS Condition cause : null
2026-01-16 09:48:32,225 [WARN] ConditionMgr:1044 - genDependencies : Invalid condition id : UX DEVICE CLASS RTOS Condition cause : null
2026-01-16 09:48:32,232 [WARN] PackLoader:240 - Cannot read IP mode file for STMicroelectronics.X-CUBE-GNSS1.7.0.0
2026-01-16 09:48:32,240 [WARN] PackLoader:240 - Cannot read IP mode file for STMicroelectronics.X-CUBE-GNSS1.7.0.1
2026-01-16 09:48:32,246 [WARN] PackLoader:240 - Cannot read IP mode file for STMicroelectronics.X-CUBE-TOUCHGFX.4.25.0
2026-01-16 09:48:32,253 [WARN] PackLoader:240 - Cannot read IP mode file for STMicroelectronics.FP-SNS-STBOX1.2.0.0
2026-01-16 09:48:32,265 [WARN] PackLoader:240 - Cannot read IP mode file for STMicroelectronics.X-CUBE-SUBG2.5.0.0
2026-01-16 09:48:32,293 [WARN] PackLoader:240 - Cannot read IP mode file for STMicroelectronics.X-CUBE-AZRTOS-H7RS.1.1.0
2026-01-16 09:48:32,302 [WARN] PackLoader:240 - Cannot read IP mode file for Cesanta.I-CUBE-Mongoose.7.13.0
2026-01-16 09:48:32,312 [WARN] PackLoader:240 - Cannot read IP mode file for STMicroelectronics.X-CUBE-AZRTOS-G4.2.0.0
2026-01-16 09:48:32,317 [WARN] PackLoader:240 - Cannot read IP mode file for STMicroelectronics.X-CUBE-NFC7.2.0.0
2026-01-16 09:48:32,327 [WARN] PackLoader:240 - Cannot read IP mode file for STMicroelectronics.X-CUBE-IPS.3.1.0
2026-01-16 09:48:32,335 [WARN] PackLoader:240 - Cannot read IP mode file for STMicroelectronics.X-CUBE-ALS.1.0.2
2026-01-16 09:48:32,338 [WARN] PackLoader:240 - Cannot read IP mode file for STMicroelectronics.X-CUBE-TOUCHGFX.4.24.2
2026-01-16 09:48:32,341 [WARN] PackLoader:240 - Cannot read IP mode file for STMicroelectronics.X-CUBE-TOUCHGFX.4.24.1
2026-01-16 09:48:32,347 [WARN] PackLoader:240 - Cannot read IP mode file for STMicroelectronics.X-CUBE-STSE01.1.0.0
2026-01-16 09:48:32,351 [WARN] PackLoader:240 - Cannot read IP mode file for wolfSSL.I-CUBE-wolfTPM.3.4.0
2026-01-16 09:48:32,355 [WARN] PackLoader:240 - Cannot read IP mode file for portGmbH.I-Cube-SoM-uGOAL.1.1.0
2026-01-16 09:48:32,368 [WARN] PackLoader:240 - Cannot read IP mode file for STMicroelectronics.X-CUBE-AZRTOS-H7RS.1.0.0
2026-01-16 09:48:32,380 [WARN] PackLoader:240 - Cannot read IP mode file for STMicroelectronics.FP-ATR-ASTRA1.2.0.0
2026-01-16 09:48:32,391 [WARN] PackLoader:240 - Cannot read IP mode file for STMicroelectronics.X-CUBE-TOF1.3.4.2
2026-01-16 09:48:32,407 [WARN] PackLoader:240 - Cannot read IP mode file for STMicroelectronics.X-CUBE-TOF1.3.4.3
2026-01-16 09:48:32,435 [WARN] PackLoader:240 - Cannot read IP mode file for Infineon.AIROC-Wi-Fi-Bluetooth-STM32.1.6.1
2026-01-16 09:48:32,443 [WARN] PackLoader:240 - Cannot read IP mode file for wolfSSL.I-CUBE-wolfSSH.1.4.17
2026-01-16 09:48:32,444 [INFO] ThirdParty:978 - Integrity check success = true
2026-01-16 09:48:32,444 [INFO] IntegrityCheckThread:100 - exiting critical section [integrity check]
2026-01-16 09:48:32,444 [INFO] IntegrityCheckThread:103 - End integrity checks thread
2026-01-16 09:48:32,444 [INFO] ThirdParty:873 - entering critical section [close project]
2026-01-16 09:48:32,447 [INFO] ThirdParty:883 - exiting critical section [close project]
2026-01-16 09:48:32,455 [INFO] PinOutPanel:1589 - setPackage(No Configuration,No Configuration)
2026-01-16 09:48:32,457 [INFO] UtilMem:75 - Begin LoadConfig() Used Memory: 184912024 Bytes (313524224)
2026-01-16 09:48:32,494 [INFO] MicroXplorer:468 - Change Database Path : C:/Users/Chinnapop/.stm32cubemx/databases/DB.6.0.141/db/
2026-01-16 09:48:32,495 [INFO] MicroXplorer:498 - Change Database Version : DB.6.0.141
2026-01-16 09:48:34,222 [INFO] OpenFileManager:355 - Change cursor
2026-01-16 09:48:34,262 [INFO] Mcu:2029 - Initializing MCU STM32F767ZITx STM32F767ZITx STM32F767ZIT6
2026-01-16 09:48:37,229 [INFO] Context:786 - Trying to add GPIOservice into a context  which must be forbidden
2026-01-16 09:48:37,937 [INFO] ImportTextPane:234 - (OptionalMessage_ERROR) Pin20 (VP_RIF_VS_RIF1) cannot be retrieved for this MCU
2026-01-16 09:48:38,188 [INFO] RtosManager:558 - Registered RTOS mode: class=CMSIS, group=RTOS, mode=CMSIS_V1, owner=FREERTOS
2026-01-16 09:48:38,188 [INFO] RtosManager:558 - Registered RTOS mode: class=CMSIS, group=RTOS2, mode=CMSIS_V2, owner=FREERTOS
2026-01-16 09:48:38,189 [INFO] RtosManager:558 - Registered RTOS mode: class=RTOS, group=Core, mode=CMSIS_V1, owner=FREERTOS
2026-01-16 09:48:38,189 [INFO] RtosManager:558 - Registered RTOS mode: class=RTOS, group=Core, mode=CMSIS_V2, owner=FREERTOS
2026-01-16 09:48:38,189 [WARN] ModelIntegratedComponent:184 - Missing modes for component STMicroelectronics:FreeRTOS:0.0.1:STMicroelectronics:RTOS:FreeRTOS:Core:::10.2.0:
2026-01-16 09:48:38,197 [WARN] ModelIntegratedComponent:63 - No mode defined for component null
2026-01-16 09:48:38,197 [WARN] ModelIntegratedComponent:63 - No mode defined for component null
2026-01-16 09:48:38,197 [WARN] ModelIntegratedComponent:63 - No mode defined for component null
2026-01-16 09:48:38,197 [WARN] ModelIntegratedComponent:63 - No mode defined for component null
2026-01-16 09:48:38,197 [WARN] ModelIntegratedComponent:63 - No mode defined for component null
2026-01-16 09:48:38,197 [WARN] ModelIntegratedComponent:63 - No mode defined for component null
2026-01-16 09:48:38,197 [WARN] ModelIntegratedComponent:63 - No mode defined for component null
2026-01-16 09:48:38,197 [WARN] ModelIntegratedComponent:63 - No mode defined for component null
2026-01-16 09:48:38,197 [WARN] ModelIntegratedComponent:63 - No mode defined for component null
2026-01-16 09:48:38,197 [WARN] ModelIntegratedComponent:63 - No mode defined for component null
2026-01-16 09:48:38,197 [WARN] ModelIntegratedComponent:63 - No mode defined for component null
2026-01-16 09:48:38,197 [WARN] ModelIntegratedComponent:63 - No mode defined for component null
2026-01-16 09:48:38,197 [WARN] ModelIntegratedComponent:63 - No mode defined for component null
2026-01-16 09:48:38,197 [WARN] ModelIntegratedComponent:63 - No mode defined for component null
2026-01-16 09:48:38,197 [WARN] ModelIntegratedComponent:63 - No mode defined for component null
2026-01-16 09:48:38,197 [WARN] ModelIntegratedComponent:63 - No mode defined for component null
2026-01-16 09:48:38,197 [WARN] ModelIntegratedComponent:63 - No mode defined for component null
2026-01-16 09:48:38,197 [WARN] ModelIntegratedComponent:63 - No mode defined for component null
2026-01-16 09:48:38,197 [WARN] ModelIntegratedComponent:63 - No mode defined for component null
2026-01-16 09:48:38,197 [WARN] ModelIntegratedComponent:63 - No mode defined for component null
2026-01-16 09:48:38,197 [WARN] ModelIntegratedComponent:63 - No mode defined for component null
2026-01-16 09:48:38,197 [WARN] ModelIntegratedComponent:63 - No mode defined for component null
2026-01-16 09:48:38,197 [WARN] ModelIntegratedComponent:63 - No mode defined for component null
2026-01-16 09:48:38,197 [WARN] ModelIntegratedComponent:63 - No mode defined for component null
2026-01-16 09:48:38,198 [WARN] ModelIntegratedComponent:63 - No mode defined for component null
2026-01-16 09:48:38,198 [WARN] ModelIntegratedComponent:63 - No mode defined for component null
2026-01-16 09:48:38,198 [WARN] ModelIntegratedComponent:63 - No mode defined for component null
2026-01-16 09:48:38,198 [WARN] ModelIntegratedComponent:63 - No mode defined for component null
2026-01-16 09:48:38,198 [WARN] ModelIntegratedComponent:63 - No mode defined for component null
2026-01-16 09:48:38,198 [WARN] ModelIntegratedComponent:63 - No mode defined for component null
2026-01-16 09:48:38,198 [WARN] ModelIntegratedComponent:63 - No mode defined for component null
2026-01-16 09:48:38,198 [WARN] ModelIntegratedComponent:63 - No mode defined for component null
2026-01-16 09:48:38,198 [WARN] ModelIntegratedComponent:63 - No mode defined for component null
2026-01-16 09:48:38,198 [WARN] ModelIntegratedComponent:63 - No mode defined for component null
2026-01-16 09:48:38,198 [WARN] ModelIntegratedComponent:63 - No mode defined for component null
2026-01-16 09:48:38,198 [WARN] ModelPack:524 - Component already loaded: STMicroelectronics:HAL Drivers:0.0.0:STMicroelectronics:Device:STMicro_Driver:XSPI:HAL::0.0.1:HAL_XSPI
2026-01-16 09:48:38,450 [INFO] ThirdPartyModel:298 - Start build external matchings
2026-01-16 09:48:40,025 [INFO] ThirdPartyModel:316 - End build external matchings
2026-01-16 09:48:40,076 [INFO] RtosManager:1018 - Current active RTOS is FREERTOS [Cortex-M7NS]
2026-01-16 09:48:40,079 [INFO] ImportTextPane:234 - (OptionalMessage_ERROR) IP (CORTEX_M7) : Invalid parameter (Size)
2026-01-16 09:48:40,079 [INFO] ImportTextPane:234 - (OptionalMessage_ERROR) IP (CORTEX_M7) : Invalid parameter (SubRegionDisable)
2026-01-16 09:48:40,079 [INFO] ImportTextPane:234 - (OptionalMessage_ERROR) IP (CORTEX_M7) : Invalid parameter (DisableExec)
2026-01-16 09:48:40,079 [INFO] ImportTextPane:234 - (OptionalMessage_ERROR) IP (CORTEX_M7) : Invalid parameter (IsShareable)
2026-01-16 09:48:40,079 [INFO] ImportTextPane:234 - (OptionalMessage_ERROR) IP (CORTEX_M7) : Invalid parameter (BaseAddress)
2026-01-16 09:48:40,079 [INFO] ImportTextPane:234 - (OptionalMessage_ERROR) IP (CORTEX_M7) : Invalid parameter (Size)
2026-01-16 09:48:40,079 [INFO] ImportTextPane:234 - (OptionalMessage_ERROR) IP (CORTEX_M7) : Invalid parameter (DisableExec)
2026-01-16 09:48:40,079 [INFO] ImportTextPane:234 - (OptionalMessage_ERROR) IP (CORTEX_M7) : Invalid parameter (BaseAddress)
2026-01-16 09:48:40,079 [INFO] ImportTextPane:234 - (OptionalMessage_ERROR) IP (CORTEX_M7) : Invalid parameter (Size)
2026-01-16 09:48:40,079 [INFO] ImportTextPane:234 - (OptionalMessage_ERROR) IP (CORTEX_M7) : Invalid parameter (TypeExtField)
2026-01-16 09:48:40,079 [INFO] ImportTextPane:234 - (OptionalMessage_ERROR) IP (CORTEX_M7) : Invalid parameter (DisableExec)
2026-01-16 09:48:40,079 [INFO] ImportTextPane:234 - (OptionalMessage_ERROR) IP (CORTEX_M7) : Invalid parameter (IsShareable)
2026-01-16 09:48:40,079 [INFO] ImportTextPane:234 - (OptionalMessage_ERROR) IP (CORTEX_M7) : Invalid parameter (AccessPermission)
2026-01-16 09:48:40,079 [INFO] ImportTextPane:234 - (OptionalMessage_ERROR) IP (CORTEX_M7) : Invalid parameter (AccessPermission)
2026-01-16 09:48:40,079 [INFO] ImportTextPane:234 - (OptionalMessage_ERROR) IP (CORTEX_M7) : Invalid parameter (IsBufferable)
2026-01-16 09:48:40,080 [WARN] IP:2250 - Warning not found: check if there is a RefParameter without a condition.
2026-01-16 09:48:40,080 [WARN] IP:2250 - RxBufferAddress not found: check if there is a RefParameter without a condition.
2026-01-16 09:48:40,080 [WARN] IP:2250 - DESC_SIZE_UNIT not found: check if there is a RefParameter without a condition.
2026-01-16 09:48:40,094 [WARN] IP:2250 - LWIP_NETIF_HOSTNAME_NAME not found: check if there is a RefParameter without a condition.
2026-01-16 09:48:40,146 [INFO] ImportTextPane:234 - (OptionalMessage_ERROR) IP (RCC) : Invalid parameter (48MHZClocksFreq_Value)
2026-01-16 09:48:40,146 [INFO] ImportTextPane:234 - (OptionalMessage_ERROR) IP (RCC) : Invalid parameter (ADC12outputFreq_Value)
2026-01-16 09:48:40,146 [INFO] ImportTextPane:234 - (OptionalMessage_ERROR) IP (RCC) : Invalid parameter (ADC34outputFreq_Value)
2026-01-16 09:48:40,146 [INFO] ImportTextPane:234 - (OptionalMessage_ERROR) IP (RCC) : Invalid parameter (FamilyName)
2026-01-16 09:48:40,147 [INFO] ImportTextPane:234 - (OptionalMessage_ERROR) IP (RCC) : Invalid parameter (I2SClocksFreq_Value)
2026-01-16 09:48:40,147 [INFO] ImportTextPane:234 - (OptionalMessage_ERROR) IP (RCC) : Invalid parameter (LCDTFToutputFreq_Value)
2026-01-16 09:48:40,147 [INFO] ImportTextPane:234 - (OptionalMessage_ERROR) IP (RCC) : Invalid parameter (MCOFreq_Value)
2026-01-16 09:48:40,147 [INFO] ImportTextPane:234 - (OptionalMessage_ERROR) IP (RCC) : Invalid parameter (PLLMCOFreq_Value)
2026-01-16 09:48:40,147 [INFO] ImportTextPane:234 - (OptionalMessage_ERROR) IP (RCC) : Invalid parameter (PLLMUL)
2026-01-16 09:48:40,148 [INFO] ImportTextPane:234 - (OptionalMessage_ERROR) IP (RCC) : Invalid parameter (PRESCALERUSB)
2026-01-16 09:48:40,148 [INFO] ImportTextPane:234 - (OptionalMessage_ERROR) IP (RCC) : Parameter (RNGFreq_Value) has invalid value (216000000)
2026-01-16 09:48:40,148 [INFO] ImportTextPane:234 - (OptionalMessage_ERROR) IP (RCC) : Invalid parameter (RTCHSEDivFreq_Value)
2026-01-16 09:48:40,148 [INFO] ImportTextPane:234 - (OptionalMessage_ERROR) IP (RCC) : Parameter (SDMMC2Freq_Value) has invalid value (216000000)
2026-01-16 09:48:40,148 [INFO] ImportTextPane:234 - (OptionalMessage_ERROR) IP (RCC) : Parameter (SDMMCFreq_Value) has invalid value (216000000)
2026-01-16 09:48:40,149 [INFO] ImportTextPane:234 - (OptionalMessage_ERROR) IP (RCC) : Invalid parameter (SYSCLKSourceVirtual)
2026-01-16 09:48:40,149 [INFO] ImportTextPane:234 - (OptionalMessage_ERROR) IP (RCC) : Invalid parameter (TIM15Freq_Value)
2026-01-16 09:48:40,149 [INFO] ImportTextPane:234 - (OptionalMessage_ERROR) IP (RCC) : Invalid parameter (TIM16Freq_Value)
2026-01-16 09:48:40,149 [INFO] ImportTextPane:234 - (OptionalMessage_ERROR) IP (RCC) : Invalid parameter (TIM17Freq_Value)
2026-01-16 09:48:40,149 [INFO] ImportTextPane:234 - (OptionalMessage_ERROR) IP (RCC) : Invalid parameter (TIM1Freq_Value)
2026-01-16 09:48:40,149 [INFO] ImportTextPane:234 - (OptionalMessage_ERROR) IP (RCC) : Invalid parameter (TIM20Freq_Value)
2026-01-16 09:48:40,149 [INFO] ImportTextPane:234 - (OptionalMessage_ERROR) IP (RCC) : Invalid parameter (TIM2Freq_Value)
2026-01-16 09:48:40,149 [INFO] ImportTextPane:234 - (OptionalMessage_ERROR) IP (RCC) : Invalid parameter (TIM3Freq_Value)
2026-01-16 09:48:40,149 [INFO] ImportTextPane:234 - (OptionalMessage_ERROR) IP (RCC) : Invalid parameter (TIM8Freq_Value)
2026-01-16 09:48:40,149 [INFO] ImportTextPane:234 - (OptionalMessage_ERROR) IP (RCC) : Parameter (USBFreq_Value) has invalid value (216000000)
2026-01-16 09:48:40,150 [INFO] ImportTextPane:234 - (OptionalMessage_ERROR) IP (RCC) : Invalid parameter (VCOOutput2Freq_Value)
2026-01-16 09:48:40,150 [INFO] ImportTextPane:234 - (OptionalMessage_ERROR) IP (RCC) : Invalid parameter (VcooutputI2S)
2026-01-16 09:48:40,965 [INFO] ApiDb:581 - Connected to CubeFinder SQLite database (C:\Users\Chinnapop\.stmcufinder\plugins\mcufinder\mcu\cube-finder-db.db)
2026-01-16 09:48:41,024 [INFO] ApiDb:668 - CubeFinder database Data Model version=2.1
2026-01-16 09:48:41,024 [INFO] ApiDb:669 - CubeFinder database Configuration version=3.0.39
2026-01-16 09:48:41,025 [INFO] ApiDb:670 - CubeFinder database generation date=2025-12-22 (1766407740)
2026-01-16 09:48:41,025 [INFO] ApiDb:671 - CubeFinder database FW Pack versions=[FP-ATR-ASTRA1_V2.0.0, FP-SNS-FLIGHT1_V5.1.0, FP-SNS-MOTENV1_V5.1.0, FP-SNS-MOTENVWB1_V1.4.0, FP-SNS-SMARTAG2_V1.2.0, FP-SNS-STBOX1_V2.1.0, STM32Cube_FW_C0_V1.4.0, STM32Cube_FW_F4_V1.28.3, STM32Cube_FW_F7_V1.17.4, STM32Cube_FW_G0_V1.6.2, STM32Cube_FW_G4_V1.6.1, STM32Cube_FW_H5_V1.5.1, STM32Cube_FW_H7RS_V1.3.0, STM32Cube_FW_H7_V1.12.1, STM32Cube_FW_L0_V1.12.2, STM32Cube_FW_L4_V1.18.1, STM32Cube_FW_L5_V1.6.0, STM32Cube_FW_N6_V1.3.0, STM32Cube_FW_U0_V1.3.0, STM32Cube_FW_U3_V1.2.1, STM32Cube_FW_U5_V1.8.0, STM32Cube_FW_WB0_V1.4.0, STM32Cube_FW_WBA_V1.8.0, STM32Cube_FW_WB_V1.24.0, STM32Cube_FW_WL3_V1.3.0, STM32Cube_FW_WL_V1.4.0, X-CUBE-ALGOBUILD_V1.4.0, X-CUBE-ALS_V1.0.2, X-CUBE-AZRTOS-F4_V1.1.0, X-CUBE-AZRTOS-F7_V1.1.0, X-CUBE-AZRTOS-G0_V1.1.0, X-CUBE-AZRTOS-G4_V2.0.0, X-CUBE-AZRTOS-H7RS_V1.1.0, X-CUBE-AZRTOS-H7_V3.4.0, X-CUBE-AZRTOS-L4_V2.0.0, X-CUBE-AZRTOS-L5_V2.0.0, X-CUBE-AZRTOS-WB_V2.0.0, X-CUBE-AZRTOS-WL_V2.0.0, X-CUBE-BLE1_V7.1.0, X-CUBE-BLE2_V3.3.0, X-CUBE-BLEMGR_V4.1.0, X-CUBE-EEPRMA1_V5.2.0, X-CUBE-FREERTOS_V1.3.1, X-CUBE-GNSS1_V6.0.0, X-CUBE-MEMS1_V12.0.0, X-CUBE-NFC4_V3.0.0, X-CUBE-NFC7_V2.0.0, X-CUBE-SFXS2LP1_V4.0.0, X-CUBE-ST67W61_V1.1.0, X-CUBE-SUBG2_V5.0.0, X-CUBE-TOF1_V3.4.3]
2026-01-16 09:48:41,080 [INFO] DbBoardsSqlite:226 - include board P-NUCLEO-WB55-NUCLEO as a kit item of type 'Nucleo-64'
2026-01-16 09:48:41,080 [INFO] DbBoardsSqlite:226 - include board P-NUCLEO-WB55-USBDONGLE as a kit item of type 'Nucleo USB Dongle'
2026-01-16 09:48:41,080 [INFO] DbBoardsSqlite:226 - include board STEVAL-IDP005V1 as a kit item of type 'Evaluation Board'
2026-01-16 09:48:41,080 [INFO] DbBoardsSqlite:226 - include board STEVAL-IDP005V2 as a kit item of type 'Evaluation Board'
2026-01-16 09:48:41,138 [INFO] ApiDb:240 - Found 880 in-development CPN: [B-G473E-ZEST1S, B-WB1M-WPAN1, B-WBA5M-WPAN, B-WL5M-SUBG1, NUCLEO-C031C6, NUCLEO-C051C8, NUCLEO-C071RB, NUCLEO-C092RC, NUCLEO-H503RB, NUCLEO-H533RE, NUCLEO-H563ZI, NUCLEO-H7S3L8, NUCLEO-N657X0-Q, NUCLEO-U031R8, NUCLEO-U083RC, NUCLEO-U385RG-Q, NUCLEO-U545RE-Q, NUCLEO-U5A5ZJ-Q, NUCLEO-WB05KZ, NUCLEO-WB07CC, NUCLEO-WB09KE, NUCLEO-WBA52CG, NUCLEO-WBA55CG, NUCLEO-WL33CC1, NUCLEO-WL33CC2, STEVAL-PROTEUS1, STEVAL-SMARTAG2, STEVAL-STWINBX1, STM320518-EVAL, STM32C0116-DK, STM32C011D6Y3TR, STM32C011D6Y6TR, STM32C011F4P3, STM32C011F4P6, STM32C011F4U3, STM32C011F4U6TR, STM32C011F6P3, STM32C011F6P6, STM32C011F6U3, STM32C011F6U6TR, STM32C011J4M3, STM32C011J4M6, STM32C011J6M3, STM32C011J6M6, STM32C0316-DK, STM32C031C4T3, STM32C031C4T6, STM32C031C4U3, STM32C031C4U6, STM32C031C6T3, STM32C031C6T6, STM32C031C6U3, STM32C031C6U6, STM32C031F4P3, STM32C031F4P6, STM32C031F6P3, STM32C031F6P6, STM32C031G4U3, STM32C031G4U6, STM32C031G6U3, STM32C031G6U6, STM32C031K4T3, STM32C031K4T6, STM32C031K4U3, STM32C031K4U6, STM32C031K6T3, STM32C031K6T6, STM32C031K6U3, STM32C031K6U6, STM32C051C6T6, STM32C051C6U6, STM32C051C8T6, STM32C051C8U6, STM32C051D8Y6TR, STM32C051F6P6, STM32C051F8P6, STM32C051G6U6, STM32C051G8U6, STM32C051K6T6, STM32C051K6U6, STM32C051K8T6, STM32C071C8T6, STM32C071C8T6N, STM32C071C8U6, STM32C071C8U6N, STM32C071CBT6, STM32C071CBT6N, STM32C071CBU6, STM32C071CBU6N, STM32C071F8P6, STM32C071F8P6N, STM32C071FBP6, STM32C071FBP6N, STM32C071FBY6TR, STM32C071G8U6, STM32C071G8U6N, STM32C071GBU6, STM32C071GBU6N, STM32C071K8T6, STM32C071K8T6N, STM32C071K8U6, STM32C071K8U6N, STM32C071KBT6, STM32C071KBT6N, STM32C071KBU6, STM32C071KBU6N, STM32C071R8T6, STM32C071R8T6N, STM32C071RBI6N, STM32C071RBT6, STM32C071RBT6N, STM32C091CBT6, STM32C091CBU6, STM32C091CCT6, STM32C091CCU6, STM32C091ECY6TR, STM32C091FBP6, STM32C091FCP6, STM32C091GBU6, STM32C091GCU6, STM32C091KBT6, STM32C091KBU6, STM32C091KCT6, STM32C091KCU6, STM32C091RBT6, STM32C091RCI6, STM32C091RCT6, STM32C092CBT6, STM32C092CBU6, STM32C092CCT6, STM32C092CCU6, STM32C092ECY6TR, STM32C092FBP6, STM32C092FCP6, STM32C092GBU6, STM32C092GCU6, STM32C092KBT6, STM32C092KBU6, STM32C092KCT6, STM32C092KCU6, STM32C092RBT6, STM32C092RCI6, STM32C092RCT6, STM32G071K8TXN, STM32G071K8UXN, STM32G081GBU6N, STM32G081KBT6N, STM32G081KBUXN, STM32G0B1CCT6N, STM32G0B1KCT6, STM32G0B1NEY6TR, STM32G0B1RCT6N, STM32G0C1CCT6, STM32G0C1CCT6N, STM32G0C1CCU6N, STM32G0C1CET6N, STM32G0C1CEU6N, STM32G0C1KCT6, STM32G0C1NEY6TR, STM32G0C1RCI6N, STM32G0C1RCT6N, STM32G0C1REI6N, STM32G0C1RET6N, STM32G0C1VCI6, STM32G0C1VEI6, STM32G411C6T3, STM32G411C6T6, STM32G411C6U3, STM32G411C6U6, STM32G411C8T3, STM32G411C8T6, STM32G411C8U3, STM32G411C8U6, STM32G411CBT3, STM32G411CBT6, STM32G411CBU3, STM32G411CBU6, STM32G411K6T3, STM32G411K6T6, STM32G411K6U3, STM32G411K6U6, STM32G411K8T3, STM32G411K8T6, STM32G411K8U3, STM32G411K8U6, STM32G411KBT3, STM32G411KBT6, STM32G411KBU3, STM32G411KBU6, STM32G411M6T3, STM32G411M6T6, STM32G411M8T3, STM32G411M8T6, STM32G411MBT3, STM32G411MBT6, STM32G411R6T3, STM32G411R6T6, STM32G411R8T3, STM32G411R8T6, STM32G411RBT3, STM32G411RBT6, STM32G414CBT3, STM32G414CBT6, STM32G414CBU3, STM32G414CBU6, STM32G414CCT3, STM32G414CCT6, STM32G414CCU3, STM32G414CCU6, STM32G414MBT3, STM32G414MBT6, STM32G414MCT3, STM32G414MCT6, STM32G414RBT3, STM32G414RBT6, STM32G414RCT3, STM32G414RCT6, STM32G414VBT3, STM32G414VBT6, STM32G414VCT3, STM32G414VCT6, STM32G431CBT3Z, STM32G431RBT3Z, STM32G471CCT6, STM32G471CCU6, STM32G471CET3, STM32G471CET6, STM32G471CEU3, STM32G471CEU6, STM32G471MCT6, STM32G471MET3, STM32G471MET6, STM32G471MEY6TR, STM32G471QCT6, STM32G471QET3, STM32G471RCT6, STM32G471RET3, STM32G471RET6, STM32G471VCH6, STM32G471VCI6, STM32G471VCT6, STM32G471VEH3, STM32G471VEH6, STM32G471VEI3, STM32G471VEI6, STM32G471VET3, STM32G471VET6, STM32G473QET3Z, STM32G473RET3Z, STM32G474CCT6, STM32G491RET3Z, STM32H503CBT6, STM32H503CBU6, STM32H503EBY6TR, STM32H503KBU6, STM32H503RBT6, STM32H523CCT6, STM32H523CCU6, STM32H523CET6, STM32H523CEU6, STM32H523HEY6TR, STM32H523RCT6, STM32H523RET6, STM32H523VCI6, STM32H523VCT6, STM32H523VEI6, STM32H523VET6, STM32H523ZCJ6, STM32H523ZCT6, STM32H523ZEJ6, STM32H523ZET6, STM32H533CET6, STM32H533CEU6, STM32H533HEY6TR, STM32H533RET6, STM32H533VEI6, STM32H533VET6, STM32H533ZEJ6, STM32H533ZET6, STM32H562AGI6, STM32H562AII6, STM32H562IGK6, STM32H562IGT6, STM32H562IIK6, STM32H562IIT6, STM32H562RGT6, STM32H562RGV6, STM32H562RIT6, STM32H562RIV6, STM32H562VGT6, STM32H562VIT6, STM32H562ZGT6, STM32H562ZIT6, STM32H563AGI6, STM32H563AII3Q, STM32H563AII6, STM32H563IGK6, STM32H563IGT6, STM32H563IIK3Q, STM32H563IIK6, STM32H563IIT3Q, STM32H563IIT6, STM32H563MIY3QTR, STM32H563RGT6, STM32H563RGV6, STM32H563RIT6, STM32H563RIV6, STM32H563VGT6, STM32H563VIT3Q, STM32H563VIT6, STM32H563ZGT6, STM32H563ZIT3Q, STM32H563ZIT6, STM32H573AII3Q, STM32H573AII6, STM32H573I-DK, STM32H573IIK3Q, STM32H573IIK6, STM32H573IIT3Q, STM32H573IIT6, STM32H573MIY3QTR, STM32H573RIT6, STM32H573RIV6, STM32H573VIT3Q, STM32H573VIT6, STM32H573ZIT3Q, STM32H573ZIT6, STM32H7R3A8I6, STM32H7R3I8K6, STM32H7R3I8T6, STM32H7R3L8H6, STM32H7R3L8H6H, STM32H7R3R8V6, STM32H7R3V8H6, STM32H7R3V8T6, STM32H7R3V8Y6TR, STM32H7R3Z8J6, STM32H7R3Z8T6, STM32H7R7A8I6, STM32H7R7I8K6, STM32H7R7I8T6, STM32H7R7L8H6, STM32H7R7L8H6H, STM32H7R7Z8J6, STM32H7S3A8I6, STM32H7S3I8K6, STM32H7S3I8T6, STM32H7S3L8H6, STM32H7S3L8H6H, STM32H7S3R8V6, STM32H7S3V8H6, STM32H7S3V8T6, STM32H7S3V8Y6TR, STM32H7S3Z8J6, STM32H7S3Z8T6, STM32H7S78-DK, STM32H7S7A8I6, STM32H7S7I8K6, STM32H7S7I8T6, STM32H7S7L8H6, STM32H7S7L8H6H, STM32H7S7Z8J6, STM32L4R5QGI6STR, STM32MP131AAE3, STM32MP131AAF3, STM32MP131AAG3, STM32MP131CAE3, STM32MP131CAF3, STM32MP131CAG3, STM32MP131DAE7, STM32MP131DAF7, STM32MP131DAG7, STM32MP131FAE7, STM32MP131FAF7, STM32MP131FAG7, STM32MP133AAE3, STM32MP133AAF3, STM32MP133AAG3, STM32MP133CAE3, STM32MP133CAF3, STM32MP133CAG3, STM32MP133DAE7, STM32MP133DAF7, STM32MP133DAG7, STM32MP133FAE7, STM32MP133FAF7, STM32MP133FAG7, STM32MP135AAE3, STM32MP135AAF3, STM32MP135AAG3, STM32MP135CAE3, STM32MP135CAF3, STM32MP135CAG3, STM32MP135DAE7, STM32MP135DAF7, STM32MP135DAG7, STM32MP135F-DK, STM32MP135FAE7, STM32MP135FAF7, STM32MP135FAF7T, STM32MP135FAF7U, STM32MP135FAG7, STM32MP211AAL3, STM32MP211AAM3, STM32MP211AAN3, STM32MP211AAO3, STM32MP211CAL3, STM32MP211CAM3, STM32MP211CAN3, STM32MP211CAO3, STM32MP211DAL3, STM32MP211DAM3, STM32MP211DAN3, STM32MP211DAO3, STM32MP211FAL3, STM32MP211FAM3, STM32MP211FAN3, STM32MP211FAO3, STM32MP213AAL3, STM32MP213AAM3, STM32MP213AAN3, STM32MP213AAO3, STM32MP213CAL3, STM32MP213CAM3, STM32MP213CAN3, STM32MP213CAO3, STM32MP213DAL3, STM32MP213DAM3, STM32MP213DAN3, STM32MP213DAO3, STM32MP213FAL3, STM32MP213FAM3, STM32MP213FAN3, STM32MP213FAO3, STM32MP215AAL3, STM32MP215AAM3, STM32MP215AAN3, STM32MP215AAO3, STM32MP215CAL3, STM32MP215CAM3, STM32MP215CAN3, STM32MP215CAO3, STM32MP215DAL3, STM32MP215DAM3, STM32MP215DAN3, STM32MP215DAO3, STM32MP215F-DK, STM32MP215FAL3, STM32MP215FAM3, STM32MP215FAN3, STM32MP215FAO3, STM32MP231AAJ3, STM32MP231AAK3, STM32MP231AAL3, STM32MP231CAJ3, STM32MP231CAK3, STM32MP231CAL3, STM32MP231DAJ3, STM32MP231DAK3, STM32MP231DAL3, STM32MP231FAJ3, STM32MP231FAK3, STM32MP231FAL3, STM32MP233AAJ3, STM32MP233AAK3, STM32MP233AAL3, STM32MP233CAJ3, STM32MP233CAK3, STM32MP233CAL3, STM32MP233DAJ3, STM32MP233DAK3, STM32MP233DAL3, STM32MP233FAJ3, STM32MP233FAK3, STM32MP233FAL3, STM32MP235AAJ3, STM32MP235AAK3, STM32MP235AAL3, STM32MP235CAJ3, STM32MP235CAK3, STM32MP235CAL3, STM32MP235DAJ3, STM32MP235DAK3, STM32MP235DAL3, STM32MP235FAJ3, STM32MP235FAK3, STM32MP235FAL3, STM32MP251AAI3, STM32MP251AAK3, STM32MP251AAL3, STM32MP251CAI3, STM32MP251CAK3, STM32MP251CAL3, STM32MP251DAI3, STM32MP251DAK3, STM32MP251DAL3, STM32MP251FAI3, STM32MP251FAK3, STM32MP251FAL3, STM32MP253AAI3, STM32MP253AAK3, STM32MP253AAL3, STM32MP253CAI3, STM32MP253CAK3, STM32MP253CAL3, STM32MP253DAI3, STM32MP253DAK3, STM32MP253DAL3, STM32MP253FAI3, STM32MP253FAK3, STM32MP253FAL3, STM32MP255AAI3, STM32MP255AAK3, STM32MP255AAL3, STM32MP255CAI3, STM32MP255CAK3, STM32MP255CAL3, STM32MP255DAI3, STM32MP255DAK3, STM32MP255DAL3, STM32MP255FAI3, STM32MP255FAK3, STM32MP255FAL3, STM32MP257AAI3, STM32MP257AAK3, STM32MP257AAL3, STM32MP257CAI3, STM32MP257CAK3, STM32MP257CAL3, STM32MP257DAI3, STM32MP257DAK3, STM32MP257DAL3, STM32MP257F-DK, STM32MP257F-EV1, STM32MP257FAI3, STM32MP257FAK3, STM32MP257FAL3, STM32N645A0H3Q, STM32N645B0H3Q, STM32N645I0H3Q, STM32N645L0H3Q, STM32N645X0H3Q, STM32N645Z0H3Q, STM32N647A0H3Q, STM32N647B0H3Q, STM32N647I0H3Q, STM32N647L0H3Q, STM32N647X0H3Q, STM32N647Z0H3Q, STM32N655A0H3Q, STM32N655B0H3Q, STM32N655I0H3Q, STM32N655L0H3Q, STM32N655X0H3Q, STM32N655Z0H3Q, STM32N6570-DK, STM32N657A0H3Q, STM32N657B0H3Q, STM32N657I0H3Q, STM32N657L0H3Q, STM32N657X0H3Q, STM32N657Z0H3Q, STM32U031C6T6, STM32U031C6U6, STM32U031C8T6, STM32U031C8U6, STM32U031F4P6, STM32U031F6P6, STM32U031F8P6, STM32U031G6Y6TR, STM32U031G8Y6TR, STM32U031K4U6, STM32U031K6U6, STM32U031K8U6, STM32U031R6I6, STM32U031R6T6, STM32U031R8I6, STM32U031R8T6, STM32U073C8T6, STM32U073C8U6, STM32U073CBT6, STM32U073CBU6, STM32U073CCT6, STM32U073CCU6, STM32U073H8Y6TR, STM32U073HBY6TR, STM32U073HCY6TR, STM32U073K8U6, STM32U073KBU6, STM32U073KCU6, STM32U073M8I6, STM32U073M8T6, STM32U073MBI6, STM32U073MBT6, STM32U073MCI6, STM32U073MCT6, STM32U073R8I6, STM32U073R8T6, STM32U073RBI6, STM32U073RBT6, STM32U073RCI6, STM32U073RCT6, STM32U083C-DK, STM32U083CCT6, STM32U083CCU6, STM32U083HCY6TR, STM32U083KCU6, STM32U083MCI6, STM32U083MCT6, STM32U083RCI6, STM32U083RCT6, STM32U375CET6, STM32U375CET6Q, STM32U375CEU6, STM32U375CEU6Q, STM32U375CEY6QTR, STM32U375CGT6, STM32U375CGT6Q, STM32U375CGU6, STM32U375CGU6Q, STM32U375CGY6QTR, STM32U375KEU6, STM32U375KGU6, STM32U375REI6, STM32U375REI6Q, STM32U375RET6, STM32U375RET6Q, STM32U375REY6GTR, STM32U375REY6QTR, STM32U375RGI6, STM32U375RGI6Q, STM32U375RGT6, STM32U375RGT6Q, STM32U375RGY6GTR, STM32U375RGY6QTR, STM32U375VEI6, STM32U375VEI6Q, STM32U375VET6, STM32U375VET6Q, STM32U375VGI6, STM32U375VGI6Q, STM32U375VGT6, STM32U375VGT6Q, STM32U385CGT6, STM32U385CGT6Q, STM32U385CGU6, STM32U385CGU6Q, STM32U385CGY6QTR, STM32U385KGU6, STM32U385RGI6, STM32U385RGI6Q, STM32U385RGT6, STM32U385RGT6Q, STM32U385RGY6GTR, STM32U385RGY6QTR, STM32U385VGI6, STM32U385VGI6Q, STM32U385VGT6, STM32U385VGT6Q, STM32U535CBT6, STM32U535CBT6Q, STM32U535CBU6, STM32U535CBU6Q, STM32U535CCT6, STM32U535CCT6Q, STM32U535CCU6, STM32U535CCU6Q, STM32U535CET6, STM32U535CET6Q, STM32U535CEU6, STM32U535CEU6Q, STM32U535JEY6QTR, STM32U535NCY6QTR, STM32U535NEY6QTR, STM32U535RBI6, STM32U535RBI6Q, STM32U535RBT6, STM32U535RBT6Q, STM32U535RCI6, STM32U535RCI6Q, STM32U535RCT6, STM32U535RCT6Q, STM32U535REI6, STM32U535REI6Q, STM32U535RET6, STM32U535RET6Q, STM32U535VCI6, STM32U535VCI6Q, STM32U535VCT6, STM32U535VCT6Q, STM32U535VEI6, STM32U535VEI6Q, STM32U535VET6, STM32U535VET6Q, STM32U545CET6, STM32U545CET6Q, STM32U545CEU6, STM32U545CEU6Q, STM32U545JEY6QTR, STM32U545NEY6QTR, STM32U545REI6, STM32U545REI6Q, STM32U545RET6, STM32U545RET6Q, STM32U545VEI6, STM32U545VEI6Q, STM32U545VET6, STM32U545VET6Q, STM32U595AIH6, STM32U595AIH6Q, STM32U595AJH6, STM32U595AJH6Q, STM32U595QII6, STM32U595QII6Q, STM32U595QJI6, STM32U595QJI6Q, STM32U595RIT6, STM32U595RIT6Q, STM32U595RJT6, STM32U595RJT6Q, STM32U595VIT6, STM32U595VIT6Q, STM32U595VJT6, STM32U595VJT6Q, STM32U595ZIT6, STM32U595ZIT6Q, STM32U595ZIY6QTR, STM32U595ZJT6, STM32U595ZJT6Q, STM32U595ZJY6QTR, STM32U599BJY6QTR, STM32U599NIH6Q, STM32U599NJH6Q, STM32U599VIT6Q, STM32U599VJT6, STM32U599VJT6Q, STM32U599ZIT6Q, STM32U599ZIY6QTR, STM32U599ZJT6Q, STM32U599ZJY6QTR, STM32U5A5AJH6, STM32U5A5AJH6Q, STM32U5A5QII3Q , STM32U5A5QJI6, STM32U5A5QJI6Q, STM32U5A5RJT6, STM32U5A5RJT6Q, STM32U5A5VJT6, STM32U5A5VJT6Q, STM32U5A5ZJT6, STM32U5A5ZJT6Q, STM32U5A5ZJY6QTR, STM32U5A9BJY6QTR, STM32U5A9J-DK, STM32U5A9NJH6Q, STM32U5A9VJT6Q, STM32U5A9ZJT6Q, STM32U5A9ZJY6QTR, STM32U5F7VIT6, STM32U5F7VIT6Q, STM32U5F7VJT6, STM32U5F7VJT6Q, STM32U5F9BJY6QTR, STM32U5F9NJH6Q, STM32U5F9VIT6Q, STM32U5F9VJT6Q, STM32U5F9ZIJ6QTR, STM32U5F9ZIT6Q, STM32U5F9ZJJ6QTR, STM32U5F9ZJT6Q, STM32U5G7VJT6, STM32U5G7VJT6Q, STM32U5G9BJY6QTR, STM32U5G9J-DK1, STM32U5G9J-DK2, STM32U5G9NJH6Q, STM32U5G9VJT6Q, STM32U5G9ZJJ6QTR, STM32U5G9ZJT6Q, STM32WB05KZV6TR, STM32WB05KZV7TR, STM32WB05TZF6TR, STM32WB05TZF7TR, STM32WB06CCF6TR, STM32WB06CCF7TR, STM32WB06CCV6TR, STM32WB06CCV7TR, STM32WB06KCV6TR, STM32WB06KCV7TR, STM32WB07CCF6TR, STM32WB07CCF7TR, STM32WB07CCV6TR, STM32WB07CCV7TR, STM32WB07KCV6TR, STM32WB07KCV7TR, STM32WB09KEV6TR, STM32WB09KEV7TR, STM32WB09TEF6TR, STM32WB09TEF7TR, STM32WB1MMCH6, STM32WBA50KGU6, STM32WBA50KGU6TR, STM32WBA52CEU6, STM32WBA52CEU6TR, STM32WBA52CEU7, STM32WBA52CEU7TR, STM32WBA52CGU6, STM32WBA52CGU6TR, STM32WBA52CGU6U, STM32WBA52CGU7, STM32WBA52CGU7TR, STM32WBA52KEU6, STM32WBA52KEU6TR, STM32WBA52KGU6, STM32WBA52KGU6TR, STM32WBA54CEU6, STM32WBA54CEU6TR, STM32WBA54CEU7, STM32WBA54CEU7TR, STM32WBA54CGU6, STM32WBA54CGU6TR, STM32WBA54CGU7, STM32WBA54CGU7TR, STM32WBA54KEU6, STM32WBA54KEU6TR, STM32WBA54KEU7, STM32WBA54KEU7TR, STM32WBA54KGU6, STM32WBA54KGU6TR, STM32WBA54KGU7, STM32WBA54KGU7TR, STM32WBA55CEU6, STM32WBA55CEU6TR, STM32WBA55CEU7, STM32WBA55CEU7TR, STM32WBA55CGU6, STM32WBA55CGU6TR, STM32WBA55CGU6U, STM32WBA55CGU7, STM32WBA55CGU7TR, STM32WBA55G-DK1, STM32WBA55HEF6, STM32WBA55HEF7, STM32WBA55HGF6, STM32WBA55HGF7, STM32WBA55UEI6, STM32WBA55UEI6TR, STM32WBA55UEI7, STM32WBA55UEI7TR, STM32WBA55UGI6, STM32WBA55UGI6TR, STM32WBA55UGI7, STM32WBA55UGI7TR, STM32WBA5MMGH6TR, STM32WBA62MGF6, STM32WBA62MIF6, STM32WBA65MGF7, STM32WBA65MIF6, STM32WBA65MIF7, STM32WL30K8V6, STM32WL30KBV6, STM32WL31C8V6, STM32WL31CBV6, STM32WL31K8V6, STM32WL31KBV6, STM32WL33C8V6, STM32WL33C8V6X, STM32WL33CBV6, STM32WL33CBV6X, STM32WL33CCV6, STM32WL33CCV6A, STM32WL33CCV6X, STM32WL33K8V7, STM32WL33K8V7X, STM32WL33KBV7 , STM32WL33KBV7X, STM32WL33KCV7, STM32WL33KCV7X, STM32WL5MOCH6, STM32WL5MOCH6TR]
2026-01-16 09:48:41,143 [INFO] ApiDb:668 - CubeFinder database Data Model version=2.1
2026-01-16 09:48:41,144 [INFO] ApiDb:669 - CubeFinder database Configuration version=3.0.39
2026-01-16 09:48:41,144 [INFO] ApiDb:670 - CubeFinder database generation date=2025-12-22 (1766407740)
2026-01-16 09:48:41,144 [INFO] ApiDb:671 - CubeFinder database FW Pack versions=[FP-ATR-ASTRA1_V2.0.0, FP-SNS-FLIGHT1_V5.1.0, FP-SNS-MOTENV1_V5.1.0, FP-SNS-MOTENVWB1_V1.4.0, FP-SNS-SMARTAG2_V1.2.0, FP-SNS-STBOX1_V2.1.0, STM32Cube_FW_C0_V1.4.0, STM32Cube_FW_F4_V1.28.3, STM32Cube_FW_F7_V1.17.4, STM32Cube_FW_G0_V1.6.2, STM32Cube_FW_G4_V1.6.1, STM32Cube_FW_H5_V1.5.1, STM32Cube_FW_H7RS_V1.3.0, STM32Cube_FW_H7_V1.12.1, STM32Cube_FW_L0_V1.12.2, STM32Cube_FW_L4_V1.18.1, STM32Cube_FW_L5_V1.6.0, STM32Cube_FW_N6_V1.3.0, STM32Cube_FW_U0_V1.3.0, STM32Cube_FW_U3_V1.2.1, STM32Cube_FW_U5_V1.8.0, STM32Cube_FW_WB0_V1.4.0, STM32Cube_FW_WBA_V1.8.0, STM32Cube_FW_WB_V1.24.0, STM32Cube_FW_WL3_V1.3.0, STM32Cube_FW_WL_V1.4.0, X-CUBE-ALGOBUILD_V1.4.0, X-CUBE-ALS_V1.0.2, X-CUBE-AZRTOS-F4_V1.1.0, X-CUBE-AZRTOS-F7_V1.1.0, X-CUBE-AZRTOS-G0_V1.1.0, X-CUBE-AZRTOS-G4_V2.0.0, X-CUBE-AZRTOS-H7RS_V1.1.0, X-CUBE-AZRTOS-H7_V3.4.0, X-CUBE-AZRTOS-L4_V2.0.0, X-CUBE-AZRTOS-L5_V2.0.0, X-CUBE-AZRTOS-WB_V2.0.0, X-CUBE-AZRTOS-WL_V2.0.0, X-CUBE-BLE1_V7.1.0, X-CUBE-BLE2_V3.3.0, X-CUBE-BLEMGR_V4.1.0, X-CUBE-EEPRMA1_V5.2.0, X-CUBE-FREERTOS_V1.3.1, X-CUBE-GNSS1_V6.0.0, X-CUBE-MEMS1_V12.0.0, X-CUBE-NFC4_V3.0.0, X-CUBE-NFC7_V2.0.0, X-CUBE-SFXS2LP1_V4.0.0, X-CUBE-ST67W61_V1.1.0, X-CUBE-SUBG2_V5.0.0, X-CUBE-TOF1_V3.4.3]
2026-01-16 09:48:43,325 [INFO] ApiDb:240 - Found 880 in-development CPN: [B-G473E-ZEST1S, B-WB1M-WPAN1, B-WBA5M-WPAN, B-WL5M-SUBG1, NUCLEO-C031C6, NUCLEO-C051C8, NUCLEO-C071RB, NUCLEO-C092RC, NUCLEO-H503RB, NUCLEO-H533RE, NUCLEO-H563ZI, NUCLEO-H7S3L8, NUCLEO-N657X0-Q, NUCLEO-U031R8, NUCLEO-U083RC, NUCLEO-U385RG-Q, NUCLEO-U545RE-Q, NUCLEO-U5A5ZJ-Q, NUCLEO-WB05KZ, NUCLEO-WB07CC, NUCLEO-WB09KE, NUCLEO-WBA52CG, NUCLEO-WBA55CG, NUCLEO-WL33CC1, NUCLEO-WL33CC2, STEVAL-PROTEUS1, STEVAL-SMARTAG2, STEVAL-STWINBX1, STM320518-EVAL, STM32C0116-DK, STM32C011D6Y3TR, STM32C011D6Y6TR, STM32C011F4P3, STM32C011F4P6, STM32C011F4U3, STM32C011F4U6TR, STM32C011F6P3, STM32C011F6P6, STM32C011F6U3, STM32C011F6U6TR, STM32C011J4M3, STM32C011J4M6, STM32C011J6M3, STM32C011J6M6, STM32C0316-DK, STM32C031C4T3, STM32C031C4T6, STM32C031C4U3, STM32C031C4U6, STM32C031C6T3, STM32C031C6T6, STM32C031C6U3, STM32C031C6U6, STM32C031F4P3, STM32C031F4P6, STM32C031F6P3, STM32C031F6P6, STM32C031G4U3, STM32C031G4U6, STM32C031G6U3, STM32C031G6U6, STM32C031K4T3, STM32C031K4T6, STM32C031K4U3, STM32C031K4U6, STM32C031K6T3, STM32C031K6T6, STM32C031K6U3, STM32C031K6U6, STM32C051C6T6, STM32C051C6U6, STM32C051C8T6, STM32C051C8U6, STM32C051D8Y6TR, STM32C051F6P6, STM32C051F8P6, STM32C051G6U6, STM32C051G8U6, STM32C051K6T6, STM32C051K6U6, STM32C051K8T6, STM32C071C8T6, STM32C071C8T6N, STM32C071C8U6, STM32C071C8U6N, STM32C071CBT6, STM32C071CBT6N, STM32C071CBU6, STM32C071CBU6N, STM32C071F8P6, STM32C071F8P6N, STM32C071FBP6, STM32C071FBP6N, STM32C071FBY6TR, STM32C071G8U6, STM32C071G8U6N, STM32C071GBU6, STM32C071GBU6N, STM32C071K8T6, STM32C071K8T6N, STM32C071K8U6, STM32C071K8U6N, STM32C071KBT6, STM32C071KBT6N, STM32C071KBU6, STM32C071KBU6N, STM32C071R8T6, STM32C071R8T6N, STM32C071RBI6N, STM32C071RBT6, STM32C071RBT6N, STM32C091CBT6, STM32C091CBU6, STM32C091CCT6, STM32C091CCU6, STM32C091ECY6TR, STM32C091FBP6, STM32C091FCP6, STM32C091GBU6, STM32C091GCU6, STM32C091KBT6, STM32C091KBU6, STM32C091KCT6, STM32C091KCU6, STM32C091RBT6, STM32C091RCI6, STM32C091RCT6, STM32C092CBT6, STM32C092CBU6, STM32C092CCT6, STM32C092CCU6, STM32C092ECY6TR, STM32C092FBP6, STM32C092FCP6, STM32C092GBU6, STM32C092GCU6, STM32C092KBT6, STM32C092KBU6, STM32C092KCT6, STM32C092KCU6, STM32C092RBT6, STM32C092RCI6, STM32C092RCT6, STM32G071K8TXN, STM32G071K8UXN, STM32G081GBU6N, STM32G081KBT6N, STM32G081KBUXN, STM32G0B1CCT6N, STM32G0B1KCT6, STM32G0B1NEY6TR, STM32G0B1RCT6N, STM32G0C1CCT6, STM32G0C1CCT6N, STM32G0C1CCU6N, STM32G0C1CET6N, STM32G0C1CEU6N, STM32G0C1KCT6, STM32G0C1NEY6TR, STM32G0C1RCI6N, STM32G0C1RCT6N, STM32G0C1REI6N, STM32G0C1RET6N, STM32G0C1VCI6, STM32G0C1VEI6, STM32G411C6T3, STM32G411C6T6, STM32G411C6U3, STM32G411C6U6, STM32G411C8T3, STM32G411C8T6, STM32G411C8U3, STM32G411C8U6, STM32G411CBT3, STM32G411CBT6, STM32G411CBU3, STM32G411CBU6, STM32G411K6T3, STM32G411K6T6, STM32G411K6U3, STM32G411K6U6, STM32G411K8T3, STM32G411K8T6, STM32G411K8U3, STM32G411K8U6, STM32G411KBT3, STM32G411KBT6, STM32G411KBU3, STM32G411KBU6, STM32G411M6T3, STM32G411M6T6, STM32G411M8T3, STM32G411M8T6, STM32G411MBT3, STM32G411MBT6, STM32G411R6T3, STM32G411R6T6, STM32G411R8T3, STM32G411R8T6, STM32G411RBT3, STM32G411RBT6, STM32G414CBT3, STM32G414CBT6, STM32G414CBU3, STM32G414CBU6, STM32G414CCT3, STM32G414CCT6, STM32G414CCU3, STM32G414CCU6, STM32G414MBT3, STM32G414MBT6, STM32G414MCT3, STM32G414MCT6, STM32G414RBT3, STM32G414RBT6, STM32G414RCT3, STM32G414RCT6, STM32G414VBT3, STM32G414VBT6, STM32G414VCT3, STM32G414VCT6, STM32G431CBT3Z, STM32G431RBT3Z, STM32G471CCT6, STM32G471CCU6, STM32G471CET3, STM32G471CET6, STM32G471CEU3, STM32G471CEU6, STM32G471MCT6, STM32G471MET3, STM32G471MET6, STM32G471MEY6TR, STM32G471QCT6, STM32G471QET3, STM32G471RCT6, STM32G471RET3, STM32G471RET6, STM32G471VCH6, STM32G471VCI6, STM32G471VCT6, STM32G471VEH3, STM32G471VEH6, STM32G471VEI3, STM32G471VEI6, STM32G471VET3, STM32G471VET6, STM32G473QET3Z, STM32G473RET3Z, STM32G474CCT6, STM32G491RET3Z, STM32H503CBT6, STM32H503CBU6, STM32H503EBY6TR, STM32H503KBU6, STM32H503RBT6, STM32H523CCT6, STM32H523CCU6, STM32H523CET6, STM32H523CEU6, STM32H523HEY6TR, STM32H523RCT6, STM32H523RET6, STM32H523VCI6, STM32H523VCT6, STM32H523VEI6, STM32H523VET6, STM32H523ZCJ6, STM32H523ZCT6, STM32H523ZEJ6, STM32H523ZET6, STM32H533CET6, STM32H533CEU6, STM32H533HEY6TR, STM32H533RET6, STM32H533VEI6, STM32H533VET6, STM32H533ZEJ6, STM32H533ZET6, STM32H562AGI6, STM32H562AII6, STM32H562IGK6, STM32H562IGT6, STM32H562IIK6, STM32H562IIT6, STM32H562RGT6, STM32H562RGV6, STM32H562RIT6, STM32H562RIV6, STM32H562VGT6, STM32H562VIT6, STM32H562ZGT6, STM32H562ZIT6, STM32H563AGI6, STM32H563AII3Q, STM32H563AII6, STM32H563IGK6, STM32H563IGT6, STM32H563IIK3Q, STM32H563IIK6, STM32H563IIT3Q, STM32H563IIT6, STM32H563MIY3QTR, STM32H563RGT6, STM32H563RGV6, STM32H563RIT6, STM32H563RIV6, STM32H563VGT6, STM32H563VIT3Q, STM32H563VIT6, STM32H563ZGT6, STM32H563ZIT3Q, STM32H563ZIT6, STM32H573AII3Q, STM32H573AII6, STM32H573I-DK, STM32H573IIK3Q, STM32H573IIK6, STM32H573IIT3Q, STM32H573IIT6, STM32H573MIY3QTR, STM32H573RIT6, STM32H573RIV6, STM32H573VIT3Q, STM32H573VIT6, STM32H573ZIT3Q, STM32H573ZIT6, STM32H7R3A8I6, STM32H7R3I8K6, STM32H7R3I8T6, STM32H7R3L8H6, STM32H7R3L8H6H, STM32H7R3R8V6, STM32H7R3V8H6, STM32H7R3V8T6, STM32H7R3V8Y6TR, STM32H7R3Z8J6, STM32H7R3Z8T6, STM32H7R7A8I6, STM32H7R7I8K6, STM32H7R7I8T6, STM32H7R7L8H6, STM32H7R7L8H6H, STM32H7R7Z8J6, STM32H7S3A8I6, STM32H7S3I8K6, STM32H7S3I8T6, STM32H7S3L8H6, STM32H7S3L8H6H, STM32H7S3R8V6, STM32H7S3V8H6, STM32H7S3V8T6, STM32H7S3V8Y6TR, STM32H7S3Z8J6, STM32H7S3Z8T6, STM32H7S78-DK, STM32H7S7A8I6, STM32H7S7I8K6, STM32H7S7I8T6, STM32H7S7L8H6, STM32H7S7L8H6H, STM32H7S7Z8J6, STM32L4R5QGI6STR, STM32MP131AAE3, STM32MP131AAF3, STM32MP131AAG3, STM32MP131CAE3, STM32MP131CAF3, STM32MP131CAG3, STM32MP131DAE7, STM32MP131DAF7, STM32MP131DAG7, STM32MP131FAE7, STM32MP131FAF7, STM32MP131FAG7, STM32MP133AAE3, STM32MP133AAF3, STM32MP133AAG3, STM32MP133CAE3, STM32MP133CAF3, STM32MP133CAG3, STM32MP133DAE7, STM32MP133DAF7, STM32MP133DAG7, STM32MP133FAE7, STM32MP133FAF7, STM32MP133FAG7, STM32MP135AAE3, STM32MP135AAF3, STM32MP135AAG3, STM32MP135CAE3, STM32MP135CAF3, STM32MP135CAG3, STM32MP135DAE7, STM32MP135DAF7, STM32MP135DAG7, STM32MP135F-DK, STM32MP135FAE7, STM32MP135FAF7, STM32MP135FAF7T, STM32MP135FAF7U, STM32MP135FAG7, STM32MP211AAL3, STM32MP211AAM3, STM32MP211AAN3, STM32MP211AAO3, STM32MP211CAL3, STM32MP211CAM3, STM32MP211CAN3, STM32MP211CAO3, STM32MP211DAL3, STM32MP211DAM3, STM32MP211DAN3, STM32MP211DAO3, STM32MP211FAL3, STM32MP211FAM3, STM32MP211FAN3, STM32MP211FAO3, STM32MP213AAL3, STM32MP213AAM3, STM32MP213AAN3, STM32MP213AAO3, STM32MP213CAL3, STM32MP213CAM3, STM32MP213CAN3, STM32MP213CAO3, STM32MP213DAL3, STM32MP213DAM3, STM32MP213DAN3, STM32MP213DAO3, STM32MP213FAL3, STM32MP213FAM3, STM32MP213FAN3, STM32MP213FAO3, STM32MP215AAL3, STM32MP215AAM3, STM32MP215AAN3, STM32MP215AAO3, STM32MP215CAL3, STM32MP215CAM3, STM32MP215CAN3, STM32MP215CAO3, STM32MP215DAL3, STM32MP215DAM3, STM32MP215DAN3, STM32MP215DAO3, STM32MP215F-DK, STM32MP215FAL3, STM32MP215FAM3, STM32MP215FAN3, STM32MP215FAO3, STM32MP231AAJ3, STM32MP231AAK3, STM32MP231AAL3, STM32MP231CAJ3, STM32MP231CAK3, STM32MP231CAL3, STM32MP231DAJ3, STM32MP231DAK3, STM32MP231DAL3, STM32MP231FAJ3, STM32MP231FAK3, STM32MP231FAL3, STM32MP233AAJ3, STM32MP233AAK3, STM32MP233AAL3, STM32MP233CAJ3, STM32MP233CAK3, STM32MP233CAL3, STM32MP233DAJ3, STM32MP233DAK3, STM32MP233DAL3, STM32MP233FAJ3, STM32MP233FAK3, STM32MP233FAL3, STM32MP235AAJ3, STM32MP235AAK3, STM32MP235AAL3, STM32MP235CAJ3, STM32MP235CAK3, STM32MP235CAL3, STM32MP235DAJ3, STM32MP235DAK3, STM32MP235DAL3, STM32MP235FAJ3, STM32MP235FAK3, STM32MP235FAL3, STM32MP251AAI3, STM32MP251AAK3, STM32MP251AAL3, STM32MP251CAI3, STM32MP251CAK3, STM32MP251CAL3, STM32MP251DAI3, STM32MP251DAK3, STM32MP251DAL3, STM32MP251FAI3, STM32MP251FAK3, STM32MP251FAL3, STM32MP253AAI3, STM32MP253AAK3, STM32MP253AAL3, STM32MP253CAI3, STM32MP253CAK3, STM32MP253CAL3, STM32MP253DAI3, STM32MP253DAK3, STM32MP253DAL3, STM32MP253FAI3, STM32MP253FAK3, STM32MP253FAL3, STM32MP255AAI3, STM32MP255AAK3, STM32MP255AAL3, STM32MP255CAI3, STM32MP255CAK3, STM32MP255CAL3, STM32MP255DAI3, STM32MP255DAK3, STM32MP255DAL3, STM32MP255FAI3, STM32MP255FAK3, STM32MP255FAL3, STM32MP257AAI3, STM32MP257AAK3, STM32MP257AAL3, STM32MP257CAI3, STM32MP257CAK3, STM32MP257CAL3, STM32MP257DAI3, STM32MP257DAK3, STM32MP257DAL3, STM32MP257F-DK, STM32MP257F-EV1, STM32MP257FAI3, STM32MP257FAK3, STM32MP257FAL3, STM32N645A0H3Q, STM32N645B0H3Q, STM32N645I0H3Q, STM32N645L0H3Q, STM32N645X0H3Q, STM32N645Z0H3Q, STM32N647A0H3Q, STM32N647B0H3Q, STM32N647I0H3Q, STM32N647L0H3Q, STM32N647X0H3Q, STM32N647Z0H3Q, STM32N655A0H3Q, STM32N655B0H3Q, STM32N655I0H3Q, STM32N655L0H3Q, STM32N655X0H3Q, STM32N655Z0H3Q, STM32N6570-DK, STM32N657A0H3Q, STM32N657B0H3Q, STM32N657I0H3Q, STM32N657L0H3Q, STM32N657X0H3Q, STM32N657Z0H3Q, STM32U031C6T6, STM32U031C6U6, STM32U031C8T6, STM32U031C8U6, STM32U031F4P6, STM32U031F6P6, STM32U031F8P6, STM32U031G6Y6TR, STM32U031G8Y6TR, STM32U031K4U6, STM32U031K6U6, STM32U031K8U6, STM32U031R6I6, STM32U031R6T6, STM32U031R8I6, STM32U031R8T6, STM32U073C8T6, STM32U073C8U6, STM32U073CBT6, STM32U073CBU6, STM32U073CCT6, STM32U073CCU6, STM32U073H8Y6TR, STM32U073HBY6TR, STM32U073HCY6TR, STM32U073K8U6, STM32U073KBU6, STM32U073KCU6, STM32U073M8I6, STM32U073M8T6, STM32U073MBI6, STM32U073MBT6, STM32U073MCI6, STM32U073MCT6, STM32U073R8I6, STM32U073R8T6, STM32U073RBI6, STM32U073RBT6, STM32U073RCI6, STM32U073RCT6, STM32U083C-DK, STM32U083CCT6, STM32U083CCU6, STM32U083HCY6TR, STM32U083KCU6, STM32U083MCI6, STM32U083MCT6, STM32U083RCI6, STM32U083RCT6, STM32U375CET6, STM32U375CET6Q, STM32U375CEU6, STM32U375CEU6Q, STM32U375CEY6QTR, STM32U375CGT6, STM32U375CGT6Q, STM32U375CGU6, STM32U375CGU6Q, STM32U375CGY6QTR, STM32U375KEU6, STM32U375KGU6, STM32U375REI6, STM32U375REI6Q, STM32U375RET6, STM32U375RET6Q, STM32U375REY6GTR, STM32U375REY6QTR, STM32U375RGI6, STM32U375RGI6Q, STM32U375RGT6, STM32U375RGT6Q, STM32U375RGY6GTR, STM32U375RGY6QTR, STM32U375VEI6, STM32U375VEI6Q, STM32U375VET6, STM32U375VET6Q, STM32U375VGI6, STM32U375VGI6Q, STM32U375VGT6, STM32U375VGT6Q, STM32U385CGT6, STM32U385CGT6Q, STM32U385CGU6, STM32U385CGU6Q, STM32U385CGY6QTR, STM32U385KGU6, STM32U385RGI6, STM32U385RGI6Q, STM32U385RGT6, STM32U385RGT6Q, STM32U385RGY6GTR, STM32U385RGY6QTR, STM32U385VGI6, STM32U385VGI6Q, STM32U385VGT6, STM32U385VGT6Q, STM32U535CBT6, STM32U535CBT6Q, STM32U535CBU6, STM32U535CBU6Q, STM32U535CCT6, STM32U535CCT6Q, STM32U535CCU6, STM32U535CCU6Q, STM32U535CET6, STM32U535CET6Q, STM32U535CEU6, STM32U535CEU6Q, STM32U535JEY6QTR, STM32U535NCY6QTR, STM32U535NEY6QTR, STM32U535RBI6, STM32U535RBI6Q, STM32U535RBT6, STM32U535RBT6Q, STM32U535RCI6, STM32U535RCI6Q, STM32U535RCT6, STM32U535RCT6Q, STM32U535REI6, STM32U535REI6Q, STM32U535RET6, STM32U535RET6Q, STM32U535VCI6, STM32U535VCI6Q, STM32U535VCT6, STM32U535VCT6Q, STM32U535VEI6, STM32U535VEI6Q, STM32U535VET6, STM32U535VET6Q, STM32U545CET6, STM32U545CET6Q, STM32U545CEU6, STM32U545CEU6Q, STM32U545JEY6QTR, STM32U545NEY6QTR, STM32U545REI6, STM32U545REI6Q, STM32U545RET6, STM32U545RET6Q, STM32U545VEI6, STM32U545VEI6Q, STM32U545VET6, STM32U545VET6Q, STM32U595AIH6, STM32U595AIH6Q, STM32U595AJH6, STM32U595AJH6Q, STM32U595QII6, STM32U595QII6Q, STM32U595QJI6, STM32U595QJI6Q, STM32U595RIT6, STM32U595RIT6Q, STM32U595RJT6, STM32U595RJT6Q, STM32U595VIT6, STM32U595VIT6Q, STM32U595VJT6, STM32U595VJT6Q, STM32U595ZIT6, STM32U595ZIT6Q, STM32U595ZIY6QTR, STM32U595ZJT6, STM32U595ZJT6Q, STM32U595ZJY6QTR, STM32U599BJY6QTR, STM32U599NIH6Q, STM32U599NJH6Q, STM32U599VIT6Q, STM32U599VJT6, STM32U599VJT6Q, STM32U599ZIT6Q, STM32U599ZIY6QTR, STM32U599ZJT6Q, STM32U599ZJY6QTR, STM32U5A5AJH6, STM32U5A5AJH6Q, STM32U5A5QII3Q , STM32U5A5QJI6, STM32U5A5QJI6Q, STM32U5A5RJT6, STM32U5A5RJT6Q, STM32U5A5VJT6, STM32U5A5VJT6Q, STM32U5A5ZJT6, STM32U5A5ZJT6Q, STM32U5A5ZJY6QTR, STM32U5A9BJY6QTR, STM32U5A9J-DK, STM32U5A9NJH6Q, STM32U5A9VJT6Q, STM32U5A9ZJT6Q, STM32U5A9ZJY6QTR, STM32U5F7VIT6, STM32U5F7VIT6Q, STM32U5F7VJT6, STM32U5F7VJT6Q, STM32U5F9BJY6QTR, STM32U5F9NJH6Q, STM32U5F9VIT6Q, STM32U5F9VJT6Q, STM32U5F9ZIJ6QTR, STM32U5F9ZIT6Q, STM32U5F9ZJJ6QTR, STM32U5F9ZJT6Q, STM32U5G7VJT6, STM32U5G7VJT6Q, STM32U5G9BJY6QTR, STM32U5G9J-DK1, STM32U5G9J-DK2, STM32U5G9NJH6Q, STM32U5G9VJT6Q, STM32U5G9ZJJ6QTR, STM32U5G9ZJT6Q, STM32WB05KZV6TR, STM32WB05KZV7TR, STM32WB05TZF6TR, STM32WB05TZF7TR, STM32WB06CCF6TR, STM32WB06CCF7TR, STM32WB06CCV6TR, STM32WB06CCV7TR, STM32WB06KCV6TR, STM32WB06KCV7TR, STM32WB07CCF6TR, STM32WB07CCF7TR, STM32WB07CCV6TR, STM32WB07CCV7TR, STM32WB07KCV6TR, STM32WB07KCV7TR, STM32WB09KEV6TR, STM32WB09KEV7TR, STM32WB09TEF6TR, STM32WB09TEF7TR, STM32WB1MMCH6, STM32WBA50KGU6, STM32WBA50KGU6TR, STM32WBA52CEU6, STM32WBA52CEU6TR, STM32WBA52CEU7, STM32WBA52CEU7TR, STM32WBA52CGU6, STM32WBA52CGU6TR, STM32WBA52CGU6U, STM32WBA52CGU7, STM32WBA52CGU7TR, STM32WBA52KEU6, STM32WBA52KEU6TR, STM32WBA52KGU6, STM32WBA52KGU6TR, STM32WBA54CEU6, STM32WBA54CEU6TR, STM32WBA54CEU7, STM32WBA54CEU7TR, STM32WBA54CGU6, STM32WBA54CGU6TR, STM32WBA54CGU7, STM32WBA54CGU7TR, STM32WBA54KEU6, STM32WBA54KEU6TR, STM32WBA54KEU7, STM32WBA54KEU7TR, STM32WBA54KGU6, STM32WBA54KGU6TR, STM32WBA54KGU7, STM32WBA54KGU7TR, STM32WBA55CEU6, STM32WBA55CEU6TR, STM32WBA55CEU7, STM32WBA55CEU7TR, STM32WBA55CGU6, STM32WBA55CGU6TR, STM32WBA55CGU6U, STM32WBA55CGU7, STM32WBA55CGU7TR, STM32WBA55G-DK1, STM32WBA55HEF6, STM32WBA55HEF7, STM32WBA55HGF6, STM32WBA55HGF7, STM32WBA55UEI6, STM32WBA55UEI6TR, STM32WBA55UEI7, STM32WBA55UEI7TR, STM32WBA55UGI6, STM32WBA55UGI6TR, STM32WBA55UGI7, STM32WBA55UGI7TR, STM32WBA5MMGH6TR, STM32WBA62MGF6, STM32WBA62MIF6, STM32WBA65MGF7, STM32WBA65MIF6, STM32WBA65MIF7, STM32WL30K8V6, STM32WL30KBV6, STM32WL31C8V6, STM32WL31CBV6, STM32WL31K8V6, STM32WL31KBV6, STM32WL33C8V6, STM32WL33C8V6X, STM32WL33CBV6, STM32WL33CBV6X, STM32WL33CCV6, STM32WL33CCV6A, STM32WL33CCV6X, STM32WL33K8V7, STM32WL33K8V7X, STM32WL33KBV7 , STM32WL33KBV7X, STM32WL33KCV7, STM32WL33KCV7X, STM32WL5MOCH6, STM32WL5MOCH6TR]
2026-01-16 09:48:43,332 [INFO] DbMcus:218 - Found 4876 MCUs, 4876 are supported
2026-01-16 09:48:43,333 [INFO] ApiDb:423 - Load user favorites file C:\Users\Chinnapop/.stm32cubeide/favorites.mcus.txt: 0 item(s)
2026-01-16 09:48:43,333 [INFO] ApiDb:427 - User favorites MCUs=[]
2026-01-16 09:48:43,333 [INFO] DbMcus:224 - Set 0 / 0 favorites MCUs
2026-01-16 09:48:43,974 [INFO] BoardInfo:889 - No configuration file found for board P-NUCLEO-WB55
2026-01-16 09:48:43,977 [INFO] DbBoards:161 - Kit is not supported: P-NUCLEO-WB55
2026-01-16 09:48:43,985 [INFO] BoardInfo:889 - No configuration file found for board STEVAL-BFA001V1B
2026-01-16 09:48:43,988 [INFO] DbBoards:161 - Kit is not supported: STEVAL-BFA001V1B
2026-01-16 09:48:43,989 [INFO] BoardInfo:889 - No configuration file found for board STEVAL-BFA001V2B
2026-01-16 09:48:43,991 [INFO] DbBoards:161 - Kit is not supported: STEVAL-BFA001V2B
2026-01-16 09:48:44,247 [INFO] DbBoards:168 - Found 212 boards, 209 are supported
2026-01-16 09:48:44,247 [INFO] DbBoards:169 - Found 212 boards, 43 of them is supported for  Bsp
2026-01-16 09:48:44,251 [INFO] ApiDb:423 - Load user favorites file C:\Users\Chinnapop/.stm32cubeide/favorites.boards.txt: 0 item(s)
2026-01-16 09:48:44,251 [INFO] ApiDb:427 - User favorites Boards=[]
2026-01-16 09:48:44,251 [INFO] DbBoards:198 - Set 0 / 0 favorites Boards
2026-01-16 09:48:44,383 [INFO] UtilMem:75 - End LoadConfig() Used Memory: 369181584 Bytes (440401920)
2026-01-16 09:48:44,508 [WARN] ThirdParty:833 - waiting for thirdparty lock release [change project]
2026-01-16 09:48:44,508 [INFO] ThirdParty:835 - entering critical section [change project]
2026-01-16 09:48:44,509 [INFO] ThirdParty:1030 - CMSIS Pack Vendor :STMicroelectronics X-CUBE-PM33A1 1.0.0
2026-01-16 09:48:44,509 [INFO] ThirdParty:1030 - CMSIS Pack Vendor :STMicroelectronics USBPD 4.1
2026-01-16 09:48:44,509 [INFO] ThirdParty:1030 - CMSIS Pack Vendor :STMicroelectronics USB_HOST 2.0.0
2026-01-16 09:48:44,509 [INFO] ThirdParty:1030 - CMSIS Pack Vendor :STMicroelectronics FP-SNS-MOTENVWB1 1.4.0
2026-01-16 09:48:44,509 [INFO] ThirdParty:1030 - CMSIS Pack Vendor :STMicroelectronics X-CUBE-AZRTOS-F4 1.1.0
2026-01-16 09:48:44,509 [INFO] ThirdParty:1030 - CMSIS Pack Vendor :STMicroelectronics LIBJPEG 8.0.0
2026-01-16 09:48:44,509 [INFO] ThirdParty:1030 - CMSIS Pack Vendor :STMicroelectronics FP-ATR-ASTRA1 2.0.2
2026-01-16 09:48:44,509 [INFO] ThirdParty:1030 - CMSIS Pack Vendor :STMicroelectronics FP-ATR-ASTRA1 2.0.1
2026-01-16 09:48:44,509 [INFO] ThirdParty:1030 - CMSIS Pack Vendor :Avnet-IotConnect X-CUBE-IoTC-DA16k-PMOD 1.0.0
2026-01-16 09:48:44,509 [INFO] ThirdParty:1030 - CMSIS Pack Vendor :STMicroelectronics X-CUBE-SMBUS 2.1.0
2026-01-16 09:48:44,509 [INFO] ThirdParty:1030 - CMSIS Pack Vendor :STMicroelectronics X-CUBE-WB05N 1.1.0
2026-01-16 09:48:44,509 [INFO] ThirdParty:1030 - CMSIS Pack Vendor :STMicroelectronics X-CUBE-ISPU 2.1.0
2026-01-16 09:48:44,509 [INFO] ThirdParty:1030 - CMSIS Pack Vendor :STMicroelectronics X-CUBE-IPS 3.2.0
2026-01-16 09:48:44,509 [INFO] ThirdParty:1030 - CMSIS Pack Vendor :STMicroelectronics X-CUBE-FREERTOS 1.2.0
2026-01-16 09:48:44,509 [INFO] ThirdParty:1030 - CMSIS Pack Vendor :STMicroelectronics X-CUBE-ST60 1.0.0
2026-01-16 09:48:44,509 [INFO] ThirdParty:1030 - CMSIS Pack Vendor :STMicroelectronics X-CUBE-NFC12 1.0.0
2026-01-16 09:48:44,509 [INFO] ThirdParty:1030 - CMSIS Pack Vendor :STMicroelectronics X-CUBE-AZRTOS-F7 1.1.0
2026-01-16 09:48:44,509 [INFO] ThirdParty:1030 - CMSIS Pack Vendor :STMicroelectronics X-CUBE-AZRTOS-L5 2.0.0
2026-01-16 09:48:44,509 [INFO] ThirdParty:1030 - CMSIS Pack Vendor :STMicroelectronics USB_DEVICE 2.0.0
2026-01-16 09:48:44,509 [INFO] ThirdParty:1030 - CMSIS Pack Vendor :STMicroelectronics X-CUBE-NFC6 3.1.0
2026-01-16 09:48:44,509 [INFO] ThirdParty:1030 - CMSIS Pack Vendor :STMicroelectronics X-CUBE-MEMS1 11.0.0
2026-01-16 09:48:44,509 [INFO] ThirdParty:1030 - CMSIS Pack Vendor :STMicroelectronics FP-SNS-MOTENV1 5.1.0
2026-01-16 09:48:44,509 [INFO] ThirdParty:1030 - CMSIS Pack Vendor :STMicroelectronics FreeRTOS 0.0.1
2026-01-16 09:48:44,509 [INFO] ThirdParty:1030 - CMSIS Pack Vendor :STMicroelectronics X-CUBE-DPower 1.2.0
2026-01-16 09:48:44,509 [INFO] ThirdParty:1030 - CMSIS Pack Vendor :STMicroelectronics FP-SNS-FLIGHT1 5.0.2
2026-01-16 09:48:44,509 [INFO] ThirdParty:1030 - CMSIS Pack Vendor :STMicroelectronics PDM2PCM 3.3.0
2026-01-16 09:48:44,509 [INFO] ThirdParty:1030 - CMSIS Pack Vendor :STMicroelectronics X-CUBE-AZRTOS-H7 3.4.0
2026-01-16 09:48:44,509 [INFO] ThirdParty:1030 - CMSIS Pack Vendor :STMicroelectronics X-CUBE-DISPLAY 3.0.0
2026-01-16 09:48:44,509 [INFO] ThirdParty:1030 - CMSIS Pack Vendor :STMicroelectronics X-CUBE-BLE1 7.0.0
2026-01-16 09:48:44,509 [INFO] ThirdParty:1030 - CMSIS Pack Vendor :STMicroelectronics X-CUBE-NFC10 1.0.0
2026-01-16 09:48:44,509 [INFO] ThirdParty:1030 - CMSIS Pack Vendor :STMicroelectronics X-CUBE-BLEMGR 4.0.0
2026-01-16 09:48:44,509 [INFO] ThirdParty:1030 - CMSIS Pack Vendor :STMicroelectronics X-CUBE-FREERTOS 1.3.1
2026-01-16 09:48:44,509 [INFO] ThirdParty:1030 - CMSIS Pack Vendor :STMicroelectronics HAL Drivers 0.0.0
2026-01-16 09:48:44,509 [INFO] ThirdParty:1030 - CMSIS Pack Vendor :STMicroelectronics X-CUBE-ST60 1.1.0
2026-01-16 09:48:44,510 [INFO] ThirdParty:1030 - CMSIS Pack Vendor :emotas I-CUBE-CANOPEN 1.3.0
2026-01-16 09:48:44,510 [INFO] ThirdParty:1030 - CMSIS Pack Vendor :STMicroelectronics X-CUBE-FREERTOS 1.3.0
2026-01-16 09:48:44,510 [INFO] ThirdParty:1030 - CMSIS Pack Vendor :STMicroelectronics X-CUBE-NFC7 1.0.1
2026-01-16 09:48:44,510 [INFO] ThirdParty:1030 - CMSIS Pack Vendor :STMicroelectronics MBEDTLS 2.14.1
2026-01-16 09:48:44,510 [INFO] ThirdParty:1030 - CMSIS Pack Vendor :STMicroelectronics X-CUBE-GNSS1 7.1.0
2026-01-16 09:48:44,510 [INFO] ThirdParty:1030 - CMSIS Pack Vendor :STMicroelectronics X-CUBE-TOUCHGFX 4.26.0
2026-01-16 09:48:44,510 [INFO] ThirdParty:1030 - CMSIS Pack Vendor :STMicroelectronics X-CUBE-BLEMGR 3.1.0
2026-01-16 09:48:44,510 [INFO] ThirdParty:1030 - CMSIS Pack Vendor :STMicroelectronics X-CUBE-AI 10.0.0
2026-01-16 09:48:44,510 [INFO] ThirdParty:1030 - CMSIS Pack Vendor :STMicroelectronics FP-SNS-STBOX1 2.1.0
2026-01-16 09:48:44,510 [INFO] ThirdParty:1030 - CMSIS Pack Vendor :STMicroelectronics FP-SNS-STAIOTCFT 1.0.0
2026-01-16 09:48:44,510 [INFO] ThirdParty:1030 - CMSIS Pack Vendor :STMicroelectronics FP-SNS-SMARTAG2 1.2.0
2026-01-16 09:48:44,510 [INFO] ThirdParty:1030 - CMSIS Pack Vendor :STMicroelectronics FP-SNS-FLIGHT1 5.1.0
2026-01-16 09:48:44,510 [INFO] ThirdParty:1030 - CMSIS Pack Vendor :STMicroelectronics X-CUBE-MEMS1 11.1.0
2026-01-16 09:48:44,510 [INFO] ThirdParty:1030 - CMSIS Pack Vendor :STMicroelectronics X-CUBE-AZRTOS-WL 2.0.0
2026-01-16 09:48:44,510 [INFO] ThirdParty:1030 - CMSIS Pack Vendor :STMicroelectronics X-CUBE-DPower 1.3.0
2026-01-16 09:48:44,510 [INFO] ThirdParty:1030 - CMSIS Pack Vendor :STMicroelectronics FP-SNS-MOTENV1 5.0.0
2026-01-16 09:48:44,510 [INFO] ThirdParty:1030 - CMSIS Pack Vendor :STMicroelectronics USB_DEVICE 1.0.0
2026-01-16 09:48:44,510 [INFO] ThirdParty:1030 - CMSIS Pack Vendor :STMicroelectronics X-CUBE-AZRTOS-H7RS 1.2.0
2026-01-16 09:48:44,510 [INFO] ThirdParty:1030 - CMSIS Pack Vendor :wolfSSL I-CUBE-wolfMQTT 1.19.0
2026-01-16 09:48:44,510 [INFO] ThirdParty:1030 - CMSIS Pack Vendor :STMicroelectronics X-CUBE-AZRTOS-L4 2.0.0
2026-01-16 09:48:44,510 [INFO] ThirdParty:1030 - CMSIS Pack Vendor :STMicroelectronics ThreadX 0.0.2
2026-01-16 09:48:44,510 [INFO] ThirdParty:1030 - CMSIS Pack Vendor :WES I-CUBE-Cesium 1.3.0
2026-01-16 09:48:44,510 [INFO] ThirdParty:1030 - CMSIS Pack Vendor :STMicroelectronics lwIP 2.1.2
2026-01-16 09:48:44,510 [INFO] ThirdParty:1030 - CMSIS Pack Vendor :STMicroelectronics X-CUBE-SFXS2LP1 4.0.0
2026-01-16 09:48:44,510 [INFO] ThirdParty:1030 - CMSIS Pack Vendor :STMicroelectronics X-CUBE-BLE2 3.3.0
2026-01-16 09:48:44,510 [INFO] ThirdParty:1030 - CMSIS Pack Vendor :STMicroelectronics PDM2PCM 3.2.0
2026-01-16 09:48:44,510 [INFO] ThirdParty:1030 - CMSIS Pack Vendor :STMicroelectronics X-CUBE-AZRTOS-H7 3.3.0
2026-01-16 09:48:44,510 [INFO] ThirdParty:1030 - CMSIS Pack Vendor :STMicroelectronics X-CUBE-NFC9 1.0.0
2026-01-16 09:48:44,510 [INFO] ThirdParty:1030 - CMSIS Pack Vendor :STMicroelectronics X-CUBE-BLE1 7.1.0
2026-01-16 09:48:44,511 [INFO] ThirdParty:1030 - CMSIS Pack Vendor :STMicroelectronics USB_DEVICE 3.0.0
2026-01-16 09:48:44,511 [INFO] ThirdParty:1030 - CMSIS Pack Vendor :STMicroelectronics X-CUBE-TCPP 4.1.0
2026-01-16 09:48:44,511 [INFO] ThirdParty:1030 - CMSIS Pack Vendor :STMicroelectronics X-CUBE-FREERTOS 1.4.0
2026-01-16 09:48:44,511 [INFO] ThirdParty:1030 - CMSIS Pack Vendor :STMicroelectronics X-CUBE-EEPRMA1 5.2.0
2026-01-16 09:48:44,511 [INFO] ThirdParty:1030 - CMSIS Pack Vendor :STMicroelectronics X-CUBE-BLEMGR 4.1.0
2026-01-16 09:48:44,511 [INFO] ThirdParty:1030 - CMSIS Pack Vendor :STMicroelectronics X-CUBE-IPS 3.0.0
2026-01-16 09:48:44,511 [INFO] ThirdParty:1030 - CMSIS Pack Vendor :STMicroelectronics X-CUBE-AZRTOS-WB 2.0.0
2026-01-16 09:48:44,511 [INFO] ThirdParty:1030 - CMSIS Pack Vendor :STMicroelectronics X-CUBE-GNSS1 7.0.0
2026-01-16 09:48:44,511 [INFO] ThirdParty:1030 - CMSIS Pack Vendor :STMicroelectronics X-CUBE-GNSS1 7.0.1
2026-01-16 09:48:44,511 [INFO] ThirdParty:1030 - CMSIS Pack Vendor :STMicroelectronics X-CUBE-TOUCHGFX 4.25.0
2026-01-16 09:48:44,511 [INFO] ThirdParty:1030 - CMSIS Pack Vendor :STMicroelectronics X-CUBE-ST67W61 1.1.0
2026-01-16 09:48:44,511 [INFO] ThirdParty:1030 - CMSIS Pack Vendor :STMicroelectronics X-CUBE-AI 10.1.0
2026-01-16 09:48:44,511 [INFO] ThirdParty:1030 - CMSIS Pack Vendor :STMicroelectronics FP-SNS-STBOX1 2.0.0
2026-01-16 09:48:44,511 [INFO] ThirdParty:1030 - CMSIS Pack Vendor :STMicroelectronics X-CUBE-MEMS1 12.0.0
2026-01-16 09:48:44,511 [INFO] ThirdParty:1030 - CMSIS Pack Vendor :STMicroelectronics X-CUBE-MEMS1 11.2.0
2026-01-16 09:48:44,511 [INFO] ThirdParty:1030 - CMSIS Pack Vendor :STMicroelectronics X-CUBE-AZRTOS-G0 1.1.0
2026-01-16 09:48:44,511 [INFO] ThirdParty:1030 - CMSIS Pack Vendor :STMicroelectronics X-CUBE-SAFEA1 1.2.2
2026-01-16 09:48:44,511 [INFO] ThirdParty:1030 - CMSIS Pack Vendor :STMicroelectronics X-CUBE-NFC4 3.0.0
2026-01-16 09:48:44,511 [INFO] ThirdParty:1030 - CMSIS Pack Vendor :STMicroelectronics X-CUBE-SUBG2 5.0.0
2026-01-16 09:48:44,511 [INFO] ThirdParty:1030 - CMSIS Pack Vendor :STMicroelectronics X-CUBE-AZRTOS-H7RS 1.1.0
2026-01-16 09:48:44,511 [INFO] ThirdParty:1030 - CMSIS Pack Vendor :STMicroelectronics STM32_WPAN 1.0.0
2026-01-16 09:48:44,511 [INFO] ThirdParty:1030 - CMSIS Pack Vendor :EmbeddedOffice I-CUBE-FS-RTOS 1.0.1
2026-01-16 09:48:44,511 [INFO] ThirdParty:1030 - CMSIS Pack Vendor :STMicroelectronics lwIP 2.0.3
2026-01-16 09:48:44,511 [INFO] ThirdParty:1030 - CMSIS Pack Vendor :Cesanta I-CUBE-Mongoose 7.13.0
2026-01-16 09:48:44,511 [INFO] ThirdParty:1030 - CMSIS Pack Vendor :STMicroelectronics USB_HOST 1.0.0
2026-01-16 09:48:44,511 [INFO] ThirdParty:1030 - CMSIS Pack Vendor :STMicroelectronics X-CUBE-AZRTOS-G4 2.0.0
2026-01-16 09:48:44,511 [INFO] ThirdParty:1030 - CMSIS Pack Vendor :STMicroelectronics X-CUBE-WB05N 2.0.0
2026-01-16 09:48:44,511 [INFO] ThirdParty:1030 - CMSIS Pack Vendor :STMicroelectronics PDM2PCM 3.1.0
2026-01-16 09:48:44,511 [INFO] ThirdParty:1030 - CMSIS Pack Vendor :STMicroelectronics X-CUBE-NFC7 2.0.0
2026-01-16 09:48:44,511 [INFO] ThirdParty:1030 - CMSIS Pack Vendor :STMicroelectronics X-CUBE-TCPP 4.2.0
2026-01-16 09:48:44,511 [INFO] ThirdParty:1030 - CMSIS Pack Vendor :RealThread X-CUBE-RT-Thread_Nano 4.1.1
2026-01-16 09:48:44,511 [INFO] ThirdParty:1030 - CMSIS Pack Vendor :STMicroelectronics FP-ATR-SIGFOX1 3.2.0
2026-01-16 09:48:44,511 [INFO] ThirdParty:1030 - CMSIS Pack Vendor :quantropi X-CUBE-qispace-sdk-base 1.9.3
2026-01-16 09:48:44,511 [INFO] ThirdParty:1030 - CMSIS Pack Vendor :STMicroelectronics X-CUBE-EEPRMA1 5.1.0
2026-01-16 09:48:44,511 [INFO] ThirdParty:1030 - CMSIS Pack Vendor :STMicroelectronics MBEDTLS 2.16.2
2026-01-16 09:48:44,511 [INFO] ThirdParty:1030 - CMSIS Pack Vendor :STMicroelectronics X-CUBE-IPS 3.1.0
2026-01-16 09:48:44,511 [INFO] ThirdParty:1030 - CMSIS Pack Vendor :STMicroelectronics X-CUBE-ALS 1.0.2
2026-01-16 09:48:44,511 [INFO] ThirdParty:1030 - CMSIS Pack Vendor :wolfSSL I-CUBE-wolfSSL 5.7.4
2026-01-16 09:48:44,511 [INFO] ThirdParty:1030 - CMSIS Pack Vendor :ITTIA_DB I-CUBE-ITTIADB 8.9.0
2026-01-16 09:48:44,511 [INFO] ThirdParty:1030 - CMSIS Pack Vendor :STMicroelectronics X-CUBE-TOUCHGFX 4.24.2
2026-01-16 09:48:44,511 [INFO] ThirdParty:1030 - CMSIS Pack Vendor :STMicroelectronics X-CUBE-TOUCHGFX 4.24.1
2026-01-16 09:48:44,511 [INFO] ThirdParty:1030 - CMSIS Pack Vendor :STMicroelectronics X-CUBE-STSE01 1.0.0
2026-01-16 09:48:44,511 [INFO] ThirdParty:1030 - CMSIS Pack Vendor :wolfSSL I-CUBE-wolfTPM 3.4.0
2026-01-16 09:48:44,511 [INFO] ThirdParty:1030 - CMSIS Pack Vendor :portGmbH I-Cube-SoM-uGOAL 1.1.0
2026-01-16 09:48:44,511 [INFO] ThirdParty:1030 - CMSIS Pack Vendor :STMicroelectronics X-CUBE-ST67W61 1.0.0
2026-01-16 09:48:44,511 [INFO] ThirdParty:1030 - CMSIS Pack Vendor :STMicroelectronics X-CUBE-AI 10.2.0
2026-01-16 09:48:44,511 [INFO] ThirdParty:1030 - CMSIS Pack Vendor :STMicroelectronics ThreadX 1.0.0
2026-01-16 09:48:44,511 [INFO] ThirdParty:1030 - CMSIS Pack Vendor :SEGGER I-CUBE-embOS 1.3.1
2026-01-16 09:48:44,511 [INFO] ThirdParty:1030 - CMSIS Pack Vendor :STMicroelectronics X-CUBE-ALGOBUILD 1.4.0
2026-01-16 09:48:44,512 [INFO] ThirdParty:1030 - CMSIS Pack Vendor :STMicroelectronics X-CUBE-MEMS1 11.3.0
2026-01-16 09:48:44,512 [INFO] ThirdParty:1030 - CMSIS Pack Vendor :STMicroelectronics X-CUBE-AZRTOS-H7RS 1.0.0
2026-01-16 09:48:44,512 [INFO] ThirdParty:1030 - CMSIS Pack Vendor :STMicroelectronics FP-ATR-ASTRA1 2.0.0
2026-01-16 09:48:44,512 [INFO] ThirdParty:1030 - CMSIS Pack Vendor :STMicroelectronics X-CUBE-TOF1 3.4.2
2026-01-16 09:48:44,512 [INFO] ThirdParty:1030 - CMSIS Pack Vendor :STMicroelectronics X-CUBE-TOF1 3.4.3
2026-01-16 09:48:44,512 [INFO] ThirdParty:1030 - CMSIS Pack Vendor :STMicroelectronics X-CUBE-AI 9.1.0
2026-01-16 09:48:44,512 [INFO] ThirdParty:1030 - CMSIS Pack Vendor :Infineon AIROC-Wi-Fi-Bluetooth-STM32 1.6.1
2026-01-16 09:48:44,512 [INFO] ThirdParty:1030 - CMSIS Pack Vendor :wolfSSL I-CUBE-wolfSSH 1.4.17
2026-01-16 09:48:44,512 [INFO] ThirdParty:841 - exiting critical section [change project]
2026-01-16 09:48:45,209 [INFO] PinOutPanel:1589 - setPackage(No Configuration,No Configuration)
2026-01-16 09:48:45,210 [INFO] PinOutPanel:1589 - setPackage(STM32F767ZITx,LQFP144)
2026-01-16 09:48:46,107 [INFO] UtilMem:75 - Before build in PCC Used Memory: 246430416 Bytes (440401920)
2026-01-16 09:48:47,377 [INFO] UtilMem:75 - After build in PCC Used Memory: 350761680 Bytes (440401920)
2026-01-16 09:48:47,618 [INFO] ApiDbMcu:532 - Load IP Config File for FREERTOS
2026-01-16 09:48:47,652 [INFO] ApiDbMcu:532 - Load IP Config File for LWIP
2026-01-16 09:48:47,654 [WARN] BspModel:444 - BSP dependency skipped because of component: name='USER_PHY', api='Unknown'
2026-01-16 09:48:47,688 [INFO] IPUIPlugin:80 - create IPUIPlugin
2026-01-16 09:48:47,689 [INFO] IPUIPlugin:80 - create IPUIPlugin
2026-01-16 09:48:47,689 [INFO] IPUIPlugin:80 - create IPUIPlugin
2026-01-16 09:48:47,689 [INFO] IPUIPlugin:80 - create IPUIPlugin
2026-01-16 09:48:47,689 [INFO] IPUIPlugin:80 - create IPUIPlugin
2026-01-16 09:48:47,689 [INFO] IPUIPlugin:80 - create IPUIPlugin
2026-01-16 09:48:47,689 [INFO] IPUIPlugin:80 - create IPUIPlugin
2026-01-16 09:48:47,689 [INFO] IPUIPlugin:80 - create IPUIPlugin
2026-01-16 09:48:47,689 [INFO] IPUIPlugin:80 - create IPUIPlugin
2026-01-16 09:48:47,690 [INFO] IPUIPlugin:80 - create IPUIPlugin
2026-01-16 09:48:47,690 [INFO] IPUIPlugin:80 - create IPUIPlugin
2026-01-16 09:48:47,690 [INFO] IPUIPlugin:80 - create IPUIPlugin
2026-01-16 09:48:47,690 [INFO] IPUIPlugin:80 - create IPUIPlugin
2026-01-16 09:48:47,690 [INFO] IPUIPlugin:80 - create IPUIPlugin
2026-01-16 09:48:47,690 [INFO] IPUIPlugin:80 - create IPUIPlugin
2026-01-16 09:48:47,690 [INFO] IPUIPlugin:80 - create IPUIPlugin
2026-01-16 09:48:47,690 [INFO] IPUIPlugin:80 - create IPUIPlugin
2026-01-16 09:48:47,690 [INFO] IPUIPlugin:80 - create IPUIPlugin
2026-01-16 09:48:47,690 [INFO] IPUIPlugin:80 - create IPUIPlugin
2026-01-16 09:48:47,690 [INFO] IPUIPlugin:80 - create IPUIPlugin
2026-01-16 09:48:47,690 [INFO] IPUIPlugin:80 - create IPUIPlugin
2026-01-16 09:48:47,690 [INFO] IPUIPlugin:80 - create IPUIPlugin
2026-01-16 09:48:47,690 [INFO] IPUIPlugin:80 - create IPUIPlugin
2026-01-16 09:48:47,690 [INFO] IPUIPlugin:80 - create IPUIPlugin
2026-01-16 09:48:47,691 [INFO] IPUIPlugin:80 - create IPUIPlugin
2026-01-16 09:48:47,691 [INFO] IPUIPlugin:80 - create IPUIPlugin
2026-01-16 09:48:47,691 [INFO] IPUIPlugin:80 - create IPUIPlugin
2026-01-16 09:48:47,691 [INFO] IPUIPlugin:80 - create IPUIPlugin
2026-01-16 09:48:47,691 [INFO] IPUIPlugin:80 - create IPUIPlugin
2026-01-16 09:48:47,691 [INFO] IPUIPlugin:80 - create IPUIPlugin
2026-01-16 09:48:47,692 [INFO] IPUIPlugin:80 - create IPUIPlugin
2026-01-16 09:48:47,692 [INFO] IPUIPlugin:80 - create IPUIPlugin
2026-01-16 09:48:47,692 [INFO] IPUIPlugin:80 - create IPUIPlugin
2026-01-16 09:48:47,692 [INFO] IPUIPlugin:80 - create IPUIPlugin
2026-01-16 09:48:47,692 [INFO] IPUIPlugin:80 - create IPUIPlugin
2026-01-16 09:48:47,692 [INFO] IPUIPlugin:80 - create IPUIPlugin
2026-01-16 09:48:47,692 [INFO] IPUIPlugin:80 - create IPUIPlugin
2026-01-16 09:48:47,693 [INFO] IPUIPlugin:80 - create IPUIPlugin
2026-01-16 09:48:47,693 [INFO] IPUIPlugin:80 - create IPUIPlugin
2026-01-16 09:48:47,693 [INFO] IPUIPlugin:80 - create IPUIPlugin
2026-01-16 09:48:47,694 [INFO] IPUIPlugin:80 - create IPUIPlugin
2026-01-16 09:48:47,694 [INFO] IPUIPlugin:80 - create IPUIPlugin
2026-01-16 09:48:47,694 [INFO] IPUIPlugin:80 - create IPUIPlugin
2026-01-16 09:48:47,694 [INFO] IPUIPlugin:80 - create IPUIPlugin
2026-01-16 09:48:47,694 [INFO] IPUIPlugin:80 - create IPUIPlugin
2026-01-16 09:48:47,694 [INFO] IPUIPlugin:80 - create IPUIPlugin
2026-01-16 09:48:47,695 [INFO] IPUIPlugin:80 - create IPUIPlugin
2026-01-16 09:48:47,695 [INFO] IPUIPlugin:80 - create IPUIPlugin
2026-01-16 09:48:47,695 [INFO] IPUIPlugin:80 - create IPUIPlugin
2026-01-16 09:48:47,695 [INFO] IPUIPlugin:80 - create IPUIPlugin
2026-01-16 09:48:47,696 [INFO] IPUIPlugin:80 - create IPUIPlugin
2026-01-16 09:48:47,696 [INFO] IPUIPlugin:80 - create IPUIPlugin
2026-01-16 09:48:47,696 [INFO] IPUIPlugin:80 - create IPUIPlugin
2026-01-16 09:48:47,696 [INFO] IPUIPlugin:80 - create IPUIPlugin
2026-01-16 09:48:47,697 [INFO] IPUIPlugin:80 - create IPUIPlugin
2026-01-16 09:48:47,697 [INFO] IPUIPlugin:80 - create IPUIPlugin
2026-01-16 09:48:47,697 [INFO] IPUIPlugin:80 - create IPUIPlugin
2026-01-16 09:48:47,697 [INFO] IPUIPlugin:80 - create IPUIPlugin
2026-01-16 09:48:47,697 [INFO] IPUIPlugin:80 - create IPUIPlugin
2026-01-16 09:48:47,698 [INFO] IPUIPlugin:80 - create IPUIPlugin
2026-01-16 09:48:47,698 [INFO] IPUIPlugin:80 - create IPUIPlugin
2026-01-16 09:48:47,698 [INFO] IPUIPlugin:80 - create IPUIPlugin
2026-01-16 09:48:47,698 [INFO] IPUIPlugin:80 - create IPUIPlugin
2026-01-16 09:48:47,698 [INFO] IPUIPlugin:80 - create IPUIPlugin
2026-01-16 09:48:47,699 [INFO] IPUIPlugin:80 - create IPUIPlugin
2026-01-16 09:48:47,699 [INFO] IPUIPlugin:80 - create IPUIPlugin
2026-01-16 09:48:47,699 [INFO] IPUIPlugin:80 - create IPUIPlugin
2026-01-16 09:48:47,699 [INFO] IPUIPlugin:80 - create IPUIPlugin
2026-01-16 09:48:47,699 [INFO] IPUIPlugin:80 - create IPUIPlugin
2026-01-16 09:48:47,700 [INFO] IPUIPlugin:80 - create IPUIPlugin
2026-01-16 09:48:47,700 [INFO] IPUIPlugin:80 - create IPUIPlugin
2026-01-16 09:48:47,700 [INFO] IPUIPlugin:80 - create IPUIPlugin
2026-01-16 09:48:47,700 [INFO] IPUIPlugin:80 - create IPUIPlugin
2026-01-16 09:48:47,701 [INFO] IPUIPlugin:80 - create IPUIPlugin
2026-01-16 09:48:47,701 [INFO] IPUIPlugin:80 - create IPUIPlugin
2026-01-16 09:48:47,701 [INFO] IPUIPlugin:80 - create IPUIPlugin
2026-01-16 09:48:47,702 [INFO] IPUIPlugin:80 - create IPUIPlugin
2026-01-16 09:48:47,702 [INFO] IPUIPlugin:80 - create IPUIPlugin
2026-01-16 09:48:47,702 [INFO] IPUIPlugin:80 - create IPUIPlugin
2026-01-16 09:48:47,717 [INFO] ApiDbMcu:532 - Load IP Config File for PDM2PCM
2026-01-16 09:48:47,762 [WARN] FreeRTOS:1023 - Null or empty value: should not occur! (nothing added to the table)
2026-01-16 09:48:47,767 [WARN] IP:2250 - LWIP_NETIF_HOSTNAME_NAME not found: check if there is a RefParameter without a condition.
2026-01-16 09:48:47,804 [WARN] IP:2250 - LWIP_NETIF_HOSTNAME_NAME not found: check if there is a RefParameter without a condition.
2026-01-16 09:48:48,098 [INFO] CADModel:165 - CPN selected for project levelSTM32F767ZIT6
2026-01-16 09:48:48,098 [INFO] CADModel:114 - Register for checkConnection events
2026-01-16 09:48:48,103 [INFO] RtosManager:728 - Active RTOS found at IOC load: FREERTOS [Cortex-M7NS]
2026-01-16 09:48:48,177 [INFO] OpenFileManager:386 - Restore cursor
2026-01-16 09:48:48,396 [WARN] IP:2250 - LWIP_NETIF_HOSTNAME_NAME not found: check if there is a RefParameter without a condition.
2026-01-16 09:48:48,446 [WARN] IP:2250 - LWIP_NETIF_HOSTNAME_NAME not found: check if there is a RefParameter without a condition.
2026-01-16 09:48:48,564 [WARN] IP:2250 - Warning not found: check if there is a RefParameter without a condition.
2026-01-16 09:48:48,564 [WARN] IP:2250 - RxBufferAddress not found: check if there is a RefParameter without a condition.
2026-01-16 09:48:48,564 [WARN] IP:2250 - DESC_SIZE_UNIT not found: check if there is a RefParameter without a condition.
2026-01-16 09:48:48,564 [WARN] IP:2250 - Warning not found: check if there is a RefParameter without a condition.
2026-01-16 09:48:48,565 [WARN] IP:2250 - RxBufferAddress not found: check if there is a RefParameter without a condition.
2026-01-16 09:48:48,565 [WARN] IP:2250 - DESC_SIZE_UNIT not found: check if there is a RefParameter without a condition.
2026-01-16 09:51:16,356 [WARN] BspModel:444 - BSP dependency skipped because of component: name='USER_PHY', api='Unknown'
2026-01-16 09:51:16,448 [WARN] BspModel:444 - BSP dependency skipped because of component: name='USER_PHY', api='Unknown'
2026-01-16 09:51:16,449 [INFO] Can:71 - Can Add PropertyChangeListener com.st.microxplorer.plugins.ip.can.Can@5fea26b4
2026-01-16 09:51:27,182 [INFO] NvicIntPanel:101 - NVIC parent = com.st.microxplorer.plugins.ip.nvic.MultiNvicIntPanel[,0,0,450x205,layout=javax.swing.BoxLayout,alignmentX=0.0,alignmentY=0.0,border=,flags=9,maximumSize=,minimumSize=,preferredSize=]
2026-01-16 09:51:29,910 [INFO] NvicIntPanel:101 - NVIC parent = com.st.microxplorer.plugins.ip.nvic.MultiNvicIntPanel[,0,0,0x0,invalid,layout=javax.swing.BoxLayout,alignmentX=0.0,alignmentY=0.0,border=,flags=9,maximumSize=,minimumSize=,preferredSize=]
2026-01-16 09:51:30,264 [INFO] NvicIntPanel:101 - NVIC parent = com.st.microxplorer.plugins.ip.nvic.MultiNvicIntPanel[,0,0,0x0,invalid,layout=javax.swing.BoxLayout,alignmentX=0.0,alignmentY=0.0,border=,flags=9,maximumSize=,minimumSize=,preferredSize=]
2026-01-16 09:51:31,460 [INFO] NvicIntPanel:101 - NVIC parent = com.st.microxplorer.plugins.ip.nvic.MultiNvicIntPanel[,0,0,0x0,invalid,layout=javax.swing.BoxLayout,alignmentX=0.0,alignmentY=0.0,border=,flags=9,maximumSize=,minimumSize=,preferredSize=]
2026-01-16 09:51:37,282 [INFO] NvicIntPanel:101 - NVIC parent = com.st.microxplorer.plugins.ip.nvic.MultiNvicIntPanel[,0,0,0x0,invalid,layout=javax.swing.BoxLayout,alignmentX=0.0,alignmentY=0.0,border=,flags=9,maximumSize=,minimumSize=,preferredSize=]
2026-01-16 09:51:37,435 [INFO] NvicIntPanel:101 - NVIC parent = com.st.microxplorer.plugins.ip.nvic.MultiNvicIntPanel[,0,0,0x0,invalid,layout=javax.swing.BoxLayout,alignmentX=0.0,alignmentY=0.0,border=,flags=9,maximumSize=,minimumSize=,preferredSize=]
2026-01-16 09:51:45,733 [WARN] IP:2250 - LWIP_NETIF_HOSTNAME_NAME not found: check if there is a RefParameter without a condition.
2026-01-16 09:51:45,751 [WARN] IP:2250 - LWIP_NETIF_HOSTNAME_NAME not found: check if there is a RefParameter without a condition.
2026-01-16 09:51:45,794 [WARN] IP:2250 - Warning not found: check if there is a RefParameter without a condition.
2026-01-16 09:51:45,795 [WARN] IP:2250 - RxBufferAddress not found: check if there is a RefParameter without a condition.
2026-01-16 09:51:45,795 [WARN] IP:2250 - DESC_SIZE_UNIT not found: check if there is a RefParameter without a condition.
2026-01-16 09:51:45,795 [WARN] IP:2250 - Warning not found: check if there is a RefParameter without a condition.
2026-01-16 09:51:45,795 [WARN] IP:2250 - RxBufferAddress not found: check if there is a RefParameter without a condition.
2026-01-16 09:51:45,795 [WARN] IP:2250 - DESC_SIZE_UNIT not found: check if there is a RefParameter without a condition.
2026-01-16 09:51:46,080 [WARN] IP:2250 - LWIP_NETIF_HOSTNAME_NAME not found: check if there is a RefParameter without a condition.
2026-01-16 09:51:46,097 [WARN] IP:2250 - LWIP_NETIF_HOSTNAME_NAME not found: check if there is a RefParameter without a condition.
2026-01-16 09:51:46,145 [WARN] IP:2250 - Warning not found: check if there is a RefParameter without a condition.
2026-01-16 09:51:46,145 [WARN] IP:2250 - RxBufferAddress not found: check if there is a RefParameter without a condition.
2026-01-16 09:51:46,145 [WARN] IP:2250 - DESC_SIZE_UNIT not found: check if there is a RefParameter without a condition.
2026-01-16 09:51:46,145 [WARN] IP:2250 - Warning not found: check if there is a RefParameter without a condition.
2026-01-16 09:51:46,146 [WARN] IP:2250 - RxBufferAddress not found: check if there is a RefParameter without a condition.
2026-01-16 09:51:46,146 [WARN] IP:2250 - DESC_SIZE_UNIT not found: check if there is a RefParameter without a condition.
2026-01-16 09:51:51,028 [INFO] NvicIntPanel:101 - NVIC parent = com.st.microxplorer.plugins.ip.nvic.MultiNvicIntPanel[,0,0,0x0,invalid,layout=javax.swing.BoxLayout,alignmentX=0.0,alignmentY=0.0,border=,flags=9,maximumSize=,minimumSize=,preferredSize=]
2026-01-16 09:51:51,112 [INFO] NvicIntPanel:101 - NVIC parent = com.st.microxplorer.plugins.ip.nvic.MultiNvicIntPanel[,0,0,0x0,invalid,layout=javax.swing.BoxLayout,alignmentX=0.0,alignmentY=0.0,border=,flags=9,maximumSize=,minimumSize=,preferredSize=]
2026-01-16 09:51:55,580 [INFO] NvicIntPanel:101 - NVIC parent = com.st.microxplorer.plugins.ip.nvic.MultiNvicIntPanel[,0,0,0x0,invalid,layout=javax.swing.BoxLayout,alignmentX=0.0,alignmentY=0.0,border=,flags=9,maximumSize=,minimumSize=,preferredSize=]
2026-01-16 09:51:55,673 [INFO] NvicIntPanel:101 - NVIC parent = com.st.microxplorer.plugins.ip.nvic.MultiNvicIntPanel[,0,0,0x0,invalid,layout=javax.swing.BoxLayout,alignmentX=0.0,alignmentY=0.0,border=,flags=9,maximumSize=,minimumSize=,preferredSize=]
2026-01-16 09:52:15,060 [INFO] UtilMem:75 - End SaveConfig() Used Memory: 684476984 Bytes (1073741824)
2026-01-16 09:52:16,405 [INFO] UtilMem:75 - End SaveConfig() Used Memory: 813940472 Bytes (1073741824)
2026-01-16 09:52:17,130 [INFO] BlockDiagram:2775 - set Specific Code input for plugin: FREERTOS
2026-01-16 09:52:17,130 [INFO] BlockDiagram:2775 - set Specific Code input for plugin: CAN
2026-01-16 09:52:17,130 [INFO] BlockDiagram:2775 - set Specific Code input for plugin: SYS
2026-01-16 09:52:17,130 [INFO] BlockDiagram:2775 - set Specific Code input for plugin: RCC
2026-01-16 09:52:17,131 [INFO] BlockDiagram:2775 - set Specific Code input for plugin: NVIC
2026-01-16 09:52:17,131 [INFO] BlockDiagram:2775 - set Specific Code input for plugin: LWIP
2026-01-16 09:52:17,131 [INFO] BlockDiagram:2775 - set Specific Code input for plugin: USART
2026-01-16 09:52:17,131 [INFO] BlockDiagram:2775 - set Specific Code input for plugin: USART
2026-01-16 09:52:17,132 [INFO] BlockDiagram:2775 - set Specific Code input for plugin: CORTEX_M7
2026-01-16 09:52:17,132 [INFO] BlockDiagram:2775 - set Specific Code input for plugin: GPIO
2026-01-16 09:52:17,133 [INFO] BlockDiagram:2775 - set Specific Code input for plugin: ETH
2026-01-16 09:52:17,134 [INFO] CodeGenerator:892 - code generatio: config db path: C:/Users/Chinnapop/.stm32cubemx/databases/DB.6.0.141/db/
2026-01-16 09:52:17,150 [WARN] IP:2250 - Warning not found: check if there is a RefParameter without a condition.
2026-01-16 09:52:17,150 [WARN] IP:2250 - RxBufferAddress not found: check if there is a RefParameter without a condition.
2026-01-16 09:52:17,150 [WARN] IP:2250 - DESC_SIZE_UNIT not found: check if there is a RefParameter without a condition.
2026-01-16 09:52:17,158 [WARN] IP:2250 - LWIP_NETIF_HOSTNAME_NAME not found: check if there is a RefParameter without a condition.
2026-01-16 09:52:17,412 [INFO] CodeEngine:265 - oldGeneratedFile, C:\Users\Chinnapop\STM32CubeIDE\workspace\CKB-LwIP-FreeRTOS-UDP-Echo-Server\MXTmpFiles\license.tmp_save
2026-01-16 09:52:18,247 [INFO] CodeEngine:289 - Generated code: C:\Users\Chinnapop\STM32CubeIDE\workspace\CKB-LwIP-FreeRTOS-UDP-Echo-Server\MXTmpFiles\license.tmp
2026-01-16 09:52:18,468 [INFO] CodeEngine:265 - oldGeneratedFile, C:\Users\Chinnapop\STM32CubeIDE\workspace\CKB-LwIP-FreeRTOS-UDP-Echo-Server\Core\Src\gpio.c_save
2026-01-16 09:52:18,712 [INFO] CodeEngine:289 - Generated code: C:\Users\Chinnapop\STM32CubeIDE\workspace\CKB-LwIP-FreeRTOS-UDP-Echo-Server\Core\Src\gpio.c
2026-01-16 09:52:18,730 [INFO] CodeEngine:265 - oldGeneratedFile, C:\Users\Chinnapop\STM32CubeIDE\workspace\CKB-LwIP-FreeRTOS-UDP-Echo-Server\Core\Inc\gpio.h_save
2026-01-16 09:52:18,852 [INFO] CodeEngine:289 - Generated code: C:\Users\Chinnapop\STM32CubeIDE\workspace\CKB-LwIP-FreeRTOS-UDP-Echo-Server\Core\Inc\gpio.h
2026-01-16 09:52:19,106 [INFO] CodeEngine:265 - oldGeneratedFile, C:\Users\Chinnapop\STM32CubeIDE\workspace\CKB-LwIP-FreeRTOS-UDP-Echo-Server\MXTmpFiles\eth_vars.tmp_save
2026-01-16 09:52:19,256 [INFO] CodeEngine:289 - Generated code: C:\Users\Chinnapop\STM32CubeIDE\workspace\CKB-LwIP-FreeRTOS-UDP-Echo-Server\MXTmpFiles\eth_vars.tmp
2026-01-16 09:52:19,271 [INFO] CodeEngine:265 - oldGeneratedFile, C:\Users\Chinnapop\STM32CubeIDE\workspace\CKB-LwIP-FreeRTOS-UDP-Echo-Server\MXTmpFiles\eth_inc.tmp_save
2026-01-16 09:52:19,362 [INFO] CodeEngine:289 - Generated code: C:\Users\Chinnapop\STM32CubeIDE\workspace\CKB-LwIP-FreeRTOS-UDP-Echo-Server\MXTmpFiles\eth_inc.tmp
2026-01-16 09:52:19,381 [INFO] CodeEngine:265 - oldGeneratedFile, C:\Users\Chinnapop\STM32CubeIDE\workspace\CKB-LwIP-FreeRTOS-UDP-Echo-Server\MXTmpFiles\eth_HalInit.tmp_save
2026-01-16 09:52:19,619 [INFO] CodeEngine:289 - Generated code: C:\Users\Chinnapop\STM32CubeIDE\workspace\CKB-LwIP-FreeRTOS-UDP-Echo-Server\MXTmpFiles\eth_HalInit.tmp
2026-01-16 09:52:19,636 [INFO] CodeEngine:265 - oldGeneratedFile, C:\Users\Chinnapop\STM32CubeIDE\workspace\CKB-LwIP-FreeRTOS-UDP-Echo-Server\MXTmpFiles\eth_Msp.tmp_save
2026-01-16 09:52:19,770 [INFO] CodeEngine:289 - Generated code: C:\Users\Chinnapop\STM32CubeIDE\workspace\CKB-LwIP-FreeRTOS-UDP-Echo-Server\MXTmpFiles\eth_Msp.tmp
2026-01-16 09:52:20,250 [INFO] Middleware:1452 - No code input for Bsp Dependency
2026-01-16 09:52:20,261 [INFO] CodeEngine:265 - oldGeneratedFile, C:\Users\Chinnapop\STM32CubeIDE\workspace\CKB-LwIP-FreeRTOS-UDP-Echo-Server\MXTmpFiles\rtos_inc.tmp_save
2026-01-16 09:52:20,441 [INFO] CodeEngine:289 - Generated code: C:\Users\Chinnapop\STM32CubeIDE\workspace\CKB-LwIP-FreeRTOS-UDP-Echo-Server\MXTmpFiles\rtos_inc.tmp
2026-01-16 09:52:20,462 [INFO] CodeEngine:265 - oldGeneratedFile, C:\Users\Chinnapop\STM32CubeIDE\workspace\CKB-LwIP-FreeRTOS-UDP-Echo-Server\MXTmpFiles\rtos_vars.tmp_save
2026-01-16 09:52:20,603 [INFO] CodeEngine:289 - Generated code: C:\Users\Chinnapop\STM32CubeIDE\workspace\CKB-LwIP-FreeRTOS-UDP-Echo-Server\MXTmpFiles\rtos_vars.tmp
2026-01-16 09:52:20,622 [INFO] CodeEngine:265 - oldGeneratedFile, C:\Users\Chinnapop\STM32CubeIDE\workspace\CKB-LwIP-FreeRTOS-UDP-Echo-Server\MXTmpFiles\rtos_pfp.tmp_save
2026-01-16 09:52:20,717 [INFO] CodeEngine:289 - Generated code: C:\Users\Chinnapop\STM32CubeIDE\workspace\CKB-LwIP-FreeRTOS-UDP-Echo-Server\MXTmpFiles\rtos_pfp.tmp
2026-01-16 09:52:20,739 [INFO] CodeEngine:265 - oldGeneratedFile, C:\Users\Chinnapop\STM32CubeIDE\workspace\CKB-LwIP-FreeRTOS-UDP-Echo-Server\MXTmpFiles\rtos_obj_creat.tmp_save
2026-01-16 09:52:20,833 [INFO] CodeEngine:289 - Generated code: C:\Users\Chinnapop\STM32CubeIDE\workspace\CKB-LwIP-FreeRTOS-UDP-Echo-Server\MXTmpFiles\rtos_obj_creat.tmp
2026-01-16 09:52:20,853 [INFO] CodeEngine:265 - oldGeneratedFile, C:\Users\Chinnapop\STM32CubeIDE\workspace\CKB-LwIP-FreeRTOS-UDP-Echo-Server\MXTmpFiles\rtos_kernelStart.tmp_save
2026-01-16 09:52:20,920 [INFO] CodeEngine:289 - Generated code: C:\Users\Chinnapop\STM32CubeIDE\workspace\CKB-LwIP-FreeRTOS-UDP-Echo-Server\MXTmpFiles\rtos_kernelStart.tmp
2026-01-16 09:52:20,937 [INFO] CodeEngine:265 - oldGeneratedFile, C:\Users\Chinnapop\STM32CubeIDE\workspace\CKB-LwIP-FreeRTOS-UDP-Echo-Server\MXTmpFiles\rtos_default_thread.tmp_save
2026-01-16 09:52:21,058 [INFO] CodeEngine:289 - Generated code: C:\Users\Chinnapop\STM32CubeIDE\workspace\CKB-LwIP-FreeRTOS-UDP-Echo-Server\MXTmpFiles\rtos_default_thread.tmp
2026-01-16 09:52:21,073 [INFO] CodeEngine:265 - oldGeneratedFile, C:\Users\Chinnapop\STM32CubeIDE\workspace\CKB-LwIP-FreeRTOS-UDP-Echo-Server\MXTmpFiles\rtos_threads.tmp_save
2026-01-16 09:52:21,137 [INFO] CodeEngine:289 - Generated code: C:\Users\Chinnapop\STM32CubeIDE\workspace\CKB-LwIP-FreeRTOS-UDP-Echo-Server\MXTmpFiles\rtos_threads.tmp
2026-01-16 09:52:21,152 [INFO] Middleware:1452 - No code input for Bsp Dependency
2026-01-16 09:52:21,169 [INFO] Middleware:1452 - No code input for Bsp Dependency
2026-01-16 09:52:21,176 [INFO] CodeEngine:265 - oldGeneratedFile, C:\Users\Chinnapop\STM32CubeIDE\workspace\CKB-LwIP-FreeRTOS-UDP-Echo-Server\MXTmpFiles\rtos_inc.tmp_save
2026-01-16 09:52:21,272 [INFO] CodeEngine:289 - Generated code: C:\Users\Chinnapop\STM32CubeIDE\workspace\CKB-LwIP-FreeRTOS-UDP-Echo-Server\MXTmpFiles\rtos_inc.tmp
2026-01-16 09:52:21,280 [INFO] CodeEngine:265 - oldGeneratedFile, C:\Users\Chinnapop\STM32CubeIDE\workspace\CKB-LwIP-FreeRTOS-UDP-Echo-Server\MXTmpFiles\rtos_vars.tmp_save
2026-01-16 09:52:21,331 [INFO] CodeEngine:289 - Generated code: C:\Users\Chinnapop\STM32CubeIDE\workspace\CKB-LwIP-FreeRTOS-UDP-Echo-Server\MXTmpFiles\rtos_vars.tmp
2026-01-16 09:52:21,336 [INFO] CodeEngine:265 - oldGeneratedFile, C:\Users\Chinnapop\STM32CubeIDE\workspace\CKB-LwIP-FreeRTOS-UDP-Echo-Server\MXTmpFiles\rtos_pfp.tmp_save
2026-01-16 09:52:21,392 [INFO] CodeEngine:289 - Generated code: C:\Users\Chinnapop\STM32CubeIDE\workspace\CKB-LwIP-FreeRTOS-UDP-Echo-Server\MXTmpFiles\rtos_pfp.tmp
2026-01-16 09:52:21,398 [INFO] CodeEngine:265 - oldGeneratedFile, C:\Users\Chinnapop\STM32CubeIDE\workspace\CKB-LwIP-FreeRTOS-UDP-Echo-Server\MXTmpFiles\rtos_obj_creat.tmp_save
2026-01-16 09:52:21,497 [INFO] CodeEngine:289 - Generated code: C:\Users\Chinnapop\STM32CubeIDE\workspace\CKB-LwIP-FreeRTOS-UDP-Echo-Server\MXTmpFiles\rtos_obj_creat.tmp
2026-01-16 09:52:21,504 [INFO] CodeEngine:265 - oldGeneratedFile, C:\Users\Chinnapop\STM32CubeIDE\workspace\CKB-LwIP-FreeRTOS-UDP-Echo-Server\MXTmpFiles\rtos_kernelStart.tmp_save
2026-01-16 09:52:21,575 [INFO] CodeEngine:289 - Generated code: C:\Users\Chinnapop\STM32CubeIDE\workspace\CKB-LwIP-FreeRTOS-UDP-Echo-Server\MXTmpFiles\rtos_kernelStart.tmp
2026-01-16 09:52:21,585 [INFO] CodeEngine:265 - oldGeneratedFile, C:\Users\Chinnapop\STM32CubeIDE\workspace\CKB-LwIP-FreeRTOS-UDP-Echo-Server\MXTmpFiles\rtos_default_thread.tmp_save
2026-01-16 09:52:21,656 [INFO] CodeEngine:289 - Generated code: C:\Users\Chinnapop\STM32CubeIDE\workspace\CKB-LwIP-FreeRTOS-UDP-Echo-Server\MXTmpFiles\rtos_default_thread.tmp
2026-01-16 09:52:21,668 [INFO] CodeEngine:265 - oldGeneratedFile, C:\Users\Chinnapop\STM32CubeIDE\workspace\CKB-LwIP-FreeRTOS-UDP-Echo-Server\MXTmpFiles\rtos_threads.tmp_save
2026-01-16 09:52:21,717 [INFO] CodeEngine:289 - Generated code: C:\Users\Chinnapop\STM32CubeIDE\workspace\CKB-LwIP-FreeRTOS-UDP-Echo-Server\MXTmpFiles\rtos_threads.tmp
2026-01-16 09:52:21,722 [INFO] CodeEngine:265 - oldGeneratedFile, C:\Users\Chinnapop\STM32CubeIDE\workspace\CKB-LwIP-FreeRTOS-UDP-Echo-Server\Core\Inc\FreeRTOSConfig.h_save
2026-01-16 09:52:21,846 [INFO] CodeEngine:289 - Generated code: C:\Users\Chinnapop\STM32CubeIDE\workspace\CKB-LwIP-FreeRTOS-UDP-Echo-Server\Core\Inc\FreeRTOSConfig.h
2026-01-16 09:52:21,855 [INFO] CodeEngine:265 - oldGeneratedFile, C:\Users\Chinnapop\STM32CubeIDE\workspace\CKB-LwIP-FreeRTOS-UDP-Echo-Server\Core\Src\freertos.c_save
2026-01-16 09:52:21,965 [INFO] CodeEngine:289 - Generated code: C:\Users\Chinnapop\STM32CubeIDE\workspace\CKB-LwIP-FreeRTOS-UDP-Echo-Server\Core\Src\freertos.c
2026-01-16 09:52:21,984 [INFO] CodeEngine:265 - oldGeneratedFile, C:\Users\Chinnapop\STM32CubeIDE\workspace\CKB-LwIP-FreeRTOS-UDP-Echo-Server\Core\Src\can.c_save
2026-01-16 09:52:22,174 [INFO] CodeEngine:289 - Generated code: C:\Users\Chinnapop\STM32CubeIDE\workspace\CKB-LwIP-FreeRTOS-UDP-Echo-Server\Core\Src\can.c
2026-01-16 09:52:22,188 [INFO] CodeEngine:265 - oldGeneratedFile, C:\Users\Chinnapop\STM32CubeIDE\workspace\CKB-LwIP-FreeRTOS-UDP-Echo-Server\Core\Inc\can.h_save
2026-01-16 09:52:22,279 [INFO] CodeEngine:289 - Generated code: C:\Users\Chinnapop\STM32CubeIDE\workspace\CKB-LwIP-FreeRTOS-UDP-Echo-Server\Core\Inc\can.h
2026-01-16 09:52:22,298 [INFO] CodeEngine:265 - oldGeneratedFile, C:\Users\Chinnapop\STM32CubeIDE\workspace\CKB-LwIP-FreeRTOS-UDP-Echo-Server\MXTmpFiles\cortex.tmp_save
2026-01-16 09:52:22,439 [INFO] CodeEngine:289 - Generated code: C:\Users\Chinnapop\STM32CubeIDE\workspace\CKB-LwIP-FreeRTOS-UDP-Echo-Server\MXTmpFiles\cortex.tmp
2026-01-16 09:52:22,464 [INFO] Middleware:1452 - No code input for Bsp Dependency
2026-01-16 09:52:22,488 [INFO] CodeEngine:265 - oldGeneratedFile, C:\Users\Chinnapop\STM32CubeIDE\workspace\CKB-LwIP-FreeRTOS-UDP-Echo-Server\LWIP\App\lwip.c_save
2026-01-16 09:52:22,653 [INFO] CodeEngine:289 - Generated code: C:\Users\Chinnapop\STM32CubeIDE\workspace\CKB-LwIP-FreeRTOS-UDP-Echo-Server\LWIP\App\lwip.c
2026-01-16 09:52:22,681 [INFO] CodeEngine:265 - oldGeneratedFile, C:\Users\Chinnapop\STM32CubeIDE\workspace\CKB-LwIP-FreeRTOS-UDP-Echo-Server\LWIP\App\lwip.h_save
2026-01-16 09:52:22,792 [INFO] CodeEngine:289 - Generated code: C:\Users\Chinnapop\STM32CubeIDE\workspace\CKB-LwIP-FreeRTOS-UDP-Echo-Server\LWIP\App\lwip.h
2026-01-16 09:52:22,806 [INFO] CodeEngine:265 - oldGeneratedFile, C:\Users\Chinnapop\STM32CubeIDE\workspace\CKB-LwIP-FreeRTOS-UDP-Echo-Server\LWIP\Target\lwipopts.h_save
2026-01-16 09:52:23,011 [INFO] CodeEngine:289 - Generated code: C:\Users\Chinnapop\STM32CubeIDE\workspace\CKB-LwIP-FreeRTOS-UDP-Echo-Server\LWIP\Target\lwipopts.h
2026-01-16 09:52:23,019 [INFO] CodeEngine:265 - oldGeneratedFile, C:\Users\Chinnapop\STM32CubeIDE\workspace\CKB-LwIP-FreeRTOS-UDP-Echo-Server\LWIP\Target\ethernetif.c_save
2026-01-16 09:52:23,170 [INFO] CodeEngine:289 - Generated code: C:\Users\Chinnapop\STM32CubeIDE\workspace\CKB-LwIP-FreeRTOS-UDP-Echo-Server\LWIP\Target\ethernetif.c
2026-01-16 09:52:23,194 [INFO] CodeEngine:265 - oldGeneratedFile, C:\Users\Chinnapop\STM32CubeIDE\workspace\CKB-LwIP-FreeRTOS-UDP-Echo-Server\LWIP\Target\ethernetif.h_save
2026-01-16 09:52:23,321 [INFO] CodeEngine:289 - Generated code: C:\Users\Chinnapop\STM32CubeIDE\workspace\CKB-LwIP-FreeRTOS-UDP-Echo-Server\LWIP\Target\ethernetif.h
2026-01-16 09:52:23,342 [INFO] CodeEngine:265 - oldGeneratedFile, C:\Users\Chinnapop\STM32CubeIDE\workspace\CKB-LwIP-FreeRTOS-UDP-Echo-Server\Core\Src\usart.c_save
2026-01-16 09:52:23,566 [INFO] CodeEngine:289 - Generated code: C:\Users\Chinnapop\STM32CubeIDE\workspace\CKB-LwIP-FreeRTOS-UDP-Echo-Server\Core\Src\usart.c
2026-01-16 09:52:23,591 [INFO] CodeEngine:265 - oldGeneratedFile, C:\Users\Chinnapop\STM32CubeIDE\workspace\CKB-LwIP-FreeRTOS-UDP-Echo-Server\Core\Inc\usart.h_save
2026-01-16 09:52:23,693 [INFO] CodeEngine:289 - Generated code: C:\Users\Chinnapop\STM32CubeIDE\workspace\CKB-LwIP-FreeRTOS-UDP-Echo-Server\Core\Inc\usart.h
2026-01-16 09:52:23,730 [INFO] CodeEngine:265 - oldGeneratedFile, C:\Users\Chinnapop\STM32CubeIDE\workspace\CKB-LwIP-FreeRTOS-UDP-Echo-Server\Core\Src\stm32f7xx_it.c_save
2026-01-16 09:52:23,947 [INFO] CodeEngine:289 - Generated code: C:\Users\Chinnapop\STM32CubeIDE\workspace\CKB-LwIP-FreeRTOS-UDP-Echo-Server\Core\Src\stm32f7xx_it.c
2026-01-16 09:52:23,954 [INFO] CodeEngine:265 - oldGeneratedFile, C:\Users\Chinnapop\STM32CubeIDE\workspace\CKB-LwIP-FreeRTOS-UDP-Echo-Server\Core\Inc\stm32f7xx_it.h_save
2026-01-16 09:52:24,049 [INFO] CodeEngine:289 - Generated code: C:\Users\Chinnapop\STM32CubeIDE\workspace\CKB-LwIP-FreeRTOS-UDP-Echo-Server\Core\Inc\stm32f7xx_it.h
2026-01-16 09:52:24,068 [INFO] CodeEngine:265 - oldGeneratedFile, C:\Users\Chinnapop\STM32CubeIDE\workspace\CKB-LwIP-FreeRTOS-UDP-Echo-Server\Core\Src\stm32f7xx_hal_msp.c_save
2026-01-16 09:52:24,262 [INFO] CodeEngine:289 - Generated code: C:\Users\Chinnapop\STM32CubeIDE\workspace\CKB-LwIP-FreeRTOS-UDP-Echo-Server\Core\Src\stm32f7xx_hal_msp.c
2026-01-16 09:52:24,282 [INFO] CodeEngine:265 - oldGeneratedFile, C:\Users\Chinnapop\STM32CubeIDE\workspace\CKB-LwIP-FreeRTOS-UDP-Echo-Server\MXTmpFiles\system.tmp_save
2026-01-16 09:52:24,378 [INFO] CodeEngine:289 - Generated code: C:\Users\Chinnapop\STM32CubeIDE\workspace\CKB-LwIP-FreeRTOS-UDP-Echo-Server\MXTmpFiles\system.tmp
2026-01-16 09:52:24,400 [INFO] CodeEngine:265 - oldGeneratedFile, C:\Users\Chinnapop\STM32CubeIDE\workspace\CKB-LwIP-FreeRTOS-UDP-Echo-Server\Core\Src\stm32f7xx_hal_timebase_tim.c_save
2026-01-16 09:52:24,537 [INFO] CodeEngine:289 - Generated code: C:\Users\Chinnapop\STM32CubeIDE\workspace\CKB-LwIP-FreeRTOS-UDP-Echo-Server\Core\Src\stm32f7xx_hal_timebase_tim.c
2026-01-16 09:52:24,569 [INFO] CodeEngine:321 - oldGeneratedFile, C:\Users\Chinnapop\STM32CubeIDE\workspace\CKB-LwIP-FreeRTOS-UDP-Echo-Server\Core\Inc\stm32f7xx_hal_conf.h_save
2026-01-16 09:52:24,793 [INFO] CodeEngine:345 - Generated code: C:\Users\Chinnapop\STM32CubeIDE\workspace\CKB-LwIP-FreeRTOS-UDP-Echo-Server\Core\Inc\stm32f7xx_hal_conf.h
2026-01-16 09:52:24,842 [INFO] ApiDbMcu:532 - Load IP Config File for CAN1
2026-01-16 09:52:24,846 [INFO] ApiDbMcu:532 - Load IP Config File for USART2
2026-01-16 09:52:24,848 [INFO] ApiDbMcu:532 - Load IP Config File for USART3
2026-01-16 09:52:24,851 [INFO] ApiDbMcu:532 - Load IP Config File for RCC
2026-01-16 09:52:24,864 [INFO] CodeEngine:265 - oldGeneratedFile, C:\Users\Chinnapop\STM32CubeIDE\workspace\CKB-LwIP-FreeRTOS-UDP-Echo-Server\Core\Inc\main.h_save
2026-01-16 09:52:24,978 [INFO] WebApp:194 - Connection lost
2026-01-16 09:52:25,025 [INFO] CodeEngine:289 - Generated code: C:\Users\Chinnapop\STM32CubeIDE\workspace\CKB-LwIP-FreeRTOS-UDP-Echo-Server\Core\Inc\main.h
2026-01-16 09:52:25,042 [INFO] CodeEngine:265 - oldGeneratedFile, C:\Users\Chinnapop\STM32CubeIDE\workspace\CKB-LwIP-FreeRTOS-UDP-Echo-Server\Core\Src\main.c_save
2026-01-16 09:52:25,194 [INFO] CodeEngine:289 - Generated code: C:\Users\Chinnapop\STM32CubeIDE\workspace\CKB-LwIP-FreeRTOS-UDP-Echo-Server\Core\Src\main.c
2026-01-16 09:52:25,554 [INFO] WebApp:191 - Connection restablished
2026-01-16 09:52:26,294 [INFO] ProjectBuilder:3606 - Time for Copy HAL[1] : 822mS.
2026-01-16 09:52:26,331 [INFO] ProjectBuilder:5216 - Project Generator version: 4.7.0-B52
2026-01-16 09:52:26,414 [INFO] ConfigFileManager:1595 - The Die is : DIE451
2026-01-16 09:52:26,429 [INFO] ApiDbMcu:532 - Load IP Config File for FATFS
2026-01-16 09:52:26,444 [INFO] ApiDbMcu:532 - Load IP Config File for LIBJPEG
2026-01-16 09:52:26,466 [INFO] ApiDbMcu:532 - Load IP Config File for MBEDTLS
2026-01-16 09:52:26,486 [INFO] ApiDbMcu:532 - Load IP Config File for USB_DEVICE
2026-01-16 09:52:26,505 [INFO] ApiDbMcu:532 - Load IP Config File for USB_HOST
2026-01-16 09:52:27,712 [INFO] LogOutputStream:77 - [STDOUT_REDIRECT] 
2026-01-16 09:52:30,718 [INFO] ProjectBuilder:5496 - Time for Generating toolchain IDE Files: 4387mS.
2026-01-16 09:52:30,719 [INFO] ProjectBuilder:3463 - Time for Copy CMSIS : 1mS.
2026-01-16 09:52:30,741 [INFO] ProjectBuilder:3463 - Time for Copy CMSIS : 0mS.
2026-01-16 09:59:59,176 [WARN] BspModel:444 - BSP dependency skipped because of component: name='USER_PHY', api='Unknown'
2026-01-16 09:59:59,874 [WARN] BspModel:444 - BSP dependency skipped because of component: name='USER_PHY', api='Unknown'
2026-01-16 10:00:04,103 [INFO] NvicIntPanel:101 - NVIC parent = com.st.microxplorer.plugins.ip.nvic.MultiNvicIntPanel[,0,0,450x205,layout=javax.swing.BoxLayout,alignmentX=0.0,alignmentY=0.0,border=,flags=9,maximumSize=,minimumSize=,preferredSize=]
2026-01-16 10:00:05,549 [INFO] NvicIntPanel:101 - NVIC parent = com.st.microxplorer.plugins.ip.nvic.MultiNvicIntPanel[,0,0,0x0,invalid,layout=javax.swing.BoxLayout,alignmentX=0.0,alignmentY=0.0,border=,flags=9,maximumSize=,minimumSize=,preferredSize=]
2026-01-16 10:00:07,481 [INFO] UtilMem:75 - End SaveConfig() Used Memory: 1011648680 Bytes (1073741824)
2026-01-16 10:00:09,545 [INFO] UtilMem:75 - End SaveConfig() Used Memory: 971662360 Bytes (1073741824)
2026-01-16 10:00:10,125 [INFO] BlockDiagram:2775 - set Specific Code input for plugin: FREERTOS
2026-01-16 10:00:10,126 [INFO] BlockDiagram:2775 - set Specific Code input for plugin: CAN
2026-01-16 10:00:10,126 [INFO] BlockDiagram:2775 - set Specific Code input for plugin: SYS
2026-01-16 10:00:10,126 [INFO] BlockDiagram:2775 - set Specific Code input for plugin: RCC
2026-01-16 10:00:10,126 [INFO] BlockDiagram:2775 - set Specific Code input for plugin: NVIC
2026-01-16 10:00:10,126 [INFO] BlockDiagram:2775 - set Specific Code input for plugin: USART
2026-01-16 10:00:10,126 [INFO] BlockDiagram:2775 - set Specific Code input for plugin: LWIP
2026-01-16 10:00:10,126 [INFO] BlockDiagram:2775 - set Specific Code input for plugin: USART
2026-01-16 10:00:10,126 [INFO] BlockDiagram:2775 - set Specific Code input for plugin: USART
2026-01-16 10:00:10,126 [INFO] BlockDiagram:2775 - set Specific Code input for plugin: CORTEX_M7
2026-01-16 10:00:10,128 [INFO] BlockDiagram:2775 - set Specific Code input for plugin: GPIO
2026-01-16 10:00:10,128 [INFO] BlockDiagram:2775 - set Specific Code input for plugin: ETH
2026-01-16 10:00:10,129 [INFO] CodeGenerator:892 - code generatio: config db path: C:/Users/Chinnapop/.stm32cubemx/databases/DB.6.0.141/db/
2026-01-16 10:00:10,169 [WARN] IP:2250 - Warning not found: check if there is a RefParameter without a condition.
2026-01-16 10:00:10,169 [WARN] IP:2250 - RxBufferAddress not found: check if there is a RefParameter without a condition.
2026-01-16 10:00:10,169 [WARN] IP:2250 - DESC_SIZE_UNIT not found: check if there is a RefParameter without a condition.
2026-01-16 10:00:10,178 [WARN] IP:2250 - LWIP_NETIF_HOSTNAME_NAME not found: check if there is a RefParameter without a condition.
2026-01-16 10:00:10,345 [INFO] CodeEngine:265 - oldGeneratedFile, C:\Users\Chinnapop\STM32CubeIDE\workspace\CKB-LwIP-FreeRTOS-UDP-Echo-Server\MXTmpFiles\license.tmp_save
2026-01-16 10:00:10,781 [INFO] CodeEngine:289 - Generated code: C:\Users\Chinnapop\STM32CubeIDE\workspace\CKB-LwIP-FreeRTOS-UDP-Echo-Server\MXTmpFiles\license.tmp
2026-01-16 10:00:10,846 [INFO] CodeEngine:265 - oldGeneratedFile, C:\Users\Chinnapop\STM32CubeIDE\workspace\CKB-LwIP-FreeRTOS-UDP-Echo-Server\Core\Src\gpio.c_save
2026-01-16 10:00:11,084 [INFO] CodeEngine:289 - Generated code: C:\Users\Chinnapop\STM32CubeIDE\workspace\CKB-LwIP-FreeRTOS-UDP-Echo-Server\Core\Src\gpio.c
2026-01-16 10:00:11,096 [INFO] CodeEngine:265 - oldGeneratedFile, C:\Users\Chinnapop\STM32CubeIDE\workspace\CKB-LwIP-FreeRTOS-UDP-Echo-Server\Core\Inc\gpio.h_save
2026-01-16 10:00:11,222 [INFO] CodeEngine:289 - Generated code: C:\Users\Chinnapop\STM32CubeIDE\workspace\CKB-LwIP-FreeRTOS-UDP-Echo-Server\Core\Inc\gpio.h
2026-01-16 10:00:11,343 [INFO] CodeEngine:265 - oldGeneratedFile, C:\Users\Chinnapop\STM32CubeIDE\workspace\CKB-LwIP-FreeRTOS-UDP-Echo-Server\MXTmpFiles\eth_vars.tmp_save
2026-01-16 10:00:11,537 [INFO] CodeEngine:289 - Generated code: C:\Users\Chinnapop\STM32CubeIDE\workspace\CKB-LwIP-FreeRTOS-UDP-Echo-Server\MXTmpFiles\eth_vars.tmp
2026-01-16 10:00:11,545 [INFO] CodeEngine:265 - oldGeneratedFile, C:\Users\Chinnapop\STM32CubeIDE\workspace\CKB-LwIP-FreeRTOS-UDP-Echo-Server\MXTmpFiles\eth_inc.tmp_save
2026-01-16 10:00:11,648 [INFO] CodeEngine:289 - Generated code: C:\Users\Chinnapop\STM32CubeIDE\workspace\CKB-LwIP-FreeRTOS-UDP-Echo-Server\MXTmpFiles\eth_inc.tmp
2026-01-16 10:00:11,661 [INFO] CodeEngine:265 - oldGeneratedFile, C:\Users\Chinnapop\STM32CubeIDE\workspace\CKB-LwIP-FreeRTOS-UDP-Echo-Server\MXTmpFiles\eth_HalInit.tmp_save
2026-01-16 10:00:11,803 [INFO] CodeEngine:289 - Generated code: C:\Users\Chinnapop\STM32CubeIDE\workspace\CKB-LwIP-FreeRTOS-UDP-Echo-Server\MXTmpFiles\eth_HalInit.tmp
2026-01-16 10:00:11,812 [INFO] CodeEngine:265 - oldGeneratedFile, C:\Users\Chinnapop\STM32CubeIDE\workspace\CKB-LwIP-FreeRTOS-UDP-Echo-Server\MXTmpFiles\eth_Msp.tmp_save
2026-01-16 10:00:11,935 [INFO] CodeEngine:289 - Generated code: C:\Users\Chinnapop\STM32CubeIDE\workspace\CKB-LwIP-FreeRTOS-UDP-Echo-Server\MXTmpFiles\eth_Msp.tmp
2026-01-16 10:00:12,316 [INFO] Middleware:1452 - No code input for Bsp Dependency
2026-01-16 10:00:12,327 [INFO] CodeEngine:265 - oldGeneratedFile, C:\Users\Chinnapop\STM32CubeIDE\workspace\CKB-LwIP-FreeRTOS-UDP-Echo-Server\MXTmpFiles\rtos_inc.tmp_save
2026-01-16 10:00:12,459 [INFO] CodeEngine:289 - Generated code: C:\Users\Chinnapop\STM32CubeIDE\workspace\CKB-LwIP-FreeRTOS-UDP-Echo-Server\MXTmpFiles\rtos_inc.tmp
2026-01-16 10:00:12,465 [INFO] CodeEngine:265 - oldGeneratedFile, C:\Users\Chinnapop\STM32CubeIDE\workspace\CKB-LwIP-FreeRTOS-UDP-Echo-Server\MXTmpFiles\rtos_vars.tmp_save
2026-01-16 10:00:12,533 [INFO] CodeEngine:289 - Generated code: C:\Users\Chinnapop\STM32CubeIDE\workspace\CKB-LwIP-FreeRTOS-UDP-Echo-Server\MXTmpFiles\rtos_vars.tmp
2026-01-16 10:00:12,539 [INFO] CodeEngine:265 - oldGeneratedFile, C:\Users\Chinnapop\STM32CubeIDE\workspace\CKB-LwIP-FreeRTOS-UDP-Echo-Server\MXTmpFiles\rtos_pfp.tmp_save
2026-01-16 10:00:12,596 [INFO] CodeEngine:289 - Generated code: C:\Users\Chinnapop\STM32CubeIDE\workspace\CKB-LwIP-FreeRTOS-UDP-Echo-Server\MXTmpFiles\rtos_pfp.tmp
2026-01-16 10:00:12,603 [INFO] CodeEngine:265 - oldGeneratedFile, C:\Users\Chinnapop\STM32CubeIDE\workspace\CKB-LwIP-FreeRTOS-UDP-Echo-Server\MXTmpFiles\rtos_obj_creat.tmp_save
2026-01-16 10:00:12,698 [INFO] CodeEngine:289 - Generated code: C:\Users\Chinnapop\STM32CubeIDE\workspace\CKB-LwIP-FreeRTOS-UDP-Echo-Server\MXTmpFiles\rtos_obj_creat.tmp
2026-01-16 10:00:12,706 [INFO] CodeEngine:265 - oldGeneratedFile, C:\Users\Chinnapop\STM32CubeIDE\workspace\CKB-LwIP-FreeRTOS-UDP-Echo-Server\MXTmpFiles\rtos_kernelStart.tmp_save
2026-01-16 10:00:12,774 [INFO] CodeEngine:289 - Generated code: C:\Users\Chinnapop\STM32CubeIDE\workspace\CKB-LwIP-FreeRTOS-UDP-Echo-Server\MXTmpFiles\rtos_kernelStart.tmp
2026-01-16 10:00:12,780 [INFO] CodeEngine:265 - oldGeneratedFile, C:\Users\Chinnapop\STM32CubeIDE\workspace\CKB-LwIP-FreeRTOS-UDP-Echo-Server\MXTmpFiles\rtos_default_thread.tmp_save
2026-01-16 10:00:12,842 [INFO] CodeEngine:289 - Generated code: C:\Users\Chinnapop\STM32CubeIDE\workspace\CKB-LwIP-FreeRTOS-UDP-Echo-Server\MXTmpFiles\rtos_default_thread.tmp
2026-01-16 10:00:12,850 [INFO] CodeEngine:265 - oldGeneratedFile, C:\Users\Chinnapop\STM32CubeIDE\workspace\CKB-LwIP-FreeRTOS-UDP-Echo-Server\MXTmpFiles\rtos_threads.tmp_save
2026-01-16 10:00:12,913 [INFO] CodeEngine:289 - Generated code: C:\Users\Chinnapop\STM32CubeIDE\workspace\CKB-LwIP-FreeRTOS-UDP-Echo-Server\MXTmpFiles\rtos_threads.tmp
2026-01-16 10:00:12,926 [INFO] Middleware:1452 - No code input for Bsp Dependency
2026-01-16 10:00:12,951 [INFO] Middleware:1452 - No code input for Bsp Dependency
2026-01-16 10:00:12,964 [INFO] CodeEngine:265 - oldGeneratedFile, C:\Users\Chinnapop\STM32CubeIDE\workspace\CKB-LwIP-FreeRTOS-UDP-Echo-Server\MXTmpFiles\rtos_inc.tmp_save
2026-01-16 10:00:13,096 [INFO] CodeEngine:289 - Generated code: C:\Users\Chinnapop\STM32CubeIDE\workspace\CKB-LwIP-FreeRTOS-UDP-Echo-Server\MXTmpFiles\rtos_inc.tmp
2026-01-16 10:00:13,103 [INFO] CodeEngine:265 - oldGeneratedFile, C:\Users\Chinnapop\STM32CubeIDE\workspace\CKB-LwIP-FreeRTOS-UDP-Echo-Server\MXTmpFiles\rtos_vars.tmp_save
2026-01-16 10:00:13,175 [INFO] CodeEngine:289 - Generated code: C:\Users\Chinnapop\STM32CubeIDE\workspace\CKB-LwIP-FreeRTOS-UDP-Echo-Server\MXTmpFiles\rtos_vars.tmp
2026-01-16 10:00:13,183 [INFO] CodeEngine:265 - oldGeneratedFile, C:\Users\Chinnapop\STM32CubeIDE\workspace\CKB-LwIP-FreeRTOS-UDP-Echo-Server\MXTmpFiles\rtos_pfp.tmp_save
2026-01-16 10:00:13,253 [INFO] CodeEngine:289 - Generated code: C:\Users\Chinnapop\STM32CubeIDE\workspace\CKB-LwIP-FreeRTOS-UDP-Echo-Server\MXTmpFiles\rtos_pfp.tmp
2026-01-16 10:00:13,261 [INFO] CodeEngine:265 - oldGeneratedFile, C:\Users\Chinnapop\STM32CubeIDE\workspace\CKB-LwIP-FreeRTOS-UDP-Echo-Server\MXTmpFiles\rtos_obj_creat.tmp_save
2026-01-16 10:00:13,337 [INFO] CodeEngine:289 - Generated code: C:\Users\Chinnapop\STM32CubeIDE\workspace\CKB-LwIP-FreeRTOS-UDP-Echo-Server\MXTmpFiles\rtos_obj_creat.tmp
2026-01-16 10:00:13,344 [INFO] CodeEngine:265 - oldGeneratedFile, C:\Users\Chinnapop\STM32CubeIDE\workspace\CKB-LwIP-FreeRTOS-UDP-Echo-Server\MXTmpFiles\rtos_kernelStart.tmp_save
2026-01-16 10:00:13,406 [INFO] CodeEngine:289 - Generated code: C:\Users\Chinnapop\STM32CubeIDE\workspace\CKB-LwIP-FreeRTOS-UDP-Echo-Server\MXTmpFiles\rtos_kernelStart.tmp
2026-01-16 10:00:13,414 [INFO] CodeEngine:265 - oldGeneratedFile, C:\Users\Chinnapop\STM32CubeIDE\workspace\CKB-LwIP-FreeRTOS-UDP-Echo-Server\MXTmpFiles\rtos_default_thread.tmp_save
2026-01-16 10:00:13,484 [INFO] CodeEngine:289 - Generated code: C:\Users\Chinnapop\STM32CubeIDE\workspace\CKB-LwIP-FreeRTOS-UDP-Echo-Server\MXTmpFiles\rtos_default_thread.tmp
2026-01-16 10:00:13,492 [INFO] CodeEngine:265 - oldGeneratedFile, C:\Users\Chinnapop\STM32CubeIDE\workspace\CKB-LwIP-FreeRTOS-UDP-Echo-Server\MXTmpFiles\rtos_threads.tmp_save
2026-01-16 10:00:13,554 [INFO] CodeEngine:289 - Generated code: C:\Users\Chinnapop\STM32CubeIDE\workspace\CKB-LwIP-FreeRTOS-UDP-Echo-Server\MXTmpFiles\rtos_threads.tmp
2026-01-16 10:00:13,562 [INFO] CodeEngine:265 - oldGeneratedFile, C:\Users\Chinnapop\STM32CubeIDE\workspace\CKB-LwIP-FreeRTOS-UDP-Echo-Server\Core\Inc\FreeRTOSConfig.h_save
2026-01-16 10:00:13,661 [INFO] CodeEngine:289 - Generated code: C:\Users\Chinnapop\STM32CubeIDE\workspace\CKB-LwIP-FreeRTOS-UDP-Echo-Server\Core\Inc\FreeRTOSConfig.h
2026-01-16 10:00:13,670 [INFO] CodeEngine:265 - oldGeneratedFile, C:\Users\Chinnapop\STM32CubeIDE\workspace\CKB-LwIP-FreeRTOS-UDP-Echo-Server\Core\Src\freertos.c_save
2026-01-16 10:00:13,839 [INFO] CodeEngine:289 - Generated code: C:\Users\Chinnapop\STM32CubeIDE\workspace\CKB-LwIP-FreeRTOS-UDP-Echo-Server\Core\Src\freertos.c
2026-01-16 10:00:13,866 [INFO] CodeEngine:265 - oldGeneratedFile, C:\Users\Chinnapop\STM32CubeIDE\workspace\CKB-LwIP-FreeRTOS-UDP-Echo-Server\Core\Src\can.c_save
2026-01-16 10:00:14,056 [INFO] CodeEngine:289 - Generated code: C:\Users\Chinnapop\STM32CubeIDE\workspace\CKB-LwIP-FreeRTOS-UDP-Echo-Server\Core\Src\can.c
2026-01-16 10:00:14,065 [INFO] CodeEngine:265 - oldGeneratedFile, C:\Users\Chinnapop\STM32CubeIDE\workspace\CKB-LwIP-FreeRTOS-UDP-Echo-Server\Core\Inc\can.h_save
2026-01-16 10:00:14,162 [INFO] CodeEngine:289 - Generated code: C:\Users\Chinnapop\STM32CubeIDE\workspace\CKB-LwIP-FreeRTOS-UDP-Echo-Server\Core\Inc\can.h
2026-01-16 10:00:14,183 [INFO] CodeEngine:265 - oldGeneratedFile, C:\Users\Chinnapop\STM32CubeIDE\workspace\CKB-LwIP-FreeRTOS-UDP-Echo-Server\MXTmpFiles\cortex.tmp_save
2026-01-16 10:00:14,337 [INFO] CodeEngine:289 - Generated code: C:\Users\Chinnapop\STM32CubeIDE\workspace\CKB-LwIP-FreeRTOS-UDP-Echo-Server\MXTmpFiles\cortex.tmp
2026-01-16 10:00:14,359 [INFO] Middleware:1452 - No code input for Bsp Dependency
2026-01-16 10:00:14,373 [INFO] CodeEngine:265 - oldGeneratedFile, C:\Users\Chinnapop\STM32CubeIDE\workspace\CKB-LwIP-FreeRTOS-UDP-Echo-Server\LWIP\App\lwip.c_save
2026-01-16 10:00:14,498 [INFO] CodeEngine:289 - Generated code: C:\Users\Chinnapop\STM32CubeIDE\workspace\CKB-LwIP-FreeRTOS-UDP-Echo-Server\LWIP\App\lwip.c
2026-01-16 10:00:14,504 [INFO] CodeEngine:265 - oldGeneratedFile, C:\Users\Chinnapop\STM32CubeIDE\workspace\CKB-LwIP-FreeRTOS-UDP-Echo-Server\LWIP\App\lwip.h_save
2026-01-16 10:00:14,576 [INFO] CodeEngine:289 - Generated code: C:\Users\Chinnapop\STM32CubeIDE\workspace\CKB-LwIP-FreeRTOS-UDP-Echo-Server\LWIP\App\lwip.h
2026-01-16 10:00:14,585 [INFO] CodeEngine:265 - oldGeneratedFile, C:\Users\Chinnapop\STM32CubeIDE\workspace\CKB-LwIP-FreeRTOS-UDP-Echo-Server\LWIP\Target\lwipopts.h_save
2026-01-16 10:00:14,835 [INFO] CodeEngine:289 - Generated code: C:\Users\Chinnapop\STM32CubeIDE\workspace\CKB-LwIP-FreeRTOS-UDP-Echo-Server\LWIP\Target\lwipopts.h
2026-01-16 10:00:14,867 [INFO] CodeEngine:265 - oldGeneratedFile, C:\Users\Chinnapop\STM32CubeIDE\workspace\CKB-LwIP-FreeRTOS-UDP-Echo-Server\LWIP\Target\ethernetif.c_save
2026-01-16 10:00:15,117 [INFO] CodeEngine:289 - Generated code: C:\Users\Chinnapop\STM32CubeIDE\workspace\CKB-LwIP-FreeRTOS-UDP-Echo-Server\LWIP\Target\ethernetif.c
2026-01-16 10:00:15,141 [INFO] CodeEngine:265 - oldGeneratedFile, C:\Users\Chinnapop\STM32CubeIDE\workspace\CKB-LwIP-FreeRTOS-UDP-Echo-Server\LWIP\Target\ethernetif.h_save
2026-01-16 10:00:15,212 [INFO] CodeEngine:289 - Generated code: C:\Users\Chinnapop\STM32CubeIDE\workspace\CKB-LwIP-FreeRTOS-UDP-Echo-Server\LWIP\Target\ethernetif.h
2026-01-16 10:00:15,223 [INFO] CodeEngine:265 - oldGeneratedFile, C:\Users\Chinnapop\STM32CubeIDE\workspace\CKB-LwIP-FreeRTOS-UDP-Echo-Server\Core\Src\usart.c_save
2026-01-16 10:00:15,433 [INFO] CodeEngine:289 - Generated code: C:\Users\Chinnapop\STM32CubeIDE\workspace\CKB-LwIP-FreeRTOS-UDP-Echo-Server\Core\Src\usart.c
2026-01-16 10:00:15,449 [INFO] CodeEngine:265 - oldGeneratedFile, C:\Users\Chinnapop\STM32CubeIDE\workspace\CKB-LwIP-FreeRTOS-UDP-Echo-Server\Core\Inc\usart.h_save
2026-01-16 10:00:15,536 [INFO] CodeEngine:289 - Generated code: C:\Users\Chinnapop\STM32CubeIDE\workspace\CKB-LwIP-FreeRTOS-UDP-Echo-Server\Core\Inc\usart.h
2026-01-16 10:00:15,553 [INFO] CodeEngine:265 - oldGeneratedFile, C:\Users\Chinnapop\STM32CubeIDE\workspace\CKB-LwIP-FreeRTOS-UDP-Echo-Server\Core\Src\stm32f7xx_it.c_save
2026-01-16 10:00:15,825 [INFO] CodeEngine:289 - Generated code: C:\Users\Chinnapop\STM32CubeIDE\workspace\CKB-LwIP-FreeRTOS-UDP-Echo-Server\Core\Src\stm32f7xx_it.c
2026-01-16 10:00:15,847 [INFO] CodeEngine:265 - oldGeneratedFile, C:\Users\Chinnapop\STM32CubeIDE\workspace\CKB-LwIP-FreeRTOS-UDP-Echo-Server\Core\Inc\stm32f7xx_it.h_save
2026-01-16 10:00:15,928 [INFO] CodeEngine:289 - Generated code: C:\Users\Chinnapop\STM32CubeIDE\workspace\CKB-LwIP-FreeRTOS-UDP-Echo-Server\Core\Inc\stm32f7xx_it.h
2026-01-16 10:00:15,948 [INFO] CodeEngine:265 - oldGeneratedFile, C:\Users\Chinnapop\STM32CubeIDE\workspace\CKB-LwIP-FreeRTOS-UDP-Echo-Server\Core\Src\stm32f7xx_hal_msp.c_save
2026-01-16 10:00:16,089 [INFO] CodeEngine:289 - Generated code: C:\Users\Chinnapop\STM32CubeIDE\workspace\CKB-LwIP-FreeRTOS-UDP-Echo-Server\Core\Src\stm32f7xx_hal_msp.c
2026-01-16 10:00:16,094 [INFO] CodeEngine:265 - oldGeneratedFile, C:\Users\Chinnapop\STM32CubeIDE\workspace\CKB-LwIP-FreeRTOS-UDP-Echo-Server\MXTmpFiles\system.tmp_save
2026-01-16 10:00:16,159 [INFO] CodeEngine:289 - Generated code: C:\Users\Chinnapop\STM32CubeIDE\workspace\CKB-LwIP-FreeRTOS-UDP-Echo-Server\MXTmpFiles\system.tmp
2026-01-16 10:00:16,168 [INFO] CodeEngine:265 - oldGeneratedFile, C:\Users\Chinnapop\STM32CubeIDE\workspace\CKB-LwIP-FreeRTOS-UDP-Echo-Server\Core\Src\stm32f7xx_hal_timebase_tim.c_save
2026-01-16 10:00:16,297 [INFO] CodeEngine:289 - Generated code: C:\Users\Chinnapop\STM32CubeIDE\workspace\CKB-LwIP-FreeRTOS-UDP-Echo-Server\Core\Src\stm32f7xx_hal_timebase_tim.c
2026-01-16 10:00:16,329 [INFO] CodeEngine:321 - oldGeneratedFile, C:\Users\Chinnapop\STM32CubeIDE\workspace\CKB-LwIP-FreeRTOS-UDP-Echo-Server\Core\Inc\stm32f7xx_hal_conf.h_save
2026-01-16 10:00:16,597 [INFO] CodeEngine:345 - Generated code: C:\Users\Chinnapop\STM32CubeIDE\workspace\CKB-LwIP-FreeRTOS-UDP-Echo-Server\Core\Inc\stm32f7xx_hal_conf.h
2026-01-16 10:00:16,678 [INFO] ApiDbMcu:532 - Load IP Config File for USART1
2026-01-16 10:00:16,702 [INFO] CodeEngine:265 - oldGeneratedFile, C:\Users\Chinnapop\STM32CubeIDE\workspace\CKB-LwIP-FreeRTOS-UDP-Echo-Server\Core\Inc\main.h_save
2026-01-16 10:00:16,854 [INFO] CodeEngine:289 - Generated code: C:\Users\Chinnapop\STM32CubeIDE\workspace\CKB-LwIP-FreeRTOS-UDP-Echo-Server\Core\Inc\main.h
2026-01-16 10:00:16,870 [INFO] CodeEngine:265 - oldGeneratedFile, C:\Users\Chinnapop\STM32CubeIDE\workspace\CKB-LwIP-FreeRTOS-UDP-Echo-Server\Core\Src\main.c_save
2026-01-16 10:00:17,021 [INFO] CodeEngine:289 - Generated code: C:\Users\Chinnapop\STM32CubeIDE\workspace\CKB-LwIP-FreeRTOS-UDP-Echo-Server\Core\Src\main.c
2026-01-16 10:00:18,070 [INFO] ProjectBuilder:3606 - Time for Copy HAL[1] : 684mS.
2026-01-16 10:00:18,082 [INFO] ProjectBuilder:5216 - Project Generator version: 4.7.0-B52
2026-01-16 10:00:18,185 [INFO] ConfigFileManager:1595 - The Die is : DIE451
2026-01-16 10:00:20,230 [INFO] ProjectBuilder:5496 - Time for Generating toolchain IDE Files: 2148mS.
2026-01-16 10:00:20,232 [INFO] ProjectBuilder:3463 - Time for Copy CMSIS : 1mS.
2026-01-16 10:00:20,253 [INFO] ProjectBuilder:3463 - Time for Copy CMSIS : 0mS.
2026-01-16 10:23:06,009 [INFO] WebApp:194 - Connection lost
2026-01-16 10:23:06,245 [INFO] WebApp:191 - Connection restablished
2026-01-16 10:53:52,984 [INFO] WebApp:194 - Connection lost
2026-01-16 10:53:53,171 [INFO] WebApp:191 - Connection restablished
2026-01-16 11:24:34,992 [INFO] WebApp:194 - Connection lost
2026-01-16 11:24:35,270 [INFO] WebApp:191 - Connection restablished
2026-01-16 11:55:42,025 [INFO] WebApp:194 - Connection lost
2026-01-16 11:55:42,325 [INFO] WebApp:191 - Connection restablished
2026-01-16 12:26:31,023 [INFO] WebApp:194 - Connection lost
2026-01-16 12:26:31,293 [INFO] WebApp:191 - Connection restablished
2026-01-16 12:57:19,010 [INFO] WebApp:194 - Connection lost
2026-01-16 12:57:19,267 [INFO] WebApp:191 - Connection restablished
2026-01-16 13:28:01,000 [INFO] WebApp:194 - Connection lost
2026-01-16 13:28:01,264 [INFO] WebApp:191 - Connection restablished
2026-01-16 13:30:07,114 [ERROR] LogOutputStream:75 - [STDERR_REDIRECT] 
2026-01-16 13:34:02,761 [INFO] Activator:176 - 


2026-01-16 13:34:02,763 [INFO] Activator:177 - !SESSION log4j initialized
2026-01-16 13:34:37,964 [INFO] LogOutputStream:77 - [STDOUT_REDIRECT] 
2026-01-16 13:34:46,004 [INFO] ApplicationProperties:184 - Using Application install path: C:\ST\STM32CubeIDE_1.16.1\STM32CubeIDE\plugins\com.st.stm32cube.common.mx_6.15.0.202507011659
2026-01-16 13:34:46,033 [INFO] DbMcusXml:78 - Set database path to: C:\ST\STM32CubeIDE_1.16.1\STM32CubeIDE\plugins\com.st.stm32cube.common.mx_6.15.0.202507011659\\db\/mcu/
2026-01-16 13:34:46,033 [INFO] ApiDb:274 - Set plugin database path to: C:\ST\STM32CubeIDE_1.16.1\STM32CubeIDE\plugins\com.st.stm32cube.common.mx_6.15.0.202507011659\\db\/plugins/boardmanager/
2026-01-16 13:34:46,033 [WARN] ApiDb:259 - Overriding images path with different value:  => C:\ST\STM32CubeIDE_1.16.1\STM32CubeIDE\plugins\com.st.stm32cube.common.mx_6.15.0.202507011659\\db\/plugins/mcufinder/images/
2026-01-16 13:34:46,052 [INFO] ApiDb:250 - Set database path to: C:\Users\Chinnapop\.stmcufinder\plugins\mcufinder//mcu/
2026-01-16 13:34:46,057 [INFO] DbMcusAds:125 - Set database path to: C:\Users\Chinnapop\.stmcufinder\plugins\mcufinder//mcu/
2026-01-16 13:34:46,062 [INFO] CrossReferenceDbSqlite:203 - Set database path to: C:\Users\Chinnapop\.stmcufinder\plugins\mcufinder//mcu/cs/
2026-01-16 13:34:46,376 [INFO] RulesReader:64 - Compatibility file has been processed (317 Rules)
2026-01-16 13:34:46,562 [INFO] DbMcusXml:78 - Set database path to: C:\ST\STM32CubeIDE_1.16.1\STM32CubeIDE\plugins\com.st.stm32cube.common.mx_6.15.0.202507011659\\db\/mcu/
2026-01-16 13:34:46,562 [INFO] ApiDb:274 - Set plugin database path to: C:\ST\STM32CubeIDE_1.16.1\STM32CubeIDE\plugins\com.st.stm32cube.common.mx_6.15.0.202507011659\\db\/plugins/boardmanager/
2026-01-16 13:34:46,562 [INFO] ApiDb:261 - Set plugin images path to: C:\ST\STM32CubeIDE_1.16.1\STM32CubeIDE\plugins\com.st.stm32cube.common.mx_6.15.0.202507011659\\db\/plugins/mcufinder/images/
2026-01-16 13:34:46,562 [WARN] DbFile:41 - Overriding database path with different value: C:\Users\Chinnapop\.stmcufinder\plugins\mcufinder/ => C:\Users\Chinnapop\.stmcufinder\plugins\mcufinder
2026-01-16 13:34:46,563 [INFO] ApiDb:250 - Set database path to: C:\Users\Chinnapop\.stmcufinder\plugins\mcufinder//mcu/
2026-01-16 13:34:46,563 [WARN] DbFile:41 - Overriding database path with different value: C:\Users\Chinnapop\.stmcufinder\plugins\mcufinder/ => C:\Users\Chinnapop\.stmcufinder\plugins\mcufinder
2026-01-16 13:34:46,563 [INFO] DbMcusAds:125 - Set database path to: C:\Users\Chinnapop\.stmcufinder\plugins\mcufinder//mcu/
2026-01-16 13:34:46,563 [WARN] DbFile:41 - Overriding database path with different value: C:\Users\Chinnapop\.stmcufinder\plugins\mcufinder/ => C:\Users\Chinnapop\.stmcufinder\plugins\mcufinder
2026-01-16 13:34:46,563 [WARN] DbFile:41 - Overriding database path with different value: C:\Users\Chinnapop\.stmcufinder\plugins\mcufinder/ => C:\Users\Chinnapop\.stmcufinder\plugins\mcufinder
2026-01-16 13:34:46,564 [INFO] CrossReferenceDbSqlite:203 - Set database path to: C:\Users\Chinnapop\.stmcufinder\plugins\mcufinder//mcu/cs/
2026-01-16 13:34:46,768 [INFO] MainPanel:274 - HeapMemory: 268435456
2026-01-16 13:34:47,096 [INFO] DbMcusXml:78 - Set database path to: C:\ST\STM32CubeIDE_1.16.1\STM32CubeIDE\plugins\com.st.stm32cube.common.mx_6.15.0.202507011659\\db\/mcu/
2026-01-16 13:34:47,097 [INFO] ApiDb:274 - Set plugin database path to: C:\ST\STM32CubeIDE_1.16.1\STM32CubeIDE\plugins\com.st.stm32cube.common.mx_6.15.0.202507011659\\db\/plugins/boardmanager/
2026-01-16 13:34:47,097 [INFO] ApiDb:261 - Set plugin images path to: C:\ST\STM32CubeIDE_1.16.1\STM32CubeIDE\plugins\com.st.stm32cube.common.mx_6.15.0.202507011659\\db\/plugins/mcufinder/images/
2026-01-16 13:34:47,098 [WARN] DbFile:41 - Overriding database path with different value: C:\Users\Chinnapop\.stmcufinder\plugins\mcufinder/ => C:\Users\Chinnapop\.stmcufinder\plugins\mcufinder
2026-01-16 13:34:47,098 [INFO] ApiDb:250 - Set database path to: C:\Users\Chinnapop\.stmcufinder\plugins\mcufinder//mcu/
2026-01-16 13:34:47,099 [WARN] DbFile:41 - Overriding database path with different value: C:\Users\Chinnapop\.stmcufinder\plugins\mcufinder/ => C:\Users\Chinnapop\.stmcufinder\plugins\mcufinder
2026-01-16 13:34:47,099 [INFO] DbMcusAds:125 - Set database path to: C:\Users\Chinnapop\.stmcufinder\plugins\mcufinder//mcu/
2026-01-16 13:34:47,099 [WARN] DbFile:41 - Overriding database path with different value: C:\Users\Chinnapop\.stmcufinder\plugins\mcufinder/ => C:\Users\Chinnapop\.stmcufinder\plugins\mcufinder
2026-01-16 13:34:47,099 [WARN] DbFile:41 - Overriding database path with different value: C:\Users\Chinnapop\.stmcufinder\plugins\mcufinder/ => C:\Users\Chinnapop\.stmcufinder\plugins\mcufinder
2026-01-16 13:34:47,100 [INFO] CrossReferenceDbSqlite:203 - Set database path to: C:\Users\Chinnapop\.stmcufinder\plugins\mcufinder//mcu/cs/
2026-01-16 13:34:47,150 [INFO] ApplicationProperties:184 - Using Application install path: C:\ST\STM32CubeIDE_1.16.1\STM32CubeIDE\plugins\com.st.stm32cube.common.mx_6.15.0.202507011659
2026-01-16 13:34:47,153 [INFO] PluginManage:196 - Search for loadable plugins [exclusion list=, ]
2026-01-16 13:34:47,156 [INFO] PluginManage:310 - Check plugin analytics
2026-01-16 13:34:52,513 [INFO] AnalyticsPlugin:253 - Accepted Software Licenses: 
2026-01-16 13:34:52,514 [INFO] AnalyticsPlugin:255 - Accepted CMSIS Pack Licenses: 
2026-01-16 13:34:52,514 [INFO] AnalyticsPlugin:257 - Accepted Firmware Licenses: FW.F7.1.17.0
2026-01-16 13:34:52,524 [INFO] PluginManage:359 - Loaded plugin analytics (category:tool,tabindex:-1)
2026-01-16 13:34:52,525 [INFO] PluginManage:310 - Check plugin cadmodel
2026-01-16 13:34:52,553 [INFO] CADModel:105 - Init CAD model plugin
2026-01-16 13:34:52,553 [INFO] PluginManage:359 - Loaded plugin cadmodel (category:power,tabindex:5)
2026-01-16 13:34:52,553 [INFO] PluginManage:310 - Check plugin clock
2026-01-16 13:34:52,600 [INFO] PluginManage:359 - Loaded plugin clock (category:base,tabindex:2)
2026-01-16 13:34:52,600 [INFO] PluginManage:310 - Check plugin ddr
2026-01-16 13:34:52,606 [INFO] PluginManage:359 - Loaded plugin ddr (category:tool,tabindex:6)
2026-01-16 13:34:52,607 [INFO] PluginManage:310 - Check plugin filemanager
2026-01-16 13:34:52,956 [INFO] PluginManage:359 - Loaded plugin filemanager (category:base,tabindex:10)
2026-01-16 13:34:52,956 [INFO] PluginManage:310 - Check plugin ipmanager
2026-01-16 13:34:52,971 [INFO] PluginManage:359 - Loaded plugin ipmanager (category:base,tabindex:5)
2026-01-16 13:34:52,971 [INFO] PluginManage:310 - Check plugin lpbam
2026-01-16 13:34:53,009 [INFO] PluginManage:359 - Loaded plugin lpbam (category:base,tabindex:0)
2026-01-16 13:34:53,010 [INFO] PluginManage:310 - Check plugin memorymap
2026-01-16 13:34:53,078 [INFO] PluginManage:359 - Loaded plugin memorymap (category:base,tabindex:4)
2026-01-16 13:34:53,079 [INFO] PluginManage:310 - Check plugin pinoutandconfiguration
2026-01-16 13:34:53,151 [INFO] PluginManage:359 - Loaded plugin pinoutandconfiguration (category:base,tabindex:1)
2026-01-16 13:34:53,152 [INFO] PluginManage:310 - Check plugin pinoutconfig
2026-01-16 13:34:53,358 [WARN] SupportedApi:132 - Cannot load RTOS API schema: s4s-elt-must-match.1: The content of 'definitions' must match (annotation?, (simpleType | complexType)?, (unique | key | keyref)*)). A problem was found starting at: attribute.
2026-01-16 13:34:53,646 [INFO] PluginManage:359 - Loaded plugin pinoutconfig (category:base,tabindex:0)
2026-01-16 13:34:53,646 [INFO] PluginManage:310 - Check plugin power
2026-01-16 13:34:53,696 [INFO] PluginManage:359 - Loaded plugin power (category:power,tabindex:4)
2026-01-16 13:34:53,696 [INFO] PluginManage:310 - Check plugin projectmanager
2026-01-16 13:34:53,741 [INFO] PluginManage:359 - Loaded plugin projectmanager (category:projectmanager,tabindex:4)
2026-01-16 13:34:53,741 [INFO] PluginManage:310 - Check plugin rif
2026-01-16 13:34:53,790 [INFO] PluginManage:359 - Loaded plugin rif (category:base,tabindex:3)
2026-01-16 13:34:53,790 [INFO] PluginManage:310 - Check plugin thirdparty
2026-01-16 13:34:54,672 [INFO] PluginManage:359 - Loaded plugin thirdparty (category:base,tabindex:-1)
2026-01-16 13:34:54,672 [WARN] IntegrityCheckThread:84 - waiting for thirdparty lock release [integrity check]
2026-01-16 13:34:54,673 [INFO] PluginManage:310 - Check plugin tools
2026-01-16 13:34:54,673 [INFO] IntegrityCheckThread:86 - entering critical section [integrity check]
2026-01-16 13:34:54,674 [INFO] ThirdPartyUpdaterWithRetryManager:70 - Updater plugin not ready yet. [1/15]
2026-01-16 13:34:54,850 [INFO] PluginManage:359 - Loaded plugin tools (category:base,tabindex:7)
2026-01-16 13:34:54,850 [INFO] PluginManage:310 - Check plugin tutovideos
2026-01-16 13:34:55,532 [INFO] PluginManage:359 - Loaded plugin tutovideos (category:base,tabindex:-1)
2026-01-16 13:34:55,532 [INFO] PluginManage:310 - Check plugin updater
2026-01-16 13:34:55,605 [INFO] PluginManage:359 - Loaded plugin updater (category:base,tabindex:12)
2026-01-16 13:34:55,606 [INFO] PluginManage:310 - Check plugin userauth
2026-01-16 13:34:55,622 [INFO] UserAuth:118 - Init User Auth plugin
2026-01-16 13:34:55,626 [INFO] PluginManage:359 - Loaded plugin userauth (category:base,tabindex:14)
2026-01-16 13:34:55,628 [INFO] PluginManage:283 - PluginManage : Loaded plugins [18]
2026-01-16 13:34:56,192 [INFO] PinOutPanel:1589 - setPackage(No Configuration,No Configuration)
2026-01-16 13:34:56,450 [INFO] CADModel:165 - CPN selected for project level
2026-01-16 13:34:56,450 [INFO] CADModel:114 - Register for checkConnection events
2026-01-16 13:34:56,521 [INFO] IPUIPlugin:80 - create IPUIPlugin
2026-01-16 13:34:56,522 [INFO] PluginManager:220 - loadIPPluginJar : add adc
2026-01-16 13:34:56,630 [INFO] IPUIPlugin:80 - create IPUIPlugin
2026-01-16 13:34:56,631 [INFO] PluginManager:220 - loadIPPluginJar : add aes
2026-01-16 13:34:56,768 [INFO] IPUIPlugin:80 - create IPUIPlugin
2026-01-16 13:34:56,768 [INFO] PluginManager:220 - loadIPPluginJar : add can
2026-01-16 13:34:56,824 [INFO] IPUIPlugin:80 - create IPUIPlugin
2026-01-16 13:34:56,825 [INFO] PluginManager:220 - loadIPPluginJar : add comp
2026-01-16 13:34:56,971 [INFO] IPUIPlugin:80 - create IPUIPlugin
2026-01-16 13:34:56,972 [INFO] PluginManager:220 - loadIPPluginJar : add cryp
2026-01-16 13:34:57,022 [INFO] IPUIPlugin:80 - create IPUIPlugin
2026-01-16 13:34:57,022 [INFO] PluginManager:220 - loadIPPluginJar : add ddr_ctrl_phy
2026-01-16 13:34:57,165 [INFO] IPUIPlugin:80 - create IPUIPlugin
2026-01-16 13:34:57,165 [INFO] PluginManager:220 - loadIPPluginJar : add dfsdm
2026-01-16 13:34:57,211 [INFO] IPUIPlugin:80 - create IPUIPlugin
2026-01-16 13:34:57,212 [INFO] PluginManager:220 - loadIPPluginJar : add dma
2026-01-16 13:34:57,374 [INFO] IPUIPlugin:80 - create IPUIPlugin
2026-01-16 13:34:57,375 [INFO] PluginManager:220 - loadIPPluginJar : add dma3
2026-01-16 13:34:57,553 [INFO] IPUIPlugin:80 - create IPUIPlugin
2026-01-16 13:34:57,553 [INFO] PluginManager:220 - loadIPPluginJar : add extmemmanager
2026-01-16 13:34:57,652 [INFO] IPUIPlugin:80 - create IPUIPlugin
2026-01-16 13:34:57,652 [INFO] PluginManager:220 - loadIPPluginJar : add fatfs
2026-01-16 13:34:57,677 [INFO] ThirdPartyUpdaterWithRetryManager:70 - Updater plugin not ready yet. [2/15]
2026-01-16 13:34:57,865 [INFO] IPUIPlugin:80 - create IPUIPlugin
2026-01-16 13:34:57,866 [INFO] PluginManager:220 - loadIPPluginJar : add fmc
2026-01-16 13:34:57,939 [INFO] IPUIPlugin:80 - create IPUIPlugin
2026-01-16 13:34:57,940 [INFO] PluginManager:220 - loadIPPluginJar : add freertos
2026-01-16 13:34:58,041 [INFO] IPUIPlugin:80 - create IPUIPlugin
2026-01-16 13:34:58,042 [INFO] PluginManager:220 - loadIPPluginJar : add genericplugin
2026-01-16 13:34:58,441 [INFO] IPUIPlugin:80 - create IPUIPlugin
2026-01-16 13:34:58,441 [INFO] PluginManager:220 - loadIPPluginJar : add gfxmmu
2026-01-16 13:34:59,073 [INFO] IPUIPlugin:80 - create IPUIPlugin
2026-01-16 13:34:59,074 [INFO] PluginManager:220 - loadIPPluginJar : add gic
2026-01-16 13:34:59,120 [INFO] IPUIPlugin:80 - create IPUIPlugin
2026-01-16 13:34:59,121 [INFO] PluginManager:220 - loadIPPluginJar : add gpio
2026-01-16 13:34:59,442 [INFO] IPUIPlugin:80 - create IPUIPlugin
2026-01-16 13:34:59,443 [INFO] PluginManager:220 - loadIPPluginJar : add gtzc
2026-01-16 13:34:59,523 [INFO] IPUIPlugin:80 - create IPUIPlugin
2026-01-16 13:34:59,524 [INFO] PluginManager:220 - loadIPPluginJar : add hash
2026-01-16 13:34:59,716 [INFO] IPUIPlugin:80 - create IPUIPlugin
2026-01-16 13:34:59,716 [INFO] PluginManager:220 - loadIPPluginJar : add i2c
2026-01-16 13:34:59,882 [INFO] IPUIPlugin:80 - create IPUIPlugin
2026-01-16 13:34:59,882 [INFO] PluginManager:220 - loadIPPluginJar : add i2s
2026-01-16 13:35:00,042 [INFO] IPUIPlugin:80 - create IPUIPlugin
2026-01-16 13:35:00,045 [INFO] PluginManager:220 - loadIPPluginJar : add i3c
2026-01-16 13:35:00,389 [INFO] IPUIPlugin:80 - create IPUIPlugin
2026-01-16 13:35:00,390 [INFO] PluginManager:220 - loadIPPluginJar : add ipddr
2026-01-16 13:35:00,679 [INFO] ThirdPartyUpdaterWithRetryManager:70 - Updater plugin not ready yet. [3/15]
2026-01-16 13:35:00,745 [INFO] IPUIPlugin:80 - create IPUIPlugin
2026-01-16 13:35:00,746 [INFO] PluginManager:220 - loadIPPluginJar : add linkedlist
2026-01-16 13:35:00,936 [INFO] IPUIPlugin:80 - create IPUIPlugin
2026-01-16 13:35:00,937 [INFO] PluginManager:220 - loadIPPluginJar : add lorawan
2026-01-16 13:35:01,104 [INFO] IPUIPlugin:80 - create IPUIPlugin
2026-01-16 13:35:01,105 [INFO] PluginManager:220 - loadIPPluginJar : add ltdc
2026-01-16 13:35:01,158 [INFO] IPUIPlugin:80 - create IPUIPlugin
2026-01-16 13:35:01,158 [INFO] PluginManager:220 - loadIPPluginJar : add mdma
2026-01-16 13:35:01,216 [INFO] IPUIPlugin:80 - create IPUIPlugin
2026-01-16 13:35:01,217 [INFO] PluginManager:220 - loadIPPluginJar : add nvic
2026-01-16 13:35:01,383 [INFO] IPUIPlugin:80 - create IPUIPlugin
2026-01-16 13:35:01,384 [INFO] PluginManager:220 - loadIPPluginJar : add opamp
2026-01-16 13:35:01,697 [INFO] IPUIPlugin:80 - create IPUIPlugin
2026-01-16 13:35:01,698 [INFO] PluginManager:220 - loadIPPluginJar : add openamp
2026-01-16 13:35:01,818 [INFO] IPUIPlugin:80 - create IPUIPlugin
2026-01-16 13:35:01,818 [INFO] PluginManager:220 - loadIPPluginJar : add pdm2pcm
2026-01-16 13:35:01,858 [INFO] IPUIPlugin:80 - create IPUIPlugin
2026-01-16 13:35:01,864 [INFO] PluginManager:220 - loadIPPluginJar : add plateformsettings
2026-01-16 13:35:02,014 [INFO] IPUIPlugin:80 - create IPUIPlugin
2026-01-16 13:35:02,021 [INFO] PluginManager:220 - loadIPPluginJar : add quadspi
2026-01-16 13:35:02,093 [INFO] IPUIPlugin:80 - create IPUIPlugin
2026-01-16 13:35:02,095 [INFO] PluginManager:220 - loadIPPluginJar : add radio
2026-01-16 13:35:02,136 [INFO] IPUIPlugin:80 - create IPUIPlugin
2026-01-16 13:35:02,136 [INFO] PluginManager:220 - loadIPPluginJar : add resmgrutility
2026-01-16 13:35:02,315 [INFO] IPUIPlugin:80 - create IPUIPlugin
2026-01-16 13:35:02,316 [INFO] PluginManager:220 - loadIPPluginJar : add sai
2026-01-16 13:35:02,493 [INFO] IPUIPlugin:80 - create IPUIPlugin
2026-01-16 13:35:02,493 [INFO] PluginManager:220 - loadIPPluginJar : add spi
2026-01-16 13:35:02,791 [INFO] IPUIPlugin:80 - create IPUIPlugin
2026-01-16 13:35:02,792 [INFO] PluginManager:220 - loadIPPluginJar : add stm32_wpan
2026-01-16 13:35:02,896 [INFO] IPUIPlugin:80 - create IPUIPlugin
2026-01-16 13:35:02,896 [INFO] PluginManager:220 - loadIPPluginJar : add tim
2026-01-16 13:35:03,156 [INFO] IPUIPlugin:80 - create IPUIPlugin
2026-01-16 13:35:03,157 [INFO] PluginManager:220 - loadIPPluginJar : add touchsensing
2026-01-16 13:35:03,260 [INFO] IPUIPlugin:80 - create IPUIPlugin
2026-01-16 13:35:03,260 [INFO] PluginManager:220 - loadIPPluginJar : add tracer_emb
2026-01-16 13:35:03,349 [INFO] IPUIPlugin:80 - create IPUIPlugin
2026-01-16 13:35:03,349 [INFO] PluginManager:220 - loadIPPluginJar : add ts
2026-01-16 13:35:03,402 [INFO] IPUIPlugin:80 - create IPUIPlugin
2026-01-16 13:35:03,403 [INFO] PluginManager:220 - loadIPPluginJar : add tsc
2026-01-16 13:35:03,483 [INFO] IPUIPlugin:80 - create IPUIPlugin
2026-01-16 13:35:03,483 [INFO] PluginManager:220 - loadIPPluginJar : add ucpd
2026-01-16 13:35:03,666 [INFO] IPUIPlugin:80 - create IPUIPlugin
2026-01-16 13:35:03,666 [INFO] PluginManager:220 - loadIPPluginJar : add usart
2026-01-16 13:35:03,685 [INFO] ThirdPartyUpdaterWithRetryManager:70 - Updater plugin not ready yet. [4/15]
2026-01-16 13:35:03,836 [INFO] IPUIPlugin:80 - create IPUIPlugin
2026-01-16 13:35:03,837 [INFO] PluginManager:220 - loadIPPluginJar : add usbx
2026-01-16 13:35:04,112 [FATAL] Updater:351 - Updater called before beeing initialized
2026-01-16 13:35:04,306 [INFO] RulesReader:64 - Compatibility file has been processed (317 Rules)
2026-01-16 13:35:04,369 [INFO] RulesReader:64 - Compatibility file has been processed (317 Rules)
2026-01-16 13:35:04,406 [INFO] CADModel:165 - CPN selected for project level
2026-01-16 13:35:04,407 [INFO] CADModel:114 - Register for checkConnection events
2026-01-16 13:35:04,407 [FATAL] Updater:351 - Updater called before beeing initialized
2026-01-16 13:35:04,408 [ERROR] CADModel:125 - Updater not yet initialized, retry later 
2026-01-16 13:35:05,131 [FATAL] Updater:351 - Updater called before beeing initialized
2026-01-16 13:35:05,141 [INFO] CADModel:165 - CPN selected for project level
2026-01-16 13:35:05,142 [INFO] CADModel:114 - Register for checkConnection events
2026-01-16 13:35:05,142 [FATAL] Updater:351 - Updater called before beeing initialized
2026-01-16 13:35:05,142 [ERROR] CADModel:125 - Updater not yet initialized, retry later 
2026-01-16 13:35:05,158 [FATAL] Updater:351 - Updater called before beeing initialized
2026-01-16 13:35:05,621 [FATAL] Updater:351 - Updater called before beeing initialized
2026-01-16 13:35:05,659 [INFO] DbMcusAds:53 - JSON generation date=Thu Jan 08 22:56:32 ICT 2026 (1767887792457)
2026-01-16 13:35:05,660 [FATAL] Updater:351 - Updater called before beeing initialized
2026-01-16 13:35:05,776 [WARN] DetailPanel:346 - Failed to get advertising image, set to default
2026-01-16 13:35:06,003 [FATAL] Updater:351 - Updater called before beeing initialized
2026-01-16 13:35:06,008 [FATAL] Updater:351 - Updater called before beeing initialized
2026-01-16 13:35:06,008 [FATAL] Updater:351 - Updater called before beeing initialized
2026-01-16 13:35:06,008 [WARN] DetailPanel:346 - Failed to get advertising image, set to default
2026-01-16 13:35:06,010 [FATAL] Updater:351 - Updater called before beeing initialized
2026-01-16 13:35:06,163 [ERROR] Updater:1198 - MainUpdater not yet initialized. External WinMGr cannot be set.
2026-01-16 13:35:06,192 [INFO] Updater:1134 - Updater Version found : 6.15.0
2026-01-16 13:35:06,230 [INFO] ApplicationProperties:184 - Using Application install path: C:\ST\STM32CubeIDE_1.16.1\STM32CubeIDE\plugins\com.st.stm32cube.common.mx_6.15.0.202507011659
2026-01-16 13:35:06,688 [INFO] ThirdPartyUpdaterWithRetryManager:70 - Updater plugin not ready yet. [5/15]
2026-01-16 13:35:07,876 [ERROR] LogOutputStream:75 - [STDERR_REDIRECT] Jan 16, 2026 1:35:07 PM java.util.prefs.WindowsPreferences <init>
2026-01-16 13:35:07,879 [ERROR] LogOutputStream:75 - [STDERR_REDIRECT] WARNING: Could not open/create prefs root node Software\JavaSoft\Prefs at root 0xffffffff80000002. Windows RegCreateKeyEx(...) returned error code 5.
2026-01-16 13:35:07,880 [ERROR] LogOutputStream:75 - [STDERR_REDIRECT] 
2026-01-16 13:35:09,692 [FATAL] Updater:351 - Updater called before beeing initialized
2026-01-16 13:35:09,697 [ERROR] IntegrityCheckThread:130 - Cannot retrieve database content from updater: error 21
2026-01-16 13:35:09,698 [INFO] ThirdParty:978 - Integrity check success = false
2026-01-16 13:35:09,698 [INFO] IntegrityCheckThread:100 - exiting critical section [integrity check]
2026-01-16 13:35:09,699 [INFO] IntegrityCheckThread:103 - End integrity checks thread
2026-01-16 13:35:09,718 [INFO] MainUpdater:2872 - connection check result : 10
2026-01-16 13:35:09,720 [INFO] MainUpdater:289 - Updater Check For Update Now.
2026-01-16 13:35:09,720 [INFO] MicroXplorer:498 - Change Database Version : DB.6.0.150
2026-01-16 13:35:09,776 [INFO] McuFinderGlobals:63 - Set McuFinder mode to 2 (CubeIDE integrated)
2026-01-16 13:35:09,795 [INFO] UserAuth:487 - Internet connection configuration mode: 1
2026-01-16 13:35:09,902 [INFO] JxBrowserEngine:152 - Initiate JxBrowser Engine with user profile folder
2026-01-16 13:35:10,167 [INFO] CheckServerUpdateThread:120 - End of CheckServer Thread
2026-01-16 13:35:13,482 [INFO] WebApp:169 - Instantiating new browser for Auth
2026-01-16 13:35:14,873 [INFO] WebApp:463 - Apply proxy settings
2026-01-16 13:35:14,875 [INFO] WebApp:548 - Chromium requires no authentication
2026-01-16 13:35:14,906 [INFO] WebApp:491 - Direct internet connection detected
2026-01-16 13:35:14,959 [INFO] WebApp:900 - Register for checkConnection events
2026-01-16 13:35:14,959 [INFO] WebApp:463 - Apply proxy settings
2026-01-16 13:35:14,959 [INFO] WebApp:548 - Chromium requires no authentication
2026-01-16 13:35:14,960 [INFO] WebApp:491 - Direct internet connection detected
2026-01-16 13:35:15,311 [INFO] WebApp:225 - Starting web application
2026-01-16 13:35:15,311 [INFO] WebApp:593 - Web application path used C:\ST\STM32CubeIDE_1.16.1\STM32CubeIDE\plugins\com.st.stm32cube.common.mx_6.15.0.202507011659\db\plugins\mcufinder\reactClient1\index.html
2026-01-16 13:35:15,621 [INFO] WebApp:191 - Connection restablished
2026-01-16 13:35:15,749 [INFO] UserAuth:487 - Internet connection configuration mode: 1
2026-01-16 14:02:38,517 [INFO] WebApp:194 - Connection lost
2026-01-16 14:02:38,739 [INFO] WebApp:191 - Connection restablished
2026-01-16 14:33:10,531 [INFO] WebApp:194 - Connection lost
2026-01-16 14:33:10,778 [INFO] WebApp:191 - Connection restablished
2026-01-16 15:04:06,972 [INFO] WebApp:194 - Connection lost
2026-01-16 15:04:07,209 [INFO] WebApp:191 - Connection restablished
2026-01-16 15:34:42,008 [INFO] WebApp:194 - Connection lost
2026-01-16 15:34:42,264 [INFO] WebApp:191 - Connection restablished
2026-01-16 16:05:18,970 [INFO] WebApp:194 - Connection lost
2026-01-16 16:05:19,247 [INFO] WebApp:191 - Connection restablished
2026-01-16 16:30:12,485 [INFO] WebApp:194 - Connection lost
2026-01-16 16:30:12,734 [INFO] WebApp:191 - Connection restablished
2026-01-16 16:33:13,966 [INFO] WebApp:194 - Connection lost
2026-01-16 16:33:14,211 [INFO] WebApp:191 - Connection restablished
2026-01-16 16:36:21,007 [INFO] WebApp:194 - Connection lost
2026-01-16 16:36:21,269 [INFO] WebApp:191 - Connection restablished
2026-01-16 17:07:22,025 [INFO] WebApp:194 - Connection lost
2026-01-16 17:07:22,280 [INFO] WebApp:191 - Connection restablished
