2026-01-15 08:36:36,988 [INFO] Activator:176 - 


2026-01-15 08:36:36,993 [INFO] Activator:177 - !SESSION log4j initialized
2026-01-15 08:37:10,598 [INFO] LogOutputStream:77 - [STDOUT_REDIRECT] 
2026-01-15 08:37:12,376 [INFO] ApplicationProperties:184 - Using Application install path: C:\ST\STM32CubeIDE_1.16.1\STM32CubeIDE\plugins\com.st.stm32cube.common.mx_6.15.0.202507011659
2026-01-15 08:37:12,395 [INFO] DbMcusXml:78 - Set database path to: C:\ST\STM32CubeIDE_1.16.1\STM32CubeIDE\plugins\com.st.stm32cube.common.mx_6.15.0.202507011659\\db\/mcu/
2026-01-15 08:37:12,395 [INFO] ApiDb:274 - Set plugin database path to: C:\ST\STM32CubeIDE_1.16.1\STM32CubeIDE\plugins\com.st.stm32cube.common.mx_6.15.0.202507011659\\db\/plugins/boardmanager/
2026-01-15 08:37:12,396 [WARN] ApiDb:259 - Overriding images path with different value:  => C:\ST\STM32CubeIDE_1.16.1\STM32CubeIDE\plugins\com.st.stm32cube.common.mx_6.15.0.202507011659\\db\/plugins/mcufinder/images/
2026-01-15 08:37:12,407 [INFO] ApiDb:250 - Set database path to: C:\Users\Chinnapop\.stmcufinder\plugins\mcufinder//mcu/
2026-01-15 08:37:12,409 [INFO] DbMcusAds:125 - Set database path to: C:\Users\Chinnapop\.stmcufinder\plugins\mcufinder//mcu/
2026-01-15 08:37:12,411 [INFO] CrossReferenceDbSqlite:203 - Set database path to: C:\Users\Chinnapop\.stmcufinder\plugins\mcufinder//mcu/cs/
2026-01-15 08:37:12,551 [INFO] RulesReader:64 - Compatibility file has been processed (317 Rules)
2026-01-15 08:37:12,675 [INFO] DbMcusXml:78 - Set database path to: C:\ST\STM32CubeIDE_1.16.1\STM32CubeIDE\plugins\com.st.stm32cube.common.mx_6.15.0.202507011659\\db\/mcu/
2026-01-15 08:37:12,675 [INFO] ApiDb:274 - Set plugin database path to: C:\ST\STM32CubeIDE_1.16.1\STM32CubeIDE\plugins\com.st.stm32cube.common.mx_6.15.0.202507011659\\db\/plugins/boardmanager/
2026-01-15 08:37:12,676 [INFO] ApiDb:261 - Set plugin images path to: C:\ST\STM32CubeIDE_1.16.1\STM32CubeIDE\plugins\com.st.stm32cube.common.mx_6.15.0.202507011659\\db\/plugins/mcufinder/images/
2026-01-15 08:37:12,676 [WARN] DbFile:41 - Overriding database path with different value: C:\Users\Chinnapop\.stmcufinder\plugins\mcufinder/ => C:\Users\Chinnapop\.stmcufinder\plugins\mcufinder
2026-01-15 08:37:12,676 [INFO] ApiDb:250 - Set database path to: C:\Users\Chinnapop\.stmcufinder\plugins\mcufinder//mcu/
2026-01-15 08:37:12,676 [WARN] DbFile:41 - Overriding database path with different value: C:\Users\Chinnapop\.stmcufinder\plugins\mcufinder/ => C:\Users\Chinnapop\.stmcufinder\plugins\mcufinder
2026-01-15 08:37:12,676 [INFO] DbMcusAds:125 - Set database path to: C:\Users\Chinnapop\.stmcufinder\plugins\mcufinder//mcu/
2026-01-15 08:37:12,676 [WARN] DbFile:41 - Overriding database path with different value: C:\Users\Chinnapop\.stmcufinder\plugins\mcufinder/ => C:\Users\Chinnapop\.stmcufinder\plugins\mcufinder
2026-01-15 08:37:12,677 [WARN] DbFile:41 - Overriding database path with different value: C:\Users\Chinnapop\.stmcufinder\plugins\mcufinder/ => C:\Users\Chinnapop\.stmcufinder\plugins\mcufinder
2026-01-15 08:37:12,677 [INFO] CrossReferenceDbSqlite:203 - Set database path to: C:\Users\Chinnapop\.stmcufinder\plugins\mcufinder//mcu/cs/
2026-01-15 08:37:12,777 [INFO] MainPanel:274 - HeapMemory: 268435456
2026-01-15 08:37:12,948 [INFO] DbMcusXml:78 - Set database path to: C:\ST\STM32CubeIDE_1.16.1\STM32CubeIDE\plugins\com.st.stm32cube.common.mx_6.15.0.202507011659\\db\/mcu/
2026-01-15 08:37:12,949 [INFO] ApiDb:274 - Set plugin database path to: C:\ST\STM32CubeIDE_1.16.1\STM32CubeIDE\plugins\com.st.stm32cube.common.mx_6.15.0.202507011659\\db\/plugins/boardmanager/
2026-01-15 08:37:12,949 [INFO] ApiDb:261 - Set plugin images path to: C:\ST\STM32CubeIDE_1.16.1\STM32CubeIDE\plugins\com.st.stm32cube.common.mx_6.15.0.202507011659\\db\/plugins/mcufinder/images/
2026-01-15 08:37:12,949 [WARN] DbFile:41 - Overriding database path with different value: C:\Users\Chinnapop\.stmcufinder\plugins\mcufinder/ => C:\Users\Chinnapop\.stmcufinder\plugins\mcufinder
2026-01-15 08:37:12,949 [INFO] ApiDb:250 - Set database path to: C:\Users\Chinnapop\.stmcufinder\plugins\mcufinder//mcu/
2026-01-15 08:37:12,949 [WARN] DbFile:41 - Overriding database path with different value: C:\Users\Chinnapop\.stmcufinder\plugins\mcufinder/ => C:\Users\Chinnapop\.stmcufinder\plugins\mcufinder
2026-01-15 08:37:12,949 [INFO] DbMcusAds:125 - Set database path to: C:\Users\Chinnapop\.stmcufinder\plugins\mcufinder//mcu/
2026-01-15 08:37:12,949 [WARN] DbFile:41 - Overriding database path with different value: C:\Users\Chinnapop\.stmcufinder\plugins\mcufinder/ => C:\Users\Chinnapop\.stmcufinder\plugins\mcufinder
2026-01-15 08:37:12,949 [WARN] DbFile:41 - Overriding database path with different value: C:\Users\Chinnapop\.stmcufinder\plugins\mcufinder/ => C:\Users\Chinnapop\.stmcufinder\plugins\mcufinder
2026-01-15 08:37:12,949 [INFO] CrossReferenceDbSqlite:203 - Set database path to: C:\Users\Chinnapop\.stmcufinder\plugins\mcufinder//mcu/cs/
2026-01-15 08:37:12,977 [INFO] ApplicationProperties:184 - Using Application install path: C:\ST\STM32CubeIDE_1.16.1\STM32CubeIDE\plugins\com.st.stm32cube.common.mx_6.15.0.202507011659
2026-01-15 08:37:12,979 [INFO] PluginManage:196 - Search for loadable plugins [exclusion list=, ]
2026-01-15 08:37:12,980 [INFO] PluginManage:310 - Check plugin analytics
2026-01-15 08:37:13,186 [INFO] AnalyticsPlugin:253 - Accepted Software Licenses: 
2026-01-15 08:37:13,186 [INFO] AnalyticsPlugin:255 - Accepted CMSIS Pack Licenses: 
2026-01-15 08:37:13,186 [INFO] AnalyticsPlugin:257 - Accepted Firmware Licenses: FW.F7.1.17.0
2026-01-15 08:37:13,190 [INFO] PluginManage:359 - Loaded plugin analytics (category:tool,tabindex:-1)
2026-01-15 08:37:13,190 [INFO] PluginManage:310 - Check plugin cadmodel
2026-01-15 08:37:13,211 [INFO] CADModel:105 - Init CAD model plugin
2026-01-15 08:37:13,211 [INFO] PluginManage:359 - Loaded plugin cadmodel (category:power,tabindex:5)
2026-01-15 08:37:13,211 [INFO] PluginManage:310 - Check plugin clock
2026-01-15 08:37:13,234 [INFO] PluginManage:359 - Loaded plugin clock (category:base,tabindex:2)
2026-01-15 08:37:13,235 [INFO] PluginManage:310 - Check plugin ddr
2026-01-15 08:37:13,237 [INFO] PluginManage:359 - Loaded plugin ddr (category:tool,tabindex:6)
2026-01-15 08:37:13,238 [INFO] PluginManage:310 - Check plugin filemanager
2026-01-15 08:37:13,400 [INFO] PluginManage:359 - Loaded plugin filemanager (category:base,tabindex:10)
2026-01-15 08:37:13,400 [INFO] PluginManage:310 - Check plugin ipmanager
2026-01-15 08:37:13,407 [INFO] PluginManage:359 - Loaded plugin ipmanager (category:base,tabindex:5)
2026-01-15 08:37:13,407 [INFO] PluginManage:310 - Check plugin lpbam
2026-01-15 08:37:13,431 [INFO] PluginManage:359 - Loaded plugin lpbam (category:base,tabindex:0)
2026-01-15 08:37:13,432 [INFO] PluginManage:310 - Check plugin memorymap
2026-01-15 08:37:13,460 [INFO] PluginManage:359 - Loaded plugin memorymap (category:base,tabindex:4)
2026-01-15 08:37:13,460 [INFO] PluginManage:310 - Check plugin pinoutandconfiguration
2026-01-15 08:37:13,483 [INFO] PluginManage:359 - Loaded plugin pinoutandconfiguration (category:base,tabindex:1)
2026-01-15 08:37:13,483 [INFO] PluginManage:310 - Check plugin pinoutconfig
2026-01-15 08:37:13,602 [WARN] SupportedApi:132 - Cannot load RTOS API schema: s4s-elt-must-match.1: The content of 'definitions' must match (annotation?, (simpleType | complexType)?, (unique | key | keyref)*)). A problem was found starting at: attribute.
2026-01-15 08:37:13,752 [INFO] PluginManage:359 - Loaded plugin pinoutconfig (category:base,tabindex:0)
2026-01-15 08:37:13,752 [INFO] PluginManage:310 - Check plugin power
2026-01-15 08:37:13,780 [INFO] PluginManage:359 - Loaded plugin power (category:power,tabindex:4)
2026-01-15 08:37:13,780 [INFO] PluginManage:310 - Check plugin projectmanager
2026-01-15 08:37:13,802 [INFO] PluginManage:359 - Loaded plugin projectmanager (category:projectmanager,tabindex:4)
2026-01-15 08:37:13,802 [INFO] PluginManage:310 - Check plugin rif
2026-01-15 08:37:13,837 [INFO] PluginManage:359 - Loaded plugin rif (category:base,tabindex:3)
2026-01-15 08:37:13,838 [INFO] PluginManage:310 - Check plugin thirdparty
2026-01-15 08:37:14,283 [INFO] PluginManage:359 - Loaded plugin thirdparty (category:base,tabindex:-1)
2026-01-15 08:37:14,284 [INFO] PluginManage:310 - Check plugin tools
2026-01-15 08:37:14,283 [WARN] IntegrityCheckThread:84 - waiting for thirdparty lock release [integrity check]
2026-01-15 08:37:14,284 [INFO] IntegrityCheckThread:86 - entering critical section [integrity check]
2026-01-15 08:37:14,284 [INFO] ThirdPartyUpdaterWithRetryManager:70 - Updater plugin not ready yet. [1/15]
2026-01-15 08:37:14,355 [INFO] PluginManage:359 - Loaded plugin tools (category:base,tabindex:7)
2026-01-15 08:37:14,355 [INFO] PluginManage:310 - Check plugin tutovideos
2026-01-15 08:37:14,642 [INFO] PluginManage:359 - Loaded plugin tutovideos (category:base,tabindex:-1)
2026-01-15 08:37:14,642 [INFO] PluginManage:310 - Check plugin updater
2026-01-15 08:37:14,666 [INFO] PluginManage:359 - Loaded plugin updater (category:base,tabindex:12)
2026-01-15 08:37:14,667 [INFO] PluginManage:310 - Check plugin userauth
2026-01-15 08:37:14,672 [INFO] UserAuth:118 - Init User Auth plugin
2026-01-15 08:37:14,674 [INFO] PluginManage:359 - Loaded plugin userauth (category:base,tabindex:14)
2026-01-15 08:37:14,674 [INFO] PluginManage:283 - PluginManage : Loaded plugins [18]
2026-01-15 08:37:14,955 [INFO] PinOutPanel:1589 - setPackage(No Configuration,No Configuration)
2026-01-15 08:37:15,051 [INFO] CADModel:165 - CPN selected for project level
2026-01-15 08:37:15,051 [INFO] CADModel:114 - Register for checkConnection events
2026-01-15 08:37:15,086 [INFO] IPUIPlugin:80 - create IPUIPlugin
2026-01-15 08:37:15,086 [INFO] PluginManager:220 - loadIPPluginJar : add adc
2026-01-15 08:37:15,168 [INFO] IPUIPlugin:80 - create IPUIPlugin
2026-01-15 08:37:15,168 [INFO] PluginManager:220 - loadIPPluginJar : add aes
2026-01-15 08:37:15,342 [INFO] IPUIPlugin:80 - create IPUIPlugin
2026-01-15 08:37:15,343 [INFO] PluginManager:220 - loadIPPluginJar : add can
2026-01-15 08:37:15,421 [INFO] IPUIPlugin:80 - create IPUIPlugin
2026-01-15 08:37:15,421 [INFO] PluginManager:220 - loadIPPluginJar : add comp
2026-01-15 08:37:15,553 [INFO] IPUIPlugin:80 - create IPUIPlugin
2026-01-15 08:37:15,553 [INFO] PluginManager:220 - loadIPPluginJar : add cryp
2026-01-15 08:37:15,585 [INFO] IPUIPlugin:80 - create IPUIPlugin
2026-01-15 08:37:15,587 [INFO] PluginManager:220 - loadIPPluginJar : add ddr_ctrl_phy
2026-01-15 08:37:15,661 [INFO] IPUIPlugin:80 - create IPUIPlugin
2026-01-15 08:37:15,661 [INFO] PluginManager:220 - loadIPPluginJar : add dfsdm
2026-01-15 08:37:15,695 [INFO] IPUIPlugin:80 - create IPUIPlugin
2026-01-15 08:37:15,695 [INFO] PluginManager:220 - loadIPPluginJar : add dma
2026-01-15 08:37:15,836 [INFO] IPUIPlugin:80 - create IPUIPlugin
2026-01-15 08:37:15,836 [INFO] PluginManager:220 - loadIPPluginJar : add dma3
2026-01-15 08:37:15,930 [INFO] IPUIPlugin:80 - create IPUIPlugin
2026-01-15 08:37:15,931 [INFO] PluginManager:220 - loadIPPluginJar : add extmemmanager
2026-01-15 08:37:15,984 [INFO] IPUIPlugin:80 - create IPUIPlugin
2026-01-15 08:37:15,984 [INFO] PluginManager:220 - loadIPPluginJar : add fatfs
2026-01-15 08:37:16,133 [INFO] IPUIPlugin:80 - create IPUIPlugin
2026-01-15 08:37:16,133 [INFO] PluginManager:220 - loadIPPluginJar : add fmc
2026-01-15 08:37:16,185 [INFO] IPUIPlugin:80 - create IPUIPlugin
2026-01-15 08:37:16,186 [INFO] PluginManager:220 - loadIPPluginJar : add freertos
2026-01-15 08:37:16,259 [INFO] IPUIPlugin:80 - create IPUIPlugin
2026-01-15 08:37:16,259 [INFO] PluginManager:220 - loadIPPluginJar : add genericplugin
2026-01-15 08:37:16,667 [INFO] IPUIPlugin:80 - create IPUIPlugin
2026-01-15 08:37:16,667 [INFO] PluginManager:220 - loadIPPluginJar : add gfxmmu
2026-01-15 08:37:17,191 [INFO] IPUIPlugin:80 - create IPUIPlugin
2026-01-15 08:37:17,191 [INFO] PluginManager:220 - loadIPPluginJar : add gic
2026-01-15 08:37:17,228 [INFO] IPUIPlugin:80 - create IPUIPlugin
2026-01-15 08:37:17,228 [INFO] PluginManager:220 - loadIPPluginJar : add gpio
2026-01-15 08:37:17,286 [INFO] ThirdPartyUpdaterWithRetryManager:70 - Updater plugin not ready yet. [2/15]
2026-01-15 08:37:17,663 [INFO] IPUIPlugin:80 - create IPUIPlugin
2026-01-15 08:37:17,663 [INFO] PluginManager:220 - loadIPPluginJar : add gtzc
2026-01-15 08:37:17,812 [INFO] IPUIPlugin:80 - create IPUIPlugin
2026-01-15 08:37:17,813 [INFO] PluginManager:220 - loadIPPluginJar : add hash
2026-01-15 08:37:18,048 [INFO] IPUIPlugin:80 - create IPUIPlugin
2026-01-15 08:37:18,049 [INFO] PluginManager:220 - loadIPPluginJar : add i2c
2026-01-15 08:37:18,222 [INFO] IPUIPlugin:80 - create IPUIPlugin
2026-01-15 08:37:18,222 [INFO] PluginManager:220 - loadIPPluginJar : add i2s
2026-01-15 08:37:18,371 [INFO] IPUIPlugin:80 - create IPUIPlugin
2026-01-15 08:37:18,371 [INFO] PluginManager:220 - loadIPPluginJar : add i3c
2026-01-15 08:37:18,821 [INFO] IPUIPlugin:80 - create IPUIPlugin
2026-01-15 08:37:18,821 [INFO] PluginManager:220 - loadIPPluginJar : add ipddr
2026-01-15 08:37:19,183 [INFO] IPUIPlugin:80 - create IPUIPlugin
2026-01-15 08:37:19,184 [INFO] PluginManager:220 - loadIPPluginJar : add linkedlist
2026-01-15 08:37:19,299 [INFO] IPUIPlugin:80 - create IPUIPlugin
2026-01-15 08:37:19,299 [INFO] PluginManager:220 - loadIPPluginJar : add lorawan
2026-01-15 08:37:19,473 [INFO] IPUIPlugin:80 - create IPUIPlugin
2026-01-15 08:37:19,473 [INFO] PluginManager:220 - loadIPPluginJar : add ltdc
2026-01-15 08:37:19,496 [INFO] IPUIPlugin:80 - create IPUIPlugin
2026-01-15 08:37:19,496 [INFO] PluginManager:220 - loadIPPluginJar : add mdma
2026-01-15 08:37:19,514 [INFO] IPUIPlugin:80 - create IPUIPlugin
2026-01-15 08:37:19,514 [INFO] PluginManager:220 - loadIPPluginJar : add nvic
2026-01-15 08:37:19,604 [INFO] IPUIPlugin:80 - create IPUIPlugin
2026-01-15 08:37:19,604 [INFO] PluginManager:220 - loadIPPluginJar : add opamp
2026-01-15 08:37:19,874 [INFO] IPUIPlugin:80 - create IPUIPlugin
2026-01-15 08:37:19,875 [INFO] PluginManager:220 - loadIPPluginJar : add openamp
2026-01-15 08:37:20,045 [INFO] IPUIPlugin:80 - create IPUIPlugin
2026-01-15 08:37:20,045 [INFO] PluginManager:220 - loadIPPluginJar : add pdm2pcm
2026-01-15 08:37:20,080 [INFO] IPUIPlugin:80 - create IPUIPlugin
2026-01-15 08:37:20,085 [INFO] PluginManager:220 - loadIPPluginJar : add plateformsettings
2026-01-15 08:37:20,181 [INFO] IPUIPlugin:80 - create IPUIPlugin
2026-01-15 08:37:20,181 [INFO] PluginManager:220 - loadIPPluginJar : add quadspi
2026-01-15 08:37:20,275 [INFO] IPUIPlugin:80 - create IPUIPlugin
2026-01-15 08:37:20,276 [INFO] PluginManager:220 - loadIPPluginJar : add radio
2026-01-15 08:37:20,289 [INFO] ThirdPartyUpdaterWithRetryManager:70 - Updater plugin not ready yet. [3/15]
2026-01-15 08:37:20,321 [INFO] IPUIPlugin:80 - create IPUIPlugin
2026-01-15 08:37:20,321 [INFO] PluginManager:220 - loadIPPluginJar : add resmgrutility
2026-01-15 08:37:20,503 [INFO] IPUIPlugin:80 - create IPUIPlugin
2026-01-15 08:37:20,503 [INFO] PluginManager:220 - loadIPPluginJar : add sai
2026-01-15 08:37:20,664 [INFO] IPUIPlugin:80 - create IPUIPlugin
2026-01-15 08:37:20,665 [INFO] PluginManager:220 - loadIPPluginJar : add spi
2026-01-15 08:37:20,880 [INFO] IPUIPlugin:80 - create IPUIPlugin
2026-01-15 08:37:20,881 [INFO] PluginManager:220 - loadIPPluginJar : add stm32_wpan
2026-01-15 08:37:20,983 [INFO] IPUIPlugin:80 - create IPUIPlugin
2026-01-15 08:37:20,983 [INFO] PluginManager:220 - loadIPPluginJar : add tim
2026-01-15 08:37:21,229 [INFO] IPUIPlugin:80 - create IPUIPlugin
2026-01-15 08:37:21,230 [INFO] PluginManager:220 - loadIPPluginJar : add touchsensing
2026-01-15 08:37:21,315 [INFO] IPUIPlugin:80 - create IPUIPlugin
2026-01-15 08:37:21,315 [INFO] PluginManager:220 - loadIPPluginJar : add tracer_emb
2026-01-15 08:37:21,384 [INFO] IPUIPlugin:80 - create IPUIPlugin
2026-01-15 08:37:21,384 [INFO] PluginManager:220 - loadIPPluginJar : add ts
2026-01-15 08:37:21,483 [INFO] IPUIPlugin:80 - create IPUIPlugin
2026-01-15 08:37:21,483 [INFO] PluginManager:220 - loadIPPluginJar : add tsc
2026-01-15 08:37:21,563 [INFO] IPUIPlugin:80 - create IPUIPlugin
2026-01-15 08:37:21,563 [INFO] PluginManager:220 - loadIPPluginJar : add ucpd
2026-01-15 08:37:21,716 [INFO] IPUIPlugin:80 - create IPUIPlugin
2026-01-15 08:37:21,716 [INFO] PluginManager:220 - loadIPPluginJar : add usart
2026-01-15 08:37:21,869 [INFO] IPUIPlugin:80 - create IPUIPlugin
2026-01-15 08:37:21,869 [INFO] PluginManager:220 - loadIPPluginJar : add usbx
2026-01-15 08:37:22,031 [FATAL] Updater:351 - Updater called before beeing initialized
2026-01-15 08:37:22,111 [INFO] RulesReader:64 - Compatibility file has been processed (317 Rules)
2026-01-15 08:37:22,130 [INFO] RulesReader:64 - Compatibility file has been processed (317 Rules)
2026-01-15 08:37:22,149 [INFO] CADModel:165 - CPN selected for project level
2026-01-15 08:37:22,149 [INFO] CADModel:114 - Register for checkConnection events
2026-01-15 08:37:22,150 [FATAL] Updater:351 - Updater called before beeing initialized
2026-01-15 08:37:22,150 [ERROR] CADModel:125 - Updater not yet initialized, retry later 
2026-01-15 08:37:22,387 [FATAL] Updater:351 - Updater called before beeing initialized
2026-01-15 08:37:22,389 [INFO] CADModel:165 - CPN selected for project level
2026-01-15 08:37:22,389 [INFO] CADModel:114 - Register for checkConnection events
2026-01-15 08:37:22,389 [FATAL] Updater:351 - Updater called before beeing initialized
2026-01-15 08:37:22,389 [ERROR] CADModel:125 - Updater not yet initialized, retry later 
2026-01-15 08:37:22,392 [FATAL] Updater:351 - Updater called before beeing initialized
2026-01-15 08:37:22,505 [FATAL] Updater:351 - Updater called before beeing initialized
2026-01-15 08:37:22,534 [INFO] DbMcusAds:53 - JSON generation date=Thu Jan 08 22:56:32 ICT 2026 (1767887792457)
2026-01-15 08:37:22,534 [FATAL] Updater:351 - Updater called before beeing initialized
2026-01-15 08:37:22,587 [WARN] DetailPanel:346 - Failed to get advertising image, set to default
2026-01-15 08:37:22,693 [FATAL] Updater:351 - Updater called before beeing initialized
2026-01-15 08:37:22,695 [FATAL] Updater:351 - Updater called before beeing initialized
2026-01-15 08:37:22,695 [FATAL] Updater:351 - Updater called before beeing initialized
2026-01-15 08:37:22,695 [WARN] DetailPanel:346 - Failed to get advertising image, set to default
2026-01-15 08:37:22,696 [FATAL] Updater:351 - Updater called before beeing initialized
2026-01-15 08:37:22,787 [ERROR] Updater:1198 - MainUpdater not yet initialized. External WinMGr cannot be set.
2026-01-15 08:37:22,805 [INFO] Updater:1134 - Updater Version found : 6.15.0
2026-01-15 08:37:22,840 [INFO] ApplicationProperties:184 - Using Application install path: C:\ST\STM32CubeIDE_1.16.1\STM32CubeIDE\plugins\com.st.stm32cube.common.mx_6.15.0.202507011659
2026-01-15 08:37:23,291 [INFO] ThirdPartyUpdaterWithRetryManager:70 - Updater plugin not ready yet. [4/15]
2026-01-15 08:37:24,461 [ERROR] LogOutputStream:75 - [STDERR_REDIRECT] Jan 15, 2026 8:37:24 AM java.util.prefs.WindowsPreferences <init>
2026-01-15 08:37:24,466 [ERROR] LogOutputStream:75 - [STDERR_REDIRECT] WARNING: Could not open/create prefs root node Software\JavaSoft\Prefs at root 0xffffffff80000002. Windows RegCreateKeyEx(...) returned error code 5.
2026-01-15 08:37:24,467 [ERROR] LogOutputStream:75 - [STDERR_REDIRECT] 
2026-01-15 08:37:26,293 [FATAL] Updater:351 - Updater called before beeing initialized
2026-01-15 08:37:26,294 [ERROR] IntegrityCheckThread:130 - Cannot retrieve database content from updater: error 21
2026-01-15 08:37:26,295 [INFO] ThirdParty:978 - Integrity check success = false
2026-01-15 08:37:26,295 [INFO] IntegrityCheckThread:100 - exiting critical section [integrity check]
2026-01-15 08:37:26,295 [INFO] IntegrityCheckThread:103 - End integrity checks thread
2026-01-15 08:37:26,337 [INFO] MainUpdater:2872 - connection check result : 10
2026-01-15 08:37:26,339 [INFO] MainUpdater:289 - Updater Check For Update Now.
2026-01-15 08:37:26,339 [INFO] MicroXplorer:498 - Change Database Version : DB.6.0.150
2026-01-15 08:37:26,376 [INFO] McuFinderGlobals:63 - Set McuFinder mode to 2 (CubeIDE integrated)
2026-01-15 08:37:26,395 [INFO] UserAuth:487 - Internet connection configuration mode: 1
2026-01-15 08:37:26,443 [INFO] JxBrowserEngine:152 - Initiate JxBrowser Engine with user profile folder
2026-01-15 08:37:26,607 [INFO] CheckServerUpdateThread:120 - End of CheckServer Thread
2026-01-15 08:37:28,755 [INFO] WebApp:169 - Instantiating new browser for Auth
2026-01-15 08:37:29,740 [INFO] WebApp:463 - Apply proxy settings
2026-01-15 08:37:29,742 [INFO] WebApp:548 - Chromium requires no authentication
2026-01-15 08:37:29,765 [INFO] WebApp:491 - Direct internet connection detected
2026-01-15 08:37:29,832 [INFO] WebApp:900 - Register for checkConnection events
2026-01-15 08:37:29,832 [INFO] WebApp:463 - Apply proxy settings
2026-01-15 08:37:29,833 [INFO] WebApp:548 - Chromium requires no authentication
2026-01-15 08:37:29,834 [INFO] WebApp:491 - Direct internet connection detected
2026-01-15 08:37:30,080 [INFO] WebApp:191 - Connection restablished
2026-01-15 08:37:30,299 [INFO] WebApp:225 - Starting web application
2026-01-15 08:37:30,299 [INFO] WebApp:593 - Web application path used C:\ST\STM32CubeIDE_1.16.1\STM32CubeIDE\plugins\com.st.stm32cube.common.mx_6.15.0.202507011659\db\plugins\mcufinder\reactClient1\index.html
2026-01-15 08:37:30,620 [INFO] UserAuth:487 - Internet connection configuration mode: 1
2026-01-15 08:57:40,540 [INFO] WebApp:194 - Connection lost
2026-01-15 08:57:40,761 [INFO] WebApp:191 - Connection restablished
2026-01-15 09:07:38,547 [INFO] WebApp:194 - Connection lost
2026-01-15 09:07:38,736 [INFO] WebApp:191 - Connection restablished
2026-01-15 09:08:07,500 [INFO] WebApp:194 - Connection lost
2026-01-15 09:08:07,699 [INFO] WebApp:191 - Connection restablished
2026-01-15 09:08:12,516 [INFO] WebApp:194 - Connection lost
2026-01-15 09:08:12,715 [INFO] WebApp:191 - Connection restablished
2026-01-15 09:08:16,278 [INFO] WebApp:194 - Connection lost
2026-01-15 09:08:16,469 [INFO] WebApp:191 - Connection restablished
2026-01-15 09:08:19,431 [INFO] WebApp:194 - Connection lost
2026-01-15 09:08:19,600 [INFO] WebApp:191 - Connection restablished
2026-01-15 09:08:21,022 [INFO] WebApp:194 - Connection lost
2026-01-15 09:08:21,157 [INFO] WebApp:191 - Connection restablished
2026-01-15 09:08:24,571 [INFO] WebApp:194 - Connection lost
2026-01-15 09:08:24,747 [INFO] WebApp:191 - Connection restablished
2026-01-15 09:09:21,757 [INFO] WebApp:194 - Connection lost
2026-01-15 09:09:21,935 [INFO] WebApp:191 - Connection restablished
2026-01-15 09:09:51,529 [INFO] WebApp:194 - Connection lost
2026-01-15 09:09:51,725 [INFO] WebApp:191 - Connection restablished
2026-01-15 09:10:03,207 [INFO] WebApp:194 - Connection lost
2026-01-15 09:10:03,442 [INFO] WebApp:191 - Connection restablished
2026-01-15 09:10:08,021 [INFO] WebApp:194 - Connection lost
2026-01-15 09:10:08,225 [INFO] WebApp:191 - Connection restablished
2026-01-15 09:10:11,217 [INFO] WebApp:194 - Connection lost
2026-01-15 09:10:11,437 [INFO] WebApp:191 - Connection restablished
2026-01-15 09:10:13,499 [INFO] WebApp:194 - Connection lost
2026-01-15 09:10:13,696 [INFO] WebApp:191 - Connection restablished
2026-01-15 09:10:15,057 [INFO] WebApp:194 - Connection lost
2026-01-15 09:10:15,203 [INFO] WebApp:191 - Connection restablished
2026-01-15 09:10:18,546 [INFO] WebApp:194 - Connection lost
2026-01-15 09:10:18,740 [INFO] WebApp:191 - Connection restablished
2026-01-15 09:11:19,896 [INFO] WebApp:194 - Connection lost
2026-01-15 09:11:20,105 [INFO] WebApp:191 - Connection restablished
2026-01-15 09:14:12,065 [INFO] WebApp:194 - Connection lost
2026-01-15 09:14:12,277 [INFO] WebApp:191 - Connection restablished
2026-01-15 09:28:14,507 [INFO] WebApp:194 - Connection lost
2026-01-15 09:28:14,705 [INFO] WebApp:191 - Connection restablished
2026-01-15 09:53:39,005 [INFO] McuFinderGlobals:63 - Set McuFinder mode to 2 (CubeIDE integrated)
2026-01-15 09:53:39,039 [INFO] MainUpdater:2872 - connection check result : 10
2026-01-15 09:53:39,049 [INFO] MainUpdater:2872 - connection check result : 10
2026-01-15 09:53:39,299 [INFO] MicroXplorer:468 - Change Database Path : 
2026-01-15 09:53:39,300 [INFO] MicroXplorer:498 - Change Database Version : DB.6.0.150
2026-01-15 09:53:39,309 [WARN] ThirdParty:871 - waiting for thirdparty lock release [close project]
2026-01-15 09:53:39,309 [INFO] ThirdParty:873 - entering critical section [close project]
2026-01-15 09:53:39,343 [INFO] ThirdParty:883 - exiting critical section [close project]
2026-01-15 09:53:39,349 [INFO] PinOutPanel:1589 - setPackage(No Configuration,No Configuration)
2026-01-15 09:53:39,354 [INFO] UtilMem:75 - Begin LoadConfig() Used Memory: 671585640 Bytes (1073741824)
2026-01-15 09:53:39,414 [INFO] MicroXplorer:468 - Change Database Path : C:/Users/Chinnapop/.stm32cubemx/databases/DB.6.0.141/db/
2026-01-15 09:53:39,415 [INFO] MicroXplorer:498 - Change Database Version : DB.6.0.141
2026-01-15 09:53:43,343 [INFO] OpenFileManager:355 - Change cursor
2026-01-15 09:53:43,406 [WARN] IntegrityCheckThread:84 - waiting for thirdparty lock release [integrity check]
2026-01-15 09:53:43,406 [INFO] IntegrityCheckThread:86 - entering critical section [integrity check]
2026-01-15 09:53:43,942 [WARN] PackLoader:240 - Cannot read IP mode file for STMicroelectronics.FP-SNS-MOTENVWB1.1.4.0
2026-01-15 09:53:43,996 [WARN] PackLoader:240 - Cannot read IP mode file for STMicroelectronics.FP-ATR-ASTRA1.2.0.2
2026-01-15 09:53:44,028 [WARN] PackLoader:240 - Cannot read IP mode file for STMicroelectronics.FP-ATR-ASTRA1.2.0.1
2026-01-15 09:53:44,109 [WARN] PackLoader:240 - Cannot read IP mode file for STMicroelectronics.X-CUBE-SMBUS.2.1.0
2026-01-15 09:53:44,179 [WARN] PackLoader:240 - Cannot read IP mode file for STMicroelectronics.X-CUBE-WB05N.1.1.0
2026-01-15 09:53:44,224 [WARN] PackLoader:240 - Cannot read IP mode file for STMicroelectronics.X-CUBE-ST60.1.0.0
2026-01-15 09:53:44,393 [WARN] PackLoader:240 - Cannot read IP mode file for STMicroelectronics.X-CUBE-AZRTOS-F7.1.1.0
2026-01-15 09:53:44,581 [WARN] PackLoader:240 - Cannot read IP mode file for STMicroelectronics.X-CUBE-MEMS1.11.0.0
2026-01-15 09:53:44,895 [WARN] PackLoader:240 - Cannot read IP mode file for STMicroelectronics.FP-SNS-MOTENV1.5.1.0
2026-01-15 09:53:44,931 [WARN] PackLoader:240 - Cannot read IP mode file for STMicroelectronics.FP-SNS-FLIGHT1.5.0.2
2026-01-15 09:53:45,015 [WARN] PackLoader:240 - Cannot read IP mode file for STMicroelectronics.X-CUBE-AZRTOS-H7.3.4.0
2026-01-15 09:53:45,068 [WARN] PackLoader:240 - Cannot read IP mode file for STMicroelectronics.X-CUBE-DISPLAY.3.0.0
2026-01-15 09:53:45,113 [WARN] PackLoader:240 - Cannot read IP mode file for STMicroelectronics.X-CUBE-BLE1.7.0.0
2026-01-15 09:53:45,155 [WARN] PackLoader:240 - Cannot read IP mode file for STMicroelectronics.X-CUBE-NFC10.1.0.0
2026-01-15 09:53:45,206 [WARN] PackLoader:240 - Cannot read IP mode file for STMicroelectronics.X-CUBE-BLEMGR.4.0.0
2026-01-15 09:53:45,248 [WARN] PackLoader:240 - Cannot read IP mode file for STMicroelectronics.X-CUBE-ST60.1.1.0
2026-01-15 09:53:45,289 [WARN] PackLoader:240 - Cannot read IP mode file for emotas.I-CUBE-CANOPEN.1.3.0
2026-01-15 09:53:45,330 [WARN] PackLoader:240 - Cannot read IP mode file for STMicroelectronics.X-CUBE-GNSS1.7.1.0
2026-01-15 09:53:45,381 [WARN] PackLoader:240 - Cannot read IP mode file for STMicroelectronics.X-CUBE-BLEMGR.3.1.0
2026-01-15 09:53:45,435 [WARN] PackLoader:240 - Cannot read IP mode file for STMicroelectronics.X-CUBE-AI.10.0.0
2026-01-15 09:53:45,483 [WARN] PackLoader:240 - Cannot read IP mode file for STMicroelectronics.FP-SNS-STBOX1.2.1.0
2026-01-15 09:53:45,528 [WARN] PackLoader:240 - Cannot read IP mode file for STMicroelectronics.FP-SNS-SMARTAG2.1.2.0
2026-01-15 09:53:45,564 [WARN] PackLoader:240 - Cannot read IP mode file for STMicroelectronics.FP-SNS-FLIGHT1.5.1.0
2026-01-15 09:53:45,682 [WARN] PackLoader:240 - Cannot read IP mode file for STMicroelectronics.X-CUBE-MEMS1.11.1.0
2026-01-15 09:53:46,008 [INFO] LogOutputStream:77 - [STDOUT_REDIRECT] 1 : Invalid condition id : UX_CORESTACK_Condition cause : null
2026-01-15 09:53:46,013 [INFO] LogOutputStream:77 - [STDOUT_REDIRECT] 1 : Invalid condition id : UX_CORESTACK_Condition cause : null
2026-01-15 09:53:46,017 [INFO] LogOutputStream:77 - [STDOUT_REDIRECT] 1 : Invalid condition id : UX_CORESTACK_Condition cause : null
2026-01-15 09:53:46,020 [INFO] LogOutputStream:77 - [STDOUT_REDIRECT] 1 : Invalid condition id : UX_CORESTACK_Condition cause : null
2026-01-15 09:53:46,026 [INFO] LogOutputStream:77 - [STDOUT_REDIRECT] 1 : Invalid condition id : UX_CORESTACK_Condition cause : null
2026-01-15 09:53:46,034 [WARN] PackLoader:240 - Cannot read IP mode file for STMicroelectronics.X-CUBE-AZRTOS-WL.2.0.0
2026-01-15 09:53:46,079 [WARN] PackLoader:240 - Cannot read IP mode file for STMicroelectronics.FP-SNS-MOTENV1.5.0.0
2026-01-15 09:53:46,157 [WARN] PackLoader:240 - Cannot read IP mode file for STMicroelectronics.X-CUBE-AZRTOS-H7RS.1.2.0
2026-01-15 09:53:46,198 [WARN] PackLoader:240 - Cannot read IP mode file for wolfSSL.I-CUBE-wolfMQTT.1.19.0
2026-01-15 09:53:46,257 [WARN] PackLoader:240 - Cannot read IP mode file for WES.I-CUBE-Cesium.1.3.0
2026-01-15 09:53:46,299 [WARN] PackLoader:240 - Cannot read IP mode file for STMicroelectronics.X-CUBE-BLE2.3.3.0
2026-01-15 09:53:46,342 [WARN] PackLoader:240 - Cannot read IP mode file for STMicroelectronics.X-CUBE-NFC9.1.0.0
2026-01-15 09:53:46,379 [WARN] PackLoader:240 - Cannot read IP mode file for STMicroelectronics.X-CUBE-BLE1.7.1.0
2026-01-15 09:53:46,421 [WARN] PackLoader:240 - Cannot read IP mode file for STMicroelectronics.X-CUBE-TCPP.4.1.0
2026-01-15 09:53:46,458 [WARN] PackLoader:240 - Cannot read IP mode file for STMicroelectronics.X-CUBE-FREERTOS.1.4.0
2026-01-15 09:53:46,500 [WARN] PackLoader:240 - Cannot read IP mode file for STMicroelectronics.X-CUBE-EEPRMA1.5.2.0
2026-01-15 09:53:46,541 [WARN] PackLoader:240 - Cannot read IP mode file for STMicroelectronics.X-CUBE-ST67W61.1.1.0
2026-01-15 09:53:46,577 [WARN] PackLoader:240 - Cannot read IP mode file for STMicroelectronics.X-CUBE-AI.10.1.0
2026-01-15 09:53:46,676 [WARN] PackLoader:240 - Cannot read IP mode file for STMicroelectronics.X-CUBE-MEMS1.12.0.0
2026-01-15 09:53:46,882 [WARN] PackLoader:240 - Cannot read IP mode file for STMicroelectronics.X-CUBE-MEMS1.11.2.0
2026-01-15 09:53:47,061 [WARN] PackLoader:240 - Cannot read IP mode file for STMicroelectronics.X-CUBE-AZRTOS-G0.1.1.0
2026-01-15 09:53:47,096 [WARN] PackLoader:240 - Cannot read IP mode file for STMicroelectronics.X-CUBE-SAFEA1.1.2.2
2026-01-15 09:53:47,129 [WARN] PackLoader:240 - Cannot read IP mode file for STMicroelectronics.X-CUBE-NFC4.3.0.0
2026-01-15 09:53:47,173 [WARN] PackLoader:240 - Cannot read IP mode file for EmbeddedOffice.I-CUBE-FS-RTOS.1.0.1
2026-01-15 09:53:47,209 [WARN] PackLoader:240 - Cannot read IP mode file for STMicroelectronics.X-CUBE-WB05N.2.0.0
2026-01-15 09:53:47,245 [WARN] PackLoader:240 - Cannot read IP mode file for STMicroelectronics.X-CUBE-TCPP.4.2.0
2026-01-15 09:53:47,279 [WARN] PackLoader:240 - Cannot read IP mode file for RealThread.X-CUBE-RT-Thread_Nano.4.1.1
2026-01-15 09:53:47,333 [WARN] PackLoader:240 - Cannot read IP mode file for STMicroelectronics.FP-ATR-SIGFOX1.3.2.0
2026-01-15 09:53:47,369 [WARN] ConditionMgr:438 - getConditionDescription Invalid condition id : Cortex-A Device cause : null
2026-01-15 09:53:47,435 [WARN] ConditionMgr:1044 - genDependencies : Invalid condition id : Cortex-A Device cause : null
2026-01-15 09:53:47,435 [WARN] ConditionMgr:1044 - genDependencies : Invalid condition id : Cortex-A Device cause : null
2026-01-15 09:53:47,435 [WARN] ConditionMgr:1044 - genDependencies : Invalid condition id : Cortex-A Device cause : null
2026-01-15 09:53:47,469 [WARN] PackLoader:240 - Cannot read IP mode file for STMicroelectronics.X-CUBE-EEPRMA1.5.1.0
2026-01-15 09:53:47,502 [WARN] PackLoader:240 - Cannot read IP mode file for wolfSSL.I-CUBE-wolfSSL.5.7.4
2026-01-15 09:53:47,537 [WARN] PackLoader:240 - Cannot read IP mode file for ITTIA_DB.I-CUBE-ITTIADB.8.9.0
2026-01-15 09:53:47,589 [WARN] PackLoader:240 - Cannot read IP mode file for STMicroelectronics.X-CUBE-ST67W61.1.0.0
2026-01-15 09:53:47,621 [WARN] PackLoader:240 - Cannot read IP mode file for STMicroelectronics.X-CUBE-AI.10.2.0
2026-01-15 09:53:47,687 [WARN] PackLoader:240 - Cannot read IP mode file for SEGGER.I-CUBE-embOS.1.3.1
2026-01-15 09:53:47,757 [WARN] PackLoader:240 - Cannot read IP mode file for STMicroelectronics.X-CUBE-ALGOBUILD.1.4.0
2026-01-15 09:53:47,849 [WARN] PackLoader:240 - Cannot read IP mode file for STMicroelectronics.X-CUBE-MEMS1.11.3.0
2026-01-15 09:53:48,009 [WARN] PackLoader:240 - Cannot read IP mode file for STMicroelectronics.X-CUBE-AI.9.1.0
2026-01-15 09:53:48,046 [WARN] PackLoader:240 - Cannot read IP mode file for STMicroelectronics.X-CUBE-PM33A1.1.0.0
2026-01-15 09:53:48,106 [WARN] PackLoader:240 - Cannot read IP mode file for STMicroelectronics.X-CUBE-AZRTOS-F4.1.1.0
2026-01-15 09:53:48,145 [WARN] PackLoader:240 - Cannot read IP mode file for Avnet-IotConnect.X-CUBE-IoTC-DA16k-PMOD.1.0.0
2026-01-15 09:53:48,179 [WARN] PackLoader:240 - Cannot read IP mode file for STMicroelectronics.X-CUBE-ISPU.2.1.0
2026-01-15 09:53:48,221 [WARN] PackLoader:240 - Cannot read IP mode file for STMicroelectronics.X-CUBE-IPS.3.2.0
2026-01-15 09:53:48,258 [WARN] PackLoader:240 - Cannot read IP mode file for STMicroelectronics.X-CUBE-FREERTOS.1.2.0
2026-01-15 09:53:48,296 [WARN] PackLoader:240 - Cannot read IP mode file for STMicroelectronics.X-CUBE-NFC12.1.0.0
2026-01-15 09:53:48,361 [WARN] PackLoader:240 - Cannot read IP mode file for STMicroelectronics.X-CUBE-AZRTOS-L5.2.0.0
2026-01-15 09:53:48,401 [WARN] PackLoader:240 - Cannot read IP mode file for STMicroelectronics.X-CUBE-NFC6.3.1.0
2026-01-15 09:53:48,437 [WARN] PackLoader:240 - Cannot read IP mode file for STMicroelectronics.X-CUBE-DPower.1.2.0
2026-01-15 09:53:48,473 [WARN] PackLoader:240 - Cannot read IP mode file for STMicroelectronics.X-CUBE-FREERTOS.1.3.1
2026-01-15 09:53:48,505 [WARN] PackLoader:240 - Cannot read IP mode file for STMicroelectronics.X-CUBE-FREERTOS.1.3.0
2026-01-15 09:53:48,540 [WARN] PackLoader:240 - Cannot read IP mode file for STMicroelectronics.X-CUBE-NFC7.1.0.1
2026-01-15 09:53:48,591 [WARN] PackLoader:240 - Cannot read IP mode file for STMicroelectronics.X-CUBE-TOUCHGFX.4.26.0
2026-01-15 09:53:48,625 [WARN] PackLoader:240 - Cannot read IP mode file for STMicroelectronics.FP-SNS-STAIOTCFT.1.0.0
2026-01-15 09:53:48,664 [WARN] PackLoader:240 - Cannot read IP mode file for STMicroelectronics.X-CUBE-DPower.1.3.0
2026-01-15 09:53:48,729 [WARN] ConditionMgr:438 - getConditionDescription Invalid condition id : LAN8742 Phy interface Condition cause : null
2026-01-15 09:53:48,731 [WARN] PackLoader:240 - Cannot read IP mode file for STMicroelectronics.X-CUBE-AZRTOS-L4.2.0.0
2026-01-15 09:53:48,732 [WARN] ConditionMgr:1044 - genDependencies : Invalid condition id : LAN8742 Phy interface Condition cause : null
2026-01-15 09:53:48,732 [WARN] ConditionMgr:1044 - genDependencies : Invalid condition id : LAN8742 Phy interface Condition cause : null
2026-01-15 09:53:48,733 [WARN] ConditionMgr:1044 - genDependencies : Invalid condition id : LAN8742 Phy interface Condition cause : null
2026-01-15 09:53:48,768 [WARN] PackLoader:240 - Cannot read IP mode file for STMicroelectronics.X-CUBE-SFXS2LP1.4.0.0
2026-01-15 09:53:48,826 [WARN] PackLoader:240 - Cannot read IP mode file for STMicroelectronics.X-CUBE-AZRTOS-H7.3.3.0
2026-01-15 09:53:48,867 [WARN] PackLoader:240 - Cannot read IP mode file for STMicroelectronics.X-CUBE-BLEMGR.4.1.0
2026-01-15 09:53:48,907 [WARN] PackLoader:240 - Cannot read IP mode file for STMicroelectronics.X-CUBE-IPS.3.0.0
2026-01-15 09:53:48,956 [WARN] ConditionMgr:438 - getConditionDescription Invalid condition id : UX DEVICE CLASS RTOS Condition cause : null
2026-01-15 09:53:48,956 [WARN] ConditionMgr:438 - getConditionDescription Invalid condition id : UX DEVICE CLASS RTOS Condition cause : null
2026-01-15 09:53:48,958 [WARN] PackLoader:240 - Cannot read IP mode file for STMicroelectronics.X-CUBE-AZRTOS-WB.2.0.0
2026-01-15 09:53:48,959 [WARN] ConditionMgr:1044 - genDependencies : Invalid condition id : UX DEVICE CLASS RTOS Condition cause : null
2026-01-15 09:53:48,959 [WARN] ConditionMgr:1044 - genDependencies : Invalid condition id : UX DEVICE CLASS RTOS Condition cause : null
2026-01-15 09:53:48,960 [WARN] ConditionMgr:1044 - genDependencies : Invalid condition id : UX DEVICE CLASS RTOS Condition cause : null
2026-01-15 09:53:48,960 [WARN] ConditionMgr:1044 - genDependencies : Invalid condition id : UX DEVICE CLASS RTOS Condition cause : null
2026-01-15 09:53:48,960 [WARN] ConditionMgr:1044 - genDependencies : Invalid condition id : UX DEVICE CLASS RTOS Condition cause : null
2026-01-15 09:53:48,989 [WARN] PackLoader:240 - Cannot read IP mode file for STMicroelectronics.X-CUBE-GNSS1.7.0.0
2026-01-15 09:53:49,019 [WARN] PackLoader:240 - Cannot read IP mode file for STMicroelectronics.X-CUBE-GNSS1.7.0.1
2026-01-15 09:53:49,047 [WARN] PackLoader:240 - Cannot read IP mode file for STMicroelectronics.X-CUBE-TOUCHGFX.4.25.0
2026-01-15 09:53:49,076 [WARN] PackLoader:240 - Cannot read IP mode file for STMicroelectronics.FP-SNS-STBOX1.2.0.0
2026-01-15 09:53:49,116 [WARN] PackLoader:240 - Cannot read IP mode file for STMicroelectronics.X-CUBE-SUBG2.5.0.0
2026-01-15 09:53:49,184 [WARN] PackLoader:240 - Cannot read IP mode file for STMicroelectronics.X-CUBE-AZRTOS-H7RS.1.1.0
2026-01-15 09:53:49,223 [WARN] PackLoader:240 - Cannot read IP mode file for Cesanta.I-CUBE-Mongoose.7.13.0
2026-01-15 09:53:49,267 [WARN] PackLoader:240 - Cannot read IP mode file for STMicroelectronics.X-CUBE-AZRTOS-G4.2.0.0
2026-01-15 09:53:49,297 [WARN] PackLoader:240 - Cannot read IP mode file for STMicroelectronics.X-CUBE-NFC7.2.0.0
2026-01-15 09:53:49,337 [WARN] PackLoader:240 - Cannot read IP mode file for STMicroelectronics.X-CUBE-IPS.3.1.0
2026-01-15 09:53:49,378 [WARN] PackLoader:240 - Cannot read IP mode file for STMicroelectronics.X-CUBE-ALS.1.0.2
2026-01-15 09:53:49,407 [WARN] PackLoader:240 - Cannot read IP mode file for STMicroelectronics.X-CUBE-TOUCHGFX.4.24.2
2026-01-15 09:53:49,439 [WARN] PackLoader:240 - Cannot read IP mode file for STMicroelectronics.X-CUBE-TOUCHGFX.4.24.1
2026-01-15 09:53:49,475 [WARN] PackLoader:240 - Cannot read IP mode file for STMicroelectronics.X-CUBE-STSE01.1.0.0
2026-01-15 09:53:49,507 [WARN] PackLoader:240 - Cannot read IP mode file for wolfSSL.I-CUBE-wolfTPM.3.4.0
2026-01-15 09:53:49,540 [WARN] PackLoader:240 - Cannot read IP mode file for portGmbH.I-Cube-SoM-uGOAL.1.1.0
2026-01-15 09:53:49,599 [WARN] PackLoader:240 - Cannot read IP mode file for STMicroelectronics.X-CUBE-AZRTOS-H7RS.1.0.0
2026-01-15 09:53:49,634 [WARN] PackLoader:240 - Cannot read IP mode file for STMicroelectronics.FP-ATR-ASTRA1.2.0.0
2026-01-15 09:53:49,671 [WARN] PackLoader:240 - Cannot read IP mode file for STMicroelectronics.X-CUBE-TOF1.3.4.2
2026-01-15 09:53:49,751 [WARN] PackLoader:240 - Cannot read IP mode file for STMicroelectronics.X-CUBE-TOF1.3.4.3
2026-01-15 09:53:49,831 [WARN] PackLoader:240 - Cannot read IP mode file for Infineon.AIROC-Wi-Fi-Bluetooth-STM32.1.6.1
2026-01-15 09:53:49,872 [WARN] PackLoader:240 - Cannot read IP mode file for wolfSSL.I-CUBE-wolfSSH.1.4.17
2026-01-15 09:53:49,873 [INFO] ThirdParty:978 - Integrity check success = true
2026-01-15 09:53:49,873 [INFO] IntegrityCheckThread:100 - exiting critical section [integrity check]
2026-01-15 09:53:49,874 [INFO] IntegrityCheckThread:103 - End integrity checks thread
2026-01-15 09:53:50,071 [INFO] Mcu:2029 - Initializing MCU STM32F767ZITx STM32F767ZITx STM32F767ZIT6
2026-01-15 09:53:56,954 [INFO] Context:786 - Trying to add GPIOservice into a context  which must be forbidden
2026-01-15 09:53:58,542 [INFO] ImportTextPane:234 - (OptionalMessage_ERROR) Pin18 (VP_RIF_VS_RIF1) cannot be retrieved for this MCU
2026-01-15 09:53:59,276 [INFO] RtosManager:558 - Registered RTOS mode: class=CMSIS, group=RTOS, mode=CMSIS_V1, owner=FREERTOS
2026-01-15 09:53:59,276 [INFO] RtosManager:558 - Registered RTOS mode: class=CMSIS, group=RTOS2, mode=CMSIS_V2, owner=FREERTOS
2026-01-15 09:53:59,276 [INFO] RtosManager:558 - Registered RTOS mode: class=RTOS, group=Core, mode=CMSIS_V1, owner=FREERTOS
2026-01-15 09:53:59,277 [INFO] RtosManager:558 - Registered RTOS mode: class=RTOS, group=Core, mode=CMSIS_V2, owner=FREERTOS
2026-01-15 09:53:59,277 [WARN] ModelIntegratedComponent:184 - Missing modes for component STMicroelectronics:FreeRTOS:0.0.1:STMicroelectronics:RTOS:FreeRTOS:Core:::10.2.0:
2026-01-15 09:53:59,304 [WARN] ModelIntegratedComponent:63 - No mode defined for component null
2026-01-15 09:53:59,305 [WARN] ModelIntegratedComponent:63 - No mode defined for component null
2026-01-15 09:53:59,305 [WARN] ModelIntegratedComponent:63 - No mode defined for component null
2026-01-15 09:53:59,305 [WARN] ModelIntegratedComponent:63 - No mode defined for component null
2026-01-15 09:53:59,305 [WARN] ModelIntegratedComponent:63 - No mode defined for component null
2026-01-15 09:53:59,305 [WARN] ModelIntegratedComponent:63 - No mode defined for component null
2026-01-15 09:53:59,305 [WARN] ModelIntegratedComponent:63 - No mode defined for component null
2026-01-15 09:53:59,305 [WARN] ModelIntegratedComponent:63 - No mode defined for component null
2026-01-15 09:53:59,305 [WARN] ModelIntegratedComponent:63 - No mode defined for component null
2026-01-15 09:53:59,305 [WARN] ModelIntegratedComponent:63 - No mode defined for component null
2026-01-15 09:53:59,305 [WARN] ModelIntegratedComponent:63 - No mode defined for component null
2026-01-15 09:53:59,306 [WARN] ModelIntegratedComponent:63 - No mode defined for component null
2026-01-15 09:53:59,306 [WARN] ModelIntegratedComponent:63 - No mode defined for component null
2026-01-15 09:53:59,306 [WARN] ModelIntegratedComponent:63 - No mode defined for component null
2026-01-15 09:53:59,306 [WARN] ModelIntegratedComponent:63 - No mode defined for component null
2026-01-15 09:53:59,306 [WARN] ModelIntegratedComponent:63 - No mode defined for component null
2026-01-15 09:53:59,306 [WARN] ModelIntegratedComponent:63 - No mode defined for component null
2026-01-15 09:53:59,306 [WARN] ModelIntegratedComponent:63 - No mode defined for component null
2026-01-15 09:53:59,306 [WARN] ModelIntegratedComponent:63 - No mode defined for component null
2026-01-15 09:53:59,306 [WARN] ModelIntegratedComponent:63 - No mode defined for component null
2026-01-15 09:53:59,306 [WARN] ModelIntegratedComponent:63 - No mode defined for component null
2026-01-15 09:53:59,306 [WARN] ModelIntegratedComponent:63 - No mode defined for component null
2026-01-15 09:53:59,306 [WARN] ModelIntegratedComponent:63 - No mode defined for component null
2026-01-15 09:53:59,306 [WARN] ModelIntegratedComponent:63 - No mode defined for component null
2026-01-15 09:53:59,306 [WARN] ModelIntegratedComponent:63 - No mode defined for component null
2026-01-15 09:53:59,306 [WARN] ModelIntegratedComponent:63 - No mode defined for component null
2026-01-15 09:53:59,306 [WARN] ModelIntegratedComponent:63 - No mode defined for component null
2026-01-15 09:53:59,306 [WARN] ModelIntegratedComponent:63 - No mode defined for component null
2026-01-15 09:53:59,306 [WARN] ModelIntegratedComponent:63 - No mode defined for component null
2026-01-15 09:53:59,307 [WARN] ModelIntegratedComponent:63 - No mode defined for component null
2026-01-15 09:53:59,307 [WARN] ModelIntegratedComponent:63 - No mode defined for component null
2026-01-15 09:53:59,307 [WARN] ModelIntegratedComponent:63 - No mode defined for component null
2026-01-15 09:53:59,307 [WARN] ModelIntegratedComponent:63 - No mode defined for component null
2026-01-15 09:53:59,307 [WARN] ModelIntegratedComponent:63 - No mode defined for component null
2026-01-15 09:53:59,307 [WARN] ModelIntegratedComponent:63 - No mode defined for component null
2026-01-15 09:53:59,307 [WARN] ModelPack:524 - Component already loaded: STMicroelectronics:HAL Drivers:0.0.0:STMicroelectronics:Device:STMicro_Driver:XSPI:HAL::0.0.1:HAL_XSPI
2026-01-15 09:54:00,100 [INFO] ThirdPartyModel:298 - Start build external matchings
2026-01-15 09:54:02,472 [INFO] ThirdPartyModel:316 - End build external matchings
2026-01-15 09:54:02,522 [INFO] RtosManager:1018 - Current active RTOS is FREERTOS [Cortex-M7NS]
2026-01-15 09:54:02,526 [INFO] ImportTextPane:234 - (OptionalMessage_ERROR) IP (CORTEX_M7) : Invalid parameter (Size)
2026-01-15 09:54:02,526 [INFO] ImportTextPane:234 - (OptionalMessage_ERROR) IP (CORTEX_M7) : Invalid parameter (SubRegionDisable)
2026-01-15 09:54:02,526 [INFO] ImportTextPane:234 - (OptionalMessage_ERROR) IP (CORTEX_M7) : Invalid parameter (DisableExec)
2026-01-15 09:54:02,526 [INFO] ImportTextPane:234 - (OptionalMessage_ERROR) IP (CORTEX_M7) : Invalid parameter (IsShareable)
2026-01-15 09:54:02,526 [INFO] ImportTextPane:234 - (OptionalMessage_ERROR) IP (CORTEX_M7) : Invalid parameter (BaseAddress)
2026-01-15 09:54:02,526 [INFO] ImportTextPane:234 - (OptionalMessage_ERROR) IP (CORTEX_M7) : Invalid parameter (Size)
2026-01-15 09:54:02,526 [INFO] ImportTextPane:234 - (OptionalMessage_ERROR) IP (CORTEX_M7) : Invalid parameter (DisableExec)
2026-01-15 09:54:02,526 [INFO] ImportTextPane:234 - (OptionalMessage_ERROR) IP (CORTEX_M7) : Invalid parameter (BaseAddress)
2026-01-15 09:54:02,526 [INFO] ImportTextPane:234 - (OptionalMessage_ERROR) IP (CORTEX_M7) : Invalid parameter (Size)
2026-01-15 09:54:02,526 [INFO] ImportTextPane:234 - (OptionalMessage_ERROR) IP (CORTEX_M7) : Invalid parameter (TypeExtField)
2026-01-15 09:54:02,527 [INFO] ImportTextPane:234 - (OptionalMessage_ERROR) IP (CORTEX_M7) : Invalid parameter (DisableExec)
2026-01-15 09:54:02,527 [INFO] ImportTextPane:234 - (OptionalMessage_ERROR) IP (CORTEX_M7) : Invalid parameter (IsShareable)
2026-01-15 09:54:02,527 [INFO] ImportTextPane:234 - (OptionalMessage_ERROR) IP (CORTEX_M7) : Invalid parameter (AccessPermission)
2026-01-15 09:54:02,527 [INFO] ImportTextPane:234 - (OptionalMessage_ERROR) IP (CORTEX_M7) : Invalid parameter (AccessPermission)
2026-01-15 09:54:02,527 [INFO] ImportTextPane:234 - (OptionalMessage_ERROR) IP (CORTEX_M7) : Invalid parameter (IsBufferable)
2026-01-15 09:54:02,527 [WARN] IP:2250 - Warning not found: check if there is a RefParameter without a condition.
2026-01-15 09:54:02,527 [WARN] IP:2250 - RxBufferAddress not found: check if there is a RefParameter without a condition.
2026-01-15 09:54:02,527 [WARN] IP:2250 - DESC_SIZE_UNIT not found: check if there is a RefParameter without a condition.
2026-01-15 09:54:02,545 [WARN] IP:2250 - LWIP_NETIF_HOSTNAME_NAME not found: check if there is a RefParameter without a condition.
2026-01-15 09:54:02,584 [INFO] ImportTextPane:234 - (OptionalMessage_ERROR) IP (RCC) : Invalid parameter (48MHZClocksFreq_Value)
2026-01-15 09:54:02,585 [INFO] ImportTextPane:234 - (OptionalMessage_ERROR) IP (RCC) : Invalid parameter (ADC12outputFreq_Value)
2026-01-15 09:54:02,585 [INFO] ImportTextPane:234 - (OptionalMessage_ERROR) IP (RCC) : Invalid parameter (ADC34outputFreq_Value)
2026-01-15 09:54:02,585 [INFO] ImportTextPane:234 - (OptionalMessage_ERROR) IP (RCC) : Invalid parameter (FamilyName)
2026-01-15 09:54:02,586 [INFO] ImportTextPane:234 - (OptionalMessage_ERROR) IP (RCC) : Invalid parameter (I2SClocksFreq_Value)
2026-01-15 09:54:02,586 [INFO] ImportTextPane:234 - (OptionalMessage_ERROR) IP (RCC) : Invalid parameter (LCDTFToutputFreq_Value)
2026-01-15 09:54:02,586 [INFO] ImportTextPane:234 - (OptionalMessage_ERROR) IP (RCC) : Invalid parameter (MCOFreq_Value)
2026-01-15 09:54:02,586 [INFO] ImportTextPane:234 - (OptionalMessage_ERROR) IP (RCC) : Invalid parameter (PLLMCOFreq_Value)
2026-01-15 09:54:02,586 [INFO] ImportTextPane:234 - (OptionalMessage_ERROR) IP (RCC) : Invalid parameter (PLLMUL)
2026-01-15 09:54:02,587 [INFO] ImportTextPane:234 - (OptionalMessage_ERROR) IP (RCC) : Invalid parameter (PRESCALERUSB)
2026-01-15 09:54:02,587 [INFO] ImportTextPane:234 - (OptionalMessage_ERROR) IP (RCC) : Parameter (RNGFreq_Value) has invalid value (216000000)
2026-01-15 09:54:02,587 [INFO] ImportTextPane:234 - (OptionalMessage_ERROR) IP (RCC) : Invalid parameter (RTCHSEDivFreq_Value)
2026-01-15 09:54:02,587 [INFO] ImportTextPane:234 - (OptionalMessage_ERROR) IP (RCC) : Parameter (SDMMC2Freq_Value) has invalid value (216000000)
2026-01-15 09:54:02,587 [INFO] ImportTextPane:234 - (OptionalMessage_ERROR) IP (RCC) : Parameter (SDMMCFreq_Value) has invalid value (216000000)
2026-01-15 09:54:02,587 [INFO] ImportTextPane:234 - (OptionalMessage_ERROR) IP (RCC) : Invalid parameter (SYSCLKSourceVirtual)
2026-01-15 09:54:02,587 [INFO] ImportTextPane:234 - (OptionalMessage_ERROR) IP (RCC) : Invalid parameter (TIM15Freq_Value)
2026-01-15 09:54:02,588 [INFO] ImportTextPane:234 - (OptionalMessage_ERROR) IP (RCC) : Invalid parameter (TIM16Freq_Value)
2026-01-15 09:54:02,588 [INFO] ImportTextPane:234 - (OptionalMessage_ERROR) IP (RCC) : Invalid parameter (TIM17Freq_Value)
2026-01-15 09:54:02,588 [INFO] ImportTextPane:234 - (OptionalMessage_ERROR) IP (RCC) : Invalid parameter (TIM1Freq_Value)
2026-01-15 09:54:02,588 [INFO] ImportTextPane:234 - (OptionalMessage_ERROR) IP (RCC) : Invalid parameter (TIM20Freq_Value)
2026-01-15 09:54:02,588 [INFO] ImportTextPane:234 - (OptionalMessage_ERROR) IP (RCC) : Invalid parameter (TIM2Freq_Value)
2026-01-15 09:54:02,588 [INFO] ImportTextPane:234 - (OptionalMessage_ERROR) IP (RCC) : Invalid parameter (TIM3Freq_Value)
2026-01-15 09:54:02,588 [INFO] ImportTextPane:234 - (OptionalMessage_ERROR) IP (RCC) : Invalid parameter (TIM8Freq_Value)
2026-01-15 09:54:02,588 [INFO] ImportTextPane:234 - (OptionalMessage_ERROR) IP (RCC) : Parameter (USBFreq_Value) has invalid value (216000000)
2026-01-15 09:54:02,589 [INFO] ImportTextPane:234 - (OptionalMessage_ERROR) IP (RCC) : Invalid parameter (VCOOutput2Freq_Value)
2026-01-15 09:54:02,589 [INFO] ImportTextPane:234 - (OptionalMessage_ERROR) IP (RCC) : Invalid parameter (VcooutputI2S)
2026-01-15 09:54:04,880 [INFO] ApiDb:581 - Connected to CubeFinder SQLite database (C:\Users\Chinnapop\.stmcufinder\plugins\mcufinder\mcu\cube-finder-db.db)
2026-01-15 09:54:05,005 [INFO] ApiDb:668 - CubeFinder database Data Model version=2.1
2026-01-15 09:54:05,005 [INFO] ApiDb:669 - CubeFinder database Configuration version=3.0.39
2026-01-15 09:54:05,007 [INFO] ApiDb:670 - CubeFinder database generation date=2025-12-22 (1766407740)
2026-01-15 09:54:05,007 [INFO] ApiDb:671 - CubeFinder database FW Pack versions=[FP-ATR-ASTRA1_V2.0.0, FP-SNS-FLIGHT1_V5.1.0, FP-SNS-MOTENV1_V5.1.0, FP-SNS-MOTENVWB1_V1.4.0, FP-SNS-SMARTAG2_V1.2.0, FP-SNS-STBOX1_V2.1.0, STM32Cube_FW_C0_V1.4.0, STM32Cube_FW_F4_V1.28.3, STM32Cube_FW_F7_V1.17.4, STM32Cube_FW_G0_V1.6.2, STM32Cube_FW_G4_V1.6.1, STM32Cube_FW_H5_V1.5.1, STM32Cube_FW_H7RS_V1.3.0, STM32Cube_FW_H7_V1.12.1, STM32Cube_FW_L0_V1.12.2, STM32Cube_FW_L4_V1.18.1, STM32Cube_FW_L5_V1.6.0, STM32Cube_FW_N6_V1.3.0, STM32Cube_FW_U0_V1.3.0, STM32Cube_FW_U3_V1.2.1, STM32Cube_FW_U5_V1.8.0, STM32Cube_FW_WB0_V1.4.0, STM32Cube_FW_WBA_V1.8.0, STM32Cube_FW_WB_V1.24.0, STM32Cube_FW_WL3_V1.3.0, STM32Cube_FW_WL_V1.4.0, X-CUBE-ALGOBUILD_V1.4.0, X-CUBE-ALS_V1.0.2, X-CUBE-AZRTOS-F4_V1.1.0, X-CUBE-AZRTOS-F7_V1.1.0, X-CUBE-AZRTOS-G0_V1.1.0, X-CUBE-AZRTOS-G4_V2.0.0, X-CUBE-AZRTOS-H7RS_V1.1.0, X-CUBE-AZRTOS-H7_V3.4.0, X-CUBE-AZRTOS-L4_V2.0.0, X-CUBE-AZRTOS-L5_V2.0.0, X-CUBE-AZRTOS-WB_V2.0.0, X-CUBE-AZRTOS-WL_V2.0.0, X-CUBE-BLE1_V7.1.0, X-CUBE-BLE2_V3.3.0, X-CUBE-BLEMGR_V4.1.0, X-CUBE-EEPRMA1_V5.2.0, X-CUBE-FREERTOS_V1.3.1, X-CUBE-GNSS1_V6.0.0, X-CUBE-MEMS1_V12.0.0, X-CUBE-NFC4_V3.0.0, X-CUBE-NFC7_V2.0.0, X-CUBE-SFXS2LP1_V4.0.0, X-CUBE-ST67W61_V1.1.0, X-CUBE-SUBG2_V5.0.0, X-CUBE-TOF1_V3.4.3]
2026-01-15 09:54:05,187 [INFO] DbBoardsSqlite:226 - include board P-NUCLEO-WB55-NUCLEO as a kit item of type 'Nucleo-64'
2026-01-15 09:54:05,187 [INFO] DbBoardsSqlite:226 - include board P-NUCLEO-WB55-USBDONGLE as a kit item of type 'Nucleo USB Dongle'
2026-01-15 09:54:05,189 [INFO] DbBoardsSqlite:226 - include board STEVAL-IDP005V1 as a kit item of type 'Evaluation Board'
2026-01-15 09:54:05,189 [INFO] DbBoardsSqlite:226 - include board STEVAL-IDP005V2 as a kit item of type 'Evaluation Board'
2026-01-15 09:54:05,774 [INFO] ApiDb:240 - Found 880 in-development CPN: [B-G473E-ZEST1S, B-WB1M-WPAN1, B-WBA5M-WPAN, B-WL5M-SUBG1, NUCLEO-C031C6, NUCLEO-C051C8, NUCLEO-C071RB, NUCLEO-C092RC, NUCLEO-H503RB, NUCLEO-H533RE, NUCLEO-H563ZI, NUCLEO-H7S3L8, NUCLEO-N657X0-Q, NUCLEO-U031R8, NUCLEO-U083RC, NUCLEO-U385RG-Q, NUCLEO-U545RE-Q, NUCLEO-U5A5ZJ-Q, NUCLEO-WB05KZ, NUCLEO-WB07CC, NUCLEO-WB09KE, NUCLEO-WBA52CG, NUCLEO-WBA55CG, NUCLEO-WL33CC1, NUCLEO-WL33CC2, STEVAL-PROTEUS1, STEVAL-SMARTAG2, STEVAL-STWINBX1, STM320518-EVAL, STM32C0116-DK, STM32C011D6Y3TR, STM32C011D6Y6TR, STM32C011F4P3, STM32C011F4P6, STM32C011F4U3, STM32C011F4U6TR, STM32C011F6P3, STM32C011F6P6, STM32C011F6U3, STM32C011F6U6TR, STM32C011J4M3, STM32C011J4M6, STM32C011J6M3, STM32C011J6M6, STM32C0316-DK, STM32C031C4T3, STM32C031C4T6, STM32C031C4U3, STM32C031C4U6, STM32C031C6T3, STM32C031C6T6, STM32C031C6U3, STM32C031C6U6, STM32C031F4P3, STM32C031F4P6, STM32C031F6P3, STM32C031F6P6, STM32C031G4U3, STM32C031G4U6, STM32C031G6U3, STM32C031G6U6, STM32C031K4T3, STM32C031K4T6, STM32C031K4U3, STM32C031K4U6, STM32C031K6T3, STM32C031K6T6, STM32C031K6U3, STM32C031K6U6, STM32C051C6T6, STM32C051C6U6, STM32C051C8T6, STM32C051C8U6, STM32C051D8Y6TR, STM32C051F6P6, STM32C051F8P6, STM32C051G6U6, STM32C051G8U6, STM32C051K6T6, STM32C051K6U6, STM32C051K8T6, STM32C071C8T6, STM32C071C8T6N, STM32C071C8U6, STM32C071C8U6N, STM32C071CBT6, STM32C071CBT6N, STM32C071CBU6, STM32C071CBU6N, STM32C071F8P6, STM32C071F8P6N, STM32C071FBP6, STM32C071FBP6N, STM32C071FBY6TR, STM32C071G8U6, STM32C071G8U6N, STM32C071GBU6, STM32C071GBU6N, STM32C071K8T6, STM32C071K8T6N, STM32C071K8U6, STM32C071K8U6N, STM32C071KBT6, STM32C071KBT6N, STM32C071KBU6, STM32C071KBU6N, STM32C071R8T6, STM32C071R8T6N, STM32C071RBI6N, STM32C071RBT6, STM32C071RBT6N, STM32C091CBT6, STM32C091CBU6, STM32C091CCT6, STM32C091CCU6, STM32C091ECY6TR, STM32C091FBP6, STM32C091FCP6, STM32C091GBU6, STM32C091GCU6, STM32C091KBT6, STM32C091KBU6, STM32C091KCT6, STM32C091KCU6, STM32C091RBT6, STM32C091RCI6, STM32C091RCT6, STM32C092CBT6, STM32C092CBU6, STM32C092CCT6, STM32C092CCU6, STM32C092ECY6TR, STM32C092FBP6, STM32C092FCP6, STM32C092GBU6, STM32C092GCU6, STM32C092KBT6, STM32C092KBU6, STM32C092KCT6, STM32C092KCU6, STM32C092RBT6, STM32C092RCI6, STM32C092RCT6, STM32G071K8TXN, STM32G071K8UXN, STM32G081GBU6N, STM32G081KBT6N, STM32G081KBUXN, STM32G0B1CCT6N, STM32G0B1KCT6, STM32G0B1NEY6TR, STM32G0B1RCT6N, STM32G0C1CCT6, STM32G0C1CCT6N, STM32G0C1CCU6N, STM32G0C1CET6N, STM32G0C1CEU6N, STM32G0C1KCT6, STM32G0C1NEY6TR, STM32G0C1RCI6N, STM32G0C1RCT6N, STM32G0C1REI6N, STM32G0C1RET6N, STM32G0C1VCI6, STM32G0C1VEI6, STM32G411C6T3, STM32G411C6T6, STM32G411C6U3, STM32G411C6U6, STM32G411C8T3, STM32G411C8T6, STM32G411C8U3, STM32G411C8U6, STM32G411CBT3, STM32G411CBT6, STM32G411CBU3, STM32G411CBU6, STM32G411K6T3, STM32G411K6T6, STM32G411K6U3, STM32G411K6U6, STM32G411K8T3, STM32G411K8T6, STM32G411K8U3, STM32G411K8U6, STM32G411KBT3, STM32G411KBT6, STM32G411KBU3, STM32G411KBU6, STM32G411M6T3, STM32G411M6T6, STM32G411M8T3, STM32G411M8T6, STM32G411MBT3, STM32G411MBT6, STM32G411R6T3, STM32G411R6T6, STM32G411R8T3, STM32G411R8T6, STM32G411RBT3, STM32G411RBT6, STM32G414CBT3, STM32G414CBT6, STM32G414CBU3, STM32G414CBU6, STM32G414CCT3, STM32G414CCT6, STM32G414CCU3, STM32G414CCU6, STM32G414MBT3, STM32G414MBT6, STM32G414MCT3, STM32G414MCT6, STM32G414RBT3, STM32G414RBT6, STM32G414RCT3, STM32G414RCT6, STM32G414VBT3, STM32G414VBT6, STM32G414VCT3, STM32G414VCT6, STM32G431CBT3Z, STM32G431RBT3Z, STM32G471CCT6, STM32G471CCU6, STM32G471CET3, STM32G471CET6, STM32G471CEU3, STM32G471CEU6, STM32G471MCT6, STM32G471MET3, STM32G471MET6, STM32G471MEY6TR, STM32G471QCT6, STM32G471QET3, STM32G471RCT6, STM32G471RET3, STM32G471RET6, STM32G471VCH6, STM32G471VCI6, STM32G471VCT6, STM32G471VEH3, STM32G471VEH6, STM32G471VEI3, STM32G471VEI6, STM32G471VET3, STM32G471VET6, STM32G473QET3Z, STM32G473RET3Z, STM32G474CCT6, STM32G491RET3Z, STM32H503CBT6, STM32H503CBU6, STM32H503EBY6TR, STM32H503KBU6, STM32H503RBT6, STM32H523CCT6, STM32H523CCU6, STM32H523CET6, STM32H523CEU6, STM32H523HEY6TR, STM32H523RCT6, STM32H523RET6, STM32H523VCI6, STM32H523VCT6, STM32H523VEI6, STM32H523VET6, STM32H523ZCJ6, STM32H523ZCT6, STM32H523ZEJ6, STM32H523ZET6, STM32H533CET6, STM32H533CEU6, STM32H533HEY6TR, STM32H533RET6, STM32H533VEI6, STM32H533VET6, STM32H533ZEJ6, STM32H533ZET6, STM32H562AGI6, STM32H562AII6, STM32H562IGK6, STM32H562IGT6, STM32H562IIK6, STM32H562IIT6, STM32H562RGT6, STM32H562RGV6, STM32H562RIT6, STM32H562RIV6, STM32H562VGT6, STM32H562VIT6, STM32H562ZGT6, STM32H562ZIT6, STM32H563AGI6, STM32H563AII3Q, STM32H563AII6, STM32H563IGK6, STM32H563IGT6, STM32H563IIK3Q, STM32H563IIK6, STM32H563IIT3Q, STM32H563IIT6, STM32H563MIY3QTR, STM32H563RGT6, STM32H563RGV6, STM32H563RIT6, STM32H563RIV6, STM32H563VGT6, STM32H563VIT3Q, STM32H563VIT6, STM32H563ZGT6, STM32H563ZIT3Q, STM32H563ZIT6, STM32H573AII3Q, STM32H573AII6, STM32H573I-DK, STM32H573IIK3Q, STM32H573IIK6, STM32H573IIT3Q, STM32H573IIT6, STM32H573MIY3QTR, STM32H573RIT6, STM32H573RIV6, STM32H573VIT3Q, STM32H573VIT6, STM32H573ZIT3Q, STM32H573ZIT6, STM32H7R3A8I6, STM32H7R3I8K6, STM32H7R3I8T6, STM32H7R3L8H6, STM32H7R3L8H6H, STM32H7R3R8V6, STM32H7R3V8H6, STM32H7R3V8T6, STM32H7R3V8Y6TR, STM32H7R3Z8J6, STM32H7R3Z8T6, STM32H7R7A8I6, STM32H7R7I8K6, STM32H7R7I8T6, STM32H7R7L8H6, STM32H7R7L8H6H, STM32H7R7Z8J6, STM32H7S3A8I6, STM32H7S3I8K6, STM32H7S3I8T6, STM32H7S3L8H6, STM32H7S3L8H6H, STM32H7S3R8V6, STM32H7S3V8H6, STM32H7S3V8T6, STM32H7S3V8Y6TR, STM32H7S3Z8J6, STM32H7S3Z8T6, STM32H7S78-DK, STM32H7S7A8I6, STM32H7S7I8K6, STM32H7S7I8T6, STM32H7S7L8H6, STM32H7S7L8H6H, STM32H7S7Z8J6, STM32L4R5QGI6STR, STM32MP131AAE3, STM32MP131AAF3, STM32MP131AAG3, STM32MP131CAE3, STM32MP131CAF3, STM32MP131CAG3, STM32MP131DAE7, STM32MP131DAF7, STM32MP131DAG7, STM32MP131FAE7, STM32MP131FAF7, STM32MP131FAG7, STM32MP133AAE3, STM32MP133AAF3, STM32MP133AAG3, STM32MP133CAE3, STM32MP133CAF3, STM32MP133CAG3, STM32MP133DAE7, STM32MP133DAF7, STM32MP133DAG7, STM32MP133FAE7, STM32MP133FAF7, STM32MP133FAG7, STM32MP135AAE3, STM32MP135AAF3, STM32MP135AAG3, STM32MP135CAE3, STM32MP135CAF3, STM32MP135CAG3, STM32MP135DAE7, STM32MP135DAF7, STM32MP135DAG7, STM32MP135F-DK, STM32MP135FAE7, STM32MP135FAF7, STM32MP135FAF7T, STM32MP135FAF7U, STM32MP135FAG7, STM32MP211AAL3, STM32MP211AAM3, STM32MP211AAN3, STM32MP211AAO3, STM32MP211CAL3, STM32MP211CAM3, STM32MP211CAN3, STM32MP211CAO3, STM32MP211DAL3, STM32MP211DAM3, STM32MP211DAN3, STM32MP211DAO3, STM32MP211FAL3, STM32MP211FAM3, STM32MP211FAN3, STM32MP211FAO3, STM32MP213AAL3, STM32MP213AAM3, STM32MP213AAN3, STM32MP213AAO3, STM32MP213CAL3, STM32MP213CAM3, STM32MP213CAN3, STM32MP213CAO3, STM32MP213DAL3, STM32MP213DAM3, STM32MP213DAN3, STM32MP213DAO3, STM32MP213FAL3, STM32MP213FAM3, STM32MP213FAN3, STM32MP213FAO3, STM32MP215AAL3, STM32MP215AAM3, STM32MP215AAN3, STM32MP215AAO3, STM32MP215CAL3, STM32MP215CAM3, STM32MP215CAN3, STM32MP215CAO3, STM32MP215DAL3, STM32MP215DAM3, STM32MP215DAN3, STM32MP215DAO3, STM32MP215F-DK, STM32MP215FAL3, STM32MP215FAM3, STM32MP215FAN3, STM32MP215FAO3, STM32MP231AAJ3, STM32MP231AAK3, STM32MP231AAL3, STM32MP231CAJ3, STM32MP231CAK3, STM32MP231CAL3, STM32MP231DAJ3, STM32MP231DAK3, STM32MP231DAL3, STM32MP231FAJ3, STM32MP231FAK3, STM32MP231FAL3, STM32MP233AAJ3, STM32MP233AAK3, STM32MP233AAL3, STM32MP233CAJ3, STM32MP233CAK3, STM32MP233CAL3, STM32MP233DAJ3, STM32MP233DAK3, STM32MP233DAL3, STM32MP233FAJ3, STM32MP233FAK3, STM32MP233FAL3, STM32MP235AAJ3, STM32MP235AAK3, STM32MP235AAL3, STM32MP235CAJ3, STM32MP235CAK3, STM32MP235CAL3, STM32MP235DAJ3, STM32MP235DAK3, STM32MP235DAL3, STM32MP235FAJ3, STM32MP235FAK3, STM32MP235FAL3, STM32MP251AAI3, STM32MP251AAK3, STM32MP251AAL3, STM32MP251CAI3, STM32MP251CAK3, STM32MP251CAL3, STM32MP251DAI3, STM32MP251DAK3, STM32MP251DAL3, STM32MP251FAI3, STM32MP251FAK3, STM32MP251FAL3, STM32MP253AAI3, STM32MP253AAK3, STM32MP253AAL3, STM32MP253CAI3, STM32MP253CAK3, STM32MP253CAL3, STM32MP253DAI3, STM32MP253DAK3, STM32MP253DAL3, STM32MP253FAI3, STM32MP253FAK3, STM32MP253FAL3, STM32MP255AAI3, STM32MP255AAK3, STM32MP255AAL3, STM32MP255CAI3, STM32MP255CAK3, STM32MP255CAL3, STM32MP255DAI3, STM32MP255DAK3, STM32MP255DAL3, STM32MP255FAI3, STM32MP255FAK3, STM32MP255FAL3, STM32MP257AAI3, STM32MP257AAK3, STM32MP257AAL3, STM32MP257CAI3, STM32MP257CAK3, STM32MP257CAL3, STM32MP257DAI3, STM32MP257DAK3, STM32MP257DAL3, STM32MP257F-DK, STM32MP257F-EV1, STM32MP257FAI3, STM32MP257FAK3, STM32MP257FAL3, STM32N645A0H3Q, STM32N645B0H3Q, STM32N645I0H3Q, STM32N645L0H3Q, STM32N645X0H3Q, STM32N645Z0H3Q, STM32N647A0H3Q, STM32N647B0H3Q, STM32N647I0H3Q, STM32N647L0H3Q, STM32N647X0H3Q, STM32N647Z0H3Q, STM32N655A0H3Q, STM32N655B0H3Q, STM32N655I0H3Q, STM32N655L0H3Q, STM32N655X0H3Q, STM32N655Z0H3Q, STM32N6570-DK, STM32N657A0H3Q, STM32N657B0H3Q, STM32N657I0H3Q, STM32N657L0H3Q, STM32N657X0H3Q, STM32N657Z0H3Q, STM32U031C6T6, STM32U031C6U6, STM32U031C8T6, STM32U031C8U6, STM32U031F4P6, STM32U031F6P6, STM32U031F8P6, STM32U031G6Y6TR, STM32U031G8Y6TR, STM32U031K4U6, STM32U031K6U6, STM32U031K8U6, STM32U031R6I6, STM32U031R6T6, STM32U031R8I6, STM32U031R8T6, STM32U073C8T6, STM32U073C8U6, STM32U073CBT6, STM32U073CBU6, STM32U073CCT6, STM32U073CCU6, STM32U073H8Y6TR, STM32U073HBY6TR, STM32U073HCY6TR, STM32U073K8U6, STM32U073KBU6, STM32U073KCU6, STM32U073M8I6, STM32U073M8T6, STM32U073MBI6, STM32U073MBT6, STM32U073MCI6, STM32U073MCT6, STM32U073R8I6, STM32U073R8T6, STM32U073RBI6, STM32U073RBT6, STM32U073RCI6, STM32U073RCT6, STM32U083C-DK, STM32U083CCT6, STM32U083CCU6, STM32U083HCY6TR, STM32U083KCU6, STM32U083MCI6, STM32U083MCT6, STM32U083RCI6, STM32U083RCT6, STM32U375CET6, STM32U375CET6Q, STM32U375CEU6, STM32U375CEU6Q, STM32U375CEY6QTR, STM32U375CGT6, STM32U375CGT6Q, STM32U375CGU6, STM32U375CGU6Q, STM32U375CGY6QTR, STM32U375KEU6, STM32U375KGU6, STM32U375REI6, STM32U375REI6Q, STM32U375RET6, STM32U375RET6Q, STM32U375REY6GTR, STM32U375REY6QTR, STM32U375RGI6, STM32U375RGI6Q, STM32U375RGT6, STM32U375RGT6Q, STM32U375RGY6GTR, STM32U375RGY6QTR, STM32U375VEI6, STM32U375VEI6Q, STM32U375VET6, STM32U375VET6Q, STM32U375VGI6, STM32U375VGI6Q, STM32U375VGT6, STM32U375VGT6Q, STM32U385CGT6, STM32U385CGT6Q, STM32U385CGU6, STM32U385CGU6Q, STM32U385CGY6QTR, STM32U385KGU6, STM32U385RGI6, STM32U385RGI6Q, STM32U385RGT6, STM32U385RGT6Q, STM32U385RGY6GTR, STM32U385RGY6QTR, STM32U385VGI6, STM32U385VGI6Q, STM32U385VGT6, STM32U385VGT6Q, STM32U535CBT6, STM32U535CBT6Q, STM32U535CBU6, STM32U535CBU6Q, STM32U535CCT6, STM32U535CCT6Q, STM32U535CCU6, STM32U535CCU6Q, STM32U535CET6, STM32U535CET6Q, STM32U535CEU6, STM32U535CEU6Q, STM32U535JEY6QTR, STM32U535NCY6QTR, STM32U535NEY6QTR, STM32U535RBI6, STM32U535RBI6Q, STM32U535RBT6, STM32U535RBT6Q, STM32U535RCI6, STM32U535RCI6Q, STM32U535RCT6, STM32U535RCT6Q, STM32U535REI6, STM32U535REI6Q, STM32U535RET6, STM32U535RET6Q, STM32U535VCI6, STM32U535VCI6Q, STM32U535VCT6, STM32U535VCT6Q, STM32U535VEI6, STM32U535VEI6Q, STM32U535VET6, STM32U535VET6Q, STM32U545CET6, STM32U545CET6Q, STM32U545CEU6, STM32U545CEU6Q, STM32U545JEY6QTR, STM32U545NEY6QTR, STM32U545REI6, STM32U545REI6Q, STM32U545RET6, STM32U545RET6Q, STM32U545VEI6, STM32U545VEI6Q, STM32U545VET6, STM32U545VET6Q, STM32U595AIH6, STM32U595AIH6Q, STM32U595AJH6, STM32U595AJH6Q, STM32U595QII6, STM32U595QII6Q, STM32U595QJI6, STM32U595QJI6Q, STM32U595RIT6, STM32U595RIT6Q, STM32U595RJT6, STM32U595RJT6Q, STM32U595VIT6, STM32U595VIT6Q, STM32U595VJT6, STM32U595VJT6Q, STM32U595ZIT6, STM32U595ZIT6Q, STM32U595ZIY6QTR, STM32U595ZJT6, STM32U595ZJT6Q, STM32U595ZJY6QTR, STM32U599BJY6QTR, STM32U599NIH6Q, STM32U599NJH6Q, STM32U599VIT6Q, STM32U599VJT6, STM32U599VJT6Q, STM32U599ZIT6Q, STM32U599ZIY6QTR, STM32U599ZJT6Q, STM32U599ZJY6QTR, STM32U5A5AJH6, STM32U5A5AJH6Q, STM32U5A5QII3Q , STM32U5A5QJI6, STM32U5A5QJI6Q, STM32U5A5RJT6, STM32U5A5RJT6Q, STM32U5A5VJT6, STM32U5A5VJT6Q, STM32U5A5ZJT6, STM32U5A5ZJT6Q, STM32U5A5ZJY6QTR, STM32U5A9BJY6QTR, STM32U5A9J-DK, STM32U5A9NJH6Q, STM32U5A9VJT6Q, STM32U5A9ZJT6Q, STM32U5A9ZJY6QTR, STM32U5F7VIT6, STM32U5F7VIT6Q, STM32U5F7VJT6, STM32U5F7VJT6Q, STM32U5F9BJY6QTR, STM32U5F9NJH6Q, STM32U5F9VIT6Q, STM32U5F9VJT6Q, STM32U5F9ZIJ6QTR, STM32U5F9ZIT6Q, STM32U5F9ZJJ6QTR, STM32U5F9ZJT6Q, STM32U5G7VJT6, STM32U5G7VJT6Q, STM32U5G9BJY6QTR, STM32U5G9J-DK1, STM32U5G9J-DK2, STM32U5G9NJH6Q, STM32U5G9VJT6Q, STM32U5G9ZJJ6QTR, STM32U5G9ZJT6Q, STM32WB05KZV6TR, STM32WB05KZV7TR, STM32WB05TZF6TR, STM32WB05TZF7TR, STM32WB06CCF6TR, STM32WB06CCF7TR, STM32WB06CCV6TR, STM32WB06CCV7TR, STM32WB06KCV6TR, STM32WB06KCV7TR, STM32WB07CCF6TR, STM32WB07CCF7TR, STM32WB07CCV6TR, STM32WB07CCV7TR, STM32WB07KCV6TR, STM32WB07KCV7TR, STM32WB09KEV6TR, STM32WB09KEV7TR, STM32WB09TEF6TR, STM32WB09TEF7TR, STM32WB1MMCH6, STM32WBA50KGU6, STM32WBA50KGU6TR, STM32WBA52CEU6, STM32WBA52CEU6TR, STM32WBA52CEU7, STM32WBA52CEU7TR, STM32WBA52CGU6, STM32WBA52CGU6TR, STM32WBA52CGU6U, STM32WBA52CGU7, STM32WBA52CGU7TR, STM32WBA52KEU6, STM32WBA52KEU6TR, STM32WBA52KGU6, STM32WBA52KGU6TR, STM32WBA54CEU6, STM32WBA54CEU6TR, STM32WBA54CEU7, STM32WBA54CEU7TR, STM32WBA54CGU6, STM32WBA54CGU6TR, STM32WBA54CGU7, STM32WBA54CGU7TR, STM32WBA54KEU6, STM32WBA54KEU6TR, STM32WBA54KEU7, STM32WBA54KEU7TR, STM32WBA54KGU6, STM32WBA54KGU6TR, STM32WBA54KGU7, STM32WBA54KGU7TR, STM32WBA55CEU6, STM32WBA55CEU6TR, STM32WBA55CEU7, STM32WBA55CEU7TR, STM32WBA55CGU6, STM32WBA55CGU6TR, STM32WBA55CGU6U, STM32WBA55CGU7, STM32WBA55CGU7TR, STM32WBA55G-DK1, STM32WBA55HEF6, STM32WBA55HEF7, STM32WBA55HGF6, STM32WBA55HGF7, STM32WBA55UEI6, STM32WBA55UEI6TR, STM32WBA55UEI7, STM32WBA55UEI7TR, STM32WBA55UGI6, STM32WBA55UGI6TR, STM32WBA55UGI7, STM32WBA55UGI7TR, STM32WBA5MMGH6TR, STM32WBA62MGF6, STM32WBA62MIF6, STM32WBA65MGF7, STM32WBA65MIF6, STM32WBA65MIF7, STM32WL30K8V6, STM32WL30KBV6, STM32WL31C8V6, STM32WL31CBV6, STM32WL31K8V6, STM32WL31KBV6, STM32WL33C8V6, STM32WL33C8V6X, STM32WL33CBV6, STM32WL33CBV6X, STM32WL33CCV6, STM32WL33CCV6A, STM32WL33CCV6X, STM32WL33K8V7, STM32WL33K8V7X, STM32WL33KBV7 , STM32WL33KBV7X, STM32WL33KCV7, STM32WL33KCV7X, STM32WL5MOCH6, STM32WL5MOCH6TR]
2026-01-15 09:54:05,780 [INFO] ApiDb:668 - CubeFinder database Data Model version=2.1
2026-01-15 09:54:05,780 [INFO] ApiDb:669 - CubeFinder database Configuration version=3.0.39
2026-01-15 09:54:05,780 [INFO] ApiDb:670 - CubeFinder database generation date=2025-12-22 (1766407740)
2026-01-15 09:54:05,780 [INFO] ApiDb:671 - CubeFinder database FW Pack versions=[FP-ATR-ASTRA1_V2.0.0, FP-SNS-FLIGHT1_V5.1.0, FP-SNS-MOTENV1_V5.1.0, FP-SNS-MOTENVWB1_V1.4.0, FP-SNS-SMARTAG2_V1.2.0, FP-SNS-STBOX1_V2.1.0, STM32Cube_FW_C0_V1.4.0, STM32Cube_FW_F4_V1.28.3, STM32Cube_FW_F7_V1.17.4, STM32Cube_FW_G0_V1.6.2, STM32Cube_FW_G4_V1.6.1, STM32Cube_FW_H5_V1.5.1, STM32Cube_FW_H7RS_V1.3.0, STM32Cube_FW_H7_V1.12.1, STM32Cube_FW_L0_V1.12.2, STM32Cube_FW_L4_V1.18.1, STM32Cube_FW_L5_V1.6.0, STM32Cube_FW_N6_V1.3.0, STM32Cube_FW_U0_V1.3.0, STM32Cube_FW_U3_V1.2.1, STM32Cube_FW_U5_V1.8.0, STM32Cube_FW_WB0_V1.4.0, STM32Cube_FW_WBA_V1.8.0, STM32Cube_FW_WB_V1.24.0, STM32Cube_FW_WL3_V1.3.0, STM32Cube_FW_WL_V1.4.0, X-CUBE-ALGOBUILD_V1.4.0, X-CUBE-ALS_V1.0.2, X-CUBE-AZRTOS-F4_V1.1.0, X-CUBE-AZRTOS-F7_V1.1.0, X-CUBE-AZRTOS-G0_V1.1.0, X-CUBE-AZRTOS-G4_V2.0.0, X-CUBE-AZRTOS-H7RS_V1.1.0, X-CUBE-AZRTOS-H7_V3.4.0, X-CUBE-AZRTOS-L4_V2.0.0, X-CUBE-AZRTOS-L5_V2.0.0, X-CUBE-AZRTOS-WB_V2.0.0, X-CUBE-AZRTOS-WL_V2.0.0, X-CUBE-BLE1_V7.1.0, X-CUBE-BLE2_V3.3.0, X-CUBE-BLEMGR_V4.1.0, X-CUBE-EEPRMA1_V5.2.0, X-CUBE-FREERTOS_V1.3.1, X-CUBE-GNSS1_V6.0.0, X-CUBE-MEMS1_V12.0.0, X-CUBE-NFC4_V3.0.0, X-CUBE-NFC7_V2.0.0, X-CUBE-SFXS2LP1_V4.0.0, X-CUBE-ST67W61_V1.1.0, X-CUBE-SUBG2_V5.0.0, X-CUBE-TOF1_V3.4.3]
2026-01-15 09:54:09,103 [INFO] ApiDb:240 - Found 880 in-development CPN: [B-G473E-ZEST1S, B-WB1M-WPAN1, B-WBA5M-WPAN, B-WL5M-SUBG1, NUCLEO-C031C6, NUCLEO-C051C8, NUCLEO-C071RB, NUCLEO-C092RC, NUCLEO-H503RB, NUCLEO-H533RE, NUCLEO-H563ZI, NUCLEO-H7S3L8, NUCLEO-N657X0-Q, NUCLEO-U031R8, NUCLEO-U083RC, NUCLEO-U385RG-Q, NUCLEO-U545RE-Q, NUCLEO-U5A5ZJ-Q, NUCLEO-WB05KZ, NUCLEO-WB07CC, NUCLEO-WB09KE, NUCLEO-WBA52CG, NUCLEO-WBA55CG, NUCLEO-WL33CC1, NUCLEO-WL33CC2, STEVAL-PROTEUS1, STEVAL-SMARTAG2, STEVAL-STWINBX1, STM320518-EVAL, STM32C0116-DK, STM32C011D6Y3TR, STM32C011D6Y6TR, STM32C011F4P3, STM32C011F4P6, STM32C011F4U3, STM32C011F4U6TR, STM32C011F6P3, STM32C011F6P6, STM32C011F6U3, STM32C011F6U6TR, STM32C011J4M3, STM32C011J4M6, STM32C011J6M3, STM32C011J6M6, STM32C0316-DK, STM32C031C4T3, STM32C031C4T6, STM32C031C4U3, STM32C031C4U6, STM32C031C6T3, STM32C031C6T6, STM32C031C6U3, STM32C031C6U6, STM32C031F4P3, STM32C031F4P6, STM32C031F6P3, STM32C031F6P6, STM32C031G4U3, STM32C031G4U6, STM32C031G6U3, STM32C031G6U6, STM32C031K4T3, STM32C031K4T6, STM32C031K4U3, STM32C031K4U6, STM32C031K6T3, STM32C031K6T6, STM32C031K6U3, STM32C031K6U6, STM32C051C6T6, STM32C051C6U6, STM32C051C8T6, STM32C051C8U6, STM32C051D8Y6TR, STM32C051F6P6, STM32C051F8P6, STM32C051G6U6, STM32C051G8U6, STM32C051K6T6, STM32C051K6U6, STM32C051K8T6, STM32C071C8T6, STM32C071C8T6N, STM32C071C8U6, STM32C071C8U6N, STM32C071CBT6, STM32C071CBT6N, STM32C071CBU6, STM32C071CBU6N, STM32C071F8P6, STM32C071F8P6N, STM32C071FBP6, STM32C071FBP6N, STM32C071FBY6TR, STM32C071G8U6, STM32C071G8U6N, STM32C071GBU6, STM32C071GBU6N, STM32C071K8T6, STM32C071K8T6N, STM32C071K8U6, STM32C071K8U6N, STM32C071KBT6, STM32C071KBT6N, STM32C071KBU6, STM32C071KBU6N, STM32C071R8T6, STM32C071R8T6N, STM32C071RBI6N, STM32C071RBT6, STM32C071RBT6N, STM32C091CBT6, STM32C091CBU6, STM32C091CCT6, STM32C091CCU6, STM32C091ECY6TR, STM32C091FBP6, STM32C091FCP6, STM32C091GBU6, STM32C091GCU6, STM32C091KBT6, STM32C091KBU6, STM32C091KCT6, STM32C091KCU6, STM32C091RBT6, STM32C091RCI6, STM32C091RCT6, STM32C092CBT6, STM32C092CBU6, STM32C092CCT6, STM32C092CCU6, STM32C092ECY6TR, STM32C092FBP6, STM32C092FCP6, STM32C092GBU6, STM32C092GCU6, STM32C092KBT6, STM32C092KBU6, STM32C092KCT6, STM32C092KCU6, STM32C092RBT6, STM32C092RCI6, STM32C092RCT6, STM32G071K8TXN, STM32G071K8UXN, STM32G081GBU6N, STM32G081KBT6N, STM32G081KBUXN, STM32G0B1CCT6N, STM32G0B1KCT6, STM32G0B1NEY6TR, STM32G0B1RCT6N, STM32G0C1CCT6, STM32G0C1CCT6N, STM32G0C1CCU6N, STM32G0C1CET6N, STM32G0C1CEU6N, STM32G0C1KCT6, STM32G0C1NEY6TR, STM32G0C1RCI6N, STM32G0C1RCT6N, STM32G0C1REI6N, STM32G0C1RET6N, STM32G0C1VCI6, STM32G0C1VEI6, STM32G411C6T3, STM32G411C6T6, STM32G411C6U3, STM32G411C6U6, STM32G411C8T3, STM32G411C8T6, STM32G411C8U3, STM32G411C8U6, STM32G411CBT3, STM32G411CBT6, STM32G411CBU3, STM32G411CBU6, STM32G411K6T3, STM32G411K6T6, STM32G411K6U3, STM32G411K6U6, STM32G411K8T3, STM32G411K8T6, STM32G411K8U3, STM32G411K8U6, STM32G411KBT3, STM32G411KBT6, STM32G411KBU3, STM32G411KBU6, STM32G411M6T3, STM32G411M6T6, STM32G411M8T3, STM32G411M8T6, STM32G411MBT3, STM32G411MBT6, STM32G411R6T3, STM32G411R6T6, STM32G411R8T3, STM32G411R8T6, STM32G411RBT3, STM32G411RBT6, STM32G414CBT3, STM32G414CBT6, STM32G414CBU3, STM32G414CBU6, STM32G414CCT3, STM32G414CCT6, STM32G414CCU3, STM32G414CCU6, STM32G414MBT3, STM32G414MBT6, STM32G414MCT3, STM32G414MCT6, STM32G414RBT3, STM32G414RBT6, STM32G414RCT3, STM32G414RCT6, STM32G414VBT3, STM32G414VBT6, STM32G414VCT3, STM32G414VCT6, STM32G431CBT3Z, STM32G431RBT3Z, STM32G471CCT6, STM32G471CCU6, STM32G471CET3, STM32G471CET6, STM32G471CEU3, STM32G471CEU6, STM32G471MCT6, STM32G471MET3, STM32G471MET6, STM32G471MEY6TR, STM32G471QCT6, STM32G471QET3, STM32G471RCT6, STM32G471RET3, STM32G471RET6, STM32G471VCH6, STM32G471VCI6, STM32G471VCT6, STM32G471VEH3, STM32G471VEH6, STM32G471VEI3, STM32G471VEI6, STM32G471VET3, STM32G471VET6, STM32G473QET3Z, STM32G473RET3Z, STM32G474CCT6, STM32G491RET3Z, STM32H503CBT6, STM32H503CBU6, STM32H503EBY6TR, STM32H503KBU6, STM32H503RBT6, STM32H523CCT6, STM32H523CCU6, STM32H523CET6, STM32H523CEU6, STM32H523HEY6TR, STM32H523RCT6, STM32H523RET6, STM32H523VCI6, STM32H523VCT6, STM32H523VEI6, STM32H523VET6, STM32H523ZCJ6, STM32H523ZCT6, STM32H523ZEJ6, STM32H523ZET6, STM32H533CET6, STM32H533CEU6, STM32H533HEY6TR, STM32H533RET6, STM32H533VEI6, STM32H533VET6, STM32H533ZEJ6, STM32H533ZET6, STM32H562AGI6, STM32H562AII6, STM32H562IGK6, STM32H562IGT6, STM32H562IIK6, STM32H562IIT6, STM32H562RGT6, STM32H562RGV6, STM32H562RIT6, STM32H562RIV6, STM32H562VGT6, STM32H562VIT6, STM32H562ZGT6, STM32H562ZIT6, STM32H563AGI6, STM32H563AII3Q, STM32H563AII6, STM32H563IGK6, STM32H563IGT6, STM32H563IIK3Q, STM32H563IIK6, STM32H563IIT3Q, STM32H563IIT6, STM32H563MIY3QTR, STM32H563RGT6, STM32H563RGV6, STM32H563RIT6, STM32H563RIV6, STM32H563VGT6, STM32H563VIT3Q, STM32H563VIT6, STM32H563ZGT6, STM32H563ZIT3Q, STM32H563ZIT6, STM32H573AII3Q, STM32H573AII6, STM32H573I-DK, STM32H573IIK3Q, STM32H573IIK6, STM32H573IIT3Q, STM32H573IIT6, STM32H573MIY3QTR, STM32H573RIT6, STM32H573RIV6, STM32H573VIT3Q, STM32H573VIT6, STM32H573ZIT3Q, STM32H573ZIT6, STM32H7R3A8I6, STM32H7R3I8K6, STM32H7R3I8T6, STM32H7R3L8H6, STM32H7R3L8H6H, STM32H7R3R8V6, STM32H7R3V8H6, STM32H7R3V8T6, STM32H7R3V8Y6TR, STM32H7R3Z8J6, STM32H7R3Z8T6, STM32H7R7A8I6, STM32H7R7I8K6, STM32H7R7I8T6, STM32H7R7L8H6, STM32H7R7L8H6H, STM32H7R7Z8J6, STM32H7S3A8I6, STM32H7S3I8K6, STM32H7S3I8T6, STM32H7S3L8H6, STM32H7S3L8H6H, STM32H7S3R8V6, STM32H7S3V8H6, STM32H7S3V8T6, STM32H7S3V8Y6TR, STM32H7S3Z8J6, STM32H7S3Z8T6, STM32H7S78-DK, STM32H7S7A8I6, STM32H7S7I8K6, STM32H7S7I8T6, STM32H7S7L8H6, STM32H7S7L8H6H, STM32H7S7Z8J6, STM32L4R5QGI6STR, STM32MP131AAE3, STM32MP131AAF3, STM32MP131AAG3, STM32MP131CAE3, STM32MP131CAF3, STM32MP131CAG3, STM32MP131DAE7, STM32MP131DAF7, STM32MP131DAG7, STM32MP131FAE7, STM32MP131FAF7, STM32MP131FAG7, STM32MP133AAE3, STM32MP133AAF3, STM32MP133AAG3, STM32MP133CAE3, STM32MP133CAF3, STM32MP133CAG3, STM32MP133DAE7, STM32MP133DAF7, STM32MP133DAG7, STM32MP133FAE7, STM32MP133FAF7, STM32MP133FAG7, STM32MP135AAE3, STM32MP135AAF3, STM32MP135AAG3, STM32MP135CAE3, STM32MP135CAF3, STM32MP135CAG3, STM32MP135DAE7, STM32MP135DAF7, STM32MP135DAG7, STM32MP135F-DK, STM32MP135FAE7, STM32MP135FAF7, STM32MP135FAF7T, STM32MP135FAF7U, STM32MP135FAG7, STM32MP211AAL3, STM32MP211AAM3, STM32MP211AAN3, STM32MP211AAO3, STM32MP211CAL3, STM32MP211CAM3, STM32MP211CAN3, STM32MP211CAO3, STM32MP211DAL3, STM32MP211DAM3, STM32MP211DAN3, STM32MP211DAO3, STM32MP211FAL3, STM32MP211FAM3, STM32MP211FAN3, STM32MP211FAO3, STM32MP213AAL3, STM32MP213AAM3, STM32MP213AAN3, STM32MP213AAO3, STM32MP213CAL3, STM32MP213CAM3, STM32MP213CAN3, STM32MP213CAO3, STM32MP213DAL3, STM32MP213DAM3, STM32MP213DAN3, STM32MP213DAO3, STM32MP213FAL3, STM32MP213FAM3, STM32MP213FAN3, STM32MP213FAO3, STM32MP215AAL3, STM32MP215AAM3, STM32MP215AAN3, STM32MP215AAO3, STM32MP215CAL3, STM32MP215CAM3, STM32MP215CAN3, STM32MP215CAO3, STM32MP215DAL3, STM32MP215DAM3, STM32MP215DAN3, STM32MP215DAO3, STM32MP215F-DK, STM32MP215FAL3, STM32MP215FAM3, STM32MP215FAN3, STM32MP215FAO3, STM32MP231AAJ3, STM32MP231AAK3, STM32MP231AAL3, STM32MP231CAJ3, STM32MP231CAK3, STM32MP231CAL3, STM32MP231DAJ3, STM32MP231DAK3, STM32MP231DAL3, STM32MP231FAJ3, STM32MP231FAK3, STM32MP231FAL3, STM32MP233AAJ3, STM32MP233AAK3, STM32MP233AAL3, STM32MP233CAJ3, STM32MP233CAK3, STM32MP233CAL3, STM32MP233DAJ3, STM32MP233DAK3, STM32MP233DAL3, STM32MP233FAJ3, STM32MP233FAK3, STM32MP233FAL3, STM32MP235AAJ3, STM32MP235AAK3, STM32MP235AAL3, STM32MP235CAJ3, STM32MP235CAK3, STM32MP235CAL3, STM32MP235DAJ3, STM32MP235DAK3, STM32MP235DAL3, STM32MP235FAJ3, STM32MP235FAK3, STM32MP235FAL3, STM32MP251AAI3, STM32MP251AAK3, STM32MP251AAL3, STM32MP251CAI3, STM32MP251CAK3, STM32MP251CAL3, STM32MP251DAI3, STM32MP251DAK3, STM32MP251DAL3, STM32MP251FAI3, STM32MP251FAK3, STM32MP251FAL3, STM32MP253AAI3, STM32MP253AAK3, STM32MP253AAL3, STM32MP253CAI3, STM32MP253CAK3, STM32MP253CAL3, STM32MP253DAI3, STM32MP253DAK3, STM32MP253DAL3, STM32MP253FAI3, STM32MP253FAK3, STM32MP253FAL3, STM32MP255AAI3, STM32MP255AAK3, STM32MP255AAL3, STM32MP255CAI3, STM32MP255CAK3, STM32MP255CAL3, STM32MP255DAI3, STM32MP255DAK3, STM32MP255DAL3, STM32MP255FAI3, STM32MP255FAK3, STM32MP255FAL3, STM32MP257AAI3, STM32MP257AAK3, STM32MP257AAL3, STM32MP257CAI3, STM32MP257CAK3, STM32MP257CAL3, STM32MP257DAI3, STM32MP257DAK3, STM32MP257DAL3, STM32MP257F-DK, STM32MP257F-EV1, STM32MP257FAI3, STM32MP257FAK3, STM32MP257FAL3, STM32N645A0H3Q, STM32N645B0H3Q, STM32N645I0H3Q, STM32N645L0H3Q, STM32N645X0H3Q, STM32N645Z0H3Q, STM32N647A0H3Q, STM32N647B0H3Q, STM32N647I0H3Q, STM32N647L0H3Q, STM32N647X0H3Q, STM32N647Z0H3Q, STM32N655A0H3Q, STM32N655B0H3Q, STM32N655I0H3Q, STM32N655L0H3Q, STM32N655X0H3Q, STM32N655Z0H3Q, STM32N6570-DK, STM32N657A0H3Q, STM32N657B0H3Q, STM32N657I0H3Q, STM32N657L0H3Q, STM32N657X0H3Q, STM32N657Z0H3Q, STM32U031C6T6, STM32U031C6U6, STM32U031C8T6, STM32U031C8U6, STM32U031F4P6, STM32U031F6P6, STM32U031F8P6, STM32U031G6Y6TR, STM32U031G8Y6TR, STM32U031K4U6, STM32U031K6U6, STM32U031K8U6, STM32U031R6I6, STM32U031R6T6, STM32U031R8I6, STM32U031R8T6, STM32U073C8T6, STM32U073C8U6, STM32U073CBT6, STM32U073CBU6, STM32U073CCT6, STM32U073CCU6, STM32U073H8Y6TR, STM32U073HBY6TR, STM32U073HCY6TR, STM32U073K8U6, STM32U073KBU6, STM32U073KCU6, STM32U073M8I6, STM32U073M8T6, STM32U073MBI6, STM32U073MBT6, STM32U073MCI6, STM32U073MCT6, STM32U073R8I6, STM32U073R8T6, STM32U073RBI6, STM32U073RBT6, STM32U073RCI6, STM32U073RCT6, STM32U083C-DK, STM32U083CCT6, STM32U083CCU6, STM32U083HCY6TR, STM32U083KCU6, STM32U083MCI6, STM32U083MCT6, STM32U083RCI6, STM32U083RCT6, STM32U375CET6, STM32U375CET6Q, STM32U375CEU6, STM32U375CEU6Q, STM32U375CEY6QTR, STM32U375CGT6, STM32U375CGT6Q, STM32U375CGU6, STM32U375CGU6Q, STM32U375CGY6QTR, STM32U375KEU6, STM32U375KGU6, STM32U375REI6, STM32U375REI6Q, STM32U375RET6, STM32U375RET6Q, STM32U375REY6GTR, STM32U375REY6QTR, STM32U375RGI6, STM32U375RGI6Q, STM32U375RGT6, STM32U375RGT6Q, STM32U375RGY6GTR, STM32U375RGY6QTR, STM32U375VEI6, STM32U375VEI6Q, STM32U375VET6, STM32U375VET6Q, STM32U375VGI6, STM32U375VGI6Q, STM32U375VGT6, STM32U375VGT6Q, STM32U385CGT6, STM32U385CGT6Q, STM32U385CGU6, STM32U385CGU6Q, STM32U385CGY6QTR, STM32U385KGU6, STM32U385RGI6, STM32U385RGI6Q, STM32U385RGT6, STM32U385RGT6Q, STM32U385RGY6GTR, STM32U385RGY6QTR, STM32U385VGI6, STM32U385VGI6Q, STM32U385VGT6, STM32U385VGT6Q, STM32U535CBT6, STM32U535CBT6Q, STM32U535CBU6, STM32U535CBU6Q, STM32U535CCT6, STM32U535CCT6Q, STM32U535CCU6, STM32U535CCU6Q, STM32U535CET6, STM32U535CET6Q, STM32U535CEU6, STM32U535CEU6Q, STM32U535JEY6QTR, STM32U535NCY6QTR, STM32U535NEY6QTR, STM32U535RBI6, STM32U535RBI6Q, STM32U535RBT6, STM32U535RBT6Q, STM32U535RCI6, STM32U535RCI6Q, STM32U535RCT6, STM32U535RCT6Q, STM32U535REI6, STM32U535REI6Q, STM32U535RET6, STM32U535RET6Q, STM32U535VCI6, STM32U535VCI6Q, STM32U535VCT6, STM32U535VCT6Q, STM32U535VEI6, STM32U535VEI6Q, STM32U535VET6, STM32U535VET6Q, STM32U545CET6, STM32U545CET6Q, STM32U545CEU6, STM32U545CEU6Q, STM32U545JEY6QTR, STM32U545NEY6QTR, STM32U545REI6, STM32U545REI6Q, STM32U545RET6, STM32U545RET6Q, STM32U545VEI6, STM32U545VEI6Q, STM32U545VET6, STM32U545VET6Q, STM32U595AIH6, STM32U595AIH6Q, STM32U595AJH6, STM32U595AJH6Q, STM32U595QII6, STM32U595QII6Q, STM32U595QJI6, STM32U595QJI6Q, STM32U595RIT6, STM32U595RIT6Q, STM32U595RJT6, STM32U595RJT6Q, STM32U595VIT6, STM32U595VIT6Q, STM32U595VJT6, STM32U595VJT6Q, STM32U595ZIT6, STM32U595ZIT6Q, STM32U595ZIY6QTR, STM32U595ZJT6, STM32U595ZJT6Q, STM32U595ZJY6QTR, STM32U599BJY6QTR, STM32U599NIH6Q, STM32U599NJH6Q, STM32U599VIT6Q, STM32U599VJT6, STM32U599VJT6Q, STM32U599ZIT6Q, STM32U599ZIY6QTR, STM32U599ZJT6Q, STM32U599ZJY6QTR, STM32U5A5AJH6, STM32U5A5AJH6Q, STM32U5A5QII3Q , STM32U5A5QJI6, STM32U5A5QJI6Q, STM32U5A5RJT6, STM32U5A5RJT6Q, STM32U5A5VJT6, STM32U5A5VJT6Q, STM32U5A5ZJT6, STM32U5A5ZJT6Q, STM32U5A5ZJY6QTR, STM32U5A9BJY6QTR, STM32U5A9J-DK, STM32U5A9NJH6Q, STM32U5A9VJT6Q, STM32U5A9ZJT6Q, STM32U5A9ZJY6QTR, STM32U5F7VIT6, STM32U5F7VIT6Q, STM32U5F7VJT6, STM32U5F7VJT6Q, STM32U5F9BJY6QTR, STM32U5F9NJH6Q, STM32U5F9VIT6Q, STM32U5F9VJT6Q, STM32U5F9ZIJ6QTR, STM32U5F9ZIT6Q, STM32U5F9ZJJ6QTR, STM32U5F9ZJT6Q, STM32U5G7VJT6, STM32U5G7VJT6Q, STM32U5G9BJY6QTR, STM32U5G9J-DK1, STM32U5G9J-DK2, STM32U5G9NJH6Q, STM32U5G9VJT6Q, STM32U5G9ZJJ6QTR, STM32U5G9ZJT6Q, STM32WB05KZV6TR, STM32WB05KZV7TR, STM32WB05TZF6TR, STM32WB05TZF7TR, STM32WB06CCF6TR, STM32WB06CCF7TR, STM32WB06CCV6TR, STM32WB06CCV7TR, STM32WB06KCV6TR, STM32WB06KCV7TR, STM32WB07CCF6TR, STM32WB07CCF7TR, STM32WB07CCV6TR, STM32WB07CCV7TR, STM32WB07KCV6TR, STM32WB07KCV7TR, STM32WB09KEV6TR, STM32WB09KEV7TR, STM32WB09TEF6TR, STM32WB09TEF7TR, STM32WB1MMCH6, STM32WBA50KGU6, STM32WBA50KGU6TR, STM32WBA52CEU6, STM32WBA52CEU6TR, STM32WBA52CEU7, STM32WBA52CEU7TR, STM32WBA52CGU6, STM32WBA52CGU6TR, STM32WBA52CGU6U, STM32WBA52CGU7, STM32WBA52CGU7TR, STM32WBA52KEU6, STM32WBA52KEU6TR, STM32WBA52KGU6, STM32WBA52KGU6TR, STM32WBA54CEU6, STM32WBA54CEU6TR, STM32WBA54CEU7, STM32WBA54CEU7TR, STM32WBA54CGU6, STM32WBA54CGU6TR, STM32WBA54CGU7, STM32WBA54CGU7TR, STM32WBA54KEU6, STM32WBA54KEU6TR, STM32WBA54KEU7, STM32WBA54KEU7TR, STM32WBA54KGU6, STM32WBA54KGU6TR, STM32WBA54KGU7, STM32WBA54KGU7TR, STM32WBA55CEU6, STM32WBA55CEU6TR, STM32WBA55CEU7, STM32WBA55CEU7TR, STM32WBA55CGU6, STM32WBA55CGU6TR, STM32WBA55CGU6U, STM32WBA55CGU7, STM32WBA55CGU7TR, STM32WBA55G-DK1, STM32WBA55HEF6, STM32WBA55HEF7, STM32WBA55HGF6, STM32WBA55HGF7, STM32WBA55UEI6, STM32WBA55UEI6TR, STM32WBA55UEI7, STM32WBA55UEI7TR, STM32WBA55UGI6, STM32WBA55UGI6TR, STM32WBA55UGI7, STM32WBA55UGI7TR, STM32WBA5MMGH6TR, STM32WBA62MGF6, STM32WBA62MIF6, STM32WBA65MGF7, STM32WBA65MIF6, STM32WBA65MIF7, STM32WL30K8V6, STM32WL30KBV6, STM32WL31C8V6, STM32WL31CBV6, STM32WL31K8V6, STM32WL31KBV6, STM32WL33C8V6, STM32WL33C8V6X, STM32WL33CBV6, STM32WL33CBV6X, STM32WL33CCV6, STM32WL33CCV6A, STM32WL33CCV6X, STM32WL33K8V7, STM32WL33K8V7X, STM32WL33KBV7 , STM32WL33KBV7X, STM32WL33KCV7, STM32WL33KCV7X, STM32WL5MOCH6, STM32WL5MOCH6TR]
2026-01-15 09:54:09,109 [INFO] DbMcus:218 - Found 4876 MCUs, 4876 are supported
2026-01-15 09:54:09,109 [INFO] ApiDb:423 - Load user favorites file C:\Users\Chinnapop/.stm32cubeide/favorites.mcus.txt: 0 item(s)
2026-01-15 09:54:09,110 [INFO] ApiDb:427 - User favorites MCUs=[]
2026-01-15 09:54:09,110 [INFO] DbMcus:224 - Set 0 / 0 favorites MCUs
2026-01-15 09:54:10,160 [INFO] BoardInfo:889 - No configuration file found for board P-NUCLEO-WB55
2026-01-15 09:54:10,163 [INFO] DbBoards:161 - Kit is not supported: P-NUCLEO-WB55
2026-01-15 09:54:10,175 [INFO] BoardInfo:889 - No configuration file found for board STEVAL-BFA001V1B
2026-01-15 09:54:10,177 [INFO] DbBoards:161 - Kit is not supported: STEVAL-BFA001V1B
2026-01-15 09:54:10,178 [INFO] BoardInfo:889 - No configuration file found for board STEVAL-BFA001V2B
2026-01-15 09:54:10,181 [INFO] DbBoards:161 - Kit is not supported: STEVAL-BFA001V2B
2026-01-15 09:54:10,570 [INFO] DbBoards:168 - Found 212 boards, 209 are supported
2026-01-15 09:54:10,570 [INFO] DbBoards:169 - Found 212 boards, 43 of them is supported for  Bsp
2026-01-15 09:54:10,577 [INFO] ApiDb:423 - Load user favorites file C:\Users\Chinnapop/.stm32cubeide/favorites.boards.txt: 0 item(s)
2026-01-15 09:54:10,577 [INFO] ApiDb:427 - User favorites Boards=[]
2026-01-15 09:54:10,578 [INFO] DbBoards:198 - Set 0 / 0 favorites Boards
2026-01-15 09:54:10,701 [INFO] UtilMem:75 - End LoadConfig() Used Memory: 671943944 Bytes (1073741824)
2026-01-15 09:54:11,170 [WARN] ThirdParty:833 - waiting for thirdparty lock release [change project]
2026-01-15 09:54:11,171 [INFO] ThirdParty:835 - entering critical section [change project]
2026-01-15 09:54:11,171 [INFO] ThirdParty:1030 - CMSIS Pack Vendor :STMicroelectronics X-CUBE-PM33A1 1.0.0
2026-01-15 09:54:11,171 [INFO] ThirdParty:1030 - CMSIS Pack Vendor :STMicroelectronics USBPD 4.1
2026-01-15 09:54:11,172 [INFO] ThirdParty:1030 - CMSIS Pack Vendor :STMicroelectronics USB_HOST 2.0.0
2026-01-15 09:54:11,172 [INFO] ThirdParty:1030 - CMSIS Pack Vendor :STMicroelectronics FP-SNS-MOTENVWB1 1.4.0
2026-01-15 09:54:11,172 [INFO] ThirdParty:1030 - CMSIS Pack Vendor :STMicroelectronics X-CUBE-AZRTOS-F4 1.1.0
2026-01-15 09:54:11,172 [INFO] ThirdParty:1030 - CMSIS Pack Vendor :STMicroelectronics LIBJPEG 8.0.0
2026-01-15 09:54:11,172 [INFO] ThirdParty:1030 - CMSIS Pack Vendor :STMicroelectronics FP-ATR-ASTRA1 2.0.2
2026-01-15 09:54:11,173 [INFO] ThirdParty:1030 - CMSIS Pack Vendor :STMicroelectronics FP-ATR-ASTRA1 2.0.1
2026-01-15 09:54:11,173 [INFO] ThirdParty:1030 - CMSIS Pack Vendor :Avnet-IotConnect X-CUBE-IoTC-DA16k-PMOD 1.0.0
2026-01-15 09:54:11,173 [INFO] ThirdParty:1030 - CMSIS Pack Vendor :STMicroelectronics X-CUBE-SMBUS 2.1.0
2026-01-15 09:54:11,173 [INFO] ThirdParty:1030 - CMSIS Pack Vendor :STMicroelectronics X-CUBE-WB05N 1.1.0
2026-01-15 09:54:11,173 [INFO] ThirdParty:1030 - CMSIS Pack Vendor :STMicroelectronics X-CUBE-ISPU 2.1.0
2026-01-15 09:54:11,173 [INFO] ThirdParty:1030 - CMSIS Pack Vendor :STMicroelectronics X-CUBE-IPS 3.2.0
2026-01-15 09:54:11,173 [INFO] ThirdParty:1030 - CMSIS Pack Vendor :STMicroelectronics X-CUBE-FREERTOS 1.2.0
2026-01-15 09:54:11,173 [INFO] ThirdParty:1030 - CMSIS Pack Vendor :STMicroelectronics X-CUBE-ST60 1.0.0
2026-01-15 09:54:11,173 [INFO] ThirdParty:1030 - CMSIS Pack Vendor :STMicroelectronics X-CUBE-NFC12 1.0.0
2026-01-15 09:54:11,173 [INFO] ThirdParty:1030 - CMSIS Pack Vendor :STMicroelectronics X-CUBE-AZRTOS-F7 1.1.0
2026-01-15 09:54:11,173 [INFO] ThirdParty:1030 - CMSIS Pack Vendor :STMicroelectronics X-CUBE-AZRTOS-L5 2.0.0
2026-01-15 09:54:11,173 [INFO] ThirdParty:1030 - CMSIS Pack Vendor :STMicroelectronics USB_DEVICE 2.0.0
2026-01-15 09:54:11,173 [INFO] ThirdParty:1030 - CMSIS Pack Vendor :STMicroelectronics X-CUBE-NFC6 3.1.0
2026-01-15 09:54:11,174 [INFO] ThirdParty:1030 - CMSIS Pack Vendor :STMicroelectronics X-CUBE-MEMS1 11.0.0
2026-01-15 09:54:11,174 [INFO] ThirdParty:1030 - CMSIS Pack Vendor :STMicroelectronics FP-SNS-MOTENV1 5.1.0
2026-01-15 09:54:11,174 [INFO] ThirdParty:1030 - CMSIS Pack Vendor :STMicroelectronics FreeRTOS 0.0.1
2026-01-15 09:54:11,174 [INFO] ThirdParty:1030 - CMSIS Pack Vendor :STMicroelectronics X-CUBE-DPower 1.2.0
2026-01-15 09:54:11,174 [INFO] ThirdParty:1030 - CMSIS Pack Vendor :STMicroelectronics FP-SNS-FLIGHT1 5.0.2
2026-01-15 09:54:11,174 [INFO] ThirdParty:1030 - CMSIS Pack Vendor :STMicroelectronics PDM2PCM 3.3.0
2026-01-15 09:54:11,174 [INFO] ThirdParty:1030 - CMSIS Pack Vendor :STMicroelectronics X-CUBE-AZRTOS-H7 3.4.0
2026-01-15 09:54:11,174 [INFO] ThirdParty:1030 - CMSIS Pack Vendor :STMicroelectronics X-CUBE-DISPLAY 3.0.0
2026-01-15 09:54:11,174 [INFO] ThirdParty:1030 - CMSIS Pack Vendor :STMicroelectronics X-CUBE-BLE1 7.0.0
2026-01-15 09:54:11,174 [INFO] ThirdParty:1030 - CMSIS Pack Vendor :STMicroelectronics X-CUBE-NFC10 1.0.0
2026-01-15 09:54:11,174 [INFO] ThirdParty:1030 - CMSIS Pack Vendor :STMicroelectronics X-CUBE-BLEMGR 4.0.0
2026-01-15 09:54:11,175 [INFO] ThirdParty:1030 - CMSIS Pack Vendor :STMicroelectronics X-CUBE-FREERTOS 1.3.1
2026-01-15 09:54:11,175 [INFO] ThirdParty:1030 - CMSIS Pack Vendor :STMicroelectronics HAL Drivers 0.0.0
2026-01-15 09:54:11,175 [INFO] ThirdParty:1030 - CMSIS Pack Vendor :STMicroelectronics X-CUBE-ST60 1.1.0
2026-01-15 09:54:11,175 [INFO] ThirdParty:1030 - CMSIS Pack Vendor :emotas I-CUBE-CANOPEN 1.3.0
2026-01-15 09:54:11,175 [INFO] ThirdParty:1030 - CMSIS Pack Vendor :STMicroelectronics X-CUBE-FREERTOS 1.3.0
2026-01-15 09:54:11,175 [INFO] ThirdParty:1030 - CMSIS Pack Vendor :STMicroelectronics X-CUBE-NFC7 1.0.1
2026-01-15 09:54:11,175 [INFO] ThirdParty:1030 - CMSIS Pack Vendor :STMicroelectronics MBEDTLS 2.14.1
2026-01-15 09:54:11,175 [INFO] ThirdParty:1030 - CMSIS Pack Vendor :STMicroelectronics X-CUBE-GNSS1 7.1.0
2026-01-15 09:54:11,175 [INFO] ThirdParty:1030 - CMSIS Pack Vendor :STMicroelectronics X-CUBE-TOUCHGFX 4.26.0
2026-01-15 09:54:11,175 [INFO] ThirdParty:1030 - CMSIS Pack Vendor :STMicroelectronics X-CUBE-BLEMGR 3.1.0
2026-01-15 09:54:11,175 [INFO] ThirdParty:1030 - CMSIS Pack Vendor :STMicroelectronics X-CUBE-AI 10.0.0
2026-01-15 09:54:11,176 [INFO] ThirdParty:1030 - CMSIS Pack Vendor :STMicroelectronics FP-SNS-STBOX1 2.1.0
2026-01-15 09:54:11,176 [INFO] ThirdParty:1030 - CMSIS Pack Vendor :STMicroelectronics FP-SNS-STAIOTCFT 1.0.0
2026-01-15 09:54:11,176 [INFO] ThirdParty:1030 - CMSIS Pack Vendor :STMicroelectronics FP-SNS-SMARTAG2 1.2.0
2026-01-15 09:54:11,176 [INFO] ThirdParty:1030 - CMSIS Pack Vendor :STMicroelectronics FP-SNS-FLIGHT1 5.1.0
2026-01-15 09:54:11,176 [INFO] ThirdParty:1030 - CMSIS Pack Vendor :STMicroelectronics X-CUBE-MEMS1 11.1.0
2026-01-15 09:54:11,176 [INFO] ThirdParty:1030 - CMSIS Pack Vendor :STMicroelectronics X-CUBE-AZRTOS-WL 2.0.0
2026-01-15 09:54:11,176 [INFO] ThirdParty:1030 - CMSIS Pack Vendor :STMicroelectronics X-CUBE-DPower 1.3.0
2026-01-15 09:54:11,176 [INFO] ThirdParty:1030 - CMSIS Pack Vendor :STMicroelectronics FP-SNS-MOTENV1 5.0.0
2026-01-15 09:54:11,176 [INFO] ThirdParty:1030 - CMSIS Pack Vendor :STMicroelectronics USB_DEVICE 1.0.0
2026-01-15 09:54:11,177 [INFO] ThirdParty:1030 - CMSIS Pack Vendor :STMicroelectronics X-CUBE-AZRTOS-H7RS 1.2.0
2026-01-15 09:54:11,177 [INFO] ThirdParty:1030 - CMSIS Pack Vendor :wolfSSL I-CUBE-wolfMQTT 1.19.0
2026-01-15 09:54:11,177 [INFO] ThirdParty:1030 - CMSIS Pack Vendor :STMicroelectronics X-CUBE-AZRTOS-L4 2.0.0
2026-01-15 09:54:11,177 [INFO] ThirdParty:1030 - CMSIS Pack Vendor :STMicroelectronics ThreadX 0.0.2
2026-01-15 09:54:11,177 [INFO] ThirdParty:1030 - CMSIS Pack Vendor :WES I-CUBE-Cesium 1.3.0
2026-01-15 09:54:11,177 [INFO] ThirdParty:1030 - CMSIS Pack Vendor :STMicroelectronics lwIP 2.1.2
2026-01-15 09:54:11,177 [INFO] ThirdParty:1030 - CMSIS Pack Vendor :STMicroelectronics X-CUBE-SFXS2LP1 4.0.0
2026-01-15 09:54:11,177 [INFO] ThirdParty:1030 - CMSIS Pack Vendor :STMicroelectronics X-CUBE-BLE2 3.3.0
2026-01-15 09:54:11,177 [INFO] ThirdParty:1030 - CMSIS Pack Vendor :STMicroelectronics PDM2PCM 3.2.0
2026-01-15 09:54:11,178 [INFO] ThirdParty:1030 - CMSIS Pack Vendor :STMicroelectronics X-CUBE-AZRTOS-H7 3.3.0
2026-01-15 09:54:11,178 [INFO] ThirdParty:1030 - CMSIS Pack Vendor :STMicroelectronics X-CUBE-NFC9 1.0.0
2026-01-15 09:54:11,178 [INFO] ThirdParty:1030 - CMSIS Pack Vendor :STMicroelectronics X-CUBE-BLE1 7.1.0
2026-01-15 09:54:11,178 [INFO] ThirdParty:1030 - CMSIS Pack Vendor :STMicroelectronics USB_DEVICE 3.0.0
2026-01-15 09:54:11,178 [INFO] ThirdParty:1030 - CMSIS Pack Vendor :STMicroelectronics X-CUBE-TCPP 4.1.0
2026-01-15 09:54:11,178 [INFO] ThirdParty:1030 - CMSIS Pack Vendor :STMicroelectronics X-CUBE-FREERTOS 1.4.0
2026-01-15 09:54:11,178 [INFO] ThirdParty:1030 - CMSIS Pack Vendor :STMicroelectronics X-CUBE-EEPRMA1 5.2.0
2026-01-15 09:54:11,178 [INFO] ThirdParty:1030 - CMSIS Pack Vendor :STMicroelectronics X-CUBE-BLEMGR 4.1.0
2026-01-15 09:54:11,178 [INFO] ThirdParty:1030 - CMSIS Pack Vendor :STMicroelectronics X-CUBE-IPS 3.0.0
2026-01-15 09:54:11,178 [INFO] ThirdParty:1030 - CMSIS Pack Vendor :STMicroelectronics X-CUBE-AZRTOS-WB 2.0.0
2026-01-15 09:54:11,178 [INFO] ThirdParty:1030 - CMSIS Pack Vendor :STMicroelectronics X-CUBE-GNSS1 7.0.0
2026-01-15 09:54:11,179 [INFO] ThirdParty:1030 - CMSIS Pack Vendor :STMicroelectronics X-CUBE-GNSS1 7.0.1
2026-01-15 09:54:11,179 [INFO] ThirdParty:1030 - CMSIS Pack Vendor :STMicroelectronics X-CUBE-TOUCHGFX 4.25.0
2026-01-15 09:54:11,179 [INFO] ThirdParty:1030 - CMSIS Pack Vendor :STMicroelectronics X-CUBE-ST67W61 1.1.0
2026-01-15 09:54:11,179 [INFO] ThirdParty:1030 - CMSIS Pack Vendor :STMicroelectronics X-CUBE-AI 10.1.0
2026-01-15 09:54:11,179 [INFO] ThirdParty:1030 - CMSIS Pack Vendor :STMicroelectronics FP-SNS-STBOX1 2.0.0
2026-01-15 09:54:11,179 [INFO] ThirdParty:1030 - CMSIS Pack Vendor :STMicroelectronics X-CUBE-MEMS1 12.0.0
2026-01-15 09:54:11,179 [INFO] ThirdParty:1030 - CMSIS Pack Vendor :STMicroelectronics X-CUBE-MEMS1 11.2.0
2026-01-15 09:54:11,179 [INFO] ThirdParty:1030 - CMSIS Pack Vendor :STMicroelectronics X-CUBE-AZRTOS-G0 1.1.0
2026-01-15 09:54:11,179 [INFO] ThirdParty:1030 - CMSIS Pack Vendor :STMicroelectronics X-CUBE-SAFEA1 1.2.2
2026-01-15 09:54:11,179 [INFO] ThirdParty:1030 - CMSIS Pack Vendor :STMicroelectronics X-CUBE-NFC4 3.0.0
2026-01-15 09:54:11,180 [INFO] ThirdParty:1030 - CMSIS Pack Vendor :STMicroelectronics X-CUBE-SUBG2 5.0.0
2026-01-15 09:54:11,180 [INFO] ThirdParty:1030 - CMSIS Pack Vendor :STMicroelectronics X-CUBE-AZRTOS-H7RS 1.1.0
2026-01-15 09:54:11,180 [INFO] ThirdParty:1030 - CMSIS Pack Vendor :STMicroelectronics STM32_WPAN 1.0.0
2026-01-15 09:54:11,180 [INFO] ThirdParty:1030 - CMSIS Pack Vendor :EmbeddedOffice I-CUBE-FS-RTOS 1.0.1
2026-01-15 09:54:11,180 [INFO] ThirdParty:1030 - CMSIS Pack Vendor :STMicroelectronics lwIP 2.0.3
2026-01-15 09:54:11,180 [INFO] ThirdParty:1030 - CMSIS Pack Vendor :Cesanta I-CUBE-Mongoose 7.13.0
2026-01-15 09:54:11,181 [INFO] ThirdParty:1030 - CMSIS Pack Vendor :STMicroelectronics USB_HOST 1.0.0
2026-01-15 09:54:11,181 [INFO] ThirdParty:1030 - CMSIS Pack Vendor :STMicroelectronics X-CUBE-AZRTOS-G4 2.0.0
2026-01-15 09:54:11,181 [INFO] ThirdParty:1030 - CMSIS Pack Vendor :STMicroelectronics X-CUBE-WB05N 2.0.0
2026-01-15 09:54:11,181 [INFO] ThirdParty:1030 - CMSIS Pack Vendor :STMicroelectronics PDM2PCM 3.1.0
2026-01-15 09:54:11,181 [INFO] ThirdParty:1030 - CMSIS Pack Vendor :STMicroelectronics X-CUBE-NFC7 2.0.0
2026-01-15 09:54:11,181 [INFO] ThirdParty:1030 - CMSIS Pack Vendor :STMicroelectronics X-CUBE-TCPP 4.2.0
2026-01-15 09:54:11,181 [INFO] ThirdParty:1030 - CMSIS Pack Vendor :RealThread X-CUBE-RT-Thread_Nano 4.1.1
2026-01-15 09:54:11,181 [INFO] ThirdParty:1030 - CMSIS Pack Vendor :STMicroelectronics FP-ATR-SIGFOX1 3.2.0
2026-01-15 09:54:11,181 [INFO] ThirdParty:1030 - CMSIS Pack Vendor :quantropi X-CUBE-qispace-sdk-base 1.9.3
2026-01-15 09:54:11,181 [INFO] ThirdParty:1030 - CMSIS Pack Vendor :STMicroelectronics X-CUBE-EEPRMA1 5.1.0
2026-01-15 09:54:11,181 [INFO] ThirdParty:1030 - CMSIS Pack Vendor :STMicroelectronics MBEDTLS 2.16.2
2026-01-15 09:54:11,181 [INFO] ThirdParty:1030 - CMSIS Pack Vendor :STMicroelectronics X-CUBE-IPS 3.1.0
2026-01-15 09:54:11,181 [INFO] ThirdParty:1030 - CMSIS Pack Vendor :STMicroelectronics X-CUBE-ALS 1.0.2
2026-01-15 09:54:11,181 [INFO] ThirdParty:1030 - CMSIS Pack Vendor :wolfSSL I-CUBE-wolfSSL 5.7.4
2026-01-15 09:54:11,181 [INFO] ThirdParty:1030 - CMSIS Pack Vendor :ITTIA_DB I-CUBE-ITTIADB 8.9.0
2026-01-15 09:54:11,181 [INFO] ThirdParty:1030 - CMSIS Pack Vendor :STMicroelectronics X-CUBE-TOUCHGFX 4.24.2
2026-01-15 09:54:11,182 [INFO] ThirdParty:1030 - CMSIS Pack Vendor :STMicroelectronics X-CUBE-TOUCHGFX 4.24.1
2026-01-15 09:54:11,182 [INFO] ThirdParty:1030 - CMSIS Pack Vendor :STMicroelectronics X-CUBE-STSE01 1.0.0
2026-01-15 09:54:11,182 [INFO] ThirdParty:1030 - CMSIS Pack Vendor :wolfSSL I-CUBE-wolfTPM 3.4.0
2026-01-15 09:54:11,182 [INFO] ThirdParty:1030 - CMSIS Pack Vendor :portGmbH I-Cube-SoM-uGOAL 1.1.0
2026-01-15 09:54:11,182 [INFO] ThirdParty:1030 - CMSIS Pack Vendor :STMicroelectronics X-CUBE-ST67W61 1.0.0
2026-01-15 09:54:11,182 [INFO] ThirdParty:1030 - CMSIS Pack Vendor :STMicroelectronics X-CUBE-AI 10.2.0
2026-01-15 09:54:11,182 [INFO] ThirdParty:1030 - CMSIS Pack Vendor :STMicroelectronics ThreadX 1.0.0
2026-01-15 09:54:11,182 [INFO] ThirdParty:1030 - CMSIS Pack Vendor :SEGGER I-CUBE-embOS 1.3.1
2026-01-15 09:54:11,182 [INFO] ThirdParty:1030 - CMSIS Pack Vendor :STMicroelectronics X-CUBE-ALGOBUILD 1.4.0
2026-01-15 09:54:11,182 [INFO] ThirdParty:1030 - CMSIS Pack Vendor :STMicroelectronics X-CUBE-MEMS1 11.3.0
2026-01-15 09:54:11,182 [INFO] ThirdParty:1030 - CMSIS Pack Vendor :STMicroelectronics X-CUBE-AZRTOS-H7RS 1.0.0
2026-01-15 09:54:11,183 [INFO] ThirdParty:1030 - CMSIS Pack Vendor :STMicroelectronics FP-ATR-ASTRA1 2.0.0
2026-01-15 09:54:11,183 [INFO] ThirdParty:1030 - CMSIS Pack Vendor :STMicroelectronics X-CUBE-TOF1 3.4.2
2026-01-15 09:54:11,183 [INFO] ThirdParty:1030 - CMSIS Pack Vendor :STMicroelectronics X-CUBE-TOF1 3.4.3
2026-01-15 09:54:11,183 [INFO] ThirdParty:1030 - CMSIS Pack Vendor :STMicroelectronics X-CUBE-AI 9.1.0
2026-01-15 09:54:11,183 [INFO] ThirdParty:1030 - CMSIS Pack Vendor :Infineon AIROC-Wi-Fi-Bluetooth-STM32 1.6.1
2026-01-15 09:54:11,183 [INFO] ThirdParty:1030 - CMSIS Pack Vendor :wolfSSL I-CUBE-wolfSSH 1.4.17
2026-01-15 09:54:11,184 [INFO] ThirdParty:841 - exiting critical section [change project]
2026-01-15 09:54:12,712 [INFO] PinOutPanel:1589 - setPackage(No Configuration,No Configuration)
2026-01-15 09:54:12,720 [INFO] PinOutPanel:1589 - setPackage(STM32F767ZITx,LQFP144)
2026-01-15 09:54:14,727 [INFO] UtilMem:75 - Before build in PCC Used Memory: 828899328 Bytes (1073741824)
2026-01-15 09:54:17,684 [INFO] UtilMem:75 - After build in PCC Used Memory: 892340224 Bytes (1073741824)
2026-01-15 09:54:18,126 [INFO] ApiDbMcu:532 - Load IP Config File for FREERTOS
2026-01-15 09:54:18,205 [INFO] ApiDbMcu:532 - Load IP Config File for LWIP
2026-01-15 09:54:18,208 [WARN] BspModel:444 - BSP dependency skipped because of component: name='USER_PHY', api='Unknown'
2026-01-15 09:54:18,292 [INFO] IPUIPlugin:80 - create IPUIPlugin
2026-01-15 09:54:18,292 [INFO] IPUIPlugin:80 - create IPUIPlugin
2026-01-15 09:54:18,292 [INFO] IPUIPlugin:80 - create IPUIPlugin
2026-01-15 09:54:18,292 [INFO] IPUIPlugin:80 - create IPUIPlugin
2026-01-15 09:54:18,292 [INFO] IPUIPlugin:80 - create IPUIPlugin
2026-01-15 09:54:18,292 [INFO] IPUIPlugin:80 - create IPUIPlugin
2026-01-15 09:54:18,292 [INFO] IPUIPlugin:80 - create IPUIPlugin
2026-01-15 09:54:18,292 [INFO] IPUIPlugin:80 - create IPUIPlugin
2026-01-15 09:54:18,292 [INFO] IPUIPlugin:80 - create IPUIPlugin
2026-01-15 09:54:18,293 [INFO] IPUIPlugin:80 - create IPUIPlugin
2026-01-15 09:54:18,293 [INFO] IPUIPlugin:80 - create IPUIPlugin
2026-01-15 09:54:18,293 [INFO] IPUIPlugin:80 - create IPUIPlugin
2026-01-15 09:54:18,294 [INFO] IPUIPlugin:80 - create IPUIPlugin
2026-01-15 09:54:18,294 [INFO] IPUIPlugin:80 - create IPUIPlugin
2026-01-15 09:54:18,294 [INFO] IPUIPlugin:80 - create IPUIPlugin
2026-01-15 09:54:18,294 [INFO] IPUIPlugin:80 - create IPUIPlugin
2026-01-15 09:54:18,294 [INFO] IPUIPlugin:80 - create IPUIPlugin
2026-01-15 09:54:18,295 [INFO] IPUIPlugin:80 - create IPUIPlugin
2026-01-15 09:54:18,295 [INFO] IPUIPlugin:80 - create IPUIPlugin
2026-01-15 09:54:18,295 [INFO] IPUIPlugin:80 - create IPUIPlugin
2026-01-15 09:54:18,295 [INFO] IPUIPlugin:80 - create IPUIPlugin
2026-01-15 09:54:18,295 [INFO] IPUIPlugin:80 - create IPUIPlugin
2026-01-15 09:54:18,295 [INFO] IPUIPlugin:80 - create IPUIPlugin
2026-01-15 09:54:18,295 [INFO] IPUIPlugin:80 - create IPUIPlugin
2026-01-15 09:54:18,296 [INFO] IPUIPlugin:80 - create IPUIPlugin
2026-01-15 09:54:18,296 [INFO] IPUIPlugin:80 - create IPUIPlugin
2026-01-15 09:54:18,296 [INFO] IPUIPlugin:80 - create IPUIPlugin
2026-01-15 09:54:18,296 [INFO] IPUIPlugin:80 - create IPUIPlugin
2026-01-15 09:54:18,297 [INFO] IPUIPlugin:80 - create IPUIPlugin
2026-01-15 09:54:18,297 [INFO] IPUIPlugin:80 - create IPUIPlugin
2026-01-15 09:54:18,297 [INFO] IPUIPlugin:80 - create IPUIPlugin
2026-01-15 09:54:18,297 [INFO] IPUIPlugin:80 - create IPUIPlugin
2026-01-15 09:54:18,298 [INFO] IPUIPlugin:80 - create IPUIPlugin
2026-01-15 09:54:18,298 [INFO] IPUIPlugin:80 - create IPUIPlugin
2026-01-15 09:54:18,298 [INFO] IPUIPlugin:80 - create IPUIPlugin
2026-01-15 09:54:18,298 [INFO] IPUIPlugin:80 - create IPUIPlugin
2026-01-15 09:54:18,298 [INFO] IPUIPlugin:80 - create IPUIPlugin
2026-01-15 09:54:18,300 [INFO] IPUIPlugin:80 - create IPUIPlugin
2026-01-15 09:54:18,300 [INFO] IPUIPlugin:80 - create IPUIPlugin
2026-01-15 09:54:18,300 [INFO] IPUIPlugin:80 - create IPUIPlugin
2026-01-15 09:54:18,300 [INFO] IPUIPlugin:80 - create IPUIPlugin
2026-01-15 09:54:18,300 [INFO] IPUIPlugin:80 - create IPUIPlugin
2026-01-15 09:54:18,301 [INFO] IPUIPlugin:80 - create IPUIPlugin
2026-01-15 09:54:18,301 [INFO] IPUIPlugin:80 - create IPUIPlugin
2026-01-15 09:54:18,302 [INFO] IPUIPlugin:80 - create IPUIPlugin
2026-01-15 09:54:18,302 [INFO] IPUIPlugin:80 - create IPUIPlugin
2026-01-15 09:54:18,302 [INFO] IPUIPlugin:80 - create IPUIPlugin
2026-01-15 09:54:18,303 [INFO] IPUIPlugin:80 - create IPUIPlugin
2026-01-15 09:54:18,303 [INFO] IPUIPlugin:80 - create IPUIPlugin
2026-01-15 09:54:18,303 [INFO] IPUIPlugin:80 - create IPUIPlugin
2026-01-15 09:54:18,304 [INFO] IPUIPlugin:80 - create IPUIPlugin
2026-01-15 09:54:18,304 [INFO] IPUIPlugin:80 - create IPUIPlugin
2026-01-15 09:54:18,304 [INFO] IPUIPlugin:80 - create IPUIPlugin
2026-01-15 09:54:18,305 [INFO] IPUIPlugin:80 - create IPUIPlugin
2026-01-15 09:54:18,305 [INFO] IPUIPlugin:80 - create IPUIPlugin
2026-01-15 09:54:18,305 [INFO] IPUIPlugin:80 - create IPUIPlugin
2026-01-15 09:54:18,306 [INFO] IPUIPlugin:80 - create IPUIPlugin
2026-01-15 09:54:18,306 [INFO] IPUIPlugin:80 - create IPUIPlugin
2026-01-15 09:54:18,306 [INFO] IPUIPlugin:80 - create IPUIPlugin
2026-01-15 09:54:18,307 [INFO] IPUIPlugin:80 - create IPUIPlugin
2026-01-15 09:54:18,307 [INFO] IPUIPlugin:80 - create IPUIPlugin
2026-01-15 09:54:18,307 [INFO] IPUIPlugin:80 - create IPUIPlugin
2026-01-15 09:54:18,308 [INFO] IPUIPlugin:80 - create IPUIPlugin
2026-01-15 09:54:18,308 [INFO] IPUIPlugin:80 - create IPUIPlugin
2026-01-15 09:54:18,308 [INFO] IPUIPlugin:80 - create IPUIPlugin
2026-01-15 09:54:18,308 [INFO] IPUIPlugin:80 - create IPUIPlugin
2026-01-15 09:54:18,310 [INFO] IPUIPlugin:80 - create IPUIPlugin
2026-01-15 09:54:18,310 [INFO] IPUIPlugin:80 - create IPUIPlugin
2026-01-15 09:54:18,310 [INFO] IPUIPlugin:80 - create IPUIPlugin
2026-01-15 09:54:18,311 [INFO] IPUIPlugin:80 - create IPUIPlugin
2026-01-15 09:54:18,311 [INFO] IPUIPlugin:80 - create IPUIPlugin
2026-01-15 09:54:18,311 [INFO] IPUIPlugin:80 - create IPUIPlugin
2026-01-15 09:54:18,313 [INFO] IPUIPlugin:80 - create IPUIPlugin
2026-01-15 09:54:18,313 [INFO] IPUIPlugin:80 - create IPUIPlugin
2026-01-15 09:54:18,314 [INFO] IPUIPlugin:80 - create IPUIPlugin
2026-01-15 09:54:18,315 [INFO] IPUIPlugin:80 - create IPUIPlugin
2026-01-15 09:54:18,316 [INFO] IPUIPlugin:80 - create IPUIPlugin
2026-01-15 09:54:18,316 [INFO] IPUIPlugin:80 - create IPUIPlugin
2026-01-15 09:54:18,317 [INFO] IPUIPlugin:80 - create IPUIPlugin
2026-01-15 09:54:18,400 [INFO] ApiDbMcu:532 - Load IP Config File for PDM2PCM
2026-01-15 09:54:18,502 [WARN] FreeRTOS:1023 - Null or empty value: should not occur! (nothing added to the table)
2026-01-15 09:54:18,512 [WARN] IP:2250 - LWIP_NETIF_HOSTNAME_NAME not found: check if there is a RefParameter without a condition.
2026-01-15 09:54:18,535 [WARN] IP:2250 - LWIP_NETIF_HOSTNAME_NAME not found: check if there is a RefParameter without a condition.
2026-01-15 09:54:19,289 [INFO] CADModel:165 - CPN selected for project levelSTM32F767ZIT6
2026-01-15 09:54:19,290 [INFO] CADModel:114 - Register for checkConnection events
2026-01-15 09:54:19,295 [INFO] RtosManager:728 - Active RTOS found at IOC load: FREERTOS [Cortex-M7NS]
2026-01-15 09:54:19,442 [INFO] OpenFileManager:386 - Restore cursor
2026-01-15 09:54:19,888 [WARN] IP:2250 - LWIP_NETIF_HOSTNAME_NAME not found: check if there is a RefParameter without a condition.
2026-01-15 09:54:19,934 [WARN] IP:2250 - LWIP_NETIF_HOSTNAME_NAME not found: check if there is a RefParameter without a condition.
2026-01-15 09:54:20,082 [WARN] IP:2250 - Warning not found: check if there is a RefParameter without a condition.
2026-01-15 09:54:20,082 [WARN] IP:2250 - RxBufferAddress not found: check if there is a RefParameter without a condition.
2026-01-15 09:54:20,082 [WARN] IP:2250 - DESC_SIZE_UNIT not found: check if there is a RefParameter without a condition.
2026-01-15 09:54:20,083 [WARN] IP:2250 - Warning not found: check if there is a RefParameter without a condition.
2026-01-15 09:54:20,084 [WARN] IP:2250 - RxBufferAddress not found: check if there is a RefParameter without a condition.
2026-01-15 09:54:20,084 [WARN] IP:2250 - DESC_SIZE_UNIT not found: check if there is a RefParameter without a condition.
2026-01-15 09:54:56,110 [WARN] BspModel:444 - BSP dependency skipped because of component: name='USER_PHY', api='Unknown'
2026-01-15 09:54:57,507 [WARN] BspModel:444 - BSP dependency skipped because of component: name='USER_PHY', api='Unknown'
2026-01-15 09:55:12,415 [WARN] BspModel:444 - BSP dependency skipped because of component: name='USER_PHY', api='Unknown'
2026-01-15 09:55:12,586 [WARN] BspModel:444 - BSP dependency skipped because of component: name='USER_PHY', api='Unknown'
2026-01-15 09:55:12,823 [WARN] IP:2250 - LWIP_NETIF_HOSTNAME_NAME not found: check if there is a RefParameter without a condition.
2026-01-15 09:55:12,891 [WARN] IP:2250 - LWIP_NETIF_HOSTNAME_NAME not found: check if there is a RefParameter without a condition.
2026-01-15 09:55:13,036 [WARN] IP:2250 - Warning not found: check if there is a RefParameter without a condition.
2026-01-15 09:55:13,038 [WARN] IP:2250 - RxBufferAddress not found: check if there is a RefParameter without a condition.
2026-01-15 09:55:13,038 [WARN] IP:2250 - DESC_SIZE_UNIT not found: check if there is a RefParameter without a condition.
2026-01-15 09:55:13,039 [WARN] IP:2250 - Warning not found: check if there is a RefParameter without a condition.
2026-01-15 09:55:13,039 [WARN] IP:2250 - RxBufferAddress not found: check if there is a RefParameter without a condition.
2026-01-15 09:55:13,039 [WARN] IP:2250 - DESC_SIZE_UNIT not found: check if there is a RefParameter without a condition.
2026-01-15 09:55:25,068 [INFO] UtilMem:75 - End SaveConfig() Used Memory: 673345224 Bytes (1073741824)
2026-01-15 09:55:28,447 [INFO] UtilMem:75 - End SaveConfig() Used Memory: 869431584 Bytes (1073741824)
2026-01-15 09:55:29,952 [INFO] BlockDiagram:2775 - set Specific Code input for plugin: FREERTOS
2026-01-15 09:55:29,953 [INFO] BlockDiagram:2775 - set Specific Code input for plugin: SYS
2026-01-15 09:55:29,953 [INFO] BlockDiagram:2775 - set Specific Code input for plugin: RCC
2026-01-15 09:55:29,954 [INFO] BlockDiagram:2775 - set Specific Code input for plugin: NVIC
2026-01-15 09:55:29,954 [INFO] BlockDiagram:2775 - set Specific Code input for plugin: LWIP
2026-01-15 09:55:29,955 [INFO] BlockDiagram:2775 - set Specific Code input for plugin: USART
2026-01-15 09:55:29,955 [INFO] BlockDiagram:2775 - set Specific Code input for plugin: USART
2026-01-15 09:55:29,955 [INFO] BlockDiagram:2775 - set Specific Code input for plugin: CORTEX_M7
2026-01-15 09:55:29,957 [INFO] BlockDiagram:2775 - set Specific Code input for plugin: GPIO
2026-01-15 09:55:29,957 [INFO] BlockDiagram:2775 - set Specific Code input for plugin: ETH
2026-01-15 09:55:29,960 [INFO] CodeGenerator:892 - code generatio: config db path: C:/Users/Chinnapop/.stm32cubemx/databases/DB.6.0.141/db/
2026-01-15 09:55:29,993 [WARN] IP:2250 - Warning not found: check if there is a RefParameter without a condition.
2026-01-15 09:55:29,995 [WARN] IP:2250 - RxBufferAddress not found: check if there is a RefParameter without a condition.
2026-01-15 09:55:29,995 [WARN] IP:2250 - DESC_SIZE_UNIT not found: check if there is a RefParameter without a condition.
2026-01-15 09:55:30,038 [WARN] IP:2250 - LWIP_NETIF_HOSTNAME_NAME not found: check if there is a RefParameter without a condition.
2026-01-15 09:55:30,548 [INFO] CodeEngine:265 - oldGeneratedFile, C:\Users\Chinnapop\STM32CubeIDE\workspace\CKB-LwIP-FreeRTOS-UDP-Echo-Server\MXTmpFiles\license.tmp_save
2026-01-15 09:55:32,443 [INFO] CodeEngine:289 - Generated code: C:\Users\Chinnapop\STM32CubeIDE\workspace\CKB-LwIP-FreeRTOS-UDP-Echo-Server\MXTmpFiles\license.tmp
2026-01-15 09:55:32,954 [INFO] CodeEngine:265 - oldGeneratedFile, C:\Users\Chinnapop\STM32CubeIDE\workspace\CKB-LwIP-FreeRTOS-UDP-Echo-Server\Core\Src\gpio.c_save
2026-01-15 09:55:33,431 [INFO] CodeEngine:289 - Generated code: C:\Users\Chinnapop\STM32CubeIDE\workspace\CKB-LwIP-FreeRTOS-UDP-Echo-Server\Core\Src\gpio.c
2026-01-15 09:55:33,458 [INFO] CodeEngine:265 - oldGeneratedFile, C:\Users\Chinnapop\STM32CubeIDE\workspace\CKB-LwIP-FreeRTOS-UDP-Echo-Server\Core\Inc\gpio.h_save
2026-01-15 09:55:33,738 [INFO] CodeEngine:289 - Generated code: C:\Users\Chinnapop\STM32CubeIDE\workspace\CKB-LwIP-FreeRTOS-UDP-Echo-Server\Core\Inc\gpio.h
2026-01-15 09:55:34,140 [INFO] CodeEngine:265 - oldGeneratedFile, C:\Users\Chinnapop\STM32CubeIDE\workspace\CKB-LwIP-FreeRTOS-UDP-Echo-Server\MXTmpFiles\eth_vars.tmp_save
2026-01-15 09:55:34,425 [INFO] CodeEngine:289 - Generated code: C:\Users\Chinnapop\STM32CubeIDE\workspace\CKB-LwIP-FreeRTOS-UDP-Echo-Server\MXTmpFiles\eth_vars.tmp
2026-01-15 09:55:34,452 [INFO] CodeEngine:265 - oldGeneratedFile, C:\Users\Chinnapop\STM32CubeIDE\workspace\CKB-LwIP-FreeRTOS-UDP-Echo-Server\MXTmpFiles\eth_inc.tmp_save
2026-01-15 09:55:34,658 [INFO] CodeEngine:289 - Generated code: C:\Users\Chinnapop\STM32CubeIDE\workspace\CKB-LwIP-FreeRTOS-UDP-Echo-Server\MXTmpFiles\eth_inc.tmp
2026-01-15 09:55:34,688 [INFO] CodeEngine:265 - oldGeneratedFile, C:\Users\Chinnapop\STM32CubeIDE\workspace\CKB-LwIP-FreeRTOS-UDP-Echo-Server\MXTmpFiles\eth_HalInit.tmp_save
2026-01-15 09:55:35,103 [INFO] CodeEngine:289 - Generated code: C:\Users\Chinnapop\STM32CubeIDE\workspace\CKB-LwIP-FreeRTOS-UDP-Echo-Server\MXTmpFiles\eth_HalInit.tmp
2026-01-15 09:55:35,137 [INFO] CodeEngine:265 - oldGeneratedFile, C:\Users\Chinnapop\STM32CubeIDE\workspace\CKB-LwIP-FreeRTOS-UDP-Echo-Server\MXTmpFiles\eth_Msp.tmp_save
2026-01-15 09:55:35,478 [INFO] CodeEngine:289 - Generated code: C:\Users\Chinnapop\STM32CubeIDE\workspace\CKB-LwIP-FreeRTOS-UDP-Echo-Server\MXTmpFiles\eth_Msp.tmp
2026-01-15 09:55:36,247 [INFO] Middleware:1452 - No code input for Bsp Dependency
2026-01-15 09:55:36,263 [INFO] CodeEngine:265 - oldGeneratedFile, C:\Users\Chinnapop\STM32CubeIDE\workspace\CKB-LwIP-FreeRTOS-UDP-Echo-Server\MXTmpFiles\rtos_inc.tmp_save
2026-01-15 09:55:36,550 [INFO] CodeEngine:289 - Generated code: C:\Users\Chinnapop\STM32CubeIDE\workspace\CKB-LwIP-FreeRTOS-UDP-Echo-Server\MXTmpFiles\rtos_inc.tmp
2026-01-15 09:55:36,577 [INFO] CodeEngine:265 - oldGeneratedFile, C:\Users\Chinnapop\STM32CubeIDE\workspace\CKB-LwIP-FreeRTOS-UDP-Echo-Server\MXTmpFiles\rtos_vars.tmp_save
2026-01-15 09:55:36,795 [INFO] CodeEngine:289 - Generated code: C:\Users\Chinnapop\STM32CubeIDE\workspace\CKB-LwIP-FreeRTOS-UDP-Echo-Server\MXTmpFiles\rtos_vars.tmp
2026-01-15 09:55:36,824 [INFO] CodeEngine:265 - oldGeneratedFile, C:\Users\Chinnapop\STM32CubeIDE\workspace\CKB-LwIP-FreeRTOS-UDP-Echo-Server\MXTmpFiles\rtos_pfp.tmp_save
2026-01-15 09:55:37,035 [INFO] CodeEngine:289 - Generated code: C:\Users\Chinnapop\STM32CubeIDE\workspace\CKB-LwIP-FreeRTOS-UDP-Echo-Server\MXTmpFiles\rtos_pfp.tmp
2026-01-15 09:55:37,063 [INFO] CodeEngine:265 - oldGeneratedFile, C:\Users\Chinnapop\STM32CubeIDE\workspace\CKB-LwIP-FreeRTOS-UDP-Echo-Server\MXTmpFiles\rtos_obj_creat.tmp_save
2026-01-15 09:55:37,303 [INFO] CodeEngine:289 - Generated code: C:\Users\Chinnapop\STM32CubeIDE\workspace\CKB-LwIP-FreeRTOS-UDP-Echo-Server\MXTmpFiles\rtos_obj_creat.tmp
2026-01-15 09:55:37,331 [INFO] CodeEngine:265 - oldGeneratedFile, C:\Users\Chinnapop\STM32CubeIDE\workspace\CKB-LwIP-FreeRTOS-UDP-Echo-Server\MXTmpFiles\rtos_kernelStart.tmp_save
2026-01-15 09:55:37,524 [INFO] CodeEngine:289 - Generated code: C:\Users\Chinnapop\STM32CubeIDE\workspace\CKB-LwIP-FreeRTOS-UDP-Echo-Server\MXTmpFiles\rtos_kernelStart.tmp
2026-01-15 09:55:37,553 [INFO] CodeEngine:265 - oldGeneratedFile, C:\Users\Chinnapop\STM32CubeIDE\workspace\CKB-LwIP-FreeRTOS-UDP-Echo-Server\MXTmpFiles\rtos_default_thread.tmp_save
2026-01-15 09:55:37,829 [INFO] CodeEngine:289 - Generated code: C:\Users\Chinnapop\STM32CubeIDE\workspace\CKB-LwIP-FreeRTOS-UDP-Echo-Server\MXTmpFiles\rtos_default_thread.tmp
2026-01-15 09:55:37,876 [INFO] CodeEngine:265 - oldGeneratedFile, C:\Users\Chinnapop\STM32CubeIDE\workspace\CKB-LwIP-FreeRTOS-UDP-Echo-Server\MXTmpFiles\rtos_threads.tmp_save
2026-01-15 09:55:38,174 [INFO] CodeEngine:289 - Generated code: C:\Users\Chinnapop\STM32CubeIDE\workspace\CKB-LwIP-FreeRTOS-UDP-Echo-Server\MXTmpFiles\rtos_threads.tmp
2026-01-15 09:55:38,246 [INFO] Middleware:1452 - No code input for Bsp Dependency
2026-01-15 09:55:38,371 [INFO] Middleware:1452 - No code input for Bsp Dependency
2026-01-15 09:55:38,404 [INFO] CodeEngine:265 - oldGeneratedFile, C:\Users\Chinnapop\STM32CubeIDE\workspace\CKB-LwIP-FreeRTOS-UDP-Echo-Server\MXTmpFiles\rtos_inc.tmp_save
2026-01-15 09:55:38,781 [INFO] CodeEngine:289 - Generated code: C:\Users\Chinnapop\STM32CubeIDE\workspace\CKB-LwIP-FreeRTOS-UDP-Echo-Server\MXTmpFiles\rtos_inc.tmp
2026-01-15 09:55:38,809 [INFO] CodeEngine:265 - oldGeneratedFile, C:\Users\Chinnapop\STM32CubeIDE\workspace\CKB-LwIP-FreeRTOS-UDP-Echo-Server\MXTmpFiles\rtos_vars.tmp_save
2026-01-15 09:55:39,032 [INFO] CodeEngine:289 - Generated code: C:\Users\Chinnapop\STM32CubeIDE\workspace\CKB-LwIP-FreeRTOS-UDP-Echo-Server\MXTmpFiles\rtos_vars.tmp
2026-01-15 09:55:39,057 [INFO] CodeEngine:265 - oldGeneratedFile, C:\Users\Chinnapop\STM32CubeIDE\workspace\CKB-LwIP-FreeRTOS-UDP-Echo-Server\MXTmpFiles\rtos_pfp.tmp_save
2026-01-15 09:55:39,235 [INFO] CodeEngine:289 - Generated code: C:\Users\Chinnapop\STM32CubeIDE\workspace\CKB-LwIP-FreeRTOS-UDP-Echo-Server\MXTmpFiles\rtos_pfp.tmp
2026-01-15 09:55:39,250 [INFO] CodeEngine:265 - oldGeneratedFile, C:\Users\Chinnapop\STM32CubeIDE\workspace\CKB-LwIP-FreeRTOS-UDP-Echo-Server\MXTmpFiles\rtos_obj_creat.tmp_save
2026-01-15 09:55:39,419 [INFO] CodeEngine:289 - Generated code: C:\Users\Chinnapop\STM32CubeIDE\workspace\CKB-LwIP-FreeRTOS-UDP-Echo-Server\MXTmpFiles\rtos_obj_creat.tmp
2026-01-15 09:55:39,431 [INFO] CodeEngine:265 - oldGeneratedFile, C:\Users\Chinnapop\STM32CubeIDE\workspace\CKB-LwIP-FreeRTOS-UDP-Echo-Server\MXTmpFiles\rtos_kernelStart.tmp_save
2026-01-15 09:55:39,551 [INFO] CodeEngine:289 - Generated code: C:\Users\Chinnapop\STM32CubeIDE\workspace\CKB-LwIP-FreeRTOS-UDP-Echo-Server\MXTmpFiles\rtos_kernelStart.tmp
2026-01-15 09:55:39,565 [INFO] CodeEngine:265 - oldGeneratedFile, C:\Users\Chinnapop\STM32CubeIDE\workspace\CKB-LwIP-FreeRTOS-UDP-Echo-Server\MXTmpFiles\rtos_default_thread.tmp_save
2026-01-15 09:55:39,690 [INFO] CodeEngine:289 - Generated code: C:\Users\Chinnapop\STM32CubeIDE\workspace\CKB-LwIP-FreeRTOS-UDP-Echo-Server\MXTmpFiles\rtos_default_thread.tmp
2026-01-15 09:55:39,704 [INFO] CodeEngine:265 - oldGeneratedFile, C:\Users\Chinnapop\STM32CubeIDE\workspace\CKB-LwIP-FreeRTOS-UDP-Echo-Server\MXTmpFiles\rtos_threads.tmp_save
2026-01-15 09:55:39,844 [INFO] CodeEngine:289 - Generated code: C:\Users\Chinnapop\STM32CubeIDE\workspace\CKB-LwIP-FreeRTOS-UDP-Echo-Server\MXTmpFiles\rtos_threads.tmp
2026-01-15 09:55:39,858 [INFO] CodeEngine:265 - oldGeneratedFile, C:\Users\Chinnapop\STM32CubeIDE\workspace\CKB-LwIP-FreeRTOS-UDP-Echo-Server\Core\Inc\FreeRTOSConfig.h_save
2026-01-15 09:55:40,149 [INFO] CodeEngine:289 - Generated code: C:\Users\Chinnapop\STM32CubeIDE\workspace\CKB-LwIP-FreeRTOS-UDP-Echo-Server\Core\Inc\FreeRTOSConfig.h
2026-01-15 09:55:40,169 [INFO] CodeEngine:265 - oldGeneratedFile, C:\Users\Chinnapop\STM32CubeIDE\workspace\CKB-LwIP-FreeRTOS-UDP-Echo-Server\Core\Src\freertos.c_save
2026-01-15 09:55:40,391 [INFO] CodeEngine:289 - Generated code: C:\Users\Chinnapop\STM32CubeIDE\workspace\CKB-LwIP-FreeRTOS-UDP-Echo-Server\Core\Src\freertos.c
2026-01-15 09:55:40,431 [INFO] CodeEngine:265 - oldGeneratedFile, C:\Users\Chinnapop\STM32CubeIDE\workspace\CKB-LwIP-FreeRTOS-UDP-Echo-Server\MXTmpFiles\cortex.tmp_save
2026-01-15 09:55:40,691 [INFO] CodeEngine:289 - Generated code: C:\Users\Chinnapop\STM32CubeIDE\workspace\CKB-LwIP-FreeRTOS-UDP-Echo-Server\MXTmpFiles\cortex.tmp
2026-01-15 09:55:40,733 [INFO] Middleware:1452 - No code input for Bsp Dependency
2026-01-15 09:55:40,767 [INFO] CodeEngine:265 - oldGeneratedFile, C:\Users\Chinnapop\STM32CubeIDE\workspace\CKB-LwIP-FreeRTOS-UDP-Echo-Server\LWIP\App\lwip.c_save
2026-01-15 09:55:41,097 [INFO] CodeEngine:289 - Generated code: C:\Users\Chinnapop\STM32CubeIDE\workspace\CKB-LwIP-FreeRTOS-UDP-Echo-Server\LWIP\App\lwip.c
2026-01-15 09:55:41,116 [INFO] CodeEngine:265 - oldGeneratedFile, C:\Users\Chinnapop\STM32CubeIDE\workspace\CKB-LwIP-FreeRTOS-UDP-Echo-Server\LWIP\App\lwip.h_save
2026-01-15 09:55:41,309 [INFO] CodeEngine:289 - Generated code: C:\Users\Chinnapop\STM32CubeIDE\workspace\CKB-LwIP-FreeRTOS-UDP-Echo-Server\LWIP\App\lwip.h
2026-01-15 09:55:41,337 [INFO] CodeEngine:265 - oldGeneratedFile, C:\Users\Chinnapop\STM32CubeIDE\workspace\CKB-LwIP-FreeRTOS-UDP-Echo-Server\LWIP\Target\lwipopts.h_save
2026-01-15 09:55:41,962 [INFO] CodeEngine:289 - Generated code: C:\Users\Chinnapop\STM32CubeIDE\workspace\CKB-LwIP-FreeRTOS-UDP-Echo-Server\LWIP\Target\lwipopts.h
2026-01-15 09:55:41,991 [INFO] CodeEngine:265 - oldGeneratedFile, C:\Users\Chinnapop\STM32CubeIDE\workspace\CKB-LwIP-FreeRTOS-UDP-Echo-Server\LWIP\Target\ethernetif.c_save
2026-01-15 09:55:42,303 [INFO] CodeEngine:289 - Generated code: C:\Users\Chinnapop\STM32CubeIDE\workspace\CKB-LwIP-FreeRTOS-UDP-Echo-Server\LWIP\Target\ethernetif.c
2026-01-15 09:55:42,340 [INFO] CodeEngine:265 - oldGeneratedFile, C:\Users\Chinnapop\STM32CubeIDE\workspace\CKB-LwIP-FreeRTOS-UDP-Echo-Server\LWIP\Target\ethernetif.h_save
2026-01-15 09:55:42,533 [INFO] CodeEngine:289 - Generated code: C:\Users\Chinnapop\STM32CubeIDE\workspace\CKB-LwIP-FreeRTOS-UDP-Echo-Server\LWIP\Target\ethernetif.h
2026-01-15 09:55:42,576 [INFO] CodeEngine:265 - oldGeneratedFile, C:\Users\Chinnapop\STM32CubeIDE\workspace\CKB-LwIP-FreeRTOS-UDP-Echo-Server\Core\Src\usart.c_save
2026-01-15 09:55:42,990 [INFO] CodeEngine:289 - Generated code: C:\Users\Chinnapop\STM32CubeIDE\workspace\CKB-LwIP-FreeRTOS-UDP-Echo-Server\Core\Src\usart.c
2026-01-15 09:55:43,004 [INFO] CodeEngine:265 - oldGeneratedFile, C:\Users\Chinnapop\STM32CubeIDE\workspace\CKB-LwIP-FreeRTOS-UDP-Echo-Server\Core\Inc\usart.h_save
2026-01-15 09:55:43,206 [INFO] CodeEngine:289 - Generated code: C:\Users\Chinnapop\STM32CubeIDE\workspace\CKB-LwIP-FreeRTOS-UDP-Echo-Server\Core\Inc\usart.h
2026-01-15 09:55:43,242 [INFO] CodeEngine:265 - oldGeneratedFile, C:\Users\Chinnapop\STM32CubeIDE\workspace\CKB-LwIP-FreeRTOS-UDP-Echo-Server\Core\Src\stm32f7xx_it.c_save
2026-01-15 09:55:43,596 [INFO] CodeEngine:289 - Generated code: C:\Users\Chinnapop\STM32CubeIDE\workspace\CKB-LwIP-FreeRTOS-UDP-Echo-Server\Core\Src\stm32f7xx_it.c
2026-01-15 09:55:43,626 [INFO] CodeEngine:265 - oldGeneratedFile, C:\Users\Chinnapop\STM32CubeIDE\workspace\CKB-LwIP-FreeRTOS-UDP-Echo-Server\Core\Inc\stm32f7xx_it.h_save
2026-01-15 09:55:43,780 [INFO] CodeEngine:289 - Generated code: C:\Users\Chinnapop\STM32CubeIDE\workspace\CKB-LwIP-FreeRTOS-UDP-Echo-Server\Core\Inc\stm32f7xx_it.h
2026-01-15 09:55:43,829 [INFO] CodeEngine:265 - oldGeneratedFile, C:\Users\Chinnapop\STM32CubeIDE\workspace\CKB-LwIP-FreeRTOS-UDP-Echo-Server\Core\Src\stm32f7xx_hal_msp.c_save
2026-01-15 09:55:44,107 [INFO] CodeEngine:289 - Generated code: C:\Users\Chinnapop\STM32CubeIDE\workspace\CKB-LwIP-FreeRTOS-UDP-Echo-Server\Core\Src\stm32f7xx_hal_msp.c
2026-01-15 09:55:44,129 [INFO] CodeEngine:265 - oldGeneratedFile, C:\Users\Chinnapop\STM32CubeIDE\workspace\CKB-LwIP-FreeRTOS-UDP-Echo-Server\MXTmpFiles\system.tmp_save
2026-01-15 09:55:44,247 [INFO] CodeEngine:289 - Generated code: C:\Users\Chinnapop\STM32CubeIDE\workspace\CKB-LwIP-FreeRTOS-UDP-Echo-Server\MXTmpFiles\system.tmp
2026-01-15 09:55:44,271 [INFO] CodeEngine:265 - oldGeneratedFile, C:\Users\Chinnapop\STM32CubeIDE\workspace\CKB-LwIP-FreeRTOS-UDP-Echo-Server\Core\Src\stm32f7xx_hal_timebase_tim.c_save
2026-01-15 09:55:44,438 [INFO] CodeEngine:289 - Generated code: C:\Users\Chinnapop\STM32CubeIDE\workspace\CKB-LwIP-FreeRTOS-UDP-Echo-Server\Core\Src\stm32f7xx_hal_timebase_tim.c
2026-01-15 09:55:44,477 [INFO] CodeEngine:321 - oldGeneratedFile, C:\Users\Chinnapop\STM32CubeIDE\workspace\CKB-LwIP-FreeRTOS-UDP-Echo-Server\Core\Inc\stm32f7xx_hal_conf.h_save
2026-01-15 09:55:44,735 [INFO] CodeEngine:345 - Generated code: C:\Users\Chinnapop\STM32CubeIDE\workspace\CKB-LwIP-FreeRTOS-UDP-Echo-Server\Core\Inc\stm32f7xx_hal_conf.h
2026-01-15 09:55:44,837 [INFO] ApiDbMcu:532 - Load IP Config File for USART2
2026-01-15 09:55:44,847 [INFO] ApiDbMcu:532 - Load IP Config File for USART3
2026-01-15 09:55:44,856 [INFO] ApiDbMcu:532 - Load IP Config File for RCC
2026-01-15 09:55:44,891 [INFO] CodeEngine:265 - oldGeneratedFile, C:\Users\Chinnapop\STM32CubeIDE\workspace\CKB-LwIP-FreeRTOS-UDP-Echo-Server\Core\Inc\main.h_save
2026-01-15 09:55:45,266 [INFO] CodeEngine:289 - Generated code: C:\Users\Chinnapop\STM32CubeIDE\workspace\CKB-LwIP-FreeRTOS-UDP-Echo-Server\Core\Inc\main.h
2026-01-15 09:55:45,300 [INFO] CodeEngine:265 - oldGeneratedFile, C:\Users\Chinnapop\STM32CubeIDE\workspace\CKB-LwIP-FreeRTOS-UDP-Echo-Server\Core\Src\main.c_save
2026-01-15 09:55:45,732 [INFO] CodeEngine:289 - Generated code: C:\Users\Chinnapop\STM32CubeIDE\workspace\CKB-LwIP-FreeRTOS-UDP-Echo-Server\Core\Src\main.c
2026-01-15 09:55:48,240 [INFO] ProjectBuilder:3606 - Time for Copy HAL[1] : 1445mS.
2026-01-15 09:55:48,280 [INFO] ProjectBuilder:5216 - Project Generator version: 4.7.0-B52
2026-01-15 09:55:48,447 [INFO] ConfigFileManager:1595 - The Die is : DIE451
2026-01-15 09:55:48,476 [INFO] ApiDbMcu:532 - Load IP Config File for FATFS
2026-01-15 09:55:48,502 [INFO] ApiDbMcu:532 - Load IP Config File for LIBJPEG
2026-01-15 09:55:48,536 [INFO] ApiDbMcu:532 - Load IP Config File for MBEDTLS
2026-01-15 09:55:48,573 [INFO] ApiDbMcu:532 - Load IP Config File for USB_DEVICE
2026-01-15 09:55:48,608 [INFO] ApiDbMcu:532 - Load IP Config File for USB_HOST
2026-01-15 09:55:50,757 [INFO] LogOutputStream:77 - [STDOUT_REDIRECT] 
2026-01-15 09:56:02,910 [INFO] ProjectBuilder:5496 - Time for Generating toolchain IDE Files: 14628mS.
2026-01-15 09:56:02,914 [INFO] ProjectBuilder:3463 - Time for Copy CMSIS : 2mS.
2026-01-15 09:56:02,980 [INFO] ProjectBuilder:3463 - Time for Copy CMSIS : 0mS.
2026-01-15 09:58:56,022 [INFO] WebApp:194 - Connection lost
2026-01-15 09:58:56,226 [INFO] WebApp:191 - Connection restablished
2026-01-15 10:29:09,101 [INFO] WebApp:194 - Connection lost
2026-01-15 10:29:09,354 [INFO] WebApp:191 - Connection restablished
2026-01-15 11:00:57,275 [INFO] Activator:176 - 


2026-01-15 11:00:57,277 [INFO] Activator:177 - !SESSION log4j initialized
2026-01-15 11:01:23,916 [INFO] LogOutputStream:77 - [STDOUT_REDIRECT] 
2026-01-15 11:01:26,111 [INFO] ApplicationProperties:184 - Using Application install path: C:\ST\STM32CubeIDE_1.16.1\STM32CubeIDE\plugins\com.st.stm32cube.common.mx_6.15.0.202507011659
2026-01-15 11:01:26,134 [INFO] DbMcusXml:78 - Set database path to: C:\ST\STM32CubeIDE_1.16.1\STM32CubeIDE\plugins\com.st.stm32cube.common.mx_6.15.0.202507011659\\db\/mcu/
2026-01-15 11:01:26,134 [INFO] ApiDb:274 - Set plugin database path to: C:\ST\STM32CubeIDE_1.16.1\STM32CubeIDE\plugins\com.st.stm32cube.common.mx_6.15.0.202507011659\\db\/plugins/boardmanager/
2026-01-15 11:01:26,135 [WARN] ApiDb:259 - Overriding images path with different value:  => C:\ST\STM32CubeIDE_1.16.1\STM32CubeIDE\plugins\com.st.stm32cube.common.mx_6.15.0.202507011659\\db\/plugins/mcufinder/images/
2026-01-15 11:01:26,142 [INFO] ApiDb:250 - Set database path to: C:\Users\Chinnapop\.stmcufinder\plugins\mcufinder//mcu/
2026-01-15 11:01:26,143 [INFO] DbMcusAds:125 - Set database path to: C:\Users\Chinnapop\.stmcufinder\plugins\mcufinder//mcu/
2026-01-15 11:01:26,146 [INFO] CrossReferenceDbSqlite:203 - Set database path to: C:\Users\Chinnapop\.stmcufinder\plugins\mcufinder//mcu/cs/
2026-01-15 11:01:26,316 [INFO] RulesReader:64 - Compatibility file has been processed (317 Rules)
2026-01-15 11:01:26,473 [INFO] DbMcusXml:78 - Set database path to: C:\ST\STM32CubeIDE_1.16.1\STM32CubeIDE\plugins\com.st.stm32cube.common.mx_6.15.0.202507011659\\db\/mcu/
2026-01-15 11:01:26,473 [INFO] ApiDb:274 - Set plugin database path to: C:\ST\STM32CubeIDE_1.16.1\STM32CubeIDE\plugins\com.st.stm32cube.common.mx_6.15.0.202507011659\\db\/plugins/boardmanager/
2026-01-15 11:01:26,473 [INFO] ApiDb:261 - Set plugin images path to: C:\ST\STM32CubeIDE_1.16.1\STM32CubeIDE\plugins\com.st.stm32cube.common.mx_6.15.0.202507011659\\db\/plugins/mcufinder/images/
2026-01-15 11:01:26,474 [WARN] DbFile:41 - Overriding database path with different value: C:\Users\Chinnapop\.stmcufinder\plugins\mcufinder/ => C:\Users\Chinnapop\.stmcufinder\plugins\mcufinder
2026-01-15 11:01:26,474 [INFO] ApiDb:250 - Set database path to: C:\Users\Chinnapop\.stmcufinder\plugins\mcufinder//mcu/
2026-01-15 11:01:26,474 [WARN] DbFile:41 - Overriding database path with different value: C:\Users\Chinnapop\.stmcufinder\plugins\mcufinder/ => C:\Users\Chinnapop\.stmcufinder\plugins\mcufinder
2026-01-15 11:01:26,475 [INFO] DbMcusAds:125 - Set database path to: C:\Users\Chinnapop\.stmcufinder\plugins\mcufinder//mcu/
2026-01-15 11:01:26,475 [WARN] DbFile:41 - Overriding database path with different value: C:\Users\Chinnapop\.stmcufinder\plugins\mcufinder/ => C:\Users\Chinnapop\.stmcufinder\plugins\mcufinder
2026-01-15 11:01:26,475 [WARN] DbFile:41 - Overriding database path with different value: C:\Users\Chinnapop\.stmcufinder\plugins\mcufinder/ => C:\Users\Chinnapop\.stmcufinder\plugins\mcufinder
2026-01-15 11:01:26,475 [INFO] CrossReferenceDbSqlite:203 - Set database path to: C:\Users\Chinnapop\.stmcufinder\plugins\mcufinder//mcu/cs/
2026-01-15 11:01:26,581 [INFO] MainPanel:274 - HeapMemory: 268435456
2026-01-15 11:01:26,716 [INFO] DbMcusXml:78 - Set database path to: C:\ST\STM32CubeIDE_1.16.1\STM32CubeIDE\plugins\com.st.stm32cube.common.mx_6.15.0.202507011659\\db\/mcu/
2026-01-15 11:01:26,716 [INFO] ApiDb:274 - Set plugin database path to: C:\ST\STM32CubeIDE_1.16.1\STM32CubeIDE\plugins\com.st.stm32cube.common.mx_6.15.0.202507011659\\db\/plugins/boardmanager/
2026-01-15 11:01:26,716 [INFO] ApiDb:261 - Set plugin images path to: C:\ST\STM32CubeIDE_1.16.1\STM32CubeIDE\plugins\com.st.stm32cube.common.mx_6.15.0.202507011659\\db\/plugins/mcufinder/images/
2026-01-15 11:01:26,717 [WARN] DbFile:41 - Overriding database path with different value: C:\Users\Chinnapop\.stmcufinder\plugins\mcufinder/ => C:\Users\Chinnapop\.stmcufinder\plugins\mcufinder
2026-01-15 11:01:26,718 [INFO] ApiDb:250 - Set database path to: C:\Users\Chinnapop\.stmcufinder\plugins\mcufinder//mcu/
2026-01-15 11:01:26,718 [WARN] DbFile:41 - Overriding database path with different value: C:\Users\Chinnapop\.stmcufinder\plugins\mcufinder/ => C:\Users\Chinnapop\.stmcufinder\plugins\mcufinder
2026-01-15 11:01:26,718 [INFO] DbMcusAds:125 - Set database path to: C:\Users\Chinnapop\.stmcufinder\plugins\mcufinder//mcu/
2026-01-15 11:01:26,718 [WARN] DbFile:41 - Overriding database path with different value: C:\Users\Chinnapop\.stmcufinder\plugins\mcufinder/ => C:\Users\Chinnapop\.stmcufinder\plugins\mcufinder
2026-01-15 11:01:26,718 [WARN] DbFile:41 - Overriding database path with different value: C:\Users\Chinnapop\.stmcufinder\plugins\mcufinder/ => C:\Users\Chinnapop\.stmcufinder\plugins\mcufinder
2026-01-15 11:01:26,719 [INFO] CrossReferenceDbSqlite:203 - Set database path to: C:\Users\Chinnapop\.stmcufinder\plugins\mcufinder//mcu/cs/
2026-01-15 11:01:26,750 [INFO] ApplicationProperties:184 - Using Application install path: C:\ST\STM32CubeIDE_1.16.1\STM32CubeIDE\plugins\com.st.stm32cube.common.mx_6.15.0.202507011659
2026-01-15 11:01:26,752 [INFO] PluginManage:196 - Search for loadable plugins [exclusion list=, ]
2026-01-15 11:01:26,753 [INFO] PluginManage:310 - Check plugin analytics
2026-01-15 11:01:27,058 [INFO] AnalyticsPlugin:253 - Accepted Software Licenses: 
2026-01-15 11:01:27,058 [INFO] AnalyticsPlugin:255 - Accepted CMSIS Pack Licenses: 
2026-01-15 11:01:27,059 [INFO] AnalyticsPlugin:257 - Accepted Firmware Licenses: FW.F7.1.17.0
2026-01-15 11:01:27,069 [INFO] PluginManage:359 - Loaded plugin analytics (category:tool,tabindex:-1)
2026-01-15 11:01:27,070 [INFO] PluginManage:310 - Check plugin cadmodel
2026-01-15 11:01:27,105 [INFO] CADModel:105 - Init CAD model plugin
2026-01-15 11:01:27,105 [INFO] PluginManage:359 - Loaded plugin cadmodel (category:power,tabindex:5)
2026-01-15 11:01:27,106 [INFO] PluginManage:310 - Check plugin clock
2026-01-15 11:01:27,141 [INFO] PluginManage:359 - Loaded plugin clock (category:base,tabindex:2)
2026-01-15 11:01:27,142 [INFO] PluginManage:310 - Check plugin ddr
2026-01-15 11:01:27,144 [INFO] PluginManage:359 - Loaded plugin ddr (category:tool,tabindex:6)
2026-01-15 11:01:27,145 [INFO] PluginManage:310 - Check plugin filemanager
2026-01-15 11:01:27,379 [INFO] PluginManage:359 - Loaded plugin filemanager (category:base,tabindex:10)
2026-01-15 11:01:27,379 [INFO] PluginManage:310 - Check plugin ipmanager
2026-01-15 11:01:27,391 [INFO] PluginManage:359 - Loaded plugin ipmanager (category:base,tabindex:5)
2026-01-15 11:01:27,392 [INFO] PluginManage:310 - Check plugin lpbam
2026-01-15 11:01:27,425 [INFO] PluginManage:359 - Loaded plugin lpbam (category:base,tabindex:0)
2026-01-15 11:01:27,426 [INFO] PluginManage:310 - Check plugin memorymap
2026-01-15 11:01:27,463 [INFO] PluginManage:359 - Loaded plugin memorymap (category:base,tabindex:4)
2026-01-15 11:01:27,463 [INFO] PluginManage:310 - Check plugin pinoutandconfiguration
2026-01-15 11:01:27,495 [INFO] PluginManage:359 - Loaded plugin pinoutandconfiguration (category:base,tabindex:1)
2026-01-15 11:01:27,496 [INFO] PluginManage:310 - Check plugin pinoutconfig
2026-01-15 11:01:27,640 [WARN] SupportedApi:132 - Cannot load RTOS API schema: s4s-elt-must-match.1: The content of 'definitions' must match (annotation?, (simpleType | complexType)?, (unique | key | keyref)*)). A problem was found starting at: attribute.
2026-01-15 11:01:27,816 [INFO] PluginManage:359 - Loaded plugin pinoutconfig (category:base,tabindex:0)
2026-01-15 11:01:27,816 [INFO] PluginManage:310 - Check plugin power
2026-01-15 11:01:27,849 [INFO] PluginManage:359 - Loaded plugin power (category:power,tabindex:4)
2026-01-15 11:01:27,849 [INFO] PluginManage:310 - Check plugin projectmanager
2026-01-15 11:01:27,872 [INFO] PluginManage:359 - Loaded plugin projectmanager (category:projectmanager,tabindex:4)
2026-01-15 11:01:27,873 [INFO] PluginManage:310 - Check plugin rif
2026-01-15 11:01:27,905 [INFO] PluginManage:359 - Loaded plugin rif (category:base,tabindex:3)
2026-01-15 11:01:27,905 [INFO] PluginManage:310 - Check plugin thirdparty
2026-01-15 11:01:28,402 [INFO] PluginManage:359 - Loaded plugin thirdparty (category:base,tabindex:-1)
2026-01-15 11:01:28,402 [INFO] PluginManage:310 - Check plugin tools
2026-01-15 11:01:28,402 [WARN] IntegrityCheckThread:84 - waiting for thirdparty lock release [integrity check]
2026-01-15 11:01:28,402 [INFO] IntegrityCheckThread:86 - entering critical section [integrity check]
2026-01-15 11:01:28,403 [INFO] ThirdPartyUpdaterWithRetryManager:70 - Updater plugin not ready yet. [1/15]
2026-01-15 11:01:28,476 [INFO] PluginManage:359 - Loaded plugin tools (category:base,tabindex:7)
2026-01-15 11:01:28,476 [INFO] PluginManage:310 - Check plugin tutovideos
2026-01-15 11:01:28,760 [INFO] PluginManage:359 - Loaded plugin tutovideos (category:base,tabindex:-1)
2026-01-15 11:01:28,760 [INFO] PluginManage:310 - Check plugin updater
2026-01-15 11:01:28,788 [INFO] PluginManage:359 - Loaded plugin updater (category:base,tabindex:12)
2026-01-15 11:01:28,788 [INFO] PluginManage:310 - Check plugin userauth
2026-01-15 11:01:28,793 [INFO] UserAuth:118 - Init User Auth plugin
2026-01-15 11:01:28,794 [INFO] PluginManage:359 - Loaded plugin userauth (category:base,tabindex:14)
2026-01-15 11:01:28,794 [INFO] PluginManage:283 - PluginManage : Loaded plugins [18]
2026-01-15 11:01:29,116 [INFO] PinOutPanel:1589 - setPackage(No Configuration,No Configuration)
2026-01-15 11:01:29,246 [INFO] CADModel:165 - CPN selected for project level
2026-01-15 11:01:29,246 [INFO] CADModel:114 - Register for checkConnection events
2026-01-15 11:01:29,292 [INFO] IPUIPlugin:80 - create IPUIPlugin
2026-01-15 11:01:29,293 [INFO] PluginManager:220 - loadIPPluginJar : add adc
2026-01-15 11:01:29,375 [INFO] IPUIPlugin:80 - create IPUIPlugin
2026-01-15 11:01:29,376 [INFO] PluginManager:220 - loadIPPluginJar : add aes
2026-01-15 11:01:29,456 [INFO] IPUIPlugin:80 - create IPUIPlugin
2026-01-15 11:01:29,457 [INFO] PluginManager:220 - loadIPPluginJar : add can
2026-01-15 11:01:29,508 [INFO] IPUIPlugin:80 - create IPUIPlugin
2026-01-15 11:01:29,508 [INFO] PluginManager:220 - loadIPPluginJar : add comp
2026-01-15 11:01:29,582 [INFO] IPUIPlugin:80 - create IPUIPlugin
2026-01-15 11:01:29,582 [INFO] PluginManager:220 - loadIPPluginJar : add cryp
2026-01-15 11:01:29,613 [INFO] IPUIPlugin:80 - create IPUIPlugin
2026-01-15 11:01:29,613 [INFO] PluginManager:220 - loadIPPluginJar : add ddr_ctrl_phy
2026-01-15 11:01:29,677 [INFO] IPUIPlugin:80 - create IPUIPlugin
2026-01-15 11:01:29,677 [INFO] PluginManager:220 - loadIPPluginJar : add dfsdm
2026-01-15 11:01:29,705 [INFO] IPUIPlugin:80 - create IPUIPlugin
2026-01-15 11:01:29,705 [INFO] PluginManager:220 - loadIPPluginJar : add dma
2026-01-15 11:01:29,787 [INFO] IPUIPlugin:80 - create IPUIPlugin
2026-01-15 11:01:29,787 [INFO] PluginManager:220 - loadIPPluginJar : add dma3
2026-01-15 11:01:29,879 [INFO] IPUIPlugin:80 - create IPUIPlugin
2026-01-15 11:01:29,879 [INFO] PluginManager:220 - loadIPPluginJar : add extmemmanager
2026-01-15 11:01:29,941 [INFO] IPUIPlugin:80 - create IPUIPlugin
2026-01-15 11:01:29,942 [INFO] PluginManager:220 - loadIPPluginJar : add fatfs
2026-01-15 11:01:30,072 [INFO] IPUIPlugin:80 - create IPUIPlugin
2026-01-15 11:01:30,072 [INFO] PluginManager:220 - loadIPPluginJar : add fmc
2026-01-15 11:01:30,099 [INFO] IPUIPlugin:80 - create IPUIPlugin
2026-01-15 11:01:30,099 [INFO] PluginManager:220 - loadIPPluginJar : add freertos
2026-01-15 11:01:30,145 [INFO] IPUIPlugin:80 - create IPUIPlugin
2026-01-15 11:01:30,145 [INFO] PluginManager:220 - loadIPPluginJar : add genericplugin
2026-01-15 11:01:30,334 [INFO] IPUIPlugin:80 - create IPUIPlugin
2026-01-15 11:01:30,335 [INFO] PluginManager:220 - loadIPPluginJar : add gfxmmu
2026-01-15 11:01:30,578 [INFO] IPUIPlugin:80 - create IPUIPlugin
2026-01-15 11:01:30,579 [INFO] PluginManager:220 - loadIPPluginJar : add gic
2026-01-15 11:01:30,602 [INFO] IPUIPlugin:80 - create IPUIPlugin
2026-01-15 11:01:30,602 [INFO] PluginManager:220 - loadIPPluginJar : add gpio
2026-01-15 11:01:30,762 [INFO] IPUIPlugin:80 - create IPUIPlugin
2026-01-15 11:01:30,762 [INFO] PluginManager:220 - loadIPPluginJar : add gtzc
2026-01-15 11:01:30,823 [INFO] IPUIPlugin:80 - create IPUIPlugin
2026-01-15 11:01:30,823 [INFO] PluginManager:220 - loadIPPluginJar : add hash
2026-01-15 11:01:30,917 [INFO] IPUIPlugin:80 - create IPUIPlugin
2026-01-15 11:01:30,917 [INFO] PluginManager:220 - loadIPPluginJar : add i2c
2026-01-15 11:01:30,986 [INFO] IPUIPlugin:80 - create IPUIPlugin
2026-01-15 11:01:30,986 [INFO] PluginManager:220 - loadIPPluginJar : add i2s
2026-01-15 11:01:31,052 [INFO] IPUIPlugin:80 - create IPUIPlugin
2026-01-15 11:01:31,053 [INFO] PluginManager:220 - loadIPPluginJar : add i3c
2026-01-15 11:01:31,215 [INFO] IPUIPlugin:80 - create IPUIPlugin
2026-01-15 11:01:31,215 [INFO] PluginManager:220 - loadIPPluginJar : add ipddr
2026-01-15 11:01:31,371 [INFO] IPUIPlugin:80 - create IPUIPlugin
2026-01-15 11:01:31,371 [INFO] PluginManager:220 - loadIPPluginJar : add linkedlist
2026-01-15 11:01:31,378 [INFO] IPUIPlugin:80 - create IPUIPlugin
2026-01-15 11:01:31,378 [INFO] PluginManager:220 - loadIPPluginJar : add lorawan
2026-01-15 11:01:31,405 [INFO] ThirdPartyUpdaterWithRetryManager:70 - Updater plugin not ready yet. [2/15]
2026-01-15 11:01:31,441 [INFO] IPUIPlugin:80 - create IPUIPlugin
2026-01-15 11:01:31,441 [INFO] PluginManager:220 - loadIPPluginJar : add ltdc
2026-01-15 11:01:31,463 [INFO] IPUIPlugin:80 - create IPUIPlugin
2026-01-15 11:01:31,463 [INFO] PluginManager:220 - loadIPPluginJar : add mdma
2026-01-15 11:01:31,484 [INFO] IPUIPlugin:80 - create IPUIPlugin
2026-01-15 11:01:31,484 [INFO] PluginManager:220 - loadIPPluginJar : add nvic
2026-01-15 11:01:31,557 [INFO] IPUIPlugin:80 - create IPUIPlugin
2026-01-15 11:01:31,557 [INFO] PluginManager:220 - loadIPPluginJar : add opamp
2026-01-15 11:01:31,678 [INFO] IPUIPlugin:80 - create IPUIPlugin
2026-01-15 11:01:31,678 [INFO] PluginManager:220 - loadIPPluginJar : add openamp
2026-01-15 11:01:31,762 [INFO] IPUIPlugin:80 - create IPUIPlugin
2026-01-15 11:01:31,762 [INFO] PluginManager:220 - loadIPPluginJar : add pdm2pcm
2026-01-15 11:01:31,788 [INFO] IPUIPlugin:80 - create IPUIPlugin
2026-01-15 11:01:31,791 [INFO] PluginManager:220 - loadIPPluginJar : add plateformsettings
2026-01-15 11:01:31,836 [INFO] IPUIPlugin:80 - create IPUIPlugin
2026-01-15 11:01:31,836 [INFO] PluginManager:220 - loadIPPluginJar : add quadspi
2026-01-15 11:01:31,886 [INFO] IPUIPlugin:80 - create IPUIPlugin
2026-01-15 11:01:31,886 [INFO] PluginManager:220 - loadIPPluginJar : add radio
2026-01-15 11:01:31,909 [INFO] IPUIPlugin:80 - create IPUIPlugin
2026-01-15 11:01:31,909 [INFO] PluginManager:220 - loadIPPluginJar : add resmgrutility
2026-01-15 11:01:31,990 [INFO] IPUIPlugin:80 - create IPUIPlugin
2026-01-15 11:01:31,990 [INFO] PluginManager:220 - loadIPPluginJar : add sai
2026-01-15 11:01:32,060 [INFO] IPUIPlugin:80 - create IPUIPlugin
2026-01-15 11:01:32,060 [INFO] PluginManager:220 - loadIPPluginJar : add spi
2026-01-15 11:01:32,187 [INFO] IPUIPlugin:80 - create IPUIPlugin
2026-01-15 11:01:32,187 [INFO] PluginManager:220 - loadIPPluginJar : add stm32_wpan
2026-01-15 11:01:32,259 [INFO] IPUIPlugin:80 - create IPUIPlugin
2026-01-15 11:01:32,259 [INFO] PluginManager:220 - loadIPPluginJar : add tim
2026-01-15 11:01:32,391 [INFO] IPUIPlugin:80 - create IPUIPlugin
2026-01-15 11:01:32,392 [INFO] PluginManager:220 - loadIPPluginJar : add touchsensing
2026-01-15 11:01:32,395 [INFO] IPUIPlugin:80 - create IPUIPlugin
2026-01-15 11:01:32,395 [INFO] PluginManager:220 - loadIPPluginJar : add tracer_emb
2026-01-15 11:01:32,441 [INFO] IPUIPlugin:80 - create IPUIPlugin
2026-01-15 11:01:32,441 [INFO] PluginManager:220 - loadIPPluginJar : add ts
2026-01-15 11:01:32,484 [INFO] IPUIPlugin:80 - create IPUIPlugin
2026-01-15 11:01:32,484 [INFO] PluginManager:220 - loadIPPluginJar : add tsc
2026-01-15 11:01:32,526 [INFO] IPUIPlugin:80 - create IPUIPlugin
2026-01-15 11:01:32,526 [INFO] PluginManager:220 - loadIPPluginJar : add ucpd
2026-01-15 11:01:32,607 [INFO] IPUIPlugin:80 - create IPUIPlugin
2026-01-15 11:01:32,607 [INFO] PluginManager:220 - loadIPPluginJar : add usart
2026-01-15 11:01:32,694 [INFO] IPUIPlugin:80 - create IPUIPlugin
2026-01-15 11:01:32,695 [INFO] PluginManager:220 - loadIPPluginJar : add usbx
2026-01-15 11:01:32,839 [FATAL] Updater:351 - Updater called before beeing initialized
2026-01-15 11:01:32,880 [INFO] RulesReader:64 - Compatibility file has been processed (317 Rules)
2026-01-15 11:01:32,909 [INFO] RulesReader:64 - Compatibility file has been processed (317 Rules)
2026-01-15 11:01:32,935 [INFO] CADModel:165 - CPN selected for project level
2026-01-15 11:01:32,936 [INFO] CADModel:114 - Register for checkConnection events
2026-01-15 11:01:32,936 [FATAL] Updater:351 - Updater called before beeing initialized
2026-01-15 11:01:32,936 [ERROR] CADModel:125 - Updater not yet initialized, retry later 
2026-01-15 11:01:33,231 [FATAL] Updater:351 - Updater called before beeing initialized
2026-01-15 11:01:33,234 [INFO] CADModel:165 - CPN selected for project level
2026-01-15 11:01:33,234 [INFO] CADModel:114 - Register for checkConnection events
2026-01-15 11:01:33,234 [FATAL] Updater:351 - Updater called before beeing initialized
2026-01-15 11:01:33,234 [ERROR] CADModel:125 - Updater not yet initialized, retry later 
2026-01-15 11:01:33,242 [FATAL] Updater:351 - Updater called before beeing initialized
2026-01-15 11:01:33,470 [FATAL] Updater:351 - Updater called before beeing initialized
2026-01-15 11:01:33,494 [INFO] DbMcusAds:53 - JSON generation date=Thu Jan 08 22:56:32 ICT 2026 (1767887792457)
2026-01-15 11:01:33,494 [FATAL] Updater:351 - Updater called before beeing initialized
2026-01-15 11:01:33,551 [WARN] DetailPanel:346 - Failed to get advertising image, set to default
2026-01-15 11:01:33,705 [FATAL] Updater:351 - Updater called before beeing initialized
2026-01-15 11:01:33,707 [FATAL] Updater:351 - Updater called before beeing initialized
2026-01-15 11:01:33,709 [FATAL] Updater:351 - Updater called before beeing initialized
2026-01-15 11:01:33,709 [WARN] DetailPanel:346 - Failed to get advertising image, set to default
2026-01-15 11:01:33,710 [FATAL] Updater:351 - Updater called before beeing initialized
2026-01-15 11:01:33,818 [ERROR] Updater:1198 - MainUpdater not yet initialized. External WinMGr cannot be set.
2026-01-15 11:01:33,839 [INFO] Updater:1134 - Updater Version found : 6.15.0
2026-01-15 11:01:33,868 [INFO] ApplicationProperties:184 - Using Application install path: C:\ST\STM32CubeIDE_1.16.1\STM32CubeIDE\plugins\com.st.stm32cube.common.mx_6.15.0.202507011659
2026-01-15 11:01:34,406 [INFO] ThirdPartyUpdaterWithRetryManager:70 - Updater plugin not ready yet. [3/15]
2026-01-15 11:01:35,484 [ERROR] LogOutputStream:75 - [STDERR_REDIRECT] Jan 15, 2026 11:01:35 AM java.util.prefs.WindowsPreferences <init>
2026-01-15 11:01:35,488 [ERROR] LogOutputStream:75 - [STDERR_REDIRECT] WARNING: Could not open/create prefs root node Software\JavaSoft\Prefs at root 0xffffffff80000002. Windows RegCreateKeyEx(...) returned error code 5.
2026-01-15 11:01:35,489 [ERROR] LogOutputStream:75 - [STDERR_REDIRECT] 
2026-01-15 11:01:36,714 [INFO] MainUpdater:2872 - connection check result : 10
2026-01-15 11:01:36,716 [INFO] MainUpdater:289 - Updater Check For Update Now.
2026-01-15 11:01:36,717 [INFO] MicroXplorer:498 - Change Database Version : DB.6.0.150
2026-01-15 11:01:36,764 [INFO] McuFinderGlobals:63 - Set McuFinder mode to 2 (CubeIDE integrated)
2026-01-15 11:01:36,783 [INFO] UserAuth:487 - Internet connection configuration mode: 1
2026-01-15 11:01:36,879 [INFO] JxBrowserEngine:152 - Initiate JxBrowser Engine with user profile folder
2026-01-15 11:01:37,094 [INFO] CheckServerUpdateThread:120 - End of CheckServer Thread
2026-01-15 11:01:37,844 [WARN] PackLoader:240 - Cannot read IP mode file for STMicroelectronics.FP-SNS-MOTENVWB1.1.4.0
2026-01-15 11:01:37,874 [WARN] PackLoader:240 - Cannot read IP mode file for STMicroelectronics.FP-ATR-ASTRA1.2.0.2
2026-01-15 11:01:37,883 [WARN] PackLoader:240 - Cannot read IP mode file for STMicroelectronics.FP-ATR-ASTRA1.2.0.1
2026-01-15 11:01:37,911 [WARN] PackLoader:240 - Cannot read IP mode file for STMicroelectronics.X-CUBE-SMBUS.2.1.0
2026-01-15 11:01:37,929 [WARN] PackLoader:240 - Cannot read IP mode file for STMicroelectronics.X-CUBE-WB05N.1.1.0
2026-01-15 11:01:37,947 [WARN] PackLoader:240 - Cannot read IP mode file for STMicroelectronics.X-CUBE-ST60.1.0.0
2026-01-15 11:01:38,059 [WARN] PackLoader:240 - Cannot read IP mode file for STMicroelectronics.X-CUBE-AZRTOS-F7.1.1.0
2026-01-15 11:01:38,312 [WARN] PackLoader:240 - Cannot read IP mode file for STMicroelectronics.X-CUBE-MEMS1.11.0.0
2026-01-15 11:01:38,669 [WARN] PackLoader:240 - Cannot read IP mode file for STMicroelectronics.FP-SNS-MOTENV1.5.1.0
2026-01-15 11:01:38,679 [WARN] PackLoader:240 - Cannot read IP mode file for STMicroelectronics.FP-SNS-FLIGHT1.5.0.2
2026-01-15 11:01:38,710 [WARN] PackLoader:240 - Cannot read IP mode file for STMicroelectronics.X-CUBE-AZRTOS-H7.3.4.0
2026-01-15 11:01:38,727 [WARN] PackLoader:240 - Cannot read IP mode file for STMicroelectronics.X-CUBE-DISPLAY.3.0.0
2026-01-15 11:01:38,741 [WARN] PackLoader:240 - Cannot read IP mode file for STMicroelectronics.X-CUBE-BLE1.7.0.0
2026-01-15 11:01:38,754 [WARN] PackLoader:240 - Cannot read IP mode file for STMicroelectronics.X-CUBE-NFC10.1.0.0
2026-01-15 11:01:38,773 [WARN] PackLoader:240 - Cannot read IP mode file for STMicroelectronics.X-CUBE-BLEMGR.4.0.0
2026-01-15 11:01:38,784 [WARN] PackLoader:240 - Cannot read IP mode file for STMicroelectronics.X-CUBE-ST60.1.1.0
2026-01-15 11:01:38,796 [WARN] PackLoader:240 - Cannot read IP mode file for emotas.I-CUBE-CANOPEN.1.3.0
2026-01-15 11:01:38,810 [WARN] PackLoader:240 - Cannot read IP mode file for STMicroelectronics.X-CUBE-GNSS1.7.1.0
2026-01-15 11:01:38,826 [WARN] PackLoader:240 - Cannot read IP mode file for STMicroelectronics.X-CUBE-BLEMGR.3.1.0
2026-01-15 11:01:38,836 [WARN] PackLoader:240 - Cannot read IP mode file for STMicroelectronics.X-CUBE-AI.10.0.0
2026-01-15 11:01:38,848 [WARN] PackLoader:240 - Cannot read IP mode file for STMicroelectronics.FP-SNS-STBOX1.2.1.0
2026-01-15 11:01:38,859 [WARN] PackLoader:240 - Cannot read IP mode file for STMicroelectronics.FP-SNS-SMARTAG2.1.2.0
2026-01-15 11:01:38,865 [WARN] PackLoader:240 - Cannot read IP mode file for STMicroelectronics.FP-SNS-FLIGHT1.5.1.0
2026-01-15 11:01:38,941 [WARN] PackLoader:240 - Cannot read IP mode file for STMicroelectronics.X-CUBE-MEMS1.11.1.0
2026-01-15 11:01:39,227 [INFO] LogOutputStream:77 - [STDOUT_REDIRECT] 1 : Invalid condition id : UX_CORESTACK_Condition cause : null
2026-01-15 11:01:39,231 [INFO] LogOutputStream:77 - [STDOUT_REDIRECT] 1 : Invalid condition id : UX_CORESTACK_Condition cause : null
2026-01-15 11:01:39,237 [INFO] LogOutputStream:77 - [STDOUT_REDIRECT] 1 : Invalid condition id : UX_CORESTACK_Condition cause : null
2026-01-15 11:01:39,241 [INFO] LogOutputStream:77 - [STDOUT_REDIRECT] 1 : Invalid condition id : UX_CORESTACK_Condition cause : null
2026-01-15 11:01:39,247 [INFO] LogOutputStream:77 - [STDOUT_REDIRECT] 1 : Invalid condition id : UX_CORESTACK_Condition cause : null
2026-01-15 11:01:39,256 [WARN] PackLoader:240 - Cannot read IP mode file for STMicroelectronics.X-CUBE-AZRTOS-WL.2.0.0
2026-01-15 11:01:39,273 [WARN] PackLoader:240 - Cannot read IP mode file for STMicroelectronics.FP-SNS-MOTENV1.5.0.0
2026-01-15 11:01:39,360 [WARN] PackLoader:240 - Cannot read IP mode file for STMicroelectronics.X-CUBE-AZRTOS-H7RS.1.2.0
2026-01-15 11:01:39,382 [WARN] PackLoader:240 - Cannot read IP mode file for wolfSSL.I-CUBE-wolfMQTT.1.19.0
2026-01-15 11:01:39,414 [WARN] PackLoader:240 - Cannot read IP mode file for WES.I-CUBE-Cesium.1.3.0
2026-01-15 11:01:39,425 [WARN] PackLoader:240 - Cannot read IP mode file for STMicroelectronics.X-CUBE-BLE2.3.3.0
2026-01-15 11:01:39,440 [WARN] PackLoader:240 - Cannot read IP mode file for STMicroelectronics.X-CUBE-NFC9.1.0.0
2026-01-15 11:01:39,450 [WARN] PackLoader:240 - Cannot read IP mode file for STMicroelectronics.X-CUBE-BLE1.7.1.0
2026-01-15 11:01:39,461 [WARN] PackLoader:240 - Cannot read IP mode file for STMicroelectronics.X-CUBE-TCPP.4.1.0
2026-01-15 11:01:39,476 [WARN] PackLoader:240 - Cannot read IP mode file for STMicroelectronics.X-CUBE-FREERTOS.1.4.0
2026-01-15 11:01:39,489 [WARN] PackLoader:240 - Cannot read IP mode file for STMicroelectronics.X-CUBE-EEPRMA1.5.2.0
2026-01-15 11:01:39,505 [WARN] PackLoader:240 - Cannot read IP mode file for STMicroelectronics.X-CUBE-ST67W61.1.1.0
2026-01-15 11:01:39,512 [WARN] PackLoader:240 - Cannot read IP mode file for STMicroelectronics.X-CUBE-AI.10.1.0
2026-01-15 11:01:39,575 [WARN] PackLoader:240 - Cannot read IP mode file for STMicroelectronics.X-CUBE-MEMS1.12.0.0
2026-01-15 11:01:39,796 [WARN] PackLoader:240 - Cannot read IP mode file for STMicroelectronics.X-CUBE-MEMS1.11.2.0
2026-01-15 11:01:40,012 [WARN] PackLoader:240 - Cannot read IP mode file for STMicroelectronics.X-CUBE-AZRTOS-G0.1.1.0
2026-01-15 11:01:40,027 [WARN] PackLoader:240 - Cannot read IP mode file for STMicroelectronics.X-CUBE-SAFEA1.1.2.2
2026-01-15 11:01:40,041 [WARN] PackLoader:240 - Cannot read IP mode file for STMicroelectronics.X-CUBE-NFC4.3.0.0
2026-01-15 11:01:40,067 [WARN] PackLoader:240 - Cannot read IP mode file for EmbeddedOffice.I-CUBE-FS-RTOS.1.0.1
2026-01-15 11:01:40,079 [WARN] PackLoader:240 - Cannot read IP mode file for STMicroelectronics.X-CUBE-WB05N.2.0.0
2026-01-15 11:01:40,093 [WARN] PackLoader:240 - Cannot read IP mode file for STMicroelectronics.X-CUBE-TCPP.4.2.0
2026-01-15 11:01:40,109 [WARN] PackLoader:240 - Cannot read IP mode file for RealThread.X-CUBE-RT-Thread_Nano.4.1.1
2026-01-15 11:01:40,119 [WARN] PackLoader:240 - Cannot read IP mode file for STMicroelectronics.FP-ATR-SIGFOX1.3.2.0
2026-01-15 11:01:40,131 [WARN] ConditionMgr:438 - getConditionDescription Invalid condition id : Cortex-A Device cause : null
2026-01-15 11:01:40,216 [WARN] ConditionMgr:1044 - genDependencies : Invalid condition id : Cortex-A Device cause : null
2026-01-15 11:01:40,217 [WARN] ConditionMgr:1044 - genDependencies : Invalid condition id : Cortex-A Device cause : null
2026-01-15 11:01:40,217 [WARN] ConditionMgr:1044 - genDependencies : Invalid condition id : Cortex-A Device cause : null
2026-01-15 11:01:40,230 [WARN] PackLoader:240 - Cannot read IP mode file for STMicroelectronics.X-CUBE-EEPRMA1.5.1.0
2026-01-15 11:01:40,244 [WARN] PackLoader:240 - Cannot read IP mode file for wolfSSL.I-CUBE-wolfSSL.5.7.4
2026-01-15 11:01:40,259 [WARN] PackLoader:240 - Cannot read IP mode file for ITTIA_DB.I-CUBE-ITTIADB.8.9.0
2026-01-15 11:01:40,287 [WARN] PackLoader:240 - Cannot read IP mode file for STMicroelectronics.X-CUBE-ST67W61.1.0.0
2026-01-15 11:01:40,298 [WARN] PackLoader:240 - Cannot read IP mode file for STMicroelectronics.X-CUBE-AI.10.2.0
2026-01-15 11:01:40,361 [WARN] PackLoader:240 - Cannot read IP mode file for SEGGER.I-CUBE-embOS.1.3.1
2026-01-15 11:01:40,454 [WARN] PackLoader:240 - Cannot read IP mode file for STMicroelectronics.X-CUBE-ALGOBUILD.1.4.0
2026-01-15 11:01:40,565 [WARN] PackLoader:240 - Cannot read IP mode file for STMicroelectronics.X-CUBE-MEMS1.11.3.0
2026-01-15 11:01:40,923 [WARN] PackLoader:240 - Cannot read IP mode file for STMicroelectronics.X-CUBE-AI.9.1.0
2026-01-15 11:01:40,935 [WARN] PackLoader:240 - Cannot read IP mode file for STMicroelectronics.X-CUBE-PM33A1.1.0.0
2026-01-15 11:01:40,963 [WARN] PackLoader:240 - Cannot read IP mode file for STMicroelectronics.X-CUBE-AZRTOS-F4.1.1.0
2026-01-15 11:01:40,983 [WARN] PackLoader:240 - Cannot read IP mode file for Avnet-IotConnect.X-CUBE-IoTC-DA16k-PMOD.1.0.0
2026-01-15 11:01:40,994 [WARN] PackLoader:240 - Cannot read IP mode file for STMicroelectronics.X-CUBE-ISPU.2.1.0
2026-01-15 11:01:41,017 [WARN] PackLoader:240 - Cannot read IP mode file for STMicroelectronics.X-CUBE-IPS.3.2.0
2026-01-15 11:01:41,033 [WARN] PackLoader:240 - Cannot read IP mode file for STMicroelectronics.X-CUBE-FREERTOS.1.2.0
2026-01-15 11:01:41,048 [WARN] PackLoader:240 - Cannot read IP mode file for STMicroelectronics.X-CUBE-NFC12.1.0.0
2026-01-15 11:01:41,079 [WARN] PackLoader:240 - Cannot read IP mode file for STMicroelectronics.X-CUBE-AZRTOS-L5.2.0.0
2026-01-15 11:01:41,121 [WARN] PackLoader:240 - Cannot read IP mode file for STMicroelectronics.X-CUBE-NFC6.3.1.0
2026-01-15 11:01:41,138 [WARN] PackLoader:240 - Cannot read IP mode file for STMicroelectronics.X-CUBE-DPower.1.2.0
2026-01-15 11:01:41,151 [WARN] PackLoader:240 - Cannot read IP mode file for STMicroelectronics.X-CUBE-FREERTOS.1.3.1
2026-01-15 11:01:41,158 [WARN] PackLoader:240 - Cannot read IP mode file for STMicroelectronics.X-CUBE-FREERTOS.1.3.0
2026-01-15 11:01:41,168 [WARN] PackLoader:240 - Cannot read IP mode file for STMicroelectronics.X-CUBE-NFC7.1.0.1
2026-01-15 11:01:41,193 [WARN] PackLoader:240 - Cannot read IP mode file for STMicroelectronics.X-CUBE-TOUCHGFX.4.26.0
2026-01-15 11:01:41,201 [WARN] PackLoader:240 - Cannot read IP mode file for STMicroelectronics.FP-SNS-STAIOTCFT.1.0.0
2026-01-15 11:01:41,211 [WARN] PackLoader:240 - Cannot read IP mode file for STMicroelectronics.X-CUBE-DPower.1.3.0
2026-01-15 11:01:41,240 [WARN] ConditionMgr:438 - getConditionDescription Invalid condition id : LAN8742 Phy interface Condition cause : null
2026-01-15 11:01:41,241 [WARN] PackLoader:240 - Cannot read IP mode file for STMicroelectronics.X-CUBE-AZRTOS-L4.2.0.0
2026-01-15 11:01:41,242 [WARN] ConditionMgr:1044 - genDependencies : Invalid condition id : LAN8742 Phy interface Condition cause : null
2026-01-15 11:01:41,242 [WARN] ConditionMgr:1044 - genDependencies : Invalid condition id : LAN8742 Phy interface Condition cause : null
2026-01-15 11:01:41,244 [WARN] ConditionMgr:1044 - genDependencies : Invalid condition id : LAN8742 Phy interface Condition cause : null
2026-01-15 11:01:41,256 [WARN] PackLoader:240 - Cannot read IP mode file for STMicroelectronics.X-CUBE-SFXS2LP1.4.0.0
2026-01-15 11:01:41,285 [WARN] PackLoader:240 - Cannot read IP mode file for STMicroelectronics.X-CUBE-AZRTOS-H7.3.3.0
2026-01-15 11:01:41,306 [WARN] PackLoader:240 - Cannot read IP mode file for STMicroelectronics.X-CUBE-BLEMGR.4.1.0
2026-01-15 11:01:41,319 [WARN] PackLoader:240 - Cannot read IP mode file for STMicroelectronics.X-CUBE-IPS.3.0.0
2026-01-15 11:01:41,345 [WARN] ConditionMgr:438 - getConditionDescription Invalid condition id : UX DEVICE CLASS RTOS Condition cause : null
2026-01-15 11:01:41,345 [WARN] ConditionMgr:438 - getConditionDescription Invalid condition id : UX DEVICE CLASS RTOS Condition cause : null
2026-01-15 11:01:41,351 [WARN] PackLoader:240 - Cannot read IP mode file for STMicroelectronics.X-CUBE-AZRTOS-WB.2.0.0
2026-01-15 11:01:41,353 [WARN] ConditionMgr:1044 - genDependencies : Invalid condition id : UX DEVICE CLASS RTOS Condition cause : null
2026-01-15 11:01:41,353 [WARN] ConditionMgr:1044 - genDependencies : Invalid condition id : UX DEVICE CLASS RTOS Condition cause : null
2026-01-15 11:01:41,354 [WARN] ConditionMgr:1044 - genDependencies : Invalid condition id : UX DEVICE CLASS RTOS Condition cause : null
2026-01-15 11:01:41,354 [WARN] ConditionMgr:1044 - genDependencies : Invalid condition id : UX DEVICE CLASS RTOS Condition cause : null
2026-01-15 11:01:41,355 [WARN] ConditionMgr:1044 - genDependencies : Invalid condition id : UX DEVICE CLASS RTOS Condition cause : null
2026-01-15 11:01:41,363 [WARN] PackLoader:240 - Cannot read IP mode file for STMicroelectronics.X-CUBE-GNSS1.7.0.0
2026-01-15 11:01:41,373 [WARN] PackLoader:240 - Cannot read IP mode file for STMicroelectronics.X-CUBE-GNSS1.7.0.1
2026-01-15 11:01:41,381 [WARN] PackLoader:240 - Cannot read IP mode file for STMicroelectronics.X-CUBE-TOUCHGFX.4.25.0
2026-01-15 11:01:41,390 [WARN] PackLoader:240 - Cannot read IP mode file for STMicroelectronics.FP-SNS-STBOX1.2.0.0
2026-01-15 11:01:41,413 [WARN] PackLoader:240 - Cannot read IP mode file for STMicroelectronics.X-CUBE-SUBG2.5.0.0
2026-01-15 11:01:41,449 [WARN] PackLoader:240 - Cannot read IP mode file for STMicroelectronics.X-CUBE-AZRTOS-H7RS.1.1.0
2026-01-15 11:01:41,468 [WARN] PackLoader:240 - Cannot read IP mode file for Cesanta.I-CUBE-Mongoose.7.13.0
2026-01-15 11:01:41,495 [WARN] PackLoader:240 - Cannot read IP mode file for STMicroelectronics.X-CUBE-AZRTOS-G4.2.0.0
2026-01-15 11:01:41,506 [WARN] PackLoader:240 - Cannot read IP mode file for STMicroelectronics.X-CUBE-NFC7.2.0.0
2026-01-15 11:01:41,522 [WARN] PackLoader:240 - Cannot read IP mode file for STMicroelectronics.X-CUBE-IPS.3.1.0
2026-01-15 11:01:41,538 [WARN] PackLoader:240 - Cannot read IP mode file for STMicroelectronics.X-CUBE-ALS.1.0.2
2026-01-15 11:01:41,544 [WARN] PackLoader:240 - Cannot read IP mode file for STMicroelectronics.X-CUBE-TOUCHGFX.4.24.2
2026-01-15 11:01:41,549 [WARN] PackLoader:240 - Cannot read IP mode file for STMicroelectronics.X-CUBE-TOUCHGFX.4.24.1
2026-01-15 11:01:41,560 [WARN] PackLoader:240 - Cannot read IP mode file for STMicroelectronics.X-CUBE-STSE01.1.0.0
2026-01-15 11:01:41,570 [WARN] PackLoader:240 - Cannot read IP mode file for wolfSSL.I-CUBE-wolfTPM.3.4.0
2026-01-15 11:01:41,579 [WARN] PackLoader:240 - Cannot read IP mode file for portGmbH.I-Cube-SoM-uGOAL.1.1.0
2026-01-15 11:01:41,605 [WARN] PackLoader:240 - Cannot read IP mode file for STMicroelectronics.X-CUBE-AZRTOS-H7RS.1.0.0
2026-01-15 11:01:41,615 [WARN] PackLoader:240 - Cannot read IP mode file for STMicroelectronics.FP-ATR-ASTRA1.2.0.0
2026-01-15 11:01:41,630 [WARN] PackLoader:240 - Cannot read IP mode file for STMicroelectronics.X-CUBE-TOF1.3.4.2
2026-01-15 11:01:41,660 [WARN] PackLoader:240 - Cannot read IP mode file for STMicroelectronics.X-CUBE-TOF1.3.4.3
2026-01-15 11:01:41,707 [WARN] PackLoader:240 - Cannot read IP mode file for Infineon.AIROC-Wi-Fi-Bluetooth-STM32.1.6.1
2026-01-15 11:01:41,720 [WARN] PackLoader:240 - Cannot read IP mode file for wolfSSL.I-CUBE-wolfSSH.1.4.17
2026-01-15 11:01:41,721 [INFO] ThirdParty:978 - Integrity check success = true
2026-01-15 11:01:41,721 [INFO] IntegrityCheckThread:100 - exiting critical section [integrity check]
2026-01-15 11:01:41,721 [INFO] IntegrityCheckThread:103 - End integrity checks thread
2026-01-15 11:01:42,615 [INFO] WebApp:169 - Instantiating new browser for Auth
2026-01-15 11:01:43,878 [INFO] WebApp:463 - Apply proxy settings
2026-01-15 11:01:43,878 [INFO] WebApp:548 - Chromium requires no authentication
2026-01-15 11:01:43,898 [INFO] WebApp:491 - Direct internet connection detected
2026-01-15 11:01:43,931 [INFO] WebApp:900 - Register for checkConnection events
2026-01-15 11:01:43,931 [INFO] WebApp:463 - Apply proxy settings
2026-01-15 11:01:43,931 [INFO] WebApp:548 - Chromium requires no authentication
2026-01-15 11:01:43,933 [INFO] WebApp:491 - Direct internet connection detected
2026-01-15 11:01:44,197 [INFO] WebApp:225 - Starting web application
2026-01-15 11:01:44,198 [INFO] WebApp:593 - Web application path used C:\ST\STM32CubeIDE_1.16.1\STM32CubeIDE\plugins\com.st.stm32cube.common.mx_6.15.0.202507011659\db\plugins\mcufinder\reactClient1\index.html
2026-01-15 11:01:44,483 [INFO] UserAuth:487 - Internet connection configuration mode: 1
2026-01-15 11:01:44,720 [INFO] WebApp:191 - Connection restablished
2026-01-15 11:02:46,756 [INFO] WebApp:194 - Connection lost
2026-01-15 11:02:46,980 [INFO] WebApp:191 - Connection restablished
2026-01-15 11:06:01,518 [INFO] WebApp:194 - Connection lost
2026-01-15 11:06:02,068 [INFO] WebApp:191 - Connection restablished
2026-01-15 11:08:26,403 [ERROR] LogOutputStream:75 - [STDERR_REDIRECT] 
2026-01-15 11:23:03,683 [INFO] Activator:176 - 


2026-01-15 11:23:03,685 [INFO] Activator:177 - !SESSION log4j initialized
2026-01-15 11:23:30,314 [INFO] LogOutputStream:77 - [STDOUT_REDIRECT] 
2026-01-15 11:23:40,233 [INFO] ApplicationProperties:184 - Using Application install path: C:\ST\STM32CubeIDE_1.16.1\STM32CubeIDE\plugins\com.st.stm32cube.common.mx_6.15.0.202507011659
2026-01-15 11:23:40,274 [INFO] DbMcusXml:78 - Set database path to: C:\ST\STM32CubeIDE_1.16.1\STM32CubeIDE\plugins\com.st.stm32cube.common.mx_6.15.0.202507011659\\db\/mcu/
2026-01-15 11:23:40,276 [INFO] ApiDb:274 - Set plugin database path to: C:\ST\STM32CubeIDE_1.16.1\STM32CubeIDE\plugins\com.st.stm32cube.common.mx_6.15.0.202507011659\\db\/plugins/boardmanager/
2026-01-15 11:23:40,276 [WARN] ApiDb:259 - Overriding images path with different value:  => C:\ST\STM32CubeIDE_1.16.1\STM32CubeIDE\plugins\com.st.stm32cube.common.mx_6.15.0.202507011659\\db\/plugins/mcufinder/images/
2026-01-15 11:23:40,292 [INFO] ApiDb:250 - Set database path to: C:\Users\Chinnapop\.stmcufinder\plugins\mcufinder//mcu/
2026-01-15 11:23:40,294 [INFO] DbMcusAds:125 - Set database path to: C:\Users\Chinnapop\.stmcufinder\plugins\mcufinder//mcu/
2026-01-15 11:23:40,298 [INFO] CrossReferenceDbSqlite:203 - Set database path to: C:\Users\Chinnapop\.stmcufinder\plugins\mcufinder//mcu/cs/
2026-01-15 11:23:40,749 [INFO] RulesReader:64 - Compatibility file has been processed (317 Rules)
2026-01-15 11:23:41,038 [INFO] DbMcusXml:78 - Set database path to: C:\ST\STM32CubeIDE_1.16.1\STM32CubeIDE\plugins\com.st.stm32cube.common.mx_6.15.0.202507011659\\db\/mcu/
2026-01-15 11:23:41,039 [INFO] ApiDb:274 - Set plugin database path to: C:\ST\STM32CubeIDE_1.16.1\STM32CubeIDE\plugins\com.st.stm32cube.common.mx_6.15.0.202507011659\\db\/plugins/boardmanager/
2026-01-15 11:23:41,039 [INFO] ApiDb:261 - Set plugin images path to: C:\ST\STM32CubeIDE_1.16.1\STM32CubeIDE\plugins\com.st.stm32cube.common.mx_6.15.0.202507011659\\db\/plugins/mcufinder/images/
2026-01-15 11:23:41,040 [WARN] DbFile:41 - Overriding database path with different value: C:\Users\Chinnapop\.stmcufinder\plugins\mcufinder/ => C:\Users\Chinnapop\.stmcufinder\plugins\mcufinder
2026-01-15 11:23:41,040 [INFO] ApiDb:250 - Set database path to: C:\Users\Chinnapop\.stmcufinder\plugins\mcufinder//mcu/
2026-01-15 11:23:41,040 [WARN] DbFile:41 - Overriding database path with different value: C:\Users\Chinnapop\.stmcufinder\plugins\mcufinder/ => C:\Users\Chinnapop\.stmcufinder\plugins\mcufinder
2026-01-15 11:23:41,041 [INFO] DbMcusAds:125 - Set database path to: C:\Users\Chinnapop\.stmcufinder\plugins\mcufinder//mcu/
2026-01-15 11:23:41,041 [WARN] DbFile:41 - Overriding database path with different value: C:\Users\Chinnapop\.stmcufinder\plugins\mcufinder/ => C:\Users\Chinnapop\.stmcufinder\plugins\mcufinder
2026-01-15 11:23:41,041 [WARN] DbFile:41 - Overriding database path with different value: C:\Users\Chinnapop\.stmcufinder\plugins\mcufinder/ => C:\Users\Chinnapop\.stmcufinder\plugins\mcufinder
2026-01-15 11:23:41,126 [INFO] CrossReferenceDbSqlite:203 - Set database path to: C:\Users\Chinnapop\.stmcufinder\plugins\mcufinder//mcu/cs/
2026-01-15 11:23:41,368 [INFO] MainPanel:274 - HeapMemory: 268435456
2026-01-15 11:23:41,775 [INFO] DbMcusXml:78 - Set database path to: C:\ST\STM32CubeIDE_1.16.1\STM32CubeIDE\plugins\com.st.stm32cube.common.mx_6.15.0.202507011659\\db\/mcu/
2026-01-15 11:23:41,775 [INFO] ApiDb:274 - Set plugin database path to: C:\ST\STM32CubeIDE_1.16.1\STM32CubeIDE\plugins\com.st.stm32cube.common.mx_6.15.0.202507011659\\db\/plugins/boardmanager/
2026-01-15 11:23:41,775 [INFO] ApiDb:261 - Set plugin images path to: C:\ST\STM32CubeIDE_1.16.1\STM32CubeIDE\plugins\com.st.stm32cube.common.mx_6.15.0.202507011659\\db\/plugins/mcufinder/images/
2026-01-15 11:23:41,775 [WARN] DbFile:41 - Overriding database path with different value: C:\Users\Chinnapop\.stmcufinder\plugins\mcufinder/ => C:\Users\Chinnapop\.stmcufinder\plugins\mcufinder
2026-01-15 11:23:41,775 [INFO] ApiDb:250 - Set database path to: C:\Users\Chinnapop\.stmcufinder\plugins\mcufinder//mcu/
2026-01-15 11:23:41,775 [WARN] DbFile:41 - Overriding database path with different value: C:\Users\Chinnapop\.stmcufinder\plugins\mcufinder/ => C:\Users\Chinnapop\.stmcufinder\plugins\mcufinder
2026-01-15 11:23:41,775 [INFO] DbMcusAds:125 - Set database path to: C:\Users\Chinnapop\.stmcufinder\plugins\mcufinder//mcu/
2026-01-15 11:23:41,775 [WARN] DbFile:41 - Overriding database path with different value: C:\Users\Chinnapop\.stmcufinder\plugins\mcufinder/ => C:\Users\Chinnapop\.stmcufinder\plugins\mcufinder
2026-01-15 11:23:41,775 [WARN] DbFile:41 - Overriding database path with different value: C:\Users\Chinnapop\.stmcufinder\plugins\mcufinder/ => C:\Users\Chinnapop\.stmcufinder\plugins\mcufinder
2026-01-15 11:23:41,775 [INFO] CrossReferenceDbSqlite:203 - Set database path to: C:\Users\Chinnapop\.stmcufinder\plugins\mcufinder//mcu/cs/
2026-01-15 11:23:41,837 [INFO] ApplicationProperties:184 - Using Application install path: C:\ST\STM32CubeIDE_1.16.1\STM32CubeIDE\plugins\com.st.stm32cube.common.mx_6.15.0.202507011659
2026-01-15 11:23:41,842 [INFO] PluginManage:196 - Search for loadable plugins [exclusion list=, ]
2026-01-15 11:23:41,846 [INFO] PluginManage:310 - Check plugin analytics
2026-01-15 11:23:47,249 [INFO] AnalyticsPlugin:253 - Accepted Software Licenses: 
2026-01-15 11:23:47,249 [INFO] AnalyticsPlugin:255 - Accepted CMSIS Pack Licenses: 
2026-01-15 11:23:47,250 [INFO] AnalyticsPlugin:257 - Accepted Firmware Licenses: FW.F7.1.17.0
2026-01-15 11:23:47,255 [INFO] PluginManage:359 - Loaded plugin analytics (category:tool,tabindex:-1)
2026-01-15 11:23:47,256 [INFO] PluginManage:310 - Check plugin cadmodel
2026-01-15 11:23:47,287 [INFO] CADModel:105 - Init CAD model plugin
2026-01-15 11:23:47,287 [INFO] PluginManage:359 - Loaded plugin cadmodel (category:power,tabindex:5)
2026-01-15 11:23:47,288 [INFO] PluginManage:310 - Check plugin clock
2026-01-15 11:23:47,359 [INFO] PluginManage:359 - Loaded plugin clock (category:base,tabindex:2)
2026-01-15 11:23:47,359 [INFO] PluginManage:310 - Check plugin ddr
2026-01-15 11:23:47,378 [INFO] PluginManage:359 - Loaded plugin ddr (category:tool,tabindex:6)
2026-01-15 11:23:47,380 [INFO] PluginManage:310 - Check plugin filemanager
2026-01-15 11:23:48,072 [INFO] PluginManage:359 - Loaded plugin filemanager (category:base,tabindex:10)
2026-01-15 11:23:48,082 [INFO] PluginManage:310 - Check plugin ipmanager
2026-01-15 11:23:48,102 [INFO] PluginManage:359 - Loaded plugin ipmanager (category:base,tabindex:5)
2026-01-15 11:23:48,103 [INFO] PluginManage:310 - Check plugin lpbam
2026-01-15 11:23:48,170 [INFO] PluginManage:359 - Loaded plugin lpbam (category:base,tabindex:0)
2026-01-15 11:23:48,172 [INFO] PluginManage:310 - Check plugin memorymap
2026-01-15 11:23:48,245 [INFO] PluginManage:359 - Loaded plugin memorymap (category:base,tabindex:4)
2026-01-15 11:23:48,247 [INFO] PluginManage:310 - Check plugin pinoutandconfiguration
2026-01-15 11:23:48,327 [INFO] PluginManage:359 - Loaded plugin pinoutandconfiguration (category:base,tabindex:1)
2026-01-15 11:23:48,327 [INFO] PluginManage:310 - Check plugin pinoutconfig
2026-01-15 11:23:48,571 [WARN] SupportedApi:132 - Cannot load RTOS API schema: s4s-elt-must-match.1: The content of 'definitions' must match (annotation?, (simpleType | complexType)?, (unique | key | keyref)*)). A problem was found starting at: attribute.
2026-01-15 11:23:48,956 [INFO] PluginManage:359 - Loaded plugin pinoutconfig (category:base,tabindex:0)
2026-01-15 11:23:48,956 [INFO] PluginManage:310 - Check plugin power
2026-01-15 11:23:49,004 [INFO] PluginManage:359 - Loaded plugin power (category:power,tabindex:4)
2026-01-15 11:23:49,004 [INFO] PluginManage:310 - Check plugin projectmanager
2026-01-15 11:23:49,036 [INFO] PluginManage:359 - Loaded plugin projectmanager (category:projectmanager,tabindex:4)
2026-01-15 11:23:49,036 [INFO] PluginManage:310 - Check plugin rif
2026-01-15 11:23:49,087 [INFO] PluginManage:359 - Loaded plugin rif (category:base,tabindex:3)
2026-01-15 11:23:49,088 [INFO] PluginManage:310 - Check plugin thirdparty
2026-01-15 11:23:50,022 [INFO] PluginManage:359 - Loaded plugin thirdparty (category:base,tabindex:-1)
2026-01-15 11:23:50,022 [WARN] IntegrityCheckThread:84 - waiting for thirdparty lock release [integrity check]
2026-01-15 11:23:50,023 [INFO] PluginManage:310 - Check plugin tools
2026-01-15 11:23:50,023 [INFO] IntegrityCheckThread:86 - entering critical section [integrity check]
2026-01-15 11:23:50,027 [INFO] ThirdPartyUpdaterWithRetryManager:70 - Updater plugin not ready yet. [1/15]
2026-01-15 11:23:50,176 [INFO] PluginManage:359 - Loaded plugin tools (category:base,tabindex:7)
2026-01-15 11:23:50,176 [INFO] PluginManage:310 - Check plugin tutovideos
2026-01-15 11:23:50,961 [INFO] PluginManage:359 - Loaded plugin tutovideos (category:base,tabindex:-1)
2026-01-15 11:23:50,961 [INFO] PluginManage:310 - Check plugin updater
2026-01-15 11:23:51,029 [INFO] PluginManage:359 - Loaded plugin updater (category:base,tabindex:12)
2026-01-15 11:23:51,029 [INFO] PluginManage:310 - Check plugin userauth
2026-01-15 11:23:51,047 [INFO] UserAuth:118 - Init User Auth plugin
2026-01-15 11:23:51,048 [INFO] PluginManage:359 - Loaded plugin userauth (category:base,tabindex:14)
2026-01-15 11:23:51,049 [INFO] PluginManage:283 - PluginManage : Loaded plugins [18]
2026-01-15 11:23:51,726 [INFO] PinOutPanel:1589 - setPackage(No Configuration,No Configuration)
2026-01-15 11:23:51,924 [INFO] CADModel:165 - CPN selected for project level
2026-01-15 11:23:51,925 [INFO] CADModel:114 - Register for checkConnection events
2026-01-15 11:23:51,977 [INFO] IPUIPlugin:80 - create IPUIPlugin
2026-01-15 11:23:51,978 [INFO] PluginManager:220 - loadIPPluginJar : add adc
2026-01-15 11:23:52,138 [INFO] IPUIPlugin:80 - create IPUIPlugin
2026-01-15 11:23:52,140 [INFO] PluginManager:220 - loadIPPluginJar : add aes
2026-01-15 11:23:52,326 [INFO] IPUIPlugin:80 - create IPUIPlugin
2026-01-15 11:23:52,326 [INFO] PluginManager:220 - loadIPPluginJar : add can
2026-01-15 11:23:52,431 [INFO] IPUIPlugin:80 - create IPUIPlugin
2026-01-15 11:23:52,431 [INFO] PluginManager:220 - loadIPPluginJar : add comp
2026-01-15 11:23:52,613 [INFO] IPUIPlugin:80 - create IPUIPlugin
2026-01-15 11:23:52,613 [INFO] PluginManager:220 - loadIPPluginJar : add cryp
2026-01-15 11:23:52,665 [INFO] IPUIPlugin:80 - create IPUIPlugin
2026-01-15 11:23:52,665 [INFO] PluginManager:220 - loadIPPluginJar : add ddr_ctrl_phy
2026-01-15 11:23:52,822 [INFO] IPUIPlugin:80 - create IPUIPlugin
2026-01-15 11:23:52,822 [INFO] PluginManager:220 - loadIPPluginJar : add dfsdm
2026-01-15 11:23:52,876 [INFO] IPUIPlugin:80 - create IPUIPlugin
2026-01-15 11:23:52,878 [INFO] PluginManager:220 - loadIPPluginJar : add dma
2026-01-15 11:23:53,038 [INFO] ThirdPartyUpdaterWithRetryManager:70 - Updater plugin not ready yet. [2/15]
2026-01-15 11:23:53,041 [INFO] IPUIPlugin:80 - create IPUIPlugin
2026-01-15 11:23:53,041 [INFO] PluginManager:220 - loadIPPluginJar : add dma3
2026-01-15 11:23:53,122 [INFO] IPUIPlugin:80 - create IPUIPlugin
2026-01-15 11:23:53,122 [INFO] PluginManager:220 - loadIPPluginJar : add extmemmanager
2026-01-15 11:23:53,155 [INFO] IPUIPlugin:80 - create IPUIPlugin
2026-01-15 11:23:53,155 [INFO] PluginManager:220 - loadIPPluginJar : add fatfs
2026-01-15 11:23:53,237 [INFO] IPUIPlugin:80 - create IPUIPlugin
2026-01-15 11:23:53,237 [INFO] PluginManager:220 - loadIPPluginJar : add fmc
2026-01-15 11:23:53,277 [INFO] IPUIPlugin:80 - create IPUIPlugin
2026-01-15 11:23:53,277 [INFO] PluginManager:220 - loadIPPluginJar : add freertos
2026-01-15 11:23:53,335 [INFO] IPUIPlugin:80 - create IPUIPlugin
2026-01-15 11:23:53,336 [INFO] PluginManager:220 - loadIPPluginJar : add genericplugin
2026-01-15 11:23:53,470 [INFO] IPUIPlugin:80 - create IPUIPlugin
2026-01-15 11:23:53,470 [INFO] PluginManager:220 - loadIPPluginJar : add gfxmmu
2026-01-15 11:23:53,720 [INFO] IPUIPlugin:80 - create IPUIPlugin
2026-01-15 11:23:53,720 [INFO] PluginManager:220 - loadIPPluginJar : add gic
2026-01-15 11:23:53,751 [INFO] IPUIPlugin:80 - create IPUIPlugin
2026-01-15 11:23:53,751 [INFO] PluginManager:220 - loadIPPluginJar : add gpio
2026-01-15 11:23:53,901 [INFO] IPUIPlugin:80 - create IPUIPlugin
2026-01-15 11:23:53,902 [INFO] PluginManager:220 - loadIPPluginJar : add gtzc
2026-01-15 11:23:53,963 [INFO] IPUIPlugin:80 - create IPUIPlugin
2026-01-15 11:23:53,963 [INFO] PluginManager:220 - loadIPPluginJar : add hash
2026-01-15 11:23:54,042 [INFO] IPUIPlugin:80 - create IPUIPlugin
2026-01-15 11:23:54,042 [INFO] PluginManager:220 - loadIPPluginJar : add i2c
2026-01-15 11:23:54,096 [INFO] IPUIPlugin:80 - create IPUIPlugin
2026-01-15 11:23:54,096 [INFO] PluginManager:220 - loadIPPluginJar : add i2s
2026-01-15 11:23:54,177 [INFO] IPUIPlugin:80 - create IPUIPlugin
2026-01-15 11:23:54,178 [INFO] PluginManager:220 - loadIPPluginJar : add i3c
2026-01-15 11:23:54,345 [INFO] IPUIPlugin:80 - create IPUIPlugin
2026-01-15 11:23:54,346 [INFO] PluginManager:220 - loadIPPluginJar : add ipddr
2026-01-15 11:23:54,499 [INFO] IPUIPlugin:80 - create IPUIPlugin
2026-01-15 11:23:54,500 [INFO] PluginManager:220 - loadIPPluginJar : add linkedlist
2026-01-15 11:23:54,562 [INFO] IPUIPlugin:80 - create IPUIPlugin
2026-01-15 11:23:54,562 [INFO] PluginManager:220 - loadIPPluginJar : add lorawan
2026-01-15 11:23:54,633 [INFO] IPUIPlugin:80 - create IPUIPlugin
2026-01-15 11:23:54,633 [INFO] PluginManager:220 - loadIPPluginJar : add ltdc
2026-01-15 11:23:54,650 [INFO] IPUIPlugin:80 - create IPUIPlugin
2026-01-15 11:23:54,650 [INFO] PluginManager:220 - loadIPPluginJar : add mdma
2026-01-15 11:23:54,667 [INFO] IPUIPlugin:80 - create IPUIPlugin
2026-01-15 11:23:54,667 [INFO] PluginManager:220 - loadIPPluginJar : add nvic
2026-01-15 11:23:54,733 [INFO] IPUIPlugin:80 - create IPUIPlugin
2026-01-15 11:23:54,733 [INFO] PluginManager:220 - loadIPPluginJar : add opamp
2026-01-15 11:23:54,823 [INFO] IPUIPlugin:80 - create IPUIPlugin
2026-01-15 11:23:54,823 [INFO] PluginManager:220 - loadIPPluginJar : add openamp
2026-01-15 11:23:54,879 [INFO] IPUIPlugin:80 - create IPUIPlugin
2026-01-15 11:23:54,880 [INFO] PluginManager:220 - loadIPPluginJar : add pdm2pcm
2026-01-15 11:23:54,900 [INFO] IPUIPlugin:80 - create IPUIPlugin
2026-01-15 11:23:54,902 [INFO] PluginManager:220 - loadIPPluginJar : add plateformsettings
2026-01-15 11:23:54,935 [INFO] IPUIPlugin:80 - create IPUIPlugin
2026-01-15 11:23:54,936 [INFO] PluginManager:220 - loadIPPluginJar : add quadspi
2026-01-15 11:23:54,974 [INFO] IPUIPlugin:80 - create IPUIPlugin
2026-01-15 11:23:54,974 [INFO] PluginManager:220 - loadIPPluginJar : add radio
2026-01-15 11:23:54,992 [INFO] IPUIPlugin:80 - create IPUIPlugin
2026-01-15 11:23:54,992 [INFO] PluginManager:220 - loadIPPluginJar : add resmgrutility
2026-01-15 11:23:55,061 [INFO] IPUIPlugin:80 - create IPUIPlugin
2026-01-15 11:23:55,061 [INFO] PluginManager:220 - loadIPPluginJar : add sai
2026-01-15 11:23:55,108 [INFO] IPUIPlugin:80 - create IPUIPlugin
2026-01-15 11:23:55,109 [INFO] PluginManager:220 - loadIPPluginJar : add spi
2026-01-15 11:23:55,201 [INFO] IPUIPlugin:80 - create IPUIPlugin
2026-01-15 11:23:55,201 [INFO] PluginManager:220 - loadIPPluginJar : add stm32_wpan
2026-01-15 11:23:55,236 [INFO] IPUIPlugin:80 - create IPUIPlugin
2026-01-15 11:23:55,236 [INFO] PluginManager:220 - loadIPPluginJar : add tim
2026-01-15 11:23:55,337 [INFO] IPUIPlugin:80 - create IPUIPlugin
2026-01-15 11:23:55,337 [INFO] PluginManager:220 - loadIPPluginJar : add touchsensing
2026-01-15 11:23:55,381 [INFO] IPUIPlugin:80 - create IPUIPlugin
2026-01-15 11:23:55,381 [INFO] PluginManager:220 - loadIPPluginJar : add tracer_emb
2026-01-15 11:23:55,432 [INFO] IPUIPlugin:80 - create IPUIPlugin
2026-01-15 11:23:55,432 [INFO] PluginManager:220 - loadIPPluginJar : add ts
2026-01-15 11:23:55,483 [INFO] IPUIPlugin:80 - create IPUIPlugin
2026-01-15 11:23:55,484 [INFO] PluginManager:220 - loadIPPluginJar : add tsc
2026-01-15 11:23:55,523 [INFO] IPUIPlugin:80 - create IPUIPlugin
2026-01-15 11:23:55,524 [INFO] PluginManager:220 - loadIPPluginJar : add ucpd
2026-01-15 11:23:55,586 [INFO] IPUIPlugin:80 - create IPUIPlugin
2026-01-15 11:23:55,586 [INFO] PluginManager:220 - loadIPPluginJar : add usart
2026-01-15 11:23:55,649 [INFO] IPUIPlugin:80 - create IPUIPlugin
2026-01-15 11:23:55,650 [INFO] PluginManager:220 - loadIPPluginJar : add usbx
2026-01-15 11:23:55,802 [FATAL] Updater:351 - Updater called before beeing initialized
2026-01-15 11:23:55,827 [INFO] RulesReader:64 - Compatibility file has been processed (317 Rules)
2026-01-15 11:23:55,841 [INFO] RulesReader:64 - Compatibility file has been processed (317 Rules)
2026-01-15 11:23:55,854 [INFO] CADModel:165 - CPN selected for project level
2026-01-15 11:23:55,855 [INFO] CADModel:114 - Register for checkConnection events
2026-01-15 11:23:55,855 [FATAL] Updater:351 - Updater called before beeing initialized
2026-01-15 11:23:55,855 [ERROR] CADModel:125 - Updater not yet initialized, retry later 
2026-01-15 11:23:56,022 [FATAL] Updater:351 - Updater called before beeing initialized
2026-01-15 11:23:56,024 [INFO] CADModel:165 - CPN selected for project level
2026-01-15 11:23:56,024 [INFO] CADModel:114 - Register for checkConnection events
2026-01-15 11:23:56,024 [FATAL] Updater:351 - Updater called before beeing initialized
2026-01-15 11:23:56,025 [ERROR] CADModel:125 - Updater not yet initialized, retry later 
2026-01-15 11:23:56,028 [FATAL] Updater:351 - Updater called before beeing initialized
2026-01-15 11:23:56,040 [INFO] ThirdPartyUpdaterWithRetryManager:70 - Updater plugin not ready yet. [3/15]
2026-01-15 11:23:56,219 [FATAL] Updater:351 - Updater called before beeing initialized
2026-01-15 11:23:56,259 [INFO] DbMcusAds:53 - JSON generation date=Thu Jan 08 22:56:32 ICT 2026 (1767887792457)
2026-01-15 11:23:56,260 [FATAL] Updater:351 - Updater called before beeing initialized
2026-01-15 11:23:56,349 [WARN] DetailPanel:346 - Failed to get advertising image, set to default
2026-01-15 11:23:56,429 [FATAL] Updater:351 - Updater called before beeing initialized
2026-01-15 11:23:56,431 [FATAL] Updater:351 - Updater called before beeing initialized
2026-01-15 11:23:56,431 [FATAL] Updater:351 - Updater called before beeing initialized
2026-01-15 11:23:56,431 [WARN] DetailPanel:346 - Failed to get advertising image, set to default
2026-01-15 11:23:56,432 [FATAL] Updater:351 - Updater called before beeing initialized
2026-01-15 11:23:56,499 [ERROR] Updater:1198 - MainUpdater not yet initialized. External WinMGr cannot be set.
2026-01-15 11:23:56,514 [INFO] Updater:1134 - Updater Version found : 6.15.0
2026-01-15 11:23:56,538 [INFO] ApplicationProperties:184 - Using Application install path: C:\ST\STM32CubeIDE_1.16.1\STM32CubeIDE\plugins\com.st.stm32cube.common.mx_6.15.0.202507011659
2026-01-15 11:23:58,131 [ERROR] LogOutputStream:75 - [STDERR_REDIRECT] Jan 15, 2026 11:23:58 AM java.util.prefs.WindowsPreferences <init>
2026-01-15 11:23:58,133 [ERROR] LogOutputStream:75 - [STDERR_REDIRECT] WARNING: Could not open/create prefs root node Software\JavaSoft\Prefs at root 0xffffffff80000002. Windows RegCreateKeyEx(...) returned error code 5.
2026-01-15 11:23:58,134 [ERROR] LogOutputStream:75 - [STDERR_REDIRECT] 
2026-01-15 11:23:58,694 [INFO] MainUpdater:2872 - connection check result : 10
2026-01-15 11:23:58,695 [INFO] MainUpdater:289 - Updater Check For Update Now.
2026-01-15 11:23:58,695 [INFO] MicroXplorer:498 - Change Database Version : DB.6.0.150
2026-01-15 11:23:58,747 [INFO] McuFinderGlobals:63 - Set McuFinder mode to 2 (CubeIDE integrated)
2026-01-15 11:23:58,771 [INFO] UserAuth:487 - Internet connection configuration mode: 1
2026-01-15 11:23:58,853 [INFO] JxBrowserEngine:152 - Initiate JxBrowser Engine with user profile folder
2026-01-15 11:23:58,999 [INFO] CheckServerUpdateThread:120 - End of CheckServer Thread
2026-01-15 11:23:59,495 [WARN] PackLoader:240 - Cannot read IP mode file for STMicroelectronics.FP-SNS-MOTENVWB1.1.4.0
2026-01-15 11:23:59,524 [WARN] PackLoader:240 - Cannot read IP mode file for STMicroelectronics.FP-ATR-ASTRA1.2.0.2
2026-01-15 11:23:59,539 [WARN] PackLoader:240 - Cannot read IP mode file for STMicroelectronics.FP-ATR-ASTRA1.2.0.1
2026-01-15 11:23:59,577 [WARN] PackLoader:240 - Cannot read IP mode file for STMicroelectronics.X-CUBE-SMBUS.2.1.0
2026-01-15 11:23:59,601 [WARN] PackLoader:240 - Cannot read IP mode file for STMicroelectronics.X-CUBE-WB05N.1.1.0
2026-01-15 11:23:59,619 [WARN] PackLoader:240 - Cannot read IP mode file for STMicroelectronics.X-CUBE-ST60.1.0.0
2026-01-15 11:23:59,681 [WARN] PackLoader:240 - Cannot read IP mode file for STMicroelectronics.X-CUBE-AZRTOS-F7.1.1.0
2026-01-15 11:23:59,761 [WARN] PackLoader:240 - Cannot read IP mode file for STMicroelectronics.X-CUBE-MEMS1.11.0.0
2026-01-15 11:23:59,892 [WARN] PackLoader:240 - Cannot read IP mode file for STMicroelectronics.FP-SNS-MOTENV1.5.1.0
2026-01-15 11:23:59,912 [WARN] PackLoader:240 - Cannot read IP mode file for STMicroelectronics.FP-SNS-FLIGHT1.5.0.2
2026-01-15 11:23:59,946 [WARN] PackLoader:240 - Cannot read IP mode file for STMicroelectronics.X-CUBE-AZRTOS-H7.3.4.0
2026-01-15 11:23:59,968 [WARN] PackLoader:240 - Cannot read IP mode file for STMicroelectronics.X-CUBE-DISPLAY.3.0.0
2026-01-15 11:23:59,988 [WARN] PackLoader:240 - Cannot read IP mode file for STMicroelectronics.X-CUBE-BLE1.7.0.0
2026-01-15 11:24:00,009 [WARN] PackLoader:240 - Cannot read IP mode file for STMicroelectronics.X-CUBE-NFC10.1.0.0
2026-01-15 11:24:00,033 [WARN] PackLoader:240 - Cannot read IP mode file for STMicroelectronics.X-CUBE-BLEMGR.4.0.0
2026-01-15 11:24:00,052 [WARN] PackLoader:240 - Cannot read IP mode file for STMicroelectronics.X-CUBE-ST60.1.1.0
2026-01-15 11:24:00,070 [WARN] PackLoader:240 - Cannot read IP mode file for emotas.I-CUBE-CANOPEN.1.3.0
2026-01-15 11:24:00,089 [WARN] PackLoader:240 - Cannot read IP mode file for STMicroelectronics.X-CUBE-GNSS1.7.1.0
2026-01-15 11:24:00,115 [WARN] PackLoader:240 - Cannot read IP mode file for STMicroelectronics.X-CUBE-BLEMGR.3.1.0
2026-01-15 11:24:00,134 [WARN] PackLoader:240 - Cannot read IP mode file for STMicroelectronics.X-CUBE-AI.10.0.0
2026-01-15 11:24:00,153 [WARN] PackLoader:240 - Cannot read IP mode file for STMicroelectronics.FP-SNS-STBOX1.2.1.0
2026-01-15 11:24:00,173 [WARN] PackLoader:240 - Cannot read IP mode file for STMicroelectronics.FP-SNS-SMARTAG2.1.2.0
2026-01-15 11:24:00,190 [WARN] PackLoader:240 - Cannot read IP mode file for STMicroelectronics.FP-SNS-FLIGHT1.5.1.0
2026-01-15 11:24:00,265 [WARN] PackLoader:240 - Cannot read IP mode file for STMicroelectronics.X-CUBE-MEMS1.11.1.0
2026-01-15 11:24:00,434 [INFO] LogOutputStream:77 - [STDOUT_REDIRECT] 1 : Invalid condition id : UX_CORESTACK_Condition cause : null
2026-01-15 11:24:00,436 [INFO] LogOutputStream:77 - [STDOUT_REDIRECT] 1 : Invalid condition id : UX_CORESTACK_Condition cause : null
2026-01-15 11:24:00,438 [INFO] LogOutputStream:77 - [STDOUT_REDIRECT] 1 : Invalid condition id : UX_CORESTACK_Condition cause : null
2026-01-15 11:24:00,439 [INFO] LogOutputStream:77 - [STDOUT_REDIRECT] 1 : Invalid condition id : UX_CORESTACK_Condition cause : null
2026-01-15 11:24:00,441 [INFO] LogOutputStream:77 - [STDOUT_REDIRECT] 1 : Invalid condition id : UX_CORESTACK_Condition cause : null
2026-01-15 11:24:00,443 [WARN] PackLoader:240 - Cannot read IP mode file for STMicroelectronics.X-CUBE-AZRTOS-WL.2.0.0
2026-01-15 11:24:00,464 [WARN] PackLoader:240 - Cannot read IP mode file for STMicroelectronics.FP-SNS-MOTENV1.5.0.0
2026-01-15 11:24:00,505 [WARN] PackLoader:240 - Cannot read IP mode file for STMicroelectronics.X-CUBE-AZRTOS-H7RS.1.2.0
2026-01-15 11:24:00,526 [WARN] PackLoader:240 - Cannot read IP mode file for wolfSSL.I-CUBE-wolfMQTT.1.19.0
2026-01-15 11:24:00,554 [WARN] PackLoader:240 - Cannot read IP mode file for WES.I-CUBE-Cesium.1.3.0
2026-01-15 11:24:00,574 [WARN] PackLoader:240 - Cannot read IP mode file for STMicroelectronics.X-CUBE-BLE2.3.3.0
2026-01-15 11:24:00,594 [WARN] PackLoader:240 - Cannot read IP mode file for STMicroelectronics.X-CUBE-NFC9.1.0.0
2026-01-15 11:24:00,614 [WARN] PackLoader:240 - Cannot read IP mode file for STMicroelectronics.X-CUBE-BLE1.7.1.0
2026-01-15 11:24:00,633 [WARN] PackLoader:240 - Cannot read IP mode file for STMicroelectronics.X-CUBE-TCPP.4.1.0
2026-01-15 11:24:00,655 [WARN] PackLoader:240 - Cannot read IP mode file for STMicroelectronics.X-CUBE-FREERTOS.1.4.0
2026-01-15 11:24:00,748 [WARN] PackLoader:240 - Cannot read IP mode file for STMicroelectronics.X-CUBE-EEPRMA1.5.2.0
2026-01-15 11:24:00,771 [WARN] PackLoader:240 - Cannot read IP mode file for STMicroelectronics.X-CUBE-ST67W61.1.1.0
2026-01-15 11:24:00,789 [WARN] PackLoader:240 - Cannot read IP mode file for STMicroelectronics.X-CUBE-AI.10.1.0
2026-01-15 11:24:00,836 [WARN] PackLoader:240 - Cannot read IP mode file for STMicroelectronics.X-CUBE-MEMS1.12.0.0
2026-01-15 11:24:00,974 [WARN] PackLoader:240 - Cannot read IP mode file for STMicroelectronics.X-CUBE-MEMS1.11.2.0
2026-01-15 11:24:01,129 [WARN] PackLoader:240 - Cannot read IP mode file for STMicroelectronics.X-CUBE-AZRTOS-G0.1.1.0
2026-01-15 11:24:01,162 [WARN] PackLoader:240 - Cannot read IP mode file for STMicroelectronics.X-CUBE-SAFEA1.1.2.2
2026-01-15 11:24:01,192 [WARN] PackLoader:240 - Cannot read IP mode file for STMicroelectronics.X-CUBE-NFC4.3.0.0
2026-01-15 11:24:01,233 [WARN] PackLoader:240 - Cannot read IP mode file for EmbeddedOffice.I-CUBE-FS-RTOS.1.0.1
2026-01-15 11:24:01,261 [WARN] PackLoader:240 - Cannot read IP mode file for STMicroelectronics.X-CUBE-WB05N.2.0.0
2026-01-15 11:24:01,291 [WARN] PackLoader:240 - Cannot read IP mode file for STMicroelectronics.X-CUBE-TCPP.4.2.0
2026-01-15 11:24:01,316 [WARN] PackLoader:240 - Cannot read IP mode file for RealThread.X-CUBE-RT-Thread_Nano.4.1.1
2026-01-15 11:24:01,337 [WARN] PackLoader:240 - Cannot read IP mode file for STMicroelectronics.FP-ATR-SIGFOX1.3.2.0
2026-01-15 11:24:01,357 [WARN] ConditionMgr:438 - getConditionDescription Invalid condition id : Cortex-A Device cause : null
2026-01-15 11:24:01,400 [WARN] ConditionMgr:1044 - genDependencies : Invalid condition id : Cortex-A Device cause : null
2026-01-15 11:24:01,401 [WARN] ConditionMgr:1044 - genDependencies : Invalid condition id : Cortex-A Device cause : null
2026-01-15 11:24:01,401 [WARN] ConditionMgr:1044 - genDependencies : Invalid condition id : Cortex-A Device cause : null
2026-01-15 11:24:01,422 [WARN] PackLoader:240 - Cannot read IP mode file for STMicroelectronics.X-CUBE-EEPRMA1.5.1.0
2026-01-15 11:24:01,443 [WARN] PackLoader:240 - Cannot read IP mode file for wolfSSL.I-CUBE-wolfSSL.5.7.4
2026-01-15 11:24:01,465 [WARN] PackLoader:240 - Cannot read IP mode file for ITTIA_DB.I-CUBE-ITTIADB.8.9.0
2026-01-15 11:24:01,494 [WARN] PackLoader:240 - Cannot read IP mode file for STMicroelectronics.X-CUBE-ST67W61.1.0.0
2026-01-15 11:24:01,514 [WARN] PackLoader:240 - Cannot read IP mode file for STMicroelectronics.X-CUBE-AI.10.2.0
2026-01-15 11:24:01,567 [WARN] PackLoader:240 - Cannot read IP mode file for SEGGER.I-CUBE-embOS.1.3.1
2026-01-15 11:24:01,609 [WARN] PackLoader:240 - Cannot read IP mode file for STMicroelectronics.X-CUBE-ALGOBUILD.1.4.0
2026-01-15 11:24:01,660 [WARN] PackLoader:240 - Cannot read IP mode file for STMicroelectronics.X-CUBE-MEMS1.11.3.0
2026-01-15 11:24:01,752 [WARN] PackLoader:240 - Cannot read IP mode file for STMicroelectronics.X-CUBE-AI.9.1.0
2026-01-15 11:24:01,769 [WARN] PackLoader:240 - Cannot read IP mode file for STMicroelectronics.X-CUBE-PM33A1.1.0.0
2026-01-15 11:24:01,800 [WARN] PackLoader:240 - Cannot read IP mode file for STMicroelectronics.X-CUBE-AZRTOS-F4.1.1.0
2026-01-15 11:24:01,820 [WARN] PackLoader:240 - Cannot read IP mode file for Avnet-IotConnect.X-CUBE-IoTC-DA16k-PMOD.1.0.0
2026-01-15 11:24:01,836 [WARN] PackLoader:240 - Cannot read IP mode file for STMicroelectronics.X-CUBE-ISPU.2.1.0
2026-01-15 11:24:01,860 [WARN] PackLoader:240 - Cannot read IP mode file for STMicroelectronics.X-CUBE-IPS.3.2.0
2026-01-15 11:24:01,893 [WARN] PackLoader:240 - Cannot read IP mode file for STMicroelectronics.X-CUBE-FREERTOS.1.2.0
2026-01-15 11:24:01,914 [WARN] PackLoader:240 - Cannot read IP mode file for STMicroelectronics.X-CUBE-NFC12.1.0.0
2026-01-15 11:24:01,943 [WARN] PackLoader:240 - Cannot read IP mode file for STMicroelectronics.X-CUBE-AZRTOS-L5.2.0.0
2026-01-15 11:24:01,963 [WARN] PackLoader:240 - Cannot read IP mode file for STMicroelectronics.X-CUBE-NFC6.3.1.0
2026-01-15 11:24:01,982 [WARN] PackLoader:240 - Cannot read IP mode file for STMicroelectronics.X-CUBE-DPower.1.2.0
2026-01-15 11:24:01,998 [WARN] PackLoader:240 - Cannot read IP mode file for STMicroelectronics.X-CUBE-FREERTOS.1.3.1
2026-01-15 11:24:02,013 [WARN] PackLoader:240 - Cannot read IP mode file for STMicroelectronics.X-CUBE-FREERTOS.1.3.0
2026-01-15 11:24:02,030 [WARN] PackLoader:240 - Cannot read IP mode file for STMicroelectronics.X-CUBE-NFC7.1.0.1
2026-01-15 11:24:02,053 [WARN] PackLoader:240 - Cannot read IP mode file for STMicroelectronics.X-CUBE-TOUCHGFX.4.26.0
2026-01-15 11:24:02,074 [WARN] PackLoader:240 - Cannot read IP mode file for STMicroelectronics.FP-SNS-STAIOTCFT.1.0.0
2026-01-15 11:24:02,090 [WARN] PackLoader:240 - Cannot read IP mode file for STMicroelectronics.X-CUBE-DPower.1.3.0
2026-01-15 11:24:02,120 [WARN] ConditionMgr:438 - getConditionDescription Invalid condition id : LAN8742 Phy interface Condition cause : null
2026-01-15 11:24:02,120 [WARN] PackLoader:240 - Cannot read IP mode file for STMicroelectronics.X-CUBE-AZRTOS-L4.2.0.0
2026-01-15 11:24:02,121 [WARN] ConditionMgr:1044 - genDependencies : Invalid condition id : LAN8742 Phy interface Condition cause : null
2026-01-15 11:24:02,121 [WARN] ConditionMgr:1044 - genDependencies : Invalid condition id : LAN8742 Phy interface Condition cause : null
2026-01-15 11:24:02,122 [WARN] ConditionMgr:1044 - genDependencies : Invalid condition id : LAN8742 Phy interface Condition cause : null
2026-01-15 11:24:02,141 [WARN] PackLoader:240 - Cannot read IP mode file for STMicroelectronics.X-CUBE-SFXS2LP1.4.0.0
2026-01-15 11:24:02,181 [WARN] PackLoader:240 - Cannot read IP mode file for STMicroelectronics.X-CUBE-AZRTOS-H7.3.3.0
2026-01-15 11:24:02,210 [WARN] PackLoader:240 - Cannot read IP mode file for STMicroelectronics.X-CUBE-BLEMGR.4.1.0
2026-01-15 11:24:02,255 [WARN] PackLoader:240 - Cannot read IP mode file for STMicroelectronics.X-CUBE-IPS.3.0.0
2026-01-15 11:24:02,286 [WARN] ConditionMgr:438 - getConditionDescription Invalid condition id : UX DEVICE CLASS RTOS Condition cause : null
2026-01-15 11:24:02,286 [WARN] ConditionMgr:438 - getConditionDescription Invalid condition id : UX DEVICE CLASS RTOS Condition cause : null
2026-01-15 11:24:02,288 [WARN] PackLoader:240 - Cannot read IP mode file for STMicroelectronics.X-CUBE-AZRTOS-WB.2.0.0
2026-01-15 11:24:02,289 [WARN] ConditionMgr:1044 - genDependencies : Invalid condition id : UX DEVICE CLASS RTOS Condition cause : null
2026-01-15 11:24:02,289 [WARN] ConditionMgr:1044 - genDependencies : Invalid condition id : UX DEVICE CLASS RTOS Condition cause : null
2026-01-15 11:24:02,289 [WARN] ConditionMgr:1044 - genDependencies : Invalid condition id : UX DEVICE CLASS RTOS Condition cause : null
2026-01-15 11:24:02,290 [WARN] ConditionMgr:1044 - genDependencies : Invalid condition id : UX DEVICE CLASS RTOS Condition cause : null
2026-01-15 11:24:02,290 [WARN] ConditionMgr:1044 - genDependencies : Invalid condition id : UX DEVICE CLASS RTOS Condition cause : null
2026-01-15 11:24:02,310 [WARN] PackLoader:240 - Cannot read IP mode file for STMicroelectronics.X-CUBE-GNSS1.7.0.0
2026-01-15 11:24:02,327 [WARN] PackLoader:240 - Cannot read IP mode file for STMicroelectronics.X-CUBE-GNSS1.7.0.1
2026-01-15 11:24:02,345 [WARN] PackLoader:240 - Cannot read IP mode file for STMicroelectronics.X-CUBE-TOUCHGFX.4.25.0
2026-01-15 11:24:02,362 [WARN] PackLoader:240 - Cannot read IP mode file for STMicroelectronics.FP-SNS-STBOX1.2.0.0
2026-01-15 11:24:02,384 [WARN] PackLoader:240 - Cannot read IP mode file for STMicroelectronics.X-CUBE-SUBG2.5.0.0
2026-01-15 11:24:02,419 [WARN] PackLoader:240 - Cannot read IP mode file for STMicroelectronics.X-CUBE-AZRTOS-H7RS.1.1.0
2026-01-15 11:24:02,443 [WARN] PackLoader:240 - Cannot read IP mode file for Cesanta.I-CUBE-Mongoose.7.13.0
2026-01-15 11:24:02,472 [WARN] PackLoader:240 - Cannot read IP mode file for STMicroelectronics.X-CUBE-AZRTOS-G4.2.0.0
2026-01-15 11:24:02,491 [WARN] PackLoader:240 - Cannot read IP mode file for STMicroelectronics.X-CUBE-NFC7.2.0.0
2026-01-15 11:24:02,516 [WARN] PackLoader:240 - Cannot read IP mode file for STMicroelectronics.X-CUBE-IPS.3.1.0
2026-01-15 11:24:02,540 [WARN] PackLoader:240 - Cannot read IP mode file for STMicroelectronics.X-CUBE-ALS.1.0.2
2026-01-15 11:24:02,559 [WARN] PackLoader:240 - Cannot read IP mode file for STMicroelectronics.X-CUBE-TOUCHGFX.4.24.2
2026-01-15 11:24:02,577 [WARN] PackLoader:240 - Cannot read IP mode file for STMicroelectronics.X-CUBE-TOUCHGFX.4.24.1
2026-01-15 11:24:02,595 [WARN] PackLoader:240 - Cannot read IP mode file for STMicroelectronics.X-CUBE-STSE01.1.0.0
2026-01-15 11:24:02,614 [WARN] PackLoader:240 - Cannot read IP mode file for wolfSSL.I-CUBE-wolfTPM.3.4.0
2026-01-15 11:24:02,631 [WARN] PackLoader:240 - Cannot read IP mode file for portGmbH.I-Cube-SoM-uGOAL.1.1.0
2026-01-15 11:24:02,660 [WARN] PackLoader:240 - Cannot read IP mode file for STMicroelectronics.X-CUBE-AZRTOS-H7RS.1.0.0
2026-01-15 11:24:02,678 [WARN] PackLoader:240 - Cannot read IP mode file for STMicroelectronics.FP-ATR-ASTRA1.2.0.0
2026-01-15 11:24:02,701 [WARN] PackLoader:240 - Cannot read IP mode file for STMicroelectronics.X-CUBE-TOF1.3.4.2
2026-01-15 11:24:02,728 [WARN] PackLoader:240 - Cannot read IP mode file for STMicroelectronics.X-CUBE-TOF1.3.4.3
2026-01-15 11:24:02,759 [WARN] PackLoader:240 - Cannot read IP mode file for Infineon.AIROC-Wi-Fi-Bluetooth-STM32.1.6.1
2026-01-15 11:24:02,777 [WARN] PackLoader:240 - Cannot read IP mode file for wolfSSL.I-CUBE-wolfSSH.1.4.17
2026-01-15 11:24:02,778 [INFO] ThirdParty:978 - Integrity check success = true
2026-01-15 11:24:02,778 [INFO] IntegrityCheckThread:100 - exiting critical section [integrity check]
2026-01-15 11:24:02,778 [INFO] IntegrityCheckThread:103 - End integrity checks thread
2026-01-15 11:24:02,831 [INFO] WebApp:169 - Instantiating new browser for Auth
2026-01-15 11:24:03,886 [INFO] WebApp:463 - Apply proxy settings
2026-01-15 11:24:03,887 [INFO] WebApp:548 - Chromium requires no authentication
2026-01-15 11:24:03,900 [INFO] WebApp:491 - Direct internet connection detected
2026-01-15 11:24:03,928 [INFO] WebApp:900 - Register for checkConnection events
2026-01-15 11:24:03,929 [INFO] WebApp:463 - Apply proxy settings
2026-01-15 11:24:03,929 [INFO] WebApp:548 - Chromium requires no authentication
2026-01-15 11:24:03,929 [INFO] WebApp:491 - Direct internet connection detected
2026-01-15 11:24:04,173 [INFO] WebApp:225 - Starting web application
2026-01-15 11:24:04,174 [INFO] WebApp:593 - Web application path used C:\ST\STM32CubeIDE_1.16.1\STM32CubeIDE\plugins\com.st.stm32cube.common.mx_6.15.0.202507011659\db\plugins\mcufinder\reactClient1\index.html
2026-01-15 11:24:04,578 [INFO] UserAuth:487 - Internet connection configuration mode: 1
2026-01-15 11:24:04,661 [INFO] WebApp:191 - Connection restablished
2026-01-15 11:33:24,892 [INFO] McuFinderGlobals:63 - Set McuFinder mode to 2 (CubeIDE integrated)
2026-01-15 11:33:24,954 [INFO] MainUpdater:2872 - connection check result : 10
2026-01-15 11:33:24,970 [INFO] MainUpdater:2872 - connection check result : 10
2026-01-15 11:33:25,322 [INFO] MicroXplorer:468 - Change Database Path : 
2026-01-15 11:33:25,323 [INFO] MicroXplorer:498 - Change Database Version : DB.6.0.150
2026-01-15 11:33:25,331 [WARN] ThirdParty:871 - waiting for thirdparty lock release [close project]
2026-01-15 11:33:25,331 [INFO] ThirdParty:873 - entering critical section [close project]
2026-01-15 11:33:25,333 [INFO] ThirdParty:883 - exiting critical section [close project]
2026-01-15 11:33:25,337 [INFO] PinOutPanel:1589 - setPackage(No Configuration,No Configuration)
2026-01-15 11:33:25,339 [INFO] UtilMem:75 - Begin LoadConfig() Used Memory: 799530216 Bytes (1073741824)
2026-01-15 11:33:25,360 [INFO] MicroXplorer:468 - Change Database Path : C:/Users/Chinnapop/.stm32cubemx/databases/DB.6.0.141/db/
2026-01-15 11:33:25,360 [INFO] MicroXplorer:498 - Change Database Version : DB.6.0.141
2026-01-15 11:33:26,963 [INFO] OpenFileManager:355 - Change cursor
2026-01-15 11:33:27,025 [INFO] Mcu:2029 - Initializing MCU STM32F767ZITx STM32F767ZITx STM32F767ZIT6
2026-01-15 11:33:29,895 [INFO] Context:786 - Trying to add GPIOservice into a context  which must be forbidden
2026-01-15 11:33:30,733 [INFO] ImportTextPane:234 - (OptionalMessage_ERROR) Pin20 (VP_RIF_VS_RIF1) cannot be retrieved for this MCU
2026-01-15 11:33:31,016 [INFO] RtosManager:558 - Registered RTOS mode: class=CMSIS, group=RTOS, mode=CMSIS_V1, owner=FREERTOS
2026-01-15 11:33:31,017 [INFO] RtosManager:558 - Registered RTOS mode: class=CMSIS, group=RTOS2, mode=CMSIS_V2, owner=FREERTOS
2026-01-15 11:33:31,017 [INFO] RtosManager:558 - Registered RTOS mode: class=RTOS, group=Core, mode=CMSIS_V1, owner=FREERTOS
2026-01-15 11:33:31,017 [INFO] RtosManager:558 - Registered RTOS mode: class=RTOS, group=Core, mode=CMSIS_V2, owner=FREERTOS
2026-01-15 11:33:31,017 [WARN] ModelIntegratedComponent:184 - Missing modes for component STMicroelectronics:FreeRTOS:0.0.1:STMicroelectronics:RTOS:FreeRTOS:Core:::10.2.0:
2026-01-15 11:33:31,026 [WARN] ModelIntegratedComponent:63 - No mode defined for component null
2026-01-15 11:33:31,026 [WARN] ModelIntegratedComponent:63 - No mode defined for component null
2026-01-15 11:33:31,026 [WARN] ModelIntegratedComponent:63 - No mode defined for component null
2026-01-15 11:33:31,026 [WARN] ModelIntegratedComponent:63 - No mode defined for component null
2026-01-15 11:33:31,026 [WARN] ModelIntegratedComponent:63 - No mode defined for component null
2026-01-15 11:33:31,026 [WARN] ModelIntegratedComponent:63 - No mode defined for component null
2026-01-15 11:33:31,026 [WARN] ModelIntegratedComponent:63 - No mode defined for component null
2026-01-15 11:33:31,026 [WARN] ModelIntegratedComponent:63 - No mode defined for component null
2026-01-15 11:33:31,028 [WARN] ModelIntegratedComponent:63 - No mode defined for component null
2026-01-15 11:33:31,028 [WARN] ModelIntegratedComponent:63 - No mode defined for component null
2026-01-15 11:33:31,028 [WARN] ModelIntegratedComponent:63 - No mode defined for component null
2026-01-15 11:33:31,028 [WARN] ModelIntegratedComponent:63 - No mode defined for component null
2026-01-15 11:33:31,028 [WARN] ModelIntegratedComponent:63 - No mode defined for component null
2026-01-15 11:33:31,028 [WARN] ModelIntegratedComponent:63 - No mode defined for component null
2026-01-15 11:33:31,028 [WARN] ModelIntegratedComponent:63 - No mode defined for component null
2026-01-15 11:33:31,028 [WARN] ModelIntegratedComponent:63 - No mode defined for component null
2026-01-15 11:33:31,028 [WARN] ModelIntegratedComponent:63 - No mode defined for component null
2026-01-15 11:33:31,028 [WARN] ModelIntegratedComponent:63 - No mode defined for component null
2026-01-15 11:33:31,029 [WARN] ModelIntegratedComponent:63 - No mode defined for component null
2026-01-15 11:33:31,029 [WARN] ModelIntegratedComponent:63 - No mode defined for component null
2026-01-15 11:33:31,029 [WARN] ModelIntegratedComponent:63 - No mode defined for component null
2026-01-15 11:33:31,029 [WARN] ModelIntegratedComponent:63 - No mode defined for component null
2026-01-15 11:33:31,029 [WARN] ModelIntegratedComponent:63 - No mode defined for component null
2026-01-15 11:33:31,029 [WARN] ModelIntegratedComponent:63 - No mode defined for component null
2026-01-15 11:33:31,029 [WARN] ModelIntegratedComponent:63 - No mode defined for component null
2026-01-15 11:33:31,029 [WARN] ModelIntegratedComponent:63 - No mode defined for component null
2026-01-15 11:33:31,029 [WARN] ModelIntegratedComponent:63 - No mode defined for component null
2026-01-15 11:33:31,029 [WARN] ModelIntegratedComponent:63 - No mode defined for component null
2026-01-15 11:33:31,029 [WARN] ModelIntegratedComponent:63 - No mode defined for component null
2026-01-15 11:33:31,029 [WARN] ModelIntegratedComponent:63 - No mode defined for component null
2026-01-15 11:33:31,029 [WARN] ModelIntegratedComponent:63 - No mode defined for component null
2026-01-15 11:33:31,030 [WARN] ModelIntegratedComponent:63 - No mode defined for component null
2026-01-15 11:33:31,030 [WARN] ModelIntegratedComponent:63 - No mode defined for component null
2026-01-15 11:33:31,030 [WARN] ModelIntegratedComponent:63 - No mode defined for component null
2026-01-15 11:33:31,030 [WARN] ModelIntegratedComponent:63 - No mode defined for component null
2026-01-15 11:33:31,030 [WARN] ModelPack:524 - Component already loaded: STMicroelectronics:HAL Drivers:0.0.0:STMicroelectronics:Device:STMicro_Driver:XSPI:HAL::0.0.1:HAL_XSPI
2026-01-15 11:33:31,323 [INFO] ThirdPartyModel:298 - Start build external matchings
2026-01-15 11:33:32,956 [INFO] ThirdPartyModel:316 - End build external matchings
2026-01-15 11:33:33,000 [INFO] RtosManager:1018 - Current active RTOS is FREERTOS [Cortex-M7NS]
2026-01-15 11:33:33,002 [INFO] ImportTextPane:234 - (OptionalMessage_ERROR) IP (CORTEX_M7) : Invalid parameter (Size)
2026-01-15 11:33:33,002 [INFO] ImportTextPane:234 - (OptionalMessage_ERROR) IP (CORTEX_M7) : Invalid parameter (SubRegionDisable)
2026-01-15 11:33:33,002 [INFO] ImportTextPane:234 - (OptionalMessage_ERROR) IP (CORTEX_M7) : Invalid parameter (DisableExec)
2026-01-15 11:33:33,002 [INFO] ImportTextPane:234 - (OptionalMessage_ERROR) IP (CORTEX_M7) : Invalid parameter (IsShareable)
2026-01-15 11:33:33,002 [INFO] ImportTextPane:234 - (OptionalMessage_ERROR) IP (CORTEX_M7) : Invalid parameter (BaseAddress)
2026-01-15 11:33:33,002 [INFO] ImportTextPane:234 - (OptionalMessage_ERROR) IP (CORTEX_M7) : Invalid parameter (Size)
2026-01-15 11:33:33,002 [INFO] ImportTextPane:234 - (OptionalMessage_ERROR) IP (CORTEX_M7) : Invalid parameter (DisableExec)
2026-01-15 11:33:33,002 [INFO] ImportTextPane:234 - (OptionalMessage_ERROR) IP (CORTEX_M7) : Invalid parameter (BaseAddress)
2026-01-15 11:33:33,002 [INFO] ImportTextPane:234 - (OptionalMessage_ERROR) IP (CORTEX_M7) : Invalid parameter (Size)
2026-01-15 11:33:33,002 [INFO] ImportTextPane:234 - (OptionalMessage_ERROR) IP (CORTEX_M7) : Invalid parameter (TypeExtField)
2026-01-15 11:33:33,002 [INFO] ImportTextPane:234 - (OptionalMessage_ERROR) IP (CORTEX_M7) : Invalid parameter (DisableExec)
2026-01-15 11:33:33,002 [INFO] ImportTextPane:234 - (OptionalMessage_ERROR) IP (CORTEX_M7) : Invalid parameter (IsShareable)
2026-01-15 11:33:33,002 [INFO] ImportTextPane:234 - (OptionalMessage_ERROR) IP (CORTEX_M7) : Invalid parameter (AccessPermission)
2026-01-15 11:33:33,002 [INFO] ImportTextPane:234 - (OptionalMessage_ERROR) IP (CORTEX_M7) : Invalid parameter (AccessPermission)
2026-01-15 11:33:33,002 [INFO] ImportTextPane:234 - (OptionalMessage_ERROR) IP (CORTEX_M7) : Invalid parameter (IsBufferable)
2026-01-15 11:33:33,002 [WARN] IP:2250 - Warning not found: check if there is a RefParameter without a condition.
2026-01-15 11:33:33,003 [WARN] IP:2250 - RxBufferAddress not found: check if there is a RefParameter without a condition.
2026-01-15 11:33:33,003 [WARN] IP:2250 - DESC_SIZE_UNIT not found: check if there is a RefParameter without a condition.
2026-01-15 11:33:33,014 [WARN] IP:2250 - LWIP_NETIF_HOSTNAME_NAME not found: check if there is a RefParameter without a condition.
2026-01-15 11:33:33,041 [INFO] ImportTextPane:234 - (OptionalMessage_ERROR) IP (RCC) : Invalid parameter (48MHZClocksFreq_Value)
2026-01-15 11:33:33,041 [INFO] ImportTextPane:234 - (OptionalMessage_ERROR) IP (RCC) : Invalid parameter (ADC12outputFreq_Value)
2026-01-15 11:33:33,041 [INFO] ImportTextPane:234 - (OptionalMessage_ERROR) IP (RCC) : Invalid parameter (ADC34outputFreq_Value)
2026-01-15 11:33:33,042 [INFO] ImportTextPane:234 - (OptionalMessage_ERROR) IP (RCC) : Invalid parameter (FamilyName)
2026-01-15 11:33:33,042 [INFO] ImportTextPane:234 - (OptionalMessage_ERROR) IP (RCC) : Invalid parameter (I2SClocksFreq_Value)
2026-01-15 11:33:33,042 [INFO] ImportTextPane:234 - (OptionalMessage_ERROR) IP (RCC) : Invalid parameter (LCDTFToutputFreq_Value)
2026-01-15 11:33:33,042 [INFO] ImportTextPane:234 - (OptionalMessage_ERROR) IP (RCC) : Invalid parameter (MCOFreq_Value)
2026-01-15 11:33:33,043 [INFO] ImportTextPane:234 - (OptionalMessage_ERROR) IP (RCC) : Invalid parameter (PLLMCOFreq_Value)
2026-01-15 11:33:33,043 [INFO] ImportTextPane:234 - (OptionalMessage_ERROR) IP (RCC) : Invalid parameter (PLLMUL)
2026-01-15 11:33:33,045 [INFO] ImportTextPane:234 - (OptionalMessage_ERROR) IP (RCC) : Invalid parameter (PRESCALERUSB)
2026-01-15 11:33:33,045 [INFO] ImportTextPane:234 - (OptionalMessage_ERROR) IP (RCC) : Parameter (RNGFreq_Value) has invalid value (216000000)
2026-01-15 11:33:33,045 [INFO] ImportTextPane:234 - (OptionalMessage_ERROR) IP (RCC) : Invalid parameter (RTCHSEDivFreq_Value)
2026-01-15 11:33:33,045 [INFO] ImportTextPane:234 - (OptionalMessage_ERROR) IP (RCC) : Parameter (SDMMC2Freq_Value) has invalid value (216000000)
2026-01-15 11:33:33,045 [INFO] ImportTextPane:234 - (OptionalMessage_ERROR) IP (RCC) : Parameter (SDMMCFreq_Value) has invalid value (216000000)
2026-01-15 11:33:33,045 [INFO] ImportTextPane:234 - (OptionalMessage_ERROR) IP (RCC) : Invalid parameter (SYSCLKSourceVirtual)
2026-01-15 11:33:33,045 [INFO] ImportTextPane:234 - (OptionalMessage_ERROR) IP (RCC) : Invalid parameter (TIM15Freq_Value)
2026-01-15 11:33:33,045 [INFO] ImportTextPane:234 - (OptionalMessage_ERROR) IP (RCC) : Invalid parameter (TIM16Freq_Value)
2026-01-15 11:33:33,045 [INFO] ImportTextPane:234 - (OptionalMessage_ERROR) IP (RCC) : Invalid parameter (TIM17Freq_Value)
2026-01-15 11:33:33,045 [INFO] ImportTextPane:234 - (OptionalMessage_ERROR) IP (RCC) : Invalid parameter (TIM1Freq_Value)
2026-01-15 11:33:33,045 [INFO] ImportTextPane:234 - (OptionalMessage_ERROR) IP (RCC) : Invalid parameter (TIM20Freq_Value)
2026-01-15 11:33:33,045 [INFO] ImportTextPane:234 - (OptionalMessage_ERROR) IP (RCC) : Invalid parameter (TIM2Freq_Value)
2026-01-15 11:33:33,045 [INFO] ImportTextPane:234 - (OptionalMessage_ERROR) IP (RCC) : Invalid parameter (TIM3Freq_Value)
2026-01-15 11:33:33,045 [INFO] ImportTextPane:234 - (OptionalMessage_ERROR) IP (RCC) : Invalid parameter (TIM8Freq_Value)
2026-01-15 11:33:33,046 [INFO] ImportTextPane:234 - (OptionalMessage_ERROR) IP (RCC) : Parameter (USBFreq_Value) has invalid value (216000000)
2026-01-15 11:33:33,046 [INFO] ImportTextPane:234 - (OptionalMessage_ERROR) IP (RCC) : Invalid parameter (VCOOutput2Freq_Value)
2026-01-15 11:33:33,046 [INFO] ImportTextPane:234 - (OptionalMessage_ERROR) IP (RCC) : Invalid parameter (VcooutputI2S)
2026-01-15 11:33:33,805 [INFO] ApiDb:581 - Connected to CubeFinder SQLite database (C:\Users\Chinnapop\.stmcufinder\plugins\mcufinder\mcu\cube-finder-db.db)
2026-01-15 11:33:33,881 [INFO] ApiDb:668 - CubeFinder database Data Model version=2.1
2026-01-15 11:33:33,881 [INFO] ApiDb:669 - CubeFinder database Configuration version=3.0.39
2026-01-15 11:33:33,882 [INFO] ApiDb:670 - CubeFinder database generation date=2025-12-22 (1766407740)
2026-01-15 11:33:33,882 [INFO] ApiDb:671 - CubeFinder database FW Pack versions=[FP-ATR-ASTRA1_V2.0.0, FP-SNS-FLIGHT1_V5.1.0, FP-SNS-MOTENV1_V5.1.0, FP-SNS-MOTENVWB1_V1.4.0, FP-SNS-SMARTAG2_V1.2.0, FP-SNS-STBOX1_V2.1.0, STM32Cube_FW_C0_V1.4.0, STM32Cube_FW_F4_V1.28.3, STM32Cube_FW_F7_V1.17.4, STM32Cube_FW_G0_V1.6.2, STM32Cube_FW_G4_V1.6.1, STM32Cube_FW_H5_V1.5.1, STM32Cube_FW_H7RS_V1.3.0, STM32Cube_FW_H7_V1.12.1, STM32Cube_FW_L0_V1.12.2, STM32Cube_FW_L4_V1.18.1, STM32Cube_FW_L5_V1.6.0, STM32Cube_FW_N6_V1.3.0, STM32Cube_FW_U0_V1.3.0, STM32Cube_FW_U3_V1.2.1, STM32Cube_FW_U5_V1.8.0, STM32Cube_FW_WB0_V1.4.0, STM32Cube_FW_WBA_V1.8.0, STM32Cube_FW_WB_V1.24.0, STM32Cube_FW_WL3_V1.3.0, STM32Cube_FW_WL_V1.4.0, X-CUBE-ALGOBUILD_V1.4.0, X-CUBE-ALS_V1.0.2, X-CUBE-AZRTOS-F4_V1.1.0, X-CUBE-AZRTOS-F7_V1.1.0, X-CUBE-AZRTOS-G0_V1.1.0, X-CUBE-AZRTOS-G4_V2.0.0, X-CUBE-AZRTOS-H7RS_V1.1.0, X-CUBE-AZRTOS-H7_V3.4.0, X-CUBE-AZRTOS-L4_V2.0.0, X-CUBE-AZRTOS-L5_V2.0.0, X-CUBE-AZRTOS-WB_V2.0.0, X-CUBE-AZRTOS-WL_V2.0.0, X-CUBE-BLE1_V7.1.0, X-CUBE-BLE2_V3.3.0, X-CUBE-BLEMGR_V4.1.0, X-CUBE-EEPRMA1_V5.2.0, X-CUBE-FREERTOS_V1.3.1, X-CUBE-GNSS1_V6.0.0, X-CUBE-MEMS1_V12.0.0, X-CUBE-NFC4_V3.0.0, X-CUBE-NFC7_V2.0.0, X-CUBE-SFXS2LP1_V4.0.0, X-CUBE-ST67W61_V1.1.0, X-CUBE-SUBG2_V5.0.0, X-CUBE-TOF1_V3.4.3]
2026-01-15 11:33:34,025 [INFO] DbBoardsSqlite:226 - include board P-NUCLEO-WB55-NUCLEO as a kit item of type 'Nucleo-64'
2026-01-15 11:33:34,026 [INFO] DbBoardsSqlite:226 - include board P-NUCLEO-WB55-USBDONGLE as a kit item of type 'Nucleo USB Dongle'
2026-01-15 11:33:34,027 [INFO] DbBoardsSqlite:226 - include board STEVAL-IDP005V1 as a kit item of type 'Evaluation Board'
2026-01-15 11:33:34,030 [INFO] DbBoardsSqlite:226 - include board STEVAL-IDP005V2 as a kit item of type 'Evaluation Board'
2026-01-15 11:33:34,543 [INFO] ApiDb:240 - Found 880 in-development CPN: [B-G473E-ZEST1S, B-WB1M-WPAN1, B-WBA5M-WPAN, B-WL5M-SUBG1, NUCLEO-C031C6, NUCLEO-C051C8, NUCLEO-C071RB, NUCLEO-C092RC, NUCLEO-H503RB, NUCLEO-H533RE, NUCLEO-H563ZI, NUCLEO-H7S3L8, NUCLEO-N657X0-Q, NUCLEO-U031R8, NUCLEO-U083RC, NUCLEO-U385RG-Q, NUCLEO-U545RE-Q, NUCLEO-U5A5ZJ-Q, NUCLEO-WB05KZ, NUCLEO-WB07CC, NUCLEO-WB09KE, NUCLEO-WBA52CG, NUCLEO-WBA55CG, NUCLEO-WL33CC1, NUCLEO-WL33CC2, STEVAL-PROTEUS1, STEVAL-SMARTAG2, STEVAL-STWINBX1, STM320518-EVAL, STM32C0116-DK, STM32C011D6Y3TR, STM32C011D6Y6TR, STM32C011F4P3, STM32C011F4P6, STM32C011F4U3, STM32C011F4U6TR, STM32C011F6P3, STM32C011F6P6, STM32C011F6U3, STM32C011F6U6TR, STM32C011J4M3, STM32C011J4M6, STM32C011J6M3, STM32C011J6M6, STM32C0316-DK, STM32C031C4T3, STM32C031C4T6, STM32C031C4U3, STM32C031C4U6, STM32C031C6T3, STM32C031C6T6, STM32C031C6U3, STM32C031C6U6, STM32C031F4P3, STM32C031F4P6, STM32C031F6P3, STM32C031F6P6, STM32C031G4U3, STM32C031G4U6, STM32C031G6U3, STM32C031G6U6, STM32C031K4T3, STM32C031K4T6, STM32C031K4U3, STM32C031K4U6, STM32C031K6T3, STM32C031K6T6, STM32C031K6U3, STM32C031K6U6, STM32C051C6T6, STM32C051C6U6, STM32C051C8T6, STM32C051C8U6, STM32C051D8Y6TR, STM32C051F6P6, STM32C051F8P6, STM32C051G6U6, STM32C051G8U6, STM32C051K6T6, STM32C051K6U6, STM32C051K8T6, STM32C071C8T6, STM32C071C8T6N, STM32C071C8U6, STM32C071C8U6N, STM32C071CBT6, STM32C071CBT6N, STM32C071CBU6, STM32C071CBU6N, STM32C071F8P6, STM32C071F8P6N, STM32C071FBP6, STM32C071FBP6N, STM32C071FBY6TR, STM32C071G8U6, STM32C071G8U6N, STM32C071GBU6, STM32C071GBU6N, STM32C071K8T6, STM32C071K8T6N, STM32C071K8U6, STM32C071K8U6N, STM32C071KBT6, STM32C071KBT6N, STM32C071KBU6, STM32C071KBU6N, STM32C071R8T6, STM32C071R8T6N, STM32C071RBI6N, STM32C071RBT6, STM32C071RBT6N, STM32C091CBT6, STM32C091CBU6, STM32C091CCT6, STM32C091CCU6, STM32C091ECY6TR, STM32C091FBP6, STM32C091FCP6, STM32C091GBU6, STM32C091GCU6, STM32C091KBT6, STM32C091KBU6, STM32C091KCT6, STM32C091KCU6, STM32C091RBT6, STM32C091RCI6, STM32C091RCT6, STM32C092CBT6, STM32C092CBU6, STM32C092CCT6, STM32C092CCU6, STM32C092ECY6TR, STM32C092FBP6, STM32C092FCP6, STM32C092GBU6, STM32C092GCU6, STM32C092KBT6, STM32C092KBU6, STM32C092KCT6, STM32C092KCU6, STM32C092RBT6, STM32C092RCI6, STM32C092RCT6, STM32G071K8TXN, STM32G071K8UXN, STM32G081GBU6N, STM32G081KBT6N, STM32G081KBUXN, STM32G0B1CCT6N, STM32G0B1KCT6, STM32G0B1NEY6TR, STM32G0B1RCT6N, STM32G0C1CCT6, STM32G0C1CCT6N, STM32G0C1CCU6N, STM32G0C1CET6N, STM32G0C1CEU6N, STM32G0C1KCT6, STM32G0C1NEY6TR, STM32G0C1RCI6N, STM32G0C1RCT6N, STM32G0C1REI6N, STM32G0C1RET6N, STM32G0C1VCI6, STM32G0C1VEI6, STM32G411C6T3, STM32G411C6T6, STM32G411C6U3, STM32G411C6U6, STM32G411C8T3, STM32G411C8T6, STM32G411C8U3, STM32G411C8U6, STM32G411CBT3, STM32G411CBT6, STM32G411CBU3, STM32G411CBU6, STM32G411K6T3, STM32G411K6T6, STM32G411K6U3, STM32G411K6U6, STM32G411K8T3, STM32G411K8T6, STM32G411K8U3, STM32G411K8U6, STM32G411KBT3, STM32G411KBT6, STM32G411KBU3, STM32G411KBU6, STM32G411M6T3, STM32G411M6T6, STM32G411M8T3, STM32G411M8T6, STM32G411MBT3, STM32G411MBT6, STM32G411R6T3, STM32G411R6T6, STM32G411R8T3, STM32G411R8T6, STM32G411RBT3, STM32G411RBT6, STM32G414CBT3, STM32G414CBT6, STM32G414CBU3, STM32G414CBU6, STM32G414CCT3, STM32G414CCT6, STM32G414CCU3, STM32G414CCU6, STM32G414MBT3, STM32G414MBT6, STM32G414MCT3, STM32G414MCT6, STM32G414RBT3, STM32G414RBT6, STM32G414RCT3, STM32G414RCT6, STM32G414VBT3, STM32G414VBT6, STM32G414VCT3, STM32G414VCT6, STM32G431CBT3Z, STM32G431RBT3Z, STM32G471CCT6, STM32G471CCU6, STM32G471CET3, STM32G471CET6, STM32G471CEU3, STM32G471CEU6, STM32G471MCT6, STM32G471MET3, STM32G471MET6, STM32G471MEY6TR, STM32G471QCT6, STM32G471QET3, STM32G471RCT6, STM32G471RET3, STM32G471RET6, STM32G471VCH6, STM32G471VCI6, STM32G471VCT6, STM32G471VEH3, STM32G471VEH6, STM32G471VEI3, STM32G471VEI6, STM32G471VET3, STM32G471VET6, STM32G473QET3Z, STM32G473RET3Z, STM32G474CCT6, STM32G491RET3Z, STM32H503CBT6, STM32H503CBU6, STM32H503EBY6TR, STM32H503KBU6, STM32H503RBT6, STM32H523CCT6, STM32H523CCU6, STM32H523CET6, STM32H523CEU6, STM32H523HEY6TR, STM32H523RCT6, STM32H523RET6, STM32H523VCI6, STM32H523VCT6, STM32H523VEI6, STM32H523VET6, STM32H523ZCJ6, STM32H523ZCT6, STM32H523ZEJ6, STM32H523ZET6, STM32H533CET6, STM32H533CEU6, STM32H533HEY6TR, STM32H533RET6, STM32H533VEI6, STM32H533VET6, STM32H533ZEJ6, STM32H533ZET6, STM32H562AGI6, STM32H562AII6, STM32H562IGK6, STM32H562IGT6, STM32H562IIK6, STM32H562IIT6, STM32H562RGT6, STM32H562RGV6, STM32H562RIT6, STM32H562RIV6, STM32H562VGT6, STM32H562VIT6, STM32H562ZGT6, STM32H562ZIT6, STM32H563AGI6, STM32H563AII3Q, STM32H563AII6, STM32H563IGK6, STM32H563IGT6, STM32H563IIK3Q, STM32H563IIK6, STM32H563IIT3Q, STM32H563IIT6, STM32H563MIY3QTR, STM32H563RGT6, STM32H563RGV6, STM32H563RIT6, STM32H563RIV6, STM32H563VGT6, STM32H563VIT3Q, STM32H563VIT6, STM32H563ZGT6, STM32H563ZIT3Q, STM32H563ZIT6, STM32H573AII3Q, STM32H573AII6, STM32H573I-DK, STM32H573IIK3Q, STM32H573IIK6, STM32H573IIT3Q, STM32H573IIT6, STM32H573MIY3QTR, STM32H573RIT6, STM32H573RIV6, STM32H573VIT3Q, STM32H573VIT6, STM32H573ZIT3Q, STM32H573ZIT6, STM32H7R3A8I6, STM32H7R3I8K6, STM32H7R3I8T6, STM32H7R3L8H6, STM32H7R3L8H6H, STM32H7R3R8V6, STM32H7R3V8H6, STM32H7R3V8T6, STM32H7R3V8Y6TR, STM32H7R3Z8J6, STM32H7R3Z8T6, STM32H7R7A8I6, STM32H7R7I8K6, STM32H7R7I8T6, STM32H7R7L8H6, STM32H7R7L8H6H, STM32H7R7Z8J6, STM32H7S3A8I6, STM32H7S3I8K6, STM32H7S3I8T6, STM32H7S3L8H6, STM32H7S3L8H6H, STM32H7S3R8V6, STM32H7S3V8H6, STM32H7S3V8T6, STM32H7S3V8Y6TR, STM32H7S3Z8J6, STM32H7S3Z8T6, STM32H7S78-DK, STM32H7S7A8I6, STM32H7S7I8K6, STM32H7S7I8T6, STM32H7S7L8H6, STM32H7S7L8H6H, STM32H7S7Z8J6, STM32L4R5QGI6STR, STM32MP131AAE3, STM32MP131AAF3, STM32MP131AAG3, STM32MP131CAE3, STM32MP131CAF3, STM32MP131CAG3, STM32MP131DAE7, STM32MP131DAF7, STM32MP131DAG7, STM32MP131FAE7, STM32MP131FAF7, STM32MP131FAG7, STM32MP133AAE3, STM32MP133AAF3, STM32MP133AAG3, STM32MP133CAE3, STM32MP133CAF3, STM32MP133CAG3, STM32MP133DAE7, STM32MP133DAF7, STM32MP133DAG7, STM32MP133FAE7, STM32MP133FAF7, STM32MP133FAG7, STM32MP135AAE3, STM32MP135AAF3, STM32MP135AAG3, STM32MP135CAE3, STM32MP135CAF3, STM32MP135CAG3, STM32MP135DAE7, STM32MP135DAF7, STM32MP135DAG7, STM32MP135F-DK, STM32MP135FAE7, STM32MP135FAF7, STM32MP135FAF7T, STM32MP135FAF7U, STM32MP135FAG7, STM32MP211AAL3, STM32MP211AAM3, STM32MP211AAN3, STM32MP211AAO3, STM32MP211CAL3, STM32MP211CAM3, STM32MP211CAN3, STM32MP211CAO3, STM32MP211DAL3, STM32MP211DAM3, STM32MP211DAN3, STM32MP211DAO3, STM32MP211FAL3, STM32MP211FAM3, STM32MP211FAN3, STM32MP211FAO3, STM32MP213AAL3, STM32MP213AAM3, STM32MP213AAN3, STM32MP213AAO3, STM32MP213CAL3, STM32MP213CAM3, STM32MP213CAN3, STM32MP213CAO3, STM32MP213DAL3, STM32MP213DAM3, STM32MP213DAN3, STM32MP213DAO3, STM32MP213FAL3, STM32MP213FAM3, STM32MP213FAN3, STM32MP213FAO3, STM32MP215AAL3, STM32MP215AAM3, STM32MP215AAN3, STM32MP215AAO3, STM32MP215CAL3, STM32MP215CAM3, STM32MP215CAN3, STM32MP215CAO3, STM32MP215DAL3, STM32MP215DAM3, STM32MP215DAN3, STM32MP215DAO3, STM32MP215F-DK, STM32MP215FAL3, STM32MP215FAM3, STM32MP215FAN3, STM32MP215FAO3, STM32MP231AAJ3, STM32MP231AAK3, STM32MP231AAL3, STM32MP231CAJ3, STM32MP231CAK3, STM32MP231CAL3, STM32MP231DAJ3, STM32MP231DAK3, STM32MP231DAL3, STM32MP231FAJ3, STM32MP231FAK3, STM32MP231FAL3, STM32MP233AAJ3, STM32MP233AAK3, STM32MP233AAL3, STM32MP233CAJ3, STM32MP233CAK3, STM32MP233CAL3, STM32MP233DAJ3, STM32MP233DAK3, STM32MP233DAL3, STM32MP233FAJ3, STM32MP233FAK3, STM32MP233FAL3, STM32MP235AAJ3, STM32MP235AAK3, STM32MP235AAL3, STM32MP235CAJ3, STM32MP235CAK3, STM32MP235CAL3, STM32MP235DAJ3, STM32MP235DAK3, STM32MP235DAL3, STM32MP235FAJ3, STM32MP235FAK3, STM32MP235FAL3, STM32MP251AAI3, STM32MP251AAK3, STM32MP251AAL3, STM32MP251CAI3, STM32MP251CAK3, STM32MP251CAL3, STM32MP251DAI3, STM32MP251DAK3, STM32MP251DAL3, STM32MP251FAI3, STM32MP251FAK3, STM32MP251FAL3, STM32MP253AAI3, STM32MP253AAK3, STM32MP253AAL3, STM32MP253CAI3, STM32MP253CAK3, STM32MP253CAL3, STM32MP253DAI3, STM32MP253DAK3, STM32MP253DAL3, STM32MP253FAI3, STM32MP253FAK3, STM32MP253FAL3, STM32MP255AAI3, STM32MP255AAK3, STM32MP255AAL3, STM32MP255CAI3, STM32MP255CAK3, STM32MP255CAL3, STM32MP255DAI3, STM32MP255DAK3, STM32MP255DAL3, STM32MP255FAI3, STM32MP255FAK3, STM32MP255FAL3, STM32MP257AAI3, STM32MP257AAK3, STM32MP257AAL3, STM32MP257CAI3, STM32MP257CAK3, STM32MP257CAL3, STM32MP257DAI3, STM32MP257DAK3, STM32MP257DAL3, STM32MP257F-DK, STM32MP257F-EV1, STM32MP257FAI3, STM32MP257FAK3, STM32MP257FAL3, STM32N645A0H3Q, STM32N645B0H3Q, STM32N645I0H3Q, STM32N645L0H3Q, STM32N645X0H3Q, STM32N645Z0H3Q, STM32N647A0H3Q, STM32N647B0H3Q, STM32N647I0H3Q, STM32N647L0H3Q, STM32N647X0H3Q, STM32N647Z0H3Q, STM32N655A0H3Q, STM32N655B0H3Q, STM32N655I0H3Q, STM32N655L0H3Q, STM32N655X0H3Q, STM32N655Z0H3Q, STM32N6570-DK, STM32N657A0H3Q, STM32N657B0H3Q, STM32N657I0H3Q, STM32N657L0H3Q, STM32N657X0H3Q, STM32N657Z0H3Q, STM32U031C6T6, STM32U031C6U6, STM32U031C8T6, STM32U031C8U6, STM32U031F4P6, STM32U031F6P6, STM32U031F8P6, STM32U031G6Y6TR, STM32U031G8Y6TR, STM32U031K4U6, STM32U031K6U6, STM32U031K8U6, STM32U031R6I6, STM32U031R6T6, STM32U031R8I6, STM32U031R8T6, STM32U073C8T6, STM32U073C8U6, STM32U073CBT6, STM32U073CBU6, STM32U073CCT6, STM32U073CCU6, STM32U073H8Y6TR, STM32U073HBY6TR, STM32U073HCY6TR, STM32U073K8U6, STM32U073KBU6, STM32U073KCU6, STM32U073M8I6, STM32U073M8T6, STM32U073MBI6, STM32U073MBT6, STM32U073MCI6, STM32U073MCT6, STM32U073R8I6, STM32U073R8T6, STM32U073RBI6, STM32U073RBT6, STM32U073RCI6, STM32U073RCT6, STM32U083C-DK, STM32U083CCT6, STM32U083CCU6, STM32U083HCY6TR, STM32U083KCU6, STM32U083MCI6, STM32U083MCT6, STM32U083RCI6, STM32U083RCT6, STM32U375CET6, STM32U375CET6Q, STM32U375CEU6, STM32U375CEU6Q, STM32U375CEY6QTR, STM32U375CGT6, STM32U375CGT6Q, STM32U375CGU6, STM32U375CGU6Q, STM32U375CGY6QTR, STM32U375KEU6, STM32U375KGU6, STM32U375REI6, STM32U375REI6Q, STM32U375RET6, STM32U375RET6Q, STM32U375REY6GTR, STM32U375REY6QTR, STM32U375RGI6, STM32U375RGI6Q, STM32U375RGT6, STM32U375RGT6Q, STM32U375RGY6GTR, STM32U375RGY6QTR, STM32U375VEI6, STM32U375VEI6Q, STM32U375VET6, STM32U375VET6Q, STM32U375VGI6, STM32U375VGI6Q, STM32U375VGT6, STM32U375VGT6Q, STM32U385CGT6, STM32U385CGT6Q, STM32U385CGU6, STM32U385CGU6Q, STM32U385CGY6QTR, STM32U385KGU6, STM32U385RGI6, STM32U385RGI6Q, STM32U385RGT6, STM32U385RGT6Q, STM32U385RGY6GTR, STM32U385RGY6QTR, STM32U385VGI6, STM32U385VGI6Q, STM32U385VGT6, STM32U385VGT6Q, STM32U535CBT6, STM32U535CBT6Q, STM32U535CBU6, STM32U535CBU6Q, STM32U535CCT6, STM32U535CCT6Q, STM32U535CCU6, STM32U535CCU6Q, STM32U535CET6, STM32U535CET6Q, STM32U535CEU6, STM32U535CEU6Q, STM32U535JEY6QTR, STM32U535NCY6QTR, STM32U535NEY6QTR, STM32U535RBI6, STM32U535RBI6Q, STM32U535RBT6, STM32U535RBT6Q, STM32U535RCI6, STM32U535RCI6Q, STM32U535RCT6, STM32U535RCT6Q, STM32U535REI6, STM32U535REI6Q, STM32U535RET6, STM32U535RET6Q, STM32U535VCI6, STM32U535VCI6Q, STM32U535VCT6, STM32U535VCT6Q, STM32U535VEI6, STM32U535VEI6Q, STM32U535VET6, STM32U535VET6Q, STM32U545CET6, STM32U545CET6Q, STM32U545CEU6, STM32U545CEU6Q, STM32U545JEY6QTR, STM32U545NEY6QTR, STM32U545REI6, STM32U545REI6Q, STM32U545RET6, STM32U545RET6Q, STM32U545VEI6, STM32U545VEI6Q, STM32U545VET6, STM32U545VET6Q, STM32U595AIH6, STM32U595AIH6Q, STM32U595AJH6, STM32U595AJH6Q, STM32U595QII6, STM32U595QII6Q, STM32U595QJI6, STM32U595QJI6Q, STM32U595RIT6, STM32U595RIT6Q, STM32U595RJT6, STM32U595RJT6Q, STM32U595VIT6, STM32U595VIT6Q, STM32U595VJT6, STM32U595VJT6Q, STM32U595ZIT6, STM32U595ZIT6Q, STM32U595ZIY6QTR, STM32U595ZJT6, STM32U595ZJT6Q, STM32U595ZJY6QTR, STM32U599BJY6QTR, STM32U599NIH6Q, STM32U599NJH6Q, STM32U599VIT6Q, STM32U599VJT6, STM32U599VJT6Q, STM32U599ZIT6Q, STM32U599ZIY6QTR, STM32U599ZJT6Q, STM32U599ZJY6QTR, STM32U5A5AJH6, STM32U5A5AJH6Q, STM32U5A5QII3Q , STM32U5A5QJI6, STM32U5A5QJI6Q, STM32U5A5RJT6, STM32U5A5RJT6Q, STM32U5A5VJT6, STM32U5A5VJT6Q, STM32U5A5ZJT6, STM32U5A5ZJT6Q, STM32U5A5ZJY6QTR, STM32U5A9BJY6QTR, STM32U5A9J-DK, STM32U5A9NJH6Q, STM32U5A9VJT6Q, STM32U5A9ZJT6Q, STM32U5A9ZJY6QTR, STM32U5F7VIT6, STM32U5F7VIT6Q, STM32U5F7VJT6, STM32U5F7VJT6Q, STM32U5F9BJY6QTR, STM32U5F9NJH6Q, STM32U5F9VIT6Q, STM32U5F9VJT6Q, STM32U5F9ZIJ6QTR, STM32U5F9ZIT6Q, STM32U5F9ZJJ6QTR, STM32U5F9ZJT6Q, STM32U5G7VJT6, STM32U5G7VJT6Q, STM32U5G9BJY6QTR, STM32U5G9J-DK1, STM32U5G9J-DK2, STM32U5G9NJH6Q, STM32U5G9VJT6Q, STM32U5G9ZJJ6QTR, STM32U5G9ZJT6Q, STM32WB05KZV6TR, STM32WB05KZV7TR, STM32WB05TZF6TR, STM32WB05TZF7TR, STM32WB06CCF6TR, STM32WB06CCF7TR, STM32WB06CCV6TR, STM32WB06CCV7TR, STM32WB06KCV6TR, STM32WB06KCV7TR, STM32WB07CCF6TR, STM32WB07CCF7TR, STM32WB07CCV6TR, STM32WB07CCV7TR, STM32WB07KCV6TR, STM32WB07KCV7TR, STM32WB09KEV6TR, STM32WB09KEV7TR, STM32WB09TEF6TR, STM32WB09TEF7TR, STM32WB1MMCH6, STM32WBA50KGU6, STM32WBA50KGU6TR, STM32WBA52CEU6, STM32WBA52CEU6TR, STM32WBA52CEU7, STM32WBA52CEU7TR, STM32WBA52CGU6, STM32WBA52CGU6TR, STM32WBA52CGU6U, STM32WBA52CGU7, STM32WBA52CGU7TR, STM32WBA52KEU6, STM32WBA52KEU6TR, STM32WBA52KGU6, STM32WBA52KGU6TR, STM32WBA54CEU6, STM32WBA54CEU6TR, STM32WBA54CEU7, STM32WBA54CEU7TR, STM32WBA54CGU6, STM32WBA54CGU6TR, STM32WBA54CGU7, STM32WBA54CGU7TR, STM32WBA54KEU6, STM32WBA54KEU6TR, STM32WBA54KEU7, STM32WBA54KEU7TR, STM32WBA54KGU6, STM32WBA54KGU6TR, STM32WBA54KGU7, STM32WBA54KGU7TR, STM32WBA55CEU6, STM32WBA55CEU6TR, STM32WBA55CEU7, STM32WBA55CEU7TR, STM32WBA55CGU6, STM32WBA55CGU6TR, STM32WBA55CGU6U, STM32WBA55CGU7, STM32WBA55CGU7TR, STM32WBA55G-DK1, STM32WBA55HEF6, STM32WBA55HEF7, STM32WBA55HGF6, STM32WBA55HGF7, STM32WBA55UEI6, STM32WBA55UEI6TR, STM32WBA55UEI7, STM32WBA55UEI7TR, STM32WBA55UGI6, STM32WBA55UGI6TR, STM32WBA55UGI7, STM32WBA55UGI7TR, STM32WBA5MMGH6TR, STM32WBA62MGF6, STM32WBA62MIF6, STM32WBA65MGF7, STM32WBA65MIF6, STM32WBA65MIF7, STM32WL30K8V6, STM32WL30KBV6, STM32WL31C8V6, STM32WL31CBV6, STM32WL31K8V6, STM32WL31KBV6, STM32WL33C8V6, STM32WL33C8V6X, STM32WL33CBV6, STM32WL33CBV6X, STM32WL33CCV6, STM32WL33CCV6A, STM32WL33CCV6X, STM32WL33K8V7, STM32WL33K8V7X, STM32WL33KBV7 , STM32WL33KBV7X, STM32WL33KCV7, STM32WL33KCV7X, STM32WL5MOCH6, STM32WL5MOCH6TR]
2026-01-15 11:33:34,550 [INFO] ApiDb:668 - CubeFinder database Data Model version=2.1
2026-01-15 11:33:34,550 [INFO] ApiDb:669 - CubeFinder database Configuration version=3.0.39
2026-01-15 11:33:34,550 [INFO] ApiDb:670 - CubeFinder database generation date=2025-12-22 (1766407740)
2026-01-15 11:33:34,550 [INFO] ApiDb:671 - CubeFinder database FW Pack versions=[FP-ATR-ASTRA1_V2.0.0, FP-SNS-FLIGHT1_V5.1.0, FP-SNS-MOTENV1_V5.1.0, FP-SNS-MOTENVWB1_V1.4.0, FP-SNS-SMARTAG2_V1.2.0, FP-SNS-STBOX1_V2.1.0, STM32Cube_FW_C0_V1.4.0, STM32Cube_FW_F4_V1.28.3, STM32Cube_FW_F7_V1.17.4, STM32Cube_FW_G0_V1.6.2, STM32Cube_FW_G4_V1.6.1, STM32Cube_FW_H5_V1.5.1, STM32Cube_FW_H7RS_V1.3.0, STM32Cube_FW_H7_V1.12.1, STM32Cube_FW_L0_V1.12.2, STM32Cube_FW_L4_V1.18.1, STM32Cube_FW_L5_V1.6.0, STM32Cube_FW_N6_V1.3.0, STM32Cube_FW_U0_V1.3.0, STM32Cube_FW_U3_V1.2.1, STM32Cube_FW_U5_V1.8.0, STM32Cube_FW_WB0_V1.4.0, STM32Cube_FW_WBA_V1.8.0, STM32Cube_FW_WB_V1.24.0, STM32Cube_FW_WL3_V1.3.0, STM32Cube_FW_WL_V1.4.0, X-CUBE-ALGOBUILD_V1.4.0, X-CUBE-ALS_V1.0.2, X-CUBE-AZRTOS-F4_V1.1.0, X-CUBE-AZRTOS-F7_V1.1.0, X-CUBE-AZRTOS-G0_V1.1.0, X-CUBE-AZRTOS-G4_V2.0.0, X-CUBE-AZRTOS-H7RS_V1.1.0, X-CUBE-AZRTOS-H7_V3.4.0, X-CUBE-AZRTOS-L4_V2.0.0, X-CUBE-AZRTOS-L5_V2.0.0, X-CUBE-AZRTOS-WB_V2.0.0, X-CUBE-AZRTOS-WL_V2.0.0, X-CUBE-BLE1_V7.1.0, X-CUBE-BLE2_V3.3.0, X-CUBE-BLEMGR_V4.1.0, X-CUBE-EEPRMA1_V5.2.0, X-CUBE-FREERTOS_V1.3.1, X-CUBE-GNSS1_V6.0.0, X-CUBE-MEMS1_V12.0.0, X-CUBE-NFC4_V3.0.0, X-CUBE-NFC7_V2.0.0, X-CUBE-SFXS2LP1_V4.0.0, X-CUBE-ST67W61_V1.1.0, X-CUBE-SUBG2_V5.0.0, X-CUBE-TOF1_V3.4.3]
2026-01-15 11:33:37,196 [INFO] ApiDb:240 - Found 880 in-development CPN: [B-G473E-ZEST1S, B-WB1M-WPAN1, B-WBA5M-WPAN, B-WL5M-SUBG1, NUCLEO-C031C6, NUCLEO-C051C8, NUCLEO-C071RB, NUCLEO-C092RC, NUCLEO-H503RB, NUCLEO-H533RE, NUCLEO-H563ZI, NUCLEO-H7S3L8, NUCLEO-N657X0-Q, NUCLEO-U031R8, NUCLEO-U083RC, NUCLEO-U385RG-Q, NUCLEO-U545RE-Q, NUCLEO-U5A5ZJ-Q, NUCLEO-WB05KZ, NUCLEO-WB07CC, NUCLEO-WB09KE, NUCLEO-WBA52CG, NUCLEO-WBA55CG, NUCLEO-WL33CC1, NUCLEO-WL33CC2, STEVAL-PROTEUS1, STEVAL-SMARTAG2, STEVAL-STWINBX1, STM320518-EVAL, STM32C0116-DK, STM32C011D6Y3TR, STM32C011D6Y6TR, STM32C011F4P3, STM32C011F4P6, STM32C011F4U3, STM32C011F4U6TR, STM32C011F6P3, STM32C011F6P6, STM32C011F6U3, STM32C011F6U6TR, STM32C011J4M3, STM32C011J4M6, STM32C011J6M3, STM32C011J6M6, STM32C0316-DK, STM32C031C4T3, STM32C031C4T6, STM32C031C4U3, STM32C031C4U6, STM32C031C6T3, STM32C031C6T6, STM32C031C6U3, STM32C031C6U6, STM32C031F4P3, STM32C031F4P6, STM32C031F6P3, STM32C031F6P6, STM32C031G4U3, STM32C031G4U6, STM32C031G6U3, STM32C031G6U6, STM32C031K4T3, STM32C031K4T6, STM32C031K4U3, STM32C031K4U6, STM32C031K6T3, STM32C031K6T6, STM32C031K6U3, STM32C031K6U6, STM32C051C6T6, STM32C051C6U6, STM32C051C8T6, STM32C051C8U6, STM32C051D8Y6TR, STM32C051F6P6, STM32C051F8P6, STM32C051G6U6, STM32C051G8U6, STM32C051K6T6, STM32C051K6U6, STM32C051K8T6, STM32C071C8T6, STM32C071C8T6N, STM32C071C8U6, STM32C071C8U6N, STM32C071CBT6, STM32C071CBT6N, STM32C071CBU6, STM32C071CBU6N, STM32C071F8P6, STM32C071F8P6N, STM32C071FBP6, STM32C071FBP6N, STM32C071FBY6TR, STM32C071G8U6, STM32C071G8U6N, STM32C071GBU6, STM32C071GBU6N, STM32C071K8T6, STM32C071K8T6N, STM32C071K8U6, STM32C071K8U6N, STM32C071KBT6, STM32C071KBT6N, STM32C071KBU6, STM32C071KBU6N, STM32C071R8T6, STM32C071R8T6N, STM32C071RBI6N, STM32C071RBT6, STM32C071RBT6N, STM32C091CBT6, STM32C091CBU6, STM32C091CCT6, STM32C091CCU6, STM32C091ECY6TR, STM32C091FBP6, STM32C091FCP6, STM32C091GBU6, STM32C091GCU6, STM32C091KBT6, STM32C091KBU6, STM32C091KCT6, STM32C091KCU6, STM32C091RBT6, STM32C091RCI6, STM32C091RCT6, STM32C092CBT6, STM32C092CBU6, STM32C092CCT6, STM32C092CCU6, STM32C092ECY6TR, STM32C092FBP6, STM32C092FCP6, STM32C092GBU6, STM32C092GCU6, STM32C092KBT6, STM32C092KBU6, STM32C092KCT6, STM32C092KCU6, STM32C092RBT6, STM32C092RCI6, STM32C092RCT6, STM32G071K8TXN, STM32G071K8UXN, STM32G081GBU6N, STM32G081KBT6N, STM32G081KBUXN, STM32G0B1CCT6N, STM32G0B1KCT6, STM32G0B1NEY6TR, STM32G0B1RCT6N, STM32G0C1CCT6, STM32G0C1CCT6N, STM32G0C1CCU6N, STM32G0C1CET6N, STM32G0C1CEU6N, STM32G0C1KCT6, STM32G0C1NEY6TR, STM32G0C1RCI6N, STM32G0C1RCT6N, STM32G0C1REI6N, STM32G0C1RET6N, STM32G0C1VCI6, STM32G0C1VEI6, STM32G411C6T3, STM32G411C6T6, STM32G411C6U3, STM32G411C6U6, STM32G411C8T3, STM32G411C8T6, STM32G411C8U3, STM32G411C8U6, STM32G411CBT3, STM32G411CBT6, STM32G411CBU3, STM32G411CBU6, STM32G411K6T3, STM32G411K6T6, STM32G411K6U3, STM32G411K6U6, STM32G411K8T3, STM32G411K8T6, STM32G411K8U3, STM32G411K8U6, STM32G411KBT3, STM32G411KBT6, STM32G411KBU3, STM32G411KBU6, STM32G411M6T3, STM32G411M6T6, STM32G411M8T3, STM32G411M8T6, STM32G411MBT3, STM32G411MBT6, STM32G411R6T3, STM32G411R6T6, STM32G411R8T3, STM32G411R8T6, STM32G411RBT3, STM32G411RBT6, STM32G414CBT3, STM32G414CBT6, STM32G414CBU3, STM32G414CBU6, STM32G414CCT3, STM32G414CCT6, STM32G414CCU3, STM32G414CCU6, STM32G414MBT3, STM32G414MBT6, STM32G414MCT3, STM32G414MCT6, STM32G414RBT3, STM32G414RBT6, STM32G414RCT3, STM32G414RCT6, STM32G414VBT3, STM32G414VBT6, STM32G414VCT3, STM32G414VCT6, STM32G431CBT3Z, STM32G431RBT3Z, STM32G471CCT6, STM32G471CCU6, STM32G471CET3, STM32G471CET6, STM32G471CEU3, STM32G471CEU6, STM32G471MCT6, STM32G471MET3, STM32G471MET6, STM32G471MEY6TR, STM32G471QCT6, STM32G471QET3, STM32G471RCT6, STM32G471RET3, STM32G471RET6, STM32G471VCH6, STM32G471VCI6, STM32G471VCT6, STM32G471VEH3, STM32G471VEH6, STM32G471VEI3, STM32G471VEI6, STM32G471VET3, STM32G471VET6, STM32G473QET3Z, STM32G473RET3Z, STM32G474CCT6, STM32G491RET3Z, STM32H503CBT6, STM32H503CBU6, STM32H503EBY6TR, STM32H503KBU6, STM32H503RBT6, STM32H523CCT6, STM32H523CCU6, STM32H523CET6, STM32H523CEU6, STM32H523HEY6TR, STM32H523RCT6, STM32H523RET6, STM32H523VCI6, STM32H523VCT6, STM32H523VEI6, STM32H523VET6, STM32H523ZCJ6, STM32H523ZCT6, STM32H523ZEJ6, STM32H523ZET6, STM32H533CET6, STM32H533CEU6, STM32H533HEY6TR, STM32H533RET6, STM32H533VEI6, STM32H533VET6, STM32H533ZEJ6, STM32H533ZET6, STM32H562AGI6, STM32H562AII6, STM32H562IGK6, STM32H562IGT6, STM32H562IIK6, STM32H562IIT6, STM32H562RGT6, STM32H562RGV6, STM32H562RIT6, STM32H562RIV6, STM32H562VGT6, STM32H562VIT6, STM32H562ZGT6, STM32H562ZIT6, STM32H563AGI6, STM32H563AII3Q, STM32H563AII6, STM32H563IGK6, STM32H563IGT6, STM32H563IIK3Q, STM32H563IIK6, STM32H563IIT3Q, STM32H563IIT6, STM32H563MIY3QTR, STM32H563RGT6, STM32H563RGV6, STM32H563RIT6, STM32H563RIV6, STM32H563VGT6, STM32H563VIT3Q, STM32H563VIT6, STM32H563ZGT6, STM32H563ZIT3Q, STM32H563ZIT6, STM32H573AII3Q, STM32H573AII6, STM32H573I-DK, STM32H573IIK3Q, STM32H573IIK6, STM32H573IIT3Q, STM32H573IIT6, STM32H573MIY3QTR, STM32H573RIT6, STM32H573RIV6, STM32H573VIT3Q, STM32H573VIT6, STM32H573ZIT3Q, STM32H573ZIT6, STM32H7R3A8I6, STM32H7R3I8K6, STM32H7R3I8T6, STM32H7R3L8H6, STM32H7R3L8H6H, STM32H7R3R8V6, STM32H7R3V8H6, STM32H7R3V8T6, STM32H7R3V8Y6TR, STM32H7R3Z8J6, STM32H7R3Z8T6, STM32H7R7A8I6, STM32H7R7I8K6, STM32H7R7I8T6, STM32H7R7L8H6, STM32H7R7L8H6H, STM32H7R7Z8J6, STM32H7S3A8I6, STM32H7S3I8K6, STM32H7S3I8T6, STM32H7S3L8H6, STM32H7S3L8H6H, STM32H7S3R8V6, STM32H7S3V8H6, STM32H7S3V8T6, STM32H7S3V8Y6TR, STM32H7S3Z8J6, STM32H7S3Z8T6, STM32H7S78-DK, STM32H7S7A8I6, STM32H7S7I8K6, STM32H7S7I8T6, STM32H7S7L8H6, STM32H7S7L8H6H, STM32H7S7Z8J6, STM32L4R5QGI6STR, STM32MP131AAE3, STM32MP131AAF3, STM32MP131AAG3, STM32MP131CAE3, STM32MP131CAF3, STM32MP131CAG3, STM32MP131DAE7, STM32MP131DAF7, STM32MP131DAG7, STM32MP131FAE7, STM32MP131FAF7, STM32MP131FAG7, STM32MP133AAE3, STM32MP133AAF3, STM32MP133AAG3, STM32MP133CAE3, STM32MP133CAF3, STM32MP133CAG3, STM32MP133DAE7, STM32MP133DAF7, STM32MP133DAG7, STM32MP133FAE7, STM32MP133FAF7, STM32MP133FAG7, STM32MP135AAE3, STM32MP135AAF3, STM32MP135AAG3, STM32MP135CAE3, STM32MP135CAF3, STM32MP135CAG3, STM32MP135DAE7, STM32MP135DAF7, STM32MP135DAG7, STM32MP135F-DK, STM32MP135FAE7, STM32MP135FAF7, STM32MP135FAF7T, STM32MP135FAF7U, STM32MP135FAG7, STM32MP211AAL3, STM32MP211AAM3, STM32MP211AAN3, STM32MP211AAO3, STM32MP211CAL3, STM32MP211CAM3, STM32MP211CAN3, STM32MP211CAO3, STM32MP211DAL3, STM32MP211DAM3, STM32MP211DAN3, STM32MP211DAO3, STM32MP211FAL3, STM32MP211FAM3, STM32MP211FAN3, STM32MP211FAO3, STM32MP213AAL3, STM32MP213AAM3, STM32MP213AAN3, STM32MP213AAO3, STM32MP213CAL3, STM32MP213CAM3, STM32MP213CAN3, STM32MP213CAO3, STM32MP213DAL3, STM32MP213DAM3, STM32MP213DAN3, STM32MP213DAO3, STM32MP213FAL3, STM32MP213FAM3, STM32MP213FAN3, STM32MP213FAO3, STM32MP215AAL3, STM32MP215AAM3, STM32MP215AAN3, STM32MP215AAO3, STM32MP215CAL3, STM32MP215CAM3, STM32MP215CAN3, STM32MP215CAO3, STM32MP215DAL3, STM32MP215DAM3, STM32MP215DAN3, STM32MP215DAO3, STM32MP215F-DK, STM32MP215FAL3, STM32MP215FAM3, STM32MP215FAN3, STM32MP215FAO3, STM32MP231AAJ3, STM32MP231AAK3, STM32MP231AAL3, STM32MP231CAJ3, STM32MP231CAK3, STM32MP231CAL3, STM32MP231DAJ3, STM32MP231DAK3, STM32MP231DAL3, STM32MP231FAJ3, STM32MP231FAK3, STM32MP231FAL3, STM32MP233AAJ3, STM32MP233AAK3, STM32MP233AAL3, STM32MP233CAJ3, STM32MP233CAK3, STM32MP233CAL3, STM32MP233DAJ3, STM32MP233DAK3, STM32MP233DAL3, STM32MP233FAJ3, STM32MP233FAK3, STM32MP233FAL3, STM32MP235AAJ3, STM32MP235AAK3, STM32MP235AAL3, STM32MP235CAJ3, STM32MP235CAK3, STM32MP235CAL3, STM32MP235DAJ3, STM32MP235DAK3, STM32MP235DAL3, STM32MP235FAJ3, STM32MP235FAK3, STM32MP235FAL3, STM32MP251AAI3, STM32MP251AAK3, STM32MP251AAL3, STM32MP251CAI3, STM32MP251CAK3, STM32MP251CAL3, STM32MP251DAI3, STM32MP251DAK3, STM32MP251DAL3, STM32MP251FAI3, STM32MP251FAK3, STM32MP251FAL3, STM32MP253AAI3, STM32MP253AAK3, STM32MP253AAL3, STM32MP253CAI3, STM32MP253CAK3, STM32MP253CAL3, STM32MP253DAI3, STM32MP253DAK3, STM32MP253DAL3, STM32MP253FAI3, STM32MP253FAK3, STM32MP253FAL3, STM32MP255AAI3, STM32MP255AAK3, STM32MP255AAL3, STM32MP255CAI3, STM32MP255CAK3, STM32MP255CAL3, STM32MP255DAI3, STM32MP255DAK3, STM32MP255DAL3, STM32MP255FAI3, STM32MP255FAK3, STM32MP255FAL3, STM32MP257AAI3, STM32MP257AAK3, STM32MP257AAL3, STM32MP257CAI3, STM32MP257CAK3, STM32MP257CAL3, STM32MP257DAI3, STM32MP257DAK3, STM32MP257DAL3, STM32MP257F-DK, STM32MP257F-EV1, STM32MP257FAI3, STM32MP257FAK3, STM32MP257FAL3, STM32N645A0H3Q, STM32N645B0H3Q, STM32N645I0H3Q, STM32N645L0H3Q, STM32N645X0H3Q, STM32N645Z0H3Q, STM32N647A0H3Q, STM32N647B0H3Q, STM32N647I0H3Q, STM32N647L0H3Q, STM32N647X0H3Q, STM32N647Z0H3Q, STM32N655A0H3Q, STM32N655B0H3Q, STM32N655I0H3Q, STM32N655L0H3Q, STM32N655X0H3Q, STM32N655Z0H3Q, STM32N6570-DK, STM32N657A0H3Q, STM32N657B0H3Q, STM32N657I0H3Q, STM32N657L0H3Q, STM32N657X0H3Q, STM32N657Z0H3Q, STM32U031C6T6, STM32U031C6U6, STM32U031C8T6, STM32U031C8U6, STM32U031F4P6, STM32U031F6P6, STM32U031F8P6, STM32U031G6Y6TR, STM32U031G8Y6TR, STM32U031K4U6, STM32U031K6U6, STM32U031K8U6, STM32U031R6I6, STM32U031R6T6, STM32U031R8I6, STM32U031R8T6, STM32U073C8T6, STM32U073C8U6, STM32U073CBT6, STM32U073CBU6, STM32U073CCT6, STM32U073CCU6, STM32U073H8Y6TR, STM32U073HBY6TR, STM32U073HCY6TR, STM32U073K8U6, STM32U073KBU6, STM32U073KCU6, STM32U073M8I6, STM32U073M8T6, STM32U073MBI6, STM32U073MBT6, STM32U073MCI6, STM32U073MCT6, STM32U073R8I6, STM32U073R8T6, STM32U073RBI6, STM32U073RBT6, STM32U073RCI6, STM32U073RCT6, STM32U083C-DK, STM32U083CCT6, STM32U083CCU6, STM32U083HCY6TR, STM32U083KCU6, STM32U083MCI6, STM32U083MCT6, STM32U083RCI6, STM32U083RCT6, STM32U375CET6, STM32U375CET6Q, STM32U375CEU6, STM32U375CEU6Q, STM32U375CEY6QTR, STM32U375CGT6, STM32U375CGT6Q, STM32U375CGU6, STM32U375CGU6Q, STM32U375CGY6QTR, STM32U375KEU6, STM32U375KGU6, STM32U375REI6, STM32U375REI6Q, STM32U375RET6, STM32U375RET6Q, STM32U375REY6GTR, STM32U375REY6QTR, STM32U375RGI6, STM32U375RGI6Q, STM32U375RGT6, STM32U375RGT6Q, STM32U375RGY6GTR, STM32U375RGY6QTR, STM32U375VEI6, STM32U375VEI6Q, STM32U375VET6, STM32U375VET6Q, STM32U375VGI6, STM32U375VGI6Q, STM32U375VGT6, STM32U375VGT6Q, STM32U385CGT6, STM32U385CGT6Q, STM32U385CGU6, STM32U385CGU6Q, STM32U385CGY6QTR, STM32U385KGU6, STM32U385RGI6, STM32U385RGI6Q, STM32U385RGT6, STM32U385RGT6Q, STM32U385RGY6GTR, STM32U385RGY6QTR, STM32U385VGI6, STM32U385VGI6Q, STM32U385VGT6, STM32U385VGT6Q, STM32U535CBT6, STM32U535CBT6Q, STM32U535CBU6, STM32U535CBU6Q, STM32U535CCT6, STM32U535CCT6Q, STM32U535CCU6, STM32U535CCU6Q, STM32U535CET6, STM32U535CET6Q, STM32U535CEU6, STM32U535CEU6Q, STM32U535JEY6QTR, STM32U535NCY6QTR, STM32U535NEY6QTR, STM32U535RBI6, STM32U535RBI6Q, STM32U535RBT6, STM32U535RBT6Q, STM32U535RCI6, STM32U535RCI6Q, STM32U535RCT6, STM32U535RCT6Q, STM32U535REI6, STM32U535REI6Q, STM32U535RET6, STM32U535RET6Q, STM32U535VCI6, STM32U535VCI6Q, STM32U535VCT6, STM32U535VCT6Q, STM32U535VEI6, STM32U535VEI6Q, STM32U535VET6, STM32U535VET6Q, STM32U545CET6, STM32U545CET6Q, STM32U545CEU6, STM32U545CEU6Q, STM32U545JEY6QTR, STM32U545NEY6QTR, STM32U545REI6, STM32U545REI6Q, STM32U545RET6, STM32U545RET6Q, STM32U545VEI6, STM32U545VEI6Q, STM32U545VET6, STM32U545VET6Q, STM32U595AIH6, STM32U595AIH6Q, STM32U595AJH6, STM32U595AJH6Q, STM32U595QII6, STM32U595QII6Q, STM32U595QJI6, STM32U595QJI6Q, STM32U595RIT6, STM32U595RIT6Q, STM32U595RJT6, STM32U595RJT6Q, STM32U595VIT6, STM32U595VIT6Q, STM32U595VJT6, STM32U595VJT6Q, STM32U595ZIT6, STM32U595ZIT6Q, STM32U595ZIY6QTR, STM32U595ZJT6, STM32U595ZJT6Q, STM32U595ZJY6QTR, STM32U599BJY6QTR, STM32U599NIH6Q, STM32U599NJH6Q, STM32U599VIT6Q, STM32U599VJT6, STM32U599VJT6Q, STM32U599ZIT6Q, STM32U599ZIY6QTR, STM32U599ZJT6Q, STM32U599ZJY6QTR, STM32U5A5AJH6, STM32U5A5AJH6Q, STM32U5A5QII3Q , STM32U5A5QJI6, STM32U5A5QJI6Q, STM32U5A5RJT6, STM32U5A5RJT6Q, STM32U5A5VJT6, STM32U5A5VJT6Q, STM32U5A5ZJT6, STM32U5A5ZJT6Q, STM32U5A5ZJY6QTR, STM32U5A9BJY6QTR, STM32U5A9J-DK, STM32U5A9NJH6Q, STM32U5A9VJT6Q, STM32U5A9ZJT6Q, STM32U5A9ZJY6QTR, STM32U5F7VIT6, STM32U5F7VIT6Q, STM32U5F7VJT6, STM32U5F7VJT6Q, STM32U5F9BJY6QTR, STM32U5F9NJH6Q, STM32U5F9VIT6Q, STM32U5F9VJT6Q, STM32U5F9ZIJ6QTR, STM32U5F9ZIT6Q, STM32U5F9ZJJ6QTR, STM32U5F9ZJT6Q, STM32U5G7VJT6, STM32U5G7VJT6Q, STM32U5G9BJY6QTR, STM32U5G9J-DK1, STM32U5G9J-DK2, STM32U5G9NJH6Q, STM32U5G9VJT6Q, STM32U5G9ZJJ6QTR, STM32U5G9ZJT6Q, STM32WB05KZV6TR, STM32WB05KZV7TR, STM32WB05TZF6TR, STM32WB05TZF7TR, STM32WB06CCF6TR, STM32WB06CCF7TR, STM32WB06CCV6TR, STM32WB06CCV7TR, STM32WB06KCV6TR, STM32WB06KCV7TR, STM32WB07CCF6TR, STM32WB07CCF7TR, STM32WB07CCV6TR, STM32WB07CCV7TR, STM32WB07KCV6TR, STM32WB07KCV7TR, STM32WB09KEV6TR, STM32WB09KEV7TR, STM32WB09TEF6TR, STM32WB09TEF7TR, STM32WB1MMCH6, STM32WBA50KGU6, STM32WBA50KGU6TR, STM32WBA52CEU6, STM32WBA52CEU6TR, STM32WBA52CEU7, STM32WBA52CEU7TR, STM32WBA52CGU6, STM32WBA52CGU6TR, STM32WBA52CGU6U, STM32WBA52CGU7, STM32WBA52CGU7TR, STM32WBA52KEU6, STM32WBA52KEU6TR, STM32WBA52KGU6, STM32WBA52KGU6TR, STM32WBA54CEU6, STM32WBA54CEU6TR, STM32WBA54CEU7, STM32WBA54CEU7TR, STM32WBA54CGU6, STM32WBA54CGU6TR, STM32WBA54CGU7, STM32WBA54CGU7TR, STM32WBA54KEU6, STM32WBA54KEU6TR, STM32WBA54KEU7, STM32WBA54KEU7TR, STM32WBA54KGU6, STM32WBA54KGU6TR, STM32WBA54KGU7, STM32WBA54KGU7TR, STM32WBA55CEU6, STM32WBA55CEU6TR, STM32WBA55CEU7, STM32WBA55CEU7TR, STM32WBA55CGU6, STM32WBA55CGU6TR, STM32WBA55CGU6U, STM32WBA55CGU7, STM32WBA55CGU7TR, STM32WBA55G-DK1, STM32WBA55HEF6, STM32WBA55HEF7, STM32WBA55HGF6, STM32WBA55HGF7, STM32WBA55UEI6, STM32WBA55UEI6TR, STM32WBA55UEI7, STM32WBA55UEI7TR, STM32WBA55UGI6, STM32WBA55UGI6TR, STM32WBA55UGI7, STM32WBA55UGI7TR, STM32WBA5MMGH6TR, STM32WBA62MGF6, STM32WBA62MIF6, STM32WBA65MGF7, STM32WBA65MIF6, STM32WBA65MIF7, STM32WL30K8V6, STM32WL30KBV6, STM32WL31C8V6, STM32WL31CBV6, STM32WL31K8V6, STM32WL31KBV6, STM32WL33C8V6, STM32WL33C8V6X, STM32WL33CBV6, STM32WL33CBV6X, STM32WL33CCV6, STM32WL33CCV6A, STM32WL33CCV6X, STM32WL33K8V7, STM32WL33K8V7X, STM32WL33KBV7 , STM32WL33KBV7X, STM32WL33KCV7, STM32WL33KCV7X, STM32WL5MOCH6, STM32WL5MOCH6TR]
2026-01-15 11:33:37,200 [INFO] DbMcus:218 - Found 4876 MCUs, 4876 are supported
2026-01-15 11:33:37,201 [INFO] ApiDb:423 - Load user favorites file C:\Users\Chinnapop/.stm32cubeide/favorites.mcus.txt: 0 item(s)
2026-01-15 11:33:37,201 [INFO] ApiDb:427 - User favorites MCUs=[]
2026-01-15 11:33:37,201 [INFO] DbMcus:224 - Set 0 / 0 favorites MCUs
2026-01-15 11:33:37,814 [INFO] BoardInfo:889 - No configuration file found for board P-NUCLEO-WB55
2026-01-15 11:33:37,816 [INFO] DbBoards:161 - Kit is not supported: P-NUCLEO-WB55
2026-01-15 11:33:37,823 [INFO] BoardInfo:889 - No configuration file found for board STEVAL-BFA001V1B
2026-01-15 11:33:37,824 [INFO] DbBoards:161 - Kit is not supported: STEVAL-BFA001V1B
2026-01-15 11:33:37,825 [INFO] BoardInfo:889 - No configuration file found for board STEVAL-BFA001V2B
2026-01-15 11:33:37,826 [INFO] DbBoards:161 - Kit is not supported: STEVAL-BFA001V2B
2026-01-15 11:33:38,061 [INFO] DbBoards:168 - Found 212 boards, 209 are supported
2026-01-15 11:33:38,061 [INFO] DbBoards:169 - Found 212 boards, 43 of them is supported for  Bsp
2026-01-15 11:33:38,064 [INFO] ApiDb:423 - Load user favorites file C:\Users\Chinnapop/.stm32cubeide/favorites.boards.txt: 0 item(s)
2026-01-15 11:33:38,064 [INFO] ApiDb:427 - User favorites Boards=[]
2026-01-15 11:33:38,064 [INFO] DbBoards:198 - Set 0 / 0 favorites Boards
2026-01-15 11:33:38,144 [INFO] UtilMem:75 - End LoadConfig() Used Memory: 725974680 Bytes (1073741824)
2026-01-15 11:33:38,322 [WARN] ThirdParty:833 - waiting for thirdparty lock release [change project]
2026-01-15 11:33:38,323 [INFO] ThirdParty:835 - entering critical section [change project]
2026-01-15 11:33:38,323 [INFO] ThirdParty:1030 - CMSIS Pack Vendor :STMicroelectronics X-CUBE-PM33A1 1.0.0
2026-01-15 11:33:38,323 [INFO] ThirdParty:1030 - CMSIS Pack Vendor :STMicroelectronics USBPD 4.1
2026-01-15 11:33:38,323 [INFO] ThirdParty:1030 - CMSIS Pack Vendor :STMicroelectronics USB_HOST 2.0.0
2026-01-15 11:33:38,323 [INFO] ThirdParty:1030 - CMSIS Pack Vendor :STMicroelectronics FP-SNS-MOTENVWB1 1.4.0
2026-01-15 11:33:38,323 [INFO] ThirdParty:1030 - CMSIS Pack Vendor :STMicroelectronics X-CUBE-AZRTOS-F4 1.1.0
2026-01-15 11:33:38,323 [INFO] ThirdParty:1030 - CMSIS Pack Vendor :STMicroelectronics LIBJPEG 8.0.0
2026-01-15 11:33:38,323 [INFO] ThirdParty:1030 - CMSIS Pack Vendor :STMicroelectronics FP-ATR-ASTRA1 2.0.2
2026-01-15 11:33:38,323 [INFO] ThirdParty:1030 - CMSIS Pack Vendor :STMicroelectronics FP-ATR-ASTRA1 2.0.1
2026-01-15 11:33:38,323 [INFO] ThirdParty:1030 - CMSIS Pack Vendor :Avnet-IotConnect X-CUBE-IoTC-DA16k-PMOD 1.0.0
2026-01-15 11:33:38,323 [INFO] ThirdParty:1030 - CMSIS Pack Vendor :STMicroelectronics X-CUBE-SMBUS 2.1.0
2026-01-15 11:33:38,323 [INFO] ThirdParty:1030 - CMSIS Pack Vendor :STMicroelectronics X-CUBE-WB05N 1.1.0
2026-01-15 11:33:38,323 [INFO] ThirdParty:1030 - CMSIS Pack Vendor :STMicroelectronics X-CUBE-ISPU 2.1.0
2026-01-15 11:33:38,323 [INFO] ThirdParty:1030 - CMSIS Pack Vendor :STMicroelectronics X-CUBE-IPS 3.2.0
2026-01-15 11:33:38,323 [INFO] ThirdParty:1030 - CMSIS Pack Vendor :STMicroelectronics X-CUBE-FREERTOS 1.2.0
2026-01-15 11:33:38,323 [INFO] ThirdParty:1030 - CMSIS Pack Vendor :STMicroelectronics X-CUBE-ST60 1.0.0
2026-01-15 11:33:38,323 [INFO] ThirdParty:1030 - CMSIS Pack Vendor :STMicroelectronics X-CUBE-NFC12 1.0.0
2026-01-15 11:33:38,323 [INFO] ThirdParty:1030 - CMSIS Pack Vendor :STMicroelectronics X-CUBE-AZRTOS-F7 1.1.0
2026-01-15 11:33:38,323 [INFO] ThirdParty:1030 - CMSIS Pack Vendor :STMicroelectronics X-CUBE-AZRTOS-L5 2.0.0
2026-01-15 11:33:38,323 [INFO] ThirdParty:1030 - CMSIS Pack Vendor :STMicroelectronics USB_DEVICE 2.0.0
2026-01-15 11:33:38,323 [INFO] ThirdParty:1030 - CMSIS Pack Vendor :STMicroelectronics X-CUBE-NFC6 3.1.0
2026-01-15 11:33:38,323 [INFO] ThirdParty:1030 - CMSIS Pack Vendor :STMicroelectronics X-CUBE-MEMS1 11.0.0
2026-01-15 11:33:38,323 [INFO] ThirdParty:1030 - CMSIS Pack Vendor :STMicroelectronics FP-SNS-MOTENV1 5.1.0
2026-01-15 11:33:38,323 [INFO] ThirdParty:1030 - CMSIS Pack Vendor :STMicroelectronics FreeRTOS 0.0.1
2026-01-15 11:33:38,323 [INFO] ThirdParty:1030 - CMSIS Pack Vendor :STMicroelectronics X-CUBE-DPower 1.2.0
2026-01-15 11:33:38,323 [INFO] ThirdParty:1030 - CMSIS Pack Vendor :STMicroelectronics FP-SNS-FLIGHT1 5.0.2
2026-01-15 11:33:38,323 [INFO] ThirdParty:1030 - CMSIS Pack Vendor :STMicroelectronics PDM2PCM 3.3.0
2026-01-15 11:33:38,323 [INFO] ThirdParty:1030 - CMSIS Pack Vendor :STMicroelectronics X-CUBE-AZRTOS-H7 3.4.0
2026-01-15 11:33:38,323 [INFO] ThirdParty:1030 - CMSIS Pack Vendor :STMicroelectronics X-CUBE-DISPLAY 3.0.0
2026-01-15 11:33:38,323 [INFO] ThirdParty:1030 - CMSIS Pack Vendor :STMicroelectronics X-CUBE-BLE1 7.0.0
2026-01-15 11:33:38,323 [INFO] ThirdParty:1030 - CMSIS Pack Vendor :STMicroelectronics X-CUBE-NFC10 1.0.0
2026-01-15 11:33:38,324 [INFO] ThirdParty:1030 - CMSIS Pack Vendor :STMicroelectronics X-CUBE-BLEMGR 4.0.0
2026-01-15 11:33:38,324 [INFO] ThirdParty:1030 - CMSIS Pack Vendor :STMicroelectronics X-CUBE-FREERTOS 1.3.1
2026-01-15 11:33:38,324 [INFO] ThirdParty:1030 - CMSIS Pack Vendor :STMicroelectronics HAL Drivers 0.0.0
2026-01-15 11:33:38,324 [INFO] ThirdParty:1030 - CMSIS Pack Vendor :STMicroelectronics X-CUBE-ST60 1.1.0
2026-01-15 11:33:38,324 [INFO] ThirdParty:1030 - CMSIS Pack Vendor :emotas I-CUBE-CANOPEN 1.3.0
2026-01-15 11:33:38,324 [INFO] ThirdParty:1030 - CMSIS Pack Vendor :STMicroelectronics X-CUBE-FREERTOS 1.3.0
2026-01-15 11:33:38,324 [INFO] ThirdParty:1030 - CMSIS Pack Vendor :STMicroelectronics X-CUBE-NFC7 1.0.1
2026-01-15 11:33:38,324 [INFO] ThirdParty:1030 - CMSIS Pack Vendor :STMicroelectronics MBEDTLS 2.14.1
2026-01-15 11:33:38,324 [INFO] ThirdParty:1030 - CMSIS Pack Vendor :STMicroelectronics X-CUBE-GNSS1 7.1.0
2026-01-15 11:33:38,324 [INFO] ThirdParty:1030 - CMSIS Pack Vendor :STMicroelectronics X-CUBE-TOUCHGFX 4.26.0
2026-01-15 11:33:38,324 [INFO] ThirdParty:1030 - CMSIS Pack Vendor :STMicroelectronics X-CUBE-BLEMGR 3.1.0
2026-01-15 11:33:38,324 [INFO] ThirdParty:1030 - CMSIS Pack Vendor :STMicroelectronics X-CUBE-AI 10.0.0
2026-01-15 11:33:38,325 [INFO] ThirdParty:1030 - CMSIS Pack Vendor :STMicroelectronics FP-SNS-STBOX1 2.1.0
2026-01-15 11:33:38,325 [INFO] ThirdParty:1030 - CMSIS Pack Vendor :STMicroelectronics FP-SNS-STAIOTCFT 1.0.0
2026-01-15 11:33:38,325 [INFO] ThirdParty:1030 - CMSIS Pack Vendor :STMicroelectronics FP-SNS-SMARTAG2 1.2.0
2026-01-15 11:33:38,325 [INFO] ThirdParty:1030 - CMSIS Pack Vendor :STMicroelectronics FP-SNS-FLIGHT1 5.1.0
2026-01-15 11:33:38,325 [INFO] ThirdParty:1030 - CMSIS Pack Vendor :STMicroelectronics X-CUBE-MEMS1 11.1.0
2026-01-15 11:33:38,325 [INFO] ThirdParty:1030 - CMSIS Pack Vendor :STMicroelectronics X-CUBE-AZRTOS-WL 2.0.0
2026-01-15 11:33:38,325 [INFO] ThirdParty:1030 - CMSIS Pack Vendor :STMicroelectronics X-CUBE-DPower 1.3.0
2026-01-15 11:33:38,325 [INFO] ThirdParty:1030 - CMSIS Pack Vendor :STMicroelectronics FP-SNS-MOTENV1 5.0.0
2026-01-15 11:33:38,325 [INFO] ThirdParty:1030 - CMSIS Pack Vendor :STMicroelectronics USB_DEVICE 1.0.0
2026-01-15 11:33:38,325 [INFO] ThirdParty:1030 - CMSIS Pack Vendor :STMicroelectronics X-CUBE-AZRTOS-H7RS 1.2.0
2026-01-15 11:33:38,325 [INFO] ThirdParty:1030 - CMSIS Pack Vendor :wolfSSL I-CUBE-wolfMQTT 1.19.0
2026-01-15 11:33:38,325 [INFO] ThirdParty:1030 - CMSIS Pack Vendor :STMicroelectronics X-CUBE-AZRTOS-L4 2.0.0
2026-01-15 11:33:38,325 [INFO] ThirdParty:1030 - CMSIS Pack Vendor :STMicroelectronics ThreadX 0.0.2
2026-01-15 11:33:38,325 [INFO] ThirdParty:1030 - CMSIS Pack Vendor :WES I-CUBE-Cesium 1.3.0
2026-01-15 11:33:38,325 [INFO] ThirdParty:1030 - CMSIS Pack Vendor :STMicroelectronics lwIP 2.1.2
2026-01-15 11:33:38,325 [INFO] ThirdParty:1030 - CMSIS Pack Vendor :STMicroelectronics X-CUBE-SFXS2LP1 4.0.0
2026-01-15 11:33:38,325 [INFO] ThirdParty:1030 - CMSIS Pack Vendor :STMicroelectronics X-CUBE-BLE2 3.3.0
2026-01-15 11:33:38,325 [INFO] ThirdParty:1030 - CMSIS Pack Vendor :STMicroelectronics PDM2PCM 3.2.0
2026-01-15 11:33:38,325 [INFO] ThirdParty:1030 - CMSIS Pack Vendor :STMicroelectronics X-CUBE-AZRTOS-H7 3.3.0
2026-01-15 11:33:38,325 [INFO] ThirdParty:1030 - CMSIS Pack Vendor :STMicroelectronics X-CUBE-NFC9 1.0.0
2026-01-15 11:33:38,325 [INFO] ThirdParty:1030 - CMSIS Pack Vendor :STMicroelectronics X-CUBE-BLE1 7.1.0
2026-01-15 11:33:38,325 [INFO] ThirdParty:1030 - CMSIS Pack Vendor :STMicroelectronics USB_DEVICE 3.0.0
2026-01-15 11:33:38,325 [INFO] ThirdParty:1030 - CMSIS Pack Vendor :STMicroelectronics X-CUBE-TCPP 4.1.0
2026-01-15 11:33:38,325 [INFO] ThirdParty:1030 - CMSIS Pack Vendor :STMicroelectronics X-CUBE-FREERTOS 1.4.0
2026-01-15 11:33:38,325 [INFO] ThirdParty:1030 - CMSIS Pack Vendor :STMicroelectronics X-CUBE-EEPRMA1 5.2.0
2026-01-15 11:33:38,325 [INFO] ThirdParty:1030 - CMSIS Pack Vendor :STMicroelectronics X-CUBE-BLEMGR 4.1.0
2026-01-15 11:33:38,325 [INFO] ThirdParty:1030 - CMSIS Pack Vendor :STMicroelectronics X-CUBE-IPS 3.0.0
2026-01-15 11:33:38,325 [INFO] ThirdParty:1030 - CMSIS Pack Vendor :STMicroelectronics X-CUBE-AZRTOS-WB 2.0.0
2026-01-15 11:33:38,325 [INFO] ThirdParty:1030 - CMSIS Pack Vendor :STMicroelectronics X-CUBE-GNSS1 7.0.0
2026-01-15 11:33:38,325 [INFO] ThirdParty:1030 - CMSIS Pack Vendor :STMicroelectronics X-CUBE-GNSS1 7.0.1
2026-01-15 11:33:38,325 [INFO] ThirdParty:1030 - CMSIS Pack Vendor :STMicroelectronics X-CUBE-TOUCHGFX 4.25.0
2026-01-15 11:33:38,325 [INFO] ThirdParty:1030 - CMSIS Pack Vendor :STMicroelectronics X-CUBE-ST67W61 1.1.0
2026-01-15 11:33:38,325 [INFO] ThirdParty:1030 - CMSIS Pack Vendor :STMicroelectronics X-CUBE-AI 10.1.0
2026-01-15 11:33:38,325 [INFO] ThirdParty:1030 - CMSIS Pack Vendor :STMicroelectronics FP-SNS-STBOX1 2.0.0
2026-01-15 11:33:38,325 [INFO] ThirdParty:1030 - CMSIS Pack Vendor :STMicroelectronics X-CUBE-MEMS1 12.0.0
2026-01-15 11:33:38,325 [INFO] ThirdParty:1030 - CMSIS Pack Vendor :STMicroelectronics X-CUBE-MEMS1 11.2.0
2026-01-15 11:33:38,325 [INFO] ThirdParty:1030 - CMSIS Pack Vendor :STMicroelectronics X-CUBE-AZRTOS-G0 1.1.0
2026-01-15 11:33:38,325 [INFO] ThirdParty:1030 - CMSIS Pack Vendor :STMicroelectronics X-CUBE-SAFEA1 1.2.2
2026-01-15 11:33:38,325 [INFO] ThirdParty:1030 - CMSIS Pack Vendor :STMicroelectronics X-CUBE-NFC4 3.0.0
2026-01-15 11:33:38,325 [INFO] ThirdParty:1030 - CMSIS Pack Vendor :STMicroelectronics X-CUBE-SUBG2 5.0.0
2026-01-15 11:33:38,325 [INFO] ThirdParty:1030 - CMSIS Pack Vendor :STMicroelectronics X-CUBE-AZRTOS-H7RS 1.1.0
2026-01-15 11:33:38,325 [INFO] ThirdParty:1030 - CMSIS Pack Vendor :STMicroelectronics STM32_WPAN 1.0.0
2026-01-15 11:33:38,325 [INFO] ThirdParty:1030 - CMSIS Pack Vendor :EmbeddedOffice I-CUBE-FS-RTOS 1.0.1
2026-01-15 11:33:38,325 [INFO] ThirdParty:1030 - CMSIS Pack Vendor :STMicroelectronics lwIP 2.0.3
2026-01-15 11:33:38,325 [INFO] ThirdParty:1030 - CMSIS Pack Vendor :Cesanta I-CUBE-Mongoose 7.13.0
2026-01-15 11:33:38,325 [INFO] ThirdParty:1030 - CMSIS Pack Vendor :STMicroelectronics USB_HOST 1.0.0
2026-01-15 11:33:38,325 [INFO] ThirdParty:1030 - CMSIS Pack Vendor :STMicroelectronics X-CUBE-AZRTOS-G4 2.0.0
2026-01-15 11:33:38,325 [INFO] ThirdParty:1030 - CMSIS Pack Vendor :STMicroelectronics X-CUBE-WB05N 2.0.0
2026-01-15 11:33:38,325 [INFO] ThirdParty:1030 - CMSIS Pack Vendor :STMicroelectronics PDM2PCM 3.1.0
2026-01-15 11:33:38,325 [INFO] ThirdParty:1030 - CMSIS Pack Vendor :STMicroelectronics X-CUBE-NFC7 2.0.0
2026-01-15 11:33:38,326 [INFO] ThirdParty:1030 - CMSIS Pack Vendor :STMicroelectronics X-CUBE-TCPP 4.2.0
2026-01-15 11:33:38,326 [INFO] ThirdParty:1030 - CMSIS Pack Vendor :RealThread X-CUBE-RT-Thread_Nano 4.1.1
2026-01-15 11:33:38,326 [INFO] ThirdParty:1030 - CMSIS Pack Vendor :STMicroelectronics FP-ATR-SIGFOX1 3.2.0
2026-01-15 11:33:38,326 [INFO] ThirdParty:1030 - CMSIS Pack Vendor :quantropi X-CUBE-qispace-sdk-base 1.9.3
2026-01-15 11:33:38,326 [INFO] ThirdParty:1030 - CMSIS Pack Vendor :STMicroelectronics X-CUBE-EEPRMA1 5.1.0
2026-01-15 11:33:38,326 [INFO] ThirdParty:1030 - CMSIS Pack Vendor :STMicroelectronics MBEDTLS 2.16.2
2026-01-15 11:33:38,326 [INFO] ThirdParty:1030 - CMSIS Pack Vendor :STMicroelectronics X-CUBE-IPS 3.1.0
2026-01-15 11:33:38,326 [INFO] ThirdParty:1030 - CMSIS Pack Vendor :STMicroelectronics X-CUBE-ALS 1.0.2
2026-01-15 11:33:38,326 [INFO] ThirdParty:1030 - CMSIS Pack Vendor :wolfSSL I-CUBE-wolfSSL 5.7.4
2026-01-15 11:33:38,326 [INFO] ThirdParty:1030 - CMSIS Pack Vendor :ITTIA_DB I-CUBE-ITTIADB 8.9.0
2026-01-15 11:33:38,326 [INFO] ThirdParty:1030 - CMSIS Pack Vendor :STMicroelectronics X-CUBE-TOUCHGFX 4.24.2
2026-01-15 11:33:38,326 [INFO] ThirdParty:1030 - CMSIS Pack Vendor :STMicroelectronics X-CUBE-TOUCHGFX 4.24.1
2026-01-15 11:33:38,326 [INFO] ThirdParty:1030 - CMSIS Pack Vendor :STMicroelectronics X-CUBE-STSE01 1.0.0
2026-01-15 11:33:38,326 [INFO] ThirdParty:1030 - CMSIS Pack Vendor :wolfSSL I-CUBE-wolfTPM 3.4.0
2026-01-15 11:33:38,326 [INFO] ThirdParty:1030 - CMSIS Pack Vendor :portGmbH I-Cube-SoM-uGOAL 1.1.0
2026-01-15 11:33:38,326 [INFO] ThirdParty:1030 - CMSIS Pack Vendor :STMicroelectronics X-CUBE-ST67W61 1.0.0
2026-01-15 11:33:38,326 [INFO] ThirdParty:1030 - CMSIS Pack Vendor :STMicroelectronics X-CUBE-AI 10.2.0
2026-01-15 11:33:38,326 [INFO] ThirdParty:1030 - CMSIS Pack Vendor :STMicroelectronics ThreadX 1.0.0
2026-01-15 11:33:38,326 [INFO] ThirdParty:1030 - CMSIS Pack Vendor :SEGGER I-CUBE-embOS 1.3.1
2026-01-15 11:33:38,326 [INFO] ThirdParty:1030 - CMSIS Pack Vendor :STMicroelectronics X-CUBE-ALGOBUILD 1.4.0
2026-01-15 11:33:38,326 [INFO] ThirdParty:1030 - CMSIS Pack Vendor :STMicroelectronics X-CUBE-MEMS1 11.3.0
2026-01-15 11:33:38,326 [INFO] ThirdParty:1030 - CMSIS Pack Vendor :STMicroelectronics X-CUBE-AZRTOS-H7RS 1.0.0
2026-01-15 11:33:38,326 [INFO] ThirdParty:1030 - CMSIS Pack Vendor :STMicroelectronics FP-ATR-ASTRA1 2.0.0
2026-01-15 11:33:38,326 [INFO] ThirdParty:1030 - CMSIS Pack Vendor :STMicroelectronics X-CUBE-TOF1 3.4.2
2026-01-15 11:33:38,326 [INFO] ThirdParty:1030 - CMSIS Pack Vendor :STMicroelectronics X-CUBE-TOF1 3.4.3
2026-01-15 11:33:38,326 [INFO] ThirdParty:1030 - CMSIS Pack Vendor :STMicroelectronics X-CUBE-AI 9.1.0
2026-01-15 11:33:38,326 [INFO] ThirdParty:1030 - CMSIS Pack Vendor :Infineon AIROC-Wi-Fi-Bluetooth-STM32 1.6.1
2026-01-15 11:33:38,326 [INFO] ThirdParty:1030 - CMSIS Pack Vendor :wolfSSL I-CUBE-wolfSSH 1.4.17
2026-01-15 11:33:38,326 [INFO] ThirdParty:841 - exiting critical section [change project]
2026-01-15 11:33:38,896 [INFO] PinOutPanel:1589 - setPackage(No Configuration,No Configuration)
2026-01-15 11:33:38,900 [INFO] PinOutPanel:1589 - setPackage(STM32F767ZITx,LQFP144)
2026-01-15 11:33:39,817 [INFO] UtilMem:75 - Before build in PCC Used Memory: 952149728 Bytes (1073741824)
2026-01-15 11:33:41,424 [INFO] UtilMem:75 - After build in PCC Used Memory: 957302168 Bytes (1073741824)
2026-01-15 11:33:41,503 [INFO] ApiDbMcu:532 - Load IP Config File for FREERTOS
2026-01-15 11:33:41,527 [INFO] ApiDbMcu:532 - Load IP Config File for LWIP
2026-01-15 11:33:41,528 [WARN] BspModel:444 - BSP dependency skipped because of component: name='USER_PHY', api='Unknown'
2026-01-15 11:33:41,578 [INFO] IPUIPlugin:80 - create IPUIPlugin
2026-01-15 11:33:41,578 [INFO] IPUIPlugin:80 - create IPUIPlugin
2026-01-15 11:33:41,578 [INFO] IPUIPlugin:80 - create IPUIPlugin
2026-01-15 11:33:41,578 [INFO] IPUIPlugin:80 - create IPUIPlugin
2026-01-15 11:33:41,578 [INFO] IPUIPlugin:80 - create IPUIPlugin
2026-01-15 11:33:41,578 [INFO] IPUIPlugin:80 - create IPUIPlugin
2026-01-15 11:33:41,579 [INFO] IPUIPlugin:80 - create IPUIPlugin
2026-01-15 11:33:41,579 [INFO] IPUIPlugin:80 - create IPUIPlugin
2026-01-15 11:33:41,579 [INFO] IPUIPlugin:80 - create IPUIPlugin
2026-01-15 11:33:41,579 [INFO] IPUIPlugin:80 - create IPUIPlugin
2026-01-15 11:33:41,579 [INFO] IPUIPlugin:80 - create IPUIPlugin
2026-01-15 11:33:41,579 [INFO] IPUIPlugin:80 - create IPUIPlugin
2026-01-15 11:33:41,579 [INFO] IPUIPlugin:80 - create IPUIPlugin
2026-01-15 11:33:41,580 [INFO] IPUIPlugin:80 - create IPUIPlugin
2026-01-15 11:33:41,580 [INFO] IPUIPlugin:80 - create IPUIPlugin
2026-01-15 11:33:41,580 [INFO] IPUIPlugin:80 - create IPUIPlugin
2026-01-15 11:33:41,580 [INFO] IPUIPlugin:80 - create IPUIPlugin
2026-01-15 11:33:41,580 [INFO] IPUIPlugin:80 - create IPUIPlugin
2026-01-15 11:33:41,580 [INFO] IPUIPlugin:80 - create IPUIPlugin
2026-01-15 11:33:41,580 [INFO] IPUIPlugin:80 - create IPUIPlugin
2026-01-15 11:33:41,580 [INFO] IPUIPlugin:80 - create IPUIPlugin
2026-01-15 11:33:41,580 [INFO] IPUIPlugin:80 - create IPUIPlugin
2026-01-15 11:33:41,580 [INFO] IPUIPlugin:80 - create IPUIPlugin
2026-01-15 11:33:41,581 [INFO] IPUIPlugin:80 - create IPUIPlugin
2026-01-15 11:33:41,581 [INFO] IPUIPlugin:80 - create IPUIPlugin
2026-01-15 11:33:41,581 [INFO] IPUIPlugin:80 - create IPUIPlugin
2026-01-15 11:33:41,581 [INFO] IPUIPlugin:80 - create IPUIPlugin
2026-01-15 11:33:41,582 [INFO] IPUIPlugin:80 - create IPUIPlugin
2026-01-15 11:33:41,582 [INFO] IPUIPlugin:80 - create IPUIPlugin
2026-01-15 11:33:41,582 [INFO] IPUIPlugin:80 - create IPUIPlugin
2026-01-15 11:33:41,583 [INFO] IPUIPlugin:80 - create IPUIPlugin
2026-01-15 11:33:41,583 [INFO] IPUIPlugin:80 - create IPUIPlugin
2026-01-15 11:33:41,583 [INFO] IPUIPlugin:80 - create IPUIPlugin
2026-01-15 11:33:41,584 [INFO] IPUIPlugin:80 - create IPUIPlugin
2026-01-15 11:33:41,584 [INFO] IPUIPlugin:80 - create IPUIPlugin
2026-01-15 11:33:41,584 [INFO] IPUIPlugin:80 - create IPUIPlugin
2026-01-15 11:33:41,585 [INFO] IPUIPlugin:80 - create IPUIPlugin
2026-01-15 11:33:41,585 [INFO] IPUIPlugin:80 - create IPUIPlugin
2026-01-15 11:33:41,586 [INFO] IPUIPlugin:80 - create IPUIPlugin
2026-01-15 11:33:41,586 [INFO] IPUIPlugin:80 - create IPUIPlugin
2026-01-15 11:33:41,587 [INFO] IPUIPlugin:80 - create IPUIPlugin
2026-01-15 11:33:41,587 [INFO] IPUIPlugin:80 - create IPUIPlugin
2026-01-15 11:33:41,587 [INFO] IPUIPlugin:80 - create IPUIPlugin
2026-01-15 11:33:41,587 [INFO] IPUIPlugin:80 - create IPUIPlugin
2026-01-15 11:33:41,588 [INFO] IPUIPlugin:80 - create IPUIPlugin
2026-01-15 11:33:41,588 [INFO] IPUIPlugin:80 - create IPUIPlugin
2026-01-15 11:33:41,588 [INFO] IPUIPlugin:80 - create IPUIPlugin
2026-01-15 11:33:41,588 [INFO] IPUIPlugin:80 - create IPUIPlugin
2026-01-15 11:33:41,588 [INFO] IPUIPlugin:80 - create IPUIPlugin
2026-01-15 11:33:41,588 [INFO] IPUIPlugin:80 - create IPUIPlugin
2026-01-15 11:33:41,589 [INFO] IPUIPlugin:80 - create IPUIPlugin
2026-01-15 11:33:41,589 [INFO] IPUIPlugin:80 - create IPUIPlugin
2026-01-15 11:33:41,589 [INFO] IPUIPlugin:80 - create IPUIPlugin
2026-01-15 11:33:41,590 [INFO] IPUIPlugin:80 - create IPUIPlugin
2026-01-15 11:33:41,590 [INFO] IPUIPlugin:80 - create IPUIPlugin
2026-01-15 11:33:41,590 [INFO] IPUIPlugin:80 - create IPUIPlugin
2026-01-15 11:33:41,590 [INFO] IPUIPlugin:80 - create IPUIPlugin
2026-01-15 11:33:41,591 [INFO] IPUIPlugin:80 - create IPUIPlugin
2026-01-15 11:33:41,591 [INFO] IPUIPlugin:80 - create IPUIPlugin
2026-01-15 11:33:41,592 [INFO] IPUIPlugin:80 - create IPUIPlugin
2026-01-15 11:33:41,592 [INFO] IPUIPlugin:80 - create IPUIPlugin
2026-01-15 11:33:41,592 [INFO] IPUIPlugin:80 - create IPUIPlugin
2026-01-15 11:33:41,592 [INFO] IPUIPlugin:80 - create IPUIPlugin
2026-01-15 11:33:41,593 [INFO] IPUIPlugin:80 - create IPUIPlugin
2026-01-15 11:33:41,593 [INFO] IPUIPlugin:80 - create IPUIPlugin
2026-01-15 11:33:41,593 [INFO] IPUIPlugin:80 - create IPUIPlugin
2026-01-15 11:33:41,593 [INFO] IPUIPlugin:80 - create IPUIPlugin
2026-01-15 11:33:41,594 [INFO] IPUIPlugin:80 - create IPUIPlugin
2026-01-15 11:33:41,594 [INFO] IPUIPlugin:80 - create IPUIPlugin
2026-01-15 11:33:41,594 [INFO] IPUIPlugin:80 - create IPUIPlugin
2026-01-15 11:33:41,595 [INFO] IPUIPlugin:80 - create IPUIPlugin
2026-01-15 11:33:41,595 [INFO] IPUIPlugin:80 - create IPUIPlugin
2026-01-15 11:33:41,595 [INFO] IPUIPlugin:80 - create IPUIPlugin
2026-01-15 11:33:41,595 [INFO] IPUIPlugin:80 - create IPUIPlugin
2026-01-15 11:33:41,595 [INFO] IPUIPlugin:80 - create IPUIPlugin
2026-01-15 11:33:41,596 [INFO] IPUIPlugin:80 - create IPUIPlugin
2026-01-15 11:33:41,596 [INFO] IPUIPlugin:80 - create IPUIPlugin
2026-01-15 11:33:41,596 [INFO] IPUIPlugin:80 - create IPUIPlugin
2026-01-15 11:33:41,596 [INFO] IPUIPlugin:80 - create IPUIPlugin
2026-01-15 11:33:41,642 [INFO] ApiDbMcu:532 - Load IP Config File for PDM2PCM
2026-01-15 11:33:41,689 [WARN] FreeRTOS:1023 - Null or empty value: should not occur! (nothing added to the table)
2026-01-15 11:33:41,697 [WARN] IP:2250 - LWIP_NETIF_HOSTNAME_NAME not found: check if there is a RefParameter without a condition.
2026-01-15 11:33:41,715 [WARN] IP:2250 - LWIP_NETIF_HOSTNAME_NAME not found: check if there is a RefParameter without a condition.
2026-01-15 11:33:42,144 [INFO] CADModel:165 - CPN selected for project levelSTM32F767ZIT6
2026-01-15 11:33:42,144 [INFO] CADModel:114 - Register for checkConnection events
2026-01-15 11:33:42,147 [INFO] RtosManager:728 - Active RTOS found at IOC load: FREERTOS [Cortex-M7NS]
2026-01-15 11:33:43,548 [INFO] OpenFileManager:386 - Restore cursor
2026-01-15 11:33:43,823 [WARN] IP:2250 - LWIP_NETIF_HOSTNAME_NAME not found: check if there is a RefParameter without a condition.
2026-01-15 11:33:43,842 [WARN] IP:2250 - LWIP_NETIF_HOSTNAME_NAME not found: check if there is a RefParameter without a condition.
2026-01-15 11:33:43,906 [WARN] IP:2250 - Warning not found: check if there is a RefParameter without a condition.
2026-01-15 11:33:43,906 [WARN] IP:2250 - RxBufferAddress not found: check if there is a RefParameter without a condition.
2026-01-15 11:33:43,906 [WARN] IP:2250 - DESC_SIZE_UNIT not found: check if there is a RefParameter without a condition.
2026-01-15 11:33:43,907 [WARN] IP:2250 - Warning not found: check if there is a RefParameter without a condition.
2026-01-15 11:33:43,907 [WARN] IP:2250 - RxBufferAddress not found: check if there is a RefParameter without a condition.
2026-01-15 11:33:43,907 [WARN] IP:2250 - DESC_SIZE_UNIT not found: check if there is a RefParameter without a condition.
2026-01-15 11:35:53,966 [ERROR] LogOutputStream:75 - [STDERR_REDIRECT] 
2026-01-15 11:36:15,774 [INFO] Activator:176 - 


2026-01-15 11:36:15,774 [INFO] Activator:177 - !SESSION log4j initialized
2026-01-15 11:36:23,564 [INFO] LogOutputStream:77 - [STDOUT_REDIRECT] 
2026-01-15 11:36:29,481 [INFO] ApplicationProperties:184 - Using Application install path: C:\ST\STM32CubeIDE_1.16.1\STM32CubeIDE\plugins\com.st.stm32cube.common.mx_6.15.0.202507011659
2026-01-15 11:36:29,498 [INFO] DbMcusXml:78 - Set database path to: C:\ST\STM32CubeIDE_1.16.1\STM32CubeIDE\plugins\com.st.stm32cube.common.mx_6.15.0.202507011659\\db\/mcu/
2026-01-15 11:36:29,498 [INFO] ApiDb:274 - Set plugin database path to: C:\ST\STM32CubeIDE_1.16.1\STM32CubeIDE\plugins\com.st.stm32cube.common.mx_6.15.0.202507011659\\db\/plugins/boardmanager/
2026-01-15 11:36:29,498 [WARN] ApiDb:259 - Overriding images path with different value:  => C:\ST\STM32CubeIDE_1.16.1\STM32CubeIDE\plugins\com.st.stm32cube.common.mx_6.15.0.202507011659\\db\/plugins/mcufinder/images/
2026-01-15 11:36:29,503 [INFO] ApiDb:250 - Set database path to: C:\Users\Chinnapop\.stmcufinder\plugins\mcufinder//mcu/
2026-01-15 11:36:29,504 [INFO] DbMcusAds:125 - Set database path to: C:\Users\Chinnapop\.stmcufinder\plugins\mcufinder//mcu/
2026-01-15 11:36:29,507 [INFO] CrossReferenceDbSqlite:203 - Set database path to: C:\Users\Chinnapop\.stmcufinder\plugins\mcufinder//mcu/cs/
2026-01-15 11:36:29,654 [INFO] RulesReader:64 - Compatibility file has been processed (317 Rules)
2026-01-15 11:36:29,728 [INFO] DbMcusXml:78 - Set database path to: C:\ST\STM32CubeIDE_1.16.1\STM32CubeIDE\plugins\com.st.stm32cube.common.mx_6.15.0.202507011659\\db\/mcu/
2026-01-15 11:36:29,728 [INFO] ApiDb:274 - Set plugin database path to: C:\ST\STM32CubeIDE_1.16.1\STM32CubeIDE\plugins\com.st.stm32cube.common.mx_6.15.0.202507011659\\db\/plugins/boardmanager/
2026-01-15 11:36:29,729 [INFO] ApiDb:261 - Set plugin images path to: C:\ST\STM32CubeIDE_1.16.1\STM32CubeIDE\plugins\com.st.stm32cube.common.mx_6.15.0.202507011659\\db\/plugins/mcufinder/images/
2026-01-15 11:36:29,729 [WARN] DbFile:41 - Overriding database path with different value: C:\Users\Chinnapop\.stmcufinder\plugins\mcufinder/ => C:\Users\Chinnapop\.stmcufinder\plugins\mcufinder
2026-01-15 11:36:29,729 [INFO] ApiDb:250 - Set database path to: C:\Users\Chinnapop\.stmcufinder\plugins\mcufinder//mcu/
2026-01-15 11:36:29,729 [WARN] DbFile:41 - Overriding database path with different value: C:\Users\Chinnapop\.stmcufinder\plugins\mcufinder/ => C:\Users\Chinnapop\.stmcufinder\plugins\mcufinder
2026-01-15 11:36:29,729 [INFO] DbMcusAds:125 - Set database path to: C:\Users\Chinnapop\.stmcufinder\plugins\mcufinder//mcu/
2026-01-15 11:36:29,730 [WARN] DbFile:41 - Overriding database path with different value: C:\Users\Chinnapop\.stmcufinder\plugins\mcufinder/ => C:\Users\Chinnapop\.stmcufinder\plugins\mcufinder
2026-01-15 11:36:29,730 [WARN] DbFile:41 - Overriding database path with different value: C:\Users\Chinnapop\.stmcufinder\plugins\mcufinder/ => C:\Users\Chinnapop\.stmcufinder\plugins\mcufinder
2026-01-15 11:36:29,730 [INFO] CrossReferenceDbSqlite:203 - Set database path to: C:\Users\Chinnapop\.stmcufinder\plugins\mcufinder//mcu/cs/
2026-01-15 11:36:29,799 [INFO] MainPanel:274 - HeapMemory: 268435456
2026-01-15 11:36:29,873 [INFO] DbMcusXml:78 - Set database path to: C:\ST\STM32CubeIDE_1.16.1\STM32CubeIDE\plugins\com.st.stm32cube.common.mx_6.15.0.202507011659\\db\/mcu/
2026-01-15 11:36:29,873 [INFO] ApiDb:274 - Set plugin database path to: C:\ST\STM32CubeIDE_1.16.1\STM32CubeIDE\plugins\com.st.stm32cube.common.mx_6.15.0.202507011659\\db\/plugins/boardmanager/
2026-01-15 11:36:29,873 [INFO] ApiDb:261 - Set plugin images path to: C:\ST\STM32CubeIDE_1.16.1\STM32CubeIDE\plugins\com.st.stm32cube.common.mx_6.15.0.202507011659\\db\/plugins/mcufinder/images/
2026-01-15 11:36:29,873 [WARN] DbFile:41 - Overriding database path with different value: C:\Users\Chinnapop\.stmcufinder\plugins\mcufinder/ => C:\Users\Chinnapop\.stmcufinder\plugins\mcufinder
2026-01-15 11:36:29,873 [INFO] ApiDb:250 - Set database path to: C:\Users\Chinnapop\.stmcufinder\plugins\mcufinder//mcu/
2026-01-15 11:36:29,874 [WARN] DbFile:41 - Overriding database path with different value: C:\Users\Chinnapop\.stmcufinder\plugins\mcufinder/ => C:\Users\Chinnapop\.stmcufinder\plugins\mcufinder
2026-01-15 11:36:29,874 [INFO] DbMcusAds:125 - Set database path to: C:\Users\Chinnapop\.stmcufinder\plugins\mcufinder//mcu/
2026-01-15 11:36:29,874 [WARN] DbFile:41 - Overriding database path with different value: C:\Users\Chinnapop\.stmcufinder\plugins\mcufinder/ => C:\Users\Chinnapop\.stmcufinder\plugins\mcufinder
2026-01-15 11:36:29,874 [WARN] DbFile:41 - Overriding database path with different value: C:\Users\Chinnapop\.stmcufinder\plugins\mcufinder/ => C:\Users\Chinnapop\.stmcufinder\plugins\mcufinder
2026-01-15 11:36:29,874 [INFO] CrossReferenceDbSqlite:203 - Set database path to: C:\Users\Chinnapop\.stmcufinder\plugins\mcufinder//mcu/cs/
2026-01-15 11:36:29,889 [INFO] ApplicationProperties:184 - Using Application install path: C:\ST\STM32CubeIDE_1.16.1\STM32CubeIDE\plugins\com.st.stm32cube.common.mx_6.15.0.202507011659
2026-01-15 11:36:29,890 [INFO] PluginManage:196 - Search for loadable plugins [exclusion list=, ]
2026-01-15 11:36:29,891 [INFO] PluginManage:310 - Check plugin analytics
2026-01-15 11:36:35,006 [INFO] AnalyticsPlugin:253 - Accepted Software Licenses: 
2026-01-15 11:36:35,006 [INFO] AnalyticsPlugin:255 - Accepted CMSIS Pack Licenses: 
2026-01-15 11:36:35,006 [INFO] AnalyticsPlugin:257 - Accepted Firmware Licenses: FW.F7.1.17.0
2026-01-15 11:36:35,008 [INFO] PluginManage:359 - Loaded plugin analytics (category:tool,tabindex:-1)
2026-01-15 11:36:35,008 [INFO] PluginManage:310 - Check plugin cadmodel
2026-01-15 11:36:35,011 [INFO] CADModel:105 - Init CAD model plugin
2026-01-15 11:36:35,012 [INFO] PluginManage:359 - Loaded plugin cadmodel (category:power,tabindex:5)
2026-01-15 11:36:35,012 [INFO] PluginManage:310 - Check plugin clock
2026-01-15 11:36:35,019 [INFO] PluginManage:359 - Loaded plugin clock (category:base,tabindex:2)
2026-01-15 11:36:35,019 [INFO] PluginManage:310 - Check plugin ddr
2026-01-15 11:36:35,021 [INFO] PluginManage:359 - Loaded plugin ddr (category:tool,tabindex:6)
2026-01-15 11:36:35,021 [INFO] PluginManage:310 - Check plugin filemanager
2026-01-15 11:36:35,165 [INFO] PluginManage:359 - Loaded plugin filemanager (category:base,tabindex:10)
2026-01-15 11:36:35,166 [INFO] PluginManage:310 - Check plugin ipmanager
2026-01-15 11:36:35,175 [INFO] PluginManage:359 - Loaded plugin ipmanager (category:base,tabindex:5)
2026-01-15 11:36:35,175 [INFO] PluginManage:310 - Check plugin lpbam
2026-01-15 11:36:35,186 [INFO] PluginManage:359 - Loaded plugin lpbam (category:base,tabindex:0)
2026-01-15 11:36:35,186 [INFO] PluginManage:310 - Check plugin memorymap
2026-01-15 11:36:35,200 [INFO] PluginManage:359 - Loaded plugin memorymap (category:base,tabindex:4)
2026-01-15 11:36:35,200 [INFO] PluginManage:310 - Check plugin pinoutandconfiguration
2026-01-15 11:36:35,210 [INFO] PluginManage:359 - Loaded plugin pinoutandconfiguration (category:base,tabindex:1)
2026-01-15 11:36:35,210 [INFO] PluginManage:310 - Check plugin pinoutconfig
2026-01-15 11:36:35,313 [WARN] SupportedApi:132 - Cannot load RTOS API schema: s4s-elt-must-match.1: The content of 'definitions' must match (annotation?, (simpleType | complexType)?, (unique | key | keyref)*)). A problem was found starting at: attribute.
2026-01-15 11:36:35,431 [INFO] PluginManage:359 - Loaded plugin pinoutconfig (category:base,tabindex:0)
2026-01-15 11:36:35,431 [INFO] PluginManage:310 - Check plugin power
2026-01-15 11:36:35,437 [INFO] PluginManage:359 - Loaded plugin power (category:power,tabindex:4)
2026-01-15 11:36:35,437 [INFO] PluginManage:310 - Check plugin projectmanager
2026-01-15 11:36:35,453 [INFO] PluginManage:359 - Loaded plugin projectmanager (category:projectmanager,tabindex:4)
2026-01-15 11:36:35,453 [INFO] PluginManage:310 - Check plugin rif
2026-01-15 11:36:35,461 [INFO] PluginManage:359 - Loaded plugin rif (category:base,tabindex:3)
2026-01-15 11:36:35,461 [INFO] PluginManage:310 - Check plugin thirdparty
2026-01-15 11:36:35,612 [INFO] PluginManage:359 - Loaded plugin thirdparty (category:base,tabindex:-1)
2026-01-15 11:36:35,612 [WARN] IntegrityCheckThread:84 - waiting for thirdparty lock release [integrity check]
2026-01-15 11:36:35,612 [INFO] IntegrityCheckThread:86 - entering critical section [integrity check]
2026-01-15 11:36:35,612 [INFO] PluginManage:310 - Check plugin tools
2026-01-15 11:36:35,613 [INFO] ThirdPartyUpdaterWithRetryManager:70 - Updater plugin not ready yet. [1/15]
2026-01-15 11:36:35,615 [INFO] PluginManage:359 - Loaded plugin tools (category:base,tabindex:7)
2026-01-15 11:36:35,615 [INFO] PluginManage:310 - Check plugin tutovideos
2026-01-15 11:36:35,807 [INFO] PluginManage:359 - Loaded plugin tutovideos (category:base,tabindex:-1)
2026-01-15 11:36:35,808 [INFO] PluginManage:310 - Check plugin updater
2026-01-15 11:36:35,832 [INFO] PluginManage:359 - Loaded plugin updater (category:base,tabindex:12)
2026-01-15 11:36:35,832 [INFO] PluginManage:310 - Check plugin userauth
2026-01-15 11:36:35,836 [INFO] UserAuth:118 - Init User Auth plugin
2026-01-15 11:36:35,837 [INFO] PluginManage:359 - Loaded plugin userauth (category:base,tabindex:14)
2026-01-15 11:36:35,838 [INFO] PluginManage:283 - PluginManage : Loaded plugins [18]
2026-01-15 11:36:36,033 [INFO] PinOutPanel:1589 - setPackage(No Configuration,No Configuration)
2026-01-15 11:36:36,125 [INFO] CADModel:165 - CPN selected for project level
2026-01-15 11:36:36,125 [INFO] CADModel:114 - Register for checkConnection events
2026-01-15 11:36:36,142 [INFO] IPUIPlugin:80 - create IPUIPlugin
2026-01-15 11:36:36,142 [INFO] PluginManager:220 - loadIPPluginJar : add adc
2026-01-15 11:36:36,144 [INFO] IPUIPlugin:80 - create IPUIPlugin
2026-01-15 11:36:36,144 [INFO] PluginManager:220 - loadIPPluginJar : add aes
2026-01-15 11:36:36,147 [INFO] IPUIPlugin:80 - create IPUIPlugin
2026-01-15 11:36:36,147 [INFO] PluginManager:220 - loadIPPluginJar : add can
2026-01-15 11:36:36,149 [INFO] IPUIPlugin:80 - create IPUIPlugin
2026-01-15 11:36:36,149 [INFO] PluginManager:220 - loadIPPluginJar : add comp
2026-01-15 11:36:36,151 [INFO] IPUIPlugin:80 - create IPUIPlugin
2026-01-15 11:36:36,151 [INFO] PluginManager:220 - loadIPPluginJar : add cryp
2026-01-15 11:36:36,153 [INFO] IPUIPlugin:80 - create IPUIPlugin
2026-01-15 11:36:36,153 [INFO] PluginManager:220 - loadIPPluginJar : add ddr_ctrl_phy
2026-01-15 11:36:36,156 [INFO] IPUIPlugin:80 - create IPUIPlugin
2026-01-15 11:36:36,156 [INFO] PluginManager:220 - loadIPPluginJar : add dfsdm
2026-01-15 11:36:36,162 [INFO] IPUIPlugin:80 - create IPUIPlugin
2026-01-15 11:36:36,163 [INFO] PluginManager:220 - loadIPPluginJar : add dma
2026-01-15 11:36:36,165 [INFO] IPUIPlugin:80 - create IPUIPlugin
2026-01-15 11:36:36,165 [INFO] PluginManager:220 - loadIPPluginJar : add dma3
2026-01-15 11:36:36,167 [INFO] IPUIPlugin:80 - create IPUIPlugin
2026-01-15 11:36:36,168 [INFO] PluginManager:220 - loadIPPluginJar : add extmemmanager
2026-01-15 11:36:36,169 [INFO] IPUIPlugin:80 - create IPUIPlugin
2026-01-15 11:36:36,169 [INFO] PluginManager:220 - loadIPPluginJar : add fatfs
2026-01-15 11:36:36,174 [INFO] IPUIPlugin:80 - create IPUIPlugin
2026-01-15 11:36:36,174 [INFO] PluginManager:220 - loadIPPluginJar : add fmc
2026-01-15 11:36:36,180 [INFO] IPUIPlugin:80 - create IPUIPlugin
2026-01-15 11:36:36,180 [INFO] PluginManager:220 - loadIPPluginJar : add freertos
2026-01-15 11:36:36,181 [INFO] IPUIPlugin:80 - create IPUIPlugin
2026-01-15 11:36:36,182 [INFO] PluginManager:220 - loadIPPluginJar : add genericplugin
2026-01-15 11:36:36,183 [INFO] IPUIPlugin:80 - create IPUIPlugin
2026-01-15 11:36:36,184 [INFO] PluginManager:220 - loadIPPluginJar : add gfxmmu
2026-01-15 11:36:36,189 [INFO] IPUIPlugin:80 - create IPUIPlugin
2026-01-15 11:36:36,189 [INFO] PluginManager:220 - loadIPPluginJar : add gic
2026-01-15 11:36:36,192 [INFO] IPUIPlugin:80 - create IPUIPlugin
2026-01-15 11:36:36,194 [INFO] PluginManager:220 - loadIPPluginJar : add gpio
2026-01-15 11:36:36,196 [INFO] IPUIPlugin:80 - create IPUIPlugin
2026-01-15 11:36:36,196 [INFO] PluginManager:220 - loadIPPluginJar : add gtzc
2026-01-15 11:36:36,198 [INFO] IPUIPlugin:80 - create IPUIPlugin
2026-01-15 11:36:36,199 [INFO] PluginManager:220 - loadIPPluginJar : add hash
2026-01-15 11:36:36,201 [INFO] IPUIPlugin:80 - create IPUIPlugin
2026-01-15 11:36:36,201 [INFO] PluginManager:220 - loadIPPluginJar : add i2c
2026-01-15 11:36:36,203 [INFO] IPUIPlugin:80 - create IPUIPlugin
2026-01-15 11:36:36,203 [INFO] PluginManager:220 - loadIPPluginJar : add i2s
2026-01-15 11:36:36,206 [INFO] IPUIPlugin:80 - create IPUIPlugin
2026-01-15 11:36:36,207 [INFO] PluginManager:220 - loadIPPluginJar : add i3c
2026-01-15 11:36:36,210 [INFO] IPUIPlugin:80 - create IPUIPlugin
2026-01-15 11:36:36,210 [INFO] PluginManager:220 - loadIPPluginJar : add ipddr
2026-01-15 11:36:36,217 [INFO] IPUIPlugin:80 - create IPUIPlugin
2026-01-15 11:36:36,217 [INFO] PluginManager:220 - loadIPPluginJar : add linkedlist
2026-01-15 11:36:36,222 [INFO] IPUIPlugin:80 - create IPUIPlugin
2026-01-15 11:36:36,222 [INFO] PluginManager:220 - loadIPPluginJar : add lorawan
2026-01-15 11:36:36,223 [INFO] IPUIPlugin:80 - create IPUIPlugin
2026-01-15 11:36:36,223 [INFO] PluginManager:220 - loadIPPluginJar : add ltdc
2026-01-15 11:36:36,229 [INFO] IPUIPlugin:80 - create IPUIPlugin
2026-01-15 11:36:36,230 [INFO] PluginManager:220 - loadIPPluginJar : add mdma
2026-01-15 11:36:36,232 [INFO] IPUIPlugin:80 - create IPUIPlugin
2026-01-15 11:36:36,234 [INFO] PluginManager:220 - loadIPPluginJar : add nvic
2026-01-15 11:36:36,236 [INFO] IPUIPlugin:80 - create IPUIPlugin
2026-01-15 11:36:36,237 [INFO] PluginManager:220 - loadIPPluginJar : add opamp
2026-01-15 11:36:36,240 [INFO] IPUIPlugin:80 - create IPUIPlugin
2026-01-15 11:36:36,240 [INFO] PluginManager:220 - loadIPPluginJar : add openamp
2026-01-15 11:36:36,242 [INFO] IPUIPlugin:80 - create IPUIPlugin
2026-01-15 11:36:36,242 [INFO] PluginManager:220 - loadIPPluginJar : add pdm2pcm
2026-01-15 11:36:36,247 [INFO] IPUIPlugin:80 - create IPUIPlugin
2026-01-15 11:36:36,250 [INFO] PluginManager:220 - loadIPPluginJar : add plateformsettings
2026-01-15 11:36:36,252 [INFO] IPUIPlugin:80 - create IPUIPlugin
2026-01-15 11:36:36,252 [INFO] PluginManager:220 - loadIPPluginJar : add quadspi
2026-01-15 11:36:36,254 [INFO] IPUIPlugin:80 - create IPUIPlugin
2026-01-15 11:36:36,254 [INFO] PluginManager:220 - loadIPPluginJar : add radio
2026-01-15 11:36:36,257 [INFO] IPUIPlugin:80 - create IPUIPlugin
2026-01-15 11:36:36,257 [INFO] PluginManager:220 - loadIPPluginJar : add resmgrutility
2026-01-15 11:36:36,259 [INFO] IPUIPlugin:80 - create IPUIPlugin
2026-01-15 11:36:36,260 [INFO] PluginManager:220 - loadIPPluginJar : add sai
2026-01-15 11:36:36,261 [INFO] IPUIPlugin:80 - create IPUIPlugin
2026-01-15 11:36:36,262 [INFO] PluginManager:220 - loadIPPluginJar : add spi
2026-01-15 11:36:36,267 [INFO] IPUIPlugin:80 - create IPUIPlugin
2026-01-15 11:36:36,268 [INFO] PluginManager:220 - loadIPPluginJar : add stm32_wpan
2026-01-15 11:36:36,269 [INFO] IPUIPlugin:80 - create IPUIPlugin
2026-01-15 11:36:36,269 [INFO] PluginManager:220 - loadIPPluginJar : add tim
2026-01-15 11:36:36,272 [INFO] IPUIPlugin:80 - create IPUIPlugin
2026-01-15 11:36:36,272 [INFO] PluginManager:220 - loadIPPluginJar : add touchsensing
2026-01-15 11:36:36,273 [INFO] IPUIPlugin:80 - create IPUIPlugin
2026-01-15 11:36:36,273 [INFO] PluginManager:220 - loadIPPluginJar : add tracer_emb
2026-01-15 11:36:36,275 [INFO] IPUIPlugin:80 - create IPUIPlugin
2026-01-15 11:36:36,275 [INFO] PluginManager:220 - loadIPPluginJar : add ts
2026-01-15 11:36:36,276 [INFO] IPUIPlugin:80 - create IPUIPlugin
2026-01-15 11:36:36,276 [INFO] PluginManager:220 - loadIPPluginJar : add tsc
2026-01-15 11:36:36,278 [INFO] IPUIPlugin:80 - create IPUIPlugin
2026-01-15 11:36:36,278 [INFO] PluginManager:220 - loadIPPluginJar : add ucpd
2026-01-15 11:36:36,280 [INFO] IPUIPlugin:80 - create IPUIPlugin
2026-01-15 11:36:36,280 [INFO] PluginManager:220 - loadIPPluginJar : add usart
2026-01-15 11:36:36,283 [INFO] IPUIPlugin:80 - create IPUIPlugin
2026-01-15 11:36:36,283 [INFO] PluginManager:220 - loadIPPluginJar : add usbx
2026-01-15 11:36:36,407 [FATAL] Updater:351 - Updater called before beeing initialized
2026-01-15 11:36:36,459 [INFO] RulesReader:64 - Compatibility file has been processed (317 Rules)
2026-01-15 11:36:36,477 [INFO] RulesReader:64 - Compatibility file has been processed (317 Rules)
2026-01-15 11:36:36,495 [INFO] CADModel:165 - CPN selected for project level
2026-01-15 11:36:36,495 [INFO] CADModel:114 - Register for checkConnection events
2026-01-15 11:36:36,495 [FATAL] Updater:351 - Updater called before beeing initialized
2026-01-15 11:36:36,495 [ERROR] CADModel:125 - Updater not yet initialized, retry later 
2026-01-15 11:36:36,638 [FATAL] Updater:351 - Updater called before beeing initialized
2026-01-15 11:36:36,639 [INFO] CADModel:165 - CPN selected for project level
2026-01-15 11:36:36,640 [INFO] CADModel:114 - Register for checkConnection events
2026-01-15 11:36:36,640 [FATAL] Updater:351 - Updater called before beeing initialized
2026-01-15 11:36:36,640 [ERROR] CADModel:125 - Updater not yet initialized, retry later 
2026-01-15 11:36:36,643 [FATAL] Updater:351 - Updater called before beeing initialized
2026-01-15 11:36:36,749 [FATAL] Updater:351 - Updater called before beeing initialized
2026-01-15 11:36:36,753 [INFO] DbMcusAds:53 - JSON generation date=Thu Jan 08 22:56:32 ICT 2026 (1767887792457)
2026-01-15 11:36:36,753 [FATAL] Updater:351 - Updater called before beeing initialized
2026-01-15 11:36:36,784 [WARN] DetailPanel:346 - Failed to get advertising image, set to default
2026-01-15 11:36:36,879 [FATAL] Updater:351 - Updater called before beeing initialized
2026-01-15 11:36:36,881 [FATAL] Updater:351 - Updater called before beeing initialized
2026-01-15 11:36:36,881 [FATAL] Updater:351 - Updater called before beeing initialized
2026-01-15 11:36:36,881 [WARN] DetailPanel:346 - Failed to get advertising image, set to default
2026-01-15 11:36:36,882 [FATAL] Updater:351 - Updater called before beeing initialized
2026-01-15 11:36:36,924 [ERROR] Updater:1198 - MainUpdater not yet initialized. External WinMGr cannot be set.
2026-01-15 11:36:36,926 [INFO] Updater:1134 - Updater Version found : 6.15.0
2026-01-15 11:36:36,944 [INFO] ApplicationProperties:184 - Using Application install path: C:\ST\STM32CubeIDE_1.16.1\STM32CubeIDE\plugins\com.st.stm32cube.common.mx_6.15.0.202507011659
2026-01-15 11:36:38,527 [ERROR] LogOutputStream:75 - [STDERR_REDIRECT] Jan 15, 2026 11:36:38 AM java.util.prefs.WindowsPreferences <init>
2026-01-15 11:36:38,529 [ERROR] LogOutputStream:75 - [STDERR_REDIRECT] WARNING: Could not open/create prefs root node Software\JavaSoft\Prefs at root 0xffffffff80000002. Windows RegCreateKeyEx(...) returned error code 5.
2026-01-15 11:36:38,530 [ERROR] LogOutputStream:75 - [STDERR_REDIRECT] 
2026-01-15 11:36:38,614 [INFO] ThirdPartyUpdaterWithRetryManager:70 - Updater plugin not ready yet. [2/15]
2026-01-15 11:36:39,024 [INFO] MainUpdater:2872 - connection check result : 10
2026-01-15 11:36:39,024 [INFO] MainUpdater:289 - Updater Check For Update Now.
2026-01-15 11:36:39,025 [INFO] MicroXplorer:498 - Change Database Version : DB.6.0.150
2026-01-15 11:36:39,042 [INFO] McuFinderGlobals:63 - Set McuFinder mode to 2 (CubeIDE integrated)
2026-01-15 11:36:39,043 [INFO] UserAuth:487 - Internet connection configuration mode: 1
2026-01-15 11:36:39,113 [INFO] JxBrowserEngine:152 - Initiate JxBrowser Engine with user profile folder
2026-01-15 11:36:39,251 [INFO] CheckServerUpdateThread:120 - End of CheckServer Thread
2026-01-15 11:36:39,986 [INFO] WebApp:169 - Instantiating new browser for Auth
2026-01-15 11:36:40,723 [INFO] WebApp:463 - Apply proxy settings
2026-01-15 11:36:40,723 [INFO] WebApp:548 - Chromium requires no authentication
2026-01-15 11:36:40,730 [INFO] WebApp:491 - Direct internet connection detected
2026-01-15 11:36:40,753 [INFO] WebApp:900 - Register for checkConnection events
2026-01-15 11:36:40,754 [INFO] WebApp:463 - Apply proxy settings
2026-01-15 11:36:40,755 [INFO] WebApp:548 - Chromium requires no authentication
2026-01-15 11:36:40,755 [INFO] WebApp:491 - Direct internet connection detected
2026-01-15 11:36:40,895 [INFO] McuFinderGlobals:63 - Set McuFinder mode to 2 (CubeIDE integrated)
2026-01-15 11:36:40,900 [INFO] MainUpdater:2872 - connection check result : 10
2026-01-15 11:36:40,901 [INFO] MainUpdater:2872 - connection check result : 10
2026-01-15 11:36:40,926 [INFO] MicroXplorer:468 - Change Database Path : 
2026-01-15 11:36:40,926 [INFO] MicroXplorer:498 - Change Database Version : DB.6.0.150
2026-01-15 11:36:40,957 [WARN] ThirdParty:871 - waiting for thirdparty lock release [close project]
2026-01-15 11:36:40,986 [INFO] WebApp:225 - Starting web application
2026-01-15 11:36:40,987 [INFO] WebApp:593 - Web application path used C:\ST\STM32CubeIDE_1.16.1\STM32CubeIDE\plugins\com.st.stm32cube.common.mx_6.15.0.202507011659\db\plugins\mcufinder\reactClient1\index.html
2026-01-15 11:36:41,089 [INFO] UserAuth:487 - Internet connection configuration mode: 1
2026-01-15 11:36:41,792 [WARN] PackLoader:240 - Cannot read IP mode file for STMicroelectronics.FP-SNS-MOTENVWB1.1.4.0
2026-01-15 11:36:41,802 [WARN] PackLoader:240 - Cannot read IP mode file for STMicroelectronics.FP-ATR-ASTRA1.2.0.2
2026-01-15 11:36:41,807 [WARN] PackLoader:240 - Cannot read IP mode file for STMicroelectronics.FP-ATR-ASTRA1.2.0.1
2026-01-15 11:36:41,817 [WARN] PackLoader:240 - Cannot read IP mode file for STMicroelectronics.X-CUBE-SMBUS.2.1.0
2026-01-15 11:36:41,823 [WARN] PackLoader:240 - Cannot read IP mode file for STMicroelectronics.X-CUBE-WB05N.1.1.0
2026-01-15 11:36:41,831 [WARN] PackLoader:240 - Cannot read IP mode file for STMicroelectronics.X-CUBE-ST60.1.0.0
2026-01-15 11:36:41,867 [WARN] PackLoader:240 - Cannot read IP mode file for STMicroelectronics.X-CUBE-AZRTOS-F7.1.1.0
2026-01-15 11:36:41,911 [WARN] PackLoader:240 - Cannot read IP mode file for STMicroelectronics.X-CUBE-MEMS1.11.0.0
2026-01-15 11:36:42,011 [WARN] PackLoader:240 - Cannot read IP mode file for STMicroelectronics.FP-SNS-MOTENV1.5.1.0
2026-01-15 11:36:42,015 [WARN] PackLoader:240 - Cannot read IP mode file for STMicroelectronics.FP-SNS-FLIGHT1.5.0.2
2026-01-15 11:36:42,038 [WARN] PackLoader:240 - Cannot read IP mode file for STMicroelectronics.X-CUBE-AZRTOS-H7.3.4.0
2026-01-15 11:36:42,046 [WARN] PackLoader:240 - Cannot read IP mode file for STMicroelectronics.X-CUBE-DISPLAY.3.0.0
2026-01-15 11:36:42,051 [WARN] PackLoader:240 - Cannot read IP mode file for STMicroelectronics.X-CUBE-BLE1.7.0.0
2026-01-15 11:36:42,055 [WARN] PackLoader:240 - Cannot read IP mode file for STMicroelectronics.X-CUBE-NFC10.1.0.0
2026-01-15 11:36:42,061 [WARN] PackLoader:240 - Cannot read IP mode file for STMicroelectronics.X-CUBE-BLEMGR.4.0.0
2026-01-15 11:36:42,065 [WARN] PackLoader:240 - Cannot read IP mode file for STMicroelectronics.X-CUBE-ST60.1.1.0
2026-01-15 11:36:42,069 [WARN] PackLoader:240 - Cannot read IP mode file for emotas.I-CUBE-CANOPEN.1.3.0
2026-01-15 11:36:42,072 [WARN] PackLoader:240 - Cannot read IP mode file for STMicroelectronics.X-CUBE-GNSS1.7.1.0
2026-01-15 11:36:42,077 [WARN] PackLoader:240 - Cannot read IP mode file for STMicroelectronics.X-CUBE-BLEMGR.3.1.0
2026-01-15 11:36:42,081 [WARN] PackLoader:240 - Cannot read IP mode file for STMicroelectronics.X-CUBE-AI.10.0.0
2026-01-15 11:36:42,085 [WARN] PackLoader:240 - Cannot read IP mode file for STMicroelectronics.FP-SNS-STBOX1.2.1.0
2026-01-15 11:36:42,088 [WARN] PackLoader:240 - Cannot read IP mode file for STMicroelectronics.FP-SNS-SMARTAG2.1.2.0
2026-01-15 11:36:42,090 [WARN] PackLoader:240 - Cannot read IP mode file for STMicroelectronics.FP-SNS-FLIGHT1.5.1.0
2026-01-15 11:36:42,113 [WARN] PackLoader:240 - Cannot read IP mode file for STMicroelectronics.X-CUBE-MEMS1.11.1.0
2026-01-15 11:36:42,218 [INFO] LogOutputStream:77 - [STDOUT_REDIRECT] 1 : Invalid condition id : UX_CORESTACK_Condition cause : null
2026-01-15 11:36:42,220 [INFO] LogOutputStream:77 - [STDOUT_REDIRECT] 1 : Invalid condition id : UX_CORESTACK_Condition cause : null
2026-01-15 11:36:42,223 [INFO] LogOutputStream:77 - [STDOUT_REDIRECT] 1 : Invalid condition id : UX_CORESTACK_Condition cause : null
2026-01-15 11:36:42,225 [INFO] LogOutputStream:77 - [STDOUT_REDIRECT] 1 : Invalid condition id : UX_CORESTACK_Condition cause : null
2026-01-15 11:36:42,227 [INFO] LogOutputStream:77 - [STDOUT_REDIRECT] 1 : Invalid condition id : UX_CORESTACK_Condition cause : null
2026-01-15 11:36:42,256 [WARN] PackLoader:240 - Cannot read IP mode file for STMicroelectronics.X-CUBE-AZRTOS-WL.2.0.0
2026-01-15 11:36:42,265 [WARN] PackLoader:240 - Cannot read IP mode file for STMicroelectronics.FP-SNS-MOTENV1.5.0.0
2026-01-15 11:36:42,285 [WARN] PackLoader:240 - Cannot read IP mode file for STMicroelectronics.X-CUBE-AZRTOS-H7RS.1.2.0
2026-01-15 11:36:42,294 [WARN] PackLoader:240 - Cannot read IP mode file for wolfSSL.I-CUBE-wolfMQTT.1.19.0
2026-01-15 11:36:42,307 [WARN] PackLoader:240 - Cannot read IP mode file for WES.I-CUBE-Cesium.1.3.0
2026-01-15 11:36:42,314 [WARN] PackLoader:240 - Cannot read IP mode file for STMicroelectronics.X-CUBE-BLE2.3.3.0
2026-01-15 11:36:42,319 [WARN] PackLoader:240 - Cannot read IP mode file for STMicroelectronics.X-CUBE-NFC9.1.0.0
2026-01-15 11:36:42,325 [WARN] PackLoader:240 - Cannot read IP mode file for STMicroelectronics.X-CUBE-BLE1.7.1.0
2026-01-15 11:36:42,330 [WARN] PackLoader:240 - Cannot read IP mode file for STMicroelectronics.X-CUBE-TCPP.4.1.0
2026-01-15 11:36:42,337 [WARN] PackLoader:240 - Cannot read IP mode file for STMicroelectronics.X-CUBE-FREERTOS.1.4.0
2026-01-15 11:36:42,342 [WARN] PackLoader:240 - Cannot read IP mode file for STMicroelectronics.X-CUBE-EEPRMA1.5.2.0
2026-01-15 11:36:42,348 [WARN] PackLoader:240 - Cannot read IP mode file for STMicroelectronics.X-CUBE-ST67W61.1.1.0
2026-01-15 11:36:42,351 [WARN] PackLoader:240 - Cannot read IP mode file for STMicroelectronics.X-CUBE-AI.10.1.0
2026-01-15 11:36:42,407 [WARN] PackLoader:240 - Cannot read IP mode file for STMicroelectronics.X-CUBE-MEMS1.12.0.0
2026-01-15 11:36:42,411 [INFO] WebApp:191 - Connection restablished
2026-01-15 11:36:42,504 [WARN] PackLoader:240 - Cannot read IP mode file for STMicroelectronics.X-CUBE-MEMS1.11.2.0
2026-01-15 11:36:42,601 [WARN] PackLoader:240 - Cannot read IP mode file for STMicroelectronics.X-CUBE-AZRTOS-G0.1.1.0
2026-01-15 11:36:42,608 [WARN] PackLoader:240 - Cannot read IP mode file for STMicroelectronics.X-CUBE-SAFEA1.1.2.2
2026-01-15 11:36:42,614 [WARN] PackLoader:240 - Cannot read IP mode file for STMicroelectronics.X-CUBE-NFC4.3.0.0
2026-01-15 11:36:42,629 [WARN] PackLoader:240 - Cannot read IP mode file for EmbeddedOffice.I-CUBE-FS-RTOS.1.0.1
2026-01-15 11:36:42,635 [WARN] PackLoader:240 - Cannot read IP mode file for STMicroelectronics.X-CUBE-WB05N.2.0.0
2026-01-15 11:36:42,640 [WARN] PackLoader:240 - Cannot read IP mode file for STMicroelectronics.X-CUBE-TCPP.4.2.0
2026-01-15 11:36:42,647 [WARN] PackLoader:240 - Cannot read IP mode file for RealThread.X-CUBE-RT-Thread_Nano.4.1.1
2026-01-15 11:36:42,651 [WARN] PackLoader:240 - Cannot read IP mode file for STMicroelectronics.FP-ATR-SIGFOX1.3.2.0
2026-01-15 11:36:42,655 [WARN] ConditionMgr:438 - getConditionDescription Invalid condition id : Cortex-A Device cause : null
2026-01-15 11:36:42,679 [WARN] ConditionMgr:1044 - genDependencies : Invalid condition id : Cortex-A Device cause : null
2026-01-15 11:36:42,679 [WARN] ConditionMgr:1044 - genDependencies : Invalid condition id : Cortex-A Device cause : null
2026-01-15 11:36:42,679 [WARN] ConditionMgr:1044 - genDependencies : Invalid condition id : Cortex-A Device cause : null
2026-01-15 11:36:42,684 [WARN] PackLoader:240 - Cannot read IP mode file for STMicroelectronics.X-CUBE-EEPRMA1.5.1.0
2026-01-15 11:36:42,690 [WARN] PackLoader:240 - Cannot read IP mode file for wolfSSL.I-CUBE-wolfSSL.5.7.4
2026-01-15 11:36:42,695 [WARN] PackLoader:240 - Cannot read IP mode file for ITTIA_DB.I-CUBE-ITTIADB.8.9.0
2026-01-15 11:36:42,707 [WARN] PackLoader:240 - Cannot read IP mode file for STMicroelectronics.X-CUBE-ST67W61.1.0.0
2026-01-15 11:36:42,712 [WARN] PackLoader:240 - Cannot read IP mode file for STMicroelectronics.X-CUBE-AI.10.2.0
2026-01-15 11:36:42,741 [WARN] PackLoader:240 - Cannot read IP mode file for SEGGER.I-CUBE-embOS.1.3.1
2026-01-15 11:36:42,769 [WARN] PackLoader:240 - Cannot read IP mode file for STMicroelectronics.X-CUBE-ALGOBUILD.1.4.0
2026-01-15 11:36:42,802 [WARN] PackLoader:240 - Cannot read IP mode file for STMicroelectronics.X-CUBE-MEMS1.11.3.0
2026-01-15 11:36:42,912 [WARN] PackLoader:240 - Cannot read IP mode file for STMicroelectronics.X-CUBE-AI.9.1.0
2026-01-15 11:36:42,922 [WARN] PackLoader:240 - Cannot read IP mode file for STMicroelectronics.X-CUBE-PM33A1.1.0.0
2026-01-15 11:36:42,946 [WARN] PackLoader:240 - Cannot read IP mode file for STMicroelectronics.X-CUBE-AZRTOS-F4.1.1.0
2026-01-15 11:36:42,955 [WARN] PackLoader:240 - Cannot read IP mode file for Avnet-IotConnect.X-CUBE-IoTC-DA16k-PMOD.1.0.0
2026-01-15 11:36:42,962 [WARN] PackLoader:240 - Cannot read IP mode file for STMicroelectronics.X-CUBE-ISPU.2.1.0
2026-01-15 11:36:42,995 [WARN] PackLoader:240 - Cannot read IP mode file for STMicroelectronics.X-CUBE-IPS.3.2.0
2026-01-15 11:36:43,011 [WARN] PackLoader:240 - Cannot read IP mode file for STMicroelectronics.X-CUBE-FREERTOS.1.2.0
2026-01-15 11:36:43,018 [WARN] PackLoader:240 - Cannot read IP mode file for STMicroelectronics.X-CUBE-NFC12.1.0.0
2026-01-15 11:36:43,033 [WARN] PackLoader:240 - Cannot read IP mode file for STMicroelectronics.X-CUBE-AZRTOS-L5.2.0.0
2026-01-15 11:36:43,040 [WARN] PackLoader:240 - Cannot read IP mode file for STMicroelectronics.X-CUBE-NFC6.3.1.0
2026-01-15 11:36:43,047 [WARN] PackLoader:240 - Cannot read IP mode file for STMicroelectronics.X-CUBE-DPower.1.2.0
2026-01-15 11:36:43,052 [WARN] PackLoader:240 - Cannot read IP mode file for STMicroelectronics.X-CUBE-FREERTOS.1.3.1
2026-01-15 11:36:43,055 [WARN] PackLoader:240 - Cannot read IP mode file for STMicroelectronics.X-CUBE-FREERTOS.1.3.0
2026-01-15 11:36:43,060 [WARN] PackLoader:240 - Cannot read IP mode file for STMicroelectronics.X-CUBE-NFC7.1.0.1
2026-01-15 11:36:43,069 [WARN] PackLoader:240 - Cannot read IP mode file for STMicroelectronics.X-CUBE-TOUCHGFX.4.26.0
2026-01-15 11:36:43,073 [WARN] PackLoader:240 - Cannot read IP mode file for STMicroelectronics.FP-SNS-STAIOTCFT.1.0.0
2026-01-15 11:36:43,077 [WARN] PackLoader:240 - Cannot read IP mode file for STMicroelectronics.X-CUBE-DPower.1.3.0
2026-01-15 11:36:43,090 [WARN] ConditionMgr:438 - getConditionDescription Invalid condition id : LAN8742 Phy interface Condition cause : null
2026-01-15 11:36:43,092 [WARN] PackLoader:240 - Cannot read IP mode file for STMicroelectronics.X-CUBE-AZRTOS-L4.2.0.0
2026-01-15 11:36:43,093 [WARN] ConditionMgr:1044 - genDependencies : Invalid condition id : LAN8742 Phy interface Condition cause : null
2026-01-15 11:36:43,093 [WARN] ConditionMgr:1044 - genDependencies : Invalid condition id : LAN8742 Phy interface Condition cause : null
2026-01-15 11:36:43,094 [WARN] ConditionMgr:1044 - genDependencies : Invalid condition id : LAN8742 Phy interface Condition cause : null
2026-01-15 11:36:43,101 [WARN] PackLoader:240 - Cannot read IP mode file for STMicroelectronics.X-CUBE-SFXS2LP1.4.0.0
2026-01-15 11:36:43,116 [WARN] PackLoader:240 - Cannot read IP mode file for STMicroelectronics.X-CUBE-AZRTOS-H7.3.3.0
2026-01-15 11:36:43,126 [WARN] PackLoader:240 - Cannot read IP mode file for STMicroelectronics.X-CUBE-BLEMGR.4.1.0
2026-01-15 11:36:43,136 [WARN] PackLoader:240 - Cannot read IP mode file for STMicroelectronics.X-CUBE-IPS.3.0.0
2026-01-15 11:36:43,148 [WARN] ConditionMgr:438 - getConditionDescription Invalid condition id : UX DEVICE CLASS RTOS Condition cause : null
2026-01-15 11:36:43,148 [WARN] ConditionMgr:438 - getConditionDescription Invalid condition id : UX DEVICE CLASS RTOS Condition cause : null
2026-01-15 11:36:43,149 [WARN] PackLoader:240 - Cannot read IP mode file for STMicroelectronics.X-CUBE-AZRTOS-WB.2.0.0
2026-01-15 11:36:43,150 [WARN] ConditionMgr:1044 - genDependencies : Invalid condition id : UX DEVICE CLASS RTOS Condition cause : null
2026-01-15 11:36:43,150 [WARN] ConditionMgr:1044 - genDependencies : Invalid condition id : UX DEVICE CLASS RTOS Condition cause : null
2026-01-15 11:36:43,150 [WARN] ConditionMgr:1044 - genDependencies : Invalid condition id : UX DEVICE CLASS RTOS Condition cause : null
2026-01-15 11:36:43,150 [WARN] ConditionMgr:1044 - genDependencies : Invalid condition id : UX DEVICE CLASS RTOS Condition cause : null
2026-01-15 11:36:43,150 [WARN] ConditionMgr:1044 - genDependencies : Invalid condition id : UX DEVICE CLASS RTOS Condition cause : null
2026-01-15 11:36:43,155 [WARN] PackLoader:240 - Cannot read IP mode file for STMicroelectronics.X-CUBE-GNSS1.7.0.0
2026-01-15 11:36:43,162 [WARN] PackLoader:240 - Cannot read IP mode file for STMicroelectronics.X-CUBE-GNSS1.7.0.1
2026-01-15 11:36:43,166 [WARN] PackLoader:240 - Cannot read IP mode file for STMicroelectronics.X-CUBE-TOUCHGFX.4.25.0
2026-01-15 11:36:43,172 [WARN] PackLoader:240 - Cannot read IP mode file for STMicroelectronics.FP-SNS-STBOX1.2.0.0
2026-01-15 11:36:43,181 [WARN] PackLoader:240 - Cannot read IP mode file for STMicroelectronics.X-CUBE-SUBG2.5.0.0
2026-01-15 11:36:43,204 [WARN] PackLoader:240 - Cannot read IP mode file for STMicroelectronics.X-CUBE-AZRTOS-H7RS.1.1.0
2026-01-15 11:36:43,210 [WARN] PackLoader:240 - Cannot read IP mode file for Cesanta.I-CUBE-Mongoose.7.13.0
2026-01-15 11:36:43,222 [WARN] PackLoader:240 - Cannot read IP mode file for STMicroelectronics.X-CUBE-AZRTOS-G4.2.0.0
2026-01-15 11:36:43,229 [WARN] PackLoader:240 - Cannot read IP mode file for STMicroelectronics.X-CUBE-NFC7.2.0.0
2026-01-15 11:36:43,240 [WARN] PackLoader:240 - Cannot read IP mode file for STMicroelectronics.X-CUBE-IPS.3.1.0
2026-01-15 11:36:43,250 [WARN] PackLoader:240 - Cannot read IP mode file for STMicroelectronics.X-CUBE-ALS.1.0.2
2026-01-15 11:36:43,254 [WARN] PackLoader:240 - Cannot read IP mode file for STMicroelectronics.X-CUBE-TOUCHGFX.4.24.2
2026-01-15 11:36:43,257 [WARN] PackLoader:240 - Cannot read IP mode file for STMicroelectronics.X-CUBE-TOUCHGFX.4.24.1
2026-01-15 11:36:43,264 [WARN] PackLoader:240 - Cannot read IP mode file for STMicroelectronics.X-CUBE-STSE01.1.0.0
2026-01-15 11:36:43,269 [WARN] PackLoader:240 - Cannot read IP mode file for wolfSSL.I-CUBE-wolfTPM.3.4.0
2026-01-15 11:36:43,274 [WARN] PackLoader:240 - Cannot read IP mode file for portGmbH.I-Cube-SoM-uGOAL.1.1.0
2026-01-15 11:36:43,286 [WARN] PackLoader:240 - Cannot read IP mode file for STMicroelectronics.X-CUBE-AZRTOS-H7RS.1.0.0
2026-01-15 11:36:43,292 [WARN] PackLoader:240 - Cannot read IP mode file for STMicroelectronics.FP-ATR-ASTRA1.2.0.0
2026-01-15 11:36:43,300 [WARN] PackLoader:240 - Cannot read IP mode file for STMicroelectronics.X-CUBE-TOF1.3.4.2
2026-01-15 11:36:43,320 [WARN] PackLoader:240 - Cannot read IP mode file for STMicroelectronics.X-CUBE-TOF1.3.4.3
2026-01-15 11:36:43,347 [WARN] PackLoader:240 - Cannot read IP mode file for Infineon.AIROC-Wi-Fi-Bluetooth-STM32.1.6.1
2026-01-15 11:36:43,354 [WARN] PackLoader:240 - Cannot read IP mode file for wolfSSL.I-CUBE-wolfSSH.1.4.17
2026-01-15 11:36:43,354 [INFO] ThirdParty:978 - Integrity check success = true
2026-01-15 11:36:43,355 [INFO] IntegrityCheckThread:100 - exiting critical section [integrity check]
2026-01-15 11:36:43,355 [INFO] IntegrityCheckThread:103 - End integrity checks thread
2026-01-15 11:36:43,355 [INFO] ThirdParty:873 - entering critical section [close project]
2026-01-15 11:36:43,357 [INFO] ThirdParty:883 - exiting critical section [close project]
2026-01-15 11:36:43,366 [INFO] PinOutPanel:1589 - setPackage(No Configuration,No Configuration)
2026-01-15 11:36:43,369 [INFO] UtilMem:75 - Begin LoadConfig() Used Memory: 258642384 Bytes (363855872)
2026-01-15 11:36:43,406 [INFO] MicroXplorer:468 - Change Database Path : C:/Users/Chinnapop/.stm32cubemx/databases/DB.6.0.141/db/
2026-01-15 11:36:43,406 [INFO] MicroXplorer:498 - Change Database Version : DB.6.0.141
2026-01-15 11:36:44,740 [INFO] OpenFileManager:355 - Change cursor
2026-01-15 11:36:44,772 [INFO] Mcu:2029 - Initializing MCU STM32F767ZITx STM32F767ZITx STM32F767ZIT6
2026-01-15 11:36:47,442 [INFO] Context:786 - Trying to add GPIOservice into a context  which must be forbidden
2026-01-15 11:36:48,430 [INFO] ImportTextPane:234 - (OptionalMessage_ERROR) Pin20 (VP_RIF_VS_RIF1) cannot be retrieved for this MCU
2026-01-15 11:36:48,804 [INFO] RtosManager:558 - Registered RTOS mode: class=CMSIS, group=RTOS, mode=CMSIS_V1, owner=FREERTOS
2026-01-15 11:36:48,804 [INFO] RtosManager:558 - Registered RTOS mode: class=CMSIS, group=RTOS2, mode=CMSIS_V2, owner=FREERTOS
2026-01-15 11:36:48,804 [INFO] RtosManager:558 - Registered RTOS mode: class=RTOS, group=Core, mode=CMSIS_V1, owner=FREERTOS
2026-01-15 11:36:48,804 [INFO] RtosManager:558 - Registered RTOS mode: class=RTOS, group=Core, mode=CMSIS_V2, owner=FREERTOS
2026-01-15 11:36:48,805 [WARN] ModelIntegratedComponent:184 - Missing modes for component STMicroelectronics:FreeRTOS:0.0.1:STMicroelectronics:RTOS:FreeRTOS:Core:::10.2.0:
2026-01-15 11:36:48,816 [WARN] ModelIntegratedComponent:63 - No mode defined for component null
2026-01-15 11:36:48,816 [WARN] ModelIntegratedComponent:63 - No mode defined for component null
2026-01-15 11:36:48,816 [WARN] ModelIntegratedComponent:63 - No mode defined for component null
2026-01-15 11:36:48,816 [WARN] ModelIntegratedComponent:63 - No mode defined for component null
2026-01-15 11:36:48,816 [WARN] ModelIntegratedComponent:63 - No mode defined for component null
2026-01-15 11:36:48,816 [WARN] ModelIntegratedComponent:63 - No mode defined for component null
2026-01-15 11:36:48,816 [WARN] ModelIntegratedComponent:63 - No mode defined for component null
2026-01-15 11:36:48,817 [WARN] ModelIntegratedComponent:63 - No mode defined for component null
2026-01-15 11:36:48,817 [WARN] ModelIntegratedComponent:63 - No mode defined for component null
2026-01-15 11:36:48,817 [WARN] ModelIntegratedComponent:63 - No mode defined for component null
2026-01-15 11:36:48,817 [WARN] ModelIntegratedComponent:63 - No mode defined for component null
2026-01-15 11:36:48,817 [WARN] ModelIntegratedComponent:63 - No mode defined for component null
2026-01-15 11:36:48,817 [WARN] ModelIntegratedComponent:63 - No mode defined for component null
2026-01-15 11:36:48,817 [WARN] ModelIntegratedComponent:63 - No mode defined for component null
2026-01-15 11:36:48,817 [WARN] ModelIntegratedComponent:63 - No mode defined for component null
2026-01-15 11:36:48,817 [WARN] ModelIntegratedComponent:63 - No mode defined for component null
2026-01-15 11:36:48,817 [WARN] ModelIntegratedComponent:63 - No mode defined for component null
2026-01-15 11:36:48,817 [WARN] ModelIntegratedComponent:63 - No mode defined for component null
2026-01-15 11:36:48,818 [WARN] ModelIntegratedComponent:63 - No mode defined for component null
2026-01-15 11:36:48,818 [WARN] ModelIntegratedComponent:63 - No mode defined for component null
2026-01-15 11:36:48,818 [WARN] ModelIntegratedComponent:63 - No mode defined for component null
2026-01-15 11:36:48,818 [WARN] ModelIntegratedComponent:63 - No mode defined for component null
2026-01-15 11:36:48,818 [WARN] ModelIntegratedComponent:63 - No mode defined for component null
2026-01-15 11:36:48,818 [WARN] ModelIntegratedComponent:63 - No mode defined for component null
2026-01-15 11:36:48,818 [WARN] ModelIntegratedComponent:63 - No mode defined for component null
2026-01-15 11:36:48,818 [WARN] ModelIntegratedComponent:63 - No mode defined for component null
2026-01-15 11:36:48,818 [WARN] ModelIntegratedComponent:63 - No mode defined for component null
2026-01-15 11:36:48,818 [WARN] ModelIntegratedComponent:63 - No mode defined for component null
2026-01-15 11:36:48,819 [WARN] ModelIntegratedComponent:63 - No mode defined for component null
2026-01-15 11:36:48,819 [WARN] ModelIntegratedComponent:63 - No mode defined for component null
2026-01-15 11:36:48,819 [WARN] ModelIntegratedComponent:63 - No mode defined for component null
2026-01-15 11:36:48,819 [WARN] ModelIntegratedComponent:63 - No mode defined for component null
2026-01-15 11:36:48,819 [WARN] ModelIntegratedComponent:63 - No mode defined for component null
2026-01-15 11:36:48,819 [WARN] ModelIntegratedComponent:63 - No mode defined for component null
2026-01-15 11:36:48,819 [WARN] ModelIntegratedComponent:63 - No mode defined for component null
2026-01-15 11:36:48,819 [WARN] ModelPack:524 - Component already loaded: STMicroelectronics:HAL Drivers:0.0.0:STMicroelectronics:Device:STMicro_Driver:XSPI:HAL::0.0.1:HAL_XSPI
2026-01-15 11:36:49,203 [INFO] ThirdPartyModel:298 - Start build external matchings
2026-01-15 11:36:50,890 [INFO] ThirdPartyModel:316 - End build external matchings
2026-01-15 11:36:50,941 [INFO] RtosManager:1018 - Current active RTOS is FREERTOS [Cortex-M7NS]
2026-01-15 11:36:50,945 [INFO] ImportTextPane:234 - (OptionalMessage_ERROR) IP (CORTEX_M7) : Invalid parameter (Size)
2026-01-15 11:36:50,945 [INFO] ImportTextPane:234 - (OptionalMessage_ERROR) IP (CORTEX_M7) : Invalid parameter (SubRegionDisable)
2026-01-15 11:36:50,945 [INFO] ImportTextPane:234 - (OptionalMessage_ERROR) IP (CORTEX_M7) : Invalid parameter (DisableExec)
2026-01-15 11:36:50,945 [INFO] ImportTextPane:234 - (OptionalMessage_ERROR) IP (CORTEX_M7) : Invalid parameter (IsShareable)
2026-01-15 11:36:50,946 [INFO] ImportTextPane:234 - (OptionalMessage_ERROR) IP (CORTEX_M7) : Invalid parameter (BaseAddress)
2026-01-15 11:36:50,946 [INFO] ImportTextPane:234 - (OptionalMessage_ERROR) IP (CORTEX_M7) : Invalid parameter (Size)
2026-01-15 11:36:50,946 [INFO] ImportTextPane:234 - (OptionalMessage_ERROR) IP (CORTEX_M7) : Invalid parameter (DisableExec)
2026-01-15 11:36:50,946 [INFO] ImportTextPane:234 - (OptionalMessage_ERROR) IP (CORTEX_M7) : Invalid parameter (BaseAddress)
2026-01-15 11:36:50,946 [INFO] ImportTextPane:234 - (OptionalMessage_ERROR) IP (CORTEX_M7) : Invalid parameter (Size)
2026-01-15 11:36:50,946 [INFO] ImportTextPane:234 - (OptionalMessage_ERROR) IP (CORTEX_M7) : Invalid parameter (TypeExtField)
2026-01-15 11:36:50,946 [INFO] ImportTextPane:234 - (OptionalMessage_ERROR) IP (CORTEX_M7) : Invalid parameter (DisableExec)
2026-01-15 11:36:50,946 [INFO] ImportTextPane:234 - (OptionalMessage_ERROR) IP (CORTEX_M7) : Invalid parameter (IsShareable)
2026-01-15 11:36:50,946 [INFO] ImportTextPane:234 - (OptionalMessage_ERROR) IP (CORTEX_M7) : Invalid parameter (AccessPermission)
2026-01-15 11:36:50,946 [INFO] ImportTextPane:234 - (OptionalMessage_ERROR) IP (CORTEX_M7) : Invalid parameter (AccessPermission)
2026-01-15 11:36:50,946 [INFO] ImportTextPane:234 - (OptionalMessage_ERROR) IP (CORTEX_M7) : Invalid parameter (IsBufferable)
2026-01-15 11:36:50,947 [WARN] IP:2250 - Warning not found: check if there is a RefParameter without a condition.
2026-01-15 11:36:50,947 [WARN] IP:2250 - RxBufferAddress not found: check if there is a RefParameter without a condition.
2026-01-15 11:36:50,948 [WARN] IP:2250 - DESC_SIZE_UNIT not found: check if there is a RefParameter without a condition.
2026-01-15 11:36:50,971 [WARN] IP:2250 - LWIP_NETIF_HOSTNAME_NAME not found: check if there is a RefParameter without a condition.
2026-01-15 11:36:51,060 [INFO] ImportTextPane:234 - (OptionalMessage_ERROR) IP (RCC) : Invalid parameter (48MHZClocksFreq_Value)
2026-01-15 11:36:51,060 [INFO] ImportTextPane:234 - (OptionalMessage_ERROR) IP (RCC) : Invalid parameter (ADC12outputFreq_Value)
2026-01-15 11:36:51,061 [INFO] ImportTextPane:234 - (OptionalMessage_ERROR) IP (RCC) : Invalid parameter (ADC34outputFreq_Value)
2026-01-15 11:36:51,062 [INFO] ImportTextPane:234 - (OptionalMessage_ERROR) IP (RCC) : Invalid parameter (FamilyName)
2026-01-15 11:36:51,062 [INFO] ImportTextPane:234 - (OptionalMessage_ERROR) IP (RCC) : Invalid parameter (I2SClocksFreq_Value)
2026-01-15 11:36:51,062 [INFO] ImportTextPane:234 - (OptionalMessage_ERROR) IP (RCC) : Invalid parameter (LCDTFToutputFreq_Value)
2026-01-15 11:36:51,062 [INFO] ImportTextPane:234 - (OptionalMessage_ERROR) IP (RCC) : Invalid parameter (MCOFreq_Value)
2026-01-15 11:36:51,064 [INFO] ImportTextPane:234 - (OptionalMessage_ERROR) IP (RCC) : Invalid parameter (PLLMCOFreq_Value)
2026-01-15 11:36:51,064 [INFO] ImportTextPane:234 - (OptionalMessage_ERROR) IP (RCC) : Invalid parameter (PLLMUL)
2026-01-15 11:36:51,064 [INFO] ImportTextPane:234 - (OptionalMessage_ERROR) IP (RCC) : Invalid parameter (PRESCALERUSB)
2026-01-15 11:36:51,064 [INFO] ImportTextPane:234 - (OptionalMessage_ERROR) IP (RCC) : Parameter (RNGFreq_Value) has invalid value (216000000)
2026-01-15 11:36:51,065 [INFO] ImportTextPane:234 - (OptionalMessage_ERROR) IP (RCC) : Invalid parameter (RTCHSEDivFreq_Value)
2026-01-15 11:36:51,065 [INFO] ImportTextPane:234 - (OptionalMessage_ERROR) IP (RCC) : Parameter (SDMMC2Freq_Value) has invalid value (216000000)
2026-01-15 11:36:51,065 [INFO] ImportTextPane:234 - (OptionalMessage_ERROR) IP (RCC) : Parameter (SDMMCFreq_Value) has invalid value (216000000)
2026-01-15 11:36:51,065 [INFO] ImportTextPane:234 - (OptionalMessage_ERROR) IP (RCC) : Invalid parameter (SYSCLKSourceVirtual)
2026-01-15 11:36:51,065 [INFO] ImportTextPane:234 - (OptionalMessage_ERROR) IP (RCC) : Invalid parameter (TIM15Freq_Value)
2026-01-15 11:36:51,065 [INFO] ImportTextPane:234 - (OptionalMessage_ERROR) IP (RCC) : Invalid parameter (TIM16Freq_Value)
2026-01-15 11:36:51,065 [INFO] ImportTextPane:234 - (OptionalMessage_ERROR) IP (RCC) : Invalid parameter (TIM17Freq_Value)
2026-01-15 11:36:51,065 [INFO] ImportTextPane:234 - (OptionalMessage_ERROR) IP (RCC) : Invalid parameter (TIM1Freq_Value)
2026-01-15 11:36:51,065 [INFO] ImportTextPane:234 - (OptionalMessage_ERROR) IP (RCC) : Invalid parameter (TIM20Freq_Value)
2026-01-15 11:36:51,065 [INFO] ImportTextPane:234 - (OptionalMessage_ERROR) IP (RCC) : Invalid parameter (TIM2Freq_Value)
2026-01-15 11:36:51,065 [INFO] ImportTextPane:234 - (OptionalMessage_ERROR) IP (RCC) : Invalid parameter (TIM3Freq_Value)
2026-01-15 11:36:51,065 [INFO] ImportTextPane:234 - (OptionalMessage_ERROR) IP (RCC) : Invalid parameter (TIM8Freq_Value)
2026-01-15 11:36:51,065 [INFO] ImportTextPane:234 - (OptionalMessage_ERROR) IP (RCC) : Parameter (USBFreq_Value) has invalid value (216000000)
2026-01-15 11:36:51,066 [INFO] ImportTextPane:234 - (OptionalMessage_ERROR) IP (RCC) : Invalid parameter (VCOOutput2Freq_Value)
2026-01-15 11:36:51,066 [INFO] ImportTextPane:234 - (OptionalMessage_ERROR) IP (RCC) : Invalid parameter (VcooutputI2S)
2026-01-15 11:36:52,404 [INFO] ApiDb:581 - Connected to CubeFinder SQLite database (C:\Users\Chinnapop\.stmcufinder\plugins\mcufinder\mcu\cube-finder-db.db)
2026-01-15 11:36:52,573 [INFO] ApiDb:668 - CubeFinder database Data Model version=2.1
2026-01-15 11:36:52,573 [INFO] ApiDb:669 - CubeFinder database Configuration version=3.0.39
2026-01-15 11:36:52,573 [INFO] ApiDb:670 - CubeFinder database generation date=2025-12-22 (1766407740)
2026-01-15 11:36:52,574 [INFO] ApiDb:671 - CubeFinder database FW Pack versions=[FP-ATR-ASTRA1_V2.0.0, FP-SNS-FLIGHT1_V5.1.0, FP-SNS-MOTENV1_V5.1.0, FP-SNS-MOTENVWB1_V1.4.0, FP-SNS-SMARTAG2_V1.2.0, FP-SNS-STBOX1_V2.1.0, STM32Cube_FW_C0_V1.4.0, STM32Cube_FW_F4_V1.28.3, STM32Cube_FW_F7_V1.17.4, STM32Cube_FW_G0_V1.6.2, STM32Cube_FW_G4_V1.6.1, STM32Cube_FW_H5_V1.5.1, STM32Cube_FW_H7RS_V1.3.0, STM32Cube_FW_H7_V1.12.1, STM32Cube_FW_L0_V1.12.2, STM32Cube_FW_L4_V1.18.1, STM32Cube_FW_L5_V1.6.0, STM32Cube_FW_N6_V1.3.0, STM32Cube_FW_U0_V1.3.0, STM32Cube_FW_U3_V1.2.1, STM32Cube_FW_U5_V1.8.0, STM32Cube_FW_WB0_V1.4.0, STM32Cube_FW_WBA_V1.8.0, STM32Cube_FW_WB_V1.24.0, STM32Cube_FW_WL3_V1.3.0, STM32Cube_FW_WL_V1.4.0, X-CUBE-ALGOBUILD_V1.4.0, X-CUBE-ALS_V1.0.2, X-CUBE-AZRTOS-F4_V1.1.0, X-CUBE-AZRTOS-F7_V1.1.0, X-CUBE-AZRTOS-G0_V1.1.0, X-CUBE-AZRTOS-G4_V2.0.0, X-CUBE-AZRTOS-H7RS_V1.1.0, X-CUBE-AZRTOS-H7_V3.4.0, X-CUBE-AZRTOS-L4_V2.0.0, X-CUBE-AZRTOS-L5_V2.0.0, X-CUBE-AZRTOS-WB_V2.0.0, X-CUBE-AZRTOS-WL_V2.0.0, X-CUBE-BLE1_V7.1.0, X-CUBE-BLE2_V3.3.0, X-CUBE-BLEMGR_V4.1.0, X-CUBE-EEPRMA1_V5.2.0, X-CUBE-FREERTOS_V1.3.1, X-CUBE-GNSS1_V6.0.0, X-CUBE-MEMS1_V12.0.0, X-CUBE-NFC4_V3.0.0, X-CUBE-NFC7_V2.0.0, X-CUBE-SFXS2LP1_V4.0.0, X-CUBE-ST67W61_V1.1.0, X-CUBE-SUBG2_V5.0.0, X-CUBE-TOF1_V3.4.3]
2026-01-15 11:36:52,646 [INFO] DbBoardsSqlite:226 - include board P-NUCLEO-WB55-NUCLEO as a kit item of type 'Nucleo-64'
2026-01-15 11:36:52,646 [INFO] DbBoardsSqlite:226 - include board P-NUCLEO-WB55-USBDONGLE as a kit item of type 'Nucleo USB Dongle'
2026-01-15 11:36:52,646 [INFO] DbBoardsSqlite:226 - include board STEVAL-IDP005V1 as a kit item of type 'Evaluation Board'
2026-01-15 11:36:52,647 [INFO] DbBoardsSqlite:226 - include board STEVAL-IDP005V2 as a kit item of type 'Evaluation Board'
2026-01-15 11:36:52,736 [INFO] ApiDb:240 - Found 880 in-development CPN: [B-G473E-ZEST1S, B-WB1M-WPAN1, B-WBA5M-WPAN, B-WL5M-SUBG1, NUCLEO-C031C6, NUCLEO-C051C8, NUCLEO-C071RB, NUCLEO-C092RC, NUCLEO-H503RB, NUCLEO-H533RE, NUCLEO-H563ZI, NUCLEO-H7S3L8, NUCLEO-N657X0-Q, NUCLEO-U031R8, NUCLEO-U083RC, NUCLEO-U385RG-Q, NUCLEO-U545RE-Q, NUCLEO-U5A5ZJ-Q, NUCLEO-WB05KZ, NUCLEO-WB07CC, NUCLEO-WB09KE, NUCLEO-WBA52CG, NUCLEO-WBA55CG, NUCLEO-WL33CC1, NUCLEO-WL33CC2, STEVAL-PROTEUS1, STEVAL-SMARTAG2, STEVAL-STWINBX1, STM320518-EVAL, STM32C0116-DK, STM32C011D6Y3TR, STM32C011D6Y6TR, STM32C011F4P3, STM32C011F4P6, STM32C011F4U3, STM32C011F4U6TR, STM32C011F6P3, STM32C011F6P6, STM32C011F6U3, STM32C011F6U6TR, STM32C011J4M3, STM32C011J4M6, STM32C011J6M3, STM32C011J6M6, STM32C0316-DK, STM32C031C4T3, STM32C031C4T6, STM32C031C4U3, STM32C031C4U6, STM32C031C6T3, STM32C031C6T6, STM32C031C6U3, STM32C031C6U6, STM32C031F4P3, STM32C031F4P6, STM32C031F6P3, STM32C031F6P6, STM32C031G4U3, STM32C031G4U6, STM32C031G6U3, STM32C031G6U6, STM32C031K4T3, STM32C031K4T6, STM32C031K4U3, STM32C031K4U6, STM32C031K6T3, STM32C031K6T6, STM32C031K6U3, STM32C031K6U6, STM32C051C6T6, STM32C051C6U6, STM32C051C8T6, STM32C051C8U6, STM32C051D8Y6TR, STM32C051F6P6, STM32C051F8P6, STM32C051G6U6, STM32C051G8U6, STM32C051K6T6, STM32C051K6U6, STM32C051K8T6, STM32C071C8T6, STM32C071C8T6N, STM32C071C8U6, STM32C071C8U6N, STM32C071CBT6, STM32C071CBT6N, STM32C071CBU6, STM32C071CBU6N, STM32C071F8P6, STM32C071F8P6N, STM32C071FBP6, STM32C071FBP6N, STM32C071FBY6TR, STM32C071G8U6, STM32C071G8U6N, STM32C071GBU6, STM32C071GBU6N, STM32C071K8T6, STM32C071K8T6N, STM32C071K8U6, STM32C071K8U6N, STM32C071KBT6, STM32C071KBT6N, STM32C071KBU6, STM32C071KBU6N, STM32C071R8T6, STM32C071R8T6N, STM32C071RBI6N, STM32C071RBT6, STM32C071RBT6N, STM32C091CBT6, STM32C091CBU6, STM32C091CCT6, STM32C091CCU6, STM32C091ECY6TR, STM32C091FBP6, STM32C091FCP6, STM32C091GBU6, STM32C091GCU6, STM32C091KBT6, STM32C091KBU6, STM32C091KCT6, STM32C091KCU6, STM32C091RBT6, STM32C091RCI6, STM32C091RCT6, STM32C092CBT6, STM32C092CBU6, STM32C092CCT6, STM32C092CCU6, STM32C092ECY6TR, STM32C092FBP6, STM32C092FCP6, STM32C092GBU6, STM32C092GCU6, STM32C092KBT6, STM32C092KBU6, STM32C092KCT6, STM32C092KCU6, STM32C092RBT6, STM32C092RCI6, STM32C092RCT6, STM32G071K8TXN, STM32G071K8UXN, STM32G081GBU6N, STM32G081KBT6N, STM32G081KBUXN, STM32G0B1CCT6N, STM32G0B1KCT6, STM32G0B1NEY6TR, STM32G0B1RCT6N, STM32G0C1CCT6, STM32G0C1CCT6N, STM32G0C1CCU6N, STM32G0C1CET6N, STM32G0C1CEU6N, STM32G0C1KCT6, STM32G0C1NEY6TR, STM32G0C1RCI6N, STM32G0C1RCT6N, STM32G0C1REI6N, STM32G0C1RET6N, STM32G0C1VCI6, STM32G0C1VEI6, STM32G411C6T3, STM32G411C6T6, STM32G411C6U3, STM32G411C6U6, STM32G411C8T3, STM32G411C8T6, STM32G411C8U3, STM32G411C8U6, STM32G411CBT3, STM32G411CBT6, STM32G411CBU3, STM32G411CBU6, STM32G411K6T3, STM32G411K6T6, STM32G411K6U3, STM32G411K6U6, STM32G411K8T3, STM32G411K8T6, STM32G411K8U3, STM32G411K8U6, STM32G411KBT3, STM32G411KBT6, STM32G411KBU3, STM32G411KBU6, STM32G411M6T3, STM32G411M6T6, STM32G411M8T3, STM32G411M8T6, STM32G411MBT3, STM32G411MBT6, STM32G411R6T3, STM32G411R6T6, STM32G411R8T3, STM32G411R8T6, STM32G411RBT3, STM32G411RBT6, STM32G414CBT3, STM32G414CBT6, STM32G414CBU3, STM32G414CBU6, STM32G414CCT3, STM32G414CCT6, STM32G414CCU3, STM32G414CCU6, STM32G414MBT3, STM32G414MBT6, STM32G414MCT3, STM32G414MCT6, STM32G414RBT3, STM32G414RBT6, STM32G414RCT3, STM32G414RCT6, STM32G414VBT3, STM32G414VBT6, STM32G414VCT3, STM32G414VCT6, STM32G431CBT3Z, STM32G431RBT3Z, STM32G471CCT6, STM32G471CCU6, STM32G471CET3, STM32G471CET6, STM32G471CEU3, STM32G471CEU6, STM32G471MCT6, STM32G471MET3, STM32G471MET6, STM32G471MEY6TR, STM32G471QCT6, STM32G471QET3, STM32G471RCT6, STM32G471RET3, STM32G471RET6, STM32G471VCH6, STM32G471VCI6, STM32G471VCT6, STM32G471VEH3, STM32G471VEH6, STM32G471VEI3, STM32G471VEI6, STM32G471VET3, STM32G471VET6, STM32G473QET3Z, STM32G473RET3Z, STM32G474CCT6, STM32G491RET3Z, STM32H503CBT6, STM32H503CBU6, STM32H503EBY6TR, STM32H503KBU6, STM32H503RBT6, STM32H523CCT6, STM32H523CCU6, STM32H523CET6, STM32H523CEU6, STM32H523HEY6TR, STM32H523RCT6, STM32H523RET6, STM32H523VCI6, STM32H523VCT6, STM32H523VEI6, STM32H523VET6, STM32H523ZCJ6, STM32H523ZCT6, STM32H523ZEJ6, STM32H523ZET6, STM32H533CET6, STM32H533CEU6, STM32H533HEY6TR, STM32H533RET6, STM32H533VEI6, STM32H533VET6, STM32H533ZEJ6, STM32H533ZET6, STM32H562AGI6, STM32H562AII6, STM32H562IGK6, STM32H562IGT6, STM32H562IIK6, STM32H562IIT6, STM32H562RGT6, STM32H562RGV6, STM32H562RIT6, STM32H562RIV6, STM32H562VGT6, STM32H562VIT6, STM32H562ZGT6, STM32H562ZIT6, STM32H563AGI6, STM32H563AII3Q, STM32H563AII6, STM32H563IGK6, STM32H563IGT6, STM32H563IIK3Q, STM32H563IIK6, STM32H563IIT3Q, STM32H563IIT6, STM32H563MIY3QTR, STM32H563RGT6, STM32H563RGV6, STM32H563RIT6, STM32H563RIV6, STM32H563VGT6, STM32H563VIT3Q, STM32H563VIT6, STM32H563ZGT6, STM32H563ZIT3Q, STM32H563ZIT6, STM32H573AII3Q, STM32H573AII6, STM32H573I-DK, STM32H573IIK3Q, STM32H573IIK6, STM32H573IIT3Q, STM32H573IIT6, STM32H573MIY3QTR, STM32H573RIT6, STM32H573RIV6, STM32H573VIT3Q, STM32H573VIT6, STM32H573ZIT3Q, STM32H573ZIT6, STM32H7R3A8I6, STM32H7R3I8K6, STM32H7R3I8T6, STM32H7R3L8H6, STM32H7R3L8H6H, STM32H7R3R8V6, STM32H7R3V8H6, STM32H7R3V8T6, STM32H7R3V8Y6TR, STM32H7R3Z8J6, STM32H7R3Z8T6, STM32H7R7A8I6, STM32H7R7I8K6, STM32H7R7I8T6, STM32H7R7L8H6, STM32H7R7L8H6H, STM32H7R7Z8J6, STM32H7S3A8I6, STM32H7S3I8K6, STM32H7S3I8T6, STM32H7S3L8H6, STM32H7S3L8H6H, STM32H7S3R8V6, STM32H7S3V8H6, STM32H7S3V8T6, STM32H7S3V8Y6TR, STM32H7S3Z8J6, STM32H7S3Z8T6, STM32H7S78-DK, STM32H7S7A8I6, STM32H7S7I8K6, STM32H7S7I8T6, STM32H7S7L8H6, STM32H7S7L8H6H, STM32H7S7Z8J6, STM32L4R5QGI6STR, STM32MP131AAE3, STM32MP131AAF3, STM32MP131AAG3, STM32MP131CAE3, STM32MP131CAF3, STM32MP131CAG3, STM32MP131DAE7, STM32MP131DAF7, STM32MP131DAG7, STM32MP131FAE7, STM32MP131FAF7, STM32MP131FAG7, STM32MP133AAE3, STM32MP133AAF3, STM32MP133AAG3, STM32MP133CAE3, STM32MP133CAF3, STM32MP133CAG3, STM32MP133DAE7, STM32MP133DAF7, STM32MP133DAG7, STM32MP133FAE7, STM32MP133FAF7, STM32MP133FAG7, STM32MP135AAE3, STM32MP135AAF3, STM32MP135AAG3, STM32MP135CAE3, STM32MP135CAF3, STM32MP135CAG3, STM32MP135DAE7, STM32MP135DAF7, STM32MP135DAG7, STM32MP135F-DK, STM32MP135FAE7, STM32MP135FAF7, STM32MP135FAF7T, STM32MP135FAF7U, STM32MP135FAG7, STM32MP211AAL3, STM32MP211AAM3, STM32MP211AAN3, STM32MP211AAO3, STM32MP211CAL3, STM32MP211CAM3, STM32MP211CAN3, STM32MP211CAO3, STM32MP211DAL3, STM32MP211DAM3, STM32MP211DAN3, STM32MP211DAO3, STM32MP211FAL3, STM32MP211FAM3, STM32MP211FAN3, STM32MP211FAO3, STM32MP213AAL3, STM32MP213AAM3, STM32MP213AAN3, STM32MP213AAO3, STM32MP213CAL3, STM32MP213CAM3, STM32MP213CAN3, STM32MP213CAO3, STM32MP213DAL3, STM32MP213DAM3, STM32MP213DAN3, STM32MP213DAO3, STM32MP213FAL3, STM32MP213FAM3, STM32MP213FAN3, STM32MP213FAO3, STM32MP215AAL3, STM32MP215AAM3, STM32MP215AAN3, STM32MP215AAO3, STM32MP215CAL3, STM32MP215CAM3, STM32MP215CAN3, STM32MP215CAO3, STM32MP215DAL3, STM32MP215DAM3, STM32MP215DAN3, STM32MP215DAO3, STM32MP215F-DK, STM32MP215FAL3, STM32MP215FAM3, STM32MP215FAN3, STM32MP215FAO3, STM32MP231AAJ3, STM32MP231AAK3, STM32MP231AAL3, STM32MP231CAJ3, STM32MP231CAK3, STM32MP231CAL3, STM32MP231DAJ3, STM32MP231DAK3, STM32MP231DAL3, STM32MP231FAJ3, STM32MP231FAK3, STM32MP231FAL3, STM32MP233AAJ3, STM32MP233AAK3, STM32MP233AAL3, STM32MP233CAJ3, STM32MP233CAK3, STM32MP233CAL3, STM32MP233DAJ3, STM32MP233DAK3, STM32MP233DAL3, STM32MP233FAJ3, STM32MP233FAK3, STM32MP233FAL3, STM32MP235AAJ3, STM32MP235AAK3, STM32MP235AAL3, STM32MP235CAJ3, STM32MP235CAK3, STM32MP235CAL3, STM32MP235DAJ3, STM32MP235DAK3, STM32MP235DAL3, STM32MP235FAJ3, STM32MP235FAK3, STM32MP235FAL3, STM32MP251AAI3, STM32MP251AAK3, STM32MP251AAL3, STM32MP251CAI3, STM32MP251CAK3, STM32MP251CAL3, STM32MP251DAI3, STM32MP251DAK3, STM32MP251DAL3, STM32MP251FAI3, STM32MP251FAK3, STM32MP251FAL3, STM32MP253AAI3, STM32MP253AAK3, STM32MP253AAL3, STM32MP253CAI3, STM32MP253CAK3, STM32MP253CAL3, STM32MP253DAI3, STM32MP253DAK3, STM32MP253DAL3, STM32MP253FAI3, STM32MP253FAK3, STM32MP253FAL3, STM32MP255AAI3, STM32MP255AAK3, STM32MP255AAL3, STM32MP255CAI3, STM32MP255CAK3, STM32MP255CAL3, STM32MP255DAI3, STM32MP255DAK3, STM32MP255DAL3, STM32MP255FAI3, STM32MP255FAK3, STM32MP255FAL3, STM32MP257AAI3, STM32MP257AAK3, STM32MP257AAL3, STM32MP257CAI3, STM32MP257CAK3, STM32MP257CAL3, STM32MP257DAI3, STM32MP257DAK3, STM32MP257DAL3, STM32MP257F-DK, STM32MP257F-EV1, STM32MP257FAI3, STM32MP257FAK3, STM32MP257FAL3, STM32N645A0H3Q, STM32N645B0H3Q, STM32N645I0H3Q, STM32N645L0H3Q, STM32N645X0H3Q, STM32N645Z0H3Q, STM32N647A0H3Q, STM32N647B0H3Q, STM32N647I0H3Q, STM32N647L0H3Q, STM32N647X0H3Q, STM32N647Z0H3Q, STM32N655A0H3Q, STM32N655B0H3Q, STM32N655I0H3Q, STM32N655L0H3Q, STM32N655X0H3Q, STM32N655Z0H3Q, STM32N6570-DK, STM32N657A0H3Q, STM32N657B0H3Q, STM32N657I0H3Q, STM32N657L0H3Q, STM32N657X0H3Q, STM32N657Z0H3Q, STM32U031C6T6, STM32U031C6U6, STM32U031C8T6, STM32U031C8U6, STM32U031F4P6, STM32U031F6P6, STM32U031F8P6, STM32U031G6Y6TR, STM32U031G8Y6TR, STM32U031K4U6, STM32U031K6U6, STM32U031K8U6, STM32U031R6I6, STM32U031R6T6, STM32U031R8I6, STM32U031R8T6, STM32U073C8T6, STM32U073C8U6, STM32U073CBT6, STM32U073CBU6, STM32U073CCT6, STM32U073CCU6, STM32U073H8Y6TR, STM32U073HBY6TR, STM32U073HCY6TR, STM32U073K8U6, STM32U073KBU6, STM32U073KCU6, STM32U073M8I6, STM32U073M8T6, STM32U073MBI6, STM32U073MBT6, STM32U073MCI6, STM32U073MCT6, STM32U073R8I6, STM32U073R8T6, STM32U073RBI6, STM32U073RBT6, STM32U073RCI6, STM32U073RCT6, STM32U083C-DK, STM32U083CCT6, STM32U083CCU6, STM32U083HCY6TR, STM32U083KCU6, STM32U083MCI6, STM32U083MCT6, STM32U083RCI6, STM32U083RCT6, STM32U375CET6, STM32U375CET6Q, STM32U375CEU6, STM32U375CEU6Q, STM32U375CEY6QTR, STM32U375CGT6, STM32U375CGT6Q, STM32U375CGU6, STM32U375CGU6Q, STM32U375CGY6QTR, STM32U375KEU6, STM32U375KGU6, STM32U375REI6, STM32U375REI6Q, STM32U375RET6, STM32U375RET6Q, STM32U375REY6GTR, STM32U375REY6QTR, STM32U375RGI6, STM32U375RGI6Q, STM32U375RGT6, STM32U375RGT6Q, STM32U375RGY6GTR, STM32U375RGY6QTR, STM32U375VEI6, STM32U375VEI6Q, STM32U375VET6, STM32U375VET6Q, STM32U375VGI6, STM32U375VGI6Q, STM32U375VGT6, STM32U375VGT6Q, STM32U385CGT6, STM32U385CGT6Q, STM32U385CGU6, STM32U385CGU6Q, STM32U385CGY6QTR, STM32U385KGU6, STM32U385RGI6, STM32U385RGI6Q, STM32U385RGT6, STM32U385RGT6Q, STM32U385RGY6GTR, STM32U385RGY6QTR, STM32U385VGI6, STM32U385VGI6Q, STM32U385VGT6, STM32U385VGT6Q, STM32U535CBT6, STM32U535CBT6Q, STM32U535CBU6, STM32U535CBU6Q, STM32U535CCT6, STM32U535CCT6Q, STM32U535CCU6, STM32U535CCU6Q, STM32U535CET6, STM32U535CET6Q, STM32U535CEU6, STM32U535CEU6Q, STM32U535JEY6QTR, STM32U535NCY6QTR, STM32U535NEY6QTR, STM32U535RBI6, STM32U535RBI6Q, STM32U535RBT6, STM32U535RBT6Q, STM32U535RCI6, STM32U535RCI6Q, STM32U535RCT6, STM32U535RCT6Q, STM32U535REI6, STM32U535REI6Q, STM32U535RET6, STM32U535RET6Q, STM32U535VCI6, STM32U535VCI6Q, STM32U535VCT6, STM32U535VCT6Q, STM32U535VEI6, STM32U535VEI6Q, STM32U535VET6, STM32U535VET6Q, STM32U545CET6, STM32U545CET6Q, STM32U545CEU6, STM32U545CEU6Q, STM32U545JEY6QTR, STM32U545NEY6QTR, STM32U545REI6, STM32U545REI6Q, STM32U545RET6, STM32U545RET6Q, STM32U545VEI6, STM32U545VEI6Q, STM32U545VET6, STM32U545VET6Q, STM32U595AIH6, STM32U595AIH6Q, STM32U595AJH6, STM32U595AJH6Q, STM32U595QII6, STM32U595QII6Q, STM32U595QJI6, STM32U595QJI6Q, STM32U595RIT6, STM32U595RIT6Q, STM32U595RJT6, STM32U595RJT6Q, STM32U595VIT6, STM32U595VIT6Q, STM32U595VJT6, STM32U595VJT6Q, STM32U595ZIT6, STM32U595ZIT6Q, STM32U595ZIY6QTR, STM32U595ZJT6, STM32U595ZJT6Q, STM32U595ZJY6QTR, STM32U599BJY6QTR, STM32U599NIH6Q, STM32U599NJH6Q, STM32U599VIT6Q, STM32U599VJT6, STM32U599VJT6Q, STM32U599ZIT6Q, STM32U599ZIY6QTR, STM32U599ZJT6Q, STM32U599ZJY6QTR, STM32U5A5AJH6, STM32U5A5AJH6Q, STM32U5A5QII3Q , STM32U5A5QJI6, STM32U5A5QJI6Q, STM32U5A5RJT6, STM32U5A5RJT6Q, STM32U5A5VJT6, STM32U5A5VJT6Q, STM32U5A5ZJT6, STM32U5A5ZJT6Q, STM32U5A5ZJY6QTR, STM32U5A9BJY6QTR, STM32U5A9J-DK, STM32U5A9NJH6Q, STM32U5A9VJT6Q, STM32U5A9ZJT6Q, STM32U5A9ZJY6QTR, STM32U5F7VIT6, STM32U5F7VIT6Q, STM32U5F7VJT6, STM32U5F7VJT6Q, STM32U5F9BJY6QTR, STM32U5F9NJH6Q, STM32U5F9VIT6Q, STM32U5F9VJT6Q, STM32U5F9ZIJ6QTR, STM32U5F9ZIT6Q, STM32U5F9ZJJ6QTR, STM32U5F9ZJT6Q, STM32U5G7VJT6, STM32U5G7VJT6Q, STM32U5G9BJY6QTR, STM32U5G9J-DK1, STM32U5G9J-DK2, STM32U5G9NJH6Q, STM32U5G9VJT6Q, STM32U5G9ZJJ6QTR, STM32U5G9ZJT6Q, STM32WB05KZV6TR, STM32WB05KZV7TR, STM32WB05TZF6TR, STM32WB05TZF7TR, STM32WB06CCF6TR, STM32WB06CCF7TR, STM32WB06CCV6TR, STM32WB06CCV7TR, STM32WB06KCV6TR, STM32WB06KCV7TR, STM32WB07CCF6TR, STM32WB07CCF7TR, STM32WB07CCV6TR, STM32WB07CCV7TR, STM32WB07KCV6TR, STM32WB07KCV7TR, STM32WB09KEV6TR, STM32WB09KEV7TR, STM32WB09TEF6TR, STM32WB09TEF7TR, STM32WB1MMCH6, STM32WBA50KGU6, STM32WBA50KGU6TR, STM32WBA52CEU6, STM32WBA52CEU6TR, STM32WBA52CEU7, STM32WBA52CEU7TR, STM32WBA52CGU6, STM32WBA52CGU6TR, STM32WBA52CGU6U, STM32WBA52CGU7, STM32WBA52CGU7TR, STM32WBA52KEU6, STM32WBA52KEU6TR, STM32WBA52KGU6, STM32WBA52KGU6TR, STM32WBA54CEU6, STM32WBA54CEU6TR, STM32WBA54CEU7, STM32WBA54CEU7TR, STM32WBA54CGU6, STM32WBA54CGU6TR, STM32WBA54CGU7, STM32WBA54CGU7TR, STM32WBA54KEU6, STM32WBA54KEU6TR, STM32WBA54KEU7, STM32WBA54KEU7TR, STM32WBA54KGU6, STM32WBA54KGU6TR, STM32WBA54KGU7, STM32WBA54KGU7TR, STM32WBA55CEU6, STM32WBA55CEU6TR, STM32WBA55CEU7, STM32WBA55CEU7TR, STM32WBA55CGU6, STM32WBA55CGU6TR, STM32WBA55CGU6U, STM32WBA55CGU7, STM32WBA55CGU7TR, STM32WBA55G-DK1, STM32WBA55HEF6, STM32WBA55HEF7, STM32WBA55HGF6, STM32WBA55HGF7, STM32WBA55UEI6, STM32WBA55UEI6TR, STM32WBA55UEI7, STM32WBA55UEI7TR, STM32WBA55UGI6, STM32WBA55UGI6TR, STM32WBA55UGI7, STM32WBA55UGI7TR, STM32WBA5MMGH6TR, STM32WBA62MGF6, STM32WBA62MIF6, STM32WBA65MGF7, STM32WBA65MIF6, STM32WBA65MIF7, STM32WL30K8V6, STM32WL30KBV6, STM32WL31C8V6, STM32WL31CBV6, STM32WL31K8V6, STM32WL31KBV6, STM32WL33C8V6, STM32WL33C8V6X, STM32WL33CBV6, STM32WL33CBV6X, STM32WL33CCV6, STM32WL33CCV6A, STM32WL33CCV6X, STM32WL33K8V7, STM32WL33K8V7X, STM32WL33KBV7 , STM32WL33KBV7X, STM32WL33KCV7, STM32WL33KCV7X, STM32WL5MOCH6, STM32WL5MOCH6TR]
2026-01-15 11:36:52,746 [INFO] ApiDb:668 - CubeFinder database Data Model version=2.1
2026-01-15 11:36:52,747 [INFO] ApiDb:669 - CubeFinder database Configuration version=3.0.39
2026-01-15 11:36:52,747 [INFO] ApiDb:670 - CubeFinder database generation date=2025-12-22 (1766407740)
2026-01-15 11:36:52,747 [INFO] ApiDb:671 - CubeFinder database FW Pack versions=[FP-ATR-ASTRA1_V2.0.0, FP-SNS-FLIGHT1_V5.1.0, FP-SNS-MOTENV1_V5.1.0, FP-SNS-MOTENVWB1_V1.4.0, FP-SNS-SMARTAG2_V1.2.0, FP-SNS-STBOX1_V2.1.0, STM32Cube_FW_C0_V1.4.0, STM32Cube_FW_F4_V1.28.3, STM32Cube_FW_F7_V1.17.4, STM32Cube_FW_G0_V1.6.2, STM32Cube_FW_G4_V1.6.1, STM32Cube_FW_H5_V1.5.1, STM32Cube_FW_H7RS_V1.3.0, STM32Cube_FW_H7_V1.12.1, STM32Cube_FW_L0_V1.12.2, STM32Cube_FW_L4_V1.18.1, STM32Cube_FW_L5_V1.6.0, STM32Cube_FW_N6_V1.3.0, STM32Cube_FW_U0_V1.3.0, STM32Cube_FW_U3_V1.2.1, STM32Cube_FW_U5_V1.8.0, STM32Cube_FW_WB0_V1.4.0, STM32Cube_FW_WBA_V1.8.0, STM32Cube_FW_WB_V1.24.0, STM32Cube_FW_WL3_V1.3.0, STM32Cube_FW_WL_V1.4.0, X-CUBE-ALGOBUILD_V1.4.0, X-CUBE-ALS_V1.0.2, X-CUBE-AZRTOS-F4_V1.1.0, X-CUBE-AZRTOS-F7_V1.1.0, X-CUBE-AZRTOS-G0_V1.1.0, X-CUBE-AZRTOS-G4_V2.0.0, X-CUBE-AZRTOS-H7RS_V1.1.0, X-CUBE-AZRTOS-H7_V3.4.0, X-CUBE-AZRTOS-L4_V2.0.0, X-CUBE-AZRTOS-L5_V2.0.0, X-CUBE-AZRTOS-WB_V2.0.0, X-CUBE-AZRTOS-WL_V2.0.0, X-CUBE-BLE1_V7.1.0, X-CUBE-BLE2_V3.3.0, X-CUBE-BLEMGR_V4.1.0, X-CUBE-EEPRMA1_V5.2.0, X-CUBE-FREERTOS_V1.3.1, X-CUBE-GNSS1_V6.0.0, X-CUBE-MEMS1_V12.0.0, X-CUBE-NFC4_V3.0.0, X-CUBE-NFC7_V2.0.0, X-CUBE-SFXS2LP1_V4.0.0, X-CUBE-ST67W61_V1.1.0, X-CUBE-SUBG2_V5.0.0, X-CUBE-TOF1_V3.4.3]
2026-01-15 11:36:55,119 [INFO] ApiDb:240 - Found 880 in-development CPN: [B-G473E-ZEST1S, B-WB1M-WPAN1, B-WBA5M-WPAN, B-WL5M-SUBG1, NUCLEO-C031C6, NUCLEO-C051C8, NUCLEO-C071RB, NUCLEO-C092RC, NUCLEO-H503RB, NUCLEO-H533RE, NUCLEO-H563ZI, NUCLEO-H7S3L8, NUCLEO-N657X0-Q, NUCLEO-U031R8, NUCLEO-U083RC, NUCLEO-U385RG-Q, NUCLEO-U545RE-Q, NUCLEO-U5A5ZJ-Q, NUCLEO-WB05KZ, NUCLEO-WB07CC, NUCLEO-WB09KE, NUCLEO-WBA52CG, NUCLEO-WBA55CG, NUCLEO-WL33CC1, NUCLEO-WL33CC2, STEVAL-PROTEUS1, STEVAL-SMARTAG2, STEVAL-STWINBX1, STM320518-EVAL, STM32C0116-DK, STM32C011D6Y3TR, STM32C011D6Y6TR, STM32C011F4P3, STM32C011F4P6, STM32C011F4U3, STM32C011F4U6TR, STM32C011F6P3, STM32C011F6P6, STM32C011F6U3, STM32C011F6U6TR, STM32C011J4M3, STM32C011J4M6, STM32C011J6M3, STM32C011J6M6, STM32C0316-DK, STM32C031C4T3, STM32C031C4T6, STM32C031C4U3, STM32C031C4U6, STM32C031C6T3, STM32C031C6T6, STM32C031C6U3, STM32C031C6U6, STM32C031F4P3, STM32C031F4P6, STM32C031F6P3, STM32C031F6P6, STM32C031G4U3, STM32C031G4U6, STM32C031G6U3, STM32C031G6U6, STM32C031K4T3, STM32C031K4T6, STM32C031K4U3, STM32C031K4U6, STM32C031K6T3, STM32C031K6T6, STM32C031K6U3, STM32C031K6U6, STM32C051C6T6, STM32C051C6U6, STM32C051C8T6, STM32C051C8U6, STM32C051D8Y6TR, STM32C051F6P6, STM32C051F8P6, STM32C051G6U6, STM32C051G8U6, STM32C051K6T6, STM32C051K6U6, STM32C051K8T6, STM32C071C8T6, STM32C071C8T6N, STM32C071C8U6, STM32C071C8U6N, STM32C071CBT6, STM32C071CBT6N, STM32C071CBU6, STM32C071CBU6N, STM32C071F8P6, STM32C071F8P6N, STM32C071FBP6, STM32C071FBP6N, STM32C071FBY6TR, STM32C071G8U6, STM32C071G8U6N, STM32C071GBU6, STM32C071GBU6N, STM32C071K8T6, STM32C071K8T6N, STM32C071K8U6, STM32C071K8U6N, STM32C071KBT6, STM32C071KBT6N, STM32C071KBU6, STM32C071KBU6N, STM32C071R8T6, STM32C071R8T6N, STM32C071RBI6N, STM32C071RBT6, STM32C071RBT6N, STM32C091CBT6, STM32C091CBU6, STM32C091CCT6, STM32C091CCU6, STM32C091ECY6TR, STM32C091FBP6, STM32C091FCP6, STM32C091GBU6, STM32C091GCU6, STM32C091KBT6, STM32C091KBU6, STM32C091KCT6, STM32C091KCU6, STM32C091RBT6, STM32C091RCI6, STM32C091RCT6, STM32C092CBT6, STM32C092CBU6, STM32C092CCT6, STM32C092CCU6, STM32C092ECY6TR, STM32C092FBP6, STM32C092FCP6, STM32C092GBU6, STM32C092GCU6, STM32C092KBT6, STM32C092KBU6, STM32C092KCT6, STM32C092KCU6, STM32C092RBT6, STM32C092RCI6, STM32C092RCT6, STM32G071K8TXN, STM32G071K8UXN, STM32G081GBU6N, STM32G081KBT6N, STM32G081KBUXN, STM32G0B1CCT6N, STM32G0B1KCT6, STM32G0B1NEY6TR, STM32G0B1RCT6N, STM32G0C1CCT6, STM32G0C1CCT6N, STM32G0C1CCU6N, STM32G0C1CET6N, STM32G0C1CEU6N, STM32G0C1KCT6, STM32G0C1NEY6TR, STM32G0C1RCI6N, STM32G0C1RCT6N, STM32G0C1REI6N, STM32G0C1RET6N, STM32G0C1VCI6, STM32G0C1VEI6, STM32G411C6T3, STM32G411C6T6, STM32G411C6U3, STM32G411C6U6, STM32G411C8T3, STM32G411C8T6, STM32G411C8U3, STM32G411C8U6, STM32G411CBT3, STM32G411CBT6, STM32G411CBU3, STM32G411CBU6, STM32G411K6T3, STM32G411K6T6, STM32G411K6U3, STM32G411K6U6, STM32G411K8T3, STM32G411K8T6, STM32G411K8U3, STM32G411K8U6, STM32G411KBT3, STM32G411KBT6, STM32G411KBU3, STM32G411KBU6, STM32G411M6T3, STM32G411M6T6, STM32G411M8T3, STM32G411M8T6, STM32G411MBT3, STM32G411MBT6, STM32G411R6T3, STM32G411R6T6, STM32G411R8T3, STM32G411R8T6, STM32G411RBT3, STM32G411RBT6, STM32G414CBT3, STM32G414CBT6, STM32G414CBU3, STM32G414CBU6, STM32G414CCT3, STM32G414CCT6, STM32G414CCU3, STM32G414CCU6, STM32G414MBT3, STM32G414MBT6, STM32G414MCT3, STM32G414MCT6, STM32G414RBT3, STM32G414RBT6, STM32G414RCT3, STM32G414RCT6, STM32G414VBT3, STM32G414VBT6, STM32G414VCT3, STM32G414VCT6, STM32G431CBT3Z, STM32G431RBT3Z, STM32G471CCT6, STM32G471CCU6, STM32G471CET3, STM32G471CET6, STM32G471CEU3, STM32G471CEU6, STM32G471MCT6, STM32G471MET3, STM32G471MET6, STM32G471MEY6TR, STM32G471QCT6, STM32G471QET3, STM32G471RCT6, STM32G471RET3, STM32G471RET6, STM32G471VCH6, STM32G471VCI6, STM32G471VCT6, STM32G471VEH3, STM32G471VEH6, STM32G471VEI3, STM32G471VEI6, STM32G471VET3, STM32G471VET6, STM32G473QET3Z, STM32G473RET3Z, STM32G474CCT6, STM32G491RET3Z, STM32H503CBT6, STM32H503CBU6, STM32H503EBY6TR, STM32H503KBU6, STM32H503RBT6, STM32H523CCT6, STM32H523CCU6, STM32H523CET6, STM32H523CEU6, STM32H523HEY6TR, STM32H523RCT6, STM32H523RET6, STM32H523VCI6, STM32H523VCT6, STM32H523VEI6, STM32H523VET6, STM32H523ZCJ6, STM32H523ZCT6, STM32H523ZEJ6, STM32H523ZET6, STM32H533CET6, STM32H533CEU6, STM32H533HEY6TR, STM32H533RET6, STM32H533VEI6, STM32H533VET6, STM32H533ZEJ6, STM32H533ZET6, STM32H562AGI6, STM32H562AII6, STM32H562IGK6, STM32H562IGT6, STM32H562IIK6, STM32H562IIT6, STM32H562RGT6, STM32H562RGV6, STM32H562RIT6, STM32H562RIV6, STM32H562VGT6, STM32H562VIT6, STM32H562ZGT6, STM32H562ZIT6, STM32H563AGI6, STM32H563AII3Q, STM32H563AII6, STM32H563IGK6, STM32H563IGT6, STM32H563IIK3Q, STM32H563IIK6, STM32H563IIT3Q, STM32H563IIT6, STM32H563MIY3QTR, STM32H563RGT6, STM32H563RGV6, STM32H563RIT6, STM32H563RIV6, STM32H563VGT6, STM32H563VIT3Q, STM32H563VIT6, STM32H563ZGT6, STM32H563ZIT3Q, STM32H563ZIT6, STM32H573AII3Q, STM32H573AII6, STM32H573I-DK, STM32H573IIK3Q, STM32H573IIK6, STM32H573IIT3Q, STM32H573IIT6, STM32H573MIY3QTR, STM32H573RIT6, STM32H573RIV6, STM32H573VIT3Q, STM32H573VIT6, STM32H573ZIT3Q, STM32H573ZIT6, STM32H7R3A8I6, STM32H7R3I8K6, STM32H7R3I8T6, STM32H7R3L8H6, STM32H7R3L8H6H, STM32H7R3R8V6, STM32H7R3V8H6, STM32H7R3V8T6, STM32H7R3V8Y6TR, STM32H7R3Z8J6, STM32H7R3Z8T6, STM32H7R7A8I6, STM32H7R7I8K6, STM32H7R7I8T6, STM32H7R7L8H6, STM32H7R7L8H6H, STM32H7R7Z8J6, STM32H7S3A8I6, STM32H7S3I8K6, STM32H7S3I8T6, STM32H7S3L8H6, STM32H7S3L8H6H, STM32H7S3R8V6, STM32H7S3V8H6, STM32H7S3V8T6, STM32H7S3V8Y6TR, STM32H7S3Z8J6, STM32H7S3Z8T6, STM32H7S78-DK, STM32H7S7A8I6, STM32H7S7I8K6, STM32H7S7I8T6, STM32H7S7L8H6, STM32H7S7L8H6H, STM32H7S7Z8J6, STM32L4R5QGI6STR, STM32MP131AAE3, STM32MP131AAF3, STM32MP131AAG3, STM32MP131CAE3, STM32MP131CAF3, STM32MP131CAG3, STM32MP131DAE7, STM32MP131DAF7, STM32MP131DAG7, STM32MP131FAE7, STM32MP131FAF7, STM32MP131FAG7, STM32MP133AAE3, STM32MP133AAF3, STM32MP133AAG3, STM32MP133CAE3, STM32MP133CAF3, STM32MP133CAG3, STM32MP133DAE7, STM32MP133DAF7, STM32MP133DAG7, STM32MP133FAE7, STM32MP133FAF7, STM32MP133FAG7, STM32MP135AAE3, STM32MP135AAF3, STM32MP135AAG3, STM32MP135CAE3, STM32MP135CAF3, STM32MP135CAG3, STM32MP135DAE7, STM32MP135DAF7, STM32MP135DAG7, STM32MP135F-DK, STM32MP135FAE7, STM32MP135FAF7, STM32MP135FAF7T, STM32MP135FAF7U, STM32MP135FAG7, STM32MP211AAL3, STM32MP211AAM3, STM32MP211AAN3, STM32MP211AAO3, STM32MP211CAL3, STM32MP211CAM3, STM32MP211CAN3, STM32MP211CAO3, STM32MP211DAL3, STM32MP211DAM3, STM32MP211DAN3, STM32MP211DAO3, STM32MP211FAL3, STM32MP211FAM3, STM32MP211FAN3, STM32MP211FAO3, STM32MP213AAL3, STM32MP213AAM3, STM32MP213AAN3, STM32MP213AAO3, STM32MP213CAL3, STM32MP213CAM3, STM32MP213CAN3, STM32MP213CAO3, STM32MP213DAL3, STM32MP213DAM3, STM32MP213DAN3, STM32MP213DAO3, STM32MP213FAL3, STM32MP213FAM3, STM32MP213FAN3, STM32MP213FAO3, STM32MP215AAL3, STM32MP215AAM3, STM32MP215AAN3, STM32MP215AAO3, STM32MP215CAL3, STM32MP215CAM3, STM32MP215CAN3, STM32MP215CAO3, STM32MP215DAL3, STM32MP215DAM3, STM32MP215DAN3, STM32MP215DAO3, STM32MP215F-DK, STM32MP215FAL3, STM32MP215FAM3, STM32MP215FAN3, STM32MP215FAO3, STM32MP231AAJ3, STM32MP231AAK3, STM32MP231AAL3, STM32MP231CAJ3, STM32MP231CAK3, STM32MP231CAL3, STM32MP231DAJ3, STM32MP231DAK3, STM32MP231DAL3, STM32MP231FAJ3, STM32MP231FAK3, STM32MP231FAL3, STM32MP233AAJ3, STM32MP233AAK3, STM32MP233AAL3, STM32MP233CAJ3, STM32MP233CAK3, STM32MP233CAL3, STM32MP233DAJ3, STM32MP233DAK3, STM32MP233DAL3, STM32MP233FAJ3, STM32MP233FAK3, STM32MP233FAL3, STM32MP235AAJ3, STM32MP235AAK3, STM32MP235AAL3, STM32MP235CAJ3, STM32MP235CAK3, STM32MP235CAL3, STM32MP235DAJ3, STM32MP235DAK3, STM32MP235DAL3, STM32MP235FAJ3, STM32MP235FAK3, STM32MP235FAL3, STM32MP251AAI3, STM32MP251AAK3, STM32MP251AAL3, STM32MP251CAI3, STM32MP251CAK3, STM32MP251CAL3, STM32MP251DAI3, STM32MP251DAK3, STM32MP251DAL3, STM32MP251FAI3, STM32MP251FAK3, STM32MP251FAL3, STM32MP253AAI3, STM32MP253AAK3, STM32MP253AAL3, STM32MP253CAI3, STM32MP253CAK3, STM32MP253CAL3, STM32MP253DAI3, STM32MP253DAK3, STM32MP253DAL3, STM32MP253FAI3, STM32MP253FAK3, STM32MP253FAL3, STM32MP255AAI3, STM32MP255AAK3, STM32MP255AAL3, STM32MP255CAI3, STM32MP255CAK3, STM32MP255CAL3, STM32MP255DAI3, STM32MP255DAK3, STM32MP255DAL3, STM32MP255FAI3, STM32MP255FAK3, STM32MP255FAL3, STM32MP257AAI3, STM32MP257AAK3, STM32MP257AAL3, STM32MP257CAI3, STM32MP257CAK3, STM32MP257CAL3, STM32MP257DAI3, STM32MP257DAK3, STM32MP257DAL3, STM32MP257F-DK, STM32MP257F-EV1, STM32MP257FAI3, STM32MP257FAK3, STM32MP257FAL3, STM32N645A0H3Q, STM32N645B0H3Q, STM32N645I0H3Q, STM32N645L0H3Q, STM32N645X0H3Q, STM32N645Z0H3Q, STM32N647A0H3Q, STM32N647B0H3Q, STM32N647I0H3Q, STM32N647L0H3Q, STM32N647X0H3Q, STM32N647Z0H3Q, STM32N655A0H3Q, STM32N655B0H3Q, STM32N655I0H3Q, STM32N655L0H3Q, STM32N655X0H3Q, STM32N655Z0H3Q, STM32N6570-DK, STM32N657A0H3Q, STM32N657B0H3Q, STM32N657I0H3Q, STM32N657L0H3Q, STM32N657X0H3Q, STM32N657Z0H3Q, STM32U031C6T6, STM32U031C6U6, STM32U031C8T6, STM32U031C8U6, STM32U031F4P6, STM32U031F6P6, STM32U031F8P6, STM32U031G6Y6TR, STM32U031G8Y6TR, STM32U031K4U6, STM32U031K6U6, STM32U031K8U6, STM32U031R6I6, STM32U031R6T6, STM32U031R8I6, STM32U031R8T6, STM32U073C8T6, STM32U073C8U6, STM32U073CBT6, STM32U073CBU6, STM32U073CCT6, STM32U073CCU6, STM32U073H8Y6TR, STM32U073HBY6TR, STM32U073HCY6TR, STM32U073K8U6, STM32U073KBU6, STM32U073KCU6, STM32U073M8I6, STM32U073M8T6, STM32U073MBI6, STM32U073MBT6, STM32U073MCI6, STM32U073MCT6, STM32U073R8I6, STM32U073R8T6, STM32U073RBI6, STM32U073RBT6, STM32U073RCI6, STM32U073RCT6, STM32U083C-DK, STM32U083CCT6, STM32U083CCU6, STM32U083HCY6TR, STM32U083KCU6, STM32U083MCI6, STM32U083MCT6, STM32U083RCI6, STM32U083RCT6, STM32U375CET6, STM32U375CET6Q, STM32U375CEU6, STM32U375CEU6Q, STM32U375CEY6QTR, STM32U375CGT6, STM32U375CGT6Q, STM32U375CGU6, STM32U375CGU6Q, STM32U375CGY6QTR, STM32U375KEU6, STM32U375KGU6, STM32U375REI6, STM32U375REI6Q, STM32U375RET6, STM32U375RET6Q, STM32U375REY6GTR, STM32U375REY6QTR, STM32U375RGI6, STM32U375RGI6Q, STM32U375RGT6, STM32U375RGT6Q, STM32U375RGY6GTR, STM32U375RGY6QTR, STM32U375VEI6, STM32U375VEI6Q, STM32U375VET6, STM32U375VET6Q, STM32U375VGI6, STM32U375VGI6Q, STM32U375VGT6, STM32U375VGT6Q, STM32U385CGT6, STM32U385CGT6Q, STM32U385CGU6, STM32U385CGU6Q, STM32U385CGY6QTR, STM32U385KGU6, STM32U385RGI6, STM32U385RGI6Q, STM32U385RGT6, STM32U385RGT6Q, STM32U385RGY6GTR, STM32U385RGY6QTR, STM32U385VGI6, STM32U385VGI6Q, STM32U385VGT6, STM32U385VGT6Q, STM32U535CBT6, STM32U535CBT6Q, STM32U535CBU6, STM32U535CBU6Q, STM32U535CCT6, STM32U535CCT6Q, STM32U535CCU6, STM32U535CCU6Q, STM32U535CET6, STM32U535CET6Q, STM32U535CEU6, STM32U535CEU6Q, STM32U535JEY6QTR, STM32U535NCY6QTR, STM32U535NEY6QTR, STM32U535RBI6, STM32U535RBI6Q, STM32U535RBT6, STM32U535RBT6Q, STM32U535RCI6, STM32U535RCI6Q, STM32U535RCT6, STM32U535RCT6Q, STM32U535REI6, STM32U535REI6Q, STM32U535RET6, STM32U535RET6Q, STM32U535VCI6, STM32U535VCI6Q, STM32U535VCT6, STM32U535VCT6Q, STM32U535VEI6, STM32U535VEI6Q, STM32U535VET6, STM32U535VET6Q, STM32U545CET6, STM32U545CET6Q, STM32U545CEU6, STM32U545CEU6Q, STM32U545JEY6QTR, STM32U545NEY6QTR, STM32U545REI6, STM32U545REI6Q, STM32U545RET6, STM32U545RET6Q, STM32U545VEI6, STM32U545VEI6Q, STM32U545VET6, STM32U545VET6Q, STM32U595AIH6, STM32U595AIH6Q, STM32U595AJH6, STM32U595AJH6Q, STM32U595QII6, STM32U595QII6Q, STM32U595QJI6, STM32U595QJI6Q, STM32U595RIT6, STM32U595RIT6Q, STM32U595RJT6, STM32U595RJT6Q, STM32U595VIT6, STM32U595VIT6Q, STM32U595VJT6, STM32U595VJT6Q, STM32U595ZIT6, STM32U595ZIT6Q, STM32U595ZIY6QTR, STM32U595ZJT6, STM32U595ZJT6Q, STM32U595ZJY6QTR, STM32U599BJY6QTR, STM32U599NIH6Q, STM32U599NJH6Q, STM32U599VIT6Q, STM32U599VJT6, STM32U599VJT6Q, STM32U599ZIT6Q, STM32U599ZIY6QTR, STM32U599ZJT6Q, STM32U599ZJY6QTR, STM32U5A5AJH6, STM32U5A5AJH6Q, STM32U5A5QII3Q , STM32U5A5QJI6, STM32U5A5QJI6Q, STM32U5A5RJT6, STM32U5A5RJT6Q, STM32U5A5VJT6, STM32U5A5VJT6Q, STM32U5A5ZJT6, STM32U5A5ZJT6Q, STM32U5A5ZJY6QTR, STM32U5A9BJY6QTR, STM32U5A9J-DK, STM32U5A9NJH6Q, STM32U5A9VJT6Q, STM32U5A9ZJT6Q, STM32U5A9ZJY6QTR, STM32U5F7VIT6, STM32U5F7VIT6Q, STM32U5F7VJT6, STM32U5F7VJT6Q, STM32U5F9BJY6QTR, STM32U5F9NJH6Q, STM32U5F9VIT6Q, STM32U5F9VJT6Q, STM32U5F9ZIJ6QTR, STM32U5F9ZIT6Q, STM32U5F9ZJJ6QTR, STM32U5F9ZJT6Q, STM32U5G7VJT6, STM32U5G7VJT6Q, STM32U5G9BJY6QTR, STM32U5G9J-DK1, STM32U5G9J-DK2, STM32U5G9NJH6Q, STM32U5G9VJT6Q, STM32U5G9ZJJ6QTR, STM32U5G9ZJT6Q, STM32WB05KZV6TR, STM32WB05KZV7TR, STM32WB05TZF6TR, STM32WB05TZF7TR, STM32WB06CCF6TR, STM32WB06CCF7TR, STM32WB06CCV6TR, STM32WB06CCV7TR, STM32WB06KCV6TR, STM32WB06KCV7TR, STM32WB07CCF6TR, STM32WB07CCF7TR, STM32WB07CCV6TR, STM32WB07CCV7TR, STM32WB07KCV6TR, STM32WB07KCV7TR, STM32WB09KEV6TR, STM32WB09KEV7TR, STM32WB09TEF6TR, STM32WB09TEF7TR, STM32WB1MMCH6, STM32WBA50KGU6, STM32WBA50KGU6TR, STM32WBA52CEU6, STM32WBA52CEU6TR, STM32WBA52CEU7, STM32WBA52CEU7TR, STM32WBA52CGU6, STM32WBA52CGU6TR, STM32WBA52CGU6U, STM32WBA52CGU7, STM32WBA52CGU7TR, STM32WBA52KEU6, STM32WBA52KEU6TR, STM32WBA52KGU6, STM32WBA52KGU6TR, STM32WBA54CEU6, STM32WBA54CEU6TR, STM32WBA54CEU7, STM32WBA54CEU7TR, STM32WBA54CGU6, STM32WBA54CGU6TR, STM32WBA54CGU7, STM32WBA54CGU7TR, STM32WBA54KEU6, STM32WBA54KEU6TR, STM32WBA54KEU7, STM32WBA54KEU7TR, STM32WBA54KGU6, STM32WBA54KGU6TR, STM32WBA54KGU7, STM32WBA54KGU7TR, STM32WBA55CEU6, STM32WBA55CEU6TR, STM32WBA55CEU7, STM32WBA55CEU7TR, STM32WBA55CGU6, STM32WBA55CGU6TR, STM32WBA55CGU6U, STM32WBA55CGU7, STM32WBA55CGU7TR, STM32WBA55G-DK1, STM32WBA55HEF6, STM32WBA55HEF7, STM32WBA55HGF6, STM32WBA55HGF7, STM32WBA55UEI6, STM32WBA55UEI6TR, STM32WBA55UEI7, STM32WBA55UEI7TR, STM32WBA55UGI6, STM32WBA55UGI6TR, STM32WBA55UGI7, STM32WBA55UGI7TR, STM32WBA5MMGH6TR, STM32WBA62MGF6, STM32WBA62MIF6, STM32WBA65MGF7, STM32WBA65MIF6, STM32WBA65MIF7, STM32WL30K8V6, STM32WL30KBV6, STM32WL31C8V6, STM32WL31CBV6, STM32WL31K8V6, STM32WL31KBV6, STM32WL33C8V6, STM32WL33C8V6X, STM32WL33CBV6, STM32WL33CBV6X, STM32WL33CCV6, STM32WL33CCV6A, STM32WL33CCV6X, STM32WL33K8V7, STM32WL33K8V7X, STM32WL33KBV7 , STM32WL33KBV7X, STM32WL33KCV7, STM32WL33KCV7X, STM32WL5MOCH6, STM32WL5MOCH6TR]
2026-01-15 11:36:55,124 [INFO] DbMcus:218 - Found 4876 MCUs, 4876 are supported
2026-01-15 11:36:55,124 [INFO] ApiDb:423 - Load user favorites file C:\Users\Chinnapop/.stm32cubeide/favorites.mcus.txt: 0 item(s)
2026-01-15 11:36:55,125 [INFO] ApiDb:427 - User favorites MCUs=[]
2026-01-15 11:36:55,125 [INFO] DbMcus:224 - Set 0 / 0 favorites MCUs
2026-01-15 11:36:55,796 [INFO] BoardInfo:889 - No configuration file found for board P-NUCLEO-WB55
2026-01-15 11:36:55,798 [INFO] DbBoards:161 - Kit is not supported: P-NUCLEO-WB55
2026-01-15 11:36:55,808 [INFO] BoardInfo:889 - No configuration file found for board STEVAL-BFA001V1B
2026-01-15 11:36:55,809 [INFO] DbBoards:161 - Kit is not supported: STEVAL-BFA001V1B
2026-01-15 11:36:55,810 [INFO] BoardInfo:889 - No configuration file found for board STEVAL-BFA001V2B
2026-01-15 11:36:55,812 [INFO] DbBoards:161 - Kit is not supported: STEVAL-BFA001V2B
2026-01-15 11:36:56,204 [INFO] DbBoards:168 - Found 212 boards, 209 are supported
2026-01-15 11:36:56,205 [INFO] DbBoards:169 - Found 212 boards, 43 of them is supported for  Bsp
2026-01-15 11:36:56,207 [INFO] ApiDb:423 - Load user favorites file C:\Users\Chinnapop/.stm32cubeide/favorites.boards.txt: 0 item(s)
2026-01-15 11:36:56,207 [INFO] ApiDb:427 - User favorites Boards=[]
2026-01-15 11:36:56,207 [INFO] DbBoards:198 - Set 0 / 0 favorites Boards
2026-01-15 11:36:56,259 [INFO] UtilMem:75 - End LoadConfig() Used Memory: 439221128 Bytes (536870912)
2026-01-15 11:36:56,425 [WARN] ThirdParty:833 - waiting for thirdparty lock release [change project]
2026-01-15 11:36:56,426 [INFO] ThirdParty:835 - entering critical section [change project]
2026-01-15 11:36:56,426 [INFO] ThirdParty:1030 - CMSIS Pack Vendor :STMicroelectronics X-CUBE-PM33A1 1.0.0
2026-01-15 11:36:56,426 [INFO] ThirdParty:1030 - CMSIS Pack Vendor :STMicroelectronics USBPD 4.1
2026-01-15 11:36:56,426 [INFO] ThirdParty:1030 - CMSIS Pack Vendor :STMicroelectronics USB_HOST 2.0.0
2026-01-15 11:36:56,426 [INFO] ThirdParty:1030 - CMSIS Pack Vendor :STMicroelectronics FP-SNS-MOTENVWB1 1.4.0
2026-01-15 11:36:56,426 [INFO] ThirdParty:1030 - CMSIS Pack Vendor :STMicroelectronics X-CUBE-AZRTOS-F4 1.1.0
2026-01-15 11:36:56,426 [INFO] ThirdParty:1030 - CMSIS Pack Vendor :STMicroelectronics LIBJPEG 8.0.0
2026-01-15 11:36:56,426 [INFO] ThirdParty:1030 - CMSIS Pack Vendor :STMicroelectronics FP-ATR-ASTRA1 2.0.2
2026-01-15 11:36:56,426 [INFO] ThirdParty:1030 - CMSIS Pack Vendor :STMicroelectronics FP-ATR-ASTRA1 2.0.1
2026-01-15 11:36:56,426 [INFO] ThirdParty:1030 - CMSIS Pack Vendor :Avnet-IotConnect X-CUBE-IoTC-DA16k-PMOD 1.0.0
2026-01-15 11:36:56,427 [INFO] ThirdParty:1030 - CMSIS Pack Vendor :STMicroelectronics X-CUBE-SMBUS 2.1.0
2026-01-15 11:36:56,427 [INFO] ThirdParty:1030 - CMSIS Pack Vendor :STMicroelectronics X-CUBE-WB05N 1.1.0
2026-01-15 11:36:56,427 [INFO] ThirdParty:1030 - CMSIS Pack Vendor :STMicroelectronics X-CUBE-ISPU 2.1.0
2026-01-15 11:36:56,427 [INFO] ThirdParty:1030 - CMSIS Pack Vendor :STMicroelectronics X-CUBE-IPS 3.2.0
2026-01-15 11:36:56,427 [INFO] ThirdParty:1030 - CMSIS Pack Vendor :STMicroelectronics X-CUBE-FREERTOS 1.2.0
2026-01-15 11:36:56,427 [INFO] ThirdParty:1030 - CMSIS Pack Vendor :STMicroelectronics X-CUBE-ST60 1.0.0
2026-01-15 11:36:56,427 [INFO] ThirdParty:1030 - CMSIS Pack Vendor :STMicroelectronics X-CUBE-NFC12 1.0.0
2026-01-15 11:36:56,427 [INFO] ThirdParty:1030 - CMSIS Pack Vendor :STMicroelectronics X-CUBE-AZRTOS-F7 1.1.0
2026-01-15 11:36:56,427 [INFO] ThirdParty:1030 - CMSIS Pack Vendor :STMicroelectronics X-CUBE-AZRTOS-L5 2.0.0
2026-01-15 11:36:56,427 [INFO] ThirdParty:1030 - CMSIS Pack Vendor :STMicroelectronics USB_DEVICE 2.0.0
2026-01-15 11:36:56,427 [INFO] ThirdParty:1030 - CMSIS Pack Vendor :STMicroelectronics X-CUBE-NFC6 3.1.0
2026-01-15 11:36:56,427 [INFO] ThirdParty:1030 - CMSIS Pack Vendor :STMicroelectronics X-CUBE-MEMS1 11.0.0
2026-01-15 11:36:56,427 [INFO] ThirdParty:1030 - CMSIS Pack Vendor :STMicroelectronics FP-SNS-MOTENV1 5.1.0
2026-01-15 11:36:56,427 [INFO] ThirdParty:1030 - CMSIS Pack Vendor :STMicroelectronics FreeRTOS 0.0.1
2026-01-15 11:36:56,427 [INFO] ThirdParty:1030 - CMSIS Pack Vendor :STMicroelectronics X-CUBE-DPower 1.2.0
2026-01-15 11:36:56,427 [INFO] ThirdParty:1030 - CMSIS Pack Vendor :STMicroelectronics FP-SNS-FLIGHT1 5.0.2
2026-01-15 11:36:56,427 [INFO] ThirdParty:1030 - CMSIS Pack Vendor :STMicroelectronics PDM2PCM 3.3.0
2026-01-15 11:36:56,427 [INFO] ThirdParty:1030 - CMSIS Pack Vendor :STMicroelectronics X-CUBE-AZRTOS-H7 3.4.0
2026-01-15 11:36:56,427 [INFO] ThirdParty:1030 - CMSIS Pack Vendor :STMicroelectronics X-CUBE-DISPLAY 3.0.0
2026-01-15 11:36:56,427 [INFO] ThirdParty:1030 - CMSIS Pack Vendor :STMicroelectronics X-CUBE-BLE1 7.0.0
2026-01-15 11:36:56,427 [INFO] ThirdParty:1030 - CMSIS Pack Vendor :STMicroelectronics X-CUBE-NFC10 1.0.0
2026-01-15 11:36:56,427 [INFO] ThirdParty:1030 - CMSIS Pack Vendor :STMicroelectronics X-CUBE-BLEMGR 4.0.0
2026-01-15 11:36:56,428 [INFO] ThirdParty:1030 - CMSIS Pack Vendor :STMicroelectronics X-CUBE-FREERTOS 1.3.1
2026-01-15 11:36:56,428 [INFO] ThirdParty:1030 - CMSIS Pack Vendor :STMicroelectronics HAL Drivers 0.0.0
2026-01-15 11:36:56,428 [INFO] ThirdParty:1030 - CMSIS Pack Vendor :STMicroelectronics X-CUBE-ST60 1.1.0
2026-01-15 11:36:56,428 [INFO] ThirdParty:1030 - CMSIS Pack Vendor :emotas I-CUBE-CANOPEN 1.3.0
2026-01-15 11:36:56,428 [INFO] ThirdParty:1030 - CMSIS Pack Vendor :STMicroelectronics X-CUBE-FREERTOS 1.3.0
2026-01-15 11:36:56,428 [INFO] ThirdParty:1030 - CMSIS Pack Vendor :STMicroelectronics X-CUBE-NFC7 1.0.1
2026-01-15 11:36:56,428 [INFO] ThirdParty:1030 - CMSIS Pack Vendor :STMicroelectronics MBEDTLS 2.14.1
2026-01-15 11:36:56,428 [INFO] ThirdParty:1030 - CMSIS Pack Vendor :STMicroelectronics X-CUBE-GNSS1 7.1.0
2026-01-15 11:36:56,428 [INFO] ThirdParty:1030 - CMSIS Pack Vendor :STMicroelectronics X-CUBE-TOUCHGFX 4.26.0
2026-01-15 11:36:56,428 [INFO] ThirdParty:1030 - CMSIS Pack Vendor :STMicroelectronics X-CUBE-BLEMGR 3.1.0
2026-01-15 11:36:56,428 [INFO] ThirdParty:1030 - CMSIS Pack Vendor :STMicroelectronics X-CUBE-AI 10.0.0
2026-01-15 11:36:56,428 [INFO] ThirdParty:1030 - CMSIS Pack Vendor :STMicroelectronics FP-SNS-STBOX1 2.1.0
2026-01-15 11:36:56,428 [INFO] ThirdParty:1030 - CMSIS Pack Vendor :STMicroelectronics FP-SNS-STAIOTCFT 1.0.0
2026-01-15 11:36:56,428 [INFO] ThirdParty:1030 - CMSIS Pack Vendor :STMicroelectronics FP-SNS-SMARTAG2 1.2.0
2026-01-15 11:36:56,429 [INFO] ThirdParty:1030 - CMSIS Pack Vendor :STMicroelectronics FP-SNS-FLIGHT1 5.1.0
2026-01-15 11:36:56,429 [INFO] ThirdParty:1030 - CMSIS Pack Vendor :STMicroelectronics X-CUBE-MEMS1 11.1.0
2026-01-15 11:36:56,429 [INFO] ThirdParty:1030 - CMSIS Pack Vendor :STMicroelectronics X-CUBE-AZRTOS-WL 2.0.0
2026-01-15 11:36:56,429 [INFO] ThirdParty:1030 - CMSIS Pack Vendor :STMicroelectronics X-CUBE-DPower 1.3.0
2026-01-15 11:36:56,429 [INFO] ThirdParty:1030 - CMSIS Pack Vendor :STMicroelectronics FP-SNS-MOTENV1 5.0.0
2026-01-15 11:36:56,429 [INFO] ThirdParty:1030 - CMSIS Pack Vendor :STMicroelectronics USB_DEVICE 1.0.0
2026-01-15 11:36:56,429 [INFO] ThirdParty:1030 - CMSIS Pack Vendor :STMicroelectronics X-CUBE-AZRTOS-H7RS 1.2.0
2026-01-15 11:36:56,429 [INFO] ThirdParty:1030 - CMSIS Pack Vendor :wolfSSL I-CUBE-wolfMQTT 1.19.0
2026-01-15 11:36:56,429 [INFO] ThirdParty:1030 - CMSIS Pack Vendor :STMicroelectronics X-CUBE-AZRTOS-L4 2.0.0
2026-01-15 11:36:56,430 [INFO] ThirdParty:1030 - CMSIS Pack Vendor :STMicroelectronics ThreadX 0.0.2
2026-01-15 11:36:56,430 [INFO] ThirdParty:1030 - CMSIS Pack Vendor :WES I-CUBE-Cesium 1.3.0
2026-01-15 11:36:56,430 [INFO] ThirdParty:1030 - CMSIS Pack Vendor :STMicroelectronics lwIP 2.1.2
2026-01-15 11:36:56,430 [INFO] ThirdParty:1030 - CMSIS Pack Vendor :STMicroelectronics X-CUBE-SFXS2LP1 4.0.0
2026-01-15 11:36:56,430 [INFO] ThirdParty:1030 - CMSIS Pack Vendor :STMicroelectronics X-CUBE-BLE2 3.3.0
2026-01-15 11:36:56,430 [INFO] ThirdParty:1030 - CMSIS Pack Vendor :STMicroelectronics PDM2PCM 3.2.0
2026-01-15 11:36:56,430 [INFO] ThirdParty:1030 - CMSIS Pack Vendor :STMicroelectronics X-CUBE-AZRTOS-H7 3.3.0
2026-01-15 11:36:56,430 [INFO] ThirdParty:1030 - CMSIS Pack Vendor :STMicroelectronics X-CUBE-NFC9 1.0.0
2026-01-15 11:36:56,430 [INFO] ThirdParty:1030 - CMSIS Pack Vendor :STMicroelectronics X-CUBE-BLE1 7.1.0
2026-01-15 11:36:56,430 [INFO] ThirdParty:1030 - CMSIS Pack Vendor :STMicroelectronics USB_DEVICE 3.0.0
2026-01-15 11:36:56,430 [INFO] ThirdParty:1030 - CMSIS Pack Vendor :STMicroelectronics X-CUBE-TCPP 4.1.0
2026-01-15 11:36:56,430 [INFO] ThirdParty:1030 - CMSIS Pack Vendor :STMicroelectronics X-CUBE-FREERTOS 1.4.0
2026-01-15 11:36:56,430 [INFO] ThirdParty:1030 - CMSIS Pack Vendor :STMicroelectronics X-CUBE-EEPRMA1 5.2.0
2026-01-15 11:36:56,430 [INFO] ThirdParty:1030 - CMSIS Pack Vendor :STMicroelectronics X-CUBE-BLEMGR 4.1.0
2026-01-15 11:36:56,430 [INFO] ThirdParty:1030 - CMSIS Pack Vendor :STMicroelectronics X-CUBE-IPS 3.0.0
2026-01-15 11:36:56,430 [INFO] ThirdParty:1030 - CMSIS Pack Vendor :STMicroelectronics X-CUBE-AZRTOS-WB 2.0.0
2026-01-15 11:36:56,430 [INFO] ThirdParty:1030 - CMSIS Pack Vendor :STMicroelectronics X-CUBE-GNSS1 7.0.0
2026-01-15 11:36:56,430 [INFO] ThirdParty:1030 - CMSIS Pack Vendor :STMicroelectronics X-CUBE-GNSS1 7.0.1
2026-01-15 11:36:56,430 [INFO] ThirdParty:1030 - CMSIS Pack Vendor :STMicroelectronics X-CUBE-TOUCHGFX 4.25.0
2026-01-15 11:36:56,430 [INFO] ThirdParty:1030 - CMSIS Pack Vendor :STMicroelectronics X-CUBE-ST67W61 1.1.0
2026-01-15 11:36:56,430 [INFO] ThirdParty:1030 - CMSIS Pack Vendor :STMicroelectronics X-CUBE-AI 10.1.0
2026-01-15 11:36:56,430 [INFO] ThirdParty:1030 - CMSIS Pack Vendor :STMicroelectronics FP-SNS-STBOX1 2.0.0
2026-01-15 11:36:56,430 [INFO] ThirdParty:1030 - CMSIS Pack Vendor :STMicroelectronics X-CUBE-MEMS1 12.0.0
2026-01-15 11:36:56,430 [INFO] ThirdParty:1030 - CMSIS Pack Vendor :STMicroelectronics X-CUBE-MEMS1 11.2.0
2026-01-15 11:36:56,430 [INFO] ThirdParty:1030 - CMSIS Pack Vendor :STMicroelectronics X-CUBE-AZRTOS-G0 1.1.0
2026-01-15 11:36:56,430 [INFO] ThirdParty:1030 - CMSIS Pack Vendor :STMicroelectronics X-CUBE-SAFEA1 1.2.2
2026-01-15 11:36:56,430 [INFO] ThirdParty:1030 - CMSIS Pack Vendor :STMicroelectronics X-CUBE-NFC4 3.0.0
2026-01-15 11:36:56,430 [INFO] ThirdParty:1030 - CMSIS Pack Vendor :STMicroelectronics X-CUBE-SUBG2 5.0.0
2026-01-15 11:36:56,430 [INFO] ThirdParty:1030 - CMSIS Pack Vendor :STMicroelectronics X-CUBE-AZRTOS-H7RS 1.1.0
2026-01-15 11:36:56,430 [INFO] ThirdParty:1030 - CMSIS Pack Vendor :STMicroelectronics STM32_WPAN 1.0.0
2026-01-15 11:36:56,430 [INFO] ThirdParty:1030 - CMSIS Pack Vendor :EmbeddedOffice I-CUBE-FS-RTOS 1.0.1
2026-01-15 11:36:56,430 [INFO] ThirdParty:1030 - CMSIS Pack Vendor :STMicroelectronics lwIP 2.0.3
2026-01-15 11:36:56,430 [INFO] ThirdParty:1030 - CMSIS Pack Vendor :Cesanta I-CUBE-Mongoose 7.13.0
2026-01-15 11:36:56,430 [INFO] ThirdParty:1030 - CMSIS Pack Vendor :STMicroelectronics USB_HOST 1.0.0
2026-01-15 11:36:56,430 [INFO] ThirdParty:1030 - CMSIS Pack Vendor :STMicroelectronics X-CUBE-AZRTOS-G4 2.0.0
2026-01-15 11:36:56,430 [INFO] ThirdParty:1030 - CMSIS Pack Vendor :STMicroelectronics X-CUBE-WB05N 2.0.0
2026-01-15 11:36:56,430 [INFO] ThirdParty:1030 - CMSIS Pack Vendor :STMicroelectronics PDM2PCM 3.1.0
2026-01-15 11:36:56,431 [INFO] ThirdParty:1030 - CMSIS Pack Vendor :STMicroelectronics X-CUBE-NFC7 2.0.0
2026-01-15 11:36:56,431 [INFO] ThirdParty:1030 - CMSIS Pack Vendor :STMicroelectronics X-CUBE-TCPP 4.2.0
2026-01-15 11:36:56,431 [INFO] ThirdParty:1030 - CMSIS Pack Vendor :RealThread X-CUBE-RT-Thread_Nano 4.1.1
2026-01-15 11:36:56,431 [INFO] ThirdParty:1030 - CMSIS Pack Vendor :STMicroelectronics FP-ATR-SIGFOX1 3.2.0
2026-01-15 11:36:56,431 [INFO] ThirdParty:1030 - CMSIS Pack Vendor :quantropi X-CUBE-qispace-sdk-base 1.9.3
2026-01-15 11:36:56,431 [INFO] ThirdParty:1030 - CMSIS Pack Vendor :STMicroelectronics X-CUBE-EEPRMA1 5.1.0
2026-01-15 11:36:56,431 [INFO] ThirdParty:1030 - CMSIS Pack Vendor :STMicroelectronics MBEDTLS 2.16.2
2026-01-15 11:36:56,431 [INFO] ThirdParty:1030 - CMSIS Pack Vendor :STMicroelectronics X-CUBE-IPS 3.1.0
2026-01-15 11:36:56,431 [INFO] ThirdParty:1030 - CMSIS Pack Vendor :STMicroelectronics X-CUBE-ALS 1.0.2
2026-01-15 11:36:56,431 [INFO] ThirdParty:1030 - CMSIS Pack Vendor :wolfSSL I-CUBE-wolfSSL 5.7.4
2026-01-15 11:36:56,431 [INFO] ThirdParty:1030 - CMSIS Pack Vendor :ITTIA_DB I-CUBE-ITTIADB 8.9.0
2026-01-15 11:36:56,431 [INFO] ThirdParty:1030 - CMSIS Pack Vendor :STMicroelectronics X-CUBE-TOUCHGFX 4.24.2
2026-01-15 11:36:56,431 [INFO] ThirdParty:1030 - CMSIS Pack Vendor :STMicroelectronics X-CUBE-TOUCHGFX 4.24.1
2026-01-15 11:36:56,431 [INFO] ThirdParty:1030 - CMSIS Pack Vendor :STMicroelectronics X-CUBE-STSE01 1.0.0
2026-01-15 11:36:56,431 [INFO] ThirdParty:1030 - CMSIS Pack Vendor :wolfSSL I-CUBE-wolfTPM 3.4.0
2026-01-15 11:36:56,431 [INFO] ThirdParty:1030 - CMSIS Pack Vendor :portGmbH I-Cube-SoM-uGOAL 1.1.0
2026-01-15 11:36:56,432 [INFO] ThirdParty:1030 - CMSIS Pack Vendor :STMicroelectronics X-CUBE-ST67W61 1.0.0
2026-01-15 11:36:56,432 [INFO] ThirdParty:1030 - CMSIS Pack Vendor :STMicroelectronics X-CUBE-AI 10.2.0
2026-01-15 11:36:56,432 [INFO] ThirdParty:1030 - CMSIS Pack Vendor :STMicroelectronics ThreadX 1.0.0
2026-01-15 11:36:56,432 [INFO] ThirdParty:1030 - CMSIS Pack Vendor :SEGGER I-CUBE-embOS 1.3.1
2026-01-15 11:36:56,432 [INFO] ThirdParty:1030 - CMSIS Pack Vendor :STMicroelectronics X-CUBE-ALGOBUILD 1.4.0
2026-01-15 11:36:56,432 [INFO] ThirdParty:1030 - CMSIS Pack Vendor :STMicroelectronics X-CUBE-MEMS1 11.3.0
2026-01-15 11:36:56,432 [INFO] ThirdParty:1030 - CMSIS Pack Vendor :STMicroelectronics X-CUBE-AZRTOS-H7RS 1.0.0
2026-01-15 11:36:56,432 [INFO] ThirdParty:1030 - CMSIS Pack Vendor :STMicroelectronics FP-ATR-ASTRA1 2.0.0
2026-01-15 11:36:56,432 [INFO] ThirdParty:1030 - CMSIS Pack Vendor :STMicroelectronics X-CUBE-TOF1 3.4.2
2026-01-15 11:36:56,432 [INFO] ThirdParty:1030 - CMSIS Pack Vendor :STMicroelectronics X-CUBE-TOF1 3.4.3
2026-01-15 11:36:56,432 [INFO] ThirdParty:1030 - CMSIS Pack Vendor :STMicroelectronics X-CUBE-AI 9.1.0
2026-01-15 11:36:56,432 [INFO] ThirdParty:1030 - CMSIS Pack Vendor :Infineon AIROC-Wi-Fi-Bluetooth-STM32 1.6.1
2026-01-15 11:36:56,432 [INFO] ThirdParty:1030 - CMSIS Pack Vendor :wolfSSL I-CUBE-wolfSSH 1.4.17
2026-01-15 11:36:56,432 [INFO] ThirdParty:841 - exiting critical section [change project]
2026-01-15 11:36:57,264 [INFO] PinOutPanel:1589 - setPackage(No Configuration,No Configuration)
2026-01-15 11:36:57,266 [INFO] PinOutPanel:1589 - setPackage(STM32F767ZITx,LQFP144)
2026-01-15 11:36:58,353 [INFO] UtilMem:75 - Before build in PCC Used Memory: 500746272 Bytes (592445440)
2026-01-15 11:37:00,040 [INFO] UtilMem:75 - After build in PCC Used Memory: 522727536 Bytes (618659840)
2026-01-15 11:37:00,354 [INFO] ApiDbMcu:532 - Load IP Config File for FREERTOS
2026-01-15 11:37:00,392 [INFO] ApiDbMcu:532 - Load IP Config File for LWIP
2026-01-15 11:37:00,394 [WARN] BspModel:444 - BSP dependency skipped because of component: name='USER_PHY', api='Unknown'
2026-01-15 11:37:00,470 [INFO] IPUIPlugin:80 - create IPUIPlugin
2026-01-15 11:37:00,470 [INFO] IPUIPlugin:80 - create IPUIPlugin
2026-01-15 11:37:00,470 [INFO] IPUIPlugin:80 - create IPUIPlugin
2026-01-15 11:37:00,470 [INFO] IPUIPlugin:80 - create IPUIPlugin
2026-01-15 11:37:00,470 [INFO] IPUIPlugin:80 - create IPUIPlugin
2026-01-15 11:37:00,470 [INFO] IPUIPlugin:80 - create IPUIPlugin
2026-01-15 11:37:00,470 [INFO] IPUIPlugin:80 - create IPUIPlugin
2026-01-15 11:37:00,471 [INFO] IPUIPlugin:80 - create IPUIPlugin
2026-01-15 11:37:00,471 [INFO] IPUIPlugin:80 - create IPUIPlugin
2026-01-15 11:37:00,471 [INFO] IPUIPlugin:80 - create IPUIPlugin
2026-01-15 11:37:00,471 [INFO] IPUIPlugin:80 - create IPUIPlugin
2026-01-15 11:37:00,471 [INFO] IPUIPlugin:80 - create IPUIPlugin
2026-01-15 11:37:00,471 [INFO] IPUIPlugin:80 - create IPUIPlugin
2026-01-15 11:37:00,472 [INFO] IPUIPlugin:80 - create IPUIPlugin
2026-01-15 11:37:00,472 [INFO] IPUIPlugin:80 - create IPUIPlugin
2026-01-15 11:37:00,472 [INFO] IPUIPlugin:80 - create IPUIPlugin
2026-01-15 11:37:00,472 [INFO] IPUIPlugin:80 - create IPUIPlugin
2026-01-15 11:37:00,472 [INFO] IPUIPlugin:80 - create IPUIPlugin
2026-01-15 11:37:00,472 [INFO] IPUIPlugin:80 - create IPUIPlugin
2026-01-15 11:37:00,474 [INFO] IPUIPlugin:80 - create IPUIPlugin
2026-01-15 11:37:00,474 [INFO] IPUIPlugin:80 - create IPUIPlugin
2026-01-15 11:37:00,474 [INFO] IPUIPlugin:80 - create IPUIPlugin
2026-01-15 11:37:00,475 [INFO] IPUIPlugin:80 - create IPUIPlugin
2026-01-15 11:37:00,475 [INFO] IPUIPlugin:80 - create IPUIPlugin
2026-01-15 11:37:00,475 [INFO] IPUIPlugin:80 - create IPUIPlugin
2026-01-15 11:37:00,476 [INFO] IPUIPlugin:80 - create IPUIPlugin
2026-01-15 11:37:00,476 [INFO] IPUIPlugin:80 - create IPUIPlugin
2026-01-15 11:37:00,477 [INFO] IPUIPlugin:80 - create IPUIPlugin
2026-01-15 11:37:00,477 [INFO] IPUIPlugin:80 - create IPUIPlugin
2026-01-15 11:37:00,477 [INFO] IPUIPlugin:80 - create IPUIPlugin
2026-01-15 11:37:00,477 [INFO] IPUIPlugin:80 - create IPUIPlugin
2026-01-15 11:37:00,477 [INFO] IPUIPlugin:80 - create IPUIPlugin
2026-01-15 11:37:00,478 [INFO] IPUIPlugin:80 - create IPUIPlugin
2026-01-15 11:37:00,478 [INFO] IPUIPlugin:80 - create IPUIPlugin
2026-01-15 11:37:00,478 [INFO] IPUIPlugin:80 - create IPUIPlugin
2026-01-15 11:37:00,478 [INFO] IPUIPlugin:80 - create IPUIPlugin
2026-01-15 11:37:00,478 [INFO] IPUIPlugin:80 - create IPUIPlugin
2026-01-15 11:37:00,478 [INFO] IPUIPlugin:80 - create IPUIPlugin
2026-01-15 11:37:00,478 [INFO] IPUIPlugin:80 - create IPUIPlugin
2026-01-15 11:37:00,479 [INFO] IPUIPlugin:80 - create IPUIPlugin
2026-01-15 11:37:00,479 [INFO] IPUIPlugin:80 - create IPUIPlugin
2026-01-15 11:37:00,479 [INFO] IPUIPlugin:80 - create IPUIPlugin
2026-01-15 11:37:00,479 [INFO] IPUIPlugin:80 - create IPUIPlugin
2026-01-15 11:37:00,480 [INFO] IPUIPlugin:80 - create IPUIPlugin
2026-01-15 11:37:00,480 [INFO] IPUIPlugin:80 - create IPUIPlugin
2026-01-15 11:37:00,480 [INFO] IPUIPlugin:80 - create IPUIPlugin
2026-01-15 11:37:00,480 [INFO] IPUIPlugin:80 - create IPUIPlugin
2026-01-15 11:37:00,480 [INFO] IPUIPlugin:80 - create IPUIPlugin
2026-01-15 11:37:00,480 [INFO] IPUIPlugin:80 - create IPUIPlugin
2026-01-15 11:37:00,481 [INFO] IPUIPlugin:80 - create IPUIPlugin
2026-01-15 11:37:00,481 [INFO] IPUIPlugin:80 - create IPUIPlugin
2026-01-15 11:37:00,481 [INFO] IPUIPlugin:80 - create IPUIPlugin
2026-01-15 11:37:00,481 [INFO] IPUIPlugin:80 - create IPUIPlugin
2026-01-15 11:37:00,481 [INFO] IPUIPlugin:80 - create IPUIPlugin
2026-01-15 11:37:00,482 [INFO] IPUIPlugin:80 - create IPUIPlugin
2026-01-15 11:37:00,482 [INFO] IPUIPlugin:80 - create IPUIPlugin
2026-01-15 11:37:00,482 [INFO] IPUIPlugin:80 - create IPUIPlugin
2026-01-15 11:37:00,482 [INFO] IPUIPlugin:80 - create IPUIPlugin
2026-01-15 11:37:00,482 [INFO] IPUIPlugin:80 - create IPUIPlugin
2026-01-15 11:37:00,482 [INFO] IPUIPlugin:80 - create IPUIPlugin
2026-01-15 11:37:00,483 [INFO] IPUIPlugin:80 - create IPUIPlugin
2026-01-15 11:37:00,483 [INFO] IPUIPlugin:80 - create IPUIPlugin
2026-01-15 11:37:00,484 [INFO] IPUIPlugin:80 - create IPUIPlugin
2026-01-15 11:37:00,484 [INFO] IPUIPlugin:80 - create IPUIPlugin
2026-01-15 11:37:00,484 [INFO] IPUIPlugin:80 - create IPUIPlugin
2026-01-15 11:37:00,484 [INFO] IPUIPlugin:80 - create IPUIPlugin
2026-01-15 11:37:00,485 [INFO] IPUIPlugin:80 - create IPUIPlugin
2026-01-15 11:37:00,486 [INFO] IPUIPlugin:80 - create IPUIPlugin
2026-01-15 11:37:00,486 [INFO] IPUIPlugin:80 - create IPUIPlugin
2026-01-15 11:37:00,487 [INFO] IPUIPlugin:80 - create IPUIPlugin
2026-01-15 11:37:00,488 [INFO] IPUIPlugin:80 - create IPUIPlugin
2026-01-15 11:37:00,488 [INFO] IPUIPlugin:80 - create IPUIPlugin
2026-01-15 11:37:00,489 [INFO] IPUIPlugin:80 - create IPUIPlugin
2026-01-15 11:37:00,489 [INFO] IPUIPlugin:80 - create IPUIPlugin
2026-01-15 11:37:00,490 [INFO] IPUIPlugin:80 - create IPUIPlugin
2026-01-15 11:37:00,491 [INFO] IPUIPlugin:80 - create IPUIPlugin
2026-01-15 11:37:00,492 [INFO] IPUIPlugin:80 - create IPUIPlugin
2026-01-15 11:37:00,493 [INFO] IPUIPlugin:80 - create IPUIPlugin
2026-01-15 11:37:00,494 [INFO] IPUIPlugin:80 - create IPUIPlugin
2026-01-15 11:37:00,530 [INFO] ApiDbMcu:532 - Load IP Config File for PDM2PCM
2026-01-15 11:37:00,633 [WARN] FreeRTOS:1023 - Null or empty value: should not occur! (nothing added to the table)
2026-01-15 11:37:00,639 [WARN] IP:2250 - LWIP_NETIF_HOSTNAME_NAME not found: check if there is a RefParameter without a condition.
2026-01-15 11:37:00,648 [WARN] IP:2250 - LWIP_NETIF_HOSTNAME_NAME not found: check if there is a RefParameter without a condition.
2026-01-15 11:37:01,050 [INFO] CADModel:165 - CPN selected for project levelSTM32F767ZIT6
2026-01-15 11:37:01,050 [INFO] CADModel:114 - Register for checkConnection events
2026-01-15 11:37:01,055 [INFO] RtosManager:728 - Active RTOS found at IOC load: FREERTOS [Cortex-M7NS]
2026-01-15 11:37:01,107 [INFO] OpenFileManager:386 - Restore cursor
2026-01-15 11:37:01,744 [WARN] IP:2250 - LWIP_NETIF_HOSTNAME_NAME not found: check if there is a RefParameter without a condition.
2026-01-15 11:37:01,851 [WARN] IP:2250 - LWIP_NETIF_HOSTNAME_NAME not found: check if there is a RefParameter without a condition.
2026-01-15 11:37:02,069 [WARN] IP:2250 - Warning not found: check if there is a RefParameter without a condition.
2026-01-15 11:37:02,069 [WARN] IP:2250 - RxBufferAddress not found: check if there is a RefParameter without a condition.
2026-01-15 11:37:02,070 [WARN] IP:2250 - DESC_SIZE_UNIT not found: check if there is a RefParameter without a condition.
2026-01-15 11:37:02,071 [WARN] IP:2250 - Warning not found: check if there is a RefParameter without a condition.
2026-01-15 11:37:02,071 [WARN] IP:2250 - RxBufferAddress not found: check if there is a RefParameter without a condition.
2026-01-15 11:37:02,071 [WARN] IP:2250 - DESC_SIZE_UNIT not found: check if there is a RefParameter without a condition.
2026-01-15 11:39:36,027 [WARN] IP:2250 - Warning not found: check if there is a RefParameter without a condition.
2026-01-15 11:39:36,027 [WARN] IP:2250 - RxBufferAddress not found: check if there is a RefParameter without a condition.
2026-01-15 11:39:36,028 [WARN] IP:2250 - DESC_SIZE_UNIT not found: check if there is a RefParameter without a condition.
2026-01-15 11:39:46,771 [INFO] NvicIntPanel:101 - NVIC parent = com.st.microxplorer.plugins.ip.nvic.MultiNvicIntPanel[,0,0,580x563,layout=javax.swing.BoxLayout,alignmentX=0.0,alignmentY=0.0,border=,flags=9,maximumSize=,minimumSize=,preferredSize=]
2026-01-15 11:39:51,676 [WARN] IP:2250 - Warning not found: check if there is a RefParameter without a condition.
2026-01-15 11:39:51,677 [WARN] IP:2250 - RxBufferAddress not found: check if there is a RefParameter without a condition.
2026-01-15 11:39:51,677 [WARN] IP:2250 - DESC_SIZE_UNIT not found: check if there is a RefParameter without a condition.
2026-01-15 16:35:08,390 [INFO] WebApp:403 - JxBrowser engine has been closed 
2026-01-15 16:35:22,081 [ERROR] LogOutputStream:75 - [STDERR_REDIRECT] 
