2025-03-05 09:47:34,061 [INFO] Activator:176 - 


2025-03-05 09:47:34,066 [INFO] Activator:177 - !SESSION log4j initialized
2025-03-05 09:47:39,875 [INFO] LogOutputStream:77 - [STDOUT_REDIRECT] 
2025-03-05 09:47:42,080 [INFO] ApplicationProperties:184 - Using Application install path: C:\ST\STM32CubeIDE_1.16.1\STM32CubeIDE\plugins\com.st.stm32cube.common.mx_6.13.0.202411220809
2025-03-05 09:47:42,095 [INFO] DbMcusXml:78 - Set database path to: C:\ST\STM32CubeIDE_1.16.1\STM32CubeIDE\plugins\com.st.stm32cube.common.mx_6.13.0.202411220809\\db\/mcu/
2025-03-05 09:47:42,095 [INFO] ApiDb:274 - Set plugin database path to: C:\ST\STM32CubeIDE_1.16.1\STM32CubeIDE\plugins\com.st.stm32cube.common.mx_6.13.0.202411220809\\db\/plugins/boardmanager/
2025-03-05 09:47:42,096 [WARN] ApiDb:259 - Overriding images path with different value:  => C:\ST\STM32CubeIDE_1.16.1\STM32CubeIDE\plugins\com.st.stm32cube.common.mx_6.13.0.202411220809\\db\/plugins/mcufinder/images/
2025-03-05 09:47:42,111 [INFO] ApiDb:250 - Set database path to: C:\Users\Chinnapop\.stmcufinder\plugins\mcufinder//mcu/
2025-03-05 09:47:42,113 [INFO] DbMcusAds:125 - Set database path to: C:\Users\Chinnapop\.stmcufinder\plugins\mcufinder//mcu/
2025-03-05 09:47:42,116 [INFO] CrossReferenceDbSqlite:203 - Set database path to: C:\Users\Chinnapop\.stmcufinder\plugins\mcufinder//mcu/cs/
2025-03-05 09:47:42,251 [INFO] RulesReader:64 - Compatibility file has been processed (297 Rules)
2025-03-05 09:47:42,327 [INFO] DbMcusXml:78 - Set database path to: C:\ST\STM32CubeIDE_1.16.1\STM32CubeIDE\plugins\com.st.stm32cube.common.mx_6.13.0.202411220809\\db\/mcu/
2025-03-05 09:47:42,327 [INFO] ApiDb:274 - Set plugin database path to: C:\ST\STM32CubeIDE_1.16.1\STM32CubeIDE\plugins\com.st.stm32cube.common.mx_6.13.0.202411220809\\db\/plugins/boardmanager/
2025-03-05 09:47:42,327 [INFO] ApiDb:261 - Set plugin images path to: C:\ST\STM32CubeIDE_1.16.1\STM32CubeIDE\plugins\com.st.stm32cube.common.mx_6.13.0.202411220809\\db\/plugins/mcufinder/images/
2025-03-05 09:47:42,327 [WARN] DbFile:41 - Overriding database path with different value: C:\Users\Chinnapop\.stmcufinder\plugins\mcufinder/ => C:\Users\Chinnapop\.stmcufinder\plugins\mcufinder
2025-03-05 09:47:42,328 [INFO] ApiDb:250 - Set database path to: C:\Users\Chinnapop\.stmcufinder\plugins\mcufinder//mcu/
2025-03-05 09:47:42,328 [WARN] DbFile:41 - Overriding database path with different value: C:\Users\Chinnapop\.stmcufinder\plugins\mcufinder/ => C:\Users\Chinnapop\.stmcufinder\plugins\mcufinder
2025-03-05 09:47:42,328 [INFO] DbMcusAds:125 - Set database path to: C:\Users\Chinnapop\.stmcufinder\plugins\mcufinder//mcu/
2025-03-05 09:47:42,328 [WARN] DbFile:41 - Overriding database path with different value: C:\Users\Chinnapop\.stmcufinder\plugins\mcufinder/ => C:\Users\Chinnapop\.stmcufinder\plugins\mcufinder
2025-03-05 09:47:42,328 [WARN] DbFile:41 - Overriding database path with different value: C:\Users\Chinnapop\.stmcufinder\plugins\mcufinder/ => C:\Users\Chinnapop\.stmcufinder\plugins\mcufinder
2025-03-05 09:47:42,328 [INFO] CrossReferenceDbSqlite:203 - Set database path to: C:\Users\Chinnapop\.stmcufinder\plugins\mcufinder//mcu/cs/
2025-03-05 09:47:42,396 [INFO] MainPanel:272 - HeapMemory: 268435456
2025-03-05 09:47:42,491 [INFO] DbMcusXml:78 - Set database path to: C:\ST\STM32CubeIDE_1.16.1\STM32CubeIDE\plugins\com.st.stm32cube.common.mx_6.13.0.202411220809\\db\/mcu/
2025-03-05 09:47:42,491 [INFO] ApiDb:274 - Set plugin database path to: C:\ST\STM32CubeIDE_1.16.1\STM32CubeIDE\plugins\com.st.stm32cube.common.mx_6.13.0.202411220809\\db\/plugins/boardmanager/
2025-03-05 09:47:42,491 [INFO] ApiDb:261 - Set plugin images path to: C:\ST\STM32CubeIDE_1.16.1\STM32CubeIDE\plugins\com.st.stm32cube.common.mx_6.13.0.202411220809\\db\/plugins/mcufinder/images/
2025-03-05 09:47:42,492 [WARN] DbFile:41 - Overriding database path with different value: C:\Users\Chinnapop\.stmcufinder\plugins\mcufinder/ => C:\Users\Chinnapop\.stmcufinder\plugins\mcufinder
2025-03-05 09:47:42,492 [INFO] ApiDb:250 - Set database path to: C:\Users\Chinnapop\.stmcufinder\plugins\mcufinder//mcu/
2025-03-05 09:47:42,492 [WARN] DbFile:41 - Overriding database path with different value: C:\Users\Chinnapop\.stmcufinder\plugins\mcufinder/ => C:\Users\Chinnapop\.stmcufinder\plugins\mcufinder
2025-03-05 09:47:42,492 [INFO] DbMcusAds:125 - Set database path to: C:\Users\Chinnapop\.stmcufinder\plugins\mcufinder//mcu/
2025-03-05 09:47:42,493 [WARN] DbFile:41 - Overriding database path with different value: C:\Users\Chinnapop\.stmcufinder\plugins\mcufinder/ => C:\Users\Chinnapop\.stmcufinder\plugins\mcufinder
2025-03-05 09:47:42,493 [WARN] DbFile:41 - Overriding database path with different value: C:\Users\Chinnapop\.stmcufinder\plugins\mcufinder/ => C:\Users\Chinnapop\.stmcufinder\plugins\mcufinder
2025-03-05 09:47:42,493 [INFO] CrossReferenceDbSqlite:203 - Set database path to: C:\Users\Chinnapop\.stmcufinder\plugins\mcufinder//mcu/cs/
2025-03-05 09:47:42,514 [INFO] ApplicationProperties:184 - Using Application install path: C:\ST\STM32CubeIDE_1.16.1\STM32CubeIDE\plugins\com.st.stm32cube.common.mx_6.13.0.202411220809
2025-03-05 09:47:42,516 [INFO] PluginManage:196 - Search for loadable plugins [exclusion list=, ]
2025-03-05 09:47:42,517 [INFO] PluginManage:310 - Check plugin analytics
2025-03-05 09:47:42,683 [INFO] AnalyticsPlugin:253 - Accepted Software Licenses: 
2025-03-05 09:47:42,683 [INFO] AnalyticsPlugin:255 - Accepted CMSIS Pack Licenses: 
2025-03-05 09:47:42,683 [INFO] AnalyticsPlugin:257 - Accepted Firmware Licenses: FW.F7.1.17.0
2025-03-05 09:47:42,685 [INFO] PluginManage:359 - Loaded plugin analytics (category:tool,tabindex:-1)
2025-03-05 09:47:42,685 [INFO] PluginManage:310 - Check plugin cadmodel
2025-03-05 09:47:42,693 [INFO] CADModel:105 - Init CAD model plugin
2025-03-05 09:47:42,694 [INFO] PluginManage:359 - Loaded plugin cadmodel (category:power,tabindex:5)
2025-03-05 09:47:42,694 [INFO] PluginManage:310 - Check plugin clock
2025-03-05 09:47:42,707 [INFO] PluginManage:359 - Loaded plugin clock (category:base,tabindex:2)
2025-03-05 09:47:42,707 [INFO] PluginManage:310 - Check plugin ddr
2025-03-05 09:47:42,708 [INFO] PluginManage:359 - Loaded plugin ddr (category:tool,tabindex:6)
2025-03-05 09:47:42,709 [INFO] PluginManage:310 - Check plugin filemanager
2025-03-05 09:47:42,862 [INFO] PluginManage:359 - Loaded plugin filemanager (category:base,tabindex:10)
2025-03-05 09:47:42,862 [INFO] PluginManage:310 - Check plugin ipmanager
2025-03-05 09:47:42,876 [INFO] PluginManage:359 - Loaded plugin ipmanager (category:base,tabindex:5)
2025-03-05 09:47:42,876 [INFO] PluginManage:310 - Check plugin lpbam
2025-03-05 09:47:42,897 [INFO] PluginManage:359 - Loaded plugin lpbam (category:base,tabindex:0)
2025-03-05 09:47:42,897 [INFO] PluginManage:310 - Check plugin memorymap
2025-03-05 09:47:42,921 [INFO] PluginManage:359 - Loaded plugin memorymap (category:base,tabindex:4)
2025-03-05 09:47:42,921 [INFO] PluginManage:310 - Check plugin pinoutandconfiguration
2025-03-05 09:47:42,941 [INFO] PluginManage:359 - Loaded plugin pinoutandconfiguration (category:base,tabindex:1)
2025-03-05 09:47:42,941 [INFO] PluginManage:310 - Check plugin pinoutconfig
2025-03-05 09:47:43,041 [WARN] SupportedApi:132 - Cannot load RTOS API schema: s4s-elt-must-match.1: The content of 'definitions' must match (annotation?, (simpleType | complexType)?, (unique | key | keyref)*)). A problem was found starting at: attribute.
2025-03-05 09:47:43,170 [INFO] PluginManage:359 - Loaded plugin pinoutconfig (category:base,tabindex:0)
2025-03-05 09:47:43,170 [INFO] PluginManage:310 - Check plugin power
2025-03-05 09:47:43,183 [INFO] PluginManage:359 - Loaded plugin power (category:power,tabindex:4)
2025-03-05 09:47:43,183 [INFO] PluginManage:310 - Check plugin projectmanager
2025-03-05 09:47:43,199 [INFO] PluginManage:359 - Loaded plugin projectmanager (category:projectmanager,tabindex:4)
2025-03-05 09:47:43,199 [INFO] PluginManage:310 - Check plugin rif
2025-03-05 09:47:43,211 [INFO] PluginManage:359 - Loaded plugin rif (category:base,tabindex:3)
2025-03-05 09:47:43,211 [INFO] PluginManage:310 - Check plugin thirdparty
2025-03-05 09:47:43,368 [INFO] PluginManage:359 - Loaded plugin thirdparty (category:base,tabindex:-1)
2025-03-05 09:47:43,368 [INFO] PluginManage:310 - Check plugin tools
2025-03-05 09:47:43,368 [WARN] IntegrityCheckThread:84 - waiting for thirdparty lock release [integrity check]
2025-03-05 09:47:43,369 [INFO] IntegrityCheckThread:86 - entering critical section [integrity check]
2025-03-05 09:47:43,369 [INFO] ThirdPartyUpdaterWithRetryManager:70 - Updater plugin not ready yet. [1/15]
2025-03-05 09:47:43,377 [INFO] PluginManage:359 - Loaded plugin tools (category:base,tabindex:7)
2025-03-05 09:47:43,377 [INFO] PluginManage:310 - Check plugin tutovideos
2025-03-05 09:47:43,555 [INFO] PluginManage:359 - Loaded plugin tutovideos (category:base,tabindex:-1)
2025-03-05 09:47:43,555 [INFO] PluginManage:310 - Check plugin updater
2025-03-05 09:47:43,576 [INFO] PluginManage:359 - Loaded plugin updater (category:base,tabindex:12)
2025-03-05 09:47:43,576 [INFO] PluginManage:310 - Check plugin userauth
2025-03-05 09:47:43,581 [INFO] UserAuth:118 - Init User Auth plugin
2025-03-05 09:47:43,581 [INFO] PluginManage:359 - Loaded plugin userauth (category:base,tabindex:14)
2025-03-05 09:47:43,582 [INFO] PluginManage:283 - PluginManage : Loaded plugins [18]
2025-03-05 09:47:43,786 [INFO] PinOutPanel:1589 - setPackage(No Configuration,No Configuration)
2025-03-05 09:47:43,868 [INFO] CADModel:165 - CPN selected for project level
2025-03-05 09:47:43,868 [INFO] CADModel:114 - Register for checkConnection events
2025-03-05 09:47:43,891 [INFO] IPUIPlugin:80 - create IPUIPlugin
2025-03-05 09:47:43,891 [INFO] PluginManager:220 - loadIPPluginJar : add adc
2025-03-05 09:47:43,899 [INFO] IPUIPlugin:80 - create IPUIPlugin
2025-03-05 09:47:43,899 [INFO] PluginManager:220 - loadIPPluginJar : add aes
2025-03-05 09:47:43,906 [INFO] IPUIPlugin:80 - create IPUIPlugin
2025-03-05 09:47:43,907 [INFO] PluginManager:220 - loadIPPluginJar : add can
2025-03-05 09:47:43,914 [INFO] IPUIPlugin:80 - create IPUIPlugin
2025-03-05 09:47:43,914 [INFO] PluginManager:220 - loadIPPluginJar : add comp
2025-03-05 09:47:43,921 [INFO] IPUIPlugin:80 - create IPUIPlugin
2025-03-05 09:47:43,921 [INFO] PluginManager:220 - loadIPPluginJar : add cryp
2025-03-05 09:47:43,928 [INFO] IPUIPlugin:80 - create IPUIPlugin
2025-03-05 09:47:43,929 [INFO] PluginManager:220 - loadIPPluginJar : add ddr_ctrl_phy
2025-03-05 09:47:43,936 [INFO] IPUIPlugin:80 - create IPUIPlugin
2025-03-05 09:47:43,936 [INFO] PluginManager:220 - loadIPPluginJar : add dfsdm
2025-03-05 09:47:43,947 [INFO] IPUIPlugin:80 - create IPUIPlugin
2025-03-05 09:47:43,947 [INFO] PluginManager:220 - loadIPPluginJar : add dma
2025-03-05 09:47:43,955 [INFO] IPUIPlugin:80 - create IPUIPlugin
2025-03-05 09:47:43,956 [INFO] PluginManager:220 - loadIPPluginJar : add dma3
2025-03-05 09:47:43,963 [INFO] IPUIPlugin:80 - create IPUIPlugin
2025-03-05 09:47:43,963 [INFO] PluginManager:220 - loadIPPluginJar : add extmemmanager
2025-03-05 09:47:43,969 [INFO] IPUIPlugin:80 - create IPUIPlugin
2025-03-05 09:47:43,969 [INFO] PluginManager:220 - loadIPPluginJar : add fatfs
2025-03-05 09:47:43,978 [INFO] IPUIPlugin:80 - create IPUIPlugin
2025-03-05 09:47:43,978 [INFO] PluginManager:220 - loadIPPluginJar : add fmc
2025-03-05 09:47:43,989 [INFO] IPUIPlugin:80 - create IPUIPlugin
2025-03-05 09:47:43,989 [INFO] PluginManager:220 - loadIPPluginJar : add freertos
2025-03-05 09:47:43,995 [INFO] IPUIPlugin:80 - create IPUIPlugin
2025-03-05 09:47:43,995 [INFO] PluginManager:220 - loadIPPluginJar : add genericplugin
2025-03-05 09:47:44,002 [INFO] IPUIPlugin:80 - create IPUIPlugin
2025-03-05 09:47:44,002 [INFO] PluginManager:220 - loadIPPluginJar : add gfxmmu
2025-03-05 09:47:44,012 [INFO] IPUIPlugin:80 - create IPUIPlugin
2025-03-05 09:47:44,012 [INFO] PluginManager:220 - loadIPPluginJar : add gic
2025-03-05 09:47:44,021 [INFO] IPUIPlugin:80 - create IPUIPlugin
2025-03-05 09:47:44,021 [INFO] PluginManager:220 - loadIPPluginJar : add gpio
2025-03-05 09:47:44,028 [INFO] IPUIPlugin:80 - create IPUIPlugin
2025-03-05 09:47:44,028 [INFO] PluginManager:220 - loadIPPluginJar : add gtzc
2025-03-05 09:47:44,036 [INFO] IPUIPlugin:80 - create IPUIPlugin
2025-03-05 09:47:44,036 [INFO] PluginManager:220 - loadIPPluginJar : add hash
2025-03-05 09:47:44,043 [INFO] IPUIPlugin:80 - create IPUIPlugin
2025-03-05 09:47:44,043 [INFO] PluginManager:220 - loadIPPluginJar : add i2c
2025-03-05 09:47:44,050 [INFO] IPUIPlugin:80 - create IPUIPlugin
2025-03-05 09:47:44,050 [INFO] PluginManager:220 - loadIPPluginJar : add i2s
2025-03-05 09:47:44,060 [INFO] IPUIPlugin:80 - create IPUIPlugin
2025-03-05 09:47:44,060 [INFO] PluginManager:220 - loadIPPluginJar : add i3c
2025-03-05 09:47:44,071 [INFO] IPUIPlugin:80 - create IPUIPlugin
2025-03-05 09:47:44,071 [INFO] PluginManager:220 - loadIPPluginJar : add ipddr
2025-03-05 09:47:44,085 [INFO] IPUIPlugin:80 - create IPUIPlugin
2025-03-05 09:47:44,086 [INFO] PluginManager:220 - loadIPPluginJar : add linkedlist
2025-03-05 09:47:44,098 [INFO] IPUIPlugin:80 - create IPUIPlugin
2025-03-05 09:47:44,098 [INFO] PluginManager:220 - loadIPPluginJar : add lorawan
2025-03-05 09:47:44,107 [INFO] IPUIPlugin:80 - create IPUIPlugin
2025-03-05 09:47:44,107 [INFO] PluginManager:220 - loadIPPluginJar : add ltdc
2025-03-05 09:47:44,127 [INFO] IPUIPlugin:80 - create IPUIPlugin
2025-03-05 09:47:44,128 [INFO] PluginManager:220 - loadIPPluginJar : add mdma
2025-03-05 09:47:44,141 [INFO] IPUIPlugin:80 - create IPUIPlugin
2025-03-05 09:47:44,141 [INFO] PluginManager:220 - loadIPPluginJar : add nvic
2025-03-05 09:47:44,152 [INFO] IPUIPlugin:80 - create IPUIPlugin
2025-03-05 09:47:44,152 [INFO] PluginManager:220 - loadIPPluginJar : add opamp
2025-03-05 09:47:44,164 [INFO] IPUIPlugin:80 - create IPUIPlugin
2025-03-05 09:47:44,164 [INFO] PluginManager:220 - loadIPPluginJar : add openamp
2025-03-05 09:47:44,175 [INFO] IPUIPlugin:80 - create IPUIPlugin
2025-03-05 09:47:44,175 [INFO] PluginManager:220 - loadIPPluginJar : add pdm2pcm
2025-03-05 09:47:44,192 [INFO] IPUIPlugin:80 - create IPUIPlugin
2025-03-05 09:47:44,195 [INFO] PluginManager:220 - loadIPPluginJar : add plateformsettings
2025-03-05 09:47:44,206 [INFO] IPUIPlugin:80 - create IPUIPlugin
2025-03-05 09:47:44,206 [INFO] PluginManager:220 - loadIPPluginJar : add quadspi
2025-03-05 09:47:44,216 [INFO] IPUIPlugin:80 - create IPUIPlugin
2025-03-05 09:47:44,217 [INFO] PluginManager:220 - loadIPPluginJar : add radio
2025-03-05 09:47:44,231 [INFO] IPUIPlugin:80 - create IPUIPlugin
2025-03-05 09:47:44,231 [INFO] PluginManager:220 - loadIPPluginJar : add resmgrutility
2025-03-05 09:47:44,239 [INFO] IPUIPlugin:80 - create IPUIPlugin
2025-03-05 09:47:44,239 [INFO] PluginManager:220 - loadIPPluginJar : add sai
2025-03-05 09:47:44,247 [INFO] IPUIPlugin:80 - create IPUIPlugin
2025-03-05 09:47:44,247 [INFO] PluginManager:220 - loadIPPluginJar : add spi
2025-03-05 09:47:44,259 [INFO] IPUIPlugin:80 - create IPUIPlugin
2025-03-05 09:47:44,259 [INFO] PluginManager:220 - loadIPPluginJar : add stm32_wpan
2025-03-05 09:47:44,266 [INFO] IPUIPlugin:80 - create IPUIPlugin
2025-03-05 09:47:44,266 [INFO] PluginManager:220 - loadIPPluginJar : add tim
2025-03-05 09:47:44,273 [INFO] IPUIPlugin:80 - create IPUIPlugin
2025-03-05 09:47:44,273 [INFO] PluginManager:220 - loadIPPluginJar : add touchsensing
2025-03-05 09:47:44,279 [INFO] IPUIPlugin:80 - create IPUIPlugin
2025-03-05 09:47:44,279 [INFO] PluginManager:220 - loadIPPluginJar : add tracer_emb
2025-03-05 09:47:44,286 [INFO] IPUIPlugin:80 - create IPUIPlugin
2025-03-05 09:47:44,286 [INFO] PluginManager:220 - loadIPPluginJar : add ts
2025-03-05 09:47:44,291 [INFO] IPUIPlugin:80 - create IPUIPlugin
2025-03-05 09:47:44,292 [INFO] PluginManager:220 - loadIPPluginJar : add tsc
2025-03-05 09:47:44,299 [INFO] IPUIPlugin:80 - create IPUIPlugin
2025-03-05 09:47:44,299 [INFO] PluginManager:220 - loadIPPluginJar : add ucpd
2025-03-05 09:47:44,305 [INFO] IPUIPlugin:80 - create IPUIPlugin
2025-03-05 09:47:44,305 [INFO] PluginManager:220 - loadIPPluginJar : add usart
2025-03-05 09:47:44,313 [INFO] IPUIPlugin:80 - create IPUIPlugin
2025-03-05 09:47:44,313 [INFO] PluginManager:220 - loadIPPluginJar : add usbx
2025-03-05 09:47:44,443 [FATAL] Updater:351 - Updater called before beeing initialized
2025-03-05 09:47:44,490 [INFO] RulesReader:64 - Compatibility file has been processed (297 Rules)
2025-03-05 09:47:44,500 [INFO] RulesReader:64 - Compatibility file has been processed (297 Rules)
2025-03-05 09:47:44,515 [INFO] CADModel:165 - CPN selected for project level
2025-03-05 09:47:44,515 [INFO] CADModel:114 - Register for checkConnection events
2025-03-05 09:47:44,515 [FATAL] Updater:351 - Updater called before beeing initialized
2025-03-05 09:47:44,515 [ERROR] CADModel:125 - Updater not yet initialized, retry later 
2025-03-05 09:47:44,650 [FATAL] Updater:351 - Updater called before beeing initialized
2025-03-05 09:47:44,651 [INFO] CADModel:165 - CPN selected for project level
2025-03-05 09:47:44,652 [INFO] CADModel:114 - Register for checkConnection events
2025-03-05 09:47:44,652 [FATAL] Updater:351 - Updater called before beeing initialized
2025-03-05 09:47:44,652 [ERROR] CADModel:125 - Updater not yet initialized, retry later 
2025-03-05 09:47:44,655 [FATAL] Updater:351 - Updater called before beeing initialized
2025-03-05 09:47:44,769 [FATAL] Updater:351 - Updater called before beeing initialized
2025-03-05 09:47:44,773 [INFO] DbMcusAds:53 - JSON generation date=Tue Dec 17 23:01:15 ICT 2024 (1734451275143)
2025-03-05 09:47:44,773 [FATAL] Updater:351 - Updater called before beeing initialized
2025-03-05 09:47:44,804 [WARN] DetailPanel:346 - Failed to get advertising image, set to default
2025-03-05 09:47:45,004 [FATAL] Updater:351 - Updater called before beeing initialized
2025-03-05 09:47:45,005 [FATAL] Updater:351 - Updater called before beeing initialized
2025-03-05 09:47:45,006 [FATAL] Updater:351 - Updater called before beeing initialized
2025-03-05 09:47:45,006 [WARN] DetailPanel:346 - Failed to get advertising image, set to default
2025-03-05 09:47:45,007 [FATAL] Updater:351 - Updater called before beeing initialized
2025-03-05 09:47:45,068 [ERROR] Updater:1198 - MainUpdater not yet initialized. External WinMGr cannot be set.
2025-03-05 09:47:45,074 [INFO] Updater:1134 - Updater Version found : 6.13.0
2025-03-05 09:47:45,093 [INFO] ApplicationProperties:184 - Using Application install path: C:\ST\STM32CubeIDE_1.16.1\STM32CubeIDE\plugins\com.st.stm32cube.common.mx_6.13.0.202411220809
2025-03-05 09:47:46,372 [INFO] ThirdPartyUpdaterWithRetryManager:70 - Updater plugin not ready yet. [2/15]
2025-03-05 09:47:46,668 [ERROR] LogOutputStream:75 - [STDERR_REDIRECT] Mar 05, 2025 9:47:46 AM java.util.prefs.WindowsPreferences <init>
2025-03-05 09:47:46,670 [ERROR] LogOutputStream:75 - [STDERR_REDIRECT] WARNING: Could not open/create prefs root node Software\JavaSoft\Prefs at root 0xffffffff80000002. Windows RegCreateKeyEx(...) returned error code 5.
2025-03-05 09:47:46,670 [ERROR] LogOutputStream:75 - [STDERR_REDIRECT] 
2025-03-05 09:47:47,428 [INFO] MainUpdater:2872 - connection check result : 10
2025-03-05 09:47:47,428 [INFO] MainUpdater:289 - Updater Check For Update Now.
2025-03-05 09:47:47,429 [INFO] MicroXplorer:498 - Change Database Version : DB.6.0.130
2025-03-05 09:47:47,452 [INFO] McuFinderGlobals:63 - Set McuFinder mode to 2 (CubeIDE integrated)
2025-03-05 09:47:47,455 [INFO] UserAuth:486 - Internet connection configuration mode: 1
2025-03-05 09:47:47,509 [INFO] JxBrowserEngine:152 - Initiate JxBrowser Engine with user profile folder
2025-03-05 09:47:47,627 [INFO] CheckServerUpdateThread:120 - End of CheckServer Thread
2025-03-05 09:47:48,749 [INFO] WebApp:168 - Instantiating new browser for Auth
2025-03-05 09:47:49,529 [INFO] WebApp:449 - Apply proxy settings
2025-03-05 09:47:49,529 [INFO] WebApp:534 - Chromium requires no authentication
2025-03-05 09:47:49,536 [INFO] WebApp:477 - Direct internet connection detected
2025-03-05 09:47:49,555 [INFO] WebApp:880 - Register for checkConnection events
2025-03-05 09:47:49,555 [INFO] WebApp:449 - Apply proxy settings
2025-03-05 09:47:49,556 [INFO] WebApp:534 - Chromium requires no authentication
2025-03-05 09:47:49,556 [INFO] WebApp:477 - Direct internet connection detected
2025-03-05 09:47:49,639 [WARN] PackLoader:240 - Cannot read IP mode file for STMicroelectronics.FP-SNS-MOTENVWB1.1.4.0
2025-03-05 09:47:49,652 [WARN] PackLoader:240 - Cannot read IP mode file for STMicroelectronics.FP-ATR-ASTRA1.2.0.2
2025-03-05 09:47:49,656 [WARN] PackLoader:240 - Cannot read IP mode file for STMicroelectronics.FP-ATR-ASTRA1.2.0.1
2025-03-05 09:47:49,670 [WARN] PackLoader:240 - Cannot read IP mode file for STMicroelectronics.X-CUBE-SMBUS.2.1.0
2025-03-05 09:47:49,679 [WARN] PackLoader:240 - Cannot read IP mode file for STMicroelectronics.X-CUBE-WB05N.1.1.0
2025-03-05 09:47:49,725 [WARN] PackLoader:240 - Cannot read IP mode file for STMicroelectronics.X-CUBE-AZRTOS-F7.1.1.0
2025-03-05 09:47:49,817 [WARN] PackLoader:240 - Cannot read IP mode file for STMicroelectronics.X-CUBE-MEMS1.11.0.0
2025-03-05 09:47:49,939 [WARN] PackLoader:240 - Cannot read IP mode file for STMicroelectronics.FP-SNS-FLIGHT1.5.0.2
2025-03-05 09:47:49,950 [WARN] PackLoader:240 - Cannot read IP mode file for STMicroelectronics.X-CUBE-DISPLAY.3.0.0
2025-03-05 09:47:49,958 [WARN] PackLoader:240 - Cannot read IP mode file for STMicroelectronics.X-CUBE-BLE1.7.0.0
2025-03-05 09:47:49,964 [WARN] PackLoader:240 - Cannot read IP mode file for STMicroelectronics.X-CUBE-NFC10.1.0.0
2025-03-05 09:47:49,974 [WARN] PackLoader:240 - Cannot read IP mode file for STMicroelectronics.X-CUBE-BLEMGR.4.0.0
2025-03-05 09:47:49,979 [INFO] WebApp:187 - Connection restablished
2025-03-05 09:47:49,982 [WARN] PackLoader:240 - Cannot read IP mode file for emotas.I-CUBE-CANOPEN.1.3.0
2025-03-05 09:47:49,988 [WARN] PackLoader:240 - Cannot read IP mode file for STMicroelectronics.X-CUBE-BLEMGR.3.1.0
2025-03-05 09:47:49,994 [WARN] PackLoader:240 - Cannot read IP mode file for STMicroelectronics.X-CUBE-AI.10.0.0
2025-03-05 09:47:49,999 [WARN] PackLoader:240 - Cannot read IP mode file for STMicroelectronics.FP-SNS-SMARTAG2.1.2.0
2025-03-05 09:47:50,028 [WARN] PackLoader:240 - Cannot read IP mode file for STMicroelectronics.X-CUBE-MEMS1.11.1.0
2025-03-05 09:47:50,163 [INFO] LogOutputStream:77 - [STDOUT_REDIRECT] 1 : Invalid condition id : UX_CORESTACK_Condition cause : null
2025-03-05 09:47:50,165 [INFO] LogOutputStream:77 - [STDOUT_REDIRECT] 1 : Invalid condition id : UX_CORESTACK_Condition cause : null
2025-03-05 09:47:50,168 [INFO] LogOutputStream:77 - [STDOUT_REDIRECT] 1 : Invalid condition id : UX_CORESTACK_Condition cause : null
2025-03-05 09:47:50,170 [INFO] LogOutputStream:77 - [STDOUT_REDIRECT] 1 : Invalid condition id : UX_CORESTACK_Condition cause : null
2025-03-05 09:47:50,172 [INFO] LogOutputStream:77 - [STDOUT_REDIRECT] 1 : Invalid condition id : UX_CORESTACK_Condition cause : null
2025-03-05 09:47:50,175 [WARN] PackLoader:240 - Cannot read IP mode file for STMicroelectronics.X-CUBE-AZRTOS-WL.2.0.0
2025-03-05 09:47:50,180 [WARN] PackLoader:240 - Cannot read IP mode file for STMicroelectronics.FP-SNS-MOTENV1.5.0.0
2025-03-05 09:47:50,186 [WARN] PackLoader:240 - Cannot read IP mode file for wolfSSL.I-CUBE-wolfMQTT.1.19.0
2025-03-05 09:47:50,202 [WARN] PackLoader:240 - Cannot read IP mode file for WES.I-CUBE-Cesium.1.3.0
2025-03-05 09:47:50,207 [WARN] PackLoader:240 - Cannot read IP mode file for STMicroelectronics.X-CUBE-BLE2.3.3.0
2025-03-05 09:47:50,213 [WARN] PackLoader:240 - Cannot read IP mode file for STMicroelectronics.X-CUBE-NFC9.1.0.0
2025-03-05 09:47:50,220 [WARN] PackLoader:240 - Cannot read IP mode file for STMicroelectronics.X-CUBE-BLE1.7.1.0
2025-03-05 09:47:50,225 [WARN] PackLoader:240 - Cannot read IP mode file for STMicroelectronics.X-CUBE-TCPP.4.1.0
2025-03-05 09:47:50,252 [WARN] PackLoader:240 - Cannot read IP mode file for STMicroelectronics.X-CUBE-AZRTOS-G0.1.1.0
2025-03-05 09:47:50,264 [WARN] PackLoader:240 - Cannot read IP mode file for STMicroelectronics.X-CUBE-SAFEA1.1.2.2
2025-03-05 09:47:50,274 [WARN] PackLoader:240 - Cannot read IP mode file for STMicroelectronics.X-CUBE-NFC4.3.0.0
2025-03-05 09:47:50,287 [WARN] PackLoader:240 - Cannot read IP mode file for EmbeddedOffice.I-CUBE-FS-RTOS.1.0.1
2025-03-05 09:47:50,295 [WARN] PackLoader:240 - Cannot read IP mode file for STMicroelectronics.X-CUBE-TCPP.4.2.0
2025-03-05 09:47:50,342 [WARN] PackLoader:240 - Cannot read IP mode file for RealThread.X-CUBE-RT-Thread_Nano.4.1.1
2025-03-05 09:47:50,351 [WARN] PackLoader:240 - Cannot read IP mode file for STMicroelectronics.FP-ATR-SIGFOX1.3.2.0
2025-03-05 09:47:50,360 [WARN] ConditionMgr:438 - getConditionDescription Invalid condition id : Cortex-A Device cause : null
2025-03-05 09:47:50,399 [WARN] ConditionMgr:1044 - genDependencies : Invalid condition id : Cortex-A Device cause : null
2025-03-05 09:47:50,399 [WARN] ConditionMgr:1044 - genDependencies : Invalid condition id : Cortex-A Device cause : null
2025-03-05 09:47:50,399 [WARN] ConditionMgr:1044 - genDependencies : Invalid condition id : Cortex-A Device cause : null
2025-03-05 09:47:50,406 [WARN] PackLoader:240 - Cannot read IP mode file for STMicroelectronics.X-CUBE-EEPRMA1.5.1.0
2025-03-05 09:47:50,412 [WARN] PackLoader:240 - Cannot read IP mode file for wolfSSL.I-CUBE-wolfSSL.5.7.4
2025-03-05 09:47:50,418 [WARN] PackLoader:240 - Cannot read IP mode file for ITTIA_DB.I-CUBE-ITTIADB.8.9.0
2025-03-05 09:47:50,447 [WARN] PackLoader:240 - Cannot read IP mode file for SEGGER.I-CUBE-embOS.1.3.1
2025-03-05 09:47:50,479 [WARN] PackLoader:240 - Cannot read IP mode file for STMicroelectronics.X-CUBE-ALGOBUILD.1.4.0
2025-03-05 09:47:50,484 [WARN] PackLoader:240 - Cannot read IP mode file for STMicroelectronics.X-CUBE-AI.9.1.0
2025-03-05 09:47:50,507 [WARN] PackLoader:240 - Cannot read IP mode file for STMicroelectronics.X-CUBE-AZRTOS-F4.1.1.0
2025-03-05 09:47:50,513 [WARN] PackLoader:240 - Cannot read IP mode file for STMicroelectronics.X-CUBE-ISPU.2.1.0
2025-03-05 09:47:50,518 [WARN] PackLoader:240 - Cannot read IP mode file for STMicroelectronics.X-CUBE-FREERTOS.1.2.0
2025-03-05 09:47:50,530 [WARN] PackLoader:240 - Cannot read IP mode file for STMicroelectronics.X-CUBE-AZRTOS-L5.2.0.0
2025-03-05 09:47:50,538 [WARN] PackLoader:240 - Cannot read IP mode file for STMicroelectronics.X-CUBE-NFC6.3.1.0
2025-03-05 09:47:50,544 [WARN] PackLoader:240 - Cannot read IP mode file for STMicroelectronics.X-CUBE-DPower.1.2.0
2025-03-05 09:47:50,548 [WARN] PackLoader:240 - Cannot read IP mode file for STMicroelectronics.X-CUBE-FREERTOS.1.3.0
2025-03-05 09:47:50,555 [WARN] PackLoader:240 - Cannot read IP mode file for STMicroelectronics.X-CUBE-NFC7.1.0.1
2025-03-05 09:47:50,569 [WARN] ConditionMgr:438 - getConditionDescription Invalid condition id : LAN8742 Phy interface Condition cause : null
2025-03-05 09:47:50,570 [WARN] PackLoader:240 - Cannot read IP mode file for STMicroelectronics.X-CUBE-AZRTOS-L4.2.0.0
2025-03-05 09:47:50,571 [WARN] ConditionMgr:1044 - genDependencies : Invalid condition id : LAN8742 Phy interface Condition cause : null
2025-03-05 09:47:50,571 [WARN] ConditionMgr:1044 - genDependencies : Invalid condition id : LAN8742 Phy interface Condition cause : null
2025-03-05 09:47:50,572 [WARN] ConditionMgr:1044 - genDependencies : Invalid condition id : LAN8742 Phy interface Condition cause : null
2025-03-05 09:47:50,580 [WARN] PackLoader:240 - Cannot read IP mode file for STMicroelectronics.X-CUBE-SFXS2LP1.4.0.0
2025-03-05 09:47:50,594 [WARN] PackLoader:240 - Cannot read IP mode file for STMicroelectronics.X-CUBE-AZRTOS-H7.3.3.0
2025-03-05 09:47:50,604 [WARN] PackLoader:240 - Cannot read IP mode file for STMicroelectronics.X-CUBE-IPS.3.0.0
2025-03-05 09:47:50,616 [WARN] ConditionMgr:438 - getConditionDescription Invalid condition id : UX DEVICE CLASS RTOS Condition cause : null
2025-03-05 09:47:50,616 [WARN] ConditionMgr:438 - getConditionDescription Invalid condition id : UX DEVICE CLASS RTOS Condition cause : null
2025-03-05 09:47:50,617 [WARN] PackLoader:240 - Cannot read IP mode file for STMicroelectronics.X-CUBE-AZRTOS-WB.2.0.0
2025-03-05 09:47:50,617 [WARN] ConditionMgr:1044 - genDependencies : Invalid condition id : UX DEVICE CLASS RTOS Condition cause : null
2025-03-05 09:47:50,618 [WARN] ConditionMgr:1044 - genDependencies : Invalid condition id : UX DEVICE CLASS RTOS Condition cause : null
2025-03-05 09:47:50,618 [WARN] ConditionMgr:1044 - genDependencies : Invalid condition id : UX DEVICE CLASS RTOS Condition cause : null
2025-03-05 09:47:50,618 [WARN] ConditionMgr:1044 - genDependencies : Invalid condition id : UX DEVICE CLASS RTOS Condition cause : null
2025-03-05 09:47:50,618 [WARN] ConditionMgr:1044 - genDependencies : Invalid condition id : UX DEVICE CLASS RTOS Condition cause : null
2025-03-05 09:47:50,624 [WARN] PackLoader:240 - Cannot read IP mode file for STMicroelectronics.X-CUBE-GNSS1.7.0.0
2025-03-05 09:47:50,630 [WARN] PackLoader:240 - Cannot read IP mode file for STMicroelectronics.X-CUBE-GNSS1.7.0.1
2025-03-05 09:47:50,637 [WARN] PackLoader:240 - Cannot read IP mode file for STMicroelectronics.FP-SNS-STBOX1.2.0.0
2025-03-05 09:47:50,646 [WARN] PackLoader:240 - Cannot read IP mode file for STMicroelectronics.X-CUBE-SUBG2.5.0.0
2025-03-05 09:47:50,655 [WARN] PackLoader:240 - Cannot read IP mode file for Cesanta.I-CUBE-Mongoose.7.13.0
2025-03-05 09:47:50,664 [WARN] PackLoader:240 - Cannot read IP mode file for STMicroelectronics.X-CUBE-AZRTOS-G4.2.0.0
2025-03-05 09:47:50,674 [WARN] PackLoader:240 - Cannot read IP mode file for STMicroelectronics.X-CUBE-IPS.3.1.0
2025-03-05 09:47:50,683 [WARN] PackLoader:240 - Cannot read IP mode file for STMicroelectronics.X-CUBE-ALS.1.0.2
2025-03-05 09:47:50,694 [WARN] PackLoader:240 - Cannot read IP mode file for STMicroelectronics.X-CUBE-TOUCHGFX.4.24.2
2025-03-05 09:47:50,700 [WARN] PackLoader:240 - Cannot read IP mode file for STMicroelectronics.X-CUBE-TOUCHGFX.4.24.1
2025-03-05 09:47:50,707 [WARN] PackLoader:240 - Cannot read IP mode file for wolfSSL.I-CUBE-wolfTPM.3.4.0
2025-03-05 09:47:50,714 [WARN] PackLoader:240 - Cannot read IP mode file for portGmbH.I-Cube-SoM-uGOAL.1.1.0
2025-03-05 09:47:50,740 [WARN] PackLoader:240 - Cannot read IP mode file for STMicroelectronics.X-CUBE-AZRTOS-H7RS.1.0.0
2025-03-05 09:47:50,747 [WARN] PackLoader:240 - Cannot read IP mode file for STMicroelectronics.FP-ATR-ASTRA1.2.0.0
2025-03-05 09:47:50,756 [WARN] PackLoader:240 - Cannot read IP mode file for STMicroelectronics.X-CUBE-TOF1.3.4.2
2025-03-05 09:47:50,777 [WARN] PackLoader:240 - Cannot read IP mode file for Infineon.AIROC-Wi-Fi-Bluetooth-STM32.1.6.1
2025-03-05 09:47:50,786 [WARN] PackLoader:240 - Cannot read IP mode file for wolfSSL.I-CUBE-wolfSSH.1.4.17
2025-03-05 09:47:50,786 [INFO] ThirdParty:978 - Integrity check success = true
2025-03-05 09:47:50,786 [INFO] IntegrityCheckThread:100 - exiting critical section [integrity check]
2025-03-05 09:47:50,786 [INFO] IntegrityCheckThread:103 - End integrity checks thread
2025-03-05 09:47:51,070 [INFO] WebApp:221 - Starting web application
2025-03-05 09:47:51,070 [INFO] WebApp:579 - Web application path used C:\ST\STM32CubeIDE_1.16.1\STM32CubeIDE\plugins\com.st.stm32cube.common.mx_6.13.0.202411220809\db\plugins\mcufinder\reactClient1\index.html
2025-03-05 09:47:51,410 [INFO] UserAuth:486 - Internet connection configuration mode: 1
2025-03-05 09:51:01,810 [INFO] McuFinderGlobals:63 - Set McuFinder mode to 2 (CubeIDE integrated)
2025-03-05 09:51:01,847 [INFO] MainUpdater:2872 - connection check result : 10
2025-03-05 09:51:01,856 [INFO] MainUpdater:2872 - connection check result : 10
2025-03-05 09:51:02,137 [INFO] MicroXplorer:468 - Change Database Path : 
2025-03-05 09:51:02,137 [INFO] MicroXplorer:498 - Change Database Version : DB.6.0.130
2025-03-05 09:51:02,148 [WARN] ThirdParty:871 - waiting for thirdparty lock release [close project]
2025-03-05 09:51:02,148 [INFO] ThirdParty:873 - entering critical section [close project]
2025-03-05 09:51:02,152 [INFO] ThirdParty:883 - exiting critical section [close project]
2025-03-05 09:51:02,160 [INFO] PinOutPanel:1589 - setPackage(No Configuration,No Configuration)
2025-03-05 09:51:02,176 [INFO] UtilMem:75 - Begin LoadConfig() Used Memory: 739198616 Bytes (1073741824)
2025-03-05 09:51:03,734 [INFO] MicroXplorer:468 - Change Database Path : 
2025-03-05 09:51:03,734 [INFO] MicroXplorer:498 - Change Database Version : DB.6.0.130
2025-03-05 09:51:03,735 [INFO] OpenFileManager:332 - Change cursor
2025-03-05 09:51:03,820 [INFO] Mcu:2035 - Initializing MCU STM32F767ZGTx STM32F767ZGTx STM32F767ZGT6
2025-03-05 09:51:06,844 [INFO] Context:748 - Trying to add GPIOservice into a context  which must be forbidden
2025-03-05 09:51:07,867 [INFO] RtosManager:555 - Registered RTOS mode: class=CMSIS, group=RTOS, mode=CMSIS_V1, owner=FREERTOS
2025-03-05 09:51:07,867 [INFO] RtosManager:555 - Registered RTOS mode: class=CMSIS, group=RTOS2, mode=CMSIS_V2, owner=FREERTOS
2025-03-05 09:51:07,867 [INFO] RtosManager:555 - Registered RTOS mode: class=RTOS, group=Core, mode=CMSIS_V1, owner=FREERTOS
2025-03-05 09:51:07,867 [INFO] RtosManager:555 - Registered RTOS mode: class=RTOS, group=Core, mode=CMSIS_V2, owner=FREERTOS
2025-03-05 09:51:07,867 [WARN] ModelIntegratedComponent:184 - Missing modes for component STMicroelectronics:FreeRTOS:0.0.1:STMicroelectronics:RTOS:FreeRTOS:Core:::10.2.0:
2025-03-05 09:51:07,890 [WARN] ModelIntegratedComponent:63 - No mode defined for component null
2025-03-05 09:51:07,890 [WARN] ModelIntegratedComponent:63 - No mode defined for component null
2025-03-05 09:51:07,890 [WARN] ModelIntegratedComponent:63 - No mode defined for component null
2025-03-05 09:51:07,890 [WARN] ModelIntegratedComponent:63 - No mode defined for component null
2025-03-05 09:51:07,890 [WARN] ModelIntegratedComponent:63 - No mode defined for component null
2025-03-05 09:51:07,890 [WARN] ModelIntegratedComponent:63 - No mode defined for component null
2025-03-05 09:51:07,891 [WARN] ModelIntegratedComponent:63 - No mode defined for component null
2025-03-05 09:51:07,891 [WARN] ModelIntegratedComponent:63 - No mode defined for component null
2025-03-05 09:51:07,891 [WARN] ModelIntegratedComponent:63 - No mode defined for component null
2025-03-05 09:51:07,891 [WARN] ModelIntegratedComponent:63 - No mode defined for component null
2025-03-05 09:51:07,891 [WARN] ModelIntegratedComponent:63 - No mode defined for component null
2025-03-05 09:51:07,891 [WARN] ModelIntegratedComponent:63 - No mode defined for component null
2025-03-05 09:51:07,891 [WARN] ModelIntegratedComponent:63 - No mode defined for component null
2025-03-05 09:51:07,891 [WARN] ModelIntegratedComponent:63 - No mode defined for component null
2025-03-05 09:51:07,891 [WARN] ModelIntegratedComponent:63 - No mode defined for component null
2025-03-05 09:51:07,891 [WARN] ModelIntegratedComponent:63 - No mode defined for component null
2025-03-05 09:51:07,891 [WARN] ModelIntegratedComponent:63 - No mode defined for component null
2025-03-05 09:51:07,891 [WARN] ModelIntegratedComponent:63 - No mode defined for component null
2025-03-05 09:51:07,891 [WARN] ModelIntegratedComponent:63 - No mode defined for component null
2025-03-05 09:51:07,891 [WARN] ModelIntegratedComponent:63 - No mode defined for component null
2025-03-05 09:51:07,891 [WARN] ModelIntegratedComponent:63 - No mode defined for component null
2025-03-05 09:51:07,891 [WARN] ModelIntegratedComponent:63 - No mode defined for component null
2025-03-05 09:51:07,891 [WARN] ModelIntegratedComponent:63 - No mode defined for component null
2025-03-05 09:51:07,891 [WARN] ModelIntegratedComponent:63 - No mode defined for component null
2025-03-05 09:51:07,891 [WARN] ModelIntegratedComponent:63 - No mode defined for component null
2025-03-05 09:51:07,891 [WARN] ModelIntegratedComponent:63 - No mode defined for component null
2025-03-05 09:51:07,892 [WARN] ModelIntegratedComponent:63 - No mode defined for component null
2025-03-05 09:51:07,892 [WARN] ModelIntegratedComponent:63 - No mode defined for component null
2025-03-05 09:51:07,892 [WARN] ModelIntegratedComponent:63 - No mode defined for component null
2025-03-05 09:51:07,892 [WARN] ModelIntegratedComponent:63 - No mode defined for component null
2025-03-05 09:51:07,892 [WARN] ModelIntegratedComponent:63 - No mode defined for component null
2025-03-05 09:51:07,892 [WARN] ModelIntegratedComponent:63 - No mode defined for component null
2025-03-05 09:51:07,892 [WARN] ModelIntegratedComponent:63 - No mode defined for component null
2025-03-05 09:51:07,892 [WARN] ModelIntegratedComponent:63 - No mode defined for component null
2025-03-05 09:51:07,892 [WARN] ModelIntegratedComponent:63 - No mode defined for component null
2025-03-05 09:51:07,892 [WARN] ModelPack:524 - Component already loaded: STMicroelectronics:HAL Drivers:0.0.0:STMicroelectronics:Device:STMicro_Driver:XSPI:HAL::0.0.1:HAL_XSPI
2025-03-05 09:51:08,023 [INFO] ThirdPartyModel:298 - Start build external matchings
2025-03-05 09:51:08,564 [INFO] ThirdPartyModel:316 - End build external matchings
2025-03-05 09:51:08,592 [INFO] ImportTextPane:218 - (OptionalMessage_ERROR) IP (RCC) : Invalid parameter (FamilyName)
2025-03-05 09:51:08,594 [INFO] ImportTextPane:218 - (OptionalMessage_ERROR) IP (RCC) : Parameter (RNGFreq_Value) has invalid value (128000000)
2025-03-05 09:51:08,594 [INFO] ImportTextPane:218 - (OptionalMessage_ERROR) IP (RCC) : Parameter (SDMMC2Freq_Value) has invalid value (128000000)
2025-03-05 09:51:08,594 [INFO] ImportTextPane:218 - (OptionalMessage_ERROR) IP (RCC) : Parameter (SDMMCFreq_Value) has invalid value (128000000)
2025-03-05 09:51:08,594 [INFO] ImportTextPane:218 - (OptionalMessage_ERROR) IP (RCC) : Parameter (USBFreq_Value) has invalid value (128000000)
2025-03-05 09:51:10,191 [INFO] ApiDb:581 - Connected to CubeFinder SQLite database (C:\Users\Chinnapop\.stmcufinder\plugins\mcufinder\mcu\cube-finder-db.db)
2025-03-05 09:51:10,297 [INFO] ApiDb:668 - CubeFinder database Data Model version=2.1
2025-03-05 09:51:10,297 [INFO] ApiDb:669 - CubeFinder database Configuration version=3.0.39
2025-03-05 09:51:10,297 [INFO] ApiDb:670 - CubeFinder database generation date=2025-02-07 (1738919966)
2025-03-05 09:51:10,298 [INFO] ApiDb:671 - CubeFinder database FW Pack versions=[FP-ATR-ASTRA1_V2.0.0, FP-SNS-FLIGHT1_V5.0.2, FP-SNS-MOTENV1_V5.0.0, FP-SNS-MOTENVWB1_V1.4.0, FP-SNS-SMARTAG2_V1.2.0, FP-SNS-STBOX1_V2.0.0, STM32Cube_FW_C0_V1.3.0, STM32Cube_FW_F4_V1.28.1, STM32Cube_FW_F7_V1.17.2, STM32Cube_FW_G0_V1.6.2, STM32Cube_FW_G4_V1.6.1, STM32Cube_FW_H5_V1.4.0, STM32Cube_FW_H7RS_V1.1.0, STM32Cube_FW_H7_V1.12.0, STM32Cube_FW_L0_V1.12.2, STM32Cube_FW_L4_V1.18.1, STM32Cube_FW_L5_V1.5.1, STM32Cube_FW_N6_V1.0.0, STM32Cube_FW_U0_V1.2.0, STM32Cube_FW_U3_V1.0.0, STM32Cube_FW_U5_V1.7.0, STM32Cube_FW_WB0_V1.1.0, STM32Cube_FW_WBA_V1.5.0, STM32Cube_FW_WB_V1.21.0, STM32Cube_FW_WL3_V1.0.0, STM32Cube_FW_WL_V1.3.0, X-CUBE-ALGOBUILD_V1.4.0, X-CUBE-ALS_V1.0.2, X-CUBE-AZRTOS-F4_V1.1.0, X-CUBE-AZRTOS-F7_V1.1.0, X-CUBE-AZRTOS-G0_V1.1.0, X-CUBE-AZRTOS-G4_V2.0.0, X-CUBE-AZRTOS-H7RS_V1.0.0, X-CUBE-AZRTOS-H7_V3.3.0, X-CUBE-AZRTOS-L4_V2.0.0, X-CUBE-AZRTOS-L5_V2.0.0, X-CUBE-AZRTOS-WB_V2.0.0, X-CUBE-AZRTOS-WL_V2.0.0, X-CUBE-BLE1_V7.0.0, X-CUBE-BLE2_V3.3.0, X-CUBE-BLEMGR_V4.0.0, X-CUBE-EEPRMA1_V5.1.0, X-CUBE-FREERTOS_V1.2.0, X-CUBE-GNSS1_V6.0.0, X-CUBE-MEMS1_V11.1.0, X-CUBE-NFC4_V3.0.0, X-CUBE-NFC7_V1.0.1, X-CUBE-SFXS2LP1_V4.0.0, X-CUBE-SUBG2_V5.0.0, X-CUBE-TOF1_V3.4.2]
2025-03-05 09:51:10,447 [INFO] DbBoardsSqlite:226 - include board P-NUCLEO-WB55-NUCLEO as a kit item of type 'Nucleo-64'
2025-03-05 09:51:10,447 [INFO] DbBoardsSqlite:226 - include board P-NUCLEO-WB55-USBDONGLE as a kit item of type 'Nucleo USB Dongle'
2025-03-05 09:51:10,448 [INFO] DbBoardsSqlite:226 - include board STEVAL-IDP005V1 as a kit item of type 'Evaluation Board'
2025-03-05 09:51:10,448 [INFO] DbBoardsSqlite:226 - include board STEVAL-IDP005V2 as a kit item of type 'Evaluation Board'
2025-03-05 09:51:10,890 [INFO] ApiDb:240 - Found 858 in-development CPN: [B-G473E-ZEST1S, B-WB1M-WPAN1, B-WBA5M-WPAN, B-WL5M-SUBG1, NUCLEO-C031C6, NUCLEO-C051C8, NUCLEO-C071RB, NUCLEO-C092RC, NUCLEO-H503RB, NUCLEO-H533RE, NUCLEO-H563ZI, NUCLEO-H7S3L8, NUCLEO-N657X0-Q, NUCLEO-U031R8, NUCLEO-U083RC, NUCLEO-U385RG-Q, NUCLEO-U545RE-Q, NUCLEO-U5A5ZJ-Q, NUCLEO-WB05KZ, NUCLEO-WB07CC, NUCLEO-WB09KE, NUCLEO-WBA52CG, NUCLEO-WBA55CG, NUCLEO-WL33CC1, NUCLEO-WL33CC2, STEVAL-PROTEUS1, STEVAL-SMARTAG2, STEVAL-STWINBX1, STM320518-EVAL, STM32C0116-DK, STM32C011D6Y3TR, STM32C011D6Y6TR, STM32C011F4P3, STM32C011F4P6, STM32C011F4U3, STM32C011F4U6TR, STM32C011F6P3, STM32C011F6P6, STM32C011F6U3, STM32C011F6U6TR, STM32C011J4M3, STM32C011J4M6, STM32C011J6M3, STM32C011J6M6, STM32C0316-DK, STM32C031C4T3, STM32C031C4T6, STM32C031C4U3, STM32C031C4U6, STM32C031C6T3, STM32C031C6T6, STM32C031C6U3, STM32C031C6U6, STM32C031F4P3, STM32C031F4P6, STM32C031F6P3, STM32C031F6P6, STM32C031G4U3, STM32C031G4U6, STM32C031G6U3, STM32C031G6U6, STM32C031K4T3, STM32C031K4T6, STM32C031K4U3, STM32C031K4U6, STM32C031K6T3, STM32C031K6T6, STM32C031K6U3, STM32C031K6U6, STM32C051C6T6, STM32C051C6U6, STM32C051C8T6, STM32C051C8U6, STM32C051D8Y6TR, STM32C051F6P6, STM32C051F8P6, STM32C051G6U6, STM32C051G8U6, STM32C051K6T6, STM32C051K6U6, STM32C051K8T6, STM32C071C8T6, STM32C071C8T6N, STM32C071C8U6, STM32C071C8U6N, STM32C071CBT6, STM32C071CBT6N, STM32C071CBU6, STM32C071CBU6N, STM32C071F8P6, STM32C071F8P6N, STM32C071FBP6, STM32C071FBP6N, STM32C071FBY6TR, STM32C071G8U6, STM32C071G8U6N, STM32C071GBU6, STM32C071GBU6N, STM32C071K8T6, STM32C071K8T6N, STM32C071K8U6, STM32C071K8U6N, STM32C071KBT6, STM32C071KBT6N, STM32C071KBU6, STM32C071KBU6N, STM32C071R8T6, STM32C071R8T6N, STM32C071RBI6N, STM32C071RBT6, STM32C071RBT6N, STM32C091CBT6, STM32C091CBU6, STM32C091CCT6, STM32C091CCU6, STM32C091ECY6TR, STM32C091FBP6, STM32C091FCP6, STM32C091GBU6, STM32C091GCU6, STM32C091KBT6, STM32C091KBU6, STM32C091KCT6, STM32C091KCU6, STM32C091RBT6, STM32C091RCI6, STM32C091RCT6, STM32C092CBT6, STM32C092CBU6, STM32C092CCT6, STM32C092CCU6, STM32C092ECY6TR, STM32C092FBP6, STM32C092FCP6, STM32C092GBU6, STM32C092GCU6, STM32C092KBT6, STM32C092KBU6, STM32C092KCT6, STM32C092KCU6, STM32C092RBT6, STM32C092RCI6, STM32C092RCT6, STM32G071K8TXN, STM32G071K8UXN, STM32G081GBU6N, STM32G081KBT6N, STM32G081KBUXN, STM32G0B1CCT6N, STM32G0B1KCT6, STM32G0B1NEY6TR, STM32G0B1RCT6N, STM32G0C1CCT6, STM32G0C1CCT6N, STM32G0C1CCU6N, STM32G0C1CET6N, STM32G0C1CEU6N, STM32G0C1KCT6, STM32G0C1NEY6TR, STM32G0C1RCI6N, STM32G0C1RCT6N, STM32G0C1REI6N, STM32G0C1RET6N, STM32G0C1VCI6, STM32G0C1VEI6, STM32G411C6T3, STM32G411C6T6, STM32G411C6U3, STM32G411C6U6, STM32G411C8T3, STM32G411C8T6, STM32G411C8U3, STM32G411C8U6, STM32G411CBT3, STM32G411CBT6, STM32G411CBU3, STM32G411CBU6, STM32G411CCT3, STM32G411CCT6, STM32G411CCU3, STM32G411CCU6, STM32G411K6T3, STM32G411K6T6, STM32G411K6U3, STM32G411K6U6, STM32G411K8T3, STM32G411K8T6, STM32G411K8U3, STM32G411K8U6, STM32G411KBT3, STM32G411KBT6, STM32G411KBU3, STM32G411KBU6, STM32G411M6T3, STM32G411M6T6, STM32G411M8T3, STM32G411M8T6, STM32G411MBT3, STM32G411MBT6, STM32G411MCT3, STM32G411MCT6, STM32G411R6T3, STM32G411R6T6, STM32G411R8T3, STM32G411R8T6, STM32G411RBT3, STM32G411RBT6, STM32G411RCT3, STM32G411RCT6, STM32G414CBT3, STM32G414CBT6, STM32G414CBU3, STM32G414CBU6, STM32G414CCT3, STM32G414CCT6, STM32G414CCU3, STM32G414CCU6, STM32G414MBT3, STM32G414MBT6, STM32G414MCT3, STM32G414MCT6, STM32G414RBT3, STM32G414RBT6, STM32G414RCT3, STM32G414RCT6, STM32G414VBT3, STM32G414VBT6, STM32G414VCT3, STM32G414VCT6, STM32G431CBT3Z, STM32G431RBT3Z, STM32G471CCT6, STM32G471CCU6, STM32G471CET3, STM32G471CET6, STM32G471CEU3, STM32G471CEU6, STM32G471MCT6, STM32G471MET3, STM32G471MET6, STM32G471MEY6TR, STM32G471QCT6, STM32G471QET3, STM32G471RCT6, STM32G471RET3, STM32G471RET6, STM32G471VCH6, STM32G471VCI6, STM32G471VCT6, STM32G471VEH3, STM32G471VEH6, STM32G471VEI3, STM32G471VEI6, STM32G471VET3, STM32G471VET6, STM32G473QET3Z, STM32G473RET3Z, STM32G474CCT6, STM32G491RET3Z, STM32H503CBT6, STM32H503CBU6, STM32H503EBY6TR, STM32H503KBU6, STM32H503RBT6, STM32H523CCT6, STM32H523CCU6, STM32H523CET6, STM32H523CEU6, STM32H523HEY6TR, STM32H523RCT6, STM32H523RET6, STM32H523VCI6, STM32H523VCT6, STM32H523VEI6, STM32H523VET6, STM32H523ZCJ6, STM32H523ZCT6, STM32H523ZEJ6, STM32H523ZET6, STM32H533CET6, STM32H533CEU6, STM32H533HEY6TR, STM32H533RET6, STM32H533VEI6, STM32H533VET6, STM32H533ZEJ6, STM32H533ZET6, STM32H562AGI6, STM32H562AII6, STM32H562IGK6, STM32H562IGT6, STM32H562IIK6, STM32H562IIT6, STM32H562RGT6, STM32H562RGV6, STM32H562RIT6, STM32H562RIV6, STM32H562VGT6, STM32H562VIT6, STM32H562ZGT6, STM32H562ZIT6, STM32H563AGI6, STM32H563AII3Q, STM32H563AII6, STM32H563IGK6, STM32H563IGT6, STM32H563IIK3Q, STM32H563IIK6, STM32H563IIT3Q, STM32H563IIT6, STM32H563MIY3QTR, STM32H563RGT6, STM32H563RGV6, STM32H563RIT6, STM32H563RIV6, STM32H563VGT6, STM32H563VIT3Q, STM32H563VIT6, STM32H563ZGT6, STM32H563ZIT3Q, STM32H563ZIT6, STM32H573AII3Q, STM32H573AII6, STM32H573I-DK, STM32H573IIK3Q, STM32H573IIK6, STM32H573IIT3Q, STM32H573IIT6, STM32H573MIY3QTR, STM32H573RIT6, STM32H573RIV6, STM32H573VIT3Q, STM32H573VIT6, STM32H573ZIT3Q, STM32H573ZIT6, STM32H7R3A8I6, STM32H7R3I8K6, STM32H7R3I8T6, STM32H7R3L8H6, STM32H7R3L8H6H, STM32H7R3R8V6, STM32H7R3V8H6, STM32H7R3V8T6, STM32H7R3V8Y6TR, STM32H7R3Z8J6, STM32H7R3Z8T6, STM32H7R7A8I6, STM32H7R7I8K6, STM32H7R7I8T6, STM32H7R7L8H6, STM32H7R7L8H6H, STM32H7R7Z8J6, STM32H7S3A8I6, STM32H7S3I8K6, STM32H7S3I8T6, STM32H7S3L8H6, STM32H7S3L8H6H, STM32H7S3R8V6, STM32H7S3V8H6, STM32H7S3V8T6, STM32H7S3V8Y6TR, STM32H7S3Z8J6, STM32H7S3Z8T6, STM32H7S78-DK, STM32H7S7A8I6, STM32H7S7I8K6, STM32H7S7I8T6, STM32H7S7L8H6, STM32H7S7L8H6H, STM32H7S7Z8J6, STM32L4R5QGI6STR, STM32MP131AAE3, STM32MP131AAF3, STM32MP131AAG3, STM32MP131CAE3, STM32MP131CAF3, STM32MP131CAG3, STM32MP131DAE7, STM32MP131DAF7, STM32MP131DAG7, STM32MP131FAE7, STM32MP131FAF7, STM32MP131FAG7, STM32MP133AAE3, STM32MP133AAF3, STM32MP133AAG3, STM32MP133CAE3, STM32MP133CAF3, STM32MP133CAG3, STM32MP133DAE7, STM32MP133DAF7, STM32MP133DAG7, STM32MP133FAE7, STM32MP133FAF7, STM32MP133FAG7, STM32MP135AAE3, STM32MP135AAF3, STM32MP135AAG3, STM32MP135CAE3, STM32MP135CAF3, STM32MP135CAG3, STM32MP135DAE7, STM32MP135DAF7, STM32MP135DAG7, STM32MP135F-DK, STM32MP135FAE7, STM32MP135FAF7, STM32MP135FAF7T, STM32MP135FAF7U, STM32MP135FAG7, STM32MP231AAJ3, STM32MP231AAK3, STM32MP231AAL3, STM32MP231CAJ3, STM32MP231CAK3, STM32MP231CAL3, STM32MP231DAJ3, STM32MP231DAK3, STM32MP231DAL3, STM32MP231FAJ3, STM32MP231FAK3, STM32MP231FAL3, STM32MP233AAJ3, STM32MP233AAK3, STM32MP233AAL3, STM32MP233CAJ3, STM32MP233CAK3, STM32MP233CAL3, STM32MP233DAJ3, STM32MP233DAK3, STM32MP233DAL3, STM32MP233FAJ3, STM32MP233FAK3, STM32MP233FAL3, STM32MP235AAJ3, STM32MP235AAK3, STM32MP235AAL3, STM32MP235CAJ3, STM32MP235CAK3, STM32MP235CAL3, STM32MP235DAJ3, STM32MP235DAK3, STM32MP235DAL3, STM32MP235FAJ3, STM32MP235FAK3, STM32MP235FAL3, STM32MP251AAI3, STM32MP251AAJ3, STM32MP251AAK3, STM32MP251AAL3, STM32MP251CAI3, STM32MP251CAJ3, STM32MP251CAK3, STM32MP251CAL3, STM32MP251DAI3, STM32MP251DAJ3, STM32MP251DAK3, STM32MP251DAL3, STM32MP251FAI3, STM32MP251FAJ3, STM32MP251FAK3, STM32MP251FAL3, STM32MP253AAI3, STM32MP253AAJ3, STM32MP253AAK3, STM32MP253AAL3, STM32MP253CAI3, STM32MP253CAJ3, STM32MP253CAK3, STM32MP253CAL3, STM32MP253DAI3, STM32MP253DAJ3, STM32MP253DAK3, STM32MP253DAL3, STM32MP253FAI3, STM32MP253FAJ3, STM32MP253FAK3, STM32MP253FAL3, STM32MP255AAI3, STM32MP255AAJ3, STM32MP255AAK3, STM32MP255AAL3, STM32MP255CAI3, STM32MP255CAJ3, STM32MP255CAK3, STM32MP255CAL3, STM32MP255DAI3, STM32MP255DAJ3, STM32MP255DAK3, STM32MP255DAL3, STM32MP255FAI3, STM32MP255FAJ3, STM32MP255FAK3, STM32MP255FAL3, STM32MP257AAI3, STM32MP257AAJ3, STM32MP257AAK3, STM32MP257AAL3, STM32MP257CAI3, STM32MP257CAJ3, STM32MP257CAK3, STM32MP257CAL3, STM32MP257DAI3, STM32MP257DAJ3, STM32MP257DAK3, STM32MP257DAL3, STM32MP257F-DK, STM32MP257F-EV1, STM32MP257FAI3, STM32MP257FAJ3, STM32MP257FAK3, STM32MP257FAL3, STM32N645A0H3Q, STM32N645B0H3Q, STM32N645I0H3Q, STM32N645L0H3Q, STM32N645X0H3Q, STM32N645Z0H3Q, STM32N647A0H3Q, STM32N647B0H3Q, STM32N647I0H3Q, STM32N647L0H3Q, STM32N647X0H3Q, STM32N647Z0H3Q, STM32N655A0H3Q, STM32N655B0H3Q, STM32N655I0H3Q, STM32N655L0H3Q, STM32N655X0H3Q, STM32N655Z0H3Q, STM32N6570-DK, STM32N657A0H3Q, STM32N657B0H3Q, STM32N657I0H3Q, STM32N657L0H3Q, STM32N657X0H3Q, STM32N657Z0H3Q, STM32U031C6T6, STM32U031C6U6, STM32U031C8T6, STM32U031C8U6, STM32U031F4P6, STM32U031F6P6, STM32U031F8P6, STM32U031G6Y6TR, STM32U031G8Y6TR, STM32U031K4U6, STM32U031K6U6, STM32U031K8U6, STM32U031R6I6, STM32U031R6T6, STM32U031R8I6, STM32U031R8T6, STM32U073C8T6, STM32U073C8U6, STM32U073CBT6, STM32U073CBU6, STM32U073CCT6, STM32U073CCU6, STM32U073H8Y6TR, STM32U073HBY6TR, STM32U073HCY6TR, STM32U073K8U6, STM32U073KBU6, STM32U073KCU6, STM32U073M8I6, STM32U073M8T6, STM32U073MBI6, STM32U073MBT6, STM32U073MCI6, STM32U073MCT6, STM32U073R8I6, STM32U073R8T6, STM32U073RBI6, STM32U073RBT6, STM32U073RCI6, STM32U073RCT6, STM32U083C-DK, STM32U083CCT6, STM32U083CCU6, STM32U083HCY6TR, STM32U083KCU6, STM32U083MCI6, STM32U083MCT6, STM32U083RCI6, STM32U083RCT6, STM32U375CET6, STM32U375CET6Q, STM32U375CEU6, STM32U375CEU6Q, STM32U375CEY6QTR, STM32U375CGT6, STM32U375CGT6Q, STM32U375CGU6, STM32U375CGU6Q, STM32U375CGY6QTR, STM32U375KEU6, STM32U375KGU6, STM32U375REI6, STM32U375REI6Q, STM32U375RET6, STM32U375RET6Q, STM32U375REY6GTR, STM32U375REY6QTR, STM32U375RGI6, STM32U375RGI6Q, STM32U375RGT6, STM32U375RGT6Q, STM32U375RGY6GTR, STM32U375RGY6QTR, STM32U375VEI6, STM32U375VEI6Q, STM32U375VET6, STM32U375VET6Q, STM32U375VGI6, STM32U375VGI6Q, STM32U375VGT6, STM32U375VGT6Q, STM32U385CGT6, STM32U385CGT6Q, STM32U385CGU6, STM32U385CGU6Q, STM32U385CGY6QTR, STM32U385KGU6, STM32U385RGI6, STM32U385RGI6Q, STM32U385RGT6, STM32U385RGT6Q, STM32U385RGY6GTR, STM32U385RGY6QTR, STM32U385VGI6, STM32U385VGI6Q, STM32U385VGT6, STM32U385VGT6Q, STM32U535CBT6, STM32U535CBT6Q, STM32U535CBU6, STM32U535CBU6Q, STM32U535CCT6, STM32U535CCT6Q, STM32U535CCU6, STM32U535CCU6Q, STM32U535CET6, STM32U535CET6Q, STM32U535CEU6, STM32U535CEU6Q, STM32U535JEY6QTR, STM32U535NCY6QTR, STM32U535NEY6QTR, STM32U535RBI6, STM32U535RBI6Q, STM32U535RBT6, STM32U535RBT6Q, STM32U535RCI6, STM32U535RCI6Q, STM32U535RCT6, STM32U535RCT6Q, STM32U535REI6, STM32U535REI6Q, STM32U535RET6, STM32U535RET6Q, STM32U535VCI6, STM32U535VCI6Q, STM32U535VCT6, STM32U535VCT6Q, STM32U535VEI6, STM32U535VEI6Q, STM32U535VET6, STM32U535VET6Q, STM32U545CET6, STM32U545CET6Q, STM32U545CEU6, STM32U545CEU6Q, STM32U545JEY6QTR, STM32U545NEY6QTR, STM32U545REI6, STM32U545REI6Q, STM32U545RET6, STM32U545RET6Q, STM32U545VEI6, STM32U545VEI6Q, STM32U545VET6, STM32U545VET6Q, STM32U595AIH6, STM32U595AIH6Q, STM32U595AJH6, STM32U595AJH6Q, STM32U595QII6, STM32U595QII6Q, STM32U595QJI6, STM32U595QJI6Q, STM32U595RIT6, STM32U595RIT6Q, STM32U595RJT6, STM32U595RJT6Q, STM32U595VIT6, STM32U595VIT6Q, STM32U595VJT6, STM32U595VJT6Q, STM32U595ZIT6, STM32U595ZIT6Q, STM32U595ZIY6QTR, STM32U595ZJT6, STM32U595ZJT6Q, STM32U595ZJY6QTR, STM32U599BJY6QTR, STM32U599NIH6Q, STM32U599NJH6Q, STM32U599VIT6Q, STM32U599VJT6, STM32U599VJT6Q, STM32U599ZIT6Q, STM32U599ZIY6QTR, STM32U599ZJT6Q, STM32U599ZJY6QTR, STM32U5A5AJH6, STM32U5A5AJH6Q, STM32U5A5QII3Q , STM32U5A5QJI6, STM32U5A5QJI6Q, STM32U5A5RJT6, STM32U5A5RJT6Q, STM32U5A5VJT6, STM32U5A5VJT6Q, STM32U5A5ZJT6, STM32U5A5ZJT6Q, STM32U5A5ZJY6QTR, STM32U5A9BJY6QTR, STM32U5A9J-DK, STM32U5A9NJH6Q, STM32U5A9VJT6Q, STM32U5A9ZJT6Q, STM32U5A9ZJY6QTR, STM32U5F7VIT6, STM32U5F7VIT6Q, STM32U5F7VJT6, STM32U5F7VJT6Q, STM32U5F9BJY6QTR, STM32U5F9NJH6Q, STM32U5F9VIT6Q, STM32U5F9VJT6Q, STM32U5F9ZIJ6QTR, STM32U5F9ZIT6Q, STM32U5F9ZJJ6QTR, STM32U5F9ZJT6Q, STM32U5G7VJT6, STM32U5G7VJT6Q, STM32U5G9BJY6QTR, STM32U5G9J-DK1, STM32U5G9J-DK2, STM32U5G9NJH6Q, STM32U5G9VJT6Q, STM32U5G9ZJJ6QTR, STM32U5G9ZJT6Q, STM32WB05KZV6TR, STM32WB05KZV7TR, STM32WB05TZF6TR, STM32WB05TZF7TR, STM32WB06CCF6TR, STM32WB06CCF7TR, STM32WB06CCV6TR, STM32WB06CCV7TR, STM32WB06KCV6TR, STM32WB06KCV7TR, STM32WB07CCF6TR, STM32WB07CCF7TR, STM32WB07CCV6TR, STM32WB07CCV7TR, STM32WB07KCV6TR, STM32WB07KCV7TR, STM32WB09KEV6TR, STM32WB09KEV7TR, STM32WB09TEF6TR, STM32WB09TEF7TR, STM32WB1MMCH6, STM32WBA50KGU6, STM32WBA50KGU6TR, STM32WBA52CEU6, STM32WBA52CEU6TR, STM32WBA52CEU7, STM32WBA52CEU7TR, STM32WBA52CGU6, STM32WBA52CGU6TR, STM32WBA52CGU6U, STM32WBA52CGU7, STM32WBA52CGU7TR, STM32WBA52KEU6, STM32WBA52KEU6TR, STM32WBA52KGU6, STM32WBA52KGU6TR, STM32WBA54CEU6, STM32WBA54CEU6TR, STM32WBA54CEU7, STM32WBA54CEU7TR, STM32WBA54CGU6, STM32WBA54CGU6TR, STM32WBA54CGU7, STM32WBA54CGU7TR, STM32WBA54KEU6, STM32WBA54KEU6TR, STM32WBA54KEU7, STM32WBA54KEU7TR, STM32WBA54KGU6, STM32WBA54KGU6TR, STM32WBA54KGU7, STM32WBA54KGU7TR, STM32WBA55CEU6, STM32WBA55CEU6TR, STM32WBA55CEU7, STM32WBA55CEU7TR, STM32WBA55CGU6, STM32WBA55CGU6TR, STM32WBA55CGU6U, STM32WBA55CGU7, STM32WBA55CGU7TR, STM32WBA55G-DK1, STM32WBA55HEF6, STM32WBA55HEF7, STM32WBA55HGF6, STM32WBA55HGF7, STM32WBA55UEI6, STM32WBA55UEI6TR, STM32WBA55UEI7, STM32WBA55UEI7TR, STM32WBA55UGI6, STM32WBA55UGI6TR, STM32WBA55UGI7, STM32WBA55UGI7TR, STM32WBA5MJGH6TR, STM32WBA5MJGH6U, STM32WL33C8V6, STM32WL33C8V6TR, STM32WL33C8V7, STM32WL33C8V7TR, STM32WL33CBV6, STM32WL33CBV6TR, STM32WL33CBV7, STM32WL33CBV7TR, STM32WL33CCV6, STM32WL33CCV6TR, STM32WL33CCV7, STM32WL33CCV7A, STM32WL33CCV7ATR, STM32WL33CCV7TR, STM32WL33K8V6, STM32WL33K8V6TR, STM32WL33K8V7, STM32WL33K8V7TR, STM32WL33KBV6, STM32WL33KBV6TR, STM32WL33KBV7, STM32WL33KBV7TR, STM32WL33KCV6, STM32WL33KCV6TR, STM32WL33KCV7, STM32WL33KCV7TR, STM32WL5MOCH6, STM32WL5MOCH6TR]
2025-03-05 09:51:11,143 [INFO] BoardInfo:889 - No configuration file found for board P-NUCLEO-WB55
2025-03-05 09:51:11,144 [INFO] DbBoards:161 - Kit is not supported: P-NUCLEO-WB55
2025-03-05 09:51:11,153 [INFO] BoardInfo:889 - No configuration file found for board STEVAL-BFA001V1B
2025-03-05 09:51:11,155 [INFO] DbBoards:161 - Kit is not supported: STEVAL-BFA001V1B
2025-03-05 09:51:11,156 [INFO] BoardInfo:889 - No configuration file found for board STEVAL-BFA001V2B
2025-03-05 09:51:11,158 [INFO] DbBoards:161 - Kit is not supported: STEVAL-BFA001V2B
2025-03-05 09:51:11,400 [INFO] DbBoards:168 - Found 209 boards, 206 are supported
2025-03-05 09:51:11,401 [INFO] DbBoards:169 - Found 209 boards, 42 of them is supported for  Bsp
2025-03-05 09:51:11,406 [INFO] ApiDb:668 - CubeFinder database Data Model version=2.1
2025-03-05 09:51:11,407 [INFO] ApiDb:669 - CubeFinder database Configuration version=3.0.39
2025-03-05 09:51:11,407 [INFO] ApiDb:670 - CubeFinder database generation date=2025-02-07 (1738919966)
2025-03-05 09:51:11,407 [INFO] ApiDb:671 - CubeFinder database FW Pack versions=[FP-ATR-ASTRA1_V2.0.0, FP-SNS-FLIGHT1_V5.0.2, FP-SNS-MOTENV1_V5.0.0, FP-SNS-MOTENVWB1_V1.4.0, FP-SNS-SMARTAG2_V1.2.0, FP-SNS-STBOX1_V2.0.0, STM32Cube_FW_C0_V1.3.0, STM32Cube_FW_F4_V1.28.1, STM32Cube_FW_F7_V1.17.2, STM32Cube_FW_G0_V1.6.2, STM32Cube_FW_G4_V1.6.1, STM32Cube_FW_H5_V1.4.0, STM32Cube_FW_H7RS_V1.1.0, STM32Cube_FW_H7_V1.12.0, STM32Cube_FW_L0_V1.12.2, STM32Cube_FW_L4_V1.18.1, STM32Cube_FW_L5_V1.5.1, STM32Cube_FW_N6_V1.0.0, STM32Cube_FW_U0_V1.2.0, STM32Cube_FW_U3_V1.0.0, STM32Cube_FW_U5_V1.7.0, STM32Cube_FW_WB0_V1.1.0, STM32Cube_FW_WBA_V1.5.0, STM32Cube_FW_WB_V1.21.0, STM32Cube_FW_WL3_V1.0.0, STM32Cube_FW_WL_V1.3.0, X-CUBE-ALGOBUILD_V1.4.0, X-CUBE-ALS_V1.0.2, X-CUBE-AZRTOS-F4_V1.1.0, X-CUBE-AZRTOS-F7_V1.1.0, X-CUBE-AZRTOS-G0_V1.1.0, X-CUBE-AZRTOS-G4_V2.0.0, X-CUBE-AZRTOS-H7RS_V1.0.0, X-CUBE-AZRTOS-H7_V3.3.0, X-CUBE-AZRTOS-L4_V2.0.0, X-CUBE-AZRTOS-L5_V2.0.0, X-CUBE-AZRTOS-WB_V2.0.0, X-CUBE-AZRTOS-WL_V2.0.0, X-CUBE-BLE1_V7.0.0, X-CUBE-BLE2_V3.3.0, X-CUBE-BLEMGR_V4.0.0, X-CUBE-EEPRMA1_V5.1.0, X-CUBE-FREERTOS_V1.2.0, X-CUBE-GNSS1_V6.0.0, X-CUBE-MEMS1_V11.1.0, X-CUBE-NFC4_V3.0.0, X-CUBE-NFC7_V1.0.1, X-CUBE-SFXS2LP1_V4.0.0, X-CUBE-SUBG2_V5.0.0, X-CUBE-TOF1_V3.4.2]
2025-03-05 09:51:14,086 [INFO] ApiDb:240 - Found 858 in-development CPN: [B-G473E-ZEST1S, B-WB1M-WPAN1, B-WBA5M-WPAN, B-WL5M-SUBG1, NUCLEO-C031C6, NUCLEO-C051C8, NUCLEO-C071RB, NUCLEO-C092RC, NUCLEO-H503RB, NUCLEO-H533RE, NUCLEO-H563ZI, NUCLEO-H7S3L8, NUCLEO-N657X0-Q, NUCLEO-U031R8, NUCLEO-U083RC, NUCLEO-U385RG-Q, NUCLEO-U545RE-Q, NUCLEO-U5A5ZJ-Q, NUCLEO-WB05KZ, NUCLEO-WB07CC, NUCLEO-WB09KE, NUCLEO-WBA52CG, NUCLEO-WBA55CG, NUCLEO-WL33CC1, NUCLEO-WL33CC2, STEVAL-PROTEUS1, STEVAL-SMARTAG2, STEVAL-STWINBX1, STM320518-EVAL, STM32C0116-DK, STM32C011D6Y3TR, STM32C011D6Y6TR, STM32C011F4P3, STM32C011F4P6, STM32C011F4U3, STM32C011F4U6TR, STM32C011F6P3, STM32C011F6P6, STM32C011F6U3, STM32C011F6U6TR, STM32C011J4M3, STM32C011J4M6, STM32C011J6M3, STM32C011J6M6, STM32C0316-DK, STM32C031C4T3, STM32C031C4T6, STM32C031C4U3, STM32C031C4U6, STM32C031C6T3, STM32C031C6T6, STM32C031C6U3, STM32C031C6U6, STM32C031F4P3, STM32C031F4P6, STM32C031F6P3, STM32C031F6P6, STM32C031G4U3, STM32C031G4U6, STM32C031G6U3, STM32C031G6U6, STM32C031K4T3, STM32C031K4T6, STM32C031K4U3, STM32C031K4U6, STM32C031K6T3, STM32C031K6T6, STM32C031K6U3, STM32C031K6U6, STM32C051C6T6, STM32C051C6U6, STM32C051C8T6, STM32C051C8U6, STM32C051D8Y6TR, STM32C051F6P6, STM32C051F8P6, STM32C051G6U6, STM32C051G8U6, STM32C051K6T6, STM32C051K6U6, STM32C051K8T6, STM32C071C8T6, STM32C071C8T6N, STM32C071C8U6, STM32C071C8U6N, STM32C071CBT6, STM32C071CBT6N, STM32C071CBU6, STM32C071CBU6N, STM32C071F8P6, STM32C071F8P6N, STM32C071FBP6, STM32C071FBP6N, STM32C071FBY6TR, STM32C071G8U6, STM32C071G8U6N, STM32C071GBU6, STM32C071GBU6N, STM32C071K8T6, STM32C071K8T6N, STM32C071K8U6, STM32C071K8U6N, STM32C071KBT6, STM32C071KBT6N, STM32C071KBU6, STM32C071KBU6N, STM32C071R8T6, STM32C071R8T6N, STM32C071RBI6N, STM32C071RBT6, STM32C071RBT6N, STM32C091CBT6, STM32C091CBU6, STM32C091CCT6, STM32C091CCU6, STM32C091ECY6TR, STM32C091FBP6, STM32C091FCP6, STM32C091GBU6, STM32C091GCU6, STM32C091KBT6, STM32C091KBU6, STM32C091KCT6, STM32C091KCU6, STM32C091RBT6, STM32C091RCI6, STM32C091RCT6, STM32C092CBT6, STM32C092CBU6, STM32C092CCT6, STM32C092CCU6, STM32C092ECY6TR, STM32C092FBP6, STM32C092FCP6, STM32C092GBU6, STM32C092GCU6, STM32C092KBT6, STM32C092KBU6, STM32C092KCT6, STM32C092KCU6, STM32C092RBT6, STM32C092RCI6, STM32C092RCT6, STM32G071K8TXN, STM32G071K8UXN, STM32G081GBU6N, STM32G081KBT6N, STM32G081KBUXN, STM32G0B1CCT6N, STM32G0B1KCT6, STM32G0B1NEY6TR, STM32G0B1RCT6N, STM32G0C1CCT6, STM32G0C1CCT6N, STM32G0C1CCU6N, STM32G0C1CET6N, STM32G0C1CEU6N, STM32G0C1KCT6, STM32G0C1NEY6TR, STM32G0C1RCI6N, STM32G0C1RCT6N, STM32G0C1REI6N, STM32G0C1RET6N, STM32G0C1VCI6, STM32G0C1VEI6, STM32G411C6T3, STM32G411C6T6, STM32G411C6U3, STM32G411C6U6, STM32G411C8T3, STM32G411C8T6, STM32G411C8U3, STM32G411C8U6, STM32G411CBT3, STM32G411CBT6, STM32G411CBU3, STM32G411CBU6, STM32G411CCT3, STM32G411CCT6, STM32G411CCU3, STM32G411CCU6, STM32G411K6T3, STM32G411K6T6, STM32G411K6U3, STM32G411K6U6, STM32G411K8T3, STM32G411K8T6, STM32G411K8U3, STM32G411K8U6, STM32G411KBT3, STM32G411KBT6, STM32G411KBU3, STM32G411KBU6, STM32G411M6T3, STM32G411M6T6, STM32G411M8T3, STM32G411M8T6, STM32G411MBT3, STM32G411MBT6, STM32G411MCT3, STM32G411MCT6, STM32G411R6T3, STM32G411R6T6, STM32G411R8T3, STM32G411R8T6, STM32G411RBT3, STM32G411RBT6, STM32G411RCT3, STM32G411RCT6, STM32G414CBT3, STM32G414CBT6, STM32G414CBU3, STM32G414CBU6, STM32G414CCT3, STM32G414CCT6, STM32G414CCU3, STM32G414CCU6, STM32G414MBT3, STM32G414MBT6, STM32G414MCT3, STM32G414MCT6, STM32G414RBT3, STM32G414RBT6, STM32G414RCT3, STM32G414RCT6, STM32G414VBT3, STM32G414VBT6, STM32G414VCT3, STM32G414VCT6, STM32G431CBT3Z, STM32G431RBT3Z, STM32G471CCT6, STM32G471CCU6, STM32G471CET3, STM32G471CET6, STM32G471CEU3, STM32G471CEU6, STM32G471MCT6, STM32G471MET3, STM32G471MET6, STM32G471MEY6TR, STM32G471QCT6, STM32G471QET3, STM32G471RCT6, STM32G471RET3, STM32G471RET6, STM32G471VCH6, STM32G471VCI6, STM32G471VCT6, STM32G471VEH3, STM32G471VEH6, STM32G471VEI3, STM32G471VEI6, STM32G471VET3, STM32G471VET6, STM32G473QET3Z, STM32G473RET3Z, STM32G474CCT6, STM32G491RET3Z, STM32H503CBT6, STM32H503CBU6, STM32H503EBY6TR, STM32H503KBU6, STM32H503RBT6, STM32H523CCT6, STM32H523CCU6, STM32H523CET6, STM32H523CEU6, STM32H523HEY6TR, STM32H523RCT6, STM32H523RET6, STM32H523VCI6, STM32H523VCT6, STM32H523VEI6, STM32H523VET6, STM32H523ZCJ6, STM32H523ZCT6, STM32H523ZEJ6, STM32H523ZET6, STM32H533CET6, STM32H533CEU6, STM32H533HEY6TR, STM32H533RET6, STM32H533VEI6, STM32H533VET6, STM32H533ZEJ6, STM32H533ZET6, STM32H562AGI6, STM32H562AII6, STM32H562IGK6, STM32H562IGT6, STM32H562IIK6, STM32H562IIT6, STM32H562RGT6, STM32H562RGV6, STM32H562RIT6, STM32H562RIV6, STM32H562VGT6, STM32H562VIT6, STM32H562ZGT6, STM32H562ZIT6, STM32H563AGI6, STM32H563AII3Q, STM32H563AII6, STM32H563IGK6, STM32H563IGT6, STM32H563IIK3Q, STM32H563IIK6, STM32H563IIT3Q, STM32H563IIT6, STM32H563MIY3QTR, STM32H563RGT6, STM32H563RGV6, STM32H563RIT6, STM32H563RIV6, STM32H563VGT6, STM32H563VIT3Q, STM32H563VIT6, STM32H563ZGT6, STM32H563ZIT3Q, STM32H563ZIT6, STM32H573AII3Q, STM32H573AII6, STM32H573I-DK, STM32H573IIK3Q, STM32H573IIK6, STM32H573IIT3Q, STM32H573IIT6, STM32H573MIY3QTR, STM32H573RIT6, STM32H573RIV6, STM32H573VIT3Q, STM32H573VIT6, STM32H573ZIT3Q, STM32H573ZIT6, STM32H7R3A8I6, STM32H7R3I8K6, STM32H7R3I8T6, STM32H7R3L8H6, STM32H7R3L8H6H, STM32H7R3R8V6, STM32H7R3V8H6, STM32H7R3V8T6, STM32H7R3V8Y6TR, STM32H7R3Z8J6, STM32H7R3Z8T6, STM32H7R7A8I6, STM32H7R7I8K6, STM32H7R7I8T6, STM32H7R7L8H6, STM32H7R7L8H6H, STM32H7R7Z8J6, STM32H7S3A8I6, STM32H7S3I8K6, STM32H7S3I8T6, STM32H7S3L8H6, STM32H7S3L8H6H, STM32H7S3R8V6, STM32H7S3V8H6, STM32H7S3V8T6, STM32H7S3V8Y6TR, STM32H7S3Z8J6, STM32H7S3Z8T6, STM32H7S78-DK, STM32H7S7A8I6, STM32H7S7I8K6, STM32H7S7I8T6, STM32H7S7L8H6, STM32H7S7L8H6H, STM32H7S7Z8J6, STM32L4R5QGI6STR, STM32MP131AAE3, STM32MP131AAF3, STM32MP131AAG3, STM32MP131CAE3, STM32MP131CAF3, STM32MP131CAG3, STM32MP131DAE7, STM32MP131DAF7, STM32MP131DAG7, STM32MP131FAE7, STM32MP131FAF7, STM32MP131FAG7, STM32MP133AAE3, STM32MP133AAF3, STM32MP133AAG3, STM32MP133CAE3, STM32MP133CAF3, STM32MP133CAG3, STM32MP133DAE7, STM32MP133DAF7, STM32MP133DAG7, STM32MP133FAE7, STM32MP133FAF7, STM32MP133FAG7, STM32MP135AAE3, STM32MP135AAF3, STM32MP135AAG3, STM32MP135CAE3, STM32MP135CAF3, STM32MP135CAG3, STM32MP135DAE7, STM32MP135DAF7, STM32MP135DAG7, STM32MP135F-DK, STM32MP135FAE7, STM32MP135FAF7, STM32MP135FAF7T, STM32MP135FAF7U, STM32MP135FAG7, STM32MP231AAJ3, STM32MP231AAK3, STM32MP231AAL3, STM32MP231CAJ3, STM32MP231CAK3, STM32MP231CAL3, STM32MP231DAJ3, STM32MP231DAK3, STM32MP231DAL3, STM32MP231FAJ3, STM32MP231FAK3, STM32MP231FAL3, STM32MP233AAJ3, STM32MP233AAK3, STM32MP233AAL3, STM32MP233CAJ3, STM32MP233CAK3, STM32MP233CAL3, STM32MP233DAJ3, STM32MP233DAK3, STM32MP233DAL3, STM32MP233FAJ3, STM32MP233FAK3, STM32MP233FAL3, STM32MP235AAJ3, STM32MP235AAK3, STM32MP235AAL3, STM32MP235CAJ3, STM32MP235CAK3, STM32MP235CAL3, STM32MP235DAJ3, STM32MP235DAK3, STM32MP235DAL3, STM32MP235FAJ3, STM32MP235FAK3, STM32MP235FAL3, STM32MP251AAI3, STM32MP251AAJ3, STM32MP251AAK3, STM32MP251AAL3, STM32MP251CAI3, STM32MP251CAJ3, STM32MP251CAK3, STM32MP251CAL3, STM32MP251DAI3, STM32MP251DAJ3, STM32MP251DAK3, STM32MP251DAL3, STM32MP251FAI3, STM32MP251FAJ3, STM32MP251FAK3, STM32MP251FAL3, STM32MP253AAI3, STM32MP253AAJ3, STM32MP253AAK3, STM32MP253AAL3, STM32MP253CAI3, STM32MP253CAJ3, STM32MP253CAK3, STM32MP253CAL3, STM32MP253DAI3, STM32MP253DAJ3, STM32MP253DAK3, STM32MP253DAL3, STM32MP253FAI3, STM32MP253FAJ3, STM32MP253FAK3, STM32MP253FAL3, STM32MP255AAI3, STM32MP255AAJ3, STM32MP255AAK3, STM32MP255AAL3, STM32MP255CAI3, STM32MP255CAJ3, STM32MP255CAK3, STM32MP255CAL3, STM32MP255DAI3, STM32MP255DAJ3, STM32MP255DAK3, STM32MP255DAL3, STM32MP255FAI3, STM32MP255FAJ3, STM32MP255FAK3, STM32MP255FAL3, STM32MP257AAI3, STM32MP257AAJ3, STM32MP257AAK3, STM32MP257AAL3, STM32MP257CAI3, STM32MP257CAJ3, STM32MP257CAK3, STM32MP257CAL3, STM32MP257DAI3, STM32MP257DAJ3, STM32MP257DAK3, STM32MP257DAL3, STM32MP257F-DK, STM32MP257F-EV1, STM32MP257FAI3, STM32MP257FAJ3, STM32MP257FAK3, STM32MP257FAL3, STM32N645A0H3Q, STM32N645B0H3Q, STM32N645I0H3Q, STM32N645L0H3Q, STM32N645X0H3Q, STM32N645Z0H3Q, STM32N647A0H3Q, STM32N647B0H3Q, STM32N647I0H3Q, STM32N647L0H3Q, STM32N647X0H3Q, STM32N647Z0H3Q, STM32N655A0H3Q, STM32N655B0H3Q, STM32N655I0H3Q, STM32N655L0H3Q, STM32N655X0H3Q, STM32N655Z0H3Q, STM32N6570-DK, STM32N657A0H3Q, STM32N657B0H3Q, STM32N657I0H3Q, STM32N657L0H3Q, STM32N657X0H3Q, STM32N657Z0H3Q, STM32U031C6T6, STM32U031C6U6, STM32U031C8T6, STM32U031C8U6, STM32U031F4P6, STM32U031F6P6, STM32U031F8P6, STM32U031G6Y6TR, STM32U031G8Y6TR, STM32U031K4U6, STM32U031K6U6, STM32U031K8U6, STM32U031R6I6, STM32U031R6T6, STM32U031R8I6, STM32U031R8T6, STM32U073C8T6, STM32U073C8U6, STM32U073CBT6, STM32U073CBU6, STM32U073CCT6, STM32U073CCU6, STM32U073H8Y6TR, STM32U073HBY6TR, STM32U073HCY6TR, STM32U073K8U6, STM32U073KBU6, STM32U073KCU6, STM32U073M8I6, STM32U073M8T6, STM32U073MBI6, STM32U073MBT6, STM32U073MCI6, STM32U073MCT6, STM32U073R8I6, STM32U073R8T6, STM32U073RBI6, STM32U073RBT6, STM32U073RCI6, STM32U073RCT6, STM32U083C-DK, STM32U083CCT6, STM32U083CCU6, STM32U083HCY6TR, STM32U083KCU6, STM32U083MCI6, STM32U083MCT6, STM32U083RCI6, STM32U083RCT6, STM32U375CET6, STM32U375CET6Q, STM32U375CEU6, STM32U375CEU6Q, STM32U375CEY6QTR, STM32U375CGT6, STM32U375CGT6Q, STM32U375CGU6, STM32U375CGU6Q, STM32U375CGY6QTR, STM32U375KEU6, STM32U375KGU6, STM32U375REI6, STM32U375REI6Q, STM32U375RET6, STM32U375RET6Q, STM32U375REY6GTR, STM32U375REY6QTR, STM32U375RGI6, STM32U375RGI6Q, STM32U375RGT6, STM32U375RGT6Q, STM32U375RGY6GTR, STM32U375RGY6QTR, STM32U375VEI6, STM32U375VEI6Q, STM32U375VET6, STM32U375VET6Q, STM32U375VGI6, STM32U375VGI6Q, STM32U375VGT6, STM32U375VGT6Q, STM32U385CGT6, STM32U385CGT6Q, STM32U385CGU6, STM32U385CGU6Q, STM32U385CGY6QTR, STM32U385KGU6, STM32U385RGI6, STM32U385RGI6Q, STM32U385RGT6, STM32U385RGT6Q, STM32U385RGY6GTR, STM32U385RGY6QTR, STM32U385VGI6, STM32U385VGI6Q, STM32U385VGT6, STM32U385VGT6Q, STM32U535CBT6, STM32U535CBT6Q, STM32U535CBU6, STM32U535CBU6Q, STM32U535CCT6, STM32U535CCT6Q, STM32U535CCU6, STM32U535CCU6Q, STM32U535CET6, STM32U535CET6Q, STM32U535CEU6, STM32U535CEU6Q, STM32U535JEY6QTR, STM32U535NCY6QTR, STM32U535NEY6QTR, STM32U535RBI6, STM32U535RBI6Q, STM32U535RBT6, STM32U535RBT6Q, STM32U535RCI6, STM32U535RCI6Q, STM32U535RCT6, STM32U535RCT6Q, STM32U535REI6, STM32U535REI6Q, STM32U535RET6, STM32U535RET6Q, STM32U535VCI6, STM32U535VCI6Q, STM32U535VCT6, STM32U535VCT6Q, STM32U535VEI6, STM32U535VEI6Q, STM32U535VET6, STM32U535VET6Q, STM32U545CET6, STM32U545CET6Q, STM32U545CEU6, STM32U545CEU6Q, STM32U545JEY6QTR, STM32U545NEY6QTR, STM32U545REI6, STM32U545REI6Q, STM32U545RET6, STM32U545RET6Q, STM32U545VEI6, STM32U545VEI6Q, STM32U545VET6, STM32U545VET6Q, STM32U595AIH6, STM32U595AIH6Q, STM32U595AJH6, STM32U595AJH6Q, STM32U595QII6, STM32U595QII6Q, STM32U595QJI6, STM32U595QJI6Q, STM32U595RIT6, STM32U595RIT6Q, STM32U595RJT6, STM32U595RJT6Q, STM32U595VIT6, STM32U595VIT6Q, STM32U595VJT6, STM32U595VJT6Q, STM32U595ZIT6, STM32U595ZIT6Q, STM32U595ZIY6QTR, STM32U595ZJT6, STM32U595ZJT6Q, STM32U595ZJY6QTR, STM32U599BJY6QTR, STM32U599NIH6Q, STM32U599NJH6Q, STM32U599VIT6Q, STM32U599VJT6, STM32U599VJT6Q, STM32U599ZIT6Q, STM32U599ZIY6QTR, STM32U599ZJT6Q, STM32U599ZJY6QTR, STM32U5A5AJH6, STM32U5A5AJH6Q, STM32U5A5QII3Q , STM32U5A5QJI6, STM32U5A5QJI6Q, STM32U5A5RJT6, STM32U5A5RJT6Q, STM32U5A5VJT6, STM32U5A5VJT6Q, STM32U5A5ZJT6, STM32U5A5ZJT6Q, STM32U5A5ZJY6QTR, STM32U5A9BJY6QTR, STM32U5A9J-DK, STM32U5A9NJH6Q, STM32U5A9VJT6Q, STM32U5A9ZJT6Q, STM32U5A9ZJY6QTR, STM32U5F7VIT6, STM32U5F7VIT6Q, STM32U5F7VJT6, STM32U5F7VJT6Q, STM32U5F9BJY6QTR, STM32U5F9NJH6Q, STM32U5F9VIT6Q, STM32U5F9VJT6Q, STM32U5F9ZIJ6QTR, STM32U5F9ZIT6Q, STM32U5F9ZJJ6QTR, STM32U5F9ZJT6Q, STM32U5G7VJT6, STM32U5G7VJT6Q, STM32U5G9BJY6QTR, STM32U5G9J-DK1, STM32U5G9J-DK2, STM32U5G9NJH6Q, STM32U5G9VJT6Q, STM32U5G9ZJJ6QTR, STM32U5G9ZJT6Q, STM32WB05KZV6TR, STM32WB05KZV7TR, STM32WB05TZF6TR, STM32WB05TZF7TR, STM32WB06CCF6TR, STM32WB06CCF7TR, STM32WB06CCV6TR, STM32WB06CCV7TR, STM32WB06KCV6TR, STM32WB06KCV7TR, STM32WB07CCF6TR, STM32WB07CCF7TR, STM32WB07CCV6TR, STM32WB07CCV7TR, STM32WB07KCV6TR, STM32WB07KCV7TR, STM32WB09KEV6TR, STM32WB09KEV7TR, STM32WB09TEF6TR, STM32WB09TEF7TR, STM32WB1MMCH6, STM32WBA50KGU6, STM32WBA50KGU6TR, STM32WBA52CEU6, STM32WBA52CEU6TR, STM32WBA52CEU7, STM32WBA52CEU7TR, STM32WBA52CGU6, STM32WBA52CGU6TR, STM32WBA52CGU6U, STM32WBA52CGU7, STM32WBA52CGU7TR, STM32WBA52KEU6, STM32WBA52KEU6TR, STM32WBA52KGU6, STM32WBA52KGU6TR, STM32WBA54CEU6, STM32WBA54CEU6TR, STM32WBA54CEU7, STM32WBA54CEU7TR, STM32WBA54CGU6, STM32WBA54CGU6TR, STM32WBA54CGU7, STM32WBA54CGU7TR, STM32WBA54KEU6, STM32WBA54KEU6TR, STM32WBA54KEU7, STM32WBA54KEU7TR, STM32WBA54KGU6, STM32WBA54KGU6TR, STM32WBA54KGU7, STM32WBA54KGU7TR, STM32WBA55CEU6, STM32WBA55CEU6TR, STM32WBA55CEU7, STM32WBA55CEU7TR, STM32WBA55CGU6, STM32WBA55CGU6TR, STM32WBA55CGU6U, STM32WBA55CGU7, STM32WBA55CGU7TR, STM32WBA55G-DK1, STM32WBA55HEF6, STM32WBA55HEF7, STM32WBA55HGF6, STM32WBA55HGF7, STM32WBA55UEI6, STM32WBA55UEI6TR, STM32WBA55UEI7, STM32WBA55UEI7TR, STM32WBA55UGI6, STM32WBA55UGI6TR, STM32WBA55UGI7, STM32WBA55UGI7TR, STM32WBA5MJGH6TR, STM32WBA5MJGH6U, STM32WL33C8V6, STM32WL33C8V6TR, STM32WL33C8V7, STM32WL33C8V7TR, STM32WL33CBV6, STM32WL33CBV6TR, STM32WL33CBV7, STM32WL33CBV7TR, STM32WL33CCV6, STM32WL33CCV6TR, STM32WL33CCV7, STM32WL33CCV7A, STM32WL33CCV7ATR, STM32WL33CCV7TR, STM32WL33K8V6, STM32WL33K8V6TR, STM32WL33K8V7, STM32WL33K8V7TR, STM32WL33KBV6, STM32WL33KBV6TR, STM32WL33KBV7, STM32WL33KBV7TR, STM32WL33KCV6, STM32WL33KCV6TR, STM32WL33KCV7, STM32WL33KCV7TR, STM32WL5MOCH6, STM32WL5MOCH6TR]
2025-03-05 09:51:14,090 [INFO] DbMcus:218 - Found 4545 MCUs, 4545 are supported
2025-03-05 09:51:14,091 [INFO] ApiDb:423 - Load user favorites file C:\Users\Chinnapop/.stm32cubeide/favorites.mcus.txt: 0 item(s)
2025-03-05 09:51:14,091 [INFO] ApiDb:427 - User favorites MCUs=[]
2025-03-05 09:51:14,091 [INFO] DbMcus:224 - Set 0 / 0 favorites MCUs
2025-03-05 09:51:14,497 [INFO] ApiDb:423 - Load user favorites file C:\Users\Chinnapop/.stm32cubeide/favorites.boards.txt: 0 item(s)
2025-03-05 09:51:14,497 [INFO] ApiDb:427 - User favorites Boards=[]
2025-03-05 09:51:14,497 [INFO] DbBoards:198 - Set 0 / 0 favorites Boards
2025-03-05 09:51:14,572 [INFO] UtilMem:75 - End LoadConfig() Used Memory: 695586472 Bytes (1073741824)
2025-03-05 09:51:14,715 [WARN] ThirdParty:833 - waiting for thirdparty lock release [change project]
2025-03-05 09:51:14,715 [INFO] ThirdParty:835 - entering critical section [change project]
2025-03-05 09:51:14,716 [INFO] ThirdParty:1030 - CMSIS Pack Vendor :STMicroelectronics USBPD 4.1
2025-03-05 09:51:14,716 [INFO] ThirdParty:1030 - CMSIS Pack Vendor :STMicroelectronics X-CUBE-AZRTOS-H7 3.3.0
2025-03-05 09:51:14,716 [INFO] ThirdParty:1030 - CMSIS Pack Vendor :STMicroelectronics X-CUBE-NFC9 1.0.0
2025-03-05 09:51:14,716 [INFO] ThirdParty:1030 - CMSIS Pack Vendor :STMicroelectronics USB_HOST 2.0.0
2025-03-05 09:51:14,716 [INFO] ThirdParty:1030 - CMSIS Pack Vendor :STMicroelectronics FP-SNS-MOTENVWB1 1.4.0
2025-03-05 09:51:14,716 [INFO] ThirdParty:1030 - CMSIS Pack Vendor :STMicroelectronics X-CUBE-AZRTOS-F4 1.1.0
2025-03-05 09:51:14,716 [INFO] ThirdParty:1030 - CMSIS Pack Vendor :STMicroelectronics LIBJPEG 8.0.0
2025-03-05 09:51:14,716 [INFO] ThirdParty:1030 - CMSIS Pack Vendor :STMicroelectronics FP-ATR-ASTRA1 2.0.2
2025-03-05 09:51:14,716 [INFO] ThirdParty:1030 - CMSIS Pack Vendor :STMicroelectronics FP-ATR-ASTRA1 2.0.1
2025-03-05 09:51:14,716 [INFO] ThirdParty:1030 - CMSIS Pack Vendor :STMicroelectronics X-CUBE-BLE1 7.1.0
2025-03-05 09:51:14,716 [INFO] ThirdParty:1030 - CMSIS Pack Vendor :STMicroelectronics X-CUBE-SMBUS 2.1.0
2025-03-05 09:51:14,716 [INFO] ThirdParty:1030 - CMSIS Pack Vendor :STMicroelectronics X-CUBE-WB05N 1.1.0
2025-03-05 09:51:14,716 [INFO] ThirdParty:1030 - CMSIS Pack Vendor :STMicroelectronics USB_DEVICE 3.0.0
2025-03-05 09:51:14,717 [INFO] ThirdParty:1030 - CMSIS Pack Vendor :STMicroelectronics X-CUBE-TCPP 4.1.0
2025-03-05 09:51:14,717 [INFO] ThirdParty:1030 - CMSIS Pack Vendor :STMicroelectronics X-CUBE-ISPU 2.1.0
2025-03-05 09:51:14,717 [INFO] ThirdParty:1030 - CMSIS Pack Vendor :STMicroelectronics X-CUBE-FREERTOS 1.2.0
2025-03-05 09:51:14,717 [INFO] ThirdParty:1030 - CMSIS Pack Vendor :STMicroelectronics X-CUBE-IPS 3.0.0
2025-03-05 09:51:14,717 [INFO] ThirdParty:1030 - CMSIS Pack Vendor :STMicroelectronics X-CUBE-AZRTOS-WB 2.0.0
2025-03-05 09:51:14,717 [INFO] ThirdParty:1030 - CMSIS Pack Vendor :STMicroelectronics X-CUBE-GNSS1 7.0.0
2025-03-05 09:51:14,717 [INFO] ThirdParty:1030 - CMSIS Pack Vendor :STMicroelectronics X-CUBE-GNSS1 7.0.1
2025-03-05 09:51:14,717 [INFO] ThirdParty:1030 - CMSIS Pack Vendor :STMicroelectronics X-CUBE-AZRTOS-F7 1.1.0
2025-03-05 09:51:14,717 [INFO] ThirdParty:1030 - CMSIS Pack Vendor :STMicroelectronics X-CUBE-AZRTOS-L5 2.0.0
2025-03-05 09:51:14,717 [INFO] ThirdParty:1030 - CMSIS Pack Vendor :STMicroelectronics USB_DEVICE 2.0.0
2025-03-05 09:51:14,717 [INFO] ThirdParty:1030 - CMSIS Pack Vendor :STMicroelectronics X-CUBE-NFC6 3.1.0
2025-03-05 09:51:14,717 [INFO] ThirdParty:1030 - CMSIS Pack Vendor :STMicroelectronics FP-SNS-STBOX1 2.0.0
2025-03-05 09:51:14,717 [INFO] ThirdParty:1030 - CMSIS Pack Vendor :STMicroelectronics X-CUBE-MEMS1 11.0.0
2025-03-05 09:51:14,717 [INFO] ThirdParty:1030 - CMSIS Pack Vendor :STMicroelectronics FreeRTOS 0.0.1
2025-03-05 09:51:14,717 [INFO] ThirdParty:1030 - CMSIS Pack Vendor :STMicroelectronics X-CUBE-AZRTOS-G0 1.1.0
2025-03-05 09:51:14,717 [INFO] ThirdParty:1030 - CMSIS Pack Vendor :STMicroelectronics X-CUBE-SAFEA1 1.2.2
2025-03-05 09:51:14,718 [INFO] ThirdParty:1030 - CMSIS Pack Vendor :STMicroelectronics X-CUBE-NFC4 3.0.0
2025-03-05 09:51:14,718 [INFO] ThirdParty:1030 - CMSIS Pack Vendor :STMicroelectronics X-CUBE-DPower 1.2.0
2025-03-05 09:51:14,718 [INFO] ThirdParty:1030 - CMSIS Pack Vendor :STMicroelectronics X-CUBE-SUBG2 5.0.0
2025-03-05 09:51:14,718 [INFO] ThirdParty:1030 - CMSIS Pack Vendor :STMicroelectronics STM32_WPAN 1.0.0
2025-03-05 09:51:14,718 [INFO] ThirdParty:1030 - CMSIS Pack Vendor :EmbeddedOffice I-CUBE-FS-RTOS 1.0.1
2025-03-05 09:51:14,718 [INFO] ThirdParty:1030 - CMSIS Pack Vendor :STMicroelectronics lwIP 2.0.3
2025-03-05 09:51:14,718 [INFO] ThirdParty:1030 - CMSIS Pack Vendor :STMicroelectronics FP-SNS-FLIGHT1 5.0.2
2025-03-05 09:51:14,718 [INFO] ThirdParty:1030 - CMSIS Pack Vendor :Cesanta I-CUBE-Mongoose 7.13.0
2025-03-05 09:51:14,718 [INFO] ThirdParty:1030 - CMSIS Pack Vendor :STMicroelectronics USB_HOST 1.0.0
2025-03-05 09:51:14,718 [INFO] ThirdParty:1030 - CMSIS Pack Vendor :STMicroelectronics X-CUBE-AZRTOS-G4 2.0.0
2025-03-05 09:51:14,718 [INFO] ThirdParty:1030 - CMSIS Pack Vendor :STMicroelectronics PDM2PCM 3.1.0
2025-03-05 09:51:14,718 [INFO] ThirdParty:1030 - CMSIS Pack Vendor :STMicroelectronics PDM2PCM 3.3.0
2025-03-05 09:51:14,718 [INFO] ThirdParty:1030 - CMSIS Pack Vendor :STMicroelectronics X-CUBE-DISPLAY 3.0.0
2025-03-05 09:51:14,718 [INFO] ThirdParty:1030 - CMSIS Pack Vendor :STMicroelectronics X-CUBE-TCPP 4.2.0
2025-03-05 09:51:14,718 [INFO] ThirdParty:1030 - CMSIS Pack Vendor :RealThread X-CUBE-RT-Thread_Nano 4.1.1
2025-03-05 09:51:14,718 [INFO] ThirdParty:1030 - CMSIS Pack Vendor :STMicroelectronics X-CUBE-BLE1 7.0.0
2025-03-05 09:51:14,719 [INFO] ThirdParty:1030 - CMSIS Pack Vendor :STMicroelectronics FP-ATR-SIGFOX1 3.2.0
2025-03-05 09:51:14,719 [INFO] ThirdParty:1030 - CMSIS Pack Vendor :STMicroelectronics X-CUBE-NFC10 1.0.0
2025-03-05 09:51:14,719 [INFO] ThirdParty:1030 - CMSIS Pack Vendor :quantropi X-CUBE-qispace-sdk-base 1.9.3
2025-03-05 09:51:14,719 [INFO] ThirdParty:1030 - CMSIS Pack Vendor :STMicroelectronics X-CUBE-BLEMGR 4.0.0
2025-03-05 09:51:14,719 [INFO] ThirdParty:1030 - CMSIS Pack Vendor :STMicroelectronics X-CUBE-EEPRMA1 5.1.0
2025-03-05 09:51:14,719 [INFO] ThirdParty:1030 - CMSIS Pack Vendor :STMicroelectronics HAL Drivers 0.0.0
2025-03-05 09:51:14,719 [INFO] ThirdParty:1030 - CMSIS Pack Vendor :STMicroelectronics MBEDTLS 2.16.2
2025-03-05 09:51:14,719 [INFO] ThirdParty:1030 - CMSIS Pack Vendor :STMicroelectronics X-CUBE-IPS 3.1.0
2025-03-05 09:51:14,719 [INFO] ThirdParty:1030 - CMSIS Pack Vendor :STMicroelectronics X-CUBE-ALS 1.0.2
2025-03-05 09:51:14,719 [INFO] ThirdParty:1030 - CMSIS Pack Vendor :emotas I-CUBE-CANOPEN 1.3.0
2025-03-05 09:51:14,719 [INFO] ThirdParty:1030 - CMSIS Pack Vendor :STMicroelectronics X-CUBE-FREERTOS 1.3.0
2025-03-05 09:51:14,719 [INFO] ThirdParty:1030 - CMSIS Pack Vendor :wolfSSL I-CUBE-wolfSSL 5.7.4
2025-03-05 09:51:14,719 [INFO] ThirdParty:1030 - CMSIS Pack Vendor :STMicroelectronics X-CUBE-NFC7 1.0.1
2025-03-05 09:51:14,719 [INFO] ThirdParty:1030 - CMSIS Pack Vendor :STMicroelectronics MBEDTLS 2.14.1
2025-03-05 09:51:14,719 [INFO] ThirdParty:1030 - CMSIS Pack Vendor :ITTIA_DB I-CUBE-ITTIADB 8.9.0
2025-03-05 09:51:14,720 [INFO] ThirdParty:1030 - CMSIS Pack Vendor :STMicroelectronics X-CUBE-TOUCHGFX 4.24.2
2025-03-05 09:51:14,720 [INFO] ThirdParty:1030 - CMSIS Pack Vendor :STMicroelectronics X-CUBE-TOUCHGFX 4.24.1
2025-03-05 09:51:14,720 [INFO] ThirdParty:1030 - CMSIS Pack Vendor :wolfSSL I-CUBE-wolfTPM 3.4.0
2025-03-05 09:51:14,720 [INFO] ThirdParty:1030 - CMSIS Pack Vendor :portGmbH I-Cube-SoM-uGOAL 1.1.0
2025-03-05 09:51:14,720 [INFO] ThirdParty:1030 - CMSIS Pack Vendor :STMicroelectronics X-CUBE-BLEMGR 3.1.0
2025-03-05 09:51:14,720 [INFO] ThirdParty:1030 - CMSIS Pack Vendor :STMicroelectronics X-CUBE-AI 10.0.0
2025-03-05 09:51:14,720 [INFO] ThirdParty:1030 - CMSIS Pack Vendor :STMicroelectronics ThreadX 1.0.0
2025-03-05 09:51:14,720 [INFO] ThirdParty:1030 - CMSIS Pack Vendor :STMicroelectronics FP-SNS-SMARTAG2 1.2.0
2025-03-05 09:51:14,720 [INFO] ThirdParty:1030 - CMSIS Pack Vendor :STMicroelectronics X-CUBE-MEMS1 11.1.0
2025-03-05 09:51:14,720 [INFO] ThirdParty:1030 - CMSIS Pack Vendor :STMicroelectronics X-CUBE-AZRTOS-WL 2.0.0
2025-03-05 09:51:14,720 [INFO] ThirdParty:1030 - CMSIS Pack Vendor :SEGGER I-CUBE-embOS 1.3.1
2025-03-05 09:51:14,720 [INFO] ThirdParty:1030 - CMSIS Pack Vendor :STMicroelectronics X-CUBE-ALGOBUILD 1.4.0
2025-03-05 09:51:14,720 [INFO] ThirdParty:1030 - CMSIS Pack Vendor :STMicroelectronics FP-SNS-MOTENV1 5.0.0
2025-03-05 09:51:14,720 [INFO] ThirdParty:1030 - CMSIS Pack Vendor :STMicroelectronics USB_DEVICE 1.0.0
2025-03-05 09:51:14,720 [INFO] ThirdParty:1030 - CMSIS Pack Vendor :STMicroelectronics X-CUBE-AZRTOS-H7RS 1.0.0
2025-03-05 09:51:14,720 [INFO] ThirdParty:1030 - CMSIS Pack Vendor :wolfSSL I-CUBE-wolfMQTT 1.19.0
2025-03-05 09:51:14,720 [INFO] ThirdParty:1030 - CMSIS Pack Vendor :STMicroelectronics X-CUBE-AZRTOS-L4 2.0.0
2025-03-05 09:51:14,720 [INFO] ThirdParty:1030 - CMSIS Pack Vendor :STMicroelectronics ThreadX 0.0.2
2025-03-05 09:51:14,720 [INFO] ThirdParty:1030 - CMSIS Pack Vendor :WES I-CUBE-Cesium 1.3.0
2025-03-05 09:51:14,720 [INFO] ThirdParty:1030 - CMSIS Pack Vendor :STMicroelectronics FP-ATR-ASTRA1 2.0.0
2025-03-05 09:51:14,720 [INFO] ThirdParty:1030 - CMSIS Pack Vendor :STMicroelectronics lwIP 2.1.2
2025-03-05 09:51:14,720 [INFO] ThirdParty:1030 - CMSIS Pack Vendor :STMicroelectronics X-CUBE-SFXS2LP1 4.0.0
2025-03-05 09:51:14,720 [INFO] ThirdParty:1030 - CMSIS Pack Vendor :STMicroelectronics X-CUBE-BLE2 3.3.0
2025-03-05 09:51:14,720 [INFO] ThirdParty:1030 - CMSIS Pack Vendor :STMicroelectronics X-CUBE-TOF1 3.4.2
2025-03-05 09:51:14,720 [INFO] ThirdParty:1030 - CMSIS Pack Vendor :STMicroelectronics X-CUBE-AI 9.1.0
2025-03-05 09:51:14,720 [INFO] ThirdParty:1030 - CMSIS Pack Vendor :Infineon AIROC-Wi-Fi-Bluetooth-STM32 1.6.1
2025-03-05 09:51:14,720 [INFO] ThirdParty:1030 - CMSIS Pack Vendor :STMicroelectronics PDM2PCM 3.2.0
2025-03-05 09:51:14,720 [INFO] ThirdParty:1030 - CMSIS Pack Vendor :wolfSSL I-CUBE-wolfSSH 1.4.17
2025-03-05 09:51:14,721 [INFO] ThirdParty:841 - exiting critical section [change project]
2025-03-05 09:51:15,290 [INFO] PinOutPanel:1589 - setPackage(No Configuration,No Configuration)
2025-03-05 09:51:15,292 [INFO] PinOutPanel:1589 - setPackage(STM32F767ZGTx,LQFP144)
2025-03-05 09:51:16,013 [INFO] UtilMem:75 - Before build in PCC Used Memory: 727159608 Bytes (1073741824)
2025-03-05 09:51:17,148 [INFO] UtilMem:75 - After build in PCC Used Memory: 792697656 Bytes (1073741824)
2025-03-05 09:51:17,270 [INFO] ApiDbMcu:508 - Load IP Config File for FATFS
2025-03-05 09:51:17,307 [INFO] IPUIPlugin:80 - create IPUIPlugin
2025-03-05 09:51:17,307 [INFO] IPUIPlugin:80 - create IPUIPlugin
2025-03-05 09:51:17,307 [INFO] IPUIPlugin:80 - create IPUIPlugin
2025-03-05 09:51:17,307 [INFO] IPUIPlugin:80 - create IPUIPlugin
2025-03-05 09:51:17,307 [INFO] IPUIPlugin:80 - create IPUIPlugin
2025-03-05 09:51:17,308 [INFO] IPUIPlugin:80 - create IPUIPlugin
2025-03-05 09:51:17,308 [INFO] IPUIPlugin:80 - create IPUIPlugin
2025-03-05 09:51:17,308 [INFO] IPUIPlugin:80 - create IPUIPlugin
2025-03-05 09:51:17,308 [INFO] IPUIPlugin:80 - create IPUIPlugin
2025-03-05 09:51:17,308 [INFO] IPUIPlugin:80 - create IPUIPlugin
2025-03-05 09:51:17,308 [INFO] IPUIPlugin:80 - create IPUIPlugin
2025-03-05 09:51:17,308 [INFO] IPUIPlugin:80 - create IPUIPlugin
2025-03-05 09:51:17,308 [INFO] IPUIPlugin:80 - create IPUIPlugin
2025-03-05 09:51:17,309 [INFO] IPUIPlugin:80 - create IPUIPlugin
2025-03-05 09:51:17,309 [INFO] IPUIPlugin:80 - create IPUIPlugin
2025-03-05 09:51:17,309 [INFO] IPUIPlugin:80 - create IPUIPlugin
2025-03-05 09:51:17,309 [INFO] IPUIPlugin:80 - create IPUIPlugin
2025-03-05 09:51:17,309 [INFO] IPUIPlugin:80 - create IPUIPlugin
2025-03-05 09:51:17,310 [INFO] IPUIPlugin:80 - create IPUIPlugin
2025-03-05 09:51:17,310 [INFO] IPUIPlugin:80 - create IPUIPlugin
2025-03-05 09:51:17,310 [INFO] IPUIPlugin:80 - create IPUIPlugin
2025-03-05 09:51:17,310 [INFO] IPUIPlugin:80 - create IPUIPlugin
2025-03-05 09:51:17,310 [INFO] IPUIPlugin:80 - create IPUIPlugin
2025-03-05 09:51:17,310 [INFO] IPUIPlugin:80 - create IPUIPlugin
2025-03-05 09:51:17,310 [INFO] IPUIPlugin:80 - create IPUIPlugin
2025-03-05 09:51:17,311 [INFO] IPUIPlugin:80 - create IPUIPlugin
2025-03-05 09:51:17,311 [INFO] IPUIPlugin:80 - create IPUIPlugin
2025-03-05 09:51:17,311 [INFO] IPUIPlugin:80 - create IPUIPlugin
2025-03-05 09:51:17,311 [INFO] IPUIPlugin:80 - create IPUIPlugin
2025-03-05 09:51:17,312 [INFO] IPUIPlugin:80 - create IPUIPlugin
2025-03-05 09:51:17,312 [INFO] IPUIPlugin:80 - create IPUIPlugin
2025-03-05 09:51:17,312 [INFO] IPUIPlugin:80 - create IPUIPlugin
2025-03-05 09:51:17,312 [INFO] IPUIPlugin:80 - create IPUIPlugin
2025-03-05 09:51:17,313 [INFO] IPUIPlugin:80 - create IPUIPlugin
2025-03-05 09:51:17,313 [INFO] IPUIPlugin:80 - create IPUIPlugin
2025-03-05 09:51:17,313 [INFO] IPUIPlugin:80 - create IPUIPlugin
2025-03-05 09:51:17,313 [INFO] IPUIPlugin:80 - create IPUIPlugin
2025-03-05 09:51:17,313 [INFO] IPUIPlugin:80 - create IPUIPlugin
2025-03-05 09:51:17,313 [INFO] IPUIPlugin:80 - create IPUIPlugin
2025-03-05 09:51:17,314 [INFO] IPUIPlugin:80 - create IPUIPlugin
2025-03-05 09:51:17,314 [INFO] IPUIPlugin:80 - create IPUIPlugin
2025-03-05 09:51:17,314 [INFO] IPUIPlugin:80 - create IPUIPlugin
2025-03-05 09:51:17,315 [INFO] IPUIPlugin:80 - create IPUIPlugin
2025-03-05 09:51:17,315 [INFO] IPUIPlugin:80 - create IPUIPlugin
2025-03-05 09:51:17,315 [INFO] IPUIPlugin:80 - create IPUIPlugin
2025-03-05 09:51:17,315 [INFO] IPUIPlugin:80 - create IPUIPlugin
2025-03-05 09:51:17,316 [INFO] IPUIPlugin:80 - create IPUIPlugin
2025-03-05 09:51:17,316 [INFO] IPUIPlugin:80 - create IPUIPlugin
2025-03-05 09:51:17,316 [INFO] IPUIPlugin:80 - create IPUIPlugin
2025-03-05 09:51:17,316 [INFO] IPUIPlugin:80 - create IPUIPlugin
2025-03-05 09:51:17,317 [INFO] IPUIPlugin:80 - create IPUIPlugin
2025-03-05 09:51:17,317 [INFO] IPUIPlugin:80 - create IPUIPlugin
2025-03-05 09:51:17,317 [INFO] IPUIPlugin:80 - create IPUIPlugin
2025-03-05 09:51:17,317 [INFO] IPUIPlugin:80 - create IPUIPlugin
2025-03-05 09:51:17,317 [INFO] IPUIPlugin:80 - create IPUIPlugin
2025-03-05 09:51:17,317 [INFO] IPUIPlugin:80 - create IPUIPlugin
2025-03-05 09:51:17,318 [INFO] IPUIPlugin:80 - create IPUIPlugin
2025-03-05 09:51:17,318 [INFO] IPUIPlugin:80 - create IPUIPlugin
2025-03-05 09:51:17,318 [INFO] IPUIPlugin:80 - create IPUIPlugin
2025-03-05 09:51:17,318 [INFO] IPUIPlugin:80 - create IPUIPlugin
2025-03-05 09:51:17,319 [INFO] IPUIPlugin:80 - create IPUIPlugin
2025-03-05 09:51:17,319 [INFO] IPUIPlugin:80 - create IPUIPlugin
2025-03-05 09:51:17,319 [INFO] IPUIPlugin:80 - create IPUIPlugin
2025-03-05 09:51:17,320 [INFO] IPUIPlugin:80 - create IPUIPlugin
2025-03-05 09:51:17,320 [INFO] IPUIPlugin:80 - create IPUIPlugin
2025-03-05 09:51:17,320 [INFO] IPUIPlugin:80 - create IPUIPlugin
2025-03-05 09:51:17,321 [INFO] IPUIPlugin:80 - create IPUIPlugin
2025-03-05 09:51:17,321 [INFO] IPUIPlugin:80 - create IPUIPlugin
2025-03-05 09:51:17,321 [INFO] IPUIPlugin:80 - create IPUIPlugin
2025-03-05 09:51:17,322 [INFO] IPUIPlugin:80 - create IPUIPlugin
2025-03-05 09:51:17,322 [INFO] IPUIPlugin:80 - create IPUIPlugin
2025-03-05 09:51:17,322 [INFO] IPUIPlugin:80 - create IPUIPlugin
2025-03-05 09:51:17,323 [INFO] IPUIPlugin:80 - create IPUIPlugin
2025-03-05 09:51:17,323 [INFO] IPUIPlugin:80 - create IPUIPlugin
2025-03-05 09:51:17,324 [INFO] IPUIPlugin:80 - create IPUIPlugin
2025-03-05 09:51:17,324 [INFO] IPUIPlugin:80 - create IPUIPlugin
2025-03-05 09:51:17,324 [INFO] IPUIPlugin:80 - create IPUIPlugin
2025-03-05 09:51:17,324 [INFO] IPUIPlugin:80 - create IPUIPlugin
2025-03-05 09:51:17,325 [INFO] IPUIPlugin:80 - create IPUIPlugin
2025-03-05 09:51:17,355 [INFO] ApiDbMcu:508 - Load IP Config File for PDM2PCM
2025-03-05 09:51:17,364 [INFO] Can:71 - Can Add PropertyChangeListener com.st.microxplorer.plugins.ip.can.Can@3e45e066
2025-03-05 09:51:17,365 [INFO] Can:71 - Can Add PropertyChangeListener com.st.microxplorer.plugins.ip.can.Can@6a255625
2025-03-05 09:51:17,367 [INFO] Can:71 - Can Add PropertyChangeListener com.st.microxplorer.plugins.ip.can.Can@4d2d8696
2025-03-05 09:51:17,599 [INFO] CADModel:165 - CPN selected for project levelSTM32F767ZGT6
2025-03-05 09:51:17,599 [INFO] CADModel:114 - Register for checkConnection events
2025-03-05 09:51:17,658 [INFO] OpenFileManager:363 - Restore cursor
2025-03-05 09:51:22,634 [INFO] UtilMem:75 - End SaveConfig() Used Memory: 750950928 Bytes (1073741824)
2025-03-05 09:51:25,042 [INFO] UtilMem:75 - End SaveConfig() Used Memory: 797107864 Bytes (1073741824)
2025-03-05 09:51:25,483 [INFO] BlockDiagram:2766 - set Specific Code input for plugin: SPI
2025-03-05 09:51:25,483 [INFO] BlockDiagram:2766 - set Specific Code input for plugin: TIM6_7F77
2025-03-05 09:51:25,483 [INFO] BlockDiagram:2766 - set Specific Code input for plugin: CAN
2025-03-05 09:51:25,483 [INFO] BlockDiagram:2766 - set Specific Code input for plugin: CAN
2025-03-05 09:51:25,483 [INFO] BlockDiagram:2766 - set Specific Code input for plugin: TIM1_8F77
2025-03-05 09:51:25,483 [INFO] BlockDiagram:2766 - set Specific Code input for plugin: CAN
2025-03-05 09:51:25,483 [INFO] BlockDiagram:2766 - set Specific Code input for plugin: TIM1_8F77
2025-03-05 09:51:25,483 [INFO] BlockDiagram:2766 - set Specific Code input for plugin: SYS
2025-03-05 09:51:25,483 [INFO] BlockDiagram:2766 - set Specific Code input for plugin: RCC
2025-03-05 09:51:25,483 [INFO] BlockDiagram:2766 - set Specific Code input for plugin: I2C
2025-03-05 09:51:25,484 [INFO] BlockDiagram:2766 - set Specific Code input for plugin: NVIC
2025-03-05 09:51:25,484 [INFO] BlockDiagram:2766 - set Specific Code input for plugin: USART
2025-03-05 09:51:25,484 [INFO] BlockDiagram:2766 - set Specific Code input for plugin: USART
2025-03-05 09:51:25,484 [INFO] BlockDiagram:2766 - set Specific Code input for plugin: USART
2025-03-05 09:51:25,484 [INFO] BlockDiagram:2766 - set Specific Code input for plugin: USART
2025-03-05 09:51:25,484 [INFO] BlockDiagram:2766 - set Specific Code input for plugin: UART
2025-03-05 09:51:25,484 [INFO] BlockDiagram:2766 - set Specific Code input for plugin: GPIO
2025-03-05 09:51:25,485 [INFO] BlockDiagram:2766 - set Specific Code input for plugin: FATFS
2025-03-05 09:51:25,486 [INFO] CodeGenerator:896 - code generatio: config db path: C:\ST\STM32CubeIDE_1.16.1\STM32CubeIDE\plugins\com.st.stm32cube.common.mx_6.13.0.202411220809\\db\
2025-03-05 09:51:25,757 [INFO] CodeEngine:255 - oldGeneratedFile, C:\Users\Chinnapop\STM32CubeIDE\workspace\test\MXTmpFiles\license.tmp_save
2025-03-05 09:51:26,140 [INFO] CodeEngine:279 - Generated code: C:\Users\Chinnapop\STM32CubeIDE\workspace\test\MXTmpFiles\license.tmp
2025-03-05 09:51:26,346 [INFO] CodeEngine:255 - oldGeneratedFile, C:\Users\Chinnapop\STM32CubeIDE\workspace\test\Core\Src\gpio.c_save
2025-03-05 09:51:26,526 [INFO] CodeEngine:279 - Generated code: C:\Users\Chinnapop\STM32CubeIDE\workspace\test\Core\Src\gpio.c
2025-03-05 09:51:26,537 [INFO] CodeEngine:255 - oldGeneratedFile, C:\Users\Chinnapop\STM32CubeIDE\workspace\test\Core\Inc\gpio.h_save
2025-03-05 09:51:26,631 [INFO] CodeEngine:279 - Generated code: C:\Users\Chinnapop\STM32CubeIDE\workspace\test\Core\Inc\gpio.h
2025-03-05 09:51:29,067 [INFO] Middleware:1450 - No code input for Bsp Dependency
2025-03-05 09:51:29,075 [INFO] CodeEngine:255 - oldGeneratedFile, C:\Users\Chinnapop\STM32CubeIDE\workspace\test\MXTmpFiles\fatfs_HalInit.tmp_save
2025-03-05 09:51:29,142 [INFO] CodeEngine:279 - Generated code: C:\Users\Chinnapop\STM32CubeIDE\workspace\test\MXTmpFiles\fatfs_HalInit.tmp
2025-03-05 09:51:29,148 [INFO] CodeEngine:255 - oldGeneratedFile, C:\Users\Chinnapop\STM32CubeIDE\workspace\test\MXTmpFiles\fatfs_vars.tmp_save
2025-03-05 09:51:29,203 [INFO] CodeEngine:279 - Generated code: C:\Users\Chinnapop\STM32CubeIDE\workspace\test\MXTmpFiles\fatfs_vars.tmp
2025-03-05 09:51:29,210 [INFO] CodeEngine:255 - oldGeneratedFile, C:\Users\Chinnapop\STM32CubeIDE\workspace\test\MXTmpFiles\fatfs_ext_vars.tmp_save
2025-03-05 09:51:29,267 [INFO] CodeEngine:279 - Generated code: C:\Users\Chinnapop\STM32CubeIDE\workspace\test\MXTmpFiles\fatfs_ext_vars.tmp
2025-03-05 09:51:29,275 [INFO] CodeEngine:255 - oldGeneratedFile, C:\Users\Chinnapop\STM32CubeIDE\workspace\test\MXTmpFiles\fatfs_inc.tmp_save
2025-03-05 09:51:29,326 [INFO] CodeEngine:279 - Generated code: C:\Users\Chinnapop\STM32CubeIDE\workspace\test\MXTmpFiles\fatfs_inc.tmp
2025-03-05 09:51:29,340 [INFO] CodeEngine:255 - oldGeneratedFile, C:\Users\Chinnapop\STM32CubeIDE\workspace\test\Core\Src\can.c_save
2025-03-05 09:51:29,481 [INFO] CodeEngine:279 - Generated code: C:\Users\Chinnapop\STM32CubeIDE\workspace\test\Core\Src\can.c
2025-03-05 09:51:29,489 [INFO] CodeEngine:255 - oldGeneratedFile, C:\Users\Chinnapop\STM32CubeIDE\workspace\test\Core\Inc\can.h_save
2025-03-05 09:51:29,548 [INFO] CodeEngine:279 - Generated code: C:\Users\Chinnapop\STM32CubeIDE\workspace\test\Core\Inc\can.h
2025-03-05 09:51:29,560 [INFO] CodeEngine:255 - oldGeneratedFile, C:\Users\Chinnapop\STM32CubeIDE\workspace\test\MXTmpFiles\cortex.tmp_save
2025-03-05 09:51:29,611 [INFO] CodeEngine:279 - Generated code: C:\Users\Chinnapop\STM32CubeIDE\workspace\test\MXTmpFiles\cortex.tmp
2025-03-05 09:51:29,622 [INFO] Middleware:1450 - No code input for Bsp Dependency
2025-03-05 09:51:29,630 [INFO] CodeEngine:255 - oldGeneratedFile, C:\Users\Chinnapop\STM32CubeIDE\workspace\test\MXTmpFiles\fatfs_HalInit.tmp_save
2025-03-05 09:51:29,691 [INFO] CodeEngine:279 - Generated code: C:\Users\Chinnapop\STM32CubeIDE\workspace\test\MXTmpFiles\fatfs_HalInit.tmp
2025-03-05 09:51:29,698 [INFO] CodeEngine:255 - oldGeneratedFile, C:\Users\Chinnapop\STM32CubeIDE\workspace\test\MXTmpFiles\fatfs_vars.tmp_save
2025-03-05 09:51:29,751 [INFO] CodeEngine:279 - Generated code: C:\Users\Chinnapop\STM32CubeIDE\workspace\test\MXTmpFiles\fatfs_vars.tmp
2025-03-05 09:51:29,759 [INFO] CodeEngine:255 - oldGeneratedFile, C:\Users\Chinnapop\STM32CubeIDE\workspace\test\MXTmpFiles\fatfs_ext_vars.tmp_save
2025-03-05 09:51:29,806 [INFO] CodeEngine:279 - Generated code: C:\Users\Chinnapop\STM32CubeIDE\workspace\test\MXTmpFiles\fatfs_ext_vars.tmp
2025-03-05 09:51:29,812 [INFO] CodeEngine:255 - oldGeneratedFile, C:\Users\Chinnapop\STM32CubeIDE\workspace\test\MXTmpFiles\fatfs_inc.tmp_save
2025-03-05 09:51:29,861 [INFO] CodeEngine:279 - Generated code: C:\Users\Chinnapop\STM32CubeIDE\workspace\test\MXTmpFiles\fatfs_inc.tmp
2025-03-05 09:51:29,868 [INFO] CodeEngine:255 - oldGeneratedFile, C:\Users\Chinnapop\STM32CubeIDE\workspace\test\FATFS\Target\ffconf.h_save
2025-03-05 09:51:29,958 [INFO] CodeEngine:279 - Generated code: C:\Users\Chinnapop\STM32CubeIDE\workspace\test\FATFS\Target\ffconf.h
2025-03-05 09:51:29,984 [INFO] CodeEngine:255 - oldGeneratedFile, C:\Users\Chinnapop\STM32CubeIDE\workspace\test\FATFS\Target\user_diskio.c_save
2025-03-05 09:51:30,064 [INFO] CodeEngine:279 - Generated code: C:\Users\Chinnapop\STM32CubeIDE\workspace\test\FATFS\Target\user_diskio.c
2025-03-05 09:51:30,073 [INFO] CodeEngine:255 - oldGeneratedFile, C:\Users\Chinnapop\STM32CubeIDE\workspace\test\FATFS\Target\user_diskio.h_save
2025-03-05 09:51:30,136 [INFO] CodeEngine:279 - Generated code: C:\Users\Chinnapop\STM32CubeIDE\workspace\test\FATFS\Target\user_diskio.h
2025-03-05 09:51:30,143 [INFO] CodeEngine:255 - oldGeneratedFile, C:\Users\Chinnapop\STM32CubeIDE\workspace\test\FATFS\App\fatfs.c_save
2025-03-05 09:51:30,237 [INFO] CodeEngine:279 - Generated code: C:\Users\Chinnapop\STM32CubeIDE\workspace\test\FATFS\App\fatfs.c
2025-03-05 09:51:30,250 [INFO] CodeEngine:255 - oldGeneratedFile, C:\Users\Chinnapop\STM32CubeIDE\workspace\test\FATFS\App\fatfs.h_save
2025-03-05 09:51:30,309 [INFO] CodeEngine:279 - Generated code: C:\Users\Chinnapop\STM32CubeIDE\workspace\test\FATFS\App\fatfs.h
2025-03-05 09:51:30,326 [INFO] CodeEngine:255 - oldGeneratedFile, C:\Users\Chinnapop\STM32CubeIDE\workspace\test\Core\Src\i2c.c_save
2025-03-05 09:51:30,419 [INFO] CodeEngine:279 - Generated code: C:\Users\Chinnapop\STM32CubeIDE\workspace\test\Core\Src\i2c.c
2025-03-05 09:51:30,428 [INFO] CodeEngine:255 - oldGeneratedFile, C:\Users\Chinnapop\STM32CubeIDE\workspace\test\Core\Inc\i2c.h_save
2025-03-05 09:51:30,483 [INFO] CodeEngine:279 - Generated code: C:\Users\Chinnapop\STM32CubeIDE\workspace\test\Core\Inc\i2c.h
2025-03-05 09:51:30,496 [INFO] CodeEngine:255 - oldGeneratedFile, C:\Users\Chinnapop\STM32CubeIDE\workspace\test\Core\Src\spi.c_save
2025-03-05 09:51:30,606 [INFO] CodeEngine:279 - Generated code: C:\Users\Chinnapop\STM32CubeIDE\workspace\test\Core\Src\spi.c
2025-03-05 09:51:30,622 [INFO] CodeEngine:255 - oldGeneratedFile, C:\Users\Chinnapop\STM32CubeIDE\workspace\test\Core\Inc\spi.h_save
2025-03-05 09:51:30,680 [INFO] CodeEngine:279 - Generated code: C:\Users\Chinnapop\STM32CubeIDE\workspace\test\Core\Inc\spi.h
2025-03-05 09:51:30,694 [INFO] CodeEngine:255 - oldGeneratedFile, C:\Users\Chinnapop\STM32CubeIDE\workspace\test\Core\Src\tim.c_save
2025-03-05 09:51:30,788 [INFO] CodeEngine:279 - Generated code: C:\Users\Chinnapop\STM32CubeIDE\workspace\test\Core\Src\tim.c
2025-03-05 09:51:30,796 [INFO] CodeEngine:255 - oldGeneratedFile, C:\Users\Chinnapop\STM32CubeIDE\workspace\test\Core\Inc\tim.h_save
2025-03-05 09:51:30,863 [INFO] CodeEngine:279 - Generated code: C:\Users\Chinnapop\STM32CubeIDE\workspace\test\Core\Inc\tim.h
2025-03-05 09:51:30,884 [INFO] CodeEngine:255 - oldGeneratedFile, C:\Users\Chinnapop\STM32CubeIDE\workspace\test\Core\Src\usart.c_save
2025-03-05 09:51:31,063 [INFO] CodeEngine:279 - Generated code: C:\Users\Chinnapop\STM32CubeIDE\workspace\test\Core\Src\usart.c
2025-03-05 09:51:31,077 [INFO] CodeEngine:255 - oldGeneratedFile, C:\Users\Chinnapop\STM32CubeIDE\workspace\test\Core\Inc\usart.h_save
2025-03-05 09:51:31,173 [INFO] CodeEngine:279 - Generated code: C:\Users\Chinnapop\STM32CubeIDE\workspace\test\Core\Inc\usart.h
2025-03-05 09:51:31,205 [INFO] CodeEngine:255 - oldGeneratedFile, C:\Users\Chinnapop\STM32CubeIDE\workspace\test\Core\Src\stm32f7xx_it.c_save
2025-03-05 09:51:31,402 [INFO] CodeEngine:279 - Generated code: C:\Users\Chinnapop\STM32CubeIDE\workspace\test\Core\Src\stm32f7xx_it.c
2025-03-05 09:51:31,411 [INFO] CodeEngine:255 - oldGeneratedFile, C:\Users\Chinnapop\STM32CubeIDE\workspace\test\Core\Inc\stm32f7xx_it.h_save
2025-03-05 09:51:31,466 [INFO] CodeEngine:279 - Generated code: C:\Users\Chinnapop\STM32CubeIDE\workspace\test\Core\Inc\stm32f7xx_it.h
2025-03-05 09:51:31,497 [INFO] CodeEngine:255 - oldGeneratedFile, C:\Users\Chinnapop\STM32CubeIDE\workspace\test\Core\Src\stm32f7xx_hal_msp.c_save
2025-03-05 09:51:31,573 [INFO] CodeEngine:279 - Generated code: C:\Users\Chinnapop\STM32CubeIDE\workspace\test\Core\Src\stm32f7xx_hal_msp.c
2025-03-05 09:51:31,581 [INFO] CodeEngine:255 - oldGeneratedFile, C:\Users\Chinnapop\STM32CubeIDE\workspace\test\MXTmpFiles\system.tmp_save
2025-03-05 09:51:31,639 [INFO] CodeEngine:279 - Generated code: C:\Users\Chinnapop\STM32CubeIDE\workspace\test\MXTmpFiles\system.tmp
2025-03-05 09:51:31,654 [INFO] CodeEngine:311 - oldGeneratedFile, C:\Users\Chinnapop\STM32CubeIDE\workspace\test\Core\Inc\stm32f7xx_hal_conf.h_save
2025-03-05 09:51:31,712 [INFO] CodeEngine:335 - Generated code: C:\Users\Chinnapop\STM32CubeIDE\workspace\test\Core\Inc\stm32f7xx_hal_conf.h
2025-03-05 09:51:31,750 [INFO] ApiDbMcu:508 - Load IP Config File for CAN1
2025-03-05 09:51:31,751 [INFO] ApiDbMcu:508 - Load IP Config File for CAN2
2025-03-05 09:51:31,754 [INFO] ApiDbMcu:508 - Load IP Config File for CAN3
2025-03-05 09:51:31,756 [INFO] ApiDbMcu:508 - Load IP Config File for I2C2
2025-03-05 09:51:31,759 [INFO] ApiDbMcu:508 - Load IP Config File for SPI1
2025-03-05 09:51:31,769 [INFO] ApiDbMcu:508 - Load IP Config File for TIM1
2025-03-05 09:51:31,779 [INFO] ApiDbMcu:508 - Load IP Config File for TIM2
2025-03-05 09:51:31,788 [INFO] ApiDbMcu:508 - Load IP Config File for TIM6
2025-03-05 09:51:31,791 [INFO] ApiDbMcu:508 - Load IP Config File for UART5
2025-03-05 09:51:31,795 [INFO] ApiDbMcu:508 - Load IP Config File for USART1
2025-03-05 09:51:31,799 [INFO] ApiDbMcu:508 - Load IP Config File for USART2
2025-03-05 09:51:31,803 [INFO] ApiDbMcu:508 - Load IP Config File for USART3
2025-03-05 09:51:31,807 [INFO] ApiDbMcu:508 - Load IP Config File for USART6
2025-03-05 09:51:31,810 [INFO] ApiDbMcu:508 - Load IP Config File for RCC
2025-03-05 09:51:31,827 [INFO] CodeEngine:255 - oldGeneratedFile, C:\Users\Chinnapop\STM32CubeIDE\workspace\test\Core\Inc\main.h_save
2025-03-05 09:51:31,910 [INFO] CodeEngine:279 - Generated code: C:\Users\Chinnapop\STM32CubeIDE\workspace\test\Core\Inc\main.h
2025-03-05 09:51:31,916 [INFO] CodeEngine:255 - oldGeneratedFile, C:\Users\Chinnapop\STM32CubeIDE\workspace\test\Core\Src\main.c_save
2025-03-05 09:51:32,020 [INFO] CodeEngine:279 - Generated code: C:\Users\Chinnapop\STM32CubeIDE\workspace\test\Core\Src\main.c
2025-03-05 09:51:32,226 [INFO] ProjectBuilder:3289 - Time for Copy HAL[2] : 9mS.
2025-03-05 09:51:32,258 [INFO] ProjectBuilder:4876 - Project Generator version: 4.5.0-RC5
2025-03-05 09:51:32,355 [INFO] ConfigFileManager:1579 - The Die is : DIE451
2025-03-05 09:51:32,363 [INFO] ApiDbMcu:508 - Load IP Config File for FREERTOS
2025-03-05 09:51:32,367 [INFO] ApiDbMcu:508 - Load IP Config File for LIBJPEG
2025-03-05 09:51:32,379 [INFO] ApiDbMcu:508 - Load IP Config File for LWIP
2025-03-05 09:51:32,390 [INFO] ApiDbMcu:508 - Load IP Config File for MBEDTLS
2025-03-05 09:51:32,397 [INFO] ApiDbMcu:508 - Load IP Config File for USB_DEVICE
2025-03-05 09:51:32,403 [INFO] ApiDbMcu:508 - Load IP Config File for USB_HOST
2025-03-05 09:51:33,149 [INFO] LogOutputStream:77 - [STDOUT_REDIRECT] 
2025-03-05 09:51:35,667 [INFO] ProjectBuilder:5154 - Time for Generating toolchain IDE Files: 3410mS.
2025-03-05 09:51:35,672 [INFO] ProjectBuilder:3146 - Time for Copy CMSIS : 3mS.
2025-03-05 09:51:35,689 [INFO] ProjectBuilder:3146 - Time for Copy CMSIS : 6mS.
2025-03-05 09:53:12,695 [ERROR] LogOutputStream:75 - [STDERR_REDIRECT] 
2025-03-05 09:55:39,101 [INFO] Activator:176 - 


2025-03-05 09:55:39,103 [INFO] Activator:177 - !SESSION log4j initialized
2025-03-05 09:55:44,216 [INFO] LogOutputStream:77 - [STDOUT_REDIRECT] 
2025-03-05 09:55:46,541 [INFO] ApplicationProperties:184 - Using Application install path: C:\ST\STM32CubeIDE_1.16.1\STM32CubeIDE\plugins\com.st.stm32cube.common.mx_6.13.0.202411220809
2025-03-05 09:55:46,565 [INFO] DbMcusXml:78 - Set database path to: C:\ST\STM32CubeIDE_1.16.1\STM32CubeIDE\plugins\com.st.stm32cube.common.mx_6.13.0.202411220809\\db\/mcu/
2025-03-05 09:55:46,565 [INFO] ApiDb:274 - Set plugin database path to: C:\ST\STM32CubeIDE_1.16.1\STM32CubeIDE\plugins\com.st.stm32cube.common.mx_6.13.0.202411220809\\db\/plugins/boardmanager/
2025-03-05 09:55:46,566 [WARN] ApiDb:259 - Overriding images path with different value:  => C:\ST\STM32CubeIDE_1.16.1\STM32CubeIDE\plugins\com.st.stm32cube.common.mx_6.13.0.202411220809\\db\/plugins/mcufinder/images/
2025-03-05 09:55:46,583 [INFO] ApiDb:250 - Set database path to: C:\Users\Chinnapop\.stmcufinder\plugins\mcufinder//mcu/
2025-03-05 09:55:46,585 [INFO] DbMcusAds:125 - Set database path to: C:\Users\Chinnapop\.stmcufinder\plugins\mcufinder//mcu/
2025-03-05 09:55:46,588 [INFO] CrossReferenceDbSqlite:203 - Set database path to: C:\Users\Chinnapop\.stmcufinder\plugins\mcufinder//mcu/cs/
2025-03-05 09:55:46,717 [INFO] RulesReader:64 - Compatibility file has been processed (297 Rules)
2025-03-05 09:55:46,817 [INFO] DbMcusXml:78 - Set database path to: C:\ST\STM32CubeIDE_1.16.1\STM32CubeIDE\plugins\com.st.stm32cube.common.mx_6.13.0.202411220809\\db\/mcu/
2025-03-05 09:55:46,817 [INFO] ApiDb:274 - Set plugin database path to: C:\ST\STM32CubeIDE_1.16.1\STM32CubeIDE\plugins\com.st.stm32cube.common.mx_6.13.0.202411220809\\db\/plugins/boardmanager/
2025-03-05 09:55:46,817 [INFO] ApiDb:261 - Set plugin images path to: C:\ST\STM32CubeIDE_1.16.1\STM32CubeIDE\plugins\com.st.stm32cube.common.mx_6.13.0.202411220809\\db\/plugins/mcufinder/images/
2025-03-05 09:55:46,818 [WARN] DbFile:41 - Overriding database path with different value: C:\Users\Chinnapop\.stmcufinder\plugins\mcufinder/ => C:\Users\Chinnapop\.stmcufinder\plugins\mcufinder
2025-03-05 09:55:46,818 [INFO] ApiDb:250 - Set database path to: C:\Users\Chinnapop\.stmcufinder\plugins\mcufinder//mcu/
2025-03-05 09:55:46,818 [WARN] DbFile:41 - Overriding database path with different value: C:\Users\Chinnapop\.stmcufinder\plugins\mcufinder/ => C:\Users\Chinnapop\.stmcufinder\plugins\mcufinder
2025-03-05 09:55:46,818 [INFO] DbMcusAds:125 - Set database path to: C:\Users\Chinnapop\.stmcufinder\plugins\mcufinder//mcu/
2025-03-05 09:55:46,818 [WARN] DbFile:41 - Overriding database path with different value: C:\Users\Chinnapop\.stmcufinder\plugins\mcufinder/ => C:\Users\Chinnapop\.stmcufinder\plugins\mcufinder
2025-03-05 09:55:46,818 [WARN] DbFile:41 - Overriding database path with different value: C:\Users\Chinnapop\.stmcufinder\plugins\mcufinder/ => C:\Users\Chinnapop\.stmcufinder\plugins\mcufinder
2025-03-05 09:55:46,818 [INFO] CrossReferenceDbSqlite:203 - Set database path to: C:\Users\Chinnapop\.stmcufinder\plugins\mcufinder//mcu/cs/
2025-03-05 09:55:46,885 [INFO] MainPanel:272 - HeapMemory: 268435456
2025-03-05 09:55:46,965 [INFO] DbMcusXml:78 - Set database path to: C:\ST\STM32CubeIDE_1.16.1\STM32CubeIDE\plugins\com.st.stm32cube.common.mx_6.13.0.202411220809\\db\/mcu/
2025-03-05 09:55:46,965 [INFO] ApiDb:274 - Set plugin database path to: C:\ST\STM32CubeIDE_1.16.1\STM32CubeIDE\plugins\com.st.stm32cube.common.mx_6.13.0.202411220809\\db\/plugins/boardmanager/
2025-03-05 09:55:46,965 [INFO] ApiDb:261 - Set plugin images path to: C:\ST\STM32CubeIDE_1.16.1\STM32CubeIDE\plugins\com.st.stm32cube.common.mx_6.13.0.202411220809\\db\/plugins/mcufinder/images/
2025-03-05 09:55:46,966 [WARN] DbFile:41 - Overriding database path with different value: C:\Users\Chinnapop\.stmcufinder\plugins\mcufinder/ => C:\Users\Chinnapop\.stmcufinder\plugins\mcufinder
2025-03-05 09:55:46,966 [INFO] ApiDb:250 - Set database path to: C:\Users\Chinnapop\.stmcufinder\plugins\mcufinder//mcu/
2025-03-05 09:55:46,966 [WARN] DbFile:41 - Overriding database path with different value: C:\Users\Chinnapop\.stmcufinder\plugins\mcufinder/ => C:\Users\Chinnapop\.stmcufinder\plugins\mcufinder
2025-03-05 09:55:46,966 [INFO] DbMcusAds:125 - Set database path to: C:\Users\Chinnapop\.stmcufinder\plugins\mcufinder//mcu/
2025-03-05 09:55:46,966 [WARN] DbFile:41 - Overriding database path with different value: C:\Users\Chinnapop\.stmcufinder\plugins\mcufinder/ => C:\Users\Chinnapop\.stmcufinder\plugins\mcufinder
2025-03-05 09:55:46,966 [WARN] DbFile:41 - Overriding database path with different value: C:\Users\Chinnapop\.stmcufinder\plugins\mcufinder/ => C:\Users\Chinnapop\.stmcufinder\plugins\mcufinder
2025-03-05 09:55:46,966 [INFO] CrossReferenceDbSqlite:203 - Set database path to: C:\Users\Chinnapop\.stmcufinder\plugins\mcufinder//mcu/cs/
2025-03-05 09:55:46,985 [INFO] ApplicationProperties:184 - Using Application install path: C:\ST\STM32CubeIDE_1.16.1\STM32CubeIDE\plugins\com.st.stm32cube.common.mx_6.13.0.202411220809
2025-03-05 09:55:46,986 [INFO] PluginManage:196 - Search for loadable plugins [exclusion list=, ]
2025-03-05 09:55:46,987 [INFO] PluginManage:310 - Check plugin analytics
2025-03-05 09:55:47,173 [INFO] AnalyticsPlugin:253 - Accepted Software Licenses: 
2025-03-05 09:55:47,173 [INFO] AnalyticsPlugin:255 - Accepted CMSIS Pack Licenses: 
2025-03-05 09:55:47,174 [INFO] AnalyticsPlugin:257 - Accepted Firmware Licenses: FW.F7.1.17.0
2025-03-05 09:55:47,178 [INFO] PluginManage:359 - Loaded plugin analytics (category:tool,tabindex:-1)
2025-03-05 09:55:47,178 [INFO] PluginManage:310 - Check plugin cadmodel
2025-03-05 09:55:47,186 [INFO] CADModel:105 - Init CAD model plugin
2025-03-05 09:55:47,187 [INFO] PluginManage:359 - Loaded plugin cadmodel (category:power,tabindex:5)
2025-03-05 09:55:47,187 [INFO] PluginManage:310 - Check plugin clock
2025-03-05 09:55:47,199 [INFO] PluginManage:359 - Loaded plugin clock (category:base,tabindex:2)
2025-03-05 09:55:47,199 [INFO] PluginManage:310 - Check plugin ddr
2025-03-05 09:55:47,201 [INFO] PluginManage:359 - Loaded plugin ddr (category:tool,tabindex:6)
2025-03-05 09:55:47,201 [INFO] PluginManage:310 - Check plugin filemanager
2025-03-05 09:55:47,336 [INFO] PluginManage:359 - Loaded plugin filemanager (category:base,tabindex:10)
2025-03-05 09:55:47,336 [INFO] PluginManage:310 - Check plugin ipmanager
2025-03-05 09:55:47,343 [INFO] PluginManage:359 - Loaded plugin ipmanager (category:base,tabindex:5)
2025-03-05 09:55:47,344 [INFO] PluginManage:310 - Check plugin lpbam
2025-03-05 09:55:47,356 [INFO] PluginManage:359 - Loaded plugin lpbam (category:base,tabindex:0)
2025-03-05 09:55:47,356 [INFO] PluginManage:310 - Check plugin memorymap
2025-03-05 09:55:47,380 [INFO] PluginManage:359 - Loaded plugin memorymap (category:base,tabindex:4)
2025-03-05 09:55:47,380 [INFO] PluginManage:310 - Check plugin pinoutandconfiguration
2025-03-05 09:55:47,399 [INFO] PluginManage:359 - Loaded plugin pinoutandconfiguration (category:base,tabindex:1)
2025-03-05 09:55:47,399 [INFO] PluginManage:310 - Check plugin pinoutconfig
2025-03-05 09:55:47,640 [WARN] SupportedApi:132 - Cannot load RTOS API schema: s4s-elt-must-match.1: The content of 'definitions' must match (annotation?, (simpleType | complexType)?, (unique | key | keyref)*)). A problem was found starting at: attribute.
2025-03-05 09:55:48,324 [INFO] PluginManage:359 - Loaded plugin pinoutconfig (category:base,tabindex:0)
2025-03-05 09:55:48,325 [INFO] PluginManage:310 - Check plugin power
2025-03-05 09:55:48,355 [INFO] PluginManage:359 - Loaded plugin power (category:power,tabindex:4)
2025-03-05 09:55:48,355 [INFO] PluginManage:310 - Check plugin projectmanager
2025-03-05 09:55:48,391 [INFO] PluginManage:359 - Loaded plugin projectmanager (category:projectmanager,tabindex:4)
2025-03-05 09:55:48,392 [INFO] PluginManage:310 - Check plugin rif
2025-03-05 09:55:48,428 [INFO] PluginManage:359 - Loaded plugin rif (category:base,tabindex:3)
2025-03-05 09:55:48,428 [INFO] PluginManage:310 - Check plugin thirdparty
2025-03-05 09:55:48,713 [WARN] IntegrityCheckThread:84 - waiting for thirdparty lock release [integrity check]
2025-03-05 09:55:48,714 [INFO] IntegrityCheckThread:86 - entering critical section [integrity check]
2025-03-05 09:55:48,714 [INFO] ThirdPartyUpdaterWithRetryManager:70 - Updater plugin not ready yet. [1/15]
2025-03-05 09:55:48,715 [INFO] PluginManage:359 - Loaded plugin thirdparty (category:base,tabindex:-1)
2025-03-05 09:55:48,715 [INFO] PluginManage:310 - Check plugin tools
2025-03-05 09:55:48,728 [INFO] PluginManage:359 - Loaded plugin tools (category:base,tabindex:7)
2025-03-05 09:55:48,728 [INFO] PluginManage:310 - Check plugin tutovideos
2025-03-05 09:55:48,942 [INFO] PluginManage:359 - Loaded plugin tutovideos (category:base,tabindex:-1)
2025-03-05 09:55:48,943 [INFO] PluginManage:310 - Check plugin updater
2025-03-05 09:55:48,969 [INFO] PluginManage:359 - Loaded plugin updater (category:base,tabindex:12)
2025-03-05 09:55:48,970 [INFO] PluginManage:310 - Check plugin userauth
2025-03-05 09:55:48,979 [INFO] UserAuth:118 - Init User Auth plugin
2025-03-05 09:55:48,982 [INFO] PluginManage:359 - Loaded plugin userauth (category:base,tabindex:14)
2025-03-05 09:55:48,983 [INFO] PluginManage:283 - PluginManage : Loaded plugins [18]
2025-03-05 09:55:49,331 [INFO] PinOutPanel:1589 - setPackage(No Configuration,No Configuration)
2025-03-05 09:55:49,450 [INFO] CADModel:165 - CPN selected for project level
2025-03-05 09:55:49,451 [INFO] CADModel:114 - Register for checkConnection events
2025-03-05 09:55:49,476 [INFO] IPUIPlugin:80 - create IPUIPlugin
2025-03-05 09:55:49,476 [INFO] PluginManager:220 - loadIPPluginJar : add adc
2025-03-05 09:55:49,484 [INFO] IPUIPlugin:80 - create IPUIPlugin
2025-03-05 09:55:49,484 [INFO] PluginManager:220 - loadIPPluginJar : add aes
2025-03-05 09:55:49,491 [INFO] IPUIPlugin:80 - create IPUIPlugin
2025-03-05 09:55:49,492 [INFO] PluginManager:220 - loadIPPluginJar : add can
2025-03-05 09:55:49,498 [INFO] IPUIPlugin:80 - create IPUIPlugin
2025-03-05 09:55:49,499 [INFO] PluginManager:220 - loadIPPluginJar : add comp
2025-03-05 09:55:49,505 [INFO] IPUIPlugin:80 - create IPUIPlugin
2025-03-05 09:55:49,505 [INFO] PluginManager:220 - loadIPPluginJar : add cryp
2025-03-05 09:55:49,513 [INFO] IPUIPlugin:80 - create IPUIPlugin
2025-03-05 09:55:49,513 [INFO] PluginManager:220 - loadIPPluginJar : add ddr_ctrl_phy
2025-03-05 09:55:49,520 [INFO] IPUIPlugin:80 - create IPUIPlugin
2025-03-05 09:55:49,520 [INFO] PluginManager:220 - loadIPPluginJar : add dfsdm
2025-03-05 09:55:49,530 [INFO] IPUIPlugin:80 - create IPUIPlugin
2025-03-05 09:55:49,531 [INFO] PluginManager:220 - loadIPPluginJar : add dma
2025-03-05 09:55:49,537 [INFO] IPUIPlugin:80 - create IPUIPlugin
2025-03-05 09:55:49,538 [INFO] PluginManager:220 - loadIPPluginJar : add dma3
2025-03-05 09:55:49,545 [INFO] IPUIPlugin:80 - create IPUIPlugin
2025-03-05 09:55:49,545 [INFO] PluginManager:220 - loadIPPluginJar : add extmemmanager
2025-03-05 09:55:49,551 [INFO] IPUIPlugin:80 - create IPUIPlugin
2025-03-05 09:55:49,551 [INFO] PluginManager:220 - loadIPPluginJar : add fatfs
2025-03-05 09:55:49,561 [INFO] IPUIPlugin:80 - create IPUIPlugin
2025-03-05 09:55:49,561 [INFO] PluginManager:220 - loadIPPluginJar : add fmc
2025-03-05 09:55:49,571 [INFO] IPUIPlugin:80 - create IPUIPlugin
2025-03-05 09:55:49,571 [INFO] PluginManager:220 - loadIPPluginJar : add freertos
2025-03-05 09:55:49,577 [INFO] IPUIPlugin:80 - create IPUIPlugin
2025-03-05 09:55:49,577 [INFO] PluginManager:220 - loadIPPluginJar : add genericplugin
2025-03-05 09:55:49,583 [INFO] IPUIPlugin:80 - create IPUIPlugin
2025-03-05 09:55:49,584 [INFO] PluginManager:220 - loadIPPluginJar : add gfxmmu
2025-03-05 09:55:49,592 [INFO] IPUIPlugin:80 - create IPUIPlugin
2025-03-05 09:55:49,593 [INFO] PluginManager:220 - loadIPPluginJar : add gic
2025-03-05 09:55:49,601 [INFO] IPUIPlugin:80 - create IPUIPlugin
2025-03-05 09:55:49,601 [INFO] PluginManager:220 - loadIPPluginJar : add gpio
2025-03-05 09:55:49,608 [INFO] IPUIPlugin:80 - create IPUIPlugin
2025-03-05 09:55:49,608 [INFO] PluginManager:220 - loadIPPluginJar : add gtzc
2025-03-05 09:55:49,614 [INFO] IPUIPlugin:80 - create IPUIPlugin
2025-03-05 09:55:49,615 [INFO] PluginManager:220 - loadIPPluginJar : add hash
2025-03-05 09:55:49,625 [INFO] IPUIPlugin:80 - create IPUIPlugin
2025-03-05 09:55:49,625 [INFO] PluginManager:220 - loadIPPluginJar : add i2c
2025-03-05 09:55:49,632 [INFO] IPUIPlugin:80 - create IPUIPlugin
2025-03-05 09:55:49,633 [INFO] PluginManager:220 - loadIPPluginJar : add i2s
2025-03-05 09:55:49,639 [INFO] IPUIPlugin:80 - create IPUIPlugin
2025-03-05 09:55:49,639 [INFO] PluginManager:220 - loadIPPluginJar : add i3c
2025-03-05 09:55:49,646 [INFO] IPUIPlugin:80 - create IPUIPlugin
2025-03-05 09:55:49,647 [INFO] PluginManager:220 - loadIPPluginJar : add ipddr
2025-03-05 09:55:49,660 [INFO] IPUIPlugin:80 - create IPUIPlugin
2025-03-05 09:55:49,661 [INFO] PluginManager:220 - loadIPPluginJar : add linkedlist
2025-03-05 09:55:49,669 [INFO] IPUIPlugin:80 - create IPUIPlugin
2025-03-05 09:55:49,669 [INFO] PluginManager:220 - loadIPPluginJar : add lorawan
2025-03-05 09:55:49,676 [INFO] IPUIPlugin:80 - create IPUIPlugin
2025-03-05 09:55:49,676 [INFO] PluginManager:220 - loadIPPluginJar : add ltdc
2025-03-05 09:55:49,693 [INFO] IPUIPlugin:80 - create IPUIPlugin
2025-03-05 09:55:49,693 [INFO] PluginManager:220 - loadIPPluginJar : add mdma
2025-03-05 09:55:49,702 [INFO] IPUIPlugin:80 - create IPUIPlugin
2025-03-05 09:55:49,702 [INFO] PluginManager:220 - loadIPPluginJar : add nvic
2025-03-05 09:55:49,710 [INFO] IPUIPlugin:80 - create IPUIPlugin
2025-03-05 09:55:49,710 [INFO] PluginManager:220 - loadIPPluginJar : add opamp
2025-03-05 09:55:49,718 [INFO] IPUIPlugin:80 - create IPUIPlugin
2025-03-05 09:55:49,718 [INFO] PluginManager:220 - loadIPPluginJar : add openamp
2025-03-05 09:55:49,728 [INFO] IPUIPlugin:80 - create IPUIPlugin
2025-03-05 09:55:49,729 [INFO] PluginManager:220 - loadIPPluginJar : add pdm2pcm
2025-03-05 09:55:49,747 [INFO] IPUIPlugin:80 - create IPUIPlugin
2025-03-05 09:55:49,750 [INFO] PluginManager:220 - loadIPPluginJar : add plateformsettings
2025-03-05 09:55:49,760 [INFO] IPUIPlugin:80 - create IPUIPlugin
2025-03-05 09:55:49,760 [INFO] PluginManager:220 - loadIPPluginJar : add quadspi
2025-03-05 09:55:49,770 [INFO] IPUIPlugin:80 - create IPUIPlugin
2025-03-05 09:55:49,772 [INFO] PluginManager:220 - loadIPPluginJar : add radio
2025-03-05 09:55:49,785 [INFO] IPUIPlugin:80 - create IPUIPlugin
2025-03-05 09:55:49,785 [INFO] PluginManager:220 - loadIPPluginJar : add resmgrutility
2025-03-05 09:55:49,792 [INFO] IPUIPlugin:80 - create IPUIPlugin
2025-03-05 09:55:49,792 [INFO] PluginManager:220 - loadIPPluginJar : add sai
2025-03-05 09:55:49,798 [INFO] IPUIPlugin:80 - create IPUIPlugin
2025-03-05 09:55:49,798 [INFO] PluginManager:220 - loadIPPluginJar : add spi
2025-03-05 09:55:49,807 [INFO] IPUIPlugin:80 - create IPUIPlugin
2025-03-05 09:55:49,807 [INFO] PluginManager:220 - loadIPPluginJar : add stm32_wpan
2025-03-05 09:55:49,822 [INFO] IPUIPlugin:80 - create IPUIPlugin
2025-03-05 09:55:49,823 [INFO] PluginManager:220 - loadIPPluginJar : add tim
2025-03-05 09:55:49,834 [INFO] IPUIPlugin:80 - create IPUIPlugin
2025-03-05 09:55:49,835 [INFO] PluginManager:220 - loadIPPluginJar : add touchsensing
2025-03-05 09:55:49,841 [INFO] IPUIPlugin:80 - create IPUIPlugin
2025-03-05 09:55:49,842 [INFO] PluginManager:220 - loadIPPluginJar : add tracer_emb
2025-03-05 09:55:49,850 [INFO] IPUIPlugin:80 - create IPUIPlugin
2025-03-05 09:55:49,850 [INFO] PluginManager:220 - loadIPPluginJar : add ts
2025-03-05 09:55:49,857 [INFO] IPUIPlugin:80 - create IPUIPlugin
2025-03-05 09:55:49,857 [INFO] PluginManager:220 - loadIPPluginJar : add tsc
2025-03-05 09:55:49,881 [INFO] IPUIPlugin:80 - create IPUIPlugin
2025-03-05 09:55:49,881 [INFO] PluginManager:220 - loadIPPluginJar : add ucpd
2025-03-05 09:55:49,894 [INFO] IPUIPlugin:80 - create IPUIPlugin
2025-03-05 09:55:49,895 [INFO] PluginManager:220 - loadIPPluginJar : add usart
2025-03-05 09:55:49,906 [INFO] IPUIPlugin:80 - create IPUIPlugin
2025-03-05 09:55:49,906 [INFO] PluginManager:220 - loadIPPluginJar : add usbx
2025-03-05 09:55:50,034 [FATAL] Updater:351 - Updater called before beeing initialized
2025-03-05 09:55:50,068 [INFO] RulesReader:64 - Compatibility file has been processed (297 Rules)
2025-03-05 09:55:50,081 [INFO] RulesReader:64 - Compatibility file has been processed (297 Rules)
2025-03-05 09:55:50,096 [INFO] CADModel:165 - CPN selected for project level
2025-03-05 09:55:50,096 [INFO] CADModel:114 - Register for checkConnection events
2025-03-05 09:55:50,096 [FATAL] Updater:351 - Updater called before beeing initialized
2025-03-05 09:55:50,097 [ERROR] CADModel:125 - Updater not yet initialized, retry later 
2025-03-05 09:55:50,315 [FATAL] Updater:351 - Updater called before beeing initialized
2025-03-05 09:55:50,317 [INFO] CADModel:165 - CPN selected for project level
2025-03-05 09:55:50,317 [INFO] CADModel:114 - Register for checkConnection events
2025-03-05 09:55:50,317 [FATAL] Updater:351 - Updater called before beeing initialized
2025-03-05 09:55:50,317 [ERROR] CADModel:125 - Updater not yet initialized, retry later 
2025-03-05 09:55:50,320 [FATAL] Updater:351 - Updater called before beeing initialized
2025-03-05 09:55:50,429 [FATAL] Updater:351 - Updater called before beeing initialized
2025-03-05 09:55:50,433 [INFO] DbMcusAds:53 - JSON generation date=Tue Dec 17 23:01:15 ICT 2024 (1734451275143)
2025-03-05 09:55:50,433 [FATAL] Updater:351 - Updater called before beeing initialized
2025-03-05 09:55:50,464 [WARN] DetailPanel:346 - Failed to get advertising image, set to default
2025-03-05 09:55:50,660 [FATAL] Updater:351 - Updater called before beeing initialized
2025-03-05 09:55:50,661 [FATAL] Updater:351 - Updater called before beeing initialized
2025-03-05 09:55:50,662 [FATAL] Updater:351 - Updater called before beeing initialized
2025-03-05 09:55:50,662 [WARN] DetailPanel:346 - Failed to get advertising image, set to default
2025-03-05 09:55:50,663 [FATAL] Updater:351 - Updater called before beeing initialized
2025-03-05 09:55:50,720 [ERROR] Updater:1198 - MainUpdater not yet initialized. External WinMGr cannot be set.
2025-03-05 09:55:50,726 [INFO] Updater:1134 - Updater Version found : 6.13.0
2025-03-05 09:55:50,740 [INFO] ApplicationProperties:184 - Using Application install path: C:\ST\STM32CubeIDE_1.16.1\STM32CubeIDE\plugins\com.st.stm32cube.common.mx_6.13.0.202411220809
2025-03-05 09:55:51,715 [INFO] ThirdPartyUpdaterWithRetryManager:70 - Updater plugin not ready yet. [2/15]
2025-03-05 09:55:52,315 [ERROR] LogOutputStream:75 - [STDERR_REDIRECT] Mar 05, 2025 9:55:52 AM java.util.prefs.WindowsPreferences <init>
2025-03-05 09:55:52,318 [ERROR] LogOutputStream:75 - [STDERR_REDIRECT] WARNING: Could not open/create prefs root node Software\JavaSoft\Prefs at root 0xffffffff80000002. Windows RegCreateKeyEx(...) returned error code 5.
2025-03-05 09:55:52,318 [ERROR] LogOutputStream:75 - [STDERR_REDIRECT] 
2025-03-05 09:55:53,288 [INFO] MainUpdater:2872 - connection check result : 10
2025-03-05 09:55:53,290 [INFO] MainUpdater:289 - Updater Check For Update Now.
2025-03-05 09:55:53,290 [INFO] MicroXplorer:498 - Change Database Version : DB.6.0.130
2025-03-05 09:55:53,313 [INFO] McuFinderGlobals:63 - Set McuFinder mode to 2 (CubeIDE integrated)
2025-03-05 09:55:53,314 [INFO] UserAuth:486 - Internet connection configuration mode: 1
2025-03-05 09:55:53,362 [INFO] JxBrowserEngine:152 - Initiate JxBrowser Engine with user profile folder
2025-03-05 09:55:53,492 [INFO] CheckServerUpdateThread:120 - End of CheckServer Thread
2025-03-05 09:55:54,248 [INFO] WebApp:168 - Instantiating new browser for Auth
2025-03-05 09:55:54,985 [INFO] WebApp:449 - Apply proxy settings
2025-03-05 09:55:54,985 [INFO] WebApp:534 - Chromium requires no authentication
2025-03-05 09:55:54,988 [WARN] PackLoader:240 - Cannot read IP mode file for STMicroelectronics.FP-SNS-MOTENVWB1.1.4.0
2025-03-05 09:55:54,994 [INFO] WebApp:477 - Direct internet connection detected
2025-03-05 09:55:54,997 [WARN] PackLoader:240 - Cannot read IP mode file for STMicroelectronics.FP-ATR-ASTRA1.2.0.2
2025-03-05 09:55:55,003 [WARN] PackLoader:240 - Cannot read IP mode file for STMicroelectronics.FP-ATR-ASTRA1.2.0.1
2025-03-05 09:55:55,010 [WARN] PackLoader:240 - Cannot read IP mode file for STMicroelectronics.X-CUBE-SMBUS.2.1.0
2025-03-05 09:55:55,015 [INFO] WebApp:880 - Register for checkConnection events
2025-03-05 09:55:55,016 [INFO] WebApp:449 - Apply proxy settings
2025-03-05 09:55:55,016 [INFO] WebApp:534 - Chromium requires no authentication
2025-03-05 09:55:55,016 [INFO] WebApp:477 - Direct internet connection detected
2025-03-05 09:55:55,018 [WARN] PackLoader:240 - Cannot read IP mode file for STMicroelectronics.X-CUBE-WB05N.1.1.0
2025-03-05 09:55:55,048 [WARN] PackLoader:240 - Cannot read IP mode file for STMicroelectronics.X-CUBE-AZRTOS-F7.1.1.0
2025-03-05 09:55:55,096 [WARN] PackLoader:240 - Cannot read IP mode file for STMicroelectronics.X-CUBE-MEMS1.11.0.0
2025-03-05 09:55:55,203 [WARN] PackLoader:240 - Cannot read IP mode file for STMicroelectronics.FP-SNS-FLIGHT1.5.0.2
2025-03-05 09:55:55,214 [WARN] PackLoader:240 - Cannot read IP mode file for STMicroelectronics.X-CUBE-DISPLAY.3.0.0
2025-03-05 09:55:55,221 [WARN] PackLoader:240 - Cannot read IP mode file for STMicroelectronics.X-CUBE-BLE1.7.0.0
2025-03-05 09:55:55,227 [WARN] PackLoader:240 - Cannot read IP mode file for STMicroelectronics.X-CUBE-NFC10.1.0.0
2025-03-05 09:55:55,234 [WARN] PackLoader:240 - Cannot read IP mode file for STMicroelectronics.X-CUBE-BLEMGR.4.0.0
2025-03-05 09:55:55,244 [WARN] PackLoader:240 - Cannot read IP mode file for emotas.I-CUBE-CANOPEN.1.3.0
2025-03-05 09:55:55,252 [WARN] PackLoader:240 - Cannot read IP mode file for STMicroelectronics.X-CUBE-BLEMGR.3.1.0
2025-03-05 09:55:55,258 [WARN] PackLoader:240 - Cannot read IP mode file for STMicroelectronics.X-CUBE-AI.10.0.0
2025-03-05 09:55:55,262 [WARN] PackLoader:240 - Cannot read IP mode file for STMicroelectronics.FP-SNS-SMARTAG2.1.2.0
2025-03-05 09:55:55,302 [WARN] PackLoader:240 - Cannot read IP mode file for STMicroelectronics.X-CUBE-MEMS1.11.1.0
2025-03-05 09:55:55,461 [INFO] WebApp:187 - Connection restablished
2025-03-05 09:55:55,468 [INFO] LogOutputStream:77 - [STDOUT_REDIRECT] 1 : Invalid condition id : UX_CORESTACK_Condition cause : null
2025-03-05 09:55:55,470 [INFO] LogOutputStream:77 - [STDOUT_REDIRECT] 1 : Invalid condition id : UX_CORESTACK_Condition cause : null
2025-03-05 09:55:55,472 [INFO] LogOutputStream:77 - [STDOUT_REDIRECT] 1 : Invalid condition id : UX_CORESTACK_Condition cause : null
2025-03-05 09:55:55,474 [INFO] LogOutputStream:77 - [STDOUT_REDIRECT] 1 : Invalid condition id : UX_CORESTACK_Condition cause : null
2025-03-05 09:55:55,477 [INFO] LogOutputStream:77 - [STDOUT_REDIRECT] 1 : Invalid condition id : UX_CORESTACK_Condition cause : null
2025-03-05 09:55:55,479 [WARN] PackLoader:240 - Cannot read IP mode file for STMicroelectronics.X-CUBE-AZRTOS-WL.2.0.0
2025-03-05 09:55:55,485 [WARN] PackLoader:240 - Cannot read IP mode file for STMicroelectronics.FP-SNS-MOTENV1.5.0.0
2025-03-05 09:55:55,492 [WARN] PackLoader:240 - Cannot read IP mode file for wolfSSL.I-CUBE-wolfMQTT.1.19.0
2025-03-05 09:55:55,507 [WARN] PackLoader:240 - Cannot read IP mode file for WES.I-CUBE-Cesium.1.3.0
2025-03-05 09:55:55,512 [WARN] PackLoader:240 - Cannot read IP mode file for STMicroelectronics.X-CUBE-BLE2.3.3.0
2025-03-05 09:55:55,517 [WARN] PackLoader:240 - Cannot read IP mode file for STMicroelectronics.X-CUBE-NFC9.1.0.0
2025-03-05 09:55:55,523 [WARN] PackLoader:240 - Cannot read IP mode file for STMicroelectronics.X-CUBE-BLE1.7.1.0
2025-03-05 09:55:55,529 [WARN] PackLoader:240 - Cannot read IP mode file for STMicroelectronics.X-CUBE-TCPP.4.1.0
2025-03-05 09:55:55,541 [WARN] PackLoader:240 - Cannot read IP mode file for STMicroelectronics.X-CUBE-AZRTOS-G0.1.1.0
2025-03-05 09:55:55,548 [WARN] PackLoader:240 - Cannot read IP mode file for STMicroelectronics.X-CUBE-SAFEA1.1.2.2
2025-03-05 09:55:55,555 [WARN] PackLoader:240 - Cannot read IP mode file for STMicroelectronics.X-CUBE-NFC4.3.0.0
2025-03-05 09:55:55,565 [WARN] PackLoader:240 - Cannot read IP mode file for EmbeddedOffice.I-CUBE-FS-RTOS.1.0.1
2025-03-05 09:55:55,573 [WARN] PackLoader:240 - Cannot read IP mode file for STMicroelectronics.X-CUBE-TCPP.4.2.0
2025-03-05 09:55:55,582 [WARN] PackLoader:240 - Cannot read IP mode file for RealThread.X-CUBE-RT-Thread_Nano.4.1.1
2025-03-05 09:55:55,587 [WARN] PackLoader:240 - Cannot read IP mode file for STMicroelectronics.FP-ATR-SIGFOX1.3.2.0
2025-03-05 09:55:55,596 [WARN] ConditionMgr:438 - getConditionDescription Invalid condition id : Cortex-A Device cause : null
2025-03-05 09:55:55,624 [WARN] ConditionMgr:1044 - genDependencies : Invalid condition id : Cortex-A Device cause : null
2025-03-05 09:55:55,624 [WARN] ConditionMgr:1044 - genDependencies : Invalid condition id : Cortex-A Device cause : null
2025-03-05 09:55:55,624 [WARN] ConditionMgr:1044 - genDependencies : Invalid condition id : Cortex-A Device cause : null
2025-03-05 09:55:55,633 [WARN] PackLoader:240 - Cannot read IP mode file for STMicroelectronics.X-CUBE-EEPRMA1.5.1.0
2025-03-05 09:55:55,641 [WARN] PackLoader:240 - Cannot read IP mode file for wolfSSL.I-CUBE-wolfSSL.5.7.4
2025-03-05 09:55:55,651 [WARN] PackLoader:240 - Cannot read IP mode file for ITTIA_DB.I-CUBE-ITTIADB.8.9.0
2025-03-05 09:55:55,684 [WARN] PackLoader:240 - Cannot read IP mode file for SEGGER.I-CUBE-embOS.1.3.1
2025-03-05 09:55:55,714 [WARN] PackLoader:240 - Cannot read IP mode file for STMicroelectronics.X-CUBE-ALGOBUILD.1.4.0
2025-03-05 09:55:55,718 [WARN] PackLoader:240 - Cannot read IP mode file for STMicroelectronics.X-CUBE-AI.9.1.0
2025-03-05 09:55:55,732 [WARN] PackLoader:240 - Cannot read IP mode file for STMicroelectronics.X-CUBE-AZRTOS-F4.1.1.0
2025-03-05 09:55:55,738 [WARN] PackLoader:240 - Cannot read IP mode file for STMicroelectronics.X-CUBE-ISPU.2.1.0
2025-03-05 09:55:55,744 [WARN] PackLoader:240 - Cannot read IP mode file for STMicroelectronics.X-CUBE-FREERTOS.1.2.0
2025-03-05 09:55:55,759 [WARN] PackLoader:240 - Cannot read IP mode file for STMicroelectronics.X-CUBE-AZRTOS-L5.2.0.0
2025-03-05 09:55:55,771 [WARN] PackLoader:240 - Cannot read IP mode file for STMicroelectronics.X-CUBE-NFC6.3.1.0
2025-03-05 09:55:55,779 [WARN] PackLoader:240 - Cannot read IP mode file for STMicroelectronics.X-CUBE-DPower.1.2.0
2025-03-05 09:55:55,783 [WARN] PackLoader:240 - Cannot read IP mode file for STMicroelectronics.X-CUBE-FREERTOS.1.3.0
2025-03-05 09:55:55,791 [WARN] PackLoader:240 - Cannot read IP mode file for STMicroelectronics.X-CUBE-NFC7.1.0.1
2025-03-05 09:55:55,825 [WARN] ConditionMgr:438 - getConditionDescription Invalid condition id : LAN8742 Phy interface Condition cause : null
2025-03-05 09:55:55,825 [WARN] PackLoader:240 - Cannot read IP mode file for STMicroelectronics.X-CUBE-AZRTOS-L4.2.0.0
2025-03-05 09:55:55,826 [WARN] ConditionMgr:1044 - genDependencies : Invalid condition id : LAN8742 Phy interface Condition cause : null
2025-03-05 09:55:55,826 [WARN] ConditionMgr:1044 - genDependencies : Invalid condition id : LAN8742 Phy interface Condition cause : null
2025-03-05 09:55:55,827 [WARN] ConditionMgr:1044 - genDependencies : Invalid condition id : LAN8742 Phy interface Condition cause : null
2025-03-05 09:55:55,836 [WARN] PackLoader:240 - Cannot read IP mode file for STMicroelectronics.X-CUBE-SFXS2LP1.4.0.0
2025-03-05 09:55:55,853 [WARN] PackLoader:240 - Cannot read IP mode file for STMicroelectronics.X-CUBE-AZRTOS-H7.3.3.0
2025-03-05 09:55:55,865 [WARN] PackLoader:240 - Cannot read IP mode file for STMicroelectronics.X-CUBE-IPS.3.0.0
2025-03-05 09:55:55,880 [WARN] ConditionMgr:438 - getConditionDescription Invalid condition id : UX DEVICE CLASS RTOS Condition cause : null
2025-03-05 09:55:55,881 [WARN] ConditionMgr:438 - getConditionDescription Invalid condition id : UX DEVICE CLASS RTOS Condition cause : null
2025-03-05 09:55:55,882 [WARN] PackLoader:240 - Cannot read IP mode file for STMicroelectronics.X-CUBE-AZRTOS-WB.2.0.0
2025-03-05 09:55:55,883 [WARN] ConditionMgr:1044 - genDependencies : Invalid condition id : UX DEVICE CLASS RTOS Condition cause : null
2025-03-05 09:55:55,883 [WARN] ConditionMgr:1044 - genDependencies : Invalid condition id : UX DEVICE CLASS RTOS Condition cause : null
2025-03-05 09:55:55,883 [WARN] ConditionMgr:1044 - genDependencies : Invalid condition id : UX DEVICE CLASS RTOS Condition cause : null
2025-03-05 09:55:55,883 [WARN] ConditionMgr:1044 - genDependencies : Invalid condition id : UX DEVICE CLASS RTOS Condition cause : null
2025-03-05 09:55:55,883 [WARN] ConditionMgr:1044 - genDependencies : Invalid condition id : UX DEVICE CLASS RTOS Condition cause : null
2025-03-05 09:55:55,890 [WARN] PackLoader:240 - Cannot read IP mode file for STMicroelectronics.X-CUBE-GNSS1.7.0.0
2025-03-05 09:55:55,896 [WARN] PackLoader:240 - Cannot read IP mode file for STMicroelectronics.X-CUBE-GNSS1.7.0.1
2025-03-05 09:55:55,902 [WARN] PackLoader:240 - Cannot read IP mode file for STMicroelectronics.FP-SNS-STBOX1.2.0.0
2025-03-05 09:55:55,913 [WARN] PackLoader:240 - Cannot read IP mode file for STMicroelectronics.X-CUBE-SUBG2.5.0.0
2025-03-05 09:55:55,922 [WARN] PackLoader:240 - Cannot read IP mode file for Cesanta.I-CUBE-Mongoose.7.13.0
2025-03-05 09:55:55,934 [WARN] PackLoader:240 - Cannot read IP mode file for STMicroelectronics.X-CUBE-AZRTOS-G4.2.0.0
2025-03-05 09:55:55,945 [WARN] PackLoader:240 - Cannot read IP mode file for STMicroelectronics.X-CUBE-IPS.3.1.0
2025-03-05 09:55:55,953 [WARN] PackLoader:240 - Cannot read IP mode file for STMicroelectronics.X-CUBE-ALS.1.0.2
2025-03-05 09:55:55,966 [WARN] PackLoader:240 - Cannot read IP mode file for STMicroelectronics.X-CUBE-TOUCHGFX.4.24.2
2025-03-05 09:55:55,970 [WARN] PackLoader:240 - Cannot read IP mode file for STMicroelectronics.X-CUBE-TOUCHGFX.4.24.1
2025-03-05 09:55:55,975 [WARN] PackLoader:240 - Cannot read IP mode file for wolfSSL.I-CUBE-wolfTPM.3.4.0
2025-03-05 09:55:55,980 [WARN] PackLoader:240 - Cannot read IP mode file for portGmbH.I-Cube-SoM-uGOAL.1.1.0
2025-03-05 09:55:55,993 [WARN] PackLoader:240 - Cannot read IP mode file for STMicroelectronics.X-CUBE-AZRTOS-H7RS.1.0.0
2025-03-05 09:55:55,999 [WARN] PackLoader:240 - Cannot read IP mode file for STMicroelectronics.FP-ATR-ASTRA1.2.0.0
2025-03-05 09:55:56,007 [WARN] PackLoader:240 - Cannot read IP mode file for STMicroelectronics.X-CUBE-TOF1.3.4.2
2025-03-05 09:55:56,030 [WARN] PackLoader:240 - Cannot read IP mode file for Infineon.AIROC-Wi-Fi-Bluetooth-STM32.1.6.1
2025-03-05 09:55:56,039 [WARN] PackLoader:240 - Cannot read IP mode file for wolfSSL.I-CUBE-wolfSSH.1.4.17
2025-03-05 09:55:56,039 [INFO] ThirdParty:978 - Integrity check success = true
2025-03-05 09:55:56,039 [INFO] IntegrityCheckThread:100 - exiting critical section [integrity check]
2025-03-05 09:55:56,039 [INFO] IntegrityCheckThread:103 - End integrity checks thread
2025-03-05 09:55:56,545 [INFO] WebApp:221 - Starting web application
2025-03-05 09:55:56,545 [INFO] WebApp:579 - Web application path used C:\ST\STM32CubeIDE_1.16.1\STM32CubeIDE\plugins\com.st.stm32cube.common.mx_6.13.0.202411220809\db\plugins\mcufinder\reactClient1\index.html
2025-03-05 09:55:56,625 [INFO] UserAuth:486 - Internet connection configuration mode: 1
2025-03-05 10:01:59,527 [ERROR] LogOutputStream:75 - [STDERR_REDIRECT] 
