2026-01-19 09:54:33,731 [INFO] Activator:176 - 


2026-01-19 09:54:33,733 [INFO] Activator:177 - !SESSION log4j initialized
2026-01-19 09:55:02,650 [INFO] LogOutputStream:77 - [STDOUT_REDIRECT] 
2026-01-19 09:55:04,295 [INFO] ApplicationProperties:184 - Using Application install path: C:\ST\STM32CubeIDE_1.16.1\STM32CubeIDE\plugins\com.st.stm32cube.common.mx_6.15.0.202507011659
2026-01-19 09:55:04,313 [INFO] DbMcusXml:78 - Set database path to: C:\ST\STM32CubeIDE_1.16.1\STM32CubeIDE\plugins\com.st.stm32cube.common.mx_6.15.0.202507011659\\db\/mcu/
2026-01-19 09:55:04,313 [INFO] ApiDb:274 - Set plugin database path to: C:\ST\STM32CubeIDE_1.16.1\STM32CubeIDE\plugins\com.st.stm32cube.common.mx_6.15.0.202507011659\\db\/plugins/boardmanager/
2026-01-19 09:55:04,314 [WARN] ApiDb:259 - Overriding images path with different value:  => C:\ST\STM32CubeIDE_1.16.1\STM32CubeIDE\plugins\com.st.stm32cube.common.mx_6.15.0.202507011659\\db\/plugins/mcufinder/images/
2026-01-19 09:55:04,324 [INFO] ApiDb:250 - Set database path to: C:\Users\Chinnapop\.stmcufinder\plugins\mcufinder//mcu/
2026-01-19 09:55:04,325 [INFO] DbMcusAds:125 - Set database path to: C:\Users\Chinnapop\.stmcufinder\plugins\mcufinder//mcu/
2026-01-19 09:55:04,328 [INFO] CrossReferenceDbSqlite:203 - Set database path to: C:\Users\Chinnapop\.stmcufinder\plugins\mcufinder//mcu/cs/
2026-01-19 09:55:04,492 [INFO] RulesReader:64 - Compatibility file has been processed (317 Rules)
2026-01-19 09:55:04,579 [INFO] DbMcusXml:78 - Set database path to: C:\ST\STM32CubeIDE_1.16.1\STM32CubeIDE\plugins\com.st.stm32cube.common.mx_6.15.0.202507011659\\db\/mcu/
2026-01-19 09:55:04,579 [INFO] ApiDb:274 - Set plugin database path to: C:\ST\STM32CubeIDE_1.16.1\STM32CubeIDE\plugins\com.st.stm32cube.common.mx_6.15.0.202507011659\\db\/plugins/boardmanager/
2026-01-19 09:55:04,579 [INFO] ApiDb:261 - Set plugin images path to: C:\ST\STM32CubeIDE_1.16.1\STM32CubeIDE\plugins\com.st.stm32cube.common.mx_6.15.0.202507011659\\db\/plugins/mcufinder/images/
2026-01-19 09:55:04,579 [WARN] DbFile:41 - Overriding database path with different value: C:\Users\Chinnapop\.stmcufinder\plugins\mcufinder/ => C:\Users\Chinnapop\.stmcufinder\plugins\mcufinder
2026-01-19 09:55:04,580 [INFO] ApiDb:250 - Set database path to: C:\Users\Chinnapop\.stmcufinder\plugins\mcufinder//mcu/
2026-01-19 09:55:04,580 [WARN] DbFile:41 - Overriding database path with different value: C:\Users\Chinnapop\.stmcufinder\plugins\mcufinder/ => C:\Users\Chinnapop\.stmcufinder\plugins\mcufinder
2026-01-19 09:55:04,580 [INFO] DbMcusAds:125 - Set database path to: C:\Users\Chinnapop\.stmcufinder\plugins\mcufinder//mcu/
2026-01-19 09:55:04,580 [WARN] DbFile:41 - Overriding database path with different value: C:\Users\Chinnapop\.stmcufinder\plugins\mcufinder/ => C:\Users\Chinnapop\.stmcufinder\plugins\mcufinder
2026-01-19 09:55:04,580 [WARN] DbFile:41 - Overriding database path with different value: C:\Users\Chinnapop\.stmcufinder\plugins\mcufinder/ => C:\Users\Chinnapop\.stmcufinder\plugins\mcufinder
2026-01-19 09:55:04,580 [INFO] CrossReferenceDbSqlite:203 - Set database path to: C:\Users\Chinnapop\.stmcufinder\plugins\mcufinder//mcu/cs/
2026-01-19 09:55:04,674 [INFO] MainPanel:274 - HeapMemory: 270532608
2026-01-19 09:55:04,840 [INFO] DbMcusXml:78 - Set database path to: C:\ST\STM32CubeIDE_1.16.1\STM32CubeIDE\plugins\com.st.stm32cube.common.mx_6.15.0.202507011659\\db\/mcu/
2026-01-19 09:55:04,840 [INFO] ApiDb:274 - Set plugin database path to: C:\ST\STM32CubeIDE_1.16.1\STM32CubeIDE\plugins\com.st.stm32cube.common.mx_6.15.0.202507011659\\db\/plugins/boardmanager/
2026-01-19 09:55:04,840 [INFO] ApiDb:261 - Set plugin images path to: C:\ST\STM32CubeIDE_1.16.1\STM32CubeIDE\plugins\com.st.stm32cube.common.mx_6.15.0.202507011659\\db\/plugins/mcufinder/images/
2026-01-19 09:55:04,840 [WARN] DbFile:41 - Overriding database path with different value: C:\Users\Chinnapop\.stmcufinder\plugins\mcufinder/ => C:\Users\Chinnapop\.stmcufinder\plugins\mcufinder
2026-01-19 09:55:04,841 [INFO] ApiDb:250 - Set database path to: C:\Users\Chinnapop\.stmcufinder\plugins\mcufinder//mcu/
2026-01-19 09:55:04,841 [WARN] DbFile:41 - Overriding database path with different value: C:\Users\Chinnapop\.stmcufinder\plugins\mcufinder/ => C:\Users\Chinnapop\.stmcufinder\plugins\mcufinder
2026-01-19 09:55:04,841 [INFO] DbMcusAds:125 - Set database path to: C:\Users\Chinnapop\.stmcufinder\plugins\mcufinder//mcu/
2026-01-19 09:55:04,841 [WARN] DbFile:41 - Overriding database path with different value: C:\Users\Chinnapop\.stmcufinder\plugins\mcufinder/ => C:\Users\Chinnapop\.stmcufinder\plugins\mcufinder
2026-01-19 09:55:04,841 [WARN] DbFile:41 - Overriding database path with different value: C:\Users\Chinnapop\.stmcufinder\plugins\mcufinder/ => C:\Users\Chinnapop\.stmcufinder\plugins\mcufinder
2026-01-19 09:55:04,841 [INFO] CrossReferenceDbSqlite:203 - Set database path to: C:\Users\Chinnapop\.stmcufinder\plugins\mcufinder//mcu/cs/
2026-01-19 09:55:04,860 [INFO] ApplicationProperties:184 - Using Application install path: C:\ST\STM32CubeIDE_1.16.1\STM32CubeIDE\plugins\com.st.stm32cube.common.mx_6.15.0.202507011659
2026-01-19 09:55:04,862 [INFO] PluginManage:196 - Search for loadable plugins [exclusion list=, ]
2026-01-19 09:55:04,863 [INFO] PluginManage:310 - Check plugin analytics
2026-01-19 09:55:05,035 [INFO] AnalyticsPlugin:253 - Accepted Software Licenses: 
2026-01-19 09:55:05,035 [INFO] AnalyticsPlugin:255 - Accepted CMSIS Pack Licenses: 
2026-01-19 09:55:05,035 [INFO] AnalyticsPlugin:257 - Accepted Firmware Licenses: FW.F7.1.17.0
2026-01-19 09:55:05,037 [INFO] PluginManage:359 - Loaded plugin analytics (category:tool,tabindex:-1)
2026-01-19 09:55:05,037 [INFO] PluginManage:310 - Check plugin cadmodel
2026-01-19 09:55:05,057 [INFO] CADModel:105 - Init CAD model plugin
2026-01-19 09:55:05,057 [INFO] PluginManage:359 - Loaded plugin cadmodel (category:power,tabindex:5)
2026-01-19 09:55:05,057 [INFO] PluginManage:310 - Check plugin clock
2026-01-19 09:55:05,080 [INFO] PluginManage:359 - Loaded plugin clock (category:base,tabindex:2)
2026-01-19 09:55:05,080 [INFO] PluginManage:310 - Check plugin ddr
2026-01-19 09:55:05,083 [INFO] PluginManage:359 - Loaded plugin ddr (category:tool,tabindex:6)
2026-01-19 09:55:05,084 [INFO] PluginManage:310 - Check plugin filemanager
2026-01-19 09:55:05,259 [INFO] PluginManage:359 - Loaded plugin filemanager (category:base,tabindex:10)
2026-01-19 09:55:05,259 [INFO] PluginManage:310 - Check plugin ipmanager
2026-01-19 09:55:05,266 [INFO] PluginManage:359 - Loaded plugin ipmanager (category:base,tabindex:5)
2026-01-19 09:55:05,267 [INFO] PluginManage:310 - Check plugin lpbam
2026-01-19 09:55:05,299 [INFO] PluginManage:359 - Loaded plugin lpbam (category:base,tabindex:0)
2026-01-19 09:55:05,299 [INFO] PluginManage:310 - Check plugin memorymap
2026-01-19 09:55:05,347 [INFO] PluginManage:359 - Loaded plugin memorymap (category:base,tabindex:4)
2026-01-19 09:55:05,347 [INFO] PluginManage:310 - Check plugin pinoutandconfiguration
2026-01-19 09:55:05,387 [INFO] PluginManage:359 - Loaded plugin pinoutandconfiguration (category:base,tabindex:1)
2026-01-19 09:55:05,387 [INFO] PluginManage:310 - Check plugin pinoutconfig
2026-01-19 09:55:05,533 [WARN] SupportedApi:132 - Cannot load RTOS API schema: s4s-elt-must-match.1: The content of 'definitions' must match (annotation?, (simpleType | complexType)?, (unique | key | keyref)*)). A problem was found starting at: attribute.
2026-01-19 09:55:05,724 [INFO] PluginManage:359 - Loaded plugin pinoutconfig (category:base,tabindex:0)
2026-01-19 09:55:05,724 [INFO] PluginManage:310 - Check plugin power
2026-01-19 09:55:05,760 [INFO] PluginManage:359 - Loaded plugin power (category:power,tabindex:4)
2026-01-19 09:55:05,760 [INFO] PluginManage:310 - Check plugin projectmanager
2026-01-19 09:55:05,779 [INFO] PluginManage:359 - Loaded plugin projectmanager (category:projectmanager,tabindex:4)
2026-01-19 09:55:05,780 [INFO] PluginManage:310 - Check plugin rif
2026-01-19 09:55:05,805 [INFO] PluginManage:359 - Loaded plugin rif (category:base,tabindex:3)
2026-01-19 09:55:05,805 [INFO] PluginManage:310 - Check plugin thirdparty
2026-01-19 09:55:06,297 [INFO] PluginManage:359 - Loaded plugin thirdparty (category:base,tabindex:-1)
2026-01-19 09:55:06,297 [WARN] IntegrityCheckThread:84 - waiting for thirdparty lock release [integrity check]
2026-01-19 09:55:06,298 [INFO] PluginManage:310 - Check plugin tools
2026-01-19 09:55:06,298 [INFO] IntegrityCheckThread:86 - entering critical section [integrity check]
2026-01-19 09:55:06,299 [INFO] ThirdPartyUpdaterWithRetryManager:70 - Updater plugin not ready yet. [1/15]
2026-01-19 09:55:06,348 [INFO] PluginManage:359 - Loaded plugin tools (category:base,tabindex:7)
2026-01-19 09:55:06,348 [INFO] PluginManage:310 - Check plugin tutovideos
2026-01-19 09:55:06,647 [INFO] PluginManage:359 - Loaded plugin tutovideos (category:base,tabindex:-1)
2026-01-19 09:55:06,647 [INFO] PluginManage:310 - Check plugin updater
2026-01-19 09:55:06,670 [INFO] PluginManage:359 - Loaded plugin updater (category:base,tabindex:12)
2026-01-19 09:55:06,670 [INFO] PluginManage:310 - Check plugin userauth
2026-01-19 09:55:06,674 [INFO] UserAuth:118 - Init User Auth plugin
2026-01-19 09:55:06,675 [INFO] PluginManage:359 - Loaded plugin userauth (category:base,tabindex:14)
2026-01-19 09:55:06,675 [INFO] PluginManage:283 - PluginManage : Loaded plugins [18]
2026-01-19 09:55:06,929 [INFO] PinOutPanel:1589 - setPackage(No Configuration,No Configuration)
2026-01-19 09:55:07,021 [INFO] CADModel:165 - CPN selected for project level
2026-01-19 09:55:07,021 [INFO] CADModel:114 - Register for checkConnection events
2026-01-19 09:55:07,063 [INFO] IPUIPlugin:80 - create IPUIPlugin
2026-01-19 09:55:07,064 [INFO] PluginManager:220 - loadIPPluginJar : add adc
2026-01-19 09:55:07,119 [INFO] IPUIPlugin:80 - create IPUIPlugin
2026-01-19 09:55:07,119 [INFO] PluginManager:220 - loadIPPluginJar : add aes
2026-01-19 09:55:07,192 [INFO] IPUIPlugin:80 - create IPUIPlugin
2026-01-19 09:55:07,193 [INFO] PluginManager:220 - loadIPPluginJar : add can
2026-01-19 09:55:07,239 [INFO] IPUIPlugin:80 - create IPUIPlugin
2026-01-19 09:55:07,239 [INFO] PluginManager:220 - loadIPPluginJar : add comp
2026-01-19 09:55:07,289 [INFO] IPUIPlugin:80 - create IPUIPlugin
2026-01-19 09:55:07,289 [INFO] PluginManager:220 - loadIPPluginJar : add cryp
2026-01-19 09:55:07,308 [INFO] IPUIPlugin:80 - create IPUIPlugin
2026-01-19 09:55:07,308 [INFO] PluginManager:220 - loadIPPluginJar : add ddr_ctrl_phy
2026-01-19 09:55:07,361 [INFO] IPUIPlugin:80 - create IPUIPlugin
2026-01-19 09:55:07,361 [INFO] PluginManager:220 - loadIPPluginJar : add dfsdm
2026-01-19 09:55:07,386 [INFO] IPUIPlugin:80 - create IPUIPlugin
2026-01-19 09:55:07,387 [INFO] PluginManager:220 - loadIPPluginJar : add dma
2026-01-19 09:55:07,461 [INFO] IPUIPlugin:80 - create IPUIPlugin
2026-01-19 09:55:07,461 [INFO] PluginManager:220 - loadIPPluginJar : add dma3
2026-01-19 09:55:07,526 [INFO] IPUIPlugin:80 - create IPUIPlugin
2026-01-19 09:55:07,526 [INFO] PluginManager:220 - loadIPPluginJar : add extmemmanager
2026-01-19 09:55:07,555 [INFO] IPUIPlugin:80 - create IPUIPlugin
2026-01-19 09:55:07,556 [INFO] PluginManager:220 - loadIPPluginJar : add fatfs
2026-01-19 09:55:07,668 [INFO] IPUIPlugin:80 - create IPUIPlugin
2026-01-19 09:55:07,669 [INFO] PluginManager:220 - loadIPPluginJar : add fmc
2026-01-19 09:55:07,702 [INFO] IPUIPlugin:80 - create IPUIPlugin
2026-01-19 09:55:07,703 [INFO] PluginManager:220 - loadIPPluginJar : add freertos
2026-01-19 09:55:07,745 [INFO] IPUIPlugin:80 - create IPUIPlugin
2026-01-19 09:55:07,745 [INFO] PluginManager:220 - loadIPPluginJar : add genericplugin
2026-01-19 09:55:07,852 [INFO] IPUIPlugin:80 - create IPUIPlugin
2026-01-19 09:55:07,852 [INFO] PluginManager:220 - loadIPPluginJar : add gfxmmu
2026-01-19 09:55:08,009 [INFO] IPUIPlugin:80 - create IPUIPlugin
2026-01-19 09:55:08,009 [INFO] PluginManager:220 - loadIPPluginJar : add gic
2026-01-19 09:55:08,028 [INFO] IPUIPlugin:80 - create IPUIPlugin
2026-01-19 09:55:08,029 [INFO] PluginManager:220 - loadIPPluginJar : add gpio
2026-01-19 09:55:08,139 [INFO] IPUIPlugin:80 - create IPUIPlugin
2026-01-19 09:55:08,140 [INFO] PluginManager:220 - loadIPPluginJar : add gtzc
2026-01-19 09:55:08,208 [INFO] IPUIPlugin:80 - create IPUIPlugin
2026-01-19 09:55:08,208 [INFO] PluginManager:220 - loadIPPluginJar : add hash
2026-01-19 09:55:08,286 [INFO] IPUIPlugin:80 - create IPUIPlugin
2026-01-19 09:55:08,286 [INFO] PluginManager:220 - loadIPPluginJar : add i2c
2026-01-19 09:55:08,338 [INFO] IPUIPlugin:80 - create IPUIPlugin
2026-01-19 09:55:08,338 [INFO] PluginManager:220 - loadIPPluginJar : add i2s
2026-01-19 09:55:08,407 [INFO] IPUIPlugin:80 - create IPUIPlugin
2026-01-19 09:55:08,407 [INFO] PluginManager:220 - loadIPPluginJar : add i3c
2026-01-19 09:55:08,520 [INFO] IPUIPlugin:80 - create IPUIPlugin
2026-01-19 09:55:08,520 [INFO] PluginManager:220 - loadIPPluginJar : add ipddr
2026-01-19 09:55:08,654 [INFO] IPUIPlugin:80 - create IPUIPlugin
2026-01-19 09:55:08,655 [INFO] PluginManager:220 - loadIPPluginJar : add linkedlist
2026-01-19 09:55:08,717 [INFO] IPUIPlugin:80 - create IPUIPlugin
2026-01-19 09:55:08,717 [INFO] PluginManager:220 - loadIPPluginJar : add lorawan
2026-01-19 09:55:08,767 [INFO] IPUIPlugin:80 - create IPUIPlugin
2026-01-19 09:55:08,767 [INFO] PluginManager:220 - loadIPPluginJar : add ltdc
2026-01-19 09:55:08,786 [INFO] IPUIPlugin:80 - create IPUIPlugin
2026-01-19 09:55:08,786 [INFO] PluginManager:220 - loadIPPluginJar : add mdma
2026-01-19 09:55:08,804 [INFO] IPUIPlugin:80 - create IPUIPlugin
2026-01-19 09:55:08,804 [INFO] PluginManager:220 - loadIPPluginJar : add nvic
2026-01-19 09:55:08,862 [INFO] IPUIPlugin:80 - create IPUIPlugin
2026-01-19 09:55:08,862 [INFO] PluginManager:220 - loadIPPluginJar : add opamp
2026-01-19 09:55:08,940 [INFO] IPUIPlugin:80 - create IPUIPlugin
2026-01-19 09:55:08,940 [INFO] PluginManager:220 - loadIPPluginJar : add openamp
2026-01-19 09:55:09,020 [INFO] IPUIPlugin:80 - create IPUIPlugin
2026-01-19 09:55:09,020 [INFO] PluginManager:220 - loadIPPluginJar : add pdm2pcm
2026-01-19 09:55:09,052 [INFO] IPUIPlugin:80 - create IPUIPlugin
2026-01-19 09:55:09,056 [INFO] PluginManager:220 - loadIPPluginJar : add plateformsettings
2026-01-19 09:55:09,114 [INFO] IPUIPlugin:80 - create IPUIPlugin
2026-01-19 09:55:09,114 [INFO] PluginManager:220 - loadIPPluginJar : add quadspi
2026-01-19 09:55:09,173 [INFO] IPUIPlugin:80 - create IPUIPlugin
2026-01-19 09:55:09,174 [INFO] PluginManager:220 - loadIPPluginJar : add radio
2026-01-19 09:55:09,200 [INFO] IPUIPlugin:80 - create IPUIPlugin
2026-01-19 09:55:09,200 [INFO] PluginManager:220 - loadIPPluginJar : add resmgrutility
2026-01-19 09:55:09,276 [INFO] IPUIPlugin:80 - create IPUIPlugin
2026-01-19 09:55:09,276 [INFO] PluginManager:220 - loadIPPluginJar : add sai
2026-01-19 09:55:09,301 [INFO] ThirdPartyUpdaterWithRetryManager:70 - Updater plugin not ready yet. [2/15]
2026-01-19 09:55:09,357 [INFO] IPUIPlugin:80 - create IPUIPlugin
2026-01-19 09:55:09,357 [INFO] PluginManager:220 - loadIPPluginJar : add spi
2026-01-19 09:55:09,514 [INFO] IPUIPlugin:80 - create IPUIPlugin
2026-01-19 09:55:09,514 [INFO] PluginManager:220 - loadIPPluginJar : add stm32_wpan
2026-01-19 09:55:09,561 [INFO] IPUIPlugin:80 - create IPUIPlugin
2026-01-19 09:55:09,561 [INFO] PluginManager:220 - loadIPPluginJar : add tim
2026-01-19 09:55:09,688 [INFO] IPUIPlugin:80 - create IPUIPlugin
2026-01-19 09:55:09,688 [INFO] PluginManager:220 - loadIPPluginJar : add touchsensing
2026-01-19 09:55:09,734 [INFO] IPUIPlugin:80 - create IPUIPlugin
2026-01-19 09:55:09,735 [INFO] PluginManager:220 - loadIPPluginJar : add tracer_emb
2026-01-19 09:55:09,767 [INFO] IPUIPlugin:80 - create IPUIPlugin
2026-01-19 09:55:09,767 [INFO] PluginManager:220 - loadIPPluginJar : add ts
2026-01-19 09:55:09,805 [INFO] IPUIPlugin:80 - create IPUIPlugin
2026-01-19 09:55:09,805 [INFO] PluginManager:220 - loadIPPluginJar : add tsc
2026-01-19 09:55:09,898 [INFO] IPUIPlugin:80 - create IPUIPlugin
2026-01-19 09:55:09,898 [INFO] PluginManager:220 - loadIPPluginJar : add ucpd
2026-01-19 09:55:10,094 [INFO] IPUIPlugin:80 - create IPUIPlugin
2026-01-19 09:55:10,104 [INFO] PluginManager:220 - loadIPPluginJar : add usart
2026-01-19 09:55:10,300 [INFO] IPUIPlugin:80 - create IPUIPlugin
2026-01-19 09:55:10,300 [INFO] PluginManager:220 - loadIPPluginJar : add usbx
2026-01-19 09:55:10,519 [FATAL] Updater:351 - Updater called before beeing initialized
2026-01-19 09:55:10,633 [INFO] RulesReader:64 - Compatibility file has been processed (317 Rules)
2026-01-19 09:55:10,660 [INFO] RulesReader:64 - Compatibility file has been processed (317 Rules)
2026-01-19 09:55:10,690 [INFO] CADModel:165 - CPN selected for project level
2026-01-19 09:55:10,690 [INFO] CADModel:114 - Register for checkConnection events
2026-01-19 09:55:10,692 [FATAL] Updater:351 - Updater called before beeing initialized
2026-01-19 09:55:10,692 [ERROR] CADModel:125 - Updater not yet initialized, retry later 
2026-01-19 09:55:11,258 [FATAL] Updater:351 - Updater called before beeing initialized
2026-01-19 09:55:11,264 [INFO] CADModel:165 - CPN selected for project level
2026-01-19 09:55:11,264 [INFO] CADModel:114 - Register for checkConnection events
2026-01-19 09:55:11,264 [FATAL] Updater:351 - Updater called before beeing initialized
2026-01-19 09:55:11,264 [ERROR] CADModel:125 - Updater not yet initialized, retry later 
2026-01-19 09:55:11,264 [FATAL] Updater:351 - Updater called before beeing initialized
2026-01-19 09:55:11,521 [FATAL] Updater:351 - Updater called before beeing initialized
2026-01-19 09:55:11,562 [INFO] DbMcusAds:53 - JSON generation date=Thu Jan 08 22:56:32 ICT 2026 (1767887792457)
2026-01-19 09:55:11,562 [FATAL] Updater:351 - Updater called before beeing initialized
2026-01-19 09:55:11,634 [WARN] DetailPanel:346 - Failed to get advertising image, set to default
2026-01-19 09:55:11,829 [FATAL] Updater:351 - Updater called before beeing initialized
2026-01-19 09:55:11,829 [FATAL] Updater:351 - Updater called before beeing initialized
2026-01-19 09:55:11,829 [FATAL] Updater:351 - Updater called before beeing initialized
2026-01-19 09:55:11,829 [WARN] DetailPanel:346 - Failed to get advertising image, set to default
2026-01-19 09:55:11,829 [FATAL] Updater:351 - Updater called before beeing initialized
2026-01-19 09:55:11,973 [ERROR] Updater:1198 - MainUpdater not yet initialized. External WinMGr cannot be set.
2026-01-19 09:55:11,993 [INFO] Updater:1134 - Updater Version found : 6.15.0
2026-01-19 09:55:12,034 [INFO] ApplicationProperties:184 - Using Application install path: C:\ST\STM32CubeIDE_1.16.1\STM32CubeIDE\plugins\com.st.stm32cube.common.mx_6.15.0.202507011659
2026-01-19 09:55:12,303 [INFO] ThirdPartyUpdaterWithRetryManager:70 - Updater plugin not ready yet. [3/15]
2026-01-19 09:55:13,679 [ERROR] LogOutputStream:75 - [STDERR_REDIRECT] Jan 19, 2026 9:55:13 AM java.util.prefs.WindowsPreferences <init>
2026-01-19 09:55:13,681 [ERROR] LogOutputStream:75 - [STDERR_REDIRECT] WARNING: Could not open/create prefs root node Software\JavaSoft\Prefs at root 0xffffffff80000002. Windows RegCreateKeyEx(...) returned error code 5.
2026-01-19 09:55:13,681 [ERROR] LogOutputStream:75 - [STDERR_REDIRECT] 
2026-01-19 09:55:15,310 [FATAL] Updater:351 - Updater called before beeing initialized
2026-01-19 09:55:15,310 [ERROR] IntegrityCheckThread:130 - Cannot retrieve database content from updater: error 21
2026-01-19 09:55:15,310 [INFO] ThirdParty:978 - Integrity check success = false
2026-01-19 09:55:15,310 [INFO] IntegrityCheckThread:100 - exiting critical section [integrity check]
2026-01-19 09:55:15,310 [INFO] IntegrityCheckThread:103 - End integrity checks thread
2026-01-19 09:55:15,963 [INFO] MainUpdater:2872 - connection check result : 10
2026-01-19 09:55:15,963 [INFO] MainUpdater:3604 - Updater definition file requires update
2026-01-19 09:55:15,963 [INFO] MainUpdater:289 - Updater Check For Update Now.
2026-01-19 09:55:15,963 [INFO] MicroXplorer:498 - Change Database Version : DB.6.0.150
2026-01-19 09:55:16,015 [INFO] McuFinderGlobals:63 - Set McuFinder mode to 2 (CubeIDE integrated)
2026-01-19 09:55:16,035 [INFO] UserAuth:487 - Internet connection configuration mode: 1
2026-01-19 09:55:16,139 [INFO] JxBrowserEngine:152 - Initiate JxBrowser Engine with user profile folder
2026-01-19 09:55:16,149 [INFO] ServerAccessManage:452 - Complete download http(s) 200
2026-01-19 09:55:16,149 [INFO] ServerAccessManage:509 - Download File updaters.zip
2026-01-19 09:55:16,374 [INFO] FileExtend:248 - Unzip File : updaters.zip
2026-01-19 09:55:16,374 [INFO] FileExtend:263 - Standard Zip Deflate
2026-01-19 09:55:19,635 [INFO] ServerAccessManage:452 - Complete download http(s) 200
2026-01-19 09:55:19,635 [INFO] ServerAccessManage:509 - Download File PacksControlFlags.xml
2026-01-19 09:55:19,799 [INFO] ServerAccessManage:452 - Complete download http(s) 200
2026-01-19 09:55:19,799 [INFO] ServerAccessManage:509 - Download File cubemx.pidx
2026-01-19 09:55:21,625 [INFO] WebApp:169 - Instantiating new browser for Auth
2026-01-19 09:55:23,874 [INFO] ServerAccessManage:452 - Complete download http(s) 200
2026-01-19 09:55:23,874 [INFO] ServerAccessManage:509 - Download File STMicroelectronics.X-CUBE-ST67W61.pdsc
2026-01-19 09:55:25,644 [INFO] WebApp:463 - Apply proxy settings
2026-01-19 09:55:25,644 [INFO] WebApp:548 - Chromium requires no authentication
2026-01-19 09:55:25,679 [INFO] WebApp:491 - Direct internet connection detected
2026-01-19 09:55:25,863 [INFO] WebApp:900 - Register for checkConnection events
2026-01-19 09:55:25,863 [INFO] WebApp:463 - Apply proxy settings
2026-01-19 09:55:25,863 [INFO] WebApp:548 - Chromium requires no authentication
2026-01-19 09:55:25,863 [INFO] WebApp:491 - Direct internet connection detected
2026-01-19 09:55:26,075 [INFO] WebApp:191 - Connection restablished
2026-01-19 09:55:26,546 [INFO] WebApp:225 - Starting web application
2026-01-19 09:55:26,546 [INFO] WebApp:593 - Web application path used C:\ST\STM32CubeIDE_1.16.1\STM32CubeIDE\plugins\com.st.stm32cube.common.mx_6.15.0.202507011659\db\plugins\mcufinder\reactClient1\index.html
2026-01-19 09:55:26,745 [ERROR] ServerAccessManage:1295 - Problem during Server Connection :  IO error PKIX path building failed: sun.security.provider.certpath.SunCertPathBuilderException: unable to find valid certification path to requested target
2026-01-19 09:55:26,745 [ERROR] ServerAccessManage:740 - Problem during Server Connection :  : Avnet-IOTCONNECT.X-CUBE-iotc-st67-sdk.pdsc.
2026-01-19 09:55:26,872 [INFO] UserAuth:487 - Internet connection configuration mode: 1
2026-01-19 09:55:26,988 [WARN] PackLoader:240 - Cannot read IP mode file for STMicroelectronics.X-CUBE-ST67W61.1.2.0
2026-01-19 09:55:26,988 [INFO] PopulateThirdPartyThread:66 - Ending populate Thread
2026-01-19 09:55:26,996 [INFO] ThirdParty:1030 - CMSIS Pack Vendor :STMicroelectronics X-CUBE-ST67W61 1.2.0
2026-01-19 09:55:26,996 [INFO] LoadServerUpdatesThread:375 - End of LoadServerUpdate Thread
2026-01-19 09:55:27,212 [INFO] CheckServerUpdateThread:120 - End of CheckServer Thread
2026-01-19 10:05:17,055 [INFO] WebApp:194 - Connection lost
2026-01-19 10:05:17,300 [INFO] WebApp:191 - Connection restablished
2026-01-19 10:36:07,064 [INFO] WebApp:194 - Connection lost
2026-01-19 10:36:07,309 [INFO] WebApp:191 - Connection restablished
2026-01-19 10:47:23,108 [INFO] WebApp:194 - Connection lost
2026-01-19 10:47:23,363 [INFO] WebApp:191 - Connection restablished
2026-01-19 10:50:24,069 [INFO] WebApp:194 - Connection lost
2026-01-19 10:50:24,346 [INFO] WebApp:191 - Connection restablished
2026-01-19 11:06:20,080 [INFO] WebApp:194 - Connection lost
2026-01-19 11:06:20,327 [INFO] WebApp:191 - Connection restablished
2026-01-19 11:37:27,037 [INFO] WebApp:194 - Connection lost
2026-01-19 11:37:27,293 [INFO] WebApp:191 - Connection restablished
2026-01-19 12:07:56,076 [INFO] WebApp:194 - Connection lost
2026-01-19 12:07:56,381 [INFO] WebApp:191 - Connection restablished
2026-01-19 12:38:06,586 [INFO] WebApp:194 - Connection lost
2026-01-19 12:38:06,875 [INFO] WebApp:191 - Connection restablished
2026-01-19 13:09:14,525 [INFO] WebApp:194 - Connection lost
2026-01-19 13:09:14,780 [INFO] WebApp:191 - Connection restablished
2026-01-19 13:39:50,020 [INFO] WebApp:194 - Connection lost
2026-01-19 13:39:50,254 [INFO] WebApp:191 - Connection restablished
2026-01-19 13:54:41,106 [INFO] McuFinderGlobals:63 - Set McuFinder mode to 2 (CubeIDE integrated)
2026-01-19 13:54:41,162 [INFO] MainUpdater:2872 - connection check result : 10
2026-01-19 13:54:41,200 [INFO] McuFinderGlobals:76 - Set McuFinderConnectedMode to true
2026-01-19 13:54:41,961 [INFO] ServerAccessManage:452 - Complete download http(s) 200
2026-01-19 13:54:41,962 [INFO] ServerAccessManage:509 - Download File mcusAds.json._tmp_
2026-01-19 13:54:42,085 [INFO] LoadUrlFilesThread:156 - End of LoadUrlFiles Thread
2026-01-19 13:54:42,369 [INFO] ServerAccessManage:452 - Complete download http(s) 200
2026-01-19 13:54:42,370 [INFO] ServerAccessManage:509 - Download File cube-finder-db.zip
2026-01-19 13:54:43,060 [INFO] FileExtend:248 - Unzip File : cube-finder-db.zip
2026-01-19 13:54:43,060 [INFO] FileExtend:263 - Standard Zip Deflate
2026-01-19 13:54:44,189 [INFO] LoadUrlFilesThread:156 - End of LoadUrlFiles Thread
2026-01-19 13:54:46,542 [INFO] ServerAccessManage:452 - Complete download http(s) 200
2026-01-19 13:54:46,546 [INFO] ServerAccessManage:509 - Download File crdb.zip
2026-01-19 13:55:49,265 [INFO] FileExtend:248 - Unzip File : crdb.zip
2026-01-19 13:55:49,265 [INFO] FileExtend:263 - Standard Zip Deflate
2026-01-19 13:55:49,429 [INFO] LoadUrlFilesThread:156 - End of LoadUrlFiles Thread
2026-01-19 13:55:49,872 [INFO] ServerAccessManage:452 - Complete download http(s) 200
2026-01-19 13:55:49,873 [INFO] ServerAccessManage:509 - Download File tutoVideoDB.zip
2026-01-19 13:55:49,904 [INFO] FileExtend:248 - Unzip File : tutoVideoDB.zip
2026-01-19 13:55:49,905 [INFO] FileExtend:263 - Standard Zip Deflate
2026-01-19 13:55:50,052 [INFO] LoadUrlFilesThread:156 - End of LoadUrlFiles Thread
2026-01-19 13:55:50,058 [WARN] DbFile:41 - Overriding database path with different value: C:\Users\Chinnapop\.stmcufinder\plugins\mcufinder/ => C:\Users\Chinnapop\.stmcufinder\plugins\mcufinder
2026-01-19 13:55:50,229 [INFO] ServerAccessManage:452 - Complete download http(s) 200
2026-01-19 13:55:50,229 [INFO] ServerAccessManage:509 - Download File api_config.json
2026-01-19 13:55:50,350 [INFO] LoadUrlFilesThread:156 - End of LoadUrlFiles Thread
2026-01-19 13:55:50,357 [INFO] DbMcusAds:53 - JSON generation date=Thu Jan 08 22:56:32 ICT 2026 (1767887792457)
2026-01-19 13:55:50,436 [INFO] LoadUrlFilesThread:185 - End of LoadServerUrlFiles without Thread
2026-01-19 13:55:50,437 [INFO] TargetSelectorAdapter:259 - Refresh data is successful
2026-01-19 13:55:51,248 [INFO] ApiDb:581 - Connected to CubeFinder SQLite database (C:\Users\Chinnapop\.stmcufinder\plugins\mcufinder\mcu\cube-finder-db.db)
2026-01-19 13:55:51,319 [INFO] ApiDb:668 - CubeFinder database Data Model version=2.1
2026-01-19 13:55:51,319 [INFO] ApiDb:669 - CubeFinder database Configuration version=3.0.39
2026-01-19 13:55:51,320 [INFO] ApiDb:670 - CubeFinder database generation date=2025-12-22 (1766407740)
2026-01-19 13:55:51,320 [INFO] ApiDb:671 - CubeFinder database FW Pack versions=[FP-ATR-ASTRA1_V2.0.0, FP-SNS-FLIGHT1_V5.1.0, FP-SNS-MOTENV1_V5.1.0, FP-SNS-MOTENVWB1_V1.4.0, FP-SNS-SMARTAG2_V1.2.0, FP-SNS-STBOX1_V2.1.0, STM32Cube_FW_C0_V1.4.0, STM32Cube_FW_F4_V1.28.3, STM32Cube_FW_F7_V1.17.4, STM32Cube_FW_G0_V1.6.2, STM32Cube_FW_G4_V1.6.1, STM32Cube_FW_H5_V1.5.1, STM32Cube_FW_H7RS_V1.3.0, STM32Cube_FW_H7_V1.12.1, STM32Cube_FW_L0_V1.12.2, STM32Cube_FW_L4_V1.18.1, STM32Cube_FW_L5_V1.6.0, STM32Cube_FW_N6_V1.3.0, STM32Cube_FW_U0_V1.3.0, STM32Cube_FW_U3_V1.2.1, STM32Cube_FW_U5_V1.8.0, STM32Cube_FW_WB0_V1.4.0, STM32Cube_FW_WBA_V1.8.0, STM32Cube_FW_WB_V1.24.0, STM32Cube_FW_WL3_V1.3.0, STM32Cube_FW_WL_V1.4.0, X-CUBE-ALGOBUILD_V1.4.0, X-CUBE-ALS_V1.0.2, X-CUBE-AZRTOS-F4_V1.1.0, X-CUBE-AZRTOS-F7_V1.1.0, X-CUBE-AZRTOS-G0_V1.1.0, X-CUBE-AZRTOS-G4_V2.0.0, X-CUBE-AZRTOS-H7RS_V1.1.0, X-CUBE-AZRTOS-H7_V3.4.0, X-CUBE-AZRTOS-L4_V2.0.0, X-CUBE-AZRTOS-L5_V2.0.0, X-CUBE-AZRTOS-WB_V2.0.0, X-CUBE-AZRTOS-WL_V2.0.0, X-CUBE-BLE1_V7.1.0, X-CUBE-BLE2_V3.3.0, X-CUBE-BLEMGR_V4.1.0, X-CUBE-EEPRMA1_V5.2.0, X-CUBE-FREERTOS_V1.3.1, X-CUBE-GNSS1_V6.0.0, X-CUBE-MEMS1_V12.0.0, X-CUBE-NFC4_V3.0.0, X-CUBE-NFC7_V2.0.0, X-CUBE-SFXS2LP1_V4.0.0, X-CUBE-ST67W61_V1.1.0, X-CUBE-SUBG2_V5.0.0, X-CUBE-TOF1_V3.4.3]
2026-01-19 13:55:53,273 [INFO] MainUpdater:2872 - connection check result : 10
2026-01-19 13:55:53,696 [INFO] ApiDb:240 - Found 880 in-development CPN: [B-G473E-ZEST1S, B-WB1M-WPAN1, B-WBA5M-WPAN, B-WL5M-SUBG1, NUCLEO-C031C6, NUCLEO-C051C8, NUCLEO-C071RB, NUCLEO-C092RC, NUCLEO-H503RB, NUCLEO-H533RE, NUCLEO-H563ZI, NUCLEO-H7S3L8, NUCLEO-N657X0-Q, NUCLEO-U031R8, NUCLEO-U083RC, NUCLEO-U385RG-Q, NUCLEO-U545RE-Q, NUCLEO-U5A5ZJ-Q, NUCLEO-WB05KZ, NUCLEO-WB07CC, NUCLEO-WB09KE, NUCLEO-WBA52CG, NUCLEO-WBA55CG, NUCLEO-WL33CC1, NUCLEO-WL33CC2, STEVAL-PROTEUS1, STEVAL-SMARTAG2, STEVAL-STWINBX1, STM320518-EVAL, STM32C0116-DK, STM32C011D6Y3TR, STM32C011D6Y6TR, STM32C011F4P3, STM32C011F4P6, STM32C011F4U3, STM32C011F4U6TR, STM32C011F6P3, STM32C011F6P6, STM32C011F6U3, STM32C011F6U6TR, STM32C011J4M3, STM32C011J4M6, STM32C011J6M3, STM32C011J6M6, STM32C0316-DK, STM32C031C4T3, STM32C031C4T6, STM32C031C4U3, STM32C031C4U6, STM32C031C6T3, STM32C031C6T6, STM32C031C6U3, STM32C031C6U6, STM32C031F4P3, STM32C031F4P6, STM32C031F6P3, STM32C031F6P6, STM32C031G4U3, STM32C031G4U6, STM32C031G6U3, STM32C031G6U6, STM32C031K4T3, STM32C031K4T6, STM32C031K4U3, STM32C031K4U6, STM32C031K6T3, STM32C031K6T6, STM32C031K6U3, STM32C031K6U6, STM32C051C6T6, STM32C051C6U6, STM32C051C8T6, STM32C051C8U6, STM32C051D8Y6TR, STM32C051F6P6, STM32C051F8P6, STM32C051G6U6, STM32C051G8U6, STM32C051K6T6, STM32C051K6U6, STM32C051K8T6, STM32C071C8T6, STM32C071C8T6N, STM32C071C8U6, STM32C071C8U6N, STM32C071CBT6, STM32C071CBT6N, STM32C071CBU6, STM32C071CBU6N, STM32C071F8P6, STM32C071F8P6N, STM32C071FBP6, STM32C071FBP6N, STM32C071FBY6TR, STM32C071G8U6, STM32C071G8U6N, STM32C071GBU6, STM32C071GBU6N, STM32C071K8T6, STM32C071K8T6N, STM32C071K8U6, STM32C071K8U6N, STM32C071KBT6, STM32C071KBT6N, STM32C071KBU6, STM32C071KBU6N, STM32C071R8T6, STM32C071R8T6N, STM32C071RBI6N, STM32C071RBT6, STM32C071RBT6N, STM32C091CBT6, STM32C091CBU6, STM32C091CCT6, STM32C091CCU6, STM32C091ECY6TR, STM32C091FBP6, STM32C091FCP6, STM32C091GBU6, STM32C091GCU6, STM32C091KBT6, STM32C091KBU6, STM32C091KCT6, STM32C091KCU6, STM32C091RBT6, STM32C091RCI6, STM32C091RCT6, STM32C092CBT6, STM32C092CBU6, STM32C092CCT6, STM32C092CCU6, STM32C092ECY6TR, STM32C092FBP6, STM32C092FCP6, STM32C092GBU6, STM32C092GCU6, STM32C092KBT6, STM32C092KBU6, STM32C092KCT6, STM32C092KCU6, STM32C092RBT6, STM32C092RCI6, STM32C092RCT6, STM32G071K8TXN, STM32G071K8UXN, STM32G081GBU6N, STM32G081KBT6N, STM32G081KBUXN, STM32G0B1CCT6N, STM32G0B1KCT6, STM32G0B1NEY6TR, STM32G0B1RCT6N, STM32G0C1CCT6, STM32G0C1CCT6N, STM32G0C1CCU6N, STM32G0C1CET6N, STM32G0C1CEU6N, STM32G0C1KCT6, STM32G0C1NEY6TR, STM32G0C1RCI6N, STM32G0C1RCT6N, STM32G0C1REI6N, STM32G0C1RET6N, STM32G0C1VCI6, STM32G0C1VEI6, STM32G411C6T3, STM32G411C6T6, STM32G411C6U3, STM32G411C6U6, STM32G411C8T3, STM32G411C8T6, STM32G411C8U3, STM32G411C8U6, STM32G411CBT3, STM32G411CBT6, STM32G411CBU3, STM32G411CBU6, STM32G411K6T3, STM32G411K6T6, STM32G411K6U3, STM32G411K6U6, STM32G411K8T3, STM32G411K8T6, STM32G411K8U3, STM32G411K8U6, STM32G411KBT3, STM32G411KBT6, STM32G411KBU3, STM32G411KBU6, STM32G411M6T3, STM32G411M6T6, STM32G411M8T3, STM32G411M8T6, STM32G411MBT3, STM32G411MBT6, STM32G411R6T3, STM32G411R6T6, STM32G411R8T3, STM32G411R8T6, STM32G411RBT3, STM32G411RBT6, STM32G414CBT3, STM32G414CBT6, STM32G414CBU3, STM32G414CBU6, STM32G414CCT3, STM32G414CCT6, STM32G414CCU3, STM32G414CCU6, STM32G414MBT3, STM32G414MBT6, STM32G414MCT3, STM32G414MCT6, STM32G414RBT3, STM32G414RBT6, STM32G414RCT3, STM32G414RCT6, STM32G414VBT3, STM32G414VBT6, STM32G414VCT3, STM32G414VCT6, STM32G431CBT3Z, STM32G431RBT3Z, STM32G471CCT6, STM32G471CCU6, STM32G471CET3, STM32G471CET6, STM32G471CEU3, STM32G471CEU6, STM32G471MCT6, STM32G471MET3, STM32G471MET6, STM32G471MEY6TR, STM32G471QCT6, STM32G471QET3, STM32G471RCT6, STM32G471RET3, STM32G471RET6, STM32G471VCH6, STM32G471VCI6, STM32G471VCT6, STM32G471VEH3, STM32G471VEH6, STM32G471VEI3, STM32G471VEI6, STM32G471VET3, STM32G471VET6, STM32G473QET3Z, STM32G473RET3Z, STM32G474CCT6, STM32G491RET3Z, STM32H503CBT6, STM32H503CBU6, STM32H503EBY6TR, STM32H503KBU6, STM32H503RBT6, STM32H523CCT6, STM32H523CCU6, STM32H523CET6, STM32H523CEU6, STM32H523HEY6TR, STM32H523RCT6, STM32H523RET6, STM32H523VCI6, STM32H523VCT6, STM32H523VEI6, STM32H523VET6, STM32H523ZCJ6, STM32H523ZCT6, STM32H523ZEJ6, STM32H523ZET6, STM32H533CET6, STM32H533CEU6, STM32H533HEY6TR, STM32H533RET6, STM32H533VEI6, STM32H533VET6, STM32H533ZEJ6, STM32H533ZET6, STM32H562AGI6, STM32H562AII6, STM32H562IGK6, STM32H562IGT6, STM32H562IIK6, STM32H562IIT6, STM32H562RGT6, STM32H562RGV6, STM32H562RIT6, STM32H562RIV6, STM32H562VGT6, STM32H562VIT6, STM32H562ZGT6, STM32H562ZIT6, STM32H563AGI6, STM32H563AII3Q, STM32H563AII6, STM32H563IGK6, STM32H563IGT6, STM32H563IIK3Q, STM32H563IIK6, STM32H563IIT3Q, STM32H563IIT6, STM32H563MIY3QTR, STM32H563RGT6, STM32H563RGV6, STM32H563RIT6, STM32H563RIV6, STM32H563VGT6, STM32H563VIT3Q, STM32H563VIT6, STM32H563ZGT6, STM32H563ZIT3Q, STM32H563ZIT6, STM32H573AII3Q, STM32H573AII6, STM32H573I-DK, STM32H573IIK3Q, STM32H573IIK6, STM32H573IIT3Q, STM32H573IIT6, STM32H573MIY3QTR, STM32H573RIT6, STM32H573RIV6, STM32H573VIT3Q, STM32H573VIT6, STM32H573ZIT3Q, STM32H573ZIT6, STM32H7R3A8I6, STM32H7R3I8K6, STM32H7R3I8T6, STM32H7R3L8H6, STM32H7R3L8H6H, STM32H7R3R8V6, STM32H7R3V8H6, STM32H7R3V8T6, STM32H7R3V8Y6TR, STM32H7R3Z8J6, STM32H7R3Z8T6, STM32H7R7A8I6, STM32H7R7I8K6, STM32H7R7I8T6, STM32H7R7L8H6, STM32H7R7L8H6H, STM32H7R7Z8J6, STM32H7S3A8I6, STM32H7S3I8K6, STM32H7S3I8T6, STM32H7S3L8H6, STM32H7S3L8H6H, STM32H7S3R8V6, STM32H7S3V8H6, STM32H7S3V8T6, STM32H7S3V8Y6TR, STM32H7S3Z8J6, STM32H7S3Z8T6, STM32H7S78-DK, STM32H7S7A8I6, STM32H7S7I8K6, STM32H7S7I8T6, STM32H7S7L8H6, STM32H7S7L8H6H, STM32H7S7Z8J6, STM32L4R5QGI6STR, STM32MP131AAE3, STM32MP131AAF3, STM32MP131AAG3, STM32MP131CAE3, STM32MP131CAF3, STM32MP131CAG3, STM32MP131DAE7, STM32MP131DAF7, STM32MP131DAG7, STM32MP131FAE7, STM32MP131FAF7, STM32MP131FAG7, STM32MP133AAE3, STM32MP133AAF3, STM32MP133AAG3, STM32MP133CAE3, STM32MP133CAF3, STM32MP133CAG3, STM32MP133DAE7, STM32MP133DAF7, STM32MP133DAG7, STM32MP133FAE7, STM32MP133FAF7, STM32MP133FAG7, STM32MP135AAE3, STM32MP135AAF3, STM32MP135AAG3, STM32MP135CAE3, STM32MP135CAF3, STM32MP135CAG3, STM32MP135DAE7, STM32MP135DAF7, STM32MP135DAG7, STM32MP135F-DK, STM32MP135FAE7, STM32MP135FAF7, STM32MP135FAF7T, STM32MP135FAF7U, STM32MP135FAG7, STM32MP211AAL3, STM32MP211AAM3, STM32MP211AAN3, STM32MP211AAO3, STM32MP211CAL3, STM32MP211CAM3, STM32MP211CAN3, STM32MP211CAO3, STM32MP211DAL3, STM32MP211DAM3, STM32MP211DAN3, STM32MP211DAO3, STM32MP211FAL3, STM32MP211FAM3, STM32MP211FAN3, STM32MP211FAO3, STM32MP213AAL3, STM32MP213AAM3, STM32MP213AAN3, STM32MP213AAO3, STM32MP213CAL3, STM32MP213CAM3, STM32MP213CAN3, STM32MP213CAO3, STM32MP213DAL3, STM32MP213DAM3, STM32MP213DAN3, STM32MP213DAO3, STM32MP213FAL3, STM32MP213FAM3, STM32MP213FAN3, STM32MP213FAO3, STM32MP215AAL3, STM32MP215AAM3, STM32MP215AAN3, STM32MP215AAO3, STM32MP215CAL3, STM32MP215CAM3, STM32MP215CAN3, STM32MP215CAO3, STM32MP215DAL3, STM32MP215DAM3, STM32MP215DAN3, STM32MP215DAO3, STM32MP215F-DK, STM32MP215FAL3, STM32MP215FAM3, STM32MP215FAN3, STM32MP215FAO3, STM32MP231AAJ3, STM32MP231AAK3, STM32MP231AAL3, STM32MP231CAJ3, STM32MP231CAK3, STM32MP231CAL3, STM32MP231DAJ3, STM32MP231DAK3, STM32MP231DAL3, STM32MP231FAJ3, STM32MP231FAK3, STM32MP231FAL3, STM32MP233AAJ3, STM32MP233AAK3, STM32MP233AAL3, STM32MP233CAJ3, STM32MP233CAK3, STM32MP233CAL3, STM32MP233DAJ3, STM32MP233DAK3, STM32MP233DAL3, STM32MP233FAJ3, STM32MP233FAK3, STM32MP233FAL3, STM32MP235AAJ3, STM32MP235AAK3, STM32MP235AAL3, STM32MP235CAJ3, STM32MP235CAK3, STM32MP235CAL3, STM32MP235DAJ3, STM32MP235DAK3, STM32MP235DAL3, STM32MP235FAJ3, STM32MP235FAK3, STM32MP235FAL3, STM32MP251AAI3, STM32MP251AAK3, STM32MP251AAL3, STM32MP251CAI3, STM32MP251CAK3, STM32MP251CAL3, STM32MP251DAI3, STM32MP251DAK3, STM32MP251DAL3, STM32MP251FAI3, STM32MP251FAK3, STM32MP251FAL3, STM32MP253AAI3, STM32MP253AAK3, STM32MP253AAL3, STM32MP253CAI3, STM32MP253CAK3, STM32MP253CAL3, STM32MP253DAI3, STM32MP253DAK3, STM32MP253DAL3, STM32MP253FAI3, STM32MP253FAK3, STM32MP253FAL3, STM32MP255AAI3, STM32MP255AAK3, STM32MP255AAL3, STM32MP255CAI3, STM32MP255CAK3, STM32MP255CAL3, STM32MP255DAI3, STM32MP255DAK3, STM32MP255DAL3, STM32MP255FAI3, STM32MP255FAK3, STM32MP255FAL3, STM32MP257AAI3, STM32MP257AAK3, STM32MP257AAL3, STM32MP257CAI3, STM32MP257CAK3, STM32MP257CAL3, STM32MP257DAI3, STM32MP257DAK3, STM32MP257DAL3, STM32MP257F-DK, STM32MP257F-EV1, STM32MP257FAI3, STM32MP257FAK3, STM32MP257FAL3, STM32N645A0H3Q, STM32N645B0H3Q, STM32N645I0H3Q, STM32N645L0H3Q, STM32N645X0H3Q, STM32N645Z0H3Q, STM32N647A0H3Q, STM32N647B0H3Q, STM32N647I0H3Q, STM32N647L0H3Q, STM32N647X0H3Q, STM32N647Z0H3Q, STM32N655A0H3Q, STM32N655B0H3Q, STM32N655I0H3Q, STM32N655L0H3Q, STM32N655X0H3Q, STM32N655Z0H3Q, STM32N6570-DK, STM32N657A0H3Q, STM32N657B0H3Q, STM32N657I0H3Q, STM32N657L0H3Q, STM32N657X0H3Q, STM32N657Z0H3Q, STM32U031C6T6, STM32U031C6U6, STM32U031C8T6, STM32U031C8U6, STM32U031F4P6, STM32U031F6P6, STM32U031F8P6, STM32U031G6Y6TR, STM32U031G8Y6TR, STM32U031K4U6, STM32U031K6U6, STM32U031K8U6, STM32U031R6I6, STM32U031R6T6, STM32U031R8I6, STM32U031R8T6, STM32U073C8T6, STM32U073C8U6, STM32U073CBT6, STM32U073CBU6, STM32U073CCT6, STM32U073CCU6, STM32U073H8Y6TR, STM32U073HBY6TR, STM32U073HCY6TR, STM32U073K8U6, STM32U073KBU6, STM32U073KCU6, STM32U073M8I6, STM32U073M8T6, STM32U073MBI6, STM32U073MBT6, STM32U073MCI6, STM32U073MCT6, STM32U073R8I6, STM32U073R8T6, STM32U073RBI6, STM32U073RBT6, STM32U073RCI6, STM32U073RCT6, STM32U083C-DK, STM32U083CCT6, STM32U083CCU6, STM32U083HCY6TR, STM32U083KCU6, STM32U083MCI6, STM32U083MCT6, STM32U083RCI6, STM32U083RCT6, STM32U375CET6, STM32U375CET6Q, STM32U375CEU6, STM32U375CEU6Q, STM32U375CEY6QTR, STM32U375CGT6, STM32U375CGT6Q, STM32U375CGU6, STM32U375CGU6Q, STM32U375CGY6QTR, STM32U375KEU6, STM32U375KGU6, STM32U375REI6, STM32U375REI6Q, STM32U375RET6, STM32U375RET6Q, STM32U375REY6GTR, STM32U375REY6QTR, STM32U375RGI6, STM32U375RGI6Q, STM32U375RGT6, STM32U375RGT6Q, STM32U375RGY6GTR, STM32U375RGY6QTR, STM32U375VEI6, STM32U375VEI6Q, STM32U375VET6, STM32U375VET6Q, STM32U375VGI6, STM32U375VGI6Q, STM32U375VGT6, STM32U375VGT6Q, STM32U385CGT6, STM32U385CGT6Q, STM32U385CGU6, STM32U385CGU6Q, STM32U385CGY6QTR, STM32U385KGU6, STM32U385RGI6, STM32U385RGI6Q, STM32U385RGT6, STM32U385RGT6Q, STM32U385RGY6GTR, STM32U385RGY6QTR, STM32U385VGI6, STM32U385VGI6Q, STM32U385VGT6, STM32U385VGT6Q, STM32U535CBT6, STM32U535CBT6Q, STM32U535CBU6, STM32U535CBU6Q, STM32U535CCT6, STM32U535CCT6Q, STM32U535CCU6, STM32U535CCU6Q, STM32U535CET6, STM32U535CET6Q, STM32U535CEU6, STM32U535CEU6Q, STM32U535JEY6QTR, STM32U535NCY6QTR, STM32U535NEY6QTR, STM32U535RBI6, STM32U535RBI6Q, STM32U535RBT6, STM32U535RBT6Q, STM32U535RCI6, STM32U535RCI6Q, STM32U535RCT6, STM32U535RCT6Q, STM32U535REI6, STM32U535REI6Q, STM32U535RET6, STM32U535RET6Q, STM32U535VCI6, STM32U535VCI6Q, STM32U535VCT6, STM32U535VCT6Q, STM32U535VEI6, STM32U535VEI6Q, STM32U535VET6, STM32U535VET6Q, STM32U545CET6, STM32U545CET6Q, STM32U545CEU6, STM32U545CEU6Q, STM32U545JEY6QTR, STM32U545NEY6QTR, STM32U545REI6, STM32U545REI6Q, STM32U545RET6, STM32U545RET6Q, STM32U545VEI6, STM32U545VEI6Q, STM32U545VET6, STM32U545VET6Q, STM32U595AIH6, STM32U595AIH6Q, STM32U595AJH6, STM32U595AJH6Q, STM32U595QII6, STM32U595QII6Q, STM32U595QJI6, STM32U595QJI6Q, STM32U595RIT6, STM32U595RIT6Q, STM32U595RJT6, STM32U595RJT6Q, STM32U595VIT6, STM32U595VIT6Q, STM32U595VJT6, STM32U595VJT6Q, STM32U595ZIT6, STM32U595ZIT6Q, STM32U595ZIY6QTR, STM32U595ZJT6, STM32U595ZJT6Q, STM32U595ZJY6QTR, STM32U599BJY6QTR, STM32U599NIH6Q, STM32U599NJH6Q, STM32U599VIT6Q, STM32U599VJT6, STM32U599VJT6Q, STM32U599ZIT6Q, STM32U599ZIY6QTR, STM32U599ZJT6Q, STM32U599ZJY6QTR, STM32U5A5AJH6, STM32U5A5AJH6Q, STM32U5A5QII3Q , STM32U5A5QJI6, STM32U5A5QJI6Q, STM32U5A5RJT6, STM32U5A5RJT6Q, STM32U5A5VJT6, STM32U5A5VJT6Q, STM32U5A5ZJT6, STM32U5A5ZJT6Q, STM32U5A5ZJY6QTR, STM32U5A9BJY6QTR, STM32U5A9J-DK, STM32U5A9NJH6Q, STM32U5A9VJT6Q, STM32U5A9ZJT6Q, STM32U5A9ZJY6QTR, STM32U5F7VIT6, STM32U5F7VIT6Q, STM32U5F7VJT6, STM32U5F7VJT6Q, STM32U5F9BJY6QTR, STM32U5F9NJH6Q, STM32U5F9VIT6Q, STM32U5F9VJT6Q, STM32U5F9ZIJ6QTR, STM32U5F9ZIT6Q, STM32U5F9ZJJ6QTR, STM32U5F9ZJT6Q, STM32U5G7VJT6, STM32U5G7VJT6Q, STM32U5G9BJY6QTR, STM32U5G9J-DK1, STM32U5G9J-DK2, STM32U5G9NJH6Q, STM32U5G9VJT6Q, STM32U5G9ZJJ6QTR, STM32U5G9ZJT6Q, STM32WB05KZV6TR, STM32WB05KZV7TR, STM32WB05TZF6TR, STM32WB05TZF7TR, STM32WB06CCF6TR, STM32WB06CCF7TR, STM32WB06CCV6TR, STM32WB06CCV7TR, STM32WB06KCV6TR, STM32WB06KCV7TR, STM32WB07CCF6TR, STM32WB07CCF7TR, STM32WB07CCV6TR, STM32WB07CCV7TR, STM32WB07KCV6TR, STM32WB07KCV7TR, STM32WB09KEV6TR, STM32WB09KEV7TR, STM32WB09TEF6TR, STM32WB09TEF7TR, STM32WB1MMCH6, STM32WBA50KGU6, STM32WBA50KGU6TR, STM32WBA52CEU6, STM32WBA52CEU6TR, STM32WBA52CEU7, STM32WBA52CEU7TR, STM32WBA52CGU6, STM32WBA52CGU6TR, STM32WBA52CGU6U, STM32WBA52CGU7, STM32WBA52CGU7TR, STM32WBA52KEU6, STM32WBA52KEU6TR, STM32WBA52KGU6, STM32WBA52KGU6TR, STM32WBA54CEU6, STM32WBA54CEU6TR, STM32WBA54CEU7, STM32WBA54CEU7TR, STM32WBA54CGU6, STM32WBA54CGU6TR, STM32WBA54CGU7, STM32WBA54CGU7TR, STM32WBA54KEU6, STM32WBA54KEU6TR, STM32WBA54KEU7, STM32WBA54KEU7TR, STM32WBA54KGU6, STM32WBA54KGU6TR, STM32WBA54KGU7, STM32WBA54KGU7TR, STM32WBA55CEU6, STM32WBA55CEU6TR, STM32WBA55CEU7, STM32WBA55CEU7TR, STM32WBA55CGU6, STM32WBA55CGU6TR, STM32WBA55CGU6U, STM32WBA55CGU7, STM32WBA55CGU7TR, STM32WBA55G-DK1, STM32WBA55HEF6, STM32WBA55HEF7, STM32WBA55HGF6, STM32WBA55HGF7, STM32WBA55UEI6, STM32WBA55UEI6TR, STM32WBA55UEI7, STM32WBA55UEI7TR, STM32WBA55UGI6, STM32WBA55UGI6TR, STM32WBA55UGI7, STM32WBA55UGI7TR, STM32WBA5MMGH6TR, STM32WBA62MGF6, STM32WBA62MIF6, STM32WBA65MGF7, STM32WBA65MIF6, STM32WBA65MIF7, STM32WL30K8V6, STM32WL30KBV6, STM32WL31C8V6, STM32WL31CBV6, STM32WL31K8V6, STM32WL31KBV6, STM32WL33C8V6, STM32WL33C8V6X, STM32WL33CBV6, STM32WL33CBV6X, STM32WL33CCV6, STM32WL33CCV6A, STM32WL33CCV6X, STM32WL33K8V7, STM32WL33K8V7X, STM32WL33KBV7 , STM32WL33KBV7X, STM32WL33KCV7, STM32WL33KCV7X, STM32WL5MOCH6, STM32WL5MOCH6TR]
2026-01-19 13:55:53,702 [INFO] DbMcus:218 - Found 4876 MCUs, 4876 are supported
2026-01-19 13:55:53,703 [INFO] ApiDb:423 - Load user favorites file C:\Users\Chinnapop/.stm32cubeide/favorites.mcus.txt: 0 item(s)
2026-01-19 13:55:53,703 [INFO] ApiDb:427 - User favorites MCUs=[]
2026-01-19 13:55:53,704 [INFO] DbMcus:224 - Set 0 / 0 favorites MCUs
2026-01-19 13:55:54,099 [INFO] ApiDb:668 - CubeFinder database Data Model version=2.1
2026-01-19 13:55:54,099 [INFO] ApiDb:669 - CubeFinder database Configuration version=3.0.39
2026-01-19 13:55:54,099 [INFO] ApiDb:670 - CubeFinder database generation date=2025-12-22 (1766407740)
2026-01-19 13:55:54,099 [INFO] ApiDb:671 - CubeFinder database FW Pack versions=[FP-ATR-ASTRA1_V2.0.0, FP-SNS-FLIGHT1_V5.1.0, FP-SNS-MOTENV1_V5.1.0, FP-SNS-MOTENVWB1_V1.4.0, FP-SNS-SMARTAG2_V1.2.0, FP-SNS-STBOX1_V2.1.0, STM32Cube_FW_C0_V1.4.0, STM32Cube_FW_F4_V1.28.3, STM32Cube_FW_F7_V1.17.4, STM32Cube_FW_G0_V1.6.2, STM32Cube_FW_G4_V1.6.1, STM32Cube_FW_H5_V1.5.1, STM32Cube_FW_H7RS_V1.3.0, STM32Cube_FW_H7_V1.12.1, STM32Cube_FW_L0_V1.12.2, STM32Cube_FW_L4_V1.18.1, STM32Cube_FW_L5_V1.6.0, STM32Cube_FW_N6_V1.3.0, STM32Cube_FW_U0_V1.3.0, STM32Cube_FW_U3_V1.2.1, STM32Cube_FW_U5_V1.8.0, STM32Cube_FW_WB0_V1.4.0, STM32Cube_FW_WBA_V1.8.0, STM32Cube_FW_WB_V1.24.0, STM32Cube_FW_WL3_V1.3.0, STM32Cube_FW_WL_V1.4.0, X-CUBE-ALGOBUILD_V1.4.0, X-CUBE-ALS_V1.0.2, X-CUBE-AZRTOS-F4_V1.1.0, X-CUBE-AZRTOS-F7_V1.1.0, X-CUBE-AZRTOS-G0_V1.1.0, X-CUBE-AZRTOS-G4_V2.0.0, X-CUBE-AZRTOS-H7RS_V1.1.0, X-CUBE-AZRTOS-H7_V3.4.0, X-CUBE-AZRTOS-L4_V2.0.0, X-CUBE-AZRTOS-L5_V2.0.0, X-CUBE-AZRTOS-WB_V2.0.0, X-CUBE-AZRTOS-WL_V2.0.0, X-CUBE-BLE1_V7.1.0, X-CUBE-BLE2_V3.3.0, X-CUBE-BLEMGR_V4.1.0, X-CUBE-EEPRMA1_V5.2.0, X-CUBE-FREERTOS_V1.3.1, X-CUBE-GNSS1_V6.0.0, X-CUBE-MEMS1_V12.0.0, X-CUBE-NFC4_V3.0.0, X-CUBE-NFC7_V2.0.0, X-CUBE-SFXS2LP1_V4.0.0, X-CUBE-ST67W61_V1.1.0, X-CUBE-SUBG2_V5.0.0, X-CUBE-TOF1_V3.4.3]
2026-01-19 13:55:54,143 [INFO] DbBoardsSqlite:226 - include board P-NUCLEO-WB55-NUCLEO as a kit item of type 'Nucleo-64'
2026-01-19 13:55:54,143 [INFO] DbBoardsSqlite:226 - include board P-NUCLEO-WB55-USBDONGLE as a kit item of type 'Nucleo USB Dongle'
2026-01-19 13:55:54,144 [INFO] DbBoardsSqlite:226 - include board STEVAL-IDP005V1 as a kit item of type 'Evaluation Board'
2026-01-19 13:55:54,144 [INFO] DbBoardsSqlite:226 - include board STEVAL-IDP005V2 as a kit item of type 'Evaluation Board'
2026-01-19 13:55:54,208 [INFO] ApiDb:240 - Found 880 in-development CPN: [B-G473E-ZEST1S, B-WB1M-WPAN1, B-WBA5M-WPAN, B-WL5M-SUBG1, NUCLEO-C031C6, NUCLEO-C051C8, NUCLEO-C071RB, NUCLEO-C092RC, NUCLEO-H503RB, NUCLEO-H533RE, NUCLEO-H563ZI, NUCLEO-H7S3L8, NUCLEO-N657X0-Q, NUCLEO-U031R8, NUCLEO-U083RC, NUCLEO-U385RG-Q, NUCLEO-U545RE-Q, NUCLEO-U5A5ZJ-Q, NUCLEO-WB05KZ, NUCLEO-WB07CC, NUCLEO-WB09KE, NUCLEO-WBA52CG, NUCLEO-WBA55CG, NUCLEO-WL33CC1, NUCLEO-WL33CC2, STEVAL-PROTEUS1, STEVAL-SMARTAG2, STEVAL-STWINBX1, STM320518-EVAL, STM32C0116-DK, STM32C011D6Y3TR, STM32C011D6Y6TR, STM32C011F4P3, STM32C011F4P6, STM32C011F4U3, STM32C011F4U6TR, STM32C011F6P3, STM32C011F6P6, STM32C011F6U3, STM32C011F6U6TR, STM32C011J4M3, STM32C011J4M6, STM32C011J6M3, STM32C011J6M6, STM32C0316-DK, STM32C031C4T3, STM32C031C4T6, STM32C031C4U3, STM32C031C4U6, STM32C031C6T3, STM32C031C6T6, STM32C031C6U3, STM32C031C6U6, STM32C031F4P3, STM32C031F4P6, STM32C031F6P3, STM32C031F6P6, STM32C031G4U3, STM32C031G4U6, STM32C031G6U3, STM32C031G6U6, STM32C031K4T3, STM32C031K4T6, STM32C031K4U3, STM32C031K4U6, STM32C031K6T3, STM32C031K6T6, STM32C031K6U3, STM32C031K6U6, STM32C051C6T6, STM32C051C6U6, STM32C051C8T6, STM32C051C8U6, STM32C051D8Y6TR, STM32C051F6P6, STM32C051F8P6, STM32C051G6U6, STM32C051G8U6, STM32C051K6T6, STM32C051K6U6, STM32C051K8T6, STM32C071C8T6, STM32C071C8T6N, STM32C071C8U6, STM32C071C8U6N, STM32C071CBT6, STM32C071CBT6N, STM32C071CBU6, STM32C071CBU6N, STM32C071F8P6, STM32C071F8P6N, STM32C071FBP6, STM32C071FBP6N, STM32C071FBY6TR, STM32C071G8U6, STM32C071G8U6N, STM32C071GBU6, STM32C071GBU6N, STM32C071K8T6, STM32C071K8T6N, STM32C071K8U6, STM32C071K8U6N, STM32C071KBT6, STM32C071KBT6N, STM32C071KBU6, STM32C071KBU6N, STM32C071R8T6, STM32C071R8T6N, STM32C071RBI6N, STM32C071RBT6, STM32C071RBT6N, STM32C091CBT6, STM32C091CBU6, STM32C091CCT6, STM32C091CCU6, STM32C091ECY6TR, STM32C091FBP6, STM32C091FCP6, STM32C091GBU6, STM32C091GCU6, STM32C091KBT6, STM32C091KBU6, STM32C091KCT6, STM32C091KCU6, STM32C091RBT6, STM32C091RCI6, STM32C091RCT6, STM32C092CBT6, STM32C092CBU6, STM32C092CCT6, STM32C092CCU6, STM32C092ECY6TR, STM32C092FBP6, STM32C092FCP6, STM32C092GBU6, STM32C092GCU6, STM32C092KBT6, STM32C092KBU6, STM32C092KCT6, STM32C092KCU6, STM32C092RBT6, STM32C092RCI6, STM32C092RCT6, STM32G071K8TXN, STM32G071K8UXN, STM32G081GBU6N, STM32G081KBT6N, STM32G081KBUXN, STM32G0B1CCT6N, STM32G0B1KCT6, STM32G0B1NEY6TR, STM32G0B1RCT6N, STM32G0C1CCT6, STM32G0C1CCT6N, STM32G0C1CCU6N, STM32G0C1CET6N, STM32G0C1CEU6N, STM32G0C1KCT6, STM32G0C1NEY6TR, STM32G0C1RCI6N, STM32G0C1RCT6N, STM32G0C1REI6N, STM32G0C1RET6N, STM32G0C1VCI6, STM32G0C1VEI6, STM32G411C6T3, STM32G411C6T6, STM32G411C6U3, STM32G411C6U6, STM32G411C8T3, STM32G411C8T6, STM32G411C8U3, STM32G411C8U6, STM32G411CBT3, STM32G411CBT6, STM32G411CBU3, STM32G411CBU6, STM32G411K6T3, STM32G411K6T6, STM32G411K6U3, STM32G411K6U6, STM32G411K8T3, STM32G411K8T6, STM32G411K8U3, STM32G411K8U6, STM32G411KBT3, STM32G411KBT6, STM32G411KBU3, STM32G411KBU6, STM32G411M6T3, STM32G411M6T6, STM32G411M8T3, STM32G411M8T6, STM32G411MBT3, STM32G411MBT6, STM32G411R6T3, STM32G411R6T6, STM32G411R8T3, STM32G411R8T6, STM32G411RBT3, STM32G411RBT6, STM32G414CBT3, STM32G414CBT6, STM32G414CBU3, STM32G414CBU6, STM32G414CCT3, STM32G414CCT6, STM32G414CCU3, STM32G414CCU6, STM32G414MBT3, STM32G414MBT6, STM32G414MCT3, STM32G414MCT6, STM32G414RBT3, STM32G414RBT6, STM32G414RCT3, STM32G414RCT6, STM32G414VBT3, STM32G414VBT6, STM32G414VCT3, STM32G414VCT6, STM32G431CBT3Z, STM32G431RBT3Z, STM32G471CCT6, STM32G471CCU6, STM32G471CET3, STM32G471CET6, STM32G471CEU3, STM32G471CEU6, STM32G471MCT6, STM32G471MET3, STM32G471MET6, STM32G471MEY6TR, STM32G471QCT6, STM32G471QET3, STM32G471RCT6, STM32G471RET3, STM32G471RET6, STM32G471VCH6, STM32G471VCI6, STM32G471VCT6, STM32G471VEH3, STM32G471VEH6, STM32G471VEI3, STM32G471VEI6, STM32G471VET3, STM32G471VET6, STM32G473QET3Z, STM32G473RET3Z, STM32G474CCT6, STM32G491RET3Z, STM32H503CBT6, STM32H503CBU6, STM32H503EBY6TR, STM32H503KBU6, STM32H503RBT6, STM32H523CCT6, STM32H523CCU6, STM32H523CET6, STM32H523CEU6, STM32H523HEY6TR, STM32H523RCT6, STM32H523RET6, STM32H523VCI6, STM32H523VCT6, STM32H523VEI6, STM32H523VET6, STM32H523ZCJ6, STM32H523ZCT6, STM32H523ZEJ6, STM32H523ZET6, STM32H533CET6, STM32H533CEU6, STM32H533HEY6TR, STM32H533RET6, STM32H533VEI6, STM32H533VET6, STM32H533ZEJ6, STM32H533ZET6, STM32H562AGI6, STM32H562AII6, STM32H562IGK6, STM32H562IGT6, STM32H562IIK6, STM32H562IIT6, STM32H562RGT6, STM32H562RGV6, STM32H562RIT6, STM32H562RIV6, STM32H562VGT6, STM32H562VIT6, STM32H562ZGT6, STM32H562ZIT6, STM32H563AGI6, STM32H563AII3Q, STM32H563AII6, STM32H563IGK6, STM32H563IGT6, STM32H563IIK3Q, STM32H563IIK6, STM32H563IIT3Q, STM32H563IIT6, STM32H563MIY3QTR, STM32H563RGT6, STM32H563RGV6, STM32H563RIT6, STM32H563RIV6, STM32H563VGT6, STM32H563VIT3Q, STM32H563VIT6, STM32H563ZGT6, STM32H563ZIT3Q, STM32H563ZIT6, STM32H573AII3Q, STM32H573AII6, STM32H573I-DK, STM32H573IIK3Q, STM32H573IIK6, STM32H573IIT3Q, STM32H573IIT6, STM32H573MIY3QTR, STM32H573RIT6, STM32H573RIV6, STM32H573VIT3Q, STM32H573VIT6, STM32H573ZIT3Q, STM32H573ZIT6, STM32H7R3A8I6, STM32H7R3I8K6, STM32H7R3I8T6, STM32H7R3L8H6, STM32H7R3L8H6H, STM32H7R3R8V6, STM32H7R3V8H6, STM32H7R3V8T6, STM32H7R3V8Y6TR, STM32H7R3Z8J6, STM32H7R3Z8T6, STM32H7R7A8I6, STM32H7R7I8K6, STM32H7R7I8T6, STM32H7R7L8H6, STM32H7R7L8H6H, STM32H7R7Z8J6, STM32H7S3A8I6, STM32H7S3I8K6, STM32H7S3I8T6, STM32H7S3L8H6, STM32H7S3L8H6H, STM32H7S3R8V6, STM32H7S3V8H6, STM32H7S3V8T6, STM32H7S3V8Y6TR, STM32H7S3Z8J6, STM32H7S3Z8T6, STM32H7S78-DK, STM32H7S7A8I6, STM32H7S7I8K6, STM32H7S7I8T6, STM32H7S7L8H6, STM32H7S7L8H6H, STM32H7S7Z8J6, STM32L4R5QGI6STR, STM32MP131AAE3, STM32MP131AAF3, STM32MP131AAG3, STM32MP131CAE3, STM32MP131CAF3, STM32MP131CAG3, STM32MP131DAE7, STM32MP131DAF7, STM32MP131DAG7, STM32MP131FAE7, STM32MP131FAF7, STM32MP131FAG7, STM32MP133AAE3, STM32MP133AAF3, STM32MP133AAG3, STM32MP133CAE3, STM32MP133CAF3, STM32MP133CAG3, STM32MP133DAE7, STM32MP133DAF7, STM32MP133DAG7, STM32MP133FAE7, STM32MP133FAF7, STM32MP133FAG7, STM32MP135AAE3, STM32MP135AAF3, STM32MP135AAG3, STM32MP135CAE3, STM32MP135CAF3, STM32MP135CAG3, STM32MP135DAE7, STM32MP135DAF7, STM32MP135DAG7, STM32MP135F-DK, STM32MP135FAE7, STM32MP135FAF7, STM32MP135FAF7T, STM32MP135FAF7U, STM32MP135FAG7, STM32MP211AAL3, STM32MP211AAM3, STM32MP211AAN3, STM32MP211AAO3, STM32MP211CAL3, STM32MP211CAM3, STM32MP211CAN3, STM32MP211CAO3, STM32MP211DAL3, STM32MP211DAM3, STM32MP211DAN3, STM32MP211DAO3, STM32MP211FAL3, STM32MP211FAM3, STM32MP211FAN3, STM32MP211FAO3, STM32MP213AAL3, STM32MP213AAM3, STM32MP213AAN3, STM32MP213AAO3, STM32MP213CAL3, STM32MP213CAM3, STM32MP213CAN3, STM32MP213CAO3, STM32MP213DAL3, STM32MP213DAM3, STM32MP213DAN3, STM32MP213DAO3, STM32MP213FAL3, STM32MP213FAM3, STM32MP213FAN3, STM32MP213FAO3, STM32MP215AAL3, STM32MP215AAM3, STM32MP215AAN3, STM32MP215AAO3, STM32MP215CAL3, STM32MP215CAM3, STM32MP215CAN3, STM32MP215CAO3, STM32MP215DAL3, STM32MP215DAM3, STM32MP215DAN3, STM32MP215DAO3, STM32MP215F-DK, STM32MP215FAL3, STM32MP215FAM3, STM32MP215FAN3, STM32MP215FAO3, STM32MP231AAJ3, STM32MP231AAK3, STM32MP231AAL3, STM32MP231CAJ3, STM32MP231CAK3, STM32MP231CAL3, STM32MP231DAJ3, STM32MP231DAK3, STM32MP231DAL3, STM32MP231FAJ3, STM32MP231FAK3, STM32MP231FAL3, STM32MP233AAJ3, STM32MP233AAK3, STM32MP233AAL3, STM32MP233CAJ3, STM32MP233CAK3, STM32MP233CAL3, STM32MP233DAJ3, STM32MP233DAK3, STM32MP233DAL3, STM32MP233FAJ3, STM32MP233FAK3, STM32MP233FAL3, STM32MP235AAJ3, STM32MP235AAK3, STM32MP235AAL3, STM32MP235CAJ3, STM32MP235CAK3, STM32MP235CAL3, STM32MP235DAJ3, STM32MP235DAK3, STM32MP235DAL3, STM32MP235FAJ3, STM32MP235FAK3, STM32MP235FAL3, STM32MP251AAI3, STM32MP251AAK3, STM32MP251AAL3, STM32MP251CAI3, STM32MP251CAK3, STM32MP251CAL3, STM32MP251DAI3, STM32MP251DAK3, STM32MP251DAL3, STM32MP251FAI3, STM32MP251FAK3, STM32MP251FAL3, STM32MP253AAI3, STM32MP253AAK3, STM32MP253AAL3, STM32MP253CAI3, STM32MP253CAK3, STM32MP253CAL3, STM32MP253DAI3, STM32MP253DAK3, STM32MP253DAL3, STM32MP253FAI3, STM32MP253FAK3, STM32MP253FAL3, STM32MP255AAI3, STM32MP255AAK3, STM32MP255AAL3, STM32MP255CAI3, STM32MP255CAK3, STM32MP255CAL3, STM32MP255DAI3, STM32MP255DAK3, STM32MP255DAL3, STM32MP255FAI3, STM32MP255FAK3, STM32MP255FAL3, STM32MP257AAI3, STM32MP257AAK3, STM32MP257AAL3, STM32MP257CAI3, STM32MP257CAK3, STM32MP257CAL3, STM32MP257DAI3, STM32MP257DAK3, STM32MP257DAL3, STM32MP257F-DK, STM32MP257F-EV1, STM32MP257FAI3, STM32MP257FAK3, STM32MP257FAL3, STM32N645A0H3Q, STM32N645B0H3Q, STM32N645I0H3Q, STM32N645L0H3Q, STM32N645X0H3Q, STM32N645Z0H3Q, STM32N647A0H3Q, STM32N647B0H3Q, STM32N647I0H3Q, STM32N647L0H3Q, STM32N647X0H3Q, STM32N647Z0H3Q, STM32N655A0H3Q, STM32N655B0H3Q, STM32N655I0H3Q, STM32N655L0H3Q, STM32N655X0H3Q, STM32N655Z0H3Q, STM32N6570-DK, STM32N657A0H3Q, STM32N657B0H3Q, STM32N657I0H3Q, STM32N657L0H3Q, STM32N657X0H3Q, STM32N657Z0H3Q, STM32U031C6T6, STM32U031C6U6, STM32U031C8T6, STM32U031C8U6, STM32U031F4P6, STM32U031F6P6, STM32U031F8P6, STM32U031G6Y6TR, STM32U031G8Y6TR, STM32U031K4U6, STM32U031K6U6, STM32U031K8U6, STM32U031R6I6, STM32U031R6T6, STM32U031R8I6, STM32U031R8T6, STM32U073C8T6, STM32U073C8U6, STM32U073CBT6, STM32U073CBU6, STM32U073CCT6, STM32U073CCU6, STM32U073H8Y6TR, STM32U073HBY6TR, STM32U073HCY6TR, STM32U073K8U6, STM32U073KBU6, STM32U073KCU6, STM32U073M8I6, STM32U073M8T6, STM32U073MBI6, STM32U073MBT6, STM32U073MCI6, STM32U073MCT6, STM32U073R8I6, STM32U073R8T6, STM32U073RBI6, STM32U073RBT6, STM32U073RCI6, STM32U073RCT6, STM32U083C-DK, STM32U083CCT6, STM32U083CCU6, STM32U083HCY6TR, STM32U083KCU6, STM32U083MCI6, STM32U083MCT6, STM32U083RCI6, STM32U083RCT6, STM32U375CET6, STM32U375CET6Q, STM32U375CEU6, STM32U375CEU6Q, STM32U375CEY6QTR, STM32U375CGT6, STM32U375CGT6Q, STM32U375CGU6, STM32U375CGU6Q, STM32U375CGY6QTR, STM32U375KEU6, STM32U375KGU6, STM32U375REI6, STM32U375REI6Q, STM32U375RET6, STM32U375RET6Q, STM32U375REY6GTR, STM32U375REY6QTR, STM32U375RGI6, STM32U375RGI6Q, STM32U375RGT6, STM32U375RGT6Q, STM32U375RGY6GTR, STM32U375RGY6QTR, STM32U375VEI6, STM32U375VEI6Q, STM32U375VET6, STM32U375VET6Q, STM32U375VGI6, STM32U375VGI6Q, STM32U375VGT6, STM32U375VGT6Q, STM32U385CGT6, STM32U385CGT6Q, STM32U385CGU6, STM32U385CGU6Q, STM32U385CGY6QTR, STM32U385KGU6, STM32U385RGI6, STM32U385RGI6Q, STM32U385RGT6, STM32U385RGT6Q, STM32U385RGY6GTR, STM32U385RGY6QTR, STM32U385VGI6, STM32U385VGI6Q, STM32U385VGT6, STM32U385VGT6Q, STM32U535CBT6, STM32U535CBT6Q, STM32U535CBU6, STM32U535CBU6Q, STM32U535CCT6, STM32U535CCT6Q, STM32U535CCU6, STM32U535CCU6Q, STM32U535CET6, STM32U535CET6Q, STM32U535CEU6, STM32U535CEU6Q, STM32U535JEY6QTR, STM32U535NCY6QTR, STM32U535NEY6QTR, STM32U535RBI6, STM32U535RBI6Q, STM32U535RBT6, STM32U535RBT6Q, STM32U535RCI6, STM32U535RCI6Q, STM32U535RCT6, STM32U535RCT6Q, STM32U535REI6, STM32U535REI6Q, STM32U535RET6, STM32U535RET6Q, STM32U535VCI6, STM32U535VCI6Q, STM32U535VCT6, STM32U535VCT6Q, STM32U535VEI6, STM32U535VEI6Q, STM32U535VET6, STM32U535VET6Q, STM32U545CET6, STM32U545CET6Q, STM32U545CEU6, STM32U545CEU6Q, STM32U545JEY6QTR, STM32U545NEY6QTR, STM32U545REI6, STM32U545REI6Q, STM32U545RET6, STM32U545RET6Q, STM32U545VEI6, STM32U545VEI6Q, STM32U545VET6, STM32U545VET6Q, STM32U595AIH6, STM32U595AIH6Q, STM32U595AJH6, STM32U595AJH6Q, STM32U595QII6, STM32U595QII6Q, STM32U595QJI6, STM32U595QJI6Q, STM32U595RIT6, STM32U595RIT6Q, STM32U595RJT6, STM32U595RJT6Q, STM32U595VIT6, STM32U595VIT6Q, STM32U595VJT6, STM32U595VJT6Q, STM32U595ZIT6, STM32U595ZIT6Q, STM32U595ZIY6QTR, STM32U595ZJT6, STM32U595ZJT6Q, STM32U595ZJY6QTR, STM32U599BJY6QTR, STM32U599NIH6Q, STM32U599NJH6Q, STM32U599VIT6Q, STM32U599VJT6, STM32U599VJT6Q, STM32U599ZIT6Q, STM32U599ZIY6QTR, STM32U599ZJT6Q, STM32U599ZJY6QTR, STM32U5A5AJH6, STM32U5A5AJH6Q, STM32U5A5QII3Q , STM32U5A5QJI6, STM32U5A5QJI6Q, STM32U5A5RJT6, STM32U5A5RJT6Q, STM32U5A5VJT6, STM32U5A5VJT6Q, STM32U5A5ZJT6, STM32U5A5ZJT6Q, STM32U5A5ZJY6QTR, STM32U5A9BJY6QTR, STM32U5A9J-DK, STM32U5A9NJH6Q, STM32U5A9VJT6Q, STM32U5A9ZJT6Q, STM32U5A9ZJY6QTR, STM32U5F7VIT6, STM32U5F7VIT6Q, STM32U5F7VJT6, STM32U5F7VJT6Q, STM32U5F9BJY6QTR, STM32U5F9NJH6Q, STM32U5F9VIT6Q, STM32U5F9VJT6Q, STM32U5F9ZIJ6QTR, STM32U5F9ZIT6Q, STM32U5F9ZJJ6QTR, STM32U5F9ZJT6Q, STM32U5G7VJT6, STM32U5G7VJT6Q, STM32U5G9BJY6QTR, STM32U5G9J-DK1, STM32U5G9J-DK2, STM32U5G9NJH6Q, STM32U5G9VJT6Q, STM32U5G9ZJJ6QTR, STM32U5G9ZJT6Q, STM32WB05KZV6TR, STM32WB05KZV7TR, STM32WB05TZF6TR, STM32WB05TZF7TR, STM32WB06CCF6TR, STM32WB06CCF7TR, STM32WB06CCV6TR, STM32WB06CCV7TR, STM32WB06KCV6TR, STM32WB06KCV7TR, STM32WB07CCF6TR, STM32WB07CCF7TR, STM32WB07CCV6TR, STM32WB07CCV7TR, STM32WB07KCV6TR, STM32WB07KCV7TR, STM32WB09KEV6TR, STM32WB09KEV7TR, STM32WB09TEF6TR, STM32WB09TEF7TR, STM32WB1MMCH6, STM32WBA50KGU6, STM32WBA50KGU6TR, STM32WBA52CEU6, STM32WBA52CEU6TR, STM32WBA52CEU7, STM32WBA52CEU7TR, STM32WBA52CGU6, STM32WBA52CGU6TR, STM32WBA52CGU6U, STM32WBA52CGU7, STM32WBA52CGU7TR, STM32WBA52KEU6, STM32WBA52KEU6TR, STM32WBA52KGU6, STM32WBA52KGU6TR, STM32WBA54CEU6, STM32WBA54CEU6TR, STM32WBA54CEU7, STM32WBA54CEU7TR, STM32WBA54CGU6, STM32WBA54CGU6TR, STM32WBA54CGU7, STM32WBA54CGU7TR, STM32WBA54KEU6, STM32WBA54KEU6TR, STM32WBA54KEU7, STM32WBA54KEU7TR, STM32WBA54KGU6, STM32WBA54KGU6TR, STM32WBA54KGU7, STM32WBA54KGU7TR, STM32WBA55CEU6, STM32WBA55CEU6TR, STM32WBA55CEU7, STM32WBA55CEU7TR, STM32WBA55CGU6, STM32WBA55CGU6TR, STM32WBA55CGU6U, STM32WBA55CGU7, STM32WBA55CGU7TR, STM32WBA55G-DK1, STM32WBA55HEF6, STM32WBA55HEF7, STM32WBA55HGF6, STM32WBA55HGF7, STM32WBA55UEI6, STM32WBA55UEI6TR, STM32WBA55UEI7, STM32WBA55UEI7TR, STM32WBA55UGI6, STM32WBA55UGI6TR, STM32WBA55UGI7, STM32WBA55UGI7TR, STM32WBA5MMGH6TR, STM32WBA62MGF6, STM32WBA62MIF6, STM32WBA65MGF7, STM32WBA65MIF6, STM32WBA65MIF7, STM32WL30K8V6, STM32WL30KBV6, STM32WL31C8V6, STM32WL31CBV6, STM32WL31K8V6, STM32WL31KBV6, STM32WL33C8V6, STM32WL33C8V6X, STM32WL33CBV6, STM32WL33CBV6X, STM32WL33CCV6, STM32WL33CCV6A, STM32WL33CCV6X, STM32WL33K8V7, STM32WL33K8V7X, STM32WL33KBV7 , STM32WL33KBV7X, STM32WL33KCV7, STM32WL33KCV7X, STM32WL5MOCH6, STM32WL5MOCH6TR]
2026-01-19 13:55:54,497 [INFO] BoardInfo:889 - No configuration file found for board P-NUCLEO-WB55
2026-01-19 13:55:54,503 [INFO] DbBoards:161 - Kit is not supported: P-NUCLEO-WB55
2026-01-19 13:55:54,514 [INFO] BoardInfo:889 - No configuration file found for board STEVAL-BFA001V1B
2026-01-19 13:55:54,514 [INFO] DbBoards:161 - Kit is not supported: STEVAL-BFA001V1B
2026-01-19 13:55:54,524 [INFO] BoardInfo:889 - No configuration file found for board STEVAL-BFA001V2B
2026-01-19 13:55:54,524 [INFO] DbBoards:161 - Kit is not supported: STEVAL-BFA001V2B
2026-01-19 13:55:54,825 [INFO] DbBoards:168 - Found 212 boards, 209 are supported
2026-01-19 13:55:54,825 [INFO] DbBoards:169 - Found 212 boards, 43 of them is supported for  Bsp
2026-01-19 13:55:54,834 [INFO] ApiDb:423 - Load user favorites file C:\Users\Chinnapop/.stm32cubeide/favorites.boards.txt: 0 item(s)
2026-01-19 13:55:54,834 [INFO] ApiDb:427 - User favorites Boards=[]
2026-01-19 13:55:54,834 [INFO] DbBoards:198 - Set 0 / 0 favorites Boards
2026-01-19 13:55:54,836 [INFO] ApiDb:668 - CubeFinder database Data Model version=2.1
2026-01-19 13:55:54,836 [INFO] ApiDb:669 - CubeFinder database Configuration version=3.0.39
2026-01-19 13:55:54,836 [INFO] ApiDb:670 - CubeFinder database generation date=2025-12-22 (1766407740)
2026-01-19 13:55:54,836 [INFO] ApiDb:671 - CubeFinder database FW Pack versions=[FP-ATR-ASTRA1_V2.0.0, FP-SNS-FLIGHT1_V5.1.0, FP-SNS-MOTENV1_V5.1.0, FP-SNS-MOTENVWB1_V1.4.0, FP-SNS-SMARTAG2_V1.2.0, FP-SNS-STBOX1_V2.1.0, STM32Cube_FW_C0_V1.4.0, STM32Cube_FW_F4_V1.28.3, STM32Cube_FW_F7_V1.17.4, STM32Cube_FW_G0_V1.6.2, STM32Cube_FW_G4_V1.6.1, STM32Cube_FW_H5_V1.5.1, STM32Cube_FW_H7RS_V1.3.0, STM32Cube_FW_H7_V1.12.1, STM32Cube_FW_L0_V1.12.2, STM32Cube_FW_L4_V1.18.1, STM32Cube_FW_L5_V1.6.0, STM32Cube_FW_N6_V1.3.0, STM32Cube_FW_U0_V1.3.0, STM32Cube_FW_U3_V1.2.1, STM32Cube_FW_U5_V1.8.0, STM32Cube_FW_WB0_V1.4.0, STM32Cube_FW_WBA_V1.8.0, STM32Cube_FW_WB_V1.24.0, STM32Cube_FW_WL3_V1.3.0, STM32Cube_FW_WL_V1.4.0, X-CUBE-ALGOBUILD_V1.4.0, X-CUBE-ALS_V1.0.2, X-CUBE-AZRTOS-F4_V1.1.0, X-CUBE-AZRTOS-F7_V1.1.0, X-CUBE-AZRTOS-G0_V1.1.0, X-CUBE-AZRTOS-G4_V2.0.0, X-CUBE-AZRTOS-H7RS_V1.1.0, X-CUBE-AZRTOS-H7_V3.4.0, X-CUBE-AZRTOS-L4_V2.0.0, X-CUBE-AZRTOS-L5_V2.0.0, X-CUBE-AZRTOS-WB_V2.0.0, X-CUBE-AZRTOS-WL_V2.0.0, X-CUBE-BLE1_V7.1.0, X-CUBE-BLE2_V3.3.0, X-CUBE-BLEMGR_V4.1.0, X-CUBE-EEPRMA1_V5.2.0, X-CUBE-FREERTOS_V1.3.1, X-CUBE-GNSS1_V6.0.0, X-CUBE-MEMS1_V12.0.0, X-CUBE-NFC4_V3.0.0, X-CUBE-NFC7_V2.0.0, X-CUBE-SFXS2LP1_V4.0.0, X-CUBE-ST67W61_V1.1.0, X-CUBE-SUBG2_V5.0.0, X-CUBE-TOF1_V3.4.3]
2026-01-19 13:55:55,451 [ERROR] DbExamplesSqlite:437 - Missing JSON key: board_cpn
2026-01-19 13:55:55,451 [ERROR] DbExamplesSqlite:437 - Missing JSON key: board_cpn
2026-01-19 13:55:55,452 [ERROR] DbExamplesSqlite:437 - Missing JSON key: board_cpn
2026-01-19 13:55:55,452 [ERROR] DbExamplesSqlite:437 - Missing JSON key: board_cpn
2026-01-19 13:55:55,751 [ERROR] DbExamplesSqlite:437 - Missing JSON key: board_cpn
2026-01-19 13:55:55,752 [ERROR] DbExamplesSqlite:437 - Missing JSON key: board_cpn
2026-01-19 13:55:55,763 [INFO] DbExamplesSqlite:395 - Ignored 42 examples not supported by CubeIDE
2026-01-19 13:55:55,763 [INFO] DbExamplesSqlite:396 - Found 10819 examples active
2026-01-19 13:55:55,763 [INFO] DbExamplesSqlite:397 - Found 0 examples obsolete
2026-01-19 13:55:55,764 [INFO] DbExamplesSqlite:398 - Found 0 examples under development
2026-01-19 13:55:55,764 [INFO] DbExamplesSqlite:399 - Found 85 examples not building
2026-01-19 13:55:55,766 [INFO] DbExamples:125 - Found 10862 examples
2026-01-19 13:55:55,804 [ERROR] DbExamples:208 - Found 73 examples with invalid data (board or MCU)
2026-01-19 13:55:55,804 [INFO] DbExamples:222 - Found 134 boards with related examples
2026-01-19 13:55:55,805 [INFO] DbExamples:235 - Found 111 MCUs with related examples
2026-01-19 13:55:55,825 [INFO] ApiDb:423 - Load user favorites file C:\Users\Chinnapop/.stm32cubeide/favorites.examples.txt: 0 item(s)
2026-01-19 13:55:55,825 [INFO] ApiDb:427 - User favorites Examples=[]
2026-01-19 13:55:55,826 [INFO] DbExamples:250 - Set 0 / 0 favorites Examples
2026-01-19 13:55:55,978 [INFO] McuFinderGlobals:76 - Set McuFinderConnectedMode to true
2026-01-19 13:55:55,991 [INFO] MultiScanPanel:200 - Auto-refresh data requested => check proxy status ongoing
2026-01-19 13:55:55,996 [INFO] FinderPluginLoader:96 - Searching for filters in installed packs
2026-01-19 13:55:57,637 [INFO] LoadUrlFilesThread:185 - End of LoadServerUrlFiles without Thread
2026-01-19 13:55:57,684 [INFO] DetailPanel:341 - Set advertising image to C:/Users/Chinnapop/STM32Cube/Repository/\en.prom-stm32mp21-0126.png
2026-01-19 13:56:01,456 [INFO] McuFinderGlobals:76 - Set McuFinderConnectedMode to true
2026-01-19 13:56:01,456 [INFO] MultiScanPanel:200 - Auto-refresh data requested => check proxy status ongoing
2026-01-19 13:56:01,456 [INFO] FinderPluginLoader:96 - Searching for filters in installed packs
2026-01-19 13:56:02,350 [INFO] LoadUrlFilesThread:185 - End of LoadServerUrlFiles without Thread
2026-01-19 13:56:02,350 [INFO] DetailPanel:341 - Set advertising image to C:/Users/Chinnapop/STM32Cube/Repository/\en.prom-stm32mp21-0126.png
2026-01-19 13:56:37,905 [INFO] MainUpdater:2872 - connection check result : 10
2026-01-19 13:56:37,905 [INFO] MainUpdater:2872 - connection check result : 10
2026-01-19 13:56:37,987 [INFO] MicroXplorer:468 - Change Database Path : 
2026-01-19 13:56:37,987 [INFO] MicroXplorer:498 - Change Database Version : DB.6.0.150
2026-01-19 13:56:38,002 [WARN] ThirdParty:871 - waiting for thirdparty lock release [close project]
2026-01-19 13:56:38,002 [INFO] ThirdParty:873 - entering critical section [close project]
2026-01-19 13:56:38,007 [INFO] ThirdParty:883 - exiting critical section [close project]
2026-01-19 13:56:38,022 [INFO] PinOutPanel:1589 - setPackage(No Configuration,No Configuration)
2026-01-19 13:56:38,026 [INFO] UtilMem:75 - Begin LoadConfig() Used Memory: 441998352 Bytes (623902720)
2026-01-19 13:56:38,114 [INFO] MicroXplorer:468 - Change Database Path : C:/Users/Chinnapop/.stm32cubemx/databases/DB.6.0.141/db/
2026-01-19 13:56:38,114 [INFO] MicroXplorer:498 - Change Database Version : DB.6.0.141
2026-01-19 13:56:40,134 [INFO] OpenFileManager:355 - Change cursor
2026-01-19 13:56:40,184 [WARN] IntegrityCheckThread:84 - waiting for thirdparty lock release [integrity check]
2026-01-19 13:56:40,185 [INFO] IntegrityCheckThread:86 - entering critical section [integrity check]
2026-01-19 13:56:40,505 [WARN] PackLoader:240 - Cannot read IP mode file for STMicroelectronics.FP-SNS-MOTENVWB1.1.4.0
2026-01-19 13:56:40,518 [WARN] PackLoader:240 - Cannot read IP mode file for STMicroelectronics.FP-ATR-ASTRA1.2.0.2
2026-01-19 13:56:40,537 [WARN] PackLoader:240 - Cannot read IP mode file for STMicroelectronics.FP-ATR-ASTRA1.2.0.1
2026-01-19 13:56:40,590 [WARN] PackLoader:240 - Cannot read IP mode file for STMicroelectronics.X-CUBE-SMBUS.2.1.0
2026-01-19 13:56:40,625 [WARN] PackLoader:240 - Cannot read IP mode file for STMicroelectronics.X-CUBE-WB05N.1.1.0
2026-01-19 13:56:40,648 [WARN] PackLoader:240 - Cannot read IP mode file for STMicroelectronics.X-CUBE-ST60.1.0.0
2026-01-19 13:56:40,729 [WARN] PackLoader:240 - Cannot read IP mode file for STMicroelectronics.X-CUBE-AZRTOS-F7.1.1.0
2026-01-19 13:56:40,811 [WARN] PackLoader:240 - Cannot read IP mode file for STMicroelectronics.X-CUBE-MEMS1.11.0.0
2026-01-19 13:56:40,914 [WARN] PackLoader:240 - Cannot read IP mode file for STMicroelectronics.FP-SNS-MOTENV1.5.1.0
2026-01-19 13:56:40,932 [WARN] PackLoader:240 - Cannot read IP mode file for STMicroelectronics.FP-SNS-FLIGHT1.5.0.2
2026-01-19 13:56:40,972 [WARN] PackLoader:240 - Cannot read IP mode file for STMicroelectronics.X-CUBE-AZRTOS-H7.3.4.0
2026-01-19 13:56:40,997 [WARN] PackLoader:240 - Cannot read IP mode file for STMicroelectronics.X-CUBE-DISPLAY.3.0.0
2026-01-19 13:56:41,016 [WARN] PackLoader:240 - Cannot read IP mode file for STMicroelectronics.X-CUBE-BLE1.7.0.0
2026-01-19 13:56:41,034 [WARN] PackLoader:240 - Cannot read IP mode file for STMicroelectronics.X-CUBE-NFC10.1.0.0
2026-01-19 13:56:41,058 [WARN] PackLoader:240 - Cannot read IP mode file for STMicroelectronics.X-CUBE-BLEMGR.4.0.0
2026-01-19 13:56:41,077 [WARN] PackLoader:240 - Cannot read IP mode file for STMicroelectronics.X-CUBE-ST60.1.1.0
2026-01-19 13:56:41,097 [WARN] PackLoader:240 - Cannot read IP mode file for emotas.I-CUBE-CANOPEN.1.3.0
2026-01-19 13:56:41,115 [WARN] PackLoader:240 - Cannot read IP mode file for STMicroelectronics.X-CUBE-GNSS1.7.1.0
2026-01-19 13:56:41,139 [WARN] PackLoader:240 - Cannot read IP mode file for STMicroelectronics.X-CUBE-BLEMGR.3.1.0
2026-01-19 13:56:41,157 [WARN] PackLoader:240 - Cannot read IP mode file for STMicroelectronics.X-CUBE-AI.10.0.0
2026-01-19 13:56:41,185 [WARN] PackLoader:240 - Cannot read IP mode file for STMicroelectronics.FP-SNS-STBOX1.2.1.0
2026-01-19 13:56:41,206 [WARN] PackLoader:240 - Cannot read IP mode file for STMicroelectronics.FP-SNS-SMARTAG2.1.2.0
2026-01-19 13:56:41,221 [WARN] PackLoader:240 - Cannot read IP mode file for STMicroelectronics.FP-SNS-FLIGHT1.5.1.0
2026-01-19 13:56:41,274 [WARN] PackLoader:240 - Cannot read IP mode file for STMicroelectronics.X-CUBE-MEMS1.11.1.0
2026-01-19 13:56:41,382 [INFO] LogOutputStream:77 - [STDOUT_REDIRECT] 1 : Invalid condition id : UX_CORESTACK_Condition cause : null
2026-01-19 13:56:41,384 [INFO] LogOutputStream:77 - [STDOUT_REDIRECT] 1 : Invalid condition id : UX_CORESTACK_Condition cause : null
2026-01-19 13:56:41,386 [INFO] LogOutputStream:77 - [STDOUT_REDIRECT] 1 : Invalid condition id : UX_CORESTACK_Condition cause : null
2026-01-19 13:56:41,388 [INFO] LogOutputStream:77 - [STDOUT_REDIRECT] 1 : Invalid condition id : UX_CORESTACK_Condition cause : null
2026-01-19 13:56:41,389 [INFO] LogOutputStream:77 - [STDOUT_REDIRECT] 1 : Invalid condition id : UX_CORESTACK_Condition cause : null
2026-01-19 13:56:41,391 [WARN] PackLoader:240 - Cannot read IP mode file for STMicroelectronics.X-CUBE-AZRTOS-WL.2.0.0
2026-01-19 13:56:41,410 [WARN] PackLoader:240 - Cannot read IP mode file for STMicroelectronics.FP-SNS-MOTENV1.5.0.0
2026-01-19 13:56:41,442 [WARN] PackLoader:240 - Cannot read IP mode file for STMicroelectronics.X-CUBE-AZRTOS-H7RS.1.2.0
2026-01-19 13:56:41,462 [WARN] PackLoader:240 - Cannot read IP mode file for wolfSSL.I-CUBE-wolfMQTT.1.19.0
2026-01-19 13:56:41,482 [WARN] PackLoader:240 - Cannot read IP mode file for WES.I-CUBE-Cesium.1.3.0
2026-01-19 13:56:41,492 [WARN] PackLoader:240 - Cannot read IP mode file for STMicroelectronics.X-CUBE-BLE2.3.3.0
2026-01-19 13:56:41,517 [WARN] PackLoader:240 - Cannot read IP mode file for STMicroelectronics.X-CUBE-NFC9.1.0.0
2026-01-19 13:56:41,539 [WARN] PackLoader:240 - Cannot read IP mode file for STMicroelectronics.X-CUBE-BLE1.7.1.0
2026-01-19 13:56:41,554 [WARN] PackLoader:240 - Cannot read IP mode file for STMicroelectronics.X-CUBE-TCPP.4.1.0
2026-01-19 13:56:41,574 [WARN] PackLoader:240 - Cannot read IP mode file for STMicroelectronics.X-CUBE-FREERTOS.1.4.0
2026-01-19 13:56:41,584 [WARN] PackLoader:240 - Cannot read IP mode file for STMicroelectronics.X-CUBE-EEPRMA1.5.2.0
2026-01-19 13:56:41,611 [WARN] PackLoader:240 - Cannot read IP mode file for STMicroelectronics.X-CUBE-ST67W61.1.1.0
2026-01-19 13:56:41,621 [WARN] PackLoader:240 - Cannot read IP mode file for STMicroelectronics.X-CUBE-AI.10.1.0
2026-01-19 13:56:41,675 [WARN] PackLoader:240 - Cannot read IP mode file for STMicroelectronics.X-CUBE-MEMS1.12.0.0
2026-01-19 13:56:41,798 [WARN] PackLoader:240 - Cannot read IP mode file for STMicroelectronics.X-CUBE-MEMS1.11.2.0
2026-01-19 13:56:42,061 [WARN] PackLoader:240 - Cannot read IP mode file for STMicroelectronics.X-CUBE-AZRTOS-G0.1.1.0
2026-01-19 13:56:42,092 [WARN] PackLoader:240 - Cannot read IP mode file for STMicroelectronics.X-CUBE-SAFEA1.1.2.2
2026-01-19 13:56:42,112 [WARN] PackLoader:240 - Cannot read IP mode file for STMicroelectronics.X-CUBE-NFC4.3.0.0
2026-01-19 13:56:42,132 [WARN] PackLoader:240 - Cannot read IP mode file for EmbeddedOffice.I-CUBE-FS-RTOS.1.0.1
2026-01-19 13:56:42,153 [WARN] PackLoader:240 - Cannot read IP mode file for STMicroelectronics.X-CUBE-WB05N.2.0.0
2026-01-19 13:56:42,173 [WARN] PackLoader:240 - Cannot read IP mode file for STMicroelectronics.X-CUBE-TCPP.4.2.0
2026-01-19 13:56:42,194 [WARN] PackLoader:240 - Cannot read IP mode file for RealThread.X-CUBE-RT-Thread_Nano.4.1.1
2026-01-19 13:56:42,194 [WARN] PackLoader:240 - Cannot read IP mode file for STMicroelectronics.FP-ATR-SIGFOX1.3.2.0
2026-01-19 13:56:42,204 [WARN] ConditionMgr:438 - getConditionDescription Invalid condition id : Cortex-A Device cause : null
2026-01-19 13:56:42,235 [WARN] ConditionMgr:1044 - genDependencies : Invalid condition id : Cortex-A Device cause : null
2026-01-19 13:56:42,235 [WARN] ConditionMgr:1044 - genDependencies : Invalid condition id : Cortex-A Device cause : null
2026-01-19 13:56:42,235 [WARN] ConditionMgr:1044 - genDependencies : Invalid condition id : Cortex-A Device cause : null
2026-01-19 13:56:42,255 [WARN] PackLoader:240 - Cannot read IP mode file for STMicroelectronics.X-CUBE-EEPRMA1.5.1.0
2026-01-19 13:56:42,276 [WARN] PackLoader:240 - Cannot read IP mode file for wolfSSL.I-CUBE-wolfSSL.5.7.4
2026-01-19 13:56:42,297 [WARN] PackLoader:240 - Cannot read IP mode file for ITTIA_DB.I-CUBE-ITTIADB.8.9.0
2026-01-19 13:56:42,329 [WARN] PackLoader:240 - Cannot read IP mode file for STMicroelectronics.X-CUBE-ST67W61.1.0.0
2026-01-19 13:56:42,350 [WARN] PackLoader:240 - Cannot read IP mode file for STMicroelectronics.X-CUBE-AI.10.2.0
2026-01-19 13:56:42,388 [WARN] PackLoader:240 - Cannot read IP mode file for SEGGER.I-CUBE-embOS.1.3.1
2026-01-19 13:56:42,418 [WARN] PackLoader:240 - Cannot read IP mode file for STMicroelectronics.X-CUBE-ALGOBUILD.1.4.0
2026-01-19 13:56:42,471 [WARN] PackLoader:240 - Cannot read IP mode file for STMicroelectronics.X-CUBE-MEMS1.11.3.0
2026-01-19 13:56:42,575 [WARN] PackLoader:240 - Cannot read IP mode file for STMicroelectronics.X-CUBE-AI.9.1.0
2026-01-19 13:56:42,594 [WARN] PackLoader:240 - Cannot read IP mode file for STMicroelectronics.X-CUBE-PM33A1.1.0.0
2026-01-19 13:56:42,624 [WARN] PackLoader:240 - Cannot read IP mode file for STMicroelectronics.X-CUBE-AZRTOS-F4.1.1.0
2026-01-19 13:56:42,642 [WARN] PackLoader:240 - Cannot read IP mode file for Avnet-IotConnect.X-CUBE-IoTC-DA16k-PMOD.1.0.0
2026-01-19 13:56:42,661 [WARN] PackLoader:240 - Cannot read IP mode file for STMicroelectronics.X-CUBE-ISPU.2.1.0
2026-01-19 13:56:42,690 [WARN] PackLoader:240 - Cannot read IP mode file for STMicroelectronics.X-CUBE-IPS.3.2.0
2026-01-19 13:56:42,713 [WARN] PackLoader:240 - Cannot read IP mode file for STMicroelectronics.X-CUBE-FREERTOS.1.2.0
2026-01-19 13:56:42,732 [WARN] PackLoader:240 - Cannot read IP mode file for STMicroelectronics.X-CUBE-NFC12.1.0.0
2026-01-19 13:56:42,764 [WARN] PackLoader:240 - Cannot read IP mode file for STMicroelectronics.X-CUBE-AZRTOS-L5.2.0.0
2026-01-19 13:56:42,786 [WARN] PackLoader:240 - Cannot read IP mode file for STMicroelectronics.X-CUBE-NFC6.3.1.0
2026-01-19 13:56:42,804 [WARN] PackLoader:240 - Cannot read IP mode file for STMicroelectronics.X-CUBE-DPower.1.2.0
2026-01-19 13:56:42,823 [WARN] PackLoader:240 - Cannot read IP mode file for STMicroelectronics.X-CUBE-FREERTOS.1.3.1
2026-01-19 13:56:42,840 [WARN] PackLoader:240 - Cannot read IP mode file for STMicroelectronics.X-CUBE-FREERTOS.1.3.0
2026-01-19 13:56:42,858 [WARN] PackLoader:240 - Cannot read IP mode file for STMicroelectronics.X-CUBE-NFC7.1.0.1
2026-01-19 13:56:42,878 [WARN] PackLoader:240 - Cannot read IP mode file for STMicroelectronics.X-CUBE-TOUCHGFX.4.26.0
2026-01-19 13:56:42,895 [WARN] PackLoader:240 - Cannot read IP mode file for STMicroelectronics.FP-SNS-STAIOTCFT.1.0.0
2026-01-19 13:56:42,911 [WARN] PackLoader:240 - Cannot read IP mode file for STMicroelectronics.X-CUBE-DPower.1.3.0
2026-01-19 13:56:42,947 [WARN] ConditionMgr:438 - getConditionDescription Invalid condition id : LAN8742 Phy interface Condition cause : null
2026-01-19 13:56:42,947 [WARN] PackLoader:240 - Cannot read IP mode file for STMicroelectronics.X-CUBE-AZRTOS-L4.2.0.0
2026-01-19 13:56:42,948 [WARN] ConditionMgr:1044 - genDependencies : Invalid condition id : LAN8742 Phy interface Condition cause : null
2026-01-19 13:56:42,948 [WARN] ConditionMgr:1044 - genDependencies : Invalid condition id : LAN8742 Phy interface Condition cause : null
2026-01-19 13:56:42,949 [WARN] ConditionMgr:1044 - genDependencies : Invalid condition id : LAN8742 Phy interface Condition cause : null
2026-01-19 13:56:42,966 [WARN] PackLoader:240 - Cannot read IP mode file for STMicroelectronics.X-CUBE-SFXS2LP1.4.0.0
2026-01-19 13:56:42,984 [WARN] PackLoader:240 - Cannot read IP mode file for STMicroelectronics.X-CUBE-ST67W61.1.2.0
2026-01-19 13:56:43,017 [WARN] PackLoader:240 - Cannot read IP mode file for STMicroelectronics.X-CUBE-AZRTOS-H7.3.3.0
2026-01-19 13:56:43,038 [WARN] PackLoader:240 - Cannot read IP mode file for STMicroelectronics.X-CUBE-BLEMGR.4.1.0
2026-01-19 13:56:43,062 [WARN] PackLoader:240 - Cannot read IP mode file for STMicroelectronics.X-CUBE-IPS.3.0.0
2026-01-19 13:56:43,090 [WARN] ConditionMgr:438 - getConditionDescription Invalid condition id : UX DEVICE CLASS RTOS Condition cause : null
2026-01-19 13:56:43,091 [WARN] ConditionMgr:438 - getConditionDescription Invalid condition id : UX DEVICE CLASS RTOS Condition cause : null
2026-01-19 13:56:43,092 [WARN] PackLoader:240 - Cannot read IP mode file for STMicroelectronics.X-CUBE-AZRTOS-WB.2.0.0
2026-01-19 13:56:43,092 [WARN] ConditionMgr:1044 - genDependencies : Invalid condition id : UX DEVICE CLASS RTOS Condition cause : null
2026-01-19 13:56:43,092 [WARN] ConditionMgr:1044 - genDependencies : Invalid condition id : UX DEVICE CLASS RTOS Condition cause : null
2026-01-19 13:56:43,092 [WARN] ConditionMgr:1044 - genDependencies : Invalid condition id : UX DEVICE CLASS RTOS Condition cause : null
2026-01-19 13:56:43,093 [WARN] ConditionMgr:1044 - genDependencies : Invalid condition id : UX DEVICE CLASS RTOS Condition cause : null
2026-01-19 13:56:43,093 [WARN] ConditionMgr:1044 - genDependencies : Invalid condition id : UX DEVICE CLASS RTOS Condition cause : null
2026-01-19 13:56:43,112 [WARN] PackLoader:240 - Cannot read IP mode file for STMicroelectronics.X-CUBE-GNSS1.7.0.0
2026-01-19 13:56:43,130 [WARN] PackLoader:240 - Cannot read IP mode file for STMicroelectronics.X-CUBE-GNSS1.7.0.1
2026-01-19 13:56:43,148 [WARN] PackLoader:240 - Cannot read IP mode file for STMicroelectronics.X-CUBE-TOUCHGFX.4.25.0
2026-01-19 13:56:43,165 [WARN] PackLoader:240 - Cannot read IP mode file for STMicroelectronics.FP-SNS-STBOX1.2.0.0
2026-01-19 13:56:43,187 [WARN] PackLoader:240 - Cannot read IP mode file for STMicroelectronics.X-CUBE-SUBG2.5.0.0
2026-01-19 13:56:43,218 [WARN] PackLoader:240 - Cannot read IP mode file for STMicroelectronics.X-CUBE-AZRTOS-H7RS.1.1.0
2026-01-19 13:56:43,225 [WARN] PackLoader:240 - Cannot read IP mode file for Cesanta.I-CUBE-Mongoose.7.13.0
2026-01-19 13:56:43,251 [WARN] PackLoader:240 - Cannot read IP mode file for STMicroelectronics.X-CUBE-AZRTOS-G4.2.0.0
2026-01-19 13:56:43,268 [WARN] PackLoader:240 - Cannot read IP mode file for STMicroelectronics.X-CUBE-NFC7.2.0.0
2026-01-19 13:56:43,290 [WARN] PackLoader:240 - Cannot read IP mode file for STMicroelectronics.X-CUBE-IPS.3.1.0
2026-01-19 13:56:43,311 [WARN] PackLoader:240 - Cannot read IP mode file for STMicroelectronics.X-CUBE-ALS.1.0.2
2026-01-19 13:56:43,330 [WARN] PackLoader:240 - Cannot read IP mode file for STMicroelectronics.X-CUBE-TOUCHGFX.4.24.2
2026-01-19 13:56:43,348 [WARN] PackLoader:240 - Cannot read IP mode file for STMicroelectronics.X-CUBE-TOUCHGFX.4.24.1
2026-01-19 13:56:43,366 [WARN] PackLoader:240 - Cannot read IP mode file for STMicroelectronics.X-CUBE-STSE01.1.0.0
2026-01-19 13:56:43,384 [WARN] PackLoader:240 - Cannot read IP mode file for wolfSSL.I-CUBE-wolfTPM.3.4.0
2026-01-19 13:56:43,401 [WARN] PackLoader:240 - Cannot read IP mode file for portGmbH.I-Cube-SoM-uGOAL.1.1.0
2026-01-19 13:56:43,433 [WARN] PackLoader:240 - Cannot read IP mode file for STMicroelectronics.X-CUBE-AZRTOS-H7RS.1.0.0
2026-01-19 13:56:43,451 [WARN] PackLoader:240 - Cannot read IP mode file for STMicroelectronics.FP-ATR-ASTRA1.2.0.0
2026-01-19 13:56:43,471 [WARN] PackLoader:240 - Cannot read IP mode file for STMicroelectronics.X-CUBE-TOF1.3.4.2
2026-01-19 13:56:43,498 [WARN] PackLoader:240 - Cannot read IP mode file for STMicroelectronics.X-CUBE-TOF1.3.4.3
2026-01-19 13:56:43,542 [WARN] PackLoader:240 - Cannot read IP mode file for Infineon.AIROC-Wi-Fi-Bluetooth-STM32.1.6.1
2026-01-19 13:56:43,551 [WARN] PackLoader:240 - Cannot read IP mode file for wolfSSL.I-CUBE-wolfSSH.1.4.17
2026-01-19 13:56:43,552 [INFO] ThirdParty:978 - Integrity check success = true
2026-01-19 13:56:43,552 [INFO] IntegrityCheckThread:100 - exiting critical section [integrity check]
2026-01-19 13:56:43,552 [INFO] IntegrityCheckThread:103 - End integrity checks thread
2026-01-19 13:56:43,618 [INFO] Mcu:2029 - Initializing MCU STM32F767ZITx STM32F767ZITx STM32F767ZIT6
2026-01-19 13:56:47,508 [INFO] Context:786 - Trying to add GPIOservice into a context  which must be forbidden
2026-01-19 13:56:48,317 [INFO] ImportTextPane:234 - (OptionalMessage_ERROR) Pin20 (VP_RIF_VS_RIF1) cannot be retrieved for this MCU
2026-01-19 13:56:48,668 [INFO] RtosManager:558 - Registered RTOS mode: class=CMSIS, group=RTOS, mode=CMSIS_V1, owner=FREERTOS
2026-01-19 13:56:48,668 [INFO] RtosManager:558 - Registered RTOS mode: class=CMSIS, group=RTOS2, mode=CMSIS_V2, owner=FREERTOS
2026-01-19 13:56:48,668 [INFO] RtosManager:558 - Registered RTOS mode: class=RTOS, group=Core, mode=CMSIS_V1, owner=FREERTOS
2026-01-19 13:56:48,668 [INFO] RtosManager:558 - Registered RTOS mode: class=RTOS, group=Core, mode=CMSIS_V2, owner=FREERTOS
2026-01-19 13:56:48,668 [WARN] ModelIntegratedComponent:184 - Missing modes for component STMicroelectronics:FreeRTOS:0.0.1:STMicroelectronics:RTOS:FreeRTOS:Core:::10.2.0:
2026-01-19 13:56:48,678 [WARN] ModelIntegratedComponent:63 - No mode defined for component null
2026-01-19 13:56:48,678 [WARN] ModelIntegratedComponent:63 - No mode defined for component null
2026-01-19 13:56:48,678 [WARN] ModelIntegratedComponent:63 - No mode defined for component null
2026-01-19 13:56:48,678 [WARN] ModelIntegratedComponent:63 - No mode defined for component null
2026-01-19 13:56:48,678 [WARN] ModelIntegratedComponent:63 - No mode defined for component null
2026-01-19 13:56:48,678 [WARN] ModelIntegratedComponent:63 - No mode defined for component null
2026-01-19 13:56:48,678 [WARN] ModelIntegratedComponent:63 - No mode defined for component null
2026-01-19 13:56:48,678 [WARN] ModelIntegratedComponent:63 - No mode defined for component null
2026-01-19 13:56:48,678 [WARN] ModelIntegratedComponent:63 - No mode defined for component null
2026-01-19 13:56:48,678 [WARN] ModelIntegratedComponent:63 - No mode defined for component null
2026-01-19 13:56:48,678 [WARN] ModelIntegratedComponent:63 - No mode defined for component null
2026-01-19 13:56:48,678 [WARN] ModelIntegratedComponent:63 - No mode defined for component null
2026-01-19 13:56:48,678 [WARN] ModelIntegratedComponent:63 - No mode defined for component null
2026-01-19 13:56:48,678 [WARN] ModelIntegratedComponent:63 - No mode defined for component null
2026-01-19 13:56:48,678 [WARN] ModelIntegratedComponent:63 - No mode defined for component null
2026-01-19 13:56:48,678 [WARN] ModelIntegratedComponent:63 - No mode defined for component null
2026-01-19 13:56:48,678 [WARN] ModelIntegratedComponent:63 - No mode defined for component null
2026-01-19 13:56:48,678 [WARN] ModelIntegratedComponent:63 - No mode defined for component null
2026-01-19 13:56:48,678 [WARN] ModelIntegratedComponent:63 - No mode defined for component null
2026-01-19 13:56:48,678 [WARN] ModelIntegratedComponent:63 - No mode defined for component null
2026-01-19 13:56:48,678 [WARN] ModelIntegratedComponent:63 - No mode defined for component null
2026-01-19 13:56:48,678 [WARN] ModelIntegratedComponent:63 - No mode defined for component null
2026-01-19 13:56:48,678 [WARN] ModelIntegratedComponent:63 - No mode defined for component null
2026-01-19 13:56:48,678 [WARN] ModelIntegratedComponent:63 - No mode defined for component null
2026-01-19 13:56:48,678 [WARN] ModelIntegratedComponent:63 - No mode defined for component null
2026-01-19 13:56:48,678 [WARN] ModelIntegratedComponent:63 - No mode defined for component null
2026-01-19 13:56:48,678 [WARN] ModelIntegratedComponent:63 - No mode defined for component null
2026-01-19 13:56:48,678 [WARN] ModelIntegratedComponent:63 - No mode defined for component null
2026-01-19 13:56:48,678 [WARN] ModelIntegratedComponent:63 - No mode defined for component null
2026-01-19 13:56:48,678 [WARN] ModelIntegratedComponent:63 - No mode defined for component null
2026-01-19 13:56:48,678 [WARN] ModelIntegratedComponent:63 - No mode defined for component null
2026-01-19 13:56:48,678 [WARN] ModelIntegratedComponent:63 - No mode defined for component null
2026-01-19 13:56:48,678 [WARN] ModelIntegratedComponent:63 - No mode defined for component null
2026-01-19 13:56:48,678 [WARN] ModelIntegratedComponent:63 - No mode defined for component null
2026-01-19 13:56:48,678 [WARN] ModelIntegratedComponent:63 - No mode defined for component null
2026-01-19 13:56:48,678 [WARN] ModelPack:524 - Component already loaded: STMicroelectronics:HAL Drivers:0.0.0:STMicroelectronics:Device:STMicro_Driver:XSPI:HAL::0.0.1:HAL_XSPI
2026-01-19 13:56:49,204 [INFO] ThirdPartyModel:298 - Start build external matchings
2026-01-19 13:56:51,615 [INFO] ThirdPartyModel:316 - End build external matchings
2026-01-19 13:56:51,688 [INFO] RtosManager:1018 - Current active RTOS is FREERTOS [Cortex-M7NS]
2026-01-19 13:56:51,688 [INFO] ImportTextPane:234 - (OptionalMessage_ERROR) IP (CORTEX_M7) : Invalid parameter (Size)
2026-01-19 13:56:51,688 [INFO] ImportTextPane:234 - (OptionalMessage_ERROR) IP (CORTEX_M7) : Invalid parameter (SubRegionDisable)
2026-01-19 13:56:51,688 [INFO] ImportTextPane:234 - (OptionalMessage_ERROR) IP (CORTEX_M7) : Invalid parameter (DisableExec)
2026-01-19 13:56:51,688 [INFO] ImportTextPane:234 - (OptionalMessage_ERROR) IP (CORTEX_M7) : Invalid parameter (IsShareable)
2026-01-19 13:56:51,688 [INFO] ImportTextPane:234 - (OptionalMessage_ERROR) IP (CORTEX_M7) : Invalid parameter (BaseAddress)
2026-01-19 13:56:51,688 [INFO] ImportTextPane:234 - (OptionalMessage_ERROR) IP (CORTEX_M7) : Invalid parameter (Size)
2026-01-19 13:56:51,688 [INFO] ImportTextPane:234 - (OptionalMessage_ERROR) IP (CORTEX_M7) : Invalid parameter (DisableExec)
2026-01-19 13:56:51,688 [INFO] ImportTextPane:234 - (OptionalMessage_ERROR) IP (CORTEX_M7) : Invalid parameter (BaseAddress)
2026-01-19 13:56:51,688 [INFO] ImportTextPane:234 - (OptionalMessage_ERROR) IP (CORTEX_M7) : Invalid parameter (Size)
2026-01-19 13:56:51,688 [INFO] ImportTextPane:234 - (OptionalMessage_ERROR) IP (CORTEX_M7) : Invalid parameter (TypeExtField)
2026-01-19 13:56:51,688 [INFO] ImportTextPane:234 - (OptionalMessage_ERROR) IP (CORTEX_M7) : Invalid parameter (DisableExec)
2026-01-19 13:56:51,688 [INFO] ImportTextPane:234 - (OptionalMessage_ERROR) IP (CORTEX_M7) : Invalid parameter (IsShareable)
2026-01-19 13:56:51,688 [INFO] ImportTextPane:234 - (OptionalMessage_ERROR) IP (CORTEX_M7) : Invalid parameter (AccessPermission)
2026-01-19 13:56:51,688 [INFO] ImportTextPane:234 - (OptionalMessage_ERROR) IP (CORTEX_M7) : Invalid parameter (AccessPermission)
2026-01-19 13:56:51,688 [INFO] ImportTextPane:234 - (OptionalMessage_ERROR) IP (CORTEX_M7) : Invalid parameter (IsBufferable)
2026-01-19 13:56:51,688 [WARN] IP:2250 - Warning not found: check if there is a RefParameter without a condition.
2026-01-19 13:56:51,688 [WARN] IP:2250 - RxBufferAddress not found: check if there is a RefParameter without a condition.
2026-01-19 13:56:51,688 [WARN] IP:2250 - DESC_SIZE_UNIT not found: check if there is a RefParameter without a condition.
2026-01-19 13:56:51,698 [WARN] IP:2250 - LWIP_NETIF_HOSTNAME_NAME not found: check if there is a RefParameter without a condition.
2026-01-19 13:56:51,732 [INFO] ImportTextPane:234 - (OptionalMessage_ERROR) IP (RCC) : Invalid parameter (48MHZClocksFreq_Value)
2026-01-19 13:56:51,732 [INFO] ImportTextPane:234 - (OptionalMessage_ERROR) IP (RCC) : Invalid parameter (ADC12outputFreq_Value)
2026-01-19 13:56:51,732 [INFO] ImportTextPane:234 - (OptionalMessage_ERROR) IP (RCC) : Invalid parameter (ADC34outputFreq_Value)
2026-01-19 13:56:51,739 [INFO] ImportTextPane:234 - (OptionalMessage_ERROR) IP (RCC) : Invalid parameter (FamilyName)
2026-01-19 13:56:51,739 [INFO] ImportTextPane:234 - (OptionalMessage_ERROR) IP (RCC) : Invalid parameter (I2SClocksFreq_Value)
2026-01-19 13:56:51,739 [INFO] ImportTextPane:234 - (OptionalMessage_ERROR) IP (RCC) : Invalid parameter (LCDTFToutputFreq_Value)
2026-01-19 13:56:51,739 [INFO] ImportTextPane:234 - (OptionalMessage_ERROR) IP (RCC) : Invalid parameter (MCOFreq_Value)
2026-01-19 13:56:51,739 [INFO] ImportTextPane:234 - (OptionalMessage_ERROR) IP (RCC) : Invalid parameter (PLLMCOFreq_Value)
2026-01-19 13:56:51,739 [INFO] ImportTextPane:234 - (OptionalMessage_ERROR) IP (RCC) : Invalid parameter (PLLMUL)
2026-01-19 13:56:51,739 [INFO] ImportTextPane:234 - (OptionalMessage_ERROR) IP (RCC) : Invalid parameter (PRESCALERUSB)
2026-01-19 13:56:51,739 [INFO] ImportTextPane:234 - (OptionalMessage_ERROR) IP (RCC) : Parameter (RNGFreq_Value) has invalid value (216000000)
2026-01-19 13:56:51,739 [INFO] ImportTextPane:234 - (OptionalMessage_ERROR) IP (RCC) : Invalid parameter (RTCHSEDivFreq_Value)
2026-01-19 13:56:51,739 [INFO] ImportTextPane:234 - (OptionalMessage_ERROR) IP (RCC) : Parameter (SDMMC2Freq_Value) has invalid value (216000000)
2026-01-19 13:56:51,739 [INFO] ImportTextPane:234 - (OptionalMessage_ERROR) IP (RCC) : Parameter (SDMMCFreq_Value) has invalid value (216000000)
2026-01-19 13:56:51,739 [INFO] ImportTextPane:234 - (OptionalMessage_ERROR) IP (RCC) : Invalid parameter (SYSCLKSourceVirtual)
2026-01-19 13:56:51,739 [INFO] ImportTextPane:234 - (OptionalMessage_ERROR) IP (RCC) : Invalid parameter (TIM15Freq_Value)
2026-01-19 13:56:51,739 [INFO] ImportTextPane:234 - (OptionalMessage_ERROR) IP (RCC) : Invalid parameter (TIM16Freq_Value)
2026-01-19 13:56:51,739 [INFO] ImportTextPane:234 - (OptionalMessage_ERROR) IP (RCC) : Invalid parameter (TIM17Freq_Value)
2026-01-19 13:56:51,739 [INFO] ImportTextPane:234 - (OptionalMessage_ERROR) IP (RCC) : Invalid parameter (TIM1Freq_Value)
2026-01-19 13:56:51,739 [INFO] ImportTextPane:234 - (OptionalMessage_ERROR) IP (RCC) : Invalid parameter (TIM20Freq_Value)
2026-01-19 13:56:51,739 [INFO] ImportTextPane:234 - (OptionalMessage_ERROR) IP (RCC) : Invalid parameter (TIM2Freq_Value)
2026-01-19 13:56:51,739 [INFO] ImportTextPane:234 - (OptionalMessage_ERROR) IP (RCC) : Invalid parameter (TIM3Freq_Value)
2026-01-19 13:56:51,739 [INFO] ImportTextPane:234 - (OptionalMessage_ERROR) IP (RCC) : Invalid parameter (TIM8Freq_Value)
2026-01-19 13:56:51,739 [INFO] ImportTextPane:234 - (OptionalMessage_ERROR) IP (RCC) : Parameter (USBFreq_Value) has invalid value (216000000)
2026-01-19 13:56:51,739 [INFO] ImportTextPane:234 - (OptionalMessage_ERROR) IP (RCC) : Invalid parameter (VCOOutput2Freq_Value)
2026-01-19 13:56:51,739 [INFO] ImportTextPane:234 - (OptionalMessage_ERROR) IP (RCC) : Invalid parameter (VcooutputI2S)
2026-01-19 13:56:52,567 [INFO] UtilMem:75 - End LoadConfig() Used Memory: 715800440 Bytes (812646400)
2026-01-19 13:56:52,780 [WARN] ThirdParty:833 - waiting for thirdparty lock release [change project]
2026-01-19 13:56:52,780 [INFO] ThirdParty:835 - entering critical section [change project]
2026-01-19 13:56:52,781 [INFO] ThirdParty:1030 - CMSIS Pack Vendor :STMicroelectronics X-CUBE-PM33A1 1.0.0
2026-01-19 13:56:52,781 [INFO] ThirdParty:1030 - CMSIS Pack Vendor :STMicroelectronics USBPD 4.1
2026-01-19 13:56:52,781 [INFO] ThirdParty:1030 - CMSIS Pack Vendor :STMicroelectronics USB_HOST 2.0.0
2026-01-19 13:56:52,781 [INFO] ThirdParty:1030 - CMSIS Pack Vendor :STMicroelectronics FP-SNS-MOTENVWB1 1.4.0
2026-01-19 13:56:52,781 [INFO] ThirdParty:1030 - CMSIS Pack Vendor :STMicroelectronics X-CUBE-AZRTOS-F4 1.1.0
2026-01-19 13:56:52,781 [INFO] ThirdParty:1030 - CMSIS Pack Vendor :STMicroelectronics LIBJPEG 8.0.0
2026-01-19 13:56:52,781 [INFO] ThirdParty:1030 - CMSIS Pack Vendor :STMicroelectronics FP-ATR-ASTRA1 2.0.2
2026-01-19 13:56:52,781 [INFO] ThirdParty:1030 - CMSIS Pack Vendor :STMicroelectronics FP-ATR-ASTRA1 2.0.1
2026-01-19 13:56:52,781 [INFO] ThirdParty:1030 - CMSIS Pack Vendor :Avnet-IotConnect X-CUBE-IoTC-DA16k-PMOD 1.0.0
2026-01-19 13:56:52,781 [INFO] ThirdParty:1030 - CMSIS Pack Vendor :STMicroelectronics X-CUBE-SMBUS 2.1.0
2026-01-19 13:56:52,781 [INFO] ThirdParty:1030 - CMSIS Pack Vendor :STMicroelectronics X-CUBE-WB05N 1.1.0
2026-01-19 13:56:52,781 [INFO] ThirdParty:1030 - CMSIS Pack Vendor :STMicroelectronics X-CUBE-ISPU 2.1.0
2026-01-19 13:56:52,781 [INFO] ThirdParty:1030 - CMSIS Pack Vendor :STMicroelectronics X-CUBE-IPS 3.2.0
2026-01-19 13:56:52,781 [INFO] ThirdParty:1030 - CMSIS Pack Vendor :STMicroelectronics X-CUBE-FREERTOS 1.2.0
2026-01-19 13:56:52,781 [INFO] ThirdParty:1030 - CMSIS Pack Vendor :STMicroelectronics X-CUBE-ST60 1.0.0
2026-01-19 13:56:52,781 [INFO] ThirdParty:1030 - CMSIS Pack Vendor :STMicroelectronics X-CUBE-NFC12 1.0.0
2026-01-19 13:56:52,781 [INFO] ThirdParty:1030 - CMSIS Pack Vendor :STMicroelectronics X-CUBE-AZRTOS-F7 1.1.0
2026-01-19 13:56:52,781 [INFO] ThirdParty:1030 - CMSIS Pack Vendor :STMicroelectronics X-CUBE-AZRTOS-L5 2.0.0
2026-01-19 13:56:52,781 [INFO] ThirdParty:1030 - CMSIS Pack Vendor :STMicroelectronics USB_DEVICE 2.0.0
2026-01-19 13:56:52,781 [INFO] ThirdParty:1030 - CMSIS Pack Vendor :STMicroelectronics X-CUBE-NFC6 3.1.0
2026-01-19 13:56:52,781 [INFO] ThirdParty:1030 - CMSIS Pack Vendor :STMicroelectronics X-CUBE-MEMS1 11.0.0
2026-01-19 13:56:52,781 [INFO] ThirdParty:1030 - CMSIS Pack Vendor :STMicroelectronics FP-SNS-MOTENV1 5.1.0
2026-01-19 13:56:52,781 [INFO] ThirdParty:1030 - CMSIS Pack Vendor :STMicroelectronics FreeRTOS 0.0.1
2026-01-19 13:56:52,781 [INFO] ThirdParty:1030 - CMSIS Pack Vendor :STMicroelectronics X-CUBE-DPower 1.2.0
2026-01-19 13:56:52,781 [INFO] ThirdParty:1030 - CMSIS Pack Vendor :STMicroelectronics FP-SNS-FLIGHT1 5.0.2
2026-01-19 13:56:52,781 [INFO] ThirdParty:1030 - CMSIS Pack Vendor :STMicroelectronics PDM2PCM 3.3.0
2026-01-19 13:56:52,781 [INFO] ThirdParty:1030 - CMSIS Pack Vendor :STMicroelectronics X-CUBE-AZRTOS-H7 3.4.0
2026-01-19 13:56:52,781 [INFO] ThirdParty:1030 - CMSIS Pack Vendor :STMicroelectronics X-CUBE-DISPLAY 3.0.0
2026-01-19 13:56:52,781 [INFO] ThirdParty:1030 - CMSIS Pack Vendor :STMicroelectronics X-CUBE-BLE1 7.0.0
2026-01-19 13:56:52,781 [INFO] ThirdParty:1030 - CMSIS Pack Vendor :STMicroelectronics X-CUBE-NFC10 1.0.0
2026-01-19 13:56:52,781 [INFO] ThirdParty:1030 - CMSIS Pack Vendor :STMicroelectronics X-CUBE-BLEMGR 4.0.0
2026-01-19 13:56:52,781 [INFO] ThirdParty:1030 - CMSIS Pack Vendor :STMicroelectronics X-CUBE-FREERTOS 1.3.1
2026-01-19 13:56:52,781 [INFO] ThirdParty:1030 - CMSIS Pack Vendor :STMicroelectronics HAL Drivers 0.0.0
2026-01-19 13:56:52,781 [INFO] ThirdParty:1030 - CMSIS Pack Vendor :STMicroelectronics X-CUBE-ST60 1.1.0
2026-01-19 13:56:52,781 [INFO] ThirdParty:1030 - CMSIS Pack Vendor :emotas I-CUBE-CANOPEN 1.3.0
2026-01-19 13:56:52,781 [INFO] ThirdParty:1030 - CMSIS Pack Vendor :STMicroelectronics X-CUBE-FREERTOS 1.3.0
2026-01-19 13:56:52,781 [INFO] ThirdParty:1030 - CMSIS Pack Vendor :STMicroelectronics X-CUBE-NFC7 1.0.1
2026-01-19 13:56:52,781 [INFO] ThirdParty:1030 - CMSIS Pack Vendor :STMicroelectronics MBEDTLS 2.14.1
2026-01-19 13:56:52,781 [INFO] ThirdParty:1030 - CMSIS Pack Vendor :STMicroelectronics X-CUBE-GNSS1 7.1.0
2026-01-19 13:56:52,781 [INFO] ThirdParty:1030 - CMSIS Pack Vendor :STMicroelectronics X-CUBE-TOUCHGFX 4.26.0
2026-01-19 13:56:52,781 [INFO] ThirdParty:1030 - CMSIS Pack Vendor :STMicroelectronics X-CUBE-BLEMGR 3.1.0
2026-01-19 13:56:52,781 [INFO] ThirdParty:1030 - CMSIS Pack Vendor :STMicroelectronics X-CUBE-AI 10.0.0
2026-01-19 13:56:52,781 [INFO] ThirdParty:1030 - CMSIS Pack Vendor :STMicroelectronics FP-SNS-STBOX1 2.1.0
2026-01-19 13:56:52,781 [INFO] ThirdParty:1030 - CMSIS Pack Vendor :STMicroelectronics FP-SNS-STAIOTCFT 1.0.0
2026-01-19 13:56:52,781 [INFO] ThirdParty:1030 - CMSIS Pack Vendor :STMicroelectronics FP-SNS-SMARTAG2 1.2.0
2026-01-19 13:56:52,781 [INFO] ThirdParty:1030 - CMSIS Pack Vendor :STMicroelectronics FP-SNS-FLIGHT1 5.1.0
2026-01-19 13:56:52,781 [INFO] ThirdParty:1030 - CMSIS Pack Vendor :STMicroelectronics X-CUBE-MEMS1 11.1.0
2026-01-19 13:56:52,781 [INFO] ThirdParty:1030 - CMSIS Pack Vendor :STMicroelectronics X-CUBE-AZRTOS-WL 2.0.0
2026-01-19 13:56:52,781 [INFO] ThirdParty:1030 - CMSIS Pack Vendor :STMicroelectronics X-CUBE-DPower 1.3.0
2026-01-19 13:56:52,781 [INFO] ThirdParty:1030 - CMSIS Pack Vendor :STMicroelectronics FP-SNS-MOTENV1 5.0.0
2026-01-19 13:56:52,781 [INFO] ThirdParty:1030 - CMSIS Pack Vendor :STMicroelectronics USB_DEVICE 1.0.0
2026-01-19 13:56:52,781 [INFO] ThirdParty:1030 - CMSIS Pack Vendor :STMicroelectronics X-CUBE-AZRTOS-H7RS 1.2.0
2026-01-19 13:56:52,781 [INFO] ThirdParty:1030 - CMSIS Pack Vendor :wolfSSL I-CUBE-wolfMQTT 1.19.0
2026-01-19 13:56:52,781 [INFO] ThirdParty:1030 - CMSIS Pack Vendor :STMicroelectronics X-CUBE-AZRTOS-L4 2.0.0
2026-01-19 13:56:52,781 [INFO] ThirdParty:1030 - CMSIS Pack Vendor :STMicroelectronics ThreadX 0.0.2
2026-01-19 13:56:52,781 [INFO] ThirdParty:1030 - CMSIS Pack Vendor :WES I-CUBE-Cesium 1.3.0
2026-01-19 13:56:52,781 [INFO] ThirdParty:1030 - CMSIS Pack Vendor :STMicroelectronics lwIP 2.1.2
2026-01-19 13:56:52,781 [INFO] ThirdParty:1030 - CMSIS Pack Vendor :STMicroelectronics X-CUBE-SFXS2LP1 4.0.0
2026-01-19 13:56:52,781 [INFO] ThirdParty:1030 - CMSIS Pack Vendor :STMicroelectronics X-CUBE-BLE2 3.3.0
2026-01-19 13:56:52,782 [INFO] ThirdParty:1030 - CMSIS Pack Vendor :STMicroelectronics PDM2PCM 3.2.0
2026-01-19 13:56:52,782 [INFO] ThirdParty:1030 - CMSIS Pack Vendor :STMicroelectronics X-CUBE-ST67W61 1.2.0
2026-01-19 13:56:52,782 [INFO] ThirdParty:1030 - CMSIS Pack Vendor :STMicroelectronics X-CUBE-AZRTOS-H7 3.3.0
2026-01-19 13:56:52,782 [INFO] ThirdParty:1030 - CMSIS Pack Vendor :STMicroelectronics X-CUBE-NFC9 1.0.0
2026-01-19 13:56:52,782 [INFO] ThirdParty:1030 - CMSIS Pack Vendor :STMicroelectronics X-CUBE-BLE1 7.1.0
2026-01-19 13:56:52,782 [INFO] ThirdParty:1030 - CMSIS Pack Vendor :STMicroelectronics USB_DEVICE 3.0.0
2026-01-19 13:56:52,782 [INFO] ThirdParty:1030 - CMSIS Pack Vendor :STMicroelectronics X-CUBE-TCPP 4.1.0
2026-01-19 13:56:52,782 [INFO] ThirdParty:1030 - CMSIS Pack Vendor :STMicroelectronics X-CUBE-FREERTOS 1.4.0
2026-01-19 13:56:52,782 [INFO] ThirdParty:1030 - CMSIS Pack Vendor :STMicroelectronics X-CUBE-EEPRMA1 5.2.0
2026-01-19 13:56:52,782 [INFO] ThirdParty:1030 - CMSIS Pack Vendor :STMicroelectronics X-CUBE-BLEMGR 4.1.0
2026-01-19 13:56:52,782 [INFO] ThirdParty:1030 - CMSIS Pack Vendor :STMicroelectronics X-CUBE-IPS 3.0.0
2026-01-19 13:56:52,782 [INFO] ThirdParty:1030 - CMSIS Pack Vendor :STMicroelectronics X-CUBE-AZRTOS-WB 2.0.0
2026-01-19 13:56:52,782 [INFO] ThirdParty:1030 - CMSIS Pack Vendor :STMicroelectronics X-CUBE-GNSS1 7.0.0
2026-01-19 13:56:52,782 [INFO] ThirdParty:1030 - CMSIS Pack Vendor :STMicroelectronics X-CUBE-GNSS1 7.0.1
2026-01-19 13:56:52,782 [INFO] ThirdParty:1030 - CMSIS Pack Vendor :STMicroelectronics X-CUBE-TOUCHGFX 4.25.0
2026-01-19 13:56:52,782 [INFO] ThirdParty:1030 - CMSIS Pack Vendor :STMicroelectronics X-CUBE-ST67W61 1.1.0
2026-01-19 13:56:52,782 [INFO] ThirdParty:1030 - CMSIS Pack Vendor :STMicroelectronics X-CUBE-AI 10.1.0
2026-01-19 13:56:52,782 [INFO] ThirdParty:1030 - CMSIS Pack Vendor :STMicroelectronics FP-SNS-STBOX1 2.0.0
2026-01-19 13:56:52,782 [INFO] ThirdParty:1030 - CMSIS Pack Vendor :STMicroelectronics X-CUBE-MEMS1 12.0.0
2026-01-19 13:56:52,782 [INFO] ThirdParty:1030 - CMSIS Pack Vendor :STMicroelectronics X-CUBE-MEMS1 11.2.0
2026-01-19 13:56:52,782 [INFO] ThirdParty:1030 - CMSIS Pack Vendor :STMicroelectronics X-CUBE-AZRTOS-G0 1.1.0
2026-01-19 13:56:52,782 [INFO] ThirdParty:1030 - CMSIS Pack Vendor :STMicroelectronics X-CUBE-SAFEA1 1.2.2
2026-01-19 13:56:52,782 [INFO] ThirdParty:1030 - CMSIS Pack Vendor :STMicroelectronics X-CUBE-NFC4 3.0.0
2026-01-19 13:56:52,782 [INFO] ThirdParty:1030 - CMSIS Pack Vendor :STMicroelectronics X-CUBE-SUBG2 5.0.0
2026-01-19 13:56:52,782 [INFO] ThirdParty:1030 - CMSIS Pack Vendor :STMicroelectronics X-CUBE-AZRTOS-H7RS 1.1.0
2026-01-19 13:56:52,782 [INFO] ThirdParty:1030 - CMSIS Pack Vendor :STMicroelectronics STM32_WPAN 1.0.0
2026-01-19 13:56:52,782 [INFO] ThirdParty:1030 - CMSIS Pack Vendor :EmbeddedOffice I-CUBE-FS-RTOS 1.0.1
2026-01-19 13:56:52,782 [INFO] ThirdParty:1030 - CMSIS Pack Vendor :STMicroelectronics lwIP 2.0.3
2026-01-19 13:56:52,782 [INFO] ThirdParty:1030 - CMSIS Pack Vendor :Cesanta I-CUBE-Mongoose 7.13.0
2026-01-19 13:56:52,782 [INFO] ThirdParty:1030 - CMSIS Pack Vendor :STMicroelectronics USB_HOST 1.0.0
2026-01-19 13:56:52,782 [INFO] ThirdParty:1030 - CMSIS Pack Vendor :STMicroelectronics X-CUBE-AZRTOS-G4 2.0.0
2026-01-19 13:56:52,782 [INFO] ThirdParty:1030 - CMSIS Pack Vendor :STMicroelectronics X-CUBE-WB05N 2.0.0
2026-01-19 13:56:52,782 [INFO] ThirdParty:1030 - CMSIS Pack Vendor :STMicroelectronics PDM2PCM 3.1.0
2026-01-19 13:56:52,782 [INFO] ThirdParty:1030 - CMSIS Pack Vendor :STMicroelectronics X-CUBE-NFC7 2.0.0
2026-01-19 13:56:52,782 [INFO] ThirdParty:1030 - CMSIS Pack Vendor :STMicroelectronics X-CUBE-TCPP 4.2.0
2026-01-19 13:56:52,782 [INFO] ThirdParty:1030 - CMSIS Pack Vendor :RealThread X-CUBE-RT-Thread_Nano 4.1.1
2026-01-19 13:56:52,782 [INFO] ThirdParty:1030 - CMSIS Pack Vendor :STMicroelectronics FP-ATR-SIGFOX1 3.2.0
2026-01-19 13:56:52,782 [INFO] ThirdParty:1030 - CMSIS Pack Vendor :quantropi X-CUBE-qispace-sdk-base 1.9.3
2026-01-19 13:56:52,782 [INFO] ThirdParty:1030 - CMSIS Pack Vendor :STMicroelectronics X-CUBE-EEPRMA1 5.1.0
2026-01-19 13:56:52,782 [INFO] ThirdParty:1030 - CMSIS Pack Vendor :STMicroelectronics MBEDTLS 2.16.2
2026-01-19 13:56:52,782 [INFO] ThirdParty:1030 - CMSIS Pack Vendor :STMicroelectronics X-CUBE-IPS 3.1.0
2026-01-19 13:56:52,782 [INFO] ThirdParty:1030 - CMSIS Pack Vendor :STMicroelectronics X-CUBE-ALS 1.0.2
2026-01-19 13:56:52,782 [INFO] ThirdParty:1030 - CMSIS Pack Vendor :wolfSSL I-CUBE-wolfSSL 5.7.4
2026-01-19 13:56:52,782 [INFO] ThirdParty:1030 - CMSIS Pack Vendor :ITTIA_DB I-CUBE-ITTIADB 8.9.0
2026-01-19 13:56:52,782 [INFO] ThirdParty:1030 - CMSIS Pack Vendor :STMicroelectronics X-CUBE-TOUCHGFX 4.24.2
2026-01-19 13:56:52,782 [INFO] ThirdParty:1030 - CMSIS Pack Vendor :STMicroelectronics X-CUBE-TOUCHGFX 4.24.1
2026-01-19 13:56:52,782 [INFO] ThirdParty:1030 - CMSIS Pack Vendor :STMicroelectronics X-CUBE-STSE01 1.0.0
2026-01-19 13:56:52,782 [INFO] ThirdParty:1030 - CMSIS Pack Vendor :wolfSSL I-CUBE-wolfTPM 3.4.0
2026-01-19 13:56:52,782 [INFO] ThirdParty:1030 - CMSIS Pack Vendor :portGmbH I-Cube-SoM-uGOAL 1.1.0
2026-01-19 13:56:52,782 [INFO] ThirdParty:1030 - CMSIS Pack Vendor :STMicroelectronics X-CUBE-ST67W61 1.0.0
2026-01-19 13:56:52,782 [INFO] ThirdParty:1030 - CMSIS Pack Vendor :STMicroelectronics X-CUBE-AI 10.2.0
2026-01-19 13:56:52,782 [INFO] ThirdParty:1030 - CMSIS Pack Vendor :STMicroelectronics ThreadX 1.0.0
2026-01-19 13:56:52,782 [INFO] ThirdParty:1030 - CMSIS Pack Vendor :SEGGER I-CUBE-embOS 1.3.1
2026-01-19 13:56:52,782 [INFO] ThirdParty:1030 - CMSIS Pack Vendor :STMicroelectronics X-CUBE-ALGOBUILD 1.4.0
2026-01-19 13:56:52,782 [INFO] ThirdParty:1030 - CMSIS Pack Vendor :STMicroelectronics X-CUBE-MEMS1 11.3.0
2026-01-19 13:56:52,782 [INFO] ThirdParty:1030 - CMSIS Pack Vendor :STMicroelectronics X-CUBE-AZRTOS-H7RS 1.0.0
2026-01-19 13:56:52,783 [INFO] ThirdParty:1030 - CMSIS Pack Vendor :STMicroelectronics FP-ATR-ASTRA1 2.0.0
2026-01-19 13:56:52,783 [INFO] ThirdParty:1030 - CMSIS Pack Vendor :STMicroelectronics X-CUBE-TOF1 3.4.2
2026-01-19 13:56:52,783 [INFO] ThirdParty:1030 - CMSIS Pack Vendor :STMicroelectronics X-CUBE-TOF1 3.4.3
2026-01-19 13:56:52,783 [INFO] ThirdParty:1030 - CMSIS Pack Vendor :STMicroelectronics X-CUBE-AI 9.1.0
2026-01-19 13:56:52,783 [INFO] ThirdParty:1030 - CMSIS Pack Vendor :Infineon AIROC-Wi-Fi-Bluetooth-STM32 1.6.1
2026-01-19 13:56:52,783 [INFO] ThirdParty:1030 - CMSIS Pack Vendor :wolfSSL I-CUBE-wolfSSH 1.4.17
2026-01-19 13:56:52,783 [INFO] ThirdParty:841 - exiting critical section [change project]
2026-01-19 13:56:53,841 [INFO] PinOutPanel:1589 - setPackage(No Configuration,No Configuration)
2026-01-19 13:56:53,845 [INFO] PinOutPanel:1589 - setPackage(STM32F767ZITx,LQFP144)
2026-01-19 13:56:55,124 [INFO] UtilMem:75 - Before build in PCC Used Memory: 498658152 Bytes (812646400)
2026-01-19 13:56:57,116 [INFO] UtilMem:75 - After build in PCC Used Memory: 561572712 Bytes (812646400)
2026-01-19 13:56:57,674 [INFO] ApiDbMcu:532 - Load IP Config File for FREERTOS
2026-01-19 13:56:57,735 [INFO] ApiDbMcu:532 - Load IP Config File for LWIP
2026-01-19 13:56:57,739 [WARN] BspModel:444 - BSP dependency skipped because of component: name='USER_PHY', api='Unknown'
2026-01-19 13:56:57,800 [INFO] IPUIPlugin:80 - create IPUIPlugin
2026-01-19 13:56:57,800 [INFO] IPUIPlugin:80 - create IPUIPlugin
2026-01-19 13:56:57,800 [INFO] IPUIPlugin:80 - create IPUIPlugin
2026-01-19 13:56:57,800 [INFO] IPUIPlugin:80 - create IPUIPlugin
2026-01-19 13:56:57,800 [INFO] IPUIPlugin:80 - create IPUIPlugin
2026-01-19 13:56:57,800 [INFO] IPUIPlugin:80 - create IPUIPlugin
2026-01-19 13:56:57,800 [INFO] IPUIPlugin:80 - create IPUIPlugin
2026-01-19 13:56:57,800 [INFO] IPUIPlugin:80 - create IPUIPlugin
2026-01-19 13:56:57,800 [INFO] IPUIPlugin:80 - create IPUIPlugin
2026-01-19 13:56:57,800 [INFO] IPUIPlugin:80 - create IPUIPlugin
2026-01-19 13:56:57,800 [INFO] IPUIPlugin:80 - create IPUIPlugin
2026-01-19 13:56:57,800 [INFO] IPUIPlugin:80 - create IPUIPlugin
2026-01-19 13:56:57,800 [INFO] IPUIPlugin:80 - create IPUIPlugin
2026-01-19 13:56:57,800 [INFO] IPUIPlugin:80 - create IPUIPlugin
2026-01-19 13:56:57,800 [INFO] IPUIPlugin:80 - create IPUIPlugin
2026-01-19 13:56:57,800 [INFO] IPUIPlugin:80 - create IPUIPlugin
2026-01-19 13:56:57,800 [INFO] IPUIPlugin:80 - create IPUIPlugin
2026-01-19 13:56:57,800 [INFO] IPUIPlugin:80 - create IPUIPlugin
2026-01-19 13:56:57,800 [INFO] IPUIPlugin:80 - create IPUIPlugin
2026-01-19 13:56:57,800 [INFO] IPUIPlugin:80 - create IPUIPlugin
2026-01-19 13:56:57,800 [INFO] IPUIPlugin:80 - create IPUIPlugin
2026-01-19 13:56:57,800 [INFO] IPUIPlugin:80 - create IPUIPlugin
2026-01-19 13:56:57,800 [INFO] IPUIPlugin:80 - create IPUIPlugin
2026-01-19 13:56:57,800 [INFO] IPUIPlugin:80 - create IPUIPlugin
2026-01-19 13:56:57,800 [INFO] IPUIPlugin:80 - create IPUIPlugin
2026-01-19 13:56:57,800 [INFO] IPUIPlugin:80 - create IPUIPlugin
2026-01-19 13:56:57,800 [INFO] IPUIPlugin:80 - create IPUIPlugin
2026-01-19 13:56:57,800 [INFO] IPUIPlugin:80 - create IPUIPlugin
2026-01-19 13:56:57,800 [INFO] IPUIPlugin:80 - create IPUIPlugin
2026-01-19 13:56:57,800 [INFO] IPUIPlugin:80 - create IPUIPlugin
2026-01-19 13:56:57,800 [INFO] IPUIPlugin:80 - create IPUIPlugin
2026-01-19 13:56:57,800 [INFO] IPUIPlugin:80 - create IPUIPlugin
2026-01-19 13:56:57,800 [INFO] IPUIPlugin:80 - create IPUIPlugin
2026-01-19 13:56:57,800 [INFO] IPUIPlugin:80 - create IPUIPlugin
2026-01-19 13:56:57,800 [INFO] IPUIPlugin:80 - create IPUIPlugin
2026-01-19 13:56:57,800 [INFO] IPUIPlugin:80 - create IPUIPlugin
2026-01-19 13:56:57,800 [INFO] IPUIPlugin:80 - create IPUIPlugin
2026-01-19 13:56:57,800 [INFO] IPUIPlugin:80 - create IPUIPlugin
2026-01-19 13:56:57,800 [INFO] IPUIPlugin:80 - create IPUIPlugin
2026-01-19 13:56:57,800 [INFO] IPUIPlugin:80 - create IPUIPlugin
2026-01-19 13:56:57,800 [INFO] IPUIPlugin:80 - create IPUIPlugin
2026-01-19 13:56:57,811 [INFO] IPUIPlugin:80 - create IPUIPlugin
2026-01-19 13:56:57,811 [INFO] IPUIPlugin:80 - create IPUIPlugin
2026-01-19 13:56:57,811 [INFO] IPUIPlugin:80 - create IPUIPlugin
2026-01-19 13:56:57,811 [INFO] IPUIPlugin:80 - create IPUIPlugin
2026-01-19 13:56:57,811 [INFO] IPUIPlugin:80 - create IPUIPlugin
2026-01-19 13:56:57,811 [INFO] IPUIPlugin:80 - create IPUIPlugin
2026-01-19 13:56:57,811 [INFO] IPUIPlugin:80 - create IPUIPlugin
2026-01-19 13:56:57,811 [INFO] IPUIPlugin:80 - create IPUIPlugin
2026-01-19 13:56:57,811 [INFO] IPUIPlugin:80 - create IPUIPlugin
2026-01-19 13:56:57,811 [INFO] IPUIPlugin:80 - create IPUIPlugin
2026-01-19 13:56:57,811 [INFO] IPUIPlugin:80 - create IPUIPlugin
2026-01-19 13:56:57,811 [INFO] IPUIPlugin:80 - create IPUIPlugin
2026-01-19 13:56:57,811 [INFO] IPUIPlugin:80 - create IPUIPlugin
2026-01-19 13:56:57,811 [INFO] IPUIPlugin:80 - create IPUIPlugin
2026-01-19 13:56:57,811 [INFO] IPUIPlugin:80 - create IPUIPlugin
2026-01-19 13:56:57,811 [INFO] IPUIPlugin:80 - create IPUIPlugin
2026-01-19 13:56:57,811 [INFO] IPUIPlugin:80 - create IPUIPlugin
2026-01-19 13:56:57,811 [INFO] IPUIPlugin:80 - create IPUIPlugin
2026-01-19 13:56:57,811 [INFO] IPUIPlugin:80 - create IPUIPlugin
2026-01-19 13:56:57,811 [INFO] IPUIPlugin:80 - create IPUIPlugin
2026-01-19 13:56:57,811 [INFO] IPUIPlugin:80 - create IPUIPlugin
2026-01-19 13:56:57,811 [INFO] IPUIPlugin:80 - create IPUIPlugin
2026-01-19 13:56:57,811 [INFO] IPUIPlugin:80 - create IPUIPlugin
2026-01-19 13:56:57,811 [INFO] IPUIPlugin:80 - create IPUIPlugin
2026-01-19 13:56:57,811 [INFO] IPUIPlugin:80 - create IPUIPlugin
2026-01-19 13:56:57,811 [INFO] IPUIPlugin:80 - create IPUIPlugin
2026-01-19 13:56:57,811 [INFO] IPUIPlugin:80 - create IPUIPlugin
2026-01-19 13:56:57,811 [INFO] IPUIPlugin:80 - create IPUIPlugin
2026-01-19 13:56:57,811 [INFO] IPUIPlugin:80 - create IPUIPlugin
2026-01-19 13:56:57,811 [INFO] IPUIPlugin:80 - create IPUIPlugin
2026-01-19 13:56:57,811 [INFO] IPUIPlugin:80 - create IPUIPlugin
2026-01-19 13:56:57,811 [INFO] IPUIPlugin:80 - create IPUIPlugin
2026-01-19 13:56:57,811 [INFO] IPUIPlugin:80 - create IPUIPlugin
2026-01-19 13:56:57,811 [INFO] IPUIPlugin:80 - create IPUIPlugin
2026-01-19 13:56:57,811 [INFO] IPUIPlugin:80 - create IPUIPlugin
2026-01-19 13:56:57,811 [INFO] IPUIPlugin:80 - create IPUIPlugin
2026-01-19 13:56:57,811 [INFO] IPUIPlugin:80 - create IPUIPlugin
2026-01-19 13:56:57,811 [INFO] IPUIPlugin:80 - create IPUIPlugin
2026-01-19 13:56:57,885 [INFO] ApiDbMcu:532 - Load IP Config File for PDM2PCM
2026-01-19 13:56:57,956 [WARN] FreeRTOS:1023 - Null or empty value: should not occur! (nothing added to the table)
2026-01-19 13:56:57,966 [WARN] IP:2250 - LWIP_NETIF_HOSTNAME_NAME not found: check if there is a RefParameter without a condition.
2026-01-19 13:56:57,976 [WARN] IP:2250 - LWIP_NETIF_HOSTNAME_NAME not found: check if there is a RefParameter without a condition.
2026-01-19 13:56:58,504 [INFO] CADModel:165 - CPN selected for project levelSTM32F767ZIT6
2026-01-19 13:56:58,505 [INFO] CADModel:114 - Register for checkConnection events
2026-01-19 13:56:58,508 [INFO] RtosManager:728 - Active RTOS found at IOC load: FREERTOS [Cortex-M7NS]
2026-01-19 13:56:58,584 [INFO] OpenFileManager:386 - Restore cursor
2026-01-19 13:56:58,868 [WARN] IP:2250 - LWIP_NETIF_HOSTNAME_NAME not found: check if there is a RefParameter without a condition.
2026-01-19 13:56:58,898 [WARN] IP:2250 - LWIP_NETIF_HOSTNAME_NAME not found: check if there is a RefParameter without a condition.
2026-01-19 13:56:58,989 [WARN] IP:2250 - Warning not found: check if there is a RefParameter without a condition.
2026-01-19 13:56:58,989 [WARN] IP:2250 - RxBufferAddress not found: check if there is a RefParameter without a condition.
2026-01-19 13:56:58,989 [WARN] IP:2250 - DESC_SIZE_UNIT not found: check if there is a RefParameter without a condition.
2026-01-19 13:56:58,989 [WARN] IP:2250 - Warning not found: check if there is a RefParameter without a condition.
2026-01-19 13:56:58,989 [WARN] IP:2250 - RxBufferAddress not found: check if there is a RefParameter without a condition.
2026-01-19 13:56:58,989 [WARN] IP:2250 - DESC_SIZE_UNIT not found: check if there is a RefParameter without a condition.
2026-01-19 13:57:03,944 [INFO] UtilMem:75 - End SaveConfig() Used Memory: 627057176 Bytes (812646400)
2026-01-19 13:57:04,104 [INFO] UtilMem:75 - End SaveConfig() Used Memory: 658726224 Bytes (812646400)
2026-01-19 13:57:04,836 [INFO] BlockDiagram:2775 - set Specific Code input for plugin: FREERTOS
2026-01-19 13:57:04,836 [INFO] BlockDiagram:2775 - set Specific Code input for plugin: SYS
2026-01-19 13:57:04,837 [INFO] BlockDiagram:2775 - set Specific Code input for plugin: RCC
2026-01-19 13:57:04,837 [INFO] BlockDiagram:2775 - set Specific Code input for plugin: NVIC
2026-01-19 13:57:04,837 [INFO] BlockDiagram:2775 - set Specific Code input for plugin: LWIP
2026-01-19 13:57:04,837 [INFO] BlockDiagram:2775 - set Specific Code input for plugin: USART
2026-01-19 13:57:04,837 [INFO] BlockDiagram:2775 - set Specific Code input for plugin: USART
2026-01-19 13:57:04,837 [INFO] BlockDiagram:2775 - set Specific Code input for plugin: CORTEX_M7
2026-01-19 13:57:04,837 [INFO] BlockDiagram:2775 - set Specific Code input for plugin: GPIO
2026-01-19 13:57:04,837 [INFO] BlockDiagram:2775 - set Specific Code input for plugin: ETH
2026-01-19 13:57:04,838 [INFO] CodeGenerator:892 - code generatio: config db path: C:/Users/Chinnapop/.stm32cubemx/databases/DB.6.0.141/db/
2026-01-19 13:57:04,850 [WARN] IP:2250 - Warning not found: check if there is a RefParameter without a condition.
2026-01-19 13:57:04,850 [WARN] IP:2250 - RxBufferAddress not found: check if there is a RefParameter without a condition.
2026-01-19 13:57:04,850 [WARN] IP:2250 - DESC_SIZE_UNIT not found: check if there is a RefParameter without a condition.
2026-01-19 13:57:04,869 [WARN] IP:2250 - LWIP_NETIF_HOSTNAME_NAME not found: check if there is a RefParameter without a condition.
2026-01-19 13:57:05,123 [INFO] CodeEngine:265 - oldGeneratedFile, C:\Users\Chinnapop\STM32CubeIDE\workspace\CKB-LwIP-FreeRTOS-UDP-Echo-Server\MXTmpFiles\license.tmp_save
2026-01-19 13:57:05,934 [INFO] CodeEngine:289 - Generated code: C:\Users\Chinnapop\STM32CubeIDE\workspace\CKB-LwIP-FreeRTOS-UDP-Echo-Server\MXTmpFiles\license.tmp
2026-01-19 13:57:06,188 [INFO] CodeEngine:265 - oldGeneratedFile, C:\Users\Chinnapop\STM32CubeIDE\workspace\CKB-LwIP-FreeRTOS-UDP-Echo-Server\Core\Src\gpio.c_save
2026-01-19 13:57:06,436 [INFO] CodeEngine:289 - Generated code: C:\Users\Chinnapop\STM32CubeIDE\workspace\CKB-LwIP-FreeRTOS-UDP-Echo-Server\Core\Src\gpio.c
2026-01-19 13:57:06,455 [INFO] CodeEngine:265 - oldGeneratedFile, C:\Users\Chinnapop\STM32CubeIDE\workspace\CKB-LwIP-FreeRTOS-UDP-Echo-Server\Core\Inc\gpio.h_save
2026-01-19 13:57:06,571 [INFO] CodeEngine:289 - Generated code: C:\Users\Chinnapop\STM32CubeIDE\workspace\CKB-LwIP-FreeRTOS-UDP-Echo-Server\Core\Inc\gpio.h
2026-01-19 13:57:06,811 [INFO] CodeEngine:265 - oldGeneratedFile, C:\Users\Chinnapop\STM32CubeIDE\workspace\CKB-LwIP-FreeRTOS-UDP-Echo-Server\MXTmpFiles\eth_vars.tmp_save
2026-01-19 13:57:06,975 [INFO] CodeEngine:289 - Generated code: C:\Users\Chinnapop\STM32CubeIDE\workspace\CKB-LwIP-FreeRTOS-UDP-Echo-Server\MXTmpFiles\eth_vars.tmp
2026-01-19 13:57:06,990 [INFO] CodeEngine:265 - oldGeneratedFile, C:\Users\Chinnapop\STM32CubeIDE\workspace\CKB-LwIP-FreeRTOS-UDP-Echo-Server\MXTmpFiles\eth_inc.tmp_save
2026-01-19 13:57:07,070 [INFO] CodeEngine:289 - Generated code: C:\Users\Chinnapop\STM32CubeIDE\workspace\CKB-LwIP-FreeRTOS-UDP-Echo-Server\MXTmpFiles\eth_inc.tmp
2026-01-19 13:57:07,087 [INFO] CodeEngine:265 - oldGeneratedFile, C:\Users\Chinnapop\STM32CubeIDE\workspace\CKB-LwIP-FreeRTOS-UDP-Echo-Server\MXTmpFiles\eth_HalInit.tmp_save
2026-01-19 13:57:07,311 [INFO] CodeEngine:289 - Generated code: C:\Users\Chinnapop\STM32CubeIDE\workspace\CKB-LwIP-FreeRTOS-UDP-Echo-Server\MXTmpFiles\eth_HalInit.tmp
2026-01-19 13:57:07,328 [INFO] CodeEngine:265 - oldGeneratedFile, C:\Users\Chinnapop\STM32CubeIDE\workspace\CKB-LwIP-FreeRTOS-UDP-Echo-Server\MXTmpFiles\eth_Msp.tmp_save
2026-01-19 13:57:07,510 [INFO] CodeEngine:289 - Generated code: C:\Users\Chinnapop\STM32CubeIDE\workspace\CKB-LwIP-FreeRTOS-UDP-Echo-Server\MXTmpFiles\eth_Msp.tmp
2026-01-19 13:57:07,966 [INFO] Middleware:1452 - No code input for Bsp Dependency
2026-01-19 13:57:07,975 [INFO] CodeEngine:265 - oldGeneratedFile, C:\Users\Chinnapop\STM32CubeIDE\workspace\CKB-LwIP-FreeRTOS-UDP-Echo-Server\MXTmpFiles\rtos_inc.tmp_save
2026-01-19 13:57:08,102 [INFO] CodeEngine:289 - Generated code: C:\Users\Chinnapop\STM32CubeIDE\workspace\CKB-LwIP-FreeRTOS-UDP-Echo-Server\MXTmpFiles\rtos_inc.tmp
2026-01-19 13:57:08,123 [INFO] CodeEngine:265 - oldGeneratedFile, C:\Users\Chinnapop\STM32CubeIDE\workspace\CKB-LwIP-FreeRTOS-UDP-Echo-Server\MXTmpFiles\rtos_vars.tmp_save
2026-01-19 13:57:08,208 [INFO] CodeEngine:289 - Generated code: C:\Users\Chinnapop\STM32CubeIDE\workspace\CKB-LwIP-FreeRTOS-UDP-Echo-Server\MXTmpFiles\rtos_vars.tmp
2026-01-19 13:57:08,226 [INFO] CodeEngine:265 - oldGeneratedFile, C:\Users\Chinnapop\STM32CubeIDE\workspace\CKB-LwIP-FreeRTOS-UDP-Echo-Server\MXTmpFiles\rtos_pfp.tmp_save
2026-01-19 13:57:08,308 [INFO] CodeEngine:289 - Generated code: C:\Users\Chinnapop\STM32CubeIDE\workspace\CKB-LwIP-FreeRTOS-UDP-Echo-Server\MXTmpFiles\rtos_pfp.tmp
2026-01-19 13:57:08,324 [INFO] CodeEngine:265 - oldGeneratedFile, C:\Users\Chinnapop\STM32CubeIDE\workspace\CKB-LwIP-FreeRTOS-UDP-Echo-Server\MXTmpFiles\rtos_obj_creat.tmp_save
2026-01-19 13:57:08,406 [INFO] CodeEngine:289 - Generated code: C:\Users\Chinnapop\STM32CubeIDE\workspace\CKB-LwIP-FreeRTOS-UDP-Echo-Server\MXTmpFiles\rtos_obj_creat.tmp
2026-01-19 13:57:08,420 [INFO] CodeEngine:265 - oldGeneratedFile, C:\Users\Chinnapop\STM32CubeIDE\workspace\CKB-LwIP-FreeRTOS-UDP-Echo-Server\MXTmpFiles\rtos_kernelStart.tmp_save
2026-01-19 13:57:08,498 [INFO] CodeEngine:289 - Generated code: C:\Users\Chinnapop\STM32CubeIDE\workspace\CKB-LwIP-FreeRTOS-UDP-Echo-Server\MXTmpFiles\rtos_kernelStart.tmp
2026-01-19 13:57:08,513 [INFO] CodeEngine:265 - oldGeneratedFile, C:\Users\Chinnapop\STM32CubeIDE\workspace\CKB-LwIP-FreeRTOS-UDP-Echo-Server\MXTmpFiles\rtos_default_thread.tmp_save
2026-01-19 13:57:08,608 [INFO] CodeEngine:289 - Generated code: C:\Users\Chinnapop\STM32CubeIDE\workspace\CKB-LwIP-FreeRTOS-UDP-Echo-Server\MXTmpFiles\rtos_default_thread.tmp
2026-01-19 13:57:08,625 [INFO] CodeEngine:265 - oldGeneratedFile, C:\Users\Chinnapop\STM32CubeIDE\workspace\CKB-LwIP-FreeRTOS-UDP-Echo-Server\MXTmpFiles\rtos_threads.tmp_save
2026-01-19 13:57:08,708 [INFO] CodeEngine:289 - Generated code: C:\Users\Chinnapop\STM32CubeIDE\workspace\CKB-LwIP-FreeRTOS-UDP-Echo-Server\MXTmpFiles\rtos_threads.tmp
2026-01-19 13:57:08,725 [INFO] Middleware:1452 - No code input for Bsp Dependency
2026-01-19 13:57:08,744 [INFO] Middleware:1452 - No code input for Bsp Dependency
2026-01-19 13:57:08,752 [INFO] CodeEngine:265 - oldGeneratedFile, C:\Users\Chinnapop\STM32CubeIDE\workspace\CKB-LwIP-FreeRTOS-UDP-Echo-Server\MXTmpFiles\rtos_inc.tmp_save
2026-01-19 13:57:08,870 [INFO] CodeEngine:289 - Generated code: C:\Users\Chinnapop\STM32CubeIDE\workspace\CKB-LwIP-FreeRTOS-UDP-Echo-Server\MXTmpFiles\rtos_inc.tmp
2026-01-19 13:57:08,876 [INFO] CodeEngine:265 - oldGeneratedFile, C:\Users\Chinnapop\STM32CubeIDE\workspace\CKB-LwIP-FreeRTOS-UDP-Echo-Server\MXTmpFiles\rtos_vars.tmp_save
2026-01-19 13:57:08,941 [INFO] CodeEngine:289 - Generated code: C:\Users\Chinnapop\STM32CubeIDE\workspace\CKB-LwIP-FreeRTOS-UDP-Echo-Server\MXTmpFiles\rtos_vars.tmp
2026-01-19 13:57:08,949 [INFO] CodeEngine:265 - oldGeneratedFile, C:\Users\Chinnapop\STM32CubeIDE\workspace\CKB-LwIP-FreeRTOS-UDP-Echo-Server\MXTmpFiles\rtos_pfp.tmp_save
2026-01-19 13:57:09,011 [INFO] CodeEngine:289 - Generated code: C:\Users\Chinnapop\STM32CubeIDE\workspace\CKB-LwIP-FreeRTOS-UDP-Echo-Server\MXTmpFiles\rtos_pfp.tmp
2026-01-19 13:57:09,018 [INFO] CodeEngine:265 - oldGeneratedFile, C:\Users\Chinnapop\STM32CubeIDE\workspace\CKB-LwIP-FreeRTOS-UDP-Echo-Server\MXTmpFiles\rtos_obj_creat.tmp_save
2026-01-19 13:57:09,109 [INFO] CodeEngine:289 - Generated code: C:\Users\Chinnapop\STM32CubeIDE\workspace\CKB-LwIP-FreeRTOS-UDP-Echo-Server\MXTmpFiles\rtos_obj_creat.tmp
2026-01-19 13:57:09,117 [INFO] CodeEngine:265 - oldGeneratedFile, C:\Users\Chinnapop\STM32CubeIDE\workspace\CKB-LwIP-FreeRTOS-UDP-Echo-Server\MXTmpFiles\rtos_kernelStart.tmp_save
2026-01-19 13:57:09,179 [INFO] CodeEngine:289 - Generated code: C:\Users\Chinnapop\STM32CubeIDE\workspace\CKB-LwIP-FreeRTOS-UDP-Echo-Server\MXTmpFiles\rtos_kernelStart.tmp
2026-01-19 13:57:09,188 [INFO] CodeEngine:265 - oldGeneratedFile, C:\Users\Chinnapop\STM32CubeIDE\workspace\CKB-LwIP-FreeRTOS-UDP-Echo-Server\MXTmpFiles\rtos_default_thread.tmp_save
2026-01-19 13:57:09,247 [INFO] CodeEngine:289 - Generated code: C:\Users\Chinnapop\STM32CubeIDE\workspace\CKB-LwIP-FreeRTOS-UDP-Echo-Server\MXTmpFiles\rtos_default_thread.tmp
2026-01-19 13:57:09,255 [INFO] CodeEngine:265 - oldGeneratedFile, C:\Users\Chinnapop\STM32CubeIDE\workspace\CKB-LwIP-FreeRTOS-UDP-Echo-Server\MXTmpFiles\rtos_threads.tmp_save
2026-01-19 13:57:09,312 [INFO] CodeEngine:289 - Generated code: C:\Users\Chinnapop\STM32CubeIDE\workspace\CKB-LwIP-FreeRTOS-UDP-Echo-Server\MXTmpFiles\rtos_threads.tmp
2026-01-19 13:57:09,319 [INFO] CodeEngine:265 - oldGeneratedFile, C:\Users\Chinnapop\STM32CubeIDE\workspace\CKB-LwIP-FreeRTOS-UDP-Echo-Server\Core\Inc\FreeRTOSConfig.h_save
2026-01-19 13:57:09,523 [INFO] CodeEngine:289 - Generated code: C:\Users\Chinnapop\STM32CubeIDE\workspace\CKB-LwIP-FreeRTOS-UDP-Echo-Server\Core\Inc\FreeRTOSConfig.h
2026-01-19 13:57:09,566 [INFO] CodeEngine:265 - oldGeneratedFile, C:\Users\Chinnapop\STM32CubeIDE\workspace\CKB-LwIP-FreeRTOS-UDP-Echo-Server\Core\Src\freertos.c_save
2026-01-19 13:57:09,672 [INFO] CodeEngine:289 - Generated code: C:\Users\Chinnapop\STM32CubeIDE\workspace\CKB-LwIP-FreeRTOS-UDP-Echo-Server\Core\Src\freertos.c
2026-01-19 13:57:09,693 [INFO] CodeEngine:265 - oldGeneratedFile, C:\Users\Chinnapop\STM32CubeIDE\workspace\CKB-LwIP-FreeRTOS-UDP-Echo-Server\MXTmpFiles\cortex.tmp_save
2026-01-19 13:57:09,823 [INFO] CodeEngine:289 - Generated code: C:\Users\Chinnapop\STM32CubeIDE\workspace\CKB-LwIP-FreeRTOS-UDP-Echo-Server\MXTmpFiles\cortex.tmp
2026-01-19 13:57:09,844 [INFO] Middleware:1452 - No code input for Bsp Dependency
2026-01-19 13:57:09,866 [INFO] CodeEngine:265 - oldGeneratedFile, C:\Users\Chinnapop\STM32CubeIDE\workspace\CKB-LwIP-FreeRTOS-UDP-Echo-Server\LWIP\App\lwip.c_save
2026-01-19 13:57:10,021 [INFO] CodeEngine:289 - Generated code: C:\Users\Chinnapop\STM32CubeIDE\workspace\CKB-LwIP-FreeRTOS-UDP-Echo-Server\LWIP\App\lwip.c
2026-01-19 13:57:10,036 [INFO] CodeEngine:265 - oldGeneratedFile, C:\Users\Chinnapop\STM32CubeIDE\workspace\CKB-LwIP-FreeRTOS-UDP-Echo-Server\LWIP\App\lwip.h_save
2026-01-19 13:57:10,111 [INFO] CodeEngine:289 - Generated code: C:\Users\Chinnapop\STM32CubeIDE\workspace\CKB-LwIP-FreeRTOS-UDP-Echo-Server\LWIP\App\lwip.h
2026-01-19 13:57:10,127 [INFO] CodeEngine:265 - oldGeneratedFile, C:\Users\Chinnapop\STM32CubeIDE\workspace\CKB-LwIP-FreeRTOS-UDP-Echo-Server\LWIP\Target\lwipopts.h_save
2026-01-19 13:57:10,411 [INFO] CodeEngine:289 - Generated code: C:\Users\Chinnapop\STM32CubeIDE\workspace\CKB-LwIP-FreeRTOS-UDP-Echo-Server\LWIP\Target\lwipopts.h
2026-01-19 13:57:10,431 [INFO] CodeEngine:265 - oldGeneratedFile, C:\Users\Chinnapop\STM32CubeIDE\workspace\CKB-LwIP-FreeRTOS-UDP-Echo-Server\LWIP\Target\ethernetif.c_save
2026-01-19 13:57:10,534 [INFO] CodeEngine:289 - Generated code: C:\Users\Chinnapop\STM32CubeIDE\workspace\CKB-LwIP-FreeRTOS-UDP-Echo-Server\LWIP\Target\ethernetif.c
2026-01-19 13:57:10,551 [INFO] CodeEngine:265 - oldGeneratedFile, C:\Users\Chinnapop\STM32CubeIDE\workspace\CKB-LwIP-FreeRTOS-UDP-Echo-Server\LWIP\Target\ethernetif.h_save
2026-01-19 13:57:10,638 [INFO] CodeEngine:289 - Generated code: C:\Users\Chinnapop\STM32CubeIDE\workspace\CKB-LwIP-FreeRTOS-UDP-Echo-Server\LWIP\Target\ethernetif.h
2026-01-19 13:57:10,678 [INFO] CodeEngine:265 - oldGeneratedFile, C:\Users\Chinnapop\STM32CubeIDE\workspace\CKB-LwIP-FreeRTOS-UDP-Echo-Server\Core\Src\usart.c_save
2026-01-19 13:57:10,946 [INFO] CodeEngine:289 - Generated code: C:\Users\Chinnapop\STM32CubeIDE\workspace\CKB-LwIP-FreeRTOS-UDP-Echo-Server\Core\Src\usart.c
2026-01-19 13:57:10,969 [INFO] CodeEngine:265 - oldGeneratedFile, C:\Users\Chinnapop\STM32CubeIDE\workspace\CKB-LwIP-FreeRTOS-UDP-Echo-Server\Core\Inc\usart.h_save
2026-01-19 13:57:11,110 [INFO] CodeEngine:289 - Generated code: C:\Users\Chinnapop\STM32CubeIDE\workspace\CKB-LwIP-FreeRTOS-UDP-Echo-Server\Core\Inc\usart.h
2026-01-19 13:57:11,140 [INFO] CodeEngine:265 - oldGeneratedFile, C:\Users\Chinnapop\STM32CubeIDE\workspace\CKB-LwIP-FreeRTOS-UDP-Echo-Server\Core\Src\stm32f7xx_it.c_save
2026-01-19 13:57:11,336 [INFO] CodeEngine:289 - Generated code: C:\Users\Chinnapop\STM32CubeIDE\workspace\CKB-LwIP-FreeRTOS-UDP-Echo-Server\Core\Src\stm32f7xx_it.c
2026-01-19 13:57:11,355 [INFO] CodeEngine:265 - oldGeneratedFile, C:\Users\Chinnapop\STM32CubeIDE\workspace\CKB-LwIP-FreeRTOS-UDP-Echo-Server\Core\Inc\stm32f7xx_it.h_save
2026-01-19 13:57:11,457 [INFO] CodeEngine:289 - Generated code: C:\Users\Chinnapop\STM32CubeIDE\workspace\CKB-LwIP-FreeRTOS-UDP-Echo-Server\Core\Inc\stm32f7xx_it.h
2026-01-19 13:57:11,494 [INFO] CodeEngine:265 - oldGeneratedFile, C:\Users\Chinnapop\STM32CubeIDE\workspace\CKB-LwIP-FreeRTOS-UDP-Echo-Server\Core\Src\stm32f7xx_hal_msp.c_save
2026-01-19 13:57:11,658 [INFO] CodeEngine:289 - Generated code: C:\Users\Chinnapop\STM32CubeIDE\workspace\CKB-LwIP-FreeRTOS-UDP-Echo-Server\Core\Src\stm32f7xx_hal_msp.c
2026-01-19 13:57:11,684 [INFO] CodeEngine:265 - oldGeneratedFile, C:\Users\Chinnapop\STM32CubeIDE\workspace\CKB-LwIP-FreeRTOS-UDP-Echo-Server\MXTmpFiles\system.tmp_save
2026-01-19 13:57:11,787 [INFO] CodeEngine:289 - Generated code: C:\Users\Chinnapop\STM32CubeIDE\workspace\CKB-LwIP-FreeRTOS-UDP-Echo-Server\MXTmpFiles\system.tmp
2026-01-19 13:57:11,808 [INFO] CodeEngine:265 - oldGeneratedFile, C:\Users\Chinnapop\STM32CubeIDE\workspace\CKB-LwIP-FreeRTOS-UDP-Echo-Server\Core\Src\stm32f7xx_hal_timebase_tim.c_save
2026-01-19 13:57:11,897 [INFO] CodeEngine:289 - Generated code: C:\Users\Chinnapop\STM32CubeIDE\workspace\CKB-LwIP-FreeRTOS-UDP-Echo-Server\Core\Src\stm32f7xx_hal_timebase_tim.c
2026-01-19 13:57:11,928 [INFO] CodeEngine:321 - oldGeneratedFile, C:\Users\Chinnapop\STM32CubeIDE\workspace\CKB-LwIP-FreeRTOS-UDP-Echo-Server\Core\Inc\stm32f7xx_hal_conf.h_save
2026-01-19 13:57:12,062 [INFO] CodeEngine:345 - Generated code: C:\Users\Chinnapop\STM32CubeIDE\workspace\CKB-LwIP-FreeRTOS-UDP-Echo-Server\Core\Inc\stm32f7xx_hal_conf.h
2026-01-19 13:57:12,217 [INFO] ApiDbMcu:532 - Load IP Config File for USART2
2026-01-19 13:57:12,222 [INFO] ApiDbMcu:532 - Load IP Config File for USART3
2026-01-19 13:57:12,231 [INFO] ApiDbMcu:532 - Load IP Config File for RCC
2026-01-19 13:57:12,249 [INFO] CodeEngine:265 - oldGeneratedFile, C:\Users\Chinnapop\STM32CubeIDE\workspace\CKB-LwIP-FreeRTOS-UDP-Echo-Server\Core\Inc\main.h_save
2026-01-19 13:57:12,426 [INFO] CodeEngine:289 - Generated code: C:\Users\Chinnapop\STM32CubeIDE\workspace\CKB-LwIP-FreeRTOS-UDP-Echo-Server\Core\Inc\main.h
2026-01-19 13:57:12,446 [INFO] CodeEngine:265 - oldGeneratedFile, C:\Users\Chinnapop\STM32CubeIDE\workspace\CKB-LwIP-FreeRTOS-UDP-Echo-Server\Core\Src\main.c_save
2026-01-19 13:57:12,591 [INFO] CodeEngine:289 - Generated code: C:\Users\Chinnapop\STM32CubeIDE\workspace\CKB-LwIP-FreeRTOS-UDP-Echo-Server\Core\Src\main.c
2026-01-19 13:57:13,782 [INFO] ProjectBuilder:3606 - Time for Copy HAL[1] : 959mS.
2026-01-19 13:57:13,823 [INFO] ProjectBuilder:5216 - Project Generator version: 4.7.0-B52
2026-01-19 13:57:13,930 [INFO] ConfigFileManager:1595 - The Die is : DIE451
2026-01-19 13:57:13,947 [INFO] ApiDbMcu:532 - Load IP Config File for FATFS
2026-01-19 13:57:13,968 [INFO] ApiDbMcu:532 - Load IP Config File for LIBJPEG
2026-01-19 13:57:13,998 [INFO] ApiDbMcu:532 - Load IP Config File for MBEDTLS
2026-01-19 13:57:14,035 [INFO] ApiDbMcu:532 - Load IP Config File for USB_DEVICE
2026-01-19 13:57:14,073 [INFO] ApiDbMcu:532 - Load IP Config File for USB_HOST
2026-01-19 13:57:15,371 [INFO] LogOutputStream:77 - [STDOUT_REDIRECT] 
2026-01-19 13:57:22,081 [INFO] ProjectBuilder:5496 - Time for Generating toolchain IDE Files: 8258mS.
2026-01-19 13:57:22,083 [INFO] ProjectBuilder:3463 - Time for Copy CMSIS : 2mS.
2026-01-19 13:57:22,134 [INFO] ProjectBuilder:3463 - Time for Copy CMSIS : 0mS.
2026-01-19 13:57:26,555 [INFO] McuFinderGlobals:76 - Set McuFinderConnectedMode to true
2026-01-19 13:57:26,563 [INFO] ApiDb:448 - Save user favorites file C:\Users\Chinnapop/.stm32cubeide/favorites.mcus.txt: 0 item(s)
2026-01-19 13:57:26,565 [INFO] ApiDb:452 - User favorites MCUs=[]
2026-01-19 13:57:27,504 [ERROR] LogOutputStream:75 - [STDERR_REDIRECT] Exception in thread "AWT-EventQueue-0" java.awt.IllegalComponentStateException: Native resources unavailable
2026-01-19 13:57:27,510 [ERROR] LogOutputStream:75 - [STDERR_REDIRECT] 	at java.desktop/sun.awt.windows.WWindowPeer.getScreenImOn(Native Method)
2026-01-19 13:57:27,514 [ERROR] LogOutputStream:75 - [STDERR_REDIRECT] 	at java.desktop/sun.awt.windows.WWindowPeer.updateGC(WWindowPeer.java:566)
2026-01-19 13:57:27,519 [ERROR] LogOutputStream:75 - [STDERR_REDIRECT] 	at java.desktop/java.awt.event.InvocationEvent.dispatch(InvocationEvent.java:318)
2026-01-19 13:57:27,522 [ERROR] LogOutputStream:75 - [STDERR_REDIRECT] 	at java.desktop/java.awt.EventQueue.dispatchEventImpl(EventQueue.java:773)
2026-01-19 13:57:27,526 [ERROR] LogOutputStream:75 - [STDERR_REDIRECT] 	at java.desktop/java.awt.EventQueue$4.run(EventQueue.java:720)
2026-01-19 13:57:27,532 [ERROR] LogOutputStream:75 - [STDERR_REDIRECT] 	at java.desktop/java.awt.EventQueue$4.run(EventQueue.java:714)
2026-01-19 13:57:27,537 [ERROR] LogOutputStream:75 - [STDERR_REDIRECT] 	at java.base/java.security.AccessController.doPrivileged(AccessController.java:400)
2026-01-19 13:57:27,542 [ERROR] LogOutputStream:75 - [STDERR_REDIRECT] 	at java.base/java.security.ProtectionDomain$JavaSecurityAccessImpl.doIntersectionPrivilege(ProtectionDomain.java:87)
2026-01-19 13:57:27,550 [ERROR] LogOutputStream:75 - [STDERR_REDIRECT] 	at java.base/java.security.ProtectionDomain$JavaSecurityAccessImpl.doIntersectionPrivilege(ProtectionDomain.java:98)
2026-01-19 13:57:27,553 [ERROR] LogOutputStream:75 - [STDERR_REDIRECT] 	at java.desktop/java.awt.EventQueue$5.run(EventQueue.java:747)
2026-01-19 13:57:27,558 [ERROR] LogOutputStream:75 - [STDERR_REDIRECT] 	at java.desktop/java.awt.EventQueue$5.run(EventQueue.java:745)
2026-01-19 13:57:27,566 [ERROR] LogOutputStream:75 - [STDERR_REDIRECT] 	at java.base/java.security.AccessController.doPrivileged(AccessController.java:400)
2026-01-19 13:57:27,571 [ERROR] LogOutputStream:75 - [STDERR_REDIRECT] 	at java.base/java.security.ProtectionDomain$JavaSecurityAccessImpl.doIntersectionPrivilege(ProtectionDomain.java:87)
2026-01-19 13:57:27,576 [ERROR] LogOutputStream:75 - [STDERR_REDIRECT] 	at java.desktop/java.awt.EventQueue.dispatchEvent(EventQueue.java:744)
2026-01-19 13:57:27,581 [ERROR] LogOutputStream:75 - [STDERR_REDIRECT] 	at java.desktop/java.awt.EventDispatchThread.pumpOneEventForFilters(EventDispatchThread.java:203)
2026-01-19 13:57:27,585 [ERROR] LogOutputStream:75 - [STDERR_REDIRECT] 	at java.desktop/java.awt.EventDispatchThread.pumpEventsForFilter(EventDispatchThread.java:124)
2026-01-19 13:57:27,591 [ERROR] LogOutputStream:75 - [STDERR_REDIRECT] 	at java.desktop/java.awt.EventDispatchThread.pumpEventsForHierarchy(EventDispatchThread.java:113)
2026-01-19 13:57:27,595 [ERROR] LogOutputStream:75 - [STDERR_REDIRECT] 	at java.desktop/java.awt.EventDispatchThread.pumpEvents(EventDispatchThread.java:109)
2026-01-19 13:57:27,601 [ERROR] LogOutputStream:75 - [STDERR_REDIRECT] 	at java.desktop/java.awt.EventDispatchThread.pumpEvents(EventDispatchThread.java:101)
2026-01-19 13:57:27,605 [ERROR] LogOutputStream:75 - [STDERR_REDIRECT] 	at java.desktop/java.awt.EventDispatchThread.run(EventDispatchThread.java:90)
2026-01-19 13:57:28,384 [INFO] UtilMem:75 - End SaveConfig() Used Memory: 461497168 Bytes (819986432)
2026-01-19 13:57:28,778 [INFO] UtilMem:75 - End SaveConfig() Used Memory: 500816720 Bytes (819986432)
2026-01-19 13:57:29,215 [INFO] BlockDiagram:2775 - set Specific Code input for plugin: FREERTOS
2026-01-19 13:57:29,216 [INFO] BlockDiagram:2775 - set Specific Code input for plugin: SYS
2026-01-19 13:57:29,216 [INFO] BlockDiagram:2775 - set Specific Code input for plugin: RCC
2026-01-19 13:57:29,216 [INFO] BlockDiagram:2775 - set Specific Code input for plugin: NVIC
2026-01-19 13:57:29,216 [INFO] BlockDiagram:2775 - set Specific Code input for plugin: LWIP
2026-01-19 13:57:29,216 [INFO] BlockDiagram:2775 - set Specific Code input for plugin: USART
2026-01-19 13:57:29,216 [INFO] BlockDiagram:2775 - set Specific Code input for plugin: USART
2026-01-19 13:57:29,216 [INFO] BlockDiagram:2775 - set Specific Code input for plugin: CORTEX_M7
2026-01-19 13:57:29,217 [INFO] BlockDiagram:2775 - set Specific Code input for plugin: GPIO
2026-01-19 13:57:29,217 [INFO] BlockDiagram:2775 - set Specific Code input for plugin: ETH
2026-01-19 13:57:29,220 [INFO] CodeGenerator:892 - code generatio: config db path: C:/Users/Chinnapop/.stm32cubemx/databases/DB.6.0.141/db/
2026-01-19 13:57:29,233 [WARN] IP:2250 - Warning not found: check if there is a RefParameter without a condition.
2026-01-19 13:57:29,233 [WARN] IP:2250 - RxBufferAddress not found: check if there is a RefParameter without a condition.
2026-01-19 13:57:29,234 [WARN] IP:2250 - DESC_SIZE_UNIT not found: check if there is a RefParameter without a condition.
2026-01-19 13:57:29,249 [WARN] IP:2250 - LWIP_NETIF_HOSTNAME_NAME not found: check if there is a RefParameter without a condition.
2026-01-19 13:57:29,498 [INFO] CodeEngine:265 - oldGeneratedFile, C:\Users\Chinnapop\STM32CubeIDE\workspace\CKB-LwIP-FreeRTOS-UDP-Echo-Server\MXTmpFiles\license.tmp_save
2026-01-19 13:57:29,687 [INFO] CodeEngine:289 - Generated code: C:\Users\Chinnapop\STM32CubeIDE\workspace\CKB-LwIP-FreeRTOS-UDP-Echo-Server\MXTmpFiles\license.tmp
2026-01-19 13:57:29,775 [INFO] CodeEngine:265 - oldGeneratedFile, C:\Users\Chinnapop\STM32CubeIDE\workspace\CKB-LwIP-FreeRTOS-UDP-Echo-Server\Core\Src\gpio.c_save
2026-01-19 13:57:29,996 [INFO] CodeEngine:289 - Generated code: C:\Users\Chinnapop\STM32CubeIDE\workspace\CKB-LwIP-FreeRTOS-UDP-Echo-Server\Core\Src\gpio.c
2026-01-19 13:57:30,008 [INFO] CodeEngine:265 - oldGeneratedFile, C:\Users\Chinnapop\STM32CubeIDE\workspace\CKB-LwIP-FreeRTOS-UDP-Echo-Server\Core\Inc\gpio.h_save
2026-01-19 13:57:30,119 [INFO] CodeEngine:289 - Generated code: C:\Users\Chinnapop\STM32CubeIDE\workspace\CKB-LwIP-FreeRTOS-UDP-Echo-Server\Core\Inc\gpio.h
2026-01-19 13:57:30,275 [INFO] CodeEngine:265 - oldGeneratedFile, C:\Users\Chinnapop\STM32CubeIDE\workspace\CKB-LwIP-FreeRTOS-UDP-Echo-Server\MXTmpFiles\eth_vars.tmp_save
2026-01-19 13:57:30,483 [INFO] CodeEngine:289 - Generated code: C:\Users\Chinnapop\STM32CubeIDE\workspace\CKB-LwIP-FreeRTOS-UDP-Echo-Server\MXTmpFiles\eth_vars.tmp
2026-01-19 13:57:30,494 [INFO] CodeEngine:265 - oldGeneratedFile, C:\Users\Chinnapop\STM32CubeIDE\workspace\CKB-LwIP-FreeRTOS-UDP-Echo-Server\MXTmpFiles\eth_inc.tmp_save
2026-01-19 13:57:30,603 [INFO] CodeEngine:289 - Generated code: C:\Users\Chinnapop\STM32CubeIDE\workspace\CKB-LwIP-FreeRTOS-UDP-Echo-Server\MXTmpFiles\eth_inc.tmp
2026-01-19 13:57:30,617 [INFO] CodeEngine:265 - oldGeneratedFile, C:\Users\Chinnapop\STM32CubeIDE\workspace\CKB-LwIP-FreeRTOS-UDP-Echo-Server\MXTmpFiles\eth_HalInit.tmp_save
2026-01-19 13:57:30,784 [INFO] CodeEngine:289 - Generated code: C:\Users\Chinnapop\STM32CubeIDE\workspace\CKB-LwIP-FreeRTOS-UDP-Echo-Server\MXTmpFiles\eth_HalInit.tmp
2026-01-19 13:57:30,798 [INFO] CodeEngine:265 - oldGeneratedFile, C:\Users\Chinnapop\STM32CubeIDE\workspace\CKB-LwIP-FreeRTOS-UDP-Echo-Server\MXTmpFiles\eth_Msp.tmp_save
2026-01-19 13:57:30,955 [INFO] CodeEngine:289 - Generated code: C:\Users\Chinnapop\STM32CubeIDE\workspace\CKB-LwIP-FreeRTOS-UDP-Echo-Server\MXTmpFiles\eth_Msp.tmp
2026-01-19 13:57:31,395 [INFO] Middleware:1452 - No code input for Bsp Dependency
2026-01-19 13:57:31,409 [INFO] CodeEngine:265 - oldGeneratedFile, C:\Users\Chinnapop\STM32CubeIDE\workspace\CKB-LwIP-FreeRTOS-UDP-Echo-Server\MXTmpFiles\rtos_inc.tmp_save
2026-01-19 13:57:31,595 [INFO] CodeEngine:289 - Generated code: C:\Users\Chinnapop\STM32CubeIDE\workspace\CKB-LwIP-FreeRTOS-UDP-Echo-Server\MXTmpFiles\rtos_inc.tmp
2026-01-19 13:57:31,609 [INFO] CodeEngine:265 - oldGeneratedFile, C:\Users\Chinnapop\STM32CubeIDE\workspace\CKB-LwIP-FreeRTOS-UDP-Echo-Server\MXTmpFiles\rtos_vars.tmp_save
2026-01-19 13:57:31,714 [INFO] CodeEngine:289 - Generated code: C:\Users\Chinnapop\STM32CubeIDE\workspace\CKB-LwIP-FreeRTOS-UDP-Echo-Server\MXTmpFiles\rtos_vars.tmp
2026-01-19 13:57:31,723 [INFO] CodeEngine:265 - oldGeneratedFile, C:\Users\Chinnapop\STM32CubeIDE\workspace\CKB-LwIP-FreeRTOS-UDP-Echo-Server\MXTmpFiles\rtos_pfp.tmp_save
2026-01-19 13:57:31,884 [INFO] CodeEngine:289 - Generated code: C:\Users\Chinnapop\STM32CubeIDE\workspace\CKB-LwIP-FreeRTOS-UDP-Echo-Server\MXTmpFiles\rtos_pfp.tmp
2026-01-19 13:57:31,914 [INFO] CodeEngine:265 - oldGeneratedFile, C:\Users\Chinnapop\STM32CubeIDE\workspace\CKB-LwIP-FreeRTOS-UDP-Echo-Server\MXTmpFiles\rtos_obj_creat.tmp_save
2026-01-19 13:57:32,067 [INFO] CodeEngine:289 - Generated code: C:\Users\Chinnapop\STM32CubeIDE\workspace\CKB-LwIP-FreeRTOS-UDP-Echo-Server\MXTmpFiles\rtos_obj_creat.tmp
2026-01-19 13:57:32,087 [INFO] CodeEngine:265 - oldGeneratedFile, C:\Users\Chinnapop\STM32CubeIDE\workspace\CKB-LwIP-FreeRTOS-UDP-Echo-Server\MXTmpFiles\rtos_kernelStart.tmp_save
2026-01-19 13:57:32,211 [INFO] CodeEngine:289 - Generated code: C:\Users\Chinnapop\STM32CubeIDE\workspace\CKB-LwIP-FreeRTOS-UDP-Echo-Server\MXTmpFiles\rtos_kernelStart.tmp
2026-01-19 13:57:32,220 [INFO] CodeEngine:265 - oldGeneratedFile, C:\Users\Chinnapop\STM32CubeIDE\workspace\CKB-LwIP-FreeRTOS-UDP-Echo-Server\MXTmpFiles\rtos_default_thread.tmp_save
2026-01-19 13:57:32,344 [INFO] CodeEngine:289 - Generated code: C:\Users\Chinnapop\STM32CubeIDE\workspace\CKB-LwIP-FreeRTOS-UDP-Echo-Server\MXTmpFiles\rtos_default_thread.tmp
2026-01-19 13:57:32,360 [INFO] CodeEngine:265 - oldGeneratedFile, C:\Users\Chinnapop\STM32CubeIDE\workspace\CKB-LwIP-FreeRTOS-UDP-Echo-Server\MXTmpFiles\rtos_threads.tmp_save
2026-01-19 13:57:32,532 [INFO] CodeEngine:289 - Generated code: C:\Users\Chinnapop\STM32CubeIDE\workspace\CKB-LwIP-FreeRTOS-UDP-Echo-Server\MXTmpFiles\rtos_threads.tmp
2026-01-19 13:57:32,582 [INFO] Middleware:1452 - No code input for Bsp Dependency
2026-01-19 13:57:32,662 [INFO] Middleware:1452 - No code input for Bsp Dependency
2026-01-19 13:57:32,700 [INFO] CodeEngine:265 - oldGeneratedFile, C:\Users\Chinnapop\STM32CubeIDE\workspace\CKB-LwIP-FreeRTOS-UDP-Echo-Server\MXTmpFiles\rtos_inc.tmp_save
2026-01-19 13:57:32,967 [INFO] CodeEngine:289 - Generated code: C:\Users\Chinnapop\STM32CubeIDE\workspace\CKB-LwIP-FreeRTOS-UDP-Echo-Server\MXTmpFiles\rtos_inc.tmp
2026-01-19 13:57:32,995 [INFO] CodeEngine:265 - oldGeneratedFile, C:\Users\Chinnapop\STM32CubeIDE\workspace\CKB-LwIP-FreeRTOS-UDP-Echo-Server\MXTmpFiles\rtos_vars.tmp_save
2026-01-19 13:57:33,142 [INFO] CodeEngine:289 - Generated code: C:\Users\Chinnapop\STM32CubeIDE\workspace\CKB-LwIP-FreeRTOS-UDP-Echo-Server\MXTmpFiles\rtos_vars.tmp
2026-01-19 13:57:33,156 [INFO] CodeEngine:265 - oldGeneratedFile, C:\Users\Chinnapop\STM32CubeIDE\workspace\CKB-LwIP-FreeRTOS-UDP-Echo-Server\MXTmpFiles\rtos_pfp.tmp_save
2026-01-19 13:57:33,268 [INFO] CodeEngine:289 - Generated code: C:\Users\Chinnapop\STM32CubeIDE\workspace\CKB-LwIP-FreeRTOS-UDP-Echo-Server\MXTmpFiles\rtos_pfp.tmp
2026-01-19 13:57:33,294 [INFO] CodeEngine:265 - oldGeneratedFile, C:\Users\Chinnapop\STM32CubeIDE\workspace\CKB-LwIP-FreeRTOS-UDP-Echo-Server\MXTmpFiles\rtos_obj_creat.tmp_save
2026-01-19 13:57:33,436 [INFO] CodeEngine:289 - Generated code: C:\Users\Chinnapop\STM32CubeIDE\workspace\CKB-LwIP-FreeRTOS-UDP-Echo-Server\MXTmpFiles\rtos_obj_creat.tmp
2026-01-19 13:57:33,453 [INFO] CodeEngine:265 - oldGeneratedFile, C:\Users\Chinnapop\STM32CubeIDE\workspace\CKB-LwIP-FreeRTOS-UDP-Echo-Server\MXTmpFiles\rtos_kernelStart.tmp_save
2026-01-19 13:57:33,606 [INFO] CodeEngine:289 - Generated code: C:\Users\Chinnapop\STM32CubeIDE\workspace\CKB-LwIP-FreeRTOS-UDP-Echo-Server\MXTmpFiles\rtos_kernelStart.tmp
2026-01-19 13:57:33,626 [INFO] CodeEngine:265 - oldGeneratedFile, C:\Users\Chinnapop\STM32CubeIDE\workspace\CKB-LwIP-FreeRTOS-UDP-Echo-Server\MXTmpFiles\rtos_default_thread.tmp_save
2026-01-19 13:57:33,803 [INFO] CodeEngine:289 - Generated code: C:\Users\Chinnapop\STM32CubeIDE\workspace\CKB-LwIP-FreeRTOS-UDP-Echo-Server\MXTmpFiles\rtos_default_thread.tmp
2026-01-19 13:57:33,829 [INFO] CodeEngine:265 - oldGeneratedFile, C:\Users\Chinnapop\STM32CubeIDE\workspace\CKB-LwIP-FreeRTOS-UDP-Echo-Server\MXTmpFiles\rtos_threads.tmp_save
2026-01-19 13:57:33,968 [INFO] CodeEngine:289 - Generated code: C:\Users\Chinnapop\STM32CubeIDE\workspace\CKB-LwIP-FreeRTOS-UDP-Echo-Server\MXTmpFiles\rtos_threads.tmp
2026-01-19 13:57:33,990 [INFO] CodeEngine:265 - oldGeneratedFile, C:\Users\Chinnapop\STM32CubeIDE\workspace\CKB-LwIP-FreeRTOS-UDP-Echo-Server\Core\Inc\FreeRTOSConfig.h_save
2026-01-19 13:57:34,270 [INFO] CodeEngine:289 - Generated code: C:\Users\Chinnapop\STM32CubeIDE\workspace\CKB-LwIP-FreeRTOS-UDP-Echo-Server\Core\Inc\FreeRTOSConfig.h
2026-01-19 13:57:34,298 [INFO] CodeEngine:265 - oldGeneratedFile, C:\Users\Chinnapop\STM32CubeIDE\workspace\CKB-LwIP-FreeRTOS-UDP-Echo-Server\Core\Src\freertos.c_save
2026-01-19 13:57:34,479 [INFO] CodeEngine:289 - Generated code: C:\Users\Chinnapop\STM32CubeIDE\workspace\CKB-LwIP-FreeRTOS-UDP-Echo-Server\Core\Src\freertos.c
2026-01-19 13:57:34,525 [INFO] CodeEngine:265 - oldGeneratedFile, C:\Users\Chinnapop\STM32CubeIDE\workspace\CKB-LwIP-FreeRTOS-UDP-Echo-Server\MXTmpFiles\cortex.tmp_save
2026-01-19 13:57:34,872 [INFO] CodeEngine:289 - Generated code: C:\Users\Chinnapop\STM32CubeIDE\workspace\CKB-LwIP-FreeRTOS-UDP-Echo-Server\MXTmpFiles\cortex.tmp
2026-01-19 13:57:34,919 [INFO] Middleware:1452 - No code input for Bsp Dependency
2026-01-19 13:57:34,989 [INFO] CodeEngine:265 - oldGeneratedFile, C:\Users\Chinnapop\STM32CubeIDE\workspace\CKB-LwIP-FreeRTOS-UDP-Echo-Server\LWIP\App\lwip.c_save
2026-01-19 13:57:35,427 [INFO] CodeEngine:289 - Generated code: C:\Users\Chinnapop\STM32CubeIDE\workspace\CKB-LwIP-FreeRTOS-UDP-Echo-Server\LWIP\App\lwip.c
2026-01-19 13:57:35,442 [INFO] CodeEngine:265 - oldGeneratedFile, C:\Users\Chinnapop\STM32CubeIDE\workspace\CKB-LwIP-FreeRTOS-UDP-Echo-Server\LWIP\App\lwip.h_save
2026-01-19 13:57:35,559 [INFO] CodeEngine:289 - Generated code: C:\Users\Chinnapop\STM32CubeIDE\workspace\CKB-LwIP-FreeRTOS-UDP-Echo-Server\LWIP\App\lwip.h
2026-01-19 13:57:35,568 [INFO] CodeEngine:265 - oldGeneratedFile, C:\Users\Chinnapop\STM32CubeIDE\workspace\CKB-LwIP-FreeRTOS-UDP-Echo-Server\LWIP\Target\lwipopts.h_save
2026-01-19 13:57:35,920 [INFO] CodeEngine:289 - Generated code: C:\Users\Chinnapop\STM32CubeIDE\workspace\CKB-LwIP-FreeRTOS-UDP-Echo-Server\LWIP\Target\lwipopts.h
2026-01-19 13:57:35,935 [INFO] CodeEngine:265 - oldGeneratedFile, C:\Users\Chinnapop\STM32CubeIDE\workspace\CKB-LwIP-FreeRTOS-UDP-Echo-Server\LWIP\Target\ethernetif.c_save
2026-01-19 13:57:36,259 [INFO] CodeEngine:289 - Generated code: C:\Users\Chinnapop\STM32CubeIDE\workspace\CKB-LwIP-FreeRTOS-UDP-Echo-Server\LWIP\Target\ethernetif.c
2026-01-19 13:57:36,272 [INFO] CodeEngine:265 - oldGeneratedFile, C:\Users\Chinnapop\STM32CubeIDE\workspace\CKB-LwIP-FreeRTOS-UDP-Echo-Server\LWIP\Target\ethernetif.h_save
2026-01-19 13:57:36,467 [INFO] CodeEngine:289 - Generated code: C:\Users\Chinnapop\STM32CubeIDE\workspace\CKB-LwIP-FreeRTOS-UDP-Echo-Server\LWIP\Target\ethernetif.h
2026-01-19 13:57:36,510 [INFO] CodeEngine:265 - oldGeneratedFile, C:\Users\Chinnapop\STM32CubeIDE\workspace\CKB-LwIP-FreeRTOS-UDP-Echo-Server\Core\Src\usart.c_save
2026-01-19 13:57:36,944 [INFO] CodeEngine:289 - Generated code: C:\Users\Chinnapop\STM32CubeIDE\workspace\CKB-LwIP-FreeRTOS-UDP-Echo-Server\Core\Src\usart.c
2026-01-19 13:57:36,963 [INFO] CodeEngine:265 - oldGeneratedFile, C:\Users\Chinnapop\STM32CubeIDE\workspace\CKB-LwIP-FreeRTOS-UDP-Echo-Server\Core\Inc\usart.h_save
2026-01-19 13:57:37,116 [INFO] CodeEngine:289 - Generated code: C:\Users\Chinnapop\STM32CubeIDE\workspace\CKB-LwIP-FreeRTOS-UDP-Echo-Server\Core\Inc\usart.h
2026-01-19 13:57:37,171 [INFO] CodeEngine:265 - oldGeneratedFile, C:\Users\Chinnapop\STM32CubeIDE\workspace\CKB-LwIP-FreeRTOS-UDP-Echo-Server\Core\Src\stm32f7xx_it.c_save
2026-01-19 13:57:37,408 [INFO] CodeEngine:289 - Generated code: C:\Users\Chinnapop\STM32CubeIDE\workspace\CKB-LwIP-FreeRTOS-UDP-Echo-Server\Core\Src\stm32f7xx_it.c
2026-01-19 13:57:37,424 [INFO] CodeEngine:265 - oldGeneratedFile, C:\Users\Chinnapop\STM32CubeIDE\workspace\CKB-LwIP-FreeRTOS-UDP-Echo-Server\Core\Inc\stm32f7xx_it.h_save
2026-01-19 13:57:37,512 [INFO] CodeEngine:289 - Generated code: C:\Users\Chinnapop\STM32CubeIDE\workspace\CKB-LwIP-FreeRTOS-UDP-Echo-Server\Core\Inc\stm32f7xx_it.h
2026-01-19 13:57:37,538 [INFO] CodeEngine:265 - oldGeneratedFile, C:\Users\Chinnapop\STM32CubeIDE\workspace\CKB-LwIP-FreeRTOS-UDP-Echo-Server\Core\Src\stm32f7xx_hal_msp.c_save
2026-01-19 13:57:37,771 [INFO] CodeEngine:289 - Generated code: C:\Users\Chinnapop\STM32CubeIDE\workspace\CKB-LwIP-FreeRTOS-UDP-Echo-Server\Core\Src\stm32f7xx_hal_msp.c
2026-01-19 13:57:37,783 [INFO] CodeEngine:265 - oldGeneratedFile, C:\Users\Chinnapop\STM32CubeIDE\workspace\CKB-LwIP-FreeRTOS-UDP-Echo-Server\MXTmpFiles\system.tmp_save
2026-01-19 13:57:37,904 [INFO] CodeEngine:289 - Generated code: C:\Users\Chinnapop\STM32CubeIDE\workspace\CKB-LwIP-FreeRTOS-UDP-Echo-Server\MXTmpFiles\system.tmp
2026-01-19 13:57:37,917 [INFO] CodeEngine:265 - oldGeneratedFile, C:\Users\Chinnapop\STM32CubeIDE\workspace\CKB-LwIP-FreeRTOS-UDP-Echo-Server\Core\Src\stm32f7xx_hal_timebase_tim.c_save
2026-01-19 13:57:38,009 [INFO] CodeEngine:289 - Generated code: C:\Users\Chinnapop\STM32CubeIDE\workspace\CKB-LwIP-FreeRTOS-UDP-Echo-Server\Core\Src\stm32f7xx_hal_timebase_tim.c
2026-01-19 13:57:38,025 [INFO] CodeEngine:321 - oldGeneratedFile, C:\Users\Chinnapop\STM32CubeIDE\workspace\CKB-LwIP-FreeRTOS-UDP-Echo-Server\Core\Inc\stm32f7xx_hal_conf.h_save
2026-01-19 13:57:38,221 [INFO] CodeEngine:345 - Generated code: C:\Users\Chinnapop\STM32CubeIDE\workspace\CKB-LwIP-FreeRTOS-UDP-Echo-Server\Core\Inc\stm32f7xx_hal_conf.h
2026-01-19 13:57:38,289 [INFO] CodeEngine:265 - oldGeneratedFile, C:\Users\Chinnapop\STM32CubeIDE\workspace\CKB-LwIP-FreeRTOS-UDP-Echo-Server\Core\Inc\main.h_save
2026-01-19 13:57:38,451 [INFO] CodeEngine:289 - Generated code: C:\Users\Chinnapop\STM32CubeIDE\workspace\CKB-LwIP-FreeRTOS-UDP-Echo-Server\Core\Inc\main.h
2026-01-19 13:57:38,464 [INFO] CodeEngine:265 - oldGeneratedFile, C:\Users\Chinnapop\STM32CubeIDE\workspace\CKB-LwIP-FreeRTOS-UDP-Echo-Server\Core\Src\main.c_save
2026-01-19 13:57:38,609 [INFO] CodeEngine:289 - Generated code: C:\Users\Chinnapop\STM32CubeIDE\workspace\CKB-LwIP-FreeRTOS-UDP-Echo-Server\Core\Src\main.c
2026-01-19 13:57:39,559 [INFO] ProjectBuilder:3606 - Time for Copy HAL[1] : 752mS.
2026-01-19 13:57:39,570 [INFO] ProjectBuilder:5216 - Project Generator version: 4.7.0-B52
2026-01-19 13:57:39,670 [INFO] ConfigFileManager:1595 - The Die is : DIE451
2026-01-19 13:57:41,746 [INFO] ProjectBuilder:5496 - Time for Generating toolchain IDE Files: 2176mS.
2026-01-19 13:57:41,747 [INFO] ProjectBuilder:3463 - Time for Copy CMSIS : 1mS.
2026-01-19 13:57:41,760 [INFO] ProjectBuilder:3463 - Time for Copy CMSIS : 0mS.
2026-01-19 14:07:39,907 [INFO] MainUpdater:2872 - connection check result : 10
2026-01-19 14:07:40,034 [INFO] McuFinderGlobals:76 - Set McuFinderConnectedMode to true
2026-01-19 14:07:40,039 [INFO] MultiScanPanel:200 - Auto-refresh data requested => check proxy status ongoing
2026-01-19 14:07:40,042 [INFO] FinderPluginLoader:96 - Searching for filters in installed packs
2026-01-19 14:07:41,297 [INFO] LoadUrlFilesThread:185 - End of LoadServerUrlFiles without Thread
2026-01-19 14:07:41,298 [INFO] DetailPanel:341 - Set advertising image to C:/Users/Chinnapop/STM32Cube/Repository/\en.prom-stm32mp21-0126.png
2026-01-19 14:08:09,344 [INFO] MainUpdater:2872 - connection check result : 10
2026-01-19 14:08:09,345 [INFO] MainUpdater:2872 - connection check result : 10
2026-01-19 14:08:09,415 [INFO] MicroXplorer:468 - Change Database Path : 
2026-01-19 14:08:09,416 [INFO] MicroXplorer:498 - Change Database Version : DB.6.0.150
2026-01-19 14:08:09,503 [ERROR] ProjectManagerView:395 - 
java.lang.NullPointerException: Cannot invoke "javax.swing.JTextField.getText()" because the return value of "java.util.List.get(int)" is null
	at com.st.microxplorer.plugins.projectmanager.gui.ProjectChoiceTab$9.caretUpdate(ProjectChoiceTab.java:2706) ~[filemanager.jar:?]
	at javax.swing.text.JTextComponent.fireCaretUpdate(JTextComponent.java:408) ~[?:?]
	at javax.swing.text.JTextComponent$MutableCaretEvent.fire(JTextComponent.java:4484) ~[?:?]
	at javax.swing.text.JTextComponent$MutableCaretEvent.stateChanged(JTextComponent.java:4506) ~[?:?]
	at javax.swing.text.DefaultCaret.fireStateChanged(DefaultCaret.java:857) ~[?:?]
	at javax.swing.text.DefaultCaret.changeCaretPosition(DefaultCaret.java:1343) ~[?:?]
	at javax.swing.text.DefaultCaret.handleSetDot(DefaultCaret.java:1242) ~[?:?]
	at javax.swing.text.DefaultCaret.setDot(DefaultCaret.java:1223) ~[?:?]
	at javax.swing.text.DefaultCaret$Handler.insertUpdate(DefaultCaret.java:1819) ~[?:?]
	at javax.swing.text.AbstractDocument.fireInsertUpdate(AbstractDocument.java:227) ~[?:?]
	at javax.swing.text.AbstractDocument.handleInsertString(AbstractDocument.java:781) ~[?:?]
	at javax.swing.text.AbstractDocument.insertString(AbstractDocument.java:740) ~[?:?]
	at javax.swing.text.PlainDocument.insertString(PlainDocument.java:131) ~[?:?]
	at javax.swing.text.AbstractDocument.replace(AbstractDocument.java:699) ~[?:?]
	at javax.swing.text.JTextComponent.setText(JTextComponent.java:1725) ~[?:?]
	at com.st.microxplorer.plugins.projectmanager.gui.ProjectChoiceTab.createHeapStackFields(ProjectChoiceTab.java:993) ~[filemanager.jar:?]
	at com.st.microxplorer.plugins.projectmanager.gui.ProjectChoiceTab.buildLinkSettingsPanel(ProjectChoiceTab.java:3813) ~[filemanager.jar:?]
	at com.st.microxplorer.plugins.projectmanager.gui.ProjectChoiceTab.defineWindowsFields(ProjectChoiceTab.java:1987) ~[filemanager.jar:?]
	at com.st.microxplorer.plugins.projectmanager.gui.ProjectChoiceTab.updateSettings(ProjectChoiceTab.java:558) ~[filemanager.jar:?]
	at com.st.microxplorer.plugins.projectmanager.gui.ProjectSettingsPanel.UpdateDialog(ProjectSettingsPanel.java:247) ~[filemanager.jar:?]
	at com.st.microxplorer.plugins.projectmanager.ProjectManagerView.propertyChange(ProjectManagerView.java:392) ~[filemanager.jar:?]
	at java.beans.PropertyChangeSupport.fire(PropertyChangeSupport.java:343) ~[?:?]
	at java.beans.PropertyChangeSupport.firePropertyChange(PropertyChangeSupport.java:335) ~[?:?]
	at java.beans.PropertyChangeSupport.firePropertyChange(PropertyChangeSupport.java:268) ~[?:?]
	at com.st.microxplorer.util.MXPropertyChangeSupport.firePropertyChange(MXPropertyChangeSupport.java:54) ~[STM32CubeMX.jar:?]
	at com.st.microxplorer.mxsystem.MxSystem.closeConfig(MxSystem.java:899) ~[STM32CubeMX.jar:?]
	at com.st.microxplorer.maingui.MainPanel.closeConfig(MainPanel.java:792) ~[STM32CubeMX.jar:?]
	at com.st.microxplorer.plugins.filemanager.engine.OpenFileManager.loadConfigurationFile(OpenFileManager.java:288) ~[filemanager.jar:?]
	at com.st.microxplorer.plugins.filemanager.engine.MainFileManager.userLoadConfig(MainFileManager.java:364) ~[filemanager.jar:?]
	at com.st.microxplorer.plugins.filemanager.engine.MainFileManager.userLoadConfig(MainFileManager.java:342) ~[filemanager.jar:?]
	at com.st.microxplorer.plugins.filemanager.FileManagerView.getSpecificTask(FileManagerView.java:264) ~[filemanager.jar:?]
	at com.st.stm32cube.common.mx.editor.CubeMxEditor.getMxTabbedPaneInstance(CubeMxEditor.java:1198) ~[com.st.stm32cube.common.mx_6.15.0.202507011659/:?]
	at com.st.stm32cube.common.mx.editor.CubeMxEditor$12$1.createSwingComponent(CubeMxEditor.java:1068) ~[com.st.stm32cube.common.mx_6.15.0.202507011659/:?]
	at com.st.stm32cube.common.mx.oss.core.awtswtbridge.EmbeddedSwingComposite.doComponentCreation(EmbeddedSwingComposite.java:492) ~[com.st.stm32cube.common.mx.oss_6.15.0.202507011659/:?]
	at com.st.stm32cube.common.mx.oss.core.awtswtbridge.EmbeddedSwingComposite$4.run(EmbeddedSwingComposite.java:291) ~[com.st.stm32cube.common.mx.oss_6.15.0.202507011659/:?]
	at com.st.stm32cube.common.mx.oss.core.awtswtbridge.AwtEnvironment$2.run(AwtEnvironment.java:166) ~[com.st.stm32cube.common.mx.oss_6.15.0.202507011659/:?]
	at java.awt.event.InvocationEvent.dispatch(InvocationEvent.java:318) ~[?:?]
	at java.awt.EventQueue.dispatchEventImpl(EventQueue.java:773) ~[?:?]
	at java.awt.EventQueue$4.run(EventQueue.java:720) ~[?:?]
	at java.awt.EventQueue$4.run(EventQueue.java:714) ~[?:?]
	at java.security.AccessController.doPrivileged(AccessController.java:400) ~[?:?]
	at java.security.ProtectionDomain$JavaSecurityAccessImpl.doIntersectionPrivilege(ProtectionDomain.java:87) ~[?:?]
	at java.awt.EventQueue.dispatchEvent(EventQueue.java:742) ~[?:?]
	at java.awt.EventDispatchThread.pumpOneEventForFilters(EventDispatchThread.java:203) ~[?:?]
	at java.awt.EventDispatchThread.pumpEventsForFilter(EventDispatchThread.java:124) ~[?:?]
	at java.awt.EventDispatchThread.pumpEventsForHierarchy(EventDispatchThread.java:113) ~[?:?]
	at java.awt.EventDispatchThread.pumpEvents(EventDispatchThread.java:109) ~[?:?]
	at java.awt.EventDispatchThread.pumpEvents(EventDispatchThread.java:101) ~[?:?]
	at java.awt.EventDispatchThread.run(EventDispatchThread.java:90) ~[?:?]
2026-01-19 14:08:09,535 [WARN] ThirdParty:871 - waiting for thirdparty lock release [close project]
2026-01-19 14:08:09,536 [INFO] ThirdParty:873 - entering critical section [close project]
2026-01-19 14:08:09,536 [INFO] ThirdParty:883 - exiting critical section [close project]
2026-01-19 14:08:09,541 [INFO] PinOutPanel:1589 - setPackage(No Configuration,No Configuration)
2026-01-19 14:08:09,598 [WARN] IpParametersView:155 - Warning: This peripheral hasn't parameters
2026-01-19 14:08:09,648 [WARN] MainPanel:289 - <html><b><center>Warning: This peripheral has no parameters to be configured<br></b></html>
2026-01-19 14:08:09,669 [INFO] UtilMem:75 - Begin LoadConfig() Used Memory: 537885032 Bytes (819986432)
2026-01-19 14:08:09,715 [INFO] MicroXplorer:468 - Change Database Path : C:/Users/Chinnapop/.stm32cubemx/databases/DB.6.0.141/db/
2026-01-19 14:08:09,715 [INFO] MicroXplorer:498 - Change Database Version : DB.6.0.141
2026-01-19 14:08:11,293 [INFO] OpenFileManager:355 - Change cursor
2026-01-19 14:08:11,441 [INFO] RulesReader:64 - Compatibility file has been processed (302 Rules)
2026-01-19 14:08:11,457 [INFO] Mcu:2029 - Initializing MCU STM32F767ZITx STM32F767ZITx STM32F767ZIT6
2026-01-19 14:08:14,104 [INFO] Context:786 - Trying to add GPIOservice into a context  which must be forbidden
2026-01-19 14:08:15,098 [INFO] ImportTextPane:234 - (OptionalMessage_ERROR) Pin20 (VP_RIF_VS_RIF1) cannot be retrieved for this MCU
2026-01-19 14:08:15,311 [INFO] RtosManager:558 - Registered RTOS mode: class=CMSIS, group=RTOS, mode=CMSIS_V1, owner=FREERTOS
2026-01-19 14:08:15,311 [INFO] RtosManager:558 - Registered RTOS mode: class=CMSIS, group=RTOS2, mode=CMSIS_V2, owner=FREERTOS
2026-01-19 14:08:15,311 [INFO] RtosManager:558 - Registered RTOS mode: class=RTOS, group=Core, mode=CMSIS_V1, owner=FREERTOS
2026-01-19 14:08:15,311 [INFO] RtosManager:558 - Registered RTOS mode: class=RTOS, group=Core, mode=CMSIS_V2, owner=FREERTOS
2026-01-19 14:08:15,311 [WARN] ModelIntegratedComponent:184 - Missing modes for component STMicroelectronics:FreeRTOS:0.0.1:STMicroelectronics:RTOS:FreeRTOS:Core:::10.2.0:
2026-01-19 14:08:15,314 [WARN] ModelIntegratedComponent:63 - No mode defined for component null
2026-01-19 14:08:15,315 [WARN] ModelIntegratedComponent:63 - No mode defined for component null
2026-01-19 14:08:15,315 [WARN] ModelIntegratedComponent:63 - No mode defined for component null
2026-01-19 14:08:15,315 [WARN] ModelIntegratedComponent:63 - No mode defined for component null
2026-01-19 14:08:15,315 [WARN] ModelIntegratedComponent:63 - No mode defined for component null
2026-01-19 14:08:15,315 [WARN] ModelIntegratedComponent:63 - No mode defined for component null
2026-01-19 14:08:15,315 [WARN] ModelIntegratedComponent:63 - No mode defined for component null
2026-01-19 14:08:15,315 [WARN] ModelIntegratedComponent:63 - No mode defined for component null
2026-01-19 14:08:15,315 [WARN] ModelIntegratedComponent:63 - No mode defined for component null
2026-01-19 14:08:15,315 [WARN] ModelIntegratedComponent:63 - No mode defined for component null
2026-01-19 14:08:15,315 [WARN] ModelIntegratedComponent:63 - No mode defined for component null
2026-01-19 14:08:15,315 [WARN] ModelIntegratedComponent:63 - No mode defined for component null
2026-01-19 14:08:15,315 [WARN] ModelIntegratedComponent:63 - No mode defined for component null
2026-01-19 14:08:15,315 [WARN] ModelIntegratedComponent:63 - No mode defined for component null
2026-01-19 14:08:15,315 [WARN] ModelIntegratedComponent:63 - No mode defined for component null
2026-01-19 14:08:15,315 [WARN] ModelIntegratedComponent:63 - No mode defined for component null
2026-01-19 14:08:15,315 [WARN] ModelIntegratedComponent:63 - No mode defined for component null
2026-01-19 14:08:15,315 [WARN] ModelIntegratedComponent:63 - No mode defined for component null
2026-01-19 14:08:15,315 [WARN] ModelIntegratedComponent:63 - No mode defined for component null
2026-01-19 14:08:15,315 [WARN] ModelIntegratedComponent:63 - No mode defined for component null
2026-01-19 14:08:15,316 [WARN] ModelIntegratedComponent:63 - No mode defined for component null
2026-01-19 14:08:15,316 [WARN] ModelIntegratedComponent:63 - No mode defined for component null
2026-01-19 14:08:15,316 [WARN] ModelIntegratedComponent:63 - No mode defined for component null
2026-01-19 14:08:15,316 [WARN] ModelIntegratedComponent:63 - No mode defined for component null
2026-01-19 14:08:15,316 [WARN] ModelIntegratedComponent:63 - No mode defined for component null
2026-01-19 14:08:15,316 [WARN] ModelIntegratedComponent:63 - No mode defined for component null
2026-01-19 14:08:15,316 [WARN] ModelIntegratedComponent:63 - No mode defined for component null
2026-01-19 14:08:15,316 [WARN] ModelIntegratedComponent:63 - No mode defined for component null
2026-01-19 14:08:15,316 [WARN] ModelIntegratedComponent:63 - No mode defined for component null
2026-01-19 14:08:15,316 [WARN] ModelIntegratedComponent:63 - No mode defined for component null
2026-01-19 14:08:15,316 [WARN] ModelIntegratedComponent:63 - No mode defined for component null
2026-01-19 14:08:15,316 [WARN] ModelIntegratedComponent:63 - No mode defined for component null
2026-01-19 14:08:15,316 [WARN] ModelIntegratedComponent:63 - No mode defined for component null
2026-01-19 14:08:15,316 [WARN] ModelIntegratedComponent:63 - No mode defined for component null
2026-01-19 14:08:15,316 [WARN] ModelIntegratedComponent:63 - No mode defined for component null
2026-01-19 14:08:15,316 [WARN] ModelPack:524 - Component already loaded: STMicroelectronics:HAL Drivers:0.0.0:STMicroelectronics:Device:STMicro_Driver:XSPI:HAL::0.0.1:HAL_XSPI
2026-01-19 14:08:15,553 [INFO] ThirdPartyModel:298 - Start build external matchings
2026-01-19 14:08:18,005 [INFO] ThirdPartyModel:316 - End build external matchings
2026-01-19 14:08:18,058 [INFO] RtosManager:1018 - Current active RTOS is FREERTOS [Cortex-M7NS]
2026-01-19 14:08:18,061 [INFO] ImportTextPane:234 - (OptionalMessage_ERROR) IP (CORTEX_M7) : Invalid parameter (Size)
2026-01-19 14:08:18,061 [INFO] ImportTextPane:234 - (OptionalMessage_ERROR) IP (CORTEX_M7) : Invalid parameter (SubRegionDisable)
2026-01-19 14:08:18,061 [INFO] ImportTextPane:234 - (OptionalMessage_ERROR) IP (CORTEX_M7) : Invalid parameter (DisableExec)
2026-01-19 14:08:18,061 [INFO] ImportTextPane:234 - (OptionalMessage_ERROR) IP (CORTEX_M7) : Invalid parameter (IsShareable)
2026-01-19 14:08:18,061 [INFO] ImportTextPane:234 - (OptionalMessage_ERROR) IP (CORTEX_M7) : Invalid parameter (BaseAddress)
2026-01-19 14:08:18,061 [INFO] ImportTextPane:234 - (OptionalMessage_ERROR) IP (CORTEX_M7) : Invalid parameter (Size)
2026-01-19 14:08:18,061 [INFO] ImportTextPane:234 - (OptionalMessage_ERROR) IP (CORTEX_M7) : Invalid parameter (DisableExec)
2026-01-19 14:08:18,061 [INFO] ImportTextPane:234 - (OptionalMessage_ERROR) IP (CORTEX_M7) : Invalid parameter (BaseAddress)
2026-01-19 14:08:18,061 [INFO] ImportTextPane:234 - (OptionalMessage_ERROR) IP (CORTEX_M7) : Invalid parameter (Size)
2026-01-19 14:08:18,061 [INFO] ImportTextPane:234 - (OptionalMessage_ERROR) IP (CORTEX_M7) : Invalid parameter (TypeExtField)
2026-01-19 14:08:18,061 [INFO] ImportTextPane:234 - (OptionalMessage_ERROR) IP (CORTEX_M7) : Invalid parameter (DisableExec)
2026-01-19 14:08:18,061 [INFO] ImportTextPane:234 - (OptionalMessage_ERROR) IP (CORTEX_M7) : Invalid parameter (IsShareable)
2026-01-19 14:08:18,062 [INFO] ImportTextPane:234 - (OptionalMessage_ERROR) IP (CORTEX_M7) : Invalid parameter (AccessPermission)
2026-01-19 14:08:18,062 [INFO] ImportTextPane:234 - (OptionalMessage_ERROR) IP (CORTEX_M7) : Invalid parameter (AccessPermission)
2026-01-19 14:08:18,062 [INFO] ImportTextPane:234 - (OptionalMessage_ERROR) IP (CORTEX_M7) : Invalid parameter (IsBufferable)
2026-01-19 14:08:18,062 [WARN] IP:2250 - Warning not found: check if there is a RefParameter without a condition.
2026-01-19 14:08:18,062 [WARN] IP:2250 - RxBufferAddress not found: check if there is a RefParameter without a condition.
2026-01-19 14:08:18,062 [WARN] IP:2250 - DESC_SIZE_UNIT not found: check if there is a RefParameter without a condition.
2026-01-19 14:08:18,095 [WARN] IP:2250 - LWIP_NETIF_HOSTNAME_NAME not found: check if there is a RefParameter without a condition.
2026-01-19 14:08:18,158 [INFO] ImportTextPane:234 - (OptionalMessage_ERROR) IP (RCC) : Invalid parameter (48MHZClocksFreq_Value)
2026-01-19 14:08:18,158 [INFO] ImportTextPane:234 - (OptionalMessage_ERROR) IP (RCC) : Invalid parameter (ADC12outputFreq_Value)
2026-01-19 14:08:18,158 [INFO] ImportTextPane:234 - (OptionalMessage_ERROR) IP (RCC) : Invalid parameter (ADC34outputFreq_Value)
2026-01-19 14:08:18,158 [INFO] ImportTextPane:234 - (OptionalMessage_ERROR) IP (RCC) : Invalid parameter (FamilyName)
2026-01-19 14:08:18,159 [INFO] ImportTextPane:234 - (OptionalMessage_ERROR) IP (RCC) : Invalid parameter (I2SClocksFreq_Value)
2026-01-19 14:08:18,159 [INFO] ImportTextPane:234 - (OptionalMessage_ERROR) IP (RCC) : Invalid parameter (LCDTFToutputFreq_Value)
2026-01-19 14:08:18,159 [INFO] ImportTextPane:234 - (OptionalMessage_ERROR) IP (RCC) : Invalid parameter (MCOFreq_Value)
2026-01-19 14:08:18,159 [INFO] ImportTextPane:234 - (OptionalMessage_ERROR) IP (RCC) : Invalid parameter (PLLMCOFreq_Value)
2026-01-19 14:08:18,159 [INFO] ImportTextPane:234 - (OptionalMessage_ERROR) IP (RCC) : Invalid parameter (PLLMUL)
2026-01-19 14:08:18,160 [INFO] ImportTextPane:234 - (OptionalMessage_ERROR) IP (RCC) : Invalid parameter (PRESCALERUSB)
2026-01-19 14:08:18,160 [INFO] ImportTextPane:234 - (OptionalMessage_ERROR) IP (RCC) : Parameter (RNGFreq_Value) has invalid value (216000000)
2026-01-19 14:08:18,160 [INFO] ImportTextPane:234 - (OptionalMessage_ERROR) IP (RCC) : Invalid parameter (RTCHSEDivFreq_Value)
2026-01-19 14:08:18,160 [INFO] ImportTextPane:234 - (OptionalMessage_ERROR) IP (RCC) : Parameter (SDMMC2Freq_Value) has invalid value (216000000)
2026-01-19 14:08:18,160 [INFO] ImportTextPane:234 - (OptionalMessage_ERROR) IP (RCC) : Parameter (SDMMCFreq_Value) has invalid value (216000000)
2026-01-19 14:08:18,160 [INFO] ImportTextPane:234 - (OptionalMessage_ERROR) IP (RCC) : Invalid parameter (SYSCLKSourceVirtual)
2026-01-19 14:08:18,160 [INFO] ImportTextPane:234 - (OptionalMessage_ERROR) IP (RCC) : Invalid parameter (TIM15Freq_Value)
2026-01-19 14:08:18,160 [INFO] ImportTextPane:234 - (OptionalMessage_ERROR) IP (RCC) : Invalid parameter (TIM16Freq_Value)
2026-01-19 14:08:18,160 [INFO] ImportTextPane:234 - (OptionalMessage_ERROR) IP (RCC) : Invalid parameter (TIM17Freq_Value)
2026-01-19 14:08:18,160 [INFO] ImportTextPane:234 - (OptionalMessage_ERROR) IP (RCC) : Invalid parameter (TIM1Freq_Value)
2026-01-19 14:08:18,160 [INFO] ImportTextPane:234 - (OptionalMessage_ERROR) IP (RCC) : Invalid parameter (TIM20Freq_Value)
2026-01-19 14:08:18,160 [INFO] ImportTextPane:234 - (OptionalMessage_ERROR) IP (RCC) : Invalid parameter (TIM2Freq_Value)
2026-01-19 14:08:18,160 [INFO] ImportTextPane:234 - (OptionalMessage_ERROR) IP (RCC) : Invalid parameter (TIM3Freq_Value)
2026-01-19 14:08:18,160 [INFO] ImportTextPane:234 - (OptionalMessage_ERROR) IP (RCC) : Invalid parameter (TIM8Freq_Value)
2026-01-19 14:08:18,160 [INFO] ImportTextPane:234 - (OptionalMessage_ERROR) IP (RCC) : Parameter (USBFreq_Value) has invalid value (216000000)
2026-01-19 14:08:18,161 [INFO] ImportTextPane:234 - (OptionalMessage_ERROR) IP (RCC) : Invalid parameter (VCOOutput2Freq_Value)
2026-01-19 14:08:18,161 [INFO] ImportTextPane:234 - (OptionalMessage_ERROR) IP (RCC) : Invalid parameter (VcooutputI2S)
2026-01-19 14:08:18,684 [INFO] UtilMem:75 - End LoadConfig() Used Memory: 524268176 Bytes (1005584384)
2026-01-19 14:08:18,844 [WARN] ThirdParty:833 - waiting for thirdparty lock release [change project]
2026-01-19 14:08:18,844 [INFO] ThirdParty:835 - entering critical section [change project]
2026-01-19 14:08:18,844 [INFO] ThirdParty:1030 - CMSIS Pack Vendor :STMicroelectronics X-CUBE-PM33A1 1.0.0
2026-01-19 14:08:18,844 [INFO] ThirdParty:1030 - CMSIS Pack Vendor :STMicroelectronics USBPD 4.1
2026-01-19 14:08:18,844 [INFO] ThirdParty:1030 - CMSIS Pack Vendor :STMicroelectronics USB_HOST 2.0.0
2026-01-19 14:08:18,844 [INFO] ThirdParty:1030 - CMSIS Pack Vendor :STMicroelectronics FP-SNS-MOTENVWB1 1.4.0
2026-01-19 14:08:18,844 [INFO] ThirdParty:1030 - CMSIS Pack Vendor :STMicroelectronics X-CUBE-AZRTOS-F4 1.1.0
2026-01-19 14:08:18,844 [INFO] ThirdParty:1030 - CMSIS Pack Vendor :STMicroelectronics LIBJPEG 8.0.0
2026-01-19 14:08:18,844 [INFO] ThirdParty:1030 - CMSIS Pack Vendor :STMicroelectronics FP-ATR-ASTRA1 2.0.2
2026-01-19 14:08:18,844 [INFO] ThirdParty:1030 - CMSIS Pack Vendor :STMicroelectronics FP-ATR-ASTRA1 2.0.1
2026-01-19 14:08:18,844 [INFO] ThirdParty:1030 - CMSIS Pack Vendor :Avnet-IotConnect X-CUBE-IoTC-DA16k-PMOD 1.0.0
2026-01-19 14:08:18,844 [INFO] ThirdParty:1030 - CMSIS Pack Vendor :STMicroelectronics X-CUBE-SMBUS 2.1.0
2026-01-19 14:08:18,844 [INFO] ThirdParty:1030 - CMSIS Pack Vendor :STMicroelectronics X-CUBE-WB05N 1.1.0
2026-01-19 14:08:18,845 [INFO] ThirdParty:1030 - CMSIS Pack Vendor :STMicroelectronics X-CUBE-ISPU 2.1.0
2026-01-19 14:08:18,845 [INFO] ThirdParty:1030 - CMSIS Pack Vendor :STMicroelectronics X-CUBE-IPS 3.2.0
2026-01-19 14:08:18,845 [INFO] ThirdParty:1030 - CMSIS Pack Vendor :STMicroelectronics X-CUBE-FREERTOS 1.2.0
2026-01-19 14:08:18,845 [INFO] ThirdParty:1030 - CMSIS Pack Vendor :STMicroelectronics X-CUBE-ST60 1.0.0
2026-01-19 14:08:18,845 [INFO] ThirdParty:1030 - CMSIS Pack Vendor :STMicroelectronics X-CUBE-NFC12 1.0.0
2026-01-19 14:08:18,845 [INFO] ThirdParty:1030 - CMSIS Pack Vendor :STMicroelectronics X-CUBE-AZRTOS-F7 1.1.0
2026-01-19 14:08:18,845 [INFO] ThirdParty:1030 - CMSIS Pack Vendor :STMicroelectronics X-CUBE-AZRTOS-L5 2.0.0
2026-01-19 14:08:18,845 [INFO] ThirdParty:1030 - CMSIS Pack Vendor :STMicroelectronics USB_DEVICE 2.0.0
2026-01-19 14:08:18,845 [INFO] ThirdParty:1030 - CMSIS Pack Vendor :STMicroelectronics X-CUBE-NFC6 3.1.0
2026-01-19 14:08:18,845 [INFO] ThirdParty:1030 - CMSIS Pack Vendor :STMicroelectronics X-CUBE-MEMS1 11.0.0
2026-01-19 14:08:18,845 [INFO] ThirdParty:1030 - CMSIS Pack Vendor :STMicroelectronics FP-SNS-MOTENV1 5.1.0
2026-01-19 14:08:18,845 [INFO] ThirdParty:1030 - CMSIS Pack Vendor :STMicroelectronics FreeRTOS 0.0.1
2026-01-19 14:08:18,845 [INFO] ThirdParty:1030 - CMSIS Pack Vendor :STMicroelectronics X-CUBE-DPower 1.2.0
2026-01-19 14:08:18,845 [INFO] ThirdParty:1030 - CMSIS Pack Vendor :STMicroelectronics FP-SNS-FLIGHT1 5.0.2
2026-01-19 14:08:18,845 [INFO] ThirdParty:1030 - CMSIS Pack Vendor :STMicroelectronics PDM2PCM 3.3.0
2026-01-19 14:08:18,845 [INFO] ThirdParty:1030 - CMSIS Pack Vendor :STMicroelectronics X-CUBE-AZRTOS-H7 3.4.0
2026-01-19 14:08:18,845 [INFO] ThirdParty:1030 - CMSIS Pack Vendor :STMicroelectronics X-CUBE-DISPLAY 3.0.0
2026-01-19 14:08:18,845 [INFO] ThirdParty:1030 - CMSIS Pack Vendor :STMicroelectronics X-CUBE-BLE1 7.0.0
2026-01-19 14:08:18,845 [INFO] ThirdParty:1030 - CMSIS Pack Vendor :STMicroelectronics X-CUBE-NFC10 1.0.0
2026-01-19 14:08:18,845 [INFO] ThirdParty:1030 - CMSIS Pack Vendor :STMicroelectronics X-CUBE-BLEMGR 4.0.0
2026-01-19 14:08:18,845 [INFO] ThirdParty:1030 - CMSIS Pack Vendor :STMicroelectronics X-CUBE-FREERTOS 1.3.1
2026-01-19 14:08:18,845 [INFO] ThirdParty:1030 - CMSIS Pack Vendor :STMicroelectronics HAL Drivers 0.0.0
2026-01-19 14:08:18,845 [INFO] ThirdParty:1030 - CMSIS Pack Vendor :STMicroelectronics X-CUBE-ST60 1.1.0
2026-01-19 14:08:18,845 [INFO] ThirdParty:1030 - CMSIS Pack Vendor :emotas I-CUBE-CANOPEN 1.3.0
2026-01-19 14:08:18,845 [INFO] ThirdParty:1030 - CMSIS Pack Vendor :STMicroelectronics X-CUBE-FREERTOS 1.3.0
2026-01-19 14:08:18,845 [INFO] ThirdParty:1030 - CMSIS Pack Vendor :STMicroelectronics X-CUBE-NFC7 1.0.1
2026-01-19 14:08:18,845 [INFO] ThirdParty:1030 - CMSIS Pack Vendor :STMicroelectronics MBEDTLS 2.14.1
2026-01-19 14:08:18,845 [INFO] ThirdParty:1030 - CMSIS Pack Vendor :STMicroelectronics X-CUBE-GNSS1 7.1.0
2026-01-19 14:08:18,845 [INFO] ThirdParty:1030 - CMSIS Pack Vendor :STMicroelectronics X-CUBE-TOUCHGFX 4.26.0
2026-01-19 14:08:18,846 [INFO] ThirdParty:1030 - CMSIS Pack Vendor :STMicroelectronics X-CUBE-BLEMGR 3.1.0
2026-01-19 14:08:18,846 [INFO] ThirdParty:1030 - CMSIS Pack Vendor :STMicroelectronics X-CUBE-AI 10.0.0
2026-01-19 14:08:18,846 [INFO] ThirdParty:1030 - CMSIS Pack Vendor :STMicroelectronics FP-SNS-STBOX1 2.1.0
2026-01-19 14:08:18,846 [INFO] ThirdParty:1030 - CMSIS Pack Vendor :STMicroelectronics FP-SNS-STAIOTCFT 1.0.0
2026-01-19 14:08:18,846 [INFO] ThirdParty:1030 - CMSIS Pack Vendor :STMicroelectronics FP-SNS-SMARTAG2 1.2.0
2026-01-19 14:08:18,846 [INFO] ThirdParty:1030 - CMSIS Pack Vendor :STMicroelectronics FP-SNS-FLIGHT1 5.1.0
2026-01-19 14:08:18,846 [INFO] ThirdParty:1030 - CMSIS Pack Vendor :STMicroelectronics X-CUBE-MEMS1 11.1.0
2026-01-19 14:08:18,846 [INFO] ThirdParty:1030 - CMSIS Pack Vendor :STMicroelectronics X-CUBE-AZRTOS-WL 2.0.0
2026-01-19 14:08:18,846 [INFO] ThirdParty:1030 - CMSIS Pack Vendor :STMicroelectronics X-CUBE-DPower 1.3.0
2026-01-19 14:08:18,846 [INFO] ThirdParty:1030 - CMSIS Pack Vendor :STMicroelectronics FP-SNS-MOTENV1 5.0.0
2026-01-19 14:08:18,846 [INFO] ThirdParty:1030 - CMSIS Pack Vendor :STMicroelectronics USB_DEVICE 1.0.0
2026-01-19 14:08:18,846 [INFO] ThirdParty:1030 - CMSIS Pack Vendor :STMicroelectronics X-CUBE-AZRTOS-H7RS 1.2.0
2026-01-19 14:08:18,846 [INFO] ThirdParty:1030 - CMSIS Pack Vendor :wolfSSL I-CUBE-wolfMQTT 1.19.0
2026-01-19 14:08:18,846 [INFO] ThirdParty:1030 - CMSIS Pack Vendor :STMicroelectronics X-CUBE-AZRTOS-L4 2.0.0
2026-01-19 14:08:18,846 [INFO] ThirdParty:1030 - CMSIS Pack Vendor :STMicroelectronics ThreadX 0.0.2
2026-01-19 14:08:18,846 [INFO] ThirdParty:1030 - CMSIS Pack Vendor :WES I-CUBE-Cesium 1.3.0
2026-01-19 14:08:18,846 [INFO] ThirdParty:1030 - CMSIS Pack Vendor :STMicroelectronics lwIP 2.1.2
2026-01-19 14:08:18,846 [INFO] ThirdParty:1030 - CMSIS Pack Vendor :STMicroelectronics X-CUBE-SFXS2LP1 4.0.0
2026-01-19 14:08:18,846 [INFO] ThirdParty:1030 - CMSIS Pack Vendor :STMicroelectronics X-CUBE-BLE2 3.3.0
2026-01-19 14:08:18,846 [INFO] ThirdParty:1030 - CMSIS Pack Vendor :STMicroelectronics PDM2PCM 3.2.0
2026-01-19 14:08:18,846 [INFO] ThirdParty:1030 - CMSIS Pack Vendor :STMicroelectronics X-CUBE-ST67W61 1.2.0
2026-01-19 14:08:18,846 [INFO] ThirdParty:1030 - CMSIS Pack Vendor :STMicroelectronics X-CUBE-AZRTOS-H7 3.3.0
2026-01-19 14:08:18,846 [INFO] ThirdParty:1030 - CMSIS Pack Vendor :STMicroelectronics X-CUBE-NFC9 1.0.0
2026-01-19 14:08:18,846 [INFO] ThirdParty:1030 - CMSIS Pack Vendor :STMicroelectronics X-CUBE-BLE1 7.1.0
2026-01-19 14:08:18,846 [INFO] ThirdParty:1030 - CMSIS Pack Vendor :STMicroelectronics USB_DEVICE 3.0.0
2026-01-19 14:08:18,846 [INFO] ThirdParty:1030 - CMSIS Pack Vendor :STMicroelectronics X-CUBE-TCPP 4.1.0
2026-01-19 14:08:18,846 [INFO] ThirdParty:1030 - CMSIS Pack Vendor :STMicroelectronics X-CUBE-FREERTOS 1.4.0
2026-01-19 14:08:18,846 [INFO] ThirdParty:1030 - CMSIS Pack Vendor :STMicroelectronics X-CUBE-EEPRMA1 5.2.0
2026-01-19 14:08:18,846 [INFO] ThirdParty:1030 - CMSIS Pack Vendor :STMicroelectronics X-CUBE-BLEMGR 4.1.0
2026-01-19 14:08:18,846 [INFO] ThirdParty:1030 - CMSIS Pack Vendor :STMicroelectronics X-CUBE-IPS 3.0.0
2026-01-19 14:08:18,847 [INFO] ThirdParty:1030 - CMSIS Pack Vendor :STMicroelectronics X-CUBE-AZRTOS-WB 2.0.0
2026-01-19 14:08:18,847 [INFO] ThirdParty:1030 - CMSIS Pack Vendor :STMicroelectronics X-CUBE-GNSS1 7.0.0
2026-01-19 14:08:18,847 [INFO] ThirdParty:1030 - CMSIS Pack Vendor :STMicroelectronics X-CUBE-GNSS1 7.0.1
2026-01-19 14:08:18,847 [INFO] ThirdParty:1030 - CMSIS Pack Vendor :STMicroelectronics X-CUBE-TOUCHGFX 4.25.0
2026-01-19 14:08:18,847 [INFO] ThirdParty:1030 - CMSIS Pack Vendor :STMicroelectronics X-CUBE-ST67W61 1.1.0
2026-01-19 14:08:18,847 [INFO] ThirdParty:1030 - CMSIS Pack Vendor :STMicroelectronics X-CUBE-AI 10.1.0
2026-01-19 14:08:18,847 [INFO] ThirdParty:1030 - CMSIS Pack Vendor :STMicroelectronics FP-SNS-STBOX1 2.0.0
2026-01-19 14:08:18,847 [INFO] ThirdParty:1030 - CMSIS Pack Vendor :STMicroelectronics X-CUBE-MEMS1 12.0.0
2026-01-19 14:08:18,847 [INFO] ThirdParty:1030 - CMSIS Pack Vendor :STMicroelectronics X-CUBE-MEMS1 11.2.0
2026-01-19 14:08:18,847 [INFO] ThirdParty:1030 - CMSIS Pack Vendor :STMicroelectronics X-CUBE-AZRTOS-G0 1.1.0
2026-01-19 14:08:18,847 [INFO] ThirdParty:1030 - CMSIS Pack Vendor :STMicroelectronics X-CUBE-SAFEA1 1.2.2
2026-01-19 14:08:18,847 [INFO] ThirdParty:1030 - CMSIS Pack Vendor :STMicroelectronics X-CUBE-NFC4 3.0.0
2026-01-19 14:08:18,847 [INFO] ThirdParty:1030 - CMSIS Pack Vendor :STMicroelectronics X-CUBE-SUBG2 5.0.0
2026-01-19 14:08:18,847 [INFO] ThirdParty:1030 - CMSIS Pack Vendor :STMicroelectronics X-CUBE-AZRTOS-H7RS 1.1.0
2026-01-19 14:08:18,847 [INFO] ThirdParty:1030 - CMSIS Pack Vendor :STMicroelectronics STM32_WPAN 1.0.0
2026-01-19 14:08:18,847 [INFO] ThirdParty:1030 - CMSIS Pack Vendor :EmbeddedOffice I-CUBE-FS-RTOS 1.0.1
2026-01-19 14:08:18,847 [INFO] ThirdParty:1030 - CMSIS Pack Vendor :STMicroelectronics lwIP 2.0.3
2026-01-19 14:08:18,847 [INFO] ThirdParty:1030 - CMSIS Pack Vendor :Cesanta I-CUBE-Mongoose 7.13.0
2026-01-19 14:08:18,847 [INFO] ThirdParty:1030 - CMSIS Pack Vendor :STMicroelectronics USB_HOST 1.0.0
2026-01-19 14:08:18,847 [INFO] ThirdParty:1030 - CMSIS Pack Vendor :STMicroelectronics X-CUBE-AZRTOS-G4 2.0.0
2026-01-19 14:08:18,847 [INFO] ThirdParty:1030 - CMSIS Pack Vendor :STMicroelectronics X-CUBE-WB05N 2.0.0
2026-01-19 14:08:18,847 [INFO] ThirdParty:1030 - CMSIS Pack Vendor :STMicroelectronics PDM2PCM 3.1.0
2026-01-19 14:08:18,847 [INFO] ThirdParty:1030 - CMSIS Pack Vendor :STMicroelectronics X-CUBE-NFC7 2.0.0
2026-01-19 14:08:18,847 [INFO] ThirdParty:1030 - CMSIS Pack Vendor :STMicroelectronics X-CUBE-TCPP 4.2.0
2026-01-19 14:08:18,847 [INFO] ThirdParty:1030 - CMSIS Pack Vendor :RealThread X-CUBE-RT-Thread_Nano 4.1.1
2026-01-19 14:08:18,847 [INFO] ThirdParty:1030 - CMSIS Pack Vendor :STMicroelectronics FP-ATR-SIGFOX1 3.2.0
2026-01-19 14:08:18,847 [INFO] ThirdParty:1030 - CMSIS Pack Vendor :quantropi X-CUBE-qispace-sdk-base 1.9.3
2026-01-19 14:08:18,847 [INFO] ThirdParty:1030 - CMSIS Pack Vendor :STMicroelectronics X-CUBE-EEPRMA1 5.1.0
2026-01-19 14:08:18,847 [INFO] ThirdParty:1030 - CMSIS Pack Vendor :STMicroelectronics MBEDTLS 2.16.2
2026-01-19 14:08:18,848 [INFO] ThirdParty:1030 - CMSIS Pack Vendor :STMicroelectronics X-CUBE-IPS 3.1.0
2026-01-19 14:08:18,848 [INFO] ThirdParty:1030 - CMSIS Pack Vendor :STMicroelectronics X-CUBE-ALS 1.0.2
2026-01-19 14:08:18,848 [INFO] ThirdParty:1030 - CMSIS Pack Vendor :wolfSSL I-CUBE-wolfSSL 5.7.4
2026-01-19 14:08:18,848 [INFO] ThirdParty:1030 - CMSIS Pack Vendor :ITTIA_DB I-CUBE-ITTIADB 8.9.0
2026-01-19 14:08:18,848 [INFO] ThirdParty:1030 - CMSIS Pack Vendor :STMicroelectronics X-CUBE-TOUCHGFX 4.24.2
2026-01-19 14:08:18,848 [INFO] ThirdParty:1030 - CMSIS Pack Vendor :STMicroelectronics X-CUBE-TOUCHGFX 4.24.1
2026-01-19 14:08:18,848 [INFO] ThirdParty:1030 - CMSIS Pack Vendor :STMicroelectronics X-CUBE-STSE01 1.0.0
2026-01-19 14:08:18,848 [INFO] ThirdParty:1030 - CMSIS Pack Vendor :wolfSSL I-CUBE-wolfTPM 3.4.0
2026-01-19 14:08:18,848 [INFO] ThirdParty:1030 - CMSIS Pack Vendor :portGmbH I-Cube-SoM-uGOAL 1.1.0
2026-01-19 14:08:18,848 [INFO] ThirdParty:1030 - CMSIS Pack Vendor :STMicroelectronics X-CUBE-ST67W61 1.0.0
2026-01-19 14:08:18,848 [INFO] ThirdParty:1030 - CMSIS Pack Vendor :STMicroelectronics X-CUBE-AI 10.2.0
2026-01-19 14:08:18,848 [INFO] ThirdParty:1030 - CMSIS Pack Vendor :STMicroelectronics ThreadX 1.0.0
2026-01-19 14:08:18,848 [INFO] ThirdParty:1030 - CMSIS Pack Vendor :SEGGER I-CUBE-embOS 1.3.1
2026-01-19 14:08:18,848 [INFO] ThirdParty:1030 - CMSIS Pack Vendor :STMicroelectronics X-CUBE-ALGOBUILD 1.4.0
2026-01-19 14:08:18,848 [INFO] ThirdParty:1030 - CMSIS Pack Vendor :STMicroelectronics X-CUBE-MEMS1 11.3.0
2026-01-19 14:08:18,848 [INFO] ThirdParty:1030 - CMSIS Pack Vendor :STMicroelectronics X-CUBE-AZRTOS-H7RS 1.0.0
2026-01-19 14:08:18,848 [INFO] ThirdParty:1030 - CMSIS Pack Vendor :STMicroelectronics FP-ATR-ASTRA1 2.0.0
2026-01-19 14:08:18,848 [INFO] ThirdParty:1030 - CMSIS Pack Vendor :STMicroelectronics X-CUBE-TOF1 3.4.2
2026-01-19 14:08:18,848 [INFO] ThirdParty:1030 - CMSIS Pack Vendor :STMicroelectronics X-CUBE-TOF1 3.4.3
2026-01-19 14:08:18,848 [INFO] ThirdParty:1030 - CMSIS Pack Vendor :STMicroelectronics X-CUBE-AI 9.1.0
2026-01-19 14:08:18,848 [INFO] ThirdParty:1030 - CMSIS Pack Vendor :Infineon AIROC-Wi-Fi-Bluetooth-STM32 1.6.1
2026-01-19 14:08:18,848 [INFO] ThirdParty:1030 - CMSIS Pack Vendor :wolfSSL I-CUBE-wolfSSH 1.4.17
2026-01-19 14:08:18,848 [INFO] ThirdParty:841 - exiting critical section [change project]
2026-01-19 14:08:19,337 [INFO] PinOutPanel:1589 - setPackage(No Configuration,No Configuration)
2026-01-19 14:08:19,338 [INFO] PinOutPanel:1589 - setPackage(STM32F767ZITx,LQFP144)
2026-01-19 14:08:19,863 [INFO] UtilMem:75 - Before build in PCC Used Memory: 549018848 Bytes (1005584384)
2026-01-19 14:08:20,213 [INFO] UtilMem:75 - After build in PCC Used Memory: 603018464 Bytes (1005584384)
2026-01-19 14:08:20,222 [INFO] ApiDbMcu:532 - Load IP Config File for FREERTOS
2026-01-19 14:08:20,235 [INFO] ApiDbMcu:532 - Load IP Config File for LWIP
2026-01-19 14:08:20,235 [WARN] BspModel:444 - BSP dependency skipped because of component: name='USER_PHY', api='Unknown'
2026-01-19 14:08:20,272 [INFO] IPUIPlugin:80 - create IPUIPlugin
2026-01-19 14:08:20,272 [INFO] IPUIPlugin:80 - create IPUIPlugin
2026-01-19 14:08:20,272 [INFO] IPUIPlugin:80 - create IPUIPlugin
2026-01-19 14:08:20,272 [INFO] IPUIPlugin:80 - create IPUIPlugin
2026-01-19 14:08:20,272 [INFO] IPUIPlugin:80 - create IPUIPlugin
2026-01-19 14:08:20,272 [INFO] IPUIPlugin:80 - create IPUIPlugin
2026-01-19 14:08:20,272 [INFO] IPUIPlugin:80 - create IPUIPlugin
2026-01-19 14:08:20,273 [INFO] IPUIPlugin:80 - create IPUIPlugin
2026-01-19 14:08:20,273 [INFO] IPUIPlugin:80 - create IPUIPlugin
2026-01-19 14:08:20,274 [INFO] IPUIPlugin:80 - create IPUIPlugin
2026-01-19 14:08:20,274 [INFO] IPUIPlugin:80 - create IPUIPlugin
2026-01-19 14:08:20,274 [INFO] IPUIPlugin:80 - create IPUIPlugin
2026-01-19 14:08:20,274 [INFO] IPUIPlugin:80 - create IPUIPlugin
2026-01-19 14:08:20,274 [INFO] IPUIPlugin:80 - create IPUIPlugin
2026-01-19 14:08:20,275 [INFO] IPUIPlugin:80 - create IPUIPlugin
2026-01-19 14:08:20,275 [INFO] IPUIPlugin:80 - create IPUIPlugin
2026-01-19 14:08:20,275 [INFO] IPUIPlugin:80 - create IPUIPlugin
2026-01-19 14:08:20,275 [INFO] IPUIPlugin:80 - create IPUIPlugin
2026-01-19 14:08:20,275 [INFO] IPUIPlugin:80 - create IPUIPlugin
2026-01-19 14:08:20,275 [INFO] IPUIPlugin:80 - create IPUIPlugin
2026-01-19 14:08:20,275 [INFO] IPUIPlugin:80 - create IPUIPlugin
2026-01-19 14:08:20,276 [INFO] IPUIPlugin:80 - create IPUIPlugin
2026-01-19 14:08:20,276 [INFO] IPUIPlugin:80 - create IPUIPlugin
2026-01-19 14:08:20,276 [INFO] IPUIPlugin:80 - create IPUIPlugin
2026-01-19 14:08:20,276 [INFO] IPUIPlugin:80 - create IPUIPlugin
2026-01-19 14:08:20,276 [INFO] IPUIPlugin:80 - create IPUIPlugin
2026-01-19 14:08:20,277 [INFO] IPUIPlugin:80 - create IPUIPlugin
2026-01-19 14:08:20,277 [INFO] IPUIPlugin:80 - create IPUIPlugin
2026-01-19 14:08:20,277 [INFO] IPUIPlugin:80 - create IPUIPlugin
2026-01-19 14:08:20,277 [INFO] IPUIPlugin:80 - create IPUIPlugin
2026-01-19 14:08:20,278 [INFO] IPUIPlugin:80 - create IPUIPlugin
2026-01-19 14:08:20,278 [INFO] IPUIPlugin:80 - create IPUIPlugin
2026-01-19 14:08:20,278 [INFO] IPUIPlugin:80 - create IPUIPlugin
2026-01-19 14:08:20,278 [INFO] IPUIPlugin:80 - create IPUIPlugin
2026-01-19 14:08:20,278 [INFO] IPUIPlugin:80 - create IPUIPlugin
2026-01-19 14:08:20,279 [INFO] IPUIPlugin:80 - create IPUIPlugin
2026-01-19 14:08:20,279 [INFO] IPUIPlugin:80 - create IPUIPlugin
2026-01-19 14:08:20,279 [INFO] IPUIPlugin:80 - create IPUIPlugin
2026-01-19 14:08:20,279 [INFO] IPUIPlugin:80 - create IPUIPlugin
2026-01-19 14:08:20,279 [INFO] IPUIPlugin:80 - create IPUIPlugin
2026-01-19 14:08:20,280 [INFO] IPUIPlugin:80 - create IPUIPlugin
2026-01-19 14:08:20,280 [INFO] IPUIPlugin:80 - create IPUIPlugin
2026-01-19 14:08:20,281 [INFO] IPUIPlugin:80 - create IPUIPlugin
2026-01-19 14:08:20,281 [INFO] IPUIPlugin:80 - create IPUIPlugin
2026-01-19 14:08:20,281 [INFO] IPUIPlugin:80 - create IPUIPlugin
2026-01-19 14:08:20,281 [INFO] IPUIPlugin:80 - create IPUIPlugin
2026-01-19 14:08:20,282 [INFO] IPUIPlugin:80 - create IPUIPlugin
2026-01-19 14:08:20,282 [INFO] IPUIPlugin:80 - create IPUIPlugin
2026-01-19 14:08:20,282 [INFO] IPUIPlugin:80 - create IPUIPlugin
2026-01-19 14:08:20,282 [INFO] IPUIPlugin:80 - create IPUIPlugin
2026-01-19 14:08:20,283 [INFO] IPUIPlugin:80 - create IPUIPlugin
2026-01-19 14:08:20,283 [INFO] IPUIPlugin:80 - create IPUIPlugin
2026-01-19 14:08:20,284 [INFO] IPUIPlugin:80 - create IPUIPlugin
2026-01-19 14:08:20,284 [INFO] IPUIPlugin:80 - create IPUIPlugin
2026-01-19 14:08:20,285 [INFO] IPUIPlugin:80 - create IPUIPlugin
2026-01-19 14:08:20,285 [INFO] IPUIPlugin:80 - create IPUIPlugin
2026-01-19 14:08:20,285 [INFO] IPUIPlugin:80 - create IPUIPlugin
2026-01-19 14:08:20,286 [INFO] IPUIPlugin:80 - create IPUIPlugin
2026-01-19 14:08:20,286 [INFO] IPUIPlugin:80 - create IPUIPlugin
2026-01-19 14:08:20,287 [INFO] IPUIPlugin:80 - create IPUIPlugin
2026-01-19 14:08:20,287 [INFO] IPUIPlugin:80 - create IPUIPlugin
2026-01-19 14:08:20,287 [INFO] IPUIPlugin:80 - create IPUIPlugin
2026-01-19 14:08:20,287 [INFO] IPUIPlugin:80 - create IPUIPlugin
2026-01-19 14:08:20,288 [INFO] IPUIPlugin:80 - create IPUIPlugin
2026-01-19 14:08:20,288 [INFO] IPUIPlugin:80 - create IPUIPlugin
2026-01-19 14:08:20,288 [INFO] IPUIPlugin:80 - create IPUIPlugin
2026-01-19 14:08:20,288 [INFO] IPUIPlugin:80 - create IPUIPlugin
2026-01-19 14:08:20,289 [INFO] IPUIPlugin:80 - create IPUIPlugin
2026-01-19 14:08:20,290 [INFO] IPUIPlugin:80 - create IPUIPlugin
2026-01-19 14:08:20,291 [INFO] IPUIPlugin:80 - create IPUIPlugin
2026-01-19 14:08:20,291 [INFO] IPUIPlugin:80 - create IPUIPlugin
2026-01-19 14:08:20,291 [INFO] IPUIPlugin:80 - create IPUIPlugin
2026-01-19 14:08:20,292 [INFO] IPUIPlugin:80 - create IPUIPlugin
2026-01-19 14:08:20,292 [INFO] IPUIPlugin:80 - create IPUIPlugin
2026-01-19 14:08:20,292 [INFO] IPUIPlugin:80 - create IPUIPlugin
2026-01-19 14:08:20,293 [INFO] IPUIPlugin:80 - create IPUIPlugin
2026-01-19 14:08:20,293 [INFO] IPUIPlugin:80 - create IPUIPlugin
2026-01-19 14:08:20,293 [INFO] IPUIPlugin:80 - create IPUIPlugin
2026-01-19 14:08:20,294 [INFO] IPUIPlugin:80 - create IPUIPlugin
2026-01-19 14:08:20,314 [INFO] ApiDbMcu:532 - Load IP Config File for PDM2PCM
2026-01-19 14:08:20,332 [WARN] FreeRTOS:1023 - Null or empty value: should not occur! (nothing added to the table)
2026-01-19 14:08:20,335 [WARN] IP:2250 - LWIP_NETIF_HOSTNAME_NAME not found: check if there is a RefParameter without a condition.
2026-01-19 14:08:20,347 [WARN] IP:2250 - LWIP_NETIF_HOSTNAME_NAME not found: check if there is a RefParameter without a condition.
2026-01-19 14:08:20,452 [INFO] CADModel:165 - CPN selected for project levelSTM32F767ZIT6
2026-01-19 14:08:20,452 [INFO] CADModel:114 - Register for checkConnection events
2026-01-19 14:08:20,455 [INFO] RtosManager:728 - Active RTOS found at IOC load: FREERTOS [Cortex-M7NS]
2026-01-19 14:08:20,576 [INFO] OpenFileManager:386 - Restore cursor
2026-01-19 14:08:20,582 [INFO] ApiDb:581 - Connected to CubeFinder SQLite database (C:\Users\Chinnapop\.stmcufinder\plugins\mcufinder\mcu\cube-finder-db.db)
2026-01-19 14:08:20,835 [WARN] IP:2250 - LWIP_NETIF_HOSTNAME_NAME not found: check if there is a RefParameter without a condition.
2026-01-19 14:08:20,857 [WARN] IP:2250 - LWIP_NETIF_HOSTNAME_NAME not found: check if there is a RefParameter without a condition.
2026-01-19 14:08:20,918 [WARN] IP:2250 - Warning not found: check if there is a RefParameter without a condition.
2026-01-19 14:08:20,918 [WARN] IP:2250 - RxBufferAddress not found: check if there is a RefParameter without a condition.
2026-01-19 14:08:20,919 [WARN] IP:2250 - DESC_SIZE_UNIT not found: check if there is a RefParameter without a condition.
2026-01-19 14:08:20,919 [WARN] IP:2250 - Warning not found: check if there is a RefParameter without a condition.
2026-01-19 14:08:20,919 [WARN] IP:2250 - RxBufferAddress not found: check if there is a RefParameter without a condition.
2026-01-19 14:08:20,919 [WARN] IP:2250 - DESC_SIZE_UNIT not found: check if there is a RefParameter without a condition.
2026-01-19 14:08:22,187 [INFO] UtilMem:75 - End SaveConfig() Used Memory: 523695968 Bytes (1005584384)
2026-01-19 14:08:22,365 [INFO] UtilMem:75 - End SaveConfig() Used Memory: 557250400 Bytes (1005584384)
2026-01-19 14:08:22,742 [INFO] BlockDiagram:2775 - set Specific Code input for plugin: FREERTOS
2026-01-19 14:08:22,742 [INFO] BlockDiagram:2775 - set Specific Code input for plugin: SYS
2026-01-19 14:08:22,742 [INFO] BlockDiagram:2775 - set Specific Code input for plugin: RCC
2026-01-19 14:08:22,742 [INFO] BlockDiagram:2775 - set Specific Code input for plugin: NVIC
2026-01-19 14:08:22,742 [INFO] BlockDiagram:2775 - set Specific Code input for plugin: LWIP
2026-01-19 14:08:22,742 [INFO] BlockDiagram:2775 - set Specific Code input for plugin: USART
2026-01-19 14:08:22,742 [INFO] BlockDiagram:2775 - set Specific Code input for plugin: USART
2026-01-19 14:08:22,742 [INFO] BlockDiagram:2775 - set Specific Code input for plugin: CORTEX_M7
2026-01-19 14:08:22,743 [INFO] BlockDiagram:2775 - set Specific Code input for plugin: GPIO
2026-01-19 14:08:22,743 [INFO] BlockDiagram:2775 - set Specific Code input for plugin: ETH
2026-01-19 14:08:22,744 [INFO] CodeGenerator:892 - code generatio: config db path: C:/Users/Chinnapop/.stm32cubemx/databases/DB.6.0.141/db/
2026-01-19 14:08:22,749 [WARN] IP:2250 - Warning not found: check if there is a RefParameter without a condition.
2026-01-19 14:08:22,750 [WARN] IP:2250 - RxBufferAddress not found: check if there is a RefParameter without a condition.
2026-01-19 14:08:22,750 [WARN] IP:2250 - DESC_SIZE_UNIT not found: check if there is a RefParameter without a condition.
2026-01-19 14:08:22,757 [WARN] IP:2250 - LWIP_NETIF_HOSTNAME_NAME not found: check if there is a RefParameter without a condition.
2026-01-19 14:08:22,873 [INFO] CodeEngine:265 - oldGeneratedFile, C:\Users\Chinnapop\STM32CubeIDE\workspace\HIL-sensor-emulator\MXTmpFiles\license.tmp_save
2026-01-19 14:08:23,142 [INFO] CodeEngine:289 - Generated code: C:\Users\Chinnapop\STM32CubeIDE\workspace\HIL-sensor-emulator\MXTmpFiles\license.tmp
2026-01-19 14:08:23,217 [INFO] CodeEngine:265 - oldGeneratedFile, C:\Users\Chinnapop\STM32CubeIDE\workspace\HIL-sensor-emulator\Core\Src\gpio.c_save
2026-01-19 14:08:23,375 [INFO] CodeEngine:289 - Generated code: C:\Users\Chinnapop\STM32CubeIDE\workspace\HIL-sensor-emulator\Core\Src\gpio.c
2026-01-19 14:08:23,381 [INFO] CodeEngine:265 - oldGeneratedFile, C:\Users\Chinnapop\STM32CubeIDE\workspace\HIL-sensor-emulator\Core\Inc\gpio.h_save
2026-01-19 14:08:23,453 [INFO] CodeEngine:289 - Generated code: C:\Users\Chinnapop\STM32CubeIDE\workspace\HIL-sensor-emulator\Core\Inc\gpio.h
2026-01-19 14:08:23,567 [INFO] CodeEngine:265 - oldGeneratedFile, C:\Users\Chinnapop\STM32CubeIDE\workspace\HIL-sensor-emulator\MXTmpFiles\eth_vars.tmp_save
2026-01-19 14:08:23,708 [INFO] CodeEngine:289 - Generated code: C:\Users\Chinnapop\STM32CubeIDE\workspace\HIL-sensor-emulator\MXTmpFiles\eth_vars.tmp
2026-01-19 14:08:23,717 [INFO] CodeEngine:265 - oldGeneratedFile, C:\Users\Chinnapop\STM32CubeIDE\workspace\HIL-sensor-emulator\MXTmpFiles\eth_inc.tmp_save
2026-01-19 14:08:23,792 [INFO] CodeEngine:289 - Generated code: C:\Users\Chinnapop\STM32CubeIDE\workspace\HIL-sensor-emulator\MXTmpFiles\eth_inc.tmp
2026-01-19 14:08:23,800 [INFO] CodeEngine:265 - oldGeneratedFile, C:\Users\Chinnapop\STM32CubeIDE\workspace\HIL-sensor-emulator\MXTmpFiles\eth_HalInit.tmp_save
2026-01-19 14:08:23,919 [INFO] CodeEngine:289 - Generated code: C:\Users\Chinnapop\STM32CubeIDE\workspace\HIL-sensor-emulator\MXTmpFiles\eth_HalInit.tmp
2026-01-19 14:08:23,927 [INFO] CodeEngine:265 - oldGeneratedFile, C:\Users\Chinnapop\STM32CubeIDE\workspace\HIL-sensor-emulator\MXTmpFiles\eth_Msp.tmp_save
2026-01-19 14:08:24,035 [INFO] CodeEngine:289 - Generated code: C:\Users\Chinnapop\STM32CubeIDE\workspace\HIL-sensor-emulator\MXTmpFiles\eth_Msp.tmp
2026-01-19 14:08:24,282 [INFO] Middleware:1452 - No code input for Bsp Dependency
2026-01-19 14:08:24,292 [INFO] CodeEngine:265 - oldGeneratedFile, C:\Users\Chinnapop\STM32CubeIDE\workspace\HIL-sensor-emulator\MXTmpFiles\rtos_inc.tmp_save
2026-01-19 14:08:24,422 [INFO] CodeEngine:289 - Generated code: C:\Users\Chinnapop\STM32CubeIDE\workspace\HIL-sensor-emulator\MXTmpFiles\rtos_inc.tmp
2026-01-19 14:08:24,428 [INFO] CodeEngine:265 - oldGeneratedFile, C:\Users\Chinnapop\STM32CubeIDE\workspace\HIL-sensor-emulator\MXTmpFiles\rtos_vars.tmp_save
2026-01-19 14:08:24,491 [INFO] CodeEngine:289 - Generated code: C:\Users\Chinnapop\STM32CubeIDE\workspace\HIL-sensor-emulator\MXTmpFiles\rtos_vars.tmp
2026-01-19 14:08:24,497 [INFO] CodeEngine:265 - oldGeneratedFile, C:\Users\Chinnapop\STM32CubeIDE\workspace\HIL-sensor-emulator\MXTmpFiles\rtos_pfp.tmp_save
2026-01-19 14:08:24,552 [INFO] CodeEngine:289 - Generated code: C:\Users\Chinnapop\STM32CubeIDE\workspace\HIL-sensor-emulator\MXTmpFiles\rtos_pfp.tmp
2026-01-19 14:08:24,566 [INFO] CodeEngine:265 - oldGeneratedFile, C:\Users\Chinnapop\STM32CubeIDE\workspace\HIL-sensor-emulator\MXTmpFiles\rtos_obj_creat.tmp_save
2026-01-19 14:08:24,636 [INFO] CodeEngine:289 - Generated code: C:\Users\Chinnapop\STM32CubeIDE\workspace\HIL-sensor-emulator\MXTmpFiles\rtos_obj_creat.tmp
2026-01-19 14:08:24,642 [INFO] CodeEngine:265 - oldGeneratedFile, C:\Users\Chinnapop\STM32CubeIDE\workspace\HIL-sensor-emulator\MXTmpFiles\rtos_kernelStart.tmp_save
2026-01-19 14:08:24,704 [INFO] CodeEngine:289 - Generated code: C:\Users\Chinnapop\STM32CubeIDE\workspace\HIL-sensor-emulator\MXTmpFiles\rtos_kernelStart.tmp
2026-01-19 14:08:24,712 [INFO] CodeEngine:265 - oldGeneratedFile, C:\Users\Chinnapop\STM32CubeIDE\workspace\HIL-sensor-emulator\MXTmpFiles\rtos_default_thread.tmp_save
2026-01-19 14:08:24,779 [INFO] CodeEngine:289 - Generated code: C:\Users\Chinnapop\STM32CubeIDE\workspace\HIL-sensor-emulator\MXTmpFiles\rtos_default_thread.tmp
2026-01-19 14:08:24,785 [INFO] CodeEngine:265 - oldGeneratedFile, C:\Users\Chinnapop\STM32CubeIDE\workspace\HIL-sensor-emulator\MXTmpFiles\rtos_threads.tmp_save
2026-01-19 14:08:24,837 [INFO] CodeEngine:289 - Generated code: C:\Users\Chinnapop\STM32CubeIDE\workspace\HIL-sensor-emulator\MXTmpFiles\rtos_threads.tmp
2026-01-19 14:08:24,848 [INFO] Middleware:1452 - No code input for Bsp Dependency
2026-01-19 14:08:24,867 [INFO] Middleware:1452 - No code input for Bsp Dependency
2026-01-19 14:08:24,876 [INFO] CodeEngine:265 - oldGeneratedFile, C:\Users\Chinnapop\STM32CubeIDE\workspace\HIL-sensor-emulator\MXTmpFiles\rtos_inc.tmp_save
2026-01-19 14:08:24,972 [INFO] CodeEngine:289 - Generated code: C:\Users\Chinnapop\STM32CubeIDE\workspace\HIL-sensor-emulator\MXTmpFiles\rtos_inc.tmp
2026-01-19 14:08:24,980 [INFO] CodeEngine:265 - oldGeneratedFile, C:\Users\Chinnapop\STM32CubeIDE\workspace\HIL-sensor-emulator\MXTmpFiles\rtos_vars.tmp_save
2026-01-19 14:08:25,037 [INFO] CodeEngine:289 - Generated code: C:\Users\Chinnapop\STM32CubeIDE\workspace\HIL-sensor-emulator\MXTmpFiles\rtos_vars.tmp
2026-01-19 14:08:25,045 [INFO] CodeEngine:265 - oldGeneratedFile, C:\Users\Chinnapop\STM32CubeIDE\workspace\HIL-sensor-emulator\MXTmpFiles\rtos_pfp.tmp_save
2026-01-19 14:08:25,100 [INFO] CodeEngine:289 - Generated code: C:\Users\Chinnapop\STM32CubeIDE\workspace\HIL-sensor-emulator\MXTmpFiles\rtos_pfp.tmp
2026-01-19 14:08:25,107 [INFO] CodeEngine:265 - oldGeneratedFile, C:\Users\Chinnapop\STM32CubeIDE\workspace\HIL-sensor-emulator\MXTmpFiles\rtos_obj_creat.tmp_save
2026-01-19 14:08:25,174 [INFO] CodeEngine:289 - Generated code: C:\Users\Chinnapop\STM32CubeIDE\workspace\HIL-sensor-emulator\MXTmpFiles\rtos_obj_creat.tmp
2026-01-19 14:08:25,180 [INFO] CodeEngine:265 - oldGeneratedFile, C:\Users\Chinnapop\STM32CubeIDE\workspace\HIL-sensor-emulator\MXTmpFiles\rtos_kernelStart.tmp_save
2026-01-19 14:08:25,243 [INFO] CodeEngine:289 - Generated code: C:\Users\Chinnapop\STM32CubeIDE\workspace\HIL-sensor-emulator\MXTmpFiles\rtos_kernelStart.tmp
2026-01-19 14:08:25,250 [INFO] CodeEngine:265 - oldGeneratedFile, C:\Users\Chinnapop\STM32CubeIDE\workspace\HIL-sensor-emulator\MXTmpFiles\rtos_default_thread.tmp_save
2026-01-19 14:08:25,311 [INFO] CodeEngine:289 - Generated code: C:\Users\Chinnapop\STM32CubeIDE\workspace\HIL-sensor-emulator\MXTmpFiles\rtos_default_thread.tmp
2026-01-19 14:08:25,320 [INFO] CodeEngine:265 - oldGeneratedFile, C:\Users\Chinnapop\STM32CubeIDE\workspace\HIL-sensor-emulator\MXTmpFiles\rtos_threads.tmp_save
2026-01-19 14:08:25,379 [INFO] CodeEngine:289 - Generated code: C:\Users\Chinnapop\STM32CubeIDE\workspace\HIL-sensor-emulator\MXTmpFiles\rtos_threads.tmp
2026-01-19 14:08:25,383 [INFO] CodeEngine:265 - oldGeneratedFile, C:\Users\Chinnapop\STM32CubeIDE\workspace\HIL-sensor-emulator\Core\Inc\FreeRTOSConfig.h_save
2026-01-19 14:08:25,482 [INFO] CodeEngine:289 - Generated code: C:\Users\Chinnapop\STM32CubeIDE\workspace\HIL-sensor-emulator\Core\Inc\FreeRTOSConfig.h
2026-01-19 14:08:25,491 [INFO] CodeEngine:265 - oldGeneratedFile, C:\Users\Chinnapop\STM32CubeIDE\workspace\HIL-sensor-emulator\Core\Src\freertos.c_save
2026-01-19 14:08:25,579 [INFO] CodeEngine:289 - Generated code: C:\Users\Chinnapop\STM32CubeIDE\workspace\HIL-sensor-emulator\Core\Src\freertos.c
2026-01-19 14:08:25,591 [INFO] CodeEngine:265 - oldGeneratedFile, C:\Users\Chinnapop\STM32CubeIDE\workspace\HIL-sensor-emulator\MXTmpFiles\cortex.tmp_save
2026-01-19 14:08:25,703 [INFO] CodeEngine:289 - Generated code: C:\Users\Chinnapop\STM32CubeIDE\workspace\HIL-sensor-emulator\MXTmpFiles\cortex.tmp
2026-01-19 14:08:25,716 [INFO] Middleware:1452 - No code input for Bsp Dependency
2026-01-19 14:08:25,733 [INFO] CodeEngine:265 - oldGeneratedFile, C:\Users\Chinnapop\STM32CubeIDE\workspace\HIL-sensor-emulator\LWIP\App\lwip.c_save
2026-01-19 14:08:25,879 [INFO] CodeEngine:289 - Generated code: C:\Users\Chinnapop\STM32CubeIDE\workspace\HIL-sensor-emulator\LWIP\App\lwip.c
2026-01-19 14:08:25,893 [INFO] CodeEngine:265 - oldGeneratedFile, C:\Users\Chinnapop\STM32CubeIDE\workspace\HIL-sensor-emulator\LWIP\App\lwip.h_save
2026-01-19 14:08:25,962 [INFO] CodeEngine:289 - Generated code: C:\Users\Chinnapop\STM32CubeIDE\workspace\HIL-sensor-emulator\LWIP\App\lwip.h
2026-01-19 14:08:25,968 [INFO] CodeEngine:265 - oldGeneratedFile, C:\Users\Chinnapop\STM32CubeIDE\workspace\HIL-sensor-emulator\LWIP\Target\lwipopts.h_save
2026-01-19 14:08:26,200 [INFO] CodeEngine:289 - Generated code: C:\Users\Chinnapop\STM32CubeIDE\workspace\HIL-sensor-emulator\LWIP\Target\lwipopts.h
2026-01-19 14:08:26,206 [INFO] CodeEngine:265 - oldGeneratedFile, C:\Users\Chinnapop\STM32CubeIDE\workspace\HIL-sensor-emulator\LWIP\Target\ethernetif.c_save
2026-01-19 14:08:26,311 [INFO] CodeEngine:289 - Generated code: C:\Users\Chinnapop\STM32CubeIDE\workspace\HIL-sensor-emulator\LWIP\Target\ethernetif.c
2026-01-19 14:08:26,329 [INFO] CodeEngine:265 - oldGeneratedFile, C:\Users\Chinnapop\STM32CubeIDE\workspace\HIL-sensor-emulator\LWIP\Target\ethernetif.h_save
2026-01-19 14:08:26,392 [INFO] CodeEngine:289 - Generated code: C:\Users\Chinnapop\STM32CubeIDE\workspace\HIL-sensor-emulator\LWIP\Target\ethernetif.h
2026-01-19 14:08:26,406 [INFO] CodeEngine:265 - oldGeneratedFile, C:\Users\Chinnapop\STM32CubeIDE\workspace\HIL-sensor-emulator\Core\Src\usart.c_save
2026-01-19 14:08:26,574 [INFO] CodeEngine:289 - Generated code: C:\Users\Chinnapop\STM32CubeIDE\workspace\HIL-sensor-emulator\Core\Src\usart.c
2026-01-19 14:08:26,579 [INFO] CodeEngine:265 - oldGeneratedFile, C:\Users\Chinnapop\STM32CubeIDE\workspace\HIL-sensor-emulator\Core\Inc\usart.h_save
2026-01-19 14:08:26,664 [INFO] CodeEngine:289 - Generated code: C:\Users\Chinnapop\STM32CubeIDE\workspace\HIL-sensor-emulator\Core\Inc\usart.h
2026-01-19 14:08:26,679 [INFO] CodeEngine:265 - oldGeneratedFile, C:\Users\Chinnapop\STM32CubeIDE\workspace\HIL-sensor-emulator\Core\Src\stm32f7xx_it.c_save
2026-01-19 14:08:26,894 [INFO] CodeEngine:289 - Generated code: C:\Users\Chinnapop\STM32CubeIDE\workspace\HIL-sensor-emulator\Core\Src\stm32f7xx_it.c
2026-01-19 14:08:26,900 [INFO] CodeEngine:265 - oldGeneratedFile, C:\Users\Chinnapop\STM32CubeIDE\workspace\HIL-sensor-emulator\Core\Inc\stm32f7xx_it.h_save
2026-01-19 14:08:26,955 [INFO] CodeEngine:289 - Generated code: C:\Users\Chinnapop\STM32CubeIDE\workspace\HIL-sensor-emulator\Core\Inc\stm32f7xx_it.h
2026-01-19 14:08:26,970 [INFO] CodeEngine:265 - oldGeneratedFile, C:\Users\Chinnapop\STM32CubeIDE\workspace\HIL-sensor-emulator\Core\Src\stm32f7xx_hal_msp.c_save
2026-01-19 14:08:27,139 [INFO] CodeEngine:289 - Generated code: C:\Users\Chinnapop\STM32CubeIDE\workspace\HIL-sensor-emulator\Core\Src\stm32f7xx_hal_msp.c
2026-01-19 14:08:27,153 [INFO] CodeEngine:265 - oldGeneratedFile, C:\Users\Chinnapop\STM32CubeIDE\workspace\HIL-sensor-emulator\MXTmpFiles\system.tmp_save
2026-01-19 14:08:27,208 [INFO] CodeEngine:289 - Generated code: C:\Users\Chinnapop\STM32CubeIDE\workspace\HIL-sensor-emulator\MXTmpFiles\system.tmp
2026-01-19 14:08:27,213 [INFO] CodeEngine:265 - oldGeneratedFile, C:\Users\Chinnapop\STM32CubeIDE\workspace\HIL-sensor-emulator\Core\Src\stm32f7xx_hal_timebase_tim.c_save
2026-01-19 14:08:27,322 [INFO] CodeEngine:289 - Generated code: C:\Users\Chinnapop\STM32CubeIDE\workspace\HIL-sensor-emulator\Core\Src\stm32f7xx_hal_timebase_tim.c
2026-01-19 14:08:27,344 [INFO] CodeEngine:321 - oldGeneratedFile, C:\Users\Chinnapop\STM32CubeIDE\workspace\HIL-sensor-emulator\Core\Inc\stm32f7xx_hal_conf.h_save
2026-01-19 14:08:27,536 [INFO] CodeEngine:345 - Generated code: C:\Users\Chinnapop\STM32CubeIDE\workspace\HIL-sensor-emulator\Core\Inc\stm32f7xx_hal_conf.h
2026-01-19 14:08:27,630 [INFO] ApiDbMcu:532 - Load IP Config File for USART2
2026-01-19 14:08:27,634 [INFO] ApiDbMcu:532 - Load IP Config File for USART3
2026-01-19 14:08:27,640 [INFO] ApiDbMcu:532 - Load IP Config File for RCC
2026-01-19 14:08:27,650 [INFO] CodeEngine:265 - oldGeneratedFile, C:\Users\Chinnapop\STM32CubeIDE\workspace\HIL-sensor-emulator\Core\Inc\main.h_save
2026-01-19 14:08:27,787 [INFO] CodeEngine:289 - Generated code: C:\Users\Chinnapop\STM32CubeIDE\workspace\HIL-sensor-emulator\Core\Inc\main.h
2026-01-19 14:08:27,792 [INFO] CodeEngine:265 - oldGeneratedFile, C:\Users\Chinnapop\STM32CubeIDE\workspace\HIL-sensor-emulator\Core\Src\main.c_save
2026-01-19 14:08:27,906 [INFO] CodeEngine:289 - Generated code: C:\Users\Chinnapop\STM32CubeIDE\workspace\HIL-sensor-emulator\Core\Src\main.c
2026-01-19 14:08:28,569 [INFO] ProjectBuilder:3606 - Time for Copy HAL[1] : 441mS.
2026-01-19 14:08:28,583 [INFO] ProjectBuilder:5216 - Project Generator version: 4.7.0-B52
2026-01-19 14:08:28,661 [INFO] ConfigFileManager:1595 - The Die is : DIE451
2026-01-19 14:08:28,663 [INFO] ApiDbMcu:532 - Load IP Config File for FATFS
2026-01-19 14:08:28,665 [INFO] ApiDbMcu:532 - Load IP Config File for LIBJPEG
2026-01-19 14:08:28,671 [INFO] ApiDbMcu:532 - Load IP Config File for MBEDTLS
2026-01-19 14:08:28,681 [INFO] ApiDbMcu:532 - Load IP Config File for USB_DEVICE
2026-01-19 14:08:28,689 [INFO] ApiDbMcu:532 - Load IP Config File for USB_HOST
2026-01-19 14:08:31,166 [INFO] ProjectBuilder:5496 - Time for Generating toolchain IDE Files: 2582mS.
2026-01-19 14:08:31,166 [INFO] ProjectBuilder:3463 - Time for Copy CMSIS : 0mS.
2026-01-19 14:08:31,182 [INFO] ProjectBuilder:3463 - Time for Copy CMSIS : 0mS.
2026-01-19 14:08:31,953 [INFO] McuFinderGlobals:76 - Set McuFinderConnectedMode to true
2026-01-19 14:08:31,956 [INFO] ApiDb:448 - Save user favorites file C:\Users\Chinnapop/.stm32cubeide/favorites.mcus.txt: 0 item(s)
2026-01-19 14:08:31,956 [INFO] ApiDb:452 - User favorites MCUs=[]
2026-01-19 14:08:32,348 [ERROR] LogOutputStream:75 - [STDERR_REDIRECT] Exception in thread "AWT-EventQueue-0" java.awt.IllegalComponentStateException: Native resources unavailable
2026-01-19 14:08:32,353 [ERROR] LogOutputStream:75 - [STDERR_REDIRECT] 	at java.desktop/sun.awt.windows.WWindowPeer.getScreenImOn(Native Method)
2026-01-19 14:08:32,357 [ERROR] LogOutputStream:75 - [STDERR_REDIRECT] 	at java.desktop/sun.awt.windows.WWindowPeer.updateGC(WWindowPeer.java:566)
2026-01-19 14:08:32,360 [ERROR] LogOutputStream:75 - [STDERR_REDIRECT] 	at java.desktop/java.awt.event.InvocationEvent.dispatch(InvocationEvent.java:318)
2026-01-19 14:08:32,363 [ERROR] LogOutputStream:75 - [STDERR_REDIRECT] 	at java.desktop/java.awt.EventQueue.dispatchEventImpl(EventQueue.java:773)
2026-01-19 14:08:32,366 [ERROR] LogOutputStream:75 - [STDERR_REDIRECT] 	at java.desktop/java.awt.EventQueue$4.run(EventQueue.java:720)
2026-01-19 14:08:32,370 [ERROR] LogOutputStream:75 - [STDERR_REDIRECT] 	at java.desktop/java.awt.EventQueue$4.run(EventQueue.java:714)
2026-01-19 14:08:32,373 [ERROR] LogOutputStream:75 - [STDERR_REDIRECT] 	at java.base/java.security.AccessController.doPrivileged(AccessController.java:400)
2026-01-19 14:08:32,376 [ERROR] LogOutputStream:75 - [STDERR_REDIRECT] 	at java.base/java.security.ProtectionDomain$JavaSecurityAccessImpl.doIntersectionPrivilege(ProtectionDomain.java:87)
2026-01-19 14:08:32,379 [ERROR] LogOutputStream:75 - [STDERR_REDIRECT] 	at java.base/java.security.ProtectionDomain$JavaSecurityAccessImpl.doIntersectionPrivilege(ProtectionDomain.java:98)
2026-01-19 14:08:32,382 [ERROR] LogOutputStream:75 - [STDERR_REDIRECT] 	at java.desktop/java.awt.EventQueue$5.run(EventQueue.java:747)
2026-01-19 14:08:32,385 [ERROR] LogOutputStream:75 - [STDERR_REDIRECT] 	at java.desktop/java.awt.EventQueue$5.run(EventQueue.java:745)
2026-01-19 14:08:32,388 [ERROR] LogOutputStream:75 - [STDERR_REDIRECT] 	at java.base/java.security.AccessController.doPrivileged(AccessController.java:400)
2026-01-19 14:08:32,391 [ERROR] LogOutputStream:75 - [STDERR_REDIRECT] 	at java.base/java.security.ProtectionDomain$JavaSecurityAccessImpl.doIntersectionPrivilege(ProtectionDomain.java:87)
2026-01-19 14:08:32,394 [ERROR] LogOutputStream:75 - [STDERR_REDIRECT] 	at java.desktop/java.awt.EventQueue.dispatchEvent(EventQueue.java:744)
2026-01-19 14:08:32,398 [ERROR] LogOutputStream:75 - [STDERR_REDIRECT] 	at java.desktop/java.awt.EventDispatchThread.pumpOneEventForFilters(EventDispatchThread.java:203)
2026-01-19 14:08:32,402 [ERROR] LogOutputStream:75 - [STDERR_REDIRECT] 	at java.desktop/java.awt.EventDispatchThread.pumpEventsForFilter(EventDispatchThread.java:124)
2026-01-19 14:08:32,405 [ERROR] LogOutputStream:75 - [STDERR_REDIRECT] 	at java.desktop/java.awt.EventDispatchThread.pumpEventsForHierarchy(EventDispatchThread.java:113)
2026-01-19 14:08:32,409 [ERROR] LogOutputStream:75 - [STDERR_REDIRECT] 	at java.desktop/java.awt.EventDispatchThread.pumpEvents(EventDispatchThread.java:109)
2026-01-19 14:08:32,412 [ERROR] LogOutputStream:75 - [STDERR_REDIRECT] 	at java.desktop/java.awt.EventDispatchThread.pumpEvents(EventDispatchThread.java:101)
2026-01-19 14:08:32,416 [ERROR] LogOutputStream:75 - [STDERR_REDIRECT] 	at java.desktop/java.awt.EventDispatchThread.run(EventDispatchThread.java:90)
2026-01-19 14:10:44,584 [INFO] WebApp:194 - Connection lost
2026-01-19 14:10:44,846 [INFO] WebApp:191 - Connection restablished
2026-01-19 14:40:57,605 [INFO] WebApp:194 - Connection lost
2026-01-19 14:40:57,932 [INFO] WebApp:191 - Connection restablished
2026-01-19 15:11:36,516 [INFO] WebApp:194 - Connection lost
2026-01-19 15:11:36,762 [INFO] WebApp:191 - Connection restablished
2026-01-19 15:42:25,043 [INFO] WebApp:194 - Connection lost
2026-01-19 15:42:25,308 [INFO] WebApp:191 - Connection restablished
2026-01-19 16:13:09,560 [INFO] WebApp:194 - Connection lost
2026-01-19 16:13:09,791 [INFO] WebApp:191 - Connection restablished
2026-01-19 16:32:15,652 [ERROR] LogOutputStream:75 - [STDERR_REDIRECT] 
