2025-07-24 09:25:23,790 [INFO] Activator:176 - 


2025-07-24 09:25:23,810 [INFO] Activator:177 - !SESSION log4j initialized
2025-07-24 09:25:38,798 [INFO] LogOutputStream:77 - [STDOUT_REDIRECT] 
2025-07-24 09:25:42,267 [INFO] ApplicationProperties:184 - Using Application install path: C:\ST\STM32CubeIDE_1.16.1\STM32CubeIDE\plugins\com.st.stm32cube.common.mx_6.15.0.202507011659
2025-07-24 09:25:42,296 [INFO] DbMcusXml:78 - Set database path to: C:\ST\STM32CubeIDE_1.16.1\STM32CubeIDE\plugins\com.st.stm32cube.common.mx_6.15.0.202507011659\\db\/mcu/
2025-07-24 09:25:42,297 [INFO] ApiDb:274 - Set plugin database path to: C:\ST\STM32CubeIDE_1.16.1\STM32CubeIDE\plugins\com.st.stm32cube.common.mx_6.15.0.202507011659\\db\/plugins/boardmanager/
2025-07-24 09:25:42,298 [WARN] ApiDb:259 - Overriding images path with different value:  => C:\ST\STM32CubeIDE_1.16.1\STM32CubeIDE\plugins\com.st.stm32cube.common.mx_6.15.0.202507011659\\db\/plugins/mcufinder/images/
2025-07-24 09:25:42,325 [INFO] ApiDb:250 - Set database path to: C:\Users\Chinnapop\.stmcufinder\plugins\mcufinder//mcu/
2025-07-24 09:25:42,327 [INFO] DbMcusAds:125 - Set database path to: C:\Users\Chinnapop\.stmcufinder\plugins\mcufinder//mcu/
2025-07-24 09:25:42,331 [INFO] CrossReferenceDbSqlite:203 - Set database path to: C:\Users\Chinnapop\.stmcufinder\plugins\mcufinder//mcu/cs/
2025-07-24 09:25:42,678 [INFO] RulesReader:64 - Compatibility file has been processed (317 Rules)
2025-07-24 09:25:42,908 [INFO] DbMcusXml:78 - Set database path to: C:\ST\STM32CubeIDE_1.16.1\STM32CubeIDE\plugins\com.st.stm32cube.common.mx_6.15.0.202507011659\\db\/mcu/
2025-07-24 09:25:42,908 [INFO] ApiDb:274 - Set plugin database path to: C:\ST\STM32CubeIDE_1.16.1\STM32CubeIDE\plugins\com.st.stm32cube.common.mx_6.15.0.202507011659\\db\/plugins/boardmanager/
2025-07-24 09:25:42,909 [INFO] ApiDb:261 - Set plugin images path to: C:\ST\STM32CubeIDE_1.16.1\STM32CubeIDE\plugins\com.st.stm32cube.common.mx_6.15.0.202507011659\\db\/plugins/mcufinder/images/
2025-07-24 09:25:42,909 [WARN] DbFile:41 - Overriding database path with different value: C:\Users\Chinnapop\.stmcufinder\plugins\mcufinder/ => C:\Users\Chinnapop\.stmcufinder\plugins\mcufinder
2025-07-24 09:25:42,910 [INFO] ApiDb:250 - Set database path to: C:\Users\Chinnapop\.stmcufinder\plugins\mcufinder//mcu/
2025-07-24 09:25:42,910 [WARN] DbFile:41 - Overriding database path with different value: C:\Users\Chinnapop\.stmcufinder\plugins\mcufinder/ => C:\Users\Chinnapop\.stmcufinder\plugins\mcufinder
2025-07-24 09:25:42,910 [INFO] DbMcusAds:125 - Set database path to: C:\Users\Chinnapop\.stmcufinder\plugins\mcufinder//mcu/
2025-07-24 09:25:42,910 [WARN] DbFile:41 - Overriding database path with different value: C:\Users\Chinnapop\.stmcufinder\plugins\mcufinder/ => C:\Users\Chinnapop\.stmcufinder\plugins\mcufinder
2025-07-24 09:25:42,911 [WARN] DbFile:41 - Overriding database path with different value: C:\Users\Chinnapop\.stmcufinder\plugins\mcufinder/ => C:\Users\Chinnapop\.stmcufinder\plugins\mcufinder
2025-07-24 09:25:42,911 [INFO] CrossReferenceDbSqlite:203 - Set database path to: C:\Users\Chinnapop\.stmcufinder\plugins\mcufinder//mcu/cs/
2025-07-24 09:25:43,096 [INFO] MainPanel:274 - HeapMemory: 268435456
2025-07-24 09:25:43,325 [INFO] DbMcusXml:78 - Set database path to: C:\ST\STM32CubeIDE_1.16.1\STM32CubeIDE\plugins\com.st.stm32cube.common.mx_6.15.0.202507011659\\db\/mcu/
2025-07-24 09:25:43,325 [INFO] ApiDb:274 - Set plugin database path to: C:\ST\STM32CubeIDE_1.16.1\STM32CubeIDE\plugins\com.st.stm32cube.common.mx_6.15.0.202507011659\\db\/plugins/boardmanager/
2025-07-24 09:25:43,325 [INFO] ApiDb:261 - Set plugin images path to: C:\ST\STM32CubeIDE_1.16.1\STM32CubeIDE\plugins\com.st.stm32cube.common.mx_6.15.0.202507011659\\db\/plugins/mcufinder/images/
2025-07-24 09:25:43,326 [WARN] DbFile:41 - Overriding database path with different value: C:\Users\Chinnapop\.stmcufinder\plugins\mcufinder/ => C:\Users\Chinnapop\.stmcufinder\plugins\mcufinder
2025-07-24 09:25:43,326 [INFO] ApiDb:250 - Set database path to: C:\Users\Chinnapop\.stmcufinder\plugins\mcufinder//mcu/
2025-07-24 09:25:43,326 [WARN] DbFile:41 - Overriding database path with different value: C:\Users\Chinnapop\.stmcufinder\plugins\mcufinder/ => C:\Users\Chinnapop\.stmcufinder\plugins\mcufinder
2025-07-24 09:25:43,326 [INFO] DbMcusAds:125 - Set database path to: C:\Users\Chinnapop\.stmcufinder\plugins\mcufinder//mcu/
2025-07-24 09:25:43,326 [WARN] DbFile:41 - Overriding database path with different value: C:\Users\Chinnapop\.stmcufinder\plugins\mcufinder/ => C:\Users\Chinnapop\.stmcufinder\plugins\mcufinder
2025-07-24 09:25:43,327 [WARN] DbFile:41 - Overriding database path with different value: C:\Users\Chinnapop\.stmcufinder\plugins\mcufinder/ => C:\Users\Chinnapop\.stmcufinder\plugins\mcufinder
2025-07-24 09:25:43,327 [INFO] CrossReferenceDbSqlite:203 - Set database path to: C:\Users\Chinnapop\.stmcufinder\plugins\mcufinder//mcu/cs/
2025-07-24 09:25:43,364 [INFO] ApplicationProperties:184 - Using Application install path: C:\ST\STM32CubeIDE_1.16.1\STM32CubeIDE\plugins\com.st.stm32cube.common.mx_6.15.0.202507011659
2025-07-24 09:25:43,368 [INFO] PluginManage:196 - Search for loadable plugins [exclusion list=, ]
2025-07-24 09:25:43,370 [INFO] PluginManage:310 - Check plugin analytics
2025-07-24 09:25:43,917 [INFO] AnalyticsPlugin:253 - Accepted Software Licenses: 
2025-07-24 09:25:43,917 [INFO] AnalyticsPlugin:255 - Accepted CMSIS Pack Licenses: 
2025-07-24 09:25:43,917 [INFO] AnalyticsPlugin:257 - Accepted Firmware Licenses: FW.F7.1.17.0
2025-07-24 09:25:43,924 [INFO] PluginManage:359 - Loaded plugin analytics (category:tool,tabindex:-1)
2025-07-24 09:25:43,924 [INFO] PluginManage:310 - Check plugin cadmodel
2025-07-24 09:25:43,943 [INFO] CADModel:105 - Init CAD model plugin
2025-07-24 09:25:43,943 [INFO] PluginManage:359 - Loaded plugin cadmodel (category:power,tabindex:5)
2025-07-24 09:25:43,944 [INFO] PluginManage:310 - Check plugin clock
2025-07-24 09:25:43,967 [INFO] PluginManage:359 - Loaded plugin clock (category:base,tabindex:2)
2025-07-24 09:25:43,967 [INFO] PluginManage:310 - Check plugin ddr
2025-07-24 09:25:43,973 [INFO] PluginManage:359 - Loaded plugin ddr (category:tool,tabindex:6)
2025-07-24 09:25:43,973 [INFO] PluginManage:310 - Check plugin filemanager
2025-07-24 09:25:44,290 [INFO] PluginManage:359 - Loaded plugin filemanager (category:base,tabindex:10)
2025-07-24 09:25:44,291 [INFO] PluginManage:310 - Check plugin ipmanager
2025-07-24 09:25:44,308 [INFO] PluginManage:359 - Loaded plugin ipmanager (category:base,tabindex:5)
2025-07-24 09:25:44,308 [INFO] PluginManage:310 - Check plugin lpbam
2025-07-24 09:25:44,329 [INFO] PluginManage:359 - Loaded plugin lpbam (category:base,tabindex:0)
2025-07-24 09:25:44,329 [INFO] PluginManage:310 - Check plugin memorymap
2025-07-24 09:25:44,362 [INFO] PluginManage:359 - Loaded plugin memorymap (category:base,tabindex:4)
2025-07-24 09:25:44,362 [INFO] PluginManage:310 - Check plugin pinoutandconfiguration
2025-07-24 09:25:44,379 [INFO] PluginManage:359 - Loaded plugin pinoutandconfiguration (category:base,tabindex:1)
2025-07-24 09:25:44,379 [INFO] PluginManage:310 - Check plugin pinoutconfig
2025-07-24 09:25:44,563 [WARN] SupportedApi:132 - Cannot load RTOS API schema: s4s-elt-must-match.1: The content of 'definitions' must match (annotation?, (simpleType | complexType)?, (unique | key | keyref)*)). A problem was found starting at: attribute.
2025-07-24 09:25:44,900 [INFO] PluginManage:359 - Loaded plugin pinoutconfig (category:base,tabindex:0)
2025-07-24 09:25:44,901 [INFO] PluginManage:310 - Check plugin power
2025-07-24 09:25:44,925 [INFO] PluginManage:359 - Loaded plugin power (category:power,tabindex:4)
2025-07-24 09:25:44,925 [INFO] PluginManage:310 - Check plugin projectmanager
2025-07-24 09:25:44,966 [INFO] PluginManage:359 - Loaded plugin projectmanager (category:projectmanager,tabindex:4)
2025-07-24 09:25:44,967 [INFO] PluginManage:310 - Check plugin rif
2025-07-24 09:25:44,994 [INFO] PluginManage:359 - Loaded plugin rif (category:base,tabindex:3)
2025-07-24 09:25:44,994 [INFO] PluginManage:310 - Check plugin thirdparty
2025-07-24 09:25:45,464 [INFO] PluginManage:359 - Loaded plugin thirdparty (category:base,tabindex:-1)
2025-07-24 09:25:45,464 [WARN] IntegrityCheckThread:84 - waiting for thirdparty lock release [integrity check]
2025-07-24 09:25:45,464 [INFO] IntegrityCheckThread:86 - entering critical section [integrity check]
2025-07-24 09:25:45,464 [INFO] PluginManage:310 - Check plugin tools
2025-07-24 09:25:45,465 [INFO] ThirdPartyUpdaterWithRetryManager:70 - Updater plugin not ready yet. [1/15]
2025-07-24 09:25:45,475 [INFO] PluginManage:359 - Loaded plugin tools (category:base,tabindex:7)
2025-07-24 09:25:45,475 [INFO] PluginManage:310 - Check plugin tutovideos
2025-07-24 09:25:45,964 [INFO] PluginManage:359 - Loaded plugin tutovideos (category:base,tabindex:-1)
2025-07-24 09:25:45,965 [INFO] PluginManage:310 - Check plugin updater
2025-07-24 09:25:46,044 [INFO] PluginManage:359 - Loaded plugin updater (category:base,tabindex:12)
2025-07-24 09:25:46,044 [INFO] PluginManage:310 - Check plugin userauth
2025-07-24 09:25:46,062 [INFO] UserAuth:118 - Init User Auth plugin
2025-07-24 09:25:46,063 [INFO] PluginManage:359 - Loaded plugin userauth (category:base,tabindex:14)
2025-07-24 09:25:46,064 [INFO] PluginManage:283 - PluginManage : Loaded plugins [18]
2025-07-24 09:25:46,906 [INFO] PinOutPanel:1589 - setPackage(No Configuration,No Configuration)
2025-07-24 09:25:47,263 [INFO] CADModel:165 - CPN selected for project level
2025-07-24 09:25:47,265 [INFO] CADModel:114 - Register for checkConnection events
2025-07-24 09:25:47,335 [INFO] IPUIPlugin:80 - create IPUIPlugin
2025-07-24 09:25:47,335 [INFO] PluginManager:220 - loadIPPluginJar : add adc
2025-07-24 09:25:47,369 [INFO] IPUIPlugin:80 - create IPUIPlugin
2025-07-24 09:25:47,370 [INFO] PluginManager:220 - loadIPPluginJar : add aes
2025-07-24 09:25:47,385 [INFO] IPUIPlugin:80 - create IPUIPlugin
2025-07-24 09:25:47,385 [INFO] PluginManager:220 - loadIPPluginJar : add can
2025-07-24 09:25:47,397 [INFO] IPUIPlugin:80 - create IPUIPlugin
2025-07-24 09:25:47,397 [INFO] PluginManager:220 - loadIPPluginJar : add comp
2025-07-24 09:25:47,414 [INFO] IPUIPlugin:80 - create IPUIPlugin
2025-07-24 09:25:47,415 [INFO] PluginManager:220 - loadIPPluginJar : add cryp
2025-07-24 09:25:47,428 [INFO] IPUIPlugin:80 - create IPUIPlugin
2025-07-24 09:25:47,428 [INFO] PluginManager:220 - loadIPPluginJar : add ddr_ctrl_phy
2025-07-24 09:25:47,441 [INFO] IPUIPlugin:80 - create IPUIPlugin
2025-07-24 09:25:47,441 [INFO] PluginManager:220 - loadIPPluginJar : add dfsdm
2025-07-24 09:25:47,458 [INFO] IPUIPlugin:80 - create IPUIPlugin
2025-07-24 09:25:47,459 [INFO] PluginManager:220 - loadIPPluginJar : add dma
2025-07-24 09:25:47,476 [INFO] IPUIPlugin:80 - create IPUIPlugin
2025-07-24 09:25:47,476 [INFO] PluginManager:220 - loadIPPluginJar : add dma3
2025-07-24 09:25:47,488 [INFO] IPUIPlugin:80 - create IPUIPlugin
2025-07-24 09:25:47,488 [INFO] PluginManager:220 - loadIPPluginJar : add extmemmanager
2025-07-24 09:25:47,502 [INFO] IPUIPlugin:80 - create IPUIPlugin
2025-07-24 09:25:47,503 [INFO] PluginManager:220 - loadIPPluginJar : add fatfs
2025-07-24 09:25:47,524 [INFO] IPUIPlugin:80 - create IPUIPlugin
2025-07-24 09:25:47,525 [INFO] PluginManager:220 - loadIPPluginJar : add fmc
2025-07-24 09:25:47,548 [INFO] IPUIPlugin:80 - create IPUIPlugin
2025-07-24 09:25:47,549 [INFO] PluginManager:220 - loadIPPluginJar : add freertos
2025-07-24 09:25:47,559 [INFO] IPUIPlugin:80 - create IPUIPlugin
2025-07-24 09:25:47,559 [INFO] PluginManager:220 - loadIPPluginJar : add genericplugin
2025-07-24 09:25:47,569 [INFO] IPUIPlugin:80 - create IPUIPlugin
2025-07-24 09:25:47,569 [INFO] PluginManager:220 - loadIPPluginJar : add gfxmmu
2025-07-24 09:25:47,583 [INFO] IPUIPlugin:80 - create IPUIPlugin
2025-07-24 09:25:47,583 [INFO] PluginManager:220 - loadIPPluginJar : add gic
2025-07-24 09:25:47,626 [INFO] IPUIPlugin:80 - create IPUIPlugin
2025-07-24 09:25:47,627 [INFO] PluginManager:220 - loadIPPluginJar : add gpio
2025-07-24 09:25:47,650 [INFO] IPUIPlugin:80 - create IPUIPlugin
2025-07-24 09:25:47,650 [INFO] PluginManager:220 - loadIPPluginJar : add gtzc
2025-07-24 09:25:47,664 [INFO] IPUIPlugin:80 - create IPUIPlugin
2025-07-24 09:25:47,665 [INFO] PluginManager:220 - loadIPPluginJar : add hash
2025-07-24 09:25:47,678 [INFO] IPUIPlugin:80 - create IPUIPlugin
2025-07-24 09:25:47,679 [INFO] PluginManager:220 - loadIPPluginJar : add i2c
2025-07-24 09:25:47,691 [INFO] IPUIPlugin:80 - create IPUIPlugin
2025-07-24 09:25:47,692 [INFO] PluginManager:220 - loadIPPluginJar : add i2s
2025-07-24 09:25:47,706 [INFO] IPUIPlugin:80 - create IPUIPlugin
2025-07-24 09:25:47,706 [INFO] PluginManager:220 - loadIPPluginJar : add i3c
2025-07-24 09:25:47,721 [INFO] IPUIPlugin:80 - create IPUIPlugin
2025-07-24 09:25:47,722 [INFO] PluginManager:220 - loadIPPluginJar : add ipddr
2025-07-24 09:25:47,744 [INFO] IPUIPlugin:80 - create IPUIPlugin
2025-07-24 09:25:47,746 [INFO] PluginManager:220 - loadIPPluginJar : add linkedlist
2025-07-24 09:25:47,759 [INFO] IPUIPlugin:80 - create IPUIPlugin
2025-07-24 09:25:47,759 [INFO] PluginManager:220 - loadIPPluginJar : add lorawan
2025-07-24 09:25:47,770 [INFO] IPUIPlugin:80 - create IPUIPlugin
2025-07-24 09:25:47,770 [INFO] PluginManager:220 - loadIPPluginJar : add ltdc
2025-07-24 09:25:47,791 [INFO] IPUIPlugin:80 - create IPUIPlugin
2025-07-24 09:25:47,792 [INFO] PluginManager:220 - loadIPPluginJar : add mdma
2025-07-24 09:25:47,807 [INFO] IPUIPlugin:80 - create IPUIPlugin
2025-07-24 09:25:47,807 [INFO] PluginManager:220 - loadIPPluginJar : add nvic
2025-07-24 09:25:47,820 [INFO] IPUIPlugin:80 - create IPUIPlugin
2025-07-24 09:25:47,820 [INFO] PluginManager:220 - loadIPPluginJar : add opamp
2025-07-24 09:25:47,834 [INFO] IPUIPlugin:80 - create IPUIPlugin
2025-07-24 09:25:47,834 [INFO] PluginManager:220 - loadIPPluginJar : add openamp
2025-07-24 09:25:47,847 [INFO] IPUIPlugin:80 - create IPUIPlugin
2025-07-24 09:25:47,847 [INFO] PluginManager:220 - loadIPPluginJar : add pdm2pcm
2025-07-24 09:25:47,867 [INFO] IPUIPlugin:80 - create IPUIPlugin
2025-07-24 09:25:47,871 [INFO] PluginManager:220 - loadIPPluginJar : add plateformsettings
2025-07-24 09:25:47,880 [INFO] IPUIPlugin:80 - create IPUIPlugin
2025-07-24 09:25:47,881 [INFO] PluginManager:220 - loadIPPluginJar : add quadspi
2025-07-24 09:25:47,893 [INFO] IPUIPlugin:80 - create IPUIPlugin
2025-07-24 09:25:47,895 [INFO] PluginManager:220 - loadIPPluginJar : add radio
2025-07-24 09:25:47,910 [INFO] IPUIPlugin:80 - create IPUIPlugin
2025-07-24 09:25:47,910 [INFO] PluginManager:220 - loadIPPluginJar : add resmgrutility
2025-07-24 09:25:47,921 [INFO] IPUIPlugin:80 - create IPUIPlugin
2025-07-24 09:25:47,921 [INFO] PluginManager:220 - loadIPPluginJar : add sai
2025-07-24 09:25:47,931 [INFO] IPUIPlugin:80 - create IPUIPlugin
2025-07-24 09:25:47,931 [INFO] PluginManager:220 - loadIPPluginJar : add spi
2025-07-24 09:25:47,969 [INFO] IPUIPlugin:80 - create IPUIPlugin
2025-07-24 09:25:47,970 [INFO] PluginManager:220 - loadIPPluginJar : add stm32_wpan
2025-07-24 09:25:47,982 [INFO] IPUIPlugin:80 - create IPUIPlugin
2025-07-24 09:25:47,983 [INFO] PluginManager:220 - loadIPPluginJar : add tim
2025-07-24 09:25:47,998 [INFO] IPUIPlugin:80 - create IPUIPlugin
2025-07-24 09:25:47,998 [INFO] PluginManager:220 - loadIPPluginJar : add touchsensing
2025-07-24 09:25:48,011 [INFO] IPUIPlugin:80 - create IPUIPlugin
2025-07-24 09:25:48,011 [INFO] PluginManager:220 - loadIPPluginJar : add tracer_emb
2025-07-24 09:25:48,031 [INFO] IPUIPlugin:80 - create IPUIPlugin
2025-07-24 09:25:48,032 [INFO] PluginManager:220 - loadIPPluginJar : add ts
2025-07-24 09:25:48,045 [INFO] IPUIPlugin:80 - create IPUIPlugin
2025-07-24 09:25:48,045 [INFO] PluginManager:220 - loadIPPluginJar : add tsc
2025-07-24 09:25:48,184 [INFO] IPUIPlugin:80 - create IPUIPlugin
2025-07-24 09:25:48,185 [INFO] PluginManager:220 - loadIPPluginJar : add ucpd
2025-07-24 09:25:48,200 [INFO] IPUIPlugin:80 - create IPUIPlugin
2025-07-24 09:25:48,200 [INFO] PluginManager:220 - loadIPPluginJar : add usart
2025-07-24 09:25:48,213 [INFO] IPUIPlugin:80 - create IPUIPlugin
2025-07-24 09:25:48,214 [INFO] PluginManager:220 - loadIPPluginJar : add usbx
2025-07-24 09:25:48,465 [INFO] ThirdPartyUpdaterWithRetryManager:70 - Updater plugin not ready yet. [2/15]
2025-07-24 09:25:48,525 [FATAL] Updater:351 - Updater called before beeing initialized
2025-07-24 09:25:48,581 [INFO] RulesReader:64 - Compatibility file has been processed (317 Rules)
2025-07-24 09:25:48,642 [INFO] RulesReader:64 - Compatibility file has been processed (317 Rules)
2025-07-24 09:25:48,759 [INFO] CADModel:165 - CPN selected for project level
2025-07-24 09:25:48,759 [INFO] CADModel:114 - Register for checkConnection events
2025-07-24 09:25:48,760 [FATAL] Updater:351 - Updater called before beeing initialized
2025-07-24 09:25:48,760 [ERROR] CADModel:125 - Updater not yet initialized, retry later 
2025-07-24 09:25:49,256 [FATAL] Updater:351 - Updater called before beeing initialized
2025-07-24 09:25:49,259 [INFO] CADModel:165 - CPN selected for project level
2025-07-24 09:25:49,259 [INFO] CADModel:114 - Register for checkConnection events
2025-07-24 09:25:49,259 [FATAL] Updater:351 - Updater called before beeing initialized
2025-07-24 09:25:49,260 [ERROR] CADModel:125 - Updater not yet initialized, retry later 
2025-07-24 09:25:49,267 [FATAL] Updater:351 - Updater called before beeing initialized
2025-07-24 09:25:49,648 [FATAL] Updater:351 - Updater called before beeing initialized
2025-07-24 09:25:49,657 [INFO] DbMcusAds:53 - JSON generation date=Tue Jul 08 15:14:23 ICT 2025 (1751962463562)
2025-07-24 09:25:49,657 [FATAL] Updater:351 - Updater called before beeing initialized
2025-07-24 09:25:49,817 [WARN] DetailPanel:346 - Failed to get advertising image, set to default
2025-07-24 09:25:50,003 [FATAL] Updater:351 - Updater called before beeing initialized
2025-07-24 09:25:50,006 [FATAL] Updater:351 - Updater called before beeing initialized
2025-07-24 09:25:50,006 [FATAL] Updater:351 - Updater called before beeing initialized
2025-07-24 09:25:50,006 [WARN] DetailPanel:346 - Failed to get advertising image, set to default
2025-07-24 09:25:50,008 [FATAL] Updater:351 - Updater called before beeing initialized
2025-07-24 09:25:50,149 [ERROR] Updater:1198 - MainUpdater not yet initialized. External WinMGr cannot be set.
2025-07-24 09:25:50,157 [INFO] Updater:1134 - Updater Version found : 6.15.0
2025-07-24 09:25:50,193 [INFO] ApplicationProperties:184 - Using Application install path: C:\ST\STM32CubeIDE_1.16.1\STM32CubeIDE\plugins\com.st.stm32cube.common.mx_6.15.0.202507011659
2025-07-24 09:25:51,466 [FATAL] Updater:351 - Updater called before beeing initialized
2025-07-24 09:25:51,468 [ERROR] IntegrityCheckThread:130 - Cannot retrieve database content from updater: error 21
2025-07-24 09:25:51,468 [INFO] ThirdParty:978 - Integrity check success = false
2025-07-24 09:25:51,469 [INFO] IntegrityCheckThread:100 - exiting critical section [integrity check]
2025-07-24 09:25:51,469 [INFO] IntegrityCheckThread:103 - End integrity checks thread
2025-07-24 09:25:51,794 [ERROR] LogOutputStream:75 - [STDERR_REDIRECT] Jul 24, 2025 9:25:51 AM java.util.prefs.WindowsPreferences <init>
2025-07-24 09:25:51,798 [ERROR] LogOutputStream:75 - [STDERR_REDIRECT] WARNING: Could not open/create prefs root node Software\JavaSoft\Prefs at root 0xffffffff80000002. Windows RegCreateKeyEx(...) returned error code 5.
2025-07-24 09:25:51,799 [ERROR] LogOutputStream:75 - [STDERR_REDIRECT] 
2025-07-24 09:25:53,342 [INFO] MainUpdater:2872 - connection check result : 10
2025-07-24 09:25:53,344 [INFO] MainUpdater:289 - Updater Check For Update Now.
2025-07-24 09:25:53,344 [INFO] MicroXplorer:498 - Change Database Version : DB.6.0.150
2025-07-24 09:25:53,389 [INFO] McuFinderGlobals:63 - Set McuFinder mode to 2 (CubeIDE integrated)
2025-07-24 09:25:53,392 [INFO] UserAuth:487 - Internet connection configuration mode: 1
2025-07-24 09:25:53,474 [INFO] JxBrowserEngine:152 - Initiate JxBrowser Engine with user profile folder
2025-07-24 09:25:53,775 [INFO] CheckServerUpdateThread:120 - End of CheckServer Thread
2025-07-24 09:25:55,866 [INFO] WebApp:169 - Instantiating new browser for Auth
2025-07-24 09:25:57,232 [INFO] WebApp:463 - Apply proxy settings
2025-07-24 09:25:57,232 [INFO] WebApp:548 - Chromium requires no authentication
2025-07-24 09:25:57,254 [INFO] WebApp:491 - Direct internet connection detected
2025-07-24 09:25:57,298 [INFO] WebApp:900 - Register for checkConnection events
2025-07-24 09:25:57,298 [INFO] WebApp:463 - Apply proxy settings
2025-07-24 09:25:57,299 [INFO] WebApp:548 - Chromium requires no authentication
2025-07-24 09:25:57,300 [INFO] WebApp:491 - Direct internet connection detected
2025-07-24 09:25:57,633 [INFO] WebApp:191 - Connection restablished
2025-07-24 09:25:57,635 [INFO] WebApp:225 - Starting web application
2025-07-24 09:25:57,635 [INFO] WebApp:593 - Web application path used C:\ST\STM32CubeIDE_1.16.1\STM32CubeIDE\plugins\com.st.stm32cube.common.mx_6.15.0.202507011659\db\plugins\mcufinder\reactClient1\index.html
2025-07-24 09:25:57,864 [INFO] UserAuth:487 - Internet connection configuration mode: 1
2025-07-24 09:27:11,574 [INFO] McuFinderGlobals:63 - Set McuFinder mode to 2 (CubeIDE integrated)
2025-07-24 09:27:11,594 [INFO] MainUpdater:2872 - connection check result : 10
2025-07-24 09:27:11,599 [INFO] MainUpdater:2872 - connection check result : 10
2025-07-24 09:27:11,738 [INFO] MicroXplorer:468 - Change Database Path : 
2025-07-24 09:27:11,739 [INFO] MicroXplorer:498 - Change Database Version : DB.6.0.150
2025-07-24 09:27:11,746 [WARN] ThirdParty:871 - waiting for thirdparty lock release [close project]
2025-07-24 09:27:11,746 [INFO] ThirdParty:873 - entering critical section [close project]
2025-07-24 09:27:11,747 [INFO] ThirdParty:883 - exiting critical section [close project]
2025-07-24 09:27:11,748 [INFO] PinOutPanel:1589 - setPackage(No Configuration,No Configuration)
2025-07-24 09:27:11,750 [INFO] UtilMem:75 - Begin LoadConfig() Used Memory: 473580184 Bytes (660602880)
2025-07-24 09:27:11,753 [INFO] MicroXplorer:468 - Change Database Path : 
2025-07-24 09:27:11,753 [INFO] MicroXplorer:498 - Change Database Version : DB.6.0.150
2025-07-24 09:27:11,753 [INFO] OpenFileManager:355 - Change cursor
2025-07-24 09:27:11,765 [WARN] IntegrityCheckThread:84 - waiting for thirdparty lock release [integrity check]
2025-07-24 09:27:11,765 [INFO] IntegrityCheckThread:86 - entering critical section [integrity check]
2025-07-24 09:27:12,141 [WARN] PackLoader:240 - Cannot read IP mode file for STMicroelectronics.FP-SNS-MOTENVWB1.1.4.0
2025-07-24 09:27:12,149 [WARN] PackLoader:240 - Cannot read IP mode file for STMicroelectronics.FP-ATR-ASTRA1.2.0.2
2025-07-24 09:27:12,154 [WARN] PackLoader:240 - Cannot read IP mode file for STMicroelectronics.FP-ATR-ASTRA1.2.0.1
2025-07-24 09:27:12,164 [WARN] PackLoader:240 - Cannot read IP mode file for STMicroelectronics.X-CUBE-SMBUS.2.1.0
2025-07-24 09:27:12,174 [WARN] PackLoader:240 - Cannot read IP mode file for STMicroelectronics.X-CUBE-WB05N.1.1.0
2025-07-24 09:27:12,182 [WARN] PackLoader:240 - Cannot read IP mode file for STMicroelectronics.X-CUBE-ST60.1.0.0
2025-07-24 09:27:12,221 [WARN] PackLoader:240 - Cannot read IP mode file for STMicroelectronics.X-CUBE-AZRTOS-F7.1.1.0
2025-07-24 09:27:12,259 [WARN] PackLoader:240 - Cannot read IP mode file for STMicroelectronics.X-CUBE-MEMS1.11.0.0
2025-07-24 09:27:12,369 [WARN] PackLoader:240 - Cannot read IP mode file for STMicroelectronics.FP-SNS-FLIGHT1.5.0.2
2025-07-24 09:27:12,388 [WARN] PackLoader:240 - Cannot read IP mode file for STMicroelectronics.X-CUBE-AZRTOS-H7.3.4.0
2025-07-24 09:27:12,397 [WARN] PackLoader:240 - Cannot read IP mode file for STMicroelectronics.X-CUBE-DISPLAY.3.0.0
2025-07-24 09:27:12,406 [WARN] PackLoader:240 - Cannot read IP mode file for STMicroelectronics.X-CUBE-BLE1.7.0.0
2025-07-24 09:27:12,413 [WARN] PackLoader:240 - Cannot read IP mode file for STMicroelectronics.X-CUBE-NFC10.1.0.0
2025-07-24 09:27:12,439 [WARN] PackLoader:240 - Cannot read IP mode file for STMicroelectronics.X-CUBE-BLEMGR.4.0.0
2025-07-24 09:27:12,449 [WARN] PackLoader:240 - Cannot read IP mode file for emotas.I-CUBE-CANOPEN.1.3.0
2025-07-24 09:27:12,457 [WARN] PackLoader:240 - Cannot read IP mode file for STMicroelectronics.X-CUBE-BLEMGR.3.1.0
2025-07-24 09:27:12,464 [WARN] PackLoader:240 - Cannot read IP mode file for STMicroelectronics.X-CUBE-AI.10.0.0
2025-07-24 09:27:12,471 [WARN] PackLoader:240 - Cannot read IP mode file for STMicroelectronics.FP-SNS-SMARTAG2.1.2.0
2025-07-24 09:27:12,476 [WARN] PackLoader:240 - Cannot read IP mode file for STMicroelectronics.FP-SNS-FLIGHT1.5.1.0
2025-07-24 09:27:12,505 [WARN] PackLoader:240 - Cannot read IP mode file for STMicroelectronics.X-CUBE-MEMS1.11.1.0
2025-07-24 09:27:12,615 [INFO] LogOutputStream:77 - [STDOUT_REDIRECT] 1 : Invalid condition id : UX_CORESTACK_Condition cause : null
2025-07-24 09:27:12,617 [INFO] LogOutputStream:77 - [STDOUT_REDIRECT] 1 : Invalid condition id : UX_CORESTACK_Condition cause : null
2025-07-24 09:27:12,619 [INFO] LogOutputStream:77 - [STDOUT_REDIRECT] 1 : Invalid condition id : UX_CORESTACK_Condition cause : null
2025-07-24 09:27:12,621 [INFO] LogOutputStream:77 - [STDOUT_REDIRECT] 1 : Invalid condition id : UX_CORESTACK_Condition cause : null
2025-07-24 09:27:12,623 [INFO] LogOutputStream:77 - [STDOUT_REDIRECT] 1 : Invalid condition id : UX_CORESTACK_Condition cause : null
2025-07-24 09:27:12,626 [WARN] PackLoader:240 - Cannot read IP mode file for STMicroelectronics.X-CUBE-AZRTOS-WL.2.0.0
2025-07-24 09:27:12,633 [WARN] PackLoader:240 - Cannot read IP mode file for STMicroelectronics.FP-SNS-MOTENV1.5.0.0
2025-07-24 09:27:12,639 [WARN] PackLoader:240 - Cannot read IP mode file for wolfSSL.I-CUBE-wolfMQTT.1.19.0
2025-07-24 09:27:12,652 [WARN] PackLoader:240 - Cannot read IP mode file for WES.I-CUBE-Cesium.1.3.0
2025-07-24 09:27:12,658 [WARN] PackLoader:240 - Cannot read IP mode file for STMicroelectronics.X-CUBE-BLE2.3.3.0
2025-07-24 09:27:12,665 [WARN] PackLoader:240 - Cannot read IP mode file for STMicroelectronics.X-CUBE-NFC9.1.0.0
2025-07-24 09:27:12,672 [WARN] PackLoader:240 - Cannot read IP mode file for STMicroelectronics.X-CUBE-BLE1.7.1.0
2025-07-24 09:27:12,680 [WARN] PackLoader:240 - Cannot read IP mode file for STMicroelectronics.X-CUBE-TCPP.4.1.0
2025-07-24 09:27:12,689 [WARN] PackLoader:240 - Cannot read IP mode file for STMicroelectronics.X-CUBE-EEPRMA1.5.2.0
2025-07-24 09:27:12,696 [WARN] PackLoader:240 - Cannot read IP mode file for STMicroelectronics.X-CUBE-AI.10.1.0
2025-07-24 09:27:12,728 [WARN] PackLoader:240 - Cannot read IP mode file for STMicroelectronics.X-CUBE-MEMS1.11.2.0
2025-07-24 09:27:12,839 [WARN] PackLoader:240 - Cannot read IP mode file for STMicroelectronics.X-CUBE-AZRTOS-G0.1.1.0
2025-07-24 09:27:12,853 [WARN] PackLoader:240 - Cannot read IP mode file for STMicroelectronics.X-CUBE-SAFEA1.1.2.2
2025-07-24 09:27:12,861 [WARN] PackLoader:240 - Cannot read IP mode file for STMicroelectronics.X-CUBE-NFC4.3.0.0
2025-07-24 09:27:12,879 [WARN] PackLoader:240 - Cannot read IP mode file for EmbeddedOffice.I-CUBE-FS-RTOS.1.0.1
2025-07-24 09:27:12,890 [WARN] PackLoader:240 - Cannot read IP mode file for STMicroelectronics.X-CUBE-WB05N.2.0.0
2025-07-24 09:27:12,899 [WARN] PackLoader:240 - Cannot read IP mode file for STMicroelectronics.X-CUBE-TCPP.4.2.0
2025-07-24 09:27:12,909 [WARN] PackLoader:240 - Cannot read IP mode file for RealThread.X-CUBE-RT-Thread_Nano.4.1.1
2025-07-24 09:27:12,918 [WARN] PackLoader:240 - Cannot read IP mode file for STMicroelectronics.FP-ATR-SIGFOX1.3.2.0
2025-07-24 09:27:12,929 [WARN] ConditionMgr:438 - getConditionDescription Invalid condition id : Cortex-A Device cause : null
2025-07-24 09:27:12,960 [WARN] ConditionMgr:1044 - genDependencies : Invalid condition id : Cortex-A Device cause : null
2025-07-24 09:27:12,960 [WARN] ConditionMgr:1044 - genDependencies : Invalid condition id : Cortex-A Device cause : null
2025-07-24 09:27:12,961 [WARN] ConditionMgr:1044 - genDependencies : Invalid condition id : Cortex-A Device cause : null
2025-07-24 09:27:12,969 [WARN] PackLoader:240 - Cannot read IP mode file for STMicroelectronics.X-CUBE-EEPRMA1.5.1.0
2025-07-24 09:27:12,993 [WARN] PackLoader:240 - Cannot read IP mode file for wolfSSL.I-CUBE-wolfSSL.5.7.4
2025-07-24 09:27:13,004 [WARN] PackLoader:240 - Cannot read IP mode file for ITTIA_DB.I-CUBE-ITTIADB.8.9.0
2025-07-24 09:27:13,021 [WARN] PackLoader:240 - Cannot read IP mode file for STMicroelectronics.X-CUBE-ST67W61.1.0.0
2025-07-24 09:27:13,058 [WARN] PackLoader:240 - Cannot read IP mode file for SEGGER.I-CUBE-embOS.1.3.1
2025-07-24 09:27:13,096 [WARN] PackLoader:240 - Cannot read IP mode file for STMicroelectronics.X-CUBE-ALGOBUILD.1.4.0
2025-07-24 09:27:13,141 [WARN] PackLoader:240 - Cannot read IP mode file for STMicroelectronics.X-CUBE-MEMS1.11.3.0
2025-07-24 09:27:13,222 [WARN] PackLoader:240 - Cannot read IP mode file for STMicroelectronics.X-CUBE-AI.9.1.0
2025-07-24 09:27:13,228 [WARN] PackLoader:240 - Cannot read IP mode file for STMicroelectronics.X-CUBE-PM33A1.1.0.0
2025-07-24 09:27:13,240 [WARN] PackLoader:240 - Cannot read IP mode file for STMicroelectronics.X-CUBE-AZRTOS-F4.1.1.0
2025-07-24 09:27:13,249 [WARN] PackLoader:240 - Cannot read IP mode file for Avnet-IotConnect.X-CUBE-IoTC-DA16k-PMOD.1.0.0
2025-07-24 09:27:13,255 [WARN] PackLoader:240 - Cannot read IP mode file for STMicroelectronics.X-CUBE-ISPU.2.1.0
2025-07-24 09:27:13,260 [WARN] PackLoader:240 - Cannot read IP mode file for STMicroelectronics.X-CUBE-FREERTOS.1.2.0
2025-07-24 09:27:13,280 [WARN] PackLoader:240 - Cannot read IP mode file for STMicroelectronics.X-CUBE-NFC12.1.0.0
2025-07-24 09:27:13,297 [WARN] PackLoader:240 - Cannot read IP mode file for STMicroelectronics.X-CUBE-AZRTOS-L5.2.0.0
2025-07-24 09:27:13,307 [WARN] PackLoader:240 - Cannot read IP mode file for STMicroelectronics.X-CUBE-NFC6.3.1.0
2025-07-24 09:27:13,315 [WARN] PackLoader:240 - Cannot read IP mode file for STMicroelectronics.X-CUBE-DPower.1.2.0
2025-07-24 09:27:13,322 [WARN] PackLoader:240 - Cannot read IP mode file for STMicroelectronics.X-CUBE-FREERTOS.1.3.1
2025-07-24 09:27:13,327 [WARN] PackLoader:240 - Cannot read IP mode file for STMicroelectronics.X-CUBE-FREERTOS.1.3.0
2025-07-24 09:27:13,334 [WARN] PackLoader:240 - Cannot read IP mode file for STMicroelectronics.X-CUBE-NFC7.1.0.1
2025-07-24 09:27:13,342 [WARN] PackLoader:240 - Cannot read IP mode file for STMicroelectronics.FP-SNS-STAIOTCFT.1.0.0
2025-07-24 09:27:13,347 [WARN] PackLoader:240 - Cannot read IP mode file for STMicroelectronics.X-CUBE-DPower.1.3.0
2025-07-24 09:27:13,361 [WARN] ConditionMgr:438 - getConditionDescription Invalid condition id : LAN8742 Phy interface Condition cause : null
2025-07-24 09:27:13,361 [WARN] PackLoader:240 - Cannot read IP mode file for STMicroelectronics.X-CUBE-AZRTOS-L4.2.0.0
2025-07-24 09:27:13,362 [WARN] ConditionMgr:1044 - genDependencies : Invalid condition id : LAN8742 Phy interface Condition cause : null
2025-07-24 09:27:13,362 [WARN] ConditionMgr:1044 - genDependencies : Invalid condition id : LAN8742 Phy interface Condition cause : null
2025-07-24 09:27:13,363 [WARN] ConditionMgr:1044 - genDependencies : Invalid condition id : LAN8742 Phy interface Condition cause : null
2025-07-24 09:27:13,370 [WARN] PackLoader:240 - Cannot read IP mode file for STMicroelectronics.X-CUBE-SFXS2LP1.4.0.0
2025-07-24 09:27:13,387 [WARN] PackLoader:240 - Cannot read IP mode file for STMicroelectronics.X-CUBE-AZRTOS-H7.3.3.0
2025-07-24 09:27:13,402 [WARN] PackLoader:240 - Cannot read IP mode file for STMicroelectronics.X-CUBE-BLEMGR.4.1.0
2025-07-24 09:27:13,421 [WARN] PackLoader:240 - Cannot read IP mode file for STMicroelectronics.X-CUBE-IPS.3.0.0
2025-07-24 09:27:13,437 [WARN] ConditionMgr:438 - getConditionDescription Invalid condition id : UX DEVICE CLASS RTOS Condition cause : null
2025-07-24 09:27:13,437 [WARN] ConditionMgr:438 - getConditionDescription Invalid condition id : UX DEVICE CLASS RTOS Condition cause : null
2025-07-24 09:27:13,439 [WARN] PackLoader:240 - Cannot read IP mode file for STMicroelectronics.X-CUBE-AZRTOS-WB.2.0.0
2025-07-24 09:27:13,440 [WARN] ConditionMgr:1044 - genDependencies : Invalid condition id : UX DEVICE CLASS RTOS Condition cause : null
2025-07-24 09:27:13,440 [WARN] ConditionMgr:1044 - genDependencies : Invalid condition id : UX DEVICE CLASS RTOS Condition cause : null
2025-07-24 09:27:13,440 [WARN] ConditionMgr:1044 - genDependencies : Invalid condition id : UX DEVICE CLASS RTOS Condition cause : null
2025-07-24 09:27:13,440 [WARN] ConditionMgr:1044 - genDependencies : Invalid condition id : UX DEVICE CLASS RTOS Condition cause : null
2025-07-24 09:27:13,440 [WARN] ConditionMgr:1044 - genDependencies : Invalid condition id : UX DEVICE CLASS RTOS Condition cause : null
2025-07-24 09:27:13,448 [WARN] PackLoader:240 - Cannot read IP mode file for STMicroelectronics.X-CUBE-GNSS1.7.0.0
2025-07-24 09:27:13,456 [WARN] PackLoader:240 - Cannot read IP mode file for STMicroelectronics.X-CUBE-GNSS1.7.0.1
2025-07-24 09:27:13,467 [WARN] PackLoader:240 - Cannot read IP mode file for STMicroelectronics.X-CUBE-TOUCHGFX.4.25.0
2025-07-24 09:27:13,475 [WARN] PackLoader:240 - Cannot read IP mode file for STMicroelectronics.FP-SNS-STBOX1.2.0.0
2025-07-24 09:27:13,489 [WARN] PackLoader:240 - Cannot read IP mode file for STMicroelectronics.X-CUBE-SUBG2.5.0.0
2025-07-24 09:27:13,508 [WARN] PackLoader:240 - Cannot read IP mode file for STMicroelectronics.X-CUBE-AZRTOS-H7RS.1.1.0
2025-07-24 09:27:13,517 [WARN] PackLoader:240 - Cannot read IP mode file for Cesanta.I-CUBE-Mongoose.7.13.0
2025-07-24 09:27:13,531 [WARN] PackLoader:240 - Cannot read IP mode file for STMicroelectronics.X-CUBE-AZRTOS-G4.2.0.0
2025-07-24 09:27:13,540 [WARN] PackLoader:240 - Cannot read IP mode file for STMicroelectronics.X-CUBE-NFC7.2.0.0
2025-07-24 09:27:13,553 [WARN] PackLoader:240 - Cannot read IP mode file for STMicroelectronics.X-CUBE-IPS.3.1.0
2025-07-24 09:27:13,565 [WARN] PackLoader:240 - Cannot read IP mode file for STMicroelectronics.X-CUBE-ALS.1.0.2
2025-07-24 09:27:13,574 [WARN] PackLoader:240 - Cannot read IP mode file for STMicroelectronics.X-CUBE-TOUCHGFX.4.24.2
2025-07-24 09:27:13,582 [WARN] PackLoader:240 - Cannot read IP mode file for STMicroelectronics.X-CUBE-TOUCHGFX.4.24.1
2025-07-24 09:27:13,594 [WARN] PackLoader:240 - Cannot read IP mode file for wolfSSL.I-CUBE-wolfTPM.3.4.0
2025-07-24 09:27:13,604 [WARN] PackLoader:240 - Cannot read IP mode file for portGmbH.I-Cube-SoM-uGOAL.1.1.0
2025-07-24 09:27:13,623 [WARN] PackLoader:240 - Cannot read IP mode file for STMicroelectronics.X-CUBE-AZRTOS-H7RS.1.0.0
2025-07-24 09:27:13,631 [WARN] PackLoader:240 - Cannot read IP mode file for STMicroelectronics.FP-ATR-ASTRA1.2.0.0
2025-07-24 09:27:13,644 [WARN] PackLoader:240 - Cannot read IP mode file for STMicroelectronics.X-CUBE-TOF1.3.4.2
2025-07-24 09:27:13,666 [WARN] PackLoader:240 - Cannot read IP mode file for STMicroelectronics.X-CUBE-TOF1.3.4.3
2025-07-24 09:27:13,693 [WARN] PackLoader:240 - Cannot read IP mode file for Infineon.AIROC-Wi-Fi-Bluetooth-STM32.1.6.1
2025-07-24 09:27:13,702 [WARN] PackLoader:240 - Cannot read IP mode file for wolfSSL.I-CUBE-wolfSSH.1.4.17
2025-07-24 09:27:13,702 [INFO] ThirdParty:978 - Integrity check success = true
2025-07-24 09:27:13,702 [INFO] IntegrityCheckThread:100 - exiting critical section [integrity check]
2025-07-24 09:27:13,702 [INFO] IntegrityCheckThread:103 - End integrity checks thread
2025-07-24 09:27:13,741 [INFO] Mcu:2029 - Initializing MCU STM32F767ZITx STM32F767ZITx STM32F767ZIT6
2025-07-24 09:27:17,316 [INFO] Context:786 - Trying to add GPIOservice into a context  which must be forbidden
2025-07-24 09:27:18,349 [INFO] ImportTextPane:234 - (OptionalMessage_ERROR) Pin30 (VP_RIF_VS_RIF1) cannot be retrieved for this MCU
2025-07-24 09:27:18,831 [INFO] RtosManager:558 - Registered RTOS mode: class=CMSIS, group=RTOS, mode=CMSIS_V1, owner=FREERTOS
2025-07-24 09:27:18,832 [INFO] RtosManager:558 - Registered RTOS mode: class=CMSIS, group=RTOS2, mode=CMSIS_V2, owner=FREERTOS
2025-07-24 09:27:18,832 [INFO] RtosManager:558 - Registered RTOS mode: class=RTOS, group=Core, mode=CMSIS_V1, owner=FREERTOS
2025-07-24 09:27:18,832 [INFO] RtosManager:558 - Registered RTOS mode: class=RTOS, group=Core, mode=CMSIS_V2, owner=FREERTOS
2025-07-24 09:27:18,832 [WARN] ModelIntegratedComponent:184 - Missing modes for component STMicroelectronics:FreeRTOS:0.0.1:STMicroelectronics:RTOS:FreeRTOS:Core:::10.2.0:
2025-07-24 09:27:18,849 [WARN] ModelIntegratedComponent:63 - No mode defined for component null
2025-07-24 09:27:18,849 [WARN] ModelIntegratedComponent:63 - No mode defined for component null
2025-07-24 09:27:18,849 [WARN] ModelIntegratedComponent:63 - No mode defined for component null
2025-07-24 09:27:18,849 [WARN] ModelIntegratedComponent:63 - No mode defined for component null
2025-07-24 09:27:18,849 [WARN] ModelIntegratedComponent:63 - No mode defined for component null
2025-07-24 09:27:18,849 [WARN] ModelIntegratedComponent:63 - No mode defined for component null
2025-07-24 09:27:18,849 [WARN] ModelIntegratedComponent:63 - No mode defined for component null
2025-07-24 09:27:18,849 [WARN] ModelIntegratedComponent:63 - No mode defined for component null
2025-07-24 09:27:18,849 [WARN] ModelIntegratedComponent:63 - No mode defined for component null
2025-07-24 09:27:18,850 [WARN] ModelIntegratedComponent:63 - No mode defined for component null
2025-07-24 09:27:18,850 [WARN] ModelIntegratedComponent:63 - No mode defined for component null
2025-07-24 09:27:18,850 [WARN] ModelIntegratedComponent:63 - No mode defined for component null
2025-07-24 09:27:18,850 [WARN] ModelIntegratedComponent:63 - No mode defined for component null
2025-07-24 09:27:18,850 [WARN] ModelIntegratedComponent:63 - No mode defined for component null
2025-07-24 09:27:18,850 [WARN] ModelIntegratedComponent:63 - No mode defined for component null
2025-07-24 09:27:18,850 [WARN] ModelIntegratedComponent:63 - No mode defined for component null
2025-07-24 09:27:18,850 [WARN] ModelIntegratedComponent:63 - No mode defined for component null
2025-07-24 09:27:18,850 [WARN] ModelIntegratedComponent:63 - No mode defined for component null
2025-07-24 09:27:18,850 [WARN] ModelIntegratedComponent:63 - No mode defined for component null
2025-07-24 09:27:18,850 [WARN] ModelIntegratedComponent:63 - No mode defined for component null
2025-07-24 09:27:18,850 [WARN] ModelIntegratedComponent:63 - No mode defined for component null
2025-07-24 09:27:18,851 [WARN] ModelIntegratedComponent:63 - No mode defined for component null
2025-07-24 09:27:18,851 [WARN] ModelIntegratedComponent:63 - No mode defined for component null
2025-07-24 09:27:18,851 [WARN] ModelIntegratedComponent:63 - No mode defined for component null
2025-07-24 09:27:18,851 [WARN] ModelIntegratedComponent:63 - No mode defined for component null
2025-07-24 09:27:18,851 [WARN] ModelIntegratedComponent:63 - No mode defined for component null
2025-07-24 09:27:18,851 [WARN] ModelIntegratedComponent:63 - No mode defined for component null
2025-07-24 09:27:18,851 [WARN] ModelIntegratedComponent:63 - No mode defined for component null
2025-07-24 09:27:18,852 [WARN] ModelIntegratedComponent:63 - No mode defined for component null
2025-07-24 09:27:18,852 [WARN] ModelIntegratedComponent:63 - No mode defined for component null
2025-07-24 09:27:18,852 [WARN] ModelIntegratedComponent:63 - No mode defined for component null
2025-07-24 09:27:18,852 [WARN] ModelIntegratedComponent:63 - No mode defined for component null
2025-07-24 09:27:18,852 [WARN] ModelIntegratedComponent:63 - No mode defined for component null
2025-07-24 09:27:18,853 [WARN] ModelIntegratedComponent:63 - No mode defined for component null
2025-07-24 09:27:18,853 [WARN] ModelIntegratedComponent:63 - No mode defined for component null
2025-07-24 09:27:18,853 [WARN] ModelPack:524 - Component already loaded: STMicroelectronics:HAL Drivers:0.0.0:STMicroelectronics:Device:STMicro_Driver:XSPI:HAL::0.0.1:HAL_XSPI
2025-07-24 09:27:19,256 [INFO] ThirdPartyModel:298 - Start build external matchings
2025-07-24 09:27:20,748 [INFO] ThirdPartyModel:316 - End build external matchings
2025-07-24 09:27:20,780 [WARN] IP:2250 - Warning not found: check if there is a RefParameter without a condition.
2025-07-24 09:27:20,781 [WARN] IP:2250 - RxBufferAddress not found: check if there is a RefParameter without a condition.
2025-07-24 09:27:20,781 [WARN] IP:2250 - DESC_SIZE_UNIT not found: check if there is a RefParameter without a condition.
2025-07-24 09:27:20,782 [INFO] ImportTextPane:234 - (OptionalMessage_ERROR) IP (ETH) : Invalid parameter (PHY_Name)
2025-07-24 09:27:20,782 [INFO] ImportTextPane:234 - (OptionalMessage_ERROR) IP (ETH) : Invalid parameter (PHY_Value)
2025-07-24 09:27:20,782 [INFO] ImportTextPane:234 - (OptionalMessage_ERROR) IP (ETH) : Invalid parameter (PhyAddress)
2025-07-24 09:27:20,784 [INFO] ImportTextPane:234 - (OptionalMessage_ERROR) IP (RCC) : Invalid parameter (48MHZClocksFreq_Value)
2025-07-24 09:27:20,784 [INFO] ImportTextPane:234 - (OptionalMessage_ERROR) IP (RCC) : Invalid parameter (ADC12outputFreq_Value)
2025-07-24 09:27:20,784 [INFO] ImportTextPane:234 - (OptionalMessage_ERROR) IP (RCC) : Invalid parameter (ADC34outputFreq_Value)
2025-07-24 09:27:20,784 [INFO] ImportTextPane:234 - (OptionalMessage_ERROR) IP (RCC) : Invalid parameter (FamilyName)
2025-07-24 09:27:20,784 [INFO] ImportTextPane:234 - (OptionalMessage_ERROR) IP (RCC) : Invalid parameter (I2SClocksFreq_Value)
2025-07-24 09:27:20,784 [INFO] ImportTextPane:234 - (OptionalMessage_ERROR) IP (RCC) : Invalid parameter (LCDTFToutputFreq_Value)
2025-07-24 09:27:20,784 [INFO] ImportTextPane:234 - (OptionalMessage_ERROR) IP (RCC) : Invalid parameter (MCOFreq_Value)
2025-07-24 09:27:20,785 [INFO] ImportTextPane:234 - (OptionalMessage_ERROR) IP (RCC) : Invalid parameter (PLLMCOFreq_Value)
2025-07-24 09:27:20,785 [INFO] ImportTextPane:234 - (OptionalMessage_ERROR) IP (RCC) : Invalid parameter (PLLMUL)
2025-07-24 09:27:20,786 [INFO] ImportTextPane:234 - (OptionalMessage_ERROR) IP (RCC) : Invalid parameter (PRESCALERUSB)
2025-07-24 09:27:20,786 [INFO] ImportTextPane:234 - (OptionalMessage_ERROR) IP (RCC) : Invalid parameter (RTCHSEDivFreq_Value)
2025-07-24 09:27:20,786 [INFO] ImportTextPane:234 - (OptionalMessage_ERROR) IP (RCC) : Parameter (SDMMC2Freq_Value) has invalid value (96000000)
2025-07-24 09:27:20,786 [INFO] ImportTextPane:234 - (OptionalMessage_ERROR) IP (RCC) : Parameter (SDMMCFreq_Value) has invalid value (96000000)
2025-07-24 09:27:20,786 [INFO] ImportTextPane:234 - (OptionalMessage_ERROR) IP (RCC) : Invalid parameter (SYSCLKSourceVirtual)
2025-07-24 09:27:20,786 [INFO] ImportTextPane:234 - (OptionalMessage_ERROR) IP (RCC) : Invalid parameter (TIM15Freq_Value)
2025-07-24 09:27:20,786 [INFO] ImportTextPane:234 - (OptionalMessage_ERROR) IP (RCC) : Invalid parameter (TIM16Freq_Value)
2025-07-24 09:27:20,786 [INFO] ImportTextPane:234 - (OptionalMessage_ERROR) IP (RCC) : Invalid parameter (TIM17Freq_Value)
2025-07-24 09:27:20,786 [INFO] ImportTextPane:234 - (OptionalMessage_ERROR) IP (RCC) : Invalid parameter (TIM1Freq_Value)
2025-07-24 09:27:20,786 [INFO] ImportTextPane:234 - (OptionalMessage_ERROR) IP (RCC) : Invalid parameter (TIM20Freq_Value)
2025-07-24 09:27:20,786 [INFO] ImportTextPane:234 - (OptionalMessage_ERROR) IP (RCC) : Invalid parameter (TIM2Freq_Value)
2025-07-24 09:27:20,786 [INFO] ImportTextPane:234 - (OptionalMessage_ERROR) IP (RCC) : Invalid parameter (TIM3Freq_Value)
2025-07-24 09:27:20,786 [INFO] ImportTextPane:234 - (OptionalMessage_ERROR) IP (RCC) : Invalid parameter (TIM8Freq_Value)
2025-07-24 09:27:20,787 [INFO] ImportTextPane:234 - (OptionalMessage_ERROR) IP (RCC) : Invalid parameter (VCOOutput2Freq_Value)
2025-07-24 09:27:20,787 [INFO] ImportTextPane:234 - (OptionalMessage_ERROR) IP (RCC) : Invalid parameter (VcooutputI2S)
2025-07-24 09:27:22,687 [INFO] ApiDb:581 - Connected to CubeFinder SQLite database (C:\Users\Chinnapop\.stmcufinder\plugins\mcufinder\mcu\cube-finder-db.db)
2025-07-24 09:27:22,852 [INFO] ApiDb:668 - CubeFinder database Data Model version=2.1
2025-07-24 09:27:22,852 [INFO] ApiDb:669 - CubeFinder database Configuration version=3.0.39
2025-07-24 09:27:22,852 [INFO] ApiDb:670 - CubeFinder database generation date=2025-06-24 (1750757100)
2025-07-24 09:27:22,853 [INFO] ApiDb:671 - CubeFinder database FW Pack versions=[FP-ATR-ASTRA1_V2.0.0, FP-SNS-FLIGHT1_V5.1.0, FP-SNS-MOTENV1_V5.0.0, FP-SNS-MOTENVWB1_V1.4.0, FP-SNS-SMARTAG2_V1.2.0, FP-SNS-STBOX1_V2.0.0, STM32Cube_FW_C0_V1.4.0, STM32Cube_FW_F4_V1.28.2, STM32Cube_FW_F7_V1.17.3, STM32Cube_FW_G0_V1.6.2, STM32Cube_FW_G4_V1.6.1, STM32Cube_FW_H5_V1.5.0, STM32Cube_FW_H7RS_V1.2.0, STM32Cube_FW_H7_V1.12.1, STM32Cube_FW_L0_V1.12.2, STM32Cube_FW_L4_V1.18.1, STM32Cube_FW_L5_V1.5.1, STM32Cube_FW_N6_V1.2.0, STM32Cube_FW_U0_V1.3.0, STM32Cube_FW_U3_V1.2.0, STM32Cube_FW_U5_V1.8.0, STM32Cube_FW_WB0_V1.3.0, STM32Cube_FW_WBA_V1.7.0, STM32Cube_FW_WB_V1.23.0, STM32Cube_FW_WL3_V1.2.0, STM32Cube_FW_WL_V1.3.1, X-CUBE-ALGOBUILD_V1.4.0, X-CUBE-ALS_V1.0.2, X-CUBE-AZRTOS-F4_V1.1.0, X-CUBE-AZRTOS-F7_V1.1.0, X-CUBE-AZRTOS-G0_V1.1.0, X-CUBE-AZRTOS-G4_V2.0.0, X-CUBE-AZRTOS-H7RS_V1.1.0, X-CUBE-AZRTOS-H7_V3.3.0, X-CUBE-AZRTOS-L4_V2.0.0, X-CUBE-AZRTOS-L5_V2.0.0, X-CUBE-AZRTOS-WB_V2.0.0, X-CUBE-AZRTOS-WL_V2.0.0, X-CUBE-BLE1_V7.1.0, X-CUBE-BLE2_V3.3.0, X-CUBE-BLEMGR_V4.0.0, X-CUBE-EEPRMA1_V5.1.0, X-CUBE-FREERTOS_V1.3.1, X-CUBE-GNSS1_V6.0.0, X-CUBE-MEMS1_V11.3.0, X-CUBE-NFC4_V3.0.0, X-CUBE-NFC7_V2.0.0, X-CUBE-SFXS2LP1_V4.0.0, X-CUBE-SUBG2_V5.0.0, X-CUBE-TOF1_V3.4.3]
2025-07-24 09:27:23,041 [INFO] DbBoardsSqlite:226 - include board P-NUCLEO-WB55-NUCLEO as a kit item of type 'Nucleo-64'
2025-07-24 09:27:23,042 [INFO] DbBoardsSqlite:226 - include board P-NUCLEO-WB55-USBDONGLE as a kit item of type 'Nucleo USB Dongle'
2025-07-24 09:27:23,043 [INFO] DbBoardsSqlite:226 - include board STEVAL-IDP005V1 as a kit item of type 'Evaluation Board'
2025-07-24 09:27:23,044 [INFO] DbBoardsSqlite:226 - include board STEVAL-IDP005V2 as a kit item of type 'Evaluation Board'
2025-07-24 09:27:23,580 [INFO] ApiDb:240 - Found 880 in-development CPN: [B-G473E-ZEST1S, B-WB1M-WPAN1, B-WBA5M-WPAN, B-WL5M-SUBG1, NUCLEO-C031C6, NUCLEO-C051C8, NUCLEO-C071RB, NUCLEO-C092RC, NUCLEO-H503RB, NUCLEO-H533RE, NUCLEO-H563ZI, NUCLEO-H7S3L8, NUCLEO-N657X0-Q, NUCLEO-U031R8, NUCLEO-U083RC, NUCLEO-U385RG-Q, NUCLEO-U545RE-Q, NUCLEO-U5A5ZJ-Q, NUCLEO-WB05KZ, NUCLEO-WB07CC, NUCLEO-WB09KE, NUCLEO-WBA52CG, NUCLEO-WBA55CG, NUCLEO-WL33CC1, NUCLEO-WL33CC2, STEVAL-PROTEUS1, STEVAL-SMARTAG2, STEVAL-STWINBX1, STM320518-EVAL, STM32C0116-DK, STM32C011D6Y3TR, STM32C011D6Y6TR, STM32C011F4P3, STM32C011F4P6, STM32C011F4U3, STM32C011F4U6TR, STM32C011F6P3, STM32C011F6P6, STM32C011F6U3, STM32C011F6U6TR, STM32C011J4M3, STM32C011J4M6, STM32C011J6M3, STM32C011J6M6, STM32C0316-DK, STM32C031C4T3, STM32C031C4T6, STM32C031C4U3, STM32C031C4U6, STM32C031C6T3, STM32C031C6T6, STM32C031C6U3, STM32C031C6U6, STM32C031F4P3, STM32C031F4P6, STM32C031F6P3, STM32C031F6P6, STM32C031G4U3, STM32C031G4U6, STM32C031G6U3, STM32C031G6U6, STM32C031K4T3, STM32C031K4T6, STM32C031K4U3, STM32C031K4U6, STM32C031K6T3, STM32C031K6T6, STM32C031K6U3, STM32C031K6U6, STM32C051C6T6, STM32C051C6U6, STM32C051C8T6, STM32C051C8U6, STM32C051D8Y6TR, STM32C051F6P6, STM32C051F8P6, STM32C051G6U6, STM32C051G8U6, STM32C051K6T6, STM32C051K6U6, STM32C051K8T6, STM32C071C8T6, STM32C071C8T6N, STM32C071C8U6, STM32C071C8U6N, STM32C071CBT6, STM32C071CBT6N, STM32C071CBU6, STM32C071CBU6N, STM32C071F8P6, STM32C071F8P6N, STM32C071FBP6, STM32C071FBP6N, STM32C071FBY6TR, STM32C071G8U6, STM32C071G8U6N, STM32C071GBU6, STM32C071GBU6N, STM32C071K8T6, STM32C071K8T6N, STM32C071K8U6, STM32C071K8U6N, STM32C071KBT6, STM32C071KBT6N, STM32C071KBU6, STM32C071KBU6N, STM32C071R8T6, STM32C071R8T6N, STM32C071RBI6N, STM32C071RBT6, STM32C071RBT6N, STM32C091CBT6, STM32C091CBU6, STM32C091CCT6, STM32C091CCU6, STM32C091ECY6TR, STM32C091FBP6, STM32C091FCP6, STM32C091GBU6, STM32C091GCU6, STM32C091KBT6, STM32C091KBU6, STM32C091KCT6, STM32C091KCU6, STM32C091RBT6, STM32C091RCI6, STM32C091RCT6, STM32C092CBT6, STM32C092CBU6, STM32C092CCT6, STM32C092CCU6, STM32C092ECY6TR, STM32C092FBP6, STM32C092FCP6, STM32C092GBU6, STM32C092GCU6, STM32C092KBT6, STM32C092KBU6, STM32C092KCT6, STM32C092KCU6, STM32C092RBT6, STM32C092RCI6, STM32C092RCT6, STM32G071K8TXN, STM32G071K8UXN, STM32G081GBU6N, STM32G081KBT6N, STM32G081KBUXN, STM32G0B1CCT6N, STM32G0B1KCT6, STM32G0B1NEY6TR, STM32G0B1RCT6N, STM32G0C1CCT6, STM32G0C1CCT6N, STM32G0C1CCU6N, STM32G0C1CET6N, STM32G0C1CEU6N, STM32G0C1KCT6, STM32G0C1NEY6TR, STM32G0C1RCI6N, STM32G0C1RCT6N, STM32G0C1REI6N, STM32G0C1RET6N, STM32G0C1VCI6, STM32G0C1VEI6, STM32G411C6T3, STM32G411C6T6, STM32G411C6U3, STM32G411C6U6, STM32G411C8T3, STM32G411C8T6, STM32G411C8U3, STM32G411C8U6, STM32G411CBT3, STM32G411CBT6, STM32G411CBU3, STM32G411CBU6, STM32G411K6T3, STM32G411K6T6, STM32G411K6U3, STM32G411K6U6, STM32G411K8T3, STM32G411K8T6, STM32G411K8U3, STM32G411K8U6, STM32G411KBT3, STM32G411KBT6, STM32G411KBU3, STM32G411KBU6, STM32G411M6T3, STM32G411M6T6, STM32G411M8T3, STM32G411M8T6, STM32G411MBT3, STM32G411MBT6, STM32G411R6T3, STM32G411R6T6, STM32G411R8T3, STM32G411R8T6, STM32G411RBT3, STM32G411RBT6, STM32G414CBT3, STM32G414CBT6, STM32G414CBU3, STM32G414CBU6, STM32G414CCT3, STM32G414CCT6, STM32G414CCU3, STM32G414CCU6, STM32G414MBT3, STM32G414MBT6, STM32G414MCT3, STM32G414MCT6, STM32G414RBT3, STM32G414RBT6, STM32G414RCT3, STM32G414RCT6, STM32G414VBT3, STM32G414VBT6, STM32G414VCT3, STM32G414VCT6, STM32G431CBT3Z, STM32G431RBT3Z, STM32G471CCT6, STM32G471CCU6, STM32G471CET3, STM32G471CET6, STM32G471CEU3, STM32G471CEU6, STM32G471MCT6, STM32G471MET3, STM32G471MET6, STM32G471MEY6TR, STM32G471QCT6, STM32G471QET3, STM32G471RCT6, STM32G471RET3, STM32G471RET6, STM32G471VCH6, STM32G471VCI6, STM32G471VCT6, STM32G471VEH3, STM32G471VEH6, STM32G471VEI3, STM32G471VEI6, STM32G471VET3, STM32G471VET6, STM32G473QET3Z, STM32G473RET3Z, STM32G474CCT6, STM32G491RET3Z, STM32H503CBT6, STM32H503CBU6, STM32H503EBY6TR, STM32H503KBU6, STM32H503RBT6, STM32H523CCT6, STM32H523CCU6, STM32H523CET6, STM32H523CEU6, STM32H523HEY6TR, STM32H523RCT6, STM32H523RET6, STM32H523VCI6, STM32H523VCT6, STM32H523VEI6, STM32H523VET6, STM32H523ZCJ6, STM32H523ZCT6, STM32H523ZEJ6, STM32H523ZET6, STM32H533CET6, STM32H533CEU6, STM32H533HEY6TR, STM32H533RET6, STM32H533VEI6, STM32H533VET6, STM32H533ZEJ6, STM32H533ZET6, STM32H562AGI6, STM32H562AII6, STM32H562IGK6, STM32H562IGT6, STM32H562IIK6, STM32H562IIT6, STM32H562RGT6, STM32H562RGV6, STM32H562RIT6, STM32H562RIV6, STM32H562VGT6, STM32H562VIT6, STM32H562ZGT6, STM32H562ZIT6, STM32H563AGI6, STM32H563AII3Q, STM32H563AII6, STM32H563IGK6, STM32H563IGT6, STM32H563IIK3Q, STM32H563IIK6, STM32H563IIT3Q, STM32H563IIT6, STM32H563MIY3QTR, STM32H563RGT6, STM32H563RGV6, STM32H563RIT6, STM32H563RIV6, STM32H563VGT6, STM32H563VIT3Q, STM32H563VIT6, STM32H563ZGT6, STM32H563ZIT3Q, STM32H563ZIT6, STM32H573AII3Q, STM32H573AII6, STM32H573I-DK, STM32H573IIK3Q, STM32H573IIK6, STM32H573IIT3Q, STM32H573IIT6, STM32H573MIY3QTR, STM32H573RIT6, STM32H573RIV6, STM32H573VIT3Q, STM32H573VIT6, STM32H573ZIT3Q, STM32H573ZIT6, STM32H7R3A8I6, STM32H7R3I8K6, STM32H7R3I8T6, STM32H7R3L8H6, STM32H7R3L8H6H, STM32H7R3R8V6, STM32H7R3V8H6, STM32H7R3V8T6, STM32H7R3V8Y6TR, STM32H7R3Z8J6, STM32H7R3Z8T6, STM32H7R7A8I6, STM32H7R7I8K6, STM32H7R7I8T6, STM32H7R7L8H6, STM32H7R7L8H6H, STM32H7R7Z8J6, STM32H7S3A8I6, STM32H7S3I8K6, STM32H7S3I8T6, STM32H7S3L8H6, STM32H7S3L8H6H, STM32H7S3R8V6, STM32H7S3V8H6, STM32H7S3V8T6, STM32H7S3V8Y6TR, STM32H7S3Z8J6, STM32H7S3Z8T6, STM32H7S78-DK, STM32H7S7A8I6, STM32H7S7I8K6, STM32H7S7I8T6, STM32H7S7L8H6, STM32H7S7L8H6H, STM32H7S7Z8J6, STM32L4R5QGI6STR, STM32MP131AAE3, STM32MP131AAF3, STM32MP131AAG3, STM32MP131CAE3, STM32MP131CAF3, STM32MP131CAG3, STM32MP131DAE7, STM32MP131DAF7, STM32MP131DAG7, STM32MP131FAE7, STM32MP131FAF7, STM32MP131FAG7, STM32MP133AAE3, STM32MP133AAF3, STM32MP133AAG3, STM32MP133CAE3, STM32MP133CAF3, STM32MP133CAG3, STM32MP133DAE7, STM32MP133DAF7, STM32MP133DAG7, STM32MP133FAE7, STM32MP133FAF7, STM32MP133FAG7, STM32MP135AAE3, STM32MP135AAF3, STM32MP135AAG3, STM32MP135CAE3, STM32MP135CAF3, STM32MP135CAG3, STM32MP135DAE7, STM32MP135DAF7, STM32MP135DAG7, STM32MP135F-DK, STM32MP135FAE7, STM32MP135FAF7, STM32MP135FAF7T, STM32MP135FAF7U, STM32MP135FAG7, STM32MP211AAL3, STM32MP211AAM3, STM32MP211AAN3, STM32MP211AAO3, STM32MP211CAL3, STM32MP211CAM3, STM32MP211CAN3, STM32MP211CAO3, STM32MP211DAL3, STM32MP211DAM3, STM32MP211DAN3, STM32MP211DAO3, STM32MP211FAL3, STM32MP211FAM3, STM32MP211FAN3, STM32MP211FAO3, STM32MP213AAL3, STM32MP213AAM3, STM32MP213AAN3, STM32MP213AAO3, STM32MP213CAL3, STM32MP213CAM3, STM32MP213CAN3, STM32MP213CAO3, STM32MP213DAL3, STM32MP213DAM3, STM32MP213DAN3, STM32MP213DAO3, STM32MP213FAL3, STM32MP213FAM3, STM32MP213FAN3, STM32MP213FAO3, STM32MP215AAL3, STM32MP215AAM3, STM32MP215AAN3, STM32MP215AAO3, STM32MP215CAL3, STM32MP215CAM3, STM32MP215CAN3, STM32MP215CAO3, STM32MP215DAL3, STM32MP215DAM3, STM32MP215DAN3, STM32MP215DAO3, STM32MP215F-DK, STM32MP215FAL3, STM32MP215FAM3, STM32MP215FAN3, STM32MP215FAO3, STM32MP231AAJ3, STM32MP231AAK3, STM32MP231AAL3, STM32MP231CAJ3, STM32MP231CAK3, STM32MP231CAL3, STM32MP231DAJ3, STM32MP231DAK3, STM32MP231DAL3, STM32MP231FAJ3, STM32MP231FAK3, STM32MP231FAL3, STM32MP233AAJ3, STM32MP233AAK3, STM32MP233AAL3, STM32MP233CAJ3, STM32MP233CAK3, STM32MP233CAL3, STM32MP233DAJ3, STM32MP233DAK3, STM32MP233DAL3, STM32MP233FAJ3, STM32MP233FAK3, STM32MP233FAL3, STM32MP235AAJ3, STM32MP235AAK3, STM32MP235AAL3, STM32MP235CAJ3, STM32MP235CAK3, STM32MP235CAL3, STM32MP235DAJ3, STM32MP235DAK3, STM32MP235DAL3, STM32MP235FAJ3, STM32MP235FAK3, STM32MP235FAL3, STM32MP251AAI3, STM32MP251AAK3, STM32MP251AAL3, STM32MP251CAI3, STM32MP251CAK3, STM32MP251CAL3, STM32MP251DAI3, STM32MP251DAK3, STM32MP251DAL3, STM32MP251FAI3, STM32MP251FAK3, STM32MP251FAL3, STM32MP253AAI3, STM32MP253AAK3, STM32MP253AAL3, STM32MP253CAI3, STM32MP253CAK3, STM32MP253CAL3, STM32MP253DAI3, STM32MP253DAK3, STM32MP253DAL3, STM32MP253FAI3, STM32MP253FAK3, STM32MP253FAL3, STM32MP255AAI3, STM32MP255AAK3, STM32MP255AAL3, STM32MP255CAI3, STM32MP255CAK3, STM32MP255CAL3, STM32MP255DAI3, STM32MP255DAK3, STM32MP255DAL3, STM32MP255FAI3, STM32MP255FAK3, STM32MP255FAL3, STM32MP257AAI3, STM32MP257AAK3, STM32MP257AAL3, STM32MP257CAI3, STM32MP257CAK3, STM32MP257CAL3, STM32MP257DAI3, STM32MP257DAK3, STM32MP257DAL3, STM32MP257F-DK, STM32MP257F-EV1, STM32MP257FAI3, STM32MP257FAK3, STM32MP257FAL3, STM32N645A0H3Q, STM32N645B0H3Q, STM32N645I0H3Q, STM32N645L0H3Q, STM32N645X0H3Q, STM32N645Z0H3Q, STM32N647A0H3Q, STM32N647B0H3Q, STM32N647I0H3Q, STM32N647L0H3Q, STM32N647X0H3Q, STM32N647Z0H3Q, STM32N655A0H3Q, STM32N655B0H3Q, STM32N655I0H3Q, STM32N655L0H3Q, STM32N655X0H3Q, STM32N655Z0H3Q, STM32N6570-DK, STM32N657A0H3Q, STM32N657B0H3Q, STM32N657I0H3Q, STM32N657L0H3Q, STM32N657X0H3Q, STM32N657Z0H3Q, STM32U031C6T6, STM32U031C6U6, STM32U031C8T6, STM32U031C8U6, STM32U031F4P6, STM32U031F6P6, STM32U031F8P6, STM32U031G6Y6TR, STM32U031G8Y6TR, STM32U031K4U6, STM32U031K6U6, STM32U031K8U6, STM32U031R6I6, STM32U031R6T6, STM32U031R8I6, STM32U031R8T6, STM32U073C8T6, STM32U073C8U6, STM32U073CBT6, STM32U073CBU6, STM32U073CCT6, STM32U073CCU6, STM32U073H8Y6TR, STM32U073HBY6TR, STM32U073HCY6TR, STM32U073K8U6, STM32U073KBU6, STM32U073KCU6, STM32U073M8I6, STM32U073M8T6, STM32U073MBI6, STM32U073MBT6, STM32U073MCI6, STM32U073MCT6, STM32U073R8I6, STM32U073R8T6, STM32U073RBI6, STM32U073RBT6, STM32U073RCI6, STM32U073RCT6, STM32U083C-DK, STM32U083CCT6, STM32U083CCU6, STM32U083HCY6TR, STM32U083KCU6, STM32U083MCI6, STM32U083MCT6, STM32U083RCI6, STM32U083RCT6, STM32U375CET6, STM32U375CET6Q, STM32U375CEU6, STM32U375CEU6Q, STM32U375CEY6QTR, STM32U375CGT6, STM32U375CGT6Q, STM32U375CGU6, STM32U375CGU6Q, STM32U375CGY6QTR, STM32U375KEU6, STM32U375KGU6, STM32U375REI6, STM32U375REI6Q, STM32U375RET6, STM32U375RET6Q, STM32U375REY6GTR, STM32U375REY6QTR, STM32U375RGI6, STM32U375RGI6Q, STM32U375RGT6, STM32U375RGT6Q, STM32U375RGY6GTR, STM32U375RGY6QTR, STM32U375VEI6, STM32U375VEI6Q, STM32U375VET6, STM32U375VET6Q, STM32U375VGI6, STM32U375VGI6Q, STM32U375VGT6, STM32U375VGT6Q, STM32U385CGT6, STM32U385CGT6Q, STM32U385CGU6, STM32U385CGU6Q, STM32U385CGY6QTR, STM32U385KGU6, STM32U385RGI6, STM32U385RGI6Q, STM32U385RGT6, STM32U385RGT6Q, STM32U385RGY6GTR, STM32U385RGY6QTR, STM32U385VGI6, STM32U385VGI6Q, STM32U385VGT6, STM32U385VGT6Q, STM32U535CBT6, STM32U535CBT6Q, STM32U535CBU6, STM32U535CBU6Q, STM32U535CCT6, STM32U535CCT6Q, STM32U535CCU6, STM32U535CCU6Q, STM32U535CET6, STM32U535CET6Q, STM32U535CEU6, STM32U535CEU6Q, STM32U535JEY6QTR, STM32U535NCY6QTR, STM32U535NEY6QTR, STM32U535RBI6, STM32U535RBI6Q, STM32U535RBT6, STM32U535RBT6Q, STM32U535RCI6, STM32U535RCI6Q, STM32U535RCT6, STM32U535RCT6Q, STM32U535REI6, STM32U535REI6Q, STM32U535RET6, STM32U535RET6Q, STM32U535VCI6, STM32U535VCI6Q, STM32U535VCT6, STM32U535VCT6Q, STM32U535VEI6, STM32U535VEI6Q, STM32U535VET6, STM32U535VET6Q, STM32U545CET6, STM32U545CET6Q, STM32U545CEU6, STM32U545CEU6Q, STM32U545JEY6QTR, STM32U545NEY6QTR, STM32U545REI6, STM32U545REI6Q, STM32U545RET6, STM32U545RET6Q, STM32U545VEI6, STM32U545VEI6Q, STM32U545VET6, STM32U545VET6Q, STM32U595AIH6, STM32U595AIH6Q, STM32U595AJH6, STM32U595AJH6Q, STM32U595QII6, STM32U595QII6Q, STM32U595QJI6, STM32U595QJI6Q, STM32U595RIT6, STM32U595RIT6Q, STM32U595RJT6, STM32U595RJT6Q, STM32U595VIT6, STM32U595VIT6Q, STM32U595VJT6, STM32U595VJT6Q, STM32U595ZIT6, STM32U595ZIT6Q, STM32U595ZIY6QTR, STM32U595ZJT6, STM32U595ZJT6Q, STM32U595ZJY6QTR, STM32U599BJY6QTR, STM32U599NIH6Q, STM32U599NJH6Q, STM32U599VIT6Q, STM32U599VJT6, STM32U599VJT6Q, STM32U599ZIT6Q, STM32U599ZIY6QTR, STM32U599ZJT6Q, STM32U599ZJY6QTR, STM32U5A5AJH6, STM32U5A5AJH6Q, STM32U5A5QII3Q , STM32U5A5QJI6, STM32U5A5QJI6Q, STM32U5A5RJT6, STM32U5A5RJT6Q, STM32U5A5VJT6, STM32U5A5VJT6Q, STM32U5A5ZJT6, STM32U5A5ZJT6Q, STM32U5A5ZJY6QTR, STM32U5A9BJY6QTR, STM32U5A9J-DK, STM32U5A9NJH6Q, STM32U5A9VJT6Q, STM32U5A9ZJT6Q, STM32U5A9ZJY6QTR, STM32U5F7VIT6, STM32U5F7VIT6Q, STM32U5F7VJT6, STM32U5F7VJT6Q, STM32U5F9BJY6QTR, STM32U5F9NJH6Q, STM32U5F9VIT6Q, STM32U5F9VJT6Q, STM32U5F9ZIJ6QTR, STM32U5F9ZIT6Q, STM32U5F9ZJJ6QTR, STM32U5F9ZJT6Q, STM32U5G7VJT6, STM32U5G7VJT6Q, STM32U5G9BJY6QTR, STM32U5G9J-DK1, STM32U5G9J-DK2, STM32U5G9NJH6Q, STM32U5G9VJT6Q, STM32U5G9ZJJ6QTR, STM32U5G9ZJT6Q, STM32WB05KZV6TR, STM32WB05KZV7TR, STM32WB05TZF6TR, STM32WB05TZF7TR, STM32WB06CCF6TR, STM32WB06CCF7TR, STM32WB06CCV6TR, STM32WB06CCV7TR, STM32WB06KCV6TR, STM32WB06KCV7TR, STM32WB07CCF6TR, STM32WB07CCF7TR, STM32WB07CCV6TR, STM32WB07CCV7TR, STM32WB07KCV6TR, STM32WB07KCV7TR, STM32WB09KEV6TR, STM32WB09KEV7TR, STM32WB09TEF6TR, STM32WB09TEF7TR, STM32WB1MMCH6, STM32WBA50KGU6, STM32WBA50KGU6TR, STM32WBA52CEU6, STM32WBA52CEU6TR, STM32WBA52CEU7, STM32WBA52CEU7TR, STM32WBA52CGU6, STM32WBA52CGU6TR, STM32WBA52CGU6U, STM32WBA52CGU7, STM32WBA52CGU7TR, STM32WBA52KEU6, STM32WBA52KEU6TR, STM32WBA52KGU6, STM32WBA52KGU6TR, STM32WBA54CEU6, STM32WBA54CEU6TR, STM32WBA54CEU7, STM32WBA54CEU7TR, STM32WBA54CGU6, STM32WBA54CGU6TR, STM32WBA54CGU7, STM32WBA54CGU7TR, STM32WBA54KEU6, STM32WBA54KEU6TR, STM32WBA54KEU7, STM32WBA54KEU7TR, STM32WBA54KGU6, STM32WBA54KGU6TR, STM32WBA54KGU7, STM32WBA54KGU7TR, STM32WBA55CEU6, STM32WBA55CEU6TR, STM32WBA55CEU7, STM32WBA55CEU7TR, STM32WBA55CGU6, STM32WBA55CGU6TR, STM32WBA55CGU6U, STM32WBA55CGU7, STM32WBA55CGU7TR, STM32WBA55G-DK1, STM32WBA55HEF6, STM32WBA55HEF7, STM32WBA55HGF6, STM32WBA55HGF7, STM32WBA55UEI6, STM32WBA55UEI6TR, STM32WBA55UEI7, STM32WBA55UEI7TR, STM32WBA55UGI6, STM32WBA55UGI6TR, STM32WBA55UGI7, STM32WBA55UGI7TR, STM32WBA5MMGH6TR, STM32WBA62MGF6, STM32WBA62MIF6, STM32WBA65MGF7, STM32WBA65MIF6, STM32WBA65MIF7, STM32WL30K8V6, STM32WL30KBV6, STM32WL31C8V6, STM32WL31CBV6, STM32WL31K8V6, STM32WL31KBV6, STM32WL33C8V6, STM32WL33C8V6X, STM32WL33CBV6, STM32WL33CBV6X, STM32WL33CCV6, STM32WL33CCV6A, STM32WL33CCV6X, STM32WL33K8V7, STM32WL33K8V7X, STM32WL33KBV7 , STM32WL33KBV7X, STM32WL33KCV7, STM32WL33KCV7X, STM32WL5MOCH6, STM32WL5MOCH6TR]
2025-07-24 09:27:23,881 [INFO] BoardInfo:889 - No configuration file found for board P-NUCLEO-WB55
2025-07-24 09:27:23,882 [INFO] DbBoards:161 - Kit is not supported: P-NUCLEO-WB55
2025-07-24 09:27:23,890 [INFO] BoardInfo:889 - No configuration file found for board STEVAL-BFA001V1B
2025-07-24 09:27:23,891 [INFO] DbBoards:161 - Kit is not supported: STEVAL-BFA001V1B
2025-07-24 09:27:23,892 [INFO] BoardInfo:889 - No configuration file found for board STEVAL-BFA001V2B
2025-07-24 09:27:23,893 [INFO] DbBoards:161 - Kit is not supported: STEVAL-BFA001V2B
2025-07-24 09:27:24,312 [INFO] DbBoards:168 - Found 212 boards, 209 are supported
2025-07-24 09:27:24,312 [INFO] DbBoards:169 - Found 212 boards, 43 of them is supported for  Bsp
2025-07-24 09:27:24,317 [INFO] ApiDb:668 - CubeFinder database Data Model version=2.1
2025-07-24 09:27:24,317 [INFO] ApiDb:669 - CubeFinder database Configuration version=3.0.39
2025-07-24 09:27:24,317 [INFO] ApiDb:670 - CubeFinder database generation date=2025-06-24 (1750757100)
2025-07-24 09:27:24,317 [INFO] ApiDb:671 - CubeFinder database FW Pack versions=[FP-ATR-ASTRA1_V2.0.0, FP-SNS-FLIGHT1_V5.1.0, FP-SNS-MOTENV1_V5.0.0, FP-SNS-MOTENVWB1_V1.4.0, FP-SNS-SMARTAG2_V1.2.0, FP-SNS-STBOX1_V2.0.0, STM32Cube_FW_C0_V1.4.0, STM32Cube_FW_F4_V1.28.2, STM32Cube_FW_F7_V1.17.3, STM32Cube_FW_G0_V1.6.2, STM32Cube_FW_G4_V1.6.1, STM32Cube_FW_H5_V1.5.0, STM32Cube_FW_H7RS_V1.2.0, STM32Cube_FW_H7_V1.12.1, STM32Cube_FW_L0_V1.12.2, STM32Cube_FW_L4_V1.18.1, STM32Cube_FW_L5_V1.5.1, STM32Cube_FW_N6_V1.2.0, STM32Cube_FW_U0_V1.3.0, STM32Cube_FW_U3_V1.2.0, STM32Cube_FW_U5_V1.8.0, STM32Cube_FW_WB0_V1.3.0, STM32Cube_FW_WBA_V1.7.0, STM32Cube_FW_WB_V1.23.0, STM32Cube_FW_WL3_V1.2.0, STM32Cube_FW_WL_V1.3.1, X-CUBE-ALGOBUILD_V1.4.0, X-CUBE-ALS_V1.0.2, X-CUBE-AZRTOS-F4_V1.1.0, X-CUBE-AZRTOS-F7_V1.1.0, X-CUBE-AZRTOS-G0_V1.1.0, X-CUBE-AZRTOS-G4_V2.0.0, X-CUBE-AZRTOS-H7RS_V1.1.0, X-CUBE-AZRTOS-H7_V3.3.0, X-CUBE-AZRTOS-L4_V2.0.0, X-CUBE-AZRTOS-L5_V2.0.0, X-CUBE-AZRTOS-WB_V2.0.0, X-CUBE-AZRTOS-WL_V2.0.0, X-CUBE-BLE1_V7.1.0, X-CUBE-BLE2_V3.3.0, X-CUBE-BLEMGR_V4.0.0, X-CUBE-EEPRMA1_V5.1.0, X-CUBE-FREERTOS_V1.3.1, X-CUBE-GNSS1_V6.0.0, X-CUBE-MEMS1_V11.3.0, X-CUBE-NFC4_V3.0.0, X-CUBE-NFC7_V2.0.0, X-CUBE-SFXS2LP1_V4.0.0, X-CUBE-SUBG2_V5.0.0, X-CUBE-TOF1_V3.4.3]
2025-07-24 09:27:28,059 [INFO] ApiDb:240 - Found 880 in-development CPN: [B-G473E-ZEST1S, B-WB1M-WPAN1, B-WBA5M-WPAN, B-WL5M-SUBG1, NUCLEO-C031C6, NUCLEO-C051C8, NUCLEO-C071RB, NUCLEO-C092RC, NUCLEO-H503RB, NUCLEO-H533RE, NUCLEO-H563ZI, NUCLEO-H7S3L8, NUCLEO-N657X0-Q, NUCLEO-U031R8, NUCLEO-U083RC, NUCLEO-U385RG-Q, NUCLEO-U545RE-Q, NUCLEO-U5A5ZJ-Q, NUCLEO-WB05KZ, NUCLEO-WB07CC, NUCLEO-WB09KE, NUCLEO-WBA52CG, NUCLEO-WBA55CG, NUCLEO-WL33CC1, NUCLEO-WL33CC2, STEVAL-PROTEUS1, STEVAL-SMARTAG2, STEVAL-STWINBX1, STM320518-EVAL, STM32C0116-DK, STM32C011D6Y3TR, STM32C011D6Y6TR, STM32C011F4P3, STM32C011F4P6, STM32C011F4U3, STM32C011F4U6TR, STM32C011F6P3, STM32C011F6P6, STM32C011F6U3, STM32C011F6U6TR, STM32C011J4M3, STM32C011J4M6, STM32C011J6M3, STM32C011J6M6, STM32C0316-DK, STM32C031C4T3, STM32C031C4T6, STM32C031C4U3, STM32C031C4U6, STM32C031C6T3, STM32C031C6T6, STM32C031C6U3, STM32C031C6U6, STM32C031F4P3, STM32C031F4P6, STM32C031F6P3, STM32C031F6P6, STM32C031G4U3, STM32C031G4U6, STM32C031G6U3, STM32C031G6U6, STM32C031K4T3, STM32C031K4T6, STM32C031K4U3, STM32C031K4U6, STM32C031K6T3, STM32C031K6T6, STM32C031K6U3, STM32C031K6U6, STM32C051C6T6, STM32C051C6U6, STM32C051C8T6, STM32C051C8U6, STM32C051D8Y6TR, STM32C051F6P6, STM32C051F8P6, STM32C051G6U6, STM32C051G8U6, STM32C051K6T6, STM32C051K6U6, STM32C051K8T6, STM32C071C8T6, STM32C071C8T6N, STM32C071C8U6, STM32C071C8U6N, STM32C071CBT6, STM32C071CBT6N, STM32C071CBU6, STM32C071CBU6N, STM32C071F8P6, STM32C071F8P6N, STM32C071FBP6, STM32C071FBP6N, STM32C071FBY6TR, STM32C071G8U6, STM32C071G8U6N, STM32C071GBU6, STM32C071GBU6N, STM32C071K8T6, STM32C071K8T6N, STM32C071K8U6, STM32C071K8U6N, STM32C071KBT6, STM32C071KBT6N, STM32C071KBU6, STM32C071KBU6N, STM32C071R8T6, STM32C071R8T6N, STM32C071RBI6N, STM32C071RBT6, STM32C071RBT6N, STM32C091CBT6, STM32C091CBU6, STM32C091CCT6, STM32C091CCU6, STM32C091ECY6TR, STM32C091FBP6, STM32C091FCP6, STM32C091GBU6, STM32C091GCU6, STM32C091KBT6, STM32C091KBU6, STM32C091KCT6, STM32C091KCU6, STM32C091RBT6, STM32C091RCI6, STM32C091RCT6, STM32C092CBT6, STM32C092CBU6, STM32C092CCT6, STM32C092CCU6, STM32C092ECY6TR, STM32C092FBP6, STM32C092FCP6, STM32C092GBU6, STM32C092GCU6, STM32C092KBT6, STM32C092KBU6, STM32C092KCT6, STM32C092KCU6, STM32C092RBT6, STM32C092RCI6, STM32C092RCT6, STM32G071K8TXN, STM32G071K8UXN, STM32G081GBU6N, STM32G081KBT6N, STM32G081KBUXN, STM32G0B1CCT6N, STM32G0B1KCT6, STM32G0B1NEY6TR, STM32G0B1RCT6N, STM32G0C1CCT6, STM32G0C1CCT6N, STM32G0C1CCU6N, STM32G0C1CET6N, STM32G0C1CEU6N, STM32G0C1KCT6, STM32G0C1NEY6TR, STM32G0C1RCI6N, STM32G0C1RCT6N, STM32G0C1REI6N, STM32G0C1RET6N, STM32G0C1VCI6, STM32G0C1VEI6, STM32G411C6T3, STM32G411C6T6, STM32G411C6U3, STM32G411C6U6, STM32G411C8T3, STM32G411C8T6, STM32G411C8U3, STM32G411C8U6, STM32G411CBT3, STM32G411CBT6, STM32G411CBU3, STM32G411CBU6, STM32G411K6T3, STM32G411K6T6, STM32G411K6U3, STM32G411K6U6, STM32G411K8T3, STM32G411K8T6, STM32G411K8U3, STM32G411K8U6, STM32G411KBT3, STM32G411KBT6, STM32G411KBU3, STM32G411KBU6, STM32G411M6T3, STM32G411M6T6, STM32G411M8T3, STM32G411M8T6, STM32G411MBT3, STM32G411MBT6, STM32G411R6T3, STM32G411R6T6, STM32G411R8T3, STM32G411R8T6, STM32G411RBT3, STM32G411RBT6, STM32G414CBT3, STM32G414CBT6, STM32G414CBU3, STM32G414CBU6, STM32G414CCT3, STM32G414CCT6, STM32G414CCU3, STM32G414CCU6, STM32G414MBT3, STM32G414MBT6, STM32G414MCT3, STM32G414MCT6, STM32G414RBT3, STM32G414RBT6, STM32G414RCT3, STM32G414RCT6, STM32G414VBT3, STM32G414VBT6, STM32G414VCT3, STM32G414VCT6, STM32G431CBT3Z, STM32G431RBT3Z, STM32G471CCT6, STM32G471CCU6, STM32G471CET3, STM32G471CET6, STM32G471CEU3, STM32G471CEU6, STM32G471MCT6, STM32G471MET3, STM32G471MET6, STM32G471MEY6TR, STM32G471QCT6, STM32G471QET3, STM32G471RCT6, STM32G471RET3, STM32G471RET6, STM32G471VCH6, STM32G471VCI6, STM32G471VCT6, STM32G471VEH3, STM32G471VEH6, STM32G471VEI3, STM32G471VEI6, STM32G471VET3, STM32G471VET6, STM32G473QET3Z, STM32G473RET3Z, STM32G474CCT6, STM32G491RET3Z, STM32H503CBT6, STM32H503CBU6, STM32H503EBY6TR, STM32H503KBU6, STM32H503RBT6, STM32H523CCT6, STM32H523CCU6, STM32H523CET6, STM32H523CEU6, STM32H523HEY6TR, STM32H523RCT6, STM32H523RET6, STM32H523VCI6, STM32H523VCT6, STM32H523VEI6, STM32H523VET6, STM32H523ZCJ6, STM32H523ZCT6, STM32H523ZEJ6, STM32H523ZET6, STM32H533CET6, STM32H533CEU6, STM32H533HEY6TR, STM32H533RET6, STM32H533VEI6, STM32H533VET6, STM32H533ZEJ6, STM32H533ZET6, STM32H562AGI6, STM32H562AII6, STM32H562IGK6, STM32H562IGT6, STM32H562IIK6, STM32H562IIT6, STM32H562RGT6, STM32H562RGV6, STM32H562RIT6, STM32H562RIV6, STM32H562VGT6, STM32H562VIT6, STM32H562ZGT6, STM32H562ZIT6, STM32H563AGI6, STM32H563AII3Q, STM32H563AII6, STM32H563IGK6, STM32H563IGT6, STM32H563IIK3Q, STM32H563IIK6, STM32H563IIT3Q, STM32H563IIT6, STM32H563MIY3QTR, STM32H563RGT6, STM32H563RGV6, STM32H563RIT6, STM32H563RIV6, STM32H563VGT6, STM32H563VIT3Q, STM32H563VIT6, STM32H563ZGT6, STM32H563ZIT3Q, STM32H563ZIT6, STM32H573AII3Q, STM32H573AII6, STM32H573I-DK, STM32H573IIK3Q, STM32H573IIK6, STM32H573IIT3Q, STM32H573IIT6, STM32H573MIY3QTR, STM32H573RIT6, STM32H573RIV6, STM32H573VIT3Q, STM32H573VIT6, STM32H573ZIT3Q, STM32H573ZIT6, STM32H7R3A8I6, STM32H7R3I8K6, STM32H7R3I8T6, STM32H7R3L8H6, STM32H7R3L8H6H, STM32H7R3R8V6, STM32H7R3V8H6, STM32H7R3V8T6, STM32H7R3V8Y6TR, STM32H7R3Z8J6, STM32H7R3Z8T6, STM32H7R7A8I6, STM32H7R7I8K6, STM32H7R7I8T6, STM32H7R7L8H6, STM32H7R7L8H6H, STM32H7R7Z8J6, STM32H7S3A8I6, STM32H7S3I8K6, STM32H7S3I8T6, STM32H7S3L8H6, STM32H7S3L8H6H, STM32H7S3R8V6, STM32H7S3V8H6, STM32H7S3V8T6, STM32H7S3V8Y6TR, STM32H7S3Z8J6, STM32H7S3Z8T6, STM32H7S78-DK, STM32H7S7A8I6, STM32H7S7I8K6, STM32H7S7I8T6, STM32H7S7L8H6, STM32H7S7L8H6H, STM32H7S7Z8J6, STM32L4R5QGI6STR, STM32MP131AAE3, STM32MP131AAF3, STM32MP131AAG3, STM32MP131CAE3, STM32MP131CAF3, STM32MP131CAG3, STM32MP131DAE7, STM32MP131DAF7, STM32MP131DAG7, STM32MP131FAE7, STM32MP131FAF7, STM32MP131FAG7, STM32MP133AAE3, STM32MP133AAF3, STM32MP133AAG3, STM32MP133CAE3, STM32MP133CAF3, STM32MP133CAG3, STM32MP133DAE7, STM32MP133DAF7, STM32MP133DAG7, STM32MP133FAE7, STM32MP133FAF7, STM32MP133FAG7, STM32MP135AAE3, STM32MP135AAF3, STM32MP135AAG3, STM32MP135CAE3, STM32MP135CAF3, STM32MP135CAG3, STM32MP135DAE7, STM32MP135DAF7, STM32MP135DAG7, STM32MP135F-DK, STM32MP135FAE7, STM32MP135FAF7, STM32MP135FAF7T, STM32MP135FAF7U, STM32MP135FAG7, STM32MP211AAL3, STM32MP211AAM3, STM32MP211AAN3, STM32MP211AAO3, STM32MP211CAL3, STM32MP211CAM3, STM32MP211CAN3, STM32MP211CAO3, STM32MP211DAL3, STM32MP211DAM3, STM32MP211DAN3, STM32MP211DAO3, STM32MP211FAL3, STM32MP211FAM3, STM32MP211FAN3, STM32MP211FAO3, STM32MP213AAL3, STM32MP213AAM3, STM32MP213AAN3, STM32MP213AAO3, STM32MP213CAL3, STM32MP213CAM3, STM32MP213CAN3, STM32MP213CAO3, STM32MP213DAL3, STM32MP213DAM3, STM32MP213DAN3, STM32MP213DAO3, STM32MP213FAL3, STM32MP213FAM3, STM32MP213FAN3, STM32MP213FAO3, STM32MP215AAL3, STM32MP215AAM3, STM32MP215AAN3, STM32MP215AAO3, STM32MP215CAL3, STM32MP215CAM3, STM32MP215CAN3, STM32MP215CAO3, STM32MP215DAL3, STM32MP215DAM3, STM32MP215DAN3, STM32MP215DAO3, STM32MP215F-DK, STM32MP215FAL3, STM32MP215FAM3, STM32MP215FAN3, STM32MP215FAO3, STM32MP231AAJ3, STM32MP231AAK3, STM32MP231AAL3, STM32MP231CAJ3, STM32MP231CAK3, STM32MP231CAL3, STM32MP231DAJ3, STM32MP231DAK3, STM32MP231DAL3, STM32MP231FAJ3, STM32MP231FAK3, STM32MP231FAL3, STM32MP233AAJ3, STM32MP233AAK3, STM32MP233AAL3, STM32MP233CAJ3, STM32MP233CAK3, STM32MP233CAL3, STM32MP233DAJ3, STM32MP233DAK3, STM32MP233DAL3, STM32MP233FAJ3, STM32MP233FAK3, STM32MP233FAL3, STM32MP235AAJ3, STM32MP235AAK3, STM32MP235AAL3, STM32MP235CAJ3, STM32MP235CAK3, STM32MP235CAL3, STM32MP235DAJ3, STM32MP235DAK3, STM32MP235DAL3, STM32MP235FAJ3, STM32MP235FAK3, STM32MP235FAL3, STM32MP251AAI3, STM32MP251AAK3, STM32MP251AAL3, STM32MP251CAI3, STM32MP251CAK3, STM32MP251CAL3, STM32MP251DAI3, STM32MP251DAK3, STM32MP251DAL3, STM32MP251FAI3, STM32MP251FAK3, STM32MP251FAL3, STM32MP253AAI3, STM32MP253AAK3, STM32MP253AAL3, STM32MP253CAI3, STM32MP253CAK3, STM32MP253CAL3, STM32MP253DAI3, STM32MP253DAK3, STM32MP253DAL3, STM32MP253FAI3, STM32MP253FAK3, STM32MP253FAL3, STM32MP255AAI3, STM32MP255AAK3, STM32MP255AAL3, STM32MP255CAI3, STM32MP255CAK3, STM32MP255CAL3, STM32MP255DAI3, STM32MP255DAK3, STM32MP255DAL3, STM32MP255FAI3, STM32MP255FAK3, STM32MP255FAL3, STM32MP257AAI3, STM32MP257AAK3, STM32MP257AAL3, STM32MP257CAI3, STM32MP257CAK3, STM32MP257CAL3, STM32MP257DAI3, STM32MP257DAK3, STM32MP257DAL3, STM32MP257F-DK, STM32MP257F-EV1, STM32MP257FAI3, STM32MP257FAK3, STM32MP257FAL3, STM32N645A0H3Q, STM32N645B0H3Q, STM32N645I0H3Q, STM32N645L0H3Q, STM32N645X0H3Q, STM32N645Z0H3Q, STM32N647A0H3Q, STM32N647B0H3Q, STM32N647I0H3Q, STM32N647L0H3Q, STM32N647X0H3Q, STM32N647Z0H3Q, STM32N655A0H3Q, STM32N655B0H3Q, STM32N655I0H3Q, STM32N655L0H3Q, STM32N655X0H3Q, STM32N655Z0H3Q, STM32N6570-DK, STM32N657A0H3Q, STM32N657B0H3Q, STM32N657I0H3Q, STM32N657L0H3Q, STM32N657X0H3Q, STM32N657Z0H3Q, STM32U031C6T6, STM32U031C6U6, STM32U031C8T6, STM32U031C8U6, STM32U031F4P6, STM32U031F6P6, STM32U031F8P6, STM32U031G6Y6TR, STM32U031G8Y6TR, STM32U031K4U6, STM32U031K6U6, STM32U031K8U6, STM32U031R6I6, STM32U031R6T6, STM32U031R8I6, STM32U031R8T6, STM32U073C8T6, STM32U073C8U6, STM32U073CBT6, STM32U073CBU6, STM32U073CCT6, STM32U073CCU6, STM32U073H8Y6TR, STM32U073HBY6TR, STM32U073HCY6TR, STM32U073K8U6, STM32U073KBU6, STM32U073KCU6, STM32U073M8I6, STM32U073M8T6, STM32U073MBI6, STM32U073MBT6, STM32U073MCI6, STM32U073MCT6, STM32U073R8I6, STM32U073R8T6, STM32U073RBI6, STM32U073RBT6, STM32U073RCI6, STM32U073RCT6, STM32U083C-DK, STM32U083CCT6, STM32U083CCU6, STM32U083HCY6TR, STM32U083KCU6, STM32U083MCI6, STM32U083MCT6, STM32U083RCI6, STM32U083RCT6, STM32U375CET6, STM32U375CET6Q, STM32U375CEU6, STM32U375CEU6Q, STM32U375CEY6QTR, STM32U375CGT6, STM32U375CGT6Q, STM32U375CGU6, STM32U375CGU6Q, STM32U375CGY6QTR, STM32U375KEU6, STM32U375KGU6, STM32U375REI6, STM32U375REI6Q, STM32U375RET6, STM32U375RET6Q, STM32U375REY6GTR, STM32U375REY6QTR, STM32U375RGI6, STM32U375RGI6Q, STM32U375RGT6, STM32U375RGT6Q, STM32U375RGY6GTR, STM32U375RGY6QTR, STM32U375VEI6, STM32U375VEI6Q, STM32U375VET6, STM32U375VET6Q, STM32U375VGI6, STM32U375VGI6Q, STM32U375VGT6, STM32U375VGT6Q, STM32U385CGT6, STM32U385CGT6Q, STM32U385CGU6, STM32U385CGU6Q, STM32U385CGY6QTR, STM32U385KGU6, STM32U385RGI6, STM32U385RGI6Q, STM32U385RGT6, STM32U385RGT6Q, STM32U385RGY6GTR, STM32U385RGY6QTR, STM32U385VGI6, STM32U385VGI6Q, STM32U385VGT6, STM32U385VGT6Q, STM32U535CBT6, STM32U535CBT6Q, STM32U535CBU6, STM32U535CBU6Q, STM32U535CCT6, STM32U535CCT6Q, STM32U535CCU6, STM32U535CCU6Q, STM32U535CET6, STM32U535CET6Q, STM32U535CEU6, STM32U535CEU6Q, STM32U535JEY6QTR, STM32U535NCY6QTR, STM32U535NEY6QTR, STM32U535RBI6, STM32U535RBI6Q, STM32U535RBT6, STM32U535RBT6Q, STM32U535RCI6, STM32U535RCI6Q, STM32U535RCT6, STM32U535RCT6Q, STM32U535REI6, STM32U535REI6Q, STM32U535RET6, STM32U535RET6Q, STM32U535VCI6, STM32U535VCI6Q, STM32U535VCT6, STM32U535VCT6Q, STM32U535VEI6, STM32U535VEI6Q, STM32U535VET6, STM32U535VET6Q, STM32U545CET6, STM32U545CET6Q, STM32U545CEU6, STM32U545CEU6Q, STM32U545JEY6QTR, STM32U545NEY6QTR, STM32U545REI6, STM32U545REI6Q, STM32U545RET6, STM32U545RET6Q, STM32U545VEI6, STM32U545VEI6Q, STM32U545VET6, STM32U545VET6Q, STM32U595AIH6, STM32U595AIH6Q, STM32U595AJH6, STM32U595AJH6Q, STM32U595QII6, STM32U595QII6Q, STM32U595QJI6, STM32U595QJI6Q, STM32U595RIT6, STM32U595RIT6Q, STM32U595RJT6, STM32U595RJT6Q, STM32U595VIT6, STM32U595VIT6Q, STM32U595VJT6, STM32U595VJT6Q, STM32U595ZIT6, STM32U595ZIT6Q, STM32U595ZIY6QTR, STM32U595ZJT6, STM32U595ZJT6Q, STM32U595ZJY6QTR, STM32U599BJY6QTR, STM32U599NIH6Q, STM32U599NJH6Q, STM32U599VIT6Q, STM32U599VJT6, STM32U599VJT6Q, STM32U599ZIT6Q, STM32U599ZIY6QTR, STM32U599ZJT6Q, STM32U599ZJY6QTR, STM32U5A5AJH6, STM32U5A5AJH6Q, STM32U5A5QII3Q , STM32U5A5QJI6, STM32U5A5QJI6Q, STM32U5A5RJT6, STM32U5A5RJT6Q, STM32U5A5VJT6, STM32U5A5VJT6Q, STM32U5A5ZJT6, STM32U5A5ZJT6Q, STM32U5A5ZJY6QTR, STM32U5A9BJY6QTR, STM32U5A9J-DK, STM32U5A9NJH6Q, STM32U5A9VJT6Q, STM32U5A9ZJT6Q, STM32U5A9ZJY6QTR, STM32U5F7VIT6, STM32U5F7VIT6Q, STM32U5F7VJT6, STM32U5F7VJT6Q, STM32U5F9BJY6QTR, STM32U5F9NJH6Q, STM32U5F9VIT6Q, STM32U5F9VJT6Q, STM32U5F9ZIJ6QTR, STM32U5F9ZIT6Q, STM32U5F9ZJJ6QTR, STM32U5F9ZJT6Q, STM32U5G7VJT6, STM32U5G7VJT6Q, STM32U5G9BJY6QTR, STM32U5G9J-DK1, STM32U5G9J-DK2, STM32U5G9NJH6Q, STM32U5G9VJT6Q, STM32U5G9ZJJ6QTR, STM32U5G9ZJT6Q, STM32WB05KZV6TR, STM32WB05KZV7TR, STM32WB05TZF6TR, STM32WB05TZF7TR, STM32WB06CCF6TR, STM32WB06CCF7TR, STM32WB06CCV6TR, STM32WB06CCV7TR, STM32WB06KCV6TR, STM32WB06KCV7TR, STM32WB07CCF6TR, STM32WB07CCF7TR, STM32WB07CCV6TR, STM32WB07CCV7TR, STM32WB07KCV6TR, STM32WB07KCV7TR, STM32WB09KEV6TR, STM32WB09KEV7TR, STM32WB09TEF6TR, STM32WB09TEF7TR, STM32WB1MMCH6, STM32WBA50KGU6, STM32WBA50KGU6TR, STM32WBA52CEU6, STM32WBA52CEU6TR, STM32WBA52CEU7, STM32WBA52CEU7TR, STM32WBA52CGU6, STM32WBA52CGU6TR, STM32WBA52CGU6U, STM32WBA52CGU7, STM32WBA52CGU7TR, STM32WBA52KEU6, STM32WBA52KEU6TR, STM32WBA52KGU6, STM32WBA52KGU6TR, STM32WBA54CEU6, STM32WBA54CEU6TR, STM32WBA54CEU7, STM32WBA54CEU7TR, STM32WBA54CGU6, STM32WBA54CGU6TR, STM32WBA54CGU7, STM32WBA54CGU7TR, STM32WBA54KEU6, STM32WBA54KEU6TR, STM32WBA54KEU7, STM32WBA54KEU7TR, STM32WBA54KGU6, STM32WBA54KGU6TR, STM32WBA54KGU7, STM32WBA54KGU7TR, STM32WBA55CEU6, STM32WBA55CEU6TR, STM32WBA55CEU7, STM32WBA55CEU7TR, STM32WBA55CGU6, STM32WBA55CGU6TR, STM32WBA55CGU6U, STM32WBA55CGU7, STM32WBA55CGU7TR, STM32WBA55G-DK1, STM32WBA55HEF6, STM32WBA55HEF7, STM32WBA55HGF6, STM32WBA55HGF7, STM32WBA55UEI6, STM32WBA55UEI6TR, STM32WBA55UEI7, STM32WBA55UEI7TR, STM32WBA55UGI6, STM32WBA55UGI6TR, STM32WBA55UGI7, STM32WBA55UGI7TR, STM32WBA5MMGH6TR, STM32WBA62MGF6, STM32WBA62MIF6, STM32WBA65MGF7, STM32WBA65MIF6, STM32WBA65MIF7, STM32WL30K8V6, STM32WL30KBV6, STM32WL31C8V6, STM32WL31CBV6, STM32WL31K8V6, STM32WL31KBV6, STM32WL33C8V6, STM32WL33C8V6X, STM32WL33CBV6, STM32WL33CBV6X, STM32WL33CCV6, STM32WL33CCV6A, STM32WL33CCV6X, STM32WL33K8V7, STM32WL33K8V7X, STM32WL33KBV7 , STM32WL33KBV7X, STM32WL33KCV7, STM32WL33KCV7X, STM32WL5MOCH6, STM32WL5MOCH6TR]
2025-07-24 09:27:28,066 [INFO] DbMcus:218 - Found 4801 MCUs, 4801 are supported
2025-07-24 09:27:28,067 [INFO] ApiDb:423 - Load user favorites file C:\Users\Chinnapop/.stm32cubeide/favorites.mcus.txt: 0 item(s)
2025-07-24 09:27:28,068 [INFO] ApiDb:427 - User favorites MCUs=[]
2025-07-24 09:27:28,068 [INFO] DbMcus:224 - Set 0 / 0 favorites MCUs
2025-07-24 09:27:28,938 [INFO] ApiDb:423 - Load user favorites file C:\Users\Chinnapop/.stm32cubeide/favorites.boards.txt: 0 item(s)
2025-07-24 09:27:28,938 [INFO] ApiDb:427 - User favorites Boards=[]
2025-07-24 09:27:28,938 [INFO] DbBoards:198 - Set 0 / 0 favorites Boards
2025-07-24 09:27:28,987 [INFO] UtilMem:75 - End LoadConfig() Used Memory: 547271544 Bytes (825229312)
2025-07-24 09:27:29,198 [WARN] ThirdParty:833 - waiting for thirdparty lock release [change project]
2025-07-24 09:27:29,199 [INFO] ThirdParty:835 - entering critical section [change project]
2025-07-24 09:27:29,199 [INFO] ThirdParty:1030 - CMSIS Pack Vendor :STMicroelectronics X-CUBE-PM33A1 1.0.0
2025-07-24 09:27:29,199 [INFO] ThirdParty:1030 - CMSIS Pack Vendor :STMicroelectronics USBPD 4.1
2025-07-24 09:27:29,199 [INFO] ThirdParty:1030 - CMSIS Pack Vendor :STMicroelectronics USB_HOST 2.0.0
2025-07-24 09:27:29,199 [INFO] ThirdParty:1030 - CMSIS Pack Vendor :STMicroelectronics FP-SNS-MOTENVWB1 1.4.0
2025-07-24 09:27:29,199 [INFO] ThirdParty:1030 - CMSIS Pack Vendor :STMicroelectronics X-CUBE-AZRTOS-F4 1.1.0
2025-07-24 09:27:29,199 [INFO] ThirdParty:1030 - CMSIS Pack Vendor :STMicroelectronics LIBJPEG 8.0.0
2025-07-24 09:27:29,199 [INFO] ThirdParty:1030 - CMSIS Pack Vendor :STMicroelectronics FP-ATR-ASTRA1 2.0.2
2025-07-24 09:27:29,199 [INFO] ThirdParty:1030 - CMSIS Pack Vendor :STMicroelectronics FP-ATR-ASTRA1 2.0.1
2025-07-24 09:27:29,199 [INFO] ThirdParty:1030 - CMSIS Pack Vendor :Avnet-IotConnect X-CUBE-IoTC-DA16k-PMOD 1.0.0
2025-07-24 09:27:29,199 [INFO] ThirdParty:1030 - CMSIS Pack Vendor :STMicroelectronics X-CUBE-SMBUS 2.1.0
2025-07-24 09:27:29,199 [INFO] ThirdParty:1030 - CMSIS Pack Vendor :STMicroelectronics X-CUBE-WB05N 1.1.0
2025-07-24 09:27:29,199 [INFO] ThirdParty:1030 - CMSIS Pack Vendor :STMicroelectronics X-CUBE-ISPU 2.1.0
2025-07-24 09:27:29,199 [INFO] ThirdParty:1030 - CMSIS Pack Vendor :STMicroelectronics X-CUBE-FREERTOS 1.2.0
2025-07-24 09:27:29,199 [INFO] ThirdParty:1030 - CMSIS Pack Vendor :STMicroelectronics X-CUBE-ST60 1.0.0
2025-07-24 09:27:29,199 [INFO] ThirdParty:1030 - CMSIS Pack Vendor :STMicroelectronics X-CUBE-NFC12 1.0.0
2025-07-24 09:27:29,199 [INFO] ThirdParty:1030 - CMSIS Pack Vendor :STMicroelectronics X-CUBE-AZRTOS-F7 1.1.0
2025-07-24 09:27:29,199 [INFO] ThirdParty:1030 - CMSIS Pack Vendor :STMicroelectronics X-CUBE-AZRTOS-L5 2.0.0
2025-07-24 09:27:29,199 [INFO] ThirdParty:1030 - CMSIS Pack Vendor :STMicroelectronics USB_DEVICE 2.0.0
2025-07-24 09:27:29,199 [INFO] ThirdParty:1030 - CMSIS Pack Vendor :STMicroelectronics X-CUBE-NFC6 3.1.0
2025-07-24 09:27:29,199 [INFO] ThirdParty:1030 - CMSIS Pack Vendor :STMicroelectronics X-CUBE-MEMS1 11.0.0
2025-07-24 09:27:29,199 [INFO] ThirdParty:1030 - CMSIS Pack Vendor :STMicroelectronics FreeRTOS 0.0.1
2025-07-24 09:27:29,199 [INFO] ThirdParty:1030 - CMSIS Pack Vendor :STMicroelectronics X-CUBE-DPower 1.2.0
2025-07-24 09:27:29,199 [INFO] ThirdParty:1030 - CMSIS Pack Vendor :STMicroelectronics FP-SNS-FLIGHT1 5.0.2
2025-07-24 09:27:29,199 [INFO] ThirdParty:1030 - CMSIS Pack Vendor :STMicroelectronics PDM2PCM 3.3.0
2025-07-24 09:27:29,199 [INFO] ThirdParty:1030 - CMSIS Pack Vendor :STMicroelectronics X-CUBE-AZRTOS-H7 3.4.0
2025-07-24 09:27:29,199 [INFO] ThirdParty:1030 - CMSIS Pack Vendor :STMicroelectronics X-CUBE-DISPLAY 3.0.0
2025-07-24 09:27:29,199 [INFO] ThirdParty:1030 - CMSIS Pack Vendor :STMicroelectronics X-CUBE-BLE1 7.0.0
2025-07-24 09:27:29,199 [INFO] ThirdParty:1030 - CMSIS Pack Vendor :STMicroelectronics X-CUBE-NFC10 1.0.0
2025-07-24 09:27:29,199 [INFO] ThirdParty:1030 - CMSIS Pack Vendor :STMicroelectronics X-CUBE-BLEMGR 4.0.0
2025-07-24 09:27:29,199 [INFO] ThirdParty:1030 - CMSIS Pack Vendor :STMicroelectronics X-CUBE-FREERTOS 1.3.1
2025-07-24 09:27:29,200 [INFO] ThirdParty:1030 - CMSIS Pack Vendor :STMicroelectronics HAL Drivers 0.0.0
2025-07-24 09:27:29,200 [INFO] ThirdParty:1030 - CMSIS Pack Vendor :emotas I-CUBE-CANOPEN 1.3.0
2025-07-24 09:27:29,200 [INFO] ThirdParty:1030 - CMSIS Pack Vendor :STMicroelectronics X-CUBE-FREERTOS 1.3.0
2025-07-24 09:27:29,200 [INFO] ThirdParty:1030 - CMSIS Pack Vendor :STMicroelectronics X-CUBE-NFC7 1.0.1
2025-07-24 09:27:29,200 [INFO] ThirdParty:1030 - CMSIS Pack Vendor :STMicroelectronics MBEDTLS 2.14.1
2025-07-24 09:27:29,200 [INFO] ThirdParty:1030 - CMSIS Pack Vendor :STMicroelectronics X-CUBE-BLEMGR 3.1.0
2025-07-24 09:27:29,200 [INFO] ThirdParty:1030 - CMSIS Pack Vendor :STMicroelectronics X-CUBE-AI 10.0.0
2025-07-24 09:27:29,200 [INFO] ThirdParty:1030 - CMSIS Pack Vendor :STMicroelectronics FP-SNS-STAIOTCFT 1.0.0
2025-07-24 09:27:29,200 [INFO] ThirdParty:1030 - CMSIS Pack Vendor :STMicroelectronics FP-SNS-SMARTAG2 1.2.0
2025-07-24 09:27:29,200 [INFO] ThirdParty:1030 - CMSIS Pack Vendor :STMicroelectronics FP-SNS-FLIGHT1 5.1.0
2025-07-24 09:27:29,200 [INFO] ThirdParty:1030 - CMSIS Pack Vendor :STMicroelectronics X-CUBE-MEMS1 11.1.0
2025-07-24 09:27:29,200 [INFO] ThirdParty:1030 - CMSIS Pack Vendor :STMicroelectronics X-CUBE-AZRTOS-WL 2.0.0
2025-07-24 09:27:29,200 [INFO] ThirdParty:1030 - CMSIS Pack Vendor :STMicroelectronics X-CUBE-DPower 1.3.0
2025-07-24 09:27:29,200 [INFO] ThirdParty:1030 - CMSIS Pack Vendor :STMicroelectronics FP-SNS-MOTENV1 5.0.0
2025-07-24 09:27:29,200 [INFO] ThirdParty:1030 - CMSIS Pack Vendor :STMicroelectronics USB_DEVICE 1.0.0
2025-07-24 09:27:29,200 [INFO] ThirdParty:1030 - CMSIS Pack Vendor :wolfSSL I-CUBE-wolfMQTT 1.19.0
2025-07-24 09:27:29,200 [INFO] ThirdParty:1030 - CMSIS Pack Vendor :STMicroelectronics X-CUBE-AZRTOS-L4 2.0.0
2025-07-24 09:27:29,200 [INFO] ThirdParty:1030 - CMSIS Pack Vendor :STMicroelectronics ThreadX 0.0.2
2025-07-24 09:27:29,200 [INFO] ThirdParty:1030 - CMSIS Pack Vendor :WES I-CUBE-Cesium 1.3.0
2025-07-24 09:27:29,200 [INFO] ThirdParty:1030 - CMSIS Pack Vendor :STMicroelectronics lwIP 2.1.2
2025-07-24 09:27:29,200 [INFO] ThirdParty:1030 - CMSIS Pack Vendor :STMicroelectronics X-CUBE-SFXS2LP1 4.0.0
2025-07-24 09:27:29,200 [INFO] ThirdParty:1030 - CMSIS Pack Vendor :STMicroelectronics X-CUBE-BLE2 3.3.0
2025-07-24 09:27:29,200 [INFO] ThirdParty:1030 - CMSIS Pack Vendor :STMicroelectronics PDM2PCM 3.2.0
2025-07-24 09:27:29,200 [INFO] ThirdParty:1030 - CMSIS Pack Vendor :STMicroelectronics X-CUBE-AZRTOS-H7 3.3.0
2025-07-24 09:27:29,200 [INFO] ThirdParty:1030 - CMSIS Pack Vendor :STMicroelectronics X-CUBE-NFC9 1.0.0
2025-07-24 09:27:29,200 [INFO] ThirdParty:1030 - CMSIS Pack Vendor :STMicroelectronics X-CUBE-BLE1 7.1.0
2025-07-24 09:27:29,200 [INFO] ThirdParty:1030 - CMSIS Pack Vendor :STMicroelectronics USB_DEVICE 3.0.0
2025-07-24 09:27:29,200 [INFO] ThirdParty:1030 - CMSIS Pack Vendor :STMicroelectronics X-CUBE-TCPP 4.1.0
2025-07-24 09:27:29,200 [INFO] ThirdParty:1030 - CMSIS Pack Vendor :STMicroelectronics X-CUBE-EEPRMA1 5.2.0
2025-07-24 09:27:29,200 [INFO] ThirdParty:1030 - CMSIS Pack Vendor :STMicroelectronics X-CUBE-BLEMGR 4.1.0
2025-07-24 09:27:29,201 [INFO] ThirdParty:1030 - CMSIS Pack Vendor :STMicroelectronics X-CUBE-IPS 3.0.0
2025-07-24 09:27:29,201 [INFO] ThirdParty:1030 - CMSIS Pack Vendor :STMicroelectronics X-CUBE-AZRTOS-WB 2.0.0
2025-07-24 09:27:29,201 [INFO] ThirdParty:1030 - CMSIS Pack Vendor :STMicroelectronics X-CUBE-GNSS1 7.0.0
2025-07-24 09:27:29,201 [INFO] ThirdParty:1030 - CMSIS Pack Vendor :STMicroelectronics X-CUBE-GNSS1 7.0.1
2025-07-24 09:27:29,202 [INFO] ThirdParty:1030 - CMSIS Pack Vendor :STMicroelectronics X-CUBE-TOUCHGFX 4.25.0
2025-07-24 09:27:29,202 [INFO] ThirdParty:1030 - CMSIS Pack Vendor :STMicroelectronics X-CUBE-AI 10.1.0
2025-07-24 09:27:29,202 [INFO] ThirdParty:1030 - CMSIS Pack Vendor :STMicroelectronics FP-SNS-STBOX1 2.0.0
2025-07-24 09:27:29,202 [INFO] ThirdParty:1030 - CMSIS Pack Vendor :STMicroelectronics X-CUBE-MEMS1 11.2.0
2025-07-24 09:27:29,202 [INFO] ThirdParty:1030 - CMSIS Pack Vendor :STMicroelectronics X-CUBE-AZRTOS-G0 1.1.0
2025-07-24 09:27:29,202 [INFO] ThirdParty:1030 - CMSIS Pack Vendor :STMicroelectronics X-CUBE-SAFEA1 1.2.2
2025-07-24 09:27:29,202 [INFO] ThirdParty:1030 - CMSIS Pack Vendor :STMicroelectronics X-CUBE-NFC4 3.0.0
2025-07-24 09:27:29,202 [INFO] ThirdParty:1030 - CMSIS Pack Vendor :STMicroelectronics X-CUBE-SUBG2 5.0.0
2025-07-24 09:27:29,203 [INFO] ThirdParty:1030 - CMSIS Pack Vendor :STMicroelectronics X-CUBE-AZRTOS-H7RS 1.1.0
2025-07-24 09:27:29,203 [INFO] ThirdParty:1030 - CMSIS Pack Vendor :STMicroelectronics STM32_WPAN 1.0.0
2025-07-24 09:27:29,203 [INFO] ThirdParty:1030 - CMSIS Pack Vendor :EmbeddedOffice I-CUBE-FS-RTOS 1.0.1
2025-07-24 09:27:29,203 [INFO] ThirdParty:1030 - CMSIS Pack Vendor :STMicroelectronics lwIP 2.0.3
2025-07-24 09:27:29,203 [INFO] ThirdParty:1030 - CMSIS Pack Vendor :Cesanta I-CUBE-Mongoose 7.13.0
2025-07-24 09:27:29,203 [INFO] ThirdParty:1030 - CMSIS Pack Vendor :STMicroelectronics USB_HOST 1.0.0
2025-07-24 09:27:29,203 [INFO] ThirdParty:1030 - CMSIS Pack Vendor :STMicroelectronics X-CUBE-AZRTOS-G4 2.0.0
2025-07-24 09:27:29,203 [INFO] ThirdParty:1030 - CMSIS Pack Vendor :STMicroelectronics X-CUBE-WB05N 2.0.0
2025-07-24 09:27:29,203 [INFO] ThirdParty:1030 - CMSIS Pack Vendor :STMicroelectronics PDM2PCM 3.1.0
2025-07-24 09:27:29,203 [INFO] ThirdParty:1030 - CMSIS Pack Vendor :STMicroelectronics X-CUBE-NFC7 2.0.0
2025-07-24 09:27:29,203 [INFO] ThirdParty:1030 - CMSIS Pack Vendor :STMicroelectronics X-CUBE-TCPP 4.2.0
2025-07-24 09:27:29,203 [INFO] ThirdParty:1030 - CMSIS Pack Vendor :RealThread X-CUBE-RT-Thread_Nano 4.1.1
2025-07-24 09:27:29,203 [INFO] ThirdParty:1030 - CMSIS Pack Vendor :STMicroelectronics FP-ATR-SIGFOX1 3.2.0
2025-07-24 09:27:29,203 [INFO] ThirdParty:1030 - CMSIS Pack Vendor :quantropi X-CUBE-qispace-sdk-base 1.9.3
2025-07-24 09:27:29,203 [INFO] ThirdParty:1030 - CMSIS Pack Vendor :STMicroelectronics X-CUBE-EEPRMA1 5.1.0
2025-07-24 09:27:29,203 [INFO] ThirdParty:1030 - CMSIS Pack Vendor :STMicroelectronics MBEDTLS 2.16.2
2025-07-24 09:27:29,203 [INFO] ThirdParty:1030 - CMSIS Pack Vendor :STMicroelectronics X-CUBE-IPS 3.1.0
2025-07-24 09:27:29,203 [INFO] ThirdParty:1030 - CMSIS Pack Vendor :STMicroelectronics X-CUBE-ALS 1.0.2
2025-07-24 09:27:29,203 [INFO] ThirdParty:1030 - CMSIS Pack Vendor :wolfSSL I-CUBE-wolfSSL 5.7.4
2025-07-24 09:27:29,203 [INFO] ThirdParty:1030 - CMSIS Pack Vendor :ITTIA_DB I-CUBE-ITTIADB 8.9.0
2025-07-24 09:27:29,203 [INFO] ThirdParty:1030 - CMSIS Pack Vendor :STMicroelectronics X-CUBE-TOUCHGFX 4.24.2
2025-07-24 09:27:29,203 [INFO] ThirdParty:1030 - CMSIS Pack Vendor :STMicroelectronics X-CUBE-TOUCHGFX 4.24.1
2025-07-24 09:27:29,203 [INFO] ThirdParty:1030 - CMSIS Pack Vendor :wolfSSL I-CUBE-wolfTPM 3.4.0
2025-07-24 09:27:29,203 [INFO] ThirdParty:1030 - CMSIS Pack Vendor :portGmbH I-Cube-SoM-uGOAL 1.1.0
2025-07-24 09:27:29,203 [INFO] ThirdParty:1030 - CMSIS Pack Vendor :STMicroelectronics X-CUBE-ST67W61 1.0.0
2025-07-24 09:27:29,203 [INFO] ThirdParty:1030 - CMSIS Pack Vendor :STMicroelectronics ThreadX 1.0.0
2025-07-24 09:27:29,203 [INFO] ThirdParty:1030 - CMSIS Pack Vendor :SEGGER I-CUBE-embOS 1.3.1
2025-07-24 09:27:29,203 [INFO] ThirdParty:1030 - CMSIS Pack Vendor :STMicroelectronics X-CUBE-ALGOBUILD 1.4.0
2025-07-24 09:27:29,203 [INFO] ThirdParty:1030 - CMSIS Pack Vendor :STMicroelectronics X-CUBE-MEMS1 11.3.0
2025-07-24 09:27:29,203 [INFO] ThirdParty:1030 - CMSIS Pack Vendor :STMicroelectronics X-CUBE-AZRTOS-H7RS 1.0.0
2025-07-24 09:27:29,203 [INFO] ThirdParty:1030 - CMSIS Pack Vendor :STMicroelectronics FP-ATR-ASTRA1 2.0.0
2025-07-24 09:27:29,203 [INFO] ThirdParty:1030 - CMSIS Pack Vendor :STMicroelectronics X-CUBE-TOF1 3.4.2
2025-07-24 09:27:29,203 [INFO] ThirdParty:1030 - CMSIS Pack Vendor :STMicroelectronics X-CUBE-TOF1 3.4.3
2025-07-24 09:27:29,203 [INFO] ThirdParty:1030 - CMSIS Pack Vendor :STMicroelectronics X-CUBE-AI 9.1.0
2025-07-24 09:27:29,203 [INFO] ThirdParty:1030 - CMSIS Pack Vendor :Infineon AIROC-Wi-Fi-Bluetooth-STM32 1.6.1
2025-07-24 09:27:29,203 [INFO] ThirdParty:1030 - CMSIS Pack Vendor :wolfSSL I-CUBE-wolfSSH 1.4.17
2025-07-24 09:27:29,204 [INFO] ThirdParty:841 - exiting critical section [change project]
2025-07-24 09:27:30,211 [INFO] PinOutPanel:1589 - setPackage(No Configuration,No Configuration)
2025-07-24 09:27:30,216 [INFO] PinOutPanel:1589 - setPackage(STM32F767ZITx,LQFP144)
2025-07-24 09:27:31,370 [INFO] UtilMem:75 - Before build in PCC Used Memory: 552108816 Bytes (903872512)
2025-07-24 09:27:33,165 [INFO] UtilMem:75 - After build in PCC Used Memory: 641764112 Bytes (903872512)
2025-07-24 09:27:33,228 [INFO] IPUIPlugin:80 - create IPUIPlugin
2025-07-24 09:27:33,228 [INFO] IPUIPlugin:80 - create IPUIPlugin
2025-07-24 09:27:33,228 [INFO] IPUIPlugin:80 - create IPUIPlugin
2025-07-24 09:27:33,228 [INFO] IPUIPlugin:80 - create IPUIPlugin
2025-07-24 09:27:33,228 [INFO] IPUIPlugin:80 - create IPUIPlugin
2025-07-24 09:27:33,228 [INFO] IPUIPlugin:80 - create IPUIPlugin
2025-07-24 09:27:33,228 [INFO] IPUIPlugin:80 - create IPUIPlugin
2025-07-24 09:27:33,228 [INFO] IPUIPlugin:80 - create IPUIPlugin
2025-07-24 09:27:33,228 [INFO] IPUIPlugin:80 - create IPUIPlugin
2025-07-24 09:27:33,228 [INFO] IPUIPlugin:80 - create IPUIPlugin
2025-07-24 09:27:33,228 [INFO] IPUIPlugin:80 - create IPUIPlugin
2025-07-24 09:27:33,228 [INFO] IPUIPlugin:80 - create IPUIPlugin
2025-07-24 09:27:33,229 [INFO] IPUIPlugin:80 - create IPUIPlugin
2025-07-24 09:27:33,229 [INFO] IPUIPlugin:80 - create IPUIPlugin
2025-07-24 09:27:33,229 [INFO] IPUIPlugin:80 - create IPUIPlugin
2025-07-24 09:27:33,229 [INFO] IPUIPlugin:80 - create IPUIPlugin
2025-07-24 09:27:33,230 [INFO] IPUIPlugin:80 - create IPUIPlugin
2025-07-24 09:27:33,230 [INFO] IPUIPlugin:80 - create IPUIPlugin
2025-07-24 09:27:33,230 [INFO] IPUIPlugin:80 - create IPUIPlugin
2025-07-24 09:27:33,230 [INFO] IPUIPlugin:80 - create IPUIPlugin
2025-07-24 09:27:33,230 [INFO] IPUIPlugin:80 - create IPUIPlugin
2025-07-24 09:27:33,230 [INFO] IPUIPlugin:80 - create IPUIPlugin
2025-07-24 09:27:33,230 [INFO] IPUIPlugin:80 - create IPUIPlugin
2025-07-24 09:27:33,230 [INFO] IPUIPlugin:80 - create IPUIPlugin
2025-07-24 09:27:33,231 [INFO] IPUIPlugin:80 - create IPUIPlugin
2025-07-24 09:27:33,231 [INFO] IPUIPlugin:80 - create IPUIPlugin
2025-07-24 09:27:33,231 [INFO] IPUIPlugin:80 - create IPUIPlugin
2025-07-24 09:27:33,232 [INFO] IPUIPlugin:80 - create IPUIPlugin
2025-07-24 09:27:33,232 [INFO] IPUIPlugin:80 - create IPUIPlugin
2025-07-24 09:27:33,233 [INFO] IPUIPlugin:80 - create IPUIPlugin
2025-07-24 09:27:33,233 [INFO] IPUIPlugin:80 - create IPUIPlugin
2025-07-24 09:27:33,234 [INFO] IPUIPlugin:80 - create IPUIPlugin
2025-07-24 09:27:33,234 [INFO] IPUIPlugin:80 - create IPUIPlugin
2025-07-24 09:27:33,235 [INFO] IPUIPlugin:80 - create IPUIPlugin
2025-07-24 09:27:33,235 [INFO] IPUIPlugin:80 - create IPUIPlugin
2025-07-24 09:27:33,235 [INFO] IPUIPlugin:80 - create IPUIPlugin
2025-07-24 09:27:33,236 [INFO] IPUIPlugin:80 - create IPUIPlugin
2025-07-24 09:27:33,236 [INFO] IPUIPlugin:80 - create IPUIPlugin
2025-07-24 09:27:33,236 [INFO] IPUIPlugin:80 - create IPUIPlugin
2025-07-24 09:27:33,237 [INFO] IPUIPlugin:80 - create IPUIPlugin
2025-07-24 09:27:33,237 [INFO] IPUIPlugin:80 - create IPUIPlugin
2025-07-24 09:27:33,238 [INFO] IPUIPlugin:80 - create IPUIPlugin
2025-07-24 09:27:33,238 [INFO] IPUIPlugin:80 - create IPUIPlugin
2025-07-24 09:27:33,238 [INFO] IPUIPlugin:80 - create IPUIPlugin
2025-07-24 09:27:33,239 [INFO] IPUIPlugin:80 - create IPUIPlugin
2025-07-24 09:27:33,239 [INFO] IPUIPlugin:80 - create IPUIPlugin
2025-07-24 09:27:33,240 [INFO] IPUIPlugin:80 - create IPUIPlugin
2025-07-24 09:27:33,240 [INFO] IPUIPlugin:80 - create IPUIPlugin
2025-07-24 09:27:33,240 [INFO] IPUIPlugin:80 - create IPUIPlugin
2025-07-24 09:27:33,241 [INFO] IPUIPlugin:80 - create IPUIPlugin
2025-07-24 09:27:33,241 [INFO] IPUIPlugin:80 - create IPUIPlugin
2025-07-24 09:27:33,241 [INFO] IPUIPlugin:80 - create IPUIPlugin
2025-07-24 09:27:33,242 [INFO] IPUIPlugin:80 - create IPUIPlugin
2025-07-24 09:27:33,242 [INFO] IPUIPlugin:80 - create IPUIPlugin
2025-07-24 09:27:33,242 [INFO] IPUIPlugin:80 - create IPUIPlugin
2025-07-24 09:27:33,243 [INFO] IPUIPlugin:80 - create IPUIPlugin
2025-07-24 09:27:33,244 [INFO] IPUIPlugin:80 - create IPUIPlugin
2025-07-24 09:27:33,244 [INFO] IPUIPlugin:80 - create IPUIPlugin
2025-07-24 09:27:33,245 [INFO] IPUIPlugin:80 - create IPUIPlugin
2025-07-24 09:27:33,245 [INFO] IPUIPlugin:80 - create IPUIPlugin
2025-07-24 09:27:33,245 [INFO] IPUIPlugin:80 - create IPUIPlugin
2025-07-24 09:27:33,246 [INFO] IPUIPlugin:80 - create IPUIPlugin
2025-07-24 09:27:33,246 [INFO] IPUIPlugin:80 - create IPUIPlugin
2025-07-24 09:27:33,247 [INFO] IPUIPlugin:80 - create IPUIPlugin
2025-07-24 09:27:33,247 [INFO] IPUIPlugin:80 - create IPUIPlugin
2025-07-24 09:27:33,247 [INFO] IPUIPlugin:80 - create IPUIPlugin
2025-07-24 09:27:33,249 [INFO] IPUIPlugin:80 - create IPUIPlugin
2025-07-24 09:27:33,249 [INFO] IPUIPlugin:80 - create IPUIPlugin
2025-07-24 09:27:33,250 [INFO] IPUIPlugin:80 - create IPUIPlugin
2025-07-24 09:27:33,251 [INFO] IPUIPlugin:80 - create IPUIPlugin
2025-07-24 09:27:33,251 [INFO] IPUIPlugin:80 - create IPUIPlugin
2025-07-24 09:27:33,252 [INFO] IPUIPlugin:80 - create IPUIPlugin
2025-07-24 09:27:33,252 [INFO] IPUIPlugin:80 - create IPUIPlugin
2025-07-24 09:27:33,252 [INFO] IPUIPlugin:80 - create IPUIPlugin
2025-07-24 09:27:33,253 [INFO] IPUIPlugin:80 - create IPUIPlugin
2025-07-24 09:27:33,254 [INFO] IPUIPlugin:80 - create IPUIPlugin
2025-07-24 09:27:33,255 [INFO] IPUIPlugin:80 - create IPUIPlugin
2025-07-24 09:27:33,255 [INFO] IPUIPlugin:80 - create IPUIPlugin
2025-07-24 09:27:33,256 [INFO] IPUIPlugin:80 - create IPUIPlugin
2025-07-24 09:27:33,418 [INFO] ApiDbMcu:532 - Load IP Config File for PDM2PCM
2025-07-24 09:27:33,771 [INFO] CADModel:165 - CPN selected for project levelSTM32F767ZIT6
2025-07-24 09:27:33,771 [INFO] CADModel:114 - Register for checkConnection events
2025-07-24 09:27:33,816 [INFO] OpenFileManager:386 - Restore cursor
2025-07-24 09:27:34,512 [WARN] IP:2250 - Warning not found: check if there is a RefParameter without a condition.
2025-07-24 09:27:34,512 [WARN] IP:2250 - RxBufferAddress not found: check if there is a RefParameter without a condition.
2025-07-24 09:27:34,513 [WARN] IP:2250 - DESC_SIZE_UNIT not found: check if there is a RefParameter without a condition.
2025-07-24 09:27:34,515 [WARN] IP:2250 - Warning not found: check if there is a RefParameter without a condition.
2025-07-24 09:27:34,515 [WARN] IP:2250 - RxBufferAddress not found: check if there is a RefParameter without a condition.
2025-07-24 09:27:34,516 [WARN] IP:2250 - DESC_SIZE_UNIT not found: check if there is a RefParameter without a condition.
2025-07-24 09:34:44,536 [INFO] WebApp:194 - Connection lost
2025-07-24 09:34:44,866 [INFO] WebApp:191 - Connection restablished
2025-07-24 10:05:41,499 [INFO] WebApp:194 - Connection lost
2025-07-24 10:05:42,000 [INFO] WebApp:191 - Connection restablished
2025-07-24 10:22:41,015 [ERROR] LogOutputStream:75 - [STDERR_REDIRECT] Exception in thread "AWT-EventQueue-0" java.lang.ClassCastException: class sun.awt.windows.WEmbeddedFrame cannot be cast to class javax.swing.JFrame (sun.awt.windows.WEmbeddedFrame and javax.swing.JFrame are in module java.desktop of loader 'bootstrap')
2025-07-24 10:22:41,018 [ERROR] LogOutputStream:75 - [STDERR_REDIRECT] 	at com.st.microxplorer.plugins.clock.ClockConfigurationView.activatePlugin(ClockConfigurationView.java:424)
2025-07-24 10:22:41,020 [ERROR] LogOutputStream:75 - [STDERR_REDIRECT] 	at com.st.microxplorer.maingui.MainPanel$1.stateChanged(MainPanel.java:385)
2025-07-24 10:22:41,022 [ERROR] LogOutputStream:75 - [STDERR_REDIRECT] 	at java.desktop/javax.swing.JTabbedPane.fireStateChanged(JTabbedPane.java:446)
2025-07-24 10:22:41,024 [ERROR] LogOutputStream:75 - [STDERR_REDIRECT] 	at java.desktop/javax.swing.JTabbedPane$ModelListener.stateChanged(JTabbedPane.java:297)
2025-07-24 10:22:41,026 [ERROR] LogOutputStream:75 - [STDERR_REDIRECT] 	at java.desktop/javax.swing.DefaultSingleSelectionModel.fireStateChanged(DefaultSingleSelectionModel.java:148)
2025-07-24 10:22:41,027 [ERROR] LogOutputStream:75 - [STDERR_REDIRECT] 	at java.desktop/javax.swing.DefaultSingleSelectionModel.setSelectedIndex(DefaultSingleSelectionModel.java:79)
2025-07-24 10:22:41,028 [ERROR] LogOutputStream:75 - [STDERR_REDIRECT] 	at java.desktop/javax.swing.JTabbedPane.setSelectedIndexImpl(JTabbedPane.java:650)
2025-07-24 10:22:41,029 [ERROR] LogOutputStream:75 - [STDERR_REDIRECT] 	at java.desktop/javax.swing.JTabbedPane.setSelectedIndex(JTabbedPane.java:625)
2025-07-24 10:22:41,031 [ERROR] LogOutputStream:75 - [STDERR_REDIRECT] 	at java.desktop/javax.swing.plaf.basic.BasicTabbedPaneUI$Handler.mousePressed(BasicTabbedPaneUI.java:4140)
2025-07-24 10:22:41,032 [ERROR] LogOutputStream:75 - [STDERR_REDIRECT] 	at java.desktop/java.awt.Component.processMouseEvent(Component.java:6618)
2025-07-24 10:22:41,033 [ERROR] LogOutputStream:75 - [STDERR_REDIRECT] 	at java.desktop/javax.swing.JComponent.processMouseEvent(JComponent.java:3398)
2025-07-24 10:22:41,034 [ERROR] LogOutputStream:75 - [STDERR_REDIRECT] 	at java.desktop/java.awt.Component.processEvent(Component.java:6386)
2025-07-24 10:22:41,035 [ERROR] LogOutputStream:75 - [STDERR_REDIRECT] 	at java.desktop/java.awt.Container.processEvent(Container.java:2266)
2025-07-24 10:22:41,036 [ERROR] LogOutputStream:75 - [STDERR_REDIRECT] 	at java.desktop/java.awt.Component.dispatchEventImpl(Component.java:4996)
2025-07-24 10:22:41,037 [ERROR] LogOutputStream:75 - [STDERR_REDIRECT] 	at java.desktop/java.awt.Container.dispatchEventImpl(Container.java:2324)
2025-07-24 10:22:41,038 [ERROR] LogOutputStream:75 - [STDERR_REDIRECT] 	at java.desktop/java.awt.Component.dispatchEvent(Component.java:4828)
2025-07-24 10:22:41,040 [ERROR] LogOutputStream:75 - [STDERR_REDIRECT] 	at java.desktop/java.awt.LightweightDispatcher.retargetMouseEvent(Container.java:4948)
2025-07-24 10:22:41,041 [ERROR] LogOutputStream:75 - [STDERR_REDIRECT] 	at java.desktop/java.awt.LightweightDispatcher.processMouseEvent(Container.java:4572)
2025-07-24 10:22:41,043 [ERROR] LogOutputStream:75 - [STDERR_REDIRECT] 	at java.desktop/java.awt.LightweightDispatcher.dispatchEvent(Container.java:4516)
2025-07-24 10:22:41,044 [ERROR] LogOutputStream:75 - [STDERR_REDIRECT] 	at java.desktop/java.awt.Container.dispatchEventImpl(Container.java:2310)
2025-07-24 10:22:41,046 [ERROR] LogOutputStream:75 - [STDERR_REDIRECT] 	at java.desktop/java.awt.Component.dispatchEvent(Component.java:4828)
2025-07-24 10:22:41,047 [ERROR] LogOutputStream:75 - [STDERR_REDIRECT] 	at java.desktop/java.awt.EventQueue.dispatchEventImpl(EventQueue.java:775)
2025-07-24 10:22:41,048 [ERROR] LogOutputStream:75 - [STDERR_REDIRECT] 	at java.desktop/java.awt.EventQueue$4.run(EventQueue.java:720)
2025-07-24 10:22:41,049 [ERROR] LogOutputStream:75 - [STDERR_REDIRECT] 	at java.desktop/java.awt.EventQueue$4.run(EventQueue.java:714)
2025-07-24 10:22:41,050 [ERROR] LogOutputStream:75 - [STDERR_REDIRECT] 	at java.base/java.security.AccessController.doPrivileged(AccessController.java:400)
2025-07-24 10:22:41,051 [ERROR] LogOutputStream:75 - [STDERR_REDIRECT] 	at java.base/java.security.ProtectionDomain$JavaSecurityAccessImpl.doIntersectionPrivilege(ProtectionDomain.java:87)
2025-07-24 10:22:41,052 [ERROR] LogOutputStream:75 - [STDERR_REDIRECT] 	at java.base/java.security.ProtectionDomain$JavaSecurityAccessImpl.doIntersectionPrivilege(ProtectionDomain.java:98)
2025-07-24 10:22:41,052 [ERROR] LogOutputStream:75 - [STDERR_REDIRECT] 	at java.desktop/java.awt.EventQueue$5.run(EventQueue.java:747)
2025-07-24 10:22:41,053 [ERROR] LogOutputStream:75 - [STDERR_REDIRECT] 	at java.desktop/java.awt.EventQueue$5.run(EventQueue.java:745)
2025-07-24 10:22:41,054 [ERROR] LogOutputStream:75 - [STDERR_REDIRECT] 	at java.base/java.security.AccessController.doPrivileged(AccessController.java:400)
2025-07-24 10:22:41,055 [ERROR] LogOutputStream:75 - [STDERR_REDIRECT] 	at java.base/java.security.ProtectionDomain$JavaSecurityAccessImpl.doIntersectionPrivilege(ProtectionDomain.java:87)
2025-07-24 10:22:41,056 [ERROR] LogOutputStream:75 - [STDERR_REDIRECT] 	at java.desktop/java.awt.EventQueue.dispatchEvent(EventQueue.java:744)
2025-07-24 10:22:41,057 [ERROR] LogOutputStream:75 - [STDERR_REDIRECT] 	at java.desktop/java.awt.EventDispatchThread.pumpOneEventForFilters(EventDispatchThread.java:203)
2025-07-24 10:22:41,057 [ERROR] LogOutputStream:75 - [STDERR_REDIRECT] 	at java.desktop/java.awt.EventDispatchThread.pumpEventsForFilter(EventDispatchThread.java:124)
2025-07-24 10:22:41,058 [ERROR] LogOutputStream:75 - [STDERR_REDIRECT] 	at java.desktop/java.awt.EventDispatchThread.pumpEventsForHierarchy(EventDispatchThread.java:113)
2025-07-24 10:22:41,059 [ERROR] LogOutputStream:75 - [STDERR_REDIRECT] 	at java.desktop/java.awt.EventDispatchThread.pumpEvents(EventDispatchThread.java:109)
2025-07-24 10:22:41,060 [ERROR] LogOutputStream:75 - [STDERR_REDIRECT] 	at java.desktop/java.awt.EventDispatchThread.pumpEvents(EventDispatchThread.java:101)
2025-07-24 10:22:41,060 [ERROR] LogOutputStream:75 - [STDERR_REDIRECT] 	at java.desktop/java.awt.EventDispatchThread.run(EventDispatchThread.java:90)
2025-07-24 10:29:48,066 [INFO] Activator:176 - 


2025-07-24 10:29:48,068 [INFO] Activator:177 - !SESSION log4j initialized
2025-07-24 10:29:55,273 [INFO] LogOutputStream:77 - [STDOUT_REDIRECT] 
2025-07-24 10:29:56,955 [INFO] ApplicationProperties:184 - Using Application install path: C:\ST\STM32CubeIDE_1.16.1\STM32CubeIDE\plugins\com.st.stm32cube.common.mx_6.15.0.202507011659
2025-07-24 10:29:56,970 [INFO] DbMcusXml:78 - Set database path to: C:\ST\STM32CubeIDE_1.16.1\STM32CubeIDE\plugins\com.st.stm32cube.common.mx_6.15.0.202507011659\\db\/mcu/
2025-07-24 10:29:56,970 [INFO] ApiDb:274 - Set plugin database path to: C:\ST\STM32CubeIDE_1.16.1\STM32CubeIDE\plugins\com.st.stm32cube.common.mx_6.15.0.202507011659\\db\/plugins/boardmanager/
2025-07-24 10:29:56,971 [WARN] ApiDb:259 - Overriding images path with different value:  => C:\ST\STM32CubeIDE_1.16.1\STM32CubeIDE\plugins\com.st.stm32cube.common.mx_6.15.0.202507011659\\db\/plugins/mcufinder/images/
2025-07-24 10:29:56,981 [INFO] ApiDb:250 - Set database path to: C:\Users\Chinnapop\.stmcufinder\plugins\mcufinder//mcu/
2025-07-24 10:29:56,982 [INFO] DbMcusAds:125 - Set database path to: C:\Users\Chinnapop\.stmcufinder\plugins\mcufinder//mcu/
2025-07-24 10:29:56,985 [INFO] CrossReferenceDbSqlite:203 - Set database path to: C:\Users\Chinnapop\.stmcufinder\plugins\mcufinder//mcu/cs/
2025-07-24 10:29:57,102 [INFO] RulesReader:64 - Compatibility file has been processed (317 Rules)
2025-07-24 10:29:57,197 [INFO] DbMcusXml:78 - Set database path to: C:\ST\STM32CubeIDE_1.16.1\STM32CubeIDE\plugins\com.st.stm32cube.common.mx_6.15.0.202507011659\\db\/mcu/
2025-07-24 10:29:57,197 [INFO] ApiDb:274 - Set plugin database path to: C:\ST\STM32CubeIDE_1.16.1\STM32CubeIDE\plugins\com.st.stm32cube.common.mx_6.15.0.202507011659\\db\/plugins/boardmanager/
2025-07-24 10:29:57,197 [INFO] ApiDb:261 - Set plugin images path to: C:\ST\STM32CubeIDE_1.16.1\STM32CubeIDE\plugins\com.st.stm32cube.common.mx_6.15.0.202507011659\\db\/plugins/mcufinder/images/
2025-07-24 10:29:57,197 [WARN] DbFile:41 - Overriding database path with different value: C:\Users\Chinnapop\.stmcufinder\plugins\mcufinder/ => C:\Users\Chinnapop\.stmcufinder\plugins\mcufinder
2025-07-24 10:29:57,197 [INFO] ApiDb:250 - Set database path to: C:\Users\Chinnapop\.stmcufinder\plugins\mcufinder//mcu/
2025-07-24 10:29:57,197 [WARN] DbFile:41 - Overriding database path with different value: C:\Users\Chinnapop\.stmcufinder\plugins\mcufinder/ => C:\Users\Chinnapop\.stmcufinder\plugins\mcufinder
2025-07-24 10:29:57,198 [INFO] DbMcusAds:125 - Set database path to: C:\Users\Chinnapop\.stmcufinder\plugins\mcufinder//mcu/
2025-07-24 10:29:57,198 [WARN] DbFile:41 - Overriding database path with different value: C:\Users\Chinnapop\.stmcufinder\plugins\mcufinder/ => C:\Users\Chinnapop\.stmcufinder\plugins\mcufinder
2025-07-24 10:29:57,198 [WARN] DbFile:41 - Overriding database path with different value: C:\Users\Chinnapop\.stmcufinder\plugins\mcufinder/ => C:\Users\Chinnapop\.stmcufinder\plugins\mcufinder
2025-07-24 10:29:57,198 [INFO] CrossReferenceDbSqlite:203 - Set database path to: C:\Users\Chinnapop\.stmcufinder\plugins\mcufinder//mcu/cs/
2025-07-24 10:29:57,262 [INFO] MainPanel:274 - HeapMemory: 268435456
2025-07-24 10:29:57,337 [INFO] DbMcusXml:78 - Set database path to: C:\ST\STM32CubeIDE_1.16.1\STM32CubeIDE\plugins\com.st.stm32cube.common.mx_6.15.0.202507011659\\db\/mcu/
2025-07-24 10:29:57,337 [INFO] ApiDb:274 - Set plugin database path to: C:\ST\STM32CubeIDE_1.16.1\STM32CubeIDE\plugins\com.st.stm32cube.common.mx_6.15.0.202507011659\\db\/plugins/boardmanager/
2025-07-24 10:29:57,337 [INFO] ApiDb:261 - Set plugin images path to: C:\ST\STM32CubeIDE_1.16.1\STM32CubeIDE\plugins\com.st.stm32cube.common.mx_6.15.0.202507011659\\db\/plugins/mcufinder/images/
2025-07-24 10:29:57,337 [WARN] DbFile:41 - Overriding database path with different value: C:\Users\Chinnapop\.stmcufinder\plugins\mcufinder/ => C:\Users\Chinnapop\.stmcufinder\plugins\mcufinder
2025-07-24 10:29:57,338 [INFO] ApiDb:250 - Set database path to: C:\Users\Chinnapop\.stmcufinder\plugins\mcufinder//mcu/
2025-07-24 10:29:57,338 [WARN] DbFile:41 - Overriding database path with different value: C:\Users\Chinnapop\.stmcufinder\plugins\mcufinder/ => C:\Users\Chinnapop\.stmcufinder\plugins\mcufinder
2025-07-24 10:29:57,338 [INFO] DbMcusAds:125 - Set database path to: C:\Users\Chinnapop\.stmcufinder\plugins\mcufinder//mcu/
2025-07-24 10:29:57,338 [WARN] DbFile:41 - Overriding database path with different value: C:\Users\Chinnapop\.stmcufinder\plugins\mcufinder/ => C:\Users\Chinnapop\.stmcufinder\plugins\mcufinder
2025-07-24 10:29:57,338 [WARN] DbFile:41 - Overriding database path with different value: C:\Users\Chinnapop\.stmcufinder\plugins\mcufinder/ => C:\Users\Chinnapop\.stmcufinder\plugins\mcufinder
2025-07-24 10:29:57,338 [INFO] CrossReferenceDbSqlite:203 - Set database path to: C:\Users\Chinnapop\.stmcufinder\plugins\mcufinder//mcu/cs/
2025-07-24 10:29:57,356 [INFO] ApplicationProperties:184 - Using Application install path: C:\ST\STM32CubeIDE_1.16.1\STM32CubeIDE\plugins\com.st.stm32cube.common.mx_6.15.0.202507011659
2025-07-24 10:29:57,357 [INFO] PluginManage:196 - Search for loadable plugins [exclusion list=, ]
2025-07-24 10:29:57,358 [INFO] PluginManage:310 - Check plugin analytics
2025-07-24 10:29:57,536 [INFO] AnalyticsPlugin:253 - Accepted Software Licenses: 
2025-07-24 10:29:57,536 [INFO] AnalyticsPlugin:255 - Accepted CMSIS Pack Licenses: 
2025-07-24 10:29:57,536 [INFO] AnalyticsPlugin:257 - Accepted Firmware Licenses: FW.F7.1.17.0
2025-07-24 10:29:57,540 [INFO] PluginManage:359 - Loaded plugin analytics (category:tool,tabindex:-1)
2025-07-24 10:29:57,540 [INFO] PluginManage:310 - Check plugin cadmodel
2025-07-24 10:29:57,543 [INFO] CADModel:105 - Init CAD model plugin
2025-07-24 10:29:57,545 [INFO] PluginManage:359 - Loaded plugin cadmodel (category:power,tabindex:5)
2025-07-24 10:29:57,545 [INFO] PluginManage:310 - Check plugin clock
2025-07-24 10:29:57,553 [INFO] PluginManage:359 - Loaded plugin clock (category:base,tabindex:2)
2025-07-24 10:29:57,553 [INFO] PluginManage:310 - Check plugin ddr
2025-07-24 10:29:57,555 [INFO] PluginManage:359 - Loaded plugin ddr (category:tool,tabindex:6)
2025-07-24 10:29:57,555 [INFO] PluginManage:310 - Check plugin filemanager
2025-07-24 10:29:57,678 [INFO] PluginManage:359 - Loaded plugin filemanager (category:base,tabindex:10)
2025-07-24 10:29:57,678 [INFO] PluginManage:310 - Check plugin ipmanager
2025-07-24 10:29:57,686 [INFO] PluginManage:359 - Loaded plugin ipmanager (category:base,tabindex:5)
2025-07-24 10:29:57,686 [INFO] PluginManage:310 - Check plugin lpbam
2025-07-24 10:29:57,693 [INFO] PluginManage:359 - Loaded plugin lpbam (category:base,tabindex:0)
2025-07-24 10:29:57,693 [INFO] PluginManage:310 - Check plugin memorymap
2025-07-24 10:29:57,704 [INFO] PluginManage:359 - Loaded plugin memorymap (category:base,tabindex:4)
2025-07-24 10:29:57,704 [INFO] PluginManage:310 - Check plugin pinoutandconfiguration
2025-07-24 10:29:57,711 [INFO] PluginManage:359 - Loaded plugin pinoutandconfiguration (category:base,tabindex:1)
2025-07-24 10:29:57,711 [INFO] PluginManage:310 - Check plugin pinoutconfig
2025-07-24 10:29:57,784 [WARN] SupportedApi:132 - Cannot load RTOS API schema: s4s-elt-must-match.1: The content of 'definitions' must match (annotation?, (simpleType | complexType)?, (unique | key | keyref)*)). A problem was found starting at: attribute.
2025-07-24 10:29:57,900 [INFO] PluginManage:359 - Loaded plugin pinoutconfig (category:base,tabindex:0)
2025-07-24 10:29:57,900 [INFO] PluginManage:310 - Check plugin power
2025-07-24 10:29:57,907 [INFO] PluginManage:359 - Loaded plugin power (category:power,tabindex:4)
2025-07-24 10:29:57,907 [INFO] PluginManage:310 - Check plugin projectmanager
2025-07-24 10:29:57,922 [INFO] PluginManage:359 - Loaded plugin projectmanager (category:projectmanager,tabindex:4)
2025-07-24 10:29:57,922 [INFO] PluginManage:310 - Check plugin rif
2025-07-24 10:29:57,930 [INFO] PluginManage:359 - Loaded plugin rif (category:base,tabindex:3)
2025-07-24 10:29:57,930 [INFO] PluginManage:310 - Check plugin thirdparty
2025-07-24 10:29:58,057 [WARN] IntegrityCheckThread:84 - waiting for thirdparty lock release [integrity check]
2025-07-24 10:29:58,058 [INFO] IntegrityCheckThread:86 - entering critical section [integrity check]
2025-07-24 10:29:58,058 [INFO] ThirdPartyUpdaterWithRetryManager:70 - Updater plugin not ready yet. [1/15]
2025-07-24 10:29:58,058 [INFO] PluginManage:359 - Loaded plugin thirdparty (category:base,tabindex:-1)
2025-07-24 10:29:58,058 [INFO] PluginManage:310 - Check plugin tools
2025-07-24 10:29:58,061 [INFO] PluginManage:359 - Loaded plugin tools (category:base,tabindex:7)
2025-07-24 10:29:58,061 [INFO] PluginManage:310 - Check plugin tutovideos
2025-07-24 10:29:58,434 [INFO] PluginManage:359 - Loaded plugin tutovideos (category:base,tabindex:-1)
2025-07-24 10:29:58,434 [INFO] PluginManage:310 - Check plugin updater
2025-07-24 10:29:58,468 [INFO] PluginManage:359 - Loaded plugin updater (category:base,tabindex:12)
2025-07-24 10:29:58,469 [INFO] PluginManage:310 - Check plugin userauth
2025-07-24 10:29:58,474 [INFO] UserAuth:118 - Init User Auth plugin
2025-07-24 10:29:58,475 [INFO] PluginManage:359 - Loaded plugin userauth (category:base,tabindex:14)
2025-07-24 10:29:58,476 [INFO] PluginManage:283 - PluginManage : Loaded plugins [18]
2025-07-24 10:29:58,776 [INFO] PinOutPanel:1589 - setPackage(No Configuration,No Configuration)
2025-07-24 10:29:58,856 [INFO] CADModel:165 - CPN selected for project level
2025-07-24 10:29:58,856 [INFO] CADModel:114 - Register for checkConnection events
2025-07-24 10:29:58,871 [INFO] IPUIPlugin:80 - create IPUIPlugin
2025-07-24 10:29:58,871 [INFO] PluginManager:220 - loadIPPluginJar : add adc
2025-07-24 10:29:58,874 [INFO] IPUIPlugin:80 - create IPUIPlugin
2025-07-24 10:29:58,875 [INFO] PluginManager:220 - loadIPPluginJar : add aes
2025-07-24 10:29:58,877 [INFO] IPUIPlugin:80 - create IPUIPlugin
2025-07-24 10:29:58,877 [INFO] PluginManager:220 - loadIPPluginJar : add can
2025-07-24 10:29:58,879 [INFO] IPUIPlugin:80 - create IPUIPlugin
2025-07-24 10:29:58,879 [INFO] PluginManager:220 - loadIPPluginJar : add comp
2025-07-24 10:29:58,881 [INFO] IPUIPlugin:80 - create IPUIPlugin
2025-07-24 10:29:58,881 [INFO] PluginManager:220 - loadIPPluginJar : add cryp
2025-07-24 10:29:58,883 [INFO] IPUIPlugin:80 - create IPUIPlugin
2025-07-24 10:29:58,884 [INFO] PluginManager:220 - loadIPPluginJar : add ddr_ctrl_phy
2025-07-24 10:29:58,886 [INFO] IPUIPlugin:80 - create IPUIPlugin
2025-07-24 10:29:58,886 [INFO] PluginManager:220 - loadIPPluginJar : add dfsdm
2025-07-24 10:29:58,892 [INFO] IPUIPlugin:80 - create IPUIPlugin
2025-07-24 10:29:58,892 [INFO] PluginManager:220 - loadIPPluginJar : add dma
2025-07-24 10:29:58,896 [INFO] IPUIPlugin:80 - create IPUIPlugin
2025-07-24 10:29:58,896 [INFO] PluginManager:220 - loadIPPluginJar : add dma3
2025-07-24 10:29:58,899 [INFO] IPUIPlugin:80 - create IPUIPlugin
2025-07-24 10:29:58,899 [INFO] PluginManager:220 - loadIPPluginJar : add extmemmanager
2025-07-24 10:29:58,900 [INFO] IPUIPlugin:80 - create IPUIPlugin
2025-07-24 10:29:58,900 [INFO] PluginManager:220 - loadIPPluginJar : add fatfs
2025-07-24 10:29:58,904 [INFO] IPUIPlugin:80 - create IPUIPlugin
2025-07-24 10:29:58,904 [INFO] PluginManager:220 - loadIPPluginJar : add fmc
2025-07-24 10:29:58,911 [INFO] IPUIPlugin:80 - create IPUIPlugin
2025-07-24 10:29:58,911 [INFO] PluginManager:220 - loadIPPluginJar : add freertos
2025-07-24 10:29:58,912 [INFO] IPUIPlugin:80 - create IPUIPlugin
2025-07-24 10:29:58,912 [INFO] PluginManager:220 - loadIPPluginJar : add genericplugin
2025-07-24 10:29:58,915 [INFO] IPUIPlugin:80 - create IPUIPlugin
2025-07-24 10:29:58,915 [INFO] PluginManager:220 - loadIPPluginJar : add gfxmmu
2025-07-24 10:29:58,919 [INFO] IPUIPlugin:80 - create IPUIPlugin
2025-07-24 10:29:58,919 [INFO] PluginManager:220 - loadIPPluginJar : add gic
2025-07-24 10:29:58,922 [INFO] IPUIPlugin:80 - create IPUIPlugin
2025-07-24 10:29:58,922 [INFO] PluginManager:220 - loadIPPluginJar : add gpio
2025-07-24 10:29:58,924 [INFO] IPUIPlugin:80 - create IPUIPlugin
2025-07-24 10:29:58,924 [INFO] PluginManager:220 - loadIPPluginJar : add gtzc
2025-07-24 10:29:58,926 [INFO] IPUIPlugin:80 - create IPUIPlugin
2025-07-24 10:29:58,926 [INFO] PluginManager:220 - loadIPPluginJar : add hash
2025-07-24 10:29:58,929 [INFO] IPUIPlugin:80 - create IPUIPlugin
2025-07-24 10:29:58,929 [INFO] PluginManager:220 - loadIPPluginJar : add i2c
2025-07-24 10:29:58,931 [INFO] IPUIPlugin:80 - create IPUIPlugin
2025-07-24 10:29:58,931 [INFO] PluginManager:220 - loadIPPluginJar : add i2s
2025-07-24 10:29:58,934 [INFO] IPUIPlugin:80 - create IPUIPlugin
2025-07-24 10:29:58,934 [INFO] PluginManager:220 - loadIPPluginJar : add i3c
2025-07-24 10:29:58,936 [INFO] IPUIPlugin:80 - create IPUIPlugin
2025-07-24 10:29:58,937 [INFO] PluginManager:220 - loadIPPluginJar : add ipddr
2025-07-24 10:29:58,942 [INFO] IPUIPlugin:80 - create IPUIPlugin
2025-07-24 10:29:58,944 [INFO] PluginManager:220 - loadIPPluginJar : add linkedlist
2025-07-24 10:29:58,946 [INFO] IPUIPlugin:80 - create IPUIPlugin
2025-07-24 10:29:58,947 [INFO] PluginManager:220 - loadIPPluginJar : add lorawan
2025-07-24 10:29:58,948 [INFO] IPUIPlugin:80 - create IPUIPlugin
2025-07-24 10:29:58,948 [INFO] PluginManager:220 - loadIPPluginJar : add ltdc
2025-07-24 10:29:58,953 [INFO] IPUIPlugin:80 - create IPUIPlugin
2025-07-24 10:29:58,954 [INFO] PluginManager:220 - loadIPPluginJar : add mdma
2025-07-24 10:29:58,955 [INFO] IPUIPlugin:80 - create IPUIPlugin
2025-07-24 10:29:58,956 [INFO] PluginManager:220 - loadIPPluginJar : add nvic
2025-07-24 10:29:58,958 [INFO] IPUIPlugin:80 - create IPUIPlugin
2025-07-24 10:29:58,958 [INFO] PluginManager:220 - loadIPPluginJar : add opamp
2025-07-24 10:29:58,960 [INFO] IPUIPlugin:80 - create IPUIPlugin
2025-07-24 10:29:58,960 [INFO] PluginManager:220 - loadIPPluginJar : add openamp
2025-07-24 10:29:58,962 [INFO] IPUIPlugin:80 - create IPUIPlugin
2025-07-24 10:29:58,962 [INFO] PluginManager:220 - loadIPPluginJar : add pdm2pcm
2025-07-24 10:29:58,968 [INFO] IPUIPlugin:80 - create IPUIPlugin
2025-07-24 10:29:58,970 [INFO] PluginManager:220 - loadIPPluginJar : add plateformsettings
2025-07-24 10:29:58,976 [INFO] IPUIPlugin:80 - create IPUIPlugin
2025-07-24 10:29:58,976 [INFO] PluginManager:220 - loadIPPluginJar : add quadspi
2025-07-24 10:29:58,977 [INFO] IPUIPlugin:80 - create IPUIPlugin
2025-07-24 10:29:58,978 [INFO] PluginManager:220 - loadIPPluginJar : add radio
2025-07-24 10:29:58,980 [INFO] IPUIPlugin:80 - create IPUIPlugin
2025-07-24 10:29:58,980 [INFO] PluginManager:220 - loadIPPluginJar : add resmgrutility
2025-07-24 10:29:58,983 [INFO] IPUIPlugin:80 - create IPUIPlugin
2025-07-24 10:29:58,983 [INFO] PluginManager:220 - loadIPPluginJar : add sai
2025-07-24 10:29:58,985 [INFO] IPUIPlugin:80 - create IPUIPlugin
2025-07-24 10:29:58,985 [INFO] PluginManager:220 - loadIPPluginJar : add spi
2025-07-24 10:29:58,990 [INFO] IPUIPlugin:80 - create IPUIPlugin
2025-07-24 10:29:58,990 [INFO] PluginManager:220 - loadIPPluginJar : add stm32_wpan
2025-07-24 10:29:58,991 [INFO] IPUIPlugin:80 - create IPUIPlugin
2025-07-24 10:29:58,991 [INFO] PluginManager:220 - loadIPPluginJar : add tim
2025-07-24 10:29:58,995 [INFO] IPUIPlugin:80 - create IPUIPlugin
2025-07-24 10:29:58,995 [INFO] PluginManager:220 - loadIPPluginJar : add touchsensing
2025-07-24 10:29:58,997 [INFO] IPUIPlugin:80 - create IPUIPlugin
2025-07-24 10:29:58,997 [INFO] PluginManager:220 - loadIPPluginJar : add tracer_emb
2025-07-24 10:29:59,004 [INFO] IPUIPlugin:80 - create IPUIPlugin
2025-07-24 10:29:59,005 [INFO] PluginManager:220 - loadIPPluginJar : add ts
2025-07-24 10:29:59,007 [INFO] IPUIPlugin:80 - create IPUIPlugin
2025-07-24 10:29:59,007 [INFO] PluginManager:220 - loadIPPluginJar : add tsc
2025-07-24 10:29:59,009 [INFO] IPUIPlugin:80 - create IPUIPlugin
2025-07-24 10:29:59,009 [INFO] PluginManager:220 - loadIPPluginJar : add ucpd
2025-07-24 10:29:59,016 [INFO] IPUIPlugin:80 - create IPUIPlugin
2025-07-24 10:29:59,016 [INFO] PluginManager:220 - loadIPPluginJar : add usart
2025-07-24 10:29:59,019 [INFO] IPUIPlugin:80 - create IPUIPlugin
2025-07-24 10:29:59,019 [INFO] PluginManager:220 - loadIPPluginJar : add usbx
2025-07-24 10:29:59,144 [FATAL] Updater:351 - Updater called before beeing initialized
2025-07-24 10:29:59,169 [INFO] RulesReader:64 - Compatibility file has been processed (317 Rules)
2025-07-24 10:29:59,182 [INFO] RulesReader:64 - Compatibility file has been processed (317 Rules)
2025-07-24 10:29:59,195 [INFO] CADModel:165 - CPN selected for project level
2025-07-24 10:29:59,195 [INFO] CADModel:114 - Register for checkConnection events
2025-07-24 10:29:59,195 [FATAL] Updater:351 - Updater called before beeing initialized
2025-07-24 10:29:59,195 [ERROR] CADModel:125 - Updater not yet initialized, retry later 
2025-07-24 10:29:59,369 [FATAL] Updater:351 - Updater called before beeing initialized
2025-07-24 10:29:59,370 [INFO] CADModel:165 - CPN selected for project level
2025-07-24 10:29:59,370 [INFO] CADModel:114 - Register for checkConnection events
2025-07-24 10:29:59,370 [FATAL] Updater:351 - Updater called before beeing initialized
2025-07-24 10:29:59,370 [ERROR] CADModel:125 - Updater not yet initialized, retry later 
2025-07-24 10:29:59,374 [FATAL] Updater:351 - Updater called before beeing initialized
2025-07-24 10:29:59,498 [FATAL] Updater:351 - Updater called before beeing initialized
2025-07-24 10:29:59,502 [INFO] DbMcusAds:53 - JSON generation date=Tue Jul 08 15:14:23 ICT 2025 (1751962463562)
2025-07-24 10:29:59,502 [FATAL] Updater:351 - Updater called before beeing initialized
2025-07-24 10:29:59,532 [WARN] DetailPanel:346 - Failed to get advertising image, set to default
2025-07-24 10:29:59,611 [FATAL] Updater:351 - Updater called before beeing initialized
2025-07-24 10:29:59,612 [FATAL] Updater:351 - Updater called before beeing initialized
2025-07-24 10:29:59,612 [FATAL] Updater:351 - Updater called before beeing initialized
2025-07-24 10:29:59,613 [WARN] DetailPanel:346 - Failed to get advertising image, set to default
2025-07-24 10:29:59,614 [FATAL] Updater:351 - Updater called before beeing initialized
2025-07-24 10:29:59,664 [ERROR] Updater:1198 - MainUpdater not yet initialized. External WinMGr cannot be set.
2025-07-24 10:29:59,670 [INFO] Updater:1134 - Updater Version found : 6.15.0
2025-07-24 10:29:59,686 [INFO] ApplicationProperties:184 - Using Application install path: C:\ST\STM32CubeIDE_1.16.1\STM32CubeIDE\plugins\com.st.stm32cube.common.mx_6.15.0.202507011659
2025-07-24 10:30:01,060 [INFO] ThirdPartyUpdaterWithRetryManager:70 - Updater plugin not ready yet. [2/15]
2025-07-24 10:30:01,257 [ERROR] LogOutputStream:75 - [STDERR_REDIRECT] Jul 24, 2025 10:30:01 AM java.util.prefs.WindowsPreferences <init>
2025-07-24 10:30:01,259 [ERROR] LogOutputStream:75 - [STDERR_REDIRECT] WARNING: Could not open/create prefs root node Software\JavaSoft\Prefs at root 0xffffffff80000002. Windows RegCreateKeyEx(...) returned error code 5.
2025-07-24 10:30:01,259 [ERROR] LogOutputStream:75 - [STDERR_REDIRECT] 
2025-07-24 10:30:01,779 [INFO] MainUpdater:2872 - connection check result : 10
2025-07-24 10:30:01,780 [INFO] MainUpdater:289 - Updater Check For Update Now.
2025-07-24 10:30:01,780 [INFO] MicroXplorer:498 - Change Database Version : DB.6.0.150
2025-07-24 10:30:01,794 [INFO] McuFinderGlobals:63 - Set McuFinder mode to 2 (CubeIDE integrated)
2025-07-24 10:30:01,796 [INFO] UserAuth:487 - Internet connection configuration mode: 1
2025-07-24 10:30:01,837 [INFO] JxBrowserEngine:152 - Initiate JxBrowser Engine with user profile folder
2025-07-24 10:30:01,964 [INFO] CheckServerUpdateThread:120 - End of CheckServer Thread
2025-07-24 10:30:02,812 [INFO] WebApp:169 - Instantiating new browser for Auth
2025-07-24 10:30:03,610 [INFO] WebApp:463 - Apply proxy settings
2025-07-24 10:30:03,611 [INFO] WebApp:548 - Chromium requires no authentication
2025-07-24 10:30:03,618 [INFO] WebApp:491 - Direct internet connection detected
2025-07-24 10:30:03,636 [INFO] WebApp:900 - Register for checkConnection events
2025-07-24 10:30:03,636 [INFO] WebApp:463 - Apply proxy settings
2025-07-24 10:30:03,637 [INFO] WebApp:548 - Chromium requires no authentication
2025-07-24 10:30:03,637 [INFO] WebApp:491 - Direct internet connection detected
2025-07-24 10:30:03,776 [INFO] WebApp:225 - Starting web application
2025-07-24 10:30:03,776 [INFO] WebApp:593 - Web application path used C:\ST\STM32CubeIDE_1.16.1\STM32CubeIDE\plugins\com.st.stm32cube.common.mx_6.15.0.202507011659\db\plugins\mcufinder\reactClient1\index.html
2025-07-24 10:30:03,850 [INFO] UserAuth:487 - Internet connection configuration mode: 1
2025-07-24 10:30:04,099 [INFO] WebApp:191 - Connection restablished
2025-07-24 10:30:04,322 [WARN] PackLoader:240 - Cannot read IP mode file for STMicroelectronics.FP-SNS-MOTENVWB1.1.4.0
2025-07-24 10:30:04,335 [WARN] PackLoader:240 - Cannot read IP mode file for STMicroelectronics.FP-ATR-ASTRA1.2.0.2
2025-07-24 10:30:04,340 [WARN] PackLoader:240 - Cannot read IP mode file for STMicroelectronics.FP-ATR-ASTRA1.2.0.1
2025-07-24 10:30:04,357 [WARN] PackLoader:240 - Cannot read IP mode file for STMicroelectronics.X-CUBE-SMBUS.2.1.0
2025-07-24 10:30:04,365 [WARN] PackLoader:240 - Cannot read IP mode file for STMicroelectronics.X-CUBE-WB05N.1.1.0
2025-07-24 10:30:04,372 [WARN] PackLoader:240 - Cannot read IP mode file for STMicroelectronics.X-CUBE-ST60.1.0.0
2025-07-24 10:30:04,412 [WARN] PackLoader:240 - Cannot read IP mode file for STMicroelectronics.X-CUBE-AZRTOS-F7.1.1.0
2025-07-24 10:30:04,477 [WARN] PackLoader:240 - Cannot read IP mode file for STMicroelectronics.X-CUBE-MEMS1.11.0.0
2025-07-24 10:30:04,632 [WARN] PackLoader:240 - Cannot read IP mode file for STMicroelectronics.FP-SNS-FLIGHT1.5.0.2
2025-07-24 10:30:04,652 [WARN] PackLoader:240 - Cannot read IP mode file for STMicroelectronics.X-CUBE-AZRTOS-H7.3.4.0
2025-07-24 10:30:04,677 [WARN] PackLoader:240 - Cannot read IP mode file for STMicroelectronics.X-CUBE-DISPLAY.3.0.0
2025-07-24 10:30:04,692 [WARN] PackLoader:240 - Cannot read IP mode file for STMicroelectronics.X-CUBE-BLE1.7.0.0
2025-07-24 10:30:04,701 [WARN] PackLoader:240 - Cannot read IP mode file for STMicroelectronics.X-CUBE-NFC10.1.0.0
2025-07-24 10:30:04,714 [WARN] PackLoader:240 - Cannot read IP mode file for STMicroelectronics.X-CUBE-BLEMGR.4.0.0
2025-07-24 10:30:04,761 [WARN] PackLoader:240 - Cannot read IP mode file for emotas.I-CUBE-CANOPEN.1.3.0
2025-07-24 10:30:04,771 [WARN] PackLoader:240 - Cannot read IP mode file for STMicroelectronics.X-CUBE-BLEMGR.3.1.0
2025-07-24 10:30:04,782 [WARN] PackLoader:240 - Cannot read IP mode file for STMicroelectronics.X-CUBE-AI.10.0.0
2025-07-24 10:30:04,792 [WARN] PackLoader:240 - Cannot read IP mode file for STMicroelectronics.FP-SNS-SMARTAG2.1.2.0
2025-07-24 10:30:04,800 [WARN] PackLoader:240 - Cannot read IP mode file for STMicroelectronics.FP-SNS-FLIGHT1.5.1.0
2025-07-24 10:30:04,846 [WARN] PackLoader:240 - Cannot read IP mode file for STMicroelectronics.X-CUBE-MEMS1.11.1.0
2025-07-24 10:30:04,966 [INFO] LogOutputStream:77 - [STDOUT_REDIRECT] 1 : Invalid condition id : UX_CORESTACK_Condition cause : null
2025-07-24 10:30:04,967 [INFO] LogOutputStream:77 - [STDOUT_REDIRECT] 1 : Invalid condition id : UX_CORESTACK_Condition cause : null
2025-07-24 10:30:04,969 [INFO] LogOutputStream:77 - [STDOUT_REDIRECT] 1 : Invalid condition id : UX_CORESTACK_Condition cause : null
2025-07-24 10:30:04,971 [INFO] LogOutputStream:77 - [STDOUT_REDIRECT] 1 : Invalid condition id : UX_CORESTACK_Condition cause : null
2025-07-24 10:30:04,972 [INFO] LogOutputStream:77 - [STDOUT_REDIRECT] 1 : Invalid condition id : UX_CORESTACK_Condition cause : null
2025-07-24 10:30:04,974 [WARN] PackLoader:240 - Cannot read IP mode file for STMicroelectronics.X-CUBE-AZRTOS-WL.2.0.0
2025-07-24 10:30:04,980 [WARN] PackLoader:240 - Cannot read IP mode file for STMicroelectronics.FP-SNS-MOTENV1.5.0.0
2025-07-24 10:30:04,985 [WARN] PackLoader:240 - Cannot read IP mode file for wolfSSL.I-CUBE-wolfMQTT.1.19.0
2025-07-24 10:30:05,000 [WARN] PackLoader:240 - Cannot read IP mode file for WES.I-CUBE-Cesium.1.3.0
2025-07-24 10:30:05,005 [WARN] PackLoader:240 - Cannot read IP mode file for STMicroelectronics.X-CUBE-BLE2.3.3.0
2025-07-24 10:30:05,012 [WARN] PackLoader:240 - Cannot read IP mode file for STMicroelectronics.X-CUBE-NFC9.1.0.0
2025-07-24 10:30:05,017 [WARN] PackLoader:240 - Cannot read IP mode file for STMicroelectronics.X-CUBE-BLE1.7.1.0
2025-07-24 10:30:05,023 [WARN] PackLoader:240 - Cannot read IP mode file for STMicroelectronics.X-CUBE-TCPP.4.1.0
2025-07-24 10:30:05,029 [WARN] PackLoader:240 - Cannot read IP mode file for STMicroelectronics.X-CUBE-EEPRMA1.5.2.0
2025-07-24 10:30:05,034 [WARN] PackLoader:240 - Cannot read IP mode file for STMicroelectronics.X-CUBE-AI.10.1.0
2025-07-24 10:30:05,064 [WARN] PackLoader:240 - Cannot read IP mode file for STMicroelectronics.X-CUBE-MEMS1.11.2.0
2025-07-24 10:30:05,173 [WARN] PackLoader:240 - Cannot read IP mode file for STMicroelectronics.X-CUBE-AZRTOS-G0.1.1.0
2025-07-24 10:30:05,181 [WARN] PackLoader:240 - Cannot read IP mode file for STMicroelectronics.X-CUBE-SAFEA1.1.2.2
2025-07-24 10:30:05,188 [WARN] PackLoader:240 - Cannot read IP mode file for STMicroelectronics.X-CUBE-NFC4.3.0.0
2025-07-24 10:30:05,199 [WARN] PackLoader:240 - Cannot read IP mode file for EmbeddedOffice.I-CUBE-FS-RTOS.1.0.1
2025-07-24 10:30:05,204 [WARN] PackLoader:240 - Cannot read IP mode file for STMicroelectronics.X-CUBE-WB05N.2.0.0
2025-07-24 10:30:05,209 [WARN] PackLoader:240 - Cannot read IP mode file for STMicroelectronics.X-CUBE-TCPP.4.2.0
2025-07-24 10:30:05,216 [WARN] PackLoader:240 - Cannot read IP mode file for RealThread.X-CUBE-RT-Thread_Nano.4.1.1
2025-07-24 10:30:05,221 [WARN] PackLoader:240 - Cannot read IP mode file for STMicroelectronics.FP-ATR-SIGFOX1.3.2.0
2025-07-24 10:30:05,226 [WARN] ConditionMgr:438 - getConditionDescription Invalid condition id : Cortex-A Device cause : null
2025-07-24 10:30:05,248 [WARN] ConditionMgr:1044 - genDependencies : Invalid condition id : Cortex-A Device cause : null
2025-07-24 10:30:05,248 [WARN] ConditionMgr:1044 - genDependencies : Invalid condition id : Cortex-A Device cause : null
2025-07-24 10:30:05,248 [WARN] ConditionMgr:1044 - genDependencies : Invalid condition id : Cortex-A Device cause : null
2025-07-24 10:30:05,252 [WARN] PackLoader:240 - Cannot read IP mode file for STMicroelectronics.X-CUBE-EEPRMA1.5.1.0
2025-07-24 10:30:05,257 [WARN] PackLoader:240 - Cannot read IP mode file for wolfSSL.I-CUBE-wolfSSL.5.7.4
2025-07-24 10:30:05,264 [WARN] PackLoader:240 - Cannot read IP mode file for ITTIA_DB.I-CUBE-ITTIADB.8.9.0
2025-07-24 10:30:05,274 [WARN] PackLoader:240 - Cannot read IP mode file for STMicroelectronics.X-CUBE-ST67W61.1.0.0
2025-07-24 10:30:05,310 [WARN] PackLoader:240 - Cannot read IP mode file for SEGGER.I-CUBE-embOS.1.3.1
2025-07-24 10:30:05,377 [WARN] PackLoader:240 - Cannot read IP mode file for STMicroelectronics.X-CUBE-ALGOBUILD.1.4.0
2025-07-24 10:30:05,427 [WARN] PackLoader:240 - Cannot read IP mode file for STMicroelectronics.X-CUBE-MEMS1.11.3.0
2025-07-24 10:30:05,547 [WARN] PackLoader:240 - Cannot read IP mode file for STMicroelectronics.X-CUBE-AI.9.1.0
2025-07-24 10:30:05,552 [WARN] PackLoader:240 - Cannot read IP mode file for STMicroelectronics.X-CUBE-PM33A1.1.0.0
2025-07-24 10:30:05,568 [WARN] PackLoader:240 - Cannot read IP mode file for STMicroelectronics.X-CUBE-AZRTOS-F4.1.1.0
2025-07-24 10:30:05,576 [WARN] PackLoader:240 - Cannot read IP mode file for Avnet-IotConnect.X-CUBE-IoTC-DA16k-PMOD.1.0.0
2025-07-24 10:30:05,585 [WARN] PackLoader:240 - Cannot read IP mode file for STMicroelectronics.X-CUBE-ISPU.2.1.0
2025-07-24 10:30:05,593 [WARN] PackLoader:240 - Cannot read IP mode file for STMicroelectronics.X-CUBE-FREERTOS.1.2.0
2025-07-24 10:30:05,605 [WARN] PackLoader:240 - Cannot read IP mode file for STMicroelectronics.X-CUBE-NFC12.1.0.0
2025-07-24 10:30:05,623 [WARN] PackLoader:240 - Cannot read IP mode file for STMicroelectronics.X-CUBE-AZRTOS-L5.2.0.0
2025-07-24 10:30:05,631 [INFO] McuFinderGlobals:63 - Set McuFinder mode to 2 (CubeIDE integrated)
2025-07-24 10:30:05,633 [WARN] PackLoader:240 - Cannot read IP mode file for STMicroelectronics.X-CUBE-NFC6.3.1.0
2025-07-24 10:30:05,642 [WARN] PackLoader:240 - Cannot read IP mode file for STMicroelectronics.X-CUBE-DPower.1.2.0
2025-07-24 10:30:05,648 [WARN] PackLoader:240 - Cannot read IP mode file for STMicroelectronics.X-CUBE-FREERTOS.1.3.1
2025-07-24 10:30:05,655 [WARN] PackLoader:240 - Cannot read IP mode file for STMicroelectronics.X-CUBE-FREERTOS.1.3.0
2025-07-24 10:30:05,664 [WARN] PackLoader:240 - Cannot read IP mode file for STMicroelectronics.X-CUBE-NFC7.1.0.1
2025-07-24 10:30:05,671 [WARN] PackLoader:240 - Cannot read IP mode file for STMicroelectronics.FP-SNS-STAIOTCFT.1.0.0
2025-07-24 10:30:05,676 [WARN] PackLoader:240 - Cannot read IP mode file for STMicroelectronics.X-CUBE-DPower.1.3.0
2025-07-24 10:30:05,680 [INFO] MainUpdater:2872 - connection check result : 10
2025-07-24 10:30:05,691 [INFO] MainUpdater:2872 - connection check result : 10
2025-07-24 10:30:05,693 [WARN] ConditionMgr:438 - getConditionDescription Invalid condition id : LAN8742 Phy interface Condition cause : null
2025-07-24 10:30:05,694 [WARN] PackLoader:240 - Cannot read IP mode file for STMicroelectronics.X-CUBE-AZRTOS-L4.2.0.0
2025-07-24 10:30:05,696 [WARN] ConditionMgr:1044 - genDependencies : Invalid condition id : LAN8742 Phy interface Condition cause : null
2025-07-24 10:30:05,696 [WARN] ConditionMgr:1044 - genDependencies : Invalid condition id : LAN8742 Phy interface Condition cause : null
2025-07-24 10:30:05,696 [WARN] ConditionMgr:1044 - genDependencies : Invalid condition id : LAN8742 Phy interface Condition cause : null
2025-07-24 10:30:05,706 [WARN] PackLoader:240 - Cannot read IP mode file for STMicroelectronics.X-CUBE-SFXS2LP1.4.0.0
2025-07-24 10:30:05,726 [WARN] PackLoader:240 - Cannot read IP mode file for STMicroelectronics.X-CUBE-AZRTOS-H7.3.3.0
2025-07-24 10:30:05,741 [WARN] PackLoader:240 - Cannot read IP mode file for STMicroelectronics.X-CUBE-BLEMGR.4.1.0
2025-07-24 10:30:05,760 [WARN] PackLoader:240 - Cannot read IP mode file for STMicroelectronics.X-CUBE-IPS.3.0.0
2025-07-24 10:30:05,776 [WARN] ConditionMgr:438 - getConditionDescription Invalid condition id : UX DEVICE CLASS RTOS Condition cause : null
2025-07-24 10:30:05,777 [WARN] ConditionMgr:438 - getConditionDescription Invalid condition id : UX DEVICE CLASS RTOS Condition cause : null
2025-07-24 10:30:05,778 [WARN] PackLoader:240 - Cannot read IP mode file for STMicroelectronics.X-CUBE-AZRTOS-WB.2.0.0
2025-07-24 10:30:05,779 [WARN] ConditionMgr:1044 - genDependencies : Invalid condition id : UX DEVICE CLASS RTOS Condition cause : null
2025-07-24 10:30:05,779 [WARN] ConditionMgr:1044 - genDependencies : Invalid condition id : UX DEVICE CLASS RTOS Condition cause : null
2025-07-24 10:30:05,779 [WARN] ConditionMgr:1044 - genDependencies : Invalid condition id : UX DEVICE CLASS RTOS Condition cause : null
2025-07-24 10:30:05,779 [WARN] ConditionMgr:1044 - genDependencies : Invalid condition id : UX DEVICE CLASS RTOS Condition cause : null
2025-07-24 10:30:05,779 [WARN] ConditionMgr:1044 - genDependencies : Invalid condition id : UX DEVICE CLASS RTOS Condition cause : null
2025-07-24 10:30:05,786 [WARN] PackLoader:240 - Cannot read IP mode file for STMicroelectronics.X-CUBE-GNSS1.7.0.0
2025-07-24 10:30:05,792 [WARN] PackLoader:240 - Cannot read IP mode file for STMicroelectronics.X-CUBE-GNSS1.7.0.1
2025-07-24 10:30:05,805 [WARN] PackLoader:240 - Cannot read IP mode file for STMicroelectronics.X-CUBE-TOUCHGFX.4.25.0
2025-07-24 10:30:05,813 [WARN] PackLoader:240 - Cannot read IP mode file for STMicroelectronics.FP-SNS-STBOX1.2.0.0
2025-07-24 10:30:05,824 [WARN] PackLoader:240 - Cannot read IP mode file for STMicroelectronics.X-CUBE-SUBG2.5.0.0
2025-07-24 10:30:05,847 [WARN] PackLoader:240 - Cannot read IP mode file for STMicroelectronics.X-CUBE-AZRTOS-H7RS.1.1.0
2025-07-24 10:30:05,855 [WARN] PackLoader:240 - Cannot read IP mode file for Cesanta.I-CUBE-Mongoose.7.13.0
2025-07-24 10:30:05,867 [WARN] PackLoader:240 - Cannot read IP mode file for STMicroelectronics.X-CUBE-AZRTOS-G4.2.0.0
2025-07-24 10:30:05,872 [WARN] PackLoader:240 - Cannot read IP mode file for STMicroelectronics.X-CUBE-NFC7.2.0.0
2025-07-24 10:30:05,884 [WARN] PackLoader:240 - Cannot read IP mode file for STMicroelectronics.X-CUBE-IPS.3.1.0
2025-07-24 10:30:05,896 [WARN] PackLoader:240 - Cannot read IP mode file for STMicroelectronics.X-CUBE-ALS.1.0.2
2025-07-24 10:30:05,905 [WARN] PackLoader:240 - Cannot read IP mode file for STMicroelectronics.X-CUBE-TOUCHGFX.4.24.2
2025-07-24 10:30:05,910 [WARN] PackLoader:240 - Cannot read IP mode file for STMicroelectronics.X-CUBE-TOUCHGFX.4.24.1
2025-07-24 10:30:05,917 [WARN] PackLoader:240 - Cannot read IP mode file for wolfSSL.I-CUBE-wolfTPM.3.4.0
2025-07-24 10:30:05,927 [WARN] PackLoader:240 - Cannot read IP mode file for portGmbH.I-Cube-SoM-uGOAL.1.1.0
2025-07-24 10:30:05,940 [INFO] MicroXplorer:468 - Change Database Path : 
2025-07-24 10:30:05,941 [INFO] MicroXplorer:498 - Change Database Version : DB.6.0.150
2025-07-24 10:30:05,944 [WARN] PackLoader:240 - Cannot read IP mode file for STMicroelectronics.X-CUBE-AZRTOS-H7RS.1.0.0
2025-07-24 10:30:05,951 [WARN] PackLoader:240 - Cannot read IP mode file for STMicroelectronics.FP-ATR-ASTRA1.2.0.0
2025-07-24 10:30:05,963 [WARN] PackLoader:240 - Cannot read IP mode file for STMicroelectronics.X-CUBE-TOF1.3.4.2
2025-07-24 10:30:05,984 [WARN] PackLoader:240 - Cannot read IP mode file for STMicroelectronics.X-CUBE-TOF1.3.4.3
2025-07-24 10:30:05,988 [WARN] ThirdParty:871 - waiting for thirdparty lock release [close project]
2025-07-24 10:30:06,011 [WARN] PackLoader:240 - Cannot read IP mode file for Infineon.AIROC-Wi-Fi-Bluetooth-STM32.1.6.1
2025-07-24 10:30:06,020 [WARN] PackLoader:240 - Cannot read IP mode file for wolfSSL.I-CUBE-wolfSSH.1.4.17
2025-07-24 10:30:06,020 [INFO] ThirdParty:978 - Integrity check success = true
2025-07-24 10:30:06,020 [INFO] IntegrityCheckThread:100 - exiting critical section [integrity check]
2025-07-24 10:30:06,021 [INFO] IntegrityCheckThread:103 - End integrity checks thread
2025-07-24 10:30:06,021 [INFO] ThirdParty:873 - entering critical section [close project]
2025-07-24 10:30:06,023 [INFO] ThirdParty:883 - exiting critical section [close project]
2025-07-24 10:30:06,032 [INFO] PinOutPanel:1589 - setPackage(No Configuration,No Configuration)
2025-07-24 10:30:06,035 [INFO] UtilMem:75 - Begin LoadConfig() Used Memory: 270246600 Bytes (308281344)
2025-07-24 10:30:06,041 [INFO] MicroXplorer:468 - Change Database Path : 
2025-07-24 10:30:06,041 [INFO] MicroXplorer:498 - Change Database Version : DB.6.0.150
2025-07-24 10:30:06,041 [INFO] OpenFileManager:355 - Change cursor
2025-07-24 10:30:06,142 [INFO] Mcu:2029 - Initializing MCU STM32F767ZITx STM32F767ZITx STM32F767ZIT6
2025-07-24 10:30:09,708 [INFO] Context:786 - Trying to add GPIOservice into a context  which must be forbidden
2025-07-24 10:30:10,665 [INFO] ImportTextPane:234 - (OptionalMessage_ERROR) Pin30 (VP_RIF_VS_RIF1) cannot be retrieved for this MCU
2025-07-24 10:30:11,030 [INFO] RtosManager:558 - Registered RTOS mode: class=CMSIS, group=RTOS, mode=CMSIS_V1, owner=FREERTOS
2025-07-24 10:30:11,031 [INFO] RtosManager:558 - Registered RTOS mode: class=CMSIS, group=RTOS2, mode=CMSIS_V2, owner=FREERTOS
2025-07-24 10:30:11,031 [INFO] RtosManager:558 - Registered RTOS mode: class=RTOS, group=Core, mode=CMSIS_V1, owner=FREERTOS
2025-07-24 10:30:11,031 [INFO] RtosManager:558 - Registered RTOS mode: class=RTOS, group=Core, mode=CMSIS_V2, owner=FREERTOS
2025-07-24 10:30:11,031 [WARN] ModelIntegratedComponent:184 - Missing modes for component STMicroelectronics:FreeRTOS:0.0.1:STMicroelectronics:RTOS:FreeRTOS:Core:::10.2.0:
2025-07-24 10:30:11,043 [WARN] ModelIntegratedComponent:63 - No mode defined for component null
2025-07-24 10:30:11,043 [WARN] ModelIntegratedComponent:63 - No mode defined for component null
2025-07-24 10:30:11,044 [WARN] ModelIntegratedComponent:63 - No mode defined for component null
2025-07-24 10:30:11,044 [WARN] ModelIntegratedComponent:63 - No mode defined for component null
2025-07-24 10:30:11,044 [WARN] ModelIntegratedComponent:63 - No mode defined for component null
2025-07-24 10:30:11,044 [WARN] ModelIntegratedComponent:63 - No mode defined for component null
2025-07-24 10:30:11,044 [WARN] ModelIntegratedComponent:63 - No mode defined for component null
2025-07-24 10:30:11,044 [WARN] ModelIntegratedComponent:63 - No mode defined for component null
2025-07-24 10:30:11,044 [WARN] ModelIntegratedComponent:63 - No mode defined for component null
2025-07-24 10:30:11,044 [WARN] ModelIntegratedComponent:63 - No mode defined for component null
2025-07-24 10:30:11,044 [WARN] ModelIntegratedComponent:63 - No mode defined for component null
2025-07-24 10:30:11,044 [WARN] ModelIntegratedComponent:63 - No mode defined for component null
2025-07-24 10:30:11,044 [WARN] ModelIntegratedComponent:63 - No mode defined for component null
2025-07-24 10:30:11,044 [WARN] ModelIntegratedComponent:63 - No mode defined for component null
2025-07-24 10:30:11,044 [WARN] ModelIntegratedComponent:63 - No mode defined for component null
2025-07-24 10:30:11,044 [WARN] ModelIntegratedComponent:63 - No mode defined for component null
2025-07-24 10:30:11,044 [WARN] ModelIntegratedComponent:63 - No mode defined for component null
2025-07-24 10:30:11,044 [WARN] ModelIntegratedComponent:63 - No mode defined for component null
2025-07-24 10:30:11,044 [WARN] ModelIntegratedComponent:63 - No mode defined for component null
2025-07-24 10:30:11,044 [WARN] ModelIntegratedComponent:63 - No mode defined for component null
2025-07-24 10:30:11,044 [WARN] ModelIntegratedComponent:63 - No mode defined for component null
2025-07-24 10:30:11,044 [WARN] ModelIntegratedComponent:63 - No mode defined for component null
2025-07-24 10:30:11,044 [WARN] ModelIntegratedComponent:63 - No mode defined for component null
2025-07-24 10:30:11,044 [WARN] ModelIntegratedComponent:63 - No mode defined for component null
2025-07-24 10:30:11,044 [WARN] ModelIntegratedComponent:63 - No mode defined for component null
2025-07-24 10:30:11,044 [WARN] ModelIntegratedComponent:63 - No mode defined for component null
2025-07-24 10:30:11,044 [WARN] ModelIntegratedComponent:63 - No mode defined for component null
2025-07-24 10:30:11,044 [WARN] ModelIntegratedComponent:63 - No mode defined for component null
2025-07-24 10:30:11,044 [WARN] ModelIntegratedComponent:63 - No mode defined for component null
2025-07-24 10:30:11,045 [WARN] ModelIntegratedComponent:63 - No mode defined for component null
2025-07-24 10:30:11,045 [WARN] ModelIntegratedComponent:63 - No mode defined for component null
2025-07-24 10:30:11,045 [WARN] ModelIntegratedComponent:63 - No mode defined for component null
2025-07-24 10:30:11,045 [WARN] ModelIntegratedComponent:63 - No mode defined for component null
2025-07-24 10:30:11,045 [WARN] ModelIntegratedComponent:63 - No mode defined for component null
2025-07-24 10:30:11,045 [WARN] ModelIntegratedComponent:63 - No mode defined for component null
2025-07-24 10:30:11,045 [WARN] ModelPack:524 - Component already loaded: STMicroelectronics:HAL Drivers:0.0.0:STMicroelectronics:Device:STMicro_Driver:XSPI:HAL::0.0.1:HAL_XSPI
2025-07-24 10:30:11,582 [INFO] ThirdPartyModel:298 - Start build external matchings
2025-07-24 10:30:12,613 [INFO] ThirdPartyModel:316 - End build external matchings
2025-07-24 10:30:12,643 [WARN] IP:2250 - Warning not found: check if there is a RefParameter without a condition.
2025-07-24 10:30:12,643 [WARN] IP:2250 - RxBufferAddress not found: check if there is a RefParameter without a condition.
2025-07-24 10:30:12,643 [WARN] IP:2250 - DESC_SIZE_UNIT not found: check if there is a RefParameter without a condition.
2025-07-24 10:30:12,644 [INFO] ImportTextPane:234 - (OptionalMessage_ERROR) IP (ETH) : Invalid parameter (PHY_Name)
2025-07-24 10:30:12,644 [INFO] ImportTextPane:234 - (OptionalMessage_ERROR) IP (ETH) : Invalid parameter (PHY_Value)
2025-07-24 10:30:12,644 [INFO] ImportTextPane:234 - (OptionalMessage_ERROR) IP (ETH) : Invalid parameter (PhyAddress)
2025-07-24 10:30:12,646 [INFO] ImportTextPane:234 - (OptionalMessage_ERROR) IP (RCC) : Invalid parameter (48MHZClocksFreq_Value)
2025-07-24 10:30:12,646 [INFO] ImportTextPane:234 - (OptionalMessage_ERROR) IP (RCC) : Invalid parameter (ADC12outputFreq_Value)
2025-07-24 10:30:12,646 [INFO] ImportTextPane:234 - (OptionalMessage_ERROR) IP (RCC) : Invalid parameter (ADC34outputFreq_Value)
2025-07-24 10:30:12,647 [INFO] ImportTextPane:234 - (OptionalMessage_ERROR) IP (RCC) : Invalid parameter (FamilyName)
2025-07-24 10:30:12,647 [INFO] ImportTextPane:234 - (OptionalMessage_ERROR) IP (RCC) : Invalid parameter (I2SClocksFreq_Value)
2025-07-24 10:30:12,647 [INFO] ImportTextPane:234 - (OptionalMessage_ERROR) IP (RCC) : Invalid parameter (LCDTFToutputFreq_Value)
2025-07-24 10:30:12,647 [INFO] ImportTextPane:234 - (OptionalMessage_ERROR) IP (RCC) : Invalid parameter (MCOFreq_Value)
2025-07-24 10:30:12,648 [INFO] ImportTextPane:234 - (OptionalMessage_ERROR) IP (RCC) : Invalid parameter (PLLMCOFreq_Value)
2025-07-24 10:30:12,648 [INFO] ImportTextPane:234 - (OptionalMessage_ERROR) IP (RCC) : Invalid parameter (PLLMUL)
2025-07-24 10:30:12,649 [INFO] ImportTextPane:234 - (OptionalMessage_ERROR) IP (RCC) : Invalid parameter (PRESCALERUSB)
2025-07-24 10:30:12,649 [INFO] ImportTextPane:234 - (OptionalMessage_ERROR) IP (RCC) : Invalid parameter (RTCHSEDivFreq_Value)
2025-07-24 10:30:12,650 [INFO] ImportTextPane:234 - (OptionalMessage_ERROR) IP (RCC) : Parameter (SDMMC2Freq_Value) has invalid value (96000000)
2025-07-24 10:30:12,650 [INFO] ImportTextPane:234 - (OptionalMessage_ERROR) IP (RCC) : Parameter (SDMMCFreq_Value) has invalid value (96000000)
2025-07-24 10:30:12,650 [INFO] ImportTextPane:234 - (OptionalMessage_ERROR) IP (RCC) : Invalid parameter (SYSCLKSourceVirtual)
2025-07-24 10:30:12,650 [INFO] ImportTextPane:234 - (OptionalMessage_ERROR) IP (RCC) : Invalid parameter (TIM15Freq_Value)
2025-07-24 10:30:12,650 [INFO] ImportTextPane:234 - (OptionalMessage_ERROR) IP (RCC) : Invalid parameter (TIM16Freq_Value)
2025-07-24 10:30:12,650 [INFO] ImportTextPane:234 - (OptionalMessage_ERROR) IP (RCC) : Invalid parameter (TIM17Freq_Value)
2025-07-24 10:30:12,650 [INFO] ImportTextPane:234 - (OptionalMessage_ERROR) IP (RCC) : Invalid parameter (TIM1Freq_Value)
2025-07-24 10:30:12,650 [INFO] ImportTextPane:234 - (OptionalMessage_ERROR) IP (RCC) : Invalid parameter (TIM20Freq_Value)
2025-07-24 10:30:12,650 [INFO] ImportTextPane:234 - (OptionalMessage_ERROR) IP (RCC) : Invalid parameter (TIM2Freq_Value)
2025-07-24 10:30:12,651 [INFO] ImportTextPane:234 - (OptionalMessage_ERROR) IP (RCC) : Invalid parameter (TIM3Freq_Value)
2025-07-24 10:30:12,651 [INFO] ImportTextPane:234 - (OptionalMessage_ERROR) IP (RCC) : Invalid parameter (TIM8Freq_Value)
2025-07-24 10:30:12,651 [INFO] ImportTextPane:234 - (OptionalMessage_ERROR) IP (RCC) : Invalid parameter (VCOOutput2Freq_Value)
2025-07-24 10:30:12,651 [INFO] ImportTextPane:234 - (OptionalMessage_ERROR) IP (RCC) : Invalid parameter (VcooutputI2S)
2025-07-24 10:30:13,398 [INFO] ApiDb:581 - Connected to CubeFinder SQLite database (C:\Users\Chinnapop\.stmcufinder\plugins\mcufinder\mcu\cube-finder-db.db)
2025-07-24 10:30:13,477 [INFO] ApiDb:668 - CubeFinder database Data Model version=2.1
2025-07-24 10:30:13,477 [INFO] ApiDb:669 - CubeFinder database Configuration version=3.0.39
2025-07-24 10:30:13,477 [INFO] ApiDb:670 - CubeFinder database generation date=2025-06-24 (1750757100)
2025-07-24 10:30:13,477 [INFO] ApiDb:671 - CubeFinder database FW Pack versions=[FP-ATR-ASTRA1_V2.0.0, FP-SNS-FLIGHT1_V5.1.0, FP-SNS-MOTENV1_V5.0.0, FP-SNS-MOTENVWB1_V1.4.0, FP-SNS-SMARTAG2_V1.2.0, FP-SNS-STBOX1_V2.0.0, STM32Cube_FW_C0_V1.4.0, STM32Cube_FW_F4_V1.28.2, STM32Cube_FW_F7_V1.17.3, STM32Cube_FW_G0_V1.6.2, STM32Cube_FW_G4_V1.6.1, STM32Cube_FW_H5_V1.5.0, STM32Cube_FW_H7RS_V1.2.0, STM32Cube_FW_H7_V1.12.1, STM32Cube_FW_L0_V1.12.2, STM32Cube_FW_L4_V1.18.1, STM32Cube_FW_L5_V1.5.1, STM32Cube_FW_N6_V1.2.0, STM32Cube_FW_U0_V1.3.0, STM32Cube_FW_U3_V1.2.0, STM32Cube_FW_U5_V1.8.0, STM32Cube_FW_WB0_V1.3.0, STM32Cube_FW_WBA_V1.7.0, STM32Cube_FW_WB_V1.23.0, STM32Cube_FW_WL3_V1.2.0, STM32Cube_FW_WL_V1.3.1, X-CUBE-ALGOBUILD_V1.4.0, X-CUBE-ALS_V1.0.2, X-CUBE-AZRTOS-F4_V1.1.0, X-CUBE-AZRTOS-F7_V1.1.0, X-CUBE-AZRTOS-G0_V1.1.0, X-CUBE-AZRTOS-G4_V2.0.0, X-CUBE-AZRTOS-H7RS_V1.1.0, X-CUBE-AZRTOS-H7_V3.3.0, X-CUBE-AZRTOS-L4_V2.0.0, X-CUBE-AZRTOS-L5_V2.0.0, X-CUBE-AZRTOS-WB_V2.0.0, X-CUBE-AZRTOS-WL_V2.0.0, X-CUBE-BLE1_V7.1.0, X-CUBE-BLE2_V3.3.0, X-CUBE-BLEMGR_V4.0.0, X-CUBE-EEPRMA1_V5.1.0, X-CUBE-FREERTOS_V1.3.1, X-CUBE-GNSS1_V6.0.0, X-CUBE-MEMS1_V11.3.0, X-CUBE-NFC4_V3.0.0, X-CUBE-NFC7_V2.0.0, X-CUBE-SFXS2LP1_V4.0.0, X-CUBE-SUBG2_V5.0.0, X-CUBE-TOF1_V3.4.3]
2025-07-24 10:30:13,545 [INFO] DbBoardsSqlite:226 - include board P-NUCLEO-WB55-NUCLEO as a kit item of type 'Nucleo-64'
2025-07-24 10:30:13,546 [INFO] DbBoardsSqlite:226 - include board P-NUCLEO-WB55-USBDONGLE as a kit item of type 'Nucleo USB Dongle'
2025-07-24 10:30:13,546 [INFO] DbBoardsSqlite:226 - include board STEVAL-IDP005V1 as a kit item of type 'Evaluation Board'
2025-07-24 10:30:13,546 [INFO] DbBoardsSqlite:226 - include board STEVAL-IDP005V2 as a kit item of type 'Evaluation Board'
2025-07-24 10:30:13,611 [INFO] ApiDb:240 - Found 880 in-development CPN: [B-G473E-ZEST1S, B-WB1M-WPAN1, B-WBA5M-WPAN, B-WL5M-SUBG1, NUCLEO-C031C6, NUCLEO-C051C8, NUCLEO-C071RB, NUCLEO-C092RC, NUCLEO-H503RB, NUCLEO-H533RE, NUCLEO-H563ZI, NUCLEO-H7S3L8, NUCLEO-N657X0-Q, NUCLEO-U031R8, NUCLEO-U083RC, NUCLEO-U385RG-Q, NUCLEO-U545RE-Q, NUCLEO-U5A5ZJ-Q, NUCLEO-WB05KZ, NUCLEO-WB07CC, NUCLEO-WB09KE, NUCLEO-WBA52CG, NUCLEO-WBA55CG, NUCLEO-WL33CC1, NUCLEO-WL33CC2, STEVAL-PROTEUS1, STEVAL-SMARTAG2, STEVAL-STWINBX1, STM320518-EVAL, STM32C0116-DK, STM32C011D6Y3TR, STM32C011D6Y6TR, STM32C011F4P3, STM32C011F4P6, STM32C011F4U3, STM32C011F4U6TR, STM32C011F6P3, STM32C011F6P6, STM32C011F6U3, STM32C011F6U6TR, STM32C011J4M3, STM32C011J4M6, STM32C011J6M3, STM32C011J6M6, STM32C0316-DK, STM32C031C4T3, STM32C031C4T6, STM32C031C4U3, STM32C031C4U6, STM32C031C6T3, STM32C031C6T6, STM32C031C6U3, STM32C031C6U6, STM32C031F4P3, STM32C031F4P6, STM32C031F6P3, STM32C031F6P6, STM32C031G4U3, STM32C031G4U6, STM32C031G6U3, STM32C031G6U6, STM32C031K4T3, STM32C031K4T6, STM32C031K4U3, STM32C031K4U6, STM32C031K6T3, STM32C031K6T6, STM32C031K6U3, STM32C031K6U6, STM32C051C6T6, STM32C051C6U6, STM32C051C8T6, STM32C051C8U6, STM32C051D8Y6TR, STM32C051F6P6, STM32C051F8P6, STM32C051G6U6, STM32C051G8U6, STM32C051K6T6, STM32C051K6U6, STM32C051K8T6, STM32C071C8T6, STM32C071C8T6N, STM32C071C8U6, STM32C071C8U6N, STM32C071CBT6, STM32C071CBT6N, STM32C071CBU6, STM32C071CBU6N, STM32C071F8P6, STM32C071F8P6N, STM32C071FBP6, STM32C071FBP6N, STM32C071FBY6TR, STM32C071G8U6, STM32C071G8U6N, STM32C071GBU6, STM32C071GBU6N, STM32C071K8T6, STM32C071K8T6N, STM32C071K8U6, STM32C071K8U6N, STM32C071KBT6, STM32C071KBT6N, STM32C071KBU6, STM32C071KBU6N, STM32C071R8T6, STM32C071R8T6N, STM32C071RBI6N, STM32C071RBT6, STM32C071RBT6N, STM32C091CBT6, STM32C091CBU6, STM32C091CCT6, STM32C091CCU6, STM32C091ECY6TR, STM32C091FBP6, STM32C091FCP6, STM32C091GBU6, STM32C091GCU6, STM32C091KBT6, STM32C091KBU6, STM32C091KCT6, STM32C091KCU6, STM32C091RBT6, STM32C091RCI6, STM32C091RCT6, STM32C092CBT6, STM32C092CBU6, STM32C092CCT6, STM32C092CCU6, STM32C092ECY6TR, STM32C092FBP6, STM32C092FCP6, STM32C092GBU6, STM32C092GCU6, STM32C092KBT6, STM32C092KBU6, STM32C092KCT6, STM32C092KCU6, STM32C092RBT6, STM32C092RCI6, STM32C092RCT6, STM32G071K8TXN, STM32G071K8UXN, STM32G081GBU6N, STM32G081KBT6N, STM32G081KBUXN, STM32G0B1CCT6N, STM32G0B1KCT6, STM32G0B1NEY6TR, STM32G0B1RCT6N, STM32G0C1CCT6, STM32G0C1CCT6N, STM32G0C1CCU6N, STM32G0C1CET6N, STM32G0C1CEU6N, STM32G0C1KCT6, STM32G0C1NEY6TR, STM32G0C1RCI6N, STM32G0C1RCT6N, STM32G0C1REI6N, STM32G0C1RET6N, STM32G0C1VCI6, STM32G0C1VEI6, STM32G411C6T3, STM32G411C6T6, STM32G411C6U3, STM32G411C6U6, STM32G411C8T3, STM32G411C8T6, STM32G411C8U3, STM32G411C8U6, STM32G411CBT3, STM32G411CBT6, STM32G411CBU3, STM32G411CBU6, STM32G411K6T3, STM32G411K6T6, STM32G411K6U3, STM32G411K6U6, STM32G411K8T3, STM32G411K8T6, STM32G411K8U3, STM32G411K8U6, STM32G411KBT3, STM32G411KBT6, STM32G411KBU3, STM32G411KBU6, STM32G411M6T3, STM32G411M6T6, STM32G411M8T3, STM32G411M8T6, STM32G411MBT3, STM32G411MBT6, STM32G411R6T3, STM32G411R6T6, STM32G411R8T3, STM32G411R8T6, STM32G411RBT3, STM32G411RBT6, STM32G414CBT3, STM32G414CBT6, STM32G414CBU3, STM32G414CBU6, STM32G414CCT3, STM32G414CCT6, STM32G414CCU3, STM32G414CCU6, STM32G414MBT3, STM32G414MBT6, STM32G414MCT3, STM32G414MCT6, STM32G414RBT3, STM32G414RBT6, STM32G414RCT3, STM32G414RCT6, STM32G414VBT3, STM32G414VBT6, STM32G414VCT3, STM32G414VCT6, STM32G431CBT3Z, STM32G431RBT3Z, STM32G471CCT6, STM32G471CCU6, STM32G471CET3, STM32G471CET6, STM32G471CEU3, STM32G471CEU6, STM32G471MCT6, STM32G471MET3, STM32G471MET6, STM32G471MEY6TR, STM32G471QCT6, STM32G471QET3, STM32G471RCT6, STM32G471RET3, STM32G471RET6, STM32G471VCH6, STM32G471VCI6, STM32G471VCT6, STM32G471VEH3, STM32G471VEH6, STM32G471VEI3, STM32G471VEI6, STM32G471VET3, STM32G471VET6, STM32G473QET3Z, STM32G473RET3Z, STM32G474CCT6, STM32G491RET3Z, STM32H503CBT6, STM32H503CBU6, STM32H503EBY6TR, STM32H503KBU6, STM32H503RBT6, STM32H523CCT6, STM32H523CCU6, STM32H523CET6, STM32H523CEU6, STM32H523HEY6TR, STM32H523RCT6, STM32H523RET6, STM32H523VCI6, STM32H523VCT6, STM32H523VEI6, STM32H523VET6, STM32H523ZCJ6, STM32H523ZCT6, STM32H523ZEJ6, STM32H523ZET6, STM32H533CET6, STM32H533CEU6, STM32H533HEY6TR, STM32H533RET6, STM32H533VEI6, STM32H533VET6, STM32H533ZEJ6, STM32H533ZET6, STM32H562AGI6, STM32H562AII6, STM32H562IGK6, STM32H562IGT6, STM32H562IIK6, STM32H562IIT6, STM32H562RGT6, STM32H562RGV6, STM32H562RIT6, STM32H562RIV6, STM32H562VGT6, STM32H562VIT6, STM32H562ZGT6, STM32H562ZIT6, STM32H563AGI6, STM32H563AII3Q, STM32H563AII6, STM32H563IGK6, STM32H563IGT6, STM32H563IIK3Q, STM32H563IIK6, STM32H563IIT3Q, STM32H563IIT6, STM32H563MIY3QTR, STM32H563RGT6, STM32H563RGV6, STM32H563RIT6, STM32H563RIV6, STM32H563VGT6, STM32H563VIT3Q, STM32H563VIT6, STM32H563ZGT6, STM32H563ZIT3Q, STM32H563ZIT6, STM32H573AII3Q, STM32H573AII6, STM32H573I-DK, STM32H573IIK3Q, STM32H573IIK6, STM32H573IIT3Q, STM32H573IIT6, STM32H573MIY3QTR, STM32H573RIT6, STM32H573RIV6, STM32H573VIT3Q, STM32H573VIT6, STM32H573ZIT3Q, STM32H573ZIT6, STM32H7R3A8I6, STM32H7R3I8K6, STM32H7R3I8T6, STM32H7R3L8H6, STM32H7R3L8H6H, STM32H7R3R8V6, STM32H7R3V8H6, STM32H7R3V8T6, STM32H7R3V8Y6TR, STM32H7R3Z8J6, STM32H7R3Z8T6, STM32H7R7A8I6, STM32H7R7I8K6, STM32H7R7I8T6, STM32H7R7L8H6, STM32H7R7L8H6H, STM32H7R7Z8J6, STM32H7S3A8I6, STM32H7S3I8K6, STM32H7S3I8T6, STM32H7S3L8H6, STM32H7S3L8H6H, STM32H7S3R8V6, STM32H7S3V8H6, STM32H7S3V8T6, STM32H7S3V8Y6TR, STM32H7S3Z8J6, STM32H7S3Z8T6, STM32H7S78-DK, STM32H7S7A8I6, STM32H7S7I8K6, STM32H7S7I8T6, STM32H7S7L8H6, STM32H7S7L8H6H, STM32H7S7Z8J6, STM32L4R5QGI6STR, STM32MP131AAE3, STM32MP131AAF3, STM32MP131AAG3, STM32MP131CAE3, STM32MP131CAF3, STM32MP131CAG3, STM32MP131DAE7, STM32MP131DAF7, STM32MP131DAG7, STM32MP131FAE7, STM32MP131FAF7, STM32MP131FAG7, STM32MP133AAE3, STM32MP133AAF3, STM32MP133AAG3, STM32MP133CAE3, STM32MP133CAF3, STM32MP133CAG3, STM32MP133DAE7, STM32MP133DAF7, STM32MP133DAG7, STM32MP133FAE7, STM32MP133FAF7, STM32MP133FAG7, STM32MP135AAE3, STM32MP135AAF3, STM32MP135AAG3, STM32MP135CAE3, STM32MP135CAF3, STM32MP135CAG3, STM32MP135DAE7, STM32MP135DAF7, STM32MP135DAG7, STM32MP135F-DK, STM32MP135FAE7, STM32MP135FAF7, STM32MP135FAF7T, STM32MP135FAF7U, STM32MP135FAG7, STM32MP211AAL3, STM32MP211AAM3, STM32MP211AAN3, STM32MP211AAO3, STM32MP211CAL3, STM32MP211CAM3, STM32MP211CAN3, STM32MP211CAO3, STM32MP211DAL3, STM32MP211DAM3, STM32MP211DAN3, STM32MP211DAO3, STM32MP211FAL3, STM32MP211FAM3, STM32MP211FAN3, STM32MP211FAO3, STM32MP213AAL3, STM32MP213AAM3, STM32MP213AAN3, STM32MP213AAO3, STM32MP213CAL3, STM32MP213CAM3, STM32MP213CAN3, STM32MP213CAO3, STM32MP213DAL3, STM32MP213DAM3, STM32MP213DAN3, STM32MP213DAO3, STM32MP213FAL3, STM32MP213FAM3, STM32MP213FAN3, STM32MP213FAO3, STM32MP215AAL3, STM32MP215AAM3, STM32MP215AAN3, STM32MP215AAO3, STM32MP215CAL3, STM32MP215CAM3, STM32MP215CAN3, STM32MP215CAO3, STM32MP215DAL3, STM32MP215DAM3, STM32MP215DAN3, STM32MP215DAO3, STM32MP215F-DK, STM32MP215FAL3, STM32MP215FAM3, STM32MP215FAN3, STM32MP215FAO3, STM32MP231AAJ3, STM32MP231AAK3, STM32MP231AAL3, STM32MP231CAJ3, STM32MP231CAK3, STM32MP231CAL3, STM32MP231DAJ3, STM32MP231DAK3, STM32MP231DAL3, STM32MP231FAJ3, STM32MP231FAK3, STM32MP231FAL3, STM32MP233AAJ3, STM32MP233AAK3, STM32MP233AAL3, STM32MP233CAJ3, STM32MP233CAK3, STM32MP233CAL3, STM32MP233DAJ3, STM32MP233DAK3, STM32MP233DAL3, STM32MP233FAJ3, STM32MP233FAK3, STM32MP233FAL3, STM32MP235AAJ3, STM32MP235AAK3, STM32MP235AAL3, STM32MP235CAJ3, STM32MP235CAK3, STM32MP235CAL3, STM32MP235DAJ3, STM32MP235DAK3, STM32MP235DAL3, STM32MP235FAJ3, STM32MP235FAK3, STM32MP235FAL3, STM32MP251AAI3, STM32MP251AAK3, STM32MP251AAL3, STM32MP251CAI3, STM32MP251CAK3, STM32MP251CAL3, STM32MP251DAI3, STM32MP251DAK3, STM32MP251DAL3, STM32MP251FAI3, STM32MP251FAK3, STM32MP251FAL3, STM32MP253AAI3, STM32MP253AAK3, STM32MP253AAL3, STM32MP253CAI3, STM32MP253CAK3, STM32MP253CAL3, STM32MP253DAI3, STM32MP253DAK3, STM32MP253DAL3, STM32MP253FAI3, STM32MP253FAK3, STM32MP253FAL3, STM32MP255AAI3, STM32MP255AAK3, STM32MP255AAL3, STM32MP255CAI3, STM32MP255CAK3, STM32MP255CAL3, STM32MP255DAI3, STM32MP255DAK3, STM32MP255DAL3, STM32MP255FAI3, STM32MP255FAK3, STM32MP255FAL3, STM32MP257AAI3, STM32MP257AAK3, STM32MP257AAL3, STM32MP257CAI3, STM32MP257CAK3, STM32MP257CAL3, STM32MP257DAI3, STM32MP257DAK3, STM32MP257DAL3, STM32MP257F-DK, STM32MP257F-EV1, STM32MP257FAI3, STM32MP257FAK3, STM32MP257FAL3, STM32N645A0H3Q, STM32N645B0H3Q, STM32N645I0H3Q, STM32N645L0H3Q, STM32N645X0H3Q, STM32N645Z0H3Q, STM32N647A0H3Q, STM32N647B0H3Q, STM32N647I0H3Q, STM32N647L0H3Q, STM32N647X0H3Q, STM32N647Z0H3Q, STM32N655A0H3Q, STM32N655B0H3Q, STM32N655I0H3Q, STM32N655L0H3Q, STM32N655X0H3Q, STM32N655Z0H3Q, STM32N6570-DK, STM32N657A0H3Q, STM32N657B0H3Q, STM32N657I0H3Q, STM32N657L0H3Q, STM32N657X0H3Q, STM32N657Z0H3Q, STM32U031C6T6, STM32U031C6U6, STM32U031C8T6, STM32U031C8U6, STM32U031F4P6, STM32U031F6P6, STM32U031F8P6, STM32U031G6Y6TR, STM32U031G8Y6TR, STM32U031K4U6, STM32U031K6U6, STM32U031K8U6, STM32U031R6I6, STM32U031R6T6, STM32U031R8I6, STM32U031R8T6, STM32U073C8T6, STM32U073C8U6, STM32U073CBT6, STM32U073CBU6, STM32U073CCT6, STM32U073CCU6, STM32U073H8Y6TR, STM32U073HBY6TR, STM32U073HCY6TR, STM32U073K8U6, STM32U073KBU6, STM32U073KCU6, STM32U073M8I6, STM32U073M8T6, STM32U073MBI6, STM32U073MBT6, STM32U073MCI6, STM32U073MCT6, STM32U073R8I6, STM32U073R8T6, STM32U073RBI6, STM32U073RBT6, STM32U073RCI6, STM32U073RCT6, STM32U083C-DK, STM32U083CCT6, STM32U083CCU6, STM32U083HCY6TR, STM32U083KCU6, STM32U083MCI6, STM32U083MCT6, STM32U083RCI6, STM32U083RCT6, STM32U375CET6, STM32U375CET6Q, STM32U375CEU6, STM32U375CEU6Q, STM32U375CEY6QTR, STM32U375CGT6, STM32U375CGT6Q, STM32U375CGU6, STM32U375CGU6Q, STM32U375CGY6QTR, STM32U375KEU6, STM32U375KGU6, STM32U375REI6, STM32U375REI6Q, STM32U375RET6, STM32U375RET6Q, STM32U375REY6GTR, STM32U375REY6QTR, STM32U375RGI6, STM32U375RGI6Q, STM32U375RGT6, STM32U375RGT6Q, STM32U375RGY6GTR, STM32U375RGY6QTR, STM32U375VEI6, STM32U375VEI6Q, STM32U375VET6, STM32U375VET6Q, STM32U375VGI6, STM32U375VGI6Q, STM32U375VGT6, STM32U375VGT6Q, STM32U385CGT6, STM32U385CGT6Q, STM32U385CGU6, STM32U385CGU6Q, STM32U385CGY6QTR, STM32U385KGU6, STM32U385RGI6, STM32U385RGI6Q, STM32U385RGT6, STM32U385RGT6Q, STM32U385RGY6GTR, STM32U385RGY6QTR, STM32U385VGI6, STM32U385VGI6Q, STM32U385VGT6, STM32U385VGT6Q, STM32U535CBT6, STM32U535CBT6Q, STM32U535CBU6, STM32U535CBU6Q, STM32U535CCT6, STM32U535CCT6Q, STM32U535CCU6, STM32U535CCU6Q, STM32U535CET6, STM32U535CET6Q, STM32U535CEU6, STM32U535CEU6Q, STM32U535JEY6QTR, STM32U535NCY6QTR, STM32U535NEY6QTR, STM32U535RBI6, STM32U535RBI6Q, STM32U535RBT6, STM32U535RBT6Q, STM32U535RCI6, STM32U535RCI6Q, STM32U535RCT6, STM32U535RCT6Q, STM32U535REI6, STM32U535REI6Q, STM32U535RET6, STM32U535RET6Q, STM32U535VCI6, STM32U535VCI6Q, STM32U535VCT6, STM32U535VCT6Q, STM32U535VEI6, STM32U535VEI6Q, STM32U535VET6, STM32U535VET6Q, STM32U545CET6, STM32U545CET6Q, STM32U545CEU6, STM32U545CEU6Q, STM32U545JEY6QTR, STM32U545NEY6QTR, STM32U545REI6, STM32U545REI6Q, STM32U545RET6, STM32U545RET6Q, STM32U545VEI6, STM32U545VEI6Q, STM32U545VET6, STM32U545VET6Q, STM32U595AIH6, STM32U595AIH6Q, STM32U595AJH6, STM32U595AJH6Q, STM32U595QII6, STM32U595QII6Q, STM32U595QJI6, STM32U595QJI6Q, STM32U595RIT6, STM32U595RIT6Q, STM32U595RJT6, STM32U595RJT6Q, STM32U595VIT6, STM32U595VIT6Q, STM32U595VJT6, STM32U595VJT6Q, STM32U595ZIT6, STM32U595ZIT6Q, STM32U595ZIY6QTR, STM32U595ZJT6, STM32U595ZJT6Q, STM32U595ZJY6QTR, STM32U599BJY6QTR, STM32U599NIH6Q, STM32U599NJH6Q, STM32U599VIT6Q, STM32U599VJT6, STM32U599VJT6Q, STM32U599ZIT6Q, STM32U599ZIY6QTR, STM32U599ZJT6Q, STM32U599ZJY6QTR, STM32U5A5AJH6, STM32U5A5AJH6Q, STM32U5A5QII3Q , STM32U5A5QJI6, STM32U5A5QJI6Q, STM32U5A5RJT6, STM32U5A5RJT6Q, STM32U5A5VJT6, STM32U5A5VJT6Q, STM32U5A5ZJT6, STM32U5A5ZJT6Q, STM32U5A5ZJY6QTR, STM32U5A9BJY6QTR, STM32U5A9J-DK, STM32U5A9NJH6Q, STM32U5A9VJT6Q, STM32U5A9ZJT6Q, STM32U5A9ZJY6QTR, STM32U5F7VIT6, STM32U5F7VIT6Q, STM32U5F7VJT6, STM32U5F7VJT6Q, STM32U5F9BJY6QTR, STM32U5F9NJH6Q, STM32U5F9VIT6Q, STM32U5F9VJT6Q, STM32U5F9ZIJ6QTR, STM32U5F9ZIT6Q, STM32U5F9ZJJ6QTR, STM32U5F9ZJT6Q, STM32U5G7VJT6, STM32U5G7VJT6Q, STM32U5G9BJY6QTR, STM32U5G9J-DK1, STM32U5G9J-DK2, STM32U5G9NJH6Q, STM32U5G9VJT6Q, STM32U5G9ZJJ6QTR, STM32U5G9ZJT6Q, STM32WB05KZV6TR, STM32WB05KZV7TR, STM32WB05TZF6TR, STM32WB05TZF7TR, STM32WB06CCF6TR, STM32WB06CCF7TR, STM32WB06CCV6TR, STM32WB06CCV7TR, STM32WB06KCV6TR, STM32WB06KCV7TR, STM32WB07CCF6TR, STM32WB07CCF7TR, STM32WB07CCV6TR, STM32WB07CCV7TR, STM32WB07KCV6TR, STM32WB07KCV7TR, STM32WB09KEV6TR, STM32WB09KEV7TR, STM32WB09TEF6TR, STM32WB09TEF7TR, STM32WB1MMCH6, STM32WBA50KGU6, STM32WBA50KGU6TR, STM32WBA52CEU6, STM32WBA52CEU6TR, STM32WBA52CEU7, STM32WBA52CEU7TR, STM32WBA52CGU6, STM32WBA52CGU6TR, STM32WBA52CGU6U, STM32WBA52CGU7, STM32WBA52CGU7TR, STM32WBA52KEU6, STM32WBA52KEU6TR, STM32WBA52KGU6, STM32WBA52KGU6TR, STM32WBA54CEU6, STM32WBA54CEU6TR, STM32WBA54CEU7, STM32WBA54CEU7TR, STM32WBA54CGU6, STM32WBA54CGU6TR, STM32WBA54CGU7, STM32WBA54CGU7TR, STM32WBA54KEU6, STM32WBA54KEU6TR, STM32WBA54KEU7, STM32WBA54KEU7TR, STM32WBA54KGU6, STM32WBA54KGU6TR, STM32WBA54KGU7, STM32WBA54KGU7TR, STM32WBA55CEU6, STM32WBA55CEU6TR, STM32WBA55CEU7, STM32WBA55CEU7TR, STM32WBA55CGU6, STM32WBA55CGU6TR, STM32WBA55CGU6U, STM32WBA55CGU7, STM32WBA55CGU7TR, STM32WBA55G-DK1, STM32WBA55HEF6, STM32WBA55HEF7, STM32WBA55HGF6, STM32WBA55HGF7, STM32WBA55UEI6, STM32WBA55UEI6TR, STM32WBA55UEI7, STM32WBA55UEI7TR, STM32WBA55UGI6, STM32WBA55UGI6TR, STM32WBA55UGI7, STM32WBA55UGI7TR, STM32WBA5MMGH6TR, STM32WBA62MGF6, STM32WBA62MIF6, STM32WBA65MGF7, STM32WBA65MIF6, STM32WBA65MIF7, STM32WL30K8V6, STM32WL30KBV6, STM32WL31C8V6, STM32WL31CBV6, STM32WL31K8V6, STM32WL31KBV6, STM32WL33C8V6, STM32WL33C8V6X, STM32WL33CBV6, STM32WL33CBV6X, STM32WL33CCV6, STM32WL33CCV6A, STM32WL33CCV6X, STM32WL33K8V7, STM32WL33K8V7X, STM32WL33KBV7 , STM32WL33KBV7X, STM32WL33KCV7, STM32WL33KCV7X, STM32WL5MOCH6, STM32WL5MOCH6TR]
2025-07-24 10:30:13,844 [INFO] BoardInfo:889 - No configuration file found for board P-NUCLEO-WB55
2025-07-24 10:30:13,846 [INFO] DbBoards:161 - Kit is not supported: P-NUCLEO-WB55
2025-07-24 10:30:13,854 [INFO] BoardInfo:889 - No configuration file found for board STEVAL-BFA001V1B
2025-07-24 10:30:13,856 [INFO] DbBoards:161 - Kit is not supported: STEVAL-BFA001V1B
2025-07-24 10:30:13,857 [INFO] BoardInfo:889 - No configuration file found for board STEVAL-BFA001V2B
2025-07-24 10:30:13,858 [INFO] DbBoards:161 - Kit is not supported: STEVAL-BFA001V2B
2025-07-24 10:30:14,104 [INFO] DbBoards:168 - Found 212 boards, 209 are supported
2025-07-24 10:30:14,104 [INFO] DbBoards:169 - Found 212 boards, 43 of them is supported for  Bsp
2025-07-24 10:30:14,108 [INFO] ApiDb:668 - CubeFinder database Data Model version=2.1
2025-07-24 10:30:14,108 [INFO] ApiDb:669 - CubeFinder database Configuration version=3.0.39
2025-07-24 10:30:14,108 [INFO] ApiDb:670 - CubeFinder database generation date=2025-06-24 (1750757100)
2025-07-24 10:30:14,108 [INFO] ApiDb:671 - CubeFinder database FW Pack versions=[FP-ATR-ASTRA1_V2.0.0, FP-SNS-FLIGHT1_V5.1.0, FP-SNS-MOTENV1_V5.0.0, FP-SNS-MOTENVWB1_V1.4.0, FP-SNS-SMARTAG2_V1.2.0, FP-SNS-STBOX1_V2.0.0, STM32Cube_FW_C0_V1.4.0, STM32Cube_FW_F4_V1.28.2, STM32Cube_FW_F7_V1.17.3, STM32Cube_FW_G0_V1.6.2, STM32Cube_FW_G4_V1.6.1, STM32Cube_FW_H5_V1.5.0, STM32Cube_FW_H7RS_V1.2.0, STM32Cube_FW_H7_V1.12.1, STM32Cube_FW_L0_V1.12.2, STM32Cube_FW_L4_V1.18.1, STM32Cube_FW_L5_V1.5.1, STM32Cube_FW_N6_V1.2.0, STM32Cube_FW_U0_V1.3.0, STM32Cube_FW_U3_V1.2.0, STM32Cube_FW_U5_V1.8.0, STM32Cube_FW_WB0_V1.3.0, STM32Cube_FW_WBA_V1.7.0, STM32Cube_FW_WB_V1.23.0, STM32Cube_FW_WL3_V1.2.0, STM32Cube_FW_WL_V1.3.1, X-CUBE-ALGOBUILD_V1.4.0, X-CUBE-ALS_V1.0.2, X-CUBE-AZRTOS-F4_V1.1.0, X-CUBE-AZRTOS-F7_V1.1.0, X-CUBE-AZRTOS-G0_V1.1.0, X-CUBE-AZRTOS-G4_V2.0.0, X-CUBE-AZRTOS-H7RS_V1.1.0, X-CUBE-AZRTOS-H7_V3.3.0, X-CUBE-AZRTOS-L4_V2.0.0, X-CUBE-AZRTOS-L5_V2.0.0, X-CUBE-AZRTOS-WB_V2.0.0, X-CUBE-AZRTOS-WL_V2.0.0, X-CUBE-BLE1_V7.1.0, X-CUBE-BLE2_V3.3.0, X-CUBE-BLEMGR_V4.0.0, X-CUBE-EEPRMA1_V5.1.0, X-CUBE-FREERTOS_V1.3.1, X-CUBE-GNSS1_V6.0.0, X-CUBE-MEMS1_V11.3.0, X-CUBE-NFC4_V3.0.0, X-CUBE-NFC7_V2.0.0, X-CUBE-SFXS2LP1_V4.0.0, X-CUBE-SUBG2_V5.0.0, X-CUBE-TOF1_V3.4.3]
2025-07-24 10:30:16,096 [INFO] ApiDb:240 - Found 880 in-development CPN: [B-G473E-ZEST1S, B-WB1M-WPAN1, B-WBA5M-WPAN, B-WL5M-SUBG1, NUCLEO-C031C6, NUCLEO-C051C8, NUCLEO-C071RB, NUCLEO-C092RC, NUCLEO-H503RB, NUCLEO-H533RE, NUCLEO-H563ZI, NUCLEO-H7S3L8, NUCLEO-N657X0-Q, NUCLEO-U031R8, NUCLEO-U083RC, NUCLEO-U385RG-Q, NUCLEO-U545RE-Q, NUCLEO-U5A5ZJ-Q, NUCLEO-WB05KZ, NUCLEO-WB07CC, NUCLEO-WB09KE, NUCLEO-WBA52CG, NUCLEO-WBA55CG, NUCLEO-WL33CC1, NUCLEO-WL33CC2, STEVAL-PROTEUS1, STEVAL-SMARTAG2, STEVAL-STWINBX1, STM320518-EVAL, STM32C0116-DK, STM32C011D6Y3TR, STM32C011D6Y6TR, STM32C011F4P3, STM32C011F4P6, STM32C011F4U3, STM32C011F4U6TR, STM32C011F6P3, STM32C011F6P6, STM32C011F6U3, STM32C011F6U6TR, STM32C011J4M3, STM32C011J4M6, STM32C011J6M3, STM32C011J6M6, STM32C0316-DK, STM32C031C4T3, STM32C031C4T6, STM32C031C4U3, STM32C031C4U6, STM32C031C6T3, STM32C031C6T6, STM32C031C6U3, STM32C031C6U6, STM32C031F4P3, STM32C031F4P6, STM32C031F6P3, STM32C031F6P6, STM32C031G4U3, STM32C031G4U6, STM32C031G6U3, STM32C031G6U6, STM32C031K4T3, STM32C031K4T6, STM32C031K4U3, STM32C031K4U6, STM32C031K6T3, STM32C031K6T6, STM32C031K6U3, STM32C031K6U6, STM32C051C6T6, STM32C051C6U6, STM32C051C8T6, STM32C051C8U6, STM32C051D8Y6TR, STM32C051F6P6, STM32C051F8P6, STM32C051G6U6, STM32C051G8U6, STM32C051K6T6, STM32C051K6U6, STM32C051K8T6, STM32C071C8T6, STM32C071C8T6N, STM32C071C8U6, STM32C071C8U6N, STM32C071CBT6, STM32C071CBT6N, STM32C071CBU6, STM32C071CBU6N, STM32C071F8P6, STM32C071F8P6N, STM32C071FBP6, STM32C071FBP6N, STM32C071FBY6TR, STM32C071G8U6, STM32C071G8U6N, STM32C071GBU6, STM32C071GBU6N, STM32C071K8T6, STM32C071K8T6N, STM32C071K8U6, STM32C071K8U6N, STM32C071KBT6, STM32C071KBT6N, STM32C071KBU6, STM32C071KBU6N, STM32C071R8T6, STM32C071R8T6N, STM32C071RBI6N, STM32C071RBT6, STM32C071RBT6N, STM32C091CBT6, STM32C091CBU6, STM32C091CCT6, STM32C091CCU6, STM32C091ECY6TR, STM32C091FBP6, STM32C091FCP6, STM32C091GBU6, STM32C091GCU6, STM32C091KBT6, STM32C091KBU6, STM32C091KCT6, STM32C091KCU6, STM32C091RBT6, STM32C091RCI6, STM32C091RCT6, STM32C092CBT6, STM32C092CBU6, STM32C092CCT6, STM32C092CCU6, STM32C092ECY6TR, STM32C092FBP6, STM32C092FCP6, STM32C092GBU6, STM32C092GCU6, STM32C092KBT6, STM32C092KBU6, STM32C092KCT6, STM32C092KCU6, STM32C092RBT6, STM32C092RCI6, STM32C092RCT6, STM32G071K8TXN, STM32G071K8UXN, STM32G081GBU6N, STM32G081KBT6N, STM32G081KBUXN, STM32G0B1CCT6N, STM32G0B1KCT6, STM32G0B1NEY6TR, STM32G0B1RCT6N, STM32G0C1CCT6, STM32G0C1CCT6N, STM32G0C1CCU6N, STM32G0C1CET6N, STM32G0C1CEU6N, STM32G0C1KCT6, STM32G0C1NEY6TR, STM32G0C1RCI6N, STM32G0C1RCT6N, STM32G0C1REI6N, STM32G0C1RET6N, STM32G0C1VCI6, STM32G0C1VEI6, STM32G411C6T3, STM32G411C6T6, STM32G411C6U3, STM32G411C6U6, STM32G411C8T3, STM32G411C8T6, STM32G411C8U3, STM32G411C8U6, STM32G411CBT3, STM32G411CBT6, STM32G411CBU3, STM32G411CBU6, STM32G411K6T3, STM32G411K6T6, STM32G411K6U3, STM32G411K6U6, STM32G411K8T3, STM32G411K8T6, STM32G411K8U3, STM32G411K8U6, STM32G411KBT3, STM32G411KBT6, STM32G411KBU3, STM32G411KBU6, STM32G411M6T3, STM32G411M6T6, STM32G411M8T3, STM32G411M8T6, STM32G411MBT3, STM32G411MBT6, STM32G411R6T3, STM32G411R6T6, STM32G411R8T3, STM32G411R8T6, STM32G411RBT3, STM32G411RBT6, STM32G414CBT3, STM32G414CBT6, STM32G414CBU3, STM32G414CBU6, STM32G414CCT3, STM32G414CCT6, STM32G414CCU3, STM32G414CCU6, STM32G414MBT3, STM32G414MBT6, STM32G414MCT3, STM32G414MCT6, STM32G414RBT3, STM32G414RBT6, STM32G414RCT3, STM32G414RCT6, STM32G414VBT3, STM32G414VBT6, STM32G414VCT3, STM32G414VCT6, STM32G431CBT3Z, STM32G431RBT3Z, STM32G471CCT6, STM32G471CCU6, STM32G471CET3, STM32G471CET6, STM32G471CEU3, STM32G471CEU6, STM32G471MCT6, STM32G471MET3, STM32G471MET6, STM32G471MEY6TR, STM32G471QCT6, STM32G471QET3, STM32G471RCT6, STM32G471RET3, STM32G471RET6, STM32G471VCH6, STM32G471VCI6, STM32G471VCT6, STM32G471VEH3, STM32G471VEH6, STM32G471VEI3, STM32G471VEI6, STM32G471VET3, STM32G471VET6, STM32G473QET3Z, STM32G473RET3Z, STM32G474CCT6, STM32G491RET3Z, STM32H503CBT6, STM32H503CBU6, STM32H503EBY6TR, STM32H503KBU6, STM32H503RBT6, STM32H523CCT6, STM32H523CCU6, STM32H523CET6, STM32H523CEU6, STM32H523HEY6TR, STM32H523RCT6, STM32H523RET6, STM32H523VCI6, STM32H523VCT6, STM32H523VEI6, STM32H523VET6, STM32H523ZCJ6, STM32H523ZCT6, STM32H523ZEJ6, STM32H523ZET6, STM32H533CET6, STM32H533CEU6, STM32H533HEY6TR, STM32H533RET6, STM32H533VEI6, STM32H533VET6, STM32H533ZEJ6, STM32H533ZET6, STM32H562AGI6, STM32H562AII6, STM32H562IGK6, STM32H562IGT6, STM32H562IIK6, STM32H562IIT6, STM32H562RGT6, STM32H562RGV6, STM32H562RIT6, STM32H562RIV6, STM32H562VGT6, STM32H562VIT6, STM32H562ZGT6, STM32H562ZIT6, STM32H563AGI6, STM32H563AII3Q, STM32H563AII6, STM32H563IGK6, STM32H563IGT6, STM32H563IIK3Q, STM32H563IIK6, STM32H563IIT3Q, STM32H563IIT6, STM32H563MIY3QTR, STM32H563RGT6, STM32H563RGV6, STM32H563RIT6, STM32H563RIV6, STM32H563VGT6, STM32H563VIT3Q, STM32H563VIT6, STM32H563ZGT6, STM32H563ZIT3Q, STM32H563ZIT6, STM32H573AII3Q, STM32H573AII6, STM32H573I-DK, STM32H573IIK3Q, STM32H573IIK6, STM32H573IIT3Q, STM32H573IIT6, STM32H573MIY3QTR, STM32H573RIT6, STM32H573RIV6, STM32H573VIT3Q, STM32H573VIT6, STM32H573ZIT3Q, STM32H573ZIT6, STM32H7R3A8I6, STM32H7R3I8K6, STM32H7R3I8T6, STM32H7R3L8H6, STM32H7R3L8H6H, STM32H7R3R8V6, STM32H7R3V8H6, STM32H7R3V8T6, STM32H7R3V8Y6TR, STM32H7R3Z8J6, STM32H7R3Z8T6, STM32H7R7A8I6, STM32H7R7I8K6, STM32H7R7I8T6, STM32H7R7L8H6, STM32H7R7L8H6H, STM32H7R7Z8J6, STM32H7S3A8I6, STM32H7S3I8K6, STM32H7S3I8T6, STM32H7S3L8H6, STM32H7S3L8H6H, STM32H7S3R8V6, STM32H7S3V8H6, STM32H7S3V8T6, STM32H7S3V8Y6TR, STM32H7S3Z8J6, STM32H7S3Z8T6, STM32H7S78-DK, STM32H7S7A8I6, STM32H7S7I8K6, STM32H7S7I8T6, STM32H7S7L8H6, STM32H7S7L8H6H, STM32H7S7Z8J6, STM32L4R5QGI6STR, STM32MP131AAE3, STM32MP131AAF3, STM32MP131AAG3, STM32MP131CAE3, STM32MP131CAF3, STM32MP131CAG3, STM32MP131DAE7, STM32MP131DAF7, STM32MP131DAG7, STM32MP131FAE7, STM32MP131FAF7, STM32MP131FAG7, STM32MP133AAE3, STM32MP133AAF3, STM32MP133AAG3, STM32MP133CAE3, STM32MP133CAF3, STM32MP133CAG3, STM32MP133DAE7, STM32MP133DAF7, STM32MP133DAG7, STM32MP133FAE7, STM32MP133FAF7, STM32MP133FAG7, STM32MP135AAE3, STM32MP135AAF3, STM32MP135AAG3, STM32MP135CAE3, STM32MP135CAF3, STM32MP135CAG3, STM32MP135DAE7, STM32MP135DAF7, STM32MP135DAG7, STM32MP135F-DK, STM32MP135FAE7, STM32MP135FAF7, STM32MP135FAF7T, STM32MP135FAF7U, STM32MP135FAG7, STM32MP211AAL3, STM32MP211AAM3, STM32MP211AAN3, STM32MP211AAO3, STM32MP211CAL3, STM32MP211CAM3, STM32MP211CAN3, STM32MP211CAO3, STM32MP211DAL3, STM32MP211DAM3, STM32MP211DAN3, STM32MP211DAO3, STM32MP211FAL3, STM32MP211FAM3, STM32MP211FAN3, STM32MP211FAO3, STM32MP213AAL3, STM32MP213AAM3, STM32MP213AAN3, STM32MP213AAO3, STM32MP213CAL3, STM32MP213CAM3, STM32MP213CAN3, STM32MP213CAO3, STM32MP213DAL3, STM32MP213DAM3, STM32MP213DAN3, STM32MP213DAO3, STM32MP213FAL3, STM32MP213FAM3, STM32MP213FAN3, STM32MP213FAO3, STM32MP215AAL3, STM32MP215AAM3, STM32MP215AAN3, STM32MP215AAO3, STM32MP215CAL3, STM32MP215CAM3, STM32MP215CAN3, STM32MP215CAO3, STM32MP215DAL3, STM32MP215DAM3, STM32MP215DAN3, STM32MP215DAO3, STM32MP215F-DK, STM32MP215FAL3, STM32MP215FAM3, STM32MP215FAN3, STM32MP215FAO3, STM32MP231AAJ3, STM32MP231AAK3, STM32MP231AAL3, STM32MP231CAJ3, STM32MP231CAK3, STM32MP231CAL3, STM32MP231DAJ3, STM32MP231DAK3, STM32MP231DAL3, STM32MP231FAJ3, STM32MP231FAK3, STM32MP231FAL3, STM32MP233AAJ3, STM32MP233AAK3, STM32MP233AAL3, STM32MP233CAJ3, STM32MP233CAK3, STM32MP233CAL3, STM32MP233DAJ3, STM32MP233DAK3, STM32MP233DAL3, STM32MP233FAJ3, STM32MP233FAK3, STM32MP233FAL3, STM32MP235AAJ3, STM32MP235AAK3, STM32MP235AAL3, STM32MP235CAJ3, STM32MP235CAK3, STM32MP235CAL3, STM32MP235DAJ3, STM32MP235DAK3, STM32MP235DAL3, STM32MP235FAJ3, STM32MP235FAK3, STM32MP235FAL3, STM32MP251AAI3, STM32MP251AAK3, STM32MP251AAL3, STM32MP251CAI3, STM32MP251CAK3, STM32MP251CAL3, STM32MP251DAI3, STM32MP251DAK3, STM32MP251DAL3, STM32MP251FAI3, STM32MP251FAK3, STM32MP251FAL3, STM32MP253AAI3, STM32MP253AAK3, STM32MP253AAL3, STM32MP253CAI3, STM32MP253CAK3, STM32MP253CAL3, STM32MP253DAI3, STM32MP253DAK3, STM32MP253DAL3, STM32MP253FAI3, STM32MP253FAK3, STM32MP253FAL3, STM32MP255AAI3, STM32MP255AAK3, STM32MP255AAL3, STM32MP255CAI3, STM32MP255CAK3, STM32MP255CAL3, STM32MP255DAI3, STM32MP255DAK3, STM32MP255DAL3, STM32MP255FAI3, STM32MP255FAK3, STM32MP255FAL3, STM32MP257AAI3, STM32MP257AAK3, STM32MP257AAL3, STM32MP257CAI3, STM32MP257CAK3, STM32MP257CAL3, STM32MP257DAI3, STM32MP257DAK3, STM32MP257DAL3, STM32MP257F-DK, STM32MP257F-EV1, STM32MP257FAI3, STM32MP257FAK3, STM32MP257FAL3, STM32N645A0H3Q, STM32N645B0H3Q, STM32N645I0H3Q, STM32N645L0H3Q, STM32N645X0H3Q, STM32N645Z0H3Q, STM32N647A0H3Q, STM32N647B0H3Q, STM32N647I0H3Q, STM32N647L0H3Q, STM32N647X0H3Q, STM32N647Z0H3Q, STM32N655A0H3Q, STM32N655B0H3Q, STM32N655I0H3Q, STM32N655L0H3Q, STM32N655X0H3Q, STM32N655Z0H3Q, STM32N6570-DK, STM32N657A0H3Q, STM32N657B0H3Q, STM32N657I0H3Q, STM32N657L0H3Q, STM32N657X0H3Q, STM32N657Z0H3Q, STM32U031C6T6, STM32U031C6U6, STM32U031C8T6, STM32U031C8U6, STM32U031F4P6, STM32U031F6P6, STM32U031F8P6, STM32U031G6Y6TR, STM32U031G8Y6TR, STM32U031K4U6, STM32U031K6U6, STM32U031K8U6, STM32U031R6I6, STM32U031R6T6, STM32U031R8I6, STM32U031R8T6, STM32U073C8T6, STM32U073C8U6, STM32U073CBT6, STM32U073CBU6, STM32U073CCT6, STM32U073CCU6, STM32U073H8Y6TR, STM32U073HBY6TR, STM32U073HCY6TR, STM32U073K8U6, STM32U073KBU6, STM32U073KCU6, STM32U073M8I6, STM32U073M8T6, STM32U073MBI6, STM32U073MBT6, STM32U073MCI6, STM32U073MCT6, STM32U073R8I6, STM32U073R8T6, STM32U073RBI6, STM32U073RBT6, STM32U073RCI6, STM32U073RCT6, STM32U083C-DK, STM32U083CCT6, STM32U083CCU6, STM32U083HCY6TR, STM32U083KCU6, STM32U083MCI6, STM32U083MCT6, STM32U083RCI6, STM32U083RCT6, STM32U375CET6, STM32U375CET6Q, STM32U375CEU6, STM32U375CEU6Q, STM32U375CEY6QTR, STM32U375CGT6, STM32U375CGT6Q, STM32U375CGU6, STM32U375CGU6Q, STM32U375CGY6QTR, STM32U375KEU6, STM32U375KGU6, STM32U375REI6, STM32U375REI6Q, STM32U375RET6, STM32U375RET6Q, STM32U375REY6GTR, STM32U375REY6QTR, STM32U375RGI6, STM32U375RGI6Q, STM32U375RGT6, STM32U375RGT6Q, STM32U375RGY6GTR, STM32U375RGY6QTR, STM32U375VEI6, STM32U375VEI6Q, STM32U375VET6, STM32U375VET6Q, STM32U375VGI6, STM32U375VGI6Q, STM32U375VGT6, STM32U375VGT6Q, STM32U385CGT6, STM32U385CGT6Q, STM32U385CGU6, STM32U385CGU6Q, STM32U385CGY6QTR, STM32U385KGU6, STM32U385RGI6, STM32U385RGI6Q, STM32U385RGT6, STM32U385RGT6Q, STM32U385RGY6GTR, STM32U385RGY6QTR, STM32U385VGI6, STM32U385VGI6Q, STM32U385VGT6, STM32U385VGT6Q, STM32U535CBT6, STM32U535CBT6Q, STM32U535CBU6, STM32U535CBU6Q, STM32U535CCT6, STM32U535CCT6Q, STM32U535CCU6, STM32U535CCU6Q, STM32U535CET6, STM32U535CET6Q, STM32U535CEU6, STM32U535CEU6Q, STM32U535JEY6QTR, STM32U535NCY6QTR, STM32U535NEY6QTR, STM32U535RBI6, STM32U535RBI6Q, STM32U535RBT6, STM32U535RBT6Q, STM32U535RCI6, STM32U535RCI6Q, STM32U535RCT6, STM32U535RCT6Q, STM32U535REI6, STM32U535REI6Q, STM32U535RET6, STM32U535RET6Q, STM32U535VCI6, STM32U535VCI6Q, STM32U535VCT6, STM32U535VCT6Q, STM32U535VEI6, STM32U535VEI6Q, STM32U535VET6, STM32U535VET6Q, STM32U545CET6, STM32U545CET6Q, STM32U545CEU6, STM32U545CEU6Q, STM32U545JEY6QTR, STM32U545NEY6QTR, STM32U545REI6, STM32U545REI6Q, STM32U545RET6, STM32U545RET6Q, STM32U545VEI6, STM32U545VEI6Q, STM32U545VET6, STM32U545VET6Q, STM32U595AIH6, STM32U595AIH6Q, STM32U595AJH6, STM32U595AJH6Q, STM32U595QII6, STM32U595QII6Q, STM32U595QJI6, STM32U595QJI6Q, STM32U595RIT6, STM32U595RIT6Q, STM32U595RJT6, STM32U595RJT6Q, STM32U595VIT6, STM32U595VIT6Q, STM32U595VJT6, STM32U595VJT6Q, STM32U595ZIT6, STM32U595ZIT6Q, STM32U595ZIY6QTR, STM32U595ZJT6, STM32U595ZJT6Q, STM32U595ZJY6QTR, STM32U599BJY6QTR, STM32U599NIH6Q, STM32U599NJH6Q, STM32U599VIT6Q, STM32U599VJT6, STM32U599VJT6Q, STM32U599ZIT6Q, STM32U599ZIY6QTR, STM32U599ZJT6Q, STM32U599ZJY6QTR, STM32U5A5AJH6, STM32U5A5AJH6Q, STM32U5A5QII3Q , STM32U5A5QJI6, STM32U5A5QJI6Q, STM32U5A5RJT6, STM32U5A5RJT6Q, STM32U5A5VJT6, STM32U5A5VJT6Q, STM32U5A5ZJT6, STM32U5A5ZJT6Q, STM32U5A5ZJY6QTR, STM32U5A9BJY6QTR, STM32U5A9J-DK, STM32U5A9NJH6Q, STM32U5A9VJT6Q, STM32U5A9ZJT6Q, STM32U5A9ZJY6QTR, STM32U5F7VIT6, STM32U5F7VIT6Q, STM32U5F7VJT6, STM32U5F7VJT6Q, STM32U5F9BJY6QTR, STM32U5F9NJH6Q, STM32U5F9VIT6Q, STM32U5F9VJT6Q, STM32U5F9ZIJ6QTR, STM32U5F9ZIT6Q, STM32U5F9ZJJ6QTR, STM32U5F9ZJT6Q, STM32U5G7VJT6, STM32U5G7VJT6Q, STM32U5G9BJY6QTR, STM32U5G9J-DK1, STM32U5G9J-DK2, STM32U5G9NJH6Q, STM32U5G9VJT6Q, STM32U5G9ZJJ6QTR, STM32U5G9ZJT6Q, STM32WB05KZV6TR, STM32WB05KZV7TR, STM32WB05TZF6TR, STM32WB05TZF7TR, STM32WB06CCF6TR, STM32WB06CCF7TR, STM32WB06CCV6TR, STM32WB06CCV7TR, STM32WB06KCV6TR, STM32WB06KCV7TR, STM32WB07CCF6TR, STM32WB07CCF7TR, STM32WB07CCV6TR, STM32WB07CCV7TR, STM32WB07KCV6TR, STM32WB07KCV7TR, STM32WB09KEV6TR, STM32WB09KEV7TR, STM32WB09TEF6TR, STM32WB09TEF7TR, STM32WB1MMCH6, STM32WBA50KGU6, STM32WBA50KGU6TR, STM32WBA52CEU6, STM32WBA52CEU6TR, STM32WBA52CEU7, STM32WBA52CEU7TR, STM32WBA52CGU6, STM32WBA52CGU6TR, STM32WBA52CGU6U, STM32WBA52CGU7, STM32WBA52CGU7TR, STM32WBA52KEU6, STM32WBA52KEU6TR, STM32WBA52KGU6, STM32WBA52KGU6TR, STM32WBA54CEU6, STM32WBA54CEU6TR, STM32WBA54CEU7, STM32WBA54CEU7TR, STM32WBA54CGU6, STM32WBA54CGU6TR, STM32WBA54CGU7, STM32WBA54CGU7TR, STM32WBA54KEU6, STM32WBA54KEU6TR, STM32WBA54KEU7, STM32WBA54KEU7TR, STM32WBA54KGU6, STM32WBA54KGU6TR, STM32WBA54KGU7, STM32WBA54KGU7TR, STM32WBA55CEU6, STM32WBA55CEU6TR, STM32WBA55CEU7, STM32WBA55CEU7TR, STM32WBA55CGU6, STM32WBA55CGU6TR, STM32WBA55CGU6U, STM32WBA55CGU7, STM32WBA55CGU7TR, STM32WBA55G-DK1, STM32WBA55HEF6, STM32WBA55HEF7, STM32WBA55HGF6, STM32WBA55HGF7, STM32WBA55UEI6, STM32WBA55UEI6TR, STM32WBA55UEI7, STM32WBA55UEI7TR, STM32WBA55UGI6, STM32WBA55UGI6TR, STM32WBA55UGI7, STM32WBA55UGI7TR, STM32WBA5MMGH6TR, STM32WBA62MGF6, STM32WBA62MIF6, STM32WBA65MGF7, STM32WBA65MIF6, STM32WBA65MIF7, STM32WL30K8V6, STM32WL30KBV6, STM32WL31C8V6, STM32WL31CBV6, STM32WL31K8V6, STM32WL31KBV6, STM32WL33C8V6, STM32WL33C8V6X, STM32WL33CBV6, STM32WL33CBV6X, STM32WL33CCV6, STM32WL33CCV6A, STM32WL33CCV6X, STM32WL33K8V7, STM32WL33K8V7X, STM32WL33KBV7 , STM32WL33KBV7X, STM32WL33KCV7, STM32WL33KCV7X, STM32WL5MOCH6, STM32WL5MOCH6TR]
2025-07-24 10:30:16,107 [INFO] DbMcus:218 - Found 4801 MCUs, 4801 are supported
2025-07-24 10:30:16,109 [INFO] ApiDb:423 - Load user favorites file C:\Users\Chinnapop/.stm32cubeide/favorites.mcus.txt: 0 item(s)
2025-07-24 10:30:16,109 [INFO] ApiDb:427 - User favorites MCUs=[]
2025-07-24 10:30:16,109 [INFO] DbMcus:224 - Set 0 / 0 favorites MCUs
2025-07-24 10:30:16,936 [INFO] ApiDb:423 - Load user favorites file C:\Users\Chinnapop/.stm32cubeide/favorites.boards.txt: 0 item(s)
2025-07-24 10:30:16,936 [INFO] ApiDb:427 - User favorites Boards=[]
2025-07-24 10:30:16,937 [INFO] DbBoards:198 - Set 0 / 0 favorites Boards
2025-07-24 10:30:16,995 [INFO] UtilMem:75 - End LoadConfig() Used Memory: 311122560 Bytes (376438784)
2025-07-24 10:30:17,172 [WARN] ThirdParty:833 - waiting for thirdparty lock release [change project]
2025-07-24 10:30:17,172 [INFO] ThirdParty:835 - entering critical section [change project]
2025-07-24 10:30:17,172 [INFO] ThirdParty:1030 - CMSIS Pack Vendor :STMicroelectronics X-CUBE-PM33A1 1.0.0
2025-07-24 10:30:17,172 [INFO] ThirdParty:1030 - CMSIS Pack Vendor :STMicroelectronics USBPD 4.1
2025-07-24 10:30:17,172 [INFO] ThirdParty:1030 - CMSIS Pack Vendor :STMicroelectronics USB_HOST 2.0.0
2025-07-24 10:30:17,172 [INFO] ThirdParty:1030 - CMSIS Pack Vendor :STMicroelectronics FP-SNS-MOTENVWB1 1.4.0
2025-07-24 10:30:17,172 [INFO] ThirdParty:1030 - CMSIS Pack Vendor :STMicroelectronics X-CUBE-AZRTOS-F4 1.1.0
2025-07-24 10:30:17,172 [INFO] ThirdParty:1030 - CMSIS Pack Vendor :STMicroelectronics LIBJPEG 8.0.0
2025-07-24 10:30:17,172 [INFO] ThirdParty:1030 - CMSIS Pack Vendor :STMicroelectronics FP-ATR-ASTRA1 2.0.2
2025-07-24 10:30:17,173 [INFO] ThirdParty:1030 - CMSIS Pack Vendor :STMicroelectronics FP-ATR-ASTRA1 2.0.1
2025-07-24 10:30:17,173 [INFO] ThirdParty:1030 - CMSIS Pack Vendor :Avnet-IotConnect X-CUBE-IoTC-DA16k-PMOD 1.0.0
2025-07-24 10:30:17,173 [INFO] ThirdParty:1030 - CMSIS Pack Vendor :STMicroelectronics X-CUBE-SMBUS 2.1.0
2025-07-24 10:30:17,173 [INFO] ThirdParty:1030 - CMSIS Pack Vendor :STMicroelectronics X-CUBE-WB05N 1.1.0
2025-07-24 10:30:17,173 [INFO] ThirdParty:1030 - CMSIS Pack Vendor :STMicroelectronics X-CUBE-ISPU 2.1.0
2025-07-24 10:30:17,173 [INFO] ThirdParty:1030 - CMSIS Pack Vendor :STMicroelectronics X-CUBE-FREERTOS 1.2.0
2025-07-24 10:30:17,174 [INFO] ThirdParty:1030 - CMSIS Pack Vendor :STMicroelectronics X-CUBE-ST60 1.0.0
2025-07-24 10:30:17,174 [INFO] ThirdParty:1030 - CMSIS Pack Vendor :STMicroelectronics X-CUBE-NFC12 1.0.0
2025-07-24 10:30:17,174 [INFO] ThirdParty:1030 - CMSIS Pack Vendor :STMicroelectronics X-CUBE-AZRTOS-F7 1.1.0
2025-07-24 10:30:17,174 [INFO] ThirdParty:1030 - CMSIS Pack Vendor :STMicroelectronics X-CUBE-AZRTOS-L5 2.0.0
2025-07-24 10:30:17,174 [INFO] ThirdParty:1030 - CMSIS Pack Vendor :STMicroelectronics USB_DEVICE 2.0.0
2025-07-24 10:30:17,174 [INFO] ThirdParty:1030 - CMSIS Pack Vendor :STMicroelectronics X-CUBE-NFC6 3.1.0
2025-07-24 10:30:17,174 [INFO] ThirdParty:1030 - CMSIS Pack Vendor :STMicroelectronics X-CUBE-MEMS1 11.0.0
2025-07-24 10:30:17,174 [INFO] ThirdParty:1030 - CMSIS Pack Vendor :STMicroelectronics FreeRTOS 0.0.1
2025-07-24 10:30:17,174 [INFO] ThirdParty:1030 - CMSIS Pack Vendor :STMicroelectronics X-CUBE-DPower 1.2.0
2025-07-24 10:30:17,174 [INFO] ThirdParty:1030 - CMSIS Pack Vendor :STMicroelectronics FP-SNS-FLIGHT1 5.0.2
2025-07-24 10:30:17,174 [INFO] ThirdParty:1030 - CMSIS Pack Vendor :STMicroelectronics PDM2PCM 3.3.0
2025-07-24 10:30:17,174 [INFO] ThirdParty:1030 - CMSIS Pack Vendor :STMicroelectronics X-CUBE-AZRTOS-H7 3.4.0
2025-07-24 10:30:17,174 [INFO] ThirdParty:1030 - CMSIS Pack Vendor :STMicroelectronics X-CUBE-DISPLAY 3.0.0
2025-07-24 10:30:17,174 [INFO] ThirdParty:1030 - CMSIS Pack Vendor :STMicroelectronics X-CUBE-BLE1 7.0.0
2025-07-24 10:30:17,174 [INFO] ThirdParty:1030 - CMSIS Pack Vendor :STMicroelectronics X-CUBE-NFC10 1.0.0
2025-07-24 10:30:17,175 [INFO] ThirdParty:1030 - CMSIS Pack Vendor :STMicroelectronics X-CUBE-BLEMGR 4.0.0
2025-07-24 10:30:17,175 [INFO] ThirdParty:1030 - CMSIS Pack Vendor :STMicroelectronics X-CUBE-FREERTOS 1.3.1
2025-07-24 10:30:17,175 [INFO] ThirdParty:1030 - CMSIS Pack Vendor :STMicroelectronics HAL Drivers 0.0.0
2025-07-24 10:30:17,175 [INFO] ThirdParty:1030 - CMSIS Pack Vendor :emotas I-CUBE-CANOPEN 1.3.0
2025-07-24 10:30:17,175 [INFO] ThirdParty:1030 - CMSIS Pack Vendor :STMicroelectronics X-CUBE-FREERTOS 1.3.0
2025-07-24 10:30:17,175 [INFO] ThirdParty:1030 - CMSIS Pack Vendor :STMicroelectronics X-CUBE-NFC7 1.0.1
2025-07-24 10:30:17,175 [INFO] ThirdParty:1030 - CMSIS Pack Vendor :STMicroelectronics MBEDTLS 2.14.1
2025-07-24 10:30:17,175 [INFO] ThirdParty:1030 - CMSIS Pack Vendor :STMicroelectronics X-CUBE-BLEMGR 3.1.0
2025-07-24 10:30:17,175 [INFO] ThirdParty:1030 - CMSIS Pack Vendor :STMicroelectronics X-CUBE-AI 10.0.0
2025-07-24 10:30:17,175 [INFO] ThirdParty:1030 - CMSIS Pack Vendor :STMicroelectronics FP-SNS-STAIOTCFT 1.0.0
2025-07-24 10:30:17,175 [INFO] ThirdParty:1030 - CMSIS Pack Vendor :STMicroelectronics FP-SNS-SMARTAG2 1.2.0
2025-07-24 10:30:17,175 [INFO] ThirdParty:1030 - CMSIS Pack Vendor :STMicroelectronics FP-SNS-FLIGHT1 5.1.0
2025-07-24 10:30:17,175 [INFO] ThirdParty:1030 - CMSIS Pack Vendor :STMicroelectronics X-CUBE-MEMS1 11.1.0
2025-07-24 10:30:17,175 [INFO] ThirdParty:1030 - CMSIS Pack Vendor :STMicroelectronics X-CUBE-AZRTOS-WL 2.0.0
2025-07-24 10:30:17,175 [INFO] ThirdParty:1030 - CMSIS Pack Vendor :STMicroelectronics X-CUBE-DPower 1.3.0
2025-07-24 10:30:17,176 [INFO] ThirdParty:1030 - CMSIS Pack Vendor :STMicroelectronics FP-SNS-MOTENV1 5.0.0
2025-07-24 10:30:17,176 [INFO] ThirdParty:1030 - CMSIS Pack Vendor :STMicroelectronics USB_DEVICE 1.0.0
2025-07-24 10:30:17,176 [INFO] ThirdParty:1030 - CMSIS Pack Vendor :wolfSSL I-CUBE-wolfMQTT 1.19.0
2025-07-24 10:30:17,176 [INFO] ThirdParty:1030 - CMSIS Pack Vendor :STMicroelectronics X-CUBE-AZRTOS-L4 2.0.0
2025-07-24 10:30:17,176 [INFO] ThirdParty:1030 - CMSIS Pack Vendor :STMicroelectronics ThreadX 0.0.2
2025-07-24 10:30:17,176 [INFO] ThirdParty:1030 - CMSIS Pack Vendor :WES I-CUBE-Cesium 1.3.0
2025-07-24 10:30:17,176 [INFO] ThirdParty:1030 - CMSIS Pack Vendor :STMicroelectronics lwIP 2.1.2
2025-07-24 10:30:17,176 [INFO] ThirdParty:1030 - CMSIS Pack Vendor :STMicroelectronics X-CUBE-SFXS2LP1 4.0.0
2025-07-24 10:30:17,176 [INFO] ThirdParty:1030 - CMSIS Pack Vendor :STMicroelectronics X-CUBE-BLE2 3.3.0
2025-07-24 10:30:17,176 [INFO] ThirdParty:1030 - CMSIS Pack Vendor :STMicroelectronics PDM2PCM 3.2.0
2025-07-24 10:30:17,176 [INFO] ThirdParty:1030 - CMSIS Pack Vendor :STMicroelectronics X-CUBE-AZRTOS-H7 3.3.0
2025-07-24 10:30:17,176 [INFO] ThirdParty:1030 - CMSIS Pack Vendor :STMicroelectronics X-CUBE-NFC9 1.0.0
2025-07-24 10:30:17,176 [INFO] ThirdParty:1030 - CMSIS Pack Vendor :STMicroelectronics X-CUBE-BLE1 7.1.0
2025-07-24 10:30:17,177 [INFO] ThirdParty:1030 - CMSIS Pack Vendor :STMicroelectronics USB_DEVICE 3.0.0
2025-07-24 10:30:17,177 [INFO] ThirdParty:1030 - CMSIS Pack Vendor :STMicroelectronics X-CUBE-TCPP 4.1.0
2025-07-24 10:30:17,177 [INFO] ThirdParty:1030 - CMSIS Pack Vendor :STMicroelectronics X-CUBE-EEPRMA1 5.2.0
2025-07-24 10:30:17,177 [INFO] ThirdParty:1030 - CMSIS Pack Vendor :STMicroelectronics X-CUBE-BLEMGR 4.1.0
2025-07-24 10:30:17,177 [INFO] ThirdParty:1030 - CMSIS Pack Vendor :STMicroelectronics X-CUBE-IPS 3.0.0
2025-07-24 10:30:17,177 [INFO] ThirdParty:1030 - CMSIS Pack Vendor :STMicroelectronics X-CUBE-AZRTOS-WB 2.0.0
2025-07-24 10:30:17,177 [INFO] ThirdParty:1030 - CMSIS Pack Vendor :STMicroelectronics X-CUBE-GNSS1 7.0.0
2025-07-24 10:30:17,177 [INFO] ThirdParty:1030 - CMSIS Pack Vendor :STMicroelectronics X-CUBE-GNSS1 7.0.1
2025-07-24 10:30:17,177 [INFO] ThirdParty:1030 - CMSIS Pack Vendor :STMicroelectronics X-CUBE-TOUCHGFX 4.25.0
2025-07-24 10:30:17,178 [INFO] ThirdParty:1030 - CMSIS Pack Vendor :STMicroelectronics X-CUBE-AI 10.1.0
2025-07-24 10:30:17,178 [INFO] ThirdParty:1030 - CMSIS Pack Vendor :STMicroelectronics FP-SNS-STBOX1 2.0.0
2025-07-24 10:30:17,181 [INFO] ThirdParty:1030 - CMSIS Pack Vendor :STMicroelectronics X-CUBE-MEMS1 11.2.0
2025-07-24 10:30:17,181 [INFO] ThirdParty:1030 - CMSIS Pack Vendor :STMicroelectronics X-CUBE-AZRTOS-G0 1.1.0
2025-07-24 10:30:17,181 [INFO] ThirdParty:1030 - CMSIS Pack Vendor :STMicroelectronics X-CUBE-SAFEA1 1.2.2
2025-07-24 10:30:17,182 [INFO] ThirdParty:1030 - CMSIS Pack Vendor :STMicroelectronics X-CUBE-NFC4 3.0.0
2025-07-24 10:30:17,182 [INFO] ThirdParty:1030 - CMSIS Pack Vendor :STMicroelectronics X-CUBE-SUBG2 5.0.0
2025-07-24 10:30:17,182 [INFO] ThirdParty:1030 - CMSIS Pack Vendor :STMicroelectronics X-CUBE-AZRTOS-H7RS 1.1.0
2025-07-24 10:30:17,182 [INFO] ThirdParty:1030 - CMSIS Pack Vendor :STMicroelectronics STM32_WPAN 1.0.0
2025-07-24 10:30:17,182 [INFO] ThirdParty:1030 - CMSIS Pack Vendor :EmbeddedOffice I-CUBE-FS-RTOS 1.0.1
2025-07-24 10:30:17,182 [INFO] ThirdParty:1030 - CMSIS Pack Vendor :STMicroelectronics lwIP 2.0.3
2025-07-24 10:30:17,182 [INFO] ThirdParty:1030 - CMSIS Pack Vendor :Cesanta I-CUBE-Mongoose 7.13.0
2025-07-24 10:30:17,183 [INFO] ThirdParty:1030 - CMSIS Pack Vendor :STMicroelectronics USB_HOST 1.0.0
2025-07-24 10:30:17,183 [INFO] ThirdParty:1030 - CMSIS Pack Vendor :STMicroelectronics X-CUBE-AZRTOS-G4 2.0.0
2025-07-24 10:30:17,183 [INFO] ThirdParty:1030 - CMSIS Pack Vendor :STMicroelectronics X-CUBE-WB05N 2.0.0
2025-07-24 10:30:17,183 [INFO] ThirdParty:1030 - CMSIS Pack Vendor :STMicroelectronics PDM2PCM 3.1.0
2025-07-24 10:30:17,183 [INFO] ThirdParty:1030 - CMSIS Pack Vendor :STMicroelectronics X-CUBE-NFC7 2.0.0
2025-07-24 10:30:17,183 [INFO] ThirdParty:1030 - CMSIS Pack Vendor :STMicroelectronics X-CUBE-TCPP 4.2.0
2025-07-24 10:30:17,184 [INFO] ThirdParty:1030 - CMSIS Pack Vendor :RealThread X-CUBE-RT-Thread_Nano 4.1.1
2025-07-24 10:30:17,184 [INFO] ThirdParty:1030 - CMSIS Pack Vendor :STMicroelectronics FP-ATR-SIGFOX1 3.2.0
2025-07-24 10:30:17,184 [INFO] ThirdParty:1030 - CMSIS Pack Vendor :quantropi X-CUBE-qispace-sdk-base 1.9.3
2025-07-24 10:30:17,184 [INFO] ThirdParty:1030 - CMSIS Pack Vendor :STMicroelectronics X-CUBE-EEPRMA1 5.1.0
2025-07-24 10:30:17,184 [INFO] ThirdParty:1030 - CMSIS Pack Vendor :STMicroelectronics MBEDTLS 2.16.2
2025-07-24 10:30:17,184 [INFO] ThirdParty:1030 - CMSIS Pack Vendor :STMicroelectronics X-CUBE-IPS 3.1.0
2025-07-24 10:30:17,184 [INFO] ThirdParty:1030 - CMSIS Pack Vendor :STMicroelectronics X-CUBE-ALS 1.0.2
2025-07-24 10:30:17,184 [INFO] ThirdParty:1030 - CMSIS Pack Vendor :wolfSSL I-CUBE-wolfSSL 5.7.4
2025-07-24 10:30:17,184 [INFO] ThirdParty:1030 - CMSIS Pack Vendor :ITTIA_DB I-CUBE-ITTIADB 8.9.0
2025-07-24 10:30:17,184 [INFO] ThirdParty:1030 - CMSIS Pack Vendor :STMicroelectronics X-CUBE-TOUCHGFX 4.24.2
2025-07-24 10:30:17,184 [INFO] ThirdParty:1030 - CMSIS Pack Vendor :STMicroelectronics X-CUBE-TOUCHGFX 4.24.1
2025-07-24 10:30:17,184 [INFO] ThirdParty:1030 - CMSIS Pack Vendor :wolfSSL I-CUBE-wolfTPM 3.4.0
2025-07-24 10:30:17,185 [INFO] ThirdParty:1030 - CMSIS Pack Vendor :portGmbH I-Cube-SoM-uGOAL 1.1.0
2025-07-24 10:30:17,185 [INFO] ThirdParty:1030 - CMSIS Pack Vendor :STMicroelectronics X-CUBE-ST67W61 1.0.0
2025-07-24 10:30:17,185 [INFO] ThirdParty:1030 - CMSIS Pack Vendor :STMicroelectronics ThreadX 1.0.0
2025-07-24 10:30:17,185 [INFO] ThirdParty:1030 - CMSIS Pack Vendor :SEGGER I-CUBE-embOS 1.3.1
2025-07-24 10:30:17,185 [INFO] ThirdParty:1030 - CMSIS Pack Vendor :STMicroelectronics X-CUBE-ALGOBUILD 1.4.0
2025-07-24 10:30:17,186 [INFO] ThirdParty:1030 - CMSIS Pack Vendor :STMicroelectronics X-CUBE-MEMS1 11.3.0
2025-07-24 10:30:17,186 [INFO] ThirdParty:1030 - CMSIS Pack Vendor :STMicroelectronics X-CUBE-AZRTOS-H7RS 1.0.0
2025-07-24 10:30:17,186 [INFO] ThirdParty:1030 - CMSIS Pack Vendor :STMicroelectronics FP-ATR-ASTRA1 2.0.0
2025-07-24 10:30:17,186 [INFO] ThirdParty:1030 - CMSIS Pack Vendor :STMicroelectronics X-CUBE-TOF1 3.4.2
2025-07-24 10:30:17,186 [INFO] ThirdParty:1030 - CMSIS Pack Vendor :STMicroelectronics X-CUBE-TOF1 3.4.3
2025-07-24 10:30:17,186 [INFO] ThirdParty:1030 - CMSIS Pack Vendor :STMicroelectronics X-CUBE-AI 9.1.0
2025-07-24 10:30:17,186 [INFO] ThirdParty:1030 - CMSIS Pack Vendor :Infineon AIROC-Wi-Fi-Bluetooth-STM32 1.6.1
2025-07-24 10:30:17,186 [INFO] ThirdParty:1030 - CMSIS Pack Vendor :wolfSSL I-CUBE-wolfSSH 1.4.17
2025-07-24 10:30:17,187 [INFO] ThirdParty:841 - exiting critical section [change project]
2025-07-24 10:30:18,219 [INFO] PinOutPanel:1589 - setPackage(No Configuration,No Configuration)
2025-07-24 10:30:18,223 [INFO] PinOutPanel:1589 - setPackage(STM32F767ZITx,LQFP144)
2025-07-24 10:30:19,614 [INFO] UtilMem:75 - Before build in PCC Used Memory: 267651720 Bytes (384827392)
2025-07-24 10:30:21,618 [INFO] UtilMem:75 - After build in PCC Used Memory: 284784544 Bytes (445644800)
2025-07-24 10:30:21,686 [INFO] IPUIPlugin:80 - create IPUIPlugin
2025-07-24 10:30:21,686 [INFO] IPUIPlugin:80 - create IPUIPlugin
2025-07-24 10:30:21,686 [INFO] IPUIPlugin:80 - create IPUIPlugin
2025-07-24 10:30:21,686 [INFO] IPUIPlugin:80 - create IPUIPlugin
2025-07-24 10:30:21,686 [INFO] IPUIPlugin:80 - create IPUIPlugin
2025-07-24 10:30:21,686 [INFO] IPUIPlugin:80 - create IPUIPlugin
2025-07-24 10:30:21,686 [INFO] IPUIPlugin:80 - create IPUIPlugin
2025-07-24 10:30:21,686 [INFO] IPUIPlugin:80 - create IPUIPlugin
2025-07-24 10:30:21,686 [INFO] IPUIPlugin:80 - create IPUIPlugin
2025-07-24 10:30:21,687 [INFO] IPUIPlugin:80 - create IPUIPlugin
2025-07-24 10:30:21,687 [INFO] IPUIPlugin:80 - create IPUIPlugin
2025-07-24 10:30:21,687 [INFO] IPUIPlugin:80 - create IPUIPlugin
2025-07-24 10:30:21,687 [INFO] IPUIPlugin:80 - create IPUIPlugin
2025-07-24 10:30:21,687 [INFO] IPUIPlugin:80 - create IPUIPlugin
2025-07-24 10:30:21,687 [INFO] IPUIPlugin:80 - create IPUIPlugin
2025-07-24 10:30:21,687 [INFO] IPUIPlugin:80 - create IPUIPlugin
2025-07-24 10:30:21,687 [INFO] IPUIPlugin:80 - create IPUIPlugin
2025-07-24 10:30:21,687 [INFO] IPUIPlugin:80 - create IPUIPlugin
2025-07-24 10:30:21,687 [INFO] IPUIPlugin:80 - create IPUIPlugin
2025-07-24 10:30:21,687 [INFO] IPUIPlugin:80 - create IPUIPlugin
2025-07-24 10:30:21,688 [INFO] IPUIPlugin:80 - create IPUIPlugin
2025-07-24 10:30:21,688 [INFO] IPUIPlugin:80 - create IPUIPlugin
2025-07-24 10:30:21,688 [INFO] IPUIPlugin:80 - create IPUIPlugin
2025-07-24 10:30:21,688 [INFO] IPUIPlugin:80 - create IPUIPlugin
2025-07-24 10:30:21,688 [INFO] IPUIPlugin:80 - create IPUIPlugin
2025-07-24 10:30:21,688 [INFO] IPUIPlugin:80 - create IPUIPlugin
2025-07-24 10:30:21,688 [INFO] IPUIPlugin:80 - create IPUIPlugin
2025-07-24 10:30:21,688 [INFO] IPUIPlugin:80 - create IPUIPlugin
2025-07-24 10:30:21,688 [INFO] IPUIPlugin:80 - create IPUIPlugin
2025-07-24 10:30:21,689 [INFO] IPUIPlugin:80 - create IPUIPlugin
2025-07-24 10:30:21,689 [INFO] IPUIPlugin:80 - create IPUIPlugin
2025-07-24 10:30:21,690 [INFO] IPUIPlugin:80 - create IPUIPlugin
2025-07-24 10:30:21,691 [INFO] IPUIPlugin:80 - create IPUIPlugin
2025-07-24 10:30:21,692 [INFO] IPUIPlugin:80 - create IPUIPlugin
2025-07-24 10:30:21,692 [INFO] IPUIPlugin:80 - create IPUIPlugin
2025-07-24 10:30:21,692 [INFO] IPUIPlugin:80 - create IPUIPlugin
2025-07-24 10:30:21,692 [INFO] IPUIPlugin:80 - create IPUIPlugin
2025-07-24 10:30:21,692 [INFO] IPUIPlugin:80 - create IPUIPlugin
2025-07-24 10:30:21,692 [INFO] IPUIPlugin:80 - create IPUIPlugin
2025-07-24 10:30:21,692 [INFO] IPUIPlugin:80 - create IPUIPlugin
2025-07-24 10:30:21,693 [INFO] IPUIPlugin:80 - create IPUIPlugin
2025-07-24 10:30:21,693 [INFO] IPUIPlugin:80 - create IPUIPlugin
2025-07-24 10:30:21,694 [INFO] IPUIPlugin:80 - create IPUIPlugin
2025-07-24 10:30:21,694 [INFO] IPUIPlugin:80 - create IPUIPlugin
2025-07-24 10:30:21,695 [INFO] IPUIPlugin:80 - create IPUIPlugin
2025-07-24 10:30:21,695 [INFO] IPUIPlugin:80 - create IPUIPlugin
2025-07-24 10:30:21,695 [INFO] IPUIPlugin:80 - create IPUIPlugin
2025-07-24 10:30:21,695 [INFO] IPUIPlugin:80 - create IPUIPlugin
2025-07-24 10:30:21,695 [INFO] IPUIPlugin:80 - create IPUIPlugin
2025-07-24 10:30:21,695 [INFO] IPUIPlugin:80 - create IPUIPlugin
2025-07-24 10:30:21,695 [INFO] IPUIPlugin:80 - create IPUIPlugin
2025-07-24 10:30:21,695 [INFO] IPUIPlugin:80 - create IPUIPlugin
2025-07-24 10:30:21,697 [INFO] IPUIPlugin:80 - create IPUIPlugin
2025-07-24 10:30:21,697 [INFO] IPUIPlugin:80 - create IPUIPlugin
2025-07-24 10:30:21,697 [INFO] IPUIPlugin:80 - create IPUIPlugin
2025-07-24 10:30:21,697 [INFO] IPUIPlugin:80 - create IPUIPlugin
2025-07-24 10:30:21,697 [INFO] IPUIPlugin:80 - create IPUIPlugin
2025-07-24 10:30:21,698 [INFO] IPUIPlugin:80 - create IPUIPlugin
2025-07-24 10:30:21,698 [INFO] IPUIPlugin:80 - create IPUIPlugin
2025-07-24 10:30:21,698 [INFO] IPUIPlugin:80 - create IPUIPlugin
2025-07-24 10:30:21,698 [INFO] IPUIPlugin:80 - create IPUIPlugin
2025-07-24 10:30:21,698 [INFO] IPUIPlugin:80 - create IPUIPlugin
2025-07-24 10:30:21,698 [INFO] IPUIPlugin:80 - create IPUIPlugin
2025-07-24 10:30:21,699 [INFO] IPUIPlugin:80 - create IPUIPlugin
2025-07-24 10:30:21,699 [INFO] IPUIPlugin:80 - create IPUIPlugin
2025-07-24 10:30:21,699 [INFO] IPUIPlugin:80 - create IPUIPlugin
2025-07-24 10:30:21,700 [INFO] IPUIPlugin:80 - create IPUIPlugin
2025-07-24 10:30:21,700 [INFO] IPUIPlugin:80 - create IPUIPlugin
2025-07-24 10:30:21,701 [INFO] IPUIPlugin:80 - create IPUIPlugin
2025-07-24 10:30:21,701 [INFO] IPUIPlugin:80 - create IPUIPlugin
2025-07-24 10:30:21,702 [INFO] IPUIPlugin:80 - create IPUIPlugin
2025-07-24 10:30:21,703 [INFO] IPUIPlugin:80 - create IPUIPlugin
2025-07-24 10:30:21,704 [INFO] IPUIPlugin:80 - create IPUIPlugin
2025-07-24 10:30:21,704 [INFO] IPUIPlugin:80 - create IPUIPlugin
2025-07-24 10:30:21,705 [INFO] IPUIPlugin:80 - create IPUIPlugin
2025-07-24 10:30:21,706 [INFO] IPUIPlugin:80 - create IPUIPlugin
2025-07-24 10:30:21,707 [INFO] IPUIPlugin:80 - create IPUIPlugin
2025-07-24 10:30:21,707 [INFO] IPUIPlugin:80 - create IPUIPlugin
2025-07-24 10:30:21,707 [INFO] IPUIPlugin:80 - create IPUIPlugin
2025-07-24 10:30:22,057 [INFO] ApiDbMcu:532 - Load IP Config File for PDM2PCM
2025-07-24 10:30:22,531 [INFO] CADModel:165 - CPN selected for project levelSTM32F767ZIT6
2025-07-24 10:30:22,531 [INFO] CADModel:114 - Register for checkConnection events
2025-07-24 10:30:22,575 [INFO] OpenFileManager:386 - Restore cursor
2025-07-24 10:30:22,854 [WARN] IP:2250 - Warning not found: check if there is a RefParameter without a condition.
2025-07-24 10:30:22,855 [WARN] IP:2250 - RxBufferAddress not found: check if there is a RefParameter without a condition.
2025-07-24 10:30:22,855 [WARN] IP:2250 - DESC_SIZE_UNIT not found: check if there is a RefParameter without a condition.
2025-07-24 10:30:22,857 [WARN] IP:2250 - Warning not found: check if there is a RefParameter without a condition.
2025-07-24 10:30:22,857 [WARN] IP:2250 - RxBufferAddress not found: check if there is a RefParameter without a condition.
2025-07-24 10:30:22,858 [WARN] IP:2250 - DESC_SIZE_UNIT not found: check if there is a RefParameter without a condition.
2025-07-24 10:35:42,891 [INFO] Can:71 - Can Add PropertyChangeListener com.st.microxplorer.plugins.ip.can.Can@1f9d595f
2025-07-24 10:35:43,162 [INFO] NvicIntPanel:101 - NVIC parent = com.st.microxplorer.plugins.ip.nvic.MultiNvicIntPanel[,0,0,0x0,invalid,layout=javax.swing.BoxLayout,alignmentX=0.0,alignmentY=0.0,border=,flags=9,maximumSize=,minimumSize=,preferredSize=]
2025-07-24 10:35:48,195 [INFO] NvicIntPanel:101 - NVIC parent = com.st.microxplorer.plugins.ip.nvic.MultiNvicIntPanel[,0,0,0x0,invalid,layout=javax.swing.BoxLayout,alignmentX=0.0,alignmentY=0.0,border=,flags=9,maximumSize=,minimumSize=,preferredSize=]
2025-07-24 10:35:52,539 [INFO] Can:71 - Can Add PropertyChangeListener com.st.microxplorer.plugins.ip.can.Can@20a54c3d
2025-07-24 10:35:52,599 [INFO] NvicIntPanel:101 - NVIC parent = com.st.microxplorer.plugins.ip.nvic.MultiNvicIntPanel[,0,0,0x0,invalid,layout=javax.swing.BoxLayout,alignmentX=0.0,alignmentY=0.0,border=,flags=9,maximumSize=,minimumSize=,preferredSize=]
2025-07-24 10:35:56,676 [INFO] NvicIntPanel:101 - NVIC parent = com.st.microxplorer.plugins.ip.nvic.MultiNvicIntPanel[,0,0,0x0,invalid,layout=javax.swing.BoxLayout,alignmentX=0.0,alignmentY=0.0,border=,flags=9,maximumSize=,minimumSize=,preferredSize=]
2025-07-24 10:36:05,669 [INFO] NvicIntPanel:101 - NVIC parent = com.st.microxplorer.plugins.ip.nvic.MultiNvicIntPanel[,0,0,0x0,invalid,layout=javax.swing.BoxLayout,alignmentX=0.0,alignmentY=0.0,border=,flags=9,maximumSize=,minimumSize=,preferredSize=]
2025-07-24 10:36:24,493 [INFO] WebApp:194 - Connection lost
2025-07-24 10:36:24,708 [INFO] WebApp:191 - Connection restablished
2025-07-24 10:37:05,943 [INFO] NvicIntPanel:101 - NVIC parent = com.st.microxplorer.plugins.ip.nvic.MultiNvicIntPanel[,0,0,0x0,invalid,layout=javax.swing.BoxLayout,alignmentX=0.0,alignmentY=0.0,border=,flags=9,maximumSize=,minimumSize=,preferredSize=]
2025-07-24 10:37:16,770 [INFO] NvicIntPanel:101 - NVIC parent = com.st.microxplorer.plugins.ip.nvic.MultiNvicIntPanel[,0,0,0x0,invalid,layout=javax.swing.BoxLayout,alignmentX=0.0,alignmentY=0.0,border=,flags=9,maximumSize=,minimumSize=,preferredSize=]
2025-07-24 10:37:16,849 [INFO] NvicIntPanel:101 - NVIC parent = com.st.microxplorer.plugins.ip.nvic.MultiNvicIntPanel[,0,0,0x0,invalid,layout=javax.swing.BoxLayout,alignmentX=0.0,alignmentY=0.0,border=,flags=9,maximumSize=,minimumSize=,preferredSize=]
2025-07-24 10:37:19,710 [INFO] NvicIntPanel:101 - NVIC parent = com.st.microxplorer.plugins.ip.nvic.MultiNvicIntPanel[,0,0,0x0,invalid,layout=javax.swing.BoxLayout,alignmentX=0.0,alignmentY=0.0,border=,flags=9,maximumSize=,minimumSize=,preferredSize=]
2025-07-24 10:37:20,799 [INFO] NvicIntPanel:101 - NVIC parent = com.st.microxplorer.plugins.ip.nvic.MultiNvicIntPanel[,0,0,0x0,invalid,layout=javax.swing.BoxLayout,alignmentX=0.0,alignmentY=0.0,border=,flags=9,maximumSize=,minimumSize=,preferredSize=]
2025-07-24 10:37:22,808 [INFO] NvicIntPanel:101 - NVIC parent = com.st.microxplorer.plugins.ip.nvic.MultiNvicIntPanel[,0,0,0x0,invalid,layout=javax.swing.BoxLayout,alignmentX=0.0,alignmentY=0.0,border=,flags=9,maximumSize=,minimumSize=,preferredSize=]
2025-07-24 10:37:22,884 [INFO] NvicIntPanel:101 - NVIC parent = com.st.microxplorer.plugins.ip.nvic.MultiNvicIntPanel[,0,0,0x0,invalid,layout=javax.swing.BoxLayout,alignmentX=0.0,alignmentY=0.0,border=,flags=9,maximumSize=,minimumSize=,preferredSize=]
2025-07-24 10:37:29,331 [INFO] NvicIntPanel:101 - NVIC parent = com.st.microxplorer.plugins.ip.nvic.MultiNvicIntPanel[,0,0,0x0,invalid,layout=javax.swing.BoxLayout,alignmentX=0.0,alignmentY=0.0,border=,flags=9,maximumSize=,minimumSize=,preferredSize=]
2025-07-24 10:37:29,411 [INFO] NvicIntPanel:101 - NVIC parent = com.st.microxplorer.plugins.ip.nvic.MultiNvicIntPanel[,0,0,0x0,invalid,layout=javax.swing.BoxLayout,alignmentX=0.0,alignmentY=0.0,border=,flags=9,maximumSize=,minimumSize=,preferredSize=]
2025-07-24 10:37:31,897 [INFO] NvicIntPanel:101 - NVIC parent = com.st.microxplorer.plugins.ip.nvic.MultiNvicIntPanel[,0,0,0x0,invalid,layout=javax.swing.BoxLayout,alignmentX=0.0,alignmentY=0.0,border=,flags=9,maximumSize=,minimumSize=,preferredSize=]
2025-07-24 10:37:32,050 [INFO] NvicIntPanel:101 - NVIC parent = com.st.microxplorer.plugins.ip.nvic.MultiNvicIntPanel[,0,0,0x0,invalid,layout=javax.swing.BoxLayout,alignmentX=0.0,alignmentY=0.0,border=,flags=9,maximumSize=,minimumSize=,preferredSize=]
2025-07-24 10:37:37,210 [INFO] UtilMem:75 - End SaveConfig() Used Memory: 699971272 Bytes (1073741824)
2025-07-24 10:37:38,435 [INFO] UtilMem:75 - End SaveConfig() Used Memory: 851029320 Bytes (1073741824)
2025-07-24 10:37:39,036 [INFO] BlockDiagram:2775 - set Specific Code input for plugin: CAN
2025-07-24 10:37:39,036 [INFO] BlockDiagram:2775 - set Specific Code input for plugin: CAN
2025-07-24 10:37:39,036 [INFO] BlockDiagram:2775 - set Specific Code input for plugin: SYS
2025-07-24 10:37:39,036 [INFO] BlockDiagram:2775 - set Specific Code input for plugin: RCC
2025-07-24 10:37:39,036 [INFO] BlockDiagram:2775 - set Specific Code input for plugin: NVIC
2025-07-24 10:37:39,036 [INFO] BlockDiagram:2775 - set Specific Code input for plugin: GPIO
2025-07-24 10:37:39,039 [INFO] CodeGenerator:892 - code generatio: config db path: C:\ST\STM32CubeIDE_1.16.1\STM32CubeIDE\plugins\com.st.stm32cube.common.mx_6.15.0.202507011659\\db\
2025-07-24 10:37:39,250 [INFO] CodeEngine:265 - oldGeneratedFile, C:\Users\Chinnapop\STM32CubeIDE\workspace\magnetometer_emulator\MXTmpFiles\license.tmp_save
2025-07-24 10:37:40,071 [INFO] CodeEngine:289 - Generated code: C:\Users\Chinnapop\STM32CubeIDE\workspace\magnetometer_emulator\MXTmpFiles\license.tmp
2025-07-24 10:37:40,228 [INFO] CodeEngine:265 - oldGeneratedFile, C:\Users\Chinnapop\STM32CubeIDE\workspace\magnetometer_emulator\MXTmpFiles\gpio.tmp_save
2025-07-24 10:37:40,388 [INFO] CodeEngine:289 - Generated code: C:\Users\Chinnapop\STM32CubeIDE\workspace\magnetometer_emulator\MXTmpFiles\gpio.tmp
2025-07-24 10:37:40,621 [INFO] CodeEngine:265 - oldGeneratedFile, C:\Users\Chinnapop\STM32CubeIDE\workspace\magnetometer_emulator\MXTmpFiles\cortex.tmp_save
2025-07-24 10:37:40,714 [INFO] CodeEngine:289 - Generated code: C:\Users\Chinnapop\STM32CubeIDE\workspace\magnetometer_emulator\MXTmpFiles\cortex.tmp
2025-07-24 10:37:40,739 [INFO] CodeEngine:265 - oldGeneratedFile, C:\Users\Chinnapop\STM32CubeIDE\workspace\magnetometer_emulator\Core\Src\stm32f7xx_it.c_save
2025-07-24 10:37:40,902 [INFO] CodeEngine:289 - Generated code: C:\Users\Chinnapop\STM32CubeIDE\workspace\magnetometer_emulator\Core\Src\stm32f7xx_it.c
2025-07-24 10:37:40,918 [INFO] CodeEngine:265 - oldGeneratedFile, C:\Users\Chinnapop\STM32CubeIDE\workspace\magnetometer_emulator\Core\Inc\stm32f7xx_it.h_save
2025-07-24 10:37:41,002 [INFO] CodeEngine:289 - Generated code: C:\Users\Chinnapop\STM32CubeIDE\workspace\magnetometer_emulator\Core\Inc\stm32f7xx_it.h
2025-07-24 10:37:41,030 [INFO] CodeEngine:265 - oldGeneratedFile, C:\Users\Chinnapop\STM32CubeIDE\workspace\magnetometer_emulator\Core\Src\stm32f7xx_hal_msp.c_save
2025-07-24 10:37:41,238 [INFO] CodeEngine:289 - Generated code: C:\Users\Chinnapop\STM32CubeIDE\workspace\magnetometer_emulator\Core\Src\stm32f7xx_hal_msp.c
2025-07-24 10:37:41,250 [INFO] CodeEngine:265 - oldGeneratedFile, C:\Users\Chinnapop\STM32CubeIDE\workspace\magnetometer_emulator\MXTmpFiles\system.tmp_save
2025-07-24 10:37:41,335 [INFO] CodeEngine:289 - Generated code: C:\Users\Chinnapop\STM32CubeIDE\workspace\magnetometer_emulator\MXTmpFiles\system.tmp
2025-07-24 10:37:41,356 [INFO] CodeEngine:321 - oldGeneratedFile, C:\Users\Chinnapop\STM32CubeIDE\workspace\magnetometer_emulator\Core\Inc\stm32f7xx_hal_conf.h_save
2025-07-24 10:37:41,461 [INFO] CodeEngine:345 - Generated code: C:\Users\Chinnapop\STM32CubeIDE\workspace\magnetometer_emulator\Core\Inc\stm32f7xx_hal_conf.h
2025-07-24 10:37:41,519 [INFO] ApiDbMcu:532 - Load IP Config File for CAN1
2025-07-24 10:37:41,523 [INFO] ApiDbMcu:532 - Load IP Config File for CAN2
2025-07-24 10:37:41,529 [INFO] ApiDbMcu:532 - Load IP Config File for RCC
2025-07-24 10:37:41,555 [INFO] CodeEngine:265 - oldGeneratedFile, C:\Users\Chinnapop\STM32CubeIDE\workspace\magnetometer_emulator\Core\Inc\main.h_save
2025-07-24 10:37:41,674 [INFO] CodeEngine:289 - Generated code: C:\Users\Chinnapop\STM32CubeIDE\workspace\magnetometer_emulator\Core\Inc\main.h
2025-07-24 10:37:41,693 [INFO] CodeEngine:265 - oldGeneratedFile, C:\Users\Chinnapop\STM32CubeIDE\workspace\magnetometer_emulator\Core\Src\main.c_save
2025-07-24 10:37:41,865 [INFO] CodeEngine:289 - Generated code: C:\Users\Chinnapop\STM32CubeIDE\workspace\magnetometer_emulator\Core\Src\main.c
2025-07-24 10:37:42,642 [INFO] ProjectBuilder:3606 - Time for Copy HAL[1] : 358mS.
2025-07-24 10:37:42,649 [INFO] ProjectBuilder:5216 - Project Generator version: 4.7.0-B52
2025-07-24 10:37:42,737 [INFO] ConfigFileManager:1595 - The Die is : DIE451
2025-07-24 10:37:42,753 [INFO] ApiDbMcu:532 - Load IP Config File for FATFS
2025-07-24 10:37:42,760 [INFO] ApiDbMcu:532 - Load IP Config File for FREERTOS
2025-07-24 10:37:42,765 [INFO] ApiDbMcu:532 - Load IP Config File for LIBJPEG
2025-07-24 10:37:42,772 [INFO] ApiDbMcu:532 - Load IP Config File for LWIP
2025-07-24 10:37:42,788 [INFO] ApiDbMcu:532 - Load IP Config File for MBEDTLS
2025-07-24 10:37:42,805 [INFO] ApiDbMcu:532 - Load IP Config File for USB_DEVICE
2025-07-24 10:37:42,811 [INFO] ApiDbMcu:532 - Load IP Config File for USB_HOST
2025-07-24 10:37:43,529 [INFO] LogOutputStream:77 - [STDOUT_REDIRECT] 
2025-07-24 10:37:45,450 [INFO] ProjectBuilder:5496 - Time for Generating toolchain IDE Files: 2801mS.
2025-07-24 10:37:45,452 [INFO] ProjectBuilder:3463 - Time for Copy CMSIS : 1mS.
2025-07-24 10:37:45,456 [INFO] ProjectBuilder:3463 - Time for Copy CMSIS : 1mS.
2025-07-24 11:07:02,510 [INFO] WebApp:194 - Connection lost
2025-07-24 11:07:02,914 [INFO] WebApp:191 - Connection restablished
2025-07-24 11:36:45,443 [INFO] WebApp:194 - Connection lost
2025-07-24 11:36:50,637 [INFO] WebApp:191 - Connection restablished
2025-07-24 11:36:53,660 [INFO] WebApp:194 - Connection lost
2025-07-24 11:36:56,146 [INFO] WebApp:191 - Connection restablished
2025-07-24 11:37:02,086 [INFO] WebApp:194 - Connection lost
2025-07-24 11:37:24,592 [INFO] WebApp:191 - Connection restablished
2025-07-24 11:37:45,525 [INFO] WebApp:194 - Connection lost
2025-07-24 11:37:45,923 [INFO] WebApp:191 - Connection restablished
2025-07-24 11:37:49,527 [INFO] WebApp:194 - Connection lost
2025-07-24 11:38:43,159 [INFO] WebApp:191 - Connection restablished
2025-07-24 11:38:44,484 [INFO] WebApp:194 - Connection lost
2025-07-24 11:38:45,585 [INFO] WebApp:191 - Connection restablished
2025-07-24 11:40:31,017 [INFO] WebApp:194 - Connection lost
2025-07-24 11:40:33,087 [INFO] WebApp:191 - Connection restablished
2025-07-24 11:41:12,010 [INFO] WebApp:194 - Connection lost
2025-07-24 11:41:12,768 [INFO] WebApp:191 - Connection restablished
2025-07-24 11:42:28,099 [INFO] WebApp:194 - Connection lost
2025-07-24 11:42:28,410 [INFO] WebApp:191 - Connection restablished
2025-07-24 11:42:31,487 [INFO] WebApp:194 - Connection lost
2025-07-24 11:42:31,836 [INFO] WebApp:191 - Connection restablished
2025-07-24 12:01:28,035 [INFO] WebApp:194 - Connection lost
2025-07-24 12:01:28,325 [INFO] WebApp:191 - Connection restablished
2025-07-24 12:01:31,489 [INFO] WebApp:194 - Connection lost
2025-07-24 12:01:31,953 [INFO] WebApp:191 - Connection restablished
2025-07-24 12:02:20,899 [INFO] WebApp:194 - Connection lost
2025-07-24 12:02:24,314 [INFO] WebApp:191 - Connection restablished
2025-07-24 12:02:26,033 [INFO] WebApp:194 - Connection lost
2025-07-24 12:02:26,168 [INFO] WebApp:191 - Connection restablished
2025-07-24 12:32:07,510 [INFO] WebApp:194 - Connection lost
2025-07-24 12:32:07,898 [INFO] WebApp:191 - Connection restablished
2025-07-24 14:00:46,047 [ERROR] LogOutputStream:75 - [STDERR_REDIRECT] 
2025-07-24 14:00:46,048 [ERROR] LogOutputStream:75 - [STDERR_REDIRECT] 
2025-07-24 14:15:30,980 [INFO] Activator:176 - 


2025-07-24 14:15:30,982 [INFO] Activator:177 - !SESSION log4j initialized
2025-07-24 14:15:38,950 [INFO] LogOutputStream:77 - [STDOUT_REDIRECT] 
2025-07-24 14:15:40,808 [INFO] ApplicationProperties:184 - Using Application install path: C:\ST\STM32CubeIDE_1.16.1\STM32CubeIDE\plugins\com.st.stm32cube.common.mx_6.15.0.202507011659
2025-07-24 14:15:40,823 [INFO] DbMcusXml:78 - Set database path to: C:\ST\STM32CubeIDE_1.16.1\STM32CubeIDE\plugins\com.st.stm32cube.common.mx_6.15.0.202507011659\\db\/mcu/
2025-07-24 14:15:40,823 [INFO] ApiDb:274 - Set plugin database path to: C:\ST\STM32CubeIDE_1.16.1\STM32CubeIDE\plugins\com.st.stm32cube.common.mx_6.15.0.202507011659\\db\/plugins/boardmanager/
2025-07-24 14:15:40,823 [WARN] ApiDb:259 - Overriding images path with different value:  => C:\ST\STM32CubeIDE_1.16.1\STM32CubeIDE\plugins\com.st.stm32cube.common.mx_6.15.0.202507011659\\db\/plugins/mcufinder/images/
2025-07-24 14:15:40,835 [INFO] ApiDb:250 - Set database path to: C:\Users\Chinnapop\.stmcufinder\plugins\mcufinder//mcu/
2025-07-24 14:15:40,836 [INFO] DbMcusAds:125 - Set database path to: C:\Users\Chinnapop\.stmcufinder\plugins\mcufinder//mcu/
2025-07-24 14:15:40,837 [INFO] CrossReferenceDbSqlite:203 - Set database path to: C:\Users\Chinnapop\.stmcufinder\plugins\mcufinder//mcu/cs/
2025-07-24 14:15:40,945 [INFO] RulesReader:64 - Compatibility file has been processed (317 Rules)
2025-07-24 14:15:41,029 [INFO] DbMcusXml:78 - Set database path to: C:\ST\STM32CubeIDE_1.16.1\STM32CubeIDE\plugins\com.st.stm32cube.common.mx_6.15.0.202507011659\\db\/mcu/
2025-07-24 14:15:41,029 [INFO] ApiDb:274 - Set plugin database path to: C:\ST\STM32CubeIDE_1.16.1\STM32CubeIDE\plugins\com.st.stm32cube.common.mx_6.15.0.202507011659\\db\/plugins/boardmanager/
2025-07-24 14:15:41,029 [INFO] ApiDb:261 - Set plugin images path to: C:\ST\STM32CubeIDE_1.16.1\STM32CubeIDE\plugins\com.st.stm32cube.common.mx_6.15.0.202507011659\\db\/plugins/mcufinder/images/
2025-07-24 14:15:41,029 [WARN] DbFile:41 - Overriding database path with different value: C:\Users\Chinnapop\.stmcufinder\plugins\mcufinder/ => C:\Users\Chinnapop\.stmcufinder\plugins\mcufinder
2025-07-24 14:15:41,030 [INFO] ApiDb:250 - Set database path to: C:\Users\Chinnapop\.stmcufinder\plugins\mcufinder//mcu/
2025-07-24 14:15:41,030 [WARN] DbFile:41 - Overriding database path with different value: C:\Users\Chinnapop\.stmcufinder\plugins\mcufinder/ => C:\Users\Chinnapop\.stmcufinder\plugins\mcufinder
2025-07-24 14:15:41,030 [INFO] DbMcusAds:125 - Set database path to: C:\Users\Chinnapop\.stmcufinder\plugins\mcufinder//mcu/
2025-07-24 14:15:41,030 [WARN] DbFile:41 - Overriding database path with different value: C:\Users\Chinnapop\.stmcufinder\plugins\mcufinder/ => C:\Users\Chinnapop\.stmcufinder\plugins\mcufinder
2025-07-24 14:15:41,030 [WARN] DbFile:41 - Overriding database path with different value: C:\Users\Chinnapop\.stmcufinder\plugins\mcufinder/ => C:\Users\Chinnapop\.stmcufinder\plugins\mcufinder
2025-07-24 14:15:41,030 [INFO] CrossReferenceDbSqlite:203 - Set database path to: C:\Users\Chinnapop\.stmcufinder\plugins\mcufinder//mcu/cs/
2025-07-24 14:15:41,094 [INFO] MainPanel:274 - HeapMemory: 268435456
2025-07-24 14:15:41,170 [INFO] DbMcusXml:78 - Set database path to: C:\ST\STM32CubeIDE_1.16.1\STM32CubeIDE\plugins\com.st.stm32cube.common.mx_6.15.0.202507011659\\db\/mcu/
2025-07-24 14:15:41,170 [INFO] ApiDb:274 - Set plugin database path to: C:\ST\STM32CubeIDE_1.16.1\STM32CubeIDE\plugins\com.st.stm32cube.common.mx_6.15.0.202507011659\\db\/plugins/boardmanager/
2025-07-24 14:15:41,170 [INFO] ApiDb:261 - Set plugin images path to: C:\ST\STM32CubeIDE_1.16.1\STM32CubeIDE\plugins\com.st.stm32cube.common.mx_6.15.0.202507011659\\db\/plugins/mcufinder/images/
2025-07-24 14:15:41,170 [WARN] DbFile:41 - Overriding database path with different value: C:\Users\Chinnapop\.stmcufinder\plugins\mcufinder/ => C:\Users\Chinnapop\.stmcufinder\plugins\mcufinder
2025-07-24 14:15:41,171 [INFO] ApiDb:250 - Set database path to: C:\Users\Chinnapop\.stmcufinder\plugins\mcufinder//mcu/
2025-07-24 14:15:41,171 [WARN] DbFile:41 - Overriding database path with different value: C:\Users\Chinnapop\.stmcufinder\plugins\mcufinder/ => C:\Users\Chinnapop\.stmcufinder\plugins\mcufinder
2025-07-24 14:15:41,171 [INFO] DbMcusAds:125 - Set database path to: C:\Users\Chinnapop\.stmcufinder\plugins\mcufinder//mcu/
2025-07-24 14:15:41,171 [WARN] DbFile:41 - Overriding database path with different value: C:\Users\Chinnapop\.stmcufinder\plugins\mcufinder/ => C:\Users\Chinnapop\.stmcufinder\plugins\mcufinder
2025-07-24 14:15:41,171 [WARN] DbFile:41 - Overriding database path with different value: C:\Users\Chinnapop\.stmcufinder\plugins\mcufinder/ => C:\Users\Chinnapop\.stmcufinder\plugins\mcufinder
2025-07-24 14:15:41,171 [INFO] CrossReferenceDbSqlite:203 - Set database path to: C:\Users\Chinnapop\.stmcufinder\plugins\mcufinder//mcu/cs/
2025-07-24 14:15:41,194 [INFO] ApplicationProperties:184 - Using Application install path: C:\ST\STM32CubeIDE_1.16.1\STM32CubeIDE\plugins\com.st.stm32cube.common.mx_6.15.0.202507011659
2025-07-24 14:15:41,196 [INFO] PluginManage:196 - Search for loadable plugins [exclusion list=, ]
2025-07-24 14:15:41,197 [INFO] PluginManage:310 - Check plugin analytics
2025-07-24 14:15:41,345 [INFO] AnalyticsPlugin:253 - Accepted Software Licenses: 
2025-07-24 14:15:41,345 [INFO] AnalyticsPlugin:255 - Accepted CMSIS Pack Licenses: 
2025-07-24 14:15:41,345 [INFO] AnalyticsPlugin:257 - Accepted Firmware Licenses: FW.F7.1.17.0
2025-07-24 14:15:41,348 [INFO] PluginManage:359 - Loaded plugin analytics (category:tool,tabindex:-1)
2025-07-24 14:15:41,348 [INFO] PluginManage:310 - Check plugin cadmodel
2025-07-24 14:15:41,355 [INFO] CADModel:105 - Init CAD model plugin
2025-07-24 14:15:41,355 [INFO] PluginManage:359 - Loaded plugin cadmodel (category:power,tabindex:5)
2025-07-24 14:15:41,355 [INFO] PluginManage:310 - Check plugin clock
2025-07-24 14:15:41,367 [INFO] PluginManage:359 - Loaded plugin clock (category:base,tabindex:2)
2025-07-24 14:15:41,367 [INFO] PluginManage:310 - Check plugin ddr
2025-07-24 14:15:41,368 [INFO] PluginManage:359 - Loaded plugin ddr (category:tool,tabindex:6)
2025-07-24 14:15:41,369 [INFO] PluginManage:310 - Check plugin filemanager
2025-07-24 14:15:41,511 [INFO] PluginManage:359 - Loaded plugin filemanager (category:base,tabindex:10)
2025-07-24 14:15:41,511 [INFO] PluginManage:310 - Check plugin ipmanager
2025-07-24 14:15:41,519 [INFO] PluginManage:359 - Loaded plugin ipmanager (category:base,tabindex:5)
2025-07-24 14:15:41,519 [INFO] PluginManage:310 - Check plugin lpbam
2025-07-24 14:15:41,530 [INFO] PluginManage:359 - Loaded plugin lpbam (category:base,tabindex:0)
2025-07-24 14:15:41,530 [INFO] PluginManage:310 - Check plugin memorymap
2025-07-24 14:15:41,545 [INFO] PluginManage:359 - Loaded plugin memorymap (category:base,tabindex:4)
2025-07-24 14:15:41,546 [INFO] PluginManage:310 - Check plugin pinoutandconfiguration
2025-07-24 14:15:41,557 [INFO] PluginManage:359 - Loaded plugin pinoutandconfiguration (category:base,tabindex:1)
2025-07-24 14:15:41,557 [INFO] PluginManage:310 - Check plugin pinoutconfig
2025-07-24 14:15:41,637 [WARN] SupportedApi:132 - Cannot load RTOS API schema: s4s-elt-must-match.1: The content of 'definitions' must match (annotation?, (simpleType | complexType)?, (unique | key | keyref)*)). A problem was found starting at: attribute.
2025-07-24 14:15:41,745 [INFO] PluginManage:359 - Loaded plugin pinoutconfig (category:base,tabindex:0)
2025-07-24 14:15:41,746 [INFO] PluginManage:310 - Check plugin power
2025-07-24 14:15:41,757 [INFO] PluginManage:359 - Loaded plugin power (category:power,tabindex:4)
2025-07-24 14:15:41,757 [INFO] PluginManage:310 - Check plugin projectmanager
2025-07-24 14:15:41,777 [INFO] PluginManage:359 - Loaded plugin projectmanager (category:projectmanager,tabindex:4)
2025-07-24 14:15:41,777 [INFO] PluginManage:310 - Check plugin rif
2025-07-24 14:15:41,797 [INFO] PluginManage:359 - Loaded plugin rif (category:base,tabindex:3)
2025-07-24 14:15:41,797 [INFO] PluginManage:310 - Check plugin thirdparty
2025-07-24 14:15:41,932 [INFO] PluginManage:359 - Loaded plugin thirdparty (category:base,tabindex:-1)
2025-07-24 14:15:41,932 [WARN] IntegrityCheckThread:84 - waiting for thirdparty lock release [integrity check]
2025-07-24 14:15:41,932 [INFO] PluginManage:310 - Check plugin tools
2025-07-24 14:15:41,932 [INFO] IntegrityCheckThread:86 - entering critical section [integrity check]
2025-07-24 14:15:41,932 [INFO] ThirdPartyUpdaterWithRetryManager:70 - Updater plugin not ready yet. [1/15]
2025-07-24 14:15:41,939 [INFO] PluginManage:359 - Loaded plugin tools (category:base,tabindex:7)
2025-07-24 14:15:41,940 [INFO] PluginManage:310 - Check plugin tutovideos
2025-07-24 14:15:42,112 [INFO] PluginManage:359 - Loaded plugin tutovideos (category:base,tabindex:-1)
2025-07-24 14:15:42,112 [INFO] PluginManage:310 - Check plugin updater
2025-07-24 14:15:42,130 [INFO] PluginManage:359 - Loaded plugin updater (category:base,tabindex:12)
2025-07-24 14:15:42,130 [INFO] PluginManage:310 - Check plugin userauth
2025-07-24 14:15:42,133 [INFO] UserAuth:118 - Init User Auth plugin
2025-07-24 14:15:42,134 [INFO] PluginManage:359 - Loaded plugin userauth (category:base,tabindex:14)
2025-07-24 14:15:42,134 [INFO] PluginManage:283 - PluginManage : Loaded plugins [18]
2025-07-24 14:15:42,340 [INFO] PinOutPanel:1589 - setPackage(No Configuration,No Configuration)
2025-07-24 14:15:42,419 [INFO] CADModel:165 - CPN selected for project level
2025-07-24 14:15:42,419 [INFO] CADModel:114 - Register for checkConnection events
2025-07-24 14:15:42,437 [INFO] IPUIPlugin:80 - create IPUIPlugin
2025-07-24 14:15:42,437 [INFO] PluginManager:220 - loadIPPluginJar : add adc
2025-07-24 14:15:42,450 [INFO] IPUIPlugin:80 - create IPUIPlugin
2025-07-24 14:15:42,450 [INFO] PluginManager:220 - loadIPPluginJar : add aes
2025-07-24 14:15:42,455 [INFO] IPUIPlugin:80 - create IPUIPlugin
2025-07-24 14:15:42,456 [INFO] PluginManager:220 - loadIPPluginJar : add can
2025-07-24 14:15:42,462 [INFO] IPUIPlugin:80 - create IPUIPlugin
2025-07-24 14:15:42,462 [INFO] PluginManager:220 - loadIPPluginJar : add comp
2025-07-24 14:15:42,467 [INFO] IPUIPlugin:80 - create IPUIPlugin
2025-07-24 14:15:42,467 [INFO] PluginManager:220 - loadIPPluginJar : add cryp
2025-07-24 14:15:42,472 [INFO] IPUIPlugin:80 - create IPUIPlugin
2025-07-24 14:15:42,472 [INFO] PluginManager:220 - loadIPPluginJar : add ddr_ctrl_phy
2025-07-24 14:15:42,478 [INFO] IPUIPlugin:80 - create IPUIPlugin
2025-07-24 14:15:42,478 [INFO] PluginManager:220 - loadIPPluginJar : add dfsdm
2025-07-24 14:15:42,486 [INFO] IPUIPlugin:80 - create IPUIPlugin
2025-07-24 14:15:42,487 [INFO] PluginManager:220 - loadIPPluginJar : add dma
2025-07-24 14:15:42,492 [INFO] IPUIPlugin:80 - create IPUIPlugin
2025-07-24 14:15:42,492 [INFO] PluginManager:220 - loadIPPluginJar : add dma3
2025-07-24 14:15:42,498 [INFO] IPUIPlugin:80 - create IPUIPlugin
2025-07-24 14:15:42,498 [INFO] PluginManager:220 - loadIPPluginJar : add extmemmanager
2025-07-24 14:15:42,503 [INFO] IPUIPlugin:80 - create IPUIPlugin
2025-07-24 14:15:42,504 [INFO] PluginManager:220 - loadIPPluginJar : add fatfs
2025-07-24 14:15:42,511 [INFO] IPUIPlugin:80 - create IPUIPlugin
2025-07-24 14:15:42,511 [INFO] PluginManager:220 - loadIPPluginJar : add fmc
2025-07-24 14:15:42,520 [INFO] IPUIPlugin:80 - create IPUIPlugin
2025-07-24 14:15:42,521 [INFO] PluginManager:220 - loadIPPluginJar : add freertos
2025-07-24 14:15:42,525 [INFO] IPUIPlugin:80 - create IPUIPlugin
2025-07-24 14:15:42,526 [INFO] PluginManager:220 - loadIPPluginJar : add genericplugin
2025-07-24 14:15:42,530 [INFO] IPUIPlugin:80 - create IPUIPlugin
2025-07-24 14:15:42,530 [INFO] PluginManager:220 - loadIPPluginJar : add gfxmmu
2025-07-24 14:15:42,537 [INFO] IPUIPlugin:80 - create IPUIPlugin
2025-07-24 14:15:42,537 [INFO] PluginManager:220 - loadIPPluginJar : add gic
2025-07-24 14:15:42,545 [INFO] IPUIPlugin:80 - create IPUIPlugin
2025-07-24 14:15:42,545 [INFO] PluginManager:220 - loadIPPluginJar : add gpio
2025-07-24 14:15:42,550 [INFO] IPUIPlugin:80 - create IPUIPlugin
2025-07-24 14:15:42,550 [INFO] PluginManager:220 - loadIPPluginJar : add gtzc
2025-07-24 14:15:42,556 [INFO] IPUIPlugin:80 - create IPUIPlugin
2025-07-24 14:15:42,556 [INFO] PluginManager:220 - loadIPPluginJar : add hash
2025-07-24 14:15:42,562 [INFO] IPUIPlugin:80 - create IPUIPlugin
2025-07-24 14:15:42,562 [INFO] PluginManager:220 - loadIPPluginJar : add i2c
2025-07-24 14:15:42,567 [INFO] IPUIPlugin:80 - create IPUIPlugin
2025-07-24 14:15:42,568 [INFO] PluginManager:220 - loadIPPluginJar : add i2s
2025-07-24 14:15:42,573 [INFO] IPUIPlugin:80 - create IPUIPlugin
2025-07-24 14:15:42,573 [INFO] PluginManager:220 - loadIPPluginJar : add i3c
2025-07-24 14:15:42,579 [INFO] IPUIPlugin:80 - create IPUIPlugin
2025-07-24 14:15:42,580 [INFO] PluginManager:220 - loadIPPluginJar : add ipddr
2025-07-24 14:15:42,590 [INFO] IPUIPlugin:80 - create IPUIPlugin
2025-07-24 14:15:42,590 [INFO] PluginManager:220 - loadIPPluginJar : add linkedlist
2025-07-24 14:15:42,596 [INFO] IPUIPlugin:80 - create IPUIPlugin
2025-07-24 14:15:42,597 [INFO] PluginManager:220 - loadIPPluginJar : add lorawan
2025-07-24 14:15:42,602 [INFO] IPUIPlugin:80 - create IPUIPlugin
2025-07-24 14:15:42,602 [INFO] PluginManager:220 - loadIPPluginJar : add ltdc
2025-07-24 14:15:42,610 [INFO] IPUIPlugin:80 - create IPUIPlugin
2025-07-24 14:15:42,610 [INFO] PluginManager:220 - loadIPPluginJar : add mdma
2025-07-24 14:15:42,617 [INFO] IPUIPlugin:80 - create IPUIPlugin
2025-07-24 14:15:42,617 [INFO] PluginManager:220 - loadIPPluginJar : add nvic
2025-07-24 14:15:42,624 [INFO] IPUIPlugin:80 - create IPUIPlugin
2025-07-24 14:15:42,624 [INFO] PluginManager:220 - loadIPPluginJar : add opamp
2025-07-24 14:15:42,629 [INFO] IPUIPlugin:80 - create IPUIPlugin
2025-07-24 14:15:42,629 [INFO] PluginManager:220 - loadIPPluginJar : add openamp
2025-07-24 14:15:42,635 [INFO] IPUIPlugin:80 - create IPUIPlugin
2025-07-24 14:15:42,635 [INFO] PluginManager:220 - loadIPPluginJar : add pdm2pcm
2025-07-24 14:15:42,644 [INFO] IPUIPlugin:80 - create IPUIPlugin
2025-07-24 14:15:42,646 [INFO] PluginManager:220 - loadIPPluginJar : add plateformsettings
2025-07-24 14:15:42,650 [INFO] IPUIPlugin:80 - create IPUIPlugin
2025-07-24 14:15:42,651 [INFO] PluginManager:220 - loadIPPluginJar : add quadspi
2025-07-24 14:15:42,655 [INFO] IPUIPlugin:80 - create IPUIPlugin
2025-07-24 14:15:42,656 [INFO] PluginManager:220 - loadIPPluginJar : add radio
2025-07-24 14:15:42,663 [INFO] IPUIPlugin:80 - create IPUIPlugin
2025-07-24 14:15:42,663 [INFO] PluginManager:220 - loadIPPluginJar : add resmgrutility
2025-07-24 14:15:42,669 [INFO] IPUIPlugin:80 - create IPUIPlugin
2025-07-24 14:15:42,669 [INFO] PluginManager:220 - loadIPPluginJar : add sai
2025-07-24 14:15:42,674 [INFO] IPUIPlugin:80 - create IPUIPlugin
2025-07-24 14:15:42,674 [INFO] PluginManager:220 - loadIPPluginJar : add spi
2025-07-24 14:15:42,684 [INFO] IPUIPlugin:80 - create IPUIPlugin
2025-07-24 14:15:42,684 [INFO] PluginManager:220 - loadIPPluginJar : add stm32_wpan
2025-07-24 14:15:42,689 [INFO] IPUIPlugin:80 - create IPUIPlugin
2025-07-24 14:15:42,689 [INFO] PluginManager:220 - loadIPPluginJar : add tim
2025-07-24 14:15:42,696 [INFO] IPUIPlugin:80 - create IPUIPlugin
2025-07-24 14:15:42,696 [INFO] PluginManager:220 - loadIPPluginJar : add touchsensing
2025-07-24 14:15:42,702 [INFO] IPUIPlugin:80 - create IPUIPlugin
2025-07-24 14:15:42,702 [INFO] PluginManager:220 - loadIPPluginJar : add tracer_emb
2025-07-24 14:15:42,707 [INFO] IPUIPlugin:80 - create IPUIPlugin
2025-07-24 14:15:42,707 [INFO] PluginManager:220 - loadIPPluginJar : add ts
2025-07-24 14:15:42,713 [INFO] IPUIPlugin:80 - create IPUIPlugin
2025-07-24 14:15:42,713 [INFO] PluginManager:220 - loadIPPluginJar : add tsc
2025-07-24 14:15:42,719 [INFO] IPUIPlugin:80 - create IPUIPlugin
2025-07-24 14:15:42,719 [INFO] PluginManager:220 - loadIPPluginJar : add ucpd
2025-07-24 14:15:42,726 [INFO] IPUIPlugin:80 - create IPUIPlugin
2025-07-24 14:15:42,726 [INFO] PluginManager:220 - loadIPPluginJar : add usart
2025-07-24 14:15:42,733 [INFO] IPUIPlugin:80 - create IPUIPlugin
2025-07-24 14:15:42,733 [INFO] PluginManager:220 - loadIPPluginJar : add usbx
2025-07-24 14:15:42,856 [FATAL] Updater:351 - Updater called before beeing initialized
2025-07-24 14:15:42,879 [INFO] RulesReader:64 - Compatibility file has been processed (317 Rules)
2025-07-24 14:15:42,897 [INFO] RulesReader:64 - Compatibility file has been processed (317 Rules)
2025-07-24 14:15:42,907 [INFO] CADModel:165 - CPN selected for project level
2025-07-24 14:15:42,907 [INFO] CADModel:114 - Register for checkConnection events
2025-07-24 14:15:42,907 [FATAL] Updater:351 - Updater called before beeing initialized
2025-07-24 14:15:42,907 [ERROR] CADModel:125 - Updater not yet initialized, retry later 
2025-07-24 14:15:43,087 [FATAL] Updater:351 - Updater called before beeing initialized
2025-07-24 14:15:43,101 [INFO] CADModel:165 - CPN selected for project level
2025-07-24 14:15:43,101 [INFO] CADModel:114 - Register for checkConnection events
2025-07-24 14:15:43,101 [FATAL] Updater:351 - Updater called before beeing initialized
2025-07-24 14:15:43,101 [ERROR] CADModel:125 - Updater not yet initialized, retry later 
2025-07-24 14:15:43,106 [FATAL] Updater:351 - Updater called before beeing initialized
2025-07-24 14:15:43,223 [FATAL] Updater:351 - Updater called before beeing initialized
2025-07-24 14:15:43,227 [INFO] DbMcusAds:53 - JSON generation date=Tue Jul 08 15:14:23 ICT 2025 (1751962463562)
2025-07-24 14:15:43,229 [FATAL] Updater:351 - Updater called before beeing initialized
2025-07-24 14:15:43,272 [WARN] DetailPanel:346 - Failed to get advertising image, set to default
2025-07-24 14:15:43,349 [FATAL] Updater:351 - Updater called before beeing initialized
2025-07-24 14:15:43,351 [FATAL] Updater:351 - Updater called before beeing initialized
2025-07-24 14:15:43,351 [FATAL] Updater:351 - Updater called before beeing initialized
2025-07-24 14:15:43,351 [WARN] DetailPanel:346 - Failed to get advertising image, set to default
2025-07-24 14:15:43,352 [FATAL] Updater:351 - Updater called before beeing initialized
2025-07-24 14:15:43,402 [ERROR] Updater:1198 - MainUpdater not yet initialized. External WinMGr cannot be set.
2025-07-24 14:15:43,408 [INFO] Updater:1134 - Updater Version found : 6.15.0
2025-07-24 14:15:43,433 [INFO] ApplicationProperties:184 - Using Application install path: C:\ST\STM32CubeIDE_1.16.1\STM32CubeIDE\plugins\com.st.stm32cube.common.mx_6.15.0.202507011659
2025-07-24 14:15:44,934 [INFO] ThirdPartyUpdaterWithRetryManager:70 - Updater plugin not ready yet. [2/15]
2025-07-24 14:15:45,003 [ERROR] LogOutputStream:75 - [STDERR_REDIRECT] Jul 24, 2025 2:15:45 PM java.util.prefs.WindowsPreferences <init>
2025-07-24 14:15:45,004 [ERROR] LogOutputStream:75 - [STDERR_REDIRECT] WARNING: Could not open/create prefs root node Software\JavaSoft\Prefs at root 0xffffffff80000002. Windows RegCreateKeyEx(...) returned error code 5.
2025-07-24 14:15:45,005 [ERROR] LogOutputStream:75 - [STDERR_REDIRECT] 
2025-07-24 14:15:45,996 [INFO] MainUpdater:2872 - connection check result : 10
2025-07-24 14:15:45,997 [INFO] MainUpdater:289 - Updater Check For Update Now.
2025-07-24 14:15:45,997 [INFO] MicroXplorer:498 - Change Database Version : DB.6.0.150
2025-07-24 14:15:46,015 [INFO] McuFinderGlobals:63 - Set McuFinder mode to 2 (CubeIDE integrated)
2025-07-24 14:15:46,016 [INFO] UserAuth:487 - Internet connection configuration mode: 1
2025-07-24 14:15:46,062 [INFO] JxBrowserEngine:152 - Initiate JxBrowser Engine with user profile folder
2025-07-24 14:15:46,183 [INFO] CheckServerUpdateThread:120 - End of CheckServer Thread
2025-07-24 14:15:47,047 [INFO] WebApp:169 - Instantiating new browser for Auth
2025-07-24 14:15:47,832 [INFO] WebApp:463 - Apply proxy settings
2025-07-24 14:15:47,833 [INFO] WebApp:548 - Chromium requires no authentication
2025-07-24 14:15:47,840 [INFO] WebApp:491 - Direct internet connection detected
2025-07-24 14:15:47,856 [INFO] WebApp:900 - Register for checkConnection events
2025-07-24 14:15:47,856 [INFO] WebApp:463 - Apply proxy settings
2025-07-24 14:15:47,856 [INFO] WebApp:548 - Chromium requires no authentication
2025-07-24 14:15:47,857 [INFO] WebApp:491 - Direct internet connection detected
2025-07-24 14:15:48,079 [INFO] WebApp:225 - Starting web application
2025-07-24 14:15:48,079 [INFO] WebApp:593 - Web application path used C:\ST\STM32CubeIDE_1.16.1\STM32CubeIDE\plugins\com.st.stm32cube.common.mx_6.15.0.202507011659\db\plugins\mcufinder\reactClient1\index.html
2025-07-24 14:15:48,193 [INFO] UserAuth:487 - Internet connection configuration mode: 1
2025-07-24 14:15:48,212 [WARN] PackLoader:240 - Cannot read IP mode file for STMicroelectronics.FP-SNS-MOTENVWB1.1.4.0
2025-07-24 14:15:48,220 [WARN] PackLoader:240 - Cannot read IP mode file for STMicroelectronics.FP-ATR-ASTRA1.2.0.2
2025-07-24 14:15:48,224 [WARN] PackLoader:240 - Cannot read IP mode file for STMicroelectronics.FP-ATR-ASTRA1.2.0.1
2025-07-24 14:15:48,279 [WARN] PackLoader:240 - Cannot read IP mode file for STMicroelectronics.X-CUBE-SMBUS.2.1.0
2025-07-24 14:15:48,286 [WARN] PackLoader:240 - Cannot read IP mode file for STMicroelectronics.X-CUBE-WB05N.1.1.0
2025-07-24 14:15:48,293 [WARN] PackLoader:240 - Cannot read IP mode file for STMicroelectronics.X-CUBE-ST60.1.0.0
2025-07-24 14:15:48,323 [WARN] PackLoader:240 - Cannot read IP mode file for STMicroelectronics.X-CUBE-AZRTOS-F7.1.1.0
2025-07-24 14:15:48,365 [WARN] PackLoader:240 - Cannot read IP mode file for STMicroelectronics.X-CUBE-MEMS1.11.0.0
2025-07-24 14:15:48,473 [WARN] PackLoader:240 - Cannot read IP mode file for STMicroelectronics.FP-SNS-FLIGHT1.5.0.2
2025-07-24 14:15:48,491 [WARN] PackLoader:240 - Cannot read IP mode file for STMicroelectronics.X-CUBE-AZRTOS-H7.3.4.0
2025-07-24 14:15:48,500 [WARN] PackLoader:240 - Cannot read IP mode file for STMicroelectronics.X-CUBE-DISPLAY.3.0.0
2025-07-24 14:15:48,508 [WARN] PackLoader:240 - Cannot read IP mode file for STMicroelectronics.X-CUBE-BLE1.7.0.0
2025-07-24 14:15:48,514 [WARN] PackLoader:240 - Cannot read IP mode file for STMicroelectronics.X-CUBE-NFC10.1.0.0
2025-07-24 14:15:48,525 [WARN] PackLoader:240 - Cannot read IP mode file for STMicroelectronics.X-CUBE-BLEMGR.4.0.0
2025-07-24 14:15:48,533 [WARN] PackLoader:240 - Cannot read IP mode file for emotas.I-CUBE-CANOPEN.1.3.0
2025-07-24 14:15:48,540 [WARN] PackLoader:240 - Cannot read IP mode file for STMicroelectronics.X-CUBE-BLEMGR.3.1.0
2025-07-24 14:15:48,546 [WARN] PackLoader:240 - Cannot read IP mode file for STMicroelectronics.X-CUBE-AI.10.0.0
2025-07-24 14:15:48,552 [WARN] PackLoader:240 - Cannot read IP mode file for STMicroelectronics.FP-SNS-SMARTAG2.1.2.0
2025-07-24 14:15:48,557 [WARN] PackLoader:240 - Cannot read IP mode file for STMicroelectronics.FP-SNS-FLIGHT1.5.1.0
2025-07-24 14:15:48,615 [WARN] PackLoader:240 - Cannot read IP mode file for STMicroelectronics.X-CUBE-MEMS1.11.1.0
2025-07-24 14:15:48,694 [INFO] WebApp:191 - Connection restablished
2025-07-24 14:15:48,840 [INFO] LogOutputStream:77 - [STDOUT_REDIRECT] 1 : Invalid condition id : UX_CORESTACK_Condition cause : null
2025-07-24 14:15:48,842 [INFO] LogOutputStream:77 - [STDOUT_REDIRECT] 1 : Invalid condition id : UX_CORESTACK_Condition cause : null
2025-07-24 14:15:48,844 [INFO] LogOutputStream:77 - [STDOUT_REDIRECT] 1 : Invalid condition id : UX_CORESTACK_Condition cause : null
2025-07-24 14:15:48,846 [INFO] LogOutputStream:77 - [STDOUT_REDIRECT] 1 : Invalid condition id : UX_CORESTACK_Condition cause : null
2025-07-24 14:15:48,847 [INFO] LogOutputStream:77 - [STDOUT_REDIRECT] 1 : Invalid condition id : UX_CORESTACK_Condition cause : null
2025-07-24 14:15:48,849 [WARN] PackLoader:240 - Cannot read IP mode file for STMicroelectronics.X-CUBE-AZRTOS-WL.2.0.0
2025-07-24 14:15:48,857 [WARN] PackLoader:240 - Cannot read IP mode file for STMicroelectronics.FP-SNS-MOTENV1.5.0.0
2025-07-24 14:15:48,862 [WARN] PackLoader:240 - Cannot read IP mode file for wolfSSL.I-CUBE-wolfMQTT.1.19.0
2025-07-24 14:15:48,876 [WARN] PackLoader:240 - Cannot read IP mode file for WES.I-CUBE-Cesium.1.3.0
2025-07-24 14:15:48,881 [WARN] PackLoader:240 - Cannot read IP mode file for STMicroelectronics.X-CUBE-BLE2.3.3.0
2025-07-24 14:15:48,889 [WARN] PackLoader:240 - Cannot read IP mode file for STMicroelectronics.X-CUBE-NFC9.1.0.0
2025-07-24 14:15:48,895 [WARN] PackLoader:240 - Cannot read IP mode file for STMicroelectronics.X-CUBE-BLE1.7.1.0
2025-07-24 14:15:48,900 [WARN] PackLoader:240 - Cannot read IP mode file for STMicroelectronics.X-CUBE-TCPP.4.1.0
2025-07-24 14:15:48,906 [WARN] PackLoader:240 - Cannot read IP mode file for STMicroelectronics.X-CUBE-EEPRMA1.5.2.0
2025-07-24 14:15:48,912 [WARN] PackLoader:240 - Cannot read IP mode file for STMicroelectronics.X-CUBE-AI.10.1.0
2025-07-24 14:15:48,947 [WARN] PackLoader:240 - Cannot read IP mode file for STMicroelectronics.X-CUBE-MEMS1.11.2.0
2025-07-24 14:15:49,049 [WARN] PackLoader:240 - Cannot read IP mode file for STMicroelectronics.X-CUBE-AZRTOS-G0.1.1.0
2025-07-24 14:15:49,056 [WARN] PackLoader:240 - Cannot read IP mode file for STMicroelectronics.X-CUBE-SAFEA1.1.2.2
2025-07-24 14:15:49,064 [WARN] PackLoader:240 - Cannot read IP mode file for STMicroelectronics.X-CUBE-NFC4.3.0.0
2025-07-24 14:15:49,075 [WARN] PackLoader:240 - Cannot read IP mode file for EmbeddedOffice.I-CUBE-FS-RTOS.1.0.1
2025-07-24 14:15:49,082 [WARN] PackLoader:240 - Cannot read IP mode file for STMicroelectronics.X-CUBE-WB05N.2.0.0
2025-07-24 14:15:49,087 [WARN] PackLoader:240 - Cannot read IP mode file for STMicroelectronics.X-CUBE-TCPP.4.2.0
2025-07-24 14:15:49,094 [WARN] PackLoader:240 - Cannot read IP mode file for RealThread.X-CUBE-RT-Thread_Nano.4.1.1
2025-07-24 14:15:49,099 [WARN] PackLoader:240 - Cannot read IP mode file for STMicroelectronics.FP-ATR-SIGFOX1.3.2.0
2025-07-24 14:15:49,104 [WARN] ConditionMgr:438 - getConditionDescription Invalid condition id : Cortex-A Device cause : null
2025-07-24 14:15:49,130 [WARN] ConditionMgr:1044 - genDependencies : Invalid condition id : Cortex-A Device cause : null
2025-07-24 14:15:49,130 [WARN] ConditionMgr:1044 - genDependencies : Invalid condition id : Cortex-A Device cause : null
2025-07-24 14:15:49,130 [WARN] ConditionMgr:1044 - genDependencies : Invalid condition id : Cortex-A Device cause : null
2025-07-24 14:15:49,135 [WARN] PackLoader:240 - Cannot read IP mode file for STMicroelectronics.X-CUBE-EEPRMA1.5.1.0
2025-07-24 14:15:49,141 [WARN] PackLoader:240 - Cannot read IP mode file for wolfSSL.I-CUBE-wolfSSL.5.7.4
2025-07-24 14:15:49,147 [WARN] PackLoader:240 - Cannot read IP mode file for ITTIA_DB.I-CUBE-ITTIADB.8.9.0
2025-07-24 14:15:49,161 [WARN] PackLoader:240 - Cannot read IP mode file for STMicroelectronics.X-CUBE-ST67W61.1.0.0
2025-07-24 14:15:49,187 [WARN] PackLoader:240 - Cannot read IP mode file for SEGGER.I-CUBE-embOS.1.3.1
2025-07-24 14:15:49,215 [WARN] PackLoader:240 - Cannot read IP mode file for STMicroelectronics.X-CUBE-ALGOBUILD.1.4.0
2025-07-24 14:15:49,270 [WARN] PackLoader:240 - Cannot read IP mode file for STMicroelectronics.X-CUBE-MEMS1.11.3.0
2025-07-24 14:15:49,410 [WARN] PackLoader:240 - Cannot read IP mode file for STMicroelectronics.X-CUBE-AI.9.1.0
2025-07-24 14:15:49,416 [WARN] PackLoader:240 - Cannot read IP mode file for STMicroelectronics.X-CUBE-PM33A1.1.0.0
2025-07-24 14:15:49,430 [WARN] PackLoader:240 - Cannot read IP mode file for STMicroelectronics.X-CUBE-AZRTOS-F4.1.1.0
2025-07-24 14:15:49,437 [WARN] PackLoader:240 - Cannot read IP mode file for Avnet-IotConnect.X-CUBE-IoTC-DA16k-PMOD.1.0.0
2025-07-24 14:15:49,443 [WARN] PackLoader:240 - Cannot read IP mode file for STMicroelectronics.X-CUBE-ISPU.2.1.0
2025-07-24 14:15:49,449 [WARN] PackLoader:240 - Cannot read IP mode file for STMicroelectronics.X-CUBE-FREERTOS.1.2.0
2025-07-24 14:15:49,456 [WARN] PackLoader:240 - Cannot read IP mode file for STMicroelectronics.X-CUBE-NFC12.1.0.0
2025-07-24 14:15:49,470 [WARN] PackLoader:240 - Cannot read IP mode file for STMicroelectronics.X-CUBE-AZRTOS-L5.2.0.0
2025-07-24 14:15:49,479 [WARN] PackLoader:240 - Cannot read IP mode file for STMicroelectronics.X-CUBE-NFC6.3.1.0
2025-07-24 14:15:49,485 [WARN] PackLoader:240 - Cannot read IP mode file for STMicroelectronics.X-CUBE-DPower.1.2.0
2025-07-24 14:15:49,494 [WARN] PackLoader:240 - Cannot read IP mode file for STMicroelectronics.X-CUBE-FREERTOS.1.3.1
2025-07-24 14:15:49,499 [WARN] PackLoader:240 - Cannot read IP mode file for STMicroelectronics.X-CUBE-FREERTOS.1.3.0
2025-07-24 14:15:49,504 [WARN] PackLoader:240 - Cannot read IP mode file for STMicroelectronics.X-CUBE-NFC7.1.0.1
2025-07-24 14:15:49,510 [WARN] PackLoader:240 - Cannot read IP mode file for STMicroelectronics.FP-SNS-STAIOTCFT.1.0.0
2025-07-24 14:15:49,515 [WARN] PackLoader:240 - Cannot read IP mode file for STMicroelectronics.X-CUBE-DPower.1.3.0
2025-07-24 14:15:49,527 [WARN] ConditionMgr:438 - getConditionDescription Invalid condition id : LAN8742 Phy interface Condition cause : null
2025-07-24 14:15:49,529 [WARN] PackLoader:240 - Cannot read IP mode file for STMicroelectronics.X-CUBE-AZRTOS-L4.2.0.0
2025-07-24 14:15:49,529 [WARN] ConditionMgr:1044 - genDependencies : Invalid condition id : LAN8742 Phy interface Condition cause : null
2025-07-24 14:15:49,529 [WARN] ConditionMgr:1044 - genDependencies : Invalid condition id : LAN8742 Phy interface Condition cause : null
2025-07-24 14:15:49,530 [WARN] ConditionMgr:1044 - genDependencies : Invalid condition id : LAN8742 Phy interface Condition cause : null
2025-07-24 14:15:49,537 [WARN] PackLoader:240 - Cannot read IP mode file for STMicroelectronics.X-CUBE-SFXS2LP1.4.0.0
2025-07-24 14:15:49,550 [WARN] PackLoader:240 - Cannot read IP mode file for STMicroelectronics.X-CUBE-AZRTOS-H7.3.3.0
2025-07-24 14:15:49,563 [WARN] PackLoader:240 - Cannot read IP mode file for STMicroelectronics.X-CUBE-BLEMGR.4.1.0
2025-07-24 14:15:49,577 [WARN] PackLoader:240 - Cannot read IP mode file for STMicroelectronics.X-CUBE-IPS.3.0.0
2025-07-24 14:15:49,590 [WARN] ConditionMgr:438 - getConditionDescription Invalid condition id : UX DEVICE CLASS RTOS Condition cause : null
2025-07-24 14:15:49,590 [WARN] ConditionMgr:438 - getConditionDescription Invalid condition id : UX DEVICE CLASS RTOS Condition cause : null
2025-07-24 14:15:49,591 [WARN] PackLoader:240 - Cannot read IP mode file for STMicroelectronics.X-CUBE-AZRTOS-WB.2.0.0
2025-07-24 14:15:49,591 [WARN] ConditionMgr:1044 - genDependencies : Invalid condition id : UX DEVICE CLASS RTOS Condition cause : null
2025-07-24 14:15:49,591 [WARN] ConditionMgr:1044 - genDependencies : Invalid condition id : UX DEVICE CLASS RTOS Condition cause : null
2025-07-24 14:15:49,592 [WARN] ConditionMgr:1044 - genDependencies : Invalid condition id : UX DEVICE CLASS RTOS Condition cause : null
2025-07-24 14:15:49,592 [WARN] ConditionMgr:1044 - genDependencies : Invalid condition id : UX DEVICE CLASS RTOS Condition cause : null
2025-07-24 14:15:49,592 [WARN] ConditionMgr:1044 - genDependencies : Invalid condition id : UX DEVICE CLASS RTOS Condition cause : null
2025-07-24 14:15:49,598 [WARN] PackLoader:240 - Cannot read IP mode file for STMicroelectronics.X-CUBE-GNSS1.7.0.0
2025-07-24 14:15:49,602 [WARN] PackLoader:240 - Cannot read IP mode file for STMicroelectronics.X-CUBE-GNSS1.7.0.1
2025-07-24 14:15:49,613 [WARN] PackLoader:240 - Cannot read IP mode file for STMicroelectronics.X-CUBE-TOUCHGFX.4.25.0
2025-07-24 14:15:49,619 [WARN] PackLoader:240 - Cannot read IP mode file for STMicroelectronics.FP-SNS-STBOX1.2.0.0
2025-07-24 14:15:49,630 [WARN] PackLoader:240 - Cannot read IP mode file for STMicroelectronics.X-CUBE-SUBG2.5.0.0
2025-07-24 14:15:49,652 [WARN] PackLoader:240 - Cannot read IP mode file for STMicroelectronics.X-CUBE-AZRTOS-H7RS.1.1.0
2025-07-24 14:15:49,659 [WARN] PackLoader:240 - Cannot read IP mode file for Cesanta.I-CUBE-Mongoose.7.13.0
2025-07-24 14:15:49,668 [WARN] PackLoader:240 - Cannot read IP mode file for STMicroelectronics.X-CUBE-AZRTOS-G4.2.0.0
2025-07-24 14:15:49,675 [WARN] PackLoader:240 - Cannot read IP mode file for STMicroelectronics.X-CUBE-NFC7.2.0.0
2025-07-24 14:15:49,683 [WARN] PackLoader:240 - Cannot read IP mode file for STMicroelectronics.X-CUBE-IPS.3.1.0
2025-07-24 14:15:49,691 [WARN] PackLoader:240 - Cannot read IP mode file for STMicroelectronics.X-CUBE-ALS.1.0.2
2025-07-24 14:15:49,695 [WARN] PackLoader:240 - Cannot read IP mode file for STMicroelectronics.X-CUBE-TOUCHGFX.4.24.2
2025-07-24 14:15:49,699 [WARN] PackLoader:240 - Cannot read IP mode file for STMicroelectronics.X-CUBE-TOUCHGFX.4.24.1
2025-07-24 14:15:49,703 [WARN] PackLoader:240 - Cannot read IP mode file for wolfSSL.I-CUBE-wolfTPM.3.4.0
2025-07-24 14:15:49,708 [WARN] PackLoader:240 - Cannot read IP mode file for portGmbH.I-Cube-SoM-uGOAL.1.1.0
2025-07-24 14:15:49,720 [WARN] PackLoader:240 - Cannot read IP mode file for STMicroelectronics.X-CUBE-AZRTOS-H7RS.1.0.0
2025-07-24 14:15:49,726 [WARN] PackLoader:240 - Cannot read IP mode file for STMicroelectronics.FP-ATR-ASTRA1.2.0.0
2025-07-24 14:15:49,734 [WARN] PackLoader:240 - Cannot read IP mode file for STMicroelectronics.X-CUBE-TOF1.3.4.2
2025-07-24 14:15:49,749 [WARN] PackLoader:240 - Cannot read IP mode file for STMicroelectronics.X-CUBE-TOF1.3.4.3
2025-07-24 14:15:49,786 [WARN] PackLoader:240 - Cannot read IP mode file for Infineon.AIROC-Wi-Fi-Bluetooth-STM32.1.6.1
2025-07-24 14:15:49,798 [WARN] PackLoader:240 - Cannot read IP mode file for wolfSSL.I-CUBE-wolfSSH.1.4.17
2025-07-24 14:15:49,799 [INFO] ThirdParty:978 - Integrity check success = true
2025-07-24 14:15:49,799 [INFO] IntegrityCheckThread:100 - exiting critical section [integrity check]
2025-07-24 14:15:49,799 [INFO] IntegrityCheckThread:103 - End integrity checks thread
2025-07-24 14:43:18,500 [INFO] WebApp:194 - Connection lost
2025-07-24 14:43:18,903 [INFO] WebApp:191 - Connection restablished
2025-07-24 14:48:08,067 [INFO] WebApp:194 - Connection lost
2025-07-24 14:48:33,043 [INFO] WebApp:191 - Connection restablished
2025-07-24 14:48:35,034 [INFO] WebApp:194 - Connection lost
2025-07-24 14:48:35,208 [INFO] WebApp:191 - Connection restablished
2025-07-24 15:05:42,990 [INFO] WebApp:194 - Connection lost
2025-07-24 15:06:10,826 [INFO] WebApp:191 - Connection restablished
2025-07-24 15:19:02,492 [INFO] WebApp:194 - Connection lost
2025-07-24 15:19:12,388 [INFO] WebApp:191 - Connection restablished
2025-07-24 15:19:16,490 [INFO] WebApp:194 - Connection lost
2025-07-24 15:19:17,004 [INFO] WebApp:191 - Connection restablished
2025-07-24 15:21:44,037 [INFO] WebApp:194 - Connection lost
2025-07-24 15:21:45,430 [INFO] WebApp:191 - Connection restablished
2025-07-24 15:32:59,491 [INFO] WebApp:194 - Connection lost
2025-07-24 15:33:05,909 [INFO] WebApp:191 - Connection restablished
2025-07-24 15:33:08,638 [INFO] WebApp:194 - Connection lost
2025-07-24 15:33:09,228 [INFO] WebApp:191 - Connection restablished
2025-07-24 15:33:32,379 [INFO] WebApp:194 - Connection lost
2025-07-24 15:33:32,777 [INFO] WebApp:191 - Connection restablished
2025-07-24 15:33:35,513 [INFO] WebApp:194 - Connection lost
2025-07-24 15:33:35,854 [INFO] WebApp:191 - Connection restablished
2025-07-24 16:09:33,064 [INFO] McuFinderGlobals:63 - Set McuFinder mode to 2 (CubeIDE integrated)
2025-07-24 16:09:33,106 [INFO] MainUpdater:2872 - connection check result : 10
2025-07-24 16:09:33,117 [INFO] MainUpdater:2872 - connection check result : 10
2025-07-24 16:09:33,409 [INFO] MicroXplorer:468 - Change Database Path : 
2025-07-24 16:09:33,409 [INFO] MicroXplorer:498 - Change Database Version : DB.6.0.150
2025-07-24 16:09:33,419 [WARN] ThirdParty:871 - waiting for thirdparty lock release [close project]
2025-07-24 16:09:33,420 [INFO] ThirdParty:873 - entering critical section [close project]
2025-07-24 16:09:33,446 [INFO] ThirdParty:883 - exiting critical section [close project]
2025-07-24 16:09:33,458 [INFO] PinOutPanel:1589 - setPackage(No Configuration,No Configuration)
2025-07-24 16:09:33,483 [INFO] UtilMem:75 - Begin LoadConfig() Used Memory: 576157976 Bytes (859832320)
2025-07-24 16:09:33,491 [INFO] MicroXplorer:468 - Change Database Path : 
2025-07-24 16:09:33,491 [INFO] MicroXplorer:498 - Change Database Version : DB.6.0.150
2025-07-24 16:09:33,492 [INFO] OpenFileManager:355 - Change cursor
2025-07-24 16:09:33,733 [INFO] Mcu:2029 - Initializing MCU STM32F767ZITx STM32F767ZITx STM32F767ZIT6
2025-07-24 16:09:36,794 [INFO] Context:786 - Trying to add GPIOservice into a context  which must be forbidden
2025-07-24 16:09:37,444 [INFO] ImportTextPane:234 - (OptionalMessage_ERROR) Pin7 (VP_RIF_VS_RIF1) cannot be retrieved for this MCU
2025-07-24 16:09:37,746 [INFO] RtosManager:558 - Registered RTOS mode: class=CMSIS, group=RTOS, mode=CMSIS_V1, owner=FREERTOS
2025-07-24 16:09:37,746 [INFO] RtosManager:558 - Registered RTOS mode: class=CMSIS, group=RTOS2, mode=CMSIS_V2, owner=FREERTOS
2025-07-24 16:09:37,747 [INFO] RtosManager:558 - Registered RTOS mode: class=RTOS, group=Core, mode=CMSIS_V1, owner=FREERTOS
2025-07-24 16:09:37,747 [INFO] RtosManager:558 - Registered RTOS mode: class=RTOS, group=Core, mode=CMSIS_V2, owner=FREERTOS
2025-07-24 16:09:37,747 [WARN] ModelIntegratedComponent:184 - Missing modes for component STMicroelectronics:FreeRTOS:0.0.1:STMicroelectronics:RTOS:FreeRTOS:Core:::10.2.0:
2025-07-24 16:09:37,758 [WARN] ModelIntegratedComponent:63 - No mode defined for component null
2025-07-24 16:09:37,758 [WARN] ModelIntegratedComponent:63 - No mode defined for component null
2025-07-24 16:09:37,758 [WARN] ModelIntegratedComponent:63 - No mode defined for component null
2025-07-24 16:09:37,758 [WARN] ModelIntegratedComponent:63 - No mode defined for component null
2025-07-24 16:09:37,758 [WARN] ModelIntegratedComponent:63 - No mode defined for component null
2025-07-24 16:09:37,759 [WARN] ModelIntegratedComponent:63 - No mode defined for component null
2025-07-24 16:09:37,759 [WARN] ModelIntegratedComponent:63 - No mode defined for component null
2025-07-24 16:09:37,759 [WARN] ModelIntegratedComponent:63 - No mode defined for component null
2025-07-24 16:09:37,759 [WARN] ModelIntegratedComponent:63 - No mode defined for component null
2025-07-24 16:09:37,759 [WARN] ModelIntegratedComponent:63 - No mode defined for component null
2025-07-24 16:09:37,759 [WARN] ModelIntegratedComponent:63 - No mode defined for component null
2025-07-24 16:09:37,759 [WARN] ModelIntegratedComponent:63 - No mode defined for component null
2025-07-24 16:09:37,759 [WARN] ModelIntegratedComponent:63 - No mode defined for component null
2025-07-24 16:09:37,759 [WARN] ModelIntegratedComponent:63 - No mode defined for component null
2025-07-24 16:09:37,759 [WARN] ModelIntegratedComponent:63 - No mode defined for component null
2025-07-24 16:09:37,759 [WARN] ModelIntegratedComponent:63 - No mode defined for component null
2025-07-24 16:09:37,760 [WARN] ModelIntegratedComponent:63 - No mode defined for component null
2025-07-24 16:09:37,760 [WARN] ModelIntegratedComponent:63 - No mode defined for component null
2025-07-24 16:09:37,760 [WARN] ModelIntegratedComponent:63 - No mode defined for component null
2025-07-24 16:09:37,760 [WARN] ModelIntegratedComponent:63 - No mode defined for component null
2025-07-24 16:09:37,760 [WARN] ModelIntegratedComponent:63 - No mode defined for component null
2025-07-24 16:09:37,760 [WARN] ModelIntegratedComponent:63 - No mode defined for component null
2025-07-24 16:09:37,760 [WARN] ModelIntegratedComponent:63 - No mode defined for component null
2025-07-24 16:09:37,760 [WARN] ModelIntegratedComponent:63 - No mode defined for component null
2025-07-24 16:09:37,760 [WARN] ModelIntegratedComponent:63 - No mode defined for component null
2025-07-24 16:09:37,760 [WARN] ModelIntegratedComponent:63 - No mode defined for component null
2025-07-24 16:09:37,760 [WARN] ModelIntegratedComponent:63 - No mode defined for component null
2025-07-24 16:09:37,760 [WARN] ModelIntegratedComponent:63 - No mode defined for component null
2025-07-24 16:09:37,760 [WARN] ModelIntegratedComponent:63 - No mode defined for component null
2025-07-24 16:09:37,760 [WARN] ModelIntegratedComponent:63 - No mode defined for component null
2025-07-24 16:09:37,760 [WARN] ModelIntegratedComponent:63 - No mode defined for component null
2025-07-24 16:09:37,760 [WARN] ModelIntegratedComponent:63 - No mode defined for component null
2025-07-24 16:09:37,760 [WARN] ModelIntegratedComponent:63 - No mode defined for component null
2025-07-24 16:09:37,760 [WARN] ModelIntegratedComponent:63 - No mode defined for component null
2025-07-24 16:09:37,760 [WARN] ModelIntegratedComponent:63 - No mode defined for component null
2025-07-24 16:09:37,761 [WARN] ModelPack:524 - Component already loaded: STMicroelectronics:HAL Drivers:0.0.0:STMicroelectronics:Device:STMicro_Driver:XSPI:HAL::0.0.1:HAL_XSPI
2025-07-24 16:09:38,075 [INFO] ThirdPartyModel:298 - Start build external matchings
2025-07-24 16:09:39,141 [INFO] ThirdPartyModel:316 - End build external matchings
2025-07-24 16:09:39,172 [INFO] ImportTextPane:234 - (OptionalMessage_ERROR) IP (RCC) : Invalid parameter (48MHZClocksFreq_Value)
2025-07-24 16:09:39,172 [INFO] ImportTextPane:234 - (OptionalMessage_ERROR) IP (RCC) : Invalid parameter (ADC12outputFreq_Value)
2025-07-24 16:09:39,172 [INFO] ImportTextPane:234 - (OptionalMessage_ERROR) IP (RCC) : Invalid parameter (ADC34outputFreq_Value)
2025-07-24 16:09:39,172 [INFO] ImportTextPane:234 - (OptionalMessage_ERROR) IP (RCC) : Invalid parameter (FamilyName)
2025-07-24 16:09:39,174 [INFO] ImportTextPane:234 - (OptionalMessage_ERROR) IP (RCC) : Invalid parameter (I2SClocksFreq_Value)
2025-07-24 16:09:39,174 [INFO] ImportTextPane:234 - (OptionalMessage_ERROR) IP (RCC) : Invalid parameter (LCDTFToutputFreq_Value)
2025-07-24 16:09:39,174 [INFO] ImportTextPane:234 - (OptionalMessage_ERROR) IP (RCC) : Invalid parameter (MCOFreq_Value)
2025-07-24 16:09:39,174 [INFO] ImportTextPane:234 - (OptionalMessage_ERROR) IP (RCC) : Invalid parameter (PLLMCOFreq_Value)
2025-07-24 16:09:39,175 [INFO] ImportTextPane:234 - (OptionalMessage_ERROR) IP (RCC) : Invalid parameter (PLLMUL)
2025-07-24 16:09:39,175 [INFO] ImportTextPane:234 - (OptionalMessage_ERROR) IP (RCC) : Invalid parameter (PRESCALERUSB)
2025-07-24 16:09:39,175 [INFO] ImportTextPane:234 - (OptionalMessage_ERROR) IP (RCC) : Parameter (RNGFreq_Value) has invalid value (108000000)
2025-07-24 16:09:39,175 [INFO] ImportTextPane:234 - (OptionalMessage_ERROR) IP (RCC) : Invalid parameter (RTCHSEDivFreq_Value)
2025-07-24 16:09:39,175 [INFO] ImportTextPane:234 - (OptionalMessage_ERROR) IP (RCC) : Parameter (SDMMC2Freq_Value) has invalid value (216000000)
2025-07-24 16:09:39,175 [INFO] ImportTextPane:234 - (OptionalMessage_ERROR) IP (RCC) : Parameter (SDMMCFreq_Value) has invalid value (216000000)
2025-07-24 16:09:39,176 [INFO] ImportTextPane:234 - (OptionalMessage_ERROR) IP (RCC) : Invalid parameter (SYSCLKSourceVirtual)
2025-07-24 16:09:39,176 [INFO] ImportTextPane:234 - (OptionalMessage_ERROR) IP (RCC) : Invalid parameter (TIM15Freq_Value)
2025-07-24 16:09:39,176 [INFO] ImportTextPane:234 - (OptionalMessage_ERROR) IP (RCC) : Invalid parameter (TIM16Freq_Value)
2025-07-24 16:09:39,176 [INFO] ImportTextPane:234 - (OptionalMessage_ERROR) IP (RCC) : Invalid parameter (TIM17Freq_Value)
2025-07-24 16:09:39,176 [INFO] ImportTextPane:234 - (OptionalMessage_ERROR) IP (RCC) : Invalid parameter (TIM1Freq_Value)
2025-07-24 16:09:39,176 [INFO] ImportTextPane:234 - (OptionalMessage_ERROR) IP (RCC) : Invalid parameter (TIM20Freq_Value)
2025-07-24 16:09:39,176 [INFO] ImportTextPane:234 - (OptionalMessage_ERROR) IP (RCC) : Invalid parameter (TIM2Freq_Value)
2025-07-24 16:09:39,176 [INFO] ImportTextPane:234 - (OptionalMessage_ERROR) IP (RCC) : Invalid parameter (TIM3Freq_Value)
2025-07-24 16:09:39,176 [INFO] ImportTextPane:234 - (OptionalMessage_ERROR) IP (RCC) : Invalid parameter (TIM8Freq_Value)
2025-07-24 16:09:39,176 [INFO] ImportTextPane:234 - (OptionalMessage_ERROR) IP (RCC) : Parameter (USBFreq_Value) has invalid value (108000000)
2025-07-24 16:09:39,176 [INFO] ImportTextPane:234 - (OptionalMessage_ERROR) IP (RCC) : Invalid parameter (VCOOutput2Freq_Value)
2025-07-24 16:09:39,176 [INFO] ImportTextPane:234 - (OptionalMessage_ERROR) IP (RCC) : Invalid parameter (VcooutputI2S)
2025-07-24 16:09:41,097 [INFO] ApiDb:581 - Connected to CubeFinder SQLite database (C:\Users\Chinnapop\.stmcufinder\plugins\mcufinder\mcu\cube-finder-db.db)
2025-07-24 16:09:41,167 [INFO] ApiDb:668 - CubeFinder database Data Model version=2.1
2025-07-24 16:09:41,167 [INFO] ApiDb:669 - CubeFinder database Configuration version=3.0.39
2025-07-24 16:09:41,168 [INFO] ApiDb:670 - CubeFinder database generation date=2025-06-24 (1750757100)
2025-07-24 16:09:41,169 [INFO] ApiDb:671 - CubeFinder database FW Pack versions=[FP-ATR-ASTRA1_V2.0.0, FP-SNS-FLIGHT1_V5.1.0, FP-SNS-MOTENV1_V5.0.0, FP-SNS-MOTENVWB1_V1.4.0, FP-SNS-SMARTAG2_V1.2.0, FP-SNS-STBOX1_V2.0.0, STM32Cube_FW_C0_V1.4.0, STM32Cube_FW_F4_V1.28.2, STM32Cube_FW_F7_V1.17.3, STM32Cube_FW_G0_V1.6.2, STM32Cube_FW_G4_V1.6.1, STM32Cube_FW_H5_V1.5.0, STM32Cube_FW_H7RS_V1.2.0, STM32Cube_FW_H7_V1.12.1, STM32Cube_FW_L0_V1.12.2, STM32Cube_FW_L4_V1.18.1, STM32Cube_FW_L5_V1.5.1, STM32Cube_FW_N6_V1.2.0, STM32Cube_FW_U0_V1.3.0, STM32Cube_FW_U3_V1.2.0, STM32Cube_FW_U5_V1.8.0, STM32Cube_FW_WB0_V1.3.0, STM32Cube_FW_WBA_V1.7.0, STM32Cube_FW_WB_V1.23.0, STM32Cube_FW_WL3_V1.2.0, STM32Cube_FW_WL_V1.3.1, X-CUBE-ALGOBUILD_V1.4.0, X-CUBE-ALS_V1.0.2, X-CUBE-AZRTOS-F4_V1.1.0, X-CUBE-AZRTOS-F7_V1.1.0, X-CUBE-AZRTOS-G0_V1.1.0, X-CUBE-AZRTOS-G4_V2.0.0, X-CUBE-AZRTOS-H7RS_V1.1.0, X-CUBE-AZRTOS-H7_V3.3.0, X-CUBE-AZRTOS-L4_V2.0.0, X-CUBE-AZRTOS-L5_V2.0.0, X-CUBE-AZRTOS-WB_V2.0.0, X-CUBE-AZRTOS-WL_V2.0.0, X-CUBE-BLE1_V7.1.0, X-CUBE-BLE2_V3.3.0, X-CUBE-BLEMGR_V4.0.0, X-CUBE-EEPRMA1_V5.1.0, X-CUBE-FREERTOS_V1.3.1, X-CUBE-GNSS1_V6.0.0, X-CUBE-MEMS1_V11.3.0, X-CUBE-NFC4_V3.0.0, X-CUBE-NFC7_V2.0.0, X-CUBE-SFXS2LP1_V4.0.0, X-CUBE-SUBG2_V5.0.0, X-CUBE-TOF1_V3.4.3]
2025-07-24 16:09:41,237 [INFO] DbBoardsSqlite:226 - include board P-NUCLEO-WB55-NUCLEO as a kit item of type 'Nucleo-64'
2025-07-24 16:09:41,238 [INFO] DbBoardsSqlite:226 - include board P-NUCLEO-WB55-USBDONGLE as a kit item of type 'Nucleo USB Dongle'
2025-07-24 16:09:41,238 [INFO] DbBoardsSqlite:226 - include board STEVAL-IDP005V1 as a kit item of type 'Evaluation Board'
2025-07-24 16:09:41,238 [INFO] DbBoardsSqlite:226 - include board STEVAL-IDP005V2 as a kit item of type 'Evaluation Board'
2025-07-24 16:09:41,299 [INFO] ApiDb:240 - Found 880 in-development CPN: [B-G473E-ZEST1S, B-WB1M-WPAN1, B-WBA5M-WPAN, B-WL5M-SUBG1, NUCLEO-C031C6, NUCLEO-C051C8, NUCLEO-C071RB, NUCLEO-C092RC, NUCLEO-H503RB, NUCLEO-H533RE, NUCLEO-H563ZI, NUCLEO-H7S3L8, NUCLEO-N657X0-Q, NUCLEO-U031R8, NUCLEO-U083RC, NUCLEO-U385RG-Q, NUCLEO-U545RE-Q, NUCLEO-U5A5ZJ-Q, NUCLEO-WB05KZ, NUCLEO-WB07CC, NUCLEO-WB09KE, NUCLEO-WBA52CG, NUCLEO-WBA55CG, NUCLEO-WL33CC1, NUCLEO-WL33CC2, STEVAL-PROTEUS1, STEVAL-SMARTAG2, STEVAL-STWINBX1, STM320518-EVAL, STM32C0116-DK, STM32C011D6Y3TR, STM32C011D6Y6TR, STM32C011F4P3, STM32C011F4P6, STM32C011F4U3, STM32C011F4U6TR, STM32C011F6P3, STM32C011F6P6, STM32C011F6U3, STM32C011F6U6TR, STM32C011J4M3, STM32C011J4M6, STM32C011J6M3, STM32C011J6M6, STM32C0316-DK, STM32C031C4T3, STM32C031C4T6, STM32C031C4U3, STM32C031C4U6, STM32C031C6T3, STM32C031C6T6, STM32C031C6U3, STM32C031C6U6, STM32C031F4P3, STM32C031F4P6, STM32C031F6P3, STM32C031F6P6, STM32C031G4U3, STM32C031G4U6, STM32C031G6U3, STM32C031G6U6, STM32C031K4T3, STM32C031K4T6, STM32C031K4U3, STM32C031K4U6, STM32C031K6T3, STM32C031K6T6, STM32C031K6U3, STM32C031K6U6, STM32C051C6T6, STM32C051C6U6, STM32C051C8T6, STM32C051C8U6, STM32C051D8Y6TR, STM32C051F6P6, STM32C051F8P6, STM32C051G6U6, STM32C051G8U6, STM32C051K6T6, STM32C051K6U6, STM32C051K8T6, STM32C071C8T6, STM32C071C8T6N, STM32C071C8U6, STM32C071C8U6N, STM32C071CBT6, STM32C071CBT6N, STM32C071CBU6, STM32C071CBU6N, STM32C071F8P6, STM32C071F8P6N, STM32C071FBP6, STM32C071FBP6N, STM32C071FBY6TR, STM32C071G8U6, STM32C071G8U6N, STM32C071GBU6, STM32C071GBU6N, STM32C071K8T6, STM32C071K8T6N, STM32C071K8U6, STM32C071K8U6N, STM32C071KBT6, STM32C071KBT6N, STM32C071KBU6, STM32C071KBU6N, STM32C071R8T6, STM32C071R8T6N, STM32C071RBI6N, STM32C071RBT6, STM32C071RBT6N, STM32C091CBT6, STM32C091CBU6, STM32C091CCT6, STM32C091CCU6, STM32C091ECY6TR, STM32C091FBP6, STM32C091FCP6, STM32C091GBU6, STM32C091GCU6, STM32C091KBT6, STM32C091KBU6, STM32C091KCT6, STM32C091KCU6, STM32C091RBT6, STM32C091RCI6, STM32C091RCT6, STM32C092CBT6, STM32C092CBU6, STM32C092CCT6, STM32C092CCU6, STM32C092ECY6TR, STM32C092FBP6, STM32C092FCP6, STM32C092GBU6, STM32C092GCU6, STM32C092KBT6, STM32C092KBU6, STM32C092KCT6, STM32C092KCU6, STM32C092RBT6, STM32C092RCI6, STM32C092RCT6, STM32G071K8TXN, STM32G071K8UXN, STM32G081GBU6N, STM32G081KBT6N, STM32G081KBUXN, STM32G0B1CCT6N, STM32G0B1KCT6, STM32G0B1NEY6TR, STM32G0B1RCT6N, STM32G0C1CCT6, STM32G0C1CCT6N, STM32G0C1CCU6N, STM32G0C1CET6N, STM32G0C1CEU6N, STM32G0C1KCT6, STM32G0C1NEY6TR, STM32G0C1RCI6N, STM32G0C1RCT6N, STM32G0C1REI6N, STM32G0C1RET6N, STM32G0C1VCI6, STM32G0C1VEI6, STM32G411C6T3, STM32G411C6T6, STM32G411C6U3, STM32G411C6U6, STM32G411C8T3, STM32G411C8T6, STM32G411C8U3, STM32G411C8U6, STM32G411CBT3, STM32G411CBT6, STM32G411CBU3, STM32G411CBU6, STM32G411K6T3, STM32G411K6T6, STM32G411K6U3, STM32G411K6U6, STM32G411K8T3, STM32G411K8T6, STM32G411K8U3, STM32G411K8U6, STM32G411KBT3, STM32G411KBT6, STM32G411KBU3, STM32G411KBU6, STM32G411M6T3, STM32G411M6T6, STM32G411M8T3, STM32G411M8T6, STM32G411MBT3, STM32G411MBT6, STM32G411R6T3, STM32G411R6T6, STM32G411R8T3, STM32G411R8T6, STM32G411RBT3, STM32G411RBT6, STM32G414CBT3, STM32G414CBT6, STM32G414CBU3, STM32G414CBU6, STM32G414CCT3, STM32G414CCT6, STM32G414CCU3, STM32G414CCU6, STM32G414MBT3, STM32G414MBT6, STM32G414MCT3, STM32G414MCT6, STM32G414RBT3, STM32G414RBT6, STM32G414RCT3, STM32G414RCT6, STM32G414VBT3, STM32G414VBT6, STM32G414VCT3, STM32G414VCT6, STM32G431CBT3Z, STM32G431RBT3Z, STM32G471CCT6, STM32G471CCU6, STM32G471CET3, STM32G471CET6, STM32G471CEU3, STM32G471CEU6, STM32G471MCT6, STM32G471MET3, STM32G471MET6, STM32G471MEY6TR, STM32G471QCT6, STM32G471QET3, STM32G471RCT6, STM32G471RET3, STM32G471RET6, STM32G471VCH6, STM32G471VCI6, STM32G471VCT6, STM32G471VEH3, STM32G471VEH6, STM32G471VEI3, STM32G471VEI6, STM32G471VET3, STM32G471VET6, STM32G473QET3Z, STM32G473RET3Z, STM32G474CCT6, STM32G491RET3Z, STM32H503CBT6, STM32H503CBU6, STM32H503EBY6TR, STM32H503KBU6, STM32H503RBT6, STM32H523CCT6, STM32H523CCU6, STM32H523CET6, STM32H523CEU6, STM32H523HEY6TR, STM32H523RCT6, STM32H523RET6, STM32H523VCI6, STM32H523VCT6, STM32H523VEI6, STM32H523VET6, STM32H523ZCJ6, STM32H523ZCT6, STM32H523ZEJ6, STM32H523ZET6, STM32H533CET6, STM32H533CEU6, STM32H533HEY6TR, STM32H533RET6, STM32H533VEI6, STM32H533VET6, STM32H533ZEJ6, STM32H533ZET6, STM32H562AGI6, STM32H562AII6, STM32H562IGK6, STM32H562IGT6, STM32H562IIK6, STM32H562IIT6, STM32H562RGT6, STM32H562RGV6, STM32H562RIT6, STM32H562RIV6, STM32H562VGT6, STM32H562VIT6, STM32H562ZGT6, STM32H562ZIT6, STM32H563AGI6, STM32H563AII3Q, STM32H563AII6, STM32H563IGK6, STM32H563IGT6, STM32H563IIK3Q, STM32H563IIK6, STM32H563IIT3Q, STM32H563IIT6, STM32H563MIY3QTR, STM32H563RGT6, STM32H563RGV6, STM32H563RIT6, STM32H563RIV6, STM32H563VGT6, STM32H563VIT3Q, STM32H563VIT6, STM32H563ZGT6, STM32H563ZIT3Q, STM32H563ZIT6, STM32H573AII3Q, STM32H573AII6, STM32H573I-DK, STM32H573IIK3Q, STM32H573IIK6, STM32H573IIT3Q, STM32H573IIT6, STM32H573MIY3QTR, STM32H573RIT6, STM32H573RIV6, STM32H573VIT3Q, STM32H573VIT6, STM32H573ZIT3Q, STM32H573ZIT6, STM32H7R3A8I6, STM32H7R3I8K6, STM32H7R3I8T6, STM32H7R3L8H6, STM32H7R3L8H6H, STM32H7R3R8V6, STM32H7R3V8H6, STM32H7R3V8T6, STM32H7R3V8Y6TR, STM32H7R3Z8J6, STM32H7R3Z8T6, STM32H7R7A8I6, STM32H7R7I8K6, STM32H7R7I8T6, STM32H7R7L8H6, STM32H7R7L8H6H, STM32H7R7Z8J6, STM32H7S3A8I6, STM32H7S3I8K6, STM32H7S3I8T6, STM32H7S3L8H6, STM32H7S3L8H6H, STM32H7S3R8V6, STM32H7S3V8H6, STM32H7S3V8T6, STM32H7S3V8Y6TR, STM32H7S3Z8J6, STM32H7S3Z8T6, STM32H7S78-DK, STM32H7S7A8I6, STM32H7S7I8K6, STM32H7S7I8T6, STM32H7S7L8H6, STM32H7S7L8H6H, STM32H7S7Z8J6, STM32L4R5QGI6STR, STM32MP131AAE3, STM32MP131AAF3, STM32MP131AAG3, STM32MP131CAE3, STM32MP131CAF3, STM32MP131CAG3, STM32MP131DAE7, STM32MP131DAF7, STM32MP131DAG7, STM32MP131FAE7, STM32MP131FAF7, STM32MP131FAG7, STM32MP133AAE3, STM32MP133AAF3, STM32MP133AAG3, STM32MP133CAE3, STM32MP133CAF3, STM32MP133CAG3, STM32MP133DAE7, STM32MP133DAF7, STM32MP133DAG7, STM32MP133FAE7, STM32MP133FAF7, STM32MP133FAG7, STM32MP135AAE3, STM32MP135AAF3, STM32MP135AAG3, STM32MP135CAE3, STM32MP135CAF3, STM32MP135CAG3, STM32MP135DAE7, STM32MP135DAF7, STM32MP135DAG7, STM32MP135F-DK, STM32MP135FAE7, STM32MP135FAF7, STM32MP135FAF7T, STM32MP135FAF7U, STM32MP135FAG7, STM32MP211AAL3, STM32MP211AAM3, STM32MP211AAN3, STM32MP211AAO3, STM32MP211CAL3, STM32MP211CAM3, STM32MP211CAN3, STM32MP211CAO3, STM32MP211DAL3, STM32MP211DAM3, STM32MP211DAN3, STM32MP211DAO3, STM32MP211FAL3, STM32MP211FAM3, STM32MP211FAN3, STM32MP211FAO3, STM32MP213AAL3, STM32MP213AAM3, STM32MP213AAN3, STM32MP213AAO3, STM32MP213CAL3, STM32MP213CAM3, STM32MP213CAN3, STM32MP213CAO3, STM32MP213DAL3, STM32MP213DAM3, STM32MP213DAN3, STM32MP213DAO3, STM32MP213FAL3, STM32MP213FAM3, STM32MP213FAN3, STM32MP213FAO3, STM32MP215AAL3, STM32MP215AAM3, STM32MP215AAN3, STM32MP215AAO3, STM32MP215CAL3, STM32MP215CAM3, STM32MP215CAN3, STM32MP215CAO3, STM32MP215DAL3, STM32MP215DAM3, STM32MP215DAN3, STM32MP215DAO3, STM32MP215F-DK, STM32MP215FAL3, STM32MP215FAM3, STM32MP215FAN3, STM32MP215FAO3, STM32MP231AAJ3, STM32MP231AAK3, STM32MP231AAL3, STM32MP231CAJ3, STM32MP231CAK3, STM32MP231CAL3, STM32MP231DAJ3, STM32MP231DAK3, STM32MP231DAL3, STM32MP231FAJ3, STM32MP231FAK3, STM32MP231FAL3, STM32MP233AAJ3, STM32MP233AAK3, STM32MP233AAL3, STM32MP233CAJ3, STM32MP233CAK3, STM32MP233CAL3, STM32MP233DAJ3, STM32MP233DAK3, STM32MP233DAL3, STM32MP233FAJ3, STM32MP233FAK3, STM32MP233FAL3, STM32MP235AAJ3, STM32MP235AAK3, STM32MP235AAL3, STM32MP235CAJ3, STM32MP235CAK3, STM32MP235CAL3, STM32MP235DAJ3, STM32MP235DAK3, STM32MP235DAL3, STM32MP235FAJ3, STM32MP235FAK3, STM32MP235FAL3, STM32MP251AAI3, STM32MP251AAK3, STM32MP251AAL3, STM32MP251CAI3, STM32MP251CAK3, STM32MP251CAL3, STM32MP251DAI3, STM32MP251DAK3, STM32MP251DAL3, STM32MP251FAI3, STM32MP251FAK3, STM32MP251FAL3, STM32MP253AAI3, STM32MP253AAK3, STM32MP253AAL3, STM32MP253CAI3, STM32MP253CAK3, STM32MP253CAL3, STM32MP253DAI3, STM32MP253DAK3, STM32MP253DAL3, STM32MP253FAI3, STM32MP253FAK3, STM32MP253FAL3, STM32MP255AAI3, STM32MP255AAK3, STM32MP255AAL3, STM32MP255CAI3, STM32MP255CAK3, STM32MP255CAL3, STM32MP255DAI3, STM32MP255DAK3, STM32MP255DAL3, STM32MP255FAI3, STM32MP255FAK3, STM32MP255FAL3, STM32MP257AAI3, STM32MP257AAK3, STM32MP257AAL3, STM32MP257CAI3, STM32MP257CAK3, STM32MP257CAL3, STM32MP257DAI3, STM32MP257DAK3, STM32MP257DAL3, STM32MP257F-DK, STM32MP257F-EV1, STM32MP257FAI3, STM32MP257FAK3, STM32MP257FAL3, STM32N645A0H3Q, STM32N645B0H3Q, STM32N645I0H3Q, STM32N645L0H3Q, STM32N645X0H3Q, STM32N645Z0H3Q, STM32N647A0H3Q, STM32N647B0H3Q, STM32N647I0H3Q, STM32N647L0H3Q, STM32N647X0H3Q, STM32N647Z0H3Q, STM32N655A0H3Q, STM32N655B0H3Q, STM32N655I0H3Q, STM32N655L0H3Q, STM32N655X0H3Q, STM32N655Z0H3Q, STM32N6570-DK, STM32N657A0H3Q, STM32N657B0H3Q, STM32N657I0H3Q, STM32N657L0H3Q, STM32N657X0H3Q, STM32N657Z0H3Q, STM32U031C6T6, STM32U031C6U6, STM32U031C8T6, STM32U031C8U6, STM32U031F4P6, STM32U031F6P6, STM32U031F8P6, STM32U031G6Y6TR, STM32U031G8Y6TR, STM32U031K4U6, STM32U031K6U6, STM32U031K8U6, STM32U031R6I6, STM32U031R6T6, STM32U031R8I6, STM32U031R8T6, STM32U073C8T6, STM32U073C8U6, STM32U073CBT6, STM32U073CBU6, STM32U073CCT6, STM32U073CCU6, STM32U073H8Y6TR, STM32U073HBY6TR, STM32U073HCY6TR, STM32U073K8U6, STM32U073KBU6, STM32U073KCU6, STM32U073M8I6, STM32U073M8T6, STM32U073MBI6, STM32U073MBT6, STM32U073MCI6, STM32U073MCT6, STM32U073R8I6, STM32U073R8T6, STM32U073RBI6, STM32U073RBT6, STM32U073RCI6, STM32U073RCT6, STM32U083C-DK, STM32U083CCT6, STM32U083CCU6, STM32U083HCY6TR, STM32U083KCU6, STM32U083MCI6, STM32U083MCT6, STM32U083RCI6, STM32U083RCT6, STM32U375CET6, STM32U375CET6Q, STM32U375CEU6, STM32U375CEU6Q, STM32U375CEY6QTR, STM32U375CGT6, STM32U375CGT6Q, STM32U375CGU6, STM32U375CGU6Q, STM32U375CGY6QTR, STM32U375KEU6, STM32U375KGU6, STM32U375REI6, STM32U375REI6Q, STM32U375RET6, STM32U375RET6Q, STM32U375REY6GTR, STM32U375REY6QTR, STM32U375RGI6, STM32U375RGI6Q, STM32U375RGT6, STM32U375RGT6Q, STM32U375RGY6GTR, STM32U375RGY6QTR, STM32U375VEI6, STM32U375VEI6Q, STM32U375VET6, STM32U375VET6Q, STM32U375VGI6, STM32U375VGI6Q, STM32U375VGT6, STM32U375VGT6Q, STM32U385CGT6, STM32U385CGT6Q, STM32U385CGU6, STM32U385CGU6Q, STM32U385CGY6QTR, STM32U385KGU6, STM32U385RGI6, STM32U385RGI6Q, STM32U385RGT6, STM32U385RGT6Q, STM32U385RGY6GTR, STM32U385RGY6QTR, STM32U385VGI6, STM32U385VGI6Q, STM32U385VGT6, STM32U385VGT6Q, STM32U535CBT6, STM32U535CBT6Q, STM32U535CBU6, STM32U535CBU6Q, STM32U535CCT6, STM32U535CCT6Q, STM32U535CCU6, STM32U535CCU6Q, STM32U535CET6, STM32U535CET6Q, STM32U535CEU6, STM32U535CEU6Q, STM32U535JEY6QTR, STM32U535NCY6QTR, STM32U535NEY6QTR, STM32U535RBI6, STM32U535RBI6Q, STM32U535RBT6, STM32U535RBT6Q, STM32U535RCI6, STM32U535RCI6Q, STM32U535RCT6, STM32U535RCT6Q, STM32U535REI6, STM32U535REI6Q, STM32U535RET6, STM32U535RET6Q, STM32U535VCI6, STM32U535VCI6Q, STM32U535VCT6, STM32U535VCT6Q, STM32U535VEI6, STM32U535VEI6Q, STM32U535VET6, STM32U535VET6Q, STM32U545CET6, STM32U545CET6Q, STM32U545CEU6, STM32U545CEU6Q, STM32U545JEY6QTR, STM32U545NEY6QTR, STM32U545REI6, STM32U545REI6Q, STM32U545RET6, STM32U545RET6Q, STM32U545VEI6, STM32U545VEI6Q, STM32U545VET6, STM32U545VET6Q, STM32U595AIH6, STM32U595AIH6Q, STM32U595AJH6, STM32U595AJH6Q, STM32U595QII6, STM32U595QII6Q, STM32U595QJI6, STM32U595QJI6Q, STM32U595RIT6, STM32U595RIT6Q, STM32U595RJT6, STM32U595RJT6Q, STM32U595VIT6, STM32U595VIT6Q, STM32U595VJT6, STM32U595VJT6Q, STM32U595ZIT6, STM32U595ZIT6Q, STM32U595ZIY6QTR, STM32U595ZJT6, STM32U595ZJT6Q, STM32U595ZJY6QTR, STM32U599BJY6QTR, STM32U599NIH6Q, STM32U599NJH6Q, STM32U599VIT6Q, STM32U599VJT6, STM32U599VJT6Q, STM32U599ZIT6Q, STM32U599ZIY6QTR, STM32U599ZJT6Q, STM32U599ZJY6QTR, STM32U5A5AJH6, STM32U5A5AJH6Q, STM32U5A5QII3Q , STM32U5A5QJI6, STM32U5A5QJI6Q, STM32U5A5RJT6, STM32U5A5RJT6Q, STM32U5A5VJT6, STM32U5A5VJT6Q, STM32U5A5ZJT6, STM32U5A5ZJT6Q, STM32U5A5ZJY6QTR, STM32U5A9BJY6QTR, STM32U5A9J-DK, STM32U5A9NJH6Q, STM32U5A9VJT6Q, STM32U5A9ZJT6Q, STM32U5A9ZJY6QTR, STM32U5F7VIT6, STM32U5F7VIT6Q, STM32U5F7VJT6, STM32U5F7VJT6Q, STM32U5F9BJY6QTR, STM32U5F9NJH6Q, STM32U5F9VIT6Q, STM32U5F9VJT6Q, STM32U5F9ZIJ6QTR, STM32U5F9ZIT6Q, STM32U5F9ZJJ6QTR, STM32U5F9ZJT6Q, STM32U5G7VJT6, STM32U5G7VJT6Q, STM32U5G9BJY6QTR, STM32U5G9J-DK1, STM32U5G9J-DK2, STM32U5G9NJH6Q, STM32U5G9VJT6Q, STM32U5G9ZJJ6QTR, STM32U5G9ZJT6Q, STM32WB05KZV6TR, STM32WB05KZV7TR, STM32WB05TZF6TR, STM32WB05TZF7TR, STM32WB06CCF6TR, STM32WB06CCF7TR, STM32WB06CCV6TR, STM32WB06CCV7TR, STM32WB06KCV6TR, STM32WB06KCV7TR, STM32WB07CCF6TR, STM32WB07CCF7TR, STM32WB07CCV6TR, STM32WB07CCV7TR, STM32WB07KCV6TR, STM32WB07KCV7TR, STM32WB09KEV6TR, STM32WB09KEV7TR, STM32WB09TEF6TR, STM32WB09TEF7TR, STM32WB1MMCH6, STM32WBA50KGU6, STM32WBA50KGU6TR, STM32WBA52CEU6, STM32WBA52CEU6TR, STM32WBA52CEU7, STM32WBA52CEU7TR, STM32WBA52CGU6, STM32WBA52CGU6TR, STM32WBA52CGU6U, STM32WBA52CGU7, STM32WBA52CGU7TR, STM32WBA52KEU6, STM32WBA52KEU6TR, STM32WBA52KGU6, STM32WBA52KGU6TR, STM32WBA54CEU6, STM32WBA54CEU6TR, STM32WBA54CEU7, STM32WBA54CEU7TR, STM32WBA54CGU6, STM32WBA54CGU6TR, STM32WBA54CGU7, STM32WBA54CGU7TR, STM32WBA54KEU6, STM32WBA54KEU6TR, STM32WBA54KEU7, STM32WBA54KEU7TR, STM32WBA54KGU6, STM32WBA54KGU6TR, STM32WBA54KGU7, STM32WBA54KGU7TR, STM32WBA55CEU6, STM32WBA55CEU6TR, STM32WBA55CEU7, STM32WBA55CEU7TR, STM32WBA55CGU6, STM32WBA55CGU6TR, STM32WBA55CGU6U, STM32WBA55CGU7, STM32WBA55CGU7TR, STM32WBA55G-DK1, STM32WBA55HEF6, STM32WBA55HEF7, STM32WBA55HGF6, STM32WBA55HGF7, STM32WBA55UEI6, STM32WBA55UEI6TR, STM32WBA55UEI7, STM32WBA55UEI7TR, STM32WBA55UGI6, STM32WBA55UGI6TR, STM32WBA55UGI7, STM32WBA55UGI7TR, STM32WBA5MMGH6TR, STM32WBA62MGF6, STM32WBA62MIF6, STM32WBA65MGF7, STM32WBA65MIF6, STM32WBA65MIF7, STM32WL30K8V6, STM32WL30KBV6, STM32WL31C8V6, STM32WL31CBV6, STM32WL31K8V6, STM32WL31KBV6, STM32WL33C8V6, STM32WL33C8V6X, STM32WL33CBV6, STM32WL33CBV6X, STM32WL33CCV6, STM32WL33CCV6A, STM32WL33CCV6X, STM32WL33K8V7, STM32WL33K8V7X, STM32WL33KBV7 , STM32WL33KBV7X, STM32WL33KCV7, STM32WL33KCV7X, STM32WL5MOCH6, STM32WL5MOCH6TR]
2025-07-24 16:09:41,637 [INFO] BoardInfo:889 - No configuration file found for board P-NUCLEO-WB55
2025-07-24 16:09:41,638 [INFO] DbBoards:161 - Kit is not supported: P-NUCLEO-WB55
2025-07-24 16:09:41,647 [INFO] BoardInfo:889 - No configuration file found for board STEVAL-BFA001V1B
2025-07-24 16:09:41,649 [INFO] DbBoards:161 - Kit is not supported: STEVAL-BFA001V1B
2025-07-24 16:09:41,650 [INFO] BoardInfo:889 - No configuration file found for board STEVAL-BFA001V2B
2025-07-24 16:09:41,651 [INFO] DbBoards:161 - Kit is not supported: STEVAL-BFA001V2B
2025-07-24 16:09:41,923 [INFO] DbBoards:168 - Found 212 boards, 209 are supported
2025-07-24 16:09:41,923 [INFO] DbBoards:169 - Found 212 boards, 43 of them is supported for  Bsp
2025-07-24 16:09:41,932 [INFO] ApiDb:668 - CubeFinder database Data Model version=2.1
2025-07-24 16:09:41,932 [INFO] ApiDb:669 - CubeFinder database Configuration version=3.0.39
2025-07-24 16:09:41,932 [INFO] ApiDb:670 - CubeFinder database generation date=2025-06-24 (1750757100)
2025-07-24 16:09:41,934 [INFO] ApiDb:671 - CubeFinder database FW Pack versions=[FP-ATR-ASTRA1_V2.0.0, FP-SNS-FLIGHT1_V5.1.0, FP-SNS-MOTENV1_V5.0.0, FP-SNS-MOTENVWB1_V1.4.0, FP-SNS-SMARTAG2_V1.2.0, FP-SNS-STBOX1_V2.0.0, STM32Cube_FW_C0_V1.4.0, STM32Cube_FW_F4_V1.28.2, STM32Cube_FW_F7_V1.17.3, STM32Cube_FW_G0_V1.6.2, STM32Cube_FW_G4_V1.6.1, STM32Cube_FW_H5_V1.5.0, STM32Cube_FW_H7RS_V1.2.0, STM32Cube_FW_H7_V1.12.1, STM32Cube_FW_L0_V1.12.2, STM32Cube_FW_L4_V1.18.1, STM32Cube_FW_L5_V1.5.1, STM32Cube_FW_N6_V1.2.0, STM32Cube_FW_U0_V1.3.0, STM32Cube_FW_U3_V1.2.0, STM32Cube_FW_U5_V1.8.0, STM32Cube_FW_WB0_V1.3.0, STM32Cube_FW_WBA_V1.7.0, STM32Cube_FW_WB_V1.23.0, STM32Cube_FW_WL3_V1.2.0, STM32Cube_FW_WL_V1.3.1, X-CUBE-ALGOBUILD_V1.4.0, X-CUBE-ALS_V1.0.2, X-CUBE-AZRTOS-F4_V1.1.0, X-CUBE-AZRTOS-F7_V1.1.0, X-CUBE-AZRTOS-G0_V1.1.0, X-CUBE-AZRTOS-G4_V2.0.0, X-CUBE-AZRTOS-H7RS_V1.1.0, X-CUBE-AZRTOS-H7_V3.3.0, X-CUBE-AZRTOS-L4_V2.0.0, X-CUBE-AZRTOS-L5_V2.0.0, X-CUBE-AZRTOS-WB_V2.0.0, X-CUBE-AZRTOS-WL_V2.0.0, X-CUBE-BLE1_V7.1.0, X-CUBE-BLE2_V3.3.0, X-CUBE-BLEMGR_V4.0.0, X-CUBE-EEPRMA1_V5.1.0, X-CUBE-FREERTOS_V1.3.1, X-CUBE-GNSS1_V6.0.0, X-CUBE-MEMS1_V11.3.0, X-CUBE-NFC4_V3.0.0, X-CUBE-NFC7_V2.0.0, X-CUBE-SFXS2LP1_V4.0.0, X-CUBE-SUBG2_V5.0.0, X-CUBE-TOF1_V3.4.3]
2025-07-24 16:09:44,551 [INFO] ApiDb:240 - Found 880 in-development CPN: [B-G473E-ZEST1S, B-WB1M-WPAN1, B-WBA5M-WPAN, B-WL5M-SUBG1, NUCLEO-C031C6, NUCLEO-C051C8, NUCLEO-C071RB, NUCLEO-C092RC, NUCLEO-H503RB, NUCLEO-H533RE, NUCLEO-H563ZI, NUCLEO-H7S3L8, NUCLEO-N657X0-Q, NUCLEO-U031R8, NUCLEO-U083RC, NUCLEO-U385RG-Q, NUCLEO-U545RE-Q, NUCLEO-U5A5ZJ-Q, NUCLEO-WB05KZ, NUCLEO-WB07CC, NUCLEO-WB09KE, NUCLEO-WBA52CG, NUCLEO-WBA55CG, NUCLEO-WL33CC1, NUCLEO-WL33CC2, STEVAL-PROTEUS1, STEVAL-SMARTAG2, STEVAL-STWINBX1, STM320518-EVAL, STM32C0116-DK, STM32C011D6Y3TR, STM32C011D6Y6TR, STM32C011F4P3, STM32C011F4P6, STM32C011F4U3, STM32C011F4U6TR, STM32C011F6P3, STM32C011F6P6, STM32C011F6U3, STM32C011F6U6TR, STM32C011J4M3, STM32C011J4M6, STM32C011J6M3, STM32C011J6M6, STM32C0316-DK, STM32C031C4T3, STM32C031C4T6, STM32C031C4U3, STM32C031C4U6, STM32C031C6T3, STM32C031C6T6, STM32C031C6U3, STM32C031C6U6, STM32C031F4P3, STM32C031F4P6, STM32C031F6P3, STM32C031F6P6, STM32C031G4U3, STM32C031G4U6, STM32C031G6U3, STM32C031G6U6, STM32C031K4T3, STM32C031K4T6, STM32C031K4U3, STM32C031K4U6, STM32C031K6T3, STM32C031K6T6, STM32C031K6U3, STM32C031K6U6, STM32C051C6T6, STM32C051C6U6, STM32C051C8T6, STM32C051C8U6, STM32C051D8Y6TR, STM32C051F6P6, STM32C051F8P6, STM32C051G6U6, STM32C051G8U6, STM32C051K6T6, STM32C051K6U6, STM32C051K8T6, STM32C071C8T6, STM32C071C8T6N, STM32C071C8U6, STM32C071C8U6N, STM32C071CBT6, STM32C071CBT6N, STM32C071CBU6, STM32C071CBU6N, STM32C071F8P6, STM32C071F8P6N, STM32C071FBP6, STM32C071FBP6N, STM32C071FBY6TR, STM32C071G8U6, STM32C071G8U6N, STM32C071GBU6, STM32C071GBU6N, STM32C071K8T6, STM32C071K8T6N, STM32C071K8U6, STM32C071K8U6N, STM32C071KBT6, STM32C071KBT6N, STM32C071KBU6, STM32C071KBU6N, STM32C071R8T6, STM32C071R8T6N, STM32C071RBI6N, STM32C071RBT6, STM32C071RBT6N, STM32C091CBT6, STM32C091CBU6, STM32C091CCT6, STM32C091CCU6, STM32C091ECY6TR, STM32C091FBP6, STM32C091FCP6, STM32C091GBU6, STM32C091GCU6, STM32C091KBT6, STM32C091KBU6, STM32C091KCT6, STM32C091KCU6, STM32C091RBT6, STM32C091RCI6, STM32C091RCT6, STM32C092CBT6, STM32C092CBU6, STM32C092CCT6, STM32C092CCU6, STM32C092ECY6TR, STM32C092FBP6, STM32C092FCP6, STM32C092GBU6, STM32C092GCU6, STM32C092KBT6, STM32C092KBU6, STM32C092KCT6, STM32C092KCU6, STM32C092RBT6, STM32C092RCI6, STM32C092RCT6, STM32G071K8TXN, STM32G071K8UXN, STM32G081GBU6N, STM32G081KBT6N, STM32G081KBUXN, STM32G0B1CCT6N, STM32G0B1KCT6, STM32G0B1NEY6TR, STM32G0B1RCT6N, STM32G0C1CCT6, STM32G0C1CCT6N, STM32G0C1CCU6N, STM32G0C1CET6N, STM32G0C1CEU6N, STM32G0C1KCT6, STM32G0C1NEY6TR, STM32G0C1RCI6N, STM32G0C1RCT6N, STM32G0C1REI6N, STM32G0C1RET6N, STM32G0C1VCI6, STM32G0C1VEI6, STM32G411C6T3, STM32G411C6T6, STM32G411C6U3, STM32G411C6U6, STM32G411C8T3, STM32G411C8T6, STM32G411C8U3, STM32G411C8U6, STM32G411CBT3, STM32G411CBT6, STM32G411CBU3, STM32G411CBU6, STM32G411K6T3, STM32G411K6T6, STM32G411K6U3, STM32G411K6U6, STM32G411K8T3, STM32G411K8T6, STM32G411K8U3, STM32G411K8U6, STM32G411KBT3, STM32G411KBT6, STM32G411KBU3, STM32G411KBU6, STM32G411M6T3, STM32G411M6T6, STM32G411M8T3, STM32G411M8T6, STM32G411MBT3, STM32G411MBT6, STM32G411R6T3, STM32G411R6T6, STM32G411R8T3, STM32G411R8T6, STM32G411RBT3, STM32G411RBT6, STM32G414CBT3, STM32G414CBT6, STM32G414CBU3, STM32G414CBU6, STM32G414CCT3, STM32G414CCT6, STM32G414CCU3, STM32G414CCU6, STM32G414MBT3, STM32G414MBT6, STM32G414MCT3, STM32G414MCT6, STM32G414RBT3, STM32G414RBT6, STM32G414RCT3, STM32G414RCT6, STM32G414VBT3, STM32G414VBT6, STM32G414VCT3, STM32G414VCT6, STM32G431CBT3Z, STM32G431RBT3Z, STM32G471CCT6, STM32G471CCU6, STM32G471CET3, STM32G471CET6, STM32G471CEU3, STM32G471CEU6, STM32G471MCT6, STM32G471MET3, STM32G471MET6, STM32G471MEY6TR, STM32G471QCT6, STM32G471QET3, STM32G471RCT6, STM32G471RET3, STM32G471RET6, STM32G471VCH6, STM32G471VCI6, STM32G471VCT6, STM32G471VEH3, STM32G471VEH6, STM32G471VEI3, STM32G471VEI6, STM32G471VET3, STM32G471VET6, STM32G473QET3Z, STM32G473RET3Z, STM32G474CCT6, STM32G491RET3Z, STM32H503CBT6, STM32H503CBU6, STM32H503EBY6TR, STM32H503KBU6, STM32H503RBT6, STM32H523CCT6, STM32H523CCU6, STM32H523CET6, STM32H523CEU6, STM32H523HEY6TR, STM32H523RCT6, STM32H523RET6, STM32H523VCI6, STM32H523VCT6, STM32H523VEI6, STM32H523VET6, STM32H523ZCJ6, STM32H523ZCT6, STM32H523ZEJ6, STM32H523ZET6, STM32H533CET6, STM32H533CEU6, STM32H533HEY6TR, STM32H533RET6, STM32H533VEI6, STM32H533VET6, STM32H533ZEJ6, STM32H533ZET6, STM32H562AGI6, STM32H562AII6, STM32H562IGK6, STM32H562IGT6, STM32H562IIK6, STM32H562IIT6, STM32H562RGT6, STM32H562RGV6, STM32H562RIT6, STM32H562RIV6, STM32H562VGT6, STM32H562VIT6, STM32H562ZGT6, STM32H562ZIT6, STM32H563AGI6, STM32H563AII3Q, STM32H563AII6, STM32H563IGK6, STM32H563IGT6, STM32H563IIK3Q, STM32H563IIK6, STM32H563IIT3Q, STM32H563IIT6, STM32H563MIY3QTR, STM32H563RGT6, STM32H563RGV6, STM32H563RIT6, STM32H563RIV6, STM32H563VGT6, STM32H563VIT3Q, STM32H563VIT6, STM32H563ZGT6, STM32H563ZIT3Q, STM32H563ZIT6, STM32H573AII3Q, STM32H573AII6, STM32H573I-DK, STM32H573IIK3Q, STM32H573IIK6, STM32H573IIT3Q, STM32H573IIT6, STM32H573MIY3QTR, STM32H573RIT6, STM32H573RIV6, STM32H573VIT3Q, STM32H573VIT6, STM32H573ZIT3Q, STM32H573ZIT6, STM32H7R3A8I6, STM32H7R3I8K6, STM32H7R3I8T6, STM32H7R3L8H6, STM32H7R3L8H6H, STM32H7R3R8V6, STM32H7R3V8H6, STM32H7R3V8T6, STM32H7R3V8Y6TR, STM32H7R3Z8J6, STM32H7R3Z8T6, STM32H7R7A8I6, STM32H7R7I8K6, STM32H7R7I8T6, STM32H7R7L8H6, STM32H7R7L8H6H, STM32H7R7Z8J6, STM32H7S3A8I6, STM32H7S3I8K6, STM32H7S3I8T6, STM32H7S3L8H6, STM32H7S3L8H6H, STM32H7S3R8V6, STM32H7S3V8H6, STM32H7S3V8T6, STM32H7S3V8Y6TR, STM32H7S3Z8J6, STM32H7S3Z8T6, STM32H7S78-DK, STM32H7S7A8I6, STM32H7S7I8K6, STM32H7S7I8T6, STM32H7S7L8H6, STM32H7S7L8H6H, STM32H7S7Z8J6, STM32L4R5QGI6STR, STM32MP131AAE3, STM32MP131AAF3, STM32MP131AAG3, STM32MP131CAE3, STM32MP131CAF3, STM32MP131CAG3, STM32MP131DAE7, STM32MP131DAF7, STM32MP131DAG7, STM32MP131FAE7, STM32MP131FAF7, STM32MP131FAG7, STM32MP133AAE3, STM32MP133AAF3, STM32MP133AAG3, STM32MP133CAE3, STM32MP133CAF3, STM32MP133CAG3, STM32MP133DAE7, STM32MP133DAF7, STM32MP133DAG7, STM32MP133FAE7, STM32MP133FAF7, STM32MP133FAG7, STM32MP135AAE3, STM32MP135AAF3, STM32MP135AAG3, STM32MP135CAE3, STM32MP135CAF3, STM32MP135CAG3, STM32MP135DAE7, STM32MP135DAF7, STM32MP135DAG7, STM32MP135F-DK, STM32MP135FAE7, STM32MP135FAF7, STM32MP135FAF7T, STM32MP135FAF7U, STM32MP135FAG7, STM32MP211AAL3, STM32MP211AAM3, STM32MP211AAN3, STM32MP211AAO3, STM32MP211CAL3, STM32MP211CAM3, STM32MP211CAN3, STM32MP211CAO3, STM32MP211DAL3, STM32MP211DAM3, STM32MP211DAN3, STM32MP211DAO3, STM32MP211FAL3, STM32MP211FAM3, STM32MP211FAN3, STM32MP211FAO3, STM32MP213AAL3, STM32MP213AAM3, STM32MP213AAN3, STM32MP213AAO3, STM32MP213CAL3, STM32MP213CAM3, STM32MP213CAN3, STM32MP213CAO3, STM32MP213DAL3, STM32MP213DAM3, STM32MP213DAN3, STM32MP213DAO3, STM32MP213FAL3, STM32MP213FAM3, STM32MP213FAN3, STM32MP213FAO3, STM32MP215AAL3, STM32MP215AAM3, STM32MP215AAN3, STM32MP215AAO3, STM32MP215CAL3, STM32MP215CAM3, STM32MP215CAN3, STM32MP215CAO3, STM32MP215DAL3, STM32MP215DAM3, STM32MP215DAN3, STM32MP215DAO3, STM32MP215F-DK, STM32MP215FAL3, STM32MP215FAM3, STM32MP215FAN3, STM32MP215FAO3, STM32MP231AAJ3, STM32MP231AAK3, STM32MP231AAL3, STM32MP231CAJ3, STM32MP231CAK3, STM32MP231CAL3, STM32MP231DAJ3, STM32MP231DAK3, STM32MP231DAL3, STM32MP231FAJ3, STM32MP231FAK3, STM32MP231FAL3, STM32MP233AAJ3, STM32MP233AAK3, STM32MP233AAL3, STM32MP233CAJ3, STM32MP233CAK3, STM32MP233CAL3, STM32MP233DAJ3, STM32MP233DAK3, STM32MP233DAL3, STM32MP233FAJ3, STM32MP233FAK3, STM32MP233FAL3, STM32MP235AAJ3, STM32MP235AAK3, STM32MP235AAL3, STM32MP235CAJ3, STM32MP235CAK3, STM32MP235CAL3, STM32MP235DAJ3, STM32MP235DAK3, STM32MP235DAL3, STM32MP235FAJ3, STM32MP235FAK3, STM32MP235FAL3, STM32MP251AAI3, STM32MP251AAK3, STM32MP251AAL3, STM32MP251CAI3, STM32MP251CAK3, STM32MP251CAL3, STM32MP251DAI3, STM32MP251DAK3, STM32MP251DAL3, STM32MP251FAI3, STM32MP251FAK3, STM32MP251FAL3, STM32MP253AAI3, STM32MP253AAK3, STM32MP253AAL3, STM32MP253CAI3, STM32MP253CAK3, STM32MP253CAL3, STM32MP253DAI3, STM32MP253DAK3, STM32MP253DAL3, STM32MP253FAI3, STM32MP253FAK3, STM32MP253FAL3, STM32MP255AAI3, STM32MP255AAK3, STM32MP255AAL3, STM32MP255CAI3, STM32MP255CAK3, STM32MP255CAL3, STM32MP255DAI3, STM32MP255DAK3, STM32MP255DAL3, STM32MP255FAI3, STM32MP255FAK3, STM32MP255FAL3, STM32MP257AAI3, STM32MP257AAK3, STM32MP257AAL3, STM32MP257CAI3, STM32MP257CAK3, STM32MP257CAL3, STM32MP257DAI3, STM32MP257DAK3, STM32MP257DAL3, STM32MP257F-DK, STM32MP257F-EV1, STM32MP257FAI3, STM32MP257FAK3, STM32MP257FAL3, STM32N645A0H3Q, STM32N645B0H3Q, STM32N645I0H3Q, STM32N645L0H3Q, STM32N645X0H3Q, STM32N645Z0H3Q, STM32N647A0H3Q, STM32N647B0H3Q, STM32N647I0H3Q, STM32N647L0H3Q, STM32N647X0H3Q, STM32N647Z0H3Q, STM32N655A0H3Q, STM32N655B0H3Q, STM32N655I0H3Q, STM32N655L0H3Q, STM32N655X0H3Q, STM32N655Z0H3Q, STM32N6570-DK, STM32N657A0H3Q, STM32N657B0H3Q, STM32N657I0H3Q, STM32N657L0H3Q, STM32N657X0H3Q, STM32N657Z0H3Q, STM32U031C6T6, STM32U031C6U6, STM32U031C8T6, STM32U031C8U6, STM32U031F4P6, STM32U031F6P6, STM32U031F8P6, STM32U031G6Y6TR, STM32U031G8Y6TR, STM32U031K4U6, STM32U031K6U6, STM32U031K8U6, STM32U031R6I6, STM32U031R6T6, STM32U031R8I6, STM32U031R8T6, STM32U073C8T6, STM32U073C8U6, STM32U073CBT6, STM32U073CBU6, STM32U073CCT6, STM32U073CCU6, STM32U073H8Y6TR, STM32U073HBY6TR, STM32U073HCY6TR, STM32U073K8U6, STM32U073KBU6, STM32U073KCU6, STM32U073M8I6, STM32U073M8T6, STM32U073MBI6, STM32U073MBT6, STM32U073MCI6, STM32U073MCT6, STM32U073R8I6, STM32U073R8T6, STM32U073RBI6, STM32U073RBT6, STM32U073RCI6, STM32U073RCT6, STM32U083C-DK, STM32U083CCT6, STM32U083CCU6, STM32U083HCY6TR, STM32U083KCU6, STM32U083MCI6, STM32U083MCT6, STM32U083RCI6, STM32U083RCT6, STM32U375CET6, STM32U375CET6Q, STM32U375CEU6, STM32U375CEU6Q, STM32U375CEY6QTR, STM32U375CGT6, STM32U375CGT6Q, STM32U375CGU6, STM32U375CGU6Q, STM32U375CGY6QTR, STM32U375KEU6, STM32U375KGU6, STM32U375REI6, STM32U375REI6Q, STM32U375RET6, STM32U375RET6Q, STM32U375REY6GTR, STM32U375REY6QTR, STM32U375RGI6, STM32U375RGI6Q, STM32U375RGT6, STM32U375RGT6Q, STM32U375RGY6GTR, STM32U375RGY6QTR, STM32U375VEI6, STM32U375VEI6Q, STM32U375VET6, STM32U375VET6Q, STM32U375VGI6, STM32U375VGI6Q, STM32U375VGT6, STM32U375VGT6Q, STM32U385CGT6, STM32U385CGT6Q, STM32U385CGU6, STM32U385CGU6Q, STM32U385CGY6QTR, STM32U385KGU6, STM32U385RGI6, STM32U385RGI6Q, STM32U385RGT6, STM32U385RGT6Q, STM32U385RGY6GTR, STM32U385RGY6QTR, STM32U385VGI6, STM32U385VGI6Q, STM32U385VGT6, STM32U385VGT6Q, STM32U535CBT6, STM32U535CBT6Q, STM32U535CBU6, STM32U535CBU6Q, STM32U535CCT6, STM32U535CCT6Q, STM32U535CCU6, STM32U535CCU6Q, STM32U535CET6, STM32U535CET6Q, STM32U535CEU6, STM32U535CEU6Q, STM32U535JEY6QTR, STM32U535NCY6QTR, STM32U535NEY6QTR, STM32U535RBI6, STM32U535RBI6Q, STM32U535RBT6, STM32U535RBT6Q, STM32U535RCI6, STM32U535RCI6Q, STM32U535RCT6, STM32U535RCT6Q, STM32U535REI6, STM32U535REI6Q, STM32U535RET6, STM32U535RET6Q, STM32U535VCI6, STM32U535VCI6Q, STM32U535VCT6, STM32U535VCT6Q, STM32U535VEI6, STM32U535VEI6Q, STM32U535VET6, STM32U535VET6Q, STM32U545CET6, STM32U545CET6Q, STM32U545CEU6, STM32U545CEU6Q, STM32U545JEY6QTR, STM32U545NEY6QTR, STM32U545REI6, STM32U545REI6Q, STM32U545RET6, STM32U545RET6Q, STM32U545VEI6, STM32U545VEI6Q, STM32U545VET6, STM32U545VET6Q, STM32U595AIH6, STM32U595AIH6Q, STM32U595AJH6, STM32U595AJH6Q, STM32U595QII6, STM32U595QII6Q, STM32U595QJI6, STM32U595QJI6Q, STM32U595RIT6, STM32U595RIT6Q, STM32U595RJT6, STM32U595RJT6Q, STM32U595VIT6, STM32U595VIT6Q, STM32U595VJT6, STM32U595VJT6Q, STM32U595ZIT6, STM32U595ZIT6Q, STM32U595ZIY6QTR, STM32U595ZJT6, STM32U595ZJT6Q, STM32U595ZJY6QTR, STM32U599BJY6QTR, STM32U599NIH6Q, STM32U599NJH6Q, STM32U599VIT6Q, STM32U599VJT6, STM32U599VJT6Q, STM32U599ZIT6Q, STM32U599ZIY6QTR, STM32U599ZJT6Q, STM32U599ZJY6QTR, STM32U5A5AJH6, STM32U5A5AJH6Q, STM32U5A5QII3Q , STM32U5A5QJI6, STM32U5A5QJI6Q, STM32U5A5RJT6, STM32U5A5RJT6Q, STM32U5A5VJT6, STM32U5A5VJT6Q, STM32U5A5ZJT6, STM32U5A5ZJT6Q, STM32U5A5ZJY6QTR, STM32U5A9BJY6QTR, STM32U5A9J-DK, STM32U5A9NJH6Q, STM32U5A9VJT6Q, STM32U5A9ZJT6Q, STM32U5A9ZJY6QTR, STM32U5F7VIT6, STM32U5F7VIT6Q, STM32U5F7VJT6, STM32U5F7VJT6Q, STM32U5F9BJY6QTR, STM32U5F9NJH6Q, STM32U5F9VIT6Q, STM32U5F9VJT6Q, STM32U5F9ZIJ6QTR, STM32U5F9ZIT6Q, STM32U5F9ZJJ6QTR, STM32U5F9ZJT6Q, STM32U5G7VJT6, STM32U5G7VJT6Q, STM32U5G9BJY6QTR, STM32U5G9J-DK1, STM32U5G9J-DK2, STM32U5G9NJH6Q, STM32U5G9VJT6Q, STM32U5G9ZJJ6QTR, STM32U5G9ZJT6Q, STM32WB05KZV6TR, STM32WB05KZV7TR, STM32WB05TZF6TR, STM32WB05TZF7TR, STM32WB06CCF6TR, STM32WB06CCF7TR, STM32WB06CCV6TR, STM32WB06CCV7TR, STM32WB06KCV6TR, STM32WB06KCV7TR, STM32WB07CCF6TR, STM32WB07CCF7TR, STM32WB07CCV6TR, STM32WB07CCV7TR, STM32WB07KCV6TR, STM32WB07KCV7TR, STM32WB09KEV6TR, STM32WB09KEV7TR, STM32WB09TEF6TR, STM32WB09TEF7TR, STM32WB1MMCH6, STM32WBA50KGU6, STM32WBA50KGU6TR, STM32WBA52CEU6, STM32WBA52CEU6TR, STM32WBA52CEU7, STM32WBA52CEU7TR, STM32WBA52CGU6, STM32WBA52CGU6TR, STM32WBA52CGU6U, STM32WBA52CGU7, STM32WBA52CGU7TR, STM32WBA52KEU6, STM32WBA52KEU6TR, STM32WBA52KGU6, STM32WBA52KGU6TR, STM32WBA54CEU6, STM32WBA54CEU6TR, STM32WBA54CEU7, STM32WBA54CEU7TR, STM32WBA54CGU6, STM32WBA54CGU6TR, STM32WBA54CGU7, STM32WBA54CGU7TR, STM32WBA54KEU6, STM32WBA54KEU6TR, STM32WBA54KEU7, STM32WBA54KEU7TR, STM32WBA54KGU6, STM32WBA54KGU6TR, STM32WBA54KGU7, STM32WBA54KGU7TR, STM32WBA55CEU6, STM32WBA55CEU6TR, STM32WBA55CEU7, STM32WBA55CEU7TR, STM32WBA55CGU6, STM32WBA55CGU6TR, STM32WBA55CGU6U, STM32WBA55CGU7, STM32WBA55CGU7TR, STM32WBA55G-DK1, STM32WBA55HEF6, STM32WBA55HEF7, STM32WBA55HGF6, STM32WBA55HGF7, STM32WBA55UEI6, STM32WBA55UEI6TR, STM32WBA55UEI7, STM32WBA55UEI7TR, STM32WBA55UGI6, STM32WBA55UGI6TR, STM32WBA55UGI7, STM32WBA55UGI7TR, STM32WBA5MMGH6TR, STM32WBA62MGF6, STM32WBA62MIF6, STM32WBA65MGF7, STM32WBA65MIF6, STM32WBA65MIF7, STM32WL30K8V6, STM32WL30KBV6, STM32WL31C8V6, STM32WL31CBV6, STM32WL31K8V6, STM32WL31KBV6, STM32WL33C8V6, STM32WL33C8V6X, STM32WL33CBV6, STM32WL33CBV6X, STM32WL33CCV6, STM32WL33CCV6A, STM32WL33CCV6X, STM32WL33K8V7, STM32WL33K8V7X, STM32WL33KBV7 , STM32WL33KBV7X, STM32WL33KCV7, STM32WL33KCV7X, STM32WL5MOCH6, STM32WL5MOCH6TR]
2025-07-24 16:09:44,556 [INFO] DbMcus:218 - Found 4801 MCUs, 4801 are supported
2025-07-24 16:09:44,557 [INFO] ApiDb:423 - Load user favorites file C:\Users\Chinnapop/.stm32cubeide/favorites.mcus.txt: 0 item(s)
2025-07-24 16:09:44,558 [INFO] ApiDb:427 - User favorites MCUs=[]
2025-07-24 16:09:44,558 [INFO] DbMcus:224 - Set 0 / 0 favorites MCUs
2025-07-24 16:09:45,036 [INFO] ApiDb:423 - Load user favorites file C:\Users\Chinnapop/.stm32cubeide/favorites.boards.txt: 0 item(s)
2025-07-24 16:09:45,036 [INFO] ApiDb:427 - User favorites Boards=[]
2025-07-24 16:09:45,036 [INFO] DbBoards:198 - Set 0 / 0 favorites Boards
2025-07-24 16:09:45,081 [INFO] UtilMem:75 - End LoadConfig() Used Memory: 456331336 Bytes (859832320)
2025-07-24 16:09:45,190 [WARN] ThirdParty:833 - waiting for thirdparty lock release [change project]
2025-07-24 16:09:45,191 [INFO] ThirdParty:835 - entering critical section [change project]
2025-07-24 16:09:45,191 [INFO] ThirdParty:1030 - CMSIS Pack Vendor :STMicroelectronics X-CUBE-PM33A1 1.0.0
2025-07-24 16:09:45,191 [INFO] ThirdParty:1030 - CMSIS Pack Vendor :STMicroelectronics USBPD 4.1
2025-07-24 16:09:45,191 [INFO] ThirdParty:1030 - CMSIS Pack Vendor :STMicroelectronics USB_HOST 2.0.0
2025-07-24 16:09:45,191 [INFO] ThirdParty:1030 - CMSIS Pack Vendor :STMicroelectronics FP-SNS-MOTENVWB1 1.4.0
2025-07-24 16:09:45,191 [INFO] ThirdParty:1030 - CMSIS Pack Vendor :STMicroelectronics X-CUBE-AZRTOS-F4 1.1.0
2025-07-24 16:09:45,191 [INFO] ThirdParty:1030 - CMSIS Pack Vendor :STMicroelectronics LIBJPEG 8.0.0
2025-07-24 16:09:45,191 [INFO] ThirdParty:1030 - CMSIS Pack Vendor :STMicroelectronics FP-ATR-ASTRA1 2.0.2
2025-07-24 16:09:45,191 [INFO] ThirdParty:1030 - CMSIS Pack Vendor :STMicroelectronics FP-ATR-ASTRA1 2.0.1
2025-07-24 16:09:45,191 [INFO] ThirdParty:1030 - CMSIS Pack Vendor :Avnet-IotConnect X-CUBE-IoTC-DA16k-PMOD 1.0.0
2025-07-24 16:09:45,191 [INFO] ThirdParty:1030 - CMSIS Pack Vendor :STMicroelectronics X-CUBE-SMBUS 2.1.0
2025-07-24 16:09:45,191 [INFO] ThirdParty:1030 - CMSIS Pack Vendor :STMicroelectronics X-CUBE-WB05N 1.1.0
2025-07-24 16:09:45,191 [INFO] ThirdParty:1030 - CMSIS Pack Vendor :STMicroelectronics X-CUBE-ISPU 2.1.0
2025-07-24 16:09:45,191 [INFO] ThirdParty:1030 - CMSIS Pack Vendor :STMicroelectronics X-CUBE-FREERTOS 1.2.0
2025-07-24 16:09:45,191 [INFO] ThirdParty:1030 - CMSIS Pack Vendor :STMicroelectronics X-CUBE-ST60 1.0.0
2025-07-24 16:09:45,191 [INFO] ThirdParty:1030 - CMSIS Pack Vendor :STMicroelectronics X-CUBE-NFC12 1.0.0
2025-07-24 16:09:45,191 [INFO] ThirdParty:1030 - CMSIS Pack Vendor :STMicroelectronics X-CUBE-AZRTOS-F7 1.1.0
2025-07-24 16:09:45,191 [INFO] ThirdParty:1030 - CMSIS Pack Vendor :STMicroelectronics X-CUBE-AZRTOS-L5 2.0.0
2025-07-24 16:09:45,191 [INFO] ThirdParty:1030 - CMSIS Pack Vendor :STMicroelectronics USB_DEVICE 2.0.0
2025-07-24 16:09:45,191 [INFO] ThirdParty:1030 - CMSIS Pack Vendor :STMicroelectronics X-CUBE-NFC6 3.1.0
2025-07-24 16:09:45,191 [INFO] ThirdParty:1030 - CMSIS Pack Vendor :STMicroelectronics X-CUBE-MEMS1 11.0.0
2025-07-24 16:09:45,191 [INFO] ThirdParty:1030 - CMSIS Pack Vendor :STMicroelectronics FreeRTOS 0.0.1
2025-07-24 16:09:45,191 [INFO] ThirdParty:1030 - CMSIS Pack Vendor :STMicroelectronics X-CUBE-DPower 1.2.0
2025-07-24 16:09:45,192 [INFO] ThirdParty:1030 - CMSIS Pack Vendor :STMicroelectronics FP-SNS-FLIGHT1 5.0.2
2025-07-24 16:09:45,192 [INFO] ThirdParty:1030 - CMSIS Pack Vendor :STMicroelectronics PDM2PCM 3.3.0
2025-07-24 16:09:45,192 [INFO] ThirdParty:1030 - CMSIS Pack Vendor :STMicroelectronics X-CUBE-AZRTOS-H7 3.4.0
2025-07-24 16:09:45,192 [INFO] ThirdParty:1030 - CMSIS Pack Vendor :STMicroelectronics X-CUBE-DISPLAY 3.0.0
2025-07-24 16:09:45,192 [INFO] ThirdParty:1030 - CMSIS Pack Vendor :STMicroelectronics X-CUBE-BLE1 7.0.0
2025-07-24 16:09:45,192 [INFO] ThirdParty:1030 - CMSIS Pack Vendor :STMicroelectronics X-CUBE-NFC10 1.0.0
2025-07-24 16:09:45,192 [INFO] ThirdParty:1030 - CMSIS Pack Vendor :STMicroelectronics X-CUBE-BLEMGR 4.0.0
2025-07-24 16:09:45,192 [INFO] ThirdParty:1030 - CMSIS Pack Vendor :STMicroelectronics X-CUBE-FREERTOS 1.3.1
2025-07-24 16:09:45,192 [INFO] ThirdParty:1030 - CMSIS Pack Vendor :STMicroelectronics HAL Drivers 0.0.0
2025-07-24 16:09:45,192 [INFO] ThirdParty:1030 - CMSIS Pack Vendor :emotas I-CUBE-CANOPEN 1.3.0
2025-07-24 16:09:45,192 [INFO] ThirdParty:1030 - CMSIS Pack Vendor :STMicroelectronics X-CUBE-FREERTOS 1.3.0
2025-07-24 16:09:45,192 [INFO] ThirdParty:1030 - CMSIS Pack Vendor :STMicroelectronics X-CUBE-NFC7 1.0.1
2025-07-24 16:09:45,192 [INFO] ThirdParty:1030 - CMSIS Pack Vendor :STMicroelectronics MBEDTLS 2.14.1
2025-07-24 16:09:45,192 [INFO] ThirdParty:1030 - CMSIS Pack Vendor :STMicroelectronics X-CUBE-BLEMGR 3.1.0
2025-07-24 16:09:45,192 [INFO] ThirdParty:1030 - CMSIS Pack Vendor :STMicroelectronics X-CUBE-AI 10.0.0
2025-07-24 16:09:45,192 [INFO] ThirdParty:1030 - CMSIS Pack Vendor :STMicroelectronics FP-SNS-STAIOTCFT 1.0.0
2025-07-24 16:09:45,192 [INFO] ThirdParty:1030 - CMSIS Pack Vendor :STMicroelectronics FP-SNS-SMARTAG2 1.2.0
2025-07-24 16:09:45,192 [INFO] ThirdParty:1030 - CMSIS Pack Vendor :STMicroelectronics FP-SNS-FLIGHT1 5.1.0
2025-07-24 16:09:45,192 [INFO] ThirdParty:1030 - CMSIS Pack Vendor :STMicroelectronics X-CUBE-MEMS1 11.1.0
2025-07-24 16:09:45,192 [INFO] ThirdParty:1030 - CMSIS Pack Vendor :STMicroelectronics X-CUBE-AZRTOS-WL 2.0.0
2025-07-24 16:09:45,192 [INFO] ThirdParty:1030 - CMSIS Pack Vendor :STMicroelectronics X-CUBE-DPower 1.3.0
2025-07-24 16:09:45,192 [INFO] ThirdParty:1030 - CMSIS Pack Vendor :STMicroelectronics FP-SNS-MOTENV1 5.0.0
2025-07-24 16:09:45,192 [INFO] ThirdParty:1030 - CMSIS Pack Vendor :STMicroelectronics USB_DEVICE 1.0.0
2025-07-24 16:09:45,192 [INFO] ThirdParty:1030 - CMSIS Pack Vendor :wolfSSL I-CUBE-wolfMQTT 1.19.0
2025-07-24 16:09:45,192 [INFO] ThirdParty:1030 - CMSIS Pack Vendor :STMicroelectronics X-CUBE-AZRTOS-L4 2.0.0
2025-07-24 16:09:45,192 [INFO] ThirdParty:1030 - CMSIS Pack Vendor :STMicroelectronics ThreadX 0.0.2
2025-07-24 16:09:45,192 [INFO] ThirdParty:1030 - CMSIS Pack Vendor :WES I-CUBE-Cesium 1.3.0
2025-07-24 16:09:45,193 [INFO] ThirdParty:1030 - CMSIS Pack Vendor :STMicroelectronics lwIP 2.1.2
2025-07-24 16:09:45,193 [INFO] ThirdParty:1030 - CMSIS Pack Vendor :STMicroelectronics X-CUBE-SFXS2LP1 4.0.0
2025-07-24 16:09:45,193 [INFO] ThirdParty:1030 - CMSIS Pack Vendor :STMicroelectronics X-CUBE-BLE2 3.3.0
2025-07-24 16:09:45,193 [INFO] ThirdParty:1030 - CMSIS Pack Vendor :STMicroelectronics PDM2PCM 3.2.0
2025-07-24 16:09:45,193 [INFO] ThirdParty:1030 - CMSIS Pack Vendor :STMicroelectronics X-CUBE-AZRTOS-H7 3.3.0
2025-07-24 16:09:45,193 [INFO] ThirdParty:1030 - CMSIS Pack Vendor :STMicroelectronics X-CUBE-NFC9 1.0.0
2025-07-24 16:09:45,193 [INFO] ThirdParty:1030 - CMSIS Pack Vendor :STMicroelectronics X-CUBE-BLE1 7.1.0
2025-07-24 16:09:45,193 [INFO] ThirdParty:1030 - CMSIS Pack Vendor :STMicroelectronics USB_DEVICE 3.0.0
2025-07-24 16:09:45,193 [INFO] ThirdParty:1030 - CMSIS Pack Vendor :STMicroelectronics X-CUBE-TCPP 4.1.0
2025-07-24 16:09:45,193 [INFO] ThirdParty:1030 - CMSIS Pack Vendor :STMicroelectronics X-CUBE-EEPRMA1 5.2.0
2025-07-24 16:09:45,193 [INFO] ThirdParty:1030 - CMSIS Pack Vendor :STMicroelectronics X-CUBE-BLEMGR 4.1.0
2025-07-24 16:09:45,194 [INFO] ThirdParty:1030 - CMSIS Pack Vendor :STMicroelectronics X-CUBE-IPS 3.0.0
2025-07-24 16:09:45,194 [INFO] ThirdParty:1030 - CMSIS Pack Vendor :STMicroelectronics X-CUBE-AZRTOS-WB 2.0.0
2025-07-24 16:09:45,194 [INFO] ThirdParty:1030 - CMSIS Pack Vendor :STMicroelectronics X-CUBE-GNSS1 7.0.0
2025-07-24 16:09:45,194 [INFO] ThirdParty:1030 - CMSIS Pack Vendor :STMicroelectronics X-CUBE-GNSS1 7.0.1
2025-07-24 16:09:45,194 [INFO] ThirdParty:1030 - CMSIS Pack Vendor :STMicroelectronics X-CUBE-TOUCHGFX 4.25.0
2025-07-24 16:09:45,194 [INFO] ThirdParty:1030 - CMSIS Pack Vendor :STMicroelectronics X-CUBE-AI 10.1.0
2025-07-24 16:09:45,194 [INFO] ThirdParty:1030 - CMSIS Pack Vendor :STMicroelectronics FP-SNS-STBOX1 2.0.0
2025-07-24 16:09:45,194 [INFO] ThirdParty:1030 - CMSIS Pack Vendor :STMicroelectronics X-CUBE-MEMS1 11.2.0
2025-07-24 16:09:45,194 [INFO] ThirdParty:1030 - CMSIS Pack Vendor :STMicroelectronics X-CUBE-AZRTOS-G0 1.1.0
2025-07-24 16:09:45,194 [INFO] ThirdParty:1030 - CMSIS Pack Vendor :STMicroelectronics X-CUBE-SAFEA1 1.2.2
2025-07-24 16:09:45,194 [INFO] ThirdParty:1030 - CMSIS Pack Vendor :STMicroelectronics X-CUBE-NFC4 3.0.0
2025-07-24 16:09:45,194 [INFO] ThirdParty:1030 - CMSIS Pack Vendor :STMicroelectronics X-CUBE-SUBG2 5.0.0
2025-07-24 16:09:45,194 [INFO] ThirdParty:1030 - CMSIS Pack Vendor :STMicroelectronics X-CUBE-AZRTOS-H7RS 1.1.0
2025-07-24 16:09:45,194 [INFO] ThirdParty:1030 - CMSIS Pack Vendor :STMicroelectronics STM32_WPAN 1.0.0
2025-07-24 16:09:45,194 [INFO] ThirdParty:1030 - CMSIS Pack Vendor :EmbeddedOffice I-CUBE-FS-RTOS 1.0.1
2025-07-24 16:09:45,194 [INFO] ThirdParty:1030 - CMSIS Pack Vendor :STMicroelectronics lwIP 2.0.3
2025-07-24 16:09:45,194 [INFO] ThirdParty:1030 - CMSIS Pack Vendor :Cesanta I-CUBE-Mongoose 7.13.0
2025-07-24 16:09:45,194 [INFO] ThirdParty:1030 - CMSIS Pack Vendor :STMicroelectronics USB_HOST 1.0.0
2025-07-24 16:09:45,194 [INFO] ThirdParty:1030 - CMSIS Pack Vendor :STMicroelectronics X-CUBE-AZRTOS-G4 2.0.0
2025-07-24 16:09:45,194 [INFO] ThirdParty:1030 - CMSIS Pack Vendor :STMicroelectronics X-CUBE-WB05N 2.0.0
2025-07-24 16:09:45,194 [INFO] ThirdParty:1030 - CMSIS Pack Vendor :STMicroelectronics PDM2PCM 3.1.0
2025-07-24 16:09:45,195 [INFO] ThirdParty:1030 - CMSIS Pack Vendor :STMicroelectronics X-CUBE-NFC7 2.0.0
2025-07-24 16:09:45,195 [INFO] ThirdParty:1030 - CMSIS Pack Vendor :STMicroelectronics X-CUBE-TCPP 4.2.0
2025-07-24 16:09:45,195 [INFO] ThirdParty:1030 - CMSIS Pack Vendor :RealThread X-CUBE-RT-Thread_Nano 4.1.1
2025-07-24 16:09:45,195 [INFO] ThirdParty:1030 - CMSIS Pack Vendor :STMicroelectronics FP-ATR-SIGFOX1 3.2.0
2025-07-24 16:09:45,195 [INFO] ThirdParty:1030 - CMSIS Pack Vendor :quantropi X-CUBE-qispace-sdk-base 1.9.3
2025-07-24 16:09:45,195 [INFO] ThirdParty:1030 - CMSIS Pack Vendor :STMicroelectronics X-CUBE-EEPRMA1 5.1.0
2025-07-24 16:09:45,195 [INFO] ThirdParty:1030 - CMSIS Pack Vendor :STMicroelectronics MBEDTLS 2.16.2
2025-07-24 16:09:45,195 [INFO] ThirdParty:1030 - CMSIS Pack Vendor :STMicroelectronics X-CUBE-IPS 3.1.0
2025-07-24 16:09:45,195 [INFO] ThirdParty:1030 - CMSIS Pack Vendor :STMicroelectronics X-CUBE-ALS 1.0.2
2025-07-24 16:09:45,195 [INFO] ThirdParty:1030 - CMSIS Pack Vendor :wolfSSL I-CUBE-wolfSSL 5.7.4
2025-07-24 16:09:45,195 [INFO] ThirdParty:1030 - CMSIS Pack Vendor :ITTIA_DB I-CUBE-ITTIADB 8.9.0
2025-07-24 16:09:45,195 [INFO] ThirdParty:1030 - CMSIS Pack Vendor :STMicroelectronics X-CUBE-TOUCHGFX 4.24.2
2025-07-24 16:09:45,195 [INFO] ThirdParty:1030 - CMSIS Pack Vendor :STMicroelectronics X-CUBE-TOUCHGFX 4.24.1
2025-07-24 16:09:45,195 [INFO] ThirdParty:1030 - CMSIS Pack Vendor :wolfSSL I-CUBE-wolfTPM 3.4.0
2025-07-24 16:09:45,195 [INFO] ThirdParty:1030 - CMSIS Pack Vendor :portGmbH I-Cube-SoM-uGOAL 1.1.0
2025-07-24 16:09:45,195 [INFO] ThirdParty:1030 - CMSIS Pack Vendor :STMicroelectronics X-CUBE-ST67W61 1.0.0
2025-07-24 16:09:45,195 [INFO] ThirdParty:1030 - CMSIS Pack Vendor :STMicroelectronics ThreadX 1.0.0
2025-07-24 16:09:45,195 [INFO] ThirdParty:1030 - CMSIS Pack Vendor :SEGGER I-CUBE-embOS 1.3.1
2025-07-24 16:09:45,195 [INFO] ThirdParty:1030 - CMSIS Pack Vendor :STMicroelectronics X-CUBE-ALGOBUILD 1.4.0
2025-07-24 16:09:45,195 [INFO] ThirdParty:1030 - CMSIS Pack Vendor :STMicroelectronics X-CUBE-MEMS1 11.3.0
2025-07-24 16:09:45,195 [INFO] ThirdParty:1030 - CMSIS Pack Vendor :STMicroelectronics X-CUBE-AZRTOS-H7RS 1.0.0
2025-07-24 16:09:45,195 [INFO] ThirdParty:1030 - CMSIS Pack Vendor :STMicroelectronics FP-ATR-ASTRA1 2.0.0
2025-07-24 16:09:45,195 [INFO] ThirdParty:1030 - CMSIS Pack Vendor :STMicroelectronics X-CUBE-TOF1 3.4.2
2025-07-24 16:09:45,195 [INFO] ThirdParty:1030 - CMSIS Pack Vendor :STMicroelectronics X-CUBE-TOF1 3.4.3
2025-07-24 16:09:45,195 [INFO] ThirdParty:1030 - CMSIS Pack Vendor :STMicroelectronics X-CUBE-AI 9.1.0
2025-07-24 16:09:45,196 [INFO] ThirdParty:1030 - CMSIS Pack Vendor :Infineon AIROC-Wi-Fi-Bluetooth-STM32 1.6.1
2025-07-24 16:09:45,196 [INFO] ThirdParty:1030 - CMSIS Pack Vendor :wolfSSL I-CUBE-wolfSSH 1.4.17
2025-07-24 16:09:45,196 [INFO] ThirdParty:841 - exiting critical section [change project]
2025-07-24 16:09:46,444 [INFO] PinOutPanel:1589 - setPackage(No Configuration,No Configuration)
2025-07-24 16:09:46,447 [INFO] PinOutPanel:1589 - setPackage(STM32F767ZITx,LQFP144)
2025-07-24 16:09:47,765 [INFO] UtilMem:75 - Before build in PCC Used Memory: 474480640 Bytes (859832320)
2025-07-24 16:09:49,347 [INFO] UtilMem:75 - After build in PCC Used Memory: 538443776 Bytes (859832320)
2025-07-24 16:09:49,390 [INFO] IPUIPlugin:80 - create IPUIPlugin
2025-07-24 16:09:49,391 [INFO] IPUIPlugin:80 - create IPUIPlugin
2025-07-24 16:09:49,391 [INFO] IPUIPlugin:80 - create IPUIPlugin
2025-07-24 16:09:49,391 [INFO] IPUIPlugin:80 - create IPUIPlugin
2025-07-24 16:09:49,391 [INFO] IPUIPlugin:80 - create IPUIPlugin
2025-07-24 16:09:49,391 [INFO] IPUIPlugin:80 - create IPUIPlugin
2025-07-24 16:09:49,391 [INFO] IPUIPlugin:80 - create IPUIPlugin
2025-07-24 16:09:49,392 [INFO] IPUIPlugin:80 - create IPUIPlugin
2025-07-24 16:09:49,392 [INFO] IPUIPlugin:80 - create IPUIPlugin
2025-07-24 16:09:49,392 [INFO] IPUIPlugin:80 - create IPUIPlugin
2025-07-24 16:09:49,393 [INFO] IPUIPlugin:80 - create IPUIPlugin
2025-07-24 16:09:49,393 [INFO] IPUIPlugin:80 - create IPUIPlugin
2025-07-24 16:09:49,393 [INFO] IPUIPlugin:80 - create IPUIPlugin
2025-07-24 16:09:49,393 [INFO] IPUIPlugin:80 - create IPUIPlugin
2025-07-24 16:09:49,394 [INFO] IPUIPlugin:80 - create IPUIPlugin
2025-07-24 16:09:49,394 [INFO] IPUIPlugin:80 - create IPUIPlugin
2025-07-24 16:09:49,394 [INFO] IPUIPlugin:80 - create IPUIPlugin
2025-07-24 16:09:49,394 [INFO] IPUIPlugin:80 - create IPUIPlugin
2025-07-24 16:09:49,394 [INFO] IPUIPlugin:80 - create IPUIPlugin
2025-07-24 16:09:49,394 [INFO] IPUIPlugin:80 - create IPUIPlugin
2025-07-24 16:09:49,394 [INFO] IPUIPlugin:80 - create IPUIPlugin
2025-07-24 16:09:49,394 [INFO] IPUIPlugin:80 - create IPUIPlugin
2025-07-24 16:09:49,394 [INFO] IPUIPlugin:80 - create IPUIPlugin
2025-07-24 16:09:49,394 [INFO] IPUIPlugin:80 - create IPUIPlugin
2025-07-24 16:09:49,394 [INFO] IPUIPlugin:80 - create IPUIPlugin
2025-07-24 16:09:49,394 [INFO] IPUIPlugin:80 - create IPUIPlugin
2025-07-24 16:09:49,395 [INFO] IPUIPlugin:80 - create IPUIPlugin
2025-07-24 16:09:49,395 [INFO] IPUIPlugin:80 - create IPUIPlugin
2025-07-24 16:09:49,395 [INFO] IPUIPlugin:80 - create IPUIPlugin
2025-07-24 16:09:49,395 [INFO] IPUIPlugin:80 - create IPUIPlugin
2025-07-24 16:09:49,396 [INFO] IPUIPlugin:80 - create IPUIPlugin
2025-07-24 16:09:49,396 [INFO] IPUIPlugin:80 - create IPUIPlugin
2025-07-24 16:09:49,396 [INFO] IPUIPlugin:80 - create IPUIPlugin
2025-07-24 16:09:49,396 [INFO] IPUIPlugin:80 - create IPUIPlugin
2025-07-24 16:09:49,396 [INFO] IPUIPlugin:80 - create IPUIPlugin
2025-07-24 16:09:49,396 [INFO] IPUIPlugin:80 - create IPUIPlugin
2025-07-24 16:09:49,397 [INFO] IPUIPlugin:80 - create IPUIPlugin
2025-07-24 16:09:49,397 [INFO] IPUIPlugin:80 - create IPUIPlugin
2025-07-24 16:09:49,397 [INFO] IPUIPlugin:80 - create IPUIPlugin
2025-07-24 16:09:49,397 [INFO] IPUIPlugin:80 - create IPUIPlugin
2025-07-24 16:09:49,397 [INFO] IPUIPlugin:80 - create IPUIPlugin
2025-07-24 16:09:49,398 [INFO] IPUIPlugin:80 - create IPUIPlugin
2025-07-24 16:09:49,398 [INFO] IPUIPlugin:80 - create IPUIPlugin
2025-07-24 16:09:49,398 [INFO] IPUIPlugin:80 - create IPUIPlugin
2025-07-24 16:09:49,398 [INFO] IPUIPlugin:80 - create IPUIPlugin
2025-07-24 16:09:49,399 [INFO] IPUIPlugin:80 - create IPUIPlugin
2025-07-24 16:09:49,399 [INFO] IPUIPlugin:80 - create IPUIPlugin
2025-07-24 16:09:49,399 [INFO] IPUIPlugin:80 - create IPUIPlugin
2025-07-24 16:09:49,399 [INFO] IPUIPlugin:80 - create IPUIPlugin
2025-07-24 16:09:49,399 [INFO] IPUIPlugin:80 - create IPUIPlugin
2025-07-24 16:09:49,399 [INFO] IPUIPlugin:80 - create IPUIPlugin
2025-07-24 16:09:49,400 [INFO] IPUIPlugin:80 - create IPUIPlugin
2025-07-24 16:09:49,400 [INFO] IPUIPlugin:80 - create IPUIPlugin
2025-07-24 16:09:49,400 [INFO] IPUIPlugin:80 - create IPUIPlugin
2025-07-24 16:09:49,401 [INFO] IPUIPlugin:80 - create IPUIPlugin
2025-07-24 16:09:49,401 [INFO] IPUIPlugin:80 - create IPUIPlugin
2025-07-24 16:09:49,401 [INFO] IPUIPlugin:80 - create IPUIPlugin
2025-07-24 16:09:49,401 [INFO] IPUIPlugin:80 - create IPUIPlugin
2025-07-24 16:09:49,401 [INFO] IPUIPlugin:80 - create IPUIPlugin
2025-07-24 16:09:49,402 [INFO] IPUIPlugin:80 - create IPUIPlugin
2025-07-24 16:09:49,402 [INFO] IPUIPlugin:80 - create IPUIPlugin
2025-07-24 16:09:49,402 [INFO] IPUIPlugin:80 - create IPUIPlugin
2025-07-24 16:09:49,402 [INFO] IPUIPlugin:80 - create IPUIPlugin
2025-07-24 16:09:49,402 [INFO] IPUIPlugin:80 - create IPUIPlugin
2025-07-24 16:09:49,403 [INFO] IPUIPlugin:80 - create IPUIPlugin
2025-07-24 16:09:49,403 [INFO] IPUIPlugin:80 - create IPUIPlugin
2025-07-24 16:09:49,403 [INFO] IPUIPlugin:80 - create IPUIPlugin
2025-07-24 16:09:49,403 [INFO] IPUIPlugin:80 - create IPUIPlugin
2025-07-24 16:09:49,404 [INFO] IPUIPlugin:80 - create IPUIPlugin
2025-07-24 16:09:49,404 [INFO] IPUIPlugin:80 - create IPUIPlugin
2025-07-24 16:09:49,404 [INFO] IPUIPlugin:80 - create IPUIPlugin
2025-07-24 16:09:49,405 [INFO] IPUIPlugin:80 - create IPUIPlugin
2025-07-24 16:09:49,405 [INFO] IPUIPlugin:80 - create IPUIPlugin
2025-07-24 16:09:49,405 [INFO] IPUIPlugin:80 - create IPUIPlugin
2025-07-24 16:09:49,405 [INFO] IPUIPlugin:80 - create IPUIPlugin
2025-07-24 16:09:49,406 [INFO] IPUIPlugin:80 - create IPUIPlugin
2025-07-24 16:09:49,406 [INFO] IPUIPlugin:80 - create IPUIPlugin
2025-07-24 16:09:49,406 [INFO] IPUIPlugin:80 - create IPUIPlugin
2025-07-24 16:09:49,407 [INFO] IPUIPlugin:80 - create IPUIPlugin
2025-07-24 16:09:49,536 [INFO] ApiDbMcu:532 - Load IP Config File for PDM2PCM
2025-07-24 16:09:49,546 [INFO] Can:71 - Can Add PropertyChangeListener com.st.microxplorer.plugins.ip.can.Can@3db08f44
2025-07-24 16:09:49,547 [INFO] Can:71 - Can Add PropertyChangeListener com.st.microxplorer.plugins.ip.can.Can@2882ee9c
2025-07-24 16:09:49,787 [INFO] CADModel:165 - CPN selected for project levelSTM32F767ZIT6
2025-07-24 16:09:49,787 [INFO] CADModel:114 - Register for checkConnection events
2025-07-24 16:09:49,827 [INFO] OpenFileManager:386 - Restore cursor
2025-07-24 16:23:36,922 [INFO] UtilMem:75 - End SaveConfig() Used Memory: 662406824 Bytes (859832320)
2025-07-24 16:23:38,145 [INFO] UtilMem:75 - End SaveConfig() Used Memory: 310981120 Bytes (859832320)
2025-07-24 16:23:39,001 [INFO] BlockDiagram:2775 - set Specific Code input for plugin: CAN
2025-07-24 16:23:39,001 [INFO] BlockDiagram:2775 - set Specific Code input for plugin: CAN
2025-07-24 16:23:39,001 [INFO] BlockDiagram:2775 - set Specific Code input for plugin: SYS
2025-07-24 16:23:39,001 [INFO] BlockDiagram:2775 - set Specific Code input for plugin: RCC
2025-07-24 16:23:39,001 [INFO] BlockDiagram:2775 - set Specific Code input for plugin: NVIC
2025-07-24 16:23:39,002 [INFO] BlockDiagram:2775 - set Specific Code input for plugin: GPIO
2025-07-24 16:23:39,004 [INFO] CodeGenerator:892 - code generatio: config db path: C:\ST\STM32CubeIDE_1.16.1\STM32CubeIDE\plugins\com.st.stm32cube.common.mx_6.15.0.202507011659\\db\
2025-07-24 16:23:39,223 [INFO] CodeEngine:265 - oldGeneratedFile, C:\Users\Chinnapop\STM32CubeIDE\workspace\magnetometer_emulator\MXTmpFiles\license.tmp_save
2025-07-24 16:23:39,978 [INFO] CodeEngine:289 - Generated code: C:\Users\Chinnapop\STM32CubeIDE\workspace\magnetometer_emulator\MXTmpFiles\license.tmp
2025-07-24 16:23:40,125 [INFO] CodeEngine:265 - oldGeneratedFile, C:\Users\Chinnapop\STM32CubeIDE\workspace\magnetometer_emulator\MXTmpFiles\gpio.tmp_save
2025-07-24 16:23:40,293 [INFO] CodeEngine:289 - Generated code: C:\Users\Chinnapop\STM32CubeIDE\workspace\magnetometer_emulator\MXTmpFiles\gpio.tmp
2025-07-24 16:23:40,492 [INFO] CodeEngine:265 - oldGeneratedFile, C:\Users\Chinnapop\STM32CubeIDE\workspace\magnetometer_emulator\MXTmpFiles\cortex.tmp_save
2025-07-24 16:23:40,596 [INFO] CodeEngine:289 - Generated code: C:\Users\Chinnapop\STM32CubeIDE\workspace\magnetometer_emulator\MXTmpFiles\cortex.tmp
2025-07-24 16:23:40,619 [INFO] CodeEngine:265 - oldGeneratedFile, C:\Users\Chinnapop\STM32CubeIDE\workspace\magnetometer_emulator\Core\Src\stm32f7xx_it.c_save
2025-07-24 16:23:40,779 [INFO] CodeEngine:289 - Generated code: C:\Users\Chinnapop\STM32CubeIDE\workspace\magnetometer_emulator\Core\Src\stm32f7xx_it.c
2025-07-24 16:23:40,790 [INFO] CodeEngine:265 - oldGeneratedFile, C:\Users\Chinnapop\STM32CubeIDE\workspace\magnetometer_emulator\Core\Inc\stm32f7xx_it.h_save
2025-07-24 16:23:40,902 [INFO] CodeEngine:289 - Generated code: C:\Users\Chinnapop\STM32CubeIDE\workspace\magnetometer_emulator\Core\Inc\stm32f7xx_it.h
2025-07-24 16:23:40,931 [INFO] CodeEngine:265 - oldGeneratedFile, C:\Users\Chinnapop\STM32CubeIDE\workspace\magnetometer_emulator\Core\Src\stm32f7xx_hal_msp.c_save
2025-07-24 16:23:41,167 [INFO] CodeEngine:289 - Generated code: C:\Users\Chinnapop\STM32CubeIDE\workspace\magnetometer_emulator\Core\Src\stm32f7xx_hal_msp.c
2025-07-24 16:23:41,178 [INFO] CodeEngine:265 - oldGeneratedFile, C:\Users\Chinnapop\STM32CubeIDE\workspace\magnetometer_emulator\MXTmpFiles\system.tmp_save
2025-07-24 16:23:41,292 [INFO] CodeEngine:289 - Generated code: C:\Users\Chinnapop\STM32CubeIDE\workspace\magnetometer_emulator\MXTmpFiles\system.tmp
2025-07-24 16:23:41,321 [INFO] CodeEngine:321 - oldGeneratedFile, C:\Users\Chinnapop\STM32CubeIDE\workspace\magnetometer_emulator\Core\Inc\stm32f7xx_hal_conf.h_save
2025-07-24 16:23:41,453 [INFO] CodeEngine:345 - Generated code: C:\Users\Chinnapop\STM32CubeIDE\workspace\magnetometer_emulator\Core\Inc\stm32f7xx_hal_conf.h
2025-07-24 16:23:41,514 [INFO] ApiDbMcu:532 - Load IP Config File for CAN1
2025-07-24 16:23:41,521 [INFO] ApiDbMcu:532 - Load IP Config File for CAN2
2025-07-24 16:23:41,530 [INFO] ApiDbMcu:532 - Load IP Config File for RCC
2025-07-24 16:23:41,551 [INFO] CodeEngine:265 - oldGeneratedFile, C:\Users\Chinnapop\STM32CubeIDE\workspace\magnetometer_emulator\Core\Inc\main.h_save
2025-07-24 16:23:41,723 [INFO] CodeEngine:289 - Generated code: C:\Users\Chinnapop\STM32CubeIDE\workspace\magnetometer_emulator\Core\Inc\main.h
2025-07-24 16:23:41,739 [INFO] CodeEngine:265 - oldGeneratedFile, C:\Users\Chinnapop\STM32CubeIDE\workspace\magnetometer_emulator\Core\Src\main.c_save
2025-07-24 16:23:41,949 [INFO] CodeEngine:289 - Generated code: C:\Users\Chinnapop\STM32CubeIDE\workspace\magnetometer_emulator\Core\Src\main.c
2025-07-24 16:23:42,611 [INFO] ProjectBuilder:3606 - Time for Copy HAL[1] : 308mS.
2025-07-24 16:23:42,628 [INFO] ProjectBuilder:5216 - Project Generator version: 4.7.0-B52
2025-07-24 16:23:42,750 [INFO] ConfigFileManager:1595 - The Die is : DIE451
2025-07-24 16:23:42,796 [INFO] ApiDbMcu:532 - Load IP Config File for FATFS
2025-07-24 16:23:42,805 [INFO] ApiDbMcu:532 - Load IP Config File for FREERTOS
2025-07-24 16:23:42,810 [INFO] ApiDbMcu:532 - Load IP Config File for LIBJPEG
2025-07-24 16:23:42,826 [INFO] ApiDbMcu:532 - Load IP Config File for LWIP
2025-07-24 16:23:42,848 [INFO] ApiDbMcu:532 - Load IP Config File for MBEDTLS
2025-07-24 16:23:42,857 [INFO] ApiDbMcu:532 - Load IP Config File for USB_DEVICE
2025-07-24 16:23:42,863 [INFO] ApiDbMcu:532 - Load IP Config File for USB_HOST
2025-07-24 16:23:43,663 [INFO] LogOutputStream:77 - [STDOUT_REDIRECT] 
2025-07-24 16:23:45,859 [INFO] ProjectBuilder:5496 - Time for Generating toolchain IDE Files: 3229mS.
2025-07-24 16:23:45,862 [INFO] ProjectBuilder:3463 - Time for Copy CMSIS : 2mS.
2025-07-24 16:23:45,867 [INFO] ProjectBuilder:3463 - Time for Copy CMSIS : 0mS.
2025-07-24 16:24:36,499 [INFO] WebApp:194 - Connection lost
2025-07-24 16:24:36,841 [INFO] WebApp:191 - Connection restablished
2025-07-24 16:31:19,544 [INFO] UtilMem:75 - End SaveConfig() Used Memory: 590859824 Bytes (859832320)
2025-07-24 16:31:20,518 [INFO] UtilMem:75 - End SaveConfig() Used Memory: 670549552 Bytes (859832320)
2025-07-24 16:31:21,205 [INFO] BlockDiagram:2775 - set Specific Code input for plugin: CAN
2025-07-24 16:31:21,205 [INFO] BlockDiagram:2775 - set Specific Code input for plugin: CAN
2025-07-24 16:31:21,205 [INFO] BlockDiagram:2775 - set Specific Code input for plugin: SYS
2025-07-24 16:31:21,205 [INFO] BlockDiagram:2775 - set Specific Code input for plugin: RCC
2025-07-24 16:31:21,206 [INFO] BlockDiagram:2775 - set Specific Code input for plugin: NVIC
2025-07-24 16:31:21,206 [INFO] BlockDiagram:2775 - set Specific Code input for plugin: GPIO
2025-07-24 16:31:21,209 [INFO] CodeGenerator:892 - code generatio: config db path: C:\ST\STM32CubeIDE_1.16.1\STM32CubeIDE\plugins\com.st.stm32cube.common.mx_6.15.0.202507011659\\db\
2025-07-24 16:31:21,513 [INFO] CodeEngine:265 - oldGeneratedFile, C:\Users\Chinnapop\STM32CubeIDE\workspace\magnetometer_emulator\MXTmpFiles\license.tmp_save
2025-07-24 16:31:21,722 [INFO] CodeEngine:289 - Generated code: C:\Users\Chinnapop\STM32CubeIDE\workspace\magnetometer_emulator\MXTmpFiles\license.tmp
2025-07-24 16:31:21,754 [INFO] CodeEngine:265 - oldGeneratedFile, C:\Users\Chinnapop\STM32CubeIDE\workspace\magnetometer_emulator\MXTmpFiles\gpio.tmp_save
2025-07-24 16:31:21,910 [INFO] CodeEngine:289 - Generated code: C:\Users\Chinnapop\STM32CubeIDE\workspace\magnetometer_emulator\MXTmpFiles\gpio.tmp
2025-07-24 16:31:21,997 [INFO] CodeEngine:265 - oldGeneratedFile, C:\Users\Chinnapop\STM32CubeIDE\workspace\magnetometer_emulator\MXTmpFiles\cortex.tmp_save
2025-07-24 16:31:22,110 [INFO] CodeEngine:289 - Generated code: C:\Users\Chinnapop\STM32CubeIDE\workspace\magnetometer_emulator\MXTmpFiles\cortex.tmp
2025-07-24 16:31:22,135 [INFO] CodeEngine:265 - oldGeneratedFile, C:\Users\Chinnapop\STM32CubeIDE\workspace\magnetometer_emulator\Core\Src\stm32f7xx_it.c_save
2025-07-24 16:31:22,275 [INFO] CodeEngine:289 - Generated code: C:\Users\Chinnapop\STM32CubeIDE\workspace\magnetometer_emulator\Core\Src\stm32f7xx_it.c
2025-07-24 16:31:22,289 [INFO] CodeEngine:265 - oldGeneratedFile, C:\Users\Chinnapop\STM32CubeIDE\workspace\magnetometer_emulator\Core\Inc\stm32f7xx_it.h_save
2025-07-24 16:31:22,410 [INFO] CodeEngine:289 - Generated code: C:\Users\Chinnapop\STM32CubeIDE\workspace\magnetometer_emulator\Core\Inc\stm32f7xx_it.h
2025-07-24 16:31:22,436 [INFO] CodeEngine:265 - oldGeneratedFile, C:\Users\Chinnapop\STM32CubeIDE\workspace\magnetometer_emulator\Core\Src\stm32f7xx_hal_msp.c_save
2025-07-24 16:31:22,590 [INFO] CodeEngine:289 - Generated code: C:\Users\Chinnapop\STM32CubeIDE\workspace\magnetometer_emulator\Core\Src\stm32f7xx_hal_msp.c
2025-07-24 16:31:22,600 [INFO] CodeEngine:265 - oldGeneratedFile, C:\Users\Chinnapop\STM32CubeIDE\workspace\magnetometer_emulator\MXTmpFiles\system.tmp_save
2025-07-24 16:31:22,682 [INFO] CodeEngine:289 - Generated code: C:\Users\Chinnapop\STM32CubeIDE\workspace\magnetometer_emulator\MXTmpFiles\system.tmp
2025-07-24 16:31:22,705 [INFO] CodeEngine:321 - oldGeneratedFile, C:\Users\Chinnapop\STM32CubeIDE\workspace\magnetometer_emulator\Core\Inc\stm32f7xx_hal_conf.h_save
2025-07-24 16:31:22,800 [INFO] CodeEngine:345 - Generated code: C:\Users\Chinnapop\STM32CubeIDE\workspace\magnetometer_emulator\Core\Inc\stm32f7xx_hal_conf.h
2025-07-24 16:31:22,844 [INFO] CodeEngine:265 - oldGeneratedFile, C:\Users\Chinnapop\STM32CubeIDE\workspace\magnetometer_emulator\Core\Inc\main.h_save
2025-07-24 16:31:22,943 [INFO] CodeEngine:289 - Generated code: C:\Users\Chinnapop\STM32CubeIDE\workspace\magnetometer_emulator\Core\Inc\main.h
2025-07-24 16:31:22,957 [INFO] CodeEngine:265 - oldGeneratedFile, C:\Users\Chinnapop\STM32CubeIDE\workspace\magnetometer_emulator\Core\Src\main.c_save
2025-07-24 16:31:23,096 [INFO] CodeEngine:289 - Generated code: C:\Users\Chinnapop\STM32CubeIDE\workspace\magnetometer_emulator\Core\Src\main.c
2025-07-24 16:31:23,568 [INFO] ProjectBuilder:3606 - Time for Copy HAL[1] : 283mS.
2025-07-24 16:31:23,575 [INFO] ProjectBuilder:5216 - Project Generator version: 4.7.0-B52
2025-07-24 16:31:23,679 [INFO] ConfigFileManager:1595 - The Die is : DIE451
2025-07-24 16:31:25,620 [INFO] ProjectBuilder:5496 - Time for Generating toolchain IDE Files: 2045mS.
2025-07-24 16:31:25,622 [INFO] ProjectBuilder:3463 - Time for Copy CMSIS : 1mS.
2025-07-24 16:31:25,626 [INFO] ProjectBuilder:3463 - Time for Copy CMSIS : 0mS.
2025-07-24 16:32:52,725 [INFO] UtilMem:75 - End SaveConfig() Used Memory: 755445440 Bytes (859832320)
2025-07-24 16:32:53,043 [INFO] BlockDiagram:2775 - set Specific Code input for plugin: CAN
2025-07-24 16:32:53,043 [INFO] BlockDiagram:2775 - set Specific Code input for plugin: CAN
2025-07-24 16:32:53,043 [INFO] BlockDiagram:2775 - set Specific Code input for plugin: SYS
2025-07-24 16:32:53,043 [INFO] BlockDiagram:2775 - set Specific Code input for plugin: RCC
2025-07-24 16:32:53,043 [INFO] BlockDiagram:2775 - set Specific Code input for plugin: NVIC
2025-07-24 16:32:53,044 [INFO] BlockDiagram:2775 - set Specific Code input for plugin: GPIO
2025-07-24 16:32:53,045 [INFO] CodeGenerator:892 - code generatio: config db path: C:\ST\STM32CubeIDE_1.16.1\STM32CubeIDE\plugins\com.st.stm32cube.common.mx_6.15.0.202507011659\\db\
2025-07-24 16:32:53,130 [INFO] CodeEngine:265 - oldGeneratedFile, C:\Users\Chinnapop\STM32CubeIDE\workspace\magnetometer_emulator\MXTmpFiles\license.tmp_save
2025-07-24 16:32:53,194 [INFO] CodeEngine:289 - Generated code: C:\Users\Chinnapop\STM32CubeIDE\workspace\magnetometer_emulator\MXTmpFiles\license.tmp
2025-07-24 16:32:53,216 [INFO] CodeEngine:265 - oldGeneratedFile, C:\Users\Chinnapop\STM32CubeIDE\workspace\magnetometer_emulator\MXTmpFiles\gpio.tmp_save
2025-07-24 16:32:53,281 [INFO] CodeEngine:289 - Generated code: C:\Users\Chinnapop\STM32CubeIDE\workspace\magnetometer_emulator\MXTmpFiles\gpio.tmp
2025-07-24 16:32:53,354 [INFO] CodeEngine:265 - oldGeneratedFile, C:\Users\Chinnapop\STM32CubeIDE\workspace\magnetometer_emulator\MXTmpFiles\cortex.tmp_save
2025-07-24 16:32:53,416 [INFO] CodeEngine:289 - Generated code: C:\Users\Chinnapop\STM32CubeIDE\workspace\magnetometer_emulator\MXTmpFiles\cortex.tmp
2025-07-24 16:32:53,437 [INFO] CodeEngine:265 - oldGeneratedFile, C:\Users\Chinnapop\STM32CubeIDE\workspace\magnetometer_emulator\Core\Src\stm32f7xx_it.c_save
2025-07-24 16:32:53,527 [INFO] CodeEngine:289 - Generated code: C:\Users\Chinnapop\STM32CubeIDE\workspace\magnetometer_emulator\Core\Src\stm32f7xx_it.c
2025-07-24 16:32:53,544 [INFO] CodeEngine:265 - oldGeneratedFile, C:\Users\Chinnapop\STM32CubeIDE\workspace\magnetometer_emulator\Core\Inc\stm32f7xx_it.h_save
2025-07-24 16:32:53,621 [INFO] CodeEngine:289 - Generated code: C:\Users\Chinnapop\STM32CubeIDE\workspace\magnetometer_emulator\Core\Inc\stm32f7xx_it.h
2025-07-24 16:32:53,647 [INFO] CodeEngine:265 - oldGeneratedFile, C:\Users\Chinnapop\STM32CubeIDE\workspace\magnetometer_emulator\Core\Src\stm32f7xx_hal_msp.c_save
2025-07-24 16:32:53,742 [INFO] CodeEngine:289 - Generated code: C:\Users\Chinnapop\STM32CubeIDE\workspace\magnetometer_emulator\Core\Src\stm32f7xx_hal_msp.c
2025-07-24 16:32:53,750 [INFO] CodeEngine:265 - oldGeneratedFile, C:\Users\Chinnapop\STM32CubeIDE\workspace\magnetometer_emulator\MXTmpFiles\system.tmp_save
2025-07-24 16:32:53,820 [INFO] CodeEngine:289 - Generated code: C:\Users\Chinnapop\STM32CubeIDE\workspace\magnetometer_emulator\MXTmpFiles\system.tmp
2025-07-24 16:32:53,848 [INFO] CodeEngine:321 - oldGeneratedFile, C:\Users\Chinnapop\STM32CubeIDE\workspace\magnetometer_emulator\Core\Inc\stm32f7xx_hal_conf.h_save
2025-07-24 16:32:53,927 [INFO] CodeEngine:345 - Generated code: C:\Users\Chinnapop\STM32CubeIDE\workspace\magnetometer_emulator\Core\Inc\stm32f7xx_hal_conf.h
2025-07-24 16:32:53,960 [INFO] CodeEngine:265 - oldGeneratedFile, C:\Users\Chinnapop\STM32CubeIDE\workspace\magnetometer_emulator\Core\Inc\main.h_save
2025-07-24 16:32:54,042 [INFO] CodeEngine:289 - Generated code: C:\Users\Chinnapop\STM32CubeIDE\workspace\magnetometer_emulator\Core\Inc\main.h
2025-07-24 16:32:54,053 [INFO] CodeEngine:265 - oldGeneratedFile, C:\Users\Chinnapop\STM32CubeIDE\workspace\magnetometer_emulator\Core\Src\main.c_save
2025-07-24 16:32:54,179 [INFO] CodeEngine:289 - Generated code: C:\Users\Chinnapop\STM32CubeIDE\workspace\magnetometer_emulator\Core\Src\main.c
2025-07-24 16:32:54,550 [INFO] ProjectBuilder:3606 - Time for Copy HAL[1] : 229mS.
2025-07-24 16:32:54,554 [INFO] ProjectBuilder:5216 - Project Generator version: 4.7.0-B52
2025-07-24 16:32:54,616 [INFO] ConfigFileManager:1595 - The Die is : DIE451
2025-07-24 16:32:55,484 [INFO] ProjectBuilder:5496 - Time for Generating toolchain IDE Files: 930mS.
2025-07-24 16:32:55,485 [INFO] ProjectBuilder:3463 - Time for Copy CMSIS : 0mS.
2025-07-24 16:32:55,489 [INFO] ProjectBuilder:3463 - Time for Copy CMSIS : 0mS.
2025-07-24 16:37:49,471 [INFO] MainUpdater:2872 - connection check result : 10
2025-07-24 16:37:49,471 [INFO] MainUpdater:2872 - connection check result : 10
2025-07-24 16:37:49,495 [INFO] MicroXplorer:468 - Change Database Path : 
2025-07-24 16:37:49,495 [INFO] MicroXplorer:498 - Change Database Version : DB.6.0.150
2025-07-24 16:37:49,617 [ERROR] ProjectManagerView:395 - 
java.lang.NullPointerException: Cannot invoke "javax.swing.JTextField.getText()" because the return value of "java.util.List.get(int)" is null
	at com.st.microxplorer.plugins.projectmanager.gui.ProjectChoiceTab$9.caretUpdate(ProjectChoiceTab.java:2706) ~[filemanager.jar:?]
	at javax.swing.text.JTextComponent.fireCaretUpdate(JTextComponent.java:408) ~[?:?]
	at javax.swing.text.JTextComponent$MutableCaretEvent.fire(JTextComponent.java:4484) ~[?:?]
	at javax.swing.text.JTextComponent$MutableCaretEvent.stateChanged(JTextComponent.java:4506) ~[?:?]
	at javax.swing.text.DefaultCaret.fireStateChanged(DefaultCaret.java:857) ~[?:?]
	at javax.swing.text.DefaultCaret.changeCaretPosition(DefaultCaret.java:1343) ~[?:?]
	at javax.swing.text.DefaultCaret.handleSetDot(DefaultCaret.java:1242) ~[?:?]
	at javax.swing.text.DefaultCaret.setDot(DefaultCaret.java:1223) ~[?:?]
	at javax.swing.text.DefaultCaret$Handler.insertUpdate(DefaultCaret.java:1819) ~[?:?]
	at javax.swing.text.AbstractDocument.fireInsertUpdate(AbstractDocument.java:227) ~[?:?]
	at javax.swing.text.AbstractDocument.handleInsertString(AbstractDocument.java:781) ~[?:?]
	at javax.swing.text.AbstractDocument.insertString(AbstractDocument.java:740) ~[?:?]
	at javax.swing.text.PlainDocument.insertString(PlainDocument.java:131) ~[?:?]
	at javax.swing.text.AbstractDocument.replace(AbstractDocument.java:699) ~[?:?]
	at javax.swing.text.JTextComponent.setText(JTextComponent.java:1725) ~[?:?]
	at com.st.microxplorer.plugins.projectmanager.gui.ProjectChoiceTab.createHeapStackFields(ProjectChoiceTab.java:993) ~[filemanager.jar:?]
	at com.st.microxplorer.plugins.projectmanager.gui.ProjectChoiceTab.buildLinkSettingsPanel(ProjectChoiceTab.java:3813) ~[filemanager.jar:?]
	at com.st.microxplorer.plugins.projectmanager.gui.ProjectChoiceTab.defineWindowsFields(ProjectChoiceTab.java:1987) ~[filemanager.jar:?]
	at com.st.microxplorer.plugins.projectmanager.gui.ProjectChoiceTab.updateSettings(ProjectChoiceTab.java:558) ~[filemanager.jar:?]
	at com.st.microxplorer.plugins.projectmanager.gui.ProjectSettingsPanel.UpdateDialog(ProjectSettingsPanel.java:247) ~[filemanager.jar:?]
	at com.st.microxplorer.plugins.projectmanager.ProjectManagerView.propertyChange(ProjectManagerView.java:392) ~[filemanager.jar:?]
	at java.beans.PropertyChangeSupport.fire(PropertyChangeSupport.java:343) ~[?:?]
	at java.beans.PropertyChangeSupport.firePropertyChange(PropertyChangeSupport.java:335) ~[?:?]
	at java.beans.PropertyChangeSupport.firePropertyChange(PropertyChangeSupport.java:268) ~[?:?]
	at com.st.microxplorer.util.MXPropertyChangeSupport.firePropertyChange(MXPropertyChangeSupport.java:54) ~[STM32CubeMX.jar:?]
	at com.st.microxplorer.mxsystem.MxSystem.closeConfig(MxSystem.java:899) ~[STM32CubeMX.jar:?]
	at com.st.microxplorer.maingui.MainPanel.closeConfig(MainPanel.java:792) ~[STM32CubeMX.jar:?]
	at com.st.microxplorer.plugins.filemanager.engine.OpenFileManager.loadConfigurationFile(OpenFileManager.java:288) ~[filemanager.jar:?]
	at com.st.microxplorer.plugins.filemanager.engine.MainFileManager.userLoadConfig(MainFileManager.java:364) ~[filemanager.jar:?]
	at com.st.microxplorer.plugins.filemanager.engine.MainFileManager.userLoadConfig(MainFileManager.java:342) ~[filemanager.jar:?]
	at com.st.microxplorer.plugins.filemanager.FileManagerView.getSpecificTask(FileManagerView.java:264) ~[filemanager.jar:?]
	at com.st.stm32cube.common.mx.editor.CubeMxEditor.getMxTabbedPaneInstance(CubeMxEditor.java:1198) ~[com.st.stm32cube.common.mx_6.15.0.202507011659/:?]
	at com.st.stm32cube.common.mx.editor.CubeMxEditor$12$1.createSwingComponent(CubeMxEditor.java:1068) ~[com.st.stm32cube.common.mx_6.15.0.202507011659/:?]
	at com.st.stm32cube.common.mx.oss.core.awtswtbridge.EmbeddedSwingComposite.doComponentCreation(EmbeddedSwingComposite.java:492) ~[com.st.stm32cube.common.mx.oss_6.15.0.202507011659/:?]
	at com.st.stm32cube.common.mx.oss.core.awtswtbridge.EmbeddedSwingComposite$4.run(EmbeddedSwingComposite.java:291) ~[com.st.stm32cube.common.mx.oss_6.15.0.202507011659/:?]
	at com.st.stm32cube.common.mx.oss.core.awtswtbridge.AwtEnvironment$2.run(AwtEnvironment.java:166) ~[com.st.stm32cube.common.mx.oss_6.15.0.202507011659/:?]
	at java.awt.event.InvocationEvent.dispatch(InvocationEvent.java:318) ~[?:?]
	at java.awt.EventQueue.dispatchEventImpl(EventQueue.java:773) ~[?:?]
	at java.awt.EventQueue$4.run(EventQueue.java:720) ~[?:?]
	at java.awt.EventQueue$4.run(EventQueue.java:714) ~[?:?]
	at java.security.AccessController.doPrivileged(AccessController.java:400) ~[?:?]
	at java.security.ProtectionDomain$JavaSecurityAccessImpl.doIntersectionPrivilege(ProtectionDomain.java:87) ~[?:?]
	at java.awt.EventQueue.dispatchEvent(EventQueue.java:742) ~[?:?]
	at java.awt.EventDispatchThread.pumpOneEventForFilters(EventDispatchThread.java:203) ~[?:?]
	at java.awt.EventDispatchThread.pumpEventsForFilter(EventDispatchThread.java:124) ~[?:?]
	at java.awt.EventDispatchThread.pumpEventsForHierarchy(EventDispatchThread.java:113) ~[?:?]
	at java.awt.EventDispatchThread.pumpEvents(EventDispatchThread.java:109) ~[?:?]
	at java.awt.EventDispatchThread.pumpEvents(EventDispatchThread.java:101) ~[?:?]
	at java.awt.EventDispatchThread.run(EventDispatchThread.java:90) ~[?:?]
2025-07-24 16:37:49,668 [WARN] ThirdParty:871 - waiting for thirdparty lock release [close project]
2025-07-24 16:37:49,668 [INFO] ThirdParty:873 - entering critical section [close project]
2025-07-24 16:37:49,668 [INFO] ThirdParty:883 - exiting critical section [close project]
2025-07-24 16:37:49,675 [INFO] PinOutPanel:1589 - setPackage(No Configuration,No Configuration)
2025-07-24 16:37:49,735 [WARN] IpParametersView:155 - Warning: This peripheral hasn't parameters
2025-07-24 16:37:49,768 [WARN] MainPanel:289 - <html><b><center>Warning: This peripheral has no parameters to be configured<br></b></html>
2025-07-24 16:37:49,786 [INFO] UtilMem:75 - Begin LoadConfig() Used Memory: 621552928 Bytes (859832320)
2025-07-24 16:37:49,786 [INFO] MicroXplorer:468 - Change Database Path : 
2025-07-24 16:37:49,787 [INFO] MicroXplorer:498 - Change Database Version : DB.6.0.150
2025-07-24 16:37:49,787 [INFO] OpenFileManager:355 - Change cursor
2025-07-24 16:37:49,817 [INFO] RulesReader:64 - Compatibility file has been processed (317 Rules)
2025-07-24 16:37:49,827 [INFO] Mcu:2029 - Initializing MCU STM32F722Z(C-E)Tx STM32F722ZETx STM32F722ZET6
2025-07-24 16:37:52,255 [INFO] Context:786 - Trying to add GPIOservice into a context  which must be forbidden
2025-07-24 16:37:52,867 [INFO] ImportTextPane:234 - (OptionalMessage_ERROR) Pin10 (VP_RIF_VS_RIF1) cannot be retrieved for this MCU
2025-07-24 16:37:53,028 [INFO] RtosManager:558 - Registered RTOS mode: class=CMSIS, group=RTOS, mode=CMSIS_V1, owner=FREERTOS
2025-07-24 16:37:53,028 [INFO] RtosManager:558 - Registered RTOS mode: class=CMSIS, group=RTOS2, mode=CMSIS_V2, owner=FREERTOS
2025-07-24 16:37:53,028 [INFO] RtosManager:558 - Registered RTOS mode: class=RTOS, group=Core, mode=CMSIS_V1, owner=FREERTOS
2025-07-24 16:37:53,028 [INFO] RtosManager:558 - Registered RTOS mode: class=RTOS, group=Core, mode=CMSIS_V2, owner=FREERTOS
2025-07-24 16:37:53,028 [WARN] ModelIntegratedComponent:184 - Missing modes for component STMicroelectronics:FreeRTOS:0.0.1:STMicroelectronics:RTOS:FreeRTOS:Core:::10.2.0:
2025-07-24 16:37:53,033 [WARN] ModelIntegratedComponent:63 - No mode defined for component null
2025-07-24 16:37:53,034 [WARN] ModelIntegratedComponent:63 - No mode defined for component null
2025-07-24 16:37:53,034 [WARN] ModelIntegratedComponent:63 - No mode defined for component null
2025-07-24 16:37:53,034 [WARN] ModelIntegratedComponent:63 - No mode defined for component null
2025-07-24 16:37:53,034 [WARN] ModelIntegratedComponent:63 - No mode defined for component null
2025-07-24 16:37:53,034 [WARN] ModelIntegratedComponent:63 - No mode defined for component null
2025-07-24 16:37:53,034 [WARN] ModelIntegratedComponent:63 - No mode defined for component null
2025-07-24 16:37:53,034 [WARN] ModelIntegratedComponent:63 - No mode defined for component null
2025-07-24 16:37:53,034 [WARN] ModelIntegratedComponent:63 - No mode defined for component null
2025-07-24 16:37:53,034 [WARN] ModelIntegratedComponent:63 - No mode defined for component null
2025-07-24 16:37:53,034 [WARN] ModelIntegratedComponent:63 - No mode defined for component null
2025-07-24 16:37:53,034 [WARN] ModelIntegratedComponent:63 - No mode defined for component null
2025-07-24 16:37:53,034 [WARN] ModelIntegratedComponent:63 - No mode defined for component null
2025-07-24 16:37:53,034 [WARN] ModelIntegratedComponent:63 - No mode defined for component null
2025-07-24 16:37:53,034 [WARN] ModelIntegratedComponent:63 - No mode defined for component null
2025-07-24 16:37:53,034 [WARN] ModelIntegratedComponent:63 - No mode defined for component null
2025-07-24 16:37:53,034 [WARN] ModelIntegratedComponent:63 - No mode defined for component null
2025-07-24 16:37:53,034 [WARN] ModelIntegratedComponent:63 - No mode defined for component null
2025-07-24 16:37:53,034 [WARN] ModelIntegratedComponent:63 - No mode defined for component null
2025-07-24 16:37:53,034 [WARN] ModelIntegratedComponent:63 - No mode defined for component null
2025-07-24 16:37:53,034 [WARN] ModelIntegratedComponent:63 - No mode defined for component null
2025-07-24 16:37:53,034 [WARN] ModelIntegratedComponent:63 - No mode defined for component null
2025-07-24 16:37:53,034 [WARN] ModelIntegratedComponent:63 - No mode defined for component null
2025-07-24 16:37:53,034 [WARN] ModelIntegratedComponent:63 - No mode defined for component null
2025-07-24 16:37:53,034 [WARN] ModelIntegratedComponent:63 - No mode defined for component null
2025-07-24 16:37:53,034 [WARN] ModelIntegratedComponent:63 - No mode defined for component null
2025-07-24 16:37:53,034 [WARN] ModelIntegratedComponent:63 - No mode defined for component null
2025-07-24 16:37:53,034 [WARN] ModelIntegratedComponent:63 - No mode defined for component null
2025-07-24 16:37:53,034 [WARN] ModelIntegratedComponent:63 - No mode defined for component null
2025-07-24 16:37:53,034 [WARN] ModelIntegratedComponent:63 - No mode defined for component null
2025-07-24 16:37:53,034 [WARN] ModelIntegratedComponent:63 - No mode defined for component null
2025-07-24 16:37:53,034 [WARN] ModelIntegratedComponent:63 - No mode defined for component null
2025-07-24 16:37:53,034 [WARN] ModelIntegratedComponent:63 - No mode defined for component null
2025-07-24 16:37:53,034 [WARN] ModelIntegratedComponent:63 - No mode defined for component null
2025-07-24 16:37:53,034 [WARN] ModelIntegratedComponent:63 - No mode defined for component null
2025-07-24 16:37:53,034 [WARN] ModelPack:524 - Component already loaded: STMicroelectronics:HAL Drivers:0.0.0:STMicroelectronics:Device:STMicro_Driver:XSPI:HAL::0.0.1:HAL_XSPI
2025-07-24 16:37:53,189 [INFO] ThirdPartyModel:298 - Start build external matchings
2025-07-24 16:37:54,166 [INFO] ThirdPartyModel:316 - End build external matchings
2025-07-24 16:37:54,204 [INFO] ImportTextPane:234 - (OptionalMessage_ERROR) IP (RCC) : Invalid parameter (48MHZClocksFreq_Value)
2025-07-24 16:37:54,204 [INFO] ImportTextPane:234 - (OptionalMessage_ERROR) IP (RCC) : Invalid parameter (ADC12outputFreq_Value)
2025-07-24 16:37:54,204 [INFO] ImportTextPane:234 - (OptionalMessage_ERROR) IP (RCC) : Invalid parameter (ADC34outputFreq_Value)
2025-07-24 16:37:54,204 [INFO] ImportTextPane:234 - (OptionalMessage_ERROR) IP (RCC) : Invalid parameter (DFSDMAudioFreq_Value)
2025-07-24 16:37:54,204 [INFO] ImportTextPane:234 - (OptionalMessage_ERROR) IP (RCC) : Invalid parameter (DFSDMFreq_Value)
2025-07-24 16:37:54,204 [INFO] ImportTextPane:234 - (OptionalMessage_ERROR) IP (RCC) : Invalid parameter (FMPI2C1Freq_Value)
2025-07-24 16:37:54,204 [INFO] ImportTextPane:234 - (OptionalMessage_ERROR) IP (RCC) : Invalid parameter (FamilyName)
2025-07-24 16:37:54,204 [INFO] ImportTextPane:234 - (OptionalMessage_ERROR) IP (RCC) : Invalid parameter (I2S1Freq_Value)
2025-07-24 16:37:54,204 [INFO] ImportTextPane:234 - (OptionalMessage_ERROR) IP (RCC) : Invalid parameter (I2S2Freq_Value)
2025-07-24 16:37:54,204 [INFO] ImportTextPane:234 - (OptionalMessage_ERROR) IP (RCC) : Invalid parameter (I2SClocksFreq_Value)
2025-07-24 16:37:54,204 [INFO] ImportTextPane:234 - (OptionalMessage_ERROR) IP (RCC) : Invalid parameter (MCOFreq_Value)
2025-07-24 16:37:54,204 [INFO] ImportTextPane:234 - (OptionalMessage_ERROR) IP (RCC) : Invalid parameter (PLLI2SPCLKFreq_Value)
2025-07-24 16:37:54,204 [INFO] ImportTextPane:234 - (OptionalMessage_ERROR) IP (RCC) : Invalid parameter (PLLI2SQoutputFreq_Value)
2025-07-24 16:37:54,204 [INFO] ImportTextPane:234 - (OptionalMessage_ERROR) IP (RCC) : Invalid parameter (PLLI2SoutputFreq_Value)
2025-07-24 16:37:54,204 [INFO] ImportTextPane:234 - (OptionalMessage_ERROR) IP (RCC) : Invalid parameter (PLLMCOFreq_Value)
2025-07-24 16:37:54,204 [INFO] ImportTextPane:234 - (OptionalMessage_ERROR) IP (RCC) : Invalid parameter (PLLMUL)
2025-07-24 16:37:54,204 [INFO] ImportTextPane:234 - (OptionalMessage_ERROR) IP (RCC) : Invalid parameter (PLLRCLKFreq_Value)
2025-07-24 16:37:54,204 [INFO] ImportTextPane:234 - (OptionalMessage_ERROR) IP (RCC) : Invalid parameter (PLLRoutputFreq_Value)
2025-07-24 16:37:54,205 [INFO] ImportTextPane:234 - (OptionalMessage_ERROR) IP (RCC) : Invalid parameter (PRESCALERUSB)
2025-07-24 16:37:54,205 [INFO] ImportTextPane:234 - (OptionalMessage_ERROR) IP (RCC) : Invalid parameter (PWRFreq_Value)
2025-07-24 16:37:54,205 [INFO] ImportTextPane:234 - (OptionalMessage_ERROR) IP (RCC) : Invalid parameter (RTCHSEDivFreq_Value)
2025-07-24 16:37:54,205 [INFO] ImportTextPane:234 - (OptionalMessage_ERROR) IP (RCC) : Invalid parameter (SDIOFreq_Value)
2025-07-24 16:37:54,205 [INFO] ImportTextPane:234 - (OptionalMessage_ERROR) IP (RCC) : Parameter (SDMMC2Freq_Value) has invalid value (216000000)
2025-07-24 16:37:54,205 [INFO] ImportTextPane:234 - (OptionalMessage_ERROR) IP (RCC) : Parameter (SDMMCFreq_Value) has invalid value (216000000)
2025-07-24 16:37:54,205 [INFO] ImportTextPane:234 - (OptionalMessage_ERROR) IP (RCC) : Invalid parameter (SYSCLKSourceVirtual)
2025-07-24 16:37:54,205 [INFO] ImportTextPane:234 - (OptionalMessage_ERROR) IP (RCC) : Invalid parameter (TIM15Freq_Value)
2025-07-24 16:37:54,205 [INFO] ImportTextPane:234 - (OptionalMessage_ERROR) IP (RCC) : Invalid parameter (TIM16Freq_Value)
2025-07-24 16:37:54,205 [INFO] ImportTextPane:234 - (OptionalMessage_ERROR) IP (RCC) : Invalid parameter (TIM17Freq_Value)
2025-07-24 16:37:54,205 [INFO] ImportTextPane:234 - (OptionalMessage_ERROR) IP (RCC) : Invalid parameter (TIM1Freq_Value)
2025-07-24 16:37:54,205 [INFO] ImportTextPane:234 - (OptionalMessage_ERROR) IP (RCC) : Invalid parameter (TIM20Freq_Value)
2025-07-24 16:37:54,205 [INFO] ImportTextPane:234 - (OptionalMessage_ERROR) IP (RCC) : Invalid parameter (TIM2Freq_Value)
2025-07-24 16:37:54,205 [INFO] ImportTextPane:234 - (OptionalMessage_ERROR) IP (RCC) : Invalid parameter (TIM3Freq_Value)
2025-07-24 16:37:54,205 [INFO] ImportTextPane:234 - (OptionalMessage_ERROR) IP (RCC) : Invalid parameter (TIM8Freq_Value)
2025-07-24 16:37:54,205 [INFO] ImportTextPane:234 - (OptionalMessage_ERROR) IP (RCC) : Invalid parameter (VCOI2SInputFreq_Value)
2025-07-24 16:37:54,205 [INFO] ImportTextPane:234 - (OptionalMessage_ERROR) IP (RCC) : Invalid parameter (VCOInputMFreq_Value)
2025-07-24 16:37:54,205 [INFO] ImportTextPane:234 - (OptionalMessage_ERROR) IP (RCC) : Invalid parameter (VCOOutput2Freq_Value)
2025-07-24 16:37:54,205 [INFO] ImportTextPane:234 - (OptionalMessage_ERROR) IP (RCC) : Invalid parameter (VcooutputI2S)
2025-07-24 16:37:54,554 [INFO] UtilMem:75 - End LoadConfig() Used Memory: 591191376 Bytes (859832320)
2025-07-24 16:37:54,670 [WARN] ThirdParty:833 - waiting for thirdparty lock release [change project]
2025-07-24 16:37:54,671 [INFO] ThirdParty:835 - entering critical section [change project]
2025-07-24 16:37:54,671 [INFO] ThirdParty:1030 - CMSIS Pack Vendor :STMicroelectronics X-CUBE-PM33A1 1.0.0
2025-07-24 16:37:54,671 [INFO] ThirdParty:1030 - CMSIS Pack Vendor :STMicroelectronics USBPD 4.1
2025-07-24 16:37:54,671 [INFO] ThirdParty:1030 - CMSIS Pack Vendor :STMicroelectronics USB_HOST 2.0.0
2025-07-24 16:37:54,671 [INFO] ThirdParty:1030 - CMSIS Pack Vendor :STMicroelectronics FP-SNS-MOTENVWB1 1.4.0
2025-07-24 16:37:54,671 [INFO] ThirdParty:1030 - CMSIS Pack Vendor :STMicroelectronics X-CUBE-AZRTOS-F4 1.1.0
2025-07-24 16:37:54,671 [INFO] ThirdParty:1030 - CMSIS Pack Vendor :STMicroelectronics LIBJPEG 8.0.0
2025-07-24 16:37:54,671 [INFO] ThirdParty:1030 - CMSIS Pack Vendor :STMicroelectronics FP-ATR-ASTRA1 2.0.2
2025-07-24 16:37:54,671 [INFO] ThirdParty:1030 - CMSIS Pack Vendor :STMicroelectronics FP-ATR-ASTRA1 2.0.1
2025-07-24 16:37:54,671 [INFO] ThirdParty:1030 - CMSIS Pack Vendor :Avnet-IotConnect X-CUBE-IoTC-DA16k-PMOD 1.0.0
2025-07-24 16:37:54,671 [INFO] ThirdParty:1030 - CMSIS Pack Vendor :STMicroelectronics X-CUBE-SMBUS 2.1.0
2025-07-24 16:37:54,671 [INFO] ThirdParty:1030 - CMSIS Pack Vendor :STMicroelectronics X-CUBE-WB05N 1.1.0
2025-07-24 16:37:54,671 [INFO] ThirdParty:1030 - CMSIS Pack Vendor :STMicroelectronics X-CUBE-ISPU 2.1.0
2025-07-24 16:37:54,671 [INFO] ThirdParty:1030 - CMSIS Pack Vendor :STMicroelectronics X-CUBE-FREERTOS 1.2.0
2025-07-24 16:37:54,671 [INFO] ThirdParty:1030 - CMSIS Pack Vendor :STMicroelectronics X-CUBE-ST60 1.0.0
2025-07-24 16:37:54,671 [INFO] ThirdParty:1030 - CMSIS Pack Vendor :STMicroelectronics X-CUBE-NFC12 1.0.0
2025-07-24 16:37:54,671 [INFO] ThirdParty:1030 - CMSIS Pack Vendor :STMicroelectronics X-CUBE-AZRTOS-F7 1.1.0
2025-07-24 16:37:54,671 [INFO] ThirdParty:1030 - CMSIS Pack Vendor :STMicroelectronics X-CUBE-AZRTOS-L5 2.0.0
2025-07-24 16:37:54,671 [INFO] ThirdParty:1030 - CMSIS Pack Vendor :STMicroelectronics USB_DEVICE 2.0.0
2025-07-24 16:37:54,671 [INFO] ThirdParty:1030 - CMSIS Pack Vendor :STMicroelectronics X-CUBE-NFC6 3.1.0
2025-07-24 16:37:54,672 [INFO] ThirdParty:1030 - CMSIS Pack Vendor :STMicroelectronics X-CUBE-MEMS1 11.0.0
2025-07-24 16:37:54,672 [INFO] ThirdParty:1030 - CMSIS Pack Vendor :STMicroelectronics FreeRTOS 0.0.1
2025-07-24 16:37:54,672 [INFO] ThirdParty:1030 - CMSIS Pack Vendor :STMicroelectronics X-CUBE-DPower 1.2.0
2025-07-24 16:37:54,672 [INFO] ThirdParty:1030 - CMSIS Pack Vendor :STMicroelectronics FP-SNS-FLIGHT1 5.0.2
2025-07-24 16:37:54,672 [INFO] ThirdParty:1030 - CMSIS Pack Vendor :STMicroelectronics PDM2PCM 3.3.0
2025-07-24 16:37:54,672 [INFO] ThirdParty:1030 - CMSIS Pack Vendor :STMicroelectronics X-CUBE-AZRTOS-H7 3.4.0
2025-07-24 16:37:54,672 [INFO] ThirdParty:1030 - CMSIS Pack Vendor :STMicroelectronics X-CUBE-DISPLAY 3.0.0
2025-07-24 16:37:54,672 [INFO] ThirdParty:1030 - CMSIS Pack Vendor :STMicroelectronics X-CUBE-BLE1 7.0.0
2025-07-24 16:37:54,672 [INFO] ThirdParty:1030 - CMSIS Pack Vendor :STMicroelectronics X-CUBE-NFC10 1.0.0
2025-07-24 16:37:54,672 [INFO] ThirdParty:1030 - CMSIS Pack Vendor :STMicroelectronics X-CUBE-BLEMGR 4.0.0
2025-07-24 16:37:54,672 [INFO] ThirdParty:1030 - CMSIS Pack Vendor :STMicroelectronics X-CUBE-FREERTOS 1.3.1
2025-07-24 16:37:54,672 [INFO] ThirdParty:1030 - CMSIS Pack Vendor :STMicroelectronics HAL Drivers 0.0.0
2025-07-24 16:37:54,672 [INFO] ThirdParty:1030 - CMSIS Pack Vendor :emotas I-CUBE-CANOPEN 1.3.0
2025-07-24 16:37:54,672 [INFO] ThirdParty:1030 - CMSIS Pack Vendor :STMicroelectronics X-CUBE-FREERTOS 1.3.0
2025-07-24 16:37:54,672 [INFO] ThirdParty:1030 - CMSIS Pack Vendor :STMicroelectronics X-CUBE-NFC7 1.0.1
2025-07-24 16:37:54,672 [INFO] ThirdParty:1030 - CMSIS Pack Vendor :STMicroelectronics MBEDTLS 2.14.1
2025-07-24 16:37:54,672 [INFO] ThirdParty:1030 - CMSIS Pack Vendor :STMicroelectronics X-CUBE-BLEMGR 3.1.0
2025-07-24 16:37:54,672 [INFO] ThirdParty:1030 - CMSIS Pack Vendor :STMicroelectronics X-CUBE-AI 10.0.0
2025-07-24 16:37:54,672 [INFO] ThirdParty:1030 - CMSIS Pack Vendor :STMicroelectronics FP-SNS-STAIOTCFT 1.0.0
2025-07-24 16:37:54,672 [INFO] ThirdParty:1030 - CMSIS Pack Vendor :STMicroelectronics FP-SNS-SMARTAG2 1.2.0
2025-07-24 16:37:54,672 [INFO] ThirdParty:1030 - CMSIS Pack Vendor :STMicroelectronics FP-SNS-FLIGHT1 5.1.0
2025-07-24 16:37:54,672 [INFO] ThirdParty:1030 - CMSIS Pack Vendor :STMicroelectronics X-CUBE-MEMS1 11.1.0
2025-07-24 16:37:54,672 [INFO] ThirdParty:1030 - CMSIS Pack Vendor :STMicroelectronics X-CUBE-AZRTOS-WL 2.0.0
2025-07-24 16:37:54,672 [INFO] ThirdParty:1030 - CMSIS Pack Vendor :STMicroelectronics X-CUBE-DPower 1.3.0
2025-07-24 16:37:54,672 [INFO] ThirdParty:1030 - CMSIS Pack Vendor :STMicroelectronics FP-SNS-MOTENV1 5.0.0
2025-07-24 16:37:54,672 [INFO] ThirdParty:1030 - CMSIS Pack Vendor :STMicroelectronics USB_DEVICE 1.0.0
2025-07-24 16:37:54,672 [INFO] ThirdParty:1030 - CMSIS Pack Vendor :wolfSSL I-CUBE-wolfMQTT 1.19.0
2025-07-24 16:37:54,672 [INFO] ThirdParty:1030 - CMSIS Pack Vendor :STMicroelectronics X-CUBE-AZRTOS-L4 2.0.0
2025-07-24 16:37:54,672 [INFO] ThirdParty:1030 - CMSIS Pack Vendor :STMicroelectronics ThreadX 0.0.2
2025-07-24 16:37:54,672 [INFO] ThirdParty:1030 - CMSIS Pack Vendor :WES I-CUBE-Cesium 1.3.0
2025-07-24 16:37:54,673 [INFO] ThirdParty:1030 - CMSIS Pack Vendor :STMicroelectronics lwIP 2.1.2
2025-07-24 16:37:54,673 [INFO] ThirdParty:1030 - CMSIS Pack Vendor :STMicroelectronics X-CUBE-SFXS2LP1 4.0.0
2025-07-24 16:37:54,673 [INFO] ThirdParty:1030 - CMSIS Pack Vendor :STMicroelectronics X-CUBE-BLE2 3.3.0
2025-07-24 16:37:54,673 [INFO] ThirdParty:1030 - CMSIS Pack Vendor :STMicroelectronics PDM2PCM 3.2.0
2025-07-24 16:37:54,673 [INFO] ThirdParty:1030 - CMSIS Pack Vendor :STMicroelectronics X-CUBE-AZRTOS-H7 3.3.0
2025-07-24 16:37:54,673 [INFO] ThirdParty:1030 - CMSIS Pack Vendor :STMicroelectronics X-CUBE-NFC9 1.0.0
2025-07-24 16:37:54,673 [INFO] ThirdParty:1030 - CMSIS Pack Vendor :STMicroelectronics X-CUBE-BLE1 7.1.0
2025-07-24 16:37:54,673 [INFO] ThirdParty:1030 - CMSIS Pack Vendor :STMicroelectronics USB_DEVICE 3.0.0
2025-07-24 16:37:54,673 [INFO] ThirdParty:1030 - CMSIS Pack Vendor :STMicroelectronics X-CUBE-TCPP 4.1.0
2025-07-24 16:37:54,673 [INFO] ThirdParty:1030 - CMSIS Pack Vendor :STMicroelectronics X-CUBE-EEPRMA1 5.2.0
2025-07-24 16:37:54,673 [INFO] ThirdParty:1030 - CMSIS Pack Vendor :STMicroelectronics X-CUBE-BLEMGR 4.1.0
2025-07-24 16:37:54,673 [INFO] ThirdParty:1030 - CMSIS Pack Vendor :STMicroelectronics X-CUBE-IPS 3.0.0
2025-07-24 16:37:54,673 [INFO] ThirdParty:1030 - CMSIS Pack Vendor :STMicroelectronics X-CUBE-AZRTOS-WB 2.0.0
2025-07-24 16:37:54,673 [INFO] ThirdParty:1030 - CMSIS Pack Vendor :STMicroelectronics X-CUBE-GNSS1 7.0.0
2025-07-24 16:37:54,673 [INFO] ThirdParty:1030 - CMSIS Pack Vendor :STMicroelectronics X-CUBE-GNSS1 7.0.1
2025-07-24 16:37:54,673 [INFO] ThirdParty:1030 - CMSIS Pack Vendor :STMicroelectronics X-CUBE-TOUCHGFX 4.25.0
2025-07-24 16:37:54,673 [INFO] ThirdParty:1030 - CMSIS Pack Vendor :STMicroelectronics X-CUBE-AI 10.1.0
2025-07-24 16:37:54,674 [INFO] ThirdParty:1030 - CMSIS Pack Vendor :STMicroelectronics FP-SNS-STBOX1 2.0.0
2025-07-24 16:37:54,674 [INFO] ThirdParty:1030 - CMSIS Pack Vendor :STMicroelectronics X-CUBE-MEMS1 11.2.0
2025-07-24 16:37:54,674 [INFO] ThirdParty:1030 - CMSIS Pack Vendor :STMicroelectronics X-CUBE-AZRTOS-G0 1.1.0
2025-07-24 16:37:54,674 [INFO] ThirdParty:1030 - CMSIS Pack Vendor :STMicroelectronics X-CUBE-SAFEA1 1.2.2
2025-07-24 16:37:54,674 [INFO] ThirdParty:1030 - CMSIS Pack Vendor :STMicroelectronics X-CUBE-NFC4 3.0.0
2025-07-24 16:37:54,674 [INFO] ThirdParty:1030 - CMSIS Pack Vendor :STMicroelectronics X-CUBE-SUBG2 5.0.0
2025-07-24 16:37:54,674 [INFO] ThirdParty:1030 - CMSIS Pack Vendor :STMicroelectronics X-CUBE-AZRTOS-H7RS 1.1.0
2025-07-24 16:37:54,674 [INFO] ThirdParty:1030 - CMSIS Pack Vendor :STMicroelectronics STM32_WPAN 1.0.0
2025-07-24 16:37:54,674 [INFO] ThirdParty:1030 - CMSIS Pack Vendor :EmbeddedOffice I-CUBE-FS-RTOS 1.0.1
2025-07-24 16:37:54,674 [INFO] ThirdParty:1030 - CMSIS Pack Vendor :STMicroelectronics lwIP 2.0.3
2025-07-24 16:37:54,674 [INFO] ThirdParty:1030 - CMSIS Pack Vendor :Cesanta I-CUBE-Mongoose 7.13.0
2025-07-24 16:37:54,674 [INFO] ThirdParty:1030 - CMSIS Pack Vendor :STMicroelectronics USB_HOST 1.0.0
2025-07-24 16:37:54,674 [INFO] ThirdParty:1030 - CMSIS Pack Vendor :STMicroelectronics X-CUBE-AZRTOS-G4 2.0.0
2025-07-24 16:37:54,674 [INFO] ThirdParty:1030 - CMSIS Pack Vendor :STMicroelectronics X-CUBE-WB05N 2.0.0
2025-07-24 16:37:54,674 [INFO] ThirdParty:1030 - CMSIS Pack Vendor :STMicroelectronics PDM2PCM 3.1.0
2025-07-24 16:37:54,674 [INFO] ThirdParty:1030 - CMSIS Pack Vendor :STMicroelectronics X-CUBE-NFC7 2.0.0
2025-07-24 16:37:54,674 [INFO] ThirdParty:1030 - CMSIS Pack Vendor :STMicroelectronics X-CUBE-TCPP 4.2.0
2025-07-24 16:37:54,674 [INFO] ThirdParty:1030 - CMSIS Pack Vendor :RealThread X-CUBE-RT-Thread_Nano 4.1.1
2025-07-24 16:37:54,674 [INFO] ThirdParty:1030 - CMSIS Pack Vendor :STMicroelectronics FP-ATR-SIGFOX1 3.2.0
2025-07-24 16:37:54,674 [INFO] ThirdParty:1030 - CMSIS Pack Vendor :quantropi X-CUBE-qispace-sdk-base 1.9.3
2025-07-24 16:37:54,674 [INFO] ThirdParty:1030 - CMSIS Pack Vendor :STMicroelectronics X-CUBE-EEPRMA1 5.1.0
2025-07-24 16:37:54,674 [INFO] ThirdParty:1030 - CMSIS Pack Vendor :STMicroelectronics MBEDTLS 2.16.2
2025-07-24 16:37:54,675 [INFO] ThirdParty:1030 - CMSIS Pack Vendor :STMicroelectronics X-CUBE-IPS 3.1.0
2025-07-24 16:37:54,675 [INFO] ThirdParty:1030 - CMSIS Pack Vendor :STMicroelectronics X-CUBE-ALS 1.0.2
2025-07-24 16:37:54,675 [INFO] ThirdParty:1030 - CMSIS Pack Vendor :wolfSSL I-CUBE-wolfSSL 5.7.4
2025-07-24 16:37:54,675 [INFO] ThirdParty:1030 - CMSIS Pack Vendor :ITTIA_DB I-CUBE-ITTIADB 8.9.0
2025-07-24 16:37:54,675 [INFO] ThirdParty:1030 - CMSIS Pack Vendor :STMicroelectronics X-CUBE-TOUCHGFX 4.24.2
2025-07-24 16:37:54,675 [INFO] ThirdParty:1030 - CMSIS Pack Vendor :STMicroelectronics X-CUBE-TOUCHGFX 4.24.1
2025-07-24 16:37:54,675 [INFO] ThirdParty:1030 - CMSIS Pack Vendor :wolfSSL I-CUBE-wolfTPM 3.4.0
2025-07-24 16:37:54,675 [INFO] ThirdParty:1030 - CMSIS Pack Vendor :portGmbH I-Cube-SoM-uGOAL 1.1.0
2025-07-24 16:37:54,675 [INFO] ThirdParty:1030 - CMSIS Pack Vendor :STMicroelectronics X-CUBE-ST67W61 1.0.0
2025-07-24 16:37:54,675 [INFO] ThirdParty:1030 - CMSIS Pack Vendor :STMicroelectronics ThreadX 1.0.0
2025-07-24 16:37:54,675 [INFO] ThirdParty:1030 - CMSIS Pack Vendor :SEGGER I-CUBE-embOS 1.3.1
2025-07-24 16:37:54,675 [INFO] ThirdParty:1030 - CMSIS Pack Vendor :STMicroelectronics X-CUBE-ALGOBUILD 1.4.0
2025-07-24 16:37:54,675 [INFO] ThirdParty:1030 - CMSIS Pack Vendor :STMicroelectronics X-CUBE-MEMS1 11.3.0
2025-07-24 16:37:54,675 [INFO] ThirdParty:1030 - CMSIS Pack Vendor :STMicroelectronics X-CUBE-AZRTOS-H7RS 1.0.0
2025-07-24 16:37:54,676 [INFO] ThirdParty:1030 - CMSIS Pack Vendor :STMicroelectronics FP-ATR-ASTRA1 2.0.0
2025-07-24 16:37:54,676 [INFO] ThirdParty:1030 - CMSIS Pack Vendor :STMicroelectronics X-CUBE-TOF1 3.4.2
2025-07-24 16:37:54,676 [INFO] ThirdParty:1030 - CMSIS Pack Vendor :STMicroelectronics X-CUBE-TOF1 3.4.3
2025-07-24 16:37:54,676 [INFO] ThirdParty:1030 - CMSIS Pack Vendor :STMicroelectronics X-CUBE-AI 9.1.0
2025-07-24 16:37:54,676 [INFO] ThirdParty:1030 - CMSIS Pack Vendor :Infineon AIROC-Wi-Fi-Bluetooth-STM32 1.6.1
2025-07-24 16:37:54,676 [INFO] ThirdParty:1030 - CMSIS Pack Vendor :wolfSSL I-CUBE-wolfSSH 1.4.17
2025-07-24 16:37:54,676 [INFO] ThirdParty:841 - exiting critical section [change project]
2025-07-24 16:37:55,043 [INFO] PinOutPanel:1589 - setPackage(No Configuration,No Configuration)
2025-07-24 16:37:55,044 [INFO] PinOutPanel:1589 - setPackage(STM32F722ZETx,LQFP144)
2025-07-24 16:37:55,745 [INFO] UtilMem:75 - Before build in PCC Used Memory: 571508992 Bytes (859832320)
2025-07-24 16:37:56,118 [INFO] UtilMem:75 - After build in PCC Used Memory: 622366976 Bytes (859832320)
2025-07-24 16:37:56,155 [INFO] IPUIPlugin:80 - create IPUIPlugin
2025-07-24 16:37:56,155 [INFO] IPUIPlugin:80 - create IPUIPlugin
2025-07-24 16:37:56,155 [INFO] IPUIPlugin:80 - create IPUIPlugin
2025-07-24 16:37:56,155 [INFO] IPUIPlugin:80 - create IPUIPlugin
2025-07-24 16:37:56,155 [INFO] IPUIPlugin:80 - create IPUIPlugin
2025-07-24 16:37:56,155 [INFO] IPUIPlugin:80 - create IPUIPlugin
2025-07-24 16:37:56,156 [INFO] IPUIPlugin:80 - create IPUIPlugin
2025-07-24 16:37:56,156 [INFO] IPUIPlugin:80 - create IPUIPlugin
2025-07-24 16:37:56,156 [INFO] IPUIPlugin:80 - create IPUIPlugin
2025-07-24 16:37:56,156 [INFO] IPUIPlugin:80 - create IPUIPlugin
2025-07-24 16:37:56,156 [INFO] IPUIPlugin:80 - create IPUIPlugin
2025-07-24 16:37:56,156 [INFO] IPUIPlugin:80 - create IPUIPlugin
2025-07-24 16:37:56,156 [INFO] IPUIPlugin:80 - create IPUIPlugin
2025-07-24 16:37:56,156 [INFO] IPUIPlugin:80 - create IPUIPlugin
2025-07-24 16:37:56,156 [INFO] IPUIPlugin:80 - create IPUIPlugin
2025-07-24 16:37:56,157 [INFO] IPUIPlugin:80 - create IPUIPlugin
2025-07-24 16:37:56,157 [INFO] IPUIPlugin:80 - create IPUIPlugin
2025-07-24 16:37:56,157 [INFO] IPUIPlugin:80 - create IPUIPlugin
2025-07-24 16:37:56,158 [INFO] IPUIPlugin:80 - create IPUIPlugin
2025-07-24 16:37:56,158 [INFO] IPUIPlugin:80 - create IPUIPlugin
2025-07-24 16:37:56,158 [INFO] IPUIPlugin:80 - create IPUIPlugin
2025-07-24 16:37:56,158 [INFO] IPUIPlugin:80 - create IPUIPlugin
2025-07-24 16:37:56,158 [INFO] IPUIPlugin:80 - create IPUIPlugin
2025-07-24 16:37:56,159 [INFO] IPUIPlugin:80 - create IPUIPlugin
2025-07-24 16:37:56,159 [INFO] IPUIPlugin:80 - create IPUIPlugin
2025-07-24 16:37:56,159 [INFO] IPUIPlugin:80 - create IPUIPlugin
2025-07-24 16:37:56,159 [INFO] IPUIPlugin:80 - create IPUIPlugin
2025-07-24 16:37:56,159 [INFO] IPUIPlugin:80 - create IPUIPlugin
2025-07-24 16:37:56,159 [INFO] IPUIPlugin:80 - create IPUIPlugin
2025-07-24 16:37:56,159 [INFO] IPUIPlugin:80 - create IPUIPlugin
2025-07-24 16:37:56,160 [INFO] IPUIPlugin:80 - create IPUIPlugin
2025-07-24 16:37:56,160 [INFO] IPUIPlugin:80 - create IPUIPlugin
2025-07-24 16:37:56,160 [INFO] IPUIPlugin:80 - create IPUIPlugin
2025-07-24 16:37:56,160 [INFO] IPUIPlugin:80 - create IPUIPlugin
2025-07-24 16:37:56,160 [INFO] IPUIPlugin:80 - create IPUIPlugin
2025-07-24 16:37:56,160 [INFO] IPUIPlugin:80 - create IPUIPlugin
2025-07-24 16:37:56,160 [INFO] IPUIPlugin:80 - create IPUIPlugin
2025-07-24 16:37:56,161 [INFO] IPUIPlugin:80 - create IPUIPlugin
2025-07-24 16:37:56,161 [INFO] IPUIPlugin:80 - create IPUIPlugin
2025-07-24 16:37:56,161 [INFO] IPUIPlugin:80 - create IPUIPlugin
2025-07-24 16:37:56,161 [INFO] IPUIPlugin:80 - create IPUIPlugin
2025-07-24 16:37:56,161 [INFO] IPUIPlugin:80 - create IPUIPlugin
2025-07-24 16:37:56,161 [INFO] IPUIPlugin:80 - create IPUIPlugin
2025-07-24 16:37:56,161 [INFO] IPUIPlugin:80 - create IPUIPlugin
2025-07-24 16:37:56,162 [INFO] IPUIPlugin:80 - create IPUIPlugin
2025-07-24 16:37:56,162 [INFO] IPUIPlugin:80 - create IPUIPlugin
2025-07-24 16:37:56,162 [INFO] IPUIPlugin:80 - create IPUIPlugin
2025-07-24 16:37:56,162 [INFO] IPUIPlugin:80 - create IPUIPlugin
2025-07-24 16:37:56,162 [INFO] IPUIPlugin:80 - create IPUIPlugin
2025-07-24 16:37:56,163 [INFO] IPUIPlugin:80 - create IPUIPlugin
2025-07-24 16:37:56,163 [INFO] IPUIPlugin:80 - create IPUIPlugin
2025-07-24 16:37:56,163 [INFO] IPUIPlugin:80 - create IPUIPlugin
2025-07-24 16:37:56,163 [INFO] IPUIPlugin:80 - create IPUIPlugin
2025-07-24 16:37:56,163 [INFO] IPUIPlugin:80 - create IPUIPlugin
2025-07-24 16:37:56,164 [INFO] IPUIPlugin:80 - create IPUIPlugin
2025-07-24 16:37:56,164 [INFO] IPUIPlugin:80 - create IPUIPlugin
2025-07-24 16:37:56,164 [INFO] IPUIPlugin:80 - create IPUIPlugin
2025-07-24 16:37:56,164 [INFO] IPUIPlugin:80 - create IPUIPlugin
2025-07-24 16:37:56,165 [INFO] IPUIPlugin:80 - create IPUIPlugin
2025-07-24 16:37:56,165 [INFO] IPUIPlugin:80 - create IPUIPlugin
2025-07-24 16:37:56,165 [INFO] IPUIPlugin:80 - create IPUIPlugin
2025-07-24 16:37:56,165 [INFO] IPUIPlugin:80 - create IPUIPlugin
2025-07-24 16:37:56,166 [INFO] IPUIPlugin:80 - create IPUIPlugin
2025-07-24 16:37:56,166 [INFO] IPUIPlugin:80 - create IPUIPlugin
2025-07-24 16:37:56,167 [INFO] IPUIPlugin:80 - create IPUIPlugin
2025-07-24 16:37:56,179 [INFO] ApiDbMcu:532 - Load IP Config File for PDM2PCM
2025-07-24 16:37:56,183 [INFO] Can:71 - Can Add PropertyChangeListener com.st.microxplorer.plugins.ip.can.Can@c54669e
2025-07-24 16:37:56,277 [INFO] CADModel:165 - CPN selected for project levelSTM32F722ZET6
2025-07-24 16:37:56,277 [INFO] CADModel:114 - Register for checkConnection events
2025-07-24 16:37:56,367 [INFO] OpenFileManager:386 - Restore cursor
2025-07-24 16:41:12,389 [INFO] UtilMem:75 - End SaveConfig() Used Memory: 397163968 Bytes (859832320)
2025-07-24 16:41:13,417 [INFO] UtilMem:75 - End SaveConfig() Used Memory: 505624248 Bytes (859832320)
2025-07-24 16:41:13,748 [INFO] BlockDiagram:2775 - set Specific Code input for plugin: TIM6_7F7
2025-07-24 16:41:13,749 [INFO] BlockDiagram:2775 - set Specific Code input for plugin: CAN
2025-07-24 16:41:13,749 [INFO] BlockDiagram:2775 - set Specific Code input for plugin: SYS
2025-07-24 16:41:13,749 [INFO] BlockDiagram:2775 - set Specific Code input for plugin: RCC
2025-07-24 16:41:13,749 [INFO] BlockDiagram:2775 - set Specific Code input for plugin: NVIC
2025-07-24 16:41:13,749 [INFO] BlockDiagram:2775 - set Specific Code input for plugin: USART
2025-07-24 16:41:13,750 [INFO] BlockDiagram:2775 - set Specific Code input for plugin: GPIO
2025-07-24 16:41:13,751 [INFO] CodeGenerator:892 - code generatio: config db path: C:\ST\STM32CubeIDE_1.16.1\STM32CubeIDE\plugins\com.st.stm32cube.common.mx_6.15.0.202507011659\\db\
2025-07-24 16:41:13,887 [INFO] CodeEngine:265 - oldGeneratedFile, C:\Users\Chinnapop\STM32CubeIDE\workspace\IMU emulator\MXTmpFiles\license.tmp_save
2025-07-24 16:41:14,116 [INFO] CodeEngine:289 - Generated code: C:\Users\Chinnapop\STM32CubeIDE\workspace\IMU emulator\MXTmpFiles\license.tmp
2025-07-24 16:41:14,204 [INFO] CodeEngine:265 - oldGeneratedFile, C:\Users\Chinnapop\STM32CubeIDE\workspace\IMU emulator\MXTmpFiles\gpio.tmp_save
2025-07-24 16:41:14,383 [INFO] CodeEngine:289 - Generated code: C:\Users\Chinnapop\STM32CubeIDE\workspace\IMU emulator\MXTmpFiles\gpio.tmp
2025-07-24 16:41:14,642 [INFO] CodeEngine:265 - oldGeneratedFile, C:\Users\Chinnapop\STM32CubeIDE\workspace\IMU emulator\MXTmpFiles\cortex.tmp_save
2025-07-24 16:41:14,752 [INFO] CodeEngine:289 - Generated code: C:\Users\Chinnapop\STM32CubeIDE\workspace\IMU emulator\MXTmpFiles\cortex.tmp
2025-07-24 16:41:14,776 [INFO] CodeEngine:265 - oldGeneratedFile, C:\Users\Chinnapop\STM32CubeIDE\workspace\IMU emulator\Core\Src\stm32f7xx_it.c_save
2025-07-24 16:41:14,896 [INFO] CodeEngine:289 - Generated code: C:\Users\Chinnapop\STM32CubeIDE\workspace\IMU emulator\Core\Src\stm32f7xx_it.c
2025-07-24 16:41:14,907 [INFO] CodeEngine:265 - oldGeneratedFile, C:\Users\Chinnapop\STM32CubeIDE\workspace\IMU emulator\Core\Inc\stm32f7xx_it.h_save
2025-07-24 16:41:15,015 [INFO] CodeEngine:289 - Generated code: C:\Users\Chinnapop\STM32CubeIDE\workspace\IMU emulator\Core\Inc\stm32f7xx_it.h
2025-07-24 16:41:15,037 [INFO] CodeEngine:265 - oldGeneratedFile, C:\Users\Chinnapop\STM32CubeIDE\workspace\IMU emulator\Core\Src\stm32f7xx_hal_msp.c_save
2025-07-24 16:41:15,201 [INFO] CodeEngine:289 - Generated code: C:\Users\Chinnapop\STM32CubeIDE\workspace\IMU emulator\Core\Src\stm32f7xx_hal_msp.c
2025-07-24 16:41:15,211 [INFO] CodeEngine:265 - oldGeneratedFile, C:\Users\Chinnapop\STM32CubeIDE\workspace\IMU emulator\MXTmpFiles\system.tmp_save
2025-07-24 16:41:15,319 [INFO] CodeEngine:289 - Generated code: C:\Users\Chinnapop\STM32CubeIDE\workspace\IMU emulator\MXTmpFiles\system.tmp
2025-07-24 16:41:15,341 [INFO] CodeEngine:321 - oldGeneratedFile, C:\Users\Chinnapop\STM32CubeIDE\workspace\IMU emulator\Core\Inc\stm32f7xx_hal_conf.h_save
2025-07-24 16:41:15,459 [INFO] CodeEngine:345 - Generated code: C:\Users\Chinnapop\STM32CubeIDE\workspace\IMU emulator\Core\Inc\stm32f7xx_hal_conf.h
2025-07-24 16:41:15,517 [INFO] ApiDbMcu:532 - Load IP Config File for CAN1
2025-07-24 16:41:15,592 [INFO] ApiDbMcu:532 - Load IP Config File for TIM7
2025-07-24 16:41:15,613 [INFO] ApiDbMcu:532 - Load IP Config File for USART2
2025-07-24 16:41:15,625 [INFO] ApiDbMcu:532 - Load IP Config File for RCC
2025-07-24 16:41:15,627 [WARN] IPConfigManager:3811 - IP not found : TIM
2025-07-24 16:41:15,629 [WARN] CodeGenerator:4259 - IP not found : null
2025-07-24 16:41:15,641 [INFO] CodeEngine:265 - oldGeneratedFile, C:\Users\Chinnapop\STM32CubeIDE\workspace\IMU emulator\Core\Inc\main.h_save
2025-07-24 16:41:15,745 [INFO] CodeEngine:289 - Generated code: C:\Users\Chinnapop\STM32CubeIDE\workspace\IMU emulator\Core\Inc\main.h
2025-07-24 16:41:15,756 [INFO] CodeEngine:265 - oldGeneratedFile, C:\Users\Chinnapop\STM32CubeIDE\workspace\IMU emulator\Core\Src\main.c_save
2025-07-24 16:41:15,926 [INFO] CodeEngine:289 - Generated code: C:\Users\Chinnapop\STM32CubeIDE\workspace\IMU emulator\Core\Src\main.c
2025-07-24 16:41:16,432 [INFO] ProjectBuilder:3606 - Time for Copy HAL[1] : 319mS.
2025-07-24 16:41:16,438 [INFO] ProjectBuilder:5216 - Project Generator version: 4.7.0-B52
2025-07-24 16:41:16,549 [INFO] ConfigFileManager:1595 - The Die is : DIE452
2025-07-24 16:41:16,556 [INFO] ApiDbMcu:532 - Load IP Config File for FATFS
2025-07-24 16:41:16,563 [INFO] ApiDbMcu:532 - Load IP Config File for FREERTOS
2025-07-24 16:41:16,567 [INFO] ApiDbMcu:532 - Load IP Config File for LIBJPEG
2025-07-24 16:41:16,576 [INFO] ApiDbMcu:532 - Load IP Config File for MBEDTLS
2025-07-24 16:41:16,585 [INFO] ApiDbMcu:532 - Load IP Config File for USB_DEVICE
2025-07-24 16:41:16,592 [INFO] ApiDbMcu:532 - Load IP Config File for USB_HOST
2025-07-24 16:41:18,264 [INFO] ProjectBuilder:5496 - Time for Generating toolchain IDE Files: 1826mS.
2025-07-24 16:41:18,267 [INFO] ProjectBuilder:3463 - Time for Copy CMSIS : 2mS.
2025-07-24 16:41:18,279 [INFO] ProjectBuilder:3463 - Time for Copy CMSIS : 0mS.
2025-07-24 16:55:08,213 [INFO] MainUpdater:2872 - connection check result : 10
2025-07-24 16:55:08,214 [INFO] MainUpdater:2872 - connection check result : 10
2025-07-24 16:55:08,255 [INFO] MicroXplorer:468 - Change Database Path : 
2025-07-24 16:55:08,255 [INFO] MicroXplorer:498 - Change Database Version : DB.6.0.150
2025-07-24 16:55:08,402 [ERROR] ProjectManagerView:395 - 
java.lang.NullPointerException: Cannot invoke "javax.swing.JTextField.getText()" because the return value of "java.util.List.get(int)" is null
	at com.st.microxplorer.plugins.projectmanager.gui.ProjectChoiceTab$9.caretUpdate(ProjectChoiceTab.java:2706) ~[filemanager.jar:?]
	at javax.swing.text.JTextComponent.fireCaretUpdate(JTextComponent.java:408) ~[?:?]
	at javax.swing.text.JTextComponent$MutableCaretEvent.fire(JTextComponent.java:4484) ~[?:?]
	at javax.swing.text.JTextComponent$MutableCaretEvent.stateChanged(JTextComponent.java:4506) ~[?:?]
	at javax.swing.text.DefaultCaret.fireStateChanged(DefaultCaret.java:857) ~[?:?]
	at javax.swing.text.DefaultCaret.changeCaretPosition(DefaultCaret.java:1343) ~[?:?]
	at javax.swing.text.DefaultCaret.handleSetDot(DefaultCaret.java:1242) ~[?:?]
	at javax.swing.text.DefaultCaret.setDot(DefaultCaret.java:1223) ~[?:?]
	at javax.swing.text.DefaultCaret$Handler.insertUpdate(DefaultCaret.java:1819) ~[?:?]
	at javax.swing.text.AbstractDocument.fireInsertUpdate(AbstractDocument.java:227) ~[?:?]
	at javax.swing.text.AbstractDocument.handleInsertString(AbstractDocument.java:781) ~[?:?]
	at javax.swing.text.AbstractDocument.insertString(AbstractDocument.java:740) ~[?:?]
	at javax.swing.text.PlainDocument.insertString(PlainDocument.java:131) ~[?:?]
	at javax.swing.text.AbstractDocument.replace(AbstractDocument.java:699) ~[?:?]
	at javax.swing.text.JTextComponent.setText(JTextComponent.java:1725) ~[?:?]
	at com.st.microxplorer.plugins.projectmanager.gui.ProjectChoiceTab.createHeapStackFields(ProjectChoiceTab.java:993) ~[filemanager.jar:?]
	at com.st.microxplorer.plugins.projectmanager.gui.ProjectChoiceTab.buildLinkSettingsPanel(ProjectChoiceTab.java:3813) ~[filemanager.jar:?]
	at com.st.microxplorer.plugins.projectmanager.gui.ProjectChoiceTab.defineWindowsFields(ProjectChoiceTab.java:1987) ~[filemanager.jar:?]
	at com.st.microxplorer.plugins.projectmanager.gui.ProjectChoiceTab.updateSettings(ProjectChoiceTab.java:558) ~[filemanager.jar:?]
	at com.st.microxplorer.plugins.projectmanager.gui.ProjectSettingsPanel.UpdateDialog(ProjectSettingsPanel.java:247) ~[filemanager.jar:?]
	at com.st.microxplorer.plugins.projectmanager.ProjectManagerView.propertyChange(ProjectManagerView.java:392) ~[filemanager.jar:?]
	at java.beans.PropertyChangeSupport.fire(PropertyChangeSupport.java:343) ~[?:?]
	at java.beans.PropertyChangeSupport.firePropertyChange(PropertyChangeSupport.java:335) ~[?:?]
	at java.beans.PropertyChangeSupport.firePropertyChange(PropertyChangeSupport.java:268) ~[?:?]
	at com.st.microxplorer.util.MXPropertyChangeSupport.firePropertyChange(MXPropertyChangeSupport.java:54) ~[STM32CubeMX.jar:?]
	at com.st.microxplorer.mxsystem.MxSystem.closeConfig(MxSystem.java:899) ~[STM32CubeMX.jar:?]
	at com.st.microxplorer.maingui.MainPanel.closeConfig(MainPanel.java:792) ~[STM32CubeMX.jar:?]
	at com.st.microxplorer.plugins.filemanager.engine.OpenFileManager.loadConfigurationFile(OpenFileManager.java:288) ~[filemanager.jar:?]
	at com.st.microxplorer.plugins.filemanager.engine.MainFileManager.userLoadConfig(MainFileManager.java:364) ~[filemanager.jar:?]
	at com.st.microxplorer.plugins.filemanager.engine.MainFileManager.userLoadConfig(MainFileManager.java:342) ~[filemanager.jar:?]
	at com.st.microxplorer.plugins.filemanager.FileManagerView.getSpecificTask(FileManagerView.java:264) ~[filemanager.jar:?]
	at com.st.stm32cube.common.mx.editor.CubeMxEditor.getMxTabbedPaneInstance(CubeMxEditor.java:1198) ~[com.st.stm32cube.common.mx_6.15.0.202507011659/:?]
	at com.st.stm32cube.common.mx.editor.CubeMxEditor$12$1.createSwingComponent(CubeMxEditor.java:1068) ~[com.st.stm32cube.common.mx_6.15.0.202507011659/:?]
	at com.st.stm32cube.common.mx.oss.core.awtswtbridge.EmbeddedSwingComposite.doComponentCreation(EmbeddedSwingComposite.java:492) ~[com.st.stm32cube.common.mx.oss_6.15.0.202507011659/:?]
	at com.st.stm32cube.common.mx.oss.core.awtswtbridge.EmbeddedSwingComposite$4.run(EmbeddedSwingComposite.java:291) ~[com.st.stm32cube.common.mx.oss_6.15.0.202507011659/:?]
	at com.st.stm32cube.common.mx.oss.core.awtswtbridge.AwtEnvironment$2.run(AwtEnvironment.java:166) ~[com.st.stm32cube.common.mx.oss_6.15.0.202507011659/:?]
	at java.awt.event.InvocationEvent.dispatch(InvocationEvent.java:318) ~[?:?]
	at java.awt.EventQueue.dispatchEventImpl(EventQueue.java:773) ~[?:?]
	at java.awt.EventQueue$4.run(EventQueue.java:720) ~[?:?]
	at java.awt.EventQueue$4.run(EventQueue.java:714) ~[?:?]
	at java.security.AccessController.doPrivileged(AccessController.java:400) ~[?:?]
	at java.security.ProtectionDomain$JavaSecurityAccessImpl.doIntersectionPrivilege(ProtectionDomain.java:87) ~[?:?]
	at java.awt.EventQueue.dispatchEvent(EventQueue.java:742) ~[?:?]
	at java.awt.EventDispatchThread.pumpOneEventForFilters(EventDispatchThread.java:203) ~[?:?]
	at java.awt.EventDispatchThread.pumpEventsForFilter(EventDispatchThread.java:124) ~[?:?]
	at java.awt.EventDispatchThread.pumpEventsForHierarchy(EventDispatchThread.java:113) ~[?:?]
	at java.awt.EventDispatchThread.pumpEvents(EventDispatchThread.java:109) ~[?:?]
	at java.awt.EventDispatchThread.pumpEvents(EventDispatchThread.java:101) ~[?:?]
	at java.awt.EventDispatchThread.run(EventDispatchThread.java:90) ~[?:?]
2025-07-24 16:55:08,411 [WARN] ThirdParty:871 - waiting for thirdparty lock release [close project]
2025-07-24 16:55:08,411 [INFO] ThirdParty:873 - entering critical section [close project]
2025-07-24 16:55:08,411 [INFO] ThirdParty:883 - exiting critical section [close project]
2025-07-24 16:55:08,419 [INFO] PinOutPanel:1589 - setPackage(No Configuration,No Configuration)
2025-07-24 16:55:08,476 [WARN] IpParametersView:155 - Warning: This peripheral hasn't parameters
2025-07-24 16:55:08,506 [WARN] MainPanel:289 - <html><b><center>Warning: This peripheral has no parameters to be configured<br></b></html>
2025-07-24 16:55:08,521 [INFO] UtilMem:75 - Begin LoadConfig() Used Memory: 523519624 Bytes (859832320)
2025-07-24 16:55:08,524 [INFO] MicroXplorer:468 - Change Database Path : 
2025-07-24 16:55:08,524 [INFO] MicroXplorer:498 - Change Database Version : DB.6.0.150
2025-07-24 16:55:08,524 [INFO] OpenFileManager:355 - Change cursor
2025-07-24 16:55:08,589 [INFO] RulesReader:64 - Compatibility file has been processed (317 Rules)
2025-07-24 16:55:08,604 [INFO] Mcu:2029 - Initializing MCU STM32F767ZITx STM32F767ZITx STM32F767ZIT6
2025-07-24 16:55:12,178 [INFO] Context:786 - Trying to add GPIOservice into a context  which must be forbidden
2025-07-24 16:55:13,449 [INFO] ImportTextPane:234 - (OptionalMessage_ERROR) Pin7 (VP_RIF_VS_RIF1) cannot be retrieved for this MCU
2025-07-24 16:55:13,680 [INFO] RtosManager:558 - Registered RTOS mode: class=CMSIS, group=RTOS, mode=CMSIS_V1, owner=FREERTOS
2025-07-24 16:55:13,680 [INFO] RtosManager:558 - Registered RTOS mode: class=CMSIS, group=RTOS2, mode=CMSIS_V2, owner=FREERTOS
2025-07-24 16:55:13,680 [INFO] RtosManager:558 - Registered RTOS mode: class=RTOS, group=Core, mode=CMSIS_V1, owner=FREERTOS
2025-07-24 16:55:13,680 [INFO] RtosManager:558 - Registered RTOS mode: class=RTOS, group=Core, mode=CMSIS_V2, owner=FREERTOS
2025-07-24 16:55:13,680 [WARN] ModelIntegratedComponent:184 - Missing modes for component STMicroelectronics:FreeRTOS:0.0.1:STMicroelectronics:RTOS:FreeRTOS:Core:::10.2.0:
2025-07-24 16:55:13,684 [WARN] ModelIntegratedComponent:63 - No mode defined for component null
2025-07-24 16:55:13,684 [WARN] ModelIntegratedComponent:63 - No mode defined for component null
2025-07-24 16:55:13,684 [WARN] ModelIntegratedComponent:63 - No mode defined for component null
2025-07-24 16:55:13,684 [WARN] ModelIntegratedComponent:63 - No mode defined for component null
2025-07-24 16:55:13,684 [WARN] ModelIntegratedComponent:63 - No mode defined for component null
2025-07-24 16:55:13,684 [WARN] ModelIntegratedComponent:63 - No mode defined for component null
2025-07-24 16:55:13,684 [WARN] ModelIntegratedComponent:63 - No mode defined for component null
2025-07-24 16:55:13,685 [WARN] ModelIntegratedComponent:63 - No mode defined for component null
2025-07-24 16:55:13,685 [WARN] ModelIntegratedComponent:63 - No mode defined for component null
2025-07-24 16:55:13,685 [WARN] ModelIntegratedComponent:63 - No mode defined for component null
2025-07-24 16:55:13,685 [WARN] ModelIntegratedComponent:63 - No mode defined for component null
2025-07-24 16:55:13,685 [WARN] ModelIntegratedComponent:63 - No mode defined for component null
2025-07-24 16:55:13,685 [WARN] ModelIntegratedComponent:63 - No mode defined for component null
2025-07-24 16:55:13,685 [WARN] ModelIntegratedComponent:63 - No mode defined for component null
2025-07-24 16:55:13,685 [WARN] ModelIntegratedComponent:63 - No mode defined for component null
2025-07-24 16:55:13,685 [WARN] ModelIntegratedComponent:63 - No mode defined for component null
2025-07-24 16:55:13,685 [WARN] ModelIntegratedComponent:63 - No mode defined for component null
2025-07-24 16:55:13,685 [WARN] ModelIntegratedComponent:63 - No mode defined for component null
2025-07-24 16:55:13,686 [WARN] ModelIntegratedComponent:63 - No mode defined for component null
2025-07-24 16:55:13,686 [WARN] ModelIntegratedComponent:63 - No mode defined for component null
2025-07-24 16:55:13,686 [WARN] ModelIntegratedComponent:63 - No mode defined for component null
2025-07-24 16:55:13,686 [WARN] ModelIntegratedComponent:63 - No mode defined for component null
2025-07-24 16:55:13,686 [WARN] ModelIntegratedComponent:63 - No mode defined for component null
2025-07-24 16:55:13,686 [WARN] ModelIntegratedComponent:63 - No mode defined for component null
2025-07-24 16:55:13,686 [WARN] ModelIntegratedComponent:63 - No mode defined for component null
2025-07-24 16:55:13,686 [WARN] ModelIntegratedComponent:63 - No mode defined for component null
2025-07-24 16:55:13,686 [WARN] ModelIntegratedComponent:63 - No mode defined for component null
2025-07-24 16:55:13,686 [WARN] ModelIntegratedComponent:63 - No mode defined for component null
2025-07-24 16:55:13,686 [WARN] ModelIntegratedComponent:63 - No mode defined for component null
2025-07-24 16:55:13,687 [WARN] ModelIntegratedComponent:63 - No mode defined for component null
2025-07-24 16:55:13,687 [WARN] ModelIntegratedComponent:63 - No mode defined for component null
2025-07-24 16:55:13,687 [WARN] ModelIntegratedComponent:63 - No mode defined for component null
2025-07-24 16:55:13,687 [WARN] ModelIntegratedComponent:63 - No mode defined for component null
2025-07-24 16:55:13,687 [WARN] ModelIntegratedComponent:63 - No mode defined for component null
2025-07-24 16:55:13,687 [WARN] ModelIntegratedComponent:63 - No mode defined for component null
2025-07-24 16:55:13,687 [WARN] ModelPack:524 - Component already loaded: STMicroelectronics:HAL Drivers:0.0.0:STMicroelectronics:Device:STMicro_Driver:XSPI:HAL::0.0.1:HAL_XSPI
2025-07-24 16:55:13,894 [INFO] ThirdPartyModel:298 - Start build external matchings
2025-07-24 16:55:15,057 [INFO] ThirdPartyModel:316 - End build external matchings
2025-07-24 16:55:15,101 [INFO] ImportTextPane:234 - (OptionalMessage_ERROR) IP (RCC) : Invalid parameter (48MHZClocksFreq_Value)
2025-07-24 16:55:15,101 [INFO] ImportTextPane:234 - (OptionalMessage_ERROR) IP (RCC) : Invalid parameter (ADC12outputFreq_Value)
2025-07-24 16:55:15,101 [INFO] ImportTextPane:234 - (OptionalMessage_ERROR) IP (RCC) : Invalid parameter (ADC34outputFreq_Value)
2025-07-24 16:55:15,102 [INFO] ImportTextPane:234 - (OptionalMessage_ERROR) IP (RCC) : Invalid parameter (FamilyName)
2025-07-24 16:55:15,102 [INFO] ImportTextPane:234 - (OptionalMessage_ERROR) IP (RCC) : Invalid parameter (I2SClocksFreq_Value)
2025-07-24 16:55:15,102 [INFO] ImportTextPane:234 - (OptionalMessage_ERROR) IP (RCC) : Invalid parameter (LCDTFToutputFreq_Value)
2025-07-24 16:55:15,103 [INFO] ImportTextPane:234 - (OptionalMessage_ERROR) IP (RCC) : Invalid parameter (MCOFreq_Value)
2025-07-24 16:55:15,104 [INFO] ImportTextPane:234 - (OptionalMessage_ERROR) IP (RCC) : Invalid parameter (PLLMCOFreq_Value)
2025-07-24 16:55:15,104 [INFO] ImportTextPane:234 - (OptionalMessage_ERROR) IP (RCC) : Invalid parameter (PLLMUL)
2025-07-24 16:55:15,105 [INFO] ImportTextPane:234 - (OptionalMessage_ERROR) IP (RCC) : Invalid parameter (PRESCALERUSB)
2025-07-24 16:55:15,105 [INFO] ImportTextPane:234 - (OptionalMessage_ERROR) IP (RCC) : Parameter (RNGFreq_Value) has invalid value (108000000)
2025-07-24 16:55:15,105 [INFO] ImportTextPane:234 - (OptionalMessage_ERROR) IP (RCC) : Invalid parameter (RTCHSEDivFreq_Value)
2025-07-24 16:55:15,105 [INFO] ImportTextPane:234 - (OptionalMessage_ERROR) IP (RCC) : Parameter (SDMMC2Freq_Value) has invalid value (216000000)
2025-07-24 16:55:15,106 [INFO] ImportTextPane:234 - (OptionalMessage_ERROR) IP (RCC) : Parameter (SDMMCFreq_Value) has invalid value (216000000)
2025-07-24 16:55:15,106 [INFO] ImportTextPane:234 - (OptionalMessage_ERROR) IP (RCC) : Invalid parameter (SYSCLKSourceVirtual)
2025-07-24 16:55:15,106 [INFO] ImportTextPane:234 - (OptionalMessage_ERROR) IP (RCC) : Invalid parameter (TIM15Freq_Value)
2025-07-24 16:55:15,106 [INFO] ImportTextPane:234 - (OptionalMessage_ERROR) IP (RCC) : Invalid parameter (TIM16Freq_Value)
2025-07-24 16:55:15,106 [INFO] ImportTextPane:234 - (OptionalMessage_ERROR) IP (RCC) : Invalid parameter (TIM17Freq_Value)
2025-07-24 16:55:15,107 [INFO] ImportTextPane:234 - (OptionalMessage_ERROR) IP (RCC) : Invalid parameter (TIM1Freq_Value)
2025-07-24 16:55:15,107 [INFO] ImportTextPane:234 - (OptionalMessage_ERROR) IP (RCC) : Invalid parameter (TIM20Freq_Value)
2025-07-24 16:55:15,107 [INFO] ImportTextPane:234 - (OptionalMessage_ERROR) IP (RCC) : Invalid parameter (TIM2Freq_Value)
2025-07-24 16:55:15,107 [INFO] ImportTextPane:234 - (OptionalMessage_ERROR) IP (RCC) : Invalid parameter (TIM3Freq_Value)
2025-07-24 16:55:15,107 [INFO] ImportTextPane:234 - (OptionalMessage_ERROR) IP (RCC) : Invalid parameter (TIM8Freq_Value)
2025-07-24 16:55:15,107 [INFO] ImportTextPane:234 - (OptionalMessage_ERROR) IP (RCC) : Parameter (USBFreq_Value) has invalid value (108000000)
2025-07-24 16:55:15,108 [INFO] ImportTextPane:234 - (OptionalMessage_ERROR) IP (RCC) : Invalid parameter (VCOOutput2Freq_Value)
2025-07-24 16:55:15,108 [INFO] ImportTextPane:234 - (OptionalMessage_ERROR) IP (RCC) : Invalid parameter (VcooutputI2S)
2025-07-24 16:55:15,759 [INFO] UtilMem:75 - End LoadConfig() Used Memory: 608302272 Bytes (859832320)
2025-07-24 16:55:15,818 [WARN] ThirdParty:833 - waiting for thirdparty lock release [change project]
2025-07-24 16:55:15,819 [INFO] ThirdParty:835 - entering critical section [change project]
2025-07-24 16:55:15,819 [INFO] ThirdParty:1030 - CMSIS Pack Vendor :STMicroelectronics X-CUBE-PM33A1 1.0.0
2025-07-24 16:55:15,820 [INFO] ThirdParty:1030 - CMSIS Pack Vendor :STMicroelectronics USBPD 4.1
2025-07-24 16:55:15,820 [INFO] ThirdParty:1030 - CMSIS Pack Vendor :STMicroelectronics USB_HOST 2.0.0
2025-07-24 16:55:15,820 [INFO] ThirdParty:1030 - CMSIS Pack Vendor :STMicroelectronics FP-SNS-MOTENVWB1 1.4.0
2025-07-24 16:55:15,820 [INFO] ThirdParty:1030 - CMSIS Pack Vendor :STMicroelectronics X-CUBE-AZRTOS-F4 1.1.0
2025-07-24 16:55:15,821 [INFO] ThirdParty:1030 - CMSIS Pack Vendor :STMicroelectronics LIBJPEG 8.0.0
2025-07-24 16:55:15,821 [INFO] ThirdParty:1030 - CMSIS Pack Vendor :STMicroelectronics FP-ATR-ASTRA1 2.0.2
2025-07-24 16:55:15,821 [INFO] ThirdParty:1030 - CMSIS Pack Vendor :STMicroelectronics FP-ATR-ASTRA1 2.0.1
2025-07-24 16:55:15,821 [INFO] ThirdParty:1030 - CMSIS Pack Vendor :Avnet-IotConnect X-CUBE-IoTC-DA16k-PMOD 1.0.0
2025-07-24 16:55:15,822 [INFO] ThirdParty:1030 - CMSIS Pack Vendor :STMicroelectronics X-CUBE-SMBUS 2.1.0
2025-07-24 16:55:15,822 [INFO] ThirdParty:1030 - CMSIS Pack Vendor :STMicroelectronics X-CUBE-WB05N 1.1.0
2025-07-24 16:55:15,823 [INFO] ThirdParty:1030 - CMSIS Pack Vendor :STMicroelectronics X-CUBE-ISPU 2.1.0
2025-07-24 16:55:15,823 [INFO] ThirdParty:1030 - CMSIS Pack Vendor :STMicroelectronics X-CUBE-FREERTOS 1.2.0
2025-07-24 16:55:15,824 [INFO] ThirdParty:1030 - CMSIS Pack Vendor :STMicroelectronics X-CUBE-ST60 1.0.0
2025-07-24 16:55:15,824 [INFO] ThirdParty:1030 - CMSIS Pack Vendor :STMicroelectronics X-CUBE-NFC12 1.0.0
2025-07-24 16:55:15,824 [INFO] ThirdParty:1030 - CMSIS Pack Vendor :STMicroelectronics X-CUBE-AZRTOS-F7 1.1.0
2025-07-24 16:55:15,825 [INFO] ThirdParty:1030 - CMSIS Pack Vendor :STMicroelectronics X-CUBE-AZRTOS-L5 2.0.0
2025-07-24 16:55:15,825 [INFO] ThirdParty:1030 - CMSIS Pack Vendor :STMicroelectronics USB_DEVICE 2.0.0
2025-07-24 16:55:15,825 [INFO] ThirdParty:1030 - CMSIS Pack Vendor :STMicroelectronics X-CUBE-NFC6 3.1.0
2025-07-24 16:55:15,825 [INFO] ThirdParty:1030 - CMSIS Pack Vendor :STMicroelectronics X-CUBE-MEMS1 11.0.0
2025-07-24 16:55:15,825 [INFO] ThirdParty:1030 - CMSIS Pack Vendor :STMicroelectronics FreeRTOS 0.0.1
2025-07-24 16:55:15,826 [INFO] ThirdParty:1030 - CMSIS Pack Vendor :STMicroelectronics X-CUBE-DPower 1.2.0
2025-07-24 16:55:15,827 [INFO] ThirdParty:1030 - CMSIS Pack Vendor :STMicroelectronics FP-SNS-FLIGHT1 5.0.2
2025-07-24 16:55:15,827 [INFO] ThirdParty:1030 - CMSIS Pack Vendor :STMicroelectronics PDM2PCM 3.3.0
2025-07-24 16:55:15,828 [INFO] ThirdParty:1030 - CMSIS Pack Vendor :STMicroelectronics X-CUBE-AZRTOS-H7 3.4.0
2025-07-24 16:55:15,828 [INFO] ThirdParty:1030 - CMSIS Pack Vendor :STMicroelectronics X-CUBE-DISPLAY 3.0.0
2025-07-24 16:55:15,828 [INFO] ThirdParty:1030 - CMSIS Pack Vendor :STMicroelectronics X-CUBE-BLE1 7.0.0
2025-07-24 16:55:15,828 [INFO] ThirdParty:1030 - CMSIS Pack Vendor :STMicroelectronics X-CUBE-NFC10 1.0.0
2025-07-24 16:55:15,828 [INFO] ThirdParty:1030 - CMSIS Pack Vendor :STMicroelectronics X-CUBE-BLEMGR 4.0.0
2025-07-24 16:55:15,828 [INFO] ThirdParty:1030 - CMSIS Pack Vendor :STMicroelectronics X-CUBE-FREERTOS 1.3.1
2025-07-24 16:55:15,828 [INFO] ThirdParty:1030 - CMSIS Pack Vendor :STMicroelectronics HAL Drivers 0.0.0
2025-07-24 16:55:15,828 [INFO] ThirdParty:1030 - CMSIS Pack Vendor :emotas I-CUBE-CANOPEN 1.3.0
2025-07-24 16:55:15,829 [INFO] ThirdParty:1030 - CMSIS Pack Vendor :STMicroelectronics X-CUBE-FREERTOS 1.3.0
2025-07-24 16:55:15,829 [INFO] ThirdParty:1030 - CMSIS Pack Vendor :STMicroelectronics X-CUBE-NFC7 1.0.1
2025-07-24 16:55:15,829 [INFO] ThirdParty:1030 - CMSIS Pack Vendor :STMicroelectronics MBEDTLS 2.14.1
2025-07-24 16:55:15,829 [INFO] ThirdParty:1030 - CMSIS Pack Vendor :STMicroelectronics X-CUBE-BLEMGR 3.1.0
2025-07-24 16:55:15,829 [INFO] ThirdParty:1030 - CMSIS Pack Vendor :STMicroelectronics X-CUBE-AI 10.0.0
2025-07-24 16:55:15,829 [INFO] ThirdParty:1030 - CMSIS Pack Vendor :STMicroelectronics FP-SNS-STAIOTCFT 1.0.0
2025-07-24 16:55:15,829 [INFO] ThirdParty:1030 - CMSIS Pack Vendor :STMicroelectronics FP-SNS-SMARTAG2 1.2.0
2025-07-24 16:55:15,830 [INFO] ThirdParty:1030 - CMSIS Pack Vendor :STMicroelectronics FP-SNS-FLIGHT1 5.1.0
2025-07-24 16:55:15,830 [INFO] ThirdParty:1030 - CMSIS Pack Vendor :STMicroelectronics X-CUBE-MEMS1 11.1.0
2025-07-24 16:55:15,830 [INFO] ThirdParty:1030 - CMSIS Pack Vendor :STMicroelectronics X-CUBE-AZRTOS-WL 2.0.0
2025-07-24 16:55:15,830 [INFO] ThirdParty:1030 - CMSIS Pack Vendor :STMicroelectronics X-CUBE-DPower 1.3.0
2025-07-24 16:55:15,830 [INFO] ThirdParty:1030 - CMSIS Pack Vendor :STMicroelectronics FP-SNS-MOTENV1 5.0.0
2025-07-24 16:55:15,830 [INFO] ThirdParty:1030 - CMSIS Pack Vendor :STMicroelectronics USB_DEVICE 1.0.0
2025-07-24 16:55:15,830 [INFO] ThirdParty:1030 - CMSIS Pack Vendor :wolfSSL I-CUBE-wolfMQTT 1.19.0
2025-07-24 16:55:15,831 [INFO] ThirdParty:1030 - CMSIS Pack Vendor :STMicroelectronics X-CUBE-AZRTOS-L4 2.0.0
2025-07-24 16:55:15,831 [INFO] ThirdParty:1030 - CMSIS Pack Vendor :STMicroelectronics ThreadX 0.0.2
2025-07-24 16:55:15,831 [INFO] ThirdParty:1030 - CMSIS Pack Vendor :WES I-CUBE-Cesium 1.3.0
2025-07-24 16:55:15,831 [INFO] ThirdParty:1030 - CMSIS Pack Vendor :STMicroelectronics lwIP 2.1.2
2025-07-24 16:55:15,831 [INFO] ThirdParty:1030 - CMSIS Pack Vendor :STMicroelectronics X-CUBE-SFXS2LP1 4.0.0
2025-07-24 16:55:15,832 [INFO] ThirdParty:1030 - CMSIS Pack Vendor :STMicroelectronics X-CUBE-BLE2 3.3.0
2025-07-24 16:55:15,832 [INFO] ThirdParty:1030 - CMSIS Pack Vendor :STMicroelectronics PDM2PCM 3.2.0
2025-07-24 16:55:15,833 [INFO] ThirdParty:1030 - CMSIS Pack Vendor :STMicroelectronics X-CUBE-AZRTOS-H7 3.3.0
2025-07-24 16:55:15,833 [INFO] ThirdParty:1030 - CMSIS Pack Vendor :STMicroelectronics X-CUBE-NFC9 1.0.0
2025-07-24 16:55:15,833 [INFO] ThirdParty:1030 - CMSIS Pack Vendor :STMicroelectronics X-CUBE-BLE1 7.1.0
2025-07-24 16:55:15,833 [INFO] ThirdParty:1030 - CMSIS Pack Vendor :STMicroelectronics USB_DEVICE 3.0.0
2025-07-24 16:55:15,833 [INFO] ThirdParty:1030 - CMSIS Pack Vendor :STMicroelectronics X-CUBE-TCPP 4.1.0
2025-07-24 16:55:15,833 [INFO] ThirdParty:1030 - CMSIS Pack Vendor :STMicroelectronics X-CUBE-EEPRMA1 5.2.0
2025-07-24 16:55:15,833 [INFO] ThirdParty:1030 - CMSIS Pack Vendor :STMicroelectronics X-CUBE-BLEMGR 4.1.0
2025-07-24 16:55:15,834 [INFO] ThirdParty:1030 - CMSIS Pack Vendor :STMicroelectronics X-CUBE-IPS 3.0.0
2025-07-24 16:55:15,834 [INFO] ThirdParty:1030 - CMSIS Pack Vendor :STMicroelectronics X-CUBE-AZRTOS-WB 2.0.0
2025-07-24 16:55:15,834 [INFO] ThirdParty:1030 - CMSIS Pack Vendor :STMicroelectronics X-CUBE-GNSS1 7.0.0
2025-07-24 16:55:15,834 [INFO] ThirdParty:1030 - CMSIS Pack Vendor :STMicroelectronics X-CUBE-GNSS1 7.0.1
2025-07-24 16:55:15,834 [INFO] ThirdParty:1030 - CMSIS Pack Vendor :STMicroelectronics X-CUBE-TOUCHGFX 4.25.0
2025-07-24 16:55:15,834 [INFO] ThirdParty:1030 - CMSIS Pack Vendor :STMicroelectronics X-CUBE-AI 10.1.0
2025-07-24 16:55:15,834 [INFO] ThirdParty:1030 - CMSIS Pack Vendor :STMicroelectronics FP-SNS-STBOX1 2.0.0
2025-07-24 16:55:15,834 [INFO] ThirdParty:1030 - CMSIS Pack Vendor :STMicroelectronics X-CUBE-MEMS1 11.2.0
2025-07-24 16:55:15,834 [INFO] ThirdParty:1030 - CMSIS Pack Vendor :STMicroelectronics X-CUBE-AZRTOS-G0 1.1.0
2025-07-24 16:55:15,835 [INFO] ThirdParty:1030 - CMSIS Pack Vendor :STMicroelectronics X-CUBE-SAFEA1 1.2.2
2025-07-24 16:55:15,835 [INFO] ThirdParty:1030 - CMSIS Pack Vendor :STMicroelectronics X-CUBE-NFC4 3.0.0
2025-07-24 16:55:15,835 [INFO] ThirdParty:1030 - CMSIS Pack Vendor :STMicroelectronics X-CUBE-SUBG2 5.0.0
2025-07-24 16:55:15,835 [INFO] ThirdParty:1030 - CMSIS Pack Vendor :STMicroelectronics X-CUBE-AZRTOS-H7RS 1.1.0
2025-07-24 16:55:15,835 [INFO] ThirdParty:1030 - CMSIS Pack Vendor :STMicroelectronics STM32_WPAN 1.0.0
2025-07-24 16:55:15,835 [INFO] ThirdParty:1030 - CMSIS Pack Vendor :EmbeddedOffice I-CUBE-FS-RTOS 1.0.1
2025-07-24 16:55:15,835 [INFO] ThirdParty:1030 - CMSIS Pack Vendor :STMicroelectronics lwIP 2.0.3
2025-07-24 16:55:15,836 [INFO] ThirdParty:1030 - CMSIS Pack Vendor :Cesanta I-CUBE-Mongoose 7.13.0
2025-07-24 16:55:15,837 [INFO] ThirdParty:1030 - CMSIS Pack Vendor :STMicroelectronics USB_HOST 1.0.0
2025-07-24 16:55:15,838 [INFO] ThirdParty:1030 - CMSIS Pack Vendor :STMicroelectronics X-CUBE-AZRTOS-G4 2.0.0
2025-07-24 16:55:15,838 [INFO] ThirdParty:1030 - CMSIS Pack Vendor :STMicroelectronics X-CUBE-WB05N 2.0.0
2025-07-24 16:55:15,838 [INFO] ThirdParty:1030 - CMSIS Pack Vendor :STMicroelectronics PDM2PCM 3.1.0
2025-07-24 16:55:15,839 [INFO] ThirdParty:1030 - CMSIS Pack Vendor :STMicroelectronics X-CUBE-NFC7 2.0.0
2025-07-24 16:55:15,839 [INFO] ThirdParty:1030 - CMSIS Pack Vendor :STMicroelectronics X-CUBE-TCPP 4.2.0
2025-07-24 16:55:15,839 [INFO] ThirdParty:1030 - CMSIS Pack Vendor :RealThread X-CUBE-RT-Thread_Nano 4.1.1
2025-07-24 16:55:15,839 [INFO] ThirdParty:1030 - CMSIS Pack Vendor :STMicroelectronics FP-ATR-SIGFOX1 3.2.0
2025-07-24 16:55:15,839 [INFO] ThirdParty:1030 - CMSIS Pack Vendor :quantropi X-CUBE-qispace-sdk-base 1.9.3
2025-07-24 16:55:15,840 [INFO] ThirdParty:1030 - CMSIS Pack Vendor :STMicroelectronics X-CUBE-EEPRMA1 5.1.0
2025-07-24 16:55:15,840 [INFO] ThirdParty:1030 - CMSIS Pack Vendor :STMicroelectronics MBEDTLS 2.16.2
2025-07-24 16:55:15,840 [INFO] ThirdParty:1030 - CMSIS Pack Vendor :STMicroelectronics X-CUBE-IPS 3.1.0
2025-07-24 16:55:15,840 [INFO] ThirdParty:1030 - CMSIS Pack Vendor :STMicroelectronics X-CUBE-ALS 1.0.2
2025-07-24 16:55:15,840 [INFO] ThirdParty:1030 - CMSIS Pack Vendor :wolfSSL I-CUBE-wolfSSL 5.7.4
2025-07-24 16:55:15,840 [INFO] ThirdParty:1030 - CMSIS Pack Vendor :ITTIA_DB I-CUBE-ITTIADB 8.9.0
2025-07-24 16:55:15,841 [INFO] ThirdParty:1030 - CMSIS Pack Vendor :STMicroelectronics X-CUBE-TOUCHGFX 4.24.2
2025-07-24 16:55:15,841 [INFO] ThirdParty:1030 - CMSIS Pack Vendor :STMicroelectronics X-CUBE-TOUCHGFX 4.24.1
2025-07-24 16:55:15,842 [INFO] ThirdParty:1030 - CMSIS Pack Vendor :wolfSSL I-CUBE-wolfTPM 3.4.0
2025-07-24 16:55:15,842 [INFO] ThirdParty:1030 - CMSIS Pack Vendor :portGmbH I-Cube-SoM-uGOAL 1.1.0
2025-07-24 16:55:15,842 [INFO] ThirdParty:1030 - CMSIS Pack Vendor :STMicroelectronics X-CUBE-ST67W61 1.0.0
2025-07-24 16:55:15,842 [INFO] ThirdParty:1030 - CMSIS Pack Vendor :STMicroelectronics ThreadX 1.0.0
2025-07-24 16:55:15,842 [INFO] ThirdParty:1030 - CMSIS Pack Vendor :SEGGER I-CUBE-embOS 1.3.1
2025-07-24 16:55:15,842 [INFO] ThirdParty:1030 - CMSIS Pack Vendor :STMicroelectronics X-CUBE-ALGOBUILD 1.4.0
2025-07-24 16:55:15,842 [INFO] ThirdParty:1030 - CMSIS Pack Vendor :STMicroelectronics X-CUBE-MEMS1 11.3.0
2025-07-24 16:55:15,842 [INFO] ThirdParty:1030 - CMSIS Pack Vendor :STMicroelectronics X-CUBE-AZRTOS-H7RS 1.0.0
2025-07-24 16:55:15,843 [INFO] ThirdParty:1030 - CMSIS Pack Vendor :STMicroelectronics FP-ATR-ASTRA1 2.0.0
2025-07-24 16:55:15,843 [INFO] ThirdParty:1030 - CMSIS Pack Vendor :STMicroelectronics X-CUBE-TOF1 3.4.2
2025-07-24 16:55:15,843 [INFO] ThirdParty:1030 - CMSIS Pack Vendor :STMicroelectronics X-CUBE-TOF1 3.4.3
2025-07-24 16:55:15,843 [INFO] ThirdParty:1030 - CMSIS Pack Vendor :STMicroelectronics X-CUBE-AI 9.1.0
2025-07-24 16:55:15,844 [INFO] ThirdParty:1030 - CMSIS Pack Vendor :Infineon AIROC-Wi-Fi-Bluetooth-STM32 1.6.1
2025-07-24 16:55:15,844 [INFO] ThirdParty:1030 - CMSIS Pack Vendor :wolfSSL I-CUBE-wolfSSH 1.4.17
2025-07-24 16:55:15,844 [INFO] ThirdParty:841 - exiting critical section [change project]
2025-07-24 16:55:16,208 [INFO] PinOutPanel:1589 - setPackage(No Configuration,No Configuration)
2025-07-24 16:55:16,209 [INFO] PinOutPanel:1589 - setPackage(STM32F767ZITx,LQFP144)
2025-07-24 16:55:16,883 [INFO] UtilMem:75 - Before build in PCC Used Memory: 689238456 Bytes (859832320)
2025-07-24 16:55:17,335 [INFO] UtilMem:75 - After build in PCC Used Memory: 742715832 Bytes (859832320)
2025-07-24 16:55:17,372 [INFO] IPUIPlugin:80 - create IPUIPlugin
2025-07-24 16:55:17,372 [INFO] IPUIPlugin:80 - create IPUIPlugin
2025-07-24 16:55:17,372 [INFO] IPUIPlugin:80 - create IPUIPlugin
2025-07-24 16:55:17,372 [INFO] IPUIPlugin:80 - create IPUIPlugin
2025-07-24 16:55:17,372 [INFO] IPUIPlugin:80 - create IPUIPlugin
2025-07-24 16:55:17,372 [INFO] IPUIPlugin:80 - create IPUIPlugin
2025-07-24 16:55:17,372 [INFO] IPUIPlugin:80 - create IPUIPlugin
2025-07-24 16:55:17,372 [INFO] IPUIPlugin:80 - create IPUIPlugin
2025-07-24 16:55:17,373 [INFO] IPUIPlugin:80 - create IPUIPlugin
2025-07-24 16:55:17,373 [INFO] IPUIPlugin:80 - create IPUIPlugin
2025-07-24 16:55:17,373 [INFO] IPUIPlugin:80 - create IPUIPlugin
2025-07-24 16:55:17,373 [INFO] IPUIPlugin:80 - create IPUIPlugin
2025-07-24 16:55:17,373 [INFO] IPUIPlugin:80 - create IPUIPlugin
2025-07-24 16:55:17,373 [INFO] IPUIPlugin:80 - create IPUIPlugin
2025-07-24 16:55:17,373 [INFO] IPUIPlugin:80 - create IPUIPlugin
2025-07-24 16:55:17,373 [INFO] IPUIPlugin:80 - create IPUIPlugin
2025-07-24 16:55:17,373 [INFO] IPUIPlugin:80 - create IPUIPlugin
2025-07-24 16:55:17,374 [INFO] IPUIPlugin:80 - create IPUIPlugin
2025-07-24 16:55:17,374 [INFO] IPUIPlugin:80 - create IPUIPlugin
2025-07-24 16:55:17,374 [INFO] IPUIPlugin:80 - create IPUIPlugin
2025-07-24 16:55:17,374 [INFO] IPUIPlugin:80 - create IPUIPlugin
2025-07-24 16:55:17,374 [INFO] IPUIPlugin:80 - create IPUIPlugin
2025-07-24 16:55:17,374 [INFO] IPUIPlugin:80 - create IPUIPlugin
2025-07-24 16:55:17,374 [INFO] IPUIPlugin:80 - create IPUIPlugin
2025-07-24 16:55:17,374 [INFO] IPUIPlugin:80 - create IPUIPlugin
2025-07-24 16:55:17,374 [INFO] IPUIPlugin:80 - create IPUIPlugin
2025-07-24 16:55:17,375 [INFO] IPUIPlugin:80 - create IPUIPlugin
2025-07-24 16:55:17,375 [INFO] IPUIPlugin:80 - create IPUIPlugin
2025-07-24 16:55:17,375 [INFO] IPUIPlugin:80 - create IPUIPlugin
2025-07-24 16:55:17,375 [INFO] IPUIPlugin:80 - create IPUIPlugin
2025-07-24 16:55:17,375 [INFO] IPUIPlugin:80 - create IPUIPlugin
2025-07-24 16:55:17,375 [INFO] IPUIPlugin:80 - create IPUIPlugin
2025-07-24 16:55:17,375 [INFO] IPUIPlugin:80 - create IPUIPlugin
2025-07-24 16:55:17,376 [INFO] IPUIPlugin:80 - create IPUIPlugin
2025-07-24 16:55:17,376 [INFO] IPUIPlugin:80 - create IPUIPlugin
2025-07-24 16:55:17,376 [INFO] IPUIPlugin:80 - create IPUIPlugin
2025-07-24 16:55:17,376 [INFO] IPUIPlugin:80 - create IPUIPlugin
2025-07-24 16:55:17,376 [INFO] IPUIPlugin:80 - create IPUIPlugin
2025-07-24 16:55:17,376 [INFO] IPUIPlugin:80 - create IPUIPlugin
2025-07-24 16:55:17,377 [INFO] IPUIPlugin:80 - create IPUIPlugin
2025-07-24 16:55:17,377 [INFO] IPUIPlugin:80 - create IPUIPlugin
2025-07-24 16:55:17,377 [INFO] IPUIPlugin:80 - create IPUIPlugin
2025-07-24 16:55:17,378 [INFO] IPUIPlugin:80 - create IPUIPlugin
2025-07-24 16:55:17,378 [INFO] IPUIPlugin:80 - create IPUIPlugin
2025-07-24 16:55:17,378 [INFO] IPUIPlugin:80 - create IPUIPlugin
2025-07-24 16:55:17,378 [INFO] IPUIPlugin:80 - create IPUIPlugin
2025-07-24 16:55:17,378 [INFO] IPUIPlugin:80 - create IPUIPlugin
2025-07-24 16:55:17,378 [INFO] IPUIPlugin:80 - create IPUIPlugin
2025-07-24 16:55:17,379 [INFO] IPUIPlugin:80 - create IPUIPlugin
2025-07-24 16:55:17,379 [INFO] IPUIPlugin:80 - create IPUIPlugin
2025-07-24 16:55:17,379 [INFO] IPUIPlugin:80 - create IPUIPlugin
2025-07-24 16:55:17,379 [INFO] IPUIPlugin:80 - create IPUIPlugin
2025-07-24 16:55:17,379 [INFO] IPUIPlugin:80 - create IPUIPlugin
2025-07-24 16:55:17,379 [INFO] IPUIPlugin:80 - create IPUIPlugin
2025-07-24 16:55:17,380 [INFO] IPUIPlugin:80 - create IPUIPlugin
2025-07-24 16:55:17,380 [INFO] IPUIPlugin:80 - create IPUIPlugin
2025-07-24 16:55:17,380 [INFO] IPUIPlugin:80 - create IPUIPlugin
2025-07-24 16:55:17,380 [INFO] IPUIPlugin:80 - create IPUIPlugin
2025-07-24 16:55:17,380 [INFO] IPUIPlugin:80 - create IPUIPlugin
2025-07-24 16:55:17,381 [INFO] IPUIPlugin:80 - create IPUIPlugin
2025-07-24 16:55:17,381 [INFO] IPUIPlugin:80 - create IPUIPlugin
2025-07-24 16:55:17,381 [INFO] IPUIPlugin:80 - create IPUIPlugin
2025-07-24 16:55:17,381 [INFO] IPUIPlugin:80 - create IPUIPlugin
2025-07-24 16:55:17,381 [INFO] IPUIPlugin:80 - create IPUIPlugin
2025-07-24 16:55:17,382 [INFO] IPUIPlugin:80 - create IPUIPlugin
2025-07-24 16:55:17,382 [INFO] IPUIPlugin:80 - create IPUIPlugin
2025-07-24 16:55:17,382 [INFO] IPUIPlugin:80 - create IPUIPlugin
2025-07-24 16:55:17,396 [INFO] IPUIPlugin:80 - create IPUIPlugin
2025-07-24 16:55:17,396 [INFO] IPUIPlugin:80 - create IPUIPlugin
2025-07-24 16:55:17,397 [INFO] IPUIPlugin:80 - create IPUIPlugin
2025-07-24 16:55:17,397 [INFO] IPUIPlugin:80 - create IPUIPlugin
2025-07-24 16:55:17,397 [INFO] IPUIPlugin:80 - create IPUIPlugin
2025-07-24 16:55:17,398 [INFO] IPUIPlugin:80 - create IPUIPlugin
2025-07-24 16:55:17,398 [INFO] IPUIPlugin:80 - create IPUIPlugin
2025-07-24 16:55:17,398 [INFO] IPUIPlugin:80 - create IPUIPlugin
2025-07-24 16:55:17,399 [INFO] IPUIPlugin:80 - create IPUIPlugin
2025-07-24 16:55:17,399 [INFO] IPUIPlugin:80 - create IPUIPlugin
2025-07-24 16:55:17,400 [INFO] IPUIPlugin:80 - create IPUIPlugin
2025-07-24 16:55:17,400 [INFO] IPUIPlugin:80 - create IPUIPlugin
2025-07-24 16:55:17,417 [INFO] ApiDbMcu:532 - Load IP Config File for PDM2PCM
2025-07-24 16:55:17,422 [INFO] Can:71 - Can Add PropertyChangeListener com.st.microxplorer.plugins.ip.can.Can@2776736d
2025-07-24 16:55:17,424 [INFO] Can:71 - Can Add PropertyChangeListener com.st.microxplorer.plugins.ip.can.Can@376faa29
2025-07-24 16:55:17,506 [INFO] CADModel:165 - CPN selected for project levelSTM32F767ZIT6
2025-07-24 16:55:17,506 [INFO] CADModel:114 - Register for checkConnection events
2025-07-24 16:55:17,644 [INFO] OpenFileManager:386 - Restore cursor
2025-07-24 16:56:34,739 [INFO] NvicIntPanel:101 - NVIC parent = com.st.microxplorer.plugins.ip.nvic.MultiNvicIntPanel[,0,0,450x171,layout=javax.swing.BoxLayout,alignmentX=0.0,alignmentY=0.0,border=,flags=9,maximumSize=,minimumSize=,preferredSize=]
2025-07-24 16:56:38,536 [INFO] NvicIntPanel:101 - NVIC parent = com.st.microxplorer.plugins.ip.nvic.MultiNvicIntPanel[,0,0,0x0,invalid,layout=javax.swing.BoxLayout,alignmentX=0.0,alignmentY=0.0,border=,flags=9,maximumSize=,minimumSize=,preferredSize=]
2025-07-24 17:03:49,224 [INFO] Activator:176 - 


2025-07-24 17:03:49,225 [INFO] Activator:177 - !SESSION log4j initialized
2025-07-24 17:03:57,269 [INFO] LogOutputStream:77 - [STDOUT_REDIRECT] 
2025-07-24 17:03:58,874 [INFO] ApplicationProperties:184 - Using Application install path: C:\ST\STM32CubeIDE_1.16.1\STM32CubeIDE\plugins\com.st.stm32cube.common.mx_6.15.0.202507011659
2025-07-24 17:03:58,889 [INFO] DbMcusXml:78 - Set database path to: C:\ST\STM32CubeIDE_1.16.1\STM32CubeIDE\plugins\com.st.stm32cube.common.mx_6.15.0.202507011659\\db\/mcu/
2025-07-24 17:03:58,889 [INFO] ApiDb:274 - Set plugin database path to: C:\ST\STM32CubeIDE_1.16.1\STM32CubeIDE\plugins\com.st.stm32cube.common.mx_6.15.0.202507011659\\db\/plugins/boardmanager/
2025-07-24 17:03:58,889 [WARN] ApiDb:259 - Overriding images path with different value:  => C:\ST\STM32CubeIDE_1.16.1\STM32CubeIDE\plugins\com.st.stm32cube.common.mx_6.15.0.202507011659\\db\/plugins/mcufinder/images/
2025-07-24 17:03:58,900 [INFO] ApiDb:250 - Set database path to: C:\Users\Chinnapop\.stmcufinder\plugins\mcufinder//mcu/
2025-07-24 17:03:58,902 [INFO] DbMcusAds:125 - Set database path to: C:\Users\Chinnapop\.stmcufinder\plugins\mcufinder//mcu/
2025-07-24 17:03:58,903 [INFO] CrossReferenceDbSqlite:203 - Set database path to: C:\Users\Chinnapop\.stmcufinder\plugins\mcufinder//mcu/cs/
2025-07-24 17:03:59,010 [INFO] RulesReader:64 - Compatibility file has been processed (317 Rules)
2025-07-24 17:03:59,092 [INFO] DbMcusXml:78 - Set database path to: C:\ST\STM32CubeIDE_1.16.1\STM32CubeIDE\plugins\com.st.stm32cube.common.mx_6.15.0.202507011659\\db\/mcu/
2025-07-24 17:03:59,092 [INFO] ApiDb:274 - Set plugin database path to: C:\ST\STM32CubeIDE_1.16.1\STM32CubeIDE\plugins\com.st.stm32cube.common.mx_6.15.0.202507011659\\db\/plugins/boardmanager/
2025-07-24 17:03:59,093 [INFO] ApiDb:261 - Set plugin images path to: C:\ST\STM32CubeIDE_1.16.1\STM32CubeIDE\plugins\com.st.stm32cube.common.mx_6.15.0.202507011659\\db\/plugins/mcufinder/images/
2025-07-24 17:03:59,093 [WARN] DbFile:41 - Overriding database path with different value: C:\Users\Chinnapop\.stmcufinder\plugins\mcufinder/ => C:\Users\Chinnapop\.stmcufinder\plugins\mcufinder
2025-07-24 17:03:59,093 [INFO] ApiDb:250 - Set database path to: C:\Users\Chinnapop\.stmcufinder\plugins\mcufinder//mcu/
2025-07-24 17:03:59,093 [WARN] DbFile:41 - Overriding database path with different value: C:\Users\Chinnapop\.stmcufinder\plugins\mcufinder/ => C:\Users\Chinnapop\.stmcufinder\plugins\mcufinder
2025-07-24 17:03:59,093 [INFO] DbMcusAds:125 - Set database path to: C:\Users\Chinnapop\.stmcufinder\plugins\mcufinder//mcu/
2025-07-24 17:03:59,093 [WARN] DbFile:41 - Overriding database path with different value: C:\Users\Chinnapop\.stmcufinder\plugins\mcufinder/ => C:\Users\Chinnapop\.stmcufinder\plugins\mcufinder
2025-07-24 17:03:59,093 [WARN] DbFile:41 - Overriding database path with different value: C:\Users\Chinnapop\.stmcufinder\plugins\mcufinder/ => C:\Users\Chinnapop\.stmcufinder\plugins\mcufinder
2025-07-24 17:03:59,093 [INFO] CrossReferenceDbSqlite:203 - Set database path to: C:\Users\Chinnapop\.stmcufinder\plugins\mcufinder//mcu/cs/
2025-07-24 17:03:59,160 [INFO] MainPanel:274 - HeapMemory: 268435456
2025-07-24 17:03:59,238 [INFO] DbMcusXml:78 - Set database path to: C:\ST\STM32CubeIDE_1.16.1\STM32CubeIDE\plugins\com.st.stm32cube.common.mx_6.15.0.202507011659\\db\/mcu/
2025-07-24 17:03:59,238 [INFO] ApiDb:274 - Set plugin database path to: C:\ST\STM32CubeIDE_1.16.1\STM32CubeIDE\plugins\com.st.stm32cube.common.mx_6.15.0.202507011659\\db\/plugins/boardmanager/
2025-07-24 17:03:59,238 [INFO] ApiDb:261 - Set plugin images path to: C:\ST\STM32CubeIDE_1.16.1\STM32CubeIDE\plugins\com.st.stm32cube.common.mx_6.15.0.202507011659\\db\/plugins/mcufinder/images/
2025-07-24 17:03:59,238 [WARN] DbFile:41 - Overriding database path with different value: C:\Users\Chinnapop\.stmcufinder\plugins\mcufinder/ => C:\Users\Chinnapop\.stmcufinder\plugins\mcufinder
2025-07-24 17:03:59,238 [INFO] ApiDb:250 - Set database path to: C:\Users\Chinnapop\.stmcufinder\plugins\mcufinder//mcu/
2025-07-24 17:03:59,238 [WARN] DbFile:41 - Overriding database path with different value: C:\Users\Chinnapop\.stmcufinder\plugins\mcufinder/ => C:\Users\Chinnapop\.stmcufinder\plugins\mcufinder
2025-07-24 17:03:59,238 [INFO] DbMcusAds:125 - Set database path to: C:\Users\Chinnapop\.stmcufinder\plugins\mcufinder//mcu/
2025-07-24 17:03:59,238 [WARN] DbFile:41 - Overriding database path with different value: C:\Users\Chinnapop\.stmcufinder\plugins\mcufinder/ => C:\Users\Chinnapop\.stmcufinder\plugins\mcufinder
2025-07-24 17:03:59,239 [WARN] DbFile:41 - Overriding database path with different value: C:\Users\Chinnapop\.stmcufinder\plugins\mcufinder/ => C:\Users\Chinnapop\.stmcufinder\plugins\mcufinder
2025-07-24 17:03:59,239 [INFO] CrossReferenceDbSqlite:203 - Set database path to: C:\Users\Chinnapop\.stmcufinder\plugins\mcufinder//mcu/cs/
2025-07-24 17:03:59,256 [INFO] ApplicationProperties:184 - Using Application install path: C:\ST\STM32CubeIDE_1.16.1\STM32CubeIDE\plugins\com.st.stm32cube.common.mx_6.15.0.202507011659
2025-07-24 17:03:59,258 [INFO] PluginManage:196 - Search for loadable plugins [exclusion list=, ]
2025-07-24 17:03:59,258 [INFO] PluginManage:310 - Check plugin analytics
2025-07-24 17:03:59,420 [INFO] AnalyticsPlugin:253 - Accepted Software Licenses: 
2025-07-24 17:03:59,421 [INFO] AnalyticsPlugin:255 - Accepted CMSIS Pack Licenses: 
2025-07-24 17:03:59,421 [INFO] AnalyticsPlugin:257 - Accepted Firmware Licenses: FW.F7.1.17.0
2025-07-24 17:03:59,426 [INFO] PluginManage:359 - Loaded plugin analytics (category:tool,tabindex:-1)
2025-07-24 17:03:59,426 [INFO] PluginManage:310 - Check plugin cadmodel
2025-07-24 17:03:59,434 [INFO] CADModel:105 - Init CAD model plugin
2025-07-24 17:03:59,434 [INFO] PluginManage:359 - Loaded plugin cadmodel (category:power,tabindex:5)
2025-07-24 17:03:59,434 [INFO] PluginManage:310 - Check plugin clock
2025-07-24 17:03:59,445 [INFO] PluginManage:359 - Loaded plugin clock (category:base,tabindex:2)
2025-07-24 17:03:59,445 [INFO] PluginManage:310 - Check plugin ddr
2025-07-24 17:03:59,446 [INFO] PluginManage:359 - Loaded plugin ddr (category:tool,tabindex:6)
2025-07-24 17:03:59,447 [INFO] PluginManage:310 - Check plugin filemanager
2025-07-24 17:03:59,570 [INFO] PluginManage:359 - Loaded plugin filemanager (category:base,tabindex:10)
2025-07-24 17:03:59,570 [INFO] PluginManage:310 - Check plugin ipmanager
2025-07-24 17:03:59,577 [INFO] PluginManage:359 - Loaded plugin ipmanager (category:base,tabindex:5)
2025-07-24 17:03:59,578 [INFO] PluginManage:310 - Check plugin lpbam
2025-07-24 17:03:59,590 [INFO] PluginManage:359 - Loaded plugin lpbam (category:base,tabindex:0)
2025-07-24 17:03:59,590 [INFO] PluginManage:310 - Check plugin memorymap
2025-07-24 17:03:59,604 [INFO] PluginManage:359 - Loaded plugin memorymap (category:base,tabindex:4)
2025-07-24 17:03:59,605 [INFO] PluginManage:310 - Check plugin pinoutandconfiguration
2025-07-24 17:03:59,615 [INFO] PluginManage:359 - Loaded plugin pinoutandconfiguration (category:base,tabindex:1)
2025-07-24 17:03:59,615 [INFO] PluginManage:310 - Check plugin pinoutconfig
2025-07-24 17:03:59,698 [WARN] SupportedApi:132 - Cannot load RTOS API schema: s4s-elt-must-match.1: The content of 'definitions' must match (annotation?, (simpleType | complexType)?, (unique | key | keyref)*)). A problem was found starting at: attribute.
2025-07-24 17:03:59,809 [INFO] PluginManage:359 - Loaded plugin pinoutconfig (category:base,tabindex:0)
2025-07-24 17:03:59,809 [INFO] PluginManage:310 - Check plugin power
2025-07-24 17:03:59,820 [INFO] PluginManage:359 - Loaded plugin power (category:power,tabindex:4)
2025-07-24 17:03:59,820 [INFO] PluginManage:310 - Check plugin projectmanager
2025-07-24 17:03:59,837 [INFO] PluginManage:359 - Loaded plugin projectmanager (category:projectmanager,tabindex:4)
2025-07-24 17:03:59,837 [INFO] PluginManage:310 - Check plugin rif
2025-07-24 17:03:59,849 [INFO] PluginManage:359 - Loaded plugin rif (category:base,tabindex:3)
2025-07-24 17:03:59,850 [INFO] PluginManage:310 - Check plugin thirdparty
2025-07-24 17:03:59,992 [INFO] PluginManage:359 - Loaded plugin thirdparty (category:base,tabindex:-1)
2025-07-24 17:03:59,992 [WARN] IntegrityCheckThread:84 - waiting for thirdparty lock release [integrity check]
2025-07-24 17:03:59,992 [INFO] PluginManage:310 - Check plugin tools
2025-07-24 17:03:59,992 [INFO] IntegrityCheckThread:86 - entering critical section [integrity check]
2025-07-24 17:03:59,993 [INFO] ThirdPartyUpdaterWithRetryManager:70 - Updater plugin not ready yet. [1/15]
2025-07-24 17:04:00,000 [INFO] PluginManage:359 - Loaded plugin tools (category:base,tabindex:7)
2025-07-24 17:04:00,000 [INFO] PluginManage:310 - Check plugin tutovideos
2025-07-24 17:04:00,177 [INFO] PluginManage:359 - Loaded plugin tutovideos (category:base,tabindex:-1)
2025-07-24 17:04:00,178 [INFO] PluginManage:310 - Check plugin updater
2025-07-24 17:04:00,202 [INFO] PluginManage:359 - Loaded plugin updater (category:base,tabindex:12)
2025-07-24 17:04:00,203 [INFO] PluginManage:310 - Check plugin userauth
2025-07-24 17:04:00,207 [INFO] UserAuth:118 - Init User Auth plugin
2025-07-24 17:04:00,208 [INFO] PluginManage:359 - Loaded plugin userauth (category:base,tabindex:14)
2025-07-24 17:04:00,208 [INFO] PluginManage:283 - PluginManage : Loaded plugins [18]
2025-07-24 17:04:00,422 [INFO] PinOutPanel:1589 - setPackage(No Configuration,No Configuration)
2025-07-24 17:04:00,500 [INFO] CADModel:165 - CPN selected for project level
2025-07-24 17:04:00,500 [INFO] CADModel:114 - Register for checkConnection events
2025-07-24 17:04:00,521 [INFO] IPUIPlugin:80 - create IPUIPlugin
2025-07-24 17:04:00,521 [INFO] PluginManager:220 - loadIPPluginJar : add adc
2025-07-24 17:04:00,528 [INFO] IPUIPlugin:80 - create IPUIPlugin
2025-07-24 17:04:00,529 [INFO] PluginManager:220 - loadIPPluginJar : add aes
2025-07-24 17:04:00,535 [INFO] IPUIPlugin:80 - create IPUIPlugin
2025-07-24 17:04:00,535 [INFO] PluginManager:220 - loadIPPluginJar : add can
2025-07-24 17:04:00,541 [INFO] IPUIPlugin:80 - create IPUIPlugin
2025-07-24 17:04:00,542 [INFO] PluginManager:220 - loadIPPluginJar : add comp
2025-07-24 17:04:00,548 [INFO] IPUIPlugin:80 - create IPUIPlugin
2025-07-24 17:04:00,548 [INFO] PluginManager:220 - loadIPPluginJar : add cryp
2025-07-24 17:04:00,555 [INFO] IPUIPlugin:80 - create IPUIPlugin
2025-07-24 17:04:00,555 [INFO] PluginManager:220 - loadIPPluginJar : add ddr_ctrl_phy
2025-07-24 17:04:00,562 [INFO] IPUIPlugin:80 - create IPUIPlugin
2025-07-24 17:04:00,562 [INFO] PluginManager:220 - loadIPPluginJar : add dfsdm
2025-07-24 17:04:00,571 [INFO] IPUIPlugin:80 - create IPUIPlugin
2025-07-24 17:04:00,572 [INFO] PluginManager:220 - loadIPPluginJar : add dma
2025-07-24 17:04:00,579 [INFO] IPUIPlugin:80 - create IPUIPlugin
2025-07-24 17:04:00,579 [INFO] PluginManager:220 - loadIPPluginJar : add dma3
2025-07-24 17:04:00,586 [INFO] IPUIPlugin:80 - create IPUIPlugin
2025-07-24 17:04:00,586 [INFO] PluginManager:220 - loadIPPluginJar : add extmemmanager
2025-07-24 17:04:00,593 [INFO] IPUIPlugin:80 - create IPUIPlugin
2025-07-24 17:04:00,594 [INFO] PluginManager:220 - loadIPPluginJar : add fatfs
2025-07-24 17:04:00,605 [INFO] IPUIPlugin:80 - create IPUIPlugin
2025-07-24 17:04:00,605 [INFO] PluginManager:220 - loadIPPluginJar : add fmc
2025-07-24 17:04:00,615 [INFO] IPUIPlugin:80 - create IPUIPlugin
2025-07-24 17:04:00,616 [INFO] PluginManager:220 - loadIPPluginJar : add freertos
2025-07-24 17:04:00,622 [INFO] IPUIPlugin:80 - create IPUIPlugin
2025-07-24 17:04:00,622 [INFO] PluginManager:220 - loadIPPluginJar : add genericplugin
2025-07-24 17:04:00,629 [INFO] IPUIPlugin:80 - create IPUIPlugin
2025-07-24 17:04:00,629 [INFO] PluginManager:220 - loadIPPluginJar : add gfxmmu
2025-07-24 17:04:00,637 [INFO] IPUIPlugin:80 - create IPUIPlugin
2025-07-24 17:04:00,638 [INFO] PluginManager:220 - loadIPPluginJar : add gic
2025-07-24 17:04:00,646 [INFO] IPUIPlugin:80 - create IPUIPlugin
2025-07-24 17:04:00,646 [INFO] PluginManager:220 - loadIPPluginJar : add gpio
2025-07-24 17:04:00,652 [INFO] IPUIPlugin:80 - create IPUIPlugin
2025-07-24 17:04:00,653 [INFO] PluginManager:220 - loadIPPluginJar : add gtzc
2025-07-24 17:04:00,658 [INFO] IPUIPlugin:80 - create IPUIPlugin
2025-07-24 17:04:00,658 [INFO] PluginManager:220 - loadIPPluginJar : add hash
2025-07-24 17:04:00,665 [INFO] IPUIPlugin:80 - create IPUIPlugin
2025-07-24 17:04:00,665 [INFO] PluginManager:220 - loadIPPluginJar : add i2c
2025-07-24 17:04:00,671 [INFO] IPUIPlugin:80 - create IPUIPlugin
2025-07-24 17:04:00,671 [INFO] PluginManager:220 - loadIPPluginJar : add i2s
2025-07-24 17:04:00,677 [INFO] IPUIPlugin:80 - create IPUIPlugin
2025-07-24 17:04:00,677 [INFO] PluginManager:220 - loadIPPluginJar : add i3c
2025-07-24 17:04:00,683 [INFO] IPUIPlugin:80 - create IPUIPlugin
2025-07-24 17:04:00,684 [INFO] PluginManager:220 - loadIPPluginJar : add ipddr
2025-07-24 17:04:00,694 [INFO] IPUIPlugin:80 - create IPUIPlugin
2025-07-24 17:04:00,695 [INFO] PluginManager:220 - loadIPPluginJar : add linkedlist
2025-07-24 17:04:00,702 [INFO] IPUIPlugin:80 - create IPUIPlugin
2025-07-24 17:04:00,702 [INFO] PluginManager:220 - loadIPPluginJar : add lorawan
2025-07-24 17:04:00,707 [INFO] IPUIPlugin:80 - create IPUIPlugin
2025-07-24 17:04:00,707 [INFO] PluginManager:220 - loadIPPluginJar : add ltdc
2025-07-24 17:04:00,720 [INFO] IPUIPlugin:80 - create IPUIPlugin
2025-07-24 17:04:00,720 [INFO] PluginManager:220 - loadIPPluginJar : add mdma
2025-07-24 17:04:00,728 [INFO] IPUIPlugin:80 - create IPUIPlugin
2025-07-24 17:04:00,728 [INFO] PluginManager:220 - loadIPPluginJar : add nvic
2025-07-24 17:04:00,734 [INFO] IPUIPlugin:80 - create IPUIPlugin
2025-07-24 17:04:00,734 [INFO] PluginManager:220 - loadIPPluginJar : add opamp
2025-07-24 17:04:00,741 [INFO] IPUIPlugin:80 - create IPUIPlugin
2025-07-24 17:04:00,741 [INFO] PluginManager:220 - loadIPPluginJar : add openamp
2025-07-24 17:04:00,747 [INFO] IPUIPlugin:80 - create IPUIPlugin
2025-07-24 17:04:00,747 [INFO] PluginManager:220 - loadIPPluginJar : add pdm2pcm
2025-07-24 17:04:00,755 [INFO] IPUIPlugin:80 - create IPUIPlugin
2025-07-24 17:04:00,757 [INFO] PluginManager:220 - loadIPPluginJar : add plateformsettings
2025-07-24 17:04:00,762 [INFO] IPUIPlugin:80 - create IPUIPlugin
2025-07-24 17:04:00,763 [INFO] PluginManager:220 - loadIPPluginJar : add quadspi
2025-07-24 17:04:00,768 [INFO] IPUIPlugin:80 - create IPUIPlugin
2025-07-24 17:04:00,768 [INFO] PluginManager:220 - loadIPPluginJar : add radio
2025-07-24 17:04:00,776 [INFO] IPUIPlugin:80 - create IPUIPlugin
2025-07-24 17:04:00,776 [INFO] PluginManager:220 - loadIPPluginJar : add resmgrutility
2025-07-24 17:04:00,783 [INFO] IPUIPlugin:80 - create IPUIPlugin
2025-07-24 17:04:00,783 [INFO] PluginManager:220 - loadIPPluginJar : add sai
2025-07-24 17:04:00,790 [INFO] IPUIPlugin:80 - create IPUIPlugin
2025-07-24 17:04:00,790 [INFO] PluginManager:220 - loadIPPluginJar : add spi
2025-07-24 17:04:00,802 [INFO] IPUIPlugin:80 - create IPUIPlugin
2025-07-24 17:04:00,802 [INFO] PluginManager:220 - loadIPPluginJar : add stm32_wpan
2025-07-24 17:04:00,809 [INFO] IPUIPlugin:80 - create IPUIPlugin
2025-07-24 17:04:00,810 [INFO] PluginManager:220 - loadIPPluginJar : add tim
2025-07-24 17:04:00,819 [INFO] IPUIPlugin:80 - create IPUIPlugin
2025-07-24 17:04:00,819 [INFO] PluginManager:220 - loadIPPluginJar : add touchsensing
2025-07-24 17:04:00,827 [INFO] IPUIPlugin:80 - create IPUIPlugin
2025-07-24 17:04:00,827 [INFO] PluginManager:220 - loadIPPluginJar : add tracer_emb
2025-07-24 17:04:00,833 [INFO] IPUIPlugin:80 - create IPUIPlugin
2025-07-24 17:04:00,833 [INFO] PluginManager:220 - loadIPPluginJar : add ts
2025-07-24 17:04:00,838 [INFO] IPUIPlugin:80 - create IPUIPlugin
2025-07-24 17:04:00,838 [INFO] PluginManager:220 - loadIPPluginJar : add tsc
2025-07-24 17:04:00,846 [INFO] IPUIPlugin:80 - create IPUIPlugin
2025-07-24 17:04:00,846 [INFO] PluginManager:220 - loadIPPluginJar : add ucpd
2025-07-24 17:04:00,854 [INFO] IPUIPlugin:80 - create IPUIPlugin
2025-07-24 17:04:00,854 [INFO] PluginManager:220 - loadIPPluginJar : add usart
2025-07-24 17:04:00,862 [INFO] IPUIPlugin:80 - create IPUIPlugin
2025-07-24 17:04:00,862 [INFO] PluginManager:220 - loadIPPluginJar : add usbx
2025-07-24 17:04:00,989 [FATAL] Updater:351 - Updater called before beeing initialized
2025-07-24 17:04:01,018 [INFO] RulesReader:64 - Compatibility file has been processed (317 Rules)
2025-07-24 17:04:01,028 [INFO] RulesReader:64 - Compatibility file has been processed (317 Rules)
2025-07-24 17:04:01,041 [INFO] CADModel:165 - CPN selected for project level
2025-07-24 17:04:01,042 [INFO] CADModel:114 - Register for checkConnection events
2025-07-24 17:04:01,042 [FATAL] Updater:351 - Updater called before beeing initialized
2025-07-24 17:04:01,042 [ERROR] CADModel:125 - Updater not yet initialized, retry later 
2025-07-24 17:04:01,226 [FATAL] Updater:351 - Updater called before beeing initialized
2025-07-24 17:04:01,229 [INFO] CADModel:165 - CPN selected for project level
2025-07-24 17:04:01,229 [INFO] CADModel:114 - Register for checkConnection events
2025-07-24 17:04:01,229 [FATAL] Updater:351 - Updater called before beeing initialized
2025-07-24 17:04:01,229 [ERROR] CADModel:125 - Updater not yet initialized, retry later 
2025-07-24 17:04:01,246 [FATAL] Updater:351 - Updater called before beeing initialized
2025-07-24 17:04:01,361 [FATAL] Updater:351 - Updater called before beeing initialized
2025-07-24 17:04:01,365 [INFO] DbMcusAds:53 - JSON generation date=Tue Jul 08 15:14:23 ICT 2025 (1751962463562)
2025-07-24 17:04:01,366 [FATAL] Updater:351 - Updater called before beeing initialized
2025-07-24 17:04:01,414 [WARN] DetailPanel:346 - Failed to get advertising image, set to default
2025-07-24 17:04:01,490 [FATAL] Updater:351 - Updater called before beeing initialized
2025-07-24 17:04:01,491 [FATAL] Updater:351 - Updater called before beeing initialized
2025-07-24 17:04:01,491 [FATAL] Updater:351 - Updater called before beeing initialized
2025-07-24 17:04:01,491 [WARN] DetailPanel:346 - Failed to get advertising image, set to default
2025-07-24 17:04:01,492 [FATAL] Updater:351 - Updater called before beeing initialized
2025-07-24 17:04:01,542 [ERROR] Updater:1198 - MainUpdater not yet initialized. External WinMGr cannot be set.
2025-07-24 17:04:01,547 [INFO] Updater:1134 - Updater Version found : 6.15.0
2025-07-24 17:04:01,567 [INFO] ApplicationProperties:184 - Using Application install path: C:\ST\STM32CubeIDE_1.16.1\STM32CubeIDE\plugins\com.st.stm32cube.common.mx_6.15.0.202507011659
2025-07-24 17:04:02,993 [INFO] ThirdPartyUpdaterWithRetryManager:70 - Updater plugin not ready yet. [2/15]
2025-07-24 17:04:03,138 [ERROR] LogOutputStream:75 - [STDERR_REDIRECT] Jul 24, 2025 5:04:03 PM java.util.prefs.WindowsPreferences <init>
2025-07-24 17:04:03,139 [ERROR] LogOutputStream:75 - [STDERR_REDIRECT] WARNING: Could not open/create prefs root node Software\JavaSoft\Prefs at root 0xffffffff80000002. Windows RegCreateKeyEx(...) returned error code 5.
2025-07-24 17:04:03,140 [ERROR] LogOutputStream:75 - [STDERR_REDIRECT] 
2025-07-24 17:04:03,612 [INFO] MainUpdater:2872 - connection check result : 10
2025-07-24 17:04:03,613 [INFO] MainUpdater:289 - Updater Check For Update Now.
2025-07-24 17:04:03,613 [INFO] MicroXplorer:498 - Change Database Version : DB.6.0.150
2025-07-24 17:04:03,638 [INFO] McuFinderGlobals:63 - Set McuFinder mode to 2 (CubeIDE integrated)
2025-07-24 17:04:03,641 [INFO] UserAuth:487 - Internet connection configuration mode: 1
2025-07-24 17:04:03,692 [INFO] JxBrowserEngine:152 - Initiate JxBrowser Engine with user profile folder
2025-07-24 17:04:03,824 [INFO] CheckServerUpdateThread:120 - End of CheckServer Thread
2025-07-24 17:04:04,846 [INFO] WebApp:169 - Instantiating new browser for Auth
2025-07-24 17:04:05,633 [INFO] WebApp:463 - Apply proxy settings
2025-07-24 17:04:05,634 [INFO] WebApp:548 - Chromium requires no authentication
2025-07-24 17:04:05,644 [INFO] WebApp:491 - Direct internet connection detected
2025-07-24 17:04:05,661 [INFO] WebApp:900 - Register for checkConnection events
2025-07-24 17:04:05,661 [INFO] WebApp:463 - Apply proxy settings
2025-07-24 17:04:05,662 [INFO] WebApp:548 - Chromium requires no authentication
2025-07-24 17:04:05,662 [INFO] WebApp:491 - Direct internet connection detected
2025-07-24 17:04:05,784 [INFO] WebApp:225 - Starting web application
2025-07-24 17:04:05,784 [INFO] WebApp:593 - Web application path used C:\ST\STM32CubeIDE_1.16.1\STM32CubeIDE\plugins\com.st.stm32cube.common.mx_6.15.0.202507011659\db\plugins\mcufinder\reactClient1\index.html
2025-07-24 17:04:05,870 [INFO] UserAuth:487 - Internet connection configuration mode: 1
2025-07-24 17:04:06,042 [INFO] WebApp:191 - Connection restablished
2025-07-24 17:04:06,252 [WARN] PackLoader:240 - Cannot read IP mode file for STMicroelectronics.FP-SNS-MOTENVWB1.1.4.0
2025-07-24 17:04:06,260 [WARN] PackLoader:240 - Cannot read IP mode file for STMicroelectronics.FP-ATR-ASTRA1.2.0.2
2025-07-24 17:04:06,263 [WARN] PackLoader:240 - Cannot read IP mode file for STMicroelectronics.FP-ATR-ASTRA1.2.0.1
2025-07-24 17:04:06,270 [WARN] PackLoader:240 - Cannot read IP mode file for STMicroelectronics.X-CUBE-SMBUS.2.1.0
2025-07-24 17:04:06,277 [WARN] PackLoader:240 - Cannot read IP mode file for STMicroelectronics.X-CUBE-WB05N.1.1.0
2025-07-24 17:04:06,282 [WARN] PackLoader:240 - Cannot read IP mode file for STMicroelectronics.X-CUBE-ST60.1.0.0
2025-07-24 17:04:06,308 [WARN] PackLoader:240 - Cannot read IP mode file for STMicroelectronics.X-CUBE-AZRTOS-F7.1.1.0
2025-07-24 17:04:06,351 [WARN] PackLoader:240 - Cannot read IP mode file for STMicroelectronics.X-CUBE-MEMS1.11.0.0
2025-07-24 17:04:06,494 [WARN] PackLoader:240 - Cannot read IP mode file for STMicroelectronics.FP-SNS-FLIGHT1.5.0.2
2025-07-24 17:04:06,519 [WARN] PackLoader:240 - Cannot read IP mode file for STMicroelectronics.X-CUBE-AZRTOS-H7.3.4.0
2025-07-24 17:04:06,533 [WARN] PackLoader:240 - Cannot read IP mode file for STMicroelectronics.X-CUBE-DISPLAY.3.0.0
2025-07-24 17:04:06,543 [WARN] PackLoader:240 - Cannot read IP mode file for STMicroelectronics.X-CUBE-BLE1.7.0.0
2025-07-24 17:04:06,556 [WARN] PackLoader:240 - Cannot read IP mode file for STMicroelectronics.X-CUBE-NFC10.1.0.0
2025-07-24 17:04:06,577 [WARN] PackLoader:240 - Cannot read IP mode file for STMicroelectronics.X-CUBE-BLEMGR.4.0.0
2025-07-24 17:04:06,587 [WARN] PackLoader:240 - Cannot read IP mode file for emotas.I-CUBE-CANOPEN.1.3.0
2025-07-24 17:04:06,599 [WARN] PackLoader:240 - Cannot read IP mode file for STMicroelectronics.X-CUBE-BLEMGR.3.1.0
2025-07-24 17:04:06,607 [WARN] PackLoader:240 - Cannot read IP mode file for STMicroelectronics.X-CUBE-AI.10.0.0
2025-07-24 17:04:06,616 [WARN] PackLoader:240 - Cannot read IP mode file for STMicroelectronics.FP-SNS-SMARTAG2.1.2.0
2025-07-24 17:04:06,657 [WARN] PackLoader:240 - Cannot read IP mode file for STMicroelectronics.FP-SNS-FLIGHT1.5.1.0
2025-07-24 17:04:06,717 [WARN] PackLoader:240 - Cannot read IP mode file for STMicroelectronics.X-CUBE-MEMS1.11.1.0
2025-07-24 17:04:06,824 [INFO] LogOutputStream:77 - [STDOUT_REDIRECT] 1 : Invalid condition id : UX_CORESTACK_Condition cause : null
2025-07-24 17:04:06,826 [INFO] LogOutputStream:77 - [STDOUT_REDIRECT] 1 : Invalid condition id : UX_CORESTACK_Condition cause : null
2025-07-24 17:04:06,829 [INFO] LogOutputStream:77 - [STDOUT_REDIRECT] 1 : Invalid condition id : UX_CORESTACK_Condition cause : null
2025-07-24 17:04:06,831 [INFO] LogOutputStream:77 - [STDOUT_REDIRECT] 1 : Invalid condition id : UX_CORESTACK_Condition cause : null
2025-07-24 17:04:06,832 [INFO] LogOutputStream:77 - [STDOUT_REDIRECT] 1 : Invalid condition id : UX_CORESTACK_Condition cause : null
2025-07-24 17:04:06,834 [WARN] PackLoader:240 - Cannot read IP mode file for STMicroelectronics.X-CUBE-AZRTOS-WL.2.0.0
2025-07-24 17:04:06,840 [WARN] PackLoader:240 - Cannot read IP mode file for STMicroelectronics.FP-SNS-MOTENV1.5.0.0
2025-07-24 17:04:06,846 [WARN] PackLoader:240 - Cannot read IP mode file for wolfSSL.I-CUBE-wolfMQTT.1.19.0
2025-07-24 17:04:06,862 [WARN] PackLoader:240 - Cannot read IP mode file for WES.I-CUBE-Cesium.1.3.0
2025-07-24 17:04:06,868 [WARN] PackLoader:240 - Cannot read IP mode file for STMicroelectronics.X-CUBE-BLE2.3.3.0
2025-07-24 17:04:06,875 [WARN] PackLoader:240 - Cannot read IP mode file for STMicroelectronics.X-CUBE-NFC9.1.0.0
2025-07-24 17:04:06,882 [WARN] PackLoader:240 - Cannot read IP mode file for STMicroelectronics.X-CUBE-BLE1.7.1.0
2025-07-24 17:04:06,887 [WARN] PackLoader:240 - Cannot read IP mode file for STMicroelectronics.X-CUBE-TCPP.4.1.0
2025-07-24 17:04:06,894 [WARN] PackLoader:240 - Cannot read IP mode file for STMicroelectronics.X-CUBE-EEPRMA1.5.2.0
2025-07-24 17:04:06,899 [WARN] PackLoader:240 - Cannot read IP mode file for STMicroelectronics.X-CUBE-AI.10.1.0
2025-07-24 17:04:06,930 [WARN] PackLoader:240 - Cannot read IP mode file for STMicroelectronics.X-CUBE-MEMS1.11.2.0
2025-07-24 17:04:07,047 [WARN] PackLoader:240 - Cannot read IP mode file for STMicroelectronics.X-CUBE-AZRTOS-G0.1.1.0
2025-07-24 17:04:07,055 [WARN] PackLoader:240 - Cannot read IP mode file for STMicroelectronics.X-CUBE-SAFEA1.1.2.2
2025-07-24 17:04:07,062 [WARN] PackLoader:240 - Cannot read IP mode file for STMicroelectronics.X-CUBE-NFC4.3.0.0
2025-07-24 17:04:07,074 [WARN] PackLoader:240 - Cannot read IP mode file for EmbeddedOffice.I-CUBE-FS-RTOS.1.0.1
2025-07-24 17:04:07,079 [WARN] PackLoader:240 - Cannot read IP mode file for STMicroelectronics.X-CUBE-WB05N.2.0.0
2025-07-24 17:04:07,085 [WARN] PackLoader:240 - Cannot read IP mode file for STMicroelectronics.X-CUBE-TCPP.4.2.0
2025-07-24 17:04:07,092 [WARN] PackLoader:240 - Cannot read IP mode file for RealThread.X-CUBE-RT-Thread_Nano.4.1.1
2025-07-24 17:04:07,097 [WARN] PackLoader:240 - Cannot read IP mode file for STMicroelectronics.FP-ATR-SIGFOX1.3.2.0
2025-07-24 17:04:07,103 [WARN] ConditionMgr:438 - getConditionDescription Invalid condition id : Cortex-A Device cause : null
2025-07-24 17:04:07,124 [WARN] ConditionMgr:1044 - genDependencies : Invalid condition id : Cortex-A Device cause : null
2025-07-24 17:04:07,124 [WARN] ConditionMgr:1044 - genDependencies : Invalid condition id : Cortex-A Device cause : null
2025-07-24 17:04:07,124 [WARN] ConditionMgr:1044 - genDependencies : Invalid condition id : Cortex-A Device cause : null
2025-07-24 17:04:07,128 [WARN] PackLoader:240 - Cannot read IP mode file for STMicroelectronics.X-CUBE-EEPRMA1.5.1.0
2025-07-24 17:04:07,133 [WARN] PackLoader:240 - Cannot read IP mode file for wolfSSL.I-CUBE-wolfSSL.5.7.4
2025-07-24 17:04:07,141 [WARN] PackLoader:240 - Cannot read IP mode file for ITTIA_DB.I-CUBE-ITTIADB.8.9.0
2025-07-24 17:04:07,152 [WARN] PackLoader:240 - Cannot read IP mode file for STMicroelectronics.X-CUBE-ST67W61.1.0.0
2025-07-24 17:04:07,187 [WARN] PackLoader:240 - Cannot read IP mode file for SEGGER.I-CUBE-embOS.1.3.1
2025-07-24 17:04:07,225 [WARN] PackLoader:240 - Cannot read IP mode file for STMicroelectronics.X-CUBE-ALGOBUILD.1.4.0
2025-07-24 17:04:07,283 [WARN] PackLoader:240 - Cannot read IP mode file for STMicroelectronics.X-CUBE-MEMS1.11.3.0
2025-07-24 17:04:07,376 [WARN] PackLoader:240 - Cannot read IP mode file for STMicroelectronics.X-CUBE-AI.9.1.0
2025-07-24 17:04:07,381 [WARN] PackLoader:240 - Cannot read IP mode file for STMicroelectronics.X-CUBE-PM33A1.1.0.0
2025-07-24 17:04:07,395 [WARN] PackLoader:240 - Cannot read IP mode file for STMicroelectronics.X-CUBE-AZRTOS-F4.1.1.0
2025-07-24 17:04:07,403 [WARN] PackLoader:240 - Cannot read IP mode file for Avnet-IotConnect.X-CUBE-IoTC-DA16k-PMOD.1.0.0
2025-07-24 17:04:07,408 [WARN] PackLoader:240 - Cannot read IP mode file for STMicroelectronics.X-CUBE-ISPU.2.1.0
2025-07-24 17:04:07,413 [WARN] PackLoader:240 - Cannot read IP mode file for STMicroelectronics.X-CUBE-FREERTOS.1.2.0
2025-07-24 17:04:07,419 [WARN] PackLoader:240 - Cannot read IP mode file for STMicroelectronics.X-CUBE-NFC12.1.0.0
2025-07-24 17:04:07,437 [WARN] PackLoader:240 - Cannot read IP mode file for STMicroelectronics.X-CUBE-AZRTOS-L5.2.0.0
2025-07-24 17:04:07,450 [WARN] PackLoader:240 - Cannot read IP mode file for STMicroelectronics.X-CUBE-NFC6.3.1.0
2025-07-24 17:04:07,459 [WARN] PackLoader:240 - Cannot read IP mode file for STMicroelectronics.X-CUBE-DPower.1.2.0
2025-07-24 17:04:07,464 [WARN] PackLoader:240 - Cannot read IP mode file for STMicroelectronics.X-CUBE-FREERTOS.1.3.1
2025-07-24 17:04:07,470 [WARN] PackLoader:240 - Cannot read IP mode file for STMicroelectronics.X-CUBE-FREERTOS.1.3.0
2025-07-24 17:04:07,477 [WARN] PackLoader:240 - Cannot read IP mode file for STMicroelectronics.X-CUBE-NFC7.1.0.1
2025-07-24 17:04:07,484 [WARN] PackLoader:240 - Cannot read IP mode file for STMicroelectronics.FP-SNS-STAIOTCFT.1.0.0
2025-07-24 17:04:07,490 [WARN] PackLoader:240 - Cannot read IP mode file for STMicroelectronics.X-CUBE-DPower.1.3.0
2025-07-24 17:04:07,508 [WARN] ConditionMgr:438 - getConditionDescription Invalid condition id : LAN8742 Phy interface Condition cause : null
2025-07-24 17:04:07,509 [WARN] PackLoader:240 - Cannot read IP mode file for STMicroelectronics.X-CUBE-AZRTOS-L4.2.0.0
2025-07-24 17:04:07,510 [WARN] ConditionMgr:1044 - genDependencies : Invalid condition id : LAN8742 Phy interface Condition cause : null
2025-07-24 17:04:07,510 [WARN] ConditionMgr:1044 - genDependencies : Invalid condition id : LAN8742 Phy interface Condition cause : null
2025-07-24 17:04:07,511 [WARN] ConditionMgr:1044 - genDependencies : Invalid condition id : LAN8742 Phy interface Condition cause : null
2025-07-24 17:04:07,520 [WARN] PackLoader:240 - Cannot read IP mode file for STMicroelectronics.X-CUBE-SFXS2LP1.4.0.0
2025-07-24 17:04:07,542 [WARN] PackLoader:240 - Cannot read IP mode file for STMicroelectronics.X-CUBE-AZRTOS-H7.3.3.0
2025-07-24 17:04:07,554 [WARN] PackLoader:240 - Cannot read IP mode file for STMicroelectronics.X-CUBE-BLEMGR.4.1.0
2025-07-24 17:04:07,567 [WARN] PackLoader:240 - Cannot read IP mode file for STMicroelectronics.X-CUBE-IPS.3.0.0
2025-07-24 17:04:07,583 [WARN] ConditionMgr:438 - getConditionDescription Invalid condition id : UX DEVICE CLASS RTOS Condition cause : null
2025-07-24 17:04:07,583 [WARN] ConditionMgr:438 - getConditionDescription Invalid condition id : UX DEVICE CLASS RTOS Condition cause : null
2025-07-24 17:04:07,586 [WARN] PackLoader:240 - Cannot read IP mode file for STMicroelectronics.X-CUBE-AZRTOS-WB.2.0.0
2025-07-24 17:04:07,586 [WARN] ConditionMgr:1044 - genDependencies : Invalid condition id : UX DEVICE CLASS RTOS Condition cause : null
2025-07-24 17:04:07,586 [WARN] ConditionMgr:1044 - genDependencies : Invalid condition id : UX DEVICE CLASS RTOS Condition cause : null
2025-07-24 17:04:07,587 [WARN] ConditionMgr:1044 - genDependencies : Invalid condition id : UX DEVICE CLASS RTOS Condition cause : null
2025-07-24 17:04:07,587 [WARN] ConditionMgr:1044 - genDependencies : Invalid condition id : UX DEVICE CLASS RTOS Condition cause : null
2025-07-24 17:04:07,587 [WARN] ConditionMgr:1044 - genDependencies : Invalid condition id : UX DEVICE CLASS RTOS Condition cause : null
2025-07-24 17:04:07,600 [WARN] PackLoader:240 - Cannot read IP mode file for STMicroelectronics.X-CUBE-GNSS1.7.0.0
2025-07-24 17:04:07,606 [WARN] PackLoader:240 - Cannot read IP mode file for STMicroelectronics.X-CUBE-GNSS1.7.0.1
2025-07-24 17:04:07,620 [WARN] PackLoader:240 - Cannot read IP mode file for STMicroelectronics.X-CUBE-TOUCHGFX.4.25.0
2025-07-24 17:04:07,631 [WARN] PackLoader:240 - Cannot read IP mode file for STMicroelectronics.FP-SNS-STBOX1.2.0.0
2025-07-24 17:04:07,645 [WARN] PackLoader:240 - Cannot read IP mode file for STMicroelectronics.X-CUBE-SUBG2.5.0.0
2025-07-24 17:04:07,667 [WARN] PackLoader:240 - Cannot read IP mode file for STMicroelectronics.X-CUBE-AZRTOS-H7RS.1.1.0
2025-07-24 17:04:07,681 [WARN] PackLoader:240 - Cannot read IP mode file for Cesanta.I-CUBE-Mongoose.7.13.0
2025-07-24 17:04:07,695 [WARN] PackLoader:240 - Cannot read IP mode file for STMicroelectronics.X-CUBE-AZRTOS-G4.2.0.0
2025-07-24 17:04:07,703 [WARN] PackLoader:240 - Cannot read IP mode file for STMicroelectronics.X-CUBE-NFC7.2.0.0
2025-07-24 17:04:07,718 [WARN] PackLoader:240 - Cannot read IP mode file for STMicroelectronics.X-CUBE-IPS.3.1.0
2025-07-24 17:04:07,731 [WARN] PackLoader:240 - Cannot read IP mode file for STMicroelectronics.X-CUBE-ALS.1.0.2
2025-07-24 17:04:07,738 [WARN] PackLoader:240 - Cannot read IP mode file for STMicroelectronics.X-CUBE-TOUCHGFX.4.24.2
2025-07-24 17:04:07,743 [WARN] PackLoader:240 - Cannot read IP mode file for STMicroelectronics.X-CUBE-TOUCHGFX.4.24.1
2025-07-24 17:04:07,749 [WARN] PackLoader:240 - Cannot read IP mode file for wolfSSL.I-CUBE-wolfTPM.3.4.0
2025-07-24 17:04:07,760 [WARN] PackLoader:240 - Cannot read IP mode file for portGmbH.I-Cube-SoM-uGOAL.1.1.0
2025-07-24 17:04:07,782 [WARN] PackLoader:240 - Cannot read IP mode file for STMicroelectronics.X-CUBE-AZRTOS-H7RS.1.0.0
2025-07-24 17:04:07,792 [WARN] PackLoader:240 - Cannot read IP mode file for STMicroelectronics.FP-ATR-ASTRA1.2.0.0
2025-07-24 17:04:07,805 [WARN] PackLoader:240 - Cannot read IP mode file for STMicroelectronics.X-CUBE-TOF1.3.4.2
2025-07-24 17:04:07,824 [WARN] PackLoader:240 - Cannot read IP mode file for STMicroelectronics.X-CUBE-TOF1.3.4.3
2025-07-24 17:04:07,859 [WARN] PackLoader:240 - Cannot read IP mode file for Infineon.AIROC-Wi-Fi-Bluetooth-STM32.1.6.1
2025-07-24 17:04:07,867 [WARN] PackLoader:240 - Cannot read IP mode file for wolfSSL.I-CUBE-wolfSSH.1.4.17
2025-07-24 17:04:07,867 [INFO] ThirdParty:978 - Integrity check success = true
2025-07-24 17:04:07,867 [INFO] IntegrityCheckThread:100 - exiting critical section [integrity check]
2025-07-24 17:04:07,868 [INFO] IntegrityCheckThread:103 - End integrity checks thread
2025-07-24 17:13:25,726 [ERROR] LogOutputStream:75 - [STDERR_REDIRECT] 
