2026-01-09 13:42:18,163 [INFO] Activator:176 - 


2026-01-09 13:42:18,173 [INFO] Activator:177 - !SESSION log4j initialized
2026-01-09 13:42:49,699 [INFO] LogOutputStream:77 - [STDOUT_REDIRECT] 
2026-01-09 13:42:55,137 [INFO] ApplicationProperties:184 - Using Application install path: C:\ST\STM32CubeIDE_1.16.1\STM32CubeIDE\plugins\com.st.stm32cube.common.mx_6.15.0.202507011659
2026-01-09 13:42:55,226 [INFO] DbMcusXml:78 - Set database path to: C:\ST\STM32CubeIDE_1.16.1\STM32CubeIDE\plugins\com.st.stm32cube.common.mx_6.15.0.202507011659\\db\/mcu/
2026-01-09 13:42:55,226 [INFO] ApiDb:274 - Set plugin database path to: C:\ST\STM32CubeIDE_1.16.1\STM32CubeIDE\plugins\com.st.stm32cube.common.mx_6.15.0.202507011659\\db\/plugins/boardmanager/
2026-01-09 13:42:55,228 [WARN] ApiDb:259 - Overriding images path with different value:  => C:\ST\STM32CubeIDE_1.16.1\STM32CubeIDE\plugins\com.st.stm32cube.common.mx_6.15.0.202507011659\\db\/plugins/mcufinder/images/
2026-01-09 13:42:55,277 [INFO] ApiDb:250 - Set database path to: C:\Users\Chinnapop\.stmcufinder\plugins\mcufinder//mcu/
2026-01-09 13:42:55,288 [INFO] DbMcusAds:125 - Set database path to: C:\Users\Chinnapop\.stmcufinder\plugins\mcufinder//mcu/
2026-01-09 13:42:55,315 [INFO] CrossReferenceDbSqlite:203 - Set database path to: C:\Users\Chinnapop\.stmcufinder\plugins\mcufinder//mcu/cs/
2026-01-09 13:42:56,126 [INFO] RulesReader:64 - Compatibility file has been processed (317 Rules)
2026-01-09 13:42:56,663 [INFO] DbMcusXml:78 - Set database path to: C:\ST\STM32CubeIDE_1.16.1\STM32CubeIDE\plugins\com.st.stm32cube.common.mx_6.15.0.202507011659\\db\/mcu/
2026-01-09 13:42:56,664 [INFO] ApiDb:274 - Set plugin database path to: C:\ST\STM32CubeIDE_1.16.1\STM32CubeIDE\plugins\com.st.stm32cube.common.mx_6.15.0.202507011659\\db\/plugins/boardmanager/
2026-01-09 13:42:56,664 [INFO] ApiDb:261 - Set plugin images path to: C:\ST\STM32CubeIDE_1.16.1\STM32CubeIDE\plugins\com.st.stm32cube.common.mx_6.15.0.202507011659\\db\/plugins/mcufinder/images/
2026-01-09 13:42:56,666 [WARN] DbFile:41 - Overriding database path with different value: C:\Users\Chinnapop\.stmcufinder\plugins\mcufinder/ => C:\Users\Chinnapop\.stmcufinder\plugins\mcufinder
2026-01-09 13:42:56,666 [INFO] ApiDb:250 - Set database path to: C:\Users\Chinnapop\.stmcufinder\plugins\mcufinder//mcu/
2026-01-09 13:42:56,666 [WARN] DbFile:41 - Overriding database path with different value: C:\Users\Chinnapop\.stmcufinder\plugins\mcufinder/ => C:\Users\Chinnapop\.stmcufinder\plugins\mcufinder
2026-01-09 13:42:56,667 [INFO] DbMcusAds:125 - Set database path to: C:\Users\Chinnapop\.stmcufinder\plugins\mcufinder//mcu/
2026-01-09 13:42:56,667 [WARN] DbFile:41 - Overriding database path with different value: C:\Users\Chinnapop\.stmcufinder\plugins\mcufinder/ => C:\Users\Chinnapop\.stmcufinder\plugins\mcufinder
2026-01-09 13:42:56,667 [WARN] DbFile:41 - Overriding database path with different value: C:\Users\Chinnapop\.stmcufinder\plugins\mcufinder/ => C:\Users\Chinnapop\.stmcufinder\plugins\mcufinder
2026-01-09 13:42:56,667 [INFO] CrossReferenceDbSqlite:203 - Set database path to: C:\Users\Chinnapop\.stmcufinder\plugins\mcufinder//mcu/cs/
2026-01-09 13:42:57,315 [INFO] MainPanel:274 - HeapMemory: 282066944
2026-01-09 13:42:58,058 [INFO] DbMcusXml:78 - Set database path to: C:\ST\STM32CubeIDE_1.16.1\STM32CubeIDE\plugins\com.st.stm32cube.common.mx_6.15.0.202507011659\\db\/mcu/
2026-01-09 13:42:58,059 [INFO] ApiDb:274 - Set plugin database path to: C:\ST\STM32CubeIDE_1.16.1\STM32CubeIDE\plugins\com.st.stm32cube.common.mx_6.15.0.202507011659\\db\/plugins/boardmanager/
2026-01-09 13:42:58,062 [INFO] ApiDb:261 - Set plugin images path to: C:\ST\STM32CubeIDE_1.16.1\STM32CubeIDE\plugins\com.st.stm32cube.common.mx_6.15.0.202507011659\\db\/plugins/mcufinder/images/
2026-01-09 13:42:58,066 [WARN] DbFile:41 - Overriding database path with different value: C:\Users\Chinnapop\.stmcufinder\plugins\mcufinder/ => C:\Users\Chinnapop\.stmcufinder\plugins\mcufinder
2026-01-09 13:42:58,067 [INFO] ApiDb:250 - Set database path to: C:\Users\Chinnapop\.stmcufinder\plugins\mcufinder//mcu/
2026-01-09 13:42:58,069 [WARN] DbFile:41 - Overriding database path with different value: C:\Users\Chinnapop\.stmcufinder\plugins\mcufinder/ => C:\Users\Chinnapop\.stmcufinder\plugins\mcufinder
2026-01-09 13:42:58,069 [INFO] DbMcusAds:125 - Set database path to: C:\Users\Chinnapop\.stmcufinder\plugins\mcufinder//mcu/
2026-01-09 13:42:58,071 [WARN] DbFile:41 - Overriding database path with different value: C:\Users\Chinnapop\.stmcufinder\plugins\mcufinder/ => C:\Users\Chinnapop\.stmcufinder\plugins\mcufinder
2026-01-09 13:42:58,071 [WARN] DbFile:41 - Overriding database path with different value: C:\Users\Chinnapop\.stmcufinder\plugins\mcufinder/ => C:\Users\Chinnapop\.stmcufinder\plugins\mcufinder
2026-01-09 13:42:58,072 [INFO] CrossReferenceDbSqlite:203 - Set database path to: C:\Users\Chinnapop\.stmcufinder\plugins\mcufinder//mcu/cs/
2026-01-09 13:42:58,314 [INFO] ApplicationProperties:184 - Using Application install path: C:\ST\STM32CubeIDE_1.16.1\STM32CubeIDE\plugins\com.st.stm32cube.common.mx_6.15.0.202507011659
2026-01-09 13:42:58,333 [INFO] PluginManage:196 - Search for loadable plugins [exclusion list=, ]
2026-01-09 13:42:58,344 [INFO] PluginManage:310 - Check plugin analytics
2026-01-09 13:43:00,136 [INFO] AnalyticsPlugin:253 - Accepted Software Licenses: 
2026-01-09 13:43:00,137 [INFO] AnalyticsPlugin:255 - Accepted CMSIS Pack Licenses: 
2026-01-09 13:43:00,137 [INFO] AnalyticsPlugin:257 - Accepted Firmware Licenses: FW.F7.1.17.0
2026-01-09 13:43:00,147 [INFO] PluginManage:359 - Loaded plugin analytics (category:tool,tabindex:-1)
2026-01-09 13:43:00,148 [INFO] PluginManage:310 - Check plugin cadmodel
2026-01-09 13:43:00,168 [INFO] CADModel:105 - Init CAD model plugin
2026-01-09 13:43:00,169 [INFO] PluginManage:359 - Loaded plugin cadmodel (category:power,tabindex:5)
2026-01-09 13:43:00,170 [INFO] PluginManage:310 - Check plugin clock
2026-01-09 13:43:00,195 [INFO] PluginManage:359 - Loaded plugin clock (category:base,tabindex:2)
2026-01-09 13:43:00,196 [INFO] PluginManage:310 - Check plugin ddr
2026-01-09 13:43:00,201 [INFO] PluginManage:359 - Loaded plugin ddr (category:tool,tabindex:6)
2026-01-09 13:43:00,202 [INFO] PluginManage:310 - Check plugin filemanager
2026-01-09 13:43:00,519 [INFO] PluginManage:359 - Loaded plugin filemanager (category:base,tabindex:10)
2026-01-09 13:43:00,519 [INFO] PluginManage:310 - Check plugin ipmanager
2026-01-09 13:43:00,535 [INFO] PluginManage:359 - Loaded plugin ipmanager (category:base,tabindex:5)
2026-01-09 13:43:00,536 [INFO] PluginManage:310 - Check plugin lpbam
2026-01-09 13:43:00,555 [INFO] PluginManage:359 - Loaded plugin lpbam (category:base,tabindex:0)
2026-01-09 13:43:00,555 [INFO] PluginManage:310 - Check plugin memorymap
2026-01-09 13:43:00,586 [INFO] PluginManage:359 - Loaded plugin memorymap (category:base,tabindex:4)
2026-01-09 13:43:00,587 [INFO] PluginManage:310 - Check plugin pinoutandconfiguration
2026-01-09 13:43:00,603 [INFO] PluginManage:359 - Loaded plugin pinoutandconfiguration (category:base,tabindex:1)
2026-01-09 13:43:00,604 [INFO] PluginManage:310 - Check plugin pinoutconfig
2026-01-09 13:43:00,870 [WARN] SupportedApi:132 - Cannot load RTOS API schema: s4s-elt-must-match.1: The content of 'definitions' must match (annotation?, (simpleType | complexType)?, (unique | key | keyref)*)). A problem was found starting at: attribute.
2026-01-09 13:43:01,251 [INFO] PluginManage:359 - Loaded plugin pinoutconfig (category:base,tabindex:0)
2026-01-09 13:43:01,251 [INFO] PluginManage:310 - Check plugin power
2026-01-09 13:43:01,267 [INFO] PluginManage:359 - Loaded plugin power (category:power,tabindex:4)
2026-01-09 13:43:01,267 [INFO] PluginManage:310 - Check plugin projectmanager
2026-01-09 13:43:01,309 [INFO] PluginManage:359 - Loaded plugin projectmanager (category:projectmanager,tabindex:4)
2026-01-09 13:43:01,311 [INFO] PluginManage:310 - Check plugin rif
2026-01-09 13:43:01,332 [INFO] PluginManage:359 - Loaded plugin rif (category:base,tabindex:3)
2026-01-09 13:43:01,332 [INFO] PluginManage:310 - Check plugin thirdparty
2026-01-09 13:43:01,735 [INFO] PluginManage:359 - Loaded plugin thirdparty (category:base,tabindex:-1)
2026-01-09 13:43:01,735 [INFO] PluginManage:310 - Check plugin tools
2026-01-09 13:43:01,735 [WARN] IntegrityCheckThread:84 - waiting for thirdparty lock release [integrity check]
2026-01-09 13:43:01,735 [INFO] IntegrityCheckThread:86 - entering critical section [integrity check]
2026-01-09 13:43:01,737 [INFO] ThirdPartyUpdaterWithRetryManager:70 - Updater plugin not ready yet. [1/15]
2026-01-09 13:43:01,740 [INFO] PluginManage:359 - Loaded plugin tools (category:base,tabindex:7)
2026-01-09 13:43:01,740 [INFO] PluginManage:310 - Check plugin tutovideos
2026-01-09 13:43:02,178 [INFO] PluginManage:359 - Loaded plugin tutovideos (category:base,tabindex:-1)
2026-01-09 13:43:02,179 [INFO] PluginManage:310 - Check plugin updater
2026-01-09 13:43:02,246 [INFO] PluginManage:359 - Loaded plugin updater (category:base,tabindex:12)
2026-01-09 13:43:02,246 [INFO] PluginManage:310 - Check plugin userauth
2026-01-09 13:43:02,253 [INFO] UserAuth:118 - Init User Auth plugin
2026-01-09 13:43:02,255 [INFO] PluginManage:359 - Loaded plugin userauth (category:base,tabindex:14)
2026-01-09 13:43:02,256 [INFO] PluginManage:283 - PluginManage : Loaded plugins [18]
2026-01-09 13:43:02,748 [INFO] PinOutPanel:1589 - setPackage(No Configuration,No Configuration)
2026-01-09 13:43:02,982 [INFO] CADModel:165 - CPN selected for project level
2026-01-09 13:43:02,982 [INFO] CADModel:114 - Register for checkConnection events
2026-01-09 13:43:03,007 [INFO] IPUIPlugin:80 - create IPUIPlugin
2026-01-09 13:43:03,007 [INFO] PluginManager:220 - loadIPPluginJar : add adc
2026-01-09 13:43:03,012 [INFO] IPUIPlugin:80 - create IPUIPlugin
2026-01-09 13:43:03,012 [INFO] PluginManager:220 - loadIPPluginJar : add aes
2026-01-09 13:43:03,015 [INFO] IPUIPlugin:80 - create IPUIPlugin
2026-01-09 13:43:03,016 [INFO] PluginManager:220 - loadIPPluginJar : add can
2026-01-09 13:43:03,019 [INFO] IPUIPlugin:80 - create IPUIPlugin
2026-01-09 13:43:03,020 [INFO] PluginManager:220 - loadIPPluginJar : add comp
2026-01-09 13:43:03,023 [INFO] IPUIPlugin:80 - create IPUIPlugin
2026-01-09 13:43:03,024 [INFO] PluginManager:220 - loadIPPluginJar : add cryp
2026-01-09 13:43:03,030 [INFO] IPUIPlugin:80 - create IPUIPlugin
2026-01-09 13:43:03,030 [INFO] PluginManager:220 - loadIPPluginJar : add ddr_ctrl_phy
2026-01-09 13:43:03,033 [INFO] IPUIPlugin:80 - create IPUIPlugin
2026-01-09 13:43:03,033 [INFO] PluginManager:220 - loadIPPluginJar : add dfsdm
2026-01-09 13:43:03,043 [INFO] IPUIPlugin:80 - create IPUIPlugin
2026-01-09 13:43:03,044 [INFO] PluginManager:220 - loadIPPluginJar : add dma
2026-01-09 13:43:03,049 [INFO] IPUIPlugin:80 - create IPUIPlugin
2026-01-09 13:43:03,049 [INFO] PluginManager:220 - loadIPPluginJar : add dma3
2026-01-09 13:43:03,054 [INFO] IPUIPlugin:80 - create IPUIPlugin
2026-01-09 13:43:03,055 [INFO] PluginManager:220 - loadIPPluginJar : add extmemmanager
2026-01-09 13:43:03,057 [INFO] IPUIPlugin:80 - create IPUIPlugin
2026-01-09 13:43:03,057 [INFO] PluginManager:220 - loadIPPluginJar : add fatfs
2026-01-09 13:43:03,064 [INFO] IPUIPlugin:80 - create IPUIPlugin
2026-01-09 13:43:03,064 [INFO] PluginManager:220 - loadIPPluginJar : add fmc
2026-01-09 13:43:03,075 [INFO] IPUIPlugin:80 - create IPUIPlugin
2026-01-09 13:43:03,075 [INFO] PluginManager:220 - loadIPPluginJar : add freertos
2026-01-09 13:43:03,079 [INFO] IPUIPlugin:80 - create IPUIPlugin
2026-01-09 13:43:03,079 [INFO] PluginManager:220 - loadIPPluginJar : add genericplugin
2026-01-09 13:43:03,081 [INFO] IPUIPlugin:80 - create IPUIPlugin
2026-01-09 13:43:03,082 [INFO] PluginManager:220 - loadIPPluginJar : add gfxmmu
2026-01-09 13:43:03,089 [INFO] IPUIPlugin:80 - create IPUIPlugin
2026-01-09 13:43:03,089 [INFO] PluginManager:220 - loadIPPluginJar : add gic
2026-01-09 13:43:03,096 [INFO] IPUIPlugin:80 - create IPUIPlugin
2026-01-09 13:43:03,096 [INFO] PluginManager:220 - loadIPPluginJar : add gpio
2026-01-09 13:43:03,100 [INFO] IPUIPlugin:80 - create IPUIPlugin
2026-01-09 13:43:03,101 [INFO] PluginManager:220 - loadIPPluginJar : add gtzc
2026-01-09 13:43:03,105 [INFO] IPUIPlugin:80 - create IPUIPlugin
2026-01-09 13:43:03,106 [INFO] PluginManager:220 - loadIPPluginJar : add hash
2026-01-09 13:43:03,110 [INFO] IPUIPlugin:80 - create IPUIPlugin
2026-01-09 13:43:03,110 [INFO] PluginManager:220 - loadIPPluginJar : add i2c
2026-01-09 13:43:03,113 [INFO] IPUIPlugin:80 - create IPUIPlugin
2026-01-09 13:43:03,114 [INFO] PluginManager:220 - loadIPPluginJar : add i2s
2026-01-09 13:43:03,119 [INFO] IPUIPlugin:80 - create IPUIPlugin
2026-01-09 13:43:03,119 [INFO] PluginManager:220 - loadIPPluginJar : add i3c
2026-01-09 13:43:03,125 [INFO] IPUIPlugin:80 - create IPUIPlugin
2026-01-09 13:43:03,126 [INFO] PluginManager:220 - loadIPPluginJar : add ipddr
2026-01-09 13:43:03,148 [INFO] IPUIPlugin:80 - create IPUIPlugin
2026-01-09 13:43:03,150 [INFO] PluginManager:220 - loadIPPluginJar : add linkedlist
2026-01-09 13:43:03,159 [INFO] IPUIPlugin:80 - create IPUIPlugin
2026-01-09 13:43:03,159 [INFO] PluginManager:220 - loadIPPluginJar : add lorawan
2026-01-09 13:43:03,163 [INFO] IPUIPlugin:80 - create IPUIPlugin
2026-01-09 13:43:03,163 [INFO] PluginManager:220 - loadIPPluginJar : add ltdc
2026-01-09 13:43:03,175 [INFO] IPUIPlugin:80 - create IPUIPlugin
2026-01-09 13:43:03,175 [INFO] PluginManager:220 - loadIPPluginJar : add mdma
2026-01-09 13:43:03,180 [INFO] IPUIPlugin:80 - create IPUIPlugin
2026-01-09 13:43:03,180 [INFO] PluginManager:220 - loadIPPluginJar : add nvic
2026-01-09 13:43:03,185 [INFO] IPUIPlugin:80 - create IPUIPlugin
2026-01-09 13:43:03,186 [INFO] PluginManager:220 - loadIPPluginJar : add opamp
2026-01-09 13:43:03,191 [INFO] IPUIPlugin:80 - create IPUIPlugin
2026-01-09 13:43:03,191 [INFO] PluginManager:220 - loadIPPluginJar : add openamp
2026-01-09 13:43:03,196 [INFO] IPUIPlugin:80 - create IPUIPlugin
2026-01-09 13:43:03,197 [INFO] PluginManager:220 - loadIPPluginJar : add pdm2pcm
2026-01-09 13:43:03,206 [INFO] IPUIPlugin:80 - create IPUIPlugin
2026-01-09 13:43:03,212 [INFO] PluginManager:220 - loadIPPluginJar : add plateformsettings
2026-01-09 13:43:03,214 [INFO] IPUIPlugin:80 - create IPUIPlugin
2026-01-09 13:43:03,216 [INFO] PluginManager:220 - loadIPPluginJar : add quadspi
2026-01-09 13:43:03,218 [INFO] IPUIPlugin:80 - create IPUIPlugin
2026-01-09 13:43:03,219 [INFO] PluginManager:220 - loadIPPluginJar : add radio
2026-01-09 13:43:03,224 [INFO] IPUIPlugin:80 - create IPUIPlugin
2026-01-09 13:43:03,224 [INFO] PluginManager:220 - loadIPPluginJar : add resmgrutility
2026-01-09 13:43:03,229 [INFO] IPUIPlugin:80 - create IPUIPlugin
2026-01-09 13:43:03,229 [INFO] PluginManager:220 - loadIPPluginJar : add sai
2026-01-09 13:43:03,233 [INFO] IPUIPlugin:80 - create IPUIPlugin
2026-01-09 13:43:03,233 [INFO] PluginManager:220 - loadIPPluginJar : add spi
2026-01-09 13:43:03,243 [INFO] IPUIPlugin:80 - create IPUIPlugin
2026-01-09 13:43:03,243 [INFO] PluginManager:220 - loadIPPluginJar : add stm32_wpan
2026-01-09 13:43:03,326 [INFO] IPUIPlugin:80 - create IPUIPlugin
2026-01-09 13:43:03,327 [INFO] PluginManager:220 - loadIPPluginJar : add tim
2026-01-09 13:43:03,528 [INFO] IPUIPlugin:80 - create IPUIPlugin
2026-01-09 13:43:03,529 [INFO] PluginManager:220 - loadIPPluginJar : add touchsensing
2026-01-09 13:43:03,622 [INFO] IPUIPlugin:80 - create IPUIPlugin
2026-01-09 13:43:03,622 [INFO] PluginManager:220 - loadIPPluginJar : add tracer_emb
2026-01-09 13:43:03,699 [INFO] IPUIPlugin:80 - create IPUIPlugin
2026-01-09 13:43:03,699 [INFO] PluginManager:220 - loadIPPluginJar : add ts
2026-01-09 13:43:03,777 [INFO] IPUIPlugin:80 - create IPUIPlugin
2026-01-09 13:43:03,777 [INFO] PluginManager:220 - loadIPPluginJar : add tsc
2026-01-09 13:43:03,862 [INFO] IPUIPlugin:80 - create IPUIPlugin
2026-01-09 13:43:03,863 [INFO] PluginManager:220 - loadIPPluginJar : add ucpd
2026-01-09 13:43:04,048 [INFO] IPUIPlugin:80 - create IPUIPlugin
2026-01-09 13:43:04,049 [INFO] PluginManager:220 - loadIPPluginJar : add usart
2026-01-09 13:43:04,246 [INFO] IPUIPlugin:80 - create IPUIPlugin
2026-01-09 13:43:04,246 [INFO] PluginManager:220 - loadIPPluginJar : add usbx
2026-01-09 13:43:04,487 [FATAL] Updater:351 - Updater called before beeing initialized
2026-01-09 13:43:04,588 [INFO] RulesReader:64 - Compatibility file has been processed (317 Rules)
2026-01-09 13:43:04,634 [INFO] RulesReader:64 - Compatibility file has been processed (317 Rules)
2026-01-09 13:43:04,681 [INFO] CADModel:165 - CPN selected for project level
2026-01-09 13:43:04,681 [INFO] CADModel:114 - Register for checkConnection events
2026-01-09 13:43:04,681 [FATAL] Updater:351 - Updater called before beeing initialized
2026-01-09 13:43:04,681 [ERROR] CADModel:125 - Updater not yet initialized, retry later 
2026-01-09 13:43:04,748 [INFO] ThirdPartyUpdaterWithRetryManager:70 - Updater plugin not ready yet. [2/15]
2026-01-09 13:43:05,065 [FATAL] Updater:351 - Updater called before beeing initialized
2026-01-09 13:43:05,069 [INFO] CADModel:165 - CPN selected for project level
2026-01-09 13:43:05,069 [INFO] CADModel:114 - Register for checkConnection events
2026-01-09 13:43:05,069 [FATAL] Updater:351 - Updater called before beeing initialized
2026-01-09 13:43:05,069 [ERROR] CADModel:125 - Updater not yet initialized, retry later 
2026-01-09 13:43:05,075 [FATAL] Updater:351 - Updater called before beeing initialized
2026-01-09 13:43:05,376 [FATAL] Updater:351 - Updater called before beeing initialized
2026-01-09 13:43:05,415 [INFO] DbMcusAds:53 - JSON generation date=Tue Dec 16 06:11:46 ICT 2025 (1765840306612)
2026-01-09 13:43:05,416 [FATAL] Updater:351 - Updater called before beeing initialized
2026-01-09 13:43:05,539 [WARN] DetailPanel:346 - Failed to get advertising image, set to default
2026-01-09 13:43:05,794 [FATAL] Updater:351 - Updater called before beeing initialized
2026-01-09 13:43:05,798 [FATAL] Updater:351 - Updater called before beeing initialized
2026-01-09 13:43:05,798 [FATAL] Updater:351 - Updater called before beeing initialized
2026-01-09 13:43:05,798 [WARN] DetailPanel:346 - Failed to get advertising image, set to default
2026-01-09 13:43:05,799 [FATAL] Updater:351 - Updater called before beeing initialized
2026-01-09 13:43:05,998 [ERROR] Updater:1198 - MainUpdater not yet initialized. External WinMGr cannot be set.
2026-01-09 13:43:06,044 [INFO] Updater:1134 - Updater Version found : 6.15.0
2026-01-09 13:43:06,089 [INFO] ApplicationProperties:184 - Using Application install path: C:\ST\STM32CubeIDE_1.16.1\STM32CubeIDE\plugins\com.st.stm32cube.common.mx_6.15.0.202507011659
2026-01-09 13:43:07,746 [ERROR] LogOutputStream:75 - [STDERR_REDIRECT] Jan 09, 2026 1:43:07 PM java.util.prefs.WindowsPreferences <init>
2026-01-09 13:43:07,751 [ERROR] LogOutputStream:75 - [STDERR_REDIRECT] WARNING: Could not open/create prefs root node Software\JavaSoft\Prefs at root 0xffffffff80000002. Windows RegCreateKeyEx(...) returned error code 5.
2026-01-09 13:43:07,752 [ERROR] LogOutputStream:75 - [STDERR_REDIRECT] 
2026-01-09 13:43:07,759 [FATAL] Updater:351 - Updater called before beeing initialized
2026-01-09 13:43:07,759 [ERROR] IntegrityCheckThread:130 - Cannot retrieve database content from updater: error 21
2026-01-09 13:43:07,759 [INFO] ThirdParty:978 - Integrity check success = false
2026-01-09 13:43:07,759 [INFO] IntegrityCheckThread:100 - exiting critical section [integrity check]
2026-01-09 13:43:07,761 [INFO] IntegrityCheckThread:103 - End integrity checks thread
2026-01-09 13:43:09,189 [INFO] MainUpdater:2872 - connection check result : 10
2026-01-09 13:43:09,190 [INFO] MainUpdater:289 - Updater Check For Update Now.
2026-01-09 13:43:09,190 [INFO] MicroXplorer:498 - Change Database Version : DB.6.0.150
2026-01-09 13:43:09,235 [INFO] McuFinderGlobals:63 - Set McuFinder mode to 2 (CubeIDE integrated)
2026-01-09 13:43:09,263 [INFO] UserAuth:487 - Internet connection configuration mode: 1
2026-01-09 13:43:09,345 [INFO] JxBrowserEngine:152 - Initiate JxBrowser Engine with user profile folder
2026-01-09 13:43:09,585 [INFO] CheckServerUpdateThread:120 - End of CheckServer Thread
2026-01-09 13:43:12,827 [INFO] WebApp:169 - Instantiating new browser for Auth
2026-01-09 13:43:13,941 [INFO] WebApp:463 - Apply proxy settings
2026-01-09 13:43:13,941 [INFO] WebApp:548 - Chromium requires no authentication
2026-01-09 13:43:13,992 [INFO] WebApp:491 - Direct internet connection detected
2026-01-09 13:43:14,110 [INFO] WebApp:900 - Register for checkConnection events
2026-01-09 13:43:14,110 [INFO] WebApp:463 - Apply proxy settings
2026-01-09 13:43:14,110 [INFO] WebApp:548 - Chromium requires no authentication
2026-01-09 13:43:14,111 [INFO] WebApp:491 - Direct internet connection detected
2026-01-09 13:43:14,659 [INFO] WebApp:191 - Connection restablished
2026-01-09 13:43:14,785 [INFO] WebApp:225 - Starting web application
2026-01-09 13:43:14,786 [INFO] WebApp:593 - Web application path used C:\ST\STM32CubeIDE_1.16.1\STM32CubeIDE\plugins\com.st.stm32cube.common.mx_6.15.0.202507011659\db\plugins\mcufinder\reactClient1\index.html
2026-01-09 13:43:15,439 [INFO] UserAuth:487 - Internet connection configuration mode: 1
2026-01-09 13:43:22,108 [INFO] McuFinderGlobals:63 - Set McuFinder mode to 2 (CubeIDE integrated)
2026-01-09 13:43:22,166 [INFO] MainUpdater:2872 - connection check result : 10
2026-01-09 13:43:22,207 [INFO] McuFinderGlobals:76 - Set McuFinderConnectedMode to true
2026-01-09 13:43:22,764 [INFO] ServerAccessManage:452 - Complete download http(s) 200
2026-01-09 13:43:22,766 [INFO] ServerAccessManage:509 - Download File mcusAds.json._tmp_
2026-01-09 13:43:22,897 [INFO] LoadUrlFilesThread:156 - End of LoadUrlFiles Thread
2026-01-09 13:43:23,098 [INFO] ServerAccessManage:452 - Complete download http(s) 200
2026-01-09 13:43:23,099 [INFO] ServerAccessManage:509 - Download File cube-finder-db.zip
2026-01-09 13:43:24,595 [INFO] FileExtend:248 - Unzip File : cube-finder-db.zip
2026-01-09 13:43:24,595 [INFO] FileExtend:263 - Standard Zip Deflate
2026-01-09 13:43:26,598 [INFO] LoadUrlFilesThread:156 - End of LoadUrlFiles Thread
2026-01-09 13:43:27,885 [INFO] ServerAccessManage:452 - Complete download http(s) 200
2026-01-09 13:43:27,887 [INFO] ServerAccessManage:509 - Download File crdb.zip
2026-01-09 13:43:29,683 [INFO] FileExtend:248 - Unzip File : crdb.zip
2026-01-09 13:43:29,684 [INFO] FileExtend:263 - Standard Zip Deflate
2026-01-09 13:43:29,833 [INFO] LoadUrlFilesThread:156 - End of LoadUrlFiles Thread
2026-01-09 13:43:30,011 [INFO] ServerAccessManage:452 - Complete download http(s) 200
2026-01-09 13:43:30,012 [INFO] ServerAccessManage:509 - Download File tutoVideoDB.zip
2026-01-09 13:43:30,048 [INFO] FileExtend:248 - Unzip File : tutoVideoDB.zip
2026-01-09 13:43:30,048 [INFO] FileExtend:263 - Standard Zip Deflate
2026-01-09 13:43:30,203 [INFO] LoadUrlFilesThread:156 - End of LoadUrlFiles Thread
2026-01-09 13:43:30,209 [WARN] DbFile:41 - Overriding database path with different value: C:\Users\Chinnapop\.stmcufinder\plugins\mcufinder/ => C:\Users\Chinnapop\.stmcufinder\plugins\mcufinder
2026-01-09 13:43:30,345 [INFO] ServerAccessManage:452 - Complete download http(s) 200
2026-01-09 13:43:30,346 [INFO] ServerAccessManage:509 - Download File api_config.json
2026-01-09 13:43:30,470 [INFO] LoadUrlFilesThread:156 - End of LoadUrlFiles Thread
2026-01-09 13:43:30,473 [INFO] DbMcusAds:53 - JSON generation date=Thu Jan 08 22:57:51 ICT 2026 (1767887871456)
2026-01-09 13:43:30,736 [INFO] ServerAccessManage:452 - Complete download http(s) 200
2026-01-09 13:43:30,737 [INFO] ServerAccessManage:509 - Download File 
2026-01-09 13:43:30,972 [INFO] LoadUrlFilesThread:185 - End of LoadServerUrlFiles without Thread
2026-01-09 13:43:30,972 [INFO] TargetSelectorAdapter:259 - Refresh data is successful
2026-01-09 13:43:31,232 [INFO] ApiDb:581 - Connected to CubeFinder SQLite database (C:\Users\Chinnapop\.stmcufinder\plugins\mcufinder\mcu\cube-finder-db.db)
2026-01-09 13:43:31,333 [INFO] ApiDb:668 - CubeFinder database Data Model version=2.1
2026-01-09 13:43:31,334 [INFO] ApiDb:669 - CubeFinder database Configuration version=3.0.39
2026-01-09 13:43:31,334 [INFO] ApiDb:670 - CubeFinder database generation date=2025-12-22 (1766407740)
2026-01-09 13:43:31,334 [INFO] ApiDb:671 - CubeFinder database FW Pack versions=[FP-ATR-ASTRA1_V2.0.0, FP-SNS-FLIGHT1_V5.1.0, FP-SNS-MOTENV1_V5.1.0, FP-SNS-MOTENVWB1_V1.4.0, FP-SNS-SMARTAG2_V1.2.0, FP-SNS-STBOX1_V2.1.0, STM32Cube_FW_C0_V1.4.0, STM32Cube_FW_F4_V1.28.3, STM32Cube_FW_F7_V1.17.4, STM32Cube_FW_G0_V1.6.2, STM32Cube_FW_G4_V1.6.1, STM32Cube_FW_H5_V1.5.1, STM32Cube_FW_H7RS_V1.3.0, STM32Cube_FW_H7_V1.12.1, STM32Cube_FW_L0_V1.12.2, STM32Cube_FW_L4_V1.18.1, STM32Cube_FW_L5_V1.6.0, STM32Cube_FW_N6_V1.3.0, STM32Cube_FW_U0_V1.3.0, STM32Cube_FW_U3_V1.2.1, STM32Cube_FW_U5_V1.8.0, STM32Cube_FW_WB0_V1.4.0, STM32Cube_FW_WBA_V1.8.0, STM32Cube_FW_WB_V1.24.0, STM32Cube_FW_WL3_V1.3.0, STM32Cube_FW_WL_V1.4.0, X-CUBE-ALGOBUILD_V1.4.0, X-CUBE-ALS_V1.0.2, X-CUBE-AZRTOS-F4_V1.1.0, X-CUBE-AZRTOS-F7_V1.1.0, X-CUBE-AZRTOS-G0_V1.1.0, X-CUBE-AZRTOS-G4_V2.0.0, X-CUBE-AZRTOS-H7RS_V1.1.0, X-CUBE-AZRTOS-H7_V3.4.0, X-CUBE-AZRTOS-L4_V2.0.0, X-CUBE-AZRTOS-L5_V2.0.0, X-CUBE-AZRTOS-WB_V2.0.0, X-CUBE-AZRTOS-WL_V2.0.0, X-CUBE-BLE1_V7.1.0, X-CUBE-BLE2_V3.3.0, X-CUBE-BLEMGR_V4.1.0, X-CUBE-EEPRMA1_V5.2.0, X-CUBE-FREERTOS_V1.3.1, X-CUBE-GNSS1_V6.0.0, X-CUBE-MEMS1_V12.0.0, X-CUBE-NFC4_V3.0.0, X-CUBE-NFC7_V2.0.0, X-CUBE-SFXS2LP1_V4.0.0, X-CUBE-ST67W61_V1.1.0, X-CUBE-SUBG2_V5.0.0, X-CUBE-TOF1_V3.4.3]
2026-01-09 13:43:33,679 [INFO] ApiDb:240 - Found 880 in-development CPN: [B-G473E-ZEST1S, B-WB1M-WPAN1, B-WBA5M-WPAN, B-WL5M-SUBG1, NUCLEO-C031C6, NUCLEO-C051C8, NUCLEO-C071RB, NUCLEO-C092RC, NUCLEO-H503RB, NUCLEO-H533RE, NUCLEO-H563ZI, NUCLEO-H7S3L8, NUCLEO-N657X0-Q, NUCLEO-U031R8, NUCLEO-U083RC, NUCLEO-U385RG-Q, NUCLEO-U545RE-Q, NUCLEO-U5A5ZJ-Q, NUCLEO-WB05KZ, NUCLEO-WB07CC, NUCLEO-WB09KE, NUCLEO-WBA52CG, NUCLEO-WBA55CG, NUCLEO-WL33CC1, NUCLEO-WL33CC2, STEVAL-PROTEUS1, STEVAL-SMARTAG2, STEVAL-STWINBX1, STM320518-EVAL, STM32C0116-DK, STM32C011D6Y3TR, STM32C011D6Y6TR, STM32C011F4P3, STM32C011F4P6, STM32C011F4U3, STM32C011F4U6TR, STM32C011F6P3, STM32C011F6P6, STM32C011F6U3, STM32C011F6U6TR, STM32C011J4M3, STM32C011J4M6, STM32C011J6M3, STM32C011J6M6, STM32C0316-DK, STM32C031C4T3, STM32C031C4T6, STM32C031C4U3, STM32C031C4U6, STM32C031C6T3, STM32C031C6T6, STM32C031C6U3, STM32C031C6U6, STM32C031F4P3, STM32C031F4P6, STM32C031F6P3, STM32C031F6P6, STM32C031G4U3, STM32C031G4U6, STM32C031G6U3, STM32C031G6U6, STM32C031K4T3, STM32C031K4T6, STM32C031K4U3, STM32C031K4U6, STM32C031K6T3, STM32C031K6T6, STM32C031K6U3, STM32C031K6U6, STM32C051C6T6, STM32C051C6U6, STM32C051C8T6, STM32C051C8U6, STM32C051D8Y6TR, STM32C051F6P6, STM32C051F8P6, STM32C051G6U6, STM32C051G8U6, STM32C051K6T6, STM32C051K6U6, STM32C051K8T6, STM32C071C8T6, STM32C071C8T6N, STM32C071C8U6, STM32C071C8U6N, STM32C071CBT6, STM32C071CBT6N, STM32C071CBU6, STM32C071CBU6N, STM32C071F8P6, STM32C071F8P6N, STM32C071FBP6, STM32C071FBP6N, STM32C071FBY6TR, STM32C071G8U6, STM32C071G8U6N, STM32C071GBU6, STM32C071GBU6N, STM32C071K8T6, STM32C071K8T6N, STM32C071K8U6, STM32C071K8U6N, STM32C071KBT6, STM32C071KBT6N, STM32C071KBU6, STM32C071KBU6N, STM32C071R8T6, STM32C071R8T6N, STM32C071RBI6N, STM32C071RBT6, STM32C071RBT6N, STM32C091CBT6, STM32C091CBU6, STM32C091CCT6, STM32C091CCU6, STM32C091ECY6TR, STM32C091FBP6, STM32C091FCP6, STM32C091GBU6, STM32C091GCU6, STM32C091KBT6, STM32C091KBU6, STM32C091KCT6, STM32C091KCU6, STM32C091RBT6, STM32C091RCI6, STM32C091RCT6, STM32C092CBT6, STM32C092CBU6, STM32C092CCT6, STM32C092CCU6, STM32C092ECY6TR, STM32C092FBP6, STM32C092FCP6, STM32C092GBU6, STM32C092GCU6, STM32C092KBT6, STM32C092KBU6, STM32C092KCT6, STM32C092KCU6, STM32C092RBT6, STM32C092RCI6, STM32C092RCT6, STM32G071K8TXN, STM32G071K8UXN, STM32G081GBU6N, STM32G081KBT6N, STM32G081KBUXN, STM32G0B1CCT6N, STM32G0B1KCT6, STM32G0B1NEY6TR, STM32G0B1RCT6N, STM32G0C1CCT6, STM32G0C1CCT6N, STM32G0C1CCU6N, STM32G0C1CET6N, STM32G0C1CEU6N, STM32G0C1KCT6, STM32G0C1NEY6TR, STM32G0C1RCI6N, STM32G0C1RCT6N, STM32G0C1REI6N, STM32G0C1RET6N, STM32G0C1VCI6, STM32G0C1VEI6, STM32G411C6T3, STM32G411C6T6, STM32G411C6U3, STM32G411C6U6, STM32G411C8T3, STM32G411C8T6, STM32G411C8U3, STM32G411C8U6, STM32G411CBT3, STM32G411CBT6, STM32G411CBU3, STM32G411CBU6, STM32G411K6T3, STM32G411K6T6, STM32G411K6U3, STM32G411K6U6, STM32G411K8T3, STM32G411K8T6, STM32G411K8U3, STM32G411K8U6, STM32G411KBT3, STM32G411KBT6, STM32G411KBU3, STM32G411KBU6, STM32G411M6T3, STM32G411M6T6, STM32G411M8T3, STM32G411M8T6, STM32G411MBT3, STM32G411MBT6, STM32G411R6T3, STM32G411R6T6, STM32G411R8T3, STM32G411R8T6, STM32G411RBT3, STM32G411RBT6, STM32G414CBT3, STM32G414CBT6, STM32G414CBU3, STM32G414CBU6, STM32G414CCT3, STM32G414CCT6, STM32G414CCU3, STM32G414CCU6, STM32G414MBT3, STM32G414MBT6, STM32G414MCT3, STM32G414MCT6, STM32G414RBT3, STM32G414RBT6, STM32G414RCT3, STM32G414RCT6, STM32G414VBT3, STM32G414VBT6, STM32G414VCT3, STM32G414VCT6, STM32G431CBT3Z, STM32G431RBT3Z, STM32G471CCT6, STM32G471CCU6, STM32G471CET3, STM32G471CET6, STM32G471CEU3, STM32G471CEU6, STM32G471MCT6, STM32G471MET3, STM32G471MET6, STM32G471MEY6TR, STM32G471QCT6, STM32G471QET3, STM32G471RCT6, STM32G471RET3, STM32G471RET6, STM32G471VCH6, STM32G471VCI6, STM32G471VCT6, STM32G471VEH3, STM32G471VEH6, STM32G471VEI3, STM32G471VEI6, STM32G471VET3, STM32G471VET6, STM32G473QET3Z, STM32G473RET3Z, STM32G474CCT6, STM32G491RET3Z, STM32H503CBT6, STM32H503CBU6, STM32H503EBY6TR, STM32H503KBU6, STM32H503RBT6, STM32H523CCT6, STM32H523CCU6, STM32H523CET6, STM32H523CEU6, STM32H523HEY6TR, STM32H523RCT6, STM32H523RET6, STM32H523VCI6, STM32H523VCT6, STM32H523VEI6, STM32H523VET6, STM32H523ZCJ6, STM32H523ZCT6, STM32H523ZEJ6, STM32H523ZET6, STM32H533CET6, STM32H533CEU6, STM32H533HEY6TR, STM32H533RET6, STM32H533VEI6, STM32H533VET6, STM32H533ZEJ6, STM32H533ZET6, STM32H562AGI6, STM32H562AII6, STM32H562IGK6, STM32H562IGT6, STM32H562IIK6, STM32H562IIT6, STM32H562RGT6, STM32H562RGV6, STM32H562RIT6, STM32H562RIV6, STM32H562VGT6, STM32H562VIT6, STM32H562ZGT6, STM32H562ZIT6, STM32H563AGI6, STM32H563AII3Q, STM32H563AII6, STM32H563IGK6, STM32H563IGT6, STM32H563IIK3Q, STM32H563IIK6, STM32H563IIT3Q, STM32H563IIT6, STM32H563MIY3QTR, STM32H563RGT6, STM32H563RGV6, STM32H563RIT6, STM32H563RIV6, STM32H563VGT6, STM32H563VIT3Q, STM32H563VIT6, STM32H563ZGT6, STM32H563ZIT3Q, STM32H563ZIT6, STM32H573AII3Q, STM32H573AII6, STM32H573I-DK, STM32H573IIK3Q, STM32H573IIK6, STM32H573IIT3Q, STM32H573IIT6, STM32H573MIY3QTR, STM32H573RIT6, STM32H573RIV6, STM32H573VIT3Q, STM32H573VIT6, STM32H573ZIT3Q, STM32H573ZIT6, STM32H7R3A8I6, STM32H7R3I8K6, STM32H7R3I8T6, STM32H7R3L8H6, STM32H7R3L8H6H, STM32H7R3R8V6, STM32H7R3V8H6, STM32H7R3V8T6, STM32H7R3V8Y6TR, STM32H7R3Z8J6, STM32H7R3Z8T6, STM32H7R7A8I6, STM32H7R7I8K6, STM32H7R7I8T6, STM32H7R7L8H6, STM32H7R7L8H6H, STM32H7R7Z8J6, STM32H7S3A8I6, STM32H7S3I8K6, STM32H7S3I8T6, STM32H7S3L8H6, STM32H7S3L8H6H, STM32H7S3R8V6, STM32H7S3V8H6, STM32H7S3V8T6, STM32H7S3V8Y6TR, STM32H7S3Z8J6, STM32H7S3Z8T6, STM32H7S78-DK, STM32H7S7A8I6, STM32H7S7I8K6, STM32H7S7I8T6, STM32H7S7L8H6, STM32H7S7L8H6H, STM32H7S7Z8J6, STM32L4R5QGI6STR, STM32MP131AAE3, STM32MP131AAF3, STM32MP131AAG3, STM32MP131CAE3, STM32MP131CAF3, STM32MP131CAG3, STM32MP131DAE7, STM32MP131DAF7, STM32MP131DAG7, STM32MP131FAE7, STM32MP131FAF7, STM32MP131FAG7, STM32MP133AAE3, STM32MP133AAF3, STM32MP133AAG3, STM32MP133CAE3, STM32MP133CAF3, STM32MP133CAG3, STM32MP133DAE7, STM32MP133DAF7, STM32MP133DAG7, STM32MP133FAE7, STM32MP133FAF7, STM32MP133FAG7, STM32MP135AAE3, STM32MP135AAF3, STM32MP135AAG3, STM32MP135CAE3, STM32MP135CAF3, STM32MP135CAG3, STM32MP135DAE7, STM32MP135DAF7, STM32MP135DAG7, STM32MP135F-DK, STM32MP135FAE7, STM32MP135FAF7, STM32MP135FAF7T, STM32MP135FAF7U, STM32MP135FAG7, STM32MP211AAL3, STM32MP211AAM3, STM32MP211AAN3, STM32MP211AAO3, STM32MP211CAL3, STM32MP211CAM3, STM32MP211CAN3, STM32MP211CAO3, STM32MP211DAL3, STM32MP211DAM3, STM32MP211DAN3, STM32MP211DAO3, STM32MP211FAL3, STM32MP211FAM3, STM32MP211FAN3, STM32MP211FAO3, STM32MP213AAL3, STM32MP213AAM3, STM32MP213AAN3, STM32MP213AAO3, STM32MP213CAL3, STM32MP213CAM3, STM32MP213CAN3, STM32MP213CAO3, STM32MP213DAL3, STM32MP213DAM3, STM32MP213DAN3, STM32MP213DAO3, STM32MP213FAL3, STM32MP213FAM3, STM32MP213FAN3, STM32MP213FAO3, STM32MP215AAL3, STM32MP215AAM3, STM32MP215AAN3, STM32MP215AAO3, STM32MP215CAL3, STM32MP215CAM3, STM32MP215CAN3, STM32MP215CAO3, STM32MP215DAL3, STM32MP215DAM3, STM32MP215DAN3, STM32MP215DAO3, STM32MP215F-DK, STM32MP215FAL3, STM32MP215FAM3, STM32MP215FAN3, STM32MP215FAO3, STM32MP231AAJ3, STM32MP231AAK3, STM32MP231AAL3, STM32MP231CAJ3, STM32MP231CAK3, STM32MP231CAL3, STM32MP231DAJ3, STM32MP231DAK3, STM32MP231DAL3, STM32MP231FAJ3, STM32MP231FAK3, STM32MP231FAL3, STM32MP233AAJ3, STM32MP233AAK3, STM32MP233AAL3, STM32MP233CAJ3, STM32MP233CAK3, STM32MP233CAL3, STM32MP233DAJ3, STM32MP233DAK3, STM32MP233DAL3, STM32MP233FAJ3, STM32MP233FAK3, STM32MP233FAL3, STM32MP235AAJ3, STM32MP235AAK3, STM32MP235AAL3, STM32MP235CAJ3, STM32MP235CAK3, STM32MP235CAL3, STM32MP235DAJ3, STM32MP235DAK3, STM32MP235DAL3, STM32MP235FAJ3, STM32MP235FAK3, STM32MP235FAL3, STM32MP251AAI3, STM32MP251AAK3, STM32MP251AAL3, STM32MP251CAI3, STM32MP251CAK3, STM32MP251CAL3, STM32MP251DAI3, STM32MP251DAK3, STM32MP251DAL3, STM32MP251FAI3, STM32MP251FAK3, STM32MP251FAL3, STM32MP253AAI3, STM32MP253AAK3, STM32MP253AAL3, STM32MP253CAI3, STM32MP253CAK3, STM32MP253CAL3, STM32MP253DAI3, STM32MP253DAK3, STM32MP253DAL3, STM32MP253FAI3, STM32MP253FAK3, STM32MP253FAL3, STM32MP255AAI3, STM32MP255AAK3, STM32MP255AAL3, STM32MP255CAI3, STM32MP255CAK3, STM32MP255CAL3, STM32MP255DAI3, STM32MP255DAK3, STM32MP255DAL3, STM32MP255FAI3, STM32MP255FAK3, STM32MP255FAL3, STM32MP257AAI3, STM32MP257AAK3, STM32MP257AAL3, STM32MP257CAI3, STM32MP257CAK3, STM32MP257CAL3, STM32MP257DAI3, STM32MP257DAK3, STM32MP257DAL3, STM32MP257F-DK, STM32MP257F-EV1, STM32MP257FAI3, STM32MP257FAK3, STM32MP257FAL3, STM32N645A0H3Q, STM32N645B0H3Q, STM32N645I0H3Q, STM32N645L0H3Q, STM32N645X0H3Q, STM32N645Z0H3Q, STM32N647A0H3Q, STM32N647B0H3Q, STM32N647I0H3Q, STM32N647L0H3Q, STM32N647X0H3Q, STM32N647Z0H3Q, STM32N655A0H3Q, STM32N655B0H3Q, STM32N655I0H3Q, STM32N655L0H3Q, STM32N655X0H3Q, STM32N655Z0H3Q, STM32N6570-DK, STM32N657A0H3Q, STM32N657B0H3Q, STM32N657I0H3Q, STM32N657L0H3Q, STM32N657X0H3Q, STM32N657Z0H3Q, STM32U031C6T6, STM32U031C6U6, STM32U031C8T6, STM32U031C8U6, STM32U031F4P6, STM32U031F6P6, STM32U031F8P6, STM32U031G6Y6TR, STM32U031G8Y6TR, STM32U031K4U6, STM32U031K6U6, STM32U031K8U6, STM32U031R6I6, STM32U031R6T6, STM32U031R8I6, STM32U031R8T6, STM32U073C8T6, STM32U073C8U6, STM32U073CBT6, STM32U073CBU6, STM32U073CCT6, STM32U073CCU6, STM32U073H8Y6TR, STM32U073HBY6TR, STM32U073HCY6TR, STM32U073K8U6, STM32U073KBU6, STM32U073KCU6, STM32U073M8I6, STM32U073M8T6, STM32U073MBI6, STM32U073MBT6, STM32U073MCI6, STM32U073MCT6, STM32U073R8I6, STM32U073R8T6, STM32U073RBI6, STM32U073RBT6, STM32U073RCI6, STM32U073RCT6, STM32U083C-DK, STM32U083CCT6, STM32U083CCU6, STM32U083HCY6TR, STM32U083KCU6, STM32U083MCI6, STM32U083MCT6, STM32U083RCI6, STM32U083RCT6, STM32U375CET6, STM32U375CET6Q, STM32U375CEU6, STM32U375CEU6Q, STM32U375CEY6QTR, STM32U375CGT6, STM32U375CGT6Q, STM32U375CGU6, STM32U375CGU6Q, STM32U375CGY6QTR, STM32U375KEU6, STM32U375KGU6, STM32U375REI6, STM32U375REI6Q, STM32U375RET6, STM32U375RET6Q, STM32U375REY6GTR, STM32U375REY6QTR, STM32U375RGI6, STM32U375RGI6Q, STM32U375RGT6, STM32U375RGT6Q, STM32U375RGY6GTR, STM32U375RGY6QTR, STM32U375VEI6, STM32U375VEI6Q, STM32U375VET6, STM32U375VET6Q, STM32U375VGI6, STM32U375VGI6Q, STM32U375VGT6, STM32U375VGT6Q, STM32U385CGT6, STM32U385CGT6Q, STM32U385CGU6, STM32U385CGU6Q, STM32U385CGY6QTR, STM32U385KGU6, STM32U385RGI6, STM32U385RGI6Q, STM32U385RGT6, STM32U385RGT6Q, STM32U385RGY6GTR, STM32U385RGY6QTR, STM32U385VGI6, STM32U385VGI6Q, STM32U385VGT6, STM32U385VGT6Q, STM32U535CBT6, STM32U535CBT6Q, STM32U535CBU6, STM32U535CBU6Q, STM32U535CCT6, STM32U535CCT6Q, STM32U535CCU6, STM32U535CCU6Q, STM32U535CET6, STM32U535CET6Q, STM32U535CEU6, STM32U535CEU6Q, STM32U535JEY6QTR, STM32U535NCY6QTR, STM32U535NEY6QTR, STM32U535RBI6, STM32U535RBI6Q, STM32U535RBT6, STM32U535RBT6Q, STM32U535RCI6, STM32U535RCI6Q, STM32U535RCT6, STM32U535RCT6Q, STM32U535REI6, STM32U535REI6Q, STM32U535RET6, STM32U535RET6Q, STM32U535VCI6, STM32U535VCI6Q, STM32U535VCT6, STM32U535VCT6Q, STM32U535VEI6, STM32U535VEI6Q, STM32U535VET6, STM32U535VET6Q, STM32U545CET6, STM32U545CET6Q, STM32U545CEU6, STM32U545CEU6Q, STM32U545JEY6QTR, STM32U545NEY6QTR, STM32U545REI6, STM32U545REI6Q, STM32U545RET6, STM32U545RET6Q, STM32U545VEI6, STM32U545VEI6Q, STM32U545VET6, STM32U545VET6Q, STM32U595AIH6, STM32U595AIH6Q, STM32U595AJH6, STM32U595AJH6Q, STM32U595QII6, STM32U595QII6Q, STM32U595QJI6, STM32U595QJI6Q, STM32U595RIT6, STM32U595RIT6Q, STM32U595RJT6, STM32U595RJT6Q, STM32U595VIT6, STM32U595VIT6Q, STM32U595VJT6, STM32U595VJT6Q, STM32U595ZIT6, STM32U595ZIT6Q, STM32U595ZIY6QTR, STM32U595ZJT6, STM32U595ZJT6Q, STM32U595ZJY6QTR, STM32U599BJY6QTR, STM32U599NIH6Q, STM32U599NJH6Q, STM32U599VIT6Q, STM32U599VJT6, STM32U599VJT6Q, STM32U599ZIT6Q, STM32U599ZIY6QTR, STM32U599ZJT6Q, STM32U599ZJY6QTR, STM32U5A5AJH6, STM32U5A5AJH6Q, STM32U5A5QII3Q , STM32U5A5QJI6, STM32U5A5QJI6Q, STM32U5A5RJT6, STM32U5A5RJT6Q, STM32U5A5VJT6, STM32U5A5VJT6Q, STM32U5A5ZJT6, STM32U5A5ZJT6Q, STM32U5A5ZJY6QTR, STM32U5A9BJY6QTR, STM32U5A9J-DK, STM32U5A9NJH6Q, STM32U5A9VJT6Q, STM32U5A9ZJT6Q, STM32U5A9ZJY6QTR, STM32U5F7VIT6, STM32U5F7VIT6Q, STM32U5F7VJT6, STM32U5F7VJT6Q, STM32U5F9BJY6QTR, STM32U5F9NJH6Q, STM32U5F9VIT6Q, STM32U5F9VJT6Q, STM32U5F9ZIJ6QTR, STM32U5F9ZIT6Q, STM32U5F9ZJJ6QTR, STM32U5F9ZJT6Q, STM32U5G7VJT6, STM32U5G7VJT6Q, STM32U5G9BJY6QTR, STM32U5G9J-DK1, STM32U5G9J-DK2, STM32U5G9NJH6Q, STM32U5G9VJT6Q, STM32U5G9ZJJ6QTR, STM32U5G9ZJT6Q, STM32WB05KZV6TR, STM32WB05KZV7TR, STM32WB05TZF6TR, STM32WB05TZF7TR, STM32WB06CCF6TR, STM32WB06CCF7TR, STM32WB06CCV6TR, STM32WB06CCV7TR, STM32WB06KCV6TR, STM32WB06KCV7TR, STM32WB07CCF6TR, STM32WB07CCF7TR, STM32WB07CCV6TR, STM32WB07CCV7TR, STM32WB07KCV6TR, STM32WB07KCV7TR, STM32WB09KEV6TR, STM32WB09KEV7TR, STM32WB09TEF6TR, STM32WB09TEF7TR, STM32WB1MMCH6, STM32WBA50KGU6, STM32WBA50KGU6TR, STM32WBA52CEU6, STM32WBA52CEU6TR, STM32WBA52CEU7, STM32WBA52CEU7TR, STM32WBA52CGU6, STM32WBA52CGU6TR, STM32WBA52CGU6U, STM32WBA52CGU7, STM32WBA52CGU7TR, STM32WBA52KEU6, STM32WBA52KEU6TR, STM32WBA52KGU6, STM32WBA52KGU6TR, STM32WBA54CEU6, STM32WBA54CEU6TR, STM32WBA54CEU7, STM32WBA54CEU7TR, STM32WBA54CGU6, STM32WBA54CGU6TR, STM32WBA54CGU7, STM32WBA54CGU7TR, STM32WBA54KEU6, STM32WBA54KEU6TR, STM32WBA54KEU7, STM32WBA54KEU7TR, STM32WBA54KGU6, STM32WBA54KGU6TR, STM32WBA54KGU7, STM32WBA54KGU7TR, STM32WBA55CEU6, STM32WBA55CEU6TR, STM32WBA55CEU7, STM32WBA55CEU7TR, STM32WBA55CGU6, STM32WBA55CGU6TR, STM32WBA55CGU6U, STM32WBA55CGU7, STM32WBA55CGU7TR, STM32WBA55G-DK1, STM32WBA55HEF6, STM32WBA55HEF7, STM32WBA55HGF6, STM32WBA55HGF7, STM32WBA55UEI6, STM32WBA55UEI6TR, STM32WBA55UEI7, STM32WBA55UEI7TR, STM32WBA55UGI6, STM32WBA55UGI6TR, STM32WBA55UGI7, STM32WBA55UGI7TR, STM32WBA5MMGH6TR, STM32WBA62MGF6, STM32WBA62MIF6, STM32WBA65MGF7, STM32WBA65MIF6, STM32WBA65MIF7, STM32WL30K8V6, STM32WL30KBV6, STM32WL31C8V6, STM32WL31CBV6, STM32WL31K8V6, STM32WL31KBV6, STM32WL33C8V6, STM32WL33C8V6X, STM32WL33CBV6, STM32WL33CBV6X, STM32WL33CCV6, STM32WL33CCV6A, STM32WL33CCV6X, STM32WL33K8V7, STM32WL33K8V7X, STM32WL33KBV7 , STM32WL33KBV7X, STM32WL33KCV7, STM32WL33KCV7X, STM32WL5MOCH6, STM32WL5MOCH6TR]
2026-01-09 13:43:33,686 [INFO] DbMcus:218 - Found 4876 MCUs, 4876 are supported
2026-01-09 13:43:33,687 [INFO] ApiDb:423 - Load user favorites file C:\Users\Chinnapop/.stm32cubeide/favorites.mcus.txt: 0 item(s)
2026-01-09 13:43:33,687 [INFO] ApiDb:427 - User favorites MCUs=[]
2026-01-09 13:43:33,687 [INFO] DbMcus:224 - Set 0 / 0 favorites MCUs
2026-01-09 13:43:34,054 [INFO] ApiDb:668 - CubeFinder database Data Model version=2.1
2026-01-09 13:43:34,054 [INFO] ApiDb:669 - CubeFinder database Configuration version=3.0.39
2026-01-09 13:43:34,054 [INFO] ApiDb:670 - CubeFinder database generation date=2025-12-22 (1766407740)
2026-01-09 13:43:34,054 [INFO] ApiDb:671 - CubeFinder database FW Pack versions=[FP-ATR-ASTRA1_V2.0.0, FP-SNS-FLIGHT1_V5.1.0, FP-SNS-MOTENV1_V5.1.0, FP-SNS-MOTENVWB1_V1.4.0, FP-SNS-SMARTAG2_V1.2.0, FP-SNS-STBOX1_V2.1.0, STM32Cube_FW_C0_V1.4.0, STM32Cube_FW_F4_V1.28.3, STM32Cube_FW_F7_V1.17.4, STM32Cube_FW_G0_V1.6.2, STM32Cube_FW_G4_V1.6.1, STM32Cube_FW_H5_V1.5.1, STM32Cube_FW_H7RS_V1.3.0, STM32Cube_FW_H7_V1.12.1, STM32Cube_FW_L0_V1.12.2, STM32Cube_FW_L4_V1.18.1, STM32Cube_FW_L5_V1.6.0, STM32Cube_FW_N6_V1.3.0, STM32Cube_FW_U0_V1.3.0, STM32Cube_FW_U3_V1.2.1, STM32Cube_FW_U5_V1.8.0, STM32Cube_FW_WB0_V1.4.0, STM32Cube_FW_WBA_V1.8.0, STM32Cube_FW_WB_V1.24.0, STM32Cube_FW_WL3_V1.3.0, STM32Cube_FW_WL_V1.4.0, X-CUBE-ALGOBUILD_V1.4.0, X-CUBE-ALS_V1.0.2, X-CUBE-AZRTOS-F4_V1.1.0, X-CUBE-AZRTOS-F7_V1.1.0, X-CUBE-AZRTOS-G0_V1.1.0, X-CUBE-AZRTOS-G4_V2.0.0, X-CUBE-AZRTOS-H7RS_V1.1.0, X-CUBE-AZRTOS-H7_V3.4.0, X-CUBE-AZRTOS-L4_V2.0.0, X-CUBE-AZRTOS-L5_V2.0.0, X-CUBE-AZRTOS-WB_V2.0.0, X-CUBE-AZRTOS-WL_V2.0.0, X-CUBE-BLE1_V7.1.0, X-CUBE-BLE2_V3.3.0, X-CUBE-BLEMGR_V4.1.0, X-CUBE-EEPRMA1_V5.2.0, X-CUBE-FREERTOS_V1.3.1, X-CUBE-GNSS1_V6.0.0, X-CUBE-MEMS1_V12.0.0, X-CUBE-NFC4_V3.0.0, X-CUBE-NFC7_V2.0.0, X-CUBE-SFXS2LP1_V4.0.0, X-CUBE-ST67W61_V1.1.0, X-CUBE-SUBG2_V5.0.0, X-CUBE-TOF1_V3.4.3]
2026-01-09 13:43:34,096 [INFO] DbBoardsSqlite:226 - include board P-NUCLEO-WB55-NUCLEO as a kit item of type 'Nucleo-64'
2026-01-09 13:43:34,097 [INFO] DbBoardsSqlite:226 - include board P-NUCLEO-WB55-USBDONGLE as a kit item of type 'Nucleo USB Dongle'
2026-01-09 13:43:34,098 [INFO] DbBoardsSqlite:226 - include board STEVAL-IDP005V1 as a kit item of type 'Evaluation Board'
2026-01-09 13:43:34,098 [INFO] DbBoardsSqlite:226 - include board STEVAL-IDP005V2 as a kit item of type 'Evaluation Board'
2026-01-09 13:43:34,156 [INFO] ApiDb:240 - Found 880 in-development CPN: [B-G473E-ZEST1S, B-WB1M-WPAN1, B-WBA5M-WPAN, B-WL5M-SUBG1, NUCLEO-C031C6, NUCLEO-C051C8, NUCLEO-C071RB, NUCLEO-C092RC, NUCLEO-H503RB, NUCLEO-H533RE, NUCLEO-H563ZI, NUCLEO-H7S3L8, NUCLEO-N657X0-Q, NUCLEO-U031R8, NUCLEO-U083RC, NUCLEO-U385RG-Q, NUCLEO-U545RE-Q, NUCLEO-U5A5ZJ-Q, NUCLEO-WB05KZ, NUCLEO-WB07CC, NUCLEO-WB09KE, NUCLEO-WBA52CG, NUCLEO-WBA55CG, NUCLEO-WL33CC1, NUCLEO-WL33CC2, STEVAL-PROTEUS1, STEVAL-SMARTAG2, STEVAL-STWINBX1, STM320518-EVAL, STM32C0116-DK, STM32C011D6Y3TR, STM32C011D6Y6TR, STM32C011F4P3, STM32C011F4P6, STM32C011F4U3, STM32C011F4U6TR, STM32C011F6P3, STM32C011F6P6, STM32C011F6U3, STM32C011F6U6TR, STM32C011J4M3, STM32C011J4M6, STM32C011J6M3, STM32C011J6M6, STM32C0316-DK, STM32C031C4T3, STM32C031C4T6, STM32C031C4U3, STM32C031C4U6, STM32C031C6T3, STM32C031C6T6, STM32C031C6U3, STM32C031C6U6, STM32C031F4P3, STM32C031F4P6, STM32C031F6P3, STM32C031F6P6, STM32C031G4U3, STM32C031G4U6, STM32C031G6U3, STM32C031G6U6, STM32C031K4T3, STM32C031K4T6, STM32C031K4U3, STM32C031K4U6, STM32C031K6T3, STM32C031K6T6, STM32C031K6U3, STM32C031K6U6, STM32C051C6T6, STM32C051C6U6, STM32C051C8T6, STM32C051C8U6, STM32C051D8Y6TR, STM32C051F6P6, STM32C051F8P6, STM32C051G6U6, STM32C051G8U6, STM32C051K6T6, STM32C051K6U6, STM32C051K8T6, STM32C071C8T6, STM32C071C8T6N, STM32C071C8U6, STM32C071C8U6N, STM32C071CBT6, STM32C071CBT6N, STM32C071CBU6, STM32C071CBU6N, STM32C071F8P6, STM32C071F8P6N, STM32C071FBP6, STM32C071FBP6N, STM32C071FBY6TR, STM32C071G8U6, STM32C071G8U6N, STM32C071GBU6, STM32C071GBU6N, STM32C071K8T6, STM32C071K8T6N, STM32C071K8U6, STM32C071K8U6N, STM32C071KBT6, STM32C071KBT6N, STM32C071KBU6, STM32C071KBU6N, STM32C071R8T6, STM32C071R8T6N, STM32C071RBI6N, STM32C071RBT6, STM32C071RBT6N, STM32C091CBT6, STM32C091CBU6, STM32C091CCT6, STM32C091CCU6, STM32C091ECY6TR, STM32C091FBP6, STM32C091FCP6, STM32C091GBU6, STM32C091GCU6, STM32C091KBT6, STM32C091KBU6, STM32C091KCT6, STM32C091KCU6, STM32C091RBT6, STM32C091RCI6, STM32C091RCT6, STM32C092CBT6, STM32C092CBU6, STM32C092CCT6, STM32C092CCU6, STM32C092ECY6TR, STM32C092FBP6, STM32C092FCP6, STM32C092GBU6, STM32C092GCU6, STM32C092KBT6, STM32C092KBU6, STM32C092KCT6, STM32C092KCU6, STM32C092RBT6, STM32C092RCI6, STM32C092RCT6, STM32G071K8TXN, STM32G071K8UXN, STM32G081GBU6N, STM32G081KBT6N, STM32G081KBUXN, STM32G0B1CCT6N, STM32G0B1KCT6, STM32G0B1NEY6TR, STM32G0B1RCT6N, STM32G0C1CCT6, STM32G0C1CCT6N, STM32G0C1CCU6N, STM32G0C1CET6N, STM32G0C1CEU6N, STM32G0C1KCT6, STM32G0C1NEY6TR, STM32G0C1RCI6N, STM32G0C1RCT6N, STM32G0C1REI6N, STM32G0C1RET6N, STM32G0C1VCI6, STM32G0C1VEI6, STM32G411C6T3, STM32G411C6T6, STM32G411C6U3, STM32G411C6U6, STM32G411C8T3, STM32G411C8T6, STM32G411C8U3, STM32G411C8U6, STM32G411CBT3, STM32G411CBT6, STM32G411CBU3, STM32G411CBU6, STM32G411K6T3, STM32G411K6T6, STM32G411K6U3, STM32G411K6U6, STM32G411K8T3, STM32G411K8T6, STM32G411K8U3, STM32G411K8U6, STM32G411KBT3, STM32G411KBT6, STM32G411KBU3, STM32G411KBU6, STM32G411M6T3, STM32G411M6T6, STM32G411M8T3, STM32G411M8T6, STM32G411MBT3, STM32G411MBT6, STM32G411R6T3, STM32G411R6T6, STM32G411R8T3, STM32G411R8T6, STM32G411RBT3, STM32G411RBT6, STM32G414CBT3, STM32G414CBT6, STM32G414CBU3, STM32G414CBU6, STM32G414CCT3, STM32G414CCT6, STM32G414CCU3, STM32G414CCU6, STM32G414MBT3, STM32G414MBT6, STM32G414MCT3, STM32G414MCT6, STM32G414RBT3, STM32G414RBT6, STM32G414RCT3, STM32G414RCT6, STM32G414VBT3, STM32G414VBT6, STM32G414VCT3, STM32G414VCT6, STM32G431CBT3Z, STM32G431RBT3Z, STM32G471CCT6, STM32G471CCU6, STM32G471CET3, STM32G471CET6, STM32G471CEU3, STM32G471CEU6, STM32G471MCT6, STM32G471MET3, STM32G471MET6, STM32G471MEY6TR, STM32G471QCT6, STM32G471QET3, STM32G471RCT6, STM32G471RET3, STM32G471RET6, STM32G471VCH6, STM32G471VCI6, STM32G471VCT6, STM32G471VEH3, STM32G471VEH6, STM32G471VEI3, STM32G471VEI6, STM32G471VET3, STM32G471VET6, STM32G473QET3Z, STM32G473RET3Z, STM32G474CCT6, STM32G491RET3Z, STM32H503CBT6, STM32H503CBU6, STM32H503EBY6TR, STM32H503KBU6, STM32H503RBT6, STM32H523CCT6, STM32H523CCU6, STM32H523CET6, STM32H523CEU6, STM32H523HEY6TR, STM32H523RCT6, STM32H523RET6, STM32H523VCI6, STM32H523VCT6, STM32H523VEI6, STM32H523VET6, STM32H523ZCJ6, STM32H523ZCT6, STM32H523ZEJ6, STM32H523ZET6, STM32H533CET6, STM32H533CEU6, STM32H533HEY6TR, STM32H533RET6, STM32H533VEI6, STM32H533VET6, STM32H533ZEJ6, STM32H533ZET6, STM32H562AGI6, STM32H562AII6, STM32H562IGK6, STM32H562IGT6, STM32H562IIK6, STM32H562IIT6, STM32H562RGT6, STM32H562RGV6, STM32H562RIT6, STM32H562RIV6, STM32H562VGT6, STM32H562VIT6, STM32H562ZGT6, STM32H562ZIT6, STM32H563AGI6, STM32H563AII3Q, STM32H563AII6, STM32H563IGK6, STM32H563IGT6, STM32H563IIK3Q, STM32H563IIK6, STM32H563IIT3Q, STM32H563IIT6, STM32H563MIY3QTR, STM32H563RGT6, STM32H563RGV6, STM32H563RIT6, STM32H563RIV6, STM32H563VGT6, STM32H563VIT3Q, STM32H563VIT6, STM32H563ZGT6, STM32H563ZIT3Q, STM32H563ZIT6, STM32H573AII3Q, STM32H573AII6, STM32H573I-DK, STM32H573IIK3Q, STM32H573IIK6, STM32H573IIT3Q, STM32H573IIT6, STM32H573MIY3QTR, STM32H573RIT6, STM32H573RIV6, STM32H573VIT3Q, STM32H573VIT6, STM32H573ZIT3Q, STM32H573ZIT6, STM32H7R3A8I6, STM32H7R3I8K6, STM32H7R3I8T6, STM32H7R3L8H6, STM32H7R3L8H6H, STM32H7R3R8V6, STM32H7R3V8H6, STM32H7R3V8T6, STM32H7R3V8Y6TR, STM32H7R3Z8J6, STM32H7R3Z8T6, STM32H7R7A8I6, STM32H7R7I8K6, STM32H7R7I8T6, STM32H7R7L8H6, STM32H7R7L8H6H, STM32H7R7Z8J6, STM32H7S3A8I6, STM32H7S3I8K6, STM32H7S3I8T6, STM32H7S3L8H6, STM32H7S3L8H6H, STM32H7S3R8V6, STM32H7S3V8H6, STM32H7S3V8T6, STM32H7S3V8Y6TR, STM32H7S3Z8J6, STM32H7S3Z8T6, STM32H7S78-DK, STM32H7S7A8I6, STM32H7S7I8K6, STM32H7S7I8T6, STM32H7S7L8H6, STM32H7S7L8H6H, STM32H7S7Z8J6, STM32L4R5QGI6STR, STM32MP131AAE3, STM32MP131AAF3, STM32MP131AAG3, STM32MP131CAE3, STM32MP131CAF3, STM32MP131CAG3, STM32MP131DAE7, STM32MP131DAF7, STM32MP131DAG7, STM32MP131FAE7, STM32MP131FAF7, STM32MP131FAG7, STM32MP133AAE3, STM32MP133AAF3, STM32MP133AAG3, STM32MP133CAE3, STM32MP133CAF3, STM32MP133CAG3, STM32MP133DAE7, STM32MP133DAF7, STM32MP133DAG7, STM32MP133FAE7, STM32MP133FAF7, STM32MP133FAG7, STM32MP135AAE3, STM32MP135AAF3, STM32MP135AAG3, STM32MP135CAE3, STM32MP135CAF3, STM32MP135CAG3, STM32MP135DAE7, STM32MP135DAF7, STM32MP135DAG7, STM32MP135F-DK, STM32MP135FAE7, STM32MP135FAF7, STM32MP135FAF7T, STM32MP135FAF7U, STM32MP135FAG7, STM32MP211AAL3, STM32MP211AAM3, STM32MP211AAN3, STM32MP211AAO3, STM32MP211CAL3, STM32MP211CAM3, STM32MP211CAN3, STM32MP211CAO3, STM32MP211DAL3, STM32MP211DAM3, STM32MP211DAN3, STM32MP211DAO3, STM32MP211FAL3, STM32MP211FAM3, STM32MP211FAN3, STM32MP211FAO3, STM32MP213AAL3, STM32MP213AAM3, STM32MP213AAN3, STM32MP213AAO3, STM32MP213CAL3, STM32MP213CAM3, STM32MP213CAN3, STM32MP213CAO3, STM32MP213DAL3, STM32MP213DAM3, STM32MP213DAN3, STM32MP213DAO3, STM32MP213FAL3, STM32MP213FAM3, STM32MP213FAN3, STM32MP213FAO3, STM32MP215AAL3, STM32MP215AAM3, STM32MP215AAN3, STM32MP215AAO3, STM32MP215CAL3, STM32MP215CAM3, STM32MP215CAN3, STM32MP215CAO3, STM32MP215DAL3, STM32MP215DAM3, STM32MP215DAN3, STM32MP215DAO3, STM32MP215F-DK, STM32MP215FAL3, STM32MP215FAM3, STM32MP215FAN3, STM32MP215FAO3, STM32MP231AAJ3, STM32MP231AAK3, STM32MP231AAL3, STM32MP231CAJ3, STM32MP231CAK3, STM32MP231CAL3, STM32MP231DAJ3, STM32MP231DAK3, STM32MP231DAL3, STM32MP231FAJ3, STM32MP231FAK3, STM32MP231FAL3, STM32MP233AAJ3, STM32MP233AAK3, STM32MP233AAL3, STM32MP233CAJ3, STM32MP233CAK3, STM32MP233CAL3, STM32MP233DAJ3, STM32MP233DAK3, STM32MP233DAL3, STM32MP233FAJ3, STM32MP233FAK3, STM32MP233FAL3, STM32MP235AAJ3, STM32MP235AAK3, STM32MP235AAL3, STM32MP235CAJ3, STM32MP235CAK3, STM32MP235CAL3, STM32MP235DAJ3, STM32MP235DAK3, STM32MP235DAL3, STM32MP235FAJ3, STM32MP235FAK3, STM32MP235FAL3, STM32MP251AAI3, STM32MP251AAK3, STM32MP251AAL3, STM32MP251CAI3, STM32MP251CAK3, STM32MP251CAL3, STM32MP251DAI3, STM32MP251DAK3, STM32MP251DAL3, STM32MP251FAI3, STM32MP251FAK3, STM32MP251FAL3, STM32MP253AAI3, STM32MP253AAK3, STM32MP253AAL3, STM32MP253CAI3, STM32MP253CAK3, STM32MP253CAL3, STM32MP253DAI3, STM32MP253DAK3, STM32MP253DAL3, STM32MP253FAI3, STM32MP253FAK3, STM32MP253FAL3, STM32MP255AAI3, STM32MP255AAK3, STM32MP255AAL3, STM32MP255CAI3, STM32MP255CAK3, STM32MP255CAL3, STM32MP255DAI3, STM32MP255DAK3, STM32MP255DAL3, STM32MP255FAI3, STM32MP255FAK3, STM32MP255FAL3, STM32MP257AAI3, STM32MP257AAK3, STM32MP257AAL3, STM32MP257CAI3, STM32MP257CAK3, STM32MP257CAL3, STM32MP257DAI3, STM32MP257DAK3, STM32MP257DAL3, STM32MP257F-DK, STM32MP257F-EV1, STM32MP257FAI3, STM32MP257FAK3, STM32MP257FAL3, STM32N645A0H3Q, STM32N645B0H3Q, STM32N645I0H3Q, STM32N645L0H3Q, STM32N645X0H3Q, STM32N645Z0H3Q, STM32N647A0H3Q, STM32N647B0H3Q, STM32N647I0H3Q, STM32N647L0H3Q, STM32N647X0H3Q, STM32N647Z0H3Q, STM32N655A0H3Q, STM32N655B0H3Q, STM32N655I0H3Q, STM32N655L0H3Q, STM32N655X0H3Q, STM32N655Z0H3Q, STM32N6570-DK, STM32N657A0H3Q, STM32N657B0H3Q, STM32N657I0H3Q, STM32N657L0H3Q, STM32N657X0H3Q, STM32N657Z0H3Q, STM32U031C6T6, STM32U031C6U6, STM32U031C8T6, STM32U031C8U6, STM32U031F4P6, STM32U031F6P6, STM32U031F8P6, STM32U031G6Y6TR, STM32U031G8Y6TR, STM32U031K4U6, STM32U031K6U6, STM32U031K8U6, STM32U031R6I6, STM32U031R6T6, STM32U031R8I6, STM32U031R8T6, STM32U073C8T6, STM32U073C8U6, STM32U073CBT6, STM32U073CBU6, STM32U073CCT6, STM32U073CCU6, STM32U073H8Y6TR, STM32U073HBY6TR, STM32U073HCY6TR, STM32U073K8U6, STM32U073KBU6, STM32U073KCU6, STM32U073M8I6, STM32U073M8T6, STM32U073MBI6, STM32U073MBT6, STM32U073MCI6, STM32U073MCT6, STM32U073R8I6, STM32U073R8T6, STM32U073RBI6, STM32U073RBT6, STM32U073RCI6, STM32U073RCT6, STM32U083C-DK, STM32U083CCT6, STM32U083CCU6, STM32U083HCY6TR, STM32U083KCU6, STM32U083MCI6, STM32U083MCT6, STM32U083RCI6, STM32U083RCT6, STM32U375CET6, STM32U375CET6Q, STM32U375CEU6, STM32U375CEU6Q, STM32U375CEY6QTR, STM32U375CGT6, STM32U375CGT6Q, STM32U375CGU6, STM32U375CGU6Q, STM32U375CGY6QTR, STM32U375KEU6, STM32U375KGU6, STM32U375REI6, STM32U375REI6Q, STM32U375RET6, STM32U375RET6Q, STM32U375REY6GTR, STM32U375REY6QTR, STM32U375RGI6, STM32U375RGI6Q, STM32U375RGT6, STM32U375RGT6Q, STM32U375RGY6GTR, STM32U375RGY6QTR, STM32U375VEI6, STM32U375VEI6Q, STM32U375VET6, STM32U375VET6Q, STM32U375VGI6, STM32U375VGI6Q, STM32U375VGT6, STM32U375VGT6Q, STM32U385CGT6, STM32U385CGT6Q, STM32U385CGU6, STM32U385CGU6Q, STM32U385CGY6QTR, STM32U385KGU6, STM32U385RGI6, STM32U385RGI6Q, STM32U385RGT6, STM32U385RGT6Q, STM32U385RGY6GTR, STM32U385RGY6QTR, STM32U385VGI6, STM32U385VGI6Q, STM32U385VGT6, STM32U385VGT6Q, STM32U535CBT6, STM32U535CBT6Q, STM32U535CBU6, STM32U535CBU6Q, STM32U535CCT6, STM32U535CCT6Q, STM32U535CCU6, STM32U535CCU6Q, STM32U535CET6, STM32U535CET6Q, STM32U535CEU6, STM32U535CEU6Q, STM32U535JEY6QTR, STM32U535NCY6QTR, STM32U535NEY6QTR, STM32U535RBI6, STM32U535RBI6Q, STM32U535RBT6, STM32U535RBT6Q, STM32U535RCI6, STM32U535RCI6Q, STM32U535RCT6, STM32U535RCT6Q, STM32U535REI6, STM32U535REI6Q, STM32U535RET6, STM32U535RET6Q, STM32U535VCI6, STM32U535VCI6Q, STM32U535VCT6, STM32U535VCT6Q, STM32U535VEI6, STM32U535VEI6Q, STM32U535VET6, STM32U535VET6Q, STM32U545CET6, STM32U545CET6Q, STM32U545CEU6, STM32U545CEU6Q, STM32U545JEY6QTR, STM32U545NEY6QTR, STM32U545REI6, STM32U545REI6Q, STM32U545RET6, STM32U545RET6Q, STM32U545VEI6, STM32U545VEI6Q, STM32U545VET6, STM32U545VET6Q, STM32U595AIH6, STM32U595AIH6Q, STM32U595AJH6, STM32U595AJH6Q, STM32U595QII6, STM32U595QII6Q, STM32U595QJI6, STM32U595QJI6Q, STM32U595RIT6, STM32U595RIT6Q, STM32U595RJT6, STM32U595RJT6Q, STM32U595VIT6, STM32U595VIT6Q, STM32U595VJT6, STM32U595VJT6Q, STM32U595ZIT6, STM32U595ZIT6Q, STM32U595ZIY6QTR, STM32U595ZJT6, STM32U595ZJT6Q, STM32U595ZJY6QTR, STM32U599BJY6QTR, STM32U599NIH6Q, STM32U599NJH6Q, STM32U599VIT6Q, STM32U599VJT6, STM32U599VJT6Q, STM32U599ZIT6Q, STM32U599ZIY6QTR, STM32U599ZJT6Q, STM32U599ZJY6QTR, STM32U5A5AJH6, STM32U5A5AJH6Q, STM32U5A5QII3Q , STM32U5A5QJI6, STM32U5A5QJI6Q, STM32U5A5RJT6, STM32U5A5RJT6Q, STM32U5A5VJT6, STM32U5A5VJT6Q, STM32U5A5ZJT6, STM32U5A5ZJT6Q, STM32U5A5ZJY6QTR, STM32U5A9BJY6QTR, STM32U5A9J-DK, STM32U5A9NJH6Q, STM32U5A9VJT6Q, STM32U5A9ZJT6Q, STM32U5A9ZJY6QTR, STM32U5F7VIT6, STM32U5F7VIT6Q, STM32U5F7VJT6, STM32U5F7VJT6Q, STM32U5F9BJY6QTR, STM32U5F9NJH6Q, STM32U5F9VIT6Q, STM32U5F9VJT6Q, STM32U5F9ZIJ6QTR, STM32U5F9ZIT6Q, STM32U5F9ZJJ6QTR, STM32U5F9ZJT6Q, STM32U5G7VJT6, STM32U5G7VJT6Q, STM32U5G9BJY6QTR, STM32U5G9J-DK1, STM32U5G9J-DK2, STM32U5G9NJH6Q, STM32U5G9VJT6Q, STM32U5G9ZJJ6QTR, STM32U5G9ZJT6Q, STM32WB05KZV6TR, STM32WB05KZV7TR, STM32WB05TZF6TR, STM32WB05TZF7TR, STM32WB06CCF6TR, STM32WB06CCF7TR, STM32WB06CCV6TR, STM32WB06CCV7TR, STM32WB06KCV6TR, STM32WB06KCV7TR, STM32WB07CCF6TR, STM32WB07CCF7TR, STM32WB07CCV6TR, STM32WB07CCV7TR, STM32WB07KCV6TR, STM32WB07KCV7TR, STM32WB09KEV6TR, STM32WB09KEV7TR, STM32WB09TEF6TR, STM32WB09TEF7TR, STM32WB1MMCH6, STM32WBA50KGU6, STM32WBA50KGU6TR, STM32WBA52CEU6, STM32WBA52CEU6TR, STM32WBA52CEU7, STM32WBA52CEU7TR, STM32WBA52CGU6, STM32WBA52CGU6TR, STM32WBA52CGU6U, STM32WBA52CGU7, STM32WBA52CGU7TR, STM32WBA52KEU6, STM32WBA52KEU6TR, STM32WBA52KGU6, STM32WBA52KGU6TR, STM32WBA54CEU6, STM32WBA54CEU6TR, STM32WBA54CEU7, STM32WBA54CEU7TR, STM32WBA54CGU6, STM32WBA54CGU6TR, STM32WBA54CGU7, STM32WBA54CGU7TR, STM32WBA54KEU6, STM32WBA54KEU6TR, STM32WBA54KEU7, STM32WBA54KEU7TR, STM32WBA54KGU6, STM32WBA54KGU6TR, STM32WBA54KGU7, STM32WBA54KGU7TR, STM32WBA55CEU6, STM32WBA55CEU6TR, STM32WBA55CEU7, STM32WBA55CEU7TR, STM32WBA55CGU6, STM32WBA55CGU6TR, STM32WBA55CGU6U, STM32WBA55CGU7, STM32WBA55CGU7TR, STM32WBA55G-DK1, STM32WBA55HEF6, STM32WBA55HEF7, STM32WBA55HGF6, STM32WBA55HGF7, STM32WBA55UEI6, STM32WBA55UEI6TR, STM32WBA55UEI7, STM32WBA55UEI7TR, STM32WBA55UGI6, STM32WBA55UGI6TR, STM32WBA55UGI7, STM32WBA55UGI7TR, STM32WBA5MMGH6TR, STM32WBA62MGF6, STM32WBA62MIF6, STM32WBA65MGF7, STM32WBA65MIF6, STM32WBA65MIF7, STM32WL30K8V6, STM32WL30KBV6, STM32WL31C8V6, STM32WL31CBV6, STM32WL31K8V6, STM32WL31KBV6, STM32WL33C8V6, STM32WL33C8V6X, STM32WL33CBV6, STM32WL33CBV6X, STM32WL33CCV6, STM32WL33CCV6A, STM32WL33CCV6X, STM32WL33K8V7, STM32WL33K8V7X, STM32WL33KBV7 , STM32WL33KBV7X, STM32WL33KCV7, STM32WL33KCV7X, STM32WL5MOCH6, STM32WL5MOCH6TR]
2026-01-09 13:43:34,472 [INFO] BoardInfo:889 - No configuration file found for board P-NUCLEO-WB55
2026-01-09 13:43:34,473 [INFO] DbBoards:161 - Kit is not supported: P-NUCLEO-WB55
2026-01-09 13:43:34,481 [INFO] BoardInfo:889 - No configuration file found for board STEVAL-BFA001V1B
2026-01-09 13:43:34,482 [INFO] DbBoards:161 - Kit is not supported: STEVAL-BFA001V1B
2026-01-09 13:43:34,483 [INFO] BoardInfo:889 - No configuration file found for board STEVAL-BFA001V2B
2026-01-09 13:43:34,484 [INFO] DbBoards:161 - Kit is not supported: STEVAL-BFA001V2B
2026-01-09 13:43:34,708 [INFO] DbBoards:168 - Found 212 boards, 209 are supported
2026-01-09 13:43:34,708 [INFO] DbBoards:169 - Found 212 boards, 43 of them is supported for  Bsp
2026-01-09 13:43:34,712 [INFO] ApiDb:423 - Load user favorites file C:\Users\Chinnapop/.stm32cubeide/favorites.boards.txt: 0 item(s)
2026-01-09 13:43:34,713 [INFO] ApiDb:427 - User favorites Boards=[]
2026-01-09 13:43:34,713 [INFO] DbBoards:198 - Set 0 / 0 favorites Boards
2026-01-09 13:43:34,716 [INFO] ApiDb:668 - CubeFinder database Data Model version=2.1
2026-01-09 13:43:34,716 [INFO] ApiDb:669 - CubeFinder database Configuration version=3.0.39
2026-01-09 13:43:34,716 [INFO] ApiDb:670 - CubeFinder database generation date=2025-12-22 (1766407740)
2026-01-09 13:43:34,716 [INFO] ApiDb:671 - CubeFinder database FW Pack versions=[FP-ATR-ASTRA1_V2.0.0, FP-SNS-FLIGHT1_V5.1.0, FP-SNS-MOTENV1_V5.1.0, FP-SNS-MOTENVWB1_V1.4.0, FP-SNS-SMARTAG2_V1.2.0, FP-SNS-STBOX1_V2.1.0, STM32Cube_FW_C0_V1.4.0, STM32Cube_FW_F4_V1.28.3, STM32Cube_FW_F7_V1.17.4, STM32Cube_FW_G0_V1.6.2, STM32Cube_FW_G4_V1.6.1, STM32Cube_FW_H5_V1.5.1, STM32Cube_FW_H7RS_V1.3.0, STM32Cube_FW_H7_V1.12.1, STM32Cube_FW_L0_V1.12.2, STM32Cube_FW_L4_V1.18.1, STM32Cube_FW_L5_V1.6.0, STM32Cube_FW_N6_V1.3.0, STM32Cube_FW_U0_V1.3.0, STM32Cube_FW_U3_V1.2.1, STM32Cube_FW_U5_V1.8.0, STM32Cube_FW_WB0_V1.4.0, STM32Cube_FW_WBA_V1.8.0, STM32Cube_FW_WB_V1.24.0, STM32Cube_FW_WL3_V1.3.0, STM32Cube_FW_WL_V1.4.0, X-CUBE-ALGOBUILD_V1.4.0, X-CUBE-ALS_V1.0.2, X-CUBE-AZRTOS-F4_V1.1.0, X-CUBE-AZRTOS-F7_V1.1.0, X-CUBE-AZRTOS-G0_V1.1.0, X-CUBE-AZRTOS-G4_V2.0.0, X-CUBE-AZRTOS-H7RS_V1.1.0, X-CUBE-AZRTOS-H7_V3.4.0, X-CUBE-AZRTOS-L4_V2.0.0, X-CUBE-AZRTOS-L5_V2.0.0, X-CUBE-AZRTOS-WB_V2.0.0, X-CUBE-AZRTOS-WL_V2.0.0, X-CUBE-BLE1_V7.1.0, X-CUBE-BLE2_V3.3.0, X-CUBE-BLEMGR_V4.1.0, X-CUBE-EEPRMA1_V5.2.0, X-CUBE-FREERTOS_V1.3.1, X-CUBE-GNSS1_V6.0.0, X-CUBE-MEMS1_V12.0.0, X-CUBE-NFC4_V3.0.0, X-CUBE-NFC7_V2.0.0, X-CUBE-SFXS2LP1_V4.0.0, X-CUBE-ST67W61_V1.1.0, X-CUBE-SUBG2_V5.0.0, X-CUBE-TOF1_V3.4.3]
2026-01-09 13:43:35,492 [ERROR] DbExamplesSqlite:437 - Missing JSON key: board_cpn
2026-01-09 13:43:35,492 [ERROR] DbExamplesSqlite:437 - Missing JSON key: board_cpn
2026-01-09 13:43:35,493 [ERROR] DbExamplesSqlite:437 - Missing JSON key: board_cpn
2026-01-09 13:43:35,493 [ERROR] DbExamplesSqlite:437 - Missing JSON key: board_cpn
2026-01-09 13:43:35,972 [ERROR] DbExamplesSqlite:437 - Missing JSON key: board_cpn
2026-01-09 13:43:35,973 [ERROR] DbExamplesSqlite:437 - Missing JSON key: board_cpn
2026-01-09 13:43:36,026 [INFO] DbExamplesSqlite:395 - Ignored 42 examples not supported by CubeIDE
2026-01-09 13:43:36,027 [INFO] DbExamplesSqlite:396 - Found 10819 examples active
2026-01-09 13:43:36,028 [INFO] DbExamplesSqlite:397 - Found 0 examples obsolete
2026-01-09 13:43:36,028 [INFO] DbExamplesSqlite:398 - Found 0 examples under development
2026-01-09 13:43:36,029 [INFO] DbExamplesSqlite:399 - Found 85 examples not building
2026-01-09 13:43:36,034 [INFO] DbExamples:125 - Found 10862 examples
2026-01-09 13:43:36,189 [ERROR] DbExamples:208 - Found 73 examples with invalid data (board or MCU)
2026-01-09 13:43:36,192 [INFO] DbExamples:222 - Found 134 boards with related examples
2026-01-09 13:43:36,194 [INFO] DbExamples:235 - Found 111 MCUs with related examples
2026-01-09 13:43:36,249 [INFO] ApiDb:423 - Load user favorites file C:\Users\Chinnapop/.stm32cubeide/favorites.examples.txt: 0 item(s)
2026-01-09 13:43:36,251 [INFO] ApiDb:427 - User favorites Examples=[]
2026-01-09 13:43:36,251 [INFO] DbExamples:250 - Set 0 / 0 favorites Examples
2026-01-09 13:43:37,029 [INFO] McuFinderGlobals:76 - Set McuFinderConnectedMode to true
2026-01-09 13:43:37,050 [INFO] MultiScanPanel:200 - Auto-refresh data requested => check proxy status ongoing
2026-01-09 13:43:37,061 [INFO] FinderPluginLoader:96 - Searching for filters in installed packs
2026-01-09 13:43:40,530 [INFO] LoadUrlFilesThread:185 - End of LoadServerUrlFiles without Thread
2026-01-09 13:43:40,656 [INFO] DetailPanel:341 - Set advertising image to C:/Users/Chinnapop/STM32Cube/Repository/\en.prom-stm32mp21-0126.png
2026-01-09 13:44:25,784 [INFO] MainUpdater:2872 - connection check result : 10
2026-01-09 13:44:25,897 [INFO] McuFinderGlobals:76 - Set McuFinderConnectedMode to true
2026-01-09 13:44:25,898 [INFO] MultiScanPanel:200 - Auto-refresh data requested => check proxy status ongoing
2026-01-09 13:44:25,898 [INFO] FinderPluginLoader:96 - Searching for filters in installed packs
2026-01-09 13:44:26,776 [INFO] LoadUrlFilesThread:185 - End of LoadServerUrlFiles without Thread
2026-01-09 13:44:26,777 [INFO] DetailPanel:341 - Set advertising image to C:/Users/Chinnapop/STM32Cube/Repository/\en.prom-stm32mp21-0126.png
2026-01-09 13:44:31,659 [INFO] MultiScanPanel:200 - Auto-refresh data requested => check proxy status ongoing
2026-01-09 13:44:31,812 [INFO] LoadUrlFilesThread:185 - End of LoadServerUrlFiles without Thread
2026-01-09 13:44:31,812 [INFO] DetailPanel:341 - Set advertising image to C:/Users/Chinnapop/STM32Cube/Repository/\en.prom-stm32mp21-0126.png
2026-01-09 13:44:31,836 [INFO] DbBoards:642 - Loading board mini-images...
2026-01-09 13:44:35,615 [ERROR] DbBoards:659 - Image file not found for board STM32MP215F-DK: C:\Users\Chinnapop\.stmcufinder\plugins\mcufinder//mcu//boards_images/STM32MP215F-DK.jpg
2026-01-09 13:44:35,811 [INFO] DbBoards:665 - Loaded 211 board mini-images
2026-01-09 13:44:36,544 [INFO] WebApp:194 - Connection lost
2026-01-09 13:44:37,094 [INFO] WebApp:191 - Connection restablished
2026-01-09 13:45:19,424 [INFO] MainUpdater:2872 - connection check result : 10
2026-01-09 13:45:19,425 [INFO] MainUpdater:2872 - connection check result : 10
2026-01-09 13:45:19,473 [INFO] MicroXplorer:468 - Change Database Path : 
2026-01-09 13:45:19,473 [INFO] MicroXplorer:498 - Change Database Version : DB.6.0.150
2026-01-09 13:45:19,481 [WARN] ThirdParty:871 - waiting for thirdparty lock release [close project]
2026-01-09 13:45:19,481 [INFO] ThirdParty:873 - entering critical section [close project]
2026-01-09 13:45:19,482 [INFO] ThirdParty:883 - exiting critical section [close project]
2026-01-09 13:45:19,487 [INFO] PinOutPanel:1589 - setPackage(No Configuration,No Configuration)
2026-01-09 13:45:19,490 [INFO] UtilMem:75 - Begin LoadConfig() Used Memory: 880450056 Bytes (1073741824)
2026-01-09 13:45:19,498 [INFO] OpenFileManager:355 - Change cursor
2026-01-09 13:45:19,527 [WARN] IntegrityCheckThread:84 - waiting for thirdparty lock release [integrity check]
2026-01-09 13:45:19,527 [INFO] IntegrityCheckThread:86 - entering critical section [integrity check]
2026-01-09 13:45:19,814 [WARN] PackLoader:240 - Cannot read IP mode file for STMicroelectronics.FP-SNS-MOTENVWB1.1.4.0
2026-01-09 13:45:19,836 [WARN] PackLoader:240 - Cannot read IP mode file for STMicroelectronics.FP-ATR-ASTRA1.2.0.2
2026-01-09 13:45:19,858 [WARN] PackLoader:240 - Cannot read IP mode file for STMicroelectronics.FP-ATR-ASTRA1.2.0.1
2026-01-09 13:45:19,883 [WARN] PackLoader:240 - Cannot read IP mode file for STMicroelectronics.X-CUBE-SMBUS.2.1.0
2026-01-09 13:45:19,907 [WARN] PackLoader:240 - Cannot read IP mode file for STMicroelectronics.X-CUBE-WB05N.1.1.0
2026-01-09 13:45:19,928 [WARN] PackLoader:240 - Cannot read IP mode file for STMicroelectronics.X-CUBE-ST60.1.0.0
2026-01-09 13:45:19,980 [WARN] PackLoader:240 - Cannot read IP mode file for STMicroelectronics.X-CUBE-AZRTOS-F7.1.1.0
2026-01-09 13:45:20,035 [WARN] PackLoader:240 - Cannot read IP mode file for STMicroelectronics.X-CUBE-MEMS1.11.0.0
2026-01-09 13:45:20,144 [WARN] PackLoader:240 - Cannot read IP mode file for STMicroelectronics.FP-SNS-MOTENV1.5.1.0
2026-01-09 13:45:20,160 [WARN] PackLoader:240 - Cannot read IP mode file for STMicroelectronics.FP-SNS-FLIGHT1.5.0.2
2026-01-09 13:45:20,190 [WARN] PackLoader:240 - Cannot read IP mode file for STMicroelectronics.X-CUBE-AZRTOS-H7.3.4.0
2026-01-09 13:45:20,214 [WARN] PackLoader:240 - Cannot read IP mode file for STMicroelectronics.X-CUBE-DISPLAY.3.0.0
2026-01-09 13:45:20,236 [WARN] PackLoader:240 - Cannot read IP mode file for STMicroelectronics.X-CUBE-BLE1.7.0.0
2026-01-09 13:45:20,253 [WARN] PackLoader:240 - Cannot read IP mode file for STMicroelectronics.X-CUBE-NFC10.1.0.0
2026-01-09 13:45:20,274 [WARN] PackLoader:240 - Cannot read IP mode file for STMicroelectronics.X-CUBE-BLEMGR.4.0.0
2026-01-09 13:45:20,291 [WARN] PackLoader:240 - Cannot read IP mode file for STMicroelectronics.X-CUBE-ST60.1.1.0
2026-01-09 13:45:20,311 [WARN] PackLoader:240 - Cannot read IP mode file for emotas.I-CUBE-CANOPEN.1.3.0
2026-01-09 13:45:20,330 [WARN] PackLoader:240 - Cannot read IP mode file for STMicroelectronics.X-CUBE-GNSS1.7.1.0
2026-01-09 13:45:20,350 [WARN] PackLoader:240 - Cannot read IP mode file for STMicroelectronics.X-CUBE-BLEMGR.3.1.0
2026-01-09 13:45:20,368 [WARN] PackLoader:240 - Cannot read IP mode file for STMicroelectronics.X-CUBE-AI.10.0.0
2026-01-09 13:45:20,387 [WARN] PackLoader:240 - Cannot read IP mode file for STMicroelectronics.FP-SNS-STBOX1.2.1.0
2026-01-09 13:45:20,406 [WARN] PackLoader:240 - Cannot read IP mode file for STMicroelectronics.FP-SNS-SMARTAG2.1.2.0
2026-01-09 13:45:20,423 [WARN] PackLoader:240 - Cannot read IP mode file for STMicroelectronics.FP-SNS-FLIGHT1.5.1.0
2026-01-09 13:45:20,484 [WARN] PackLoader:240 - Cannot read IP mode file for STMicroelectronics.X-CUBE-MEMS1.11.1.0
2026-01-09 13:45:20,572 [INFO] LogOutputStream:77 - [STDOUT_REDIRECT] 1 : Invalid condition id : UX_CORESTACK_Condition cause : null
2026-01-09 13:45:20,573 [INFO] LogOutputStream:77 - [STDOUT_REDIRECT] 1 : Invalid condition id : UX_CORESTACK_Condition cause : null
2026-01-09 13:45:20,575 [INFO] LogOutputStream:77 - [STDOUT_REDIRECT] 1 : Invalid condition id : UX_CORESTACK_Condition cause : null
2026-01-09 13:45:20,577 [INFO] LogOutputStream:77 - [STDOUT_REDIRECT] 1 : Invalid condition id : UX_CORESTACK_Condition cause : null
2026-01-09 13:45:20,578 [INFO] LogOutputStream:77 - [STDOUT_REDIRECT] 1 : Invalid condition id : UX_CORESTACK_Condition cause : null
2026-01-09 13:45:20,581 [WARN] PackLoader:240 - Cannot read IP mode file for STMicroelectronics.X-CUBE-AZRTOS-WL.2.0.0
2026-01-09 13:45:20,601 [WARN] PackLoader:240 - Cannot read IP mode file for STMicroelectronics.FP-SNS-MOTENV1.5.0.0
2026-01-09 13:45:20,641 [WARN] PackLoader:240 - Cannot read IP mode file for STMicroelectronics.X-CUBE-AZRTOS-H7RS.1.2.0
2026-01-09 13:45:20,659 [WARN] PackLoader:240 - Cannot read IP mode file for wolfSSL.I-CUBE-wolfMQTT.1.19.0
2026-01-09 13:45:20,683 [WARN] PackLoader:240 - Cannot read IP mode file for WES.I-CUBE-Cesium.1.3.0
2026-01-09 13:45:20,704 [WARN] PackLoader:240 - Cannot read IP mode file for STMicroelectronics.X-CUBE-BLE2.3.3.0
2026-01-09 13:45:20,724 [WARN] PackLoader:240 - Cannot read IP mode file for STMicroelectronics.X-CUBE-NFC9.1.0.0
2026-01-09 13:45:20,743 [WARN] PackLoader:240 - Cannot read IP mode file for STMicroelectronics.X-CUBE-BLE1.7.1.0
2026-01-09 13:45:20,765 [WARN] PackLoader:240 - Cannot read IP mode file for STMicroelectronics.X-CUBE-TCPP.4.1.0
2026-01-09 13:45:20,788 [WARN] PackLoader:240 - Cannot read IP mode file for STMicroelectronics.X-CUBE-FREERTOS.1.4.0
2026-01-09 13:45:20,813 [WARN] PackLoader:240 - Cannot read IP mode file for STMicroelectronics.X-CUBE-EEPRMA1.5.2.0
2026-01-09 13:45:20,837 [WARN] PackLoader:240 - Cannot read IP mode file for STMicroelectronics.X-CUBE-ST67W61.1.1.0
2026-01-09 13:45:20,857 [WARN] PackLoader:240 - Cannot read IP mode file for STMicroelectronics.X-CUBE-AI.10.1.0
2026-01-09 13:45:20,913 [WARN] PackLoader:240 - Cannot read IP mode file for STMicroelectronics.X-CUBE-MEMS1.12.0.0
2026-01-09 13:45:21,081 [WARN] PackLoader:240 - Cannot read IP mode file for STMicroelectronics.X-CUBE-MEMS1.11.2.0
2026-01-09 13:45:21,240 [WARN] PackLoader:240 - Cannot read IP mode file for STMicroelectronics.X-CUBE-AZRTOS-G0.1.1.0
2026-01-09 13:45:21,275 [WARN] PackLoader:240 - Cannot read IP mode file for STMicroelectronics.X-CUBE-SAFEA1.1.2.2
2026-01-09 13:45:21,303 [WARN] PackLoader:240 - Cannot read IP mode file for STMicroelectronics.X-CUBE-NFC4.3.0.0
2026-01-09 13:45:21,333 [WARN] PackLoader:240 - Cannot read IP mode file for EmbeddedOffice.I-CUBE-FS-RTOS.1.0.1
2026-01-09 13:45:21,358 [WARN] PackLoader:240 - Cannot read IP mode file for STMicroelectronics.X-CUBE-WB05N.2.0.0
2026-01-09 13:45:21,381 [WARN] PackLoader:240 - Cannot read IP mode file for STMicroelectronics.X-CUBE-TCPP.4.2.0
2026-01-09 13:45:21,400 [WARN] PackLoader:240 - Cannot read IP mode file for RealThread.X-CUBE-RT-Thread_Nano.4.1.1
2026-01-09 13:45:21,418 [WARN] PackLoader:240 - Cannot read IP mode file for STMicroelectronics.FP-ATR-SIGFOX1.3.2.0
2026-01-09 13:45:21,435 [WARN] ConditionMgr:438 - getConditionDescription Invalid condition id : Cortex-A Device cause : null
2026-01-09 13:45:21,466 [WARN] ConditionMgr:1044 - genDependencies : Invalid condition id : Cortex-A Device cause : null
2026-01-09 13:45:21,467 [WARN] ConditionMgr:1044 - genDependencies : Invalid condition id : Cortex-A Device cause : null
2026-01-09 13:45:21,467 [WARN] ConditionMgr:1044 - genDependencies : Invalid condition id : Cortex-A Device cause : null
2026-01-09 13:45:21,484 [WARN] PackLoader:240 - Cannot read IP mode file for STMicroelectronics.X-CUBE-EEPRMA1.5.1.0
2026-01-09 13:45:21,501 [WARN] PackLoader:240 - Cannot read IP mode file for wolfSSL.I-CUBE-wolfSSL.5.7.4
2026-01-09 13:45:21,519 [WARN] PackLoader:240 - Cannot read IP mode file for ITTIA_DB.I-CUBE-ITTIADB.8.9.0
2026-01-09 13:45:21,536 [WARN] PackLoader:240 - Cannot read IP mode file for STMicroelectronics.X-CUBE-ST67W61.1.0.0
2026-01-09 13:45:21,555 [WARN] PackLoader:240 - Cannot read IP mode file for STMicroelectronics.X-CUBE-AI.10.2.0
2026-01-09 13:45:21,592 [WARN] PackLoader:240 - Cannot read IP mode file for SEGGER.I-CUBE-embOS.1.3.1
2026-01-09 13:45:21,630 [WARN] PackLoader:240 - Cannot read IP mode file for STMicroelectronics.X-CUBE-ALGOBUILD.1.4.0
2026-01-09 13:45:21,675 [WARN] PackLoader:240 - Cannot read IP mode file for STMicroelectronics.X-CUBE-MEMS1.11.3.0
2026-01-09 13:45:21,765 [WARN] PackLoader:240 - Cannot read IP mode file for STMicroelectronics.X-CUBE-AI.9.1.0
2026-01-09 13:45:21,781 [WARN] PackLoader:240 - Cannot read IP mode file for STMicroelectronics.X-CUBE-PM33A1.1.0.0
2026-01-09 13:45:21,808 [WARN] PackLoader:240 - Cannot read IP mode file for STMicroelectronics.X-CUBE-AZRTOS-F4.1.1.0
2026-01-09 13:45:21,831 [WARN] PackLoader:240 - Cannot read IP mode file for Avnet-IotConnect.X-CUBE-IoTC-DA16k-PMOD.1.0.0
2026-01-09 13:45:21,847 [WARN] PackLoader:240 - Cannot read IP mode file for STMicroelectronics.X-CUBE-ISPU.2.1.0
2026-01-09 13:45:21,867 [WARN] PackLoader:240 - Cannot read IP mode file for STMicroelectronics.X-CUBE-IPS.3.2.0
2026-01-09 13:45:21,885 [WARN] PackLoader:240 - Cannot read IP mode file for STMicroelectronics.X-CUBE-FREERTOS.1.2.0
2026-01-09 13:45:21,902 [WARN] PackLoader:240 - Cannot read IP mode file for STMicroelectronics.X-CUBE-NFC12.1.0.0
2026-01-09 13:45:21,930 [WARN] PackLoader:240 - Cannot read IP mode file for STMicroelectronics.X-CUBE-AZRTOS-L5.2.0.0
2026-01-09 13:45:21,953 [WARN] PackLoader:240 - Cannot read IP mode file for STMicroelectronics.X-CUBE-NFC6.3.1.0
2026-01-09 13:45:21,972 [WARN] PackLoader:240 - Cannot read IP mode file for STMicroelectronics.X-CUBE-DPower.1.2.0
2026-01-09 13:45:21,990 [WARN] PackLoader:240 - Cannot read IP mode file for STMicroelectronics.X-CUBE-FREERTOS.1.3.1
2026-01-09 13:45:22,007 [WARN] PackLoader:240 - Cannot read IP mode file for STMicroelectronics.X-CUBE-FREERTOS.1.3.0
2026-01-09 13:45:22,023 [WARN] PackLoader:240 - Cannot read IP mode file for STMicroelectronics.X-CUBE-NFC7.1.0.1
2026-01-09 13:45:22,043 [WARN] PackLoader:240 - Cannot read IP mode file for STMicroelectronics.X-CUBE-TOUCHGFX.4.26.0
2026-01-09 13:45:22,061 [WARN] PackLoader:240 - Cannot read IP mode file for STMicroelectronics.FP-SNS-STAIOTCFT.1.0.0
2026-01-09 13:45:22,077 [WARN] PackLoader:240 - Cannot read IP mode file for STMicroelectronics.X-CUBE-DPower.1.3.0
2026-01-09 13:45:22,106 [WARN] ConditionMgr:438 - getConditionDescription Invalid condition id : LAN8742 Phy interface Condition cause : null
2026-01-09 13:45:22,107 [WARN] PackLoader:240 - Cannot read IP mode file for STMicroelectronics.X-CUBE-AZRTOS-L4.2.0.0
2026-01-09 13:45:22,107 [WARN] ConditionMgr:1044 - genDependencies : Invalid condition id : LAN8742 Phy interface Condition cause : null
2026-01-09 13:45:22,107 [WARN] ConditionMgr:1044 - genDependencies : Invalid condition id : LAN8742 Phy interface Condition cause : null
2026-01-09 13:45:22,108 [WARN] ConditionMgr:1044 - genDependencies : Invalid condition id : LAN8742 Phy interface Condition cause : null
2026-01-09 13:45:22,124 [WARN] PackLoader:240 - Cannot read IP mode file for STMicroelectronics.X-CUBE-SFXS2LP1.4.0.0
2026-01-09 13:45:22,158 [WARN] PackLoader:240 - Cannot read IP mode file for STMicroelectronics.X-CUBE-AZRTOS-H7.3.3.0
2026-01-09 13:45:22,180 [WARN] PackLoader:240 - Cannot read IP mode file for STMicroelectronics.X-CUBE-BLEMGR.4.1.0
2026-01-09 13:45:22,201 [WARN] PackLoader:240 - Cannot read IP mode file for STMicroelectronics.X-CUBE-IPS.3.0.0
2026-01-09 13:45:22,225 [WARN] ConditionMgr:438 - getConditionDescription Invalid condition id : UX DEVICE CLASS RTOS Condition cause : null
2026-01-09 13:45:22,225 [WARN] ConditionMgr:438 - getConditionDescription Invalid condition id : UX DEVICE CLASS RTOS Condition cause : null
2026-01-09 13:45:22,226 [WARN] PackLoader:240 - Cannot read IP mode file for STMicroelectronics.X-CUBE-AZRTOS-WB.2.0.0
2026-01-09 13:45:22,227 [WARN] ConditionMgr:1044 - genDependencies : Invalid condition id : UX DEVICE CLASS RTOS Condition cause : null
2026-01-09 13:45:22,227 [WARN] ConditionMgr:1044 - genDependencies : Invalid condition id : UX DEVICE CLASS RTOS Condition cause : null
2026-01-09 13:45:22,227 [WARN] ConditionMgr:1044 - genDependencies : Invalid condition id : UX DEVICE CLASS RTOS Condition cause : null
2026-01-09 13:45:22,227 [WARN] ConditionMgr:1044 - genDependencies : Invalid condition id : UX DEVICE CLASS RTOS Condition cause : null
2026-01-09 13:45:22,227 [WARN] ConditionMgr:1044 - genDependencies : Invalid condition id : UX DEVICE CLASS RTOS Condition cause : null
2026-01-09 13:45:22,241 [WARN] PackLoader:240 - Cannot read IP mode file for STMicroelectronics.X-CUBE-GNSS1.7.0.0
2026-01-09 13:45:22,257 [WARN] PackLoader:240 - Cannot read IP mode file for STMicroelectronics.X-CUBE-GNSS1.7.0.1
2026-01-09 13:45:22,271 [WARN] PackLoader:240 - Cannot read IP mode file for STMicroelectronics.X-CUBE-TOUCHGFX.4.25.0
2026-01-09 13:45:22,286 [WARN] PackLoader:240 - Cannot read IP mode file for STMicroelectronics.FP-SNS-STBOX1.2.0.0
2026-01-09 13:45:22,309 [WARN] PackLoader:240 - Cannot read IP mode file for STMicroelectronics.X-CUBE-SUBG2.5.0.0
2026-01-09 13:45:22,338 [WARN] PackLoader:240 - Cannot read IP mode file for STMicroelectronics.X-CUBE-AZRTOS-H7RS.1.1.0
2026-01-09 13:45:22,355 [WARN] PackLoader:240 - Cannot read IP mode file for Cesanta.I-CUBE-Mongoose.7.13.0
2026-01-09 13:45:22,378 [WARN] PackLoader:240 - Cannot read IP mode file for STMicroelectronics.X-CUBE-AZRTOS-G4.2.0.0
2026-01-09 13:45:22,393 [WARN] PackLoader:240 - Cannot read IP mode file for STMicroelectronics.X-CUBE-NFC7.2.0.0
2026-01-09 13:45:22,413 [WARN] PackLoader:240 - Cannot read IP mode file for STMicroelectronics.X-CUBE-IPS.3.1.0
2026-01-09 13:45:22,430 [WARN] PackLoader:240 - Cannot read IP mode file for STMicroelectronics.X-CUBE-ALS.1.0.2
2026-01-09 13:45:22,445 [WARN] PackLoader:240 - Cannot read IP mode file for STMicroelectronics.X-CUBE-TOUCHGFX.4.24.2
2026-01-09 13:45:22,460 [WARN] PackLoader:240 - Cannot read IP mode file for STMicroelectronics.X-CUBE-TOUCHGFX.4.24.1
2026-01-09 13:45:22,475 [WARN] PackLoader:240 - Cannot read IP mode file for STMicroelectronics.X-CUBE-STSE01.1.0.0
2026-01-09 13:45:22,490 [WARN] PackLoader:240 - Cannot read IP mode file for wolfSSL.I-CUBE-wolfTPM.3.4.0
2026-01-09 13:45:22,505 [WARN] PackLoader:240 - Cannot read IP mode file for portGmbH.I-Cube-SoM-uGOAL.1.1.0
2026-01-09 13:45:22,530 [WARN] PackLoader:240 - Cannot read IP mode file for STMicroelectronics.X-CUBE-AZRTOS-H7RS.1.0.0
2026-01-09 13:45:22,547 [WARN] PackLoader:240 - Cannot read IP mode file for STMicroelectronics.FP-ATR-ASTRA1.2.0.0
2026-01-09 13:45:22,572 [WARN] PackLoader:240 - Cannot read IP mode file for STMicroelectronics.X-CUBE-TOF1.3.4.2
2026-01-09 13:45:22,601 [WARN] PackLoader:240 - Cannot read IP mode file for STMicroelectronics.X-CUBE-TOF1.3.4.3
2026-01-09 13:45:22,651 [WARN] PackLoader:240 - Cannot read IP mode file for Infineon.AIROC-Wi-Fi-Bluetooth-STM32.1.6.1
2026-01-09 13:45:22,678 [WARN] PackLoader:240 - Cannot read IP mode file for wolfSSL.I-CUBE-wolfSSH.1.4.17
2026-01-09 13:45:22,678 [INFO] ThirdParty:978 - Integrity check success = true
2026-01-09 13:45:22,678 [INFO] IntegrityCheckThread:100 - exiting critical section [integrity check]
2026-01-09 13:45:22,678 [INFO] IntegrityCheckThread:103 - End integrity checks thread
2026-01-09 13:45:22,731 [INFO] ProjectFactory:514 - No CPN specified for board NUCLEO-F767ZI => set CPN to STM32F767ZIT6
2026-01-09 13:45:22,732 [INFO] Mcu:2029 - Initializing MCU STM32F767ZITx STM32F767ZITx STM32F767ZIT6
2026-01-09 13:45:25,594 [INFO] Context:786 - Trying to add GPIOservice into a context  which must be forbidden
2026-01-09 13:45:26,655 [INFO] Rule:233 - rule 117617 - U5Cobra4M][GTZC] default value MPCBB3 and MPCBB5 - Not Secured memory - MPCBB1 is applicable
2026-01-09 13:45:26,656 [INFO] Rule:233 - rule 117617 - U5Cobra4M][GTZC] default value MPCBB3 and MPCBB5 - Not Secured memory - MPCBB1 is applicable
2026-01-09 13:45:26,656 [INFO] Rule:233 - rule 117617 - U5Cobra4M][GTZC] default value MPCBB3 and MPCBB5 - Not Secured memory - MPCBB2 is applicable
2026-01-09 13:45:26,656 [INFO] Rule:233 - rule 117617 - U5Cobra4M][GTZC] default value MPCBB3 and MPCBB5 - Not Secured memory - MPCBB2 is applicable
2026-01-09 13:45:26,656 [INFO] Rule:233 - rule 117617 - U5Cobra4M][GTZC] default value MPCBB3 and MPCBB5 - Not Secured memory - MPCBB3 is applicable
2026-01-09 13:45:26,656 [INFO] Rule:233 - rule 117617 - U5Cobra4M][GTZC] default value MPCBB3 and MPCBB5 - Not Secured memory - MPCBB3 is applicable
2026-01-09 13:45:26,656 [INFO] Rule:233 - rule 117617 - U5Cobra4M][GTZC] default value MPCBB3 and MPCBB5 - Not Secured memory - MPCBB4 is applicable
2026-01-09 13:45:26,656 [INFO] Rule:233 - rule 117617 - U5Cobra4M][GTZC] default value MPCBB3 and MPCBB5 - Not Secured memory - MPCBB4 is applicable
2026-01-09 13:45:26,656 [INFO] Rule:233 - rule 117617 - U5Cobra4M][GTZC] default value MPCBB3 and MPCBB5 - Secured memory - MPCBB1 is applicable
2026-01-09 13:45:26,656 [INFO] Rule:233 - rule 117617 - U5Cobra4M][GTZC] default value MPCBB3 and MPCBB5 - Secured memory - MPCBB2 is applicable
2026-01-09 13:45:26,656 [INFO] Rule:233 - rule 117617 - U5Cobra4M][GTZC] default value MPCBB3 and MPCBB5 - Secured memory - MPCBB3 is applicable
2026-01-09 13:45:26,656 [INFO] Rule:233 - rule 117617 - U5Cobra4M][GTZC] default value MPCBB3 and MPCBB5 - Secured memory - MPCBB4 is applicable
2026-01-09 13:45:26,657 [INFO] Rule:233 - rule 117617 - U5Cobra4M][GTZC] default value MPCBB3 and MPCBB5 - Privileged memory - MPCBB1 is applicable
2026-01-09 13:45:26,657 [INFO] Rule:233 - rule 117617 - U5Cobra4M][GTZC] default value MPCBB3 and MPCBB5 - Privileged memory - MPCBB2 is applicable
2026-01-09 13:45:26,657 [INFO] Rule:233 - rule 117617 - U5Cobra4M][GTZC] default value MPCBB3 and MPCBB5 - Privileged memory - MPCBB3 is applicable
2026-01-09 13:45:26,657 [INFO] Rule:233 - rule 117617 - U5Cobra4M][GTZC] default value MPCBB3 and MPCBB5 - Privileged memory - MPCBB4 is applicable
2026-01-09 13:45:26,657 [INFO] Rule:233 - rule 117617 - U5Cobra4M][GTZC] default value MPCBB3 and MPCBB5 - Not Privileged memory - MPCBB1 is applicable
2026-01-09 13:45:26,657 [INFO] Rule:233 - rule 117617 - U5Cobra4M][GTZC] default value MPCBB3 and MPCBB5 - Not Privileged memory - MPCBB2 is applicable
2026-01-09 13:45:26,657 [INFO] Rule:233 - rule 117617 - U5Cobra4M][GTZC] default value MPCBB3 and MPCBB5 - Not Privileged memory - MPCBB3 is applicable
2026-01-09 13:45:26,657 [INFO] Rule:233 - rule 117617 - U5Cobra4M][GTZC] default value MPCBB3 and MPCBB5 - Not Privileged memory - MPCBB4 is applicable
2026-01-09 13:45:26,657 [INFO] Rule:233 - rule 117617 - U5Cobra4M][GTZC] default value MPCBB3 and MPCBB5 - Privileged memory - MPCBB1 is applicable
2026-01-09 13:45:26,657 [INFO] Rule:233 - rule 117617 - U5Cobra4M][GTZC] default value MPCBB3 and MPCBB5 - Privileged memory - MPCBB2 is applicable
2026-01-09 13:45:26,657 [INFO] Rule:233 - rule 117617 - U5Cobra4M][GTZC] default value MPCBB3 and MPCBB5 - Privileged memory - MPCBB3 is applicable
2026-01-09 13:45:26,657 [INFO] Rule:233 - rule 117617 - U5Cobra4M][GTZC] default value MPCBB3 and MPCBB5 - Privileged memory - MPCBB4 is applicable
2026-01-09 13:45:26,657 [INFO] Rule:233 - rule 117617 - U5Cobra4M][GTZC] default value MPCBB3 and MPCBB5 - Privileged memory - MPCBB1 is applicable
2026-01-09 13:45:26,657 [INFO] Rule:233 - rule 117617 - U5Cobra4M][GTZC] default value MPCBB3 and MPCBB5 - Privileged memory - MPCBB2 is applicable
2026-01-09 13:45:26,657 [INFO] Rule:233 - rule 117617 - U5Cobra4M][GTZC] default value MPCBB3 and MPCBB5 - Privileged memory - MPCBB3 is applicable
2026-01-09 13:45:26,657 [INFO] Rule:233 - rule 117617 - U5Cobra4M][GTZC] default value MPCBB3 and MPCBB5 - Privileged memory - MPCBB4 is applicable
2026-01-09 13:45:26,657 [INFO] Rule:233 - rule 117617 - U5Cobra4M][GTZC] default value MPCBB3 and MPCBB5 - Not Privileged memory - MPCBB1 is applicable
2026-01-09 13:45:26,657 [INFO] Rule:233 - rule 117617 - U5Cobra4M][GTZC] default value MPCBB3 and MPCBB5 - Not Privileged memory - MPCBB2 is applicable
2026-01-09 13:45:26,657 [INFO] Rule:233 - rule 117617 - U5Cobra4M][GTZC] default value MPCBB3 and MPCBB5 - Not Privileged memory - MPCBB3 is applicable
2026-01-09 13:45:26,657 [INFO] Rule:233 - rule 117617 - U5Cobra4M][GTZC] default value MPCBB3 and MPCBB5 - Not Privileged memory - MPCBB4 is applicable
2026-01-09 13:45:26,658 [INFO] Rule:233 - rule 117617 - U5Cobra4M][GTZC] default value MPCBB3 and MPCBB5 - Privileged memory - MPCBB1 is applicable
2026-01-09 13:45:26,658 [INFO] Rule:233 - rule 117617 - U5Cobra4M][GTZC] default value MPCBB3 and MPCBB5 - Privileged memory - MPCBB2 is applicable
2026-01-09 13:45:26,658 [INFO] Rule:233 - rule 117617 - U5Cobra4M][GTZC] default value MPCBB3 and MPCBB5 - Privileged memory - MPCBB3 is applicable
2026-01-09 13:45:26,658 [INFO] Rule:233 - rule 117617 - U5Cobra4M][GTZC] default value MPCBB3 and MPCBB5 - Privileged memory - MPCBB4 is applicable
2026-01-09 13:45:26,658 [INFO] Rule:233 - rule Rename SubGHz_Phy SUBGHZ_APPLICATION SUBGHZ_PINGPONG to SUBGHZ_ADV_APPLICATION is applicable
2026-01-09 13:45:26,658 [INFO] Rule:233 - rule Rename Enabled to IBEACON is applicable
2026-01-09 13:45:26,658 [INFO] Rule:233 - rule GTZC_S instance for project manager is applicable
2026-01-09 13:45:26,658 [INFO] Rule:233 - rule GTZC_S instance for context M33S is applicable
2026-01-09 13:45:26,658 [INFO] Rule:233 - rule GTZC_S instance value for IP GTZC is applicable
2026-01-09 13:45:26,658 [INFO] Rule:233 - rule GTZC_S instance for mcu.IP is applicable
2026-01-09 13:45:26,658 [INFO] Rule:233 - rule GTZC_S instance for VP is applicable
2026-01-09 13:45:26,658 [INFO] Rule:233 - rule GTZC_S instance for signal is applicable
2026-01-09 13:45:26,658 [INFO] Rule:233 - rule GTZC_S instance for mcu.Pin is applicable
2026-01-09 13:45:26,658 [INFO] Rule:233 - rule GTZC_S instance for VP is applicable
2026-01-09 13:45:26,658 [INFO] Rule:233 - rule GTZC_S instance for signal is applicable
2026-01-09 13:45:26,658 [INFO] Rule:233 - rule GTZC_S instance for mcu is applicable
2026-01-09 13:45:26,658 [INFO] Rule:233 - rule GTZC_S instance for mcu.Pin is applicable
2026-01-09 13:45:26,658 [INFO] Rule:233 - rule GTZC_S instance value for IP GTZC is applicable
2026-01-09 13:45:26,658 [INFO] Rule:233 - rule GTZC_S instance for project manager is applicable
2026-01-09 13:45:26,658 [INFO] Rule:233 - rule GTZC_S instance for context M33S is applicable
2026-01-09 13:45:26,658 [INFO] Rule:233 - rule GTZC_S instance for VP is applicable
2026-01-09 13:45:26,658 [INFO] Rule:233 - rule GTZC_S instance for signal is applicable
2026-01-09 13:45:26,658 [INFO] Rule:233 - rule WakeUp0 Mode is applicable
2026-01-09 13:45:26,658 [INFO] Rule:233 - rule WakeUp0 SIGNAL is applicable
2026-01-09 13:45:26,663 [INFO] Rule:233 - rule WakeUp1 Mode is applicable
2026-01-09 13:45:26,663 [INFO] Rule:233 - rule WakeUp1 SIGNAL is applicable
2026-01-09 13:45:26,663 [INFO] Rule:233 - rule WakeUp2 Mode is applicable
2026-01-09 13:45:26,663 [INFO] Rule:233 - rule WakeUp2 SIGNAL is applicable
2026-01-09 13:45:26,663 [INFO] Rule:233 - rule WakeUp4 Mode is applicable
2026-01-09 13:45:26,663 [INFO] Rule:233 - rule WakeUp4 SIGNAL is applicable
2026-01-09 13:45:26,663 [INFO] Rule:233 - rule WakeUp5 Mode is applicable
2026-01-09 13:45:26,664 [INFO] Rule:233 - rule WakeUp5 SIGNAL is applicable
2026-01-09 13:45:26,664 [INFO] Rule:233 - rule Change Default Value for LSE Drive Capability for WB family is applicable
2026-01-09 13:45:26,664 [INFO] Rule:233 - rule Change Default Value for ADC Clock Prescaler G0 family is applicable
2026-01-09 13:45:26,664 [INFO] Rule:233 - rule Change USART1CLockSelection refparam name for MP1 is applicable
2026-01-09 13:45:26,664 [INFO] Rule:233 - rule Change USART2CLockSelection refparam name for MP1 is applicable
2026-01-09 13:45:26,664 [INFO] Rule:233 - rule Change USART3CLockSelection refparam name for MP1 is applicable
2026-01-09 13:45:26,665 [INFO] Rule:233 - rule Change UART4CLockSelection refparam name for MP1 is applicable
2026-01-09 13:45:26,665 [INFO] Rule:233 - rule Change UART5CLockSelection refparam name for MP1 is applicable
2026-01-09 13:45:26,665 [INFO] Rule:233 - rule Change LPUART1CLockSelection refparam name for MP1 is applicable
2026-01-09 13:45:26,665 [INFO] Rule:233 - rule Change LPTIM1CLockSelection refparam name for MP1 is applicable
2026-01-09 13:45:26,666 [INFO] Rule:233 - rule Change LPTIM2CLockSelection refparam name for MP1 is applicable
2026-01-09 13:45:26,666 [INFO] Rule:233 - rule Change RCC_MCO1Source refparam name for MP1 is applicable
2026-01-09 13:45:26,666 [INFO] Rule:233 - rule Change LSCOSource1 refparam name for MP1 is applicable
2026-01-09 13:45:26,666 [INFO] Rule:233 - rule Change SMPSCLockSelection refparam name for MP1 is applicable
2026-01-09 13:45:26,666 [INFO] Rule:233 - rule Change LPTIM3CLockSelection refparam name for MP1 is applicable
2026-01-09 13:45:26,666 [INFO] Rule:233 - rule Change MPCBB* Default Template Mode to Parameters is applicable
2026-01-09 13:45:26,666 [INFO] Rule:233 - rule Change MPCWM* or MPCBB* Secure Mode to Parameters is applicable
2026-01-09 13:45:26,666 [INFO] Rule:233 - rule Change MPCWM* or MPCBB* No Secure Mode to Parameters is applicable
2026-01-09 13:45:26,666 [INFO] Rule:233 - rule Change TZSC IP Secure Mode to Parameters is applicable
2026-01-09 13:45:26,666 [INFO] Rule:233 - rule Change TZSC IP No Secure Mode to Parameters is applicable
2026-01-09 13:45:26,666 [INFO] Rule:233 - rule Change TZSC IP Privilege Mode to Parameters is applicable
2026-01-09 13:45:26,666 [INFO] Rule:233 - rule Change TZSC IP No Privilege Mode to Parameters is applicable
2026-01-09 13:45:26,666 [INFO] Rule:233 - rule Change TZIC IT Secure Mode to Parameters is applicable
2026-01-09 13:45:26,667 [INFO] Rule:233 - rule Change TZIC IT No Secure Mode to Parameters is applicable
2026-01-09 13:45:26,667 [INFO] Rule:233 - rule Add MPCBB1_NonSecureArea_Start_Address value with referenced to MPCBB1_NonSecureArea_Start value is applicable
2026-01-09 13:45:26,667 [INFO] Rule:233 - rule Add MPCBB2_NonSecureArea_Start_Address value with referenced to MPCBB2_NonSecureArea_Start value is applicable
2026-01-09 13:45:26,667 [INFO] Rule:233 - rule Add MPCWM1_NonSecureArea*_Start_Address value with referenced to MPCWM1_NonSecureArea*_Start value is applicable
2026-01-09 13:45:26,667 [INFO] Rule:233 - rule Add MPCWM2_NonSecureArea*_Start_Address value with referenced to MPCWM2_NonSecureArea*_Start value is applicable
2026-01-09 13:45:26,667 [INFO] Rule:233 - rule Add MPCWM3_NonSecureArea_Start_Address value with referenced to MPCWM3_NonSecureArea_Start value is applicable
2026-01-09 13:45:26,667 [INFO] Rule:233 - rule Change Default Value for PLL1UserDefinedConfig is applicable
2026-01-09 13:45:26,667 [INFO] Rule:233 - rule OPAMP is applicable
2026-01-09 13:45:26,667 [INFO] Rule:233 - rule LPUART IPParameter rename Prescaler parameter to ClockPrescaler for STM32H7 is applicable
2026-01-09 13:45:26,667 [INFO] Rule:233 - rule LPUART IPParameter rename Prescaler parameter to ClockPrescaler for STM32H7 is applicable
2026-01-09 13:45:26,667 [INFO] Rule:233 - rule LPUART IPParameter rename Prescaler parameter to ClockPrescaler for STM32WB is applicable
2026-01-09 13:45:26,667 [INFO] Rule:233 - rule LPUART IPParameter rename Prescaler parameter to ClockPrescaler for STM32WB is applicable
2026-01-09 13:45:26,667 [INFO] Rule:233 - rule LPUART IPParameter rename Prescaler parameter to ClockPrescaler for STM32G4 is applicable
2026-01-09 13:45:26,667 [INFO] Rule:233 - rule LPUART IPParameter rename Prescaler parameter to ClockPrescaler for STM32G4 is applicable
2026-01-09 13:45:26,667 [INFO] Rule:233 - rule LPUART IPParameter rename Prescaler parameter to ClockPrescaler for STM32L5 is applicable
2026-01-09 13:45:26,667 [INFO] Rule:233 - rule LPUART IPParameter rename Prescaler parameter to ClockPrescaler for STM32L5 is applicable
2026-01-09 13:45:26,667 [INFO] Rule:233 - rule LPUART IPParameter rename Prescaler parameter to ClockPrescaler for STM32G4 is applicable
2026-01-09 13:45:26,667 [INFO] Rule:233 - rule LPUART IPParameter rename Prescaler parameter to ClockPrescaler for STM32G4 is applicable
2026-01-09 13:45:26,667 [INFO] Rule:233 - rule USB device lib V2.5.3 for L0 rename USBD_SUPPORT_USER_STRING parameter to USBD_SUPPORT_USER_STRING_DESC4 is applicable
2026-01-09 13:45:26,667 [INFO] Rule:233 - rule I2SCLockSelection clock entry align is applicable
2026-01-09 13:45:26,668 [INFO] Rule:233 - rule Assign TIMx context if used as SYS timebase is applicable
2026-01-09 13:45:26,668 [INFO] Rule:233 - rule Change GPIO_Pu Default Value for I2C is applicable
2026-01-09 13:45:26,668 [INFO] Rule:233 - rule Change GPIO_Pu Default Value for SMBus is applicable
2026-01-09 13:45:26,668 [INFO] Rule:233 - rule change FDCAN default value is applicable
2026-01-09 13:45:26,668 [INFO] Rule:233 - rule Rename STM32WPAN CFG_BLE_IRK to CFG_BLE_IR is applicable
2026-01-09 13:45:26,668 [INFO] Rule:233 - rule Rename STM32WPAN CFG_BLE_ERK to CFG_BLE_ER is applicable
2026-01-09 13:45:26,668 [INFO] Rule:233 - rule Rename STM32WPAN CFG_BLE_IRK_HEX to CFG_BLE_IR_HEX is applicable
2026-01-09 13:45:26,668 [INFO] Rule:233 - rule Rename STM32WPAN CFG_BLE_ERK_HEX to CFG_BLE_ER_HEX is applicable
2026-01-09 13:45:26,668 [INFO] Rule:233 - rule Adapt Old IOC before rework replace old CORTEX_M33/CORTEX_M55 attributes by the new one. is applicable
2026-01-09 13:45:26,668 [INFO] Rule:233 - rule Rename parametre of RCC RCC_APBDBG_DIV2 to RCC_TIMPRES_DIV2 is applicable
2026-01-09 13:45:26,668 [INFO] Rule:233 - rule Rename DIE493 pin PA10 [PA12] -> PA10 is applicable
2026-01-09 13:45:26,668 [INFO] Rule:233 - rule Rename DIE493 pin PA9 [PA11] -> PA9 is applicable
2026-01-09 13:45:26,668 [INFO] Rule:233 - rule Rename DIE492 PartNumber CPN STM32WBA5MJGHx -> STM32WBA5MMGHx is applicable
2026-01-09 13:45:26,668 [INFO] Rule:233 - rule Rename DIE492 PartNumber  Name STM32WBA5MJGHx -> STM32WBA5MMGHx is applicable
2026-01-09 13:45:26,668 [INFO] Rule:233 - rule Rename DIE492 PartNumber UserName STM32WBA5MJGHx -> STM32WBA5MMGHx is applicable
2026-01-09 13:45:26,668 [INFO] Rule:233 - rule Rename DIE492 PartNumber DeviceId STM32WBA5MJGHx -> STM32WBA5MMGHx is applicable
2026-01-09 13:45:26,668 [INFO] Rule:233 - rule Adapt Old IOC CSI. is applicable
2026-01-09 13:45:26,668 [INFO] Rule:233 - rule Adapt Old IOC DCMIPP. is applicable
2026-01-09 13:45:26,668 [INFO] Rule:233 - rule Adapt Old IOC DCMIPP Mode Parallel. is applicable
2026-01-09 13:45:26,668 [INFO] Rule:233 - rule Adapt Old IOC LTDC. is applicable
2026-01-09 13:45:26,668 [INFO] Rule:233 - rule Rename STM32MP2 RIF Peripheral LTDC RIF.RISUP.LTDC_L0L1.Privilege -> RIF.RISUP.LTDC_L1L2.Privilege is applicable
2026-01-09 13:45:26,668 [INFO] Rule:233 - rule Rename STM32MP2 RIF Peripheral LTDC RIF.RISUP.LTDC_L0L1.Privilege -> RIF.RISUP.LTDC_L1L2.Privilege is applicable
2026-01-09 13:45:26,668 [INFO] Rule:233 - rule Rename STM32MP2 RIF Peripheral LTDC RIF.RISUP.LTDC_L0L1.Lock -> RIF.RISUP.LTDC_L1L2.Lock is applicable
2026-01-09 13:45:26,668 [INFO] Rule:233 - rule Rename STM32MP2 RIF Peripheral LTDC RIF.RISUP.LTDC_L2.Lock -> RIF.RISUP.LTDC_L3.Lock is applicable
2026-01-09 13:45:26,668 [INFO] Rule:233 - rule Adapt the old IOC example for updating the SYS when it is misconfigured. is applicable
2026-01-09 13:45:26,668 [INFO] Rule:233 - rule Rename STM32C09 Mcu.Package LQFP64 -> LQFP48 is applicable
2026-01-09 13:45:26,668 [INFO] Rule:233 - rule Adapt the old IOC example for updating the SYS when it is misconfigured. is applicable
2026-01-09 13:45:26,668 [INFO] Rule:233 - rule Adapt the old IOC example for updating the SYS when it is misconfigured. is applicable
2026-01-09 13:45:26,690 [INFO] DbConfProperties:307 - Apply Compatibility (7/134 Rules)
2026-01-09 13:45:26,806 [INFO] ImportTextPane:234 - (OptionalMessage_ERROR) Pin30 (VP_RIF_VS_RIF1) cannot be retrieved for this MCU
2026-01-09 13:45:27,486 [INFO] RtosManager:558 - Registered RTOS mode: class=CMSIS, group=RTOS, mode=CMSIS_V1, owner=FREERTOS
2026-01-09 13:45:27,486 [INFO] RtosManager:558 - Registered RTOS mode: class=CMSIS, group=RTOS2, mode=CMSIS_V2, owner=FREERTOS
2026-01-09 13:45:27,486 [INFO] RtosManager:558 - Registered RTOS mode: class=RTOS, group=Core, mode=CMSIS_V1, owner=FREERTOS
2026-01-09 13:45:27,486 [INFO] RtosManager:558 - Registered RTOS mode: class=RTOS, group=Core, mode=CMSIS_V2, owner=FREERTOS
2026-01-09 13:45:27,486 [WARN] ModelIntegratedComponent:184 - Missing modes for component STMicroelectronics:FreeRTOS:0.0.1:STMicroelectronics:RTOS:FreeRTOS:Core:::10.2.0:
2026-01-09 13:45:27,506 [WARN] ModelIntegratedComponent:63 - No mode defined for component null
2026-01-09 13:45:27,506 [WARN] ModelIntegratedComponent:63 - No mode defined for component null
2026-01-09 13:45:27,506 [WARN] ModelIntegratedComponent:63 - No mode defined for component null
2026-01-09 13:45:27,507 [WARN] ModelIntegratedComponent:63 - No mode defined for component null
2026-01-09 13:45:27,507 [WARN] ModelIntegratedComponent:63 - No mode defined for component null
2026-01-09 13:45:27,507 [WARN] ModelIntegratedComponent:63 - No mode defined for component null
2026-01-09 13:45:27,507 [WARN] ModelIntegratedComponent:63 - No mode defined for component null
2026-01-09 13:45:27,507 [WARN] ModelIntegratedComponent:63 - No mode defined for component null
2026-01-09 13:45:27,507 [WARN] ModelIntegratedComponent:63 - No mode defined for component null
2026-01-09 13:45:27,508 [WARN] ModelIntegratedComponent:63 - No mode defined for component null
2026-01-09 13:45:27,508 [WARN] ModelIntegratedComponent:63 - No mode defined for component null
2026-01-09 13:45:27,508 [WARN] ModelIntegratedComponent:63 - No mode defined for component null
2026-01-09 13:45:27,508 [WARN] ModelIntegratedComponent:63 - No mode defined for component null
2026-01-09 13:45:27,508 [WARN] ModelIntegratedComponent:63 - No mode defined for component null
2026-01-09 13:45:27,508 [WARN] ModelIntegratedComponent:63 - No mode defined for component null
2026-01-09 13:45:27,508 [WARN] ModelIntegratedComponent:63 - No mode defined for component null
2026-01-09 13:45:27,508 [WARN] ModelIntegratedComponent:63 - No mode defined for component null
2026-01-09 13:45:27,508 [WARN] ModelIntegratedComponent:63 - No mode defined for component null
2026-01-09 13:45:27,508 [WARN] ModelIntegratedComponent:63 - No mode defined for component null
2026-01-09 13:45:27,508 [WARN] ModelIntegratedComponent:63 - No mode defined for component null
2026-01-09 13:45:27,508 [WARN] ModelIntegratedComponent:63 - No mode defined for component null
2026-01-09 13:45:27,508 [WARN] ModelIntegratedComponent:63 - No mode defined for component null
2026-01-09 13:45:27,508 [WARN] ModelIntegratedComponent:63 - No mode defined for component null
2026-01-09 13:45:27,508 [WARN] ModelIntegratedComponent:63 - No mode defined for component null
2026-01-09 13:45:27,508 [WARN] ModelIntegratedComponent:63 - No mode defined for component null
2026-01-09 13:45:27,508 [WARN] ModelIntegratedComponent:63 - No mode defined for component null
2026-01-09 13:45:27,508 [WARN] ModelIntegratedComponent:63 - No mode defined for component null
2026-01-09 13:45:27,508 [WARN] ModelIntegratedComponent:63 - No mode defined for component null
2026-01-09 13:45:27,508 [WARN] ModelIntegratedComponent:63 - No mode defined for component null
2026-01-09 13:45:27,508 [WARN] ModelIntegratedComponent:63 - No mode defined for component null
2026-01-09 13:45:27,508 [WARN] ModelIntegratedComponent:63 - No mode defined for component null
2026-01-09 13:45:27,508 [WARN] ModelIntegratedComponent:63 - No mode defined for component null
2026-01-09 13:45:27,509 [WARN] ModelIntegratedComponent:63 - No mode defined for component null
2026-01-09 13:45:27,509 [WARN] ModelIntegratedComponent:63 - No mode defined for component null
2026-01-09 13:45:27,509 [WARN] ModelIntegratedComponent:63 - No mode defined for component null
2026-01-09 13:45:27,509 [WARN] ModelPack:524 - Component already loaded: STMicroelectronics:HAL Drivers:0.0.0:STMicroelectronics:Device:STMicro_Driver:XSPI:HAL::0.0.1:HAL_XSPI
2026-01-09 13:45:28,224 [INFO] ThirdPartyModel:298 - Start build external matchings
2026-01-09 13:45:33,293 [INFO] ThirdPartyModel:316 - End build external matchings
2026-01-09 13:45:33,379 [WARN] IP:2250 - Warning not found: check if there is a RefParameter without a condition.
2026-01-09 13:45:33,380 [WARN] IP:2250 - RxBufferAddress not found: check if there is a RefParameter without a condition.
2026-01-09 13:45:33,381 [WARN] IP:2250 - DESC_SIZE_UNIT not found: check if there is a RefParameter without a condition.
2026-01-09 13:45:33,382 [INFO] ImportTextPane:234 - (OptionalMessage_ERROR) IP (ETH) : Invalid parameter (PHY_Name)
2026-01-09 13:45:33,382 [INFO] ImportTextPane:234 - (OptionalMessage_ERROR) IP (ETH) : Invalid parameter (PHY_Value)
2026-01-09 13:45:33,384 [INFO] ImportTextPane:234 - (OptionalMessage_ERROR) IP (ETH) : Invalid parameter (PhyAddress)
2026-01-09 13:45:33,392 [INFO] ImportTextPane:234 - (OptionalMessage_ERROR) IP (RCC) : Invalid parameter (48MHZClocksFreq_Value)
2026-01-09 13:45:33,394 [INFO] ImportTextPane:234 - (OptionalMessage_ERROR) IP (RCC) : Invalid parameter (ADC12outputFreq_Value)
2026-01-09 13:45:33,394 [INFO] ImportTextPane:234 - (OptionalMessage_ERROR) IP (RCC) : Invalid parameter (ADC34outputFreq_Value)
2026-01-09 13:45:33,395 [INFO] ImportTextPane:234 - (OptionalMessage_ERROR) IP (RCC) : Invalid parameter (FamilyName)
2026-01-09 13:45:33,397 [INFO] ImportTextPane:234 - (OptionalMessage_ERROR) IP (RCC) : Invalid parameter (I2SClocksFreq_Value)
2026-01-09 13:45:33,397 [INFO] ImportTextPane:234 - (OptionalMessage_ERROR) IP (RCC) : Invalid parameter (LCDTFToutputFreq_Value)
2026-01-09 13:45:33,397 [INFO] ImportTextPane:234 - (OptionalMessage_ERROR) IP (RCC) : Invalid parameter (MCOFreq_Value)
2026-01-09 13:45:33,398 [INFO] ImportTextPane:234 - (OptionalMessage_ERROR) IP (RCC) : Invalid parameter (PLLMCOFreq_Value)
2026-01-09 13:45:33,398 [INFO] ImportTextPane:234 - (OptionalMessage_ERROR) IP (RCC) : Invalid parameter (PLLMUL)
2026-01-09 13:45:33,400 [INFO] ImportTextPane:234 - (OptionalMessage_ERROR) IP (RCC) : Invalid parameter (PRESCALERUSB)
2026-01-09 13:45:33,401 [INFO] ImportTextPane:234 - (OptionalMessage_ERROR) IP (RCC) : Invalid parameter (RTCHSEDivFreq_Value)
2026-01-09 13:45:33,401 [INFO] ImportTextPane:234 - (OptionalMessage_ERROR) IP (RCC) : Parameter (SDMMC2Freq_Value) has invalid value (96000000)
2026-01-09 13:45:33,401 [INFO] ImportTextPane:234 - (OptionalMessage_ERROR) IP (RCC) : Parameter (SDMMCFreq_Value) has invalid value (96000000)
2026-01-09 13:45:33,401 [INFO] ImportTextPane:234 - (OptionalMessage_ERROR) IP (RCC) : Invalid parameter (SYSCLKSourceVirtual)
2026-01-09 13:45:33,401 [INFO] ImportTextPane:234 - (OptionalMessage_ERROR) IP (RCC) : Invalid parameter (TIM15Freq_Value)
2026-01-09 13:45:33,402 [INFO] ImportTextPane:234 - (OptionalMessage_ERROR) IP (RCC) : Invalid parameter (TIM16Freq_Value)
2026-01-09 13:45:33,402 [INFO] ImportTextPane:234 - (OptionalMessage_ERROR) IP (RCC) : Invalid parameter (TIM17Freq_Value)
2026-01-09 13:45:33,402 [INFO] ImportTextPane:234 - (OptionalMessage_ERROR) IP (RCC) : Invalid parameter (TIM1Freq_Value)
2026-01-09 13:45:33,402 [INFO] ImportTextPane:234 - (OptionalMessage_ERROR) IP (RCC) : Invalid parameter (TIM20Freq_Value)
2026-01-09 13:45:33,402 [INFO] ImportTextPane:234 - (OptionalMessage_ERROR) IP (RCC) : Invalid parameter (TIM2Freq_Value)
2026-01-09 13:45:33,402 [INFO] ImportTextPane:234 - (OptionalMessage_ERROR) IP (RCC) : Invalid parameter (TIM3Freq_Value)
2026-01-09 13:45:33,402 [INFO] ImportTextPane:234 - (OptionalMessage_ERROR) IP (RCC) : Invalid parameter (TIM8Freq_Value)
2026-01-09 13:45:33,403 [INFO] ImportTextPane:234 - (OptionalMessage_ERROR) IP (RCC) : Invalid parameter (VCOOutput2Freq_Value)
2026-01-09 13:45:33,403 [INFO] ImportTextPane:234 - (OptionalMessage_ERROR) IP (RCC) : Invalid parameter (VcooutputI2S)
2026-01-09 13:45:34,558 [INFO] UtilMem:75 - End LoadConfig() Used Memory: 919022168 Bytes (1073741824)
2026-01-09 13:45:34,876 [WARN] ThirdParty:833 - waiting for thirdparty lock release [change project]
2026-01-09 13:45:34,877 [INFO] ThirdParty:835 - entering critical section [change project]
2026-01-09 13:45:34,877 [INFO] ThirdParty:1030 - CMSIS Pack Vendor :STMicroelectronics X-CUBE-PM33A1 1.0.0
2026-01-09 13:45:34,878 [INFO] ThirdParty:1030 - CMSIS Pack Vendor :STMicroelectronics USBPD 4.1
2026-01-09 13:45:34,878 [INFO] ThirdParty:1030 - CMSIS Pack Vendor :STMicroelectronics USB_HOST 2.0.0
2026-01-09 13:45:34,878 [INFO] ThirdParty:1030 - CMSIS Pack Vendor :STMicroelectronics FP-SNS-MOTENVWB1 1.4.0
2026-01-09 13:45:34,878 [INFO] ThirdParty:1030 - CMSIS Pack Vendor :STMicroelectronics X-CUBE-AZRTOS-F4 1.1.0
2026-01-09 13:45:34,878 [INFO] ThirdParty:1030 - CMSIS Pack Vendor :STMicroelectronics LIBJPEG 8.0.0
2026-01-09 13:45:34,878 [INFO] ThirdParty:1030 - CMSIS Pack Vendor :STMicroelectronics FP-ATR-ASTRA1 2.0.2
2026-01-09 13:45:34,878 [INFO] ThirdParty:1030 - CMSIS Pack Vendor :STMicroelectronics FP-ATR-ASTRA1 2.0.1
2026-01-09 13:45:34,878 [INFO] ThirdParty:1030 - CMSIS Pack Vendor :Avnet-IotConnect X-CUBE-IoTC-DA16k-PMOD 1.0.0
2026-01-09 13:45:34,878 [INFO] ThirdParty:1030 - CMSIS Pack Vendor :STMicroelectronics X-CUBE-SMBUS 2.1.0
2026-01-09 13:45:34,878 [INFO] ThirdParty:1030 - CMSIS Pack Vendor :STMicroelectronics X-CUBE-WB05N 1.1.0
2026-01-09 13:45:34,878 [INFO] ThirdParty:1030 - CMSIS Pack Vendor :STMicroelectronics X-CUBE-ISPU 2.1.0
2026-01-09 13:45:34,878 [INFO] ThirdParty:1030 - CMSIS Pack Vendor :STMicroelectronics X-CUBE-IPS 3.2.0
2026-01-09 13:45:34,878 [INFO] ThirdParty:1030 - CMSIS Pack Vendor :STMicroelectronics X-CUBE-FREERTOS 1.2.0
2026-01-09 13:45:34,878 [INFO] ThirdParty:1030 - CMSIS Pack Vendor :STMicroelectronics X-CUBE-ST60 1.0.0
2026-01-09 13:45:34,878 [INFO] ThirdParty:1030 - CMSIS Pack Vendor :STMicroelectronics X-CUBE-NFC12 1.0.0
2026-01-09 13:45:34,878 [INFO] ThirdParty:1030 - CMSIS Pack Vendor :STMicroelectronics X-CUBE-AZRTOS-F7 1.1.0
2026-01-09 13:45:34,880 [INFO] ThirdParty:1030 - CMSIS Pack Vendor :STMicroelectronics X-CUBE-AZRTOS-L5 2.0.0
2026-01-09 13:45:34,880 [INFO] ThirdParty:1030 - CMSIS Pack Vendor :STMicroelectronics USB_DEVICE 2.0.0
2026-01-09 13:45:34,880 [INFO] ThirdParty:1030 - CMSIS Pack Vendor :STMicroelectronics X-CUBE-NFC6 3.1.0
2026-01-09 13:45:34,880 [INFO] ThirdParty:1030 - CMSIS Pack Vendor :STMicroelectronics X-CUBE-MEMS1 11.0.0
2026-01-09 13:45:34,880 [INFO] ThirdParty:1030 - CMSIS Pack Vendor :STMicroelectronics FP-SNS-MOTENV1 5.1.0
2026-01-09 13:45:34,880 [INFO] ThirdParty:1030 - CMSIS Pack Vendor :STMicroelectronics FreeRTOS 0.0.1
2026-01-09 13:45:34,880 [INFO] ThirdParty:1030 - CMSIS Pack Vendor :STMicroelectronics X-CUBE-DPower 1.2.0
2026-01-09 13:45:34,880 [INFO] ThirdParty:1030 - CMSIS Pack Vendor :STMicroelectronics FP-SNS-FLIGHT1 5.0.2
2026-01-09 13:45:34,880 [INFO] ThirdParty:1030 - CMSIS Pack Vendor :STMicroelectronics PDM2PCM 3.3.0
2026-01-09 13:45:34,880 [INFO] ThirdParty:1030 - CMSIS Pack Vendor :STMicroelectronics X-CUBE-AZRTOS-H7 3.4.0
2026-01-09 13:45:34,880 [INFO] ThirdParty:1030 - CMSIS Pack Vendor :STMicroelectronics X-CUBE-DISPLAY 3.0.0
2026-01-09 13:45:34,880 [INFO] ThirdParty:1030 - CMSIS Pack Vendor :STMicroelectronics X-CUBE-BLE1 7.0.0
2026-01-09 13:45:34,880 [INFO] ThirdParty:1030 - CMSIS Pack Vendor :STMicroelectronics X-CUBE-NFC10 1.0.0
2026-01-09 13:45:34,881 [INFO] ThirdParty:1030 - CMSIS Pack Vendor :STMicroelectronics X-CUBE-BLEMGR 4.0.0
2026-01-09 13:45:34,881 [INFO] ThirdParty:1030 - CMSIS Pack Vendor :STMicroelectronics X-CUBE-FREERTOS 1.3.1
2026-01-09 13:45:34,881 [INFO] ThirdParty:1030 - CMSIS Pack Vendor :STMicroelectronics HAL Drivers 0.0.0
2026-01-09 13:45:34,881 [INFO] ThirdParty:1030 - CMSIS Pack Vendor :STMicroelectronics X-CUBE-ST60 1.1.0
2026-01-09 13:45:34,881 [INFO] ThirdParty:1030 - CMSIS Pack Vendor :emotas I-CUBE-CANOPEN 1.3.0
2026-01-09 13:45:34,881 [INFO] ThirdParty:1030 - CMSIS Pack Vendor :STMicroelectronics X-CUBE-FREERTOS 1.3.0
2026-01-09 13:45:34,881 [INFO] ThirdParty:1030 - CMSIS Pack Vendor :STMicroelectronics X-CUBE-NFC7 1.0.1
2026-01-09 13:45:34,881 [INFO] ThirdParty:1030 - CMSIS Pack Vendor :STMicroelectronics MBEDTLS 2.14.1
2026-01-09 13:45:34,881 [INFO] ThirdParty:1030 - CMSIS Pack Vendor :STMicroelectronics X-CUBE-GNSS1 7.1.0
2026-01-09 13:45:34,881 [INFO] ThirdParty:1030 - CMSIS Pack Vendor :STMicroelectronics X-CUBE-TOUCHGFX 4.26.0
2026-01-09 13:45:34,881 [INFO] ThirdParty:1030 - CMSIS Pack Vendor :STMicroelectronics X-CUBE-BLEMGR 3.1.0
2026-01-09 13:45:34,881 [INFO] ThirdParty:1030 - CMSIS Pack Vendor :STMicroelectronics X-CUBE-AI 10.0.0
2026-01-09 13:45:34,882 [INFO] ThirdParty:1030 - CMSIS Pack Vendor :STMicroelectronics FP-SNS-STBOX1 2.1.0
2026-01-09 13:45:34,882 [INFO] ThirdParty:1030 - CMSIS Pack Vendor :STMicroelectronics FP-SNS-STAIOTCFT 1.0.0
2026-01-09 13:45:34,882 [INFO] ThirdParty:1030 - CMSIS Pack Vendor :STMicroelectronics FP-SNS-SMARTAG2 1.2.0
2026-01-09 13:45:34,882 [INFO] ThirdParty:1030 - CMSIS Pack Vendor :STMicroelectronics FP-SNS-FLIGHT1 5.1.0
2026-01-09 13:45:34,882 [INFO] ThirdParty:1030 - CMSIS Pack Vendor :STMicroelectronics X-CUBE-MEMS1 11.1.0
2026-01-09 13:45:34,882 [INFO] ThirdParty:1030 - CMSIS Pack Vendor :STMicroelectronics X-CUBE-AZRTOS-WL 2.0.0
2026-01-09 13:45:34,882 [INFO] ThirdParty:1030 - CMSIS Pack Vendor :STMicroelectronics X-CUBE-DPower 1.3.0
2026-01-09 13:45:34,882 [INFO] ThirdParty:1030 - CMSIS Pack Vendor :STMicroelectronics FP-SNS-MOTENV1 5.0.0
2026-01-09 13:45:34,882 [INFO] ThirdParty:1030 - CMSIS Pack Vendor :STMicroelectronics USB_DEVICE 1.0.0
2026-01-09 13:45:34,882 [INFO] ThirdParty:1030 - CMSIS Pack Vendor :STMicroelectronics X-CUBE-AZRTOS-H7RS 1.2.0
2026-01-09 13:45:34,882 [INFO] ThirdParty:1030 - CMSIS Pack Vendor :wolfSSL I-CUBE-wolfMQTT 1.19.0
2026-01-09 13:45:34,882 [INFO] ThirdParty:1030 - CMSIS Pack Vendor :STMicroelectronics X-CUBE-AZRTOS-L4 2.0.0
2026-01-09 13:45:34,882 [INFO] ThirdParty:1030 - CMSIS Pack Vendor :STMicroelectronics ThreadX 0.0.2
2026-01-09 13:45:34,882 [INFO] ThirdParty:1030 - CMSIS Pack Vendor :WES I-CUBE-Cesium 1.3.0
2026-01-09 13:45:34,882 [INFO] ThirdParty:1030 - CMSIS Pack Vendor :STMicroelectronics lwIP 2.1.2
2026-01-09 13:45:34,882 [INFO] ThirdParty:1030 - CMSIS Pack Vendor :STMicroelectronics X-CUBE-SFXS2LP1 4.0.0
2026-01-09 13:45:34,883 [INFO] ThirdParty:1030 - CMSIS Pack Vendor :STMicroelectronics X-CUBE-BLE2 3.3.0
2026-01-09 13:45:34,883 [INFO] ThirdParty:1030 - CMSIS Pack Vendor :STMicroelectronics PDM2PCM 3.2.0
2026-01-09 13:45:34,883 [INFO] ThirdParty:1030 - CMSIS Pack Vendor :STMicroelectronics X-CUBE-AZRTOS-H7 3.3.0
2026-01-09 13:45:34,883 [INFO] ThirdParty:1030 - CMSIS Pack Vendor :STMicroelectronics X-CUBE-NFC9 1.0.0
2026-01-09 13:45:34,883 [INFO] ThirdParty:1030 - CMSIS Pack Vendor :STMicroelectronics X-CUBE-BLE1 7.1.0
2026-01-09 13:45:34,883 [INFO] ThirdParty:1030 - CMSIS Pack Vendor :STMicroelectronics USB_DEVICE 3.0.0
2026-01-09 13:45:34,883 [INFO] ThirdParty:1030 - CMSIS Pack Vendor :STMicroelectronics X-CUBE-TCPP 4.1.0
2026-01-09 13:45:34,883 [INFO] ThirdParty:1030 - CMSIS Pack Vendor :STMicroelectronics X-CUBE-FREERTOS 1.4.0
2026-01-09 13:45:34,883 [INFO] ThirdParty:1030 - CMSIS Pack Vendor :STMicroelectronics X-CUBE-EEPRMA1 5.2.0
2026-01-09 13:45:34,883 [INFO] ThirdParty:1030 - CMSIS Pack Vendor :STMicroelectronics X-CUBE-BLEMGR 4.1.0
2026-01-09 13:45:34,883 [INFO] ThirdParty:1030 - CMSIS Pack Vendor :STMicroelectronics X-CUBE-IPS 3.0.0
2026-01-09 13:45:34,883 [INFO] ThirdParty:1030 - CMSIS Pack Vendor :STMicroelectronics X-CUBE-AZRTOS-WB 2.0.0
2026-01-09 13:45:34,883 [INFO] ThirdParty:1030 - CMSIS Pack Vendor :STMicroelectronics X-CUBE-GNSS1 7.0.0
2026-01-09 13:45:34,883 [INFO] ThirdParty:1030 - CMSIS Pack Vendor :STMicroelectronics X-CUBE-GNSS1 7.0.1
2026-01-09 13:45:34,884 [INFO] ThirdParty:1030 - CMSIS Pack Vendor :STMicroelectronics X-CUBE-TOUCHGFX 4.25.0
2026-01-09 13:45:34,884 [INFO] ThirdParty:1030 - CMSIS Pack Vendor :STMicroelectronics X-CUBE-ST67W61 1.1.0
2026-01-09 13:45:34,884 [INFO] ThirdParty:1030 - CMSIS Pack Vendor :STMicroelectronics X-CUBE-AI 10.1.0
2026-01-09 13:45:34,884 [INFO] ThirdParty:1030 - CMSIS Pack Vendor :STMicroelectronics FP-SNS-STBOX1 2.0.0
2026-01-09 13:45:34,884 [INFO] ThirdParty:1030 - CMSIS Pack Vendor :STMicroelectronics X-CUBE-MEMS1 12.0.0
2026-01-09 13:45:34,884 [INFO] ThirdParty:1030 - CMSIS Pack Vendor :STMicroelectronics X-CUBE-MEMS1 11.2.0
2026-01-09 13:45:34,884 [INFO] ThirdParty:1030 - CMSIS Pack Vendor :STMicroelectronics X-CUBE-AZRTOS-G0 1.1.0
2026-01-09 13:45:34,884 [INFO] ThirdParty:1030 - CMSIS Pack Vendor :STMicroelectronics X-CUBE-SAFEA1 1.2.2
2026-01-09 13:45:34,884 [INFO] ThirdParty:1030 - CMSIS Pack Vendor :STMicroelectronics X-CUBE-NFC4 3.0.0
2026-01-09 13:45:34,884 [INFO] ThirdParty:1030 - CMSIS Pack Vendor :STMicroelectronics X-CUBE-SUBG2 5.0.0
2026-01-09 13:45:34,884 [INFO] ThirdParty:1030 - CMSIS Pack Vendor :STMicroelectronics X-CUBE-AZRTOS-H7RS 1.1.0
2026-01-09 13:45:34,884 [INFO] ThirdParty:1030 - CMSIS Pack Vendor :STMicroelectronics STM32_WPAN 1.0.0
2026-01-09 13:45:34,884 [INFO] ThirdParty:1030 - CMSIS Pack Vendor :EmbeddedOffice I-CUBE-FS-RTOS 1.0.1
2026-01-09 13:45:34,884 [INFO] ThirdParty:1030 - CMSIS Pack Vendor :STMicroelectronics lwIP 2.0.3
2026-01-09 13:45:34,884 [INFO] ThirdParty:1030 - CMSIS Pack Vendor :Cesanta I-CUBE-Mongoose 7.13.0
2026-01-09 13:45:34,884 [INFO] ThirdParty:1030 - CMSIS Pack Vendor :STMicroelectronics USB_HOST 1.0.0
2026-01-09 13:45:34,884 [INFO] ThirdParty:1030 - CMSIS Pack Vendor :STMicroelectronics X-CUBE-AZRTOS-G4 2.0.0
2026-01-09 13:45:34,884 [INFO] ThirdParty:1030 - CMSIS Pack Vendor :STMicroelectronics X-CUBE-WB05N 2.0.0
2026-01-09 13:45:34,884 [INFO] ThirdParty:1030 - CMSIS Pack Vendor :STMicroelectronics PDM2PCM 3.1.0
2026-01-09 13:45:34,884 [INFO] ThirdParty:1030 - CMSIS Pack Vendor :STMicroelectronics X-CUBE-NFC7 2.0.0
2026-01-09 13:45:34,884 [INFO] ThirdParty:1030 - CMSIS Pack Vendor :STMicroelectronics X-CUBE-TCPP 4.2.0
2026-01-09 13:45:34,884 [INFO] ThirdParty:1030 - CMSIS Pack Vendor :RealThread X-CUBE-RT-Thread_Nano 4.1.1
2026-01-09 13:45:34,884 [INFO] ThirdParty:1030 - CMSIS Pack Vendor :STMicroelectronics FP-ATR-SIGFOX1 3.2.0
2026-01-09 13:45:34,884 [INFO] ThirdParty:1030 - CMSIS Pack Vendor :quantropi X-CUBE-qispace-sdk-base 1.9.3
2026-01-09 13:45:34,884 [INFO] ThirdParty:1030 - CMSIS Pack Vendor :STMicroelectronics X-CUBE-EEPRMA1 5.1.0
2026-01-09 13:45:34,884 [INFO] ThirdParty:1030 - CMSIS Pack Vendor :STMicroelectronics MBEDTLS 2.16.2
2026-01-09 13:45:34,885 [INFO] ThirdParty:1030 - CMSIS Pack Vendor :STMicroelectronics X-CUBE-IPS 3.1.0
2026-01-09 13:45:34,885 [INFO] ThirdParty:1030 - CMSIS Pack Vendor :STMicroelectronics X-CUBE-ALS 1.0.2
2026-01-09 13:45:34,885 [INFO] ThirdParty:1030 - CMSIS Pack Vendor :wolfSSL I-CUBE-wolfSSL 5.7.4
2026-01-09 13:45:34,885 [INFO] ThirdParty:1030 - CMSIS Pack Vendor :ITTIA_DB I-CUBE-ITTIADB 8.9.0
2026-01-09 13:45:34,885 [INFO] ThirdParty:1030 - CMSIS Pack Vendor :STMicroelectronics X-CUBE-TOUCHGFX 4.24.2
2026-01-09 13:45:34,885 [INFO] ThirdParty:1030 - CMSIS Pack Vendor :STMicroelectronics X-CUBE-TOUCHGFX 4.24.1
2026-01-09 13:45:34,885 [INFO] ThirdParty:1030 - CMSIS Pack Vendor :STMicroelectronics X-CUBE-STSE01 1.0.0
2026-01-09 13:45:34,885 [INFO] ThirdParty:1030 - CMSIS Pack Vendor :wolfSSL I-CUBE-wolfTPM 3.4.0
2026-01-09 13:45:34,885 [INFO] ThirdParty:1030 - CMSIS Pack Vendor :portGmbH I-Cube-SoM-uGOAL 1.1.0
2026-01-09 13:45:34,885 [INFO] ThirdParty:1030 - CMSIS Pack Vendor :STMicroelectronics X-CUBE-ST67W61 1.0.0
2026-01-09 13:45:34,885 [INFO] ThirdParty:1030 - CMSIS Pack Vendor :STMicroelectronics X-CUBE-AI 10.2.0
2026-01-09 13:45:34,885 [INFO] ThirdParty:1030 - CMSIS Pack Vendor :STMicroelectronics ThreadX 1.0.0
2026-01-09 13:45:34,885 [INFO] ThirdParty:1030 - CMSIS Pack Vendor :SEGGER I-CUBE-embOS 1.3.1
2026-01-09 13:45:34,885 [INFO] ThirdParty:1030 - CMSIS Pack Vendor :STMicroelectronics X-CUBE-ALGOBUILD 1.4.0
2026-01-09 13:45:34,885 [INFO] ThirdParty:1030 - CMSIS Pack Vendor :STMicroelectronics X-CUBE-MEMS1 11.3.0
2026-01-09 13:45:34,885 [INFO] ThirdParty:1030 - CMSIS Pack Vendor :STMicroelectronics X-CUBE-AZRTOS-H7RS 1.0.0
2026-01-09 13:45:34,885 [INFO] ThirdParty:1030 - CMSIS Pack Vendor :STMicroelectronics FP-ATR-ASTRA1 2.0.0
2026-01-09 13:45:34,885 [INFO] ThirdParty:1030 - CMSIS Pack Vendor :STMicroelectronics X-CUBE-TOF1 3.4.2
2026-01-09 13:45:34,885 [INFO] ThirdParty:1030 - CMSIS Pack Vendor :STMicroelectronics X-CUBE-TOF1 3.4.3
2026-01-09 13:45:34,885 [INFO] ThirdParty:1030 - CMSIS Pack Vendor :STMicroelectronics X-CUBE-AI 9.1.0
2026-01-09 13:45:34,885 [INFO] ThirdParty:1030 - CMSIS Pack Vendor :Infineon AIROC-Wi-Fi-Bluetooth-STM32 1.6.1
2026-01-09 13:45:34,885 [INFO] ThirdParty:1030 - CMSIS Pack Vendor :wolfSSL I-CUBE-wolfSSH 1.4.17
2026-01-09 13:45:34,885 [INFO] ThirdParty:841 - exiting critical section [change project]
2026-01-09 13:45:36,283 [INFO] PinOutPanel:1589 - setPackage(No Configuration,No Configuration)
2026-01-09 13:45:36,285 [INFO] PinOutPanel:1589 - setPackage(STM32F767ZITx,LQFP144)
2026-01-09 13:45:38,618 [INFO] UtilMem:75 - Before build in PCC Used Memory: 809202536 Bytes (1073741824)
2026-01-09 13:45:41,253 [INFO] UtilMem:75 - After build in PCC Used Memory: 893610856 Bytes (1073741824)
2026-01-09 13:45:41,378 [INFO] IPUIPlugin:80 - create IPUIPlugin
2026-01-09 13:45:41,378 [INFO] IPUIPlugin:80 - create IPUIPlugin
2026-01-09 13:45:41,380 [INFO] IPUIPlugin:80 - create IPUIPlugin
2026-01-09 13:45:41,380 [INFO] IPUIPlugin:80 - create IPUIPlugin
2026-01-09 13:45:41,380 [INFO] IPUIPlugin:80 - create IPUIPlugin
2026-01-09 13:45:41,380 [INFO] IPUIPlugin:80 - create IPUIPlugin
2026-01-09 13:45:41,381 [INFO] IPUIPlugin:80 - create IPUIPlugin
2026-01-09 13:45:41,382 [INFO] IPUIPlugin:80 - create IPUIPlugin
2026-01-09 13:45:41,383 [INFO] IPUIPlugin:80 - create IPUIPlugin
2026-01-09 13:45:41,383 [INFO] IPUIPlugin:80 - create IPUIPlugin
2026-01-09 13:45:41,384 [INFO] IPUIPlugin:80 - create IPUIPlugin
2026-01-09 13:45:41,384 [INFO] IPUIPlugin:80 - create IPUIPlugin
2026-01-09 13:45:41,384 [INFO] IPUIPlugin:80 - create IPUIPlugin
2026-01-09 13:45:41,385 [INFO] IPUIPlugin:80 - create IPUIPlugin
2026-01-09 13:45:41,385 [INFO] IPUIPlugin:80 - create IPUIPlugin
2026-01-09 13:45:41,386 [INFO] IPUIPlugin:80 - create IPUIPlugin
2026-01-09 13:45:41,386 [INFO] IPUIPlugin:80 - create IPUIPlugin
2026-01-09 13:45:41,387 [INFO] IPUIPlugin:80 - create IPUIPlugin
2026-01-09 13:45:41,388 [INFO] IPUIPlugin:80 - create IPUIPlugin
2026-01-09 13:45:41,389 [INFO] IPUIPlugin:80 - create IPUIPlugin
2026-01-09 13:45:41,389 [INFO] IPUIPlugin:80 - create IPUIPlugin
2026-01-09 13:45:41,390 [INFO] IPUIPlugin:80 - create IPUIPlugin
2026-01-09 13:45:41,390 [INFO] IPUIPlugin:80 - create IPUIPlugin
2026-01-09 13:45:41,392 [INFO] IPUIPlugin:80 - create IPUIPlugin
2026-01-09 13:45:41,394 [INFO] IPUIPlugin:80 - create IPUIPlugin
2026-01-09 13:45:41,395 [INFO] IPUIPlugin:80 - create IPUIPlugin
2026-01-09 13:45:41,396 [INFO] IPUIPlugin:80 - create IPUIPlugin
2026-01-09 13:45:41,397 [INFO] IPUIPlugin:80 - create IPUIPlugin
2026-01-09 13:45:41,398 [INFO] IPUIPlugin:80 - create IPUIPlugin
2026-01-09 13:45:41,399 [INFO] IPUIPlugin:80 - create IPUIPlugin
2026-01-09 13:45:41,400 [INFO] IPUIPlugin:80 - create IPUIPlugin
2026-01-09 13:45:41,400 [INFO] IPUIPlugin:80 - create IPUIPlugin
2026-01-09 13:45:41,401 [INFO] IPUIPlugin:80 - create IPUIPlugin
2026-01-09 13:45:41,401 [INFO] IPUIPlugin:80 - create IPUIPlugin
2026-01-09 13:45:41,401 [INFO] IPUIPlugin:80 - create IPUIPlugin
2026-01-09 13:45:41,402 [INFO] IPUIPlugin:80 - create IPUIPlugin
2026-01-09 13:45:41,402 [INFO] IPUIPlugin:80 - create IPUIPlugin
2026-01-09 13:45:41,402 [INFO] IPUIPlugin:80 - create IPUIPlugin
2026-01-09 13:45:41,402 [INFO] IPUIPlugin:80 - create IPUIPlugin
2026-01-09 13:45:41,403 [INFO] IPUIPlugin:80 - create IPUIPlugin
2026-01-09 13:45:41,403 [INFO] IPUIPlugin:80 - create IPUIPlugin
2026-01-09 13:45:41,404 [INFO] IPUIPlugin:80 - create IPUIPlugin
2026-01-09 13:45:41,405 [INFO] IPUIPlugin:80 - create IPUIPlugin
2026-01-09 13:45:41,405 [INFO] IPUIPlugin:80 - create IPUIPlugin
2026-01-09 13:45:41,407 [INFO] IPUIPlugin:80 - create IPUIPlugin
2026-01-09 13:45:41,408 [INFO] IPUIPlugin:80 - create IPUIPlugin
2026-01-09 13:45:41,408 [INFO] IPUIPlugin:80 - create IPUIPlugin
2026-01-09 13:45:41,409 [INFO] IPUIPlugin:80 - create IPUIPlugin
2026-01-09 13:45:41,410 [INFO] IPUIPlugin:80 - create IPUIPlugin
2026-01-09 13:45:41,411 [INFO] IPUIPlugin:80 - create IPUIPlugin
2026-01-09 13:45:41,412 [INFO] IPUIPlugin:80 - create IPUIPlugin
2026-01-09 13:45:41,413 [INFO] IPUIPlugin:80 - create IPUIPlugin
2026-01-09 13:45:41,414 [INFO] IPUIPlugin:80 - create IPUIPlugin
2026-01-09 13:45:41,415 [INFO] IPUIPlugin:80 - create IPUIPlugin
2026-01-09 13:45:41,415 [INFO] IPUIPlugin:80 - create IPUIPlugin
2026-01-09 13:45:41,416 [INFO] IPUIPlugin:80 - create IPUIPlugin
2026-01-09 13:45:41,416 [INFO] IPUIPlugin:80 - create IPUIPlugin
2026-01-09 13:45:41,416 [INFO] IPUIPlugin:80 - create IPUIPlugin
2026-01-09 13:45:41,418 [INFO] IPUIPlugin:80 - create IPUIPlugin
2026-01-09 13:45:41,418 [INFO] IPUIPlugin:80 - create IPUIPlugin
2026-01-09 13:45:41,420 [INFO] IPUIPlugin:80 - create IPUIPlugin
2026-01-09 13:45:41,421 [INFO] IPUIPlugin:80 - create IPUIPlugin
2026-01-09 13:45:41,422 [INFO] IPUIPlugin:80 - create IPUIPlugin
2026-01-09 13:45:41,424 [INFO] IPUIPlugin:80 - create IPUIPlugin
2026-01-09 13:45:41,426 [INFO] IPUIPlugin:80 - create IPUIPlugin
2026-01-09 13:45:41,427 [INFO] IPUIPlugin:80 - create IPUIPlugin
2026-01-09 13:45:41,428 [INFO] IPUIPlugin:80 - create IPUIPlugin
2026-01-09 13:45:41,428 [INFO] IPUIPlugin:80 - create IPUIPlugin
2026-01-09 13:45:41,431 [INFO] IPUIPlugin:80 - create IPUIPlugin
2026-01-09 13:45:41,432 [INFO] IPUIPlugin:80 - create IPUIPlugin
2026-01-09 13:45:41,433 [INFO] IPUIPlugin:80 - create IPUIPlugin
2026-01-09 13:45:41,433 [INFO] IPUIPlugin:80 - create IPUIPlugin
2026-01-09 13:45:41,434 [INFO] IPUIPlugin:80 - create IPUIPlugin
2026-01-09 13:45:41,436 [INFO] IPUIPlugin:80 - create IPUIPlugin
2026-01-09 13:45:41,437 [INFO] IPUIPlugin:80 - create IPUIPlugin
2026-01-09 13:45:41,438 [INFO] IPUIPlugin:80 - create IPUIPlugin
2026-01-09 13:45:41,440 [INFO] IPUIPlugin:80 - create IPUIPlugin
2026-01-09 13:45:41,443 [INFO] IPUIPlugin:80 - create IPUIPlugin
2026-01-09 13:45:41,443 [INFO] IPUIPlugin:80 - create IPUIPlugin
2026-01-09 13:45:41,803 [INFO] ApiDbMcu:532 - Load IP Config File for PDM2PCM
2026-01-09 13:45:42,331 [INFO] CADModel:165 - CPN selected for project levelSTM32F767ZIT6
2026-01-09 13:45:42,331 [INFO] CADModel:114 - Register for checkConnection events
2026-01-09 13:45:42,376 [INFO] OpenFileManager:386 - Restore cursor
2026-01-09 13:45:43,122 [WARN] IP:2250 - Warning not found: check if there is a RefParameter without a condition.
2026-01-09 13:45:43,122 [WARN] IP:2250 - RxBufferAddress not found: check if there is a RefParameter without a condition.
2026-01-09 13:45:43,124 [WARN] IP:2250 - DESC_SIZE_UNIT not found: check if there is a RefParameter without a condition.
2026-01-09 13:45:43,128 [WARN] IP:2250 - Warning not found: check if there is a RefParameter without a condition.
2026-01-09 13:45:43,128 [WARN] IP:2250 - RxBufferAddress not found: check if there is a RefParameter without a condition.
2026-01-09 13:45:43,129 [WARN] IP:2250 - DESC_SIZE_UNIT not found: check if there is a RefParameter without a condition.
2026-01-09 13:45:46,991 [INFO] UtilMem:75 - End SaveConfig() Used Memory: 877447768 Bytes (1073741824)
2026-01-09 13:45:47,192 [INFO] UtilMem:75 - End SaveConfig() Used Memory: 933537760 Bytes (1073741824)
2026-01-09 13:45:47,872 [INFO] BlockDiagram:2775 - set Specific Code input for plugin: SYS
2026-01-09 13:45:47,873 [INFO] BlockDiagram:2775 - set Specific Code input for plugin: RCC
2026-01-09 13:45:47,873 [INFO] BlockDiagram:2775 - set Specific Code input for plugin: USB_OTG_FS
2026-01-09 13:45:47,873 [INFO] BlockDiagram:2775 - set Specific Code input for plugin: NVIC
2026-01-09 13:45:47,873 [INFO] BlockDiagram:2775 - set Specific Code input for plugin: USART
2026-01-09 13:45:47,875 [INFO] BlockDiagram:2775 - set Specific Code input for plugin: GPIO
2026-01-09 13:45:47,875 [INFO] BlockDiagram:2775 - set Specific Code input for plugin: ETH
2026-01-09 13:45:47,877 [INFO] CodeGenerator:892 - code generatio: config db path: C:\ST\STM32CubeIDE_1.16.1\STM32CubeIDE\plugins\com.st.stm32cube.common.mx_6.15.0.202507011659\\db\
2026-01-09 13:45:47,889 [WARN] IP:2250 - Warning not found: check if there is a RefParameter without a condition.
2026-01-09 13:45:47,889 [WARN] IP:2250 - RxBufferAddress not found: check if there is a RefParameter without a condition.
2026-01-09 13:45:47,889 [WARN] IP:2250 - DESC_SIZE_UNIT not found: check if there is a RefParameter without a condition.
2026-01-09 13:45:48,280 [INFO] CodeEngine:265 - oldGeneratedFile, C:\Users\Chinnapop\STM32CubeIDE\workspace\UDP_Rx_test\MXTmpFiles\license.tmp_save
2026-01-09 13:45:49,095 [INFO] CodeEngine:289 - Generated code: C:\Users\Chinnapop\STM32CubeIDE\workspace\UDP_Rx_test\MXTmpFiles\license.tmp
2026-01-09 13:45:49,426 [INFO] CodeEngine:265 - oldGeneratedFile, C:\Users\Chinnapop\STM32CubeIDE\workspace\UDP_Rx_test\MXTmpFiles\gpio.tmp_save
2026-01-09 13:45:49,787 [INFO] CodeEngine:289 - Generated code: C:\Users\Chinnapop\STM32CubeIDE\workspace\UDP_Rx_test\MXTmpFiles\gpio.tmp
2026-01-09 13:45:50,779 [WARN] IPConfigManager:3238 - Warning: the RefConfig PWREx_EnableUSBVoltageDetector is not available in your config.xml file
2026-01-09 13:45:50,817 [INFO] CodeEngine:265 - oldGeneratedFile, C:\Users\Chinnapop\STM32CubeIDE\workspace\UDP_Rx_test\MXTmpFiles\cortex.tmp_save
2026-01-09 13:45:51,183 [INFO] CodeEngine:289 - Generated code: C:\Users\Chinnapop\STM32CubeIDE\workspace\UDP_Rx_test\MXTmpFiles\cortex.tmp
2026-01-09 13:45:51,273 [INFO] CodeEngine:265 - oldGeneratedFile, C:\Users\Chinnapop\STM32CubeIDE\workspace\UDP_Rx_test\Core\Src\stm32f7xx_it.c_save
2026-01-09 13:45:51,732 [INFO] CodeEngine:289 - Generated code: C:\Users\Chinnapop\STM32CubeIDE\workspace\UDP_Rx_test\Core\Src\stm32f7xx_it.c
2026-01-09 13:45:51,783 [INFO] CodeEngine:265 - oldGeneratedFile, C:\Users\Chinnapop\STM32CubeIDE\workspace\UDP_Rx_test\Core\Inc\stm32f7xx_it.h_save
2026-01-09 13:45:51,984 [INFO] CodeEngine:289 - Generated code: C:\Users\Chinnapop\STM32CubeIDE\workspace\UDP_Rx_test\Core\Inc\stm32f7xx_it.h
2026-01-09 13:45:52,081 [INFO] CodeEngine:265 - oldGeneratedFile, C:\Users\Chinnapop\STM32CubeIDE\workspace\UDP_Rx_test\Core\Src\stm32f7xx_hal_msp.c_save
2026-01-09 13:45:52,521 [INFO] CodeEngine:289 - Generated code: C:\Users\Chinnapop\STM32CubeIDE\workspace\UDP_Rx_test\Core\Src\stm32f7xx_hal_msp.c
2026-01-09 13:45:52,556 [INFO] CodeEngine:265 - oldGeneratedFile, C:\Users\Chinnapop\STM32CubeIDE\workspace\UDP_Rx_test\MXTmpFiles\system.tmp_save
2026-01-09 13:45:52,644 [INFO] CodeEngine:289 - Generated code: C:\Users\Chinnapop\STM32CubeIDE\workspace\UDP_Rx_test\MXTmpFiles\system.tmp
2026-01-09 13:45:52,690 [INFO] CodeEngine:321 - oldGeneratedFile, C:\Users\Chinnapop\STM32CubeIDE\workspace\UDP_Rx_test\Core\Inc\stm32f7xx_hal_conf.h_save
2026-01-09 13:45:52,935 [INFO] CodeEngine:345 - Generated code: C:\Users\Chinnapop\STM32CubeIDE\workspace\UDP_Rx_test\Core\Inc\stm32f7xx_hal_conf.h
2026-01-09 13:45:53,105 [INFO] ApiDbMcu:532 - Load IP Config File for ETH
2026-01-09 13:45:53,115 [INFO] ApiDbMcu:532 - Load IP Config File for USART3
2026-01-09 13:45:53,119 [INFO] ApiDbMcu:532 - Load IP Config File for USB_OTG_FS
2026-01-09 13:45:53,127 [INFO] ApiDbMcu:532 - Load IP Config File for RCC
2026-01-09 13:45:53,135 [WARN] IPConfigManager:3811 - IP not found : USB_OTG
2026-01-09 13:45:53,138 [WARN] CodeGenerator:4259 - IP not found : null
2026-01-09 13:45:53,154 [INFO] CodeEngine:265 - oldGeneratedFile, C:\Users\Chinnapop\STM32CubeIDE\workspace\UDP_Rx_test\Core\Inc\main.h_save
2026-01-09 13:45:53,693 [INFO] CodeEngine:289 - Generated code: C:\Users\Chinnapop\STM32CubeIDE\workspace\UDP_Rx_test\Core\Inc\main.h
2026-01-09 13:45:53,745 [INFO] CodeEngine:265 - oldGeneratedFile, C:\Users\Chinnapop\STM32CubeIDE\workspace\UDP_Rx_test\Core\Src\main.c_save
2026-01-09 13:45:54,210 [INFO] CodeEngine:289 - Generated code: C:\Users\Chinnapop\STM32CubeIDE\workspace\UDP_Rx_test\Core\Src\main.c
2026-01-09 13:45:55,623 [INFO] ProjectBuilder:3606 - Time for Copy HAL[1] : 635mS.
2026-01-09 13:45:55,640 [INFO] ProjectBuilder:5216 - Project Generator version: 4.7.0-B52
2026-01-09 13:45:55,865 [INFO] ConfigFileManager:1595 - The Die is : DIE451
2026-01-09 13:45:55,904 [INFO] ApiDbMcu:532 - Load IP Config File for FATFS
2026-01-09 13:45:55,937 [INFO] ApiDbMcu:532 - Load IP Config File for FREERTOS
2026-01-09 13:45:55,975 [INFO] ApiDbMcu:532 - Load IP Config File for LIBJPEG
2026-01-09 13:45:56,013 [INFO] ApiDbMcu:532 - Load IP Config File for LWIP
2026-01-09 13:45:56,042 [INFO] ApiDbMcu:532 - Load IP Config File for MBEDTLS
2026-01-09 13:45:56,076 [INFO] ApiDbMcu:532 - Load IP Config File for USB_DEVICE
2026-01-09 13:45:56,116 [INFO] ApiDbMcu:532 - Load IP Config File for USB_HOST
2026-01-09 13:45:58,394 [INFO] LogOutputStream:77 - [STDOUT_REDIRECT] 
2026-01-09 13:46:06,510 [INFO] ProjectBuilder:5496 - Time for Generating toolchain IDE Files: 10869mS.
2026-01-09 13:46:06,516 [INFO] ProjectBuilder:3463 - Time for Copy CMSIS : 2mS.
2026-01-09 13:46:06,528 [INFO] ProjectBuilder:3463 - Time for Copy CMSIS : 1mS.
2026-01-09 13:46:08,310 [INFO] McuFinderGlobals:76 - Set McuFinderConnectedMode to true
2026-01-09 13:46:08,315 [INFO] ApiDb:448 - Save user favorites file C:\Users\Chinnapop/.stm32cubeide/favorites.mcus.txt: 0 item(s)
2026-01-09 13:46:08,316 [INFO] ApiDb:452 - User favorites MCUs=[]
2026-01-09 13:46:08,319 [INFO] ApiDb:448 - Save user favorites file C:\Users\Chinnapop/.stm32cubeide/favorites.boards.txt: 0 item(s)
2026-01-09 13:46:08,319 [INFO] ApiDb:452 - User favorites Boards=[]
2026-01-09 13:48:10,105 [WARN] IP:2250 - Warning not found: check if there is a RefParameter without a condition.
2026-01-09 13:48:10,105 [WARN] IP:2250 - RxBufferAddress not found: check if there is a RefParameter without a condition.
2026-01-09 13:48:10,105 [WARN] IP:2250 - DESC_SIZE_UNIT not found: check if there is a RefParameter without a condition.
2026-01-09 13:48:10,105 [WARN] IP:2250 - Warning not found: check if there is a RefParameter without a condition.
2026-01-09 13:48:10,105 [WARN] IP:2250 - RxBufferAddress not found: check if there is a RefParameter without a condition.
2026-01-09 13:48:10,105 [WARN] IP:2250 - DESC_SIZE_UNIT not found: check if there is a RefParameter without a condition.
2026-01-09 13:48:49,080 [INFO] NvicIntPanel:101 - NVIC parent = com.st.microxplorer.plugins.ip.nvic.MultiNvicIntPanel[,0,0,450x204,layout=javax.swing.BoxLayout,alignmentX=0.0,alignmentY=0.0,border=,flags=9,maximumSize=,minimumSize=,preferredSize=]
2026-01-09 13:48:50,885 [WARN] IP:2250 - Warning not found: check if there is a RefParameter without a condition.
2026-01-09 13:48:50,885 [WARN] IP:2250 - RxBufferAddress not found: check if there is a RefParameter without a condition.
2026-01-09 13:48:50,885 [WARN] IP:2250 - DESC_SIZE_UNIT not found: check if there is a RefParameter without a condition.
2026-01-09 13:48:50,910 [INFO] NvicIntPanel:101 - NVIC parent = com.st.microxplorer.plugins.ip.nvic.MultiNvicIntPanel[,0,0,0x0,invalid,layout=javax.swing.BoxLayout,alignmentX=0.0,alignmentY=0.0,border=,flags=9,maximumSize=,minimumSize=,preferredSize=]
2026-01-09 13:48:51,448 [INFO] NvicIntPanel:101 - NVIC parent = com.st.microxplorer.plugins.ip.nvic.MultiNvicIntPanel[,0,0,0x0,invalid,layout=javax.swing.BoxLayout,alignmentX=0.0,alignmentY=0.0,border=,flags=9,maximumSize=,minimumSize=,preferredSize=]
2026-01-09 13:48:51,556 [INFO] NvicIntPanel:101 - NVIC parent = com.st.microxplorer.plugins.ip.nvic.MultiNvicIntPanel[,0,0,0x0,invalid,layout=javax.swing.BoxLayout,alignmentX=0.0,alignmentY=0.0,border=,flags=9,maximumSize=,minimumSize=,preferredSize=]
2026-01-09 13:48:51,911 [WARN] IP:2250 - Warning not found: check if there is a RefParameter without a condition.
2026-01-09 13:48:51,911 [WARN] IP:2250 - RxBufferAddress not found: check if there is a RefParameter without a condition.
2026-01-09 13:48:51,911 [WARN] IP:2250 - DESC_SIZE_UNIT not found: check if there is a RefParameter without a condition.
2026-01-09 13:48:51,930 [WARN] IP:2250 - Warning not found: check if there is a RefParameter without a condition.
2026-01-09 13:48:51,931 [WARN] IP:2250 - RxBufferAddress not found: check if there is a RefParameter without a condition.
2026-01-09 13:48:51,931 [WARN] IP:2250 - DESC_SIZE_UNIT not found: check if there is a RefParameter without a condition.
2026-01-09 13:48:51,947 [WARN] IP:2250 - Warning not found: check if there is a RefParameter without a condition.
2026-01-09 13:48:51,948 [WARN] IP:2250 - RxBufferAddress not found: check if there is a RefParameter without a condition.
2026-01-09 13:48:51,948 [WARN] IP:2250 - DESC_SIZE_UNIT not found: check if there is a RefParameter without a condition.
2026-01-09 14:03:32,720 [WARN] IP:2250 - Warning not found: check if there is a RefParameter without a condition.
2026-01-09 14:03:32,721 [WARN] IP:2250 - RxBufferAddress not found: check if there is a RefParameter without a condition.
2026-01-09 14:03:32,721 [WARN] IP:2250 - DESC_SIZE_UNIT not found: check if there is a RefParameter without a condition.
2026-01-09 14:03:32,721 [WARN] IP:2250 - Warning not found: check if there is a RefParameter without a condition.
2026-01-09 14:03:32,721 [WARN] IP:2250 - RxBufferAddress not found: check if there is a RefParameter without a condition.
2026-01-09 14:03:32,721 [WARN] IP:2250 - DESC_SIZE_UNIT not found: check if there is a RefParameter without a condition.
2026-01-09 14:03:36,094 [INFO] UtilMem:75 - End SaveConfig() Used Memory: 795165672 Bytes (1073741824)
2026-01-09 14:03:37,333 [INFO] UtilMem:75 - End SaveConfig() Used Memory: 942488552 Bytes (1073741824)
2026-01-09 14:03:37,995 [INFO] BlockDiagram:2775 - set Specific Code input for plugin: SYS
2026-01-09 14:03:37,995 [INFO] BlockDiagram:2775 - set Specific Code input for plugin: RCC
2026-01-09 14:03:37,995 [INFO] BlockDiagram:2775 - set Specific Code input for plugin: NVIC
2026-01-09 14:03:37,995 [INFO] BlockDiagram:2775 - set Specific Code input for plugin: GPIO
2026-01-09 14:03:37,995 [INFO] BlockDiagram:2775 - set Specific Code input for plugin: ETH
2026-01-09 14:03:37,996 [INFO] CodeGenerator:892 - code generatio: config db path: C:\ST\STM32CubeIDE_1.16.1\STM32CubeIDE\plugins\com.st.stm32cube.common.mx_6.15.0.202507011659\\db\
2026-01-09 14:03:37,998 [WARN] IP:2250 - Warning not found: check if there is a RefParameter without a condition.
2026-01-09 14:03:37,998 [WARN] IP:2250 - RxBufferAddress not found: check if there is a RefParameter without a condition.
2026-01-09 14:03:37,998 [WARN] IP:2250 - DESC_SIZE_UNIT not found: check if there is a RefParameter without a condition.
2026-01-09 14:03:38,224 [INFO] CodeEngine:265 - oldGeneratedFile, C:\Users\Chinnapop\STM32CubeIDE\workspace\UDP_Rx_test\MXTmpFiles\license.tmp_save
2026-01-09 14:03:38,626 [INFO] CodeEngine:289 - Generated code: C:\Users\Chinnapop\STM32CubeIDE\workspace\UDP_Rx_test\MXTmpFiles\license.tmp
2026-01-09 14:03:38,662 [INFO] CodeEngine:265 - oldGeneratedFile, C:\Users\Chinnapop\STM32CubeIDE\workspace\UDP_Rx_test\MXTmpFiles\gpio.tmp_save
2026-01-09 14:03:38,873 [INFO] CodeEngine:289 - Generated code: C:\Users\Chinnapop\STM32CubeIDE\workspace\UDP_Rx_test\MXTmpFiles\gpio.tmp
2026-01-09 14:03:38,966 [INFO] CodeEngine:265 - oldGeneratedFile, C:\Users\Chinnapop\STM32CubeIDE\workspace\UDP_Rx_test\MXTmpFiles\cortex.tmp_save
2026-01-09 14:03:39,121 [INFO] CodeEngine:289 - Generated code: C:\Users\Chinnapop\STM32CubeIDE\workspace\UDP_Rx_test\MXTmpFiles\cortex.tmp
2026-01-09 14:03:39,141 [INFO] CodeEngine:265 - oldGeneratedFile, C:\Users\Chinnapop\STM32CubeIDE\workspace\UDP_Rx_test\Core\Src\stm32f7xx_it.c_save
2026-01-09 14:03:39,529 [INFO] CodeEngine:289 - Generated code: C:\Users\Chinnapop\STM32CubeIDE\workspace\UDP_Rx_test\Core\Src\stm32f7xx_it.c
2026-01-09 14:03:39,536 [INFO] CodeEngine:265 - oldGeneratedFile, C:\Users\Chinnapop\STM32CubeIDE\workspace\UDP_Rx_test\Core\Inc\stm32f7xx_it.h_save
2026-01-09 14:03:39,657 [INFO] CodeEngine:289 - Generated code: C:\Users\Chinnapop\STM32CubeIDE\workspace\UDP_Rx_test\Core\Inc\stm32f7xx_it.h
2026-01-09 14:03:39,680 [INFO] CodeEngine:265 - oldGeneratedFile, C:\Users\Chinnapop\STM32CubeIDE\workspace\UDP_Rx_test\Core\Src\stm32f7xx_hal_msp.c_save
2026-01-09 14:03:39,916 [INFO] CodeEngine:289 - Generated code: C:\Users\Chinnapop\STM32CubeIDE\workspace\UDP_Rx_test\Core\Src\stm32f7xx_hal_msp.c
2026-01-09 14:03:39,921 [INFO] CodeEngine:265 - oldGeneratedFile, C:\Users\Chinnapop\STM32CubeIDE\workspace\UDP_Rx_test\MXTmpFiles\system.tmp_save
2026-01-09 14:03:39,984 [INFO] CodeEngine:289 - Generated code: C:\Users\Chinnapop\STM32CubeIDE\workspace\UDP_Rx_test\MXTmpFiles\system.tmp
2026-01-09 14:03:39,998 [INFO] CodeEngine:321 - oldGeneratedFile, C:\Users\Chinnapop\STM32CubeIDE\workspace\UDP_Rx_test\Core\Inc\stm32f7xx_hal_conf.h_save
2026-01-09 14:03:40,200 [INFO] CodeEngine:345 - Generated code: C:\Users\Chinnapop\STM32CubeIDE\workspace\UDP_Rx_test\Core\Inc\stm32f7xx_hal_conf.h
2026-01-09 14:03:40,252 [INFO] CodeEngine:265 - oldGeneratedFile, C:\Users\Chinnapop\STM32CubeIDE\workspace\UDP_Rx_test\Core\Inc\main.h_save
2026-01-09 14:03:40,462 [INFO] CodeEngine:289 - Generated code: C:\Users\Chinnapop\STM32CubeIDE\workspace\UDP_Rx_test\Core\Inc\main.h
2026-01-09 14:03:40,468 [INFO] CodeEngine:265 - oldGeneratedFile, C:\Users\Chinnapop\STM32CubeIDE\workspace\UDP_Rx_test\Core\Src\main.c_save
2026-01-09 14:03:40,616 [INFO] CodeEngine:289 - Generated code: C:\Users\Chinnapop\STM32CubeIDE\workspace\UDP_Rx_test\Core\Src\main.c
2026-01-09 14:03:41,009 [INFO] ProjectBuilder:3606 - Time for Copy HAL[1] : 233mS.
2026-01-09 14:03:41,018 [INFO] ProjectBuilder:5216 - Project Generator version: 4.7.0-B52
2026-01-09 14:03:41,220 [INFO] ConfigFileManager:1595 - The Die is : DIE451
2026-01-09 14:03:43,176 [INFO] ProjectBuilder:5496 - Time for Generating toolchain IDE Files: 2158mS.
2026-01-09 14:03:43,178 [INFO] ProjectBuilder:3463 - Time for Copy CMSIS : 0mS.
2026-01-09 14:03:43,179 [INFO] ProjectBuilder:3463 - Time for Copy CMSIS : 0mS.
2026-01-09 14:05:13,620 [WARN] BspModel:444 - BSP dependency skipped because of component: name='USER_PHY', api='BSP_COMPONENT_DRIVER'
2026-01-09 14:05:13,862 [WARN] BspModel:444 - BSP dependency skipped because of component: name='USER_PHY', api='BSP_COMPONENT_DRIVER'
2026-01-09 14:05:13,872 [WARN] IP:2250 - CMSIS_VERSION not found: check if there is a RefParameter without a condition.
2026-01-09 14:05:13,876 [WARN] IP:2250 - LWIP_NETIF_HOSTNAME_NAME not found: check if there is a RefParameter without a condition.
2026-01-09 14:05:13,938 [WARN] IP:2250 - CMSIS_VERSION not found: check if there is a RefParameter without a condition.
2026-01-09 14:05:13,941 [WARN] IP:2250 - LWIP_NETIF_HOSTNAME_NAME not found: check if there is a RefParameter without a condition.
2026-01-09 14:05:14,055 [WARN] IP:2250 - Warning not found: check if there is a RefParameter without a condition.
2026-01-09 14:05:14,055 [WARN] IP:2250 - RxBufferAddress not found: check if there is a RefParameter without a condition.
2026-01-09 14:05:14,055 [WARN] IP:2250 - DESC_SIZE_UNIT not found: check if there is a RefParameter without a condition.
2026-01-09 14:05:14,056 [WARN] IP:2250 - Warning not found: check if there is a RefParameter without a condition.
2026-01-09 14:05:14,056 [WARN] IP:2250 - RxBufferAddress not found: check if there is a RefParameter without a condition.
2026-01-09 14:05:14,056 [WARN] IP:2250 - DESC_SIZE_UNIT not found: check if there is a RefParameter without a condition.
2026-01-09 14:05:14,254 [WARN] IP:2250 - CMSIS_VERSION not found: check if there is a RefParameter without a condition.
2026-01-09 14:05:14,258 [WARN] IP:2250 - LWIP_NETIF_HOSTNAME_NAME not found: check if there is a RefParameter without a condition.
2026-01-09 14:05:23,719 [WARN] IP:2250 - CMSIS_VERSION not found: check if there is a RefParameter without a condition.
2026-01-09 14:05:23,725 [WARN] IP:2250 - LWIP_NETIF_HOSTNAME_NAME not found: check if there is a RefParameter without a condition.
2026-01-09 14:13:54,021 [WARN] BspModel:444 - BSP dependency skipped because of component: name='USER_PHY', api='BSP_COMPONENT_DRIVER'
2026-01-09 14:13:54,026 [WARN] IP:2250 - CMSIS_VERSION not found: check if there is a RefParameter without a condition.
2026-01-09 14:13:54,029 [WARN] IP:2250 - LWIP_NETIF_HOSTNAME_NAME not found: check if there is a RefParameter without a condition.
2026-01-09 14:13:54,061 [WARN] IP:2250 - CMSIS_VERSION not found: check if there is a RefParameter without a condition.
2026-01-09 14:13:54,072 [WARN] IP:2250 - LWIP_NETIF_HOSTNAME_NAME not found: check if there is a RefParameter without a condition.
2026-01-09 14:13:54,136 [WARN] IP:2250 - CMSIS_VERSION not found: check if there is a RefParameter without a condition.
2026-01-09 14:13:54,138 [WARN] IP:2250 - LWIP_NETIF_HOSTNAME_NAME not found: check if there is a RefParameter without a condition.
2026-01-09 14:13:56,103 [INFO] BspModel:204 - createCodeInput : Driver_PHY Template : 6 IPName :  IPMode :  Component : LAN8742 Solution : LAN8742 InstanceName : 
2026-01-09 14:13:56,106 [WARN] BspModel:444 - BSP dependency skipped because of component: name='USER_PHY', api='BSP_COMPONENT_DRIVER'
2026-01-09 14:13:56,112 [WARN] IP:2250 - CMSIS_VERSION not found: check if there is a RefParameter without a condition.
2026-01-09 14:13:56,116 [WARN] IP:2250 - LWIP_NETIF_HOSTNAME_NAME not found: check if there is a RefParameter without a condition.
2026-01-09 14:13:56,142 [WARN] IP:2250 - CMSIS_VERSION not found: check if there is a RefParameter without a condition.
2026-01-09 14:13:56,144 [WARN] IP:2250 - LWIP_NETIF_HOSTNAME_NAME not found: check if there is a RefParameter without a condition.
2026-01-09 14:13:56,196 [WARN] IP:2250 - CMSIS_VERSION not found: check if there is a RefParameter without a condition.
2026-01-09 14:13:56,204 [WARN] IP:2250 - LWIP_NETIF_HOSTNAME_NAME not found: check if there is a RefParameter without a condition.
2026-01-09 14:14:02,365 [WARN] IP:2250 - CMSIS_VERSION not found: check if there is a RefParameter without a condition.
2026-01-09 14:14:02,369 [WARN] IP:2250 - LWIP_NETIF_HOSTNAME_NAME not found: check if there is a RefParameter without a condition.
2026-01-09 14:14:04,283 [WARN] IP:2250 - CMSIS_VERSION not found: check if there is a RefParameter without a condition.
2026-01-09 14:14:04,288 [WARN] IP:2250 - LWIP_NETIF_HOSTNAME_NAME not found: check if there is a RefParameter without a condition.
2026-01-09 14:14:05,242 [WARN] IP:2250 - CMSIS_VERSION not found: check if there is a RefParameter without a condition.
2026-01-09 14:14:05,245 [WARN] IP:2250 - LWIP_NETIF_HOSTNAME_NAME not found: check if there is a RefParameter without a condition.
2026-01-09 14:14:23,968 [WARN] IP:2250 - CMSIS_VERSION not found: check if there is a RefParameter without a condition.
2026-01-09 14:14:23,970 [WARN] IP:2250 - LWIP_NETIF_HOSTNAME_NAME not found: check if there is a RefParameter without a condition.
2026-01-09 14:14:26,637 [WARN] IP:2250 - CMSIS_VERSION not found: check if there is a RefParameter without a condition.
2026-01-09 14:14:26,641 [WARN] IP:2250 - LWIP_NETIF_HOSTNAME_NAME not found: check if there is a RefParameter without a condition.
2026-01-09 14:14:30,869 [WARN] IP:2250 - CMSIS_VERSION not found: check if there is a RefParameter without a condition.
2026-01-09 14:14:30,873 [WARN] IP:2250 - LWIP_NETIF_HOSTNAME_NAME not found: check if there is a RefParameter without a condition.
2026-01-09 14:14:31,437 [WARN] IP:2250 - CMSIS_VERSION not found: check if there is a RefParameter without a condition.
2026-01-09 14:14:31,440 [WARN] IP:2250 - LWIP_NETIF_HOSTNAME_NAME not found: check if there is a RefParameter without a condition.
2026-01-09 14:14:34,459 [WARN] BspModel:444 - BSP dependency skipped because of component: name='USER_PHY', api='BSP_COMPONENT_DRIVER'
2026-01-09 14:14:34,466 [WARN] IP:2250 - CMSIS_VERSION not found: check if there is a RefParameter without a condition.
2026-01-09 14:14:34,468 [WARN] IP:2250 - LWIP_NETIF_HOSTNAME_NAME not found: check if there is a RefParameter without a condition.
2026-01-09 14:14:34,485 [WARN] IP:2250 - CMSIS_VERSION not found: check if there is a RefParameter without a condition.
2026-01-09 14:14:34,487 [WARN] IP:2250 - LWIP_NETIF_HOSTNAME_NAME not found: check if there is a RefParameter without a condition.
2026-01-09 14:14:34,510 [WARN] IP:2250 - Warning not found: check if there is a RefParameter without a condition.
2026-01-09 14:14:34,510 [WARN] IP:2250 - RxBufferAddress not found: check if there is a RefParameter without a condition.
2026-01-09 14:14:34,510 [WARN] IP:2250 - DESC_SIZE_UNIT not found: check if there is a RefParameter without a condition.
2026-01-09 14:14:34,510 [WARN] IP:2250 - Warning not found: check if there is a RefParameter without a condition.
2026-01-09 14:14:34,510 [WARN] IP:2250 - RxBufferAddress not found: check if there is a RefParameter without a condition.
2026-01-09 14:14:34,510 [WARN] IP:2250 - DESC_SIZE_UNIT not found: check if there is a RefParameter without a condition.
2026-01-09 14:14:34,630 [WARN] IP:2250 - CMSIS_VERSION not found: check if there is a RefParameter without a condition.
2026-01-09 14:14:34,632 [WARN] IP:2250 - LWIP_NETIF_HOSTNAME_NAME not found: check if there is a RefParameter without a condition.
2026-01-09 14:15:00,150 [WARN] IP:2250 - CMSIS_VERSION not found: check if there is a RefParameter without a condition.
2026-01-09 14:15:00,154 [WARN] IP:2250 - LWIP_NETIF_HOSTNAME_NAME not found: check if there is a RefParameter without a condition.
2026-01-09 14:15:05,534 [INFO] WebApp:194 - Connection lost
2026-01-09 14:15:05,783 [INFO] WebApp:191 - Connection restablished
2026-01-09 14:15:28,193 [WARN] IP:2250 - CMSIS_VERSION not found: check if there is a RefParameter without a condition.
2026-01-09 14:15:28,200 [WARN] IP:2250 - LWIP_NETIF_HOSTNAME_NAME not found: check if there is a RefParameter without a condition.
2026-01-09 14:15:28,913 [WARN] IP:2250 - CMSIS_VERSION not found: check if there is a RefParameter without a condition.
2026-01-09 14:15:28,917 [WARN] IP:2250 - LWIP_NETIF_HOSTNAME_NAME not found: check if there is a RefParameter without a condition.
2026-01-09 14:15:31,335 [WARN] BspModel:444 - BSP dependency skipped because of component: name='USER_PHY', api='BSP_COMPONENT_DRIVER'
2026-01-09 14:15:31,339 [WARN] IP:2250 - CMSIS_VERSION not found: check if there is a RefParameter without a condition.
2026-01-09 14:15:31,341 [WARN] IP:2250 - LWIP_NETIF_HOSTNAME_NAME not found: check if there is a RefParameter without a condition.
2026-01-09 14:15:31,365 [WARN] IP:2250 - CMSIS_VERSION not found: check if there is a RefParameter without a condition.
2026-01-09 14:15:31,369 [WARN] IP:2250 - LWIP_NETIF_HOSTNAME_NAME not found: check if there is a RefParameter without a condition.
2026-01-09 14:15:31,394 [WARN] IP:2250 - Warning not found: check if there is a RefParameter without a condition.
2026-01-09 14:15:31,394 [WARN] IP:2250 - RxBufferAddress not found: check if there is a RefParameter without a condition.
2026-01-09 14:15:31,394 [WARN] IP:2250 - DESC_SIZE_UNIT not found: check if there is a RefParameter without a condition.
2026-01-09 14:15:31,394 [WARN] IP:2250 - Warning not found: check if there is a RefParameter without a condition.
2026-01-09 14:15:31,394 [WARN] IP:2250 - RxBufferAddress not found: check if there is a RefParameter without a condition.
2026-01-09 14:15:31,394 [WARN] IP:2250 - DESC_SIZE_UNIT not found: check if there is a RefParameter without a condition.
2026-01-09 14:15:31,439 [WARN] IP:2250 - CMSIS_VERSION not found: check if there is a RefParameter without a condition.
2026-01-09 14:15:31,441 [WARN] IP:2250 - LWIP_NETIF_HOSTNAME_NAME not found: check if there is a RefParameter without a condition.
2026-01-09 14:15:32,985 [WARN] IP:2250 - CMSIS_VERSION not found: check if there is a RefParameter without a condition.
2026-01-09 14:15:32,989 [WARN] IP:2250 - LWIP_NETIF_HOSTNAME_NAME not found: check if there is a RefParameter without a condition.
2026-01-09 14:15:39,411 [WARN] IP:2250 - CMSIS_VERSION not found: check if there is a RefParameter without a condition.
2026-01-09 14:15:39,414 [WARN] IP:2250 - LWIP_NETIF_HOSTNAME_NAME not found: check if there is a RefParameter without a condition.
2026-01-09 14:15:42,214 [WARN] IP:2250 - CMSIS_VERSION not found: check if there is a RefParameter without a condition.
2026-01-09 14:15:42,218 [WARN] IP:2250 - LWIP_NETIF_HOSTNAME_NAME not found: check if there is a RefParameter without a condition.
2026-01-09 14:15:42,274 [WARN] IP:2250 - CMSIS_VERSION not found: check if there is a RefParameter without a condition.
2026-01-09 14:15:42,278 [WARN] IP:2250 - LWIP_NETIF_HOSTNAME_NAME not found: check if there is a RefParameter without a condition.
2026-01-09 14:15:58,256 [WARN] IP:2250 - CMSIS_VERSION not found: check if there is a RefParameter without a condition.
2026-01-09 14:15:58,260 [WARN] IP:2250 - LWIP_NETIF_HOSTNAME_NAME not found: check if there is a RefParameter without a condition.
2026-01-09 14:15:58,315 [WARN] IP:2250 - CMSIS_VERSION not found: check if there is a RefParameter without a condition.
2026-01-09 14:15:58,316 [WARN] IP:2250 - LWIP_NETIF_HOSTNAME_NAME not found: check if there is a RefParameter without a condition.
2026-01-09 14:15:59,195 [WARN] IP:2250 - CMSIS_VERSION not found: check if there is a RefParameter without a condition.
2026-01-09 14:15:59,200 [WARN] IP:2250 - LWIP_NETIF_HOSTNAME_NAME not found: check if there is a RefParameter without a condition.
2026-01-09 14:15:59,237 [WARN] IP:2250 - CMSIS_VERSION not found: check if there is a RefParameter without a condition.
2026-01-09 14:15:59,239 [WARN] IP:2250 - LWIP_NETIF_HOSTNAME_NAME not found: check if there is a RefParameter without a condition.
2026-01-09 14:16:00,063 [WARN] IP:2250 - CMSIS_VERSION not found: check if there is a RefParameter without a condition.
2026-01-09 14:16:00,067 [WARN] IP:2250 - LWIP_NETIF_HOSTNAME_NAME not found: check if there is a RefParameter without a condition.
2026-01-09 14:16:00,125 [WARN] IP:2250 - CMSIS_VERSION not found: check if there is a RefParameter without a condition.
2026-01-09 14:16:00,129 [WARN] IP:2250 - LWIP_NETIF_HOSTNAME_NAME not found: check if there is a RefParameter without a condition.
2026-01-09 14:16:01,436 [WARN] IP:2250 - CMSIS_VERSION not found: check if there is a RefParameter without a condition.
2026-01-09 14:16:01,439 [WARN] IP:2250 - LWIP_NETIF_HOSTNAME_NAME not found: check if there is a RefParameter without a condition.
2026-01-09 14:16:01,478 [WARN] IP:2250 - CMSIS_VERSION not found: check if there is a RefParameter without a condition.
2026-01-09 14:16:01,479 [WARN] IP:2250 - LWIP_NETIF_HOSTNAME_NAME not found: check if there is a RefParameter without a condition.
2026-01-09 14:16:03,294 [WARN] IP:2250 - CMSIS_VERSION not found: check if there is a RefParameter without a condition.
2026-01-09 14:16:03,298 [WARN] IP:2250 - LWIP_NETIF_HOSTNAME_NAME not found: check if there is a RefParameter without a condition.
2026-01-09 14:16:03,349 [WARN] IP:2250 - CMSIS_VERSION not found: check if there is a RefParameter without a condition.
2026-01-09 14:16:03,352 [WARN] IP:2250 - LWIP_NETIF_HOSTNAME_NAME not found: check if there is a RefParameter without a condition.
2026-01-09 14:16:07,420 [WARN] IP:2250 - CMSIS_VERSION not found: check if there is a RefParameter without a condition.
2026-01-09 14:16:07,424 [WARN] IP:2250 - LWIP_NETIF_HOSTNAME_NAME not found: check if there is a RefParameter without a condition.
2026-01-09 14:16:07,480 [WARN] IP:2250 - CMSIS_VERSION not found: check if there is a RefParameter without a condition.
2026-01-09 14:16:07,482 [WARN] IP:2250 - LWIP_NETIF_HOSTNAME_NAME not found: check if there is a RefParameter without a condition.
2026-01-09 14:16:24,959 [WARN] IP:2250 - CMSIS_VERSION not found: check if there is a RefParameter without a condition.
2026-01-09 14:16:24,963 [WARN] IP:2250 - LWIP_NETIF_HOSTNAME_NAME not found: check if there is a RefParameter without a condition.
2026-01-09 14:16:25,013 [WARN] IP:2250 - CMSIS_VERSION not found: check if there is a RefParameter without a condition.
2026-01-09 14:16:25,017 [WARN] IP:2250 - LWIP_NETIF_HOSTNAME_NAME not found: check if there is a RefParameter without a condition.
2026-01-09 14:16:38,505 [WARN] BspModel:444 - BSP dependency skipped because of component: name='USER_PHY', api='BSP_COMPONENT_DRIVER'
2026-01-09 14:16:38,509 [WARN] IP:2250 - CMSIS_VERSION not found: check if there is a RefParameter without a condition.
2026-01-09 14:16:38,511 [WARN] IP:2250 - LWIP_NETIF_HOSTNAME_NAME not found: check if there is a RefParameter without a condition.
2026-01-09 14:16:38,527 [WARN] IP:2250 - CMSIS_VERSION not found: check if there is a RefParameter without a condition.
2026-01-09 14:16:38,529 [WARN] IP:2250 - LWIP_NETIF_HOSTNAME_NAME not found: check if there is a RefParameter without a condition.
2026-01-09 14:16:38,559 [WARN] IP:2250 - Warning not found: check if there is a RefParameter without a condition.
2026-01-09 14:16:38,560 [WARN] IP:2250 - RxBufferAddress not found: check if there is a RefParameter without a condition.
2026-01-09 14:16:38,560 [WARN] IP:2250 - DESC_SIZE_UNIT not found: check if there is a RefParameter without a condition.
2026-01-09 14:16:38,560 [WARN] IP:2250 - Warning not found: check if there is a RefParameter without a condition.
2026-01-09 14:16:38,560 [WARN] IP:2250 - RxBufferAddress not found: check if there is a RefParameter without a condition.
2026-01-09 14:16:38,560 [WARN] IP:2250 - DESC_SIZE_UNIT not found: check if there is a RefParameter without a condition.
2026-01-09 14:16:38,598 [WARN] IP:2250 - CMSIS_VERSION not found: check if there is a RefParameter without a condition.
2026-01-09 14:16:38,601 [WARN] IP:2250 - LWIP_NETIF_HOSTNAME_NAME not found: check if there is a RefParameter without a condition.
2026-01-09 14:21:12,427 [WARN] BspModel:444 - BSP dependency skipped because of component: name='USER_PHY', api='BSP_COMPONENT_DRIVER'
2026-01-09 14:21:12,432 [WARN] IP:2250 - CMSIS_VERSION not found: check if there is a RefParameter without a condition.
2026-01-09 14:21:12,434 [WARN] IP:2250 - LWIP_NETIF_HOSTNAME_NAME not found: check if there is a RefParameter without a condition.
2026-01-09 14:21:12,451 [WARN] IP:2250 - CMSIS_VERSION not found: check if there is a RefParameter without a condition.
2026-01-09 14:21:12,452 [WARN] IP:2250 - LWIP_NETIF_HOSTNAME_NAME not found: check if there is a RefParameter without a condition.
2026-01-09 14:21:12,479 [WARN] IP:2250 - Warning not found: check if there is a RefParameter without a condition.
2026-01-09 14:21:12,479 [WARN] IP:2250 - RxBufferAddress not found: check if there is a RefParameter without a condition.
2026-01-09 14:21:12,479 [WARN] IP:2250 - DESC_SIZE_UNIT not found: check if there is a RefParameter without a condition.
2026-01-09 14:21:12,479 [WARN] IP:2250 - Warning not found: check if there is a RefParameter without a condition.
2026-01-09 14:21:12,479 [WARN] IP:2250 - RxBufferAddress not found: check if there is a RefParameter without a condition.
2026-01-09 14:21:12,480 [WARN] IP:2250 - DESC_SIZE_UNIT not found: check if there is a RefParameter without a condition.
2026-01-09 14:21:12,520 [WARN] IP:2250 - CMSIS_VERSION not found: check if there is a RefParameter without a condition.
2026-01-09 14:21:12,522 [WARN] IP:2250 - LWIP_NETIF_HOSTNAME_NAME not found: check if there is a RefParameter without a condition.
2026-01-09 14:21:43,091 [WARN] BspModel:444 - BSP dependency skipped because of component: name='USER_PHY', api='BSP_COMPONENT_DRIVER'
2026-01-09 14:21:43,095 [WARN] IP:2250 - CMSIS_VERSION not found: check if there is a RefParameter without a condition.
2026-01-09 14:21:43,098 [WARN] IP:2250 - LWIP_NETIF_HOSTNAME_NAME not found: check if there is a RefParameter without a condition.
2026-01-09 14:21:43,117 [WARN] IP:2250 - CMSIS_VERSION not found: check if there is a RefParameter without a condition.
2026-01-09 14:21:43,119 [WARN] IP:2250 - LWIP_NETIF_HOSTNAME_NAME not found: check if there is a RefParameter without a condition.
2026-01-09 14:21:43,146 [WARN] IP:2250 - Warning not found: check if there is a RefParameter without a condition.
2026-01-09 14:21:43,147 [WARN] IP:2250 - RxBufferAddress not found: check if there is a RefParameter without a condition.
2026-01-09 14:21:43,147 [WARN] IP:2250 - DESC_SIZE_UNIT not found: check if there is a RefParameter without a condition.
2026-01-09 14:21:43,147 [WARN] IP:2250 - Warning not found: check if there is a RefParameter without a condition.
2026-01-09 14:21:43,147 [WARN] IP:2250 - RxBufferAddress not found: check if there is a RefParameter without a condition.
2026-01-09 14:21:43,147 [WARN] IP:2250 - DESC_SIZE_UNIT not found: check if there is a RefParameter without a condition.
2026-01-09 14:21:43,178 [WARN] IP:2250 - CMSIS_VERSION not found: check if there is a RefParameter without a condition.
2026-01-09 14:21:43,180 [WARN] IP:2250 - LWIP_NETIF_HOSTNAME_NAME not found: check if there is a RefParameter without a condition.
2026-01-09 14:22:04,359 [INFO] UtilMem:75 - End SaveConfig() Used Memory: 837170920 Bytes (1073741824)
2026-01-09 14:22:05,231 [INFO] UtilMem:75 - End SaveConfig() Used Memory: 900530120 Bytes (1073741824)
2026-01-09 14:22:05,962 [INFO] BlockDiagram:2775 - set Specific Code input for plugin: SYS
2026-01-09 14:22:05,962 [INFO] BlockDiagram:2775 - set Specific Code input for plugin: RCC
2026-01-09 14:22:05,962 [INFO] BlockDiagram:2775 - set Specific Code input for plugin: NVIC
2026-01-09 14:22:05,962 [INFO] BlockDiagram:2775 - set Specific Code input for plugin: LWIP
2026-01-09 14:22:05,963 [INFO] BlockDiagram:2775 - set Specific Code input for plugin: GPIO
2026-01-09 14:22:05,963 [INFO] BlockDiagram:2775 - set Specific Code input for plugin: ETH
2026-01-09 14:22:05,964 [INFO] CodeGenerator:892 - code generatio: config db path: C:\ST\STM32CubeIDE_1.16.1\STM32CubeIDE\plugins\com.st.stm32cube.common.mx_6.15.0.202507011659\\db\
2026-01-09 14:22:05,967 [WARN] IP:2250 - Warning not found: check if there is a RefParameter without a condition.
2026-01-09 14:22:05,969 [WARN] IP:2250 - RxBufferAddress not found: check if there is a RefParameter without a condition.
2026-01-09 14:22:05,969 [WARN] IP:2250 - DESC_SIZE_UNIT not found: check if there is a RefParameter without a condition.
2026-01-09 14:22:05,971 [WARN] IP:2250 - CMSIS_VERSION not found: check if there is a RefParameter without a condition.
2026-01-09 14:22:05,973 [WARN] IP:2250 - LWIP_NETIF_HOSTNAME_NAME not found: check if there is a RefParameter without a condition.
2026-01-09 14:22:06,270 [INFO] CodeEngine:265 - oldGeneratedFile, C:\Users\Chinnapop\STM32CubeIDE\workspace\UDP_Rx_test\MXTmpFiles\license.tmp_save
2026-01-09 14:22:06,607 [INFO] CodeEngine:289 - Generated code: C:\Users\Chinnapop\STM32CubeIDE\workspace\UDP_Rx_test\MXTmpFiles\license.tmp
2026-01-09 14:22:06,643 [INFO] CodeEngine:265 - oldGeneratedFile, C:\Users\Chinnapop\STM32CubeIDE\workspace\UDP_Rx_test\MXTmpFiles\gpio.tmp_save
2026-01-09 14:22:06,872 [INFO] CodeEngine:289 - Generated code: C:\Users\Chinnapop\STM32CubeIDE\workspace\UDP_Rx_test\MXTmpFiles\gpio.tmp
2026-01-09 14:22:06,939 [INFO] CodeEngine:265 - oldGeneratedFile, C:\Users\Chinnapop\STM32CubeIDE\workspace\UDP_Rx_test\MXTmpFiles\eth_vars.tmp_save
2026-01-09 14:22:07,122 [INFO] CodeEngine:289 - Generated code: C:\Users\Chinnapop\STM32CubeIDE\workspace\UDP_Rx_test\MXTmpFiles\eth_vars.tmp
2026-01-09 14:22:07,138 [INFO] CodeEngine:265 - oldGeneratedFile, C:\Users\Chinnapop\STM32CubeIDE\workspace\UDP_Rx_test\MXTmpFiles\eth_inc.tmp_save
2026-01-09 14:22:07,230 [INFO] CodeEngine:289 - Generated code: C:\Users\Chinnapop\STM32CubeIDE\workspace\UDP_Rx_test\MXTmpFiles\eth_inc.tmp
2026-01-09 14:22:07,247 [INFO] CodeEngine:265 - oldGeneratedFile, C:\Users\Chinnapop\STM32CubeIDE\workspace\UDP_Rx_test\MXTmpFiles\eth_HalInit.tmp_save
2026-01-09 14:22:07,390 [INFO] CodeEngine:289 - Generated code: C:\Users\Chinnapop\STM32CubeIDE\workspace\UDP_Rx_test\MXTmpFiles\eth_HalInit.tmp
2026-01-09 14:22:07,407 [INFO] CodeEngine:265 - oldGeneratedFile, C:\Users\Chinnapop\STM32CubeIDE\workspace\UDP_Rx_test\MXTmpFiles\eth_Msp.tmp_save
2026-01-09 14:22:07,550 [INFO] CodeEngine:289 - Generated code: C:\Users\Chinnapop\STM32CubeIDE\workspace\UDP_Rx_test\MXTmpFiles\eth_Msp.tmp
2026-01-09 14:22:07,790 [INFO] Middleware:1452 - No code input for Bsp Dependency
2026-01-09 14:22:07,812 [INFO] CodeEngine:265 - oldGeneratedFile, C:\Users\Chinnapop\STM32CubeIDE\workspace\UDP_Rx_test\MXTmpFiles\cortex.tmp_save
2026-01-09 14:22:07,931 [INFO] CodeEngine:289 - Generated code: C:\Users\Chinnapop\STM32CubeIDE\workspace\UDP_Rx_test\MXTmpFiles\cortex.tmp
2026-01-09 14:22:07,947 [INFO] Middleware:1452 - No code input for Bsp Dependency
2026-01-09 14:22:07,969 [INFO] CodeEngine:265 - oldGeneratedFile, C:\Users\Chinnapop\STM32CubeIDE\workspace\UDP_Rx_test\LWIP\App\lwip.c_save
2026-01-09 14:22:08,165 [INFO] CodeEngine:289 - Generated code: C:\Users\Chinnapop\STM32CubeIDE\workspace\UDP_Rx_test\LWIP\App\lwip.c
2026-01-09 14:22:08,186 [INFO] CodeEngine:265 - oldGeneratedFile, C:\Users\Chinnapop\STM32CubeIDE\workspace\UDP_Rx_test\LWIP\App\lwip.h_save
2026-01-09 14:22:08,287 [INFO] CodeEngine:289 - Generated code: C:\Users\Chinnapop\STM32CubeIDE\workspace\UDP_Rx_test\LWIP\App\lwip.h
2026-01-09 14:22:08,306 [INFO] CodeEngine:265 - oldGeneratedFile, C:\Users\Chinnapop\STM32CubeIDE\workspace\UDP_Rx_test\LWIP\Target\lwipopts.h_save
2026-01-09 14:22:08,648 [INFO] CodeEngine:289 - Generated code: C:\Users\Chinnapop\STM32CubeIDE\workspace\UDP_Rx_test\LWIP\Target\lwipopts.h
2026-01-09 14:22:08,682 [INFO] CodeEngine:265 - oldGeneratedFile, C:\Users\Chinnapop\STM32CubeIDE\workspace\UDP_Rx_test\LWIP\Target\ethernetif.c_save
2026-01-09 14:22:08,938 [INFO] CodeEngine:289 - Generated code: C:\Users\Chinnapop\STM32CubeIDE\workspace\UDP_Rx_test\LWIP\Target\ethernetif.c
2026-01-09 14:22:08,987 [INFO] CodeEngine:265 - oldGeneratedFile, C:\Users\Chinnapop\STM32CubeIDE\workspace\UDP_Rx_test\LWIP\Target\ethernetif.h_save
2026-01-09 14:22:09,252 [INFO] CodeEngine:289 - Generated code: C:\Users\Chinnapop\STM32CubeIDE\workspace\UDP_Rx_test\LWIP\Target\ethernetif.h
2026-01-09 14:22:09,310 [INFO] CodeEngine:265 - oldGeneratedFile, C:\Users\Chinnapop\STM32CubeIDE\workspace\UDP_Rx_test\Core\Src\stm32f7xx_it.c_save
2026-01-09 14:22:09,701 [INFO] CodeEngine:289 - Generated code: C:\Users\Chinnapop\STM32CubeIDE\workspace\UDP_Rx_test\Core\Src\stm32f7xx_it.c
2026-01-09 14:22:09,716 [INFO] CodeEngine:265 - oldGeneratedFile, C:\Users\Chinnapop\STM32CubeIDE\workspace\UDP_Rx_test\Core\Inc\stm32f7xx_it.h_save
2026-01-09 14:22:09,957 [INFO] CodeEngine:289 - Generated code: C:\Users\Chinnapop\STM32CubeIDE\workspace\UDP_Rx_test\Core\Inc\stm32f7xx_it.h
2026-01-09 14:22:10,015 [INFO] CodeEngine:265 - oldGeneratedFile, C:\Users\Chinnapop\STM32CubeIDE\workspace\UDP_Rx_test\Core\Src\stm32f7xx_hal_msp.c_save
2026-01-09 14:22:10,424 [INFO] CodeEngine:289 - Generated code: C:\Users\Chinnapop\STM32CubeIDE\workspace\UDP_Rx_test\Core\Src\stm32f7xx_hal_msp.c
2026-01-09 14:22:10,436 [INFO] CodeEngine:265 - oldGeneratedFile, C:\Users\Chinnapop\STM32CubeIDE\workspace\UDP_Rx_test\MXTmpFiles\system.tmp_save
2026-01-09 14:22:10,517 [INFO] CodeEngine:289 - Generated code: C:\Users\Chinnapop\STM32CubeIDE\workspace\UDP_Rx_test\MXTmpFiles\system.tmp
2026-01-09 14:22:10,532 [INFO] CodeEngine:321 - oldGeneratedFile, C:\Users\Chinnapop\STM32CubeIDE\workspace\UDP_Rx_test\Core\Inc\stm32f7xx_hal_conf.h_save
2026-01-09 14:22:10,756 [INFO] CodeEngine:345 - Generated code: C:\Users\Chinnapop\STM32CubeIDE\workspace\UDP_Rx_test\Core\Inc\stm32f7xx_hal_conf.h
2026-01-09 14:22:10,835 [INFO] CodeEngine:265 - oldGeneratedFile, C:\Users\Chinnapop\STM32CubeIDE\workspace\UDP_Rx_test\Core\Inc\main.h_save
2026-01-09 14:22:11,087 [INFO] CodeEngine:289 - Generated code: C:\Users\Chinnapop\STM32CubeIDE\workspace\UDP_Rx_test\Core\Inc\main.h
2026-01-09 14:22:11,095 [INFO] CodeEngine:265 - oldGeneratedFile, C:\Users\Chinnapop\STM32CubeIDE\workspace\UDP_Rx_test\Core\Src\main.c_save
2026-01-09 14:22:11,308 [INFO] CodeEngine:289 - Generated code: C:\Users\Chinnapop\STM32CubeIDE\workspace\UDP_Rx_test\Core\Src\main.c
2026-01-09 14:22:12,323 [INFO] ProjectBuilder:3606 - Time for Copy HAL[1] : 795mS.
2026-01-09 14:22:12,333 [INFO] ProjectBuilder:5216 - Project Generator version: 4.7.0-B52
2026-01-09 14:22:12,455 [INFO] ConfigFileManager:1595 - The Die is : DIE451
2026-01-09 14:22:14,601 [INFO] ProjectBuilder:5496 - Time for Generating toolchain IDE Files: 2269mS.
2026-01-09 14:22:14,603 [INFO] ProjectBuilder:3463 - Time for Copy CMSIS : 1mS.
2026-01-09 14:22:14,631 [INFO] ProjectBuilder:3463 - Time for Copy CMSIS : 0mS.
2026-01-09 14:45:45,541 [INFO] WebApp:194 - Connection lost
2026-01-09 14:45:45,744 [INFO] WebApp:191 - Connection restablished
2026-01-09 15:16:18,097 [INFO] WebApp:194 - Connection lost
2026-01-09 15:16:18,301 [INFO] WebApp:191 - Connection restablished
2026-01-09 15:47:16,110 [INFO] WebApp:194 - Connection lost
2026-01-09 15:47:16,299 [INFO] WebApp:191 - Connection restablished
2026-01-09 15:55:50,398 [INFO] MainUpdater:2872 - connection check result : 10
2026-01-09 15:55:50,546 [INFO] McuFinderGlobals:76 - Set McuFinderConnectedMode to true
2026-01-09 15:55:50,553 [INFO] MultiScanPanel:200 - Auto-refresh data requested => check proxy status ongoing
2026-01-09 15:55:50,554 [INFO] FinderPluginLoader:96 - Searching for filters in installed packs
2026-01-09 15:55:52,344 [INFO] LoadUrlFilesThread:185 - End of LoadServerUrlFiles without Thread
2026-01-09 15:55:52,344 [INFO] DetailPanel:341 - Set advertising image to C:/Users/Chinnapop/STM32Cube/Repository/\en.prom-stm32mp21-0126.png
2026-01-09 15:56:00,291 [INFO] MultiScanPanel:200 - Auto-refresh data requested => check proxy status ongoing
2026-01-09 15:56:00,454 [INFO] LoadUrlFilesThread:185 - End of LoadServerUrlFiles without Thread
2026-01-09 15:56:00,454 [INFO] DetailPanel:341 - Set advertising image to C:/Users/Chinnapop/STM32Cube/Repository/\en.prom-stm32mp21-0126.png
2026-01-09 15:56:02,036 [INFO] ApiDb:581 - Connected to CubeFinder SQLite database (C:\Users\Chinnapop\.stmcufinder\plugins\mcufinder\mcu\cube-finder-db.db)
2026-01-09 15:56:14,064 [INFO] BoardAction:75 - Docs & Resources
2026-01-09 15:56:23,874 [INFO] LoadUrlFilesThread:156 - End of LoadUrlFiles Thread
2026-01-09 15:57:09,282 [INFO] McuFinderGlobals:76 - Set McuFinderConnectedMode to true
2026-01-09 15:57:09,288 [INFO] ApiDb:448 - Save user favorites file C:\Users\Chinnapop/.stm32cubeide/favorites.mcus.txt: 0 item(s)
2026-01-09 15:57:09,288 [INFO] ApiDb:452 - User favorites MCUs=[]
2026-01-09 15:57:09,292 [INFO] ApiDb:448 - Save user favorites file C:\Users\Chinnapop/.stm32cubeide/favorites.boards.txt: 0 item(s)
2026-01-09 15:57:09,293 [INFO] ApiDb:452 - User favorites Boards=[]
2026-01-09 15:57:40,739 [INFO] MainUpdater:2872 - connection check result : 10
2026-01-09 15:57:40,906 [INFO] McuFinderGlobals:76 - Set McuFinderConnectedMode to true
2026-01-09 15:57:40,909 [INFO] MultiScanPanel:200 - Auto-refresh data requested => check proxy status ongoing
2026-01-09 15:57:40,911 [INFO] FinderPluginLoader:96 - Searching for filters in installed packs
2026-01-09 15:57:41,749 [INFO] LoadUrlFilesThread:185 - End of LoadServerUrlFiles without Thread
2026-01-09 15:57:41,750 [INFO] DetailPanel:341 - Set advertising image to C:/Users/Chinnapop/STM32Cube/Repository/\en.prom-stm32mp21-0126.png
2026-01-09 15:57:49,735 [INFO] MultiScanPanel:200 - Auto-refresh data requested => check proxy status ongoing
2026-01-09 15:57:49,799 [INFO] LoadUrlFilesThread:185 - End of LoadServerUrlFiles without Thread
2026-01-09 15:57:49,800 [INFO] DetailPanel:341 - Set advertising image to C:/Users/Chinnapop/STM32Cube/Repository/\en.prom-stm32mp21-0126.png
2026-01-09 15:58:08,208 [INFO] LoadUrlFilesThread:156 - End of LoadUrlFiles Thread
2026-01-09 15:58:08,249 [INFO] BoardAction:139 - Datasheet
2026-01-09 15:58:10,019 [INFO] BoardAction:75 - Docs & Resources
2026-01-09 15:58:19,066 [INFO] ServerAccessManage:452 - Complete download http(s) 200
2026-01-09 15:58:19,066 [INFO] ServerAccessManage:509 - Download File 19247.pdf
2026-01-09 15:58:19,662 [INFO] LoadUrlFilesThread:156 - End of LoadUrlFiles Thread
2026-01-09 15:58:32,296 [INFO] McuFinderGlobals:76 - Set McuFinderConnectedMode to true
2026-01-09 15:58:32,301 [INFO] ApiDb:448 - Save user favorites file C:\Users\Chinnapop/.stm32cubeide/favorites.mcus.txt: 0 item(s)
2026-01-09 15:58:32,301 [INFO] ApiDb:452 - User favorites MCUs=[]
2026-01-09 15:58:32,303 [INFO] ApiDb:448 - Save user favorites file C:\Users\Chinnapop/.stm32cubeide/favorites.boards.txt: 0 item(s)
2026-01-09 15:58:32,303 [INFO] ApiDb:452 - User favorites Boards=[]
2026-01-09 16:09:21,544 [WARN] BspModel:444 - BSP dependency skipped because of component: name='USER_PHY', api='BSP_COMPONENT_DRIVER'
2026-01-09 16:09:21,574 [WARN] IP:2250 - CMSIS_VERSION not found: check if there is a RefParameter without a condition.
2026-01-09 16:09:21,591 [WARN] IP:2250 - LWIP_NETIF_HOSTNAME_NAME not found: check if there is a RefParameter without a condition.
2026-01-09 16:09:21,662 [WARN] IP:2250 - CMSIS_VERSION not found: check if there is a RefParameter without a condition.
2026-01-09 16:09:21,669 [WARN] IP:2250 - LWIP_NETIF_HOSTNAME_NAME not found: check if there is a RefParameter without a condition.
2026-01-09 16:09:21,787 [WARN] IP:2250 - Warning not found: check if there is a RefParameter without a condition.
2026-01-09 16:09:21,787 [WARN] IP:2250 - RxBufferAddress not found: check if there is a RefParameter without a condition.
2026-01-09 16:09:21,787 [WARN] IP:2250 - DESC_SIZE_UNIT not found: check if there is a RefParameter without a condition.
2026-01-09 16:09:21,789 [WARN] IP:2250 - Warning not found: check if there is a RefParameter without a condition.
2026-01-09 16:09:21,790 [WARN] IP:2250 - RxBufferAddress not found: check if there is a RefParameter without a condition.
2026-01-09 16:09:21,790 [WARN] IP:2250 - DESC_SIZE_UNIT not found: check if there is a RefParameter without a condition.
2026-01-09 16:09:22,131 [WARN] IP:2250 - CMSIS_VERSION not found: check if there is a RefParameter without a condition.
2026-01-09 16:09:22,142 [WARN] IP:2250 - LWIP_NETIF_HOSTNAME_NAME not found: check if there is a RefParameter without a condition.
2026-01-09 16:09:32,977 [WARN] IP:2250 - Warning not found: check if there is a RefParameter without a condition.
2026-01-09 16:09:32,978 [WARN] IP:2250 - RxBufferAddress not found: check if there is a RefParameter without a condition.
2026-01-09 16:09:32,978 [WARN] IP:2250 - DESC_SIZE_UNIT not found: check if there is a RefParameter without a condition.
2026-01-09 16:09:43,628 [WARN] IP:2250 - Warning not found: check if there is a RefParameter without a condition.
2026-01-09 16:09:43,629 [WARN] IP:2250 - RxBufferAddress not found: check if there is a RefParameter without a condition.
2026-01-09 16:09:43,631 [WARN] IP:2250 - DESC_SIZE_UNIT not found: check if there is a RefParameter without a condition.
2026-01-09 16:09:43,708 [WARN] IP:2250 - Warning not found: check if there is a RefParameter without a condition.
2026-01-09 16:09:43,709 [WARN] IP:2250 - RxBufferAddress not found: check if there is a RefParameter without a condition.
2026-01-09 16:09:43,709 [WARN] IP:2250 - DESC_SIZE_UNIT not found: check if there is a RefParameter without a condition.
2026-01-09 16:09:43,710 [WARN] IP:2250 - Warning not found: check if there is a RefParameter without a condition.
2026-01-09 16:09:43,710 [WARN] IP:2250 - RxBufferAddress not found: check if there is a RefParameter without a condition.
2026-01-09 16:09:43,710 [WARN] IP:2250 - DESC_SIZE_UNIT not found: check if there is a RefParameter without a condition.
2026-01-09 16:09:43,897 [WARN] BspModel:444 - BSP dependency skipped because of component: name='LAN8742', api='BSP_COMPONENT_DRIVER'
2026-01-09 16:09:43,897 [WARN] BspModel:444 - BSP dependency skipped because of component: name='USER_PHY', api='BSP_COMPONENT_DRIVER'
2026-01-09 16:09:44,058 [WARN] BspModel:444 - BSP dependency skipped because of component: name='LAN8742', api='BSP_COMPONENT_DRIVER'
2026-01-09 16:09:44,058 [WARN] BspModel:444 - BSP dependency skipped because of component: name='USER_PHY', api='BSP_COMPONENT_DRIVER'
2026-01-09 16:09:44,096 [WARN] IP:2250 - Warning not found: check if there is a RefParameter without a condition.
2026-01-09 16:09:44,096 [WARN] IP:2250 - RxBufferAddress not found: check if there is a RefParameter without a condition.
2026-01-09 16:09:44,096 [WARN] IP:2250 - DESC_SIZE_UNIT not found: check if there is a RefParameter without a condition.
2026-01-09 16:09:44,097 [WARN] IP:2250 - Warning not found: check if there is a RefParameter without a condition.
2026-01-09 16:09:44,097 [WARN] IP:2250 - RxBufferAddress not found: check if there is a RefParameter without a condition.
2026-01-09 16:09:44,097 [WARN] IP:2250 - DESC_SIZE_UNIT not found: check if there is a RefParameter without a condition.
2026-01-09 16:09:47,362 [WARN] IP:2250 - Warning not found: check if there is a RefParameter without a condition.
2026-01-09 16:09:47,362 [WARN] IP:2250 - RxBufferAddress not found: check if there is a RefParameter without a condition.
2026-01-09 16:09:47,362 [WARN] IP:2250 - DESC_SIZE_UNIT not found: check if there is a RefParameter without a condition.
2026-01-09 16:09:47,412 [WARN] IP:2250 - Warning not found: check if there is a RefParameter without a condition.
2026-01-09 16:09:47,412 [WARN] IP:2250 - RxBufferAddress not found: check if there is a RefParameter without a condition.
2026-01-09 16:09:47,413 [WARN] IP:2250 - DESC_SIZE_UNIT not found: check if there is a RefParameter without a condition.
2026-01-09 16:09:47,413 [WARN] IP:2250 - Warning not found: check if there is a RefParameter without a condition.
2026-01-09 16:09:47,413 [WARN] IP:2250 - RxBufferAddress not found: check if there is a RefParameter without a condition.
2026-01-09 16:09:47,413 [WARN] IP:2250 - DESC_SIZE_UNIT not found: check if there is a RefParameter without a condition.
2026-01-09 16:09:47,570 [WARN] BspModel:444 - BSP dependency skipped because of component: name='USER_PHY', api='BSP_COMPONENT_DRIVER'
2026-01-09 16:09:47,698 [WARN] BspModel:444 - BSP dependency skipped because of component: name='USER_PHY', api='BSP_COMPONENT_DRIVER'
2026-01-09 16:09:47,719 [WARN] IP:2250 - Warning not found: check if there is a RefParameter without a condition.
2026-01-09 16:09:47,719 [WARN] IP:2250 - RxBufferAddress not found: check if there is a RefParameter without a condition.
2026-01-09 16:09:47,719 [WARN] IP:2250 - DESC_SIZE_UNIT not found: check if there is a RefParameter without a condition.
2026-01-09 16:09:47,719 [WARN] IP:2250 - Warning not found: check if there is a RefParameter without a condition.
2026-01-09 16:09:47,720 [WARN] IP:2250 - RxBufferAddress not found: check if there is a RefParameter without a condition.
2026-01-09 16:09:47,720 [WARN] IP:2250 - DESC_SIZE_UNIT not found: check if there is a RefParameter without a condition.
2026-01-09 16:09:54,517 [INFO] NvicIntPanel:101 - NVIC parent = com.st.microxplorer.plugins.ip.nvic.MultiNvicIntPanel[,0,0,456x164,layout=javax.swing.BoxLayout,alignmentX=0.0,alignmentY=0.0,border=,flags=9,maximumSize=,minimumSize=,preferredSize=]
2026-01-09 16:09:55,619 [WARN] IP:2250 - Warning not found: check if there is a RefParameter without a condition.
2026-01-09 16:09:55,619 [WARN] IP:2250 - RxBufferAddress not found: check if there is a RefParameter without a condition.
2026-01-09 16:09:55,619 [WARN] IP:2250 - DESC_SIZE_UNIT not found: check if there is a RefParameter without a condition.
2026-01-09 16:09:55,645 [INFO] NvicIntPanel:101 - NVIC parent = com.st.microxplorer.plugins.ip.nvic.MultiNvicIntPanel[,0,0,0x0,invalid,layout=javax.swing.BoxLayout,alignmentX=0.0,alignmentY=0.0,border=,flags=9,maximumSize=,minimumSize=,preferredSize=]
2026-01-09 16:09:56,400 [WARN] IP:2250 - Warning not found: check if there is a RefParameter without a condition.
2026-01-09 16:09:56,400 [WARN] IP:2250 - RxBufferAddress not found: check if there is a RefParameter without a condition.
2026-01-09 16:09:56,401 [WARN] IP:2250 - DESC_SIZE_UNIT not found: check if there is a RefParameter without a condition.
2026-01-09 16:11:12,015 [INFO] WebApp:194 - Connection lost
2026-01-09 16:11:12,283 [INFO] WebApp:191 - Connection restablished
2026-01-09 16:11:12,850 [WARN] IP:2250 - CMSIS_VERSION not found: check if there is a RefParameter without a condition.
2026-01-09 16:11:12,855 [WARN] IP:2250 - LWIP_NETIF_HOSTNAME_NAME not found: check if there is a RefParameter without a condition.
2026-01-09 16:11:21,154 [WARN] IP:2250 - CMSIS_VERSION not found: check if there is a RefParameter without a condition.
2026-01-09 16:11:21,176 [WARN] IP:2250 - LWIP_NETIF_HOSTNAME_NAME not found: check if there is a RefParameter without a condition.
2026-01-09 16:11:23,483 [WARN] IP:2250 - CMSIS_VERSION not found: check if there is a RefParameter without a condition.
2026-01-09 16:11:23,488 [WARN] IP:2250 - LWIP_NETIF_HOSTNAME_NAME not found: check if there is a RefParameter without a condition.
2026-01-09 16:11:24,529 [WARN] IP:2250 - CMSIS_VERSION not found: check if there is a RefParameter without a condition.
2026-01-09 16:11:24,533 [WARN] IP:2250 - LWIP_NETIF_HOSTNAME_NAME not found: check if there is a RefParameter without a condition.
2026-01-09 16:11:25,766 [WARN] IP:2250 - CMSIS_VERSION not found: check if there is a RefParameter without a condition.
2026-01-09 16:11:25,771 [WARN] IP:2250 - LWIP_NETIF_HOSTNAME_NAME not found: check if there is a RefParameter without a condition.
2026-01-09 16:11:35,929 [WARN] IP:2250 - CMSIS_VERSION not found: check if there is a RefParameter without a condition.
2026-01-09 16:11:35,934 [WARN] IP:2250 - LWIP_NETIF_HOSTNAME_NAME not found: check if there is a RefParameter without a condition.
2026-01-09 16:12:09,290 [WARN] IP:2250 - CMSIS_VERSION not found: check if there is a RefParameter without a condition.
2026-01-09 16:12:09,301 [WARN] IP:2250 - LWIP_NETIF_HOSTNAME_NAME not found: check if there is a RefParameter without a condition.
2026-01-09 16:12:21,445 [WARN] IP:2250 - CMSIS_VERSION not found: check if there is a RefParameter without a condition.
2026-01-09 16:12:21,449 [WARN] IP:2250 - LWIP_NETIF_HOSTNAME_NAME not found: check if there is a RefParameter without a condition.
2026-01-09 16:12:23,499 [WARN] IP:2250 - CMSIS_VERSION not found: check if there is a RefParameter without a condition.
2026-01-09 16:12:23,502 [WARN] IP:2250 - LWIP_NETIF_HOSTNAME_NAME not found: check if there is a RefParameter without a condition.
2026-01-09 16:12:54,172 [WARN] IP:2250 - CMSIS_VERSION not found: check if there is a RefParameter without a condition.
2026-01-09 16:12:54,174 [WARN] IP:2250 - LWIP_NETIF_HOSTNAME_NAME not found: check if there is a RefParameter without a condition.
2026-01-09 16:18:40,614 [INFO] UtilMem:75 - End SaveConfig() Used Memory: 929799488 Bytes (1073741824)
2026-01-09 16:18:41,654 [INFO] UtilMem:75 - End SaveConfig() Used Memory: 841871960 Bytes (1073741824)
2026-01-09 16:18:42,630 [INFO] BlockDiagram:2775 - set Specific Code input for plugin: SYS
2026-01-09 16:18:42,630 [INFO] BlockDiagram:2775 - set Specific Code input for plugin: RCC
2026-01-09 16:18:42,630 [INFO] BlockDiagram:2775 - set Specific Code input for plugin: NVIC
2026-01-09 16:18:42,630 [INFO] BlockDiagram:2775 - set Specific Code input for plugin: LWIP
2026-01-09 16:18:42,631 [INFO] BlockDiagram:2775 - set Specific Code input for plugin: GPIO
2026-01-09 16:18:42,631 [INFO] BlockDiagram:2775 - set Specific Code input for plugin: ETH
2026-01-09 16:18:42,632 [INFO] CodeGenerator:892 - code generatio: config db path: C:\ST\STM32CubeIDE_1.16.1\STM32CubeIDE\plugins\com.st.stm32cube.common.mx_6.15.0.202507011659\\db\
2026-01-09 16:18:42,635 [WARN] IP:2250 - Warning not found: check if there is a RefParameter without a condition.
2026-01-09 16:18:42,635 [WARN] IP:2250 - RxBufferAddress not found: check if there is a RefParameter without a condition.
2026-01-09 16:18:42,635 [WARN] IP:2250 - DESC_SIZE_UNIT not found: check if there is a RefParameter without a condition.
2026-01-09 16:18:42,638 [WARN] IP:2250 - CMSIS_VERSION not found: check if there is a RefParameter without a condition.
2026-01-09 16:18:42,640 [WARN] IP:2250 - LWIP_NETIF_HOSTNAME_NAME not found: check if there is a RefParameter without a condition.
2026-01-09 16:18:42,790 [INFO] CodeEngine:265 - oldGeneratedFile, C:\Users\Chinnapop\STM32CubeIDE\workspace\UDP_Rx_test\MXTmpFiles\license.tmp_save
2026-01-09 16:18:43,142 [INFO] CodeEngine:289 - Generated code: C:\Users\Chinnapop\STM32CubeIDE\workspace\UDP_Rx_test\MXTmpFiles\license.tmp
2026-01-09 16:18:43,185 [INFO] CodeEngine:265 - oldGeneratedFile, C:\Users\Chinnapop\STM32CubeIDE\workspace\UDP_Rx_test\MXTmpFiles\gpio.tmp_save
2026-01-09 16:18:43,432 [INFO] CodeEngine:289 - Generated code: C:\Users\Chinnapop\STM32CubeIDE\workspace\UDP_Rx_test\MXTmpFiles\gpio.tmp
2026-01-09 16:18:43,512 [INFO] CodeEngine:265 - oldGeneratedFile, C:\Users\Chinnapop\STM32CubeIDE\workspace\UDP_Rx_test\MXTmpFiles\eth_vars.tmp_save
2026-01-09 16:18:43,706 [INFO] CodeEngine:289 - Generated code: C:\Users\Chinnapop\STM32CubeIDE\workspace\UDP_Rx_test\MXTmpFiles\eth_vars.tmp
2026-01-09 16:18:43,725 [INFO] CodeEngine:265 - oldGeneratedFile, C:\Users\Chinnapop\STM32CubeIDE\workspace\UDP_Rx_test\MXTmpFiles\eth_inc.tmp_save
2026-01-09 16:18:43,823 [INFO] CodeEngine:289 - Generated code: C:\Users\Chinnapop\STM32CubeIDE\workspace\UDP_Rx_test\MXTmpFiles\eth_inc.tmp
2026-01-09 16:18:43,829 [INFO] CodeEngine:265 - oldGeneratedFile, C:\Users\Chinnapop\STM32CubeIDE\workspace\UDP_Rx_test\MXTmpFiles\eth_HalInit.tmp_save
2026-01-09 16:18:43,978 [INFO] CodeEngine:289 - Generated code: C:\Users\Chinnapop\STM32CubeIDE\workspace\UDP_Rx_test\MXTmpFiles\eth_HalInit.tmp
2026-01-09 16:18:43,984 [INFO] CodeEngine:265 - oldGeneratedFile, C:\Users\Chinnapop\STM32CubeIDE\workspace\UDP_Rx_test\MXTmpFiles\eth_Msp.tmp_save
2026-01-09 16:18:44,136 [INFO] CodeEngine:289 - Generated code: C:\Users\Chinnapop\STM32CubeIDE\workspace\UDP_Rx_test\MXTmpFiles\eth_Msp.tmp
2026-01-09 16:18:44,250 [INFO] Middleware:1452 - No code input for Bsp Dependency
2026-01-09 16:18:44,270 [INFO] CodeEngine:265 - oldGeneratedFile, C:\Users\Chinnapop\STM32CubeIDE\workspace\UDP_Rx_test\MXTmpFiles\cortex.tmp_save
2026-01-09 16:18:44,396 [INFO] CodeEngine:289 - Generated code: C:\Users\Chinnapop\STM32CubeIDE\workspace\UDP_Rx_test\MXTmpFiles\cortex.tmp
2026-01-09 16:18:44,420 [INFO] Middleware:1452 - No code input for Bsp Dependency
2026-01-09 16:18:44,445 [INFO] CodeEngine:265 - oldGeneratedFile, C:\Users\Chinnapop\STM32CubeIDE\workspace\UDP_Rx_test\LWIP\App\lwip.c_save
2026-01-09 16:18:44,641 [INFO] CodeEngine:289 - Generated code: C:\Users\Chinnapop\STM32CubeIDE\workspace\UDP_Rx_test\LWIP\App\lwip.c
2026-01-09 16:18:44,648 [INFO] CodeEngine:265 - oldGeneratedFile, C:\Users\Chinnapop\STM32CubeIDE\workspace\UDP_Rx_test\LWIP\App\lwip.h_save
2026-01-09 16:18:44,747 [INFO] CodeEngine:289 - Generated code: C:\Users\Chinnapop\STM32CubeIDE\workspace\UDP_Rx_test\LWIP\App\lwip.h
2026-01-09 16:18:44,755 [INFO] CodeEngine:265 - oldGeneratedFile, C:\Users\Chinnapop\STM32CubeIDE\workspace\UDP_Rx_test\LWIP\Target\lwipopts.h_save
2026-01-09 16:18:45,071 [INFO] CodeEngine:289 - Generated code: C:\Users\Chinnapop\STM32CubeIDE\workspace\UDP_Rx_test\LWIP\Target\lwipopts.h
2026-01-09 16:18:45,080 [INFO] CodeEngine:265 - oldGeneratedFile, C:\Users\Chinnapop\STM32CubeIDE\workspace\UDP_Rx_test\LWIP\Target\ethernetif.c_save
2026-01-09 16:18:45,231 [INFO] CodeEngine:289 - Generated code: C:\Users\Chinnapop\STM32CubeIDE\workspace\UDP_Rx_test\LWIP\Target\ethernetif.c
2026-01-09 16:18:45,240 [INFO] CodeEngine:265 - oldGeneratedFile, C:\Users\Chinnapop\STM32CubeIDE\workspace\UDP_Rx_test\LWIP\Target\ethernetif.h_save
2026-01-09 16:18:45,308 [INFO] CodeEngine:289 - Generated code: C:\Users\Chinnapop\STM32CubeIDE\workspace\UDP_Rx_test\LWIP\Target\ethernetif.h
2026-01-09 16:18:45,324 [INFO] CodeEngine:265 - oldGeneratedFile, C:\Users\Chinnapop\STM32CubeIDE\workspace\UDP_Rx_test\Core\Src\stm32f7xx_it.c_save
2026-01-09 16:18:45,648 [INFO] CodeEngine:289 - Generated code: C:\Users\Chinnapop\STM32CubeIDE\workspace\UDP_Rx_test\Core\Src\stm32f7xx_it.c
2026-01-09 16:18:45,661 [INFO] CodeEngine:265 - oldGeneratedFile, C:\Users\Chinnapop\STM32CubeIDE\workspace\UDP_Rx_test\Core\Inc\stm32f7xx_it.h_save
2026-01-09 16:18:45,781 [INFO] CodeEngine:289 - Generated code: C:\Users\Chinnapop\STM32CubeIDE\workspace\UDP_Rx_test\Core\Inc\stm32f7xx_it.h
2026-01-09 16:18:45,807 [INFO] CodeEngine:265 - oldGeneratedFile, C:\Users\Chinnapop\STM32CubeIDE\workspace\UDP_Rx_test\Core\Src\stm32f7xx_hal_msp.c_save
2026-01-09 16:18:46,025 [INFO] CodeEngine:289 - Generated code: C:\Users\Chinnapop\STM32CubeIDE\workspace\UDP_Rx_test\Core\Src\stm32f7xx_hal_msp.c
2026-01-09 16:18:46,034 [INFO] CodeEngine:265 - oldGeneratedFile, C:\Users\Chinnapop\STM32CubeIDE\workspace\UDP_Rx_test\MXTmpFiles\system.tmp_save
2026-01-09 16:18:46,115 [INFO] CodeEngine:289 - Generated code: C:\Users\Chinnapop\STM32CubeIDE\workspace\UDP_Rx_test\MXTmpFiles\system.tmp
2026-01-09 16:18:46,143 [INFO] CodeEngine:321 - oldGeneratedFile, C:\Users\Chinnapop\STM32CubeIDE\workspace\UDP_Rx_test\Core\Inc\stm32f7xx_hal_conf.h_save
2026-01-09 16:18:46,319 [INFO] CodeEngine:345 - Generated code: C:\Users\Chinnapop\STM32CubeIDE\workspace\UDP_Rx_test\Core\Inc\stm32f7xx_hal_conf.h
2026-01-09 16:18:46,364 [INFO] CodeEngine:265 - oldGeneratedFile, C:\Users\Chinnapop\STM32CubeIDE\workspace\UDP_Rx_test\Core\Inc\main.h_save
2026-01-09 16:18:46,555 [INFO] CodeEngine:289 - Generated code: C:\Users\Chinnapop\STM32CubeIDE\workspace\UDP_Rx_test\Core\Inc\main.h
2026-01-09 16:18:46,562 [INFO] CodeEngine:265 - oldGeneratedFile, C:\Users\Chinnapop\STM32CubeIDE\workspace\UDP_Rx_test\Core\Src\main.c_save
2026-01-09 16:18:46,695 [INFO] CodeEngine:289 - Generated code: C:\Users\Chinnapop\STM32CubeIDE\workspace\UDP_Rx_test\Core\Src\main.c
2026-01-09 16:18:47,526 [INFO] ProjectBuilder:3606 - Time for Copy HAL[1] : 620mS.
2026-01-09 16:18:47,537 [INFO] ProjectBuilder:5216 - Project Generator version: 4.7.0-B52
2026-01-09 16:18:47,635 [INFO] ConfigFileManager:1595 - The Die is : DIE451
2026-01-09 16:18:49,562 [INFO] ProjectBuilder:5496 - Time for Generating toolchain IDE Files: 2024mS.
2026-01-09 16:18:49,563 [INFO] ProjectBuilder:3463 - Time for Copy CMSIS : 1mS.
2026-01-09 16:18:49,578 [INFO] ProjectBuilder:3463 - Time for Copy CMSIS : 0mS.
2026-01-09 16:37:53,101 [ERROR] LogOutputStream:75 - [STDERR_REDIRECT] Exception in thread "AWT-EventQueue-0" org.eclipse.swt.SWTException: Device is disposed
2026-01-09 16:37:53,106 [ERROR] LogOutputStream:75 - [STDERR_REDIRECT] 	at org.eclipse.swt.SWT.error(SWT.java:4922)
2026-01-09 16:37:53,111 [ERROR] LogOutputStream:75 - [STDERR_REDIRECT] 	at org.eclipse.swt.SWT.error(SWT.java:4837)
2026-01-09 16:37:53,115 [ERROR] LogOutputStream:75 - [STDERR_REDIRECT] 	at org.eclipse.swt.SWT.error(SWT.java:4808)
2026-01-09 16:37:53,118 [ERROR] LogOutputStream:75 - [STDERR_REDIRECT] 	at org.eclipse.swt.widgets.Display.error(Display.java:1311)
2026-01-09 16:37:53,121 [ERROR] LogOutputStream:75 - [STDERR_REDIRECT] 	at org.eclipse.swt.widgets.Display.asyncExec(Display.java:786)
2026-01-09 16:37:53,126 [ERROR] LogOutputStream:75 - [STDERR_REDIRECT] 	at com.st.stm32cube.common.mx.oss.core.awtswtbridge.AwtEnvironment$2.run(AwtEnvironment.java:168)
2026-01-09 16:37:53,129 [ERROR] LogOutputStream:75 - [STDERR_REDIRECT] 	at java.desktop/java.awt.event.InvocationEvent.dispatch(InvocationEvent.java:318)
2026-01-09 16:37:53,133 [ERROR] LogOutputStream:75 - [STDERR_REDIRECT] 	at java.desktop/java.awt.EventQueue.dispatchEventImpl(EventQueue.java:773)
2026-01-09 16:37:53,136 [ERROR] LogOutputStream:75 - [STDERR_REDIRECT] 	at java.desktop/java.awt.EventQueue$4.run(EventQueue.java:720)
2026-01-09 16:37:53,351 [ERROR] LogOutputStream:75 - [STDERR_REDIRECT] 	at java.desktop/java.awt.EventQueue$4.run(EventQueue.java:714)
2026-01-09 16:37:53,359 [ERROR] LogOutputStream:75 - [STDERR_REDIRECT] 	at java.base/java.security.AccessController.doPrivileged(AccessController.java:400)
2026-01-09 16:37:53,364 [ERROR] LogOutputStream:75 - [STDERR_REDIRECT] 	at java.base/java.security.ProtectionDomain$JavaSecurityAccessImpl.doIntersectionPrivilege(ProtectionDomain.java:87)
2026-01-09 16:37:53,371 [ERROR] LogOutputStream:75 - [STDERR_REDIRECT] 	at java.desktop/java.awt.EventQueue.dispatchEvent(EventQueue.java:742)
2026-01-09 16:37:53,377 [ERROR] LogOutputStream:75 - [STDERR_REDIRECT] 	at java.desktop/java.awt.EventDispatchThread.pumpOneEventForFilters(EventDispatchThread.java:203)
2026-01-09 16:37:53,383 [ERROR] LogOutputStream:75 - [STDERR_REDIRECT] 	at java.desktop/java.awt.EventDispatchThread.pumpEventsForFilter(EventDispatchThread.java:124)
2026-01-09 16:37:53,391 [ERROR] LogOutputStream:75 - [STDERR_REDIRECT] 	at java.desktop/java.awt.EventDispatchThread.pumpEventsForHierarchy(EventDispatchThread.java:113)
2026-01-09 16:37:53,396 [ERROR] LogOutputStream:75 - [STDERR_REDIRECT] 	at java.desktop/java.awt.EventDispatchThread.pumpEvents(EventDispatchThread.java:109)
2026-01-09 16:37:53,402 [ERROR] LogOutputStream:75 - [STDERR_REDIRECT] 	at java.desktop/java.awt.EventDispatchThread.pumpEvents(EventDispatchThread.java:101)
2026-01-09 16:37:53,408 [ERROR] LogOutputStream:75 - [STDERR_REDIRECT] 	at java.desktop/java.awt.EventDispatchThread.run(EventDispatchThread.java:90)
