2026-01-13 08:33:11,473 [INFO] Activator:176 - 


2026-01-13 08:33:11,477 [INFO] Activator:177 - !SESSION log4j initialized
2026-01-13 08:33:33,109 [INFO] LogOutputStream:77 - [STDOUT_REDIRECT] 
2026-01-13 08:33:35,057 [INFO] ApplicationProperties:184 - Using Application install path: C:\ST\STM32CubeIDE_1.16.1\STM32CubeIDE\plugins\com.st.stm32cube.common.mx_6.15.0.202507011659
2026-01-13 08:33:35,076 [INFO] DbMcusXml:78 - Set database path to: C:\ST\STM32CubeIDE_1.16.1\STM32CubeIDE\plugins\com.st.stm32cube.common.mx_6.15.0.202507011659\\db\/mcu/
2026-01-13 08:33:35,076 [INFO] ApiDb:274 - Set plugin database path to: C:\ST\STM32CubeIDE_1.16.1\STM32CubeIDE\plugins\com.st.stm32cube.common.mx_6.15.0.202507011659\\db\/plugins/boardmanager/
2026-01-13 08:33:35,077 [WARN] ApiDb:259 - Overriding images path with different value:  => C:\ST\STM32CubeIDE_1.16.1\STM32CubeIDE\plugins\com.st.stm32cube.common.mx_6.15.0.202507011659\\db\/plugins/mcufinder/images/
2026-01-13 08:33:35,088 [INFO] ApiDb:250 - Set database path to: C:\Users\Chinnapop\.stmcufinder\plugins\mcufinder//mcu/
2026-01-13 08:33:35,089 [INFO] DbMcusAds:125 - Set database path to: C:\Users\Chinnapop\.stmcufinder\plugins\mcufinder//mcu/
2026-01-13 08:33:35,092 [INFO] CrossReferenceDbSqlite:203 - Set database path to: C:\Users\Chinnapop\.stmcufinder\plugins\mcufinder//mcu/cs/
2026-01-13 08:33:35,271 [INFO] RulesReader:64 - Compatibility file has been processed (317 Rules)
2026-01-13 08:33:35,372 [INFO] DbMcusXml:78 - Set database path to: C:\ST\STM32CubeIDE_1.16.1\STM32CubeIDE\plugins\com.st.stm32cube.common.mx_6.15.0.202507011659\\db\/mcu/
2026-01-13 08:33:35,372 [INFO] ApiDb:274 - Set plugin database path to: C:\ST\STM32CubeIDE_1.16.1\STM32CubeIDE\plugins\com.st.stm32cube.common.mx_6.15.0.202507011659\\db\/plugins/boardmanager/
2026-01-13 08:33:35,373 [INFO] ApiDb:261 - Set plugin images path to: C:\ST\STM32CubeIDE_1.16.1\STM32CubeIDE\plugins\com.st.stm32cube.common.mx_6.15.0.202507011659\\db\/plugins/mcufinder/images/
2026-01-13 08:33:35,373 [WARN] DbFile:41 - Overriding database path with different value: C:\Users\Chinnapop\.stmcufinder\plugins\mcufinder/ => C:\Users\Chinnapop\.stmcufinder\plugins\mcufinder
2026-01-13 08:33:35,373 [INFO] ApiDb:250 - Set database path to: C:\Users\Chinnapop\.stmcufinder\plugins\mcufinder//mcu/
2026-01-13 08:33:35,373 [WARN] DbFile:41 - Overriding database path with different value: C:\Users\Chinnapop\.stmcufinder\plugins\mcufinder/ => C:\Users\Chinnapop\.stmcufinder\plugins\mcufinder
2026-01-13 08:33:35,373 [INFO] DbMcusAds:125 - Set database path to: C:\Users\Chinnapop\.stmcufinder\plugins\mcufinder//mcu/
2026-01-13 08:33:35,373 [WARN] DbFile:41 - Overriding database path with different value: C:\Users\Chinnapop\.stmcufinder\plugins\mcufinder/ => C:\Users\Chinnapop\.stmcufinder\plugins\mcufinder
2026-01-13 08:33:35,373 [WARN] DbFile:41 - Overriding database path with different value: C:\Users\Chinnapop\.stmcufinder\plugins\mcufinder/ => C:\Users\Chinnapop\.stmcufinder\plugins\mcufinder
2026-01-13 08:33:35,374 [INFO] CrossReferenceDbSqlite:203 - Set database path to: C:\Users\Chinnapop\.stmcufinder\plugins\mcufinder//mcu/cs/
2026-01-13 08:33:35,460 [INFO] MainPanel:274 - HeapMemory: 268435456
2026-01-13 08:33:35,625 [INFO] DbMcusXml:78 - Set database path to: C:\ST\STM32CubeIDE_1.16.1\STM32CubeIDE\plugins\com.st.stm32cube.common.mx_6.15.0.202507011659\\db\/mcu/
2026-01-13 08:33:35,625 [INFO] ApiDb:274 - Set plugin database path to: C:\ST\STM32CubeIDE_1.16.1\STM32CubeIDE\plugins\com.st.stm32cube.common.mx_6.15.0.202507011659\\db\/plugins/boardmanager/
2026-01-13 08:33:35,625 [INFO] ApiDb:261 - Set plugin images path to: C:\ST\STM32CubeIDE_1.16.1\STM32CubeIDE\plugins\com.st.stm32cube.common.mx_6.15.0.202507011659\\db\/plugins/mcufinder/images/
2026-01-13 08:33:35,625 [WARN] DbFile:41 - Overriding database path with different value: C:\Users\Chinnapop\.stmcufinder\plugins\mcufinder/ => C:\Users\Chinnapop\.stmcufinder\plugins\mcufinder
2026-01-13 08:33:35,625 [INFO] ApiDb:250 - Set database path to: C:\Users\Chinnapop\.stmcufinder\plugins\mcufinder//mcu/
2026-01-13 08:33:35,625 [WARN] DbFile:41 - Overriding database path with different value: C:\Users\Chinnapop\.stmcufinder\plugins\mcufinder/ => C:\Users\Chinnapop\.stmcufinder\plugins\mcufinder
2026-01-13 08:33:35,625 [INFO] DbMcusAds:125 - Set database path to: C:\Users\Chinnapop\.stmcufinder\plugins\mcufinder//mcu/
2026-01-13 08:33:35,625 [WARN] DbFile:41 - Overriding database path with different value: C:\Users\Chinnapop\.stmcufinder\plugins\mcufinder/ => C:\Users\Chinnapop\.stmcufinder\plugins\mcufinder
2026-01-13 08:33:35,625 [WARN] DbFile:41 - Overriding database path with different value: C:\Users\Chinnapop\.stmcufinder\plugins\mcufinder/ => C:\Users\Chinnapop\.stmcufinder\plugins\mcufinder
2026-01-13 08:33:35,626 [INFO] CrossReferenceDbSqlite:203 - Set database path to: C:\Users\Chinnapop\.stmcufinder\plugins\mcufinder//mcu/cs/
2026-01-13 08:33:35,644 [INFO] ApplicationProperties:184 - Using Application install path: C:\ST\STM32CubeIDE_1.16.1\STM32CubeIDE\plugins\com.st.stm32cube.common.mx_6.15.0.202507011659
2026-01-13 08:33:35,646 [INFO] PluginManage:196 - Search for loadable plugins [exclusion list=, ]
2026-01-13 08:33:35,648 [INFO] PluginManage:310 - Check plugin analytics
2026-01-13 08:33:35,829 [INFO] AnalyticsPlugin:253 - Accepted Software Licenses: 
2026-01-13 08:33:35,830 [INFO] AnalyticsPlugin:255 - Accepted CMSIS Pack Licenses: 
2026-01-13 08:33:35,830 [INFO] AnalyticsPlugin:257 - Accepted Firmware Licenses: FW.F7.1.17.0
2026-01-13 08:33:35,832 [INFO] PluginManage:359 - Loaded plugin analytics (category:tool,tabindex:-1)
2026-01-13 08:33:35,833 [INFO] PluginManage:310 - Check plugin cadmodel
2026-01-13 08:33:35,852 [INFO] CADModel:105 - Init CAD model plugin
2026-01-13 08:33:35,853 [INFO] PluginManage:359 - Loaded plugin cadmodel (category:power,tabindex:5)
2026-01-13 08:33:35,853 [INFO] PluginManage:310 - Check plugin clock
2026-01-13 08:33:35,875 [INFO] PluginManage:359 - Loaded plugin clock (category:base,tabindex:2)
2026-01-13 08:33:35,876 [INFO] PluginManage:310 - Check plugin ddr
2026-01-13 08:33:35,878 [INFO] PluginManage:359 - Loaded plugin ddr (category:tool,tabindex:6)
2026-01-13 08:33:35,878 [INFO] PluginManage:310 - Check plugin filemanager
2026-01-13 08:33:36,093 [INFO] PluginManage:359 - Loaded plugin filemanager (category:base,tabindex:10)
2026-01-13 08:33:36,093 [INFO] PluginManage:310 - Check plugin ipmanager
2026-01-13 08:33:36,100 [INFO] PluginManage:359 - Loaded plugin ipmanager (category:base,tabindex:5)
2026-01-13 08:33:36,100 [INFO] PluginManage:310 - Check plugin lpbam
2026-01-13 08:33:36,132 [INFO] PluginManage:359 - Loaded plugin lpbam (category:base,tabindex:0)
2026-01-13 08:33:36,133 [INFO] PluginManage:310 - Check plugin memorymap
2026-01-13 08:33:36,182 [INFO] PluginManage:359 - Loaded plugin memorymap (category:base,tabindex:4)
2026-01-13 08:33:36,183 [INFO] PluginManage:310 - Check plugin pinoutandconfiguration
2026-01-13 08:33:36,221 [INFO] PluginManage:359 - Loaded plugin pinoutandconfiguration (category:base,tabindex:1)
2026-01-13 08:33:36,221 [INFO] PluginManage:310 - Check plugin pinoutconfig
2026-01-13 08:33:36,323 [WARN] SupportedApi:132 - Cannot load RTOS API schema: s4s-elt-must-match.1: The content of 'definitions' must match (annotation?, (simpleType | complexType)?, (unique | key | keyref)*)). A problem was found starting at: attribute.
2026-01-13 08:33:36,461 [INFO] PluginManage:359 - Loaded plugin pinoutconfig (category:base,tabindex:0)
2026-01-13 08:33:36,461 [INFO] PluginManage:310 - Check plugin power
2026-01-13 08:33:36,511 [INFO] PluginManage:359 - Loaded plugin power (category:power,tabindex:4)
2026-01-13 08:33:36,512 [INFO] PluginManage:310 - Check plugin projectmanager
2026-01-13 08:33:36,548 [INFO] PluginManage:359 - Loaded plugin projectmanager (category:projectmanager,tabindex:4)
2026-01-13 08:33:36,549 [INFO] PluginManage:310 - Check plugin rif
2026-01-13 08:33:36,605 [INFO] PluginManage:359 - Loaded plugin rif (category:base,tabindex:3)
2026-01-13 08:33:36,607 [INFO] PluginManage:310 - Check plugin thirdparty
2026-01-13 08:33:37,190 [INFO] PluginManage:359 - Loaded plugin thirdparty (category:base,tabindex:-1)
2026-01-13 08:33:37,189 [WARN] IntegrityCheckThread:84 - waiting for thirdparty lock release [integrity check]
2026-01-13 08:33:37,190 [INFO] IntegrityCheckThread:86 - entering critical section [integrity check]
2026-01-13 08:33:37,190 [INFO] PluginManage:310 - Check plugin tools
2026-01-13 08:33:37,190 [INFO] ThirdPartyUpdaterWithRetryManager:70 - Updater plugin not ready yet. [1/15]
2026-01-13 08:33:37,246 [INFO] PluginManage:359 - Loaded plugin tools (category:base,tabindex:7)
2026-01-13 08:33:37,246 [INFO] PluginManage:310 - Check plugin tutovideos
2026-01-13 08:33:37,610 [INFO] PluginManage:359 - Loaded plugin tutovideos (category:base,tabindex:-1)
2026-01-13 08:33:37,610 [INFO] PluginManage:310 - Check plugin updater
2026-01-13 08:33:37,632 [INFO] PluginManage:359 - Loaded plugin updater (category:base,tabindex:12)
2026-01-13 08:33:37,633 [INFO] PluginManage:310 - Check plugin userauth
2026-01-13 08:33:37,637 [INFO] UserAuth:118 - Init User Auth plugin
2026-01-13 08:33:37,638 [INFO] PluginManage:359 - Loaded plugin userauth (category:base,tabindex:14)
2026-01-13 08:33:37,638 [INFO] PluginManage:283 - PluginManage : Loaded plugins [18]
2026-01-13 08:33:37,874 [INFO] PinOutPanel:1589 - setPackage(No Configuration,No Configuration)
2026-01-13 08:33:37,966 [INFO] CADModel:165 - CPN selected for project level
2026-01-13 08:33:37,966 [INFO] CADModel:114 - Register for checkConnection events
2026-01-13 08:33:38,045 [INFO] IPUIPlugin:80 - create IPUIPlugin
2026-01-13 08:33:38,045 [INFO] PluginManager:220 - loadIPPluginJar : add adc
2026-01-13 08:33:38,089 [INFO] IPUIPlugin:80 - create IPUIPlugin
2026-01-13 08:33:38,089 [INFO] PluginManager:220 - loadIPPluginJar : add aes
2026-01-13 08:33:38,146 [INFO] IPUIPlugin:80 - create IPUIPlugin
2026-01-13 08:33:38,147 [INFO] PluginManager:220 - loadIPPluginJar : add can
2026-01-13 08:33:38,182 [INFO] IPUIPlugin:80 - create IPUIPlugin
2026-01-13 08:33:38,182 [INFO] PluginManager:220 - loadIPPluginJar : add comp
2026-01-13 08:33:38,224 [INFO] IPUIPlugin:80 - create IPUIPlugin
2026-01-13 08:33:38,224 [INFO] PluginManager:220 - loadIPPluginJar : add cryp
2026-01-13 08:33:38,241 [INFO] IPUIPlugin:80 - create IPUIPlugin
2026-01-13 08:33:38,241 [INFO] PluginManager:220 - loadIPPluginJar : add ddr_ctrl_phy
2026-01-13 08:33:38,279 [INFO] IPUIPlugin:80 - create IPUIPlugin
2026-01-13 08:33:38,279 [INFO] PluginManager:220 - loadIPPluginJar : add dfsdm
2026-01-13 08:33:38,302 [INFO] IPUIPlugin:80 - create IPUIPlugin
2026-01-13 08:33:38,302 [INFO] PluginManager:220 - loadIPPluginJar : add dma
2026-01-13 08:33:38,359 [INFO] IPUIPlugin:80 - create IPUIPlugin
2026-01-13 08:33:38,359 [INFO] PluginManager:220 - loadIPPluginJar : add dma3
2026-01-13 08:33:38,410 [INFO] IPUIPlugin:80 - create IPUIPlugin
2026-01-13 08:33:38,410 [INFO] PluginManager:220 - loadIPPluginJar : add extmemmanager
2026-01-13 08:33:38,438 [INFO] IPUIPlugin:80 - create IPUIPlugin
2026-01-13 08:33:38,439 [INFO] PluginManager:220 - loadIPPluginJar : add fatfs
2026-01-13 08:33:38,500 [INFO] IPUIPlugin:80 - create IPUIPlugin
2026-01-13 08:33:38,501 [INFO] PluginManager:220 - loadIPPluginJar : add fmc
2026-01-13 08:33:38,521 [INFO] IPUIPlugin:80 - create IPUIPlugin
2026-01-13 08:33:38,521 [INFO] PluginManager:220 - loadIPPluginJar : add freertos
2026-01-13 08:33:38,549 [INFO] IPUIPlugin:80 - create IPUIPlugin
2026-01-13 08:33:38,550 [INFO] PluginManager:220 - loadIPPluginJar : add genericplugin
2026-01-13 08:33:38,683 [INFO] IPUIPlugin:80 - create IPUIPlugin
2026-01-13 08:33:38,683 [INFO] PluginManager:220 - loadIPPluginJar : add gfxmmu
2026-01-13 08:33:38,868 [INFO] IPUIPlugin:80 - create IPUIPlugin
2026-01-13 08:33:38,868 [INFO] PluginManager:220 - loadIPPluginJar : add gic
2026-01-13 08:33:38,887 [INFO] IPUIPlugin:80 - create IPUIPlugin
2026-01-13 08:33:38,887 [INFO] PluginManager:220 - loadIPPluginJar : add gpio
2026-01-13 08:33:39,018 [INFO] IPUIPlugin:80 - create IPUIPlugin
2026-01-13 08:33:39,018 [INFO] PluginManager:220 - loadIPPluginJar : add gtzc
2026-01-13 08:33:39,061 [INFO] IPUIPlugin:80 - create IPUIPlugin
2026-01-13 08:33:39,061 [INFO] PluginManager:220 - loadIPPluginJar : add hash
2026-01-13 08:33:39,127 [INFO] IPUIPlugin:80 - create IPUIPlugin
2026-01-13 08:33:39,127 [INFO] PluginManager:220 - loadIPPluginJar : add i2c
2026-01-13 08:33:39,182 [INFO] IPUIPlugin:80 - create IPUIPlugin
2026-01-13 08:33:39,183 [INFO] PluginManager:220 - loadIPPluginJar : add i2s
2026-01-13 08:33:39,241 [INFO] IPUIPlugin:80 - create IPUIPlugin
2026-01-13 08:33:39,242 [INFO] PluginManager:220 - loadIPPluginJar : add i3c
2026-01-13 08:33:39,354 [INFO] IPUIPlugin:80 - create IPUIPlugin
2026-01-13 08:33:39,354 [INFO] PluginManager:220 - loadIPPluginJar : add ipddr
2026-01-13 08:33:39,464 [INFO] IPUIPlugin:80 - create IPUIPlugin
2026-01-13 08:33:39,464 [INFO] PluginManager:220 - loadIPPluginJar : add linkedlist
2026-01-13 08:33:39,513 [INFO] IPUIPlugin:80 - create IPUIPlugin
2026-01-13 08:33:39,513 [INFO] PluginManager:220 - loadIPPluginJar : add lorawan
2026-01-13 08:33:39,561 [INFO] IPUIPlugin:80 - create IPUIPlugin
2026-01-13 08:33:39,561 [INFO] PluginManager:220 - loadIPPluginJar : add ltdc
2026-01-13 08:33:39,581 [INFO] IPUIPlugin:80 - create IPUIPlugin
2026-01-13 08:33:39,582 [INFO] PluginManager:220 - loadIPPluginJar : add mdma
2026-01-13 08:33:39,599 [INFO] IPUIPlugin:80 - create IPUIPlugin
2026-01-13 08:33:39,600 [INFO] PluginManager:220 - loadIPPluginJar : add nvic
2026-01-13 08:33:39,650 [INFO] IPUIPlugin:80 - create IPUIPlugin
2026-01-13 08:33:39,651 [INFO] PluginManager:220 - loadIPPluginJar : add opamp
2026-01-13 08:33:39,760 [INFO] IPUIPlugin:80 - create IPUIPlugin
2026-01-13 08:33:39,760 [INFO] PluginManager:220 - loadIPPluginJar : add openamp
2026-01-13 08:33:39,821 [INFO] IPUIPlugin:80 - create IPUIPlugin
2026-01-13 08:33:39,821 [INFO] PluginManager:220 - loadIPPluginJar : add pdm2pcm
2026-01-13 08:33:39,842 [INFO] IPUIPlugin:80 - create IPUIPlugin
2026-01-13 08:33:39,844 [INFO] PluginManager:220 - loadIPPluginJar : add plateformsettings
2026-01-13 08:33:39,905 [INFO] IPUIPlugin:80 - create IPUIPlugin
2026-01-13 08:33:39,905 [INFO] PluginManager:220 - loadIPPluginJar : add quadspi
2026-01-13 08:33:39,959 [INFO] IPUIPlugin:80 - create IPUIPlugin
2026-01-13 08:33:39,960 [INFO] PluginManager:220 - loadIPPluginJar : add radio
2026-01-13 08:33:39,992 [INFO] IPUIPlugin:80 - create IPUIPlugin
2026-01-13 08:33:39,992 [INFO] PluginManager:220 - loadIPPluginJar : add resmgrutility
2026-01-13 08:33:40,061 [INFO] IPUIPlugin:80 - create IPUIPlugin
2026-01-13 08:33:40,061 [INFO] PluginManager:220 - loadIPPluginJar : add sai
2026-01-13 08:33:40,111 [INFO] IPUIPlugin:80 - create IPUIPlugin
2026-01-13 08:33:40,112 [INFO] PluginManager:220 - loadIPPluginJar : add spi
2026-01-13 08:33:40,191 [INFO] ThirdPartyUpdaterWithRetryManager:70 - Updater plugin not ready yet. [2/15]
2026-01-13 08:33:40,211 [INFO] IPUIPlugin:80 - create IPUIPlugin
2026-01-13 08:33:40,211 [INFO] PluginManager:220 - loadIPPluginJar : add stm32_wpan
2026-01-13 08:33:40,248 [INFO] IPUIPlugin:80 - create IPUIPlugin
2026-01-13 08:33:40,248 [INFO] PluginManager:220 - loadIPPluginJar : add tim
2026-01-13 08:33:40,332 [INFO] IPUIPlugin:80 - create IPUIPlugin
2026-01-13 08:33:40,332 [INFO] PluginManager:220 - loadIPPluginJar : add touchsensing
2026-01-13 08:33:40,388 [INFO] IPUIPlugin:80 - create IPUIPlugin
2026-01-13 08:33:40,388 [INFO] PluginManager:220 - loadIPPluginJar : add tracer_emb
2026-01-13 08:33:40,443 [INFO] IPUIPlugin:80 - create IPUIPlugin
2026-01-13 08:33:40,444 [INFO] PluginManager:220 - loadIPPluginJar : add ts
2026-01-13 08:33:40,487 [INFO] IPUIPlugin:80 - create IPUIPlugin
2026-01-13 08:33:40,488 [INFO] PluginManager:220 - loadIPPluginJar : add tsc
2026-01-13 08:33:40,519 [INFO] IPUIPlugin:80 - create IPUIPlugin
2026-01-13 08:33:40,519 [INFO] PluginManager:220 - loadIPPluginJar : add ucpd
2026-01-13 08:33:40,581 [INFO] IPUIPlugin:80 - create IPUIPlugin
2026-01-13 08:33:40,581 [INFO] PluginManager:220 - loadIPPluginJar : add usart
2026-01-13 08:33:40,637 [INFO] IPUIPlugin:80 - create IPUIPlugin
2026-01-13 08:33:40,637 [INFO] PluginManager:220 - loadIPPluginJar : add usbx
2026-01-13 08:33:40,775 [FATAL] Updater:351 - Updater called before beeing initialized
2026-01-13 08:33:40,806 [INFO] RulesReader:64 - Compatibility file has been processed (317 Rules)
2026-01-13 08:33:40,822 [INFO] RulesReader:64 - Compatibility file has been processed (317 Rules)
2026-01-13 08:33:40,841 [INFO] CADModel:165 - CPN selected for project level
2026-01-13 08:33:40,841 [INFO] CADModel:114 - Register for checkConnection events
2026-01-13 08:33:40,841 [FATAL] Updater:351 - Updater called before beeing initialized
2026-01-13 08:33:40,841 [ERROR] CADModel:125 - Updater not yet initialized, retry later 
2026-01-13 08:33:41,051 [FATAL] Updater:351 - Updater called before beeing initialized
2026-01-13 08:33:41,054 [INFO] CADModel:165 - CPN selected for project level
2026-01-13 08:33:41,054 [INFO] CADModel:114 - Register for checkConnection events
2026-01-13 08:33:41,054 [FATAL] Updater:351 - Updater called before beeing initialized
2026-01-13 08:33:41,055 [ERROR] CADModel:125 - Updater not yet initialized, retry later 
2026-01-13 08:33:41,072 [FATAL] Updater:351 - Updater called before beeing initialized
2026-01-13 08:33:41,185 [FATAL] Updater:351 - Updater called before beeing initialized
2026-01-13 08:33:41,199 [INFO] DbMcusAds:53 - JSON generation date=Thu Jan 08 22:57:51 ICT 2026 (1767887871456)
2026-01-13 08:33:41,199 [FATAL] Updater:351 - Updater called before beeing initialized
2026-01-13 08:33:41,245 [WARN] DetailPanel:346 - Failed to get advertising image, set to default
2026-01-13 08:33:41,322 [FATAL] Updater:351 - Updater called before beeing initialized
2026-01-13 08:33:41,325 [FATAL] Updater:351 - Updater called before beeing initialized
2026-01-13 08:33:41,325 [FATAL] Updater:351 - Updater called before beeing initialized
2026-01-13 08:33:41,325 [WARN] DetailPanel:346 - Failed to get advertising image, set to default
2026-01-13 08:33:41,326 [FATAL] Updater:351 - Updater called before beeing initialized
2026-01-13 08:33:41,397 [ERROR] Updater:1198 - MainUpdater not yet initialized. External WinMGr cannot be set.
2026-01-13 08:33:41,418 [INFO] Updater:1134 - Updater Version found : 6.15.0
2026-01-13 08:33:41,455 [INFO] ApplicationProperties:184 - Using Application install path: C:\ST\STM32CubeIDE_1.16.1\STM32CubeIDE\plugins\com.st.stm32cube.common.mx_6.15.0.202507011659
2026-01-13 08:33:43,058 [ERROR] LogOutputStream:75 - [STDERR_REDIRECT] Jan 13, 2026 8:33:43 AM java.util.prefs.WindowsPreferences <init>
2026-01-13 08:33:43,060 [ERROR] LogOutputStream:75 - [STDERR_REDIRECT] WARNING: Could not open/create prefs root node Software\JavaSoft\Prefs at root 0xffffffff80000002. Windows RegCreateKeyEx(...) returned error code 5.
2026-01-13 08:33:43,060 [ERROR] LogOutputStream:75 - [STDERR_REDIRECT] 
2026-01-13 08:33:43,193 [INFO] ThirdPartyUpdaterWithRetryManager:70 - Updater plugin not ready yet. [3/15]
2026-01-13 08:33:43,967 [INFO] MainUpdater:2872 - connection check result : 10
2026-01-13 08:33:43,968 [INFO] MainUpdater:289 - Updater Check For Update Now.
2026-01-13 08:33:43,968 [INFO] MicroXplorer:498 - Change Database Version : DB.6.0.150
2026-01-13 08:33:44,024 [INFO] McuFinderGlobals:63 - Set McuFinder mode to 2 (CubeIDE integrated)
2026-01-13 08:33:44,054 [INFO] UserAuth:487 - Internet connection configuration mode: 1
2026-01-13 08:33:44,143 [INFO] JxBrowserEngine:152 - Initiate JxBrowser Engine with user profile folder
2026-01-13 08:33:44,280 [INFO] CheckServerUpdateThread:120 - End of CheckServer Thread
2026-01-13 08:33:46,015 [INFO] WebApp:169 - Instantiating new browser for Auth
2026-01-13 08:33:46,584 [WARN] PackLoader:240 - Cannot read IP mode file for STMicroelectronics.FP-SNS-MOTENVWB1.1.4.0
2026-01-13 08:33:46,616 [WARN] PackLoader:240 - Cannot read IP mode file for STMicroelectronics.FP-ATR-ASTRA1.2.0.2
2026-01-13 08:33:46,642 [WARN] PackLoader:240 - Cannot read IP mode file for STMicroelectronics.FP-ATR-ASTRA1.2.0.1
2026-01-13 08:33:46,673 [WARN] PackLoader:240 - Cannot read IP mode file for STMicroelectronics.X-CUBE-SMBUS.2.1.0
2026-01-13 08:33:46,705 [WARN] PackLoader:240 - Cannot read IP mode file for STMicroelectronics.X-CUBE-WB05N.1.1.0
2026-01-13 08:33:46,728 [WARN] PackLoader:240 - Cannot read IP mode file for STMicroelectronics.X-CUBE-ST60.1.0.0
2026-01-13 08:33:46,777 [WARN] PackLoader:240 - Cannot read IP mode file for STMicroelectronics.X-CUBE-AZRTOS-F7.1.1.0
2026-01-13 08:33:46,831 [WARN] PackLoader:240 - Cannot read IP mode file for STMicroelectronics.X-CUBE-MEMS1.11.0.0
2026-01-13 08:33:46,943 [WARN] PackLoader:240 - Cannot read IP mode file for STMicroelectronics.FP-SNS-MOTENV1.5.1.0
2026-01-13 08:33:46,959 [WARN] PackLoader:240 - Cannot read IP mode file for STMicroelectronics.FP-SNS-FLIGHT1.5.0.2
2026-01-13 08:33:46,989 [WARN] PackLoader:240 - Cannot read IP mode file for STMicroelectronics.X-CUBE-AZRTOS-H7.3.4.0
2026-01-13 08:33:47,008 [WARN] PackLoader:240 - Cannot read IP mode file for STMicroelectronics.X-CUBE-DISPLAY.3.0.0
2026-01-13 08:33:47,024 [WARN] PackLoader:240 - Cannot read IP mode file for STMicroelectronics.X-CUBE-BLE1.7.0.0
2026-01-13 08:33:47,040 [WARN] PackLoader:240 - Cannot read IP mode file for STMicroelectronics.X-CUBE-NFC10.1.0.0
2026-01-13 08:33:47,072 [WARN] PackLoader:240 - Cannot read IP mode file for STMicroelectronics.X-CUBE-BLEMGR.4.0.0
2026-01-13 08:33:47,122 [WARN] PackLoader:240 - Cannot read IP mode file for STMicroelectronics.X-CUBE-ST60.1.1.0
2026-01-13 08:33:47,152 [WARN] PackLoader:240 - Cannot read IP mode file for emotas.I-CUBE-CANOPEN.1.3.0
2026-01-13 08:33:47,168 [WARN] PackLoader:240 - Cannot read IP mode file for STMicroelectronics.X-CUBE-GNSS1.7.1.0
2026-01-13 08:33:47,189 [WARN] PackLoader:240 - Cannot read IP mode file for STMicroelectronics.X-CUBE-BLEMGR.3.1.0
2026-01-13 08:33:47,207 [WARN] PackLoader:240 - Cannot read IP mode file for STMicroelectronics.X-CUBE-AI.10.0.0
2026-01-13 08:33:47,227 [WARN] PackLoader:240 - Cannot read IP mode file for STMicroelectronics.FP-SNS-STBOX1.2.1.0
2026-01-13 08:33:47,245 [WARN] PackLoader:240 - Cannot read IP mode file for STMicroelectronics.FP-SNS-SMARTAG2.1.2.0
2026-01-13 08:33:47,261 [WARN] PackLoader:240 - Cannot read IP mode file for STMicroelectronics.FP-SNS-FLIGHT1.5.1.0
2026-01-13 08:33:47,307 [WARN] PackLoader:240 - Cannot read IP mode file for STMicroelectronics.X-CUBE-MEMS1.11.1.0
2026-01-13 08:33:47,411 [INFO] LogOutputStream:77 - [STDOUT_REDIRECT] 1 : Invalid condition id : UX_CORESTACK_Condition cause : null
2026-01-13 08:33:47,413 [INFO] LogOutputStream:77 - [STDOUT_REDIRECT] 1 : Invalid condition id : UX_CORESTACK_Condition cause : null
2026-01-13 08:33:47,417 [INFO] LogOutputStream:77 - [STDOUT_REDIRECT] 1 : Invalid condition id : UX_CORESTACK_Condition cause : null
2026-01-13 08:33:47,419 [INFO] LogOutputStream:77 - [STDOUT_REDIRECT] 1 : Invalid condition id : UX_CORESTACK_Condition cause : null
2026-01-13 08:33:47,421 [INFO] LogOutputStream:77 - [STDOUT_REDIRECT] 1 : Invalid condition id : UX_CORESTACK_Condition cause : null
2026-01-13 08:33:47,423 [WARN] PackLoader:240 - Cannot read IP mode file for STMicroelectronics.X-CUBE-AZRTOS-WL.2.0.0
2026-01-13 08:33:47,448 [WARN] PackLoader:240 - Cannot read IP mode file for STMicroelectronics.FP-SNS-MOTENV1.5.0.0
2026-01-13 08:33:47,485 [WARN] PackLoader:240 - Cannot read IP mode file for STMicroelectronics.X-CUBE-AZRTOS-H7RS.1.2.0
2026-01-13 08:33:47,502 [WARN] PackLoader:240 - Cannot read IP mode file for wolfSSL.I-CUBE-wolfMQTT.1.19.0
2026-01-13 08:33:47,525 [WARN] PackLoader:240 - Cannot read IP mode file for WES.I-CUBE-Cesium.1.3.0
2026-01-13 08:33:47,544 [WARN] PackLoader:240 - Cannot read IP mode file for STMicroelectronics.X-CUBE-BLE2.3.3.0
2026-01-13 08:33:47,561 [WARN] PackLoader:240 - Cannot read IP mode file for STMicroelectronics.X-CUBE-NFC9.1.0.0
2026-01-13 08:33:47,577 [WARN] PackLoader:240 - Cannot read IP mode file for STMicroelectronics.X-CUBE-BLE1.7.1.0
2026-01-13 08:33:47,594 [WARN] PackLoader:240 - Cannot read IP mode file for STMicroelectronics.X-CUBE-TCPP.4.1.0
2026-01-13 08:33:47,612 [WARN] PackLoader:240 - Cannot read IP mode file for STMicroelectronics.X-CUBE-FREERTOS.1.4.0
2026-01-13 08:33:47,630 [WARN] PackLoader:240 - Cannot read IP mode file for STMicroelectronics.X-CUBE-EEPRMA1.5.2.0
2026-01-13 08:33:47,667 [WARN] PackLoader:240 - Cannot read IP mode file for STMicroelectronics.X-CUBE-ST67W61.1.1.0
2026-01-13 08:33:47,685 [WARN] PackLoader:240 - Cannot read IP mode file for STMicroelectronics.X-CUBE-AI.10.1.0
2026-01-13 08:33:47,735 [WARN] PackLoader:240 - Cannot read IP mode file for STMicroelectronics.X-CUBE-MEMS1.12.0.0
2026-01-13 08:33:47,862 [WARN] PackLoader:240 - Cannot read IP mode file for STMicroelectronics.X-CUBE-MEMS1.11.2.0
2026-01-13 08:33:48,099 [WARN] PackLoader:240 - Cannot read IP mode file for STMicroelectronics.X-CUBE-AZRTOS-G0.1.1.0
2026-01-13 08:33:48,110 [INFO] WebApp:463 - Apply proxy settings
2026-01-13 08:33:48,110 [INFO] WebApp:548 - Chromium requires no authentication
2026-01-13 08:33:48,127 [WARN] PackLoader:240 - Cannot read IP mode file for STMicroelectronics.X-CUBE-SAFEA1.1.2.2
2026-01-13 08:33:48,160 [WARN] PackLoader:240 - Cannot read IP mode file for STMicroelectronics.X-CUBE-NFC4.3.0.0
2026-01-13 08:33:48,185 [WARN] PackLoader:240 - Cannot read IP mode file for EmbeddedOffice.I-CUBE-FS-RTOS.1.0.1
2026-01-13 08:33:48,194 [INFO] WebApp:491 - Direct internet connection detected
2026-01-13 08:33:48,207 [WARN] PackLoader:240 - Cannot read IP mode file for STMicroelectronics.X-CUBE-WB05N.2.0.0
2026-01-13 08:33:48,231 [WARN] PackLoader:240 - Cannot read IP mode file for STMicroelectronics.X-CUBE-TCPP.4.2.0
2026-01-13 08:33:48,257 [WARN] PackLoader:240 - Cannot read IP mode file for RealThread.X-CUBE-RT-Thread_Nano.4.1.1
2026-01-13 08:33:48,279 [WARN] PackLoader:240 - Cannot read IP mode file for STMicroelectronics.FP-ATR-SIGFOX1.3.2.0
2026-01-13 08:33:48,300 [WARN] ConditionMgr:438 - getConditionDescription Invalid condition id : Cortex-A Device cause : null
2026-01-13 08:33:48,339 [WARN] ConditionMgr:1044 - genDependencies : Invalid condition id : Cortex-A Device cause : null
2026-01-13 08:33:48,339 [WARN] ConditionMgr:1044 - genDependencies : Invalid condition id : Cortex-A Device cause : null
2026-01-13 08:33:48,340 [WARN] ConditionMgr:1044 - genDependencies : Invalid condition id : Cortex-A Device cause : null
2026-01-13 08:33:48,361 [WARN] PackLoader:240 - Cannot read IP mode file for STMicroelectronics.X-CUBE-EEPRMA1.5.1.0
2026-01-13 08:33:48,381 [WARN] PackLoader:240 - Cannot read IP mode file for wolfSSL.I-CUBE-wolfSSL.5.7.4
2026-01-13 08:33:48,403 [WARN] PackLoader:240 - Cannot read IP mode file for ITTIA_DB.I-CUBE-ITTIADB.8.9.0
2026-01-13 08:33:48,430 [WARN] PackLoader:240 - Cannot read IP mode file for STMicroelectronics.X-CUBE-ST67W61.1.0.0
2026-01-13 08:33:48,452 [WARN] PackLoader:240 - Cannot read IP mode file for STMicroelectronics.X-CUBE-AI.10.2.0
2026-01-13 08:33:48,459 [INFO] WebApp:900 - Register for checkConnection events
2026-01-13 08:33:48,460 [INFO] WebApp:463 - Apply proxy settings
2026-01-13 08:33:48,461 [INFO] WebApp:548 - Chromium requires no authentication
2026-01-13 08:33:48,462 [INFO] WebApp:491 - Direct internet connection detected
2026-01-13 08:33:48,500 [WARN] PackLoader:240 - Cannot read IP mode file for SEGGER.I-CUBE-embOS.1.3.1
2026-01-13 08:33:48,550 [WARN] PackLoader:240 - Cannot read IP mode file for STMicroelectronics.X-CUBE-ALGOBUILD.1.4.0
2026-01-13 08:33:48,623 [INFO] WebApp:191 - Connection restablished
2026-01-13 08:33:48,624 [WARN] PackLoader:240 - Cannot read IP mode file for STMicroelectronics.X-CUBE-MEMS1.11.3.0
2026-01-13 08:33:48,771 [WARN] PackLoader:240 - Cannot read IP mode file for STMicroelectronics.X-CUBE-AI.9.1.0
2026-01-13 08:33:48,794 [WARN] PackLoader:240 - Cannot read IP mode file for STMicroelectronics.X-CUBE-PM33A1.1.0.0
2026-01-13 08:33:48,842 [WARN] PackLoader:240 - Cannot read IP mode file for STMicroelectronics.X-CUBE-AZRTOS-F4.1.1.0
2026-01-13 08:33:48,866 [WARN] PackLoader:240 - Cannot read IP mode file for Avnet-IotConnect.X-CUBE-IoTC-DA16k-PMOD.1.0.0
2026-01-13 08:33:48,887 [WARN] PackLoader:240 - Cannot read IP mode file for STMicroelectronics.X-CUBE-ISPU.2.1.0
2026-01-13 08:33:48,920 [WARN] PackLoader:240 - Cannot read IP mode file for STMicroelectronics.X-CUBE-IPS.3.2.0
2026-01-13 08:33:48,953 [WARN] PackLoader:240 - Cannot read IP mode file for STMicroelectronics.X-CUBE-FREERTOS.1.2.0
2026-01-13 08:33:48,981 [WARN] PackLoader:240 - Cannot read IP mode file for STMicroelectronics.X-CUBE-NFC12.1.0.0
2026-01-13 08:33:49,024 [WARN] PackLoader:240 - Cannot read IP mode file for STMicroelectronics.X-CUBE-AZRTOS-L5.2.0.0
2026-01-13 08:33:49,047 [WARN] PackLoader:240 - Cannot read IP mode file for STMicroelectronics.X-CUBE-NFC6.3.1.0
2026-01-13 08:33:49,070 [WARN] PackLoader:240 - Cannot read IP mode file for STMicroelectronics.X-CUBE-DPower.1.2.0
2026-01-13 08:33:49,090 [WARN] PackLoader:240 - Cannot read IP mode file for STMicroelectronics.X-CUBE-FREERTOS.1.3.1
2026-01-13 08:33:49,108 [WARN] PackLoader:240 - Cannot read IP mode file for STMicroelectronics.X-CUBE-FREERTOS.1.3.0
2026-01-13 08:33:49,127 [WARN] PackLoader:240 - Cannot read IP mode file for STMicroelectronics.X-CUBE-NFC7.1.0.1
2026-01-13 08:33:49,153 [WARN] PackLoader:240 - Cannot read IP mode file for STMicroelectronics.X-CUBE-TOUCHGFX.4.26.0
2026-01-13 08:33:49,172 [WARN] PackLoader:240 - Cannot read IP mode file for STMicroelectronics.FP-SNS-STAIOTCFT.1.0.0
2026-01-13 08:33:49,189 [WARN] PackLoader:240 - Cannot read IP mode file for STMicroelectronics.X-CUBE-DPower.1.3.0
2026-01-13 08:33:49,221 [WARN] ConditionMgr:438 - getConditionDescription Invalid condition id : LAN8742 Phy interface Condition cause : null
2026-01-13 08:33:49,221 [WARN] PackLoader:240 - Cannot read IP mode file for STMicroelectronics.X-CUBE-AZRTOS-L4.2.0.0
2026-01-13 08:33:49,222 [WARN] ConditionMgr:1044 - genDependencies : Invalid condition id : LAN8742 Phy interface Condition cause : null
2026-01-13 08:33:49,222 [WARN] ConditionMgr:1044 - genDependencies : Invalid condition id : LAN8742 Phy interface Condition cause : null
2026-01-13 08:33:49,223 [WARN] ConditionMgr:1044 - genDependencies : Invalid condition id : LAN8742 Phy interface Condition cause : null
2026-01-13 08:33:49,244 [WARN] PackLoader:240 - Cannot read IP mode file for STMicroelectronics.X-CUBE-SFXS2LP1.4.0.0
2026-01-13 08:33:49,277 [WARN] PackLoader:240 - Cannot read IP mode file for STMicroelectronics.X-CUBE-AZRTOS-H7.3.3.0
2026-01-13 08:33:49,301 [WARN] PackLoader:240 - Cannot read IP mode file for STMicroelectronics.X-CUBE-BLEMGR.4.1.0
2026-01-13 08:33:49,322 [WARN] PackLoader:240 - Cannot read IP mode file for STMicroelectronics.X-CUBE-IPS.3.0.0
2026-01-13 08:33:49,350 [WARN] ConditionMgr:438 - getConditionDescription Invalid condition id : UX DEVICE CLASS RTOS Condition cause : null
2026-01-13 08:33:49,351 [WARN] ConditionMgr:438 - getConditionDescription Invalid condition id : UX DEVICE CLASS RTOS Condition cause : null
2026-01-13 08:33:49,352 [WARN] PackLoader:240 - Cannot read IP mode file for STMicroelectronics.X-CUBE-AZRTOS-WB.2.0.0
2026-01-13 08:33:49,352 [WARN] ConditionMgr:1044 - genDependencies : Invalid condition id : UX DEVICE CLASS RTOS Condition cause : null
2026-01-13 08:33:49,352 [WARN] ConditionMgr:1044 - genDependencies : Invalid condition id : UX DEVICE CLASS RTOS Condition cause : null
2026-01-13 08:33:49,352 [WARN] ConditionMgr:1044 - genDependencies : Invalid condition id : UX DEVICE CLASS RTOS Condition cause : null
2026-01-13 08:33:49,352 [WARN] ConditionMgr:1044 - genDependencies : Invalid condition id : UX DEVICE CLASS RTOS Condition cause : null
2026-01-13 08:33:49,352 [WARN] ConditionMgr:1044 - genDependencies : Invalid condition id : UX DEVICE CLASS RTOS Condition cause : null
2026-01-13 08:33:49,375 [WARN] PackLoader:240 - Cannot read IP mode file for STMicroelectronics.X-CUBE-GNSS1.7.0.0
2026-01-13 08:33:49,393 [WARN] PackLoader:240 - Cannot read IP mode file for STMicroelectronics.X-CUBE-GNSS1.7.0.1
2026-01-13 08:33:49,411 [WARN] PackLoader:240 - Cannot read IP mode file for STMicroelectronics.X-CUBE-TOUCHGFX.4.25.0
2026-01-13 08:33:49,428 [WARN] PackLoader:240 - Cannot read IP mode file for STMicroelectronics.FP-SNS-STBOX1.2.0.0
2026-01-13 08:33:49,450 [WARN] PackLoader:240 - Cannot read IP mode file for STMicroelectronics.X-CUBE-SUBG2.5.0.0
2026-01-13 08:33:49,484 [WARN] PackLoader:240 - Cannot read IP mode file for STMicroelectronics.X-CUBE-AZRTOS-H7RS.1.1.0
2026-01-13 08:33:49,502 [WARN] PackLoader:240 - Cannot read IP mode file for Cesanta.I-CUBE-Mongoose.7.13.0
2026-01-13 08:33:49,542 [WARN] PackLoader:240 - Cannot read IP mode file for STMicroelectronics.X-CUBE-AZRTOS-G4.2.0.0
2026-01-13 08:33:49,570 [WARN] PackLoader:240 - Cannot read IP mode file for STMicroelectronics.X-CUBE-NFC7.2.0.0
2026-01-13 08:33:49,598 [WARN] PackLoader:240 - Cannot read IP mode file for STMicroelectronics.X-CUBE-IPS.3.1.0
2026-01-13 08:33:49,627 [WARN] PackLoader:240 - Cannot read IP mode file for STMicroelectronics.X-CUBE-ALS.1.0.2
2026-01-13 08:33:49,649 [WARN] PackLoader:240 - Cannot read IP mode file for STMicroelectronics.X-CUBE-TOUCHGFX.4.24.2
2026-01-13 08:33:49,676 [WARN] PackLoader:240 - Cannot read IP mode file for STMicroelectronics.X-CUBE-TOUCHGFX.4.24.1
2026-01-13 08:33:49,698 [WARN] PackLoader:240 - Cannot read IP mode file for STMicroelectronics.X-CUBE-STSE01.1.0.0
2026-01-13 08:33:49,718 [WARN] PackLoader:240 - Cannot read IP mode file for wolfSSL.I-CUBE-wolfTPM.3.4.0
2026-01-13 08:33:49,740 [WARN] PackLoader:240 - Cannot read IP mode file for portGmbH.I-Cube-SoM-uGOAL.1.1.0
2026-01-13 08:33:49,782 [WARN] PackLoader:240 - Cannot read IP mode file for STMicroelectronics.X-CUBE-AZRTOS-H7RS.1.0.0
2026-01-13 08:33:49,782 [INFO] WebApp:225 - Starting web application
2026-01-13 08:33:49,783 [INFO] WebApp:593 - Web application path used C:\ST\STM32CubeIDE_1.16.1\STM32CubeIDE\plugins\com.st.stm32cube.common.mx_6.15.0.202507011659\db\plugins\mcufinder\reactClient1\index.html
2026-01-13 08:33:49,812 [WARN] PackLoader:240 - Cannot read IP mode file for STMicroelectronics.FP-ATR-ASTRA1.2.0.0
2026-01-13 08:33:49,849 [WARN] PackLoader:240 - Cannot read IP mode file for STMicroelectronics.X-CUBE-TOF1.3.4.2
2026-01-13 08:33:49,890 [WARN] PackLoader:240 - Cannot read IP mode file for STMicroelectronics.X-CUBE-TOF1.3.4.3
2026-01-13 08:33:49,939 [WARN] PackLoader:240 - Cannot read IP mode file for Infineon.AIROC-Wi-Fi-Bluetooth-STM32.1.6.1
2026-01-13 08:33:49,968 [WARN] PackLoader:240 - Cannot read IP mode file for wolfSSL.I-CUBE-wolfSSH.1.4.17
2026-01-13 08:33:49,969 [INFO] ThirdParty:978 - Integrity check success = true
2026-01-13 08:33:49,970 [INFO] IntegrityCheckThread:100 - exiting critical section [integrity check]
2026-01-13 08:33:49,970 [INFO] IntegrityCheckThread:103 - End integrity checks thread
2026-01-13 08:33:50,024 [INFO] UserAuth:487 - Internet connection configuration mode: 1
2026-01-13 08:35:50,031 [INFO] WebApp:194 - Connection lost
2026-01-13 08:35:50,207 [INFO] WebApp:191 - Connection restablished
2026-01-13 08:37:11,561 [INFO] WebApp:194 - Connection lost
2026-01-13 08:37:11,743 [INFO] WebApp:191 - Connection restablished
2026-01-13 08:38:11,140 [INFO] WebApp:194 - Connection lost
2026-01-13 08:38:11,312 [INFO] WebApp:191 - Connection restablished
2026-01-13 08:40:09,346 [INFO] McuFinderGlobals:63 - Set McuFinder mode to 2 (CubeIDE integrated)
2026-01-13 08:40:09,412 [INFO] MainUpdater:2872 - connection check result : 10
2026-01-13 08:40:09,429 [INFO] MainUpdater:2872 - connection check result : 10
2026-01-13 08:40:09,774 [INFO] MicroXplorer:468 - Change Database Path : 
2026-01-13 08:40:09,774 [INFO] MicroXplorer:498 - Change Database Version : DB.6.0.150
2026-01-13 08:40:09,782 [WARN] ThirdParty:871 - waiting for thirdparty lock release [close project]
2026-01-13 08:40:09,782 [INFO] ThirdParty:873 - entering critical section [close project]
2026-01-13 08:40:09,816 [INFO] ThirdParty:883 - exiting critical section [close project]
2026-01-13 08:40:09,818 [INFO] PinOutPanel:1589 - setPackage(No Configuration,No Configuration)
2026-01-13 08:40:09,819 [INFO] UtilMem:75 - Begin LoadConfig() Used Memory: 707563832 Bytes (1073741824)
2026-01-13 08:40:09,821 [INFO] MicroXplorer:468 - Change Database Path : 
2026-01-13 08:40:09,821 [INFO] MicroXplorer:498 - Change Database Version : DB.6.0.150
2026-01-13 08:40:09,821 [INFO] OpenFileManager:355 - Change cursor
2026-01-13 08:40:09,889 [INFO] Mcu:2029 - Initializing MCU STM32F767ZITx STM32F767ZITx STM32F767ZIT6
2026-01-13 08:40:13,139 [INFO] Context:786 - Trying to add GPIOservice into a context  which must be forbidden
2026-01-13 08:40:14,033 [INFO] ImportTextPane:234 - (OptionalMessage_ERROR) Pin15 (VP_RIF_VS_RIF1) cannot be retrieved for this MCU
2026-01-13 08:40:14,258 [INFO] RtosManager:558 - Registered RTOS mode: class=CMSIS, group=RTOS, mode=CMSIS_V1, owner=FREERTOS
2026-01-13 08:40:14,258 [INFO] RtosManager:558 - Registered RTOS mode: class=CMSIS, group=RTOS2, mode=CMSIS_V2, owner=FREERTOS
2026-01-13 08:40:14,258 [INFO] RtosManager:558 - Registered RTOS mode: class=RTOS, group=Core, mode=CMSIS_V1, owner=FREERTOS
2026-01-13 08:40:14,258 [INFO] RtosManager:558 - Registered RTOS mode: class=RTOS, group=Core, mode=CMSIS_V2, owner=FREERTOS
2026-01-13 08:40:14,258 [WARN] ModelIntegratedComponent:184 - Missing modes for component STMicroelectronics:FreeRTOS:0.0.1:STMicroelectronics:RTOS:FreeRTOS:Core:::10.2.0:
2026-01-13 08:40:14,270 [WARN] ModelIntegratedComponent:63 - No mode defined for component null
2026-01-13 08:40:14,270 [WARN] ModelIntegratedComponent:63 - No mode defined for component null
2026-01-13 08:40:14,270 [WARN] ModelIntegratedComponent:63 - No mode defined for component null
2026-01-13 08:40:14,270 [WARN] ModelIntegratedComponent:63 - No mode defined for component null
2026-01-13 08:40:14,270 [WARN] ModelIntegratedComponent:63 - No mode defined for component null
2026-01-13 08:40:14,270 [WARN] ModelIntegratedComponent:63 - No mode defined for component null
2026-01-13 08:40:14,270 [WARN] ModelIntegratedComponent:63 - No mode defined for component null
2026-01-13 08:40:14,270 [WARN] ModelIntegratedComponent:63 - No mode defined for component null
2026-01-13 08:40:14,270 [WARN] ModelIntegratedComponent:63 - No mode defined for component null
2026-01-13 08:40:14,270 [WARN] ModelIntegratedComponent:63 - No mode defined for component null
2026-01-13 08:40:14,270 [WARN] ModelIntegratedComponent:63 - No mode defined for component null
2026-01-13 08:40:14,270 [WARN] ModelIntegratedComponent:63 - No mode defined for component null
2026-01-13 08:40:14,270 [WARN] ModelIntegratedComponent:63 - No mode defined for component null
2026-01-13 08:40:14,270 [WARN] ModelIntegratedComponent:63 - No mode defined for component null
2026-01-13 08:40:14,270 [WARN] ModelIntegratedComponent:63 - No mode defined for component null
2026-01-13 08:40:14,270 [WARN] ModelIntegratedComponent:63 - No mode defined for component null
2026-01-13 08:40:14,270 [WARN] ModelIntegratedComponent:63 - No mode defined for component null
2026-01-13 08:40:14,270 [WARN] ModelIntegratedComponent:63 - No mode defined for component null
2026-01-13 08:40:14,270 [WARN] ModelIntegratedComponent:63 - No mode defined for component null
2026-01-13 08:40:14,270 [WARN] ModelIntegratedComponent:63 - No mode defined for component null
2026-01-13 08:40:14,271 [WARN] ModelIntegratedComponent:63 - No mode defined for component null
2026-01-13 08:40:14,271 [WARN] ModelIntegratedComponent:63 - No mode defined for component null
2026-01-13 08:40:14,271 [WARN] ModelIntegratedComponent:63 - No mode defined for component null
2026-01-13 08:40:14,271 [WARN] ModelIntegratedComponent:63 - No mode defined for component null
2026-01-13 08:40:14,271 [WARN] ModelIntegratedComponent:63 - No mode defined for component null
2026-01-13 08:40:14,271 [WARN] ModelIntegratedComponent:63 - No mode defined for component null
2026-01-13 08:40:14,271 [WARN] ModelIntegratedComponent:63 - No mode defined for component null
2026-01-13 08:40:14,271 [WARN] ModelIntegratedComponent:63 - No mode defined for component null
2026-01-13 08:40:14,271 [WARN] ModelIntegratedComponent:63 - No mode defined for component null
2026-01-13 08:40:14,271 [WARN] ModelIntegratedComponent:63 - No mode defined for component null
2026-01-13 08:40:14,271 [WARN] ModelIntegratedComponent:63 - No mode defined for component null
2026-01-13 08:40:14,271 [WARN] ModelIntegratedComponent:63 - No mode defined for component null
2026-01-13 08:40:14,271 [WARN] ModelIntegratedComponent:63 - No mode defined for component null
2026-01-13 08:40:14,271 [WARN] ModelIntegratedComponent:63 - No mode defined for component null
2026-01-13 08:40:14,271 [WARN] ModelIntegratedComponent:63 - No mode defined for component null
2026-01-13 08:40:14,272 [WARN] ModelPack:524 - Component already loaded: STMicroelectronics:HAL Drivers:0.0.0:STMicroelectronics:Device:STMicro_Driver:XSPI:HAL::0.0.1:HAL_XSPI
2026-01-13 08:40:14,550 [INFO] ThirdPartyModel:298 - Start build external matchings
2026-01-13 08:40:16,118 [INFO] ThirdPartyModel:316 - End build external matchings
2026-01-13 08:40:16,161 [WARN] IP:2250 - Warning not found: check if there is a RefParameter without a condition.
2026-01-13 08:40:16,161 [WARN] IP:2250 - RxBufferAddress not found: check if there is a RefParameter without a condition.
2026-01-13 08:40:16,161 [WARN] IP:2250 - DESC_SIZE_UNIT not found: check if there is a RefParameter without a condition.
2026-01-13 08:40:16,164 [WARN] IP:2250 - CMSIS_VERSION not found: check if there is a RefParameter without a condition.
2026-01-13 08:40:16,172 [WARN] IP:2250 - LWIP_NETIF_HOSTNAME_NAME not found: check if there is a RefParameter without a condition.
2026-01-13 08:40:16,200 [INFO] ImportTextPane:234 - (OptionalMessage_ERROR) IP (RCC) : Invalid parameter (FamilyName)
2026-01-13 08:40:16,201 [INFO] ImportTextPane:234 - (OptionalMessage_ERROR) IP (RCC) : Parameter (RNGFreq_Value) has invalid value (216000000)
2026-01-13 08:40:16,201 [INFO] ImportTextPane:234 - (OptionalMessage_ERROR) IP (RCC) : Parameter (SDMMC2Freq_Value) has invalid value (216000000)
2026-01-13 08:40:16,201 [INFO] ImportTextPane:234 - (OptionalMessage_ERROR) IP (RCC) : Parameter (SDMMCFreq_Value) has invalid value (216000000)
2026-01-13 08:40:16,201 [INFO] ImportTextPane:234 - (OptionalMessage_ERROR) IP (RCC) : Parameter (USBFreq_Value) has invalid value (216000000)
2026-01-13 08:40:17,530 [INFO] ApiDb:581 - Connected to CubeFinder SQLite database (C:\Users\Chinnapop\.stmcufinder\plugins\mcufinder\mcu\cube-finder-db.db)
2026-01-13 08:40:17,654 [INFO] ApiDb:668 - CubeFinder database Data Model version=2.1
2026-01-13 08:40:17,654 [INFO] ApiDb:669 - CubeFinder database Configuration version=3.0.39
2026-01-13 08:40:17,654 [INFO] ApiDb:670 - CubeFinder database generation date=2025-12-22 (1766407740)
2026-01-13 08:40:17,654 [INFO] ApiDb:671 - CubeFinder database FW Pack versions=[FP-ATR-ASTRA1_V2.0.0, FP-SNS-FLIGHT1_V5.1.0, FP-SNS-MOTENV1_V5.1.0, FP-SNS-MOTENVWB1_V1.4.0, FP-SNS-SMARTAG2_V1.2.0, FP-SNS-STBOX1_V2.1.0, STM32Cube_FW_C0_V1.4.0, STM32Cube_FW_F4_V1.28.3, STM32Cube_FW_F7_V1.17.4, STM32Cube_FW_G0_V1.6.2, STM32Cube_FW_G4_V1.6.1, STM32Cube_FW_H5_V1.5.1, STM32Cube_FW_H7RS_V1.3.0, STM32Cube_FW_H7_V1.12.1, STM32Cube_FW_L0_V1.12.2, STM32Cube_FW_L4_V1.18.1, STM32Cube_FW_L5_V1.6.0, STM32Cube_FW_N6_V1.3.0, STM32Cube_FW_U0_V1.3.0, STM32Cube_FW_U3_V1.2.1, STM32Cube_FW_U5_V1.8.0, STM32Cube_FW_WB0_V1.4.0, STM32Cube_FW_WBA_V1.8.0, STM32Cube_FW_WB_V1.24.0, STM32Cube_FW_WL3_V1.3.0, STM32Cube_FW_WL_V1.4.0, X-CUBE-ALGOBUILD_V1.4.0, X-CUBE-ALS_V1.0.2, X-CUBE-AZRTOS-F4_V1.1.0, X-CUBE-AZRTOS-F7_V1.1.0, X-CUBE-AZRTOS-G0_V1.1.0, X-CUBE-AZRTOS-G4_V2.0.0, X-CUBE-AZRTOS-H7RS_V1.1.0, X-CUBE-AZRTOS-H7_V3.4.0, X-CUBE-AZRTOS-L4_V2.0.0, X-CUBE-AZRTOS-L5_V2.0.0, X-CUBE-AZRTOS-WB_V2.0.0, X-CUBE-AZRTOS-WL_V2.0.0, X-CUBE-BLE1_V7.1.0, X-CUBE-BLE2_V3.3.0, X-CUBE-BLEMGR_V4.1.0, X-CUBE-EEPRMA1_V5.2.0, X-CUBE-FREERTOS_V1.3.1, X-CUBE-GNSS1_V6.0.0, X-CUBE-MEMS1_V12.0.0, X-CUBE-NFC4_V3.0.0, X-CUBE-NFC7_V2.0.0, X-CUBE-SFXS2LP1_V4.0.0, X-CUBE-ST67W61_V1.1.0, X-CUBE-SUBG2_V5.0.0, X-CUBE-TOF1_V3.4.3]
2026-01-13 08:40:17,794 [INFO] DbBoardsSqlite:226 - include board P-NUCLEO-WB55-NUCLEO as a kit item of type 'Nucleo-64'
2026-01-13 08:40:17,794 [INFO] DbBoardsSqlite:226 - include board P-NUCLEO-WB55-USBDONGLE as a kit item of type 'Nucleo USB Dongle'
2026-01-13 08:40:17,797 [INFO] DbBoardsSqlite:226 - include board STEVAL-IDP005V1 as a kit item of type 'Evaluation Board'
2026-01-13 08:40:17,797 [INFO] DbBoardsSqlite:226 - include board STEVAL-IDP005V2 as a kit item of type 'Evaluation Board'
2026-01-13 08:40:18,187 [INFO] ApiDb:240 - Found 880 in-development CPN: [B-G473E-ZEST1S, B-WB1M-WPAN1, B-WBA5M-WPAN, B-WL5M-SUBG1, NUCLEO-C031C6, NUCLEO-C051C8, NUCLEO-C071RB, NUCLEO-C092RC, NUCLEO-H503RB, NUCLEO-H533RE, NUCLEO-H563ZI, NUCLEO-H7S3L8, NUCLEO-N657X0-Q, NUCLEO-U031R8, NUCLEO-U083RC, NUCLEO-U385RG-Q, NUCLEO-U545RE-Q, NUCLEO-U5A5ZJ-Q, NUCLEO-WB05KZ, NUCLEO-WB07CC, NUCLEO-WB09KE, NUCLEO-WBA52CG, NUCLEO-WBA55CG, NUCLEO-WL33CC1, NUCLEO-WL33CC2, STEVAL-PROTEUS1, STEVAL-SMARTAG2, STEVAL-STWINBX1, STM320518-EVAL, STM32C0116-DK, STM32C011D6Y3TR, STM32C011D6Y6TR, STM32C011F4P3, STM32C011F4P6, STM32C011F4U3, STM32C011F4U6TR, STM32C011F6P3, STM32C011F6P6, STM32C011F6U3, STM32C011F6U6TR, STM32C011J4M3, STM32C011J4M6, STM32C011J6M3, STM32C011J6M6, STM32C0316-DK, STM32C031C4T3, STM32C031C4T6, STM32C031C4U3, STM32C031C4U6, STM32C031C6T3, STM32C031C6T6, STM32C031C6U3, STM32C031C6U6, STM32C031F4P3, STM32C031F4P6, STM32C031F6P3, STM32C031F6P6, STM32C031G4U3, STM32C031G4U6, STM32C031G6U3, STM32C031G6U6, STM32C031K4T3, STM32C031K4T6, STM32C031K4U3, STM32C031K4U6, STM32C031K6T3, STM32C031K6T6, STM32C031K6U3, STM32C031K6U6, STM32C051C6T6, STM32C051C6U6, STM32C051C8T6, STM32C051C8U6, STM32C051D8Y6TR, STM32C051F6P6, STM32C051F8P6, STM32C051G6U6, STM32C051G8U6, STM32C051K6T6, STM32C051K6U6, STM32C051K8T6, STM32C071C8T6, STM32C071C8T6N, STM32C071C8U6, STM32C071C8U6N, STM32C071CBT6, STM32C071CBT6N, STM32C071CBU6, STM32C071CBU6N, STM32C071F8P6, STM32C071F8P6N, STM32C071FBP6, STM32C071FBP6N, STM32C071FBY6TR, STM32C071G8U6, STM32C071G8U6N, STM32C071GBU6, STM32C071GBU6N, STM32C071K8T6, STM32C071K8T6N, STM32C071K8U6, STM32C071K8U6N, STM32C071KBT6, STM32C071KBT6N, STM32C071KBU6, STM32C071KBU6N, STM32C071R8T6, STM32C071R8T6N, STM32C071RBI6N, STM32C071RBT6, STM32C071RBT6N, STM32C091CBT6, STM32C091CBU6, STM32C091CCT6, STM32C091CCU6, STM32C091ECY6TR, STM32C091FBP6, STM32C091FCP6, STM32C091GBU6, STM32C091GCU6, STM32C091KBT6, STM32C091KBU6, STM32C091KCT6, STM32C091KCU6, STM32C091RBT6, STM32C091RCI6, STM32C091RCT6, STM32C092CBT6, STM32C092CBU6, STM32C092CCT6, STM32C092CCU6, STM32C092ECY6TR, STM32C092FBP6, STM32C092FCP6, STM32C092GBU6, STM32C092GCU6, STM32C092KBT6, STM32C092KBU6, STM32C092KCT6, STM32C092KCU6, STM32C092RBT6, STM32C092RCI6, STM32C092RCT6, STM32G071K8TXN, STM32G071K8UXN, STM32G081GBU6N, STM32G081KBT6N, STM32G081KBUXN, STM32G0B1CCT6N, STM32G0B1KCT6, STM32G0B1NEY6TR, STM32G0B1RCT6N, STM32G0C1CCT6, STM32G0C1CCT6N, STM32G0C1CCU6N, STM32G0C1CET6N, STM32G0C1CEU6N, STM32G0C1KCT6, STM32G0C1NEY6TR, STM32G0C1RCI6N, STM32G0C1RCT6N, STM32G0C1REI6N, STM32G0C1RET6N, STM32G0C1VCI6, STM32G0C1VEI6, STM32G411C6T3, STM32G411C6T6, STM32G411C6U3, STM32G411C6U6, STM32G411C8T3, STM32G411C8T6, STM32G411C8U3, STM32G411C8U6, STM32G411CBT3, STM32G411CBT6, STM32G411CBU3, STM32G411CBU6, STM32G411K6T3, STM32G411K6T6, STM32G411K6U3, STM32G411K6U6, STM32G411K8T3, STM32G411K8T6, STM32G411K8U3, STM32G411K8U6, STM32G411KBT3, STM32G411KBT6, STM32G411KBU3, STM32G411KBU6, STM32G411M6T3, STM32G411M6T6, STM32G411M8T3, STM32G411M8T6, STM32G411MBT3, STM32G411MBT6, STM32G411R6T3, STM32G411R6T6, STM32G411R8T3, STM32G411R8T6, STM32G411RBT3, STM32G411RBT6, STM32G414CBT3, STM32G414CBT6, STM32G414CBU3, STM32G414CBU6, STM32G414CCT3, STM32G414CCT6, STM32G414CCU3, STM32G414CCU6, STM32G414MBT3, STM32G414MBT6, STM32G414MCT3, STM32G414MCT6, STM32G414RBT3, STM32G414RBT6, STM32G414RCT3, STM32G414RCT6, STM32G414VBT3, STM32G414VBT6, STM32G414VCT3, STM32G414VCT6, STM32G431CBT3Z, STM32G431RBT3Z, STM32G471CCT6, STM32G471CCU6, STM32G471CET3, STM32G471CET6, STM32G471CEU3, STM32G471CEU6, STM32G471MCT6, STM32G471MET3, STM32G471MET6, STM32G471MEY6TR, STM32G471QCT6, STM32G471QET3, STM32G471RCT6, STM32G471RET3, STM32G471RET6, STM32G471VCH6, STM32G471VCI6, STM32G471VCT6, STM32G471VEH3, STM32G471VEH6, STM32G471VEI3, STM32G471VEI6, STM32G471VET3, STM32G471VET6, STM32G473QET3Z, STM32G473RET3Z, STM32G474CCT6, STM32G491RET3Z, STM32H503CBT6, STM32H503CBU6, STM32H503EBY6TR, STM32H503KBU6, STM32H503RBT6, STM32H523CCT6, STM32H523CCU6, STM32H523CET6, STM32H523CEU6, STM32H523HEY6TR, STM32H523RCT6, STM32H523RET6, STM32H523VCI6, STM32H523VCT6, STM32H523VEI6, STM32H523VET6, STM32H523ZCJ6, STM32H523ZCT6, STM32H523ZEJ6, STM32H523ZET6, STM32H533CET6, STM32H533CEU6, STM32H533HEY6TR, STM32H533RET6, STM32H533VEI6, STM32H533VET6, STM32H533ZEJ6, STM32H533ZET6, STM32H562AGI6, STM32H562AII6, STM32H562IGK6, STM32H562IGT6, STM32H562IIK6, STM32H562IIT6, STM32H562RGT6, STM32H562RGV6, STM32H562RIT6, STM32H562RIV6, STM32H562VGT6, STM32H562VIT6, STM32H562ZGT6, STM32H562ZIT6, STM32H563AGI6, STM32H563AII3Q, STM32H563AII6, STM32H563IGK6, STM32H563IGT6, STM32H563IIK3Q, STM32H563IIK6, STM32H563IIT3Q, STM32H563IIT6, STM32H563MIY3QTR, STM32H563RGT6, STM32H563RGV6, STM32H563RIT6, STM32H563RIV6, STM32H563VGT6, STM32H563VIT3Q, STM32H563VIT6, STM32H563ZGT6, STM32H563ZIT3Q, STM32H563ZIT6, STM32H573AII3Q, STM32H573AII6, STM32H573I-DK, STM32H573IIK3Q, STM32H573IIK6, STM32H573IIT3Q, STM32H573IIT6, STM32H573MIY3QTR, STM32H573RIT6, STM32H573RIV6, STM32H573VIT3Q, STM32H573VIT6, STM32H573ZIT3Q, STM32H573ZIT6, STM32H7R3A8I6, STM32H7R3I8K6, STM32H7R3I8T6, STM32H7R3L8H6, STM32H7R3L8H6H, STM32H7R3R8V6, STM32H7R3V8H6, STM32H7R3V8T6, STM32H7R3V8Y6TR, STM32H7R3Z8J6, STM32H7R3Z8T6, STM32H7R7A8I6, STM32H7R7I8K6, STM32H7R7I8T6, STM32H7R7L8H6, STM32H7R7L8H6H, STM32H7R7Z8J6, STM32H7S3A8I6, STM32H7S3I8K6, STM32H7S3I8T6, STM32H7S3L8H6, STM32H7S3L8H6H, STM32H7S3R8V6, STM32H7S3V8H6, STM32H7S3V8T6, STM32H7S3V8Y6TR, STM32H7S3Z8J6, STM32H7S3Z8T6, STM32H7S78-DK, STM32H7S7A8I6, STM32H7S7I8K6, STM32H7S7I8T6, STM32H7S7L8H6, STM32H7S7L8H6H, STM32H7S7Z8J6, STM32L4R5QGI6STR, STM32MP131AAE3, STM32MP131AAF3, STM32MP131AAG3, STM32MP131CAE3, STM32MP131CAF3, STM32MP131CAG3, STM32MP131DAE7, STM32MP131DAF7, STM32MP131DAG7, STM32MP131FAE7, STM32MP131FAF7, STM32MP131FAG7, STM32MP133AAE3, STM32MP133AAF3, STM32MP133AAG3, STM32MP133CAE3, STM32MP133CAF3, STM32MP133CAG3, STM32MP133DAE7, STM32MP133DAF7, STM32MP133DAG7, STM32MP133FAE7, STM32MP133FAF7, STM32MP133FAG7, STM32MP135AAE3, STM32MP135AAF3, STM32MP135AAG3, STM32MP135CAE3, STM32MP135CAF3, STM32MP135CAG3, STM32MP135DAE7, STM32MP135DAF7, STM32MP135DAG7, STM32MP135F-DK, STM32MP135FAE7, STM32MP135FAF7, STM32MP135FAF7T, STM32MP135FAF7U, STM32MP135FAG7, STM32MP211AAL3, STM32MP211AAM3, STM32MP211AAN3, STM32MP211AAO3, STM32MP211CAL3, STM32MP211CAM3, STM32MP211CAN3, STM32MP211CAO3, STM32MP211DAL3, STM32MP211DAM3, STM32MP211DAN3, STM32MP211DAO3, STM32MP211FAL3, STM32MP211FAM3, STM32MP211FAN3, STM32MP211FAO3, STM32MP213AAL3, STM32MP213AAM3, STM32MP213AAN3, STM32MP213AAO3, STM32MP213CAL3, STM32MP213CAM3, STM32MP213CAN3, STM32MP213CAO3, STM32MP213DAL3, STM32MP213DAM3, STM32MP213DAN3, STM32MP213DAO3, STM32MP213FAL3, STM32MP213FAM3, STM32MP213FAN3, STM32MP213FAO3, STM32MP215AAL3, STM32MP215AAM3, STM32MP215AAN3, STM32MP215AAO3, STM32MP215CAL3, STM32MP215CAM3, STM32MP215CAN3, STM32MP215CAO3, STM32MP215DAL3, STM32MP215DAM3, STM32MP215DAN3, STM32MP215DAO3, STM32MP215F-DK, STM32MP215FAL3, STM32MP215FAM3, STM32MP215FAN3, STM32MP215FAO3, STM32MP231AAJ3, STM32MP231AAK3, STM32MP231AAL3, STM32MP231CAJ3, STM32MP231CAK3, STM32MP231CAL3, STM32MP231DAJ3, STM32MP231DAK3, STM32MP231DAL3, STM32MP231FAJ3, STM32MP231FAK3, STM32MP231FAL3, STM32MP233AAJ3, STM32MP233AAK3, STM32MP233AAL3, STM32MP233CAJ3, STM32MP233CAK3, STM32MP233CAL3, STM32MP233DAJ3, STM32MP233DAK3, STM32MP233DAL3, STM32MP233FAJ3, STM32MP233FAK3, STM32MP233FAL3, STM32MP235AAJ3, STM32MP235AAK3, STM32MP235AAL3, STM32MP235CAJ3, STM32MP235CAK3, STM32MP235CAL3, STM32MP235DAJ3, STM32MP235DAK3, STM32MP235DAL3, STM32MP235FAJ3, STM32MP235FAK3, STM32MP235FAL3, STM32MP251AAI3, STM32MP251AAK3, STM32MP251AAL3, STM32MP251CAI3, STM32MP251CAK3, STM32MP251CAL3, STM32MP251DAI3, STM32MP251DAK3, STM32MP251DAL3, STM32MP251FAI3, STM32MP251FAK3, STM32MP251FAL3, STM32MP253AAI3, STM32MP253AAK3, STM32MP253AAL3, STM32MP253CAI3, STM32MP253CAK3, STM32MP253CAL3, STM32MP253DAI3, STM32MP253DAK3, STM32MP253DAL3, STM32MP253FAI3, STM32MP253FAK3, STM32MP253FAL3, STM32MP255AAI3, STM32MP255AAK3, STM32MP255AAL3, STM32MP255CAI3, STM32MP255CAK3, STM32MP255CAL3, STM32MP255DAI3, STM32MP255DAK3, STM32MP255DAL3, STM32MP255FAI3, STM32MP255FAK3, STM32MP255FAL3, STM32MP257AAI3, STM32MP257AAK3, STM32MP257AAL3, STM32MP257CAI3, STM32MP257CAK3, STM32MP257CAL3, STM32MP257DAI3, STM32MP257DAK3, STM32MP257DAL3, STM32MP257F-DK, STM32MP257F-EV1, STM32MP257FAI3, STM32MP257FAK3, STM32MP257FAL3, STM32N645A0H3Q, STM32N645B0H3Q, STM32N645I0H3Q, STM32N645L0H3Q, STM32N645X0H3Q, STM32N645Z0H3Q, STM32N647A0H3Q, STM32N647B0H3Q, STM32N647I0H3Q, STM32N647L0H3Q, STM32N647X0H3Q, STM32N647Z0H3Q, STM32N655A0H3Q, STM32N655B0H3Q, STM32N655I0H3Q, STM32N655L0H3Q, STM32N655X0H3Q, STM32N655Z0H3Q, STM32N6570-DK, STM32N657A0H3Q, STM32N657B0H3Q, STM32N657I0H3Q, STM32N657L0H3Q, STM32N657X0H3Q, STM32N657Z0H3Q, STM32U031C6T6, STM32U031C6U6, STM32U031C8T6, STM32U031C8U6, STM32U031F4P6, STM32U031F6P6, STM32U031F8P6, STM32U031G6Y6TR, STM32U031G8Y6TR, STM32U031K4U6, STM32U031K6U6, STM32U031K8U6, STM32U031R6I6, STM32U031R6T6, STM32U031R8I6, STM32U031R8T6, STM32U073C8T6, STM32U073C8U6, STM32U073CBT6, STM32U073CBU6, STM32U073CCT6, STM32U073CCU6, STM32U073H8Y6TR, STM32U073HBY6TR, STM32U073HCY6TR, STM32U073K8U6, STM32U073KBU6, STM32U073KCU6, STM32U073M8I6, STM32U073M8T6, STM32U073MBI6, STM32U073MBT6, STM32U073MCI6, STM32U073MCT6, STM32U073R8I6, STM32U073R8T6, STM32U073RBI6, STM32U073RBT6, STM32U073RCI6, STM32U073RCT6, STM32U083C-DK, STM32U083CCT6, STM32U083CCU6, STM32U083HCY6TR, STM32U083KCU6, STM32U083MCI6, STM32U083MCT6, STM32U083RCI6, STM32U083RCT6, STM32U375CET6, STM32U375CET6Q, STM32U375CEU6, STM32U375CEU6Q, STM32U375CEY6QTR, STM32U375CGT6, STM32U375CGT6Q, STM32U375CGU6, STM32U375CGU6Q, STM32U375CGY6QTR, STM32U375KEU6, STM32U375KGU6, STM32U375REI6, STM32U375REI6Q, STM32U375RET6, STM32U375RET6Q, STM32U375REY6GTR, STM32U375REY6QTR, STM32U375RGI6, STM32U375RGI6Q, STM32U375RGT6, STM32U375RGT6Q, STM32U375RGY6GTR, STM32U375RGY6QTR, STM32U375VEI6, STM32U375VEI6Q, STM32U375VET6, STM32U375VET6Q, STM32U375VGI6, STM32U375VGI6Q, STM32U375VGT6, STM32U375VGT6Q, STM32U385CGT6, STM32U385CGT6Q, STM32U385CGU6, STM32U385CGU6Q, STM32U385CGY6QTR, STM32U385KGU6, STM32U385RGI6, STM32U385RGI6Q, STM32U385RGT6, STM32U385RGT6Q, STM32U385RGY6GTR, STM32U385RGY6QTR, STM32U385VGI6, STM32U385VGI6Q, STM32U385VGT6, STM32U385VGT6Q, STM32U535CBT6, STM32U535CBT6Q, STM32U535CBU6, STM32U535CBU6Q, STM32U535CCT6, STM32U535CCT6Q, STM32U535CCU6, STM32U535CCU6Q, STM32U535CET6, STM32U535CET6Q, STM32U535CEU6, STM32U535CEU6Q, STM32U535JEY6QTR, STM32U535NCY6QTR, STM32U535NEY6QTR, STM32U535RBI6, STM32U535RBI6Q, STM32U535RBT6, STM32U535RBT6Q, STM32U535RCI6, STM32U535RCI6Q, STM32U535RCT6, STM32U535RCT6Q, STM32U535REI6, STM32U535REI6Q, STM32U535RET6, STM32U535RET6Q, STM32U535VCI6, STM32U535VCI6Q, STM32U535VCT6, STM32U535VCT6Q, STM32U535VEI6, STM32U535VEI6Q, STM32U535VET6, STM32U535VET6Q, STM32U545CET6, STM32U545CET6Q, STM32U545CEU6, STM32U545CEU6Q, STM32U545JEY6QTR, STM32U545NEY6QTR, STM32U545REI6, STM32U545REI6Q, STM32U545RET6, STM32U545RET6Q, STM32U545VEI6, STM32U545VEI6Q, STM32U545VET6, STM32U545VET6Q, STM32U595AIH6, STM32U595AIH6Q, STM32U595AJH6, STM32U595AJH6Q, STM32U595QII6, STM32U595QII6Q, STM32U595QJI6, STM32U595QJI6Q, STM32U595RIT6, STM32U595RIT6Q, STM32U595RJT6, STM32U595RJT6Q, STM32U595VIT6, STM32U595VIT6Q, STM32U595VJT6, STM32U595VJT6Q, STM32U595ZIT6, STM32U595ZIT6Q, STM32U595ZIY6QTR, STM32U595ZJT6, STM32U595ZJT6Q, STM32U595ZJY6QTR, STM32U599BJY6QTR, STM32U599NIH6Q, STM32U599NJH6Q, STM32U599VIT6Q, STM32U599VJT6, STM32U599VJT6Q, STM32U599ZIT6Q, STM32U599ZIY6QTR, STM32U599ZJT6Q, STM32U599ZJY6QTR, STM32U5A5AJH6, STM32U5A5AJH6Q, STM32U5A5QII3Q , STM32U5A5QJI6, STM32U5A5QJI6Q, STM32U5A5RJT6, STM32U5A5RJT6Q, STM32U5A5VJT6, STM32U5A5VJT6Q, STM32U5A5ZJT6, STM32U5A5ZJT6Q, STM32U5A5ZJY6QTR, STM32U5A9BJY6QTR, STM32U5A9J-DK, STM32U5A9NJH6Q, STM32U5A9VJT6Q, STM32U5A9ZJT6Q, STM32U5A9ZJY6QTR, STM32U5F7VIT6, STM32U5F7VIT6Q, STM32U5F7VJT6, STM32U5F7VJT6Q, STM32U5F9BJY6QTR, STM32U5F9NJH6Q, STM32U5F9VIT6Q, STM32U5F9VJT6Q, STM32U5F9ZIJ6QTR, STM32U5F9ZIT6Q, STM32U5F9ZJJ6QTR, STM32U5F9ZJT6Q, STM32U5G7VJT6, STM32U5G7VJT6Q, STM32U5G9BJY6QTR, STM32U5G9J-DK1, STM32U5G9J-DK2, STM32U5G9NJH6Q, STM32U5G9VJT6Q, STM32U5G9ZJJ6QTR, STM32U5G9ZJT6Q, STM32WB05KZV6TR, STM32WB05KZV7TR, STM32WB05TZF6TR, STM32WB05TZF7TR, STM32WB06CCF6TR, STM32WB06CCF7TR, STM32WB06CCV6TR, STM32WB06CCV7TR, STM32WB06KCV6TR, STM32WB06KCV7TR, STM32WB07CCF6TR, STM32WB07CCF7TR, STM32WB07CCV6TR, STM32WB07CCV7TR, STM32WB07KCV6TR, STM32WB07KCV7TR, STM32WB09KEV6TR, STM32WB09KEV7TR, STM32WB09TEF6TR, STM32WB09TEF7TR, STM32WB1MMCH6, STM32WBA50KGU6, STM32WBA50KGU6TR, STM32WBA52CEU6, STM32WBA52CEU6TR, STM32WBA52CEU7, STM32WBA52CEU7TR, STM32WBA52CGU6, STM32WBA52CGU6TR, STM32WBA52CGU6U, STM32WBA52CGU7, STM32WBA52CGU7TR, STM32WBA52KEU6, STM32WBA52KEU6TR, STM32WBA52KGU6, STM32WBA52KGU6TR, STM32WBA54CEU6, STM32WBA54CEU6TR, STM32WBA54CEU7, STM32WBA54CEU7TR, STM32WBA54CGU6, STM32WBA54CGU6TR, STM32WBA54CGU7, STM32WBA54CGU7TR, STM32WBA54KEU6, STM32WBA54KEU6TR, STM32WBA54KEU7, STM32WBA54KEU7TR, STM32WBA54KGU6, STM32WBA54KGU6TR, STM32WBA54KGU7, STM32WBA54KGU7TR, STM32WBA55CEU6, STM32WBA55CEU6TR, STM32WBA55CEU7, STM32WBA55CEU7TR, STM32WBA55CGU6, STM32WBA55CGU6TR, STM32WBA55CGU6U, STM32WBA55CGU7, STM32WBA55CGU7TR, STM32WBA55G-DK1, STM32WBA55HEF6, STM32WBA55HEF7, STM32WBA55HGF6, STM32WBA55HGF7, STM32WBA55UEI6, STM32WBA55UEI6TR, STM32WBA55UEI7, STM32WBA55UEI7TR, STM32WBA55UGI6, STM32WBA55UGI6TR, STM32WBA55UGI7, STM32WBA55UGI7TR, STM32WBA5MMGH6TR, STM32WBA62MGF6, STM32WBA62MIF6, STM32WBA65MGF7, STM32WBA65MIF6, STM32WBA65MIF7, STM32WL30K8V6, STM32WL30KBV6, STM32WL31C8V6, STM32WL31CBV6, STM32WL31K8V6, STM32WL31KBV6, STM32WL33C8V6, STM32WL33C8V6X, STM32WL33CBV6, STM32WL33CBV6X, STM32WL33CCV6, STM32WL33CCV6A, STM32WL33CCV6X, STM32WL33K8V7, STM32WL33K8V7X, STM32WL33KBV7 , STM32WL33KBV7X, STM32WL33KCV7, STM32WL33KCV7X, STM32WL5MOCH6, STM32WL5MOCH6TR]
2026-01-13 08:40:18,192 [INFO] ApiDb:668 - CubeFinder database Data Model version=2.1
2026-01-13 08:40:18,192 [INFO] ApiDb:669 - CubeFinder database Configuration version=3.0.39
2026-01-13 08:40:18,193 [INFO] ApiDb:670 - CubeFinder database generation date=2025-12-22 (1766407740)
2026-01-13 08:40:18,193 [INFO] ApiDb:671 - CubeFinder database FW Pack versions=[FP-ATR-ASTRA1_V2.0.0, FP-SNS-FLIGHT1_V5.1.0, FP-SNS-MOTENV1_V5.1.0, FP-SNS-MOTENVWB1_V1.4.0, FP-SNS-SMARTAG2_V1.2.0, FP-SNS-STBOX1_V2.1.0, STM32Cube_FW_C0_V1.4.0, STM32Cube_FW_F4_V1.28.3, STM32Cube_FW_F7_V1.17.4, STM32Cube_FW_G0_V1.6.2, STM32Cube_FW_G4_V1.6.1, STM32Cube_FW_H5_V1.5.1, STM32Cube_FW_H7RS_V1.3.0, STM32Cube_FW_H7_V1.12.1, STM32Cube_FW_L0_V1.12.2, STM32Cube_FW_L4_V1.18.1, STM32Cube_FW_L5_V1.6.0, STM32Cube_FW_N6_V1.3.0, STM32Cube_FW_U0_V1.3.0, STM32Cube_FW_U3_V1.2.1, STM32Cube_FW_U5_V1.8.0, STM32Cube_FW_WB0_V1.4.0, STM32Cube_FW_WBA_V1.8.0, STM32Cube_FW_WB_V1.24.0, STM32Cube_FW_WL3_V1.3.0, STM32Cube_FW_WL_V1.4.0, X-CUBE-ALGOBUILD_V1.4.0, X-CUBE-ALS_V1.0.2, X-CUBE-AZRTOS-F4_V1.1.0, X-CUBE-AZRTOS-F7_V1.1.0, X-CUBE-AZRTOS-G0_V1.1.0, X-CUBE-AZRTOS-G4_V2.0.0, X-CUBE-AZRTOS-H7RS_V1.1.0, X-CUBE-AZRTOS-H7_V3.4.0, X-CUBE-AZRTOS-L4_V2.0.0, X-CUBE-AZRTOS-L5_V2.0.0, X-CUBE-AZRTOS-WB_V2.0.0, X-CUBE-AZRTOS-WL_V2.0.0, X-CUBE-BLE1_V7.1.0, X-CUBE-BLE2_V3.3.0, X-CUBE-BLEMGR_V4.1.0, X-CUBE-EEPRMA1_V5.2.0, X-CUBE-FREERTOS_V1.3.1, X-CUBE-GNSS1_V6.0.0, X-CUBE-MEMS1_V12.0.0, X-CUBE-NFC4_V3.0.0, X-CUBE-NFC7_V2.0.0, X-CUBE-SFXS2LP1_V4.0.0, X-CUBE-ST67W61_V1.1.0, X-CUBE-SUBG2_V5.0.0, X-CUBE-TOF1_V3.4.3]
2026-01-13 08:40:20,940 [INFO] ApiDb:240 - Found 880 in-development CPN: [B-G473E-ZEST1S, B-WB1M-WPAN1, B-WBA5M-WPAN, B-WL5M-SUBG1, NUCLEO-C031C6, NUCLEO-C051C8, NUCLEO-C071RB, NUCLEO-C092RC, NUCLEO-H503RB, NUCLEO-H533RE, NUCLEO-H563ZI, NUCLEO-H7S3L8, NUCLEO-N657X0-Q, NUCLEO-U031R8, NUCLEO-U083RC, NUCLEO-U385RG-Q, NUCLEO-U545RE-Q, NUCLEO-U5A5ZJ-Q, NUCLEO-WB05KZ, NUCLEO-WB07CC, NUCLEO-WB09KE, NUCLEO-WBA52CG, NUCLEO-WBA55CG, NUCLEO-WL33CC1, NUCLEO-WL33CC2, STEVAL-PROTEUS1, STEVAL-SMARTAG2, STEVAL-STWINBX1, STM320518-EVAL, STM32C0116-DK, STM32C011D6Y3TR, STM32C011D6Y6TR, STM32C011F4P3, STM32C011F4P6, STM32C011F4U3, STM32C011F4U6TR, STM32C011F6P3, STM32C011F6P6, STM32C011F6U3, STM32C011F6U6TR, STM32C011J4M3, STM32C011J4M6, STM32C011J6M3, STM32C011J6M6, STM32C0316-DK, STM32C031C4T3, STM32C031C4T6, STM32C031C4U3, STM32C031C4U6, STM32C031C6T3, STM32C031C6T6, STM32C031C6U3, STM32C031C6U6, STM32C031F4P3, STM32C031F4P6, STM32C031F6P3, STM32C031F6P6, STM32C031G4U3, STM32C031G4U6, STM32C031G6U3, STM32C031G6U6, STM32C031K4T3, STM32C031K4T6, STM32C031K4U3, STM32C031K4U6, STM32C031K6T3, STM32C031K6T6, STM32C031K6U3, STM32C031K6U6, STM32C051C6T6, STM32C051C6U6, STM32C051C8T6, STM32C051C8U6, STM32C051D8Y6TR, STM32C051F6P6, STM32C051F8P6, STM32C051G6U6, STM32C051G8U6, STM32C051K6T6, STM32C051K6U6, STM32C051K8T6, STM32C071C8T6, STM32C071C8T6N, STM32C071C8U6, STM32C071C8U6N, STM32C071CBT6, STM32C071CBT6N, STM32C071CBU6, STM32C071CBU6N, STM32C071F8P6, STM32C071F8P6N, STM32C071FBP6, STM32C071FBP6N, STM32C071FBY6TR, STM32C071G8U6, STM32C071G8U6N, STM32C071GBU6, STM32C071GBU6N, STM32C071K8T6, STM32C071K8T6N, STM32C071K8U6, STM32C071K8U6N, STM32C071KBT6, STM32C071KBT6N, STM32C071KBU6, STM32C071KBU6N, STM32C071R8T6, STM32C071R8T6N, STM32C071RBI6N, STM32C071RBT6, STM32C071RBT6N, STM32C091CBT6, STM32C091CBU6, STM32C091CCT6, STM32C091CCU6, STM32C091ECY6TR, STM32C091FBP6, STM32C091FCP6, STM32C091GBU6, STM32C091GCU6, STM32C091KBT6, STM32C091KBU6, STM32C091KCT6, STM32C091KCU6, STM32C091RBT6, STM32C091RCI6, STM32C091RCT6, STM32C092CBT6, STM32C092CBU6, STM32C092CCT6, STM32C092CCU6, STM32C092ECY6TR, STM32C092FBP6, STM32C092FCP6, STM32C092GBU6, STM32C092GCU6, STM32C092KBT6, STM32C092KBU6, STM32C092KCT6, STM32C092KCU6, STM32C092RBT6, STM32C092RCI6, STM32C092RCT6, STM32G071K8TXN, STM32G071K8UXN, STM32G081GBU6N, STM32G081KBT6N, STM32G081KBUXN, STM32G0B1CCT6N, STM32G0B1KCT6, STM32G0B1NEY6TR, STM32G0B1RCT6N, STM32G0C1CCT6, STM32G0C1CCT6N, STM32G0C1CCU6N, STM32G0C1CET6N, STM32G0C1CEU6N, STM32G0C1KCT6, STM32G0C1NEY6TR, STM32G0C1RCI6N, STM32G0C1RCT6N, STM32G0C1REI6N, STM32G0C1RET6N, STM32G0C1VCI6, STM32G0C1VEI6, STM32G411C6T3, STM32G411C6T6, STM32G411C6U3, STM32G411C6U6, STM32G411C8T3, STM32G411C8T6, STM32G411C8U3, STM32G411C8U6, STM32G411CBT3, STM32G411CBT6, STM32G411CBU3, STM32G411CBU6, STM32G411K6T3, STM32G411K6T6, STM32G411K6U3, STM32G411K6U6, STM32G411K8T3, STM32G411K8T6, STM32G411K8U3, STM32G411K8U6, STM32G411KBT3, STM32G411KBT6, STM32G411KBU3, STM32G411KBU6, STM32G411M6T3, STM32G411M6T6, STM32G411M8T3, STM32G411M8T6, STM32G411MBT3, STM32G411MBT6, STM32G411R6T3, STM32G411R6T6, STM32G411R8T3, STM32G411R8T6, STM32G411RBT3, STM32G411RBT6, STM32G414CBT3, STM32G414CBT6, STM32G414CBU3, STM32G414CBU6, STM32G414CCT3, STM32G414CCT6, STM32G414CCU3, STM32G414CCU6, STM32G414MBT3, STM32G414MBT6, STM32G414MCT3, STM32G414MCT6, STM32G414RBT3, STM32G414RBT6, STM32G414RCT3, STM32G414RCT6, STM32G414VBT3, STM32G414VBT6, STM32G414VCT3, STM32G414VCT6, STM32G431CBT3Z, STM32G431RBT3Z, STM32G471CCT6, STM32G471CCU6, STM32G471CET3, STM32G471CET6, STM32G471CEU3, STM32G471CEU6, STM32G471MCT6, STM32G471MET3, STM32G471MET6, STM32G471MEY6TR, STM32G471QCT6, STM32G471QET3, STM32G471RCT6, STM32G471RET3, STM32G471RET6, STM32G471VCH6, STM32G471VCI6, STM32G471VCT6, STM32G471VEH3, STM32G471VEH6, STM32G471VEI3, STM32G471VEI6, STM32G471VET3, STM32G471VET6, STM32G473QET3Z, STM32G473RET3Z, STM32G474CCT6, STM32G491RET3Z, STM32H503CBT6, STM32H503CBU6, STM32H503EBY6TR, STM32H503KBU6, STM32H503RBT6, STM32H523CCT6, STM32H523CCU6, STM32H523CET6, STM32H523CEU6, STM32H523HEY6TR, STM32H523RCT6, STM32H523RET6, STM32H523VCI6, STM32H523VCT6, STM32H523VEI6, STM32H523VET6, STM32H523ZCJ6, STM32H523ZCT6, STM32H523ZEJ6, STM32H523ZET6, STM32H533CET6, STM32H533CEU6, STM32H533HEY6TR, STM32H533RET6, STM32H533VEI6, STM32H533VET6, STM32H533ZEJ6, STM32H533ZET6, STM32H562AGI6, STM32H562AII6, STM32H562IGK6, STM32H562IGT6, STM32H562IIK6, STM32H562IIT6, STM32H562RGT6, STM32H562RGV6, STM32H562RIT6, STM32H562RIV6, STM32H562VGT6, STM32H562VIT6, STM32H562ZGT6, STM32H562ZIT6, STM32H563AGI6, STM32H563AII3Q, STM32H563AII6, STM32H563IGK6, STM32H563IGT6, STM32H563IIK3Q, STM32H563IIK6, STM32H563IIT3Q, STM32H563IIT6, STM32H563MIY3QTR, STM32H563RGT6, STM32H563RGV6, STM32H563RIT6, STM32H563RIV6, STM32H563VGT6, STM32H563VIT3Q, STM32H563VIT6, STM32H563ZGT6, STM32H563ZIT3Q, STM32H563ZIT6, STM32H573AII3Q, STM32H573AII6, STM32H573I-DK, STM32H573IIK3Q, STM32H573IIK6, STM32H573IIT3Q, STM32H573IIT6, STM32H573MIY3QTR, STM32H573RIT6, STM32H573RIV6, STM32H573VIT3Q, STM32H573VIT6, STM32H573ZIT3Q, STM32H573ZIT6, STM32H7R3A8I6, STM32H7R3I8K6, STM32H7R3I8T6, STM32H7R3L8H6, STM32H7R3L8H6H, STM32H7R3R8V6, STM32H7R3V8H6, STM32H7R3V8T6, STM32H7R3V8Y6TR, STM32H7R3Z8J6, STM32H7R3Z8T6, STM32H7R7A8I6, STM32H7R7I8K6, STM32H7R7I8T6, STM32H7R7L8H6, STM32H7R7L8H6H, STM32H7R7Z8J6, STM32H7S3A8I6, STM32H7S3I8K6, STM32H7S3I8T6, STM32H7S3L8H6, STM32H7S3L8H6H, STM32H7S3R8V6, STM32H7S3V8H6, STM32H7S3V8T6, STM32H7S3V8Y6TR, STM32H7S3Z8J6, STM32H7S3Z8T6, STM32H7S78-DK, STM32H7S7A8I6, STM32H7S7I8K6, STM32H7S7I8T6, STM32H7S7L8H6, STM32H7S7L8H6H, STM32H7S7Z8J6, STM32L4R5QGI6STR, STM32MP131AAE3, STM32MP131AAF3, STM32MP131AAG3, STM32MP131CAE3, STM32MP131CAF3, STM32MP131CAG3, STM32MP131DAE7, STM32MP131DAF7, STM32MP131DAG7, STM32MP131FAE7, STM32MP131FAF7, STM32MP131FAG7, STM32MP133AAE3, STM32MP133AAF3, STM32MP133AAG3, STM32MP133CAE3, STM32MP133CAF3, STM32MP133CAG3, STM32MP133DAE7, STM32MP133DAF7, STM32MP133DAG7, STM32MP133FAE7, STM32MP133FAF7, STM32MP133FAG7, STM32MP135AAE3, STM32MP135AAF3, STM32MP135AAG3, STM32MP135CAE3, STM32MP135CAF3, STM32MP135CAG3, STM32MP135DAE7, STM32MP135DAF7, STM32MP135DAG7, STM32MP135F-DK, STM32MP135FAE7, STM32MP135FAF7, STM32MP135FAF7T, STM32MP135FAF7U, STM32MP135FAG7, STM32MP211AAL3, STM32MP211AAM3, STM32MP211AAN3, STM32MP211AAO3, STM32MP211CAL3, STM32MP211CAM3, STM32MP211CAN3, STM32MP211CAO3, STM32MP211DAL3, STM32MP211DAM3, STM32MP211DAN3, STM32MP211DAO3, STM32MP211FAL3, STM32MP211FAM3, STM32MP211FAN3, STM32MP211FAO3, STM32MP213AAL3, STM32MP213AAM3, STM32MP213AAN3, STM32MP213AAO3, STM32MP213CAL3, STM32MP213CAM3, STM32MP213CAN3, STM32MP213CAO3, STM32MP213DAL3, STM32MP213DAM3, STM32MP213DAN3, STM32MP213DAO3, STM32MP213FAL3, STM32MP213FAM3, STM32MP213FAN3, STM32MP213FAO3, STM32MP215AAL3, STM32MP215AAM3, STM32MP215AAN3, STM32MP215AAO3, STM32MP215CAL3, STM32MP215CAM3, STM32MP215CAN3, STM32MP215CAO3, STM32MP215DAL3, STM32MP215DAM3, STM32MP215DAN3, STM32MP215DAO3, STM32MP215F-DK, STM32MP215FAL3, STM32MP215FAM3, STM32MP215FAN3, STM32MP215FAO3, STM32MP231AAJ3, STM32MP231AAK3, STM32MP231AAL3, STM32MP231CAJ3, STM32MP231CAK3, STM32MP231CAL3, STM32MP231DAJ3, STM32MP231DAK3, STM32MP231DAL3, STM32MP231FAJ3, STM32MP231FAK3, STM32MP231FAL3, STM32MP233AAJ3, STM32MP233AAK3, STM32MP233AAL3, STM32MP233CAJ3, STM32MP233CAK3, STM32MP233CAL3, STM32MP233DAJ3, STM32MP233DAK3, STM32MP233DAL3, STM32MP233FAJ3, STM32MP233FAK3, STM32MP233FAL3, STM32MP235AAJ3, STM32MP235AAK3, STM32MP235AAL3, STM32MP235CAJ3, STM32MP235CAK3, STM32MP235CAL3, STM32MP235DAJ3, STM32MP235DAK3, STM32MP235DAL3, STM32MP235FAJ3, STM32MP235FAK3, STM32MP235FAL3, STM32MP251AAI3, STM32MP251AAK3, STM32MP251AAL3, STM32MP251CAI3, STM32MP251CAK3, STM32MP251CAL3, STM32MP251DAI3, STM32MP251DAK3, STM32MP251DAL3, STM32MP251FAI3, STM32MP251FAK3, STM32MP251FAL3, STM32MP253AAI3, STM32MP253AAK3, STM32MP253AAL3, STM32MP253CAI3, STM32MP253CAK3, STM32MP253CAL3, STM32MP253DAI3, STM32MP253DAK3, STM32MP253DAL3, STM32MP253FAI3, STM32MP253FAK3, STM32MP253FAL3, STM32MP255AAI3, STM32MP255AAK3, STM32MP255AAL3, STM32MP255CAI3, STM32MP255CAK3, STM32MP255CAL3, STM32MP255DAI3, STM32MP255DAK3, STM32MP255DAL3, STM32MP255FAI3, STM32MP255FAK3, STM32MP255FAL3, STM32MP257AAI3, STM32MP257AAK3, STM32MP257AAL3, STM32MP257CAI3, STM32MP257CAK3, STM32MP257CAL3, STM32MP257DAI3, STM32MP257DAK3, STM32MP257DAL3, STM32MP257F-DK, STM32MP257F-EV1, STM32MP257FAI3, STM32MP257FAK3, STM32MP257FAL3, STM32N645A0H3Q, STM32N645B0H3Q, STM32N645I0H3Q, STM32N645L0H3Q, STM32N645X0H3Q, STM32N645Z0H3Q, STM32N647A0H3Q, STM32N647B0H3Q, STM32N647I0H3Q, STM32N647L0H3Q, STM32N647X0H3Q, STM32N647Z0H3Q, STM32N655A0H3Q, STM32N655B0H3Q, STM32N655I0H3Q, STM32N655L0H3Q, STM32N655X0H3Q, STM32N655Z0H3Q, STM32N6570-DK, STM32N657A0H3Q, STM32N657B0H3Q, STM32N657I0H3Q, STM32N657L0H3Q, STM32N657X0H3Q, STM32N657Z0H3Q, STM32U031C6T6, STM32U031C6U6, STM32U031C8T6, STM32U031C8U6, STM32U031F4P6, STM32U031F6P6, STM32U031F8P6, STM32U031G6Y6TR, STM32U031G8Y6TR, STM32U031K4U6, STM32U031K6U6, STM32U031K8U6, STM32U031R6I6, STM32U031R6T6, STM32U031R8I6, STM32U031R8T6, STM32U073C8T6, STM32U073C8U6, STM32U073CBT6, STM32U073CBU6, STM32U073CCT6, STM32U073CCU6, STM32U073H8Y6TR, STM32U073HBY6TR, STM32U073HCY6TR, STM32U073K8U6, STM32U073KBU6, STM32U073KCU6, STM32U073M8I6, STM32U073M8T6, STM32U073MBI6, STM32U073MBT6, STM32U073MCI6, STM32U073MCT6, STM32U073R8I6, STM32U073R8T6, STM32U073RBI6, STM32U073RBT6, STM32U073RCI6, STM32U073RCT6, STM32U083C-DK, STM32U083CCT6, STM32U083CCU6, STM32U083HCY6TR, STM32U083KCU6, STM32U083MCI6, STM32U083MCT6, STM32U083RCI6, STM32U083RCT6, STM32U375CET6, STM32U375CET6Q, STM32U375CEU6, STM32U375CEU6Q, STM32U375CEY6QTR, STM32U375CGT6, STM32U375CGT6Q, STM32U375CGU6, STM32U375CGU6Q, STM32U375CGY6QTR, STM32U375KEU6, STM32U375KGU6, STM32U375REI6, STM32U375REI6Q, STM32U375RET6, STM32U375RET6Q, STM32U375REY6GTR, STM32U375REY6QTR, STM32U375RGI6, STM32U375RGI6Q, STM32U375RGT6, STM32U375RGT6Q, STM32U375RGY6GTR, STM32U375RGY6QTR, STM32U375VEI6, STM32U375VEI6Q, STM32U375VET6, STM32U375VET6Q, STM32U375VGI6, STM32U375VGI6Q, STM32U375VGT6, STM32U375VGT6Q, STM32U385CGT6, STM32U385CGT6Q, STM32U385CGU6, STM32U385CGU6Q, STM32U385CGY6QTR, STM32U385KGU6, STM32U385RGI6, STM32U385RGI6Q, STM32U385RGT6, STM32U385RGT6Q, STM32U385RGY6GTR, STM32U385RGY6QTR, STM32U385VGI6, STM32U385VGI6Q, STM32U385VGT6, STM32U385VGT6Q, STM32U535CBT6, STM32U535CBT6Q, STM32U535CBU6, STM32U535CBU6Q, STM32U535CCT6, STM32U535CCT6Q, STM32U535CCU6, STM32U535CCU6Q, STM32U535CET6, STM32U535CET6Q, STM32U535CEU6, STM32U535CEU6Q, STM32U535JEY6QTR, STM32U535NCY6QTR, STM32U535NEY6QTR, STM32U535RBI6, STM32U535RBI6Q, STM32U535RBT6, STM32U535RBT6Q, STM32U535RCI6, STM32U535RCI6Q, STM32U535RCT6, STM32U535RCT6Q, STM32U535REI6, STM32U535REI6Q, STM32U535RET6, STM32U535RET6Q, STM32U535VCI6, STM32U535VCI6Q, STM32U535VCT6, STM32U535VCT6Q, STM32U535VEI6, STM32U535VEI6Q, STM32U535VET6, STM32U535VET6Q, STM32U545CET6, STM32U545CET6Q, STM32U545CEU6, STM32U545CEU6Q, STM32U545JEY6QTR, STM32U545NEY6QTR, STM32U545REI6, STM32U545REI6Q, STM32U545RET6, STM32U545RET6Q, STM32U545VEI6, STM32U545VEI6Q, STM32U545VET6, STM32U545VET6Q, STM32U595AIH6, STM32U595AIH6Q, STM32U595AJH6, STM32U595AJH6Q, STM32U595QII6, STM32U595QII6Q, STM32U595QJI6, STM32U595QJI6Q, STM32U595RIT6, STM32U595RIT6Q, STM32U595RJT6, STM32U595RJT6Q, STM32U595VIT6, STM32U595VIT6Q, STM32U595VJT6, STM32U595VJT6Q, STM32U595ZIT6, STM32U595ZIT6Q, STM32U595ZIY6QTR, STM32U595ZJT6, STM32U595ZJT6Q, STM32U595ZJY6QTR, STM32U599BJY6QTR, STM32U599NIH6Q, STM32U599NJH6Q, STM32U599VIT6Q, STM32U599VJT6, STM32U599VJT6Q, STM32U599ZIT6Q, STM32U599ZIY6QTR, STM32U599ZJT6Q, STM32U599ZJY6QTR, STM32U5A5AJH6, STM32U5A5AJH6Q, STM32U5A5QII3Q , STM32U5A5QJI6, STM32U5A5QJI6Q, STM32U5A5RJT6, STM32U5A5RJT6Q, STM32U5A5VJT6, STM32U5A5VJT6Q, STM32U5A5ZJT6, STM32U5A5ZJT6Q, STM32U5A5ZJY6QTR, STM32U5A9BJY6QTR, STM32U5A9J-DK, STM32U5A9NJH6Q, STM32U5A9VJT6Q, STM32U5A9ZJT6Q, STM32U5A9ZJY6QTR, STM32U5F7VIT6, STM32U5F7VIT6Q, STM32U5F7VJT6, STM32U5F7VJT6Q, STM32U5F9BJY6QTR, STM32U5F9NJH6Q, STM32U5F9VIT6Q, STM32U5F9VJT6Q, STM32U5F9ZIJ6QTR, STM32U5F9ZIT6Q, STM32U5F9ZJJ6QTR, STM32U5F9ZJT6Q, STM32U5G7VJT6, STM32U5G7VJT6Q, STM32U5G9BJY6QTR, STM32U5G9J-DK1, STM32U5G9J-DK2, STM32U5G9NJH6Q, STM32U5G9VJT6Q, STM32U5G9ZJJ6QTR, STM32U5G9ZJT6Q, STM32WB05KZV6TR, STM32WB05KZV7TR, STM32WB05TZF6TR, STM32WB05TZF7TR, STM32WB06CCF6TR, STM32WB06CCF7TR, STM32WB06CCV6TR, STM32WB06CCV7TR, STM32WB06KCV6TR, STM32WB06KCV7TR, STM32WB07CCF6TR, STM32WB07CCF7TR, STM32WB07CCV6TR, STM32WB07CCV7TR, STM32WB07KCV6TR, STM32WB07KCV7TR, STM32WB09KEV6TR, STM32WB09KEV7TR, STM32WB09TEF6TR, STM32WB09TEF7TR, STM32WB1MMCH6, STM32WBA50KGU6, STM32WBA50KGU6TR, STM32WBA52CEU6, STM32WBA52CEU6TR, STM32WBA52CEU7, STM32WBA52CEU7TR, STM32WBA52CGU6, STM32WBA52CGU6TR, STM32WBA52CGU6U, STM32WBA52CGU7, STM32WBA52CGU7TR, STM32WBA52KEU6, STM32WBA52KEU6TR, STM32WBA52KGU6, STM32WBA52KGU6TR, STM32WBA54CEU6, STM32WBA54CEU6TR, STM32WBA54CEU7, STM32WBA54CEU7TR, STM32WBA54CGU6, STM32WBA54CGU6TR, STM32WBA54CGU7, STM32WBA54CGU7TR, STM32WBA54KEU6, STM32WBA54KEU6TR, STM32WBA54KEU7, STM32WBA54KEU7TR, STM32WBA54KGU6, STM32WBA54KGU6TR, STM32WBA54KGU7, STM32WBA54KGU7TR, STM32WBA55CEU6, STM32WBA55CEU6TR, STM32WBA55CEU7, STM32WBA55CEU7TR, STM32WBA55CGU6, STM32WBA55CGU6TR, STM32WBA55CGU6U, STM32WBA55CGU7, STM32WBA55CGU7TR, STM32WBA55G-DK1, STM32WBA55HEF6, STM32WBA55HEF7, STM32WBA55HGF6, STM32WBA55HGF7, STM32WBA55UEI6, STM32WBA55UEI6TR, STM32WBA55UEI7, STM32WBA55UEI7TR, STM32WBA55UGI6, STM32WBA55UGI6TR, STM32WBA55UGI7, STM32WBA55UGI7TR, STM32WBA5MMGH6TR, STM32WBA62MGF6, STM32WBA62MIF6, STM32WBA65MGF7, STM32WBA65MIF6, STM32WBA65MIF7, STM32WL30K8V6, STM32WL30KBV6, STM32WL31C8V6, STM32WL31CBV6, STM32WL31K8V6, STM32WL31KBV6, STM32WL33C8V6, STM32WL33C8V6X, STM32WL33CBV6, STM32WL33CBV6X, STM32WL33CCV6, STM32WL33CCV6A, STM32WL33CCV6X, STM32WL33K8V7, STM32WL33K8V7X, STM32WL33KBV7 , STM32WL33KBV7X, STM32WL33KCV7, STM32WL33KCV7X, STM32WL5MOCH6, STM32WL5MOCH6TR]
2026-01-13 08:40:20,945 [INFO] DbMcus:218 - Found 4876 MCUs, 4876 are supported
2026-01-13 08:40:20,946 [INFO] ApiDb:423 - Load user favorites file C:\Users\Chinnapop/.stm32cubeide/favorites.mcus.txt: 0 item(s)
2026-01-13 08:40:20,946 [INFO] ApiDb:427 - User favorites MCUs=[]
2026-01-13 08:40:20,946 [INFO] DbMcus:224 - Set 0 / 0 favorites MCUs
2026-01-13 08:40:21,695 [INFO] BoardInfo:889 - No configuration file found for board P-NUCLEO-WB55
2026-01-13 08:40:21,695 [INFO] DbBoards:161 - Kit is not supported: P-NUCLEO-WB55
2026-01-13 08:40:21,703 [INFO] BoardInfo:889 - No configuration file found for board STEVAL-BFA001V1B
2026-01-13 08:40:21,705 [INFO] DbBoards:161 - Kit is not supported: STEVAL-BFA001V1B
2026-01-13 08:40:21,707 [INFO] BoardInfo:889 - No configuration file found for board STEVAL-BFA001V2B
2026-01-13 08:40:21,708 [INFO] DbBoards:161 - Kit is not supported: STEVAL-BFA001V2B
2026-01-13 08:40:21,965 [INFO] DbBoards:168 - Found 212 boards, 209 are supported
2026-01-13 08:40:21,965 [INFO] DbBoards:169 - Found 212 boards, 43 of them is supported for  Bsp
2026-01-13 08:40:21,970 [INFO] ApiDb:423 - Load user favorites file C:\Users\Chinnapop/.stm32cubeide/favorites.boards.txt: 0 item(s)
2026-01-13 08:40:21,970 [INFO] ApiDb:427 - User favorites Boards=[]
2026-01-13 08:40:21,970 [INFO] DbBoards:198 - Set 0 / 0 favorites Boards
2026-01-13 08:40:22,050 [INFO] UtilMem:75 - End LoadConfig() Used Memory: 889050848 Bytes (1073741824)
2026-01-13 08:40:22,282 [WARN] ThirdParty:833 - waiting for thirdparty lock release [change project]
2026-01-13 08:40:22,283 [INFO] ThirdParty:835 - entering critical section [change project]
2026-01-13 08:40:22,283 [INFO] ThirdParty:1030 - CMSIS Pack Vendor :STMicroelectronics X-CUBE-PM33A1 1.0.0
2026-01-13 08:40:22,283 [INFO] ThirdParty:1030 - CMSIS Pack Vendor :STMicroelectronics USBPD 4.1
2026-01-13 08:40:22,283 [INFO] ThirdParty:1030 - CMSIS Pack Vendor :STMicroelectronics USB_HOST 2.0.0
2026-01-13 08:40:22,283 [INFO] ThirdParty:1030 - CMSIS Pack Vendor :STMicroelectronics FP-SNS-MOTENVWB1 1.4.0
2026-01-13 08:40:22,283 [INFO] ThirdParty:1030 - CMSIS Pack Vendor :STMicroelectronics X-CUBE-AZRTOS-F4 1.1.0
2026-01-13 08:40:22,283 [INFO] ThirdParty:1030 - CMSIS Pack Vendor :STMicroelectronics LIBJPEG 8.0.0
2026-01-13 08:40:22,283 [INFO] ThirdParty:1030 - CMSIS Pack Vendor :STMicroelectronics FP-ATR-ASTRA1 2.0.2
2026-01-13 08:40:22,283 [INFO] ThirdParty:1030 - CMSIS Pack Vendor :STMicroelectronics FP-ATR-ASTRA1 2.0.1
2026-01-13 08:40:22,283 [INFO] ThirdParty:1030 - CMSIS Pack Vendor :Avnet-IotConnect X-CUBE-IoTC-DA16k-PMOD 1.0.0
2026-01-13 08:40:22,283 [INFO] ThirdParty:1030 - CMSIS Pack Vendor :STMicroelectronics X-CUBE-SMBUS 2.1.0
2026-01-13 08:40:22,283 [INFO] ThirdParty:1030 - CMSIS Pack Vendor :STMicroelectronics X-CUBE-WB05N 1.1.0
2026-01-13 08:40:22,283 [INFO] ThirdParty:1030 - CMSIS Pack Vendor :STMicroelectronics X-CUBE-ISPU 2.1.0
2026-01-13 08:40:22,283 [INFO] ThirdParty:1030 - CMSIS Pack Vendor :STMicroelectronics X-CUBE-IPS 3.2.0
2026-01-13 08:40:22,283 [INFO] ThirdParty:1030 - CMSIS Pack Vendor :STMicroelectronics X-CUBE-FREERTOS 1.2.0
2026-01-13 08:40:22,283 [INFO] ThirdParty:1030 - CMSIS Pack Vendor :STMicroelectronics X-CUBE-ST60 1.0.0
2026-01-13 08:40:22,283 [INFO] ThirdParty:1030 - CMSIS Pack Vendor :STMicroelectronics X-CUBE-NFC12 1.0.0
2026-01-13 08:40:22,283 [INFO] ThirdParty:1030 - CMSIS Pack Vendor :STMicroelectronics X-CUBE-AZRTOS-F7 1.1.0
2026-01-13 08:40:22,283 [INFO] ThirdParty:1030 - CMSIS Pack Vendor :STMicroelectronics X-CUBE-AZRTOS-L5 2.0.0
2026-01-13 08:40:22,283 [INFO] ThirdParty:1030 - CMSIS Pack Vendor :STMicroelectronics USB_DEVICE 2.0.0
2026-01-13 08:40:22,283 [INFO] ThirdParty:1030 - CMSIS Pack Vendor :STMicroelectronics X-CUBE-NFC6 3.1.0
2026-01-13 08:40:22,283 [INFO] ThirdParty:1030 - CMSIS Pack Vendor :STMicroelectronics X-CUBE-MEMS1 11.0.0
2026-01-13 08:40:22,283 [INFO] ThirdParty:1030 - CMSIS Pack Vendor :STMicroelectronics FP-SNS-MOTENV1 5.1.0
2026-01-13 08:40:22,283 [INFO] ThirdParty:1030 - CMSIS Pack Vendor :STMicroelectronics FreeRTOS 0.0.1
2026-01-13 08:40:22,283 [INFO] ThirdParty:1030 - CMSIS Pack Vendor :STMicroelectronics X-CUBE-DPower 1.2.0
2026-01-13 08:40:22,283 [INFO] ThirdParty:1030 - CMSIS Pack Vendor :STMicroelectronics FP-SNS-FLIGHT1 5.0.2
2026-01-13 08:40:22,283 [INFO] ThirdParty:1030 - CMSIS Pack Vendor :STMicroelectronics PDM2PCM 3.3.0
2026-01-13 08:40:22,284 [INFO] ThirdParty:1030 - CMSIS Pack Vendor :STMicroelectronics X-CUBE-AZRTOS-H7 3.4.0
2026-01-13 08:40:22,284 [INFO] ThirdParty:1030 - CMSIS Pack Vendor :STMicroelectronics X-CUBE-DISPLAY 3.0.0
2026-01-13 08:40:22,284 [INFO] ThirdParty:1030 - CMSIS Pack Vendor :STMicroelectronics X-CUBE-BLE1 7.0.0
2026-01-13 08:40:22,284 [INFO] ThirdParty:1030 - CMSIS Pack Vendor :STMicroelectronics X-CUBE-NFC10 1.0.0
2026-01-13 08:40:22,284 [INFO] ThirdParty:1030 - CMSIS Pack Vendor :STMicroelectronics X-CUBE-BLEMGR 4.0.0
2026-01-13 08:40:22,284 [INFO] ThirdParty:1030 - CMSIS Pack Vendor :STMicroelectronics X-CUBE-FREERTOS 1.3.1
2026-01-13 08:40:22,284 [INFO] ThirdParty:1030 - CMSIS Pack Vendor :STMicroelectronics HAL Drivers 0.0.0
2026-01-13 08:40:22,284 [INFO] ThirdParty:1030 - CMSIS Pack Vendor :STMicroelectronics X-CUBE-ST60 1.1.0
2026-01-13 08:40:22,284 [INFO] ThirdParty:1030 - CMSIS Pack Vendor :emotas I-CUBE-CANOPEN 1.3.0
2026-01-13 08:40:22,284 [INFO] ThirdParty:1030 - CMSIS Pack Vendor :STMicroelectronics X-CUBE-FREERTOS 1.3.0
2026-01-13 08:40:22,284 [INFO] ThirdParty:1030 - CMSIS Pack Vendor :STMicroelectronics X-CUBE-NFC7 1.0.1
2026-01-13 08:40:22,284 [INFO] ThirdParty:1030 - CMSIS Pack Vendor :STMicroelectronics MBEDTLS 2.14.1
2026-01-13 08:40:22,284 [INFO] ThirdParty:1030 - CMSIS Pack Vendor :STMicroelectronics X-CUBE-GNSS1 7.1.0
2026-01-13 08:40:22,284 [INFO] ThirdParty:1030 - CMSIS Pack Vendor :STMicroelectronics X-CUBE-TOUCHGFX 4.26.0
2026-01-13 08:40:22,284 [INFO] ThirdParty:1030 - CMSIS Pack Vendor :STMicroelectronics X-CUBE-BLEMGR 3.1.0
2026-01-13 08:40:22,284 [INFO] ThirdParty:1030 - CMSIS Pack Vendor :STMicroelectronics X-CUBE-AI 10.0.0
2026-01-13 08:40:22,284 [INFO] ThirdParty:1030 - CMSIS Pack Vendor :STMicroelectronics FP-SNS-STBOX1 2.1.0
2026-01-13 08:40:22,284 [INFO] ThirdParty:1030 - CMSIS Pack Vendor :STMicroelectronics FP-SNS-STAIOTCFT 1.0.0
2026-01-13 08:40:22,284 [INFO] ThirdParty:1030 - CMSIS Pack Vendor :STMicroelectronics FP-SNS-SMARTAG2 1.2.0
2026-01-13 08:40:22,284 [INFO] ThirdParty:1030 - CMSIS Pack Vendor :STMicroelectronics FP-SNS-FLIGHT1 5.1.0
2026-01-13 08:40:22,284 [INFO] ThirdParty:1030 - CMSIS Pack Vendor :STMicroelectronics X-CUBE-MEMS1 11.1.0
2026-01-13 08:40:22,284 [INFO] ThirdParty:1030 - CMSIS Pack Vendor :STMicroelectronics X-CUBE-AZRTOS-WL 2.0.0
2026-01-13 08:40:22,284 [INFO] ThirdParty:1030 - CMSIS Pack Vendor :STMicroelectronics X-CUBE-DPower 1.3.0
2026-01-13 08:40:22,284 [INFO] ThirdParty:1030 - CMSIS Pack Vendor :STMicroelectronics FP-SNS-MOTENV1 5.0.0
2026-01-13 08:40:22,284 [INFO] ThirdParty:1030 - CMSIS Pack Vendor :STMicroelectronics USB_DEVICE 1.0.0
2026-01-13 08:40:22,284 [INFO] ThirdParty:1030 - CMSIS Pack Vendor :STMicroelectronics X-CUBE-AZRTOS-H7RS 1.2.0
2026-01-13 08:40:22,284 [INFO] ThirdParty:1030 - CMSIS Pack Vendor :wolfSSL I-CUBE-wolfMQTT 1.19.0
2026-01-13 08:40:22,284 [INFO] ThirdParty:1030 - CMSIS Pack Vendor :STMicroelectronics X-CUBE-AZRTOS-L4 2.0.0
2026-01-13 08:40:22,284 [INFO] ThirdParty:1030 - CMSIS Pack Vendor :STMicroelectronics ThreadX 0.0.2
2026-01-13 08:40:22,284 [INFO] ThirdParty:1030 - CMSIS Pack Vendor :WES I-CUBE-Cesium 1.3.0
2026-01-13 08:40:22,284 [INFO] ThirdParty:1030 - CMSIS Pack Vendor :STMicroelectronics lwIP 2.1.2
2026-01-13 08:40:22,284 [INFO] ThirdParty:1030 - CMSIS Pack Vendor :STMicroelectronics X-CUBE-SFXS2LP1 4.0.0
2026-01-13 08:40:22,284 [INFO] ThirdParty:1030 - CMSIS Pack Vendor :STMicroelectronics X-CUBE-BLE2 3.3.0
2026-01-13 08:40:22,284 [INFO] ThirdParty:1030 - CMSIS Pack Vendor :STMicroelectronics PDM2PCM 3.2.0
2026-01-13 08:40:22,284 [INFO] ThirdParty:1030 - CMSIS Pack Vendor :STMicroelectronics X-CUBE-AZRTOS-H7 3.3.0
2026-01-13 08:40:22,284 [INFO] ThirdParty:1030 - CMSIS Pack Vendor :STMicroelectronics X-CUBE-NFC9 1.0.0
2026-01-13 08:40:22,284 [INFO] ThirdParty:1030 - CMSIS Pack Vendor :STMicroelectronics X-CUBE-BLE1 7.1.0
2026-01-13 08:40:22,284 [INFO] ThirdParty:1030 - CMSIS Pack Vendor :STMicroelectronics USB_DEVICE 3.0.0
2026-01-13 08:40:22,284 [INFO] ThirdParty:1030 - CMSIS Pack Vendor :STMicroelectronics X-CUBE-TCPP 4.1.0
2026-01-13 08:40:22,284 [INFO] ThirdParty:1030 - CMSIS Pack Vendor :STMicroelectronics X-CUBE-FREERTOS 1.4.0
2026-01-13 08:40:22,284 [INFO] ThirdParty:1030 - CMSIS Pack Vendor :STMicroelectronics X-CUBE-EEPRMA1 5.2.0
2026-01-13 08:40:22,284 [INFO] ThirdParty:1030 - CMSIS Pack Vendor :STMicroelectronics X-CUBE-BLEMGR 4.1.0
2026-01-13 08:40:22,285 [INFO] ThirdParty:1030 - CMSIS Pack Vendor :STMicroelectronics X-CUBE-IPS 3.0.0
2026-01-13 08:40:22,285 [INFO] ThirdParty:1030 - CMSIS Pack Vendor :STMicroelectronics X-CUBE-AZRTOS-WB 2.0.0
2026-01-13 08:40:22,285 [INFO] ThirdParty:1030 - CMSIS Pack Vendor :STMicroelectronics X-CUBE-GNSS1 7.0.0
2026-01-13 08:40:22,285 [INFO] ThirdParty:1030 - CMSIS Pack Vendor :STMicroelectronics X-CUBE-GNSS1 7.0.1
2026-01-13 08:40:22,285 [INFO] ThirdParty:1030 - CMSIS Pack Vendor :STMicroelectronics X-CUBE-TOUCHGFX 4.25.0
2026-01-13 08:40:22,285 [INFO] ThirdParty:1030 - CMSIS Pack Vendor :STMicroelectronics X-CUBE-ST67W61 1.1.0
2026-01-13 08:40:22,285 [INFO] ThirdParty:1030 - CMSIS Pack Vendor :STMicroelectronics X-CUBE-AI 10.1.0
2026-01-13 08:40:22,285 [INFO] ThirdParty:1030 - CMSIS Pack Vendor :STMicroelectronics FP-SNS-STBOX1 2.0.0
2026-01-13 08:40:22,285 [INFO] ThirdParty:1030 - CMSIS Pack Vendor :STMicroelectronics X-CUBE-MEMS1 12.0.0
2026-01-13 08:40:22,285 [INFO] ThirdParty:1030 - CMSIS Pack Vendor :STMicroelectronics X-CUBE-MEMS1 11.2.0
2026-01-13 08:40:22,285 [INFO] ThirdParty:1030 - CMSIS Pack Vendor :STMicroelectronics X-CUBE-AZRTOS-G0 1.1.0
2026-01-13 08:40:22,285 [INFO] ThirdParty:1030 - CMSIS Pack Vendor :STMicroelectronics X-CUBE-SAFEA1 1.2.2
2026-01-13 08:40:22,285 [INFO] ThirdParty:1030 - CMSIS Pack Vendor :STMicroelectronics X-CUBE-NFC4 3.0.0
2026-01-13 08:40:22,285 [INFO] ThirdParty:1030 - CMSIS Pack Vendor :STMicroelectronics X-CUBE-SUBG2 5.0.0
2026-01-13 08:40:22,285 [INFO] ThirdParty:1030 - CMSIS Pack Vendor :STMicroelectronics X-CUBE-AZRTOS-H7RS 1.1.0
2026-01-13 08:40:22,285 [INFO] ThirdParty:1030 - CMSIS Pack Vendor :STMicroelectronics STM32_WPAN 1.0.0
2026-01-13 08:40:22,285 [INFO] ThirdParty:1030 - CMSIS Pack Vendor :EmbeddedOffice I-CUBE-FS-RTOS 1.0.1
2026-01-13 08:40:22,285 [INFO] ThirdParty:1030 - CMSIS Pack Vendor :STMicroelectronics lwIP 2.0.3
2026-01-13 08:40:22,285 [INFO] ThirdParty:1030 - CMSIS Pack Vendor :Cesanta I-CUBE-Mongoose 7.13.0
2026-01-13 08:40:22,285 [INFO] ThirdParty:1030 - CMSIS Pack Vendor :STMicroelectronics USB_HOST 1.0.0
2026-01-13 08:40:22,285 [INFO] ThirdParty:1030 - CMSIS Pack Vendor :STMicroelectronics X-CUBE-AZRTOS-G4 2.0.0
2026-01-13 08:40:22,285 [INFO] ThirdParty:1030 - CMSIS Pack Vendor :STMicroelectronics X-CUBE-WB05N 2.0.0
2026-01-13 08:40:22,285 [INFO] ThirdParty:1030 - CMSIS Pack Vendor :STMicroelectronics PDM2PCM 3.1.0
2026-01-13 08:40:22,285 [INFO] ThirdParty:1030 - CMSIS Pack Vendor :STMicroelectronics X-CUBE-NFC7 2.0.0
2026-01-13 08:40:22,285 [INFO] ThirdParty:1030 - CMSIS Pack Vendor :STMicroelectronics X-CUBE-TCPP 4.2.0
2026-01-13 08:40:22,285 [INFO] ThirdParty:1030 - CMSIS Pack Vendor :RealThread X-CUBE-RT-Thread_Nano 4.1.1
2026-01-13 08:40:22,285 [INFO] ThirdParty:1030 - CMSIS Pack Vendor :STMicroelectronics FP-ATR-SIGFOX1 3.2.0
2026-01-13 08:40:22,285 [INFO] ThirdParty:1030 - CMSIS Pack Vendor :quantropi X-CUBE-qispace-sdk-base 1.9.3
2026-01-13 08:40:22,286 [INFO] ThirdParty:1030 - CMSIS Pack Vendor :STMicroelectronics X-CUBE-EEPRMA1 5.1.0
2026-01-13 08:40:22,286 [INFO] ThirdParty:1030 - CMSIS Pack Vendor :STMicroelectronics MBEDTLS 2.16.2
2026-01-13 08:40:22,286 [INFO] ThirdParty:1030 - CMSIS Pack Vendor :STMicroelectronics X-CUBE-IPS 3.1.0
2026-01-13 08:40:22,286 [INFO] ThirdParty:1030 - CMSIS Pack Vendor :STMicroelectronics X-CUBE-ALS 1.0.2
2026-01-13 08:40:22,286 [INFO] ThirdParty:1030 - CMSIS Pack Vendor :wolfSSL I-CUBE-wolfSSL 5.7.4
2026-01-13 08:40:22,286 [INFO] ThirdParty:1030 - CMSIS Pack Vendor :ITTIA_DB I-CUBE-ITTIADB 8.9.0
2026-01-13 08:40:22,287 [INFO] ThirdParty:1030 - CMSIS Pack Vendor :STMicroelectronics X-CUBE-TOUCHGFX 4.24.2
2026-01-13 08:40:22,287 [INFO] ThirdParty:1030 - CMSIS Pack Vendor :STMicroelectronics X-CUBE-TOUCHGFX 4.24.1
2026-01-13 08:40:22,287 [INFO] ThirdParty:1030 - CMSIS Pack Vendor :STMicroelectronics X-CUBE-STSE01 1.0.0
2026-01-13 08:40:22,287 [INFO] ThirdParty:1030 - CMSIS Pack Vendor :wolfSSL I-CUBE-wolfTPM 3.4.0
2026-01-13 08:40:22,287 [INFO] ThirdParty:1030 - CMSIS Pack Vendor :portGmbH I-Cube-SoM-uGOAL 1.1.0
2026-01-13 08:40:22,287 [INFO] ThirdParty:1030 - CMSIS Pack Vendor :STMicroelectronics X-CUBE-ST67W61 1.0.0
2026-01-13 08:40:22,287 [INFO] ThirdParty:1030 - CMSIS Pack Vendor :STMicroelectronics X-CUBE-AI 10.2.0
2026-01-13 08:40:22,287 [INFO] ThirdParty:1030 - CMSIS Pack Vendor :STMicroelectronics ThreadX 1.0.0
2026-01-13 08:40:22,287 [INFO] ThirdParty:1030 - CMSIS Pack Vendor :SEGGER I-CUBE-embOS 1.3.1
2026-01-13 08:40:22,287 [INFO] ThirdParty:1030 - CMSIS Pack Vendor :STMicroelectronics X-CUBE-ALGOBUILD 1.4.0
2026-01-13 08:40:22,287 [INFO] ThirdParty:1030 - CMSIS Pack Vendor :STMicroelectronics X-CUBE-MEMS1 11.3.0
2026-01-13 08:40:22,287 [INFO] ThirdParty:1030 - CMSIS Pack Vendor :STMicroelectronics X-CUBE-AZRTOS-H7RS 1.0.0
2026-01-13 08:40:22,287 [INFO] ThirdParty:1030 - CMSIS Pack Vendor :STMicroelectronics FP-ATR-ASTRA1 2.0.0
2026-01-13 08:40:22,287 [INFO] ThirdParty:1030 - CMSIS Pack Vendor :STMicroelectronics X-CUBE-TOF1 3.4.2
2026-01-13 08:40:22,288 [INFO] ThirdParty:1030 - CMSIS Pack Vendor :STMicroelectronics X-CUBE-TOF1 3.4.3
2026-01-13 08:40:22,288 [INFO] ThirdParty:1030 - CMSIS Pack Vendor :STMicroelectronics X-CUBE-AI 9.1.0
2026-01-13 08:40:22,288 [INFO] ThirdParty:1030 - CMSIS Pack Vendor :Infineon AIROC-Wi-Fi-Bluetooth-STM32 1.6.1
2026-01-13 08:40:22,288 [INFO] ThirdParty:1030 - CMSIS Pack Vendor :wolfSSL I-CUBE-wolfSSH 1.4.17
2026-01-13 08:40:22,288 [INFO] ThirdParty:841 - exiting critical section [change project]
2026-01-13 08:40:22,918 [INFO] PinOutPanel:1589 - setPackage(No Configuration,No Configuration)
2026-01-13 08:40:22,921 [INFO] PinOutPanel:1589 - setPackage(STM32F767ZITx,LQFP144)
2026-01-13 08:40:23,734 [INFO] UtilMem:75 - Before build in PCC Used Memory: 813215720 Bytes (1073741824)
2026-01-13 08:40:24,955 [INFO] UtilMem:75 - After build in PCC Used Memory: 879798248 Bytes (1073741824)
2026-01-13 08:40:25,134 [INFO] ApiDbMcu:532 - Load IP Config File for LWIP
2026-01-13 08:40:25,137 [WARN] BspModel:444 - BSP dependency skipped because of component: name='USER_PHY', api='BSP_COMPONENT_DRIVER'
2026-01-13 08:40:25,172 [INFO] IPUIPlugin:80 - create IPUIPlugin
2026-01-13 08:40:25,172 [INFO] IPUIPlugin:80 - create IPUIPlugin
2026-01-13 08:40:25,172 [INFO] IPUIPlugin:80 - create IPUIPlugin
2026-01-13 08:40:25,172 [INFO] IPUIPlugin:80 - create IPUIPlugin
2026-01-13 08:40:25,172 [INFO] IPUIPlugin:80 - create IPUIPlugin
2026-01-13 08:40:25,172 [INFO] IPUIPlugin:80 - create IPUIPlugin
2026-01-13 08:40:25,173 [INFO] IPUIPlugin:80 - create IPUIPlugin
2026-01-13 08:40:25,173 [INFO] IPUIPlugin:80 - create IPUIPlugin
2026-01-13 08:40:25,173 [INFO] IPUIPlugin:80 - create IPUIPlugin
2026-01-13 08:40:25,173 [INFO] IPUIPlugin:80 - create IPUIPlugin
2026-01-13 08:40:25,173 [INFO] IPUIPlugin:80 - create IPUIPlugin
2026-01-13 08:40:25,173 [INFO] IPUIPlugin:80 - create IPUIPlugin
2026-01-13 08:40:25,173 [INFO] IPUIPlugin:80 - create IPUIPlugin
2026-01-13 08:40:25,173 [INFO] IPUIPlugin:80 - create IPUIPlugin
2026-01-13 08:40:25,173 [INFO] IPUIPlugin:80 - create IPUIPlugin
2026-01-13 08:40:25,173 [INFO] IPUIPlugin:80 - create IPUIPlugin
2026-01-13 08:40:25,174 [INFO] IPUIPlugin:80 - create IPUIPlugin
2026-01-13 08:40:25,174 [INFO] IPUIPlugin:80 - create IPUIPlugin
2026-01-13 08:40:25,174 [INFO] IPUIPlugin:80 - create IPUIPlugin
2026-01-13 08:40:25,174 [INFO] IPUIPlugin:80 - create IPUIPlugin
2026-01-13 08:40:25,174 [INFO] IPUIPlugin:80 - create IPUIPlugin
2026-01-13 08:40:25,174 [INFO] IPUIPlugin:80 - create IPUIPlugin
2026-01-13 08:40:25,174 [INFO] IPUIPlugin:80 - create IPUIPlugin
2026-01-13 08:40:25,174 [INFO] IPUIPlugin:80 - create IPUIPlugin
2026-01-13 08:40:25,174 [INFO] IPUIPlugin:80 - create IPUIPlugin
2026-01-13 08:40:25,174 [INFO] IPUIPlugin:80 - create IPUIPlugin
2026-01-13 08:40:25,174 [INFO] IPUIPlugin:80 - create IPUIPlugin
2026-01-13 08:40:25,174 [INFO] IPUIPlugin:80 - create IPUIPlugin
2026-01-13 08:40:25,175 [INFO] IPUIPlugin:80 - create IPUIPlugin
2026-01-13 08:40:25,175 [INFO] IPUIPlugin:80 - create IPUIPlugin
2026-01-13 08:40:25,175 [INFO] IPUIPlugin:80 - create IPUIPlugin
2026-01-13 08:40:25,175 [INFO] IPUIPlugin:80 - create IPUIPlugin
2026-01-13 08:40:25,175 [INFO] IPUIPlugin:80 - create IPUIPlugin
2026-01-13 08:40:25,176 [INFO] IPUIPlugin:80 - create IPUIPlugin
2026-01-13 08:40:25,176 [INFO] IPUIPlugin:80 - create IPUIPlugin
2026-01-13 08:40:25,176 [INFO] IPUIPlugin:80 - create IPUIPlugin
2026-01-13 08:40:25,176 [INFO] IPUIPlugin:80 - create IPUIPlugin
2026-01-13 08:40:25,176 [INFO] IPUIPlugin:80 - create IPUIPlugin
2026-01-13 08:40:25,176 [INFO] IPUIPlugin:80 - create IPUIPlugin
2026-01-13 08:40:25,176 [INFO] IPUIPlugin:80 - create IPUIPlugin
2026-01-13 08:40:25,177 [INFO] IPUIPlugin:80 - create IPUIPlugin
2026-01-13 08:40:25,177 [INFO] IPUIPlugin:80 - create IPUIPlugin
2026-01-13 08:40:25,177 [INFO] IPUIPlugin:80 - create IPUIPlugin
2026-01-13 08:40:25,177 [INFO] IPUIPlugin:80 - create IPUIPlugin
2026-01-13 08:40:25,177 [INFO] IPUIPlugin:80 - create IPUIPlugin
2026-01-13 08:40:25,177 [INFO] IPUIPlugin:80 - create IPUIPlugin
2026-01-13 08:40:25,178 [INFO] IPUIPlugin:80 - create IPUIPlugin
2026-01-13 08:40:25,178 [INFO] IPUIPlugin:80 - create IPUIPlugin
2026-01-13 08:40:25,178 [INFO] IPUIPlugin:80 - create IPUIPlugin
2026-01-13 08:40:25,178 [INFO] IPUIPlugin:80 - create IPUIPlugin
2026-01-13 08:40:25,178 [INFO] IPUIPlugin:80 - create IPUIPlugin
2026-01-13 08:40:25,178 [INFO] IPUIPlugin:80 - create IPUIPlugin
2026-01-13 08:40:25,179 [INFO] IPUIPlugin:80 - create IPUIPlugin
2026-01-13 08:40:25,179 [INFO] IPUIPlugin:80 - create IPUIPlugin
2026-01-13 08:40:25,179 [INFO] IPUIPlugin:80 - create IPUIPlugin
2026-01-13 08:40:25,179 [INFO] IPUIPlugin:80 - create IPUIPlugin
2026-01-13 08:40:25,179 [INFO] IPUIPlugin:80 - create IPUIPlugin
2026-01-13 08:40:25,179 [INFO] IPUIPlugin:80 - create IPUIPlugin
2026-01-13 08:40:25,179 [INFO] IPUIPlugin:80 - create IPUIPlugin
2026-01-13 08:40:25,180 [INFO] IPUIPlugin:80 - create IPUIPlugin
2026-01-13 08:40:25,180 [INFO] IPUIPlugin:80 - create IPUIPlugin
2026-01-13 08:40:25,180 [INFO] IPUIPlugin:80 - create IPUIPlugin
2026-01-13 08:40:25,180 [INFO] IPUIPlugin:80 - create IPUIPlugin
2026-01-13 08:40:25,180 [INFO] IPUIPlugin:80 - create IPUIPlugin
2026-01-13 08:40:25,181 [INFO] IPUIPlugin:80 - create IPUIPlugin
2026-01-13 08:40:25,181 [INFO] IPUIPlugin:80 - create IPUIPlugin
2026-01-13 08:40:25,181 [INFO] IPUIPlugin:80 - create IPUIPlugin
2026-01-13 08:40:25,181 [INFO] IPUIPlugin:80 - create IPUIPlugin
2026-01-13 08:40:25,181 [INFO] IPUIPlugin:80 - create IPUIPlugin
2026-01-13 08:40:25,182 [INFO] IPUIPlugin:80 - create IPUIPlugin
2026-01-13 08:40:25,182 [INFO] IPUIPlugin:80 - create IPUIPlugin
2026-01-13 08:40:25,182 [INFO] IPUIPlugin:80 - create IPUIPlugin
2026-01-13 08:40:25,183 [INFO] IPUIPlugin:80 - create IPUIPlugin
2026-01-13 08:40:25,183 [INFO] IPUIPlugin:80 - create IPUIPlugin
2026-01-13 08:40:25,183 [INFO] IPUIPlugin:80 - create IPUIPlugin
2026-01-13 08:40:25,184 [INFO] IPUIPlugin:80 - create IPUIPlugin
2026-01-13 08:40:25,184 [INFO] IPUIPlugin:80 - create IPUIPlugin
2026-01-13 08:40:25,184 [INFO] IPUIPlugin:80 - create IPUIPlugin
2026-01-13 08:40:25,184 [INFO] IPUIPlugin:80 - create IPUIPlugin
2026-01-13 08:40:25,215 [INFO] ApiDbMcu:532 - Load IP Config File for PDM2PCM
2026-01-13 08:40:25,503 [INFO] CADModel:165 - CPN selected for project levelSTM32F767ZIT6
2026-01-13 08:40:25,503 [INFO] CADModel:114 - Register for checkConnection events
2026-01-13 08:40:25,557 [INFO] OpenFileManager:386 - Restore cursor
2026-01-13 08:40:25,894 [WARN] IP:2250 - CMSIS_VERSION not found: check if there is a RefParameter without a condition.
2026-01-13 08:40:25,899 [WARN] IP:2250 - LWIP_NETIF_HOSTNAME_NAME not found: check if there is a RefParameter without a condition.
2026-01-13 08:40:25,959 [WARN] IP:2250 - CMSIS_VERSION not found: check if there is a RefParameter without a condition.
2026-01-13 08:40:25,965 [WARN] IP:2250 - LWIP_NETIF_HOSTNAME_NAME not found: check if there is a RefParameter without a condition.
2026-01-13 08:40:26,094 [WARN] IP:2250 - Warning not found: check if there is a RefParameter without a condition.
2026-01-13 08:40:26,094 [WARN] IP:2250 - RxBufferAddress not found: check if there is a RefParameter without a condition.
2026-01-13 08:40:26,094 [WARN] IP:2250 - DESC_SIZE_UNIT not found: check if there is a RefParameter without a condition.
2026-01-13 08:40:26,095 [WARN] IP:2250 - Warning not found: check if there is a RefParameter without a condition.
2026-01-13 08:40:26,095 [WARN] IP:2250 - RxBufferAddress not found: check if there is a RefParameter without a condition.
2026-01-13 08:40:26,095 [WARN] IP:2250 - DESC_SIZE_UNIT not found: check if there is a RefParameter without a condition.
2026-01-13 08:41:41,680 [WARN] IP:2250 - Warning not found: check if there is a RefParameter without a condition.
2026-01-13 08:41:41,680 [WARN] IP:2250 - RxBufferAddress not found: check if there is a RefParameter without a condition.
2026-01-13 08:41:41,680 [WARN] IP:2250 - DESC_SIZE_UNIT not found: check if there is a RefParameter without a condition.
2026-01-13 08:41:53,103 [INFO] NvicIntPanel:101 - NVIC parent = com.st.microxplorer.plugins.ip.nvic.MultiNvicIntPanel[,0,0,562x222,layout=javax.swing.BoxLayout,alignmentX=0.0,alignmentY=0.0,border=,flags=9,maximumSize=,minimumSize=,preferredSize=]
2026-01-13 08:41:56,085 [WARN] IP:2250 - Warning not found: check if there is a RefParameter without a condition.
2026-01-13 08:41:56,086 [WARN] IP:2250 - RxBufferAddress not found: check if there is a RefParameter without a condition.
2026-01-13 08:41:56,086 [WARN] IP:2250 - DESC_SIZE_UNIT not found: check if there is a RefParameter without a condition.
2026-01-13 08:41:59,348 [INFO] NvicIntPanel:101 - NVIC parent = com.st.microxplorer.plugins.ip.nvic.MultiNvicIntPanel[,0,0,0x0,invalid,layout=javax.swing.BoxLayout,alignmentX=0.0,alignmentY=0.0,border=,flags=9,maximumSize=,minimumSize=,preferredSize=]
2026-01-13 08:42:00,846 [WARN] IP:2250 - Warning not found: check if there is a RefParameter without a condition.
2026-01-13 08:42:00,846 [WARN] IP:2250 - RxBufferAddress not found: check if there is a RefParameter without a condition.
2026-01-13 08:42:00,846 [WARN] IP:2250 - DESC_SIZE_UNIT not found: check if there is a RefParameter without a condition.
2026-01-13 08:42:00,868 [WARN] IP:2250 - Warning not found: check if there is a RefParameter without a condition.
2026-01-13 08:42:00,869 [WARN] IP:2250 - RxBufferAddress not found: check if there is a RefParameter without a condition.
2026-01-13 08:42:00,869 [WARN] IP:2250 - DESC_SIZE_UNIT not found: check if there is a RefParameter without a condition.
2026-01-13 08:42:10,349 [WARN] IP:2250 - CMSIS_VERSION not found: check if there is a RefParameter without a condition.
2026-01-13 08:42:10,352 [WARN] IP:2250 - LWIP_NETIF_HOSTNAME_NAME not found: check if there is a RefParameter without a condition.
2026-01-13 08:42:21,856 [INFO] UtilMem:75 - End SaveConfig() Used Memory: 998928856 Bytes (1073741824)
2026-01-13 08:42:22,891 [INFO] UtilMem:75 - End SaveConfig() Used Memory: 771905272 Bytes (1073741824)
2026-01-13 08:42:23,401 [INFO] BlockDiagram:2775 - set Specific Code input for plugin: SYS
2026-01-13 08:42:23,402 [INFO] BlockDiagram:2775 - set Specific Code input for plugin: RCC
2026-01-13 08:42:23,402 [INFO] BlockDiagram:2775 - set Specific Code input for plugin: NVIC
2026-01-13 08:42:23,402 [INFO] BlockDiagram:2775 - set Specific Code input for plugin: LWIP
2026-01-13 08:42:23,403 [INFO] BlockDiagram:2775 - set Specific Code input for plugin: GPIO
2026-01-13 08:42:23,403 [INFO] BlockDiagram:2775 - set Specific Code input for plugin: ETH
2026-01-13 08:42:23,405 [INFO] CodeGenerator:892 - code generatio: config db path: C:\ST\STM32CubeIDE_1.16.1\STM32CubeIDE\plugins\com.st.stm32cube.common.mx_6.15.0.202507011659\\db\
2026-01-13 08:42:23,410 [WARN] IP:2250 - Warning not found: check if there is a RefParameter without a condition.
2026-01-13 08:42:23,410 [WARN] IP:2250 - RxBufferAddress not found: check if there is a RefParameter without a condition.
2026-01-13 08:42:23,410 [WARN] IP:2250 - DESC_SIZE_UNIT not found: check if there is a RefParameter without a condition.
2026-01-13 08:42:23,413 [WARN] IP:2250 - CMSIS_VERSION not found: check if there is a RefParameter without a condition.
2026-01-13 08:42:23,415 [WARN] IP:2250 - LWIP_NETIF_HOSTNAME_NAME not found: check if there is a RefParameter without a condition.
2026-01-13 08:42:23,659 [INFO] CodeEngine:265 - oldGeneratedFile, C:\Users\Chinnapop\Documents\lwIP_UDP_Nucleo-F767ZI\CubeIDE-F767-UDP-echo\MXTmpFiles\license.tmp_save
2026-01-13 08:42:24,295 [INFO] CodeEngine:289 - Generated code: C:\Users\Chinnapop\Documents\lwIP_UDP_Nucleo-F767ZI\CubeIDE-F767-UDP-echo\MXTmpFiles\license.tmp
2026-01-13 08:42:24,479 [INFO] CodeEngine:265 - oldGeneratedFile, C:\Users\Chinnapop\Documents\lwIP_UDP_Nucleo-F767ZI\CubeIDE-F767-UDP-echo\MXTmpFiles\gpio.tmp_save
2026-01-13 08:42:24,695 [INFO] CodeEngine:289 - Generated code: C:\Users\Chinnapop\Documents\lwIP_UDP_Nucleo-F767ZI\CubeIDE-F767-UDP-echo\MXTmpFiles\gpio.tmp
2026-01-13 08:42:24,878 [INFO] CodeEngine:265 - oldGeneratedFile, C:\Users\Chinnapop\Documents\lwIP_UDP_Nucleo-F767ZI\CubeIDE-F767-UDP-echo\MXTmpFiles\eth_vars.tmp_save
2026-01-13 08:42:25,024 [INFO] CodeEngine:289 - Generated code: C:\Users\Chinnapop\Documents\lwIP_UDP_Nucleo-F767ZI\CubeIDE-F767-UDP-echo\MXTmpFiles\eth_vars.tmp
2026-01-13 08:42:25,041 [INFO] CodeEngine:265 - oldGeneratedFile, C:\Users\Chinnapop\Documents\lwIP_UDP_Nucleo-F767ZI\CubeIDE-F767-UDP-echo\MXTmpFiles\eth_inc.tmp_save
2026-01-13 08:42:25,127 [INFO] CodeEngine:289 - Generated code: C:\Users\Chinnapop\Documents\lwIP_UDP_Nucleo-F767ZI\CubeIDE-F767-UDP-echo\MXTmpFiles\eth_inc.tmp
2026-01-13 08:42:25,144 [INFO] CodeEngine:265 - oldGeneratedFile, C:\Users\Chinnapop\Documents\lwIP_UDP_Nucleo-F767ZI\CubeIDE-F767-UDP-echo\MXTmpFiles\eth_HalInit.tmp_save
2026-01-13 08:42:25,307 [INFO] CodeEngine:289 - Generated code: C:\Users\Chinnapop\Documents\lwIP_UDP_Nucleo-F767ZI\CubeIDE-F767-UDP-echo\MXTmpFiles\eth_HalInit.tmp
2026-01-13 08:42:25,324 [INFO] CodeEngine:265 - oldGeneratedFile, C:\Users\Chinnapop\Documents\lwIP_UDP_Nucleo-F767ZI\CubeIDE-F767-UDP-echo\MXTmpFiles\eth_Msp.tmp_save
2026-01-13 08:42:25,438 [INFO] CodeEngine:289 - Generated code: C:\Users\Chinnapop\Documents\lwIP_UDP_Nucleo-F767ZI\CubeIDE-F767-UDP-echo\MXTmpFiles\eth_Msp.tmp
2026-01-13 08:42:25,624 [INFO] Middleware:1452 - No code input for Bsp Dependency
2026-01-13 08:42:25,648 [INFO] CodeEngine:265 - oldGeneratedFile, C:\Users\Chinnapop\Documents\lwIP_UDP_Nucleo-F767ZI\CubeIDE-F767-UDP-echo\MXTmpFiles\cortex.tmp_save
2026-01-13 08:42:25,792 [INFO] CodeEngine:289 - Generated code: C:\Users\Chinnapop\Documents\lwIP_UDP_Nucleo-F767ZI\CubeIDE-F767-UDP-echo\MXTmpFiles\cortex.tmp
2026-01-13 08:42:25,820 [INFO] Middleware:1452 - No code input for Bsp Dependency
2026-01-13 08:42:25,848 [INFO] CodeEngine:265 - oldGeneratedFile, C:\Users\Chinnapop\Documents\lwIP_UDP_Nucleo-F767ZI\CubeIDE-F767-UDP-echo\LWIP\App\lwip.c_save
2026-01-13 08:42:26,026 [INFO] CodeEngine:289 - Generated code: C:\Users\Chinnapop\Documents\lwIP_UDP_Nucleo-F767ZI\CubeIDE-F767-UDP-echo\LWIP\App\lwip.c
2026-01-13 08:42:26,034 [INFO] CodeEngine:265 - oldGeneratedFile, C:\Users\Chinnapop\Documents\lwIP_UDP_Nucleo-F767ZI\CubeIDE-F767-UDP-echo\LWIP\App\lwip.h_save
2026-01-13 08:42:26,122 [INFO] CodeEngine:289 - Generated code: C:\Users\Chinnapop\Documents\lwIP_UDP_Nucleo-F767ZI\CubeIDE-F767-UDP-echo\LWIP\App\lwip.h
2026-01-13 08:42:26,135 [INFO] CodeEngine:265 - oldGeneratedFile, C:\Users\Chinnapop\Documents\lwIP_UDP_Nucleo-F767ZI\CubeIDE-F767-UDP-echo\LWIP\Target\lwipopts.h_save
2026-01-13 08:42:26,444 [INFO] CodeEngine:289 - Generated code: C:\Users\Chinnapop\Documents\lwIP_UDP_Nucleo-F767ZI\CubeIDE-F767-UDP-echo\LWIP\Target\lwipopts.h
2026-01-13 08:42:26,455 [INFO] CodeEngine:265 - oldGeneratedFile, C:\Users\Chinnapop\Documents\lwIP_UDP_Nucleo-F767ZI\CubeIDE-F767-UDP-echo\LWIP\Target\ethernetif.c_save
2026-01-13 08:42:26,596 [INFO] CodeEngine:289 - Generated code: C:\Users\Chinnapop\Documents\lwIP_UDP_Nucleo-F767ZI\CubeIDE-F767-UDP-echo\LWIP\Target\ethernetif.c
2026-01-13 08:42:26,604 [INFO] CodeEngine:265 - oldGeneratedFile, C:\Users\Chinnapop\Documents\lwIP_UDP_Nucleo-F767ZI\CubeIDE-F767-UDP-echo\LWIP\Target\ethernetif.h_save
2026-01-13 08:42:26,699 [INFO] CodeEngine:289 - Generated code: C:\Users\Chinnapop\Documents\lwIP_UDP_Nucleo-F767ZI\CubeIDE-F767-UDP-echo\LWIP\Target\ethernetif.h
2026-01-13 08:42:26,714 [INFO] CodeEngine:265 - oldGeneratedFile, C:\Users\Chinnapop\Documents\lwIP_UDP_Nucleo-F767ZI\CubeIDE-F767-UDP-echo\Core\Src\stm32f7xx_it.c_save
2026-01-13 08:42:26,932 [INFO] CodeEngine:289 - Generated code: C:\Users\Chinnapop\Documents\lwIP_UDP_Nucleo-F767ZI\CubeIDE-F767-UDP-echo\Core\Src\stm32f7xx_it.c
2026-01-13 08:42:26,941 [INFO] CodeEngine:265 - oldGeneratedFile, C:\Users\Chinnapop\Documents\lwIP_UDP_Nucleo-F767ZI\CubeIDE-F767-UDP-echo\Core\Inc\stm32f7xx_it.h_save
2026-01-13 08:42:27,041 [INFO] CodeEngine:289 - Generated code: C:\Users\Chinnapop\Documents\lwIP_UDP_Nucleo-F767ZI\CubeIDE-F767-UDP-echo\Core\Inc\stm32f7xx_it.h
2026-01-13 08:42:27,074 [INFO] CodeEngine:265 - oldGeneratedFile, C:\Users\Chinnapop\Documents\lwIP_UDP_Nucleo-F767ZI\CubeIDE-F767-UDP-echo\Core\Src\stm32f7xx_hal_msp.c_save
2026-01-13 08:42:27,282 [INFO] CodeEngine:289 - Generated code: C:\Users\Chinnapop\Documents\lwIP_UDP_Nucleo-F767ZI\CubeIDE-F767-UDP-echo\Core\Src\stm32f7xx_hal_msp.c
2026-01-13 08:42:27,305 [INFO] CodeEngine:265 - oldGeneratedFile, C:\Users\Chinnapop\Documents\lwIP_UDP_Nucleo-F767ZI\CubeIDE-F767-UDP-echo\MXTmpFiles\system.tmp_save
2026-01-13 08:42:27,404 [INFO] CodeEngine:289 - Generated code: C:\Users\Chinnapop\Documents\lwIP_UDP_Nucleo-F767ZI\CubeIDE-F767-UDP-echo\MXTmpFiles\system.tmp
2026-01-13 08:42:27,435 [INFO] CodeEngine:321 - oldGeneratedFile, C:\Users\Chinnapop\Documents\lwIP_UDP_Nucleo-F767ZI\CubeIDE-F767-UDP-echo\Core\Inc\stm32f7xx_hal_conf.h_save
2026-01-13 08:42:27,642 [INFO] CodeEngine:345 - Generated code: C:\Users\Chinnapop\Documents\lwIP_UDP_Nucleo-F767ZI\CubeIDE-F767-UDP-echo\Core\Inc\stm32f7xx_hal_conf.h
2026-01-13 08:42:27,710 [INFO] ApiDbMcu:532 - Load IP Config File for RCC
2026-01-13 08:42:27,723 [INFO] CodeEngine:265 - oldGeneratedFile, C:\Users\Chinnapop\Documents\lwIP_UDP_Nucleo-F767ZI\CubeIDE-F767-UDP-echo\Core\Inc\main.h_save
2026-01-13 08:42:27,933 [INFO] CodeEngine:289 - Generated code: C:\Users\Chinnapop\Documents\lwIP_UDP_Nucleo-F767ZI\CubeIDE-F767-UDP-echo\Core\Inc\main.h
2026-01-13 08:42:27,956 [INFO] CodeEngine:265 - oldGeneratedFile, C:\Users\Chinnapop\Documents\lwIP_UDP_Nucleo-F767ZI\CubeIDE-F767-UDP-echo\Core\Src\main.c_save
2026-01-13 08:42:28,109 [INFO] CodeEngine:289 - Generated code: C:\Users\Chinnapop\Documents\lwIP_UDP_Nucleo-F767ZI\CubeIDE-F767-UDP-echo\Core\Src\main.c
2026-01-13 08:42:29,064 [INFO] ProjectBuilder:3606 - Time for Copy HAL[1] : 650mS.
2026-01-13 08:42:29,085 [INFO] ProjectBuilder:5216 - Project Generator version: 4.7.0-B52
2026-01-13 08:42:29,171 [INFO] ConfigFileManager:1595 - The Die is : DIE451
2026-01-13 08:42:29,186 [INFO] ApiDbMcu:532 - Load IP Config File for FATFS
2026-01-13 08:42:29,202 [INFO] ApiDbMcu:532 - Load IP Config File for FREERTOS
2026-01-13 08:42:29,217 [INFO] ApiDbMcu:532 - Load IP Config File for LIBJPEG
2026-01-13 08:42:29,246 [INFO] ApiDbMcu:532 - Load IP Config File for MBEDTLS
2026-01-13 08:42:29,268 [INFO] ApiDbMcu:532 - Load IP Config File for USB_DEVICE
2026-01-13 08:42:29,286 [INFO] ApiDbMcu:532 - Load IP Config File for USB_HOST
2026-01-13 08:42:30,383 [INFO] LogOutputStream:77 - [STDOUT_REDIRECT] 
2026-01-13 08:42:38,234 [INFO] ProjectBuilder:5496 - Time for Generating toolchain IDE Files: 9140mS.
2026-01-13 08:42:38,240 [INFO] ProjectBuilder:3463 - Time for Copy CMSIS : 5mS.
2026-01-13 08:42:38,346 [INFO] ProjectBuilder:3463 - Time for Copy CMSIS : 0mS.
2026-01-13 08:42:56,736 [INFO] WebApp:194 - Connection lost
2026-01-13 08:42:56,943 [INFO] WebApp:191 - Connection restablished
2026-01-13 08:43:00,193 [INFO] WebApp:194 - Connection lost
2026-01-13 08:43:00,453 [INFO] WebApp:191 - Connection restablished
2026-01-13 08:43:17,537 [INFO] WebApp:194 - Connection lost
2026-01-13 08:43:17,756 [INFO] WebApp:191 - Connection restablished
2026-01-13 08:43:20,739 [INFO] WebApp:194 - Connection lost
2026-01-13 08:43:20,992 [INFO] WebApp:191 - Connection restablished
2026-01-13 08:43:49,706 [INFO] UtilMem:75 - End SaveConfig() Used Memory: 911059440 Bytes (1073741824)
2026-01-13 08:43:49,911 [INFO] BlockDiagram:2775 - set Specific Code input for plugin: SYS
2026-01-13 08:43:49,911 [INFO] BlockDiagram:2775 - set Specific Code input for plugin: RCC
2026-01-13 08:43:49,911 [INFO] BlockDiagram:2775 - set Specific Code input for plugin: NVIC
2026-01-13 08:43:49,911 [INFO] BlockDiagram:2775 - set Specific Code input for plugin: LWIP
2026-01-13 08:43:49,912 [INFO] BlockDiagram:2775 - set Specific Code input for plugin: GPIO
2026-01-13 08:43:49,912 [INFO] BlockDiagram:2775 - set Specific Code input for plugin: ETH
2026-01-13 08:43:49,915 [INFO] CodeGenerator:892 - code generatio: config db path: C:\ST\STM32CubeIDE_1.16.1\STM32CubeIDE\plugins\com.st.stm32cube.common.mx_6.15.0.202507011659\\db\
2026-01-13 08:43:49,920 [WARN] IP:2250 - Warning not found: check if there is a RefParameter without a condition.
2026-01-13 08:43:49,920 [WARN] IP:2250 - RxBufferAddress not found: check if there is a RefParameter without a condition.
2026-01-13 08:43:49,921 [WARN] IP:2250 - DESC_SIZE_UNIT not found: check if there is a RefParameter without a condition.
2026-01-13 08:43:49,926 [WARN] IP:2250 - CMSIS_VERSION not found: check if there is a RefParameter without a condition.
2026-01-13 08:43:49,932 [WARN] IP:2250 - LWIP_NETIF_HOSTNAME_NAME not found: check if there is a RefParameter without a condition.
2026-01-13 08:43:50,113 [INFO] CodeEngine:265 - oldGeneratedFile, C:\Users\Chinnapop\Documents\lwIP_UDP_Nucleo-F767ZI\CubeIDE-F767-UDP-echo\MXTmpFiles\license.tmp_save
2026-01-13 08:43:50,241 [INFO] CodeEngine:289 - Generated code: C:\Users\Chinnapop\Documents\lwIP_UDP_Nucleo-F767ZI\CubeIDE-F767-UDP-echo\MXTmpFiles\license.tmp
2026-01-13 08:43:50,299 [INFO] CodeEngine:265 - oldGeneratedFile, C:\Users\Chinnapop\Documents\lwIP_UDP_Nucleo-F767ZI\CubeIDE-F767-UDP-echo\MXTmpFiles\gpio.tmp_save
2026-01-13 08:43:50,450 [INFO] CodeEngine:289 - Generated code: C:\Users\Chinnapop\Documents\lwIP_UDP_Nucleo-F767ZI\CubeIDE-F767-UDP-echo\MXTmpFiles\gpio.tmp
2026-01-13 08:43:50,589 [INFO] CodeEngine:265 - oldGeneratedFile, C:\Users\Chinnapop\Documents\lwIP_UDP_Nucleo-F767ZI\CubeIDE-F767-UDP-echo\MXTmpFiles\eth_vars.tmp_save
2026-01-13 08:43:50,739 [INFO] CodeEngine:289 - Generated code: C:\Users\Chinnapop\Documents\lwIP_UDP_Nucleo-F767ZI\CubeIDE-F767-UDP-echo\MXTmpFiles\eth_vars.tmp
2026-01-13 08:43:50,755 [INFO] CodeEngine:265 - oldGeneratedFile, C:\Users\Chinnapop\Documents\lwIP_UDP_Nucleo-F767ZI\CubeIDE-F767-UDP-echo\MXTmpFiles\eth_inc.tmp_save
2026-01-13 08:43:50,828 [INFO] CodeEngine:289 - Generated code: C:\Users\Chinnapop\Documents\lwIP_UDP_Nucleo-F767ZI\CubeIDE-F767-UDP-echo\MXTmpFiles\eth_inc.tmp
2026-01-13 08:43:50,836 [INFO] CodeEngine:265 - oldGeneratedFile, C:\Users\Chinnapop\Documents\lwIP_UDP_Nucleo-F767ZI\CubeIDE-F767-UDP-echo\MXTmpFiles\eth_HalInit.tmp_save
2026-01-13 08:43:50,929 [INFO] CodeEngine:289 - Generated code: C:\Users\Chinnapop\Documents\lwIP_UDP_Nucleo-F767ZI\CubeIDE-F767-UDP-echo\MXTmpFiles\eth_HalInit.tmp
2026-01-13 08:43:50,939 [INFO] CodeEngine:265 - oldGeneratedFile, C:\Users\Chinnapop\Documents\lwIP_UDP_Nucleo-F767ZI\CubeIDE-F767-UDP-echo\MXTmpFiles\eth_Msp.tmp_save
2026-01-13 08:43:51,042 [INFO] CodeEngine:289 - Generated code: C:\Users\Chinnapop\Documents\lwIP_UDP_Nucleo-F767ZI\CubeIDE-F767-UDP-echo\MXTmpFiles\eth_Msp.tmp
2026-01-13 08:43:51,107 [INFO] Middleware:1452 - No code input for Bsp Dependency
2026-01-13 08:43:51,120 [INFO] CodeEngine:265 - oldGeneratedFile, C:\Users\Chinnapop\Documents\lwIP_UDP_Nucleo-F767ZI\CubeIDE-F767-UDP-echo\MXTmpFiles\cortex.tmp_save
2026-01-13 08:43:51,228 [INFO] CodeEngine:289 - Generated code: C:\Users\Chinnapop\Documents\lwIP_UDP_Nucleo-F767ZI\CubeIDE-F767-UDP-echo\MXTmpFiles\cortex.tmp
2026-01-13 08:43:51,236 [INFO] Middleware:1452 - No code input for Bsp Dependency
2026-01-13 08:43:51,249 [INFO] CodeEngine:265 - oldGeneratedFile, C:\Users\Chinnapop\Documents\lwIP_UDP_Nucleo-F767ZI\CubeIDE-F767-UDP-echo\LWIP\App\lwip.c_save
2026-01-13 08:43:51,375 [INFO] CodeEngine:289 - Generated code: C:\Users\Chinnapop\Documents\lwIP_UDP_Nucleo-F767ZI\CubeIDE-F767-UDP-echo\LWIP\App\lwip.c
2026-01-13 08:43:51,407 [INFO] CodeEngine:265 - oldGeneratedFile, C:\Users\Chinnapop\Documents\lwIP_UDP_Nucleo-F767ZI\CubeIDE-F767-UDP-echo\LWIP\App\lwip.h_save
2026-01-13 08:43:51,470 [INFO] CodeEngine:289 - Generated code: C:\Users\Chinnapop\Documents\lwIP_UDP_Nucleo-F767ZI\CubeIDE-F767-UDP-echo\LWIP\App\lwip.h
2026-01-13 08:43:51,476 [INFO] CodeEngine:265 - oldGeneratedFile, C:\Users\Chinnapop\Documents\lwIP_UDP_Nucleo-F767ZI\CubeIDE-F767-UDP-echo\LWIP\Target\lwipopts.h_save
2026-01-13 08:43:51,702 [INFO] CodeEngine:289 - Generated code: C:\Users\Chinnapop\Documents\lwIP_UDP_Nucleo-F767ZI\CubeIDE-F767-UDP-echo\LWIP\Target\lwipopts.h
2026-01-13 08:43:51,713 [INFO] CodeEngine:265 - oldGeneratedFile, C:\Users\Chinnapop\Documents\lwIP_UDP_Nucleo-F767ZI\CubeIDE-F767-UDP-echo\LWIP\Target\ethernetif.c_save
2026-01-13 08:43:51,856 [INFO] CodeEngine:289 - Generated code: C:\Users\Chinnapop\Documents\lwIP_UDP_Nucleo-F767ZI\CubeIDE-F767-UDP-echo\LWIP\Target\ethernetif.c
2026-01-13 08:43:51,874 [INFO] CodeEngine:265 - oldGeneratedFile, C:\Users\Chinnapop\Documents\lwIP_UDP_Nucleo-F767ZI\CubeIDE-F767-UDP-echo\LWIP\Target\ethernetif.h_save
2026-01-13 08:43:51,942 [INFO] CodeEngine:289 - Generated code: C:\Users\Chinnapop\Documents\lwIP_UDP_Nucleo-F767ZI\CubeIDE-F767-UDP-echo\LWIP\Target\ethernetif.h
2026-01-13 08:43:51,961 [INFO] CodeEngine:265 - oldGeneratedFile, C:\Users\Chinnapop\Documents\lwIP_UDP_Nucleo-F767ZI\CubeIDE-F767-UDP-echo\Core\Src\stm32f7xx_it.c_save
2026-01-13 08:43:52,158 [INFO] CodeEngine:289 - Generated code: C:\Users\Chinnapop\Documents\lwIP_UDP_Nucleo-F767ZI\CubeIDE-F767-UDP-echo\Core\Src\stm32f7xx_it.c
2026-01-13 08:43:52,164 [INFO] CodeEngine:265 - oldGeneratedFile, C:\Users\Chinnapop\Documents\lwIP_UDP_Nucleo-F767ZI\CubeIDE-F767-UDP-echo\Core\Inc\stm32f7xx_it.h_save
2026-01-13 08:43:52,236 [INFO] CodeEngine:289 - Generated code: C:\Users\Chinnapop\Documents\lwIP_UDP_Nucleo-F767ZI\CubeIDE-F767-UDP-echo\Core\Inc\stm32f7xx_it.h
2026-01-13 08:43:52,274 [INFO] CodeEngine:265 - oldGeneratedFile, C:\Users\Chinnapop\Documents\lwIP_UDP_Nucleo-F767ZI\CubeIDE-F767-UDP-echo\Core\Src\stm32f7xx_hal_msp.c_save
2026-01-13 08:43:52,528 [INFO] CodeEngine:289 - Generated code: C:\Users\Chinnapop\Documents\lwIP_UDP_Nucleo-F767ZI\CubeIDE-F767-UDP-echo\Core\Src\stm32f7xx_hal_msp.c
2026-01-13 08:43:52,542 [INFO] CodeEngine:265 - oldGeneratedFile, C:\Users\Chinnapop\Documents\lwIP_UDP_Nucleo-F767ZI\CubeIDE-F767-UDP-echo\MXTmpFiles\system.tmp_save
2026-01-13 08:43:52,612 [INFO] CodeEngine:289 - Generated code: C:\Users\Chinnapop\Documents\lwIP_UDP_Nucleo-F767ZI\CubeIDE-F767-UDP-echo\MXTmpFiles\system.tmp
2026-01-13 08:43:52,625 [INFO] CodeEngine:321 - oldGeneratedFile, C:\Users\Chinnapop\Documents\lwIP_UDP_Nucleo-F767ZI\CubeIDE-F767-UDP-echo\Core\Inc\stm32f7xx_hal_conf.h_save
2026-01-13 08:43:52,859 [INFO] CodeEngine:345 - Generated code: C:\Users\Chinnapop\Documents\lwIP_UDP_Nucleo-F767ZI\CubeIDE-F767-UDP-echo\Core\Inc\stm32f7xx_hal_conf.h
2026-01-13 08:43:52,941 [INFO] CodeEngine:265 - oldGeneratedFile, C:\Users\Chinnapop\Documents\lwIP_UDP_Nucleo-F767ZI\CubeIDE-F767-UDP-echo\Core\Inc\main.h_save
2026-01-13 08:43:53,161 [INFO] CodeEngine:289 - Generated code: C:\Users\Chinnapop\Documents\lwIP_UDP_Nucleo-F767ZI\CubeIDE-F767-UDP-echo\Core\Inc\main.h
2026-01-13 08:43:53,179 [INFO] CodeEngine:265 - oldGeneratedFile, C:\Users\Chinnapop\Documents\lwIP_UDP_Nucleo-F767ZI\CubeIDE-F767-UDP-echo\Core\Src\main.c_save
2026-01-13 08:43:53,377 [INFO] CodeEngine:289 - Generated code: C:\Users\Chinnapop\Documents\lwIP_UDP_Nucleo-F767ZI\CubeIDE-F767-UDP-echo\Core\Src\main.c
2026-01-13 08:43:54,316 [INFO] ProjectBuilder:3606 - Time for Copy HAL[1] : 635mS.
2026-01-13 08:43:54,332 [INFO] ProjectBuilder:5216 - Project Generator version: 4.7.0-B52
2026-01-13 08:43:54,453 [INFO] ConfigFileManager:1595 - The Die is : DIE451
2026-01-13 08:43:55,770 [INFO] ProjectBuilder:5496 - Time for Generating toolchain IDE Files: 1438mS.
2026-01-13 08:43:55,771 [INFO] ProjectBuilder:3463 - Time for Copy CMSIS : 1mS.
2026-01-13 08:43:55,794 [INFO] ProjectBuilder:3463 - Time for Copy CMSIS : 1mS.
2026-01-13 08:44:20,772 [INFO] WebApp:194 - Connection lost
2026-01-13 08:44:20,987 [INFO] WebApp:191 - Connection restablished
2026-01-13 08:44:25,613 [INFO] WebApp:194 - Connection lost
2026-01-13 08:44:25,854 [INFO] WebApp:191 - Connection restablished
2026-01-13 08:44:29,601 [INFO] WebApp:194 - Connection lost
2026-01-13 08:44:29,805 [INFO] WebApp:191 - Connection restablished
2026-01-13 08:44:31,834 [INFO] WebApp:194 - Connection lost
2026-01-13 08:44:32,034 [INFO] WebApp:191 - Connection restablished
2026-01-13 08:44:36,639 [INFO] WebApp:194 - Connection lost
2026-01-13 08:44:36,854 [INFO] WebApp:191 - Connection restablished
2026-01-13 08:53:00,114 [INFO] MainUpdater:2872 - connection check result : 10
2026-01-13 08:53:00,136 [INFO] McuFinderGlobals:76 - Set McuFinderConnectedMode to true
2026-01-13 08:53:00,655 [INFO] ServerAccessManage:452 - Complete download http(s) 200
2026-01-13 08:53:00,658 [INFO] ServerAccessManage:509 - Download File mcusAds.json._tmp_
2026-01-13 08:53:00,803 [INFO] LoadUrlFilesThread:156 - End of LoadUrlFiles Thread
2026-01-13 08:53:01,126 [INFO] ServerAccessManage:452 - Complete download http(s) 200
2026-01-13 08:53:01,127 [INFO] ServerAccessManage:509 - Download File cube-finder-db.zip
2026-01-13 08:53:01,910 [INFO] FileExtend:248 - Unzip File : cube-finder-db.zip
2026-01-13 08:53:01,911 [INFO] FileExtend:263 - Standard Zip Deflate
2026-01-13 08:53:02,886 [INFO] LoadUrlFilesThread:156 - End of LoadUrlFiles Thread
2026-01-13 08:53:04,115 [INFO] ServerAccessManage:452 - Complete download http(s) 200
2026-01-13 08:53:04,116 [INFO] ServerAccessManage:509 - Download File crdb.zip
2026-01-13 08:53:05,374 [INFO] FileExtend:248 - Unzip File : crdb.zip
2026-01-13 08:53:05,375 [INFO] FileExtend:263 - Standard Zip Deflate
2026-01-13 08:53:05,547 [INFO] LoadUrlFilesThread:156 - End of LoadUrlFiles Thread
2026-01-13 08:53:05,758 [INFO] ServerAccessManage:452 - Complete download http(s) 200
2026-01-13 08:53:05,758 [INFO] ServerAccessManage:509 - Download File tutoVideoDB.zip
2026-01-13 08:53:05,767 [INFO] FileExtend:248 - Unzip File : tutoVideoDB.zip
2026-01-13 08:53:05,767 [INFO] FileExtend:263 - Standard Zip Deflate
2026-01-13 08:53:05,916 [INFO] LoadUrlFilesThread:156 - End of LoadUrlFiles Thread
2026-01-13 08:53:05,922 [WARN] DbFile:41 - Overriding database path with different value: C:\Users\Chinnapop\.stmcufinder\plugins\mcufinder/ => C:\Users\Chinnapop\.stmcufinder\plugins\mcufinder
2026-01-13 08:53:06,699 [INFO] ServerAccessManage:452 - Complete download http(s) 200
2026-01-13 08:53:06,701 [INFO] ServerAccessManage:509 - Download File api_config.json
2026-01-13 08:53:06,833 [INFO] LoadUrlFilesThread:156 - End of LoadUrlFiles Thread
2026-01-13 08:53:06,836 [INFO] DbMcusAds:53 - JSON generation date=Thu Jan 08 22:56:32 ICT 2026 (1767887792457)
2026-01-13 08:53:06,846 [INFO] ApiDb:448 - Save user favorites file C:\Users\Chinnapop/.stm32cubeide/favorites.mcus.txt: 0 item(s)
2026-01-13 08:53:06,847 [INFO] ApiDb:452 - User favorites MCUs=[]
2026-01-13 08:53:06,850 [INFO] ApiDb:581 - Connected to CubeFinder SQLite database (C:\Users\Chinnapop\.stmcufinder\plugins\mcufinder\mcu\cube-finder-db.db)
2026-01-13 08:53:06,916 [INFO] ApiDb:668 - CubeFinder database Data Model version=2.1
2026-01-13 08:53:06,916 [INFO] ApiDb:669 - CubeFinder database Configuration version=3.0.39
2026-01-13 08:53:06,916 [INFO] ApiDb:670 - CubeFinder database generation date=2025-12-22 (1766407740)
2026-01-13 08:53:06,916 [INFO] ApiDb:671 - CubeFinder database FW Pack versions=[FP-ATR-ASTRA1_V2.0.0, FP-SNS-FLIGHT1_V5.1.0, FP-SNS-MOTENV1_V5.1.0, FP-SNS-MOTENVWB1_V1.4.0, FP-SNS-SMARTAG2_V1.2.0, FP-SNS-STBOX1_V2.1.0, STM32Cube_FW_C0_V1.4.0, STM32Cube_FW_F4_V1.28.3, STM32Cube_FW_F7_V1.17.4, STM32Cube_FW_G0_V1.6.2, STM32Cube_FW_G4_V1.6.1, STM32Cube_FW_H5_V1.5.1, STM32Cube_FW_H7RS_V1.3.0, STM32Cube_FW_H7_V1.12.1, STM32Cube_FW_L0_V1.12.2, STM32Cube_FW_L4_V1.18.1, STM32Cube_FW_L5_V1.6.0, STM32Cube_FW_N6_V1.3.0, STM32Cube_FW_U0_V1.3.0, STM32Cube_FW_U3_V1.2.1, STM32Cube_FW_U5_V1.8.0, STM32Cube_FW_WB0_V1.4.0, STM32Cube_FW_WBA_V1.8.0, STM32Cube_FW_WB_V1.24.0, STM32Cube_FW_WL3_V1.3.0, STM32Cube_FW_WL_V1.4.0, X-CUBE-ALGOBUILD_V1.4.0, X-CUBE-ALS_V1.0.2, X-CUBE-AZRTOS-F4_V1.1.0, X-CUBE-AZRTOS-F7_V1.1.0, X-CUBE-AZRTOS-G0_V1.1.0, X-CUBE-AZRTOS-G4_V2.0.0, X-CUBE-AZRTOS-H7RS_V1.1.0, X-CUBE-AZRTOS-H7_V3.4.0, X-CUBE-AZRTOS-L4_V2.0.0, X-CUBE-AZRTOS-L5_V2.0.0, X-CUBE-AZRTOS-WB_V2.0.0, X-CUBE-AZRTOS-WL_V2.0.0, X-CUBE-BLE1_V7.1.0, X-CUBE-BLE2_V3.3.0, X-CUBE-BLEMGR_V4.1.0, X-CUBE-EEPRMA1_V5.2.0, X-CUBE-FREERTOS_V1.3.1, X-CUBE-GNSS1_V6.0.0, X-CUBE-MEMS1_V12.0.0, X-CUBE-NFC4_V3.0.0, X-CUBE-NFC7_V2.0.0, X-CUBE-SFXS2LP1_V4.0.0, X-CUBE-ST67W61_V1.1.0, X-CUBE-SUBG2_V5.0.0, X-CUBE-TOF1_V3.4.3]
2026-01-13 08:53:09,242 [INFO] ApiDb:240 - Found 880 in-development CPN: [B-G473E-ZEST1S, B-WB1M-WPAN1, B-WBA5M-WPAN, B-WL5M-SUBG1, NUCLEO-C031C6, NUCLEO-C051C8, NUCLEO-C071RB, NUCLEO-C092RC, NUCLEO-H503RB, NUCLEO-H533RE, NUCLEO-H563ZI, NUCLEO-H7S3L8, NUCLEO-N657X0-Q, NUCLEO-U031R8, NUCLEO-U083RC, NUCLEO-U385RG-Q, NUCLEO-U545RE-Q, NUCLEO-U5A5ZJ-Q, NUCLEO-WB05KZ, NUCLEO-WB07CC, NUCLEO-WB09KE, NUCLEO-WBA52CG, NUCLEO-WBA55CG, NUCLEO-WL33CC1, NUCLEO-WL33CC2, STEVAL-PROTEUS1, STEVAL-SMARTAG2, STEVAL-STWINBX1, STM320518-EVAL, STM32C0116-DK, STM32C011D6Y3TR, STM32C011D6Y6TR, STM32C011F4P3, STM32C011F4P6, STM32C011F4U3, STM32C011F4U6TR, STM32C011F6P3, STM32C011F6P6, STM32C011F6U3, STM32C011F6U6TR, STM32C011J4M3, STM32C011J4M6, STM32C011J6M3, STM32C011J6M6, STM32C0316-DK, STM32C031C4T3, STM32C031C4T6, STM32C031C4U3, STM32C031C4U6, STM32C031C6T3, STM32C031C6T6, STM32C031C6U3, STM32C031C6U6, STM32C031F4P3, STM32C031F4P6, STM32C031F6P3, STM32C031F6P6, STM32C031G4U3, STM32C031G4U6, STM32C031G6U3, STM32C031G6U6, STM32C031K4T3, STM32C031K4T6, STM32C031K4U3, STM32C031K4U6, STM32C031K6T3, STM32C031K6T6, STM32C031K6U3, STM32C031K6U6, STM32C051C6T6, STM32C051C6U6, STM32C051C8T6, STM32C051C8U6, STM32C051D8Y6TR, STM32C051F6P6, STM32C051F8P6, STM32C051G6U6, STM32C051G8U6, STM32C051K6T6, STM32C051K6U6, STM32C051K8T6, STM32C071C8T6, STM32C071C8T6N, STM32C071C8U6, STM32C071C8U6N, STM32C071CBT6, STM32C071CBT6N, STM32C071CBU6, STM32C071CBU6N, STM32C071F8P6, STM32C071F8P6N, STM32C071FBP6, STM32C071FBP6N, STM32C071FBY6TR, STM32C071G8U6, STM32C071G8U6N, STM32C071GBU6, STM32C071GBU6N, STM32C071K8T6, STM32C071K8T6N, STM32C071K8U6, STM32C071K8U6N, STM32C071KBT6, STM32C071KBT6N, STM32C071KBU6, STM32C071KBU6N, STM32C071R8T6, STM32C071R8T6N, STM32C071RBI6N, STM32C071RBT6, STM32C071RBT6N, STM32C091CBT6, STM32C091CBU6, STM32C091CCT6, STM32C091CCU6, STM32C091ECY6TR, STM32C091FBP6, STM32C091FCP6, STM32C091GBU6, STM32C091GCU6, STM32C091KBT6, STM32C091KBU6, STM32C091KCT6, STM32C091KCU6, STM32C091RBT6, STM32C091RCI6, STM32C091RCT6, STM32C092CBT6, STM32C092CBU6, STM32C092CCT6, STM32C092CCU6, STM32C092ECY6TR, STM32C092FBP6, STM32C092FCP6, STM32C092GBU6, STM32C092GCU6, STM32C092KBT6, STM32C092KBU6, STM32C092KCT6, STM32C092KCU6, STM32C092RBT6, STM32C092RCI6, STM32C092RCT6, STM32G071K8TXN, STM32G071K8UXN, STM32G081GBU6N, STM32G081KBT6N, STM32G081KBUXN, STM32G0B1CCT6N, STM32G0B1KCT6, STM32G0B1NEY6TR, STM32G0B1RCT6N, STM32G0C1CCT6, STM32G0C1CCT6N, STM32G0C1CCU6N, STM32G0C1CET6N, STM32G0C1CEU6N, STM32G0C1KCT6, STM32G0C1NEY6TR, STM32G0C1RCI6N, STM32G0C1RCT6N, STM32G0C1REI6N, STM32G0C1RET6N, STM32G0C1VCI6, STM32G0C1VEI6, STM32G411C6T3, STM32G411C6T6, STM32G411C6U3, STM32G411C6U6, STM32G411C8T3, STM32G411C8T6, STM32G411C8U3, STM32G411C8U6, STM32G411CBT3, STM32G411CBT6, STM32G411CBU3, STM32G411CBU6, STM32G411K6T3, STM32G411K6T6, STM32G411K6U3, STM32G411K6U6, STM32G411K8T3, STM32G411K8T6, STM32G411K8U3, STM32G411K8U6, STM32G411KBT3, STM32G411KBT6, STM32G411KBU3, STM32G411KBU6, STM32G411M6T3, STM32G411M6T6, STM32G411M8T3, STM32G411M8T6, STM32G411MBT3, STM32G411MBT6, STM32G411R6T3, STM32G411R6T6, STM32G411R8T3, STM32G411R8T6, STM32G411RBT3, STM32G411RBT6, STM32G414CBT3, STM32G414CBT6, STM32G414CBU3, STM32G414CBU6, STM32G414CCT3, STM32G414CCT6, STM32G414CCU3, STM32G414CCU6, STM32G414MBT3, STM32G414MBT6, STM32G414MCT3, STM32G414MCT6, STM32G414RBT3, STM32G414RBT6, STM32G414RCT3, STM32G414RCT6, STM32G414VBT3, STM32G414VBT6, STM32G414VCT3, STM32G414VCT6, STM32G431CBT3Z, STM32G431RBT3Z, STM32G471CCT6, STM32G471CCU6, STM32G471CET3, STM32G471CET6, STM32G471CEU3, STM32G471CEU6, STM32G471MCT6, STM32G471MET3, STM32G471MET6, STM32G471MEY6TR, STM32G471QCT6, STM32G471QET3, STM32G471RCT6, STM32G471RET3, STM32G471RET6, STM32G471VCH6, STM32G471VCI6, STM32G471VCT6, STM32G471VEH3, STM32G471VEH6, STM32G471VEI3, STM32G471VEI6, STM32G471VET3, STM32G471VET6, STM32G473QET3Z, STM32G473RET3Z, STM32G474CCT6, STM32G491RET3Z, STM32H503CBT6, STM32H503CBU6, STM32H503EBY6TR, STM32H503KBU6, STM32H503RBT6, STM32H523CCT6, STM32H523CCU6, STM32H523CET6, STM32H523CEU6, STM32H523HEY6TR, STM32H523RCT6, STM32H523RET6, STM32H523VCI6, STM32H523VCT6, STM32H523VEI6, STM32H523VET6, STM32H523ZCJ6, STM32H523ZCT6, STM32H523ZEJ6, STM32H523ZET6, STM32H533CET6, STM32H533CEU6, STM32H533HEY6TR, STM32H533RET6, STM32H533VEI6, STM32H533VET6, STM32H533ZEJ6, STM32H533ZET6, STM32H562AGI6, STM32H562AII6, STM32H562IGK6, STM32H562IGT6, STM32H562IIK6, STM32H562IIT6, STM32H562RGT6, STM32H562RGV6, STM32H562RIT6, STM32H562RIV6, STM32H562VGT6, STM32H562VIT6, STM32H562ZGT6, STM32H562ZIT6, STM32H563AGI6, STM32H563AII3Q, STM32H563AII6, STM32H563IGK6, STM32H563IGT6, STM32H563IIK3Q, STM32H563IIK6, STM32H563IIT3Q, STM32H563IIT6, STM32H563MIY3QTR, STM32H563RGT6, STM32H563RGV6, STM32H563RIT6, STM32H563RIV6, STM32H563VGT6, STM32H563VIT3Q, STM32H563VIT6, STM32H563ZGT6, STM32H563ZIT3Q, STM32H563ZIT6, STM32H573AII3Q, STM32H573AII6, STM32H573I-DK, STM32H573IIK3Q, STM32H573IIK6, STM32H573IIT3Q, STM32H573IIT6, STM32H573MIY3QTR, STM32H573RIT6, STM32H573RIV6, STM32H573VIT3Q, STM32H573VIT6, STM32H573ZIT3Q, STM32H573ZIT6, STM32H7R3A8I6, STM32H7R3I8K6, STM32H7R3I8T6, STM32H7R3L8H6, STM32H7R3L8H6H, STM32H7R3R8V6, STM32H7R3V8H6, STM32H7R3V8T6, STM32H7R3V8Y6TR, STM32H7R3Z8J6, STM32H7R3Z8T6, STM32H7R7A8I6, STM32H7R7I8K6, STM32H7R7I8T6, STM32H7R7L8H6, STM32H7R7L8H6H, STM32H7R7Z8J6, STM32H7S3A8I6, STM32H7S3I8K6, STM32H7S3I8T6, STM32H7S3L8H6, STM32H7S3L8H6H, STM32H7S3R8V6, STM32H7S3V8H6, STM32H7S3V8T6, STM32H7S3V8Y6TR, STM32H7S3Z8J6, STM32H7S3Z8T6, STM32H7S78-DK, STM32H7S7A8I6, STM32H7S7I8K6, STM32H7S7I8T6, STM32H7S7L8H6, STM32H7S7L8H6H, STM32H7S7Z8J6, STM32L4R5QGI6STR, STM32MP131AAE3, STM32MP131AAF3, STM32MP131AAG3, STM32MP131CAE3, STM32MP131CAF3, STM32MP131CAG3, STM32MP131DAE7, STM32MP131DAF7, STM32MP131DAG7, STM32MP131FAE7, STM32MP131FAF7, STM32MP131FAG7, STM32MP133AAE3, STM32MP133AAF3, STM32MP133AAG3, STM32MP133CAE3, STM32MP133CAF3, STM32MP133CAG3, STM32MP133DAE7, STM32MP133DAF7, STM32MP133DAG7, STM32MP133FAE7, STM32MP133FAF7, STM32MP133FAG7, STM32MP135AAE3, STM32MP135AAF3, STM32MP135AAG3, STM32MP135CAE3, STM32MP135CAF3, STM32MP135CAG3, STM32MP135DAE7, STM32MP135DAF7, STM32MP135DAG7, STM32MP135F-DK, STM32MP135FAE7, STM32MP135FAF7, STM32MP135FAF7T, STM32MP135FAF7U, STM32MP135FAG7, STM32MP211AAL3, STM32MP211AAM3, STM32MP211AAN3, STM32MP211AAO3, STM32MP211CAL3, STM32MP211CAM3, STM32MP211CAN3, STM32MP211CAO3, STM32MP211DAL3, STM32MP211DAM3, STM32MP211DAN3, STM32MP211DAO3, STM32MP211FAL3, STM32MP211FAM3, STM32MP211FAN3, STM32MP211FAO3, STM32MP213AAL3, STM32MP213AAM3, STM32MP213AAN3, STM32MP213AAO3, STM32MP213CAL3, STM32MP213CAM3, STM32MP213CAN3, STM32MP213CAO3, STM32MP213DAL3, STM32MP213DAM3, STM32MP213DAN3, STM32MP213DAO3, STM32MP213FAL3, STM32MP213FAM3, STM32MP213FAN3, STM32MP213FAO3, STM32MP215AAL3, STM32MP215AAM3, STM32MP215AAN3, STM32MP215AAO3, STM32MP215CAL3, STM32MP215CAM3, STM32MP215CAN3, STM32MP215CAO3, STM32MP215DAL3, STM32MP215DAM3, STM32MP215DAN3, STM32MP215DAO3, STM32MP215F-DK, STM32MP215FAL3, STM32MP215FAM3, STM32MP215FAN3, STM32MP215FAO3, STM32MP231AAJ3, STM32MP231AAK3, STM32MP231AAL3, STM32MP231CAJ3, STM32MP231CAK3, STM32MP231CAL3, STM32MP231DAJ3, STM32MP231DAK3, STM32MP231DAL3, STM32MP231FAJ3, STM32MP231FAK3, STM32MP231FAL3, STM32MP233AAJ3, STM32MP233AAK3, STM32MP233AAL3, STM32MP233CAJ3, STM32MP233CAK3, STM32MP233CAL3, STM32MP233DAJ3, STM32MP233DAK3, STM32MP233DAL3, STM32MP233FAJ3, STM32MP233FAK3, STM32MP233FAL3, STM32MP235AAJ3, STM32MP235AAK3, STM32MP235AAL3, STM32MP235CAJ3, STM32MP235CAK3, STM32MP235CAL3, STM32MP235DAJ3, STM32MP235DAK3, STM32MP235DAL3, STM32MP235FAJ3, STM32MP235FAK3, STM32MP235FAL3, STM32MP251AAI3, STM32MP251AAK3, STM32MP251AAL3, STM32MP251CAI3, STM32MP251CAK3, STM32MP251CAL3, STM32MP251DAI3, STM32MP251DAK3, STM32MP251DAL3, STM32MP251FAI3, STM32MP251FAK3, STM32MP251FAL3, STM32MP253AAI3, STM32MP253AAK3, STM32MP253AAL3, STM32MP253CAI3, STM32MP253CAK3, STM32MP253CAL3, STM32MP253DAI3, STM32MP253DAK3, STM32MP253DAL3, STM32MP253FAI3, STM32MP253FAK3, STM32MP253FAL3, STM32MP255AAI3, STM32MP255AAK3, STM32MP255AAL3, STM32MP255CAI3, STM32MP255CAK3, STM32MP255CAL3, STM32MP255DAI3, STM32MP255DAK3, STM32MP255DAL3, STM32MP255FAI3, STM32MP255FAK3, STM32MP255FAL3, STM32MP257AAI3, STM32MP257AAK3, STM32MP257AAL3, STM32MP257CAI3, STM32MP257CAK3, STM32MP257CAL3, STM32MP257DAI3, STM32MP257DAK3, STM32MP257DAL3, STM32MP257F-DK, STM32MP257F-EV1, STM32MP257FAI3, STM32MP257FAK3, STM32MP257FAL3, STM32N645A0H3Q, STM32N645B0H3Q, STM32N645I0H3Q, STM32N645L0H3Q, STM32N645X0H3Q, STM32N645Z0H3Q, STM32N647A0H3Q, STM32N647B0H3Q, STM32N647I0H3Q, STM32N647L0H3Q, STM32N647X0H3Q, STM32N647Z0H3Q, STM32N655A0H3Q, STM32N655B0H3Q, STM32N655I0H3Q, STM32N655L0H3Q, STM32N655X0H3Q, STM32N655Z0H3Q, STM32N6570-DK, STM32N657A0H3Q, STM32N657B0H3Q, STM32N657I0H3Q, STM32N657L0H3Q, STM32N657X0H3Q, STM32N657Z0H3Q, STM32U031C6T6, STM32U031C6U6, STM32U031C8T6, STM32U031C8U6, STM32U031F4P6, STM32U031F6P6, STM32U031F8P6, STM32U031G6Y6TR, STM32U031G8Y6TR, STM32U031K4U6, STM32U031K6U6, STM32U031K8U6, STM32U031R6I6, STM32U031R6T6, STM32U031R8I6, STM32U031R8T6, STM32U073C8T6, STM32U073C8U6, STM32U073CBT6, STM32U073CBU6, STM32U073CCT6, STM32U073CCU6, STM32U073H8Y6TR, STM32U073HBY6TR, STM32U073HCY6TR, STM32U073K8U6, STM32U073KBU6, STM32U073KCU6, STM32U073M8I6, STM32U073M8T6, STM32U073MBI6, STM32U073MBT6, STM32U073MCI6, STM32U073MCT6, STM32U073R8I6, STM32U073R8T6, STM32U073RBI6, STM32U073RBT6, STM32U073RCI6, STM32U073RCT6, STM32U083C-DK, STM32U083CCT6, STM32U083CCU6, STM32U083HCY6TR, STM32U083KCU6, STM32U083MCI6, STM32U083MCT6, STM32U083RCI6, STM32U083RCT6, STM32U375CET6, STM32U375CET6Q, STM32U375CEU6, STM32U375CEU6Q, STM32U375CEY6QTR, STM32U375CGT6, STM32U375CGT6Q, STM32U375CGU6, STM32U375CGU6Q, STM32U375CGY6QTR, STM32U375KEU6, STM32U375KGU6, STM32U375REI6, STM32U375REI6Q, STM32U375RET6, STM32U375RET6Q, STM32U375REY6GTR, STM32U375REY6QTR, STM32U375RGI6, STM32U375RGI6Q, STM32U375RGT6, STM32U375RGT6Q, STM32U375RGY6GTR, STM32U375RGY6QTR, STM32U375VEI6, STM32U375VEI6Q, STM32U375VET6, STM32U375VET6Q, STM32U375VGI6, STM32U375VGI6Q, STM32U375VGT6, STM32U375VGT6Q, STM32U385CGT6, STM32U385CGT6Q, STM32U385CGU6, STM32U385CGU6Q, STM32U385CGY6QTR, STM32U385KGU6, STM32U385RGI6, STM32U385RGI6Q, STM32U385RGT6, STM32U385RGT6Q, STM32U385RGY6GTR, STM32U385RGY6QTR, STM32U385VGI6, STM32U385VGI6Q, STM32U385VGT6, STM32U385VGT6Q, STM32U535CBT6, STM32U535CBT6Q, STM32U535CBU6, STM32U535CBU6Q, STM32U535CCT6, STM32U535CCT6Q, STM32U535CCU6, STM32U535CCU6Q, STM32U535CET6, STM32U535CET6Q, STM32U535CEU6, STM32U535CEU6Q, STM32U535JEY6QTR, STM32U535NCY6QTR, STM32U535NEY6QTR, STM32U535RBI6, STM32U535RBI6Q, STM32U535RBT6, STM32U535RBT6Q, STM32U535RCI6, STM32U535RCI6Q, STM32U535RCT6, STM32U535RCT6Q, STM32U535REI6, STM32U535REI6Q, STM32U535RET6, STM32U535RET6Q, STM32U535VCI6, STM32U535VCI6Q, STM32U535VCT6, STM32U535VCT6Q, STM32U535VEI6, STM32U535VEI6Q, STM32U535VET6, STM32U535VET6Q, STM32U545CET6, STM32U545CET6Q, STM32U545CEU6, STM32U545CEU6Q, STM32U545JEY6QTR, STM32U545NEY6QTR, STM32U545REI6, STM32U545REI6Q, STM32U545RET6, STM32U545RET6Q, STM32U545VEI6, STM32U545VEI6Q, STM32U545VET6, STM32U545VET6Q, STM32U595AIH6, STM32U595AIH6Q, STM32U595AJH6, STM32U595AJH6Q, STM32U595QII6, STM32U595QII6Q, STM32U595QJI6, STM32U595QJI6Q, STM32U595RIT6, STM32U595RIT6Q, STM32U595RJT6, STM32U595RJT6Q, STM32U595VIT6, STM32U595VIT6Q, STM32U595VJT6, STM32U595VJT6Q, STM32U595ZIT6, STM32U595ZIT6Q, STM32U595ZIY6QTR, STM32U595ZJT6, STM32U595ZJT6Q, STM32U595ZJY6QTR, STM32U599BJY6QTR, STM32U599NIH6Q, STM32U599NJH6Q, STM32U599VIT6Q, STM32U599VJT6, STM32U599VJT6Q, STM32U599ZIT6Q, STM32U599ZIY6QTR, STM32U599ZJT6Q, STM32U599ZJY6QTR, STM32U5A5AJH6, STM32U5A5AJH6Q, STM32U5A5QII3Q , STM32U5A5QJI6, STM32U5A5QJI6Q, STM32U5A5RJT6, STM32U5A5RJT6Q, STM32U5A5VJT6, STM32U5A5VJT6Q, STM32U5A5ZJT6, STM32U5A5ZJT6Q, STM32U5A5ZJY6QTR, STM32U5A9BJY6QTR, STM32U5A9J-DK, STM32U5A9NJH6Q, STM32U5A9VJT6Q, STM32U5A9ZJT6Q, STM32U5A9ZJY6QTR, STM32U5F7VIT6, STM32U5F7VIT6Q, STM32U5F7VJT6, STM32U5F7VJT6Q, STM32U5F9BJY6QTR, STM32U5F9NJH6Q, STM32U5F9VIT6Q, STM32U5F9VJT6Q, STM32U5F9ZIJ6QTR, STM32U5F9ZIT6Q, STM32U5F9ZJJ6QTR, STM32U5F9ZJT6Q, STM32U5G7VJT6, STM32U5G7VJT6Q, STM32U5G9BJY6QTR, STM32U5G9J-DK1, STM32U5G9J-DK2, STM32U5G9NJH6Q, STM32U5G9VJT6Q, STM32U5G9ZJJ6QTR, STM32U5G9ZJT6Q, STM32WB05KZV6TR, STM32WB05KZV7TR, STM32WB05TZF6TR, STM32WB05TZF7TR, STM32WB06CCF6TR, STM32WB06CCF7TR, STM32WB06CCV6TR, STM32WB06CCV7TR, STM32WB06KCV6TR, STM32WB06KCV7TR, STM32WB07CCF6TR, STM32WB07CCF7TR, STM32WB07CCV6TR, STM32WB07CCV7TR, STM32WB07KCV6TR, STM32WB07KCV7TR, STM32WB09KEV6TR, STM32WB09KEV7TR, STM32WB09TEF6TR, STM32WB09TEF7TR, STM32WB1MMCH6, STM32WBA50KGU6, STM32WBA50KGU6TR, STM32WBA52CEU6, STM32WBA52CEU6TR, STM32WBA52CEU7, STM32WBA52CEU7TR, STM32WBA52CGU6, STM32WBA52CGU6TR, STM32WBA52CGU6U, STM32WBA52CGU7, STM32WBA52CGU7TR, STM32WBA52KEU6, STM32WBA52KEU6TR, STM32WBA52KGU6, STM32WBA52KGU6TR, STM32WBA54CEU6, STM32WBA54CEU6TR, STM32WBA54CEU7, STM32WBA54CEU7TR, STM32WBA54CGU6, STM32WBA54CGU6TR, STM32WBA54CGU7, STM32WBA54CGU7TR, STM32WBA54KEU6, STM32WBA54KEU6TR, STM32WBA54KEU7, STM32WBA54KEU7TR, STM32WBA54KGU6, STM32WBA54KGU6TR, STM32WBA54KGU7, STM32WBA54KGU7TR, STM32WBA55CEU6, STM32WBA55CEU6TR, STM32WBA55CEU7, STM32WBA55CEU7TR, STM32WBA55CGU6, STM32WBA55CGU6TR, STM32WBA55CGU6U, STM32WBA55CGU7, STM32WBA55CGU7TR, STM32WBA55G-DK1, STM32WBA55HEF6, STM32WBA55HEF7, STM32WBA55HGF6, STM32WBA55HGF7, STM32WBA55UEI6, STM32WBA55UEI6TR, STM32WBA55UEI7, STM32WBA55UEI7TR, STM32WBA55UGI6, STM32WBA55UGI6TR, STM32WBA55UGI7, STM32WBA55UGI7TR, STM32WBA5MMGH6TR, STM32WBA62MGF6, STM32WBA62MIF6, STM32WBA65MGF7, STM32WBA65MIF6, STM32WBA65MIF7, STM32WL30K8V6, STM32WL30KBV6, STM32WL31C8V6, STM32WL31CBV6, STM32WL31K8V6, STM32WL31KBV6, STM32WL33C8V6, STM32WL33C8V6X, STM32WL33CBV6, STM32WL33CBV6X, STM32WL33CCV6, STM32WL33CCV6A, STM32WL33CCV6X, STM32WL33K8V7, STM32WL33K8V7X, STM32WL33KBV7 , STM32WL33KBV7X, STM32WL33KCV7, STM32WL33KCV7X, STM32WL5MOCH6, STM32WL5MOCH6TR]
2026-01-13 08:53:09,248 [INFO] DbMcus:218 - Found 4876 MCUs, 4876 are supported
2026-01-13 08:53:09,248 [INFO] ApiDb:423 - Load user favorites file C:\Users\Chinnapop/.stm32cubeide/favorites.mcus.txt: 0 item(s)
2026-01-13 08:53:09,248 [INFO] ApiDb:427 - User favorites MCUs=[]
2026-01-13 08:53:09,248 [INFO] DbMcus:224 - Set 0 / 0 favorites MCUs
2026-01-13 08:53:09,609 [INFO] ApiDb:448 - Save user favorites file C:\Users\Chinnapop/.stm32cubeide/favorites.boards.txt: 0 item(s)
2026-01-13 08:53:09,609 [INFO] ApiDb:452 - User favorites Boards=[]
2026-01-13 08:53:09,610 [INFO] ApiDb:581 - Connected to CubeFinder SQLite database (C:\Users\Chinnapop\.stmcufinder\plugins\mcufinder\mcu\cube-finder-db.db)
2026-01-13 08:53:09,664 [INFO] ApiDb:668 - CubeFinder database Data Model version=2.1
2026-01-13 08:53:09,664 [INFO] ApiDb:669 - CubeFinder database Configuration version=3.0.39
2026-01-13 08:53:09,664 [INFO] ApiDb:670 - CubeFinder database generation date=2025-12-22 (1766407740)
2026-01-13 08:53:09,664 [INFO] ApiDb:671 - CubeFinder database FW Pack versions=[FP-ATR-ASTRA1_V2.0.0, FP-SNS-FLIGHT1_V5.1.0, FP-SNS-MOTENV1_V5.1.0, FP-SNS-MOTENVWB1_V1.4.0, FP-SNS-SMARTAG2_V1.2.0, FP-SNS-STBOX1_V2.1.0, STM32Cube_FW_C0_V1.4.0, STM32Cube_FW_F4_V1.28.3, STM32Cube_FW_F7_V1.17.4, STM32Cube_FW_G0_V1.6.2, STM32Cube_FW_G4_V1.6.1, STM32Cube_FW_H5_V1.5.1, STM32Cube_FW_H7RS_V1.3.0, STM32Cube_FW_H7_V1.12.1, STM32Cube_FW_L0_V1.12.2, STM32Cube_FW_L4_V1.18.1, STM32Cube_FW_L5_V1.6.0, STM32Cube_FW_N6_V1.3.0, STM32Cube_FW_U0_V1.3.0, STM32Cube_FW_U3_V1.2.1, STM32Cube_FW_U5_V1.8.0, STM32Cube_FW_WB0_V1.4.0, STM32Cube_FW_WBA_V1.8.0, STM32Cube_FW_WB_V1.24.0, STM32Cube_FW_WL3_V1.3.0, STM32Cube_FW_WL_V1.4.0, X-CUBE-ALGOBUILD_V1.4.0, X-CUBE-ALS_V1.0.2, X-CUBE-AZRTOS-F4_V1.1.0, X-CUBE-AZRTOS-F7_V1.1.0, X-CUBE-AZRTOS-G0_V1.1.0, X-CUBE-AZRTOS-G4_V2.0.0, X-CUBE-AZRTOS-H7RS_V1.1.0, X-CUBE-AZRTOS-H7_V3.4.0, X-CUBE-AZRTOS-L4_V2.0.0, X-CUBE-AZRTOS-L5_V2.0.0, X-CUBE-AZRTOS-WB_V2.0.0, X-CUBE-AZRTOS-WL_V2.0.0, X-CUBE-BLE1_V7.1.0, X-CUBE-BLE2_V3.3.0, X-CUBE-BLEMGR_V4.1.0, X-CUBE-EEPRMA1_V5.2.0, X-CUBE-FREERTOS_V1.3.1, X-CUBE-GNSS1_V6.0.0, X-CUBE-MEMS1_V12.0.0, X-CUBE-NFC4_V3.0.0, X-CUBE-NFC7_V2.0.0, X-CUBE-SFXS2LP1_V4.0.0, X-CUBE-ST67W61_V1.1.0, X-CUBE-SUBG2_V5.0.0, X-CUBE-TOF1_V3.4.3]
2026-01-13 08:53:09,709 [INFO] DbBoardsSqlite:226 - include board P-NUCLEO-WB55-NUCLEO as a kit item of type 'Nucleo-64'
2026-01-13 08:53:09,709 [INFO] DbBoardsSqlite:226 - include board P-NUCLEO-WB55-USBDONGLE as a kit item of type 'Nucleo USB Dongle'
2026-01-13 08:53:09,709 [INFO] DbBoardsSqlite:226 - include board STEVAL-IDP005V1 as a kit item of type 'Evaluation Board'
2026-01-13 08:53:09,710 [INFO] DbBoardsSqlite:226 - include board STEVAL-IDP005V2 as a kit item of type 'Evaluation Board'
2026-01-13 08:53:09,777 [INFO] ApiDb:240 - Found 880 in-development CPN: [B-G473E-ZEST1S, B-WB1M-WPAN1, B-WBA5M-WPAN, B-WL5M-SUBG1, NUCLEO-C031C6, NUCLEO-C051C8, NUCLEO-C071RB, NUCLEO-C092RC, NUCLEO-H503RB, NUCLEO-H533RE, NUCLEO-H563ZI, NUCLEO-H7S3L8, NUCLEO-N657X0-Q, NUCLEO-U031R8, NUCLEO-U083RC, NUCLEO-U385RG-Q, NUCLEO-U545RE-Q, NUCLEO-U5A5ZJ-Q, NUCLEO-WB05KZ, NUCLEO-WB07CC, NUCLEO-WB09KE, NUCLEO-WBA52CG, NUCLEO-WBA55CG, NUCLEO-WL33CC1, NUCLEO-WL33CC2, STEVAL-PROTEUS1, STEVAL-SMARTAG2, STEVAL-STWINBX1, STM320518-EVAL, STM32C0116-DK, STM32C011D6Y3TR, STM32C011D6Y6TR, STM32C011F4P3, STM32C011F4P6, STM32C011F4U3, STM32C011F4U6TR, STM32C011F6P3, STM32C011F6P6, STM32C011F6U3, STM32C011F6U6TR, STM32C011J4M3, STM32C011J4M6, STM32C011J6M3, STM32C011J6M6, STM32C0316-DK, STM32C031C4T3, STM32C031C4T6, STM32C031C4U3, STM32C031C4U6, STM32C031C6T3, STM32C031C6T6, STM32C031C6U3, STM32C031C6U6, STM32C031F4P3, STM32C031F4P6, STM32C031F6P3, STM32C031F6P6, STM32C031G4U3, STM32C031G4U6, STM32C031G6U3, STM32C031G6U6, STM32C031K4T3, STM32C031K4T6, STM32C031K4U3, STM32C031K4U6, STM32C031K6T3, STM32C031K6T6, STM32C031K6U3, STM32C031K6U6, STM32C051C6T6, STM32C051C6U6, STM32C051C8T6, STM32C051C8U6, STM32C051D8Y6TR, STM32C051F6P6, STM32C051F8P6, STM32C051G6U6, STM32C051G8U6, STM32C051K6T6, STM32C051K6U6, STM32C051K8T6, STM32C071C8T6, STM32C071C8T6N, STM32C071C8U6, STM32C071C8U6N, STM32C071CBT6, STM32C071CBT6N, STM32C071CBU6, STM32C071CBU6N, STM32C071F8P6, STM32C071F8P6N, STM32C071FBP6, STM32C071FBP6N, STM32C071FBY6TR, STM32C071G8U6, STM32C071G8U6N, STM32C071GBU6, STM32C071GBU6N, STM32C071K8T6, STM32C071K8T6N, STM32C071K8U6, STM32C071K8U6N, STM32C071KBT6, STM32C071KBT6N, STM32C071KBU6, STM32C071KBU6N, STM32C071R8T6, STM32C071R8T6N, STM32C071RBI6N, STM32C071RBT6, STM32C071RBT6N, STM32C091CBT6, STM32C091CBU6, STM32C091CCT6, STM32C091CCU6, STM32C091ECY6TR, STM32C091FBP6, STM32C091FCP6, STM32C091GBU6, STM32C091GCU6, STM32C091KBT6, STM32C091KBU6, STM32C091KCT6, STM32C091KCU6, STM32C091RBT6, STM32C091RCI6, STM32C091RCT6, STM32C092CBT6, STM32C092CBU6, STM32C092CCT6, STM32C092CCU6, STM32C092ECY6TR, STM32C092FBP6, STM32C092FCP6, STM32C092GBU6, STM32C092GCU6, STM32C092KBT6, STM32C092KBU6, STM32C092KCT6, STM32C092KCU6, STM32C092RBT6, STM32C092RCI6, STM32C092RCT6, STM32G071K8TXN, STM32G071K8UXN, STM32G081GBU6N, STM32G081KBT6N, STM32G081KBUXN, STM32G0B1CCT6N, STM32G0B1KCT6, STM32G0B1NEY6TR, STM32G0B1RCT6N, STM32G0C1CCT6, STM32G0C1CCT6N, STM32G0C1CCU6N, STM32G0C1CET6N, STM32G0C1CEU6N, STM32G0C1KCT6, STM32G0C1NEY6TR, STM32G0C1RCI6N, STM32G0C1RCT6N, STM32G0C1REI6N, STM32G0C1RET6N, STM32G0C1VCI6, STM32G0C1VEI6, STM32G411C6T3, STM32G411C6T6, STM32G411C6U3, STM32G411C6U6, STM32G411C8T3, STM32G411C8T6, STM32G411C8U3, STM32G411C8U6, STM32G411CBT3, STM32G411CBT6, STM32G411CBU3, STM32G411CBU6, STM32G411K6T3, STM32G411K6T6, STM32G411K6U3, STM32G411K6U6, STM32G411K8T3, STM32G411K8T6, STM32G411K8U3, STM32G411K8U6, STM32G411KBT3, STM32G411KBT6, STM32G411KBU3, STM32G411KBU6, STM32G411M6T3, STM32G411M6T6, STM32G411M8T3, STM32G411M8T6, STM32G411MBT3, STM32G411MBT6, STM32G411R6T3, STM32G411R6T6, STM32G411R8T3, STM32G411R8T6, STM32G411RBT3, STM32G411RBT6, STM32G414CBT3, STM32G414CBT6, STM32G414CBU3, STM32G414CBU6, STM32G414CCT3, STM32G414CCT6, STM32G414CCU3, STM32G414CCU6, STM32G414MBT3, STM32G414MBT6, STM32G414MCT3, STM32G414MCT6, STM32G414RBT3, STM32G414RBT6, STM32G414RCT3, STM32G414RCT6, STM32G414VBT3, STM32G414VBT6, STM32G414VCT3, STM32G414VCT6, STM32G431CBT3Z, STM32G431RBT3Z, STM32G471CCT6, STM32G471CCU6, STM32G471CET3, STM32G471CET6, STM32G471CEU3, STM32G471CEU6, STM32G471MCT6, STM32G471MET3, STM32G471MET6, STM32G471MEY6TR, STM32G471QCT6, STM32G471QET3, STM32G471RCT6, STM32G471RET3, STM32G471RET6, STM32G471VCH6, STM32G471VCI6, STM32G471VCT6, STM32G471VEH3, STM32G471VEH6, STM32G471VEI3, STM32G471VEI6, STM32G471VET3, STM32G471VET6, STM32G473QET3Z, STM32G473RET3Z, STM32G474CCT6, STM32G491RET3Z, STM32H503CBT6, STM32H503CBU6, STM32H503EBY6TR, STM32H503KBU6, STM32H503RBT6, STM32H523CCT6, STM32H523CCU6, STM32H523CET6, STM32H523CEU6, STM32H523HEY6TR, STM32H523RCT6, STM32H523RET6, STM32H523VCI6, STM32H523VCT6, STM32H523VEI6, STM32H523VET6, STM32H523ZCJ6, STM32H523ZCT6, STM32H523ZEJ6, STM32H523ZET6, STM32H533CET6, STM32H533CEU6, STM32H533HEY6TR, STM32H533RET6, STM32H533VEI6, STM32H533VET6, STM32H533ZEJ6, STM32H533ZET6, STM32H562AGI6, STM32H562AII6, STM32H562IGK6, STM32H562IGT6, STM32H562IIK6, STM32H562IIT6, STM32H562RGT6, STM32H562RGV6, STM32H562RIT6, STM32H562RIV6, STM32H562VGT6, STM32H562VIT6, STM32H562ZGT6, STM32H562ZIT6, STM32H563AGI6, STM32H563AII3Q, STM32H563AII6, STM32H563IGK6, STM32H563IGT6, STM32H563IIK3Q, STM32H563IIK6, STM32H563IIT3Q, STM32H563IIT6, STM32H563MIY3QTR, STM32H563RGT6, STM32H563RGV6, STM32H563RIT6, STM32H563RIV6, STM32H563VGT6, STM32H563VIT3Q, STM32H563VIT6, STM32H563ZGT6, STM32H563ZIT3Q, STM32H563ZIT6, STM32H573AII3Q, STM32H573AII6, STM32H573I-DK, STM32H573IIK3Q, STM32H573IIK6, STM32H573IIT3Q, STM32H573IIT6, STM32H573MIY3QTR, STM32H573RIT6, STM32H573RIV6, STM32H573VIT3Q, STM32H573VIT6, STM32H573ZIT3Q, STM32H573ZIT6, STM32H7R3A8I6, STM32H7R3I8K6, STM32H7R3I8T6, STM32H7R3L8H6, STM32H7R3L8H6H, STM32H7R3R8V6, STM32H7R3V8H6, STM32H7R3V8T6, STM32H7R3V8Y6TR, STM32H7R3Z8J6, STM32H7R3Z8T6, STM32H7R7A8I6, STM32H7R7I8K6, STM32H7R7I8T6, STM32H7R7L8H6, STM32H7R7L8H6H, STM32H7R7Z8J6, STM32H7S3A8I6, STM32H7S3I8K6, STM32H7S3I8T6, STM32H7S3L8H6, STM32H7S3L8H6H, STM32H7S3R8V6, STM32H7S3V8H6, STM32H7S3V8T6, STM32H7S3V8Y6TR, STM32H7S3Z8J6, STM32H7S3Z8T6, STM32H7S78-DK, STM32H7S7A8I6, STM32H7S7I8K6, STM32H7S7I8T6, STM32H7S7L8H6, STM32H7S7L8H6H, STM32H7S7Z8J6, STM32L4R5QGI6STR, STM32MP131AAE3, STM32MP131AAF3, STM32MP131AAG3, STM32MP131CAE3, STM32MP131CAF3, STM32MP131CAG3, STM32MP131DAE7, STM32MP131DAF7, STM32MP131DAG7, STM32MP131FAE7, STM32MP131FAF7, STM32MP131FAG7, STM32MP133AAE3, STM32MP133AAF3, STM32MP133AAG3, STM32MP133CAE3, STM32MP133CAF3, STM32MP133CAG3, STM32MP133DAE7, STM32MP133DAF7, STM32MP133DAG7, STM32MP133FAE7, STM32MP133FAF7, STM32MP133FAG7, STM32MP135AAE3, STM32MP135AAF3, STM32MP135AAG3, STM32MP135CAE3, STM32MP135CAF3, STM32MP135CAG3, STM32MP135DAE7, STM32MP135DAF7, STM32MP135DAG7, STM32MP135F-DK, STM32MP135FAE7, STM32MP135FAF7, STM32MP135FAF7T, STM32MP135FAF7U, STM32MP135FAG7, STM32MP211AAL3, STM32MP211AAM3, STM32MP211AAN3, STM32MP211AAO3, STM32MP211CAL3, STM32MP211CAM3, STM32MP211CAN3, STM32MP211CAO3, STM32MP211DAL3, STM32MP211DAM3, STM32MP211DAN3, STM32MP211DAO3, STM32MP211FAL3, STM32MP211FAM3, STM32MP211FAN3, STM32MP211FAO3, STM32MP213AAL3, STM32MP213AAM3, STM32MP213AAN3, STM32MP213AAO3, STM32MP213CAL3, STM32MP213CAM3, STM32MP213CAN3, STM32MP213CAO3, STM32MP213DAL3, STM32MP213DAM3, STM32MP213DAN3, STM32MP213DAO3, STM32MP213FAL3, STM32MP213FAM3, STM32MP213FAN3, STM32MP213FAO3, STM32MP215AAL3, STM32MP215AAM3, STM32MP215AAN3, STM32MP215AAO3, STM32MP215CAL3, STM32MP215CAM3, STM32MP215CAN3, STM32MP215CAO3, STM32MP215DAL3, STM32MP215DAM3, STM32MP215DAN3, STM32MP215DAO3, STM32MP215F-DK, STM32MP215FAL3, STM32MP215FAM3, STM32MP215FAN3, STM32MP215FAO3, STM32MP231AAJ3, STM32MP231AAK3, STM32MP231AAL3, STM32MP231CAJ3, STM32MP231CAK3, STM32MP231CAL3, STM32MP231DAJ3, STM32MP231DAK3, STM32MP231DAL3, STM32MP231FAJ3, STM32MP231FAK3, STM32MP231FAL3, STM32MP233AAJ3, STM32MP233AAK3, STM32MP233AAL3, STM32MP233CAJ3, STM32MP233CAK3, STM32MP233CAL3, STM32MP233DAJ3, STM32MP233DAK3, STM32MP233DAL3, STM32MP233FAJ3, STM32MP233FAK3, STM32MP233FAL3, STM32MP235AAJ3, STM32MP235AAK3, STM32MP235AAL3, STM32MP235CAJ3, STM32MP235CAK3, STM32MP235CAL3, STM32MP235DAJ3, STM32MP235DAK3, STM32MP235DAL3, STM32MP235FAJ3, STM32MP235FAK3, STM32MP235FAL3, STM32MP251AAI3, STM32MP251AAK3, STM32MP251AAL3, STM32MP251CAI3, STM32MP251CAK3, STM32MP251CAL3, STM32MP251DAI3, STM32MP251DAK3, STM32MP251DAL3, STM32MP251FAI3, STM32MP251FAK3, STM32MP251FAL3, STM32MP253AAI3, STM32MP253AAK3, STM32MP253AAL3, STM32MP253CAI3, STM32MP253CAK3, STM32MP253CAL3, STM32MP253DAI3, STM32MP253DAK3, STM32MP253DAL3, STM32MP253FAI3, STM32MP253FAK3, STM32MP253FAL3, STM32MP255AAI3, STM32MP255AAK3, STM32MP255AAL3, STM32MP255CAI3, STM32MP255CAK3, STM32MP255CAL3, STM32MP255DAI3, STM32MP255DAK3, STM32MP255DAL3, STM32MP255FAI3, STM32MP255FAK3, STM32MP255FAL3, STM32MP257AAI3, STM32MP257AAK3, STM32MP257AAL3, STM32MP257CAI3, STM32MP257CAK3, STM32MP257CAL3, STM32MP257DAI3, STM32MP257DAK3, STM32MP257DAL3, STM32MP257F-DK, STM32MP257F-EV1, STM32MP257FAI3, STM32MP257FAK3, STM32MP257FAL3, STM32N645A0H3Q, STM32N645B0H3Q, STM32N645I0H3Q, STM32N645L0H3Q, STM32N645X0H3Q, STM32N645Z0H3Q, STM32N647A0H3Q, STM32N647B0H3Q, STM32N647I0H3Q, STM32N647L0H3Q, STM32N647X0H3Q, STM32N647Z0H3Q, STM32N655A0H3Q, STM32N655B0H3Q, STM32N655I0H3Q, STM32N655L0H3Q, STM32N655X0H3Q, STM32N655Z0H3Q, STM32N6570-DK, STM32N657A0H3Q, STM32N657B0H3Q, STM32N657I0H3Q, STM32N657L0H3Q, STM32N657X0H3Q, STM32N657Z0H3Q, STM32U031C6T6, STM32U031C6U6, STM32U031C8T6, STM32U031C8U6, STM32U031F4P6, STM32U031F6P6, STM32U031F8P6, STM32U031G6Y6TR, STM32U031G8Y6TR, STM32U031K4U6, STM32U031K6U6, STM32U031K8U6, STM32U031R6I6, STM32U031R6T6, STM32U031R8I6, STM32U031R8T6, STM32U073C8T6, STM32U073C8U6, STM32U073CBT6, STM32U073CBU6, STM32U073CCT6, STM32U073CCU6, STM32U073H8Y6TR, STM32U073HBY6TR, STM32U073HCY6TR, STM32U073K8U6, STM32U073KBU6, STM32U073KCU6, STM32U073M8I6, STM32U073M8T6, STM32U073MBI6, STM32U073MBT6, STM32U073MCI6, STM32U073MCT6, STM32U073R8I6, STM32U073R8T6, STM32U073RBI6, STM32U073RBT6, STM32U073RCI6, STM32U073RCT6, STM32U083C-DK, STM32U083CCT6, STM32U083CCU6, STM32U083HCY6TR, STM32U083KCU6, STM32U083MCI6, STM32U083MCT6, STM32U083RCI6, STM32U083RCT6, STM32U375CET6, STM32U375CET6Q, STM32U375CEU6, STM32U375CEU6Q, STM32U375CEY6QTR, STM32U375CGT6, STM32U375CGT6Q, STM32U375CGU6, STM32U375CGU6Q, STM32U375CGY6QTR, STM32U375KEU6, STM32U375KGU6, STM32U375REI6, STM32U375REI6Q, STM32U375RET6, STM32U375RET6Q, STM32U375REY6GTR, STM32U375REY6QTR, STM32U375RGI6, STM32U375RGI6Q, STM32U375RGT6, STM32U375RGT6Q, STM32U375RGY6GTR, STM32U375RGY6QTR, STM32U375VEI6, STM32U375VEI6Q, STM32U375VET6, STM32U375VET6Q, STM32U375VGI6, STM32U375VGI6Q, STM32U375VGT6, STM32U375VGT6Q, STM32U385CGT6, STM32U385CGT6Q, STM32U385CGU6, STM32U385CGU6Q, STM32U385CGY6QTR, STM32U385KGU6, STM32U385RGI6, STM32U385RGI6Q, STM32U385RGT6, STM32U385RGT6Q, STM32U385RGY6GTR, STM32U385RGY6QTR, STM32U385VGI6, STM32U385VGI6Q, STM32U385VGT6, STM32U385VGT6Q, STM32U535CBT6, STM32U535CBT6Q, STM32U535CBU6, STM32U535CBU6Q, STM32U535CCT6, STM32U535CCT6Q, STM32U535CCU6, STM32U535CCU6Q, STM32U535CET6, STM32U535CET6Q, STM32U535CEU6, STM32U535CEU6Q, STM32U535JEY6QTR, STM32U535NCY6QTR, STM32U535NEY6QTR, STM32U535RBI6, STM32U535RBI6Q, STM32U535RBT6, STM32U535RBT6Q, STM32U535RCI6, STM32U535RCI6Q, STM32U535RCT6, STM32U535RCT6Q, STM32U535REI6, STM32U535REI6Q, STM32U535RET6, STM32U535RET6Q, STM32U535VCI6, STM32U535VCI6Q, STM32U535VCT6, STM32U535VCT6Q, STM32U535VEI6, STM32U535VEI6Q, STM32U535VET6, STM32U535VET6Q, STM32U545CET6, STM32U545CET6Q, STM32U545CEU6, STM32U545CEU6Q, STM32U545JEY6QTR, STM32U545NEY6QTR, STM32U545REI6, STM32U545REI6Q, STM32U545RET6, STM32U545RET6Q, STM32U545VEI6, STM32U545VEI6Q, STM32U545VET6, STM32U545VET6Q, STM32U595AIH6, STM32U595AIH6Q, STM32U595AJH6, STM32U595AJH6Q, STM32U595QII6, STM32U595QII6Q, STM32U595QJI6, STM32U595QJI6Q, STM32U595RIT6, STM32U595RIT6Q, STM32U595RJT6, STM32U595RJT6Q, STM32U595VIT6, STM32U595VIT6Q, STM32U595VJT6, STM32U595VJT6Q, STM32U595ZIT6, STM32U595ZIT6Q, STM32U595ZIY6QTR, STM32U595ZJT6, STM32U595ZJT6Q, STM32U595ZJY6QTR, STM32U599BJY6QTR, STM32U599NIH6Q, STM32U599NJH6Q, STM32U599VIT6Q, STM32U599VJT6, STM32U599VJT6Q, STM32U599ZIT6Q, STM32U599ZIY6QTR, STM32U599ZJT6Q, STM32U599ZJY6QTR, STM32U5A5AJH6, STM32U5A5AJH6Q, STM32U5A5QII3Q , STM32U5A5QJI6, STM32U5A5QJI6Q, STM32U5A5RJT6, STM32U5A5RJT6Q, STM32U5A5VJT6, STM32U5A5VJT6Q, STM32U5A5ZJT6, STM32U5A5ZJT6Q, STM32U5A5ZJY6QTR, STM32U5A9BJY6QTR, STM32U5A9J-DK, STM32U5A9NJH6Q, STM32U5A9VJT6Q, STM32U5A9ZJT6Q, STM32U5A9ZJY6QTR, STM32U5F7VIT6, STM32U5F7VIT6Q, STM32U5F7VJT6, STM32U5F7VJT6Q, STM32U5F9BJY6QTR, STM32U5F9NJH6Q, STM32U5F9VIT6Q, STM32U5F9VJT6Q, STM32U5F9ZIJ6QTR, STM32U5F9ZIT6Q, STM32U5F9ZJJ6QTR, STM32U5F9ZJT6Q, STM32U5G7VJT6, STM32U5G7VJT6Q, STM32U5G9BJY6QTR, STM32U5G9J-DK1, STM32U5G9J-DK2, STM32U5G9NJH6Q, STM32U5G9VJT6Q, STM32U5G9ZJJ6QTR, STM32U5G9ZJT6Q, STM32WB05KZV6TR, STM32WB05KZV7TR, STM32WB05TZF6TR, STM32WB05TZF7TR, STM32WB06CCF6TR, STM32WB06CCF7TR, STM32WB06CCV6TR, STM32WB06CCV7TR, STM32WB06KCV6TR, STM32WB06KCV7TR, STM32WB07CCF6TR, STM32WB07CCF7TR, STM32WB07CCV6TR, STM32WB07CCV7TR, STM32WB07KCV6TR, STM32WB07KCV7TR, STM32WB09KEV6TR, STM32WB09KEV7TR, STM32WB09TEF6TR, STM32WB09TEF7TR, STM32WB1MMCH6, STM32WBA50KGU6, STM32WBA50KGU6TR, STM32WBA52CEU6, STM32WBA52CEU6TR, STM32WBA52CEU7, STM32WBA52CEU7TR, STM32WBA52CGU6, STM32WBA52CGU6TR, STM32WBA52CGU6U, STM32WBA52CGU7, STM32WBA52CGU7TR, STM32WBA52KEU6, STM32WBA52KEU6TR, STM32WBA52KGU6, STM32WBA52KGU6TR, STM32WBA54CEU6, STM32WBA54CEU6TR, STM32WBA54CEU7, STM32WBA54CEU7TR, STM32WBA54CGU6, STM32WBA54CGU6TR, STM32WBA54CGU7, STM32WBA54CGU7TR, STM32WBA54KEU6, STM32WBA54KEU6TR, STM32WBA54KEU7, STM32WBA54KEU7TR, STM32WBA54KGU6, STM32WBA54KGU6TR, STM32WBA54KGU7, STM32WBA54KGU7TR, STM32WBA55CEU6, STM32WBA55CEU6TR, STM32WBA55CEU7, STM32WBA55CEU7TR, STM32WBA55CGU6, STM32WBA55CGU6TR, STM32WBA55CGU6U, STM32WBA55CGU7, STM32WBA55CGU7TR, STM32WBA55G-DK1, STM32WBA55HEF6, STM32WBA55HEF7, STM32WBA55HGF6, STM32WBA55HGF7, STM32WBA55UEI6, STM32WBA55UEI6TR, STM32WBA55UEI7, STM32WBA55UEI7TR, STM32WBA55UGI6, STM32WBA55UGI6TR, STM32WBA55UGI7, STM32WBA55UGI7TR, STM32WBA5MMGH6TR, STM32WBA62MGF6, STM32WBA62MIF6, STM32WBA65MGF7, STM32WBA65MIF6, STM32WBA65MIF7, STM32WL30K8V6, STM32WL30KBV6, STM32WL31C8V6, STM32WL31CBV6, STM32WL31K8V6, STM32WL31KBV6, STM32WL33C8V6, STM32WL33C8V6X, STM32WL33CBV6, STM32WL33CBV6X, STM32WL33CCV6, STM32WL33CCV6A, STM32WL33CCV6X, STM32WL33K8V7, STM32WL33K8V7X, STM32WL33KBV7 , STM32WL33KBV7X, STM32WL33KCV7, STM32WL33KCV7X, STM32WL5MOCH6, STM32WL5MOCH6TR]
2026-01-13 08:53:10,046 [INFO] BoardInfo:889 - No configuration file found for board P-NUCLEO-WB55
2026-01-13 08:53:10,047 [INFO] DbBoards:161 - Kit is not supported: P-NUCLEO-WB55
2026-01-13 08:53:10,054 [INFO] BoardInfo:889 - No configuration file found for board STEVAL-BFA001V1B
2026-01-13 08:53:10,055 [INFO] DbBoards:161 - Kit is not supported: STEVAL-BFA001V1B
2026-01-13 08:53:10,056 [INFO] BoardInfo:889 - No configuration file found for board STEVAL-BFA001V2B
2026-01-13 08:53:10,057 [INFO] DbBoards:161 - Kit is not supported: STEVAL-BFA001V2B
2026-01-13 08:53:10,293 [INFO] DbBoards:168 - Found 212 boards, 209 are supported
2026-01-13 08:53:10,293 [INFO] DbBoards:169 - Found 212 boards, 43 of them is supported for  Bsp
2026-01-13 08:53:10,296 [INFO] ApiDb:423 - Load user favorites file C:\Users\Chinnapop/.stm32cubeide/favorites.boards.txt: 0 item(s)
2026-01-13 08:53:10,296 [INFO] ApiDb:427 - User favorites Boards=[]
2026-01-13 08:53:10,296 [INFO] DbBoards:198 - Set 0 / 0 favorites Boards
2026-01-13 08:53:10,323 [INFO] LoadUrlFilesThread:185 - End of LoadServerUrlFiles without Thread
2026-01-13 08:53:10,323 [INFO] TargetSelectorAdapter:259 - Refresh data is successful
2026-01-13 08:53:10,326 [INFO] ApiDb:668 - CubeFinder database Data Model version=2.1
2026-01-13 08:53:10,326 [INFO] ApiDb:669 - CubeFinder database Configuration version=3.0.39
2026-01-13 08:53:10,326 [INFO] ApiDb:670 - CubeFinder database generation date=2025-12-22 (1766407740)
2026-01-13 08:53:10,326 [INFO] ApiDb:671 - CubeFinder database FW Pack versions=[FP-ATR-ASTRA1_V2.0.0, FP-SNS-FLIGHT1_V5.1.0, FP-SNS-MOTENV1_V5.1.0, FP-SNS-MOTENVWB1_V1.4.0, FP-SNS-SMARTAG2_V1.2.0, FP-SNS-STBOX1_V2.1.0, STM32Cube_FW_C0_V1.4.0, STM32Cube_FW_F4_V1.28.3, STM32Cube_FW_F7_V1.17.4, STM32Cube_FW_G0_V1.6.2, STM32Cube_FW_G4_V1.6.1, STM32Cube_FW_H5_V1.5.1, STM32Cube_FW_H7RS_V1.3.0, STM32Cube_FW_H7_V1.12.1, STM32Cube_FW_L0_V1.12.2, STM32Cube_FW_L4_V1.18.1, STM32Cube_FW_L5_V1.6.0, STM32Cube_FW_N6_V1.3.0, STM32Cube_FW_U0_V1.3.0, STM32Cube_FW_U3_V1.2.1, STM32Cube_FW_U5_V1.8.0, STM32Cube_FW_WB0_V1.4.0, STM32Cube_FW_WBA_V1.8.0, STM32Cube_FW_WB_V1.24.0, STM32Cube_FW_WL3_V1.3.0, STM32Cube_FW_WL_V1.4.0, X-CUBE-ALGOBUILD_V1.4.0, X-CUBE-ALS_V1.0.2, X-CUBE-AZRTOS-F4_V1.1.0, X-CUBE-AZRTOS-F7_V1.1.0, X-CUBE-AZRTOS-G0_V1.1.0, X-CUBE-AZRTOS-G4_V2.0.0, X-CUBE-AZRTOS-H7RS_V1.1.0, X-CUBE-AZRTOS-H7_V3.4.0, X-CUBE-AZRTOS-L4_V2.0.0, X-CUBE-AZRTOS-L5_V2.0.0, X-CUBE-AZRTOS-WB_V2.0.0, X-CUBE-AZRTOS-WL_V2.0.0, X-CUBE-BLE1_V7.1.0, X-CUBE-BLE2_V3.3.0, X-CUBE-BLEMGR_V4.1.0, X-CUBE-EEPRMA1_V5.2.0, X-CUBE-FREERTOS_V1.3.1, X-CUBE-GNSS1_V6.0.0, X-CUBE-MEMS1_V12.0.0, X-CUBE-NFC4_V3.0.0, X-CUBE-NFC7_V2.0.0, X-CUBE-SFXS2LP1_V4.0.0, X-CUBE-ST67W61_V1.1.0, X-CUBE-SUBG2_V5.0.0, X-CUBE-TOF1_V3.4.3]
2026-01-13 08:53:10,384 [INFO] MainUpdater:2872 - connection check result : 10
2026-01-13 08:53:10,987 [ERROR] DbExamplesSqlite:437 - Missing JSON key: board_cpn
2026-01-13 08:53:10,987 [ERROR] DbExamplesSqlite:437 - Missing JSON key: board_cpn
2026-01-13 08:53:10,988 [ERROR] DbExamplesSqlite:437 - Missing JSON key: board_cpn
2026-01-13 08:53:10,988 [ERROR] DbExamplesSqlite:437 - Missing JSON key: board_cpn
2026-01-13 08:53:11,408 [ERROR] DbExamplesSqlite:437 - Missing JSON key: board_cpn
2026-01-13 08:53:11,409 [ERROR] DbExamplesSqlite:437 - Missing JSON key: board_cpn
2026-01-13 08:53:11,423 [INFO] DbExamplesSqlite:395 - Ignored 42 examples not supported by CubeIDE
2026-01-13 08:53:11,423 [INFO] DbExamplesSqlite:396 - Found 10819 examples active
2026-01-13 08:53:11,423 [INFO] DbExamplesSqlite:397 - Found 0 examples obsolete
2026-01-13 08:53:11,423 [INFO] DbExamplesSqlite:398 - Found 0 examples under development
2026-01-13 08:53:11,423 [INFO] DbExamplesSqlite:399 - Found 85 examples not building
2026-01-13 08:53:11,425 [INFO] DbExamples:125 - Found 10862 examples
2026-01-13 08:53:11,458 [ERROR] DbExamples:208 - Found 73 examples with invalid data (board or MCU)
2026-01-13 08:53:11,458 [INFO] DbExamples:222 - Found 134 boards with related examples
2026-01-13 08:53:11,459 [INFO] DbExamples:235 - Found 111 MCUs with related examples
2026-01-13 08:53:11,482 [INFO] ApiDb:423 - Load user favorites file C:\Users\Chinnapop/.stm32cubeide/favorites.examples.txt: 0 item(s)
2026-01-13 08:53:11,482 [INFO] ApiDb:427 - User favorites Examples=[]
2026-01-13 08:53:11,482 [INFO] DbExamples:250 - Set 0 / 0 favorites Examples
2026-01-13 08:53:11,546 [INFO] McuFinderGlobals:76 - Set McuFinderConnectedMode to true
2026-01-13 08:53:11,559 [INFO] MultiScanPanel:200 - Auto-refresh data requested => check proxy status ongoing
2026-01-13 08:53:11,562 [INFO] FinderPluginLoader:96 - Searching for filters in installed packs
2026-01-13 08:53:13,017 [INFO] LoadUrlFilesThread:185 - End of LoadServerUrlFiles without Thread
2026-01-13 08:53:13,065 [INFO] DetailPanel:341 - Set advertising image to C:/Users/Chinnapop/STM32Cube/Repository/\en.prom-stm32mp21-0126.png
2026-01-13 08:53:14,402 [INFO] McuFinderGlobals:76 - Set McuFinderConnectedMode to true
2026-01-13 08:53:14,402 [INFO] MultiScanPanel:200 - Auto-refresh data requested => check proxy status ongoing
2026-01-13 08:53:14,403 [INFO] FinderPluginLoader:96 - Searching for filters in installed packs
2026-01-13 08:53:15,225 [INFO] LoadUrlFilesThread:185 - End of LoadServerUrlFiles without Thread
2026-01-13 08:53:15,225 [INFO] DetailPanel:341 - Set advertising image to C:/Users/Chinnapop/STM32Cube/Repository/\en.prom-stm32mp21-0126.png
2026-01-13 08:53:25,477 [INFO] MainUpdater:2872 - connection check result : 10
2026-01-13 08:53:25,478 [INFO] MainUpdater:2872 - connection check result : 10
2026-01-13 08:53:25,517 [INFO] MicroXplorer:468 - Change Database Path : 
2026-01-13 08:53:25,517 [INFO] MicroXplorer:498 - Change Database Version : DB.6.0.150
2026-01-13 08:53:25,630 [ERROR] ProjectManagerView:395 - 
java.lang.NullPointerException: Cannot invoke "javax.swing.JTextField.getText()" because the return value of "java.util.List.get(int)" is null
	at com.st.microxplorer.plugins.projectmanager.gui.ProjectChoiceTab$9.caretUpdate(ProjectChoiceTab.java:2706) ~[filemanager.jar:?]
	at javax.swing.text.JTextComponent.fireCaretUpdate(JTextComponent.java:408) ~[?:?]
	at javax.swing.text.JTextComponent$MutableCaretEvent.fire(JTextComponent.java:4484) ~[?:?]
	at javax.swing.text.JTextComponent$MutableCaretEvent.stateChanged(JTextComponent.java:4506) ~[?:?]
	at javax.swing.text.DefaultCaret.fireStateChanged(DefaultCaret.java:857) ~[?:?]
	at javax.swing.text.DefaultCaret.changeCaretPosition(DefaultCaret.java:1343) ~[?:?]
	at javax.swing.text.DefaultCaret.handleSetDot(DefaultCaret.java:1242) ~[?:?]
	at javax.swing.text.DefaultCaret.setDot(DefaultCaret.java:1223) ~[?:?]
	at javax.swing.text.DefaultCaret$Handler.insertUpdate(DefaultCaret.java:1819) ~[?:?]
	at javax.swing.text.AbstractDocument.fireInsertUpdate(AbstractDocument.java:227) ~[?:?]
	at javax.swing.text.AbstractDocument.handleInsertString(AbstractDocument.java:781) ~[?:?]
	at javax.swing.text.AbstractDocument.insertString(AbstractDocument.java:740) ~[?:?]
	at javax.swing.text.PlainDocument.insertString(PlainDocument.java:131) ~[?:?]
	at javax.swing.text.AbstractDocument.replace(AbstractDocument.java:699) ~[?:?]
	at javax.swing.text.JTextComponent.setText(JTextComponent.java:1725) ~[?:?]
	at com.st.microxplorer.plugins.projectmanager.gui.ProjectChoiceTab.createHeapStackFields(ProjectChoiceTab.java:993) ~[filemanager.jar:?]
	at com.st.microxplorer.plugins.projectmanager.gui.ProjectChoiceTab.buildLinkSettingsPanel(ProjectChoiceTab.java:3813) ~[filemanager.jar:?]
	at com.st.microxplorer.plugins.projectmanager.gui.ProjectChoiceTab.defineWindowsFields(ProjectChoiceTab.java:1987) ~[filemanager.jar:?]
	at com.st.microxplorer.plugins.projectmanager.gui.ProjectChoiceTab.updateSettings(ProjectChoiceTab.java:558) ~[filemanager.jar:?]
	at com.st.microxplorer.plugins.projectmanager.gui.ProjectSettingsPanel.UpdateDialog(ProjectSettingsPanel.java:247) ~[filemanager.jar:?]
	at com.st.microxplorer.plugins.projectmanager.ProjectManagerView.propertyChange(ProjectManagerView.java:392) ~[filemanager.jar:?]
	at java.beans.PropertyChangeSupport.fire(PropertyChangeSupport.java:343) ~[?:?]
	at java.beans.PropertyChangeSupport.firePropertyChange(PropertyChangeSupport.java:335) ~[?:?]
	at java.beans.PropertyChangeSupport.firePropertyChange(PropertyChangeSupport.java:268) ~[?:?]
	at com.st.microxplorer.util.MXPropertyChangeSupport.firePropertyChange(MXPropertyChangeSupport.java:54) ~[STM32CubeMX.jar:?]
	at com.st.microxplorer.mxsystem.MxSystem.closeConfig(MxSystem.java:899) ~[STM32CubeMX.jar:?]
	at com.st.microxplorer.maingui.MainPanel.closeConfig(MainPanel.java:792) ~[STM32CubeMX.jar:?]
	at com.st.microxplorer.plugins.filemanager.engine.OpenFileManager.loadConfigurationFile(OpenFileManager.java:288) ~[filemanager.jar:?]
	at com.st.microxplorer.plugins.filemanager.engine.MainFileManager.userLoadConfig(MainFileManager.java:364) ~[filemanager.jar:?]
	at com.st.microxplorer.plugins.filemanager.engine.MainFileManager.userLoadConfig(MainFileManager.java:342) ~[filemanager.jar:?]
	at com.st.microxplorer.plugins.filemanager.FileManagerView.getSpecificTask(FileManagerView.java:264) ~[filemanager.jar:?]
	at com.st.stm32cube.common.mx.editor.CubeMxEditor.getMxTabbedPaneInstance(CubeMxEditor.java:1198) ~[com.st.stm32cube.common.mx_6.15.0.202507011659/:?]
	at com.st.stm32cube.common.mx.editor.CubeMxEditor$12$1.createSwingComponent(CubeMxEditor.java:1068) ~[com.st.stm32cube.common.mx_6.15.0.202507011659/:?]
	at com.st.stm32cube.common.mx.oss.core.awtswtbridge.EmbeddedSwingComposite.doComponentCreation(EmbeddedSwingComposite.java:492) ~[com.st.stm32cube.common.mx.oss_6.15.0.202507011659/:?]
	at com.st.stm32cube.common.mx.oss.core.awtswtbridge.EmbeddedSwingComposite$4.run(EmbeddedSwingComposite.java:291) ~[com.st.stm32cube.common.mx.oss_6.15.0.202507011659/:?]
	at com.st.stm32cube.common.mx.oss.core.awtswtbridge.AwtEnvironment$2.run(AwtEnvironment.java:166) ~[com.st.stm32cube.common.mx.oss_6.15.0.202507011659/:?]
	at java.awt.event.InvocationEvent.dispatch(InvocationEvent.java:318) ~[?:?]
	at java.awt.EventQueue.dispatchEventImpl(EventQueue.java:773) ~[?:?]
	at java.awt.EventQueue$4.run(EventQueue.java:720) ~[?:?]
	at java.awt.EventQueue$4.run(EventQueue.java:714) ~[?:?]
	at java.security.AccessController.doPrivileged(AccessController.java:400) ~[?:?]
	at java.security.ProtectionDomain$JavaSecurityAccessImpl.doIntersectionPrivilege(ProtectionDomain.java:87) ~[?:?]
	at java.awt.EventQueue.dispatchEvent(EventQueue.java:742) ~[?:?]
	at java.awt.EventDispatchThread.pumpOneEventForFilters(EventDispatchThread.java:203) ~[?:?]
	at java.awt.EventDispatchThread.pumpEventsForFilter(EventDispatchThread.java:124) ~[?:?]
	at java.awt.EventDispatchThread.pumpEventsForHierarchy(EventDispatchThread.java:113) ~[?:?]
	at java.awt.EventDispatchThread.pumpEvents(EventDispatchThread.java:109) ~[?:?]
	at java.awt.EventDispatchThread.pumpEvents(EventDispatchThread.java:101) ~[?:?]
	at java.awt.EventDispatchThread.run(EventDispatchThread.java:90) ~[?:?]
2026-01-13 08:53:25,684 [WARN] ThirdParty:871 - waiting for thirdparty lock release [close project]
2026-01-13 08:53:25,684 [INFO] ThirdParty:873 - entering critical section [close project]
2026-01-13 08:53:25,684 [INFO] ThirdParty:883 - exiting critical section [close project]
2026-01-13 08:53:25,693 [INFO] PinOutPanel:1589 - setPackage(No Configuration,No Configuration)
2026-01-13 08:53:25,757 [WARN] IpParametersView:155 - Warning: This peripheral hasn't parameters
2026-01-13 08:53:25,808 [WARN] MainPanel:289 - <html><b><center>Warning: This peripheral has no parameters to be configured<br></b></html>
2026-01-13 08:53:25,837 [INFO] UtilMem:75 - Begin LoadConfig() Used Memory: 994450568 Bytes (1073741824)
2026-01-13 08:53:25,944 [INFO] MicroXplorer:468 - Change Database Path : C:/Users/Chinnapop/.stm32cubemx/databases/DB.6.0.141/db/
2026-01-13 08:53:25,944 [INFO] MicroXplorer:498 - Change Database Version : DB.6.0.141
2026-01-13 08:53:30,075 [INFO] OpenFileManager:355 - Change cursor
2026-01-13 08:53:30,152 [INFO] RulesReader:64 - Compatibility file has been processed (302 Rules)
2026-01-13 08:53:30,192 [INFO] Mcu:2029 - Initializing MCU STM32F767ZITx STM32F767ZITx STM32F767ZIT6
2026-01-13 08:53:33,989 [INFO] Context:786 - Trying to add GPIOservice into a context  which must be forbidden
2026-01-13 08:53:34,973 [INFO] ImportTextPane:234 - (OptionalMessage_ERROR) Pin18 (VP_RIF_VS_RIF1) cannot be retrieved for this MCU
2026-01-13 08:53:35,223 [INFO] RtosManager:558 - Registered RTOS mode: class=CMSIS, group=RTOS, mode=CMSIS_V1, owner=FREERTOS
2026-01-13 08:53:35,223 [INFO] RtosManager:558 - Registered RTOS mode: class=CMSIS, group=RTOS2, mode=CMSIS_V2, owner=FREERTOS
2026-01-13 08:53:35,223 [INFO] RtosManager:558 - Registered RTOS mode: class=RTOS, group=Core, mode=CMSIS_V1, owner=FREERTOS
2026-01-13 08:53:35,223 [INFO] RtosManager:558 - Registered RTOS mode: class=RTOS, group=Core, mode=CMSIS_V2, owner=FREERTOS
2026-01-13 08:53:35,223 [WARN] ModelIntegratedComponent:184 - Missing modes for component STMicroelectronics:FreeRTOS:0.0.1:STMicroelectronics:RTOS:FreeRTOS:Core:::10.2.0:
2026-01-13 08:53:35,228 [WARN] ModelIntegratedComponent:63 - No mode defined for component null
2026-01-13 08:53:35,228 [WARN] ModelIntegratedComponent:63 - No mode defined for component null
2026-01-13 08:53:35,228 [WARN] ModelIntegratedComponent:63 - No mode defined for component null
2026-01-13 08:53:35,228 [WARN] ModelIntegratedComponent:63 - No mode defined for component null
2026-01-13 08:53:35,228 [WARN] ModelIntegratedComponent:63 - No mode defined for component null
2026-01-13 08:53:35,228 [WARN] ModelIntegratedComponent:63 - No mode defined for component null
2026-01-13 08:53:35,228 [WARN] ModelIntegratedComponent:63 - No mode defined for component null
2026-01-13 08:53:35,228 [WARN] ModelIntegratedComponent:63 - No mode defined for component null
2026-01-13 08:53:35,228 [WARN] ModelIntegratedComponent:63 - No mode defined for component null
2026-01-13 08:53:35,228 [WARN] ModelIntegratedComponent:63 - No mode defined for component null
2026-01-13 08:53:35,228 [WARN] ModelIntegratedComponent:63 - No mode defined for component null
2026-01-13 08:53:35,228 [WARN] ModelIntegratedComponent:63 - No mode defined for component null
2026-01-13 08:53:35,228 [WARN] ModelIntegratedComponent:63 - No mode defined for component null
2026-01-13 08:53:35,228 [WARN] ModelIntegratedComponent:63 - No mode defined for component null
2026-01-13 08:53:35,228 [WARN] ModelIntegratedComponent:63 - No mode defined for component null
2026-01-13 08:53:35,228 [WARN] ModelIntegratedComponent:63 - No mode defined for component null
2026-01-13 08:53:35,228 [WARN] ModelIntegratedComponent:63 - No mode defined for component null
2026-01-13 08:53:35,228 [WARN] ModelIntegratedComponent:63 - No mode defined for component null
2026-01-13 08:53:35,228 [WARN] ModelIntegratedComponent:63 - No mode defined for component null
2026-01-13 08:53:35,228 [WARN] ModelIntegratedComponent:63 - No mode defined for component null
2026-01-13 08:53:35,228 [WARN] ModelIntegratedComponent:63 - No mode defined for component null
2026-01-13 08:53:35,228 [WARN] ModelIntegratedComponent:63 - No mode defined for component null
2026-01-13 08:53:35,228 [WARN] ModelIntegratedComponent:63 - No mode defined for component null
2026-01-13 08:53:35,228 [WARN] ModelIntegratedComponent:63 - No mode defined for component null
2026-01-13 08:53:35,228 [WARN] ModelIntegratedComponent:63 - No mode defined for component null
2026-01-13 08:53:35,228 [WARN] ModelIntegratedComponent:63 - No mode defined for component null
2026-01-13 08:53:35,228 [WARN] ModelIntegratedComponent:63 - No mode defined for component null
2026-01-13 08:53:35,228 [WARN] ModelIntegratedComponent:63 - No mode defined for component null
2026-01-13 08:53:35,228 [WARN] ModelIntegratedComponent:63 - No mode defined for component null
2026-01-13 08:53:35,228 [WARN] ModelIntegratedComponent:63 - No mode defined for component null
2026-01-13 08:53:35,228 [WARN] ModelIntegratedComponent:63 - No mode defined for component null
2026-01-13 08:53:35,228 [WARN] ModelIntegratedComponent:63 - No mode defined for component null
2026-01-13 08:53:35,228 [WARN] ModelIntegratedComponent:63 - No mode defined for component null
2026-01-13 08:53:35,228 [WARN] ModelIntegratedComponent:63 - No mode defined for component null
2026-01-13 08:53:35,228 [WARN] ModelIntegratedComponent:63 - No mode defined for component null
2026-01-13 08:53:35,228 [WARN] ModelPack:524 - Component already loaded: STMicroelectronics:HAL Drivers:0.0.0:STMicroelectronics:Device:STMicro_Driver:XSPI:HAL::0.0.1:HAL_XSPI
2026-01-13 08:53:35,736 [INFO] ThirdPartyModel:298 - Start build external matchings
2026-01-13 08:53:38,190 [INFO] ThirdPartyModel:316 - End build external matchings
2026-01-13 08:53:38,255 [INFO] RtosManager:1018 - Current active RTOS is FREERTOS [Cortex-M7NS]
2026-01-13 08:53:38,260 [INFO] ImportTextPane:234 - (OptionalMessage_ERROR) IP (CORTEX_M7) : Invalid parameter (Size)
2026-01-13 08:53:38,260 [INFO] ImportTextPane:234 - (OptionalMessage_ERROR) IP (CORTEX_M7) : Invalid parameter (SubRegionDisable)
2026-01-13 08:53:38,260 [INFO] ImportTextPane:234 - (OptionalMessage_ERROR) IP (CORTEX_M7) : Invalid parameter (DisableExec)
2026-01-13 08:53:38,260 [INFO] ImportTextPane:234 - (OptionalMessage_ERROR) IP (CORTEX_M7) : Invalid parameter (IsShareable)
2026-01-13 08:53:38,260 [INFO] ImportTextPane:234 - (OptionalMessage_ERROR) IP (CORTEX_M7) : Invalid parameter (BaseAddress)
2026-01-13 08:53:38,260 [INFO] ImportTextPane:234 - (OptionalMessage_ERROR) IP (CORTEX_M7) : Invalid parameter (Size)
2026-01-13 08:53:38,260 [INFO] ImportTextPane:234 - (OptionalMessage_ERROR) IP (CORTEX_M7) : Invalid parameter (DisableExec)
2026-01-13 08:53:38,260 [INFO] ImportTextPane:234 - (OptionalMessage_ERROR) IP (CORTEX_M7) : Invalid parameter (BaseAddress)
2026-01-13 08:53:38,260 [INFO] ImportTextPane:234 - (OptionalMessage_ERROR) IP (CORTEX_M7) : Invalid parameter (Size)
2026-01-13 08:53:38,260 [INFO] ImportTextPane:234 - (OptionalMessage_ERROR) IP (CORTEX_M7) : Invalid parameter (TypeExtField)
2026-01-13 08:53:38,260 [INFO] ImportTextPane:234 - (OptionalMessage_ERROR) IP (CORTEX_M7) : Invalid parameter (DisableExec)
2026-01-13 08:53:38,260 [INFO] ImportTextPane:234 - (OptionalMessage_ERROR) IP (CORTEX_M7) : Invalid parameter (IsShareable)
2026-01-13 08:53:38,260 [INFO] ImportTextPane:234 - (OptionalMessage_ERROR) IP (CORTEX_M7) : Invalid parameter (AccessPermission)
2026-01-13 08:53:38,260 [INFO] ImportTextPane:234 - (OptionalMessage_ERROR) IP (CORTEX_M7) : Invalid parameter (AccessPermission)
2026-01-13 08:53:38,260 [INFO] ImportTextPane:234 - (OptionalMessage_ERROR) IP (CORTEX_M7) : Invalid parameter (IsBufferable)
2026-01-13 08:53:38,260 [WARN] IP:2250 - Warning not found: check if there is a RefParameter without a condition.
2026-01-13 08:53:38,261 [WARN] IP:2250 - RxBufferAddress not found: check if there is a RefParameter without a condition.
2026-01-13 08:53:38,261 [WARN] IP:2250 - DESC_SIZE_UNIT not found: check if there is a RefParameter without a condition.
2026-01-13 08:53:38,286 [WARN] IP:2250 - LWIP_NETIF_HOSTNAME_NAME not found: check if there is a RefParameter without a condition.
2026-01-13 08:53:38,348 [INFO] ImportTextPane:234 - (OptionalMessage_ERROR) IP (RCC) : Invalid parameter (48MHZClocksFreq_Value)
2026-01-13 08:53:38,348 [INFO] ImportTextPane:234 - (OptionalMessage_ERROR) IP (RCC) : Invalid parameter (ADC12outputFreq_Value)
2026-01-13 08:53:38,348 [INFO] ImportTextPane:234 - (OptionalMessage_ERROR) IP (RCC) : Invalid parameter (ADC34outputFreq_Value)
2026-01-13 08:53:38,348 [INFO] ImportTextPane:234 - (OptionalMessage_ERROR) IP (RCC) : Invalid parameter (FamilyName)
2026-01-13 08:53:38,349 [INFO] ImportTextPane:234 - (OptionalMessage_ERROR) IP (RCC) : Invalid parameter (I2SClocksFreq_Value)
2026-01-13 08:53:38,349 [INFO] ImportTextPane:234 - (OptionalMessage_ERROR) IP (RCC) : Invalid parameter (LCDTFToutputFreq_Value)
2026-01-13 08:53:38,349 [INFO] ImportTextPane:234 - (OptionalMessage_ERROR) IP (RCC) : Invalid parameter (MCOFreq_Value)
2026-01-13 08:53:38,349 [INFO] ImportTextPane:234 - (OptionalMessage_ERROR) IP (RCC) : Invalid parameter (PLLMCOFreq_Value)
2026-01-13 08:53:38,349 [INFO] ImportTextPane:234 - (OptionalMessage_ERROR) IP (RCC) : Invalid parameter (PLLMUL)
2026-01-13 08:53:38,349 [INFO] ImportTextPane:234 - (OptionalMessage_ERROR) IP (RCC) : Invalid parameter (PRESCALERUSB)
2026-01-13 08:53:38,349 [INFO] ImportTextPane:234 - (OptionalMessage_ERROR) IP (RCC) : Parameter (RNGFreq_Value) has invalid value (216000000)
2026-01-13 08:53:38,349 [INFO] ImportTextPane:234 - (OptionalMessage_ERROR) IP (RCC) : Invalid parameter (RTCHSEDivFreq_Value)
2026-01-13 08:53:38,350 [INFO] ImportTextPane:234 - (OptionalMessage_ERROR) IP (RCC) : Parameter (SDMMC2Freq_Value) has invalid value (216000000)
2026-01-13 08:53:38,350 [INFO] ImportTextPane:234 - (OptionalMessage_ERROR) IP (RCC) : Parameter (SDMMCFreq_Value) has invalid value (216000000)
2026-01-13 08:53:38,350 [INFO] ImportTextPane:234 - (OptionalMessage_ERROR) IP (RCC) : Invalid parameter (SYSCLKSourceVirtual)
2026-01-13 08:53:38,350 [INFO] ImportTextPane:234 - (OptionalMessage_ERROR) IP (RCC) : Invalid parameter (TIM15Freq_Value)
2026-01-13 08:53:38,350 [INFO] ImportTextPane:234 - (OptionalMessage_ERROR) IP (RCC) : Invalid parameter (TIM16Freq_Value)
2026-01-13 08:53:38,350 [INFO] ImportTextPane:234 - (OptionalMessage_ERROR) IP (RCC) : Invalid parameter (TIM17Freq_Value)
2026-01-13 08:53:38,350 [INFO] ImportTextPane:234 - (OptionalMessage_ERROR) IP (RCC) : Invalid parameter (TIM1Freq_Value)
2026-01-13 08:53:38,350 [INFO] ImportTextPane:234 - (OptionalMessage_ERROR) IP (RCC) : Invalid parameter (TIM20Freq_Value)
2026-01-13 08:53:38,350 [INFO] ImportTextPane:234 - (OptionalMessage_ERROR) IP (RCC) : Invalid parameter (TIM2Freq_Value)
2026-01-13 08:53:38,350 [INFO] ImportTextPane:234 - (OptionalMessage_ERROR) IP (RCC) : Invalid parameter (TIM3Freq_Value)
2026-01-13 08:53:38,350 [INFO] ImportTextPane:234 - (OptionalMessage_ERROR) IP (RCC) : Invalid parameter (TIM8Freq_Value)
2026-01-13 08:53:38,350 [INFO] ImportTextPane:234 - (OptionalMessage_ERROR) IP (RCC) : Parameter (USBFreq_Value) has invalid value (216000000)
2026-01-13 08:53:38,350 [INFO] ImportTextPane:234 - (OptionalMessage_ERROR) IP (RCC) : Invalid parameter (VCOOutput2Freq_Value)
2026-01-13 08:53:38,350 [INFO] ImportTextPane:234 - (OptionalMessage_ERROR) IP (RCC) : Invalid parameter (VcooutputI2S)
2026-01-13 08:53:39,318 [INFO] UtilMem:75 - End LoadConfig() Used Memory: 955799424 Bytes (1073741824)
2026-01-13 08:53:39,472 [WARN] ThirdParty:833 - waiting for thirdparty lock release [change project]
2026-01-13 08:53:39,473 [INFO] ThirdParty:835 - entering critical section [change project]
2026-01-13 08:53:39,473 [INFO] ThirdParty:1030 - CMSIS Pack Vendor :STMicroelectronics X-CUBE-PM33A1 1.0.0
2026-01-13 08:53:39,474 [INFO] ThirdParty:1030 - CMSIS Pack Vendor :STMicroelectronics USBPD 4.1
2026-01-13 08:53:39,474 [INFO] ThirdParty:1030 - CMSIS Pack Vendor :STMicroelectronics USB_HOST 2.0.0
2026-01-13 08:53:39,474 [INFO] ThirdParty:1030 - CMSIS Pack Vendor :STMicroelectronics FP-SNS-MOTENVWB1 1.4.0
2026-01-13 08:53:39,474 [INFO] ThirdParty:1030 - CMSIS Pack Vendor :STMicroelectronics X-CUBE-AZRTOS-F4 1.1.0
2026-01-13 08:53:39,474 [INFO] ThirdParty:1030 - CMSIS Pack Vendor :STMicroelectronics LIBJPEG 8.0.0
2026-01-13 08:53:39,474 [INFO] ThirdParty:1030 - CMSIS Pack Vendor :STMicroelectronics FP-ATR-ASTRA1 2.0.2
2026-01-13 08:53:39,474 [INFO] ThirdParty:1030 - CMSIS Pack Vendor :STMicroelectronics FP-ATR-ASTRA1 2.0.1
2026-01-13 08:53:39,474 [INFO] ThirdParty:1030 - CMSIS Pack Vendor :Avnet-IotConnect X-CUBE-IoTC-DA16k-PMOD 1.0.0
2026-01-13 08:53:39,474 [INFO] ThirdParty:1030 - CMSIS Pack Vendor :STMicroelectronics X-CUBE-SMBUS 2.1.0
2026-01-13 08:53:39,474 [INFO] ThirdParty:1030 - CMSIS Pack Vendor :STMicroelectronics X-CUBE-WB05N 1.1.0
2026-01-13 08:53:39,475 [INFO] ThirdParty:1030 - CMSIS Pack Vendor :STMicroelectronics X-CUBE-ISPU 2.1.0
2026-01-13 08:53:39,475 [INFO] ThirdParty:1030 - CMSIS Pack Vendor :STMicroelectronics X-CUBE-IPS 3.2.0
2026-01-13 08:53:39,475 [INFO] ThirdParty:1030 - CMSIS Pack Vendor :STMicroelectronics X-CUBE-FREERTOS 1.2.0
2026-01-13 08:53:39,475 [INFO] ThirdParty:1030 - CMSIS Pack Vendor :STMicroelectronics X-CUBE-ST60 1.0.0
2026-01-13 08:53:39,475 [INFO] ThirdParty:1030 - CMSIS Pack Vendor :STMicroelectronics X-CUBE-NFC12 1.0.0
2026-01-13 08:53:39,475 [INFO] ThirdParty:1030 - CMSIS Pack Vendor :STMicroelectronics X-CUBE-AZRTOS-F7 1.1.0
2026-01-13 08:53:39,475 [INFO] ThirdParty:1030 - CMSIS Pack Vendor :STMicroelectronics X-CUBE-AZRTOS-L5 2.0.0
2026-01-13 08:53:39,475 [INFO] ThirdParty:1030 - CMSIS Pack Vendor :STMicroelectronics USB_DEVICE 2.0.0
2026-01-13 08:53:39,475 [INFO] ThirdParty:1030 - CMSIS Pack Vendor :STMicroelectronics X-CUBE-NFC6 3.1.0
2026-01-13 08:53:39,475 [INFO] ThirdParty:1030 - CMSIS Pack Vendor :STMicroelectronics X-CUBE-MEMS1 11.0.0
2026-01-13 08:53:39,475 [INFO] ThirdParty:1030 - CMSIS Pack Vendor :STMicroelectronics FP-SNS-MOTENV1 5.1.0
2026-01-13 08:53:39,475 [INFO] ThirdParty:1030 - CMSIS Pack Vendor :STMicroelectronics FreeRTOS 0.0.1
2026-01-13 08:53:39,475 [INFO] ThirdParty:1030 - CMSIS Pack Vendor :STMicroelectronics X-CUBE-DPower 1.2.0
2026-01-13 08:53:39,475 [INFO] ThirdParty:1030 - CMSIS Pack Vendor :STMicroelectronics FP-SNS-FLIGHT1 5.0.2
2026-01-13 08:53:39,475 [INFO] ThirdParty:1030 - CMSIS Pack Vendor :STMicroelectronics PDM2PCM 3.3.0
2026-01-13 08:53:39,475 [INFO] ThirdParty:1030 - CMSIS Pack Vendor :STMicroelectronics X-CUBE-AZRTOS-H7 3.4.0
2026-01-13 08:53:39,475 [INFO] ThirdParty:1030 - CMSIS Pack Vendor :STMicroelectronics X-CUBE-DISPLAY 3.0.0
2026-01-13 08:53:39,475 [INFO] ThirdParty:1030 - CMSIS Pack Vendor :STMicroelectronics X-CUBE-BLE1 7.0.0
2026-01-13 08:53:39,475 [INFO] ThirdParty:1030 - CMSIS Pack Vendor :STMicroelectronics X-CUBE-NFC10 1.0.0
2026-01-13 08:53:39,475 [INFO] ThirdParty:1030 - CMSIS Pack Vendor :STMicroelectronics X-CUBE-BLEMGR 4.0.0
2026-01-13 08:53:39,475 [INFO] ThirdParty:1030 - CMSIS Pack Vendor :STMicroelectronics X-CUBE-FREERTOS 1.3.1
2026-01-13 08:53:39,475 [INFO] ThirdParty:1030 - CMSIS Pack Vendor :STMicroelectronics HAL Drivers 0.0.0
2026-01-13 08:53:39,475 [INFO] ThirdParty:1030 - CMSIS Pack Vendor :STMicroelectronics X-CUBE-ST60 1.1.0
2026-01-13 08:53:39,475 [INFO] ThirdParty:1030 - CMSIS Pack Vendor :emotas I-CUBE-CANOPEN 1.3.0
2026-01-13 08:53:39,475 [INFO] ThirdParty:1030 - CMSIS Pack Vendor :STMicroelectronics X-CUBE-FREERTOS 1.3.0
2026-01-13 08:53:39,475 [INFO] ThirdParty:1030 - CMSIS Pack Vendor :STMicroelectronics X-CUBE-NFC7 1.0.1
2026-01-13 08:53:39,475 [INFO] ThirdParty:1030 - CMSIS Pack Vendor :STMicroelectronics MBEDTLS 2.14.1
2026-01-13 08:53:39,475 [INFO] ThirdParty:1030 - CMSIS Pack Vendor :STMicroelectronics X-CUBE-GNSS1 7.1.0
2026-01-13 08:53:39,475 [INFO] ThirdParty:1030 - CMSIS Pack Vendor :STMicroelectronics X-CUBE-TOUCHGFX 4.26.0
2026-01-13 08:53:39,476 [INFO] ThirdParty:1030 - CMSIS Pack Vendor :STMicroelectronics X-CUBE-BLEMGR 3.1.0
2026-01-13 08:53:39,476 [INFO] ThirdParty:1030 - CMSIS Pack Vendor :STMicroelectronics X-CUBE-AI 10.0.0
2026-01-13 08:53:39,476 [INFO] ThirdParty:1030 - CMSIS Pack Vendor :STMicroelectronics FP-SNS-STBOX1 2.1.0
2026-01-13 08:53:39,476 [INFO] ThirdParty:1030 - CMSIS Pack Vendor :STMicroelectronics FP-SNS-STAIOTCFT 1.0.0
2026-01-13 08:53:39,476 [INFO] ThirdParty:1030 - CMSIS Pack Vendor :STMicroelectronics FP-SNS-SMARTAG2 1.2.0
2026-01-13 08:53:39,476 [INFO] ThirdParty:1030 - CMSIS Pack Vendor :STMicroelectronics FP-SNS-FLIGHT1 5.1.0
2026-01-13 08:53:39,476 [INFO] ThirdParty:1030 - CMSIS Pack Vendor :STMicroelectronics X-CUBE-MEMS1 11.1.0
2026-01-13 08:53:39,476 [INFO] ThirdParty:1030 - CMSIS Pack Vendor :STMicroelectronics X-CUBE-AZRTOS-WL 2.0.0
2026-01-13 08:53:39,476 [INFO] ThirdParty:1030 - CMSIS Pack Vendor :STMicroelectronics X-CUBE-DPower 1.3.0
2026-01-13 08:53:39,476 [INFO] ThirdParty:1030 - CMSIS Pack Vendor :STMicroelectronics FP-SNS-MOTENV1 5.0.0
2026-01-13 08:53:39,476 [INFO] ThirdParty:1030 - CMSIS Pack Vendor :STMicroelectronics USB_DEVICE 1.0.0
2026-01-13 08:53:39,476 [INFO] ThirdParty:1030 - CMSIS Pack Vendor :STMicroelectronics X-CUBE-AZRTOS-H7RS 1.2.0
2026-01-13 08:53:39,476 [INFO] ThirdParty:1030 - CMSIS Pack Vendor :wolfSSL I-CUBE-wolfMQTT 1.19.0
2026-01-13 08:53:39,476 [INFO] ThirdParty:1030 - CMSIS Pack Vendor :STMicroelectronics X-CUBE-AZRTOS-L4 2.0.0
2026-01-13 08:53:39,476 [INFO] ThirdParty:1030 - CMSIS Pack Vendor :STMicroelectronics ThreadX 0.0.2
2026-01-13 08:53:39,476 [INFO] ThirdParty:1030 - CMSIS Pack Vendor :WES I-CUBE-Cesium 1.3.0
2026-01-13 08:53:39,476 [INFO] ThirdParty:1030 - CMSIS Pack Vendor :STMicroelectronics lwIP 2.1.2
2026-01-13 08:53:39,476 [INFO] ThirdParty:1030 - CMSIS Pack Vendor :STMicroelectronics X-CUBE-SFXS2LP1 4.0.0
2026-01-13 08:53:39,476 [INFO] ThirdParty:1030 - CMSIS Pack Vendor :STMicroelectronics X-CUBE-BLE2 3.3.0
2026-01-13 08:53:39,476 [INFO] ThirdParty:1030 - CMSIS Pack Vendor :STMicroelectronics PDM2PCM 3.2.0
2026-01-13 08:53:39,476 [INFO] ThirdParty:1030 - CMSIS Pack Vendor :STMicroelectronics X-CUBE-AZRTOS-H7 3.3.0
2026-01-13 08:53:39,476 [INFO] ThirdParty:1030 - CMSIS Pack Vendor :STMicroelectronics X-CUBE-NFC9 1.0.0
2026-01-13 08:53:39,476 [INFO] ThirdParty:1030 - CMSIS Pack Vendor :STMicroelectronics X-CUBE-BLE1 7.1.0
2026-01-13 08:53:39,476 [INFO] ThirdParty:1030 - CMSIS Pack Vendor :STMicroelectronics USB_DEVICE 3.0.0
2026-01-13 08:53:39,476 [INFO] ThirdParty:1030 - CMSIS Pack Vendor :STMicroelectronics X-CUBE-TCPP 4.1.0
2026-01-13 08:53:39,476 [INFO] ThirdParty:1030 - CMSIS Pack Vendor :STMicroelectronics X-CUBE-FREERTOS 1.4.0
2026-01-13 08:53:39,476 [INFO] ThirdParty:1030 - CMSIS Pack Vendor :STMicroelectronics X-CUBE-EEPRMA1 5.2.0
2026-01-13 08:53:39,476 [INFO] ThirdParty:1030 - CMSIS Pack Vendor :STMicroelectronics X-CUBE-BLEMGR 4.1.0
2026-01-13 08:53:39,476 [INFO] ThirdParty:1030 - CMSIS Pack Vendor :STMicroelectronics X-CUBE-IPS 3.0.0
2026-01-13 08:53:39,476 [INFO] ThirdParty:1030 - CMSIS Pack Vendor :STMicroelectronics X-CUBE-AZRTOS-WB 2.0.0
2026-01-13 08:53:39,476 [INFO] ThirdParty:1030 - CMSIS Pack Vendor :STMicroelectronics X-CUBE-GNSS1 7.0.0
2026-01-13 08:53:39,476 [INFO] ThirdParty:1030 - CMSIS Pack Vendor :STMicroelectronics X-CUBE-GNSS1 7.0.1
2026-01-13 08:53:39,476 [INFO] ThirdParty:1030 - CMSIS Pack Vendor :STMicroelectronics X-CUBE-TOUCHGFX 4.25.0
2026-01-13 08:53:39,476 [INFO] ThirdParty:1030 - CMSIS Pack Vendor :STMicroelectronics X-CUBE-ST67W61 1.1.0
2026-01-13 08:53:39,476 [INFO] ThirdParty:1030 - CMSIS Pack Vendor :STMicroelectronics X-CUBE-AI 10.1.0
2026-01-13 08:53:39,476 [INFO] ThirdParty:1030 - CMSIS Pack Vendor :STMicroelectronics FP-SNS-STBOX1 2.0.0
2026-01-13 08:53:39,476 [INFO] ThirdParty:1030 - CMSIS Pack Vendor :STMicroelectronics X-CUBE-MEMS1 12.0.0
2026-01-13 08:53:39,476 [INFO] ThirdParty:1030 - CMSIS Pack Vendor :STMicroelectronics X-CUBE-MEMS1 11.2.0
2026-01-13 08:53:39,476 [INFO] ThirdParty:1030 - CMSIS Pack Vendor :STMicroelectronics X-CUBE-AZRTOS-G0 1.1.0
2026-01-13 08:53:39,476 [INFO] ThirdParty:1030 - CMSIS Pack Vendor :STMicroelectronics X-CUBE-SAFEA1 1.2.2
2026-01-13 08:53:39,476 [INFO] ThirdParty:1030 - CMSIS Pack Vendor :STMicroelectronics X-CUBE-NFC4 3.0.0
2026-01-13 08:53:39,476 [INFO] ThirdParty:1030 - CMSIS Pack Vendor :STMicroelectronics X-CUBE-SUBG2 5.0.0
2026-01-13 08:53:39,476 [INFO] ThirdParty:1030 - CMSIS Pack Vendor :STMicroelectronics X-CUBE-AZRTOS-H7RS 1.1.0
2026-01-13 08:53:39,476 [INFO] ThirdParty:1030 - CMSIS Pack Vendor :STMicroelectronics STM32_WPAN 1.0.0
2026-01-13 08:53:39,476 [INFO] ThirdParty:1030 - CMSIS Pack Vendor :EmbeddedOffice I-CUBE-FS-RTOS 1.0.1
2026-01-13 08:53:39,476 [INFO] ThirdParty:1030 - CMSIS Pack Vendor :STMicroelectronics lwIP 2.0.3
2026-01-13 08:53:39,476 [INFO] ThirdParty:1030 - CMSIS Pack Vendor :Cesanta I-CUBE-Mongoose 7.13.0
2026-01-13 08:53:39,476 [INFO] ThirdParty:1030 - CMSIS Pack Vendor :STMicroelectronics USB_HOST 1.0.0
2026-01-13 08:53:39,476 [INFO] ThirdParty:1030 - CMSIS Pack Vendor :STMicroelectronics X-CUBE-AZRTOS-G4 2.0.0
2026-01-13 08:53:39,476 [INFO] ThirdParty:1030 - CMSIS Pack Vendor :STMicroelectronics X-CUBE-WB05N 2.0.0
2026-01-13 08:53:39,476 [INFO] ThirdParty:1030 - CMSIS Pack Vendor :STMicroelectronics PDM2PCM 3.1.0
2026-01-13 08:53:39,476 [INFO] ThirdParty:1030 - CMSIS Pack Vendor :STMicroelectronics X-CUBE-NFC7 2.0.0
2026-01-13 08:53:39,476 [INFO] ThirdParty:1030 - CMSIS Pack Vendor :STMicroelectronics X-CUBE-TCPP 4.2.0
2026-01-13 08:53:39,476 [INFO] ThirdParty:1030 - CMSIS Pack Vendor :RealThread X-CUBE-RT-Thread_Nano 4.1.1
2026-01-13 08:53:39,476 [INFO] ThirdParty:1030 - CMSIS Pack Vendor :STMicroelectronics FP-ATR-SIGFOX1 3.2.0
2026-01-13 08:53:39,476 [INFO] ThirdParty:1030 - CMSIS Pack Vendor :quantropi X-CUBE-qispace-sdk-base 1.9.3
2026-01-13 08:53:39,476 [INFO] ThirdParty:1030 - CMSIS Pack Vendor :STMicroelectronics X-CUBE-EEPRMA1 5.1.0
2026-01-13 08:53:39,476 [INFO] ThirdParty:1030 - CMSIS Pack Vendor :STMicroelectronics MBEDTLS 2.16.2
2026-01-13 08:53:39,476 [INFO] ThirdParty:1030 - CMSIS Pack Vendor :STMicroelectronics X-CUBE-IPS 3.1.0
2026-01-13 08:53:39,476 [INFO] ThirdParty:1030 - CMSIS Pack Vendor :STMicroelectronics X-CUBE-ALS 1.0.2
2026-01-13 08:53:39,476 [INFO] ThirdParty:1030 - CMSIS Pack Vendor :wolfSSL I-CUBE-wolfSSL 5.7.4
2026-01-13 08:53:39,476 [INFO] ThirdParty:1030 - CMSIS Pack Vendor :ITTIA_DB I-CUBE-ITTIADB 8.9.0
2026-01-13 08:53:39,476 [INFO] ThirdParty:1030 - CMSIS Pack Vendor :STMicroelectronics X-CUBE-TOUCHGFX 4.24.2
2026-01-13 08:53:39,476 [INFO] ThirdParty:1030 - CMSIS Pack Vendor :STMicroelectronics X-CUBE-TOUCHGFX 4.24.1
2026-01-13 08:53:39,476 [INFO] ThirdParty:1030 - CMSIS Pack Vendor :STMicroelectronics X-CUBE-STSE01 1.0.0
2026-01-13 08:53:39,476 [INFO] ThirdParty:1030 - CMSIS Pack Vendor :wolfSSL I-CUBE-wolfTPM 3.4.0
2026-01-13 08:53:39,476 [INFO] ThirdParty:1030 - CMSIS Pack Vendor :portGmbH I-Cube-SoM-uGOAL 1.1.0
2026-01-13 08:53:39,477 [INFO] ThirdParty:1030 - CMSIS Pack Vendor :STMicroelectronics X-CUBE-ST67W61 1.0.0
2026-01-13 08:53:39,477 [INFO] ThirdParty:1030 - CMSIS Pack Vendor :STMicroelectronics X-CUBE-AI 10.2.0
2026-01-13 08:53:39,477 [INFO] ThirdParty:1030 - CMSIS Pack Vendor :STMicroelectronics ThreadX 1.0.0
2026-01-13 08:53:39,477 [INFO] ThirdParty:1030 - CMSIS Pack Vendor :SEGGER I-CUBE-embOS 1.3.1
2026-01-13 08:53:39,477 [INFO] ThirdParty:1030 - CMSIS Pack Vendor :STMicroelectronics X-CUBE-ALGOBUILD 1.4.0
2026-01-13 08:53:39,477 [INFO] ThirdParty:1030 - CMSIS Pack Vendor :STMicroelectronics X-CUBE-MEMS1 11.3.0
2026-01-13 08:53:39,477 [INFO] ThirdParty:1030 - CMSIS Pack Vendor :STMicroelectronics X-CUBE-AZRTOS-H7RS 1.0.0
2026-01-13 08:53:39,477 [INFO] ThirdParty:1030 - CMSIS Pack Vendor :STMicroelectronics FP-ATR-ASTRA1 2.0.0
2026-01-13 08:53:39,477 [INFO] ThirdParty:1030 - CMSIS Pack Vendor :STMicroelectronics X-CUBE-TOF1 3.4.2
2026-01-13 08:53:39,477 [INFO] ThirdParty:1030 - CMSIS Pack Vendor :STMicroelectronics X-CUBE-TOF1 3.4.3
2026-01-13 08:53:39,477 [INFO] ThirdParty:1030 - CMSIS Pack Vendor :STMicroelectronics X-CUBE-AI 9.1.0
2026-01-13 08:53:39,477 [INFO] ThirdParty:1030 - CMSIS Pack Vendor :Infineon AIROC-Wi-Fi-Bluetooth-STM32 1.6.1
2026-01-13 08:53:39,477 [INFO] ThirdParty:1030 - CMSIS Pack Vendor :wolfSSL I-CUBE-wolfSSH 1.4.17
2026-01-13 08:53:39,477 [INFO] ThirdParty:841 - exiting critical section [change project]
2026-01-13 08:53:40,051 [INFO] PinOutPanel:1589 - setPackage(No Configuration,No Configuration)
2026-01-13 08:53:40,056 [INFO] PinOutPanel:1589 - setPackage(STM32F767ZITx,LQFP144)
2026-01-13 08:53:40,708 [INFO] UtilMem:75 - Before build in PCC Used Memory: 1020649600 Bytes (1073741824)
2026-01-13 08:53:41,086 [INFO] UtilMem:75 - After build in PCC Used Memory: 932045056 Bytes (1073741824)
2026-01-13 08:53:41,112 [INFO] ApiDbMcu:532 - Load IP Config File for FREERTOS
2026-01-13 08:53:41,136 [INFO] ApiDbMcu:532 - Load IP Config File for LWIP
2026-01-13 08:53:41,137 [WARN] BspModel:444 - BSP dependency skipped because of component: name='USER_PHY', api='Unknown'
2026-01-13 08:53:41,173 [INFO] IPUIPlugin:80 - create IPUIPlugin
2026-01-13 08:53:41,173 [INFO] IPUIPlugin:80 - create IPUIPlugin
2026-01-13 08:53:41,173 [INFO] IPUIPlugin:80 - create IPUIPlugin
2026-01-13 08:53:41,173 [INFO] IPUIPlugin:80 - create IPUIPlugin
2026-01-13 08:53:41,174 [INFO] IPUIPlugin:80 - create IPUIPlugin
2026-01-13 08:53:41,174 [INFO] IPUIPlugin:80 - create IPUIPlugin
2026-01-13 08:53:41,174 [INFO] IPUIPlugin:80 - create IPUIPlugin
2026-01-13 08:53:41,174 [INFO] IPUIPlugin:80 - create IPUIPlugin
2026-01-13 08:53:41,174 [INFO] IPUIPlugin:80 - create IPUIPlugin
2026-01-13 08:53:41,174 [INFO] IPUIPlugin:80 - create IPUIPlugin
2026-01-13 08:53:41,174 [INFO] IPUIPlugin:80 - create IPUIPlugin
2026-01-13 08:53:41,174 [INFO] IPUIPlugin:80 - create IPUIPlugin
2026-01-13 08:53:41,174 [INFO] IPUIPlugin:80 - create IPUIPlugin
2026-01-13 08:53:41,174 [INFO] IPUIPlugin:80 - create IPUIPlugin
2026-01-13 08:53:41,174 [INFO] IPUIPlugin:80 - create IPUIPlugin
2026-01-13 08:53:41,175 [INFO] IPUIPlugin:80 - create IPUIPlugin
2026-01-13 08:53:41,175 [INFO] IPUIPlugin:80 - create IPUIPlugin
2026-01-13 08:53:41,175 [INFO] IPUIPlugin:80 - create IPUIPlugin
2026-01-13 08:53:41,175 [INFO] IPUIPlugin:80 - create IPUIPlugin
2026-01-13 08:53:41,175 [INFO] IPUIPlugin:80 - create IPUIPlugin
2026-01-13 08:53:41,175 [INFO] IPUIPlugin:80 - create IPUIPlugin
2026-01-13 08:53:41,175 [INFO] IPUIPlugin:80 - create IPUIPlugin
2026-01-13 08:53:41,175 [INFO] IPUIPlugin:80 - create IPUIPlugin
2026-01-13 08:53:41,175 [INFO] IPUIPlugin:80 - create IPUIPlugin
2026-01-13 08:53:41,175 [INFO] IPUIPlugin:80 - create IPUIPlugin
2026-01-13 08:53:41,176 [INFO] IPUIPlugin:80 - create IPUIPlugin
2026-01-13 08:53:41,176 [INFO] IPUIPlugin:80 - create IPUIPlugin
2026-01-13 08:53:41,176 [INFO] IPUIPlugin:80 - create IPUIPlugin
2026-01-13 08:53:41,176 [INFO] IPUIPlugin:80 - create IPUIPlugin
2026-01-13 08:53:41,176 [INFO] IPUIPlugin:80 - create IPUIPlugin
2026-01-13 08:53:41,176 [INFO] IPUIPlugin:80 - create IPUIPlugin
2026-01-13 08:53:41,176 [INFO] IPUIPlugin:80 - create IPUIPlugin
2026-01-13 08:53:41,177 [INFO] IPUIPlugin:80 - create IPUIPlugin
2026-01-13 08:53:41,177 [INFO] IPUIPlugin:80 - create IPUIPlugin
2026-01-13 08:53:41,177 [INFO] IPUIPlugin:80 - create IPUIPlugin
2026-01-13 08:53:41,177 [INFO] IPUIPlugin:80 - create IPUIPlugin
2026-01-13 08:53:41,177 [INFO] IPUIPlugin:80 - create IPUIPlugin
2026-01-13 08:53:41,177 [INFO] IPUIPlugin:80 - create IPUIPlugin
2026-01-13 08:53:41,177 [INFO] IPUIPlugin:80 - create IPUIPlugin
2026-01-13 08:53:41,178 [INFO] IPUIPlugin:80 - create IPUIPlugin
2026-01-13 08:53:41,178 [INFO] IPUIPlugin:80 - create IPUIPlugin
2026-01-13 08:53:41,178 [INFO] IPUIPlugin:80 - create IPUIPlugin
2026-01-13 08:53:41,178 [INFO] IPUIPlugin:80 - create IPUIPlugin
2026-01-13 08:53:41,178 [INFO] IPUIPlugin:80 - create IPUIPlugin
2026-01-13 08:53:41,179 [INFO] IPUIPlugin:80 - create IPUIPlugin
2026-01-13 08:53:41,179 [INFO] IPUIPlugin:80 - create IPUIPlugin
2026-01-13 08:53:41,179 [INFO] IPUIPlugin:80 - create IPUIPlugin
2026-01-13 08:53:41,179 [INFO] IPUIPlugin:80 - create IPUIPlugin
2026-01-13 08:53:41,179 [INFO] IPUIPlugin:80 - create IPUIPlugin
2026-01-13 08:53:41,180 [INFO] IPUIPlugin:80 - create IPUIPlugin
2026-01-13 08:53:41,180 [INFO] IPUIPlugin:80 - create IPUIPlugin
2026-01-13 08:53:41,180 [INFO] IPUIPlugin:80 - create IPUIPlugin
2026-01-13 08:53:41,180 [INFO] IPUIPlugin:80 - create IPUIPlugin
2026-01-13 08:53:41,180 [INFO] IPUIPlugin:80 - create IPUIPlugin
2026-01-13 08:53:41,181 [INFO] IPUIPlugin:80 - create IPUIPlugin
2026-01-13 08:53:41,181 [INFO] IPUIPlugin:80 - create IPUIPlugin
2026-01-13 08:53:41,181 [INFO] IPUIPlugin:80 - create IPUIPlugin
2026-01-13 08:53:41,181 [INFO] IPUIPlugin:80 - create IPUIPlugin
2026-01-13 08:53:41,181 [INFO] IPUIPlugin:80 - create IPUIPlugin
2026-01-13 08:53:41,181 [INFO] IPUIPlugin:80 - create IPUIPlugin
2026-01-13 08:53:41,182 [INFO] IPUIPlugin:80 - create IPUIPlugin
2026-01-13 08:53:41,182 [INFO] IPUIPlugin:80 - create IPUIPlugin
2026-01-13 08:53:41,182 [INFO] IPUIPlugin:80 - create IPUIPlugin
2026-01-13 08:53:41,182 [INFO] IPUIPlugin:80 - create IPUIPlugin
2026-01-13 08:53:41,182 [INFO] IPUIPlugin:80 - create IPUIPlugin
2026-01-13 08:53:41,183 [INFO] IPUIPlugin:80 - create IPUIPlugin
2026-01-13 08:53:41,184 [INFO] IPUIPlugin:80 - create IPUIPlugin
2026-01-13 08:53:41,184 [INFO] IPUIPlugin:80 - create IPUIPlugin
2026-01-13 08:53:41,184 [INFO] IPUIPlugin:80 - create IPUIPlugin
2026-01-13 08:53:41,185 [INFO] IPUIPlugin:80 - create IPUIPlugin
2026-01-13 08:53:41,185 [INFO] IPUIPlugin:80 - create IPUIPlugin
2026-01-13 08:53:41,185 [INFO] IPUIPlugin:80 - create IPUIPlugin
2026-01-13 08:53:41,185 [INFO] IPUIPlugin:80 - create IPUIPlugin
2026-01-13 08:53:41,186 [INFO] IPUIPlugin:80 - create IPUIPlugin
2026-01-13 08:53:41,186 [INFO] IPUIPlugin:80 - create IPUIPlugin
2026-01-13 08:53:41,186 [INFO] IPUIPlugin:80 - create IPUIPlugin
2026-01-13 08:53:41,186 [INFO] IPUIPlugin:80 - create IPUIPlugin
2026-01-13 08:53:41,187 [INFO] IPUIPlugin:80 - create IPUIPlugin
2026-01-13 08:53:41,187 [INFO] IPUIPlugin:80 - create IPUIPlugin
2026-01-13 08:53:41,201 [INFO] ApiDbMcu:532 - Load IP Config File for PDM2PCM
2026-01-13 08:53:41,279 [WARN] FreeRTOS:1023 - Null or empty value: should not occur! (nothing added to the table)
2026-01-13 08:53:41,282 [WARN] IP:2250 - LWIP_NETIF_HOSTNAME_NAME not found: check if there is a RefParameter without a condition.
2026-01-13 08:53:41,294 [WARN] IP:2250 - LWIP_NETIF_HOSTNAME_NAME not found: check if there is a RefParameter without a condition.
2026-01-13 08:53:41,444 [INFO] CADModel:165 - CPN selected for project levelSTM32F767ZIT6
2026-01-13 08:53:41,444 [INFO] CADModel:114 - Register for checkConnection events
2026-01-13 08:53:41,447 [INFO] RtosManager:728 - Active RTOS found at IOC load: FREERTOS [Cortex-M7NS]
2026-01-13 08:53:41,539 [INFO] OpenFileManager:386 - Restore cursor
2026-01-13 08:53:41,838 [WARN] IP:2250 - LWIP_NETIF_HOSTNAME_NAME not found: check if there is a RefParameter without a condition.
2026-01-13 08:53:41,877 [WARN] IP:2250 - LWIP_NETIF_HOSTNAME_NAME not found: check if there is a RefParameter without a condition.
2026-01-13 08:53:41,969 [WARN] IP:2250 - Warning not found: check if there is a RefParameter without a condition.
2026-01-13 08:53:41,969 [WARN] IP:2250 - RxBufferAddress not found: check if there is a RefParameter without a condition.
2026-01-13 08:53:41,969 [WARN] IP:2250 - DESC_SIZE_UNIT not found: check if there is a RefParameter without a condition.
2026-01-13 08:53:41,970 [WARN] IP:2250 - Warning not found: check if there is a RefParameter without a condition.
2026-01-13 08:53:41,970 [WARN] IP:2250 - RxBufferAddress not found: check if there is a RefParameter without a condition.
2026-01-13 08:53:41,970 [WARN] IP:2250 - DESC_SIZE_UNIT not found: check if there is a RefParameter without a condition.
2026-01-13 08:53:43,398 [INFO] UtilMem:75 - End SaveConfig() Used Memory: 914570816 Bytes (1073741824)
2026-01-13 08:53:43,570 [INFO] UtilMem:75 - End SaveConfig() Used Memory: 948641056 Bytes (1073741824)
2026-01-13 08:53:43,938 [INFO] BlockDiagram:2775 - set Specific Code input for plugin: FREERTOS
2026-01-13 08:53:43,938 [INFO] BlockDiagram:2775 - set Specific Code input for plugin: SYS
2026-01-13 08:53:43,938 [INFO] BlockDiagram:2775 - set Specific Code input for plugin: RCC
2026-01-13 08:53:43,938 [INFO] BlockDiagram:2775 - set Specific Code input for plugin: NVIC
2026-01-13 08:53:43,938 [INFO] BlockDiagram:2775 - set Specific Code input for plugin: LWIP
2026-01-13 08:53:43,938 [INFO] BlockDiagram:2775 - set Specific Code input for plugin: USART
2026-01-13 08:53:43,938 [INFO] BlockDiagram:2775 - set Specific Code input for plugin: CORTEX_M7
2026-01-13 08:53:43,938 [INFO] BlockDiagram:2775 - set Specific Code input for plugin: GPIO
2026-01-13 08:53:43,938 [INFO] BlockDiagram:2775 - set Specific Code input for plugin: ETH
2026-01-13 08:53:43,939 [INFO] CodeGenerator:892 - code generatio: config db path: C:/Users/Chinnapop/.stm32cubemx/databases/DB.6.0.141/db/
2026-01-13 08:53:43,952 [WARN] IP:2250 - Warning not found: check if there is a RefParameter without a condition.
2026-01-13 08:53:43,952 [WARN] IP:2250 - RxBufferAddress not found: check if there is a RefParameter without a condition.
2026-01-13 08:53:43,952 [WARN] IP:2250 - DESC_SIZE_UNIT not found: check if there is a RefParameter without a condition.
2026-01-13 08:53:43,961 [WARN] IP:2250 - LWIP_NETIF_HOSTNAME_NAME not found: check if there is a RefParameter without a condition.
2026-01-13 08:53:44,088 [INFO] CodeEngine:265 - oldGeneratedFile, C:\Users\Chinnapop\STM32CubeIDE\workspace\CKB-LwIP-FreeRTOS-UDP-Echo-Server\MXTmpFiles\license.tmp_save
2026-01-13 08:53:44,391 [INFO] CodeEngine:289 - Generated code: C:\Users\Chinnapop\STM32CubeIDE\workspace\CKB-LwIP-FreeRTOS-UDP-Echo-Server\MXTmpFiles\license.tmp
2026-01-13 08:53:44,533 [INFO] CodeEngine:265 - oldGeneratedFile, C:\Users\Chinnapop\STM32CubeIDE\workspace\CKB-LwIP-FreeRTOS-UDP-Echo-Server\Core\Src\gpio.c_save
2026-01-13 08:53:44,717 [INFO] CodeEngine:289 - Generated code: C:\Users\Chinnapop\STM32CubeIDE\workspace\CKB-LwIP-FreeRTOS-UDP-Echo-Server\Core\Src\gpio.c
2026-01-13 08:53:44,737 [INFO] CodeEngine:265 - oldGeneratedFile, C:\Users\Chinnapop\STM32CubeIDE\workspace\CKB-LwIP-FreeRTOS-UDP-Echo-Server\Core\Inc\gpio.h_save
2026-01-13 08:53:44,840 [INFO] CodeEngine:289 - Generated code: C:\Users\Chinnapop\STM32CubeIDE\workspace\CKB-LwIP-FreeRTOS-UDP-Echo-Server\Core\Inc\gpio.h
2026-01-13 08:53:44,992 [INFO] CodeEngine:265 - oldGeneratedFile, C:\Users\Chinnapop\STM32CubeIDE\workspace\CKB-LwIP-FreeRTOS-UDP-Echo-Server\MXTmpFiles\eth_vars.tmp_save
2026-01-13 08:53:45,128 [INFO] CodeEngine:289 - Generated code: C:\Users\Chinnapop\STM32CubeIDE\workspace\CKB-LwIP-FreeRTOS-UDP-Echo-Server\MXTmpFiles\eth_vars.tmp
2026-01-13 08:53:45,135 [INFO] CodeEngine:265 - oldGeneratedFile, C:\Users\Chinnapop\STM32CubeIDE\workspace\CKB-LwIP-FreeRTOS-UDP-Echo-Server\MXTmpFiles\eth_inc.tmp_save
2026-01-13 08:53:45,196 [INFO] CodeEngine:289 - Generated code: C:\Users\Chinnapop\STM32CubeIDE\workspace\CKB-LwIP-FreeRTOS-UDP-Echo-Server\MXTmpFiles\eth_inc.tmp
2026-01-13 08:53:45,205 [INFO] CodeEngine:265 - oldGeneratedFile, C:\Users\Chinnapop\STM32CubeIDE\workspace\CKB-LwIP-FreeRTOS-UDP-Echo-Server\MXTmpFiles\eth_HalInit.tmp_save
2026-01-13 08:53:45,322 [INFO] CodeEngine:289 - Generated code: C:\Users\Chinnapop\STM32CubeIDE\workspace\CKB-LwIP-FreeRTOS-UDP-Echo-Server\MXTmpFiles\eth_HalInit.tmp
2026-01-13 08:53:45,328 [INFO] CodeEngine:265 - oldGeneratedFile, C:\Users\Chinnapop\STM32CubeIDE\workspace\CKB-LwIP-FreeRTOS-UDP-Echo-Server\MXTmpFiles\eth_Msp.tmp_save
2026-01-13 08:53:45,485 [INFO] CodeEngine:289 - Generated code: C:\Users\Chinnapop\STM32CubeIDE\workspace\CKB-LwIP-FreeRTOS-UDP-Echo-Server\MXTmpFiles\eth_Msp.tmp
2026-01-13 08:53:45,915 [INFO] Middleware:1452 - No code input for Bsp Dependency
2026-01-13 08:53:45,929 [INFO] CodeEngine:265 - oldGeneratedFile, C:\Users\Chinnapop\STM32CubeIDE\workspace\CKB-LwIP-FreeRTOS-UDP-Echo-Server\MXTmpFiles\rtos_inc.tmp_save
2026-01-13 08:53:46,100 [INFO] CodeEngine:289 - Generated code: C:\Users\Chinnapop\STM32CubeIDE\workspace\CKB-LwIP-FreeRTOS-UDP-Echo-Server\MXTmpFiles\rtos_inc.tmp
2026-01-13 08:53:46,124 [INFO] CodeEngine:265 - oldGeneratedFile, C:\Users\Chinnapop\STM32CubeIDE\workspace\CKB-LwIP-FreeRTOS-UDP-Echo-Server\MXTmpFiles\rtos_vars.tmp_save
2026-01-13 08:53:46,227 [INFO] CodeEngine:289 - Generated code: C:\Users\Chinnapop\STM32CubeIDE\workspace\CKB-LwIP-FreeRTOS-UDP-Echo-Server\MXTmpFiles\rtos_vars.tmp
2026-01-13 08:53:46,244 [INFO] CodeEngine:265 - oldGeneratedFile, C:\Users\Chinnapop\STM32CubeIDE\workspace\CKB-LwIP-FreeRTOS-UDP-Echo-Server\MXTmpFiles\rtos_pfp.tmp_save
2026-01-13 08:53:46,323 [INFO] CodeEngine:289 - Generated code: C:\Users\Chinnapop\STM32CubeIDE\workspace\CKB-LwIP-FreeRTOS-UDP-Echo-Server\MXTmpFiles\rtos_pfp.tmp
2026-01-13 08:53:46,337 [INFO] CodeEngine:265 - oldGeneratedFile, C:\Users\Chinnapop\STM32CubeIDE\workspace\CKB-LwIP-FreeRTOS-UDP-Echo-Server\MXTmpFiles\rtos_obj_creat.tmp_save
2026-01-13 08:53:46,421 [INFO] CodeEngine:289 - Generated code: C:\Users\Chinnapop\STM32CubeIDE\workspace\CKB-LwIP-FreeRTOS-UDP-Echo-Server\MXTmpFiles\rtos_obj_creat.tmp
2026-01-13 08:53:46,439 [INFO] CodeEngine:265 - oldGeneratedFile, C:\Users\Chinnapop\STM32CubeIDE\workspace\CKB-LwIP-FreeRTOS-UDP-Echo-Server\MXTmpFiles\rtos_kernelStart.tmp_save
2026-01-13 08:53:46,522 [INFO] CodeEngine:289 - Generated code: C:\Users\Chinnapop\STM32CubeIDE\workspace\CKB-LwIP-FreeRTOS-UDP-Echo-Server\MXTmpFiles\rtos_kernelStart.tmp
2026-01-13 08:53:46,539 [INFO] CodeEngine:265 - oldGeneratedFile, C:\Users\Chinnapop\STM32CubeIDE\workspace\CKB-LwIP-FreeRTOS-UDP-Echo-Server\MXTmpFiles\rtos_default_thread.tmp_save
2026-01-13 08:53:46,618 [INFO] CodeEngine:289 - Generated code: C:\Users\Chinnapop\STM32CubeIDE\workspace\CKB-LwIP-FreeRTOS-UDP-Echo-Server\MXTmpFiles\rtos_default_thread.tmp
2026-01-13 08:53:46,636 [INFO] CodeEngine:265 - oldGeneratedFile, C:\Users\Chinnapop\STM32CubeIDE\workspace\CKB-LwIP-FreeRTOS-UDP-Echo-Server\MXTmpFiles\rtos_threads.tmp_save
2026-01-13 08:53:46,708 [INFO] CodeEngine:289 - Generated code: C:\Users\Chinnapop\STM32CubeIDE\workspace\CKB-LwIP-FreeRTOS-UDP-Echo-Server\MXTmpFiles\rtos_threads.tmp
2026-01-13 08:53:46,722 [INFO] Middleware:1452 - No code input for Bsp Dependency
2026-01-13 08:53:46,746 [INFO] Middleware:1452 - No code input for Bsp Dependency
2026-01-13 08:53:46,756 [INFO] CodeEngine:265 - oldGeneratedFile, C:\Users\Chinnapop\STM32CubeIDE\workspace\CKB-LwIP-FreeRTOS-UDP-Echo-Server\MXTmpFiles\rtos_inc.tmp_save
2026-01-13 08:53:46,872 [INFO] CodeEngine:289 - Generated code: C:\Users\Chinnapop\STM32CubeIDE\workspace\CKB-LwIP-FreeRTOS-UDP-Echo-Server\MXTmpFiles\rtos_inc.tmp
2026-01-13 08:53:46,879 [INFO] CodeEngine:265 - oldGeneratedFile, C:\Users\Chinnapop\STM32CubeIDE\workspace\CKB-LwIP-FreeRTOS-UDP-Echo-Server\MXTmpFiles\rtos_vars.tmp_save
2026-01-13 08:53:46,958 [INFO] CodeEngine:289 - Generated code: C:\Users\Chinnapop\STM32CubeIDE\workspace\CKB-LwIP-FreeRTOS-UDP-Echo-Server\MXTmpFiles\rtos_vars.tmp
2026-01-13 08:53:46,966 [INFO] CodeEngine:265 - oldGeneratedFile, C:\Users\Chinnapop\STM32CubeIDE\workspace\CKB-LwIP-FreeRTOS-UDP-Echo-Server\MXTmpFiles\rtos_pfp.tmp_save
2026-01-13 08:53:47,030 [INFO] CodeEngine:289 - Generated code: C:\Users\Chinnapop\STM32CubeIDE\workspace\CKB-LwIP-FreeRTOS-UDP-Echo-Server\MXTmpFiles\rtos_pfp.tmp
2026-01-13 08:53:47,039 [INFO] CodeEngine:265 - oldGeneratedFile, C:\Users\Chinnapop\STM32CubeIDE\workspace\CKB-LwIP-FreeRTOS-UDP-Echo-Server\MXTmpFiles\rtos_obj_creat.tmp_save
2026-01-13 08:53:47,113 [INFO] CodeEngine:289 - Generated code: C:\Users\Chinnapop\STM32CubeIDE\workspace\CKB-LwIP-FreeRTOS-UDP-Echo-Server\MXTmpFiles\rtos_obj_creat.tmp
2026-01-13 08:53:47,120 [INFO] CodeEngine:265 - oldGeneratedFile, C:\Users\Chinnapop\STM32CubeIDE\workspace\CKB-LwIP-FreeRTOS-UDP-Echo-Server\MXTmpFiles\rtos_kernelStart.tmp_save
2026-01-13 08:53:47,177 [INFO] CodeEngine:289 - Generated code: C:\Users\Chinnapop\STM32CubeIDE\workspace\CKB-LwIP-FreeRTOS-UDP-Echo-Server\MXTmpFiles\rtos_kernelStart.tmp
2026-01-13 08:53:47,185 [INFO] CodeEngine:265 - oldGeneratedFile, C:\Users\Chinnapop\STM32CubeIDE\workspace\CKB-LwIP-FreeRTOS-UDP-Echo-Server\MXTmpFiles\rtos_default_thread.tmp_save
2026-01-13 08:53:47,253 [INFO] CodeEngine:289 - Generated code: C:\Users\Chinnapop\STM32CubeIDE\workspace\CKB-LwIP-FreeRTOS-UDP-Echo-Server\MXTmpFiles\rtos_default_thread.tmp
2026-01-13 08:53:47,261 [INFO] CodeEngine:265 - oldGeneratedFile, C:\Users\Chinnapop\STM32CubeIDE\workspace\CKB-LwIP-FreeRTOS-UDP-Echo-Server\MXTmpFiles\rtos_threads.tmp_save
2026-01-13 08:53:47,331 [INFO] CodeEngine:289 - Generated code: C:\Users\Chinnapop\STM32CubeIDE\workspace\CKB-LwIP-FreeRTOS-UDP-Echo-Server\MXTmpFiles\rtos_threads.tmp
2026-01-13 08:53:47,338 [INFO] CodeEngine:265 - oldGeneratedFile, C:\Users\Chinnapop\STM32CubeIDE\workspace\CKB-LwIP-FreeRTOS-UDP-Echo-Server\Core\Inc\FreeRTOSConfig.h_save
2026-01-13 08:53:47,464 [INFO] CodeEngine:289 - Generated code: C:\Users\Chinnapop\STM32CubeIDE\workspace\CKB-LwIP-FreeRTOS-UDP-Echo-Server\Core\Inc\FreeRTOSConfig.h
2026-01-13 08:53:47,480 [INFO] CodeEngine:265 - oldGeneratedFile, C:\Users\Chinnapop\STM32CubeIDE\workspace\CKB-LwIP-FreeRTOS-UDP-Echo-Server\Core\Src\freertos.c_save
2026-01-13 08:53:47,579 [INFO] CodeEngine:289 - Generated code: C:\Users\Chinnapop\STM32CubeIDE\workspace\CKB-LwIP-FreeRTOS-UDP-Echo-Server\Core\Src\freertos.c
2026-01-13 08:53:47,600 [INFO] CodeEngine:265 - oldGeneratedFile, C:\Users\Chinnapop\STM32CubeIDE\workspace\CKB-LwIP-FreeRTOS-UDP-Echo-Server\MXTmpFiles\cortex.tmp_save
2026-01-13 08:53:47,717 [INFO] CodeEngine:289 - Generated code: C:\Users\Chinnapop\STM32CubeIDE\workspace\CKB-LwIP-FreeRTOS-UDP-Echo-Server\MXTmpFiles\cortex.tmp
2026-01-13 08:53:47,734 [INFO] Middleware:1452 - No code input for Bsp Dependency
2026-01-13 08:53:47,751 [INFO] CodeEngine:265 - oldGeneratedFile, C:\Users\Chinnapop\STM32CubeIDE\workspace\CKB-LwIP-FreeRTOS-UDP-Echo-Server\LWIP\App\lwip.c_save
2026-01-13 08:53:47,888 [INFO] CodeEngine:289 - Generated code: C:\Users\Chinnapop\STM32CubeIDE\workspace\CKB-LwIP-FreeRTOS-UDP-Echo-Server\LWIP\App\lwip.c
2026-01-13 08:53:47,901 [INFO] CodeEngine:265 - oldGeneratedFile, C:\Users\Chinnapop\STM32CubeIDE\workspace\CKB-LwIP-FreeRTOS-UDP-Echo-Server\LWIP\App\lwip.h_save
2026-01-13 08:53:47,990 [INFO] CodeEngine:289 - Generated code: C:\Users\Chinnapop\STM32CubeIDE\workspace\CKB-LwIP-FreeRTOS-UDP-Echo-Server\LWIP\App\lwip.h
2026-01-13 08:53:47,999 [INFO] CodeEngine:265 - oldGeneratedFile, C:\Users\Chinnapop\STM32CubeIDE\workspace\CKB-LwIP-FreeRTOS-UDP-Echo-Server\LWIP\Target\lwipopts.h_save
2026-01-13 08:53:48,237 [INFO] CodeEngine:289 - Generated code: C:\Users\Chinnapop\STM32CubeIDE\workspace\CKB-LwIP-FreeRTOS-UDP-Echo-Server\LWIP\Target\lwipopts.h
2026-01-13 08:53:48,263 [INFO] CodeEngine:265 - oldGeneratedFile, C:\Users\Chinnapop\STM32CubeIDE\workspace\CKB-LwIP-FreeRTOS-UDP-Echo-Server\LWIP\Target\ethernetif.c_save
2026-01-13 08:53:48,359 [INFO] CodeEngine:289 - Generated code: C:\Users\Chinnapop\STM32CubeIDE\workspace\CKB-LwIP-FreeRTOS-UDP-Echo-Server\LWIP\Target\ethernetif.c
2026-01-13 08:53:48,376 [INFO] CodeEngine:265 - oldGeneratedFile, C:\Users\Chinnapop\STM32CubeIDE\workspace\CKB-LwIP-FreeRTOS-UDP-Echo-Server\LWIP\Target\ethernetif.h_save
2026-01-13 08:53:48,450 [INFO] CodeEngine:289 - Generated code: C:\Users\Chinnapop\STM32CubeIDE\workspace\CKB-LwIP-FreeRTOS-UDP-Echo-Server\LWIP\Target\ethernetif.h
2026-01-13 08:53:48,472 [INFO] CodeEngine:265 - oldGeneratedFile, C:\Users\Chinnapop\STM32CubeIDE\workspace\CKB-LwIP-FreeRTOS-UDP-Echo-Server\Core\Src\usart.c_save
2026-01-13 08:53:48,696 [INFO] CodeEngine:289 - Generated code: C:\Users\Chinnapop\STM32CubeIDE\workspace\CKB-LwIP-FreeRTOS-UDP-Echo-Server\Core\Src\usart.c
2026-01-13 08:53:48,716 [INFO] CodeEngine:265 - oldGeneratedFile, C:\Users\Chinnapop\STM32CubeIDE\workspace\CKB-LwIP-FreeRTOS-UDP-Echo-Server\Core\Inc\usart.h_save
2026-01-13 08:53:48,822 [INFO] CodeEngine:289 - Generated code: C:\Users\Chinnapop\STM32CubeIDE\workspace\CKB-LwIP-FreeRTOS-UDP-Echo-Server\Core\Inc\usart.h
2026-01-13 08:53:48,864 [INFO] CodeEngine:265 - oldGeneratedFile, C:\Users\Chinnapop\STM32CubeIDE\workspace\CKB-LwIP-FreeRTOS-UDP-Echo-Server\Core\Src\stm32f7xx_it.c_save
2026-01-13 08:53:49,114 [INFO] CodeEngine:289 - Generated code: C:\Users\Chinnapop\STM32CubeIDE\workspace\CKB-LwIP-FreeRTOS-UDP-Echo-Server\Core\Src\stm32f7xx_it.c
2026-01-13 08:53:49,140 [INFO] CodeEngine:265 - oldGeneratedFile, C:\Users\Chinnapop\STM32CubeIDE\workspace\CKB-LwIP-FreeRTOS-UDP-Echo-Server\Core\Inc\stm32f7xx_it.h_save
2026-01-13 08:53:49,217 [INFO] CodeEngine:289 - Generated code: C:\Users\Chinnapop\STM32CubeIDE\workspace\CKB-LwIP-FreeRTOS-UDP-Echo-Server\Core\Inc\stm32f7xx_it.h
2026-01-13 08:53:49,255 [INFO] CodeEngine:265 - oldGeneratedFile, C:\Users\Chinnapop\STM32CubeIDE\workspace\CKB-LwIP-FreeRTOS-UDP-Echo-Server\Core\Src\stm32f7xx_hal_msp.c_save
2026-01-13 08:53:49,424 [INFO] CodeEngine:289 - Generated code: C:\Users\Chinnapop\STM32CubeIDE\workspace\CKB-LwIP-FreeRTOS-UDP-Echo-Server\Core\Src\stm32f7xx_hal_msp.c
2026-01-13 08:53:49,443 [INFO] CodeEngine:265 - oldGeneratedFile, C:\Users\Chinnapop\STM32CubeIDE\workspace\CKB-LwIP-FreeRTOS-UDP-Echo-Server\MXTmpFiles\system.tmp_save
2026-01-13 08:53:49,505 [INFO] CodeEngine:289 - Generated code: C:\Users\Chinnapop\STM32CubeIDE\workspace\CKB-LwIP-FreeRTOS-UDP-Echo-Server\MXTmpFiles\system.tmp
2026-01-13 08:53:49,520 [INFO] CodeEngine:265 - oldGeneratedFile, C:\Users\Chinnapop\STM32CubeIDE\workspace\CKB-LwIP-FreeRTOS-UDP-Echo-Server\Core\Src\stm32f7xx_hal_timebase_tim.c_save
2026-01-13 08:53:49,609 [INFO] CodeEngine:289 - Generated code: C:\Users\Chinnapop\STM32CubeIDE\workspace\CKB-LwIP-FreeRTOS-UDP-Echo-Server\Core\Src\stm32f7xx_hal_timebase_tim.c
2026-01-13 08:53:49,638 [INFO] CodeEngine:321 - oldGeneratedFile, C:\Users\Chinnapop\STM32CubeIDE\workspace\CKB-LwIP-FreeRTOS-UDP-Echo-Server\Core\Inc\stm32f7xx_hal_conf.h_save
2026-01-13 08:53:49,788 [INFO] CodeEngine:345 - Generated code: C:\Users\Chinnapop\STM32CubeIDE\workspace\CKB-LwIP-FreeRTOS-UDP-Echo-Server\Core\Inc\stm32f7xx_hal_conf.h
2026-01-13 08:53:49,854 [INFO] ApiDbMcu:532 - Load IP Config File for USART3
2026-01-13 08:53:49,859 [INFO] ApiDbMcu:532 - Load IP Config File for RCC
2026-01-13 08:53:49,877 [INFO] CodeEngine:265 - oldGeneratedFile, C:\Users\Chinnapop\STM32CubeIDE\workspace\CKB-LwIP-FreeRTOS-UDP-Echo-Server\Core\Inc\main.h_save
2026-01-13 08:53:50,023 [INFO] CodeEngine:289 - Generated code: C:\Users\Chinnapop\STM32CubeIDE\workspace\CKB-LwIP-FreeRTOS-UDP-Echo-Server\Core\Inc\main.h
2026-01-13 08:53:50,039 [INFO] CodeEngine:265 - oldGeneratedFile, C:\Users\Chinnapop\STM32CubeIDE\workspace\CKB-LwIP-FreeRTOS-UDP-Echo-Server\Core\Src\main.c_save
2026-01-13 08:53:50,163 [INFO] CodeEngine:289 - Generated code: C:\Users\Chinnapop\STM32CubeIDE\workspace\CKB-LwIP-FreeRTOS-UDP-Echo-Server\Core\Src\main.c
2026-01-13 08:53:51,157 [INFO] ProjectBuilder:3606 - Time for Copy HAL[1] : 747mS.
2026-01-13 08:53:51,172 [INFO] ProjectBuilder:5216 - Project Generator version: 4.7.0-B52
2026-01-13 08:53:51,240 [INFO] ConfigFileManager:1595 - The Die is : DIE451
2026-01-13 08:53:51,261 [INFO] ApiDbMcu:532 - Load IP Config File for FATFS
2026-01-13 08:53:51,277 [INFO] ApiDbMcu:532 - Load IP Config File for LIBJPEG
2026-01-13 08:53:51,300 [INFO] ApiDbMcu:532 - Load IP Config File for MBEDTLS
2026-01-13 08:53:51,325 [INFO] ApiDbMcu:532 - Load IP Config File for USB_DEVICE
2026-01-13 08:53:51,343 [INFO] ApiDbMcu:532 - Load IP Config File for USB_HOST
2026-01-13 08:53:55,852 [INFO] ProjectBuilder:5496 - Time for Generating toolchain IDE Files: 4680mS.
2026-01-13 08:53:55,853 [INFO] ProjectBuilder:3463 - Time for Copy CMSIS : 1mS.
2026-01-13 08:53:55,864 [INFO] ProjectBuilder:3463 - Time for Copy CMSIS : 0mS.
2026-01-13 08:53:56,513 [INFO] McuFinderGlobals:76 - Set McuFinderConnectedMode to true
2026-01-13 08:53:56,520 [INFO] ApiDb:448 - Save user favorites file C:\Users\Chinnapop/.stm32cubeide/favorites.mcus.txt: 0 item(s)
2026-01-13 08:53:56,521 [INFO] ApiDb:452 - User favorites MCUs=[]
2026-01-13 08:54:17,877 [WARN] IP:2250 - Warning not found: check if there is a RefParameter without a condition.
2026-01-13 08:54:17,878 [WARN] IP:2250 - RxBufferAddress not found: check if there is a RefParameter without a condition.
2026-01-13 08:54:17,878 [WARN] IP:2250 - DESC_SIZE_UNIT not found: check if there is a RefParameter without a condition.
2026-01-13 08:54:23,976 [INFO] NvicIntPanel:101 - NVIC parent = com.st.microxplorer.plugins.ip.nvic.MultiNvicIntPanel[,0,0,450x233,layout=javax.swing.BoxLayout,alignmentX=0.0,alignmentY=0.0,border=,flags=9,maximumSize=,minimumSize=,preferredSize=]
2026-01-13 08:54:31,178 [INFO] NvicIntPanel:101 - NVIC parent = com.st.microxplorer.plugins.ip.nvic.MultiNvicIntPanel[,0,0,450x233,layout=javax.swing.BoxLayout,alignmentX=0.0,alignmentY=0.0,border=,flags=9,maximumSize=,minimumSize=,preferredSize=]
2026-01-13 08:54:49,470 [WARN] IP:2250 - Warning not found: check if there is a RefParameter without a condition.
2026-01-13 08:54:49,470 [WARN] IP:2250 - RxBufferAddress not found: check if there is a RefParameter without a condition.
2026-01-13 08:54:49,470 [WARN] IP:2250 - DESC_SIZE_UNIT not found: check if there is a RefParameter without a condition.
2026-01-13 08:54:49,490 [INFO] NvicIntPanel:101 - NVIC parent = com.st.microxplorer.plugins.ip.nvic.MultiNvicIntPanel[,0,0,0x0,invalid,layout=javax.swing.BoxLayout,alignmentX=0.0,alignmentY=0.0,border=,flags=9,maximumSize=,minimumSize=,preferredSize=]
2026-01-13 08:54:50,579 [WARN] IP:2250 - Warning not found: check if there is a RefParameter without a condition.
2026-01-13 08:54:50,579 [WARN] IP:2250 - RxBufferAddress not found: check if there is a RefParameter without a condition.
2026-01-13 08:54:50,579 [WARN] IP:2250 - DESC_SIZE_UNIT not found: check if there is a RefParameter without a condition.
2026-01-13 08:54:58,091 [WARN] IP:2250 - LWIP_NETIF_HOSTNAME_NAME not found: check if there is a RefParameter without a condition.
2026-01-13 08:55:20,200 [INFO] UtilMem:75 - End SaveConfig() Used Memory: 947604200 Bytes (1073741824)
2026-01-13 08:55:20,557 [INFO] BlockDiagram:2775 - set Specific Code input for plugin: FREERTOS
2026-01-13 08:55:20,557 [INFO] BlockDiagram:2775 - set Specific Code input for plugin: SYS
2026-01-13 08:55:20,557 [INFO] BlockDiagram:2775 - set Specific Code input for plugin: RCC
2026-01-13 08:55:20,557 [INFO] BlockDiagram:2775 - set Specific Code input for plugin: NVIC
2026-01-13 08:55:20,557 [INFO] BlockDiagram:2775 - set Specific Code input for plugin: LWIP
2026-01-13 08:55:20,557 [INFO] BlockDiagram:2775 - set Specific Code input for plugin: USART
2026-01-13 08:55:20,557 [INFO] BlockDiagram:2775 - set Specific Code input for plugin: CORTEX_M7
2026-01-13 08:55:20,558 [INFO] BlockDiagram:2775 - set Specific Code input for plugin: GPIO
2026-01-13 08:55:20,558 [INFO] BlockDiagram:2775 - set Specific Code input for plugin: ETH
2026-01-13 08:55:20,560 [INFO] CodeGenerator:892 - code generatio: config db path: C:/Users/Chinnapop/.stm32cubemx/databases/DB.6.0.141/db/
2026-01-13 08:55:20,571 [WARN] IP:2250 - Warning not found: check if there is a RefParameter without a condition.
2026-01-13 08:55:20,571 [WARN] IP:2250 - RxBufferAddress not found: check if there is a RefParameter without a condition.
2026-01-13 08:55:20,571 [WARN] IP:2250 - DESC_SIZE_UNIT not found: check if there is a RefParameter without a condition.
2026-01-13 08:55:20,584 [WARN] IP:2250 - LWIP_NETIF_HOSTNAME_NAME not found: check if there is a RefParameter without a condition.
2026-01-13 08:55:20,753 [INFO] CodeEngine:265 - oldGeneratedFile, C:\Users\Chinnapop\STM32CubeIDE\workspace\CKB-LwIP-FreeRTOS-UDP-Echo-Server\MXTmpFiles\license.tmp_save
2026-01-13 08:55:20,882 [INFO] CodeEngine:289 - Generated code: C:\Users\Chinnapop\STM32CubeIDE\workspace\CKB-LwIP-FreeRTOS-UDP-Echo-Server\MXTmpFiles\license.tmp
2026-01-13 08:55:20,913 [INFO] CodeEngine:265 - oldGeneratedFile, C:\Users\Chinnapop\STM32CubeIDE\workspace\CKB-LwIP-FreeRTOS-UDP-Echo-Server\Core\Src\gpio.c_save
2026-01-13 08:55:21,052 [INFO] CodeEngine:289 - Generated code: C:\Users\Chinnapop\STM32CubeIDE\workspace\CKB-LwIP-FreeRTOS-UDP-Echo-Server\Core\Src\gpio.c
2026-01-13 08:55:21,060 [INFO] CodeEngine:265 - oldGeneratedFile, C:\Users\Chinnapop\STM32CubeIDE\workspace\CKB-LwIP-FreeRTOS-UDP-Echo-Server\Core\Inc\gpio.h_save
2026-01-13 08:55:21,121 [INFO] CodeEngine:289 - Generated code: C:\Users\Chinnapop\STM32CubeIDE\workspace\CKB-LwIP-FreeRTOS-UDP-Echo-Server\Core\Inc\gpio.h
2026-01-13 08:55:21,178 [INFO] CodeEngine:265 - oldGeneratedFile, C:\Users\Chinnapop\STM32CubeIDE\workspace\CKB-LwIP-FreeRTOS-UDP-Echo-Server\MXTmpFiles\eth_vars.tmp_save
2026-01-13 08:55:21,290 [INFO] CodeEngine:289 - Generated code: C:\Users\Chinnapop\STM32CubeIDE\workspace\CKB-LwIP-FreeRTOS-UDP-Echo-Server\MXTmpFiles\eth_vars.tmp
2026-01-13 08:55:21,296 [INFO] CodeEngine:265 - oldGeneratedFile, C:\Users\Chinnapop\STM32CubeIDE\workspace\CKB-LwIP-FreeRTOS-UDP-Echo-Server\MXTmpFiles\eth_inc.tmp_save
2026-01-13 08:55:21,349 [INFO] CodeEngine:289 - Generated code: C:\Users\Chinnapop\STM32CubeIDE\workspace\CKB-LwIP-FreeRTOS-UDP-Echo-Server\MXTmpFiles\eth_inc.tmp
2026-01-13 08:55:21,354 [INFO] CodeEngine:265 - oldGeneratedFile, C:\Users\Chinnapop\STM32CubeIDE\workspace\CKB-LwIP-FreeRTOS-UDP-Echo-Server\MXTmpFiles\eth_HalInit.tmp_save
2026-01-13 08:55:21,431 [INFO] CodeEngine:289 - Generated code: C:\Users\Chinnapop\STM32CubeIDE\workspace\CKB-LwIP-FreeRTOS-UDP-Echo-Server\MXTmpFiles\eth_HalInit.tmp
2026-01-13 08:55:21,435 [INFO] CodeEngine:265 - oldGeneratedFile, C:\Users\Chinnapop\STM32CubeIDE\workspace\CKB-LwIP-FreeRTOS-UDP-Echo-Server\MXTmpFiles\eth_Msp.tmp_save
2026-01-13 08:55:21,506 [INFO] CodeEngine:289 - Generated code: C:\Users\Chinnapop\STM32CubeIDE\workspace\CKB-LwIP-FreeRTOS-UDP-Echo-Server\MXTmpFiles\eth_Msp.tmp
2026-01-13 08:55:21,634 [INFO] Middleware:1452 - No code input for Bsp Dependency
2026-01-13 08:55:21,641 [INFO] CodeEngine:265 - oldGeneratedFile, C:\Users\Chinnapop\STM32CubeIDE\workspace\CKB-LwIP-FreeRTOS-UDP-Echo-Server\MXTmpFiles\rtos_inc.tmp_save
2026-01-13 08:55:21,741 [INFO] CodeEngine:289 - Generated code: C:\Users\Chinnapop\STM32CubeIDE\workspace\CKB-LwIP-FreeRTOS-UDP-Echo-Server\MXTmpFiles\rtos_inc.tmp
2026-01-13 08:55:21,750 [INFO] CodeEngine:265 - oldGeneratedFile, C:\Users\Chinnapop\STM32CubeIDE\workspace\CKB-LwIP-FreeRTOS-UDP-Echo-Server\MXTmpFiles\rtos_vars.tmp_save
2026-01-13 08:55:21,845 [INFO] CodeEngine:289 - Generated code: C:\Users\Chinnapop\STM32CubeIDE\workspace\CKB-LwIP-FreeRTOS-UDP-Echo-Server\MXTmpFiles\rtos_vars.tmp
2026-01-13 08:55:21,852 [INFO] CodeEngine:265 - oldGeneratedFile, C:\Users\Chinnapop\STM32CubeIDE\workspace\CKB-LwIP-FreeRTOS-UDP-Echo-Server\MXTmpFiles\rtos_pfp.tmp_save
2026-01-13 08:55:21,931 [INFO] CodeEngine:289 - Generated code: C:\Users\Chinnapop\STM32CubeIDE\workspace\CKB-LwIP-FreeRTOS-UDP-Echo-Server\MXTmpFiles\rtos_pfp.tmp
2026-01-13 08:55:21,940 [INFO] CodeEngine:265 - oldGeneratedFile, C:\Users\Chinnapop\STM32CubeIDE\workspace\CKB-LwIP-FreeRTOS-UDP-Echo-Server\MXTmpFiles\rtos_obj_creat.tmp_save
2026-01-13 08:55:22,032 [INFO] CodeEngine:289 - Generated code: C:\Users\Chinnapop\STM32CubeIDE\workspace\CKB-LwIP-FreeRTOS-UDP-Echo-Server\MXTmpFiles\rtos_obj_creat.tmp
2026-01-13 08:55:22,040 [INFO] CodeEngine:265 - oldGeneratedFile, C:\Users\Chinnapop\STM32CubeIDE\workspace\CKB-LwIP-FreeRTOS-UDP-Echo-Server\MXTmpFiles\rtos_kernelStart.tmp_save
2026-01-13 08:55:22,109 [INFO] CodeEngine:289 - Generated code: C:\Users\Chinnapop\STM32CubeIDE\workspace\CKB-LwIP-FreeRTOS-UDP-Echo-Server\MXTmpFiles\rtos_kernelStart.tmp
2026-01-13 08:55:22,114 [INFO] CodeEngine:265 - oldGeneratedFile, C:\Users\Chinnapop\STM32CubeIDE\workspace\CKB-LwIP-FreeRTOS-UDP-Echo-Server\MXTmpFiles\rtos_default_thread.tmp_save
2026-01-13 08:55:22,168 [INFO] CodeEngine:289 - Generated code: C:\Users\Chinnapop\STM32CubeIDE\workspace\CKB-LwIP-FreeRTOS-UDP-Echo-Server\MXTmpFiles\rtos_default_thread.tmp
2026-01-13 08:55:22,173 [INFO] CodeEngine:265 - oldGeneratedFile, C:\Users\Chinnapop\STM32CubeIDE\workspace\CKB-LwIP-FreeRTOS-UDP-Echo-Server\MXTmpFiles\rtos_threads.tmp_save
2026-01-13 08:55:22,235 [INFO] CodeEngine:289 - Generated code: C:\Users\Chinnapop\STM32CubeIDE\workspace\CKB-LwIP-FreeRTOS-UDP-Echo-Server\MXTmpFiles\rtos_threads.tmp
2026-01-13 08:55:22,244 [INFO] Middleware:1452 - No code input for Bsp Dependency
2026-01-13 08:55:22,265 [INFO] Middleware:1452 - No code input for Bsp Dependency
2026-01-13 08:55:22,275 [INFO] CodeEngine:265 - oldGeneratedFile, C:\Users\Chinnapop\STM32CubeIDE\workspace\CKB-LwIP-FreeRTOS-UDP-Echo-Server\MXTmpFiles\rtos_inc.tmp_save
2026-01-13 08:55:22,430 [INFO] CodeEngine:289 - Generated code: C:\Users\Chinnapop\STM32CubeIDE\workspace\CKB-LwIP-FreeRTOS-UDP-Echo-Server\MXTmpFiles\rtos_inc.tmp
2026-01-13 08:55:22,441 [INFO] CodeEngine:265 - oldGeneratedFile, C:\Users\Chinnapop\STM32CubeIDE\workspace\CKB-LwIP-FreeRTOS-UDP-Echo-Server\MXTmpFiles\rtos_vars.tmp_save
2026-01-13 08:55:22,505 [INFO] CodeEngine:289 - Generated code: C:\Users\Chinnapop\STM32CubeIDE\workspace\CKB-LwIP-FreeRTOS-UDP-Echo-Server\MXTmpFiles\rtos_vars.tmp
2026-01-13 08:55:22,512 [INFO] CodeEngine:265 - oldGeneratedFile, C:\Users\Chinnapop\STM32CubeIDE\workspace\CKB-LwIP-FreeRTOS-UDP-Echo-Server\MXTmpFiles\rtos_pfp.tmp_save
2026-01-13 08:55:22,584 [INFO] CodeEngine:289 - Generated code: C:\Users\Chinnapop\STM32CubeIDE\workspace\CKB-LwIP-FreeRTOS-UDP-Echo-Server\MXTmpFiles\rtos_pfp.tmp
2026-01-13 08:55:22,589 [INFO] CodeEngine:265 - oldGeneratedFile, C:\Users\Chinnapop\STM32CubeIDE\workspace\CKB-LwIP-FreeRTOS-UDP-Echo-Server\MXTmpFiles\rtos_obj_creat.tmp_save
2026-01-13 08:55:22,651 [INFO] CodeEngine:289 - Generated code: C:\Users\Chinnapop\STM32CubeIDE\workspace\CKB-LwIP-FreeRTOS-UDP-Echo-Server\MXTmpFiles\rtos_obj_creat.tmp
2026-01-13 08:55:22,656 [INFO] CodeEngine:265 - oldGeneratedFile, C:\Users\Chinnapop\STM32CubeIDE\workspace\CKB-LwIP-FreeRTOS-UDP-Echo-Server\MXTmpFiles\rtos_kernelStart.tmp_save
2026-01-13 08:55:22,703 [INFO] CodeEngine:289 - Generated code: C:\Users\Chinnapop\STM32CubeIDE\workspace\CKB-LwIP-FreeRTOS-UDP-Echo-Server\MXTmpFiles\rtos_kernelStart.tmp
2026-01-13 08:55:22,708 [INFO] CodeEngine:265 - oldGeneratedFile, C:\Users\Chinnapop\STM32CubeIDE\workspace\CKB-LwIP-FreeRTOS-UDP-Echo-Server\MXTmpFiles\rtos_default_thread.tmp_save
2026-01-13 08:55:22,770 [INFO] CodeEngine:289 - Generated code: C:\Users\Chinnapop\STM32CubeIDE\workspace\CKB-LwIP-FreeRTOS-UDP-Echo-Server\MXTmpFiles\rtos_default_thread.tmp
2026-01-13 08:55:22,779 [INFO] CodeEngine:265 - oldGeneratedFile, C:\Users\Chinnapop\STM32CubeIDE\workspace\CKB-LwIP-FreeRTOS-UDP-Echo-Server\MXTmpFiles\rtos_threads.tmp_save
2026-01-13 08:55:22,841 [INFO] CodeEngine:289 - Generated code: C:\Users\Chinnapop\STM32CubeIDE\workspace\CKB-LwIP-FreeRTOS-UDP-Echo-Server\MXTmpFiles\rtos_threads.tmp
2026-01-13 08:55:22,850 [INFO] CodeEngine:265 - oldGeneratedFile, C:\Users\Chinnapop\STM32CubeIDE\workspace\CKB-LwIP-FreeRTOS-UDP-Echo-Server\Core\Inc\FreeRTOSConfig.h_save
2026-01-13 08:55:22,976 [INFO] CodeEngine:289 - Generated code: C:\Users\Chinnapop\STM32CubeIDE\workspace\CKB-LwIP-FreeRTOS-UDP-Echo-Server\Core\Inc\FreeRTOSConfig.h
2026-01-13 08:55:22,982 [INFO] CodeEngine:265 - oldGeneratedFile, C:\Users\Chinnapop\STM32CubeIDE\workspace\CKB-LwIP-FreeRTOS-UDP-Echo-Server\Core\Src\freertos.c_save
2026-01-13 08:55:23,083 [INFO] CodeEngine:289 - Generated code: C:\Users\Chinnapop\STM32CubeIDE\workspace\CKB-LwIP-FreeRTOS-UDP-Echo-Server\Core\Src\freertos.c
2026-01-13 08:55:23,099 [INFO] CodeEngine:265 - oldGeneratedFile, C:\Users\Chinnapop\STM32CubeIDE\workspace\CKB-LwIP-FreeRTOS-UDP-Echo-Server\MXTmpFiles\cortex.tmp_save
2026-01-13 08:55:23,231 [INFO] CodeEngine:289 - Generated code: C:\Users\Chinnapop\STM32CubeIDE\workspace\CKB-LwIP-FreeRTOS-UDP-Echo-Server\MXTmpFiles\cortex.tmp
2026-01-13 08:55:23,240 [INFO] Middleware:1452 - No code input for Bsp Dependency
2026-01-13 08:55:23,259 [INFO] CodeEngine:265 - oldGeneratedFile, C:\Users\Chinnapop\STM32CubeIDE\workspace\CKB-LwIP-FreeRTOS-UDP-Echo-Server\LWIP\App\lwip.c_save
2026-01-13 08:55:23,387 [INFO] CodeEngine:289 - Generated code: C:\Users\Chinnapop\STM32CubeIDE\workspace\CKB-LwIP-FreeRTOS-UDP-Echo-Server\LWIP\App\lwip.c
2026-01-13 08:55:23,394 [INFO] CodeEngine:265 - oldGeneratedFile, C:\Users\Chinnapop\STM32CubeIDE\workspace\CKB-LwIP-FreeRTOS-UDP-Echo-Server\LWIP\App\lwip.h_save
2026-01-13 08:55:23,466 [INFO] CodeEngine:289 - Generated code: C:\Users\Chinnapop\STM32CubeIDE\workspace\CKB-LwIP-FreeRTOS-UDP-Echo-Server\LWIP\App\lwip.h
2026-01-13 08:55:23,473 [INFO] CodeEngine:265 - oldGeneratedFile, C:\Users\Chinnapop\STM32CubeIDE\workspace\CKB-LwIP-FreeRTOS-UDP-Echo-Server\LWIP\Target\lwipopts.h_save
2026-01-13 08:55:23,700 [INFO] CodeEngine:289 - Generated code: C:\Users\Chinnapop\STM32CubeIDE\workspace\CKB-LwIP-FreeRTOS-UDP-Echo-Server\LWIP\Target\lwipopts.h
2026-01-13 08:55:23,705 [INFO] CodeEngine:265 - oldGeneratedFile, C:\Users\Chinnapop\STM32CubeIDE\workspace\CKB-LwIP-FreeRTOS-UDP-Echo-Server\LWIP\Target\ethernetif.c_save
2026-01-13 08:55:23,811 [INFO] CodeEngine:289 - Generated code: C:\Users\Chinnapop\STM32CubeIDE\workspace\CKB-LwIP-FreeRTOS-UDP-Echo-Server\LWIP\Target\ethernetif.c
2026-01-13 08:55:23,821 [INFO] CodeEngine:265 - oldGeneratedFile, C:\Users\Chinnapop\STM32CubeIDE\workspace\CKB-LwIP-FreeRTOS-UDP-Echo-Server\LWIP\Target\ethernetif.h_save
2026-01-13 08:55:23,905 [INFO] CodeEngine:289 - Generated code: C:\Users\Chinnapop\STM32CubeIDE\workspace\CKB-LwIP-FreeRTOS-UDP-Echo-Server\LWIP\Target\ethernetif.h
2026-01-13 08:55:23,916 [INFO] CodeEngine:265 - oldGeneratedFile, C:\Users\Chinnapop\STM32CubeIDE\workspace\CKB-LwIP-FreeRTOS-UDP-Echo-Server\Core\Src\usart.c_save
2026-01-13 08:55:24,066 [INFO] CodeEngine:289 - Generated code: C:\Users\Chinnapop\STM32CubeIDE\workspace\CKB-LwIP-FreeRTOS-UDP-Echo-Server\Core\Src\usart.c
2026-01-13 08:55:24,073 [INFO] CodeEngine:265 - oldGeneratedFile, C:\Users\Chinnapop\STM32CubeIDE\workspace\CKB-LwIP-FreeRTOS-UDP-Echo-Server\Core\Inc\usart.h_save
2026-01-13 08:55:24,180 [INFO] CodeEngine:289 - Generated code: C:\Users\Chinnapop\STM32CubeIDE\workspace\CKB-LwIP-FreeRTOS-UDP-Echo-Server\Core\Inc\usart.h
2026-01-13 08:55:24,205 [INFO] CodeEngine:265 - oldGeneratedFile, C:\Users\Chinnapop\STM32CubeIDE\workspace\CKB-LwIP-FreeRTOS-UDP-Echo-Server\Core\Src\stm32f7xx_it.c_save
2026-01-13 08:55:24,345 [INFO] CodeEngine:289 - Generated code: C:\Users\Chinnapop\STM32CubeIDE\workspace\CKB-LwIP-FreeRTOS-UDP-Echo-Server\Core\Src\stm32f7xx_it.c
2026-01-13 08:55:24,355 [INFO] CodeEngine:265 - oldGeneratedFile, C:\Users\Chinnapop\STM32CubeIDE\workspace\CKB-LwIP-FreeRTOS-UDP-Echo-Server\Core\Inc\stm32f7xx_it.h_save
2026-01-13 08:55:24,438 [INFO] CodeEngine:289 - Generated code: C:\Users\Chinnapop\STM32CubeIDE\workspace\CKB-LwIP-FreeRTOS-UDP-Echo-Server\Core\Inc\stm32f7xx_it.h
2026-01-13 08:55:24,463 [INFO] CodeEngine:265 - oldGeneratedFile, C:\Users\Chinnapop\STM32CubeIDE\workspace\CKB-LwIP-FreeRTOS-UDP-Echo-Server\Core\Src\stm32f7xx_hal_msp.c_save
2026-01-13 08:55:24,649 [INFO] CodeEngine:289 - Generated code: C:\Users\Chinnapop\STM32CubeIDE\workspace\CKB-LwIP-FreeRTOS-UDP-Echo-Server\Core\Src\stm32f7xx_hal_msp.c
2026-01-13 08:55:24,657 [INFO] CodeEngine:265 - oldGeneratedFile, C:\Users\Chinnapop\STM32CubeIDE\workspace\CKB-LwIP-FreeRTOS-UDP-Echo-Server\MXTmpFiles\system.tmp_save
2026-01-13 08:55:24,725 [INFO] CodeEngine:289 - Generated code: C:\Users\Chinnapop\STM32CubeIDE\workspace\CKB-LwIP-FreeRTOS-UDP-Echo-Server\MXTmpFiles\system.tmp
2026-01-13 08:55:24,736 [INFO] CodeEngine:265 - oldGeneratedFile, C:\Users\Chinnapop\STM32CubeIDE\workspace\CKB-LwIP-FreeRTOS-UDP-Echo-Server\Core\Src\stm32f7xx_hal_timebase_tim.c_save
2026-01-13 08:55:24,819 [INFO] CodeEngine:289 - Generated code: C:\Users\Chinnapop\STM32CubeIDE\workspace\CKB-LwIP-FreeRTOS-UDP-Echo-Server\Core\Src\stm32f7xx_hal_timebase_tim.c
2026-01-13 08:55:24,834 [INFO] CodeEngine:321 - oldGeneratedFile, C:\Users\Chinnapop\STM32CubeIDE\workspace\CKB-LwIP-FreeRTOS-UDP-Echo-Server\Core\Inc\stm32f7xx_hal_conf.h_save
2026-01-13 08:55:25,047 [INFO] CodeEngine:345 - Generated code: C:\Users\Chinnapop\STM32CubeIDE\workspace\CKB-LwIP-FreeRTOS-UDP-Echo-Server\Core\Inc\stm32f7xx_hal_conf.h
2026-01-13 08:55:25,112 [INFO] CodeEngine:265 - oldGeneratedFile, C:\Users\Chinnapop\STM32CubeIDE\workspace\CKB-LwIP-FreeRTOS-UDP-Echo-Server\Core\Inc\main.h_save
2026-01-13 08:55:25,222 [INFO] CodeEngine:289 - Generated code: C:\Users\Chinnapop\STM32CubeIDE\workspace\CKB-LwIP-FreeRTOS-UDP-Echo-Server\Core\Inc\main.h
2026-01-13 08:55:25,231 [INFO] CodeEngine:265 - oldGeneratedFile, C:\Users\Chinnapop\STM32CubeIDE\workspace\CKB-LwIP-FreeRTOS-UDP-Echo-Server\Core\Src\main.c_save
2026-01-13 08:55:25,365 [INFO] CodeEngine:289 - Generated code: C:\Users\Chinnapop\STM32CubeIDE\workspace\CKB-LwIP-FreeRTOS-UDP-Echo-Server\Core\Src\main.c
2026-01-13 08:55:26,055 [INFO] ProjectBuilder:3606 - Time for Copy HAL[1] : 463mS.
2026-01-13 08:55:26,066 [INFO] ProjectBuilder:5216 - Project Generator version: 4.7.0-B52
2026-01-13 08:55:26,146 [INFO] ConfigFileManager:1595 - The Die is : DIE451
2026-01-13 08:55:27,585 [INFO] ProjectBuilder:5496 - Time for Generating toolchain IDE Files: 1518mS.
2026-01-13 08:55:27,586 [INFO] ProjectBuilder:3463 - Time for Copy CMSIS : 0mS.
2026-01-13 08:55:27,600 [INFO] ProjectBuilder:3463 - Time for Copy CMSIS : 0mS.
2026-01-13 08:58:09,803 [INFO] WebApp:194 - Connection lost
2026-01-13 08:58:09,996 [INFO] WebApp:191 - Connection restablished
2026-01-13 08:58:13,044 [INFO] WebApp:194 - Connection lost
2026-01-13 08:58:13,222 [INFO] WebApp:191 - Connection restablished
2026-01-13 08:58:14,629 [INFO] WebApp:194 - Connection lost
2026-01-13 08:58:14,756 [INFO] WebApp:191 - Connection restablished
2026-01-13 08:58:18,126 [INFO] WebApp:194 - Connection lost
2026-01-13 08:58:18,339 [INFO] WebApp:191 - Connection restablished
2026-01-13 08:58:58,128 [INFO] WebApp:194 - Connection lost
2026-01-13 08:58:58,323 [INFO] WebApp:191 - Connection restablished
2026-01-13 09:01:14,172 [INFO] WebApp:194 - Connection lost
2026-01-13 09:01:14,378 [INFO] WebApp:191 - Connection restablished
2026-01-13 09:01:19,124 [INFO] WebApp:194 - Connection lost
2026-01-13 09:01:19,637 [INFO] WebApp:191 - Connection restablished
2026-01-13 09:01:22,273 [INFO] WebApp:194 - Connection lost
2026-01-13 09:01:22,448 [INFO] WebApp:191 - Connection restablished
2026-01-13 09:01:24,177 [INFO] WebApp:194 - Connection lost
2026-01-13 09:01:24,322 [INFO] WebApp:191 - Connection restablished
2026-01-13 09:01:29,137 [INFO] WebApp:194 - Connection lost
2026-01-13 09:01:29,313 [INFO] WebApp:191 - Connection restablished
2026-01-13 09:03:21,477 [INFO] WebApp:194 - Connection lost
2026-01-13 09:03:21,708 [INFO] WebApp:191 - Connection restablished
2026-01-13 09:03:24,661 [INFO] WebApp:194 - Connection lost
2026-01-13 09:03:25,192 [INFO] WebApp:191 - Connection restablished
2026-01-13 09:04:22,407 [INFO] WebApp:194 - Connection lost
2026-01-13 09:04:22,623 [INFO] WebApp:191 - Connection restablished
2026-01-13 09:04:25,736 [INFO] WebApp:194 - Connection lost
2026-01-13 09:04:25,935 [INFO] WebApp:191 - Connection restablished
2026-01-13 09:05:52,485 [INFO] WebApp:194 - Connection lost
2026-01-13 09:05:52,668 [INFO] WebApp:191 - Connection restablished
2026-01-13 09:07:12,804 [INFO] WebApp:194 - Connection lost
2026-01-13 09:07:13,025 [INFO] WebApp:191 - Connection restablished
2026-01-13 09:07:19,466 [INFO] WebApp:194 - Connection lost
2026-01-13 09:07:28,915 [INFO] WebApp:191 - Connection restablished
2026-01-13 09:08:03,226 [INFO] WebApp:194 - Connection lost
2026-01-13 09:08:03,543 [INFO] WebApp:191 - Connection restablished
2026-01-13 09:08:06,321 [INFO] WebApp:194 - Connection lost
2026-01-13 09:08:06,567 [INFO] WebApp:191 - Connection restablished
2026-01-13 09:08:11,885 [INFO] WebApp:194 - Connection lost
2026-01-13 09:08:12,132 [INFO] WebApp:191 - Connection restablished
2026-01-13 09:08:15,164 [INFO] WebApp:194 - Connection lost
2026-01-13 09:08:15,414 [INFO] WebApp:191 - Connection restablished
2026-01-13 09:08:18,685 [INFO] WebApp:194 - Connection lost
2026-01-13 09:08:19,005 [INFO] WebApp:191 - Connection restablished
2026-01-13 09:08:22,541 [INFO] WebApp:194 - Connection lost
2026-01-13 09:08:22,790 [INFO] WebApp:191 - Connection restablished
2026-01-13 09:11:25,160 [INFO] WebApp:194 - Connection lost
2026-01-13 09:11:25,347 [INFO] WebApp:191 - Connection restablished
2026-01-13 09:11:49,210 [INFO] WebApp:194 - Connection lost
2026-01-13 09:11:49,394 [INFO] WebApp:191 - Connection restablished
2026-01-13 09:11:52,661 [INFO] WebApp:194 - Connection lost
2026-01-13 09:11:52,853 [INFO] WebApp:191 - Connection restablished
2026-01-13 09:13:08,606 [INFO] WebApp:194 - Connection lost
2026-01-13 09:13:08,795 [INFO] WebApp:191 - Connection restablished
2026-01-13 09:13:11,653 [INFO] WebApp:194 - Connection lost
2026-01-13 09:13:11,851 [INFO] WebApp:191 - Connection restablished
2026-01-13 09:14:03,240 [INFO] WebApp:194 - Connection lost
2026-01-13 09:14:03,443 [INFO] WebApp:191 - Connection restablished
2026-01-13 09:15:09,737 [INFO] WebApp:194 - Connection lost
2026-01-13 09:15:09,947 [INFO] WebApp:191 - Connection restablished
2026-01-13 09:15:16,160 [INFO] WebApp:194 - Connection lost
2026-01-13 09:15:16,331 [INFO] WebApp:191 - Connection restablished
2026-01-13 09:15:57,126 [INFO] WebApp:194 - Connection lost
2026-01-13 09:15:57,438 [INFO] WebApp:191 - Connection restablished
2026-01-13 09:38:36,186 [INFO] WebApp:194 - Connection lost
2026-01-13 09:38:36,420 [INFO] WebApp:191 - Connection restablished
2026-01-13 09:47:45,218 [INFO] WebApp:194 - Connection lost
2026-01-13 09:47:45,452 [INFO] WebApp:191 - Connection restablished
2026-01-13 09:47:48,674 [INFO] WebApp:194 - Connection lost
2026-01-13 09:47:48,918 [INFO] WebApp:191 - Connection restablished
2026-01-13 09:47:53,229 [INFO] WebApp:194 - Connection lost
2026-01-13 09:47:53,478 [INFO] WebApp:191 - Connection restablished
2026-01-13 09:47:56,655 [INFO] WebApp:194 - Connection lost
2026-01-13 09:47:56,886 [INFO] WebApp:191 - Connection restablished
2026-01-13 09:48:10,859 [INFO] WebApp:194 - Connection lost
2026-01-13 09:48:11,083 [INFO] WebApp:191 - Connection restablished
2026-01-13 09:48:15,684 [INFO] WebApp:194 - Connection lost
2026-01-13 09:48:15,926 [INFO] WebApp:191 - Connection restablished
2026-01-13 09:48:32,885 [INFO] WebApp:194 - Connection lost
2026-01-13 09:48:33,098 [INFO] WebApp:191 - Connection restablished
2026-01-13 09:48:37,632 [INFO] WebApp:194 - Connection lost
2026-01-13 09:48:37,862 [INFO] WebApp:191 - Connection restablished
2026-01-13 09:50:12,558 [INFO] UtilMem:75 - End SaveConfig() Used Memory: 941970520 Bytes (1073741824)
2026-01-13 09:50:12,853 [INFO] BlockDiagram:2775 - set Specific Code input for plugin: FREERTOS
2026-01-13 09:50:12,853 [INFO] BlockDiagram:2775 - set Specific Code input for plugin: SYS
2026-01-13 09:50:12,853 [INFO] BlockDiagram:2775 - set Specific Code input for plugin: RCC
2026-01-13 09:50:12,853 [INFO] BlockDiagram:2775 - set Specific Code input for plugin: NVIC
2026-01-13 09:50:12,853 [INFO] BlockDiagram:2775 - set Specific Code input for plugin: LWIP
2026-01-13 09:50:12,853 [INFO] BlockDiagram:2775 - set Specific Code input for plugin: USART
2026-01-13 09:50:12,853 [INFO] BlockDiagram:2775 - set Specific Code input for plugin: CORTEX_M7
2026-01-13 09:50:12,854 [INFO] BlockDiagram:2775 - set Specific Code input for plugin: GPIO
2026-01-13 09:50:12,854 [INFO] BlockDiagram:2775 - set Specific Code input for plugin: ETH
2026-01-13 09:50:12,855 [INFO] CodeGenerator:892 - code generatio: config db path: C:/Users/Chinnapop/.stm32cubemx/databases/DB.6.0.141/db/
2026-01-13 09:50:12,871 [WARN] IP:2250 - Warning not found: check if there is a RefParameter without a condition.
2026-01-13 09:50:12,871 [WARN] IP:2250 - RxBufferAddress not found: check if there is a RefParameter without a condition.
2026-01-13 09:50:12,871 [WARN] IP:2250 - DESC_SIZE_UNIT not found: check if there is a RefParameter without a condition.
2026-01-13 09:50:12,897 [WARN] IP:2250 - LWIP_NETIF_HOSTNAME_NAME not found: check if there is a RefParameter without a condition.
2026-01-13 09:50:13,256 [INFO] CodeEngine:265 - oldGeneratedFile, C:\Users\Chinnapop\STM32CubeIDE\workspace\CKB-LwIP-FreeRTOS-UDP-Echo-Server\MXTmpFiles\license.tmp_save
2026-01-13 09:50:13,657 [INFO] CodeEngine:289 - Generated code: C:\Users\Chinnapop\STM32CubeIDE\workspace\CKB-LwIP-FreeRTOS-UDP-Echo-Server\MXTmpFiles\license.tmp
2026-01-13 09:50:13,765 [INFO] CodeEngine:265 - oldGeneratedFile, C:\Users\Chinnapop\STM32CubeIDE\workspace\CKB-LwIP-FreeRTOS-UDP-Echo-Server\Core\Src\gpio.c_save
2026-01-13 09:50:13,989 [INFO] CodeEngine:289 - Generated code: C:\Users\Chinnapop\STM32CubeIDE\workspace\CKB-LwIP-FreeRTOS-UDP-Echo-Server\Core\Src\gpio.c
2026-01-13 09:50:13,997 [INFO] CodeEngine:265 - oldGeneratedFile, C:\Users\Chinnapop\STM32CubeIDE\workspace\CKB-LwIP-FreeRTOS-UDP-Echo-Server\Core\Inc\gpio.h_save
2026-01-13 09:50:14,100 [INFO] CodeEngine:289 - Generated code: C:\Users\Chinnapop\STM32CubeIDE\workspace\CKB-LwIP-FreeRTOS-UDP-Echo-Server\Core\Inc\gpio.h
2026-01-13 09:50:14,218 [INFO] CodeEngine:265 - oldGeneratedFile, C:\Users\Chinnapop\STM32CubeIDE\workspace\CKB-LwIP-FreeRTOS-UDP-Echo-Server\MXTmpFiles\eth_vars.tmp_save
2026-01-13 09:50:14,469 [INFO] CodeEngine:289 - Generated code: C:\Users\Chinnapop\STM32CubeIDE\workspace\CKB-LwIP-FreeRTOS-UDP-Echo-Server\MXTmpFiles\eth_vars.tmp
2026-01-13 09:50:14,486 [INFO] CodeEngine:265 - oldGeneratedFile, C:\Users\Chinnapop\STM32CubeIDE\workspace\CKB-LwIP-FreeRTOS-UDP-Echo-Server\MXTmpFiles\eth_inc.tmp_save
2026-01-13 09:50:14,678 [INFO] CodeEngine:289 - Generated code: C:\Users\Chinnapop\STM32CubeIDE\workspace\CKB-LwIP-FreeRTOS-UDP-Echo-Server\MXTmpFiles\eth_inc.tmp
2026-01-13 09:50:14,694 [INFO] CodeEngine:265 - oldGeneratedFile, C:\Users\Chinnapop\STM32CubeIDE\workspace\CKB-LwIP-FreeRTOS-UDP-Echo-Server\MXTmpFiles\eth_HalInit.tmp_save
2026-01-13 09:50:14,945 [INFO] CodeEngine:289 - Generated code: C:\Users\Chinnapop\STM32CubeIDE\workspace\CKB-LwIP-FreeRTOS-UDP-Echo-Server\MXTmpFiles\eth_HalInit.tmp
2026-01-13 09:50:14,965 [INFO] CodeEngine:265 - oldGeneratedFile, C:\Users\Chinnapop\STM32CubeIDE\workspace\CKB-LwIP-FreeRTOS-UDP-Echo-Server\MXTmpFiles\eth_Msp.tmp_save
2026-01-13 09:50:15,175 [INFO] CodeEngine:289 - Generated code: C:\Users\Chinnapop\STM32CubeIDE\workspace\CKB-LwIP-FreeRTOS-UDP-Echo-Server\MXTmpFiles\eth_Msp.tmp
2026-01-13 09:50:15,577 [INFO] Middleware:1452 - No code input for Bsp Dependency
2026-01-13 09:50:15,589 [INFO] CodeEngine:265 - oldGeneratedFile, C:\Users\Chinnapop\STM32CubeIDE\workspace\CKB-LwIP-FreeRTOS-UDP-Echo-Server\MXTmpFiles\rtos_inc.tmp_save
2026-01-13 09:50:15,926 [INFO] CodeEngine:289 - Generated code: C:\Users\Chinnapop\STM32CubeIDE\workspace\CKB-LwIP-FreeRTOS-UDP-Echo-Server\MXTmpFiles\rtos_inc.tmp
2026-01-13 09:50:15,940 [INFO] CodeEngine:265 - oldGeneratedFile, C:\Users\Chinnapop\STM32CubeIDE\workspace\CKB-LwIP-FreeRTOS-UDP-Echo-Server\MXTmpFiles\rtos_vars.tmp_save
2026-01-13 09:50:16,111 [INFO] CodeEngine:289 - Generated code: C:\Users\Chinnapop\STM32CubeIDE\workspace\CKB-LwIP-FreeRTOS-UDP-Echo-Server\MXTmpFiles\rtos_vars.tmp
2026-01-13 09:50:16,119 [INFO] CodeEngine:265 - oldGeneratedFile, C:\Users\Chinnapop\STM32CubeIDE\workspace\CKB-LwIP-FreeRTOS-UDP-Echo-Server\MXTmpFiles\rtos_pfp.tmp_save
2026-01-13 09:50:16,223 [INFO] CodeEngine:289 - Generated code: C:\Users\Chinnapop\STM32CubeIDE\workspace\CKB-LwIP-FreeRTOS-UDP-Echo-Server\MXTmpFiles\rtos_pfp.tmp
2026-01-13 09:50:16,240 [INFO] CodeEngine:265 - oldGeneratedFile, C:\Users\Chinnapop\STM32CubeIDE\workspace\CKB-LwIP-FreeRTOS-UDP-Echo-Server\MXTmpFiles\rtos_obj_creat.tmp_save
2026-01-13 09:50:16,508 [INFO] CodeEngine:289 - Generated code: C:\Users\Chinnapop\STM32CubeIDE\workspace\CKB-LwIP-FreeRTOS-UDP-Echo-Server\MXTmpFiles\rtos_obj_creat.tmp
2026-01-13 09:50:16,522 [INFO] CodeEngine:265 - oldGeneratedFile, C:\Users\Chinnapop\STM32CubeIDE\workspace\CKB-LwIP-FreeRTOS-UDP-Echo-Server\MXTmpFiles\rtos_kernelStart.tmp_save
2026-01-13 09:50:16,618 [INFO] CodeEngine:289 - Generated code: C:\Users\Chinnapop\STM32CubeIDE\workspace\CKB-LwIP-FreeRTOS-UDP-Echo-Server\MXTmpFiles\rtos_kernelStart.tmp
2026-01-13 09:50:16,627 [INFO] CodeEngine:265 - oldGeneratedFile, C:\Users\Chinnapop\STM32CubeIDE\workspace\CKB-LwIP-FreeRTOS-UDP-Echo-Server\MXTmpFiles\rtos_default_thread.tmp_save
2026-01-13 09:50:16,700 [INFO] CodeEngine:289 - Generated code: C:\Users\Chinnapop\STM32CubeIDE\workspace\CKB-LwIP-FreeRTOS-UDP-Echo-Server\MXTmpFiles\rtos_default_thread.tmp
2026-01-13 09:50:16,707 [INFO] CodeEngine:265 - oldGeneratedFile, C:\Users\Chinnapop\STM32CubeIDE\workspace\CKB-LwIP-FreeRTOS-UDP-Echo-Server\MXTmpFiles\rtos_threads.tmp_save
2026-01-13 09:50:16,887 [INFO] CodeEngine:289 - Generated code: C:\Users\Chinnapop\STM32CubeIDE\workspace\CKB-LwIP-FreeRTOS-UDP-Echo-Server\MXTmpFiles\rtos_threads.tmp
2026-01-13 09:50:16,936 [INFO] Middleware:1452 - No code input for Bsp Dependency
2026-01-13 09:50:17,021 [INFO] Middleware:1452 - No code input for Bsp Dependency
2026-01-13 09:50:17,040 [INFO] CodeEngine:265 - oldGeneratedFile, C:\Users\Chinnapop\STM32CubeIDE\workspace\CKB-LwIP-FreeRTOS-UDP-Echo-Server\MXTmpFiles\rtos_inc.tmp_save
2026-01-13 09:50:17,269 [INFO] CodeEngine:289 - Generated code: C:\Users\Chinnapop\STM32CubeIDE\workspace\CKB-LwIP-FreeRTOS-UDP-Echo-Server\MXTmpFiles\rtos_inc.tmp
2026-01-13 09:50:17,291 [INFO] CodeEngine:265 - oldGeneratedFile, C:\Users\Chinnapop\STM32CubeIDE\workspace\CKB-LwIP-FreeRTOS-UDP-Echo-Server\MXTmpFiles\rtos_vars.tmp_save
2026-01-13 09:50:17,412 [INFO] CodeEngine:289 - Generated code: C:\Users\Chinnapop\STM32CubeIDE\workspace\CKB-LwIP-FreeRTOS-UDP-Echo-Server\MXTmpFiles\rtos_vars.tmp
2026-01-13 09:50:17,433 [INFO] CodeEngine:265 - oldGeneratedFile, C:\Users\Chinnapop\STM32CubeIDE\workspace\CKB-LwIP-FreeRTOS-UDP-Echo-Server\MXTmpFiles\rtos_pfp.tmp_save
2026-01-13 09:50:17,554 [INFO] CodeEngine:289 - Generated code: C:\Users\Chinnapop\STM32CubeIDE\workspace\CKB-LwIP-FreeRTOS-UDP-Echo-Server\MXTmpFiles\rtos_pfp.tmp
2026-01-13 09:50:17,565 [INFO] CodeEngine:265 - oldGeneratedFile, C:\Users\Chinnapop\STM32CubeIDE\workspace\CKB-LwIP-FreeRTOS-UDP-Echo-Server\MXTmpFiles\rtos_obj_creat.tmp_save
2026-01-13 09:50:18,319 [INFO] CodeEngine:289 - Generated code: C:\Users\Chinnapop\STM32CubeIDE\workspace\CKB-LwIP-FreeRTOS-UDP-Echo-Server\MXTmpFiles\rtos_obj_creat.tmp
2026-01-13 09:50:18,458 [INFO] CodeEngine:265 - oldGeneratedFile, C:\Users\Chinnapop\STM32CubeIDE\workspace\CKB-LwIP-FreeRTOS-UDP-Echo-Server\MXTmpFiles\rtos_kernelStart.tmp_save
2026-01-13 09:50:18,916 [INFO] CodeEngine:289 - Generated code: C:\Users\Chinnapop\STM32CubeIDE\workspace\CKB-LwIP-FreeRTOS-UDP-Echo-Server\MXTmpFiles\rtos_kernelStart.tmp
2026-01-13 09:50:18,948 [INFO] CodeEngine:265 - oldGeneratedFile, C:\Users\Chinnapop\STM32CubeIDE\workspace\CKB-LwIP-FreeRTOS-UDP-Echo-Server\MXTmpFiles\rtos_default_thread.tmp_save
2026-01-13 09:50:19,090 [INFO] CodeEngine:289 - Generated code: C:\Users\Chinnapop\STM32CubeIDE\workspace\CKB-LwIP-FreeRTOS-UDP-Echo-Server\MXTmpFiles\rtos_default_thread.tmp
2026-01-13 09:50:19,105 [INFO] CodeEngine:265 - oldGeneratedFile, C:\Users\Chinnapop\STM32CubeIDE\workspace\CKB-LwIP-FreeRTOS-UDP-Echo-Server\MXTmpFiles\rtos_threads.tmp_save
2026-01-13 09:50:19,237 [INFO] CodeEngine:289 - Generated code: C:\Users\Chinnapop\STM32CubeIDE\workspace\CKB-LwIP-FreeRTOS-UDP-Echo-Server\MXTmpFiles\rtos_threads.tmp
2026-01-13 09:50:19,254 [INFO] CodeEngine:265 - oldGeneratedFile, C:\Users\Chinnapop\STM32CubeIDE\workspace\CKB-LwIP-FreeRTOS-UDP-Echo-Server\Core\Inc\FreeRTOSConfig.h_save
2026-01-13 09:50:19,521 [INFO] CodeEngine:289 - Generated code: C:\Users\Chinnapop\STM32CubeIDE\workspace\CKB-LwIP-FreeRTOS-UDP-Echo-Server\Core\Inc\FreeRTOSConfig.h
2026-01-13 09:50:19,550 [INFO] CodeEngine:265 - oldGeneratedFile, C:\Users\Chinnapop\STM32CubeIDE\workspace\CKB-LwIP-FreeRTOS-UDP-Echo-Server\Core\Src\freertos.c_save
2026-01-13 09:50:19,841 [INFO] CodeEngine:289 - Generated code: C:\Users\Chinnapop\STM32CubeIDE\workspace\CKB-LwIP-FreeRTOS-UDP-Echo-Server\Core\Src\freertos.c
2026-01-13 09:50:19,870 [INFO] CodeEngine:265 - oldGeneratedFile, C:\Users\Chinnapop\STM32CubeIDE\workspace\CKB-LwIP-FreeRTOS-UDP-Echo-Server\MXTmpFiles\cortex.tmp_save
2026-01-13 09:50:20,191 [INFO] CodeEngine:289 - Generated code: C:\Users\Chinnapop\STM32CubeIDE\workspace\CKB-LwIP-FreeRTOS-UDP-Echo-Server\MXTmpFiles\cortex.tmp
2026-01-13 09:50:20,227 [INFO] Middleware:1452 - No code input for Bsp Dependency
2026-01-13 09:50:20,330 [INFO] CodeEngine:265 - oldGeneratedFile, C:\Users\Chinnapop\STM32CubeIDE\workspace\CKB-LwIP-FreeRTOS-UDP-Echo-Server\LWIP\App\lwip.c_save
2026-01-13 09:50:20,670 [INFO] CodeEngine:289 - Generated code: C:\Users\Chinnapop\STM32CubeIDE\workspace\CKB-LwIP-FreeRTOS-UDP-Echo-Server\LWIP\App\lwip.c
2026-01-13 09:50:20,691 [INFO] CodeEngine:265 - oldGeneratedFile, C:\Users\Chinnapop\STM32CubeIDE\workspace\CKB-LwIP-FreeRTOS-UDP-Echo-Server\LWIP\App\lwip.h_save
2026-01-13 09:50:20,974 [INFO] CodeEngine:289 - Generated code: C:\Users\Chinnapop\STM32CubeIDE\workspace\CKB-LwIP-FreeRTOS-UDP-Echo-Server\LWIP\App\lwip.h
2026-01-13 09:50:20,996 [INFO] CodeEngine:265 - oldGeneratedFile, C:\Users\Chinnapop\STM32CubeIDE\workspace\CKB-LwIP-FreeRTOS-UDP-Echo-Server\LWIP\Target\lwipopts.h_save
2026-01-13 09:50:21,584 [INFO] CodeEngine:289 - Generated code: C:\Users\Chinnapop\STM32CubeIDE\workspace\CKB-LwIP-FreeRTOS-UDP-Echo-Server\LWIP\Target\lwipopts.h
2026-01-13 09:50:21,600 [INFO] CodeEngine:265 - oldGeneratedFile, C:\Users\Chinnapop\STM32CubeIDE\workspace\CKB-LwIP-FreeRTOS-UDP-Echo-Server\LWIP\Target\ethernetif.c_save
2026-01-13 09:50:21,946 [INFO] CodeEngine:289 - Generated code: C:\Users\Chinnapop\STM32CubeIDE\workspace\CKB-LwIP-FreeRTOS-UDP-Echo-Server\LWIP\Target\ethernetif.c
2026-01-13 09:50:21,983 [INFO] CodeEngine:265 - oldGeneratedFile, C:\Users\Chinnapop\STM32CubeIDE\workspace\CKB-LwIP-FreeRTOS-UDP-Echo-Server\LWIP\Target\ethernetif.h_save
2026-01-13 09:50:22,131 [INFO] CodeEngine:289 - Generated code: C:\Users\Chinnapop\STM32CubeIDE\workspace\CKB-LwIP-FreeRTOS-UDP-Echo-Server\LWIP\Target\ethernetif.h
2026-01-13 09:50:22,165 [INFO] CodeEngine:265 - oldGeneratedFile, C:\Users\Chinnapop\STM32CubeIDE\workspace\CKB-LwIP-FreeRTOS-UDP-Echo-Server\Core\Src\usart.c_save
2026-01-13 09:50:22,597 [INFO] CodeEngine:289 - Generated code: C:\Users\Chinnapop\STM32CubeIDE\workspace\CKB-LwIP-FreeRTOS-UDP-Echo-Server\Core\Src\usart.c
2026-01-13 09:50:22,630 [INFO] CodeEngine:265 - oldGeneratedFile, C:\Users\Chinnapop\STM32CubeIDE\workspace\CKB-LwIP-FreeRTOS-UDP-Echo-Server\Core\Inc\usart.h_save
2026-01-13 09:50:22,815 [INFO] CodeEngine:289 - Generated code: C:\Users\Chinnapop\STM32CubeIDE\workspace\CKB-LwIP-FreeRTOS-UDP-Echo-Server\Core\Inc\usart.h
2026-01-13 09:50:22,859 [INFO] CodeEngine:265 - oldGeneratedFile, C:\Users\Chinnapop\STM32CubeIDE\workspace\CKB-LwIP-FreeRTOS-UDP-Echo-Server\Core\Src\stm32f7xx_it.c_save
2026-01-13 09:50:23,496 [INFO] CodeEngine:289 - Generated code: C:\Users\Chinnapop\STM32CubeIDE\workspace\CKB-LwIP-FreeRTOS-UDP-Echo-Server\Core\Src\stm32f7xx_it.c
2026-01-13 09:50:23,531 [INFO] CodeEngine:265 - oldGeneratedFile, C:\Users\Chinnapop\STM32CubeIDE\workspace\CKB-LwIP-FreeRTOS-UDP-Echo-Server\Core\Inc\stm32f7xx_it.h_save
2026-01-13 09:50:23,714 [INFO] CodeEngine:289 - Generated code: C:\Users\Chinnapop\STM32CubeIDE\workspace\CKB-LwIP-FreeRTOS-UDP-Echo-Server\Core\Inc\stm32f7xx_it.h
2026-01-13 09:50:23,786 [INFO] CodeEngine:265 - oldGeneratedFile, C:\Users\Chinnapop\STM32CubeIDE\workspace\CKB-LwIP-FreeRTOS-UDP-Echo-Server\Core\Src\stm32f7xx_hal_msp.c_save
2026-01-13 09:50:24,165 [INFO] CodeEngine:289 - Generated code: C:\Users\Chinnapop\STM32CubeIDE\workspace\CKB-LwIP-FreeRTOS-UDP-Echo-Server\Core\Src\stm32f7xx_hal_msp.c
2026-01-13 09:50:24,181 [INFO] CodeEngine:265 - oldGeneratedFile, C:\Users\Chinnapop\STM32CubeIDE\workspace\CKB-LwIP-FreeRTOS-UDP-Echo-Server\MXTmpFiles\system.tmp_save
2026-01-13 09:50:24,315 [INFO] CodeEngine:289 - Generated code: C:\Users\Chinnapop\STM32CubeIDE\workspace\CKB-LwIP-FreeRTOS-UDP-Echo-Server\MXTmpFiles\system.tmp
2026-01-13 09:50:24,354 [INFO] CodeEngine:265 - oldGeneratedFile, C:\Users\Chinnapop\STM32CubeIDE\workspace\CKB-LwIP-FreeRTOS-UDP-Echo-Server\Core\Src\stm32f7xx_hal_timebase_tim.c_save
2026-01-13 09:50:24,573 [INFO] CodeEngine:289 - Generated code: C:\Users\Chinnapop\STM32CubeIDE\workspace\CKB-LwIP-FreeRTOS-UDP-Echo-Server\Core\Src\stm32f7xx_hal_timebase_tim.c
2026-01-13 09:50:24,601 [INFO] CodeEngine:321 - oldGeneratedFile, C:\Users\Chinnapop\STM32CubeIDE\workspace\CKB-LwIP-FreeRTOS-UDP-Echo-Server\Core\Inc\stm32f7xx_hal_conf.h_save
2026-01-13 09:50:25,029 [INFO] CodeEngine:345 - Generated code: C:\Users\Chinnapop\STM32CubeIDE\workspace\CKB-LwIP-FreeRTOS-UDP-Echo-Server\Core\Inc\stm32f7xx_hal_conf.h
2026-01-13 09:50:25,148 [INFO] CodeEngine:265 - oldGeneratedFile, C:\Users\Chinnapop\STM32CubeIDE\workspace\CKB-LwIP-FreeRTOS-UDP-Echo-Server\Core\Inc\main.h_save
2026-01-13 09:50:25,537 [INFO] CodeEngine:289 - Generated code: C:\Users\Chinnapop\STM32CubeIDE\workspace\CKB-LwIP-FreeRTOS-UDP-Echo-Server\Core\Inc\main.h
2026-01-13 09:50:25,558 [INFO] CodeEngine:265 - oldGeneratedFile, C:\Users\Chinnapop\STM32CubeIDE\workspace\CKB-LwIP-FreeRTOS-UDP-Echo-Server\Core\Src\main.c_save
2026-01-13 09:50:25,905 [INFO] CodeEngine:289 - Generated code: C:\Users\Chinnapop\STM32CubeIDE\workspace\CKB-LwIP-FreeRTOS-UDP-Echo-Server\Core\Src\main.c
2026-01-13 09:50:28,033 [INFO] ProjectBuilder:3606 - Time for Copy HAL[1] : 1461mS.
2026-01-13 09:50:28,060 [INFO] ProjectBuilder:5216 - Project Generator version: 4.7.0-B52
2026-01-13 09:50:28,266 [INFO] ConfigFileManager:1595 - The Die is : DIE451
2026-01-13 09:50:34,138 [INFO] ProjectBuilder:5496 - Time for Generating toolchain IDE Files: 6078mS.
2026-01-13 09:50:34,140 [INFO] ProjectBuilder:3463 - Time for Copy CMSIS : 1mS.
2026-01-13 09:50:34,189 [INFO] ProjectBuilder:3463 - Time for Copy CMSIS : 0mS.
2026-01-13 09:51:00,432 [INFO] WebApp:194 - Connection lost
2026-01-13 09:51:00,668 [INFO] WebApp:191 - Connection restablished
2026-01-13 09:51:03,728 [INFO] WebApp:194 - Connection lost
2026-01-13 09:51:03,950 [INFO] WebApp:191 - Connection restablished
2026-01-13 09:54:39,129 [INFO] WebApp:194 - Connection lost
2026-01-13 09:54:39,396 [INFO] WebApp:191 - Connection restablished
2026-01-13 09:55:09,993 [INFO] WebApp:194 - Connection lost
2026-01-13 09:55:10,254 [INFO] WebApp:191 - Connection restablished
2026-01-13 09:55:14,614 [INFO] WebApp:194 - Connection lost
2026-01-13 09:55:14,879 [INFO] WebApp:191 - Connection restablished
2026-01-13 09:55:17,808 [INFO] WebApp:194 - Connection lost
2026-01-13 09:55:18,031 [INFO] WebApp:191 - Connection restablished
2026-01-13 09:55:19,973 [INFO] WebApp:194 - Connection lost
2026-01-13 09:55:20,204 [INFO] WebApp:191 - Connection restablished
2026-01-13 09:55:21,631 [INFO] WebApp:194 - Connection lost
2026-01-13 09:55:21,809 [INFO] WebApp:191 - Connection restablished
2026-01-13 09:55:25,125 [INFO] WebApp:194 - Connection lost
2026-01-13 09:55:25,391 [INFO] WebApp:191 - Connection restablished
2026-01-13 09:55:33,655 [INFO] WebApp:194 - Connection lost
2026-01-13 09:55:33,901 [INFO] WebApp:191 - Connection restablished
2026-01-13 09:55:43,649 [INFO] WebApp:194 - Connection lost
2026-01-13 09:55:43,889 [INFO] WebApp:191 - Connection restablished
2026-01-13 09:57:25,737 [WARN] IP:2250 - LWIP_NETIF_HOSTNAME_NAME not found: check if there is a RefParameter without a condition.
2026-01-13 09:57:26,705 [WARN] IP:2250 - LWIP_NETIF_HOSTNAME_NAME not found: check if there is a RefParameter without a condition.
2026-01-13 09:57:27,656 [WARN] IP:2250 - LWIP_NETIF_HOSTNAME_NAME not found: check if there is a RefParameter without a condition.
2026-01-13 09:57:29,373 [WARN] IP:2250 - LWIP_NETIF_HOSTNAME_NAME not found: check if there is a RefParameter without a condition.
2026-01-13 10:09:14,136 [INFO] WebApp:194 - Connection lost
2026-01-13 10:09:14,359 [INFO] WebApp:191 - Connection restablished
2026-01-13 10:11:47,455 [INFO] WebApp:194 - Connection lost
2026-01-13 10:11:47,689 [INFO] WebApp:191 - Connection restablished
2026-01-13 10:12:07,367 [INFO] WebApp:194 - Connection lost
2026-01-13 10:12:07,593 [INFO] WebApp:191 - Connection restablished
2026-01-13 10:12:12,129 [INFO] WebApp:194 - Connection lost
2026-01-13 10:12:12,361 [INFO] WebApp:191 - Connection restablished
2026-01-13 10:12:15,338 [INFO] WebApp:194 - Connection lost
2026-01-13 10:12:15,555 [INFO] WebApp:191 - Connection restablished
2026-01-13 10:14:05,364 [INFO] WebApp:194 - Connection lost
2026-01-13 10:14:05,599 [INFO] WebApp:191 - Connection restablished
2026-01-13 10:14:12,958 [INFO] WebApp:194 - Connection lost
2026-01-13 10:14:13,203 [INFO] WebApp:191 - Connection restablished
2026-01-13 10:14:17,674 [INFO] WebApp:194 - Connection lost
2026-01-13 10:14:17,902 [INFO] WebApp:191 - Connection restablished
2026-01-13 10:15:10,118 [INFO] WebApp:194 - Connection lost
2026-01-13 10:15:10,337 [INFO] WebApp:191 - Connection restablished
2026-01-13 10:15:20,753 [INFO] WebApp:194 - Connection lost
2026-01-13 10:15:20,975 [INFO] WebApp:191 - Connection restablished
2026-01-13 10:15:25,618 [INFO] WebApp:194 - Connection lost
2026-01-13 10:15:25,849 [INFO] WebApp:191 - Connection restablished
2026-01-13 10:15:28,781 [INFO] WebApp:194 - Connection lost
2026-01-13 10:15:28,997 [INFO] WebApp:191 - Connection restablished
2026-01-13 10:15:30,947 [INFO] WebApp:194 - Connection lost
2026-01-13 10:15:31,172 [INFO] WebApp:191 - Connection restablished
2026-01-13 10:15:35,641 [INFO] WebApp:194 - Connection lost
2026-01-13 10:15:35,930 [INFO] WebApp:191 - Connection restablished
2026-01-13 10:18:11,625 [INFO] WebApp:194 - Connection lost
2026-01-13 10:18:11,883 [INFO] WebApp:191 - Connection restablished
2026-01-13 10:24:40,925 [ERROR] RtosPanel:558 - Can not restore the selected Tab for FREERTOS(A reason can be that the tab is no more available.)
2026-01-13 10:24:44,343 [WARN] IP:2250 - LWIP_NETIF_HOSTNAME_NAME not found: check if there is a RefParameter without a condition.
2026-01-13 10:25:54,659 [WARN] IP:2250 - LWIP_NETIF_HOSTNAME_NAME not found: check if there is a RefParameter without a condition.
2026-01-13 10:25:54,681 [WARN] IP:2250 - LWIP_NETIF_HOSTNAME_NAME not found: check if there is a RefParameter without a condition.
2026-01-13 10:25:54,736 [WARN] IP:2250 - Warning not found: check if there is a RefParameter without a condition.
2026-01-13 10:25:54,736 [WARN] IP:2250 - RxBufferAddress not found: check if there is a RefParameter without a condition.
2026-01-13 10:25:54,736 [WARN] IP:2250 - DESC_SIZE_UNIT not found: check if there is a RefParameter without a condition.
2026-01-13 10:25:54,736 [WARN] IP:2250 - Warning not found: check if there is a RefParameter without a condition.
2026-01-13 10:25:54,736 [WARN] IP:2250 - RxBufferAddress not found: check if there is a RefParameter without a condition.
2026-01-13 10:25:54,736 [WARN] IP:2250 - DESC_SIZE_UNIT not found: check if there is a RefParameter without a condition.
2026-01-13 10:25:55,054 [WARN] IP:2250 - LWIP_NETIF_HOSTNAME_NAME not found: check if there is a RefParameter without a condition.
2026-01-13 10:25:55,090 [WARN] IP:2250 - LWIP_NETIF_HOSTNAME_NAME not found: check if there is a RefParameter without a condition.
2026-01-13 10:25:55,154 [WARN] IP:2250 - Warning not found: check if there is a RefParameter without a condition.
2026-01-13 10:25:55,154 [WARN] IP:2250 - RxBufferAddress not found: check if there is a RefParameter without a condition.
2026-01-13 10:25:55,154 [WARN] IP:2250 - DESC_SIZE_UNIT not found: check if there is a RefParameter without a condition.
2026-01-13 10:25:55,154 [WARN] IP:2250 - Warning not found: check if there is a RefParameter without a condition.
2026-01-13 10:25:55,155 [WARN] IP:2250 - RxBufferAddress not found: check if there is a RefParameter without a condition.
2026-01-13 10:25:55,155 [WARN] IP:2250 - DESC_SIZE_UNIT not found: check if there is a RefParameter without a condition.
2026-01-13 10:26:01,653 [WARN] IP:2250 - LWIP_NETIF_HOSTNAME_NAME not found: check if there is a RefParameter without a condition.
2026-01-13 10:26:01,669 [WARN] IP:2250 - LWIP_NETIF_HOSTNAME_NAME not found: check if there is a RefParameter without a condition.
2026-01-13 10:26:01,706 [WARN] IP:2250 - Warning not found: check if there is a RefParameter without a condition.
2026-01-13 10:26:01,706 [WARN] IP:2250 - RxBufferAddress not found: check if there is a RefParameter without a condition.
2026-01-13 10:26:01,707 [WARN] IP:2250 - DESC_SIZE_UNIT not found: check if there is a RefParameter without a condition.
2026-01-13 10:26:01,707 [WARN] IP:2250 - Warning not found: check if there is a RefParameter without a condition.
2026-01-13 10:26:01,707 [WARN] IP:2250 - RxBufferAddress not found: check if there is a RefParameter without a condition.
2026-01-13 10:26:01,707 [WARN] IP:2250 - DESC_SIZE_UNIT not found: check if there is a RefParameter without a condition.
2026-01-13 10:26:01,950 [WARN] IP:2250 - LWIP_NETIF_HOSTNAME_NAME not found: check if there is a RefParameter without a condition.
2026-01-13 10:26:01,973 [WARN] IP:2250 - LWIP_NETIF_HOSTNAME_NAME not found: check if there is a RefParameter without a condition.
2026-01-13 10:26:02,026 [WARN] IP:2250 - Warning not found: check if there is a RefParameter without a condition.
2026-01-13 10:26:02,027 [WARN] IP:2250 - RxBufferAddress not found: check if there is a RefParameter without a condition.
2026-01-13 10:26:02,027 [WARN] IP:2250 - DESC_SIZE_UNIT not found: check if there is a RefParameter without a condition.
2026-01-13 10:26:02,027 [WARN] IP:2250 - Warning not found: check if there is a RefParameter without a condition.
2026-01-13 10:26:02,027 [WARN] IP:2250 - RxBufferAddress not found: check if there is a RefParameter without a condition.
2026-01-13 10:26:02,027 [WARN] IP:2250 - DESC_SIZE_UNIT not found: check if there is a RefParameter without a condition.
2026-01-13 10:26:02,864 [WARN] IP:2250 - LWIP_NETIF_HOSTNAME_NAME not found: check if there is a RefParameter without a condition.
2026-01-13 10:26:02,881 [WARN] IP:2250 - LWIP_NETIF_HOSTNAME_NAME not found: check if there is a RefParameter without a condition.
2026-01-13 10:26:02,921 [WARN] IP:2250 - Warning not found: check if there is a RefParameter without a condition.
2026-01-13 10:26:02,921 [WARN] IP:2250 - RxBufferAddress not found: check if there is a RefParameter without a condition.
2026-01-13 10:26:02,921 [WARN] IP:2250 - DESC_SIZE_UNIT not found: check if there is a RefParameter without a condition.
2026-01-13 10:26:02,923 [WARN] IP:2250 - Warning not found: check if there is a RefParameter without a condition.
2026-01-13 10:26:02,923 [WARN] IP:2250 - RxBufferAddress not found: check if there is a RefParameter without a condition.
2026-01-13 10:26:02,923 [WARN] IP:2250 - DESC_SIZE_UNIT not found: check if there is a RefParameter without a condition.
2026-01-13 10:29:35,239 [INFO] WebApp:194 - Connection lost
2026-01-13 10:29:35,771 [INFO] WebApp:191 - Connection restablished
2026-01-13 10:29:37,785 [INFO] WebApp:194 - Connection lost
2026-01-13 10:29:37,988 [INFO] WebApp:191 - Connection restablished
2026-01-13 10:29:43,150 [INFO] WebApp:194 - Connection lost
2026-01-13 10:29:43,335 [INFO] WebApp:191 - Connection restablished
2026-01-13 10:29:52,649 [INFO] WebApp:194 - Connection lost
2026-01-13 10:29:52,856 [INFO] WebApp:191 - Connection restablished
2026-01-13 10:30:14,063 [INFO] WebApp:194 - Connection lost
2026-01-13 10:30:14,589 [INFO] WebApp:191 - Connection restablished
2026-01-13 10:30:19,135 [INFO] WebApp:194 - Connection lost
2026-01-13 10:30:19,310 [INFO] WebApp:191 - Connection restablished
2026-01-13 10:40:48,846 [INFO] UtilMem:75 - End SaveConfig() Used Memory: 919578736 Bytes (1073741824)
2026-01-13 10:41:02,915 [INFO] UtilMem:75 - End SaveConfig() Used Memory: 913152480 Bytes (1073741824)
2026-01-13 10:41:03,636 [INFO] BlockDiagram:2775 - set Specific Code input for plugin: FREERTOS
2026-01-13 10:41:03,637 [INFO] BlockDiagram:2775 - set Specific Code input for plugin: SYS
2026-01-13 10:41:03,637 [INFO] BlockDiagram:2775 - set Specific Code input for plugin: RCC
2026-01-13 10:41:03,637 [INFO] BlockDiagram:2775 - set Specific Code input for plugin: NVIC
2026-01-13 10:41:03,637 [INFO] BlockDiagram:2775 - set Specific Code input for plugin: LWIP
2026-01-13 10:41:03,637 [INFO] BlockDiagram:2775 - set Specific Code input for plugin: USART
2026-01-13 10:41:03,637 [INFO] BlockDiagram:2775 - set Specific Code input for plugin: CORTEX_M7
2026-01-13 10:41:03,638 [INFO] BlockDiagram:2775 - set Specific Code input for plugin: GPIO
2026-01-13 10:41:03,639 [INFO] BlockDiagram:2775 - set Specific Code input for plugin: ETH
2026-01-13 10:41:03,640 [INFO] CodeGenerator:892 - code generatio: config db path: C:/Users/Chinnapop/.stm32cubemx/databases/DB.6.0.141/db/
2026-01-13 10:41:03,655 [WARN] IP:2250 - Warning not found: check if there is a RefParameter without a condition.
2026-01-13 10:41:03,656 [WARN] IP:2250 - RxBufferAddress not found: check if there is a RefParameter without a condition.
2026-01-13 10:41:03,656 [WARN] IP:2250 - DESC_SIZE_UNIT not found: check if there is a RefParameter without a condition.
2026-01-13 10:41:03,679 [WARN] IP:2250 - LWIP_NETIF_HOSTNAME_NAME not found: check if there is a RefParameter without a condition.
2026-01-13 10:41:04,137 [INFO] CodeEngine:265 - oldGeneratedFile, C:\Users\Chinnapop\STM32CubeIDE\workspace\CKB-LwIP-FreeRTOS-UDP-Echo-Server\MXTmpFiles\license.tmp_save
2026-01-13 10:41:04,448 [INFO] CodeEngine:289 - Generated code: C:\Users\Chinnapop\STM32CubeIDE\workspace\CKB-LwIP-FreeRTOS-UDP-Echo-Server\MXTmpFiles\license.tmp
2026-01-13 10:41:04,503 [INFO] CodeEngine:265 - oldGeneratedFile, C:\Users\Chinnapop\STM32CubeIDE\workspace\CKB-LwIP-FreeRTOS-UDP-Echo-Server\Core\Src\gpio.c_save
2026-01-13 10:41:04,699 [INFO] CodeEngine:289 - Generated code: C:\Users\Chinnapop\STM32CubeIDE\workspace\CKB-LwIP-FreeRTOS-UDP-Echo-Server\Core\Src\gpio.c
2026-01-13 10:41:04,706 [INFO] CodeEngine:265 - oldGeneratedFile, C:\Users\Chinnapop\STM32CubeIDE\workspace\CKB-LwIP-FreeRTOS-UDP-Echo-Server\Core\Inc\gpio.h_save
2026-01-13 10:41:04,809 [INFO] CodeEngine:289 - Generated code: C:\Users\Chinnapop\STM32CubeIDE\workspace\CKB-LwIP-FreeRTOS-UDP-Echo-Server\Core\Inc\gpio.h
2026-01-13 10:41:04,881 [INFO] CodeEngine:265 - oldGeneratedFile, C:\Users\Chinnapop\STM32CubeIDE\workspace\CKB-LwIP-FreeRTOS-UDP-Echo-Server\MXTmpFiles\eth_vars.tmp_save
2026-01-13 10:41:05,036 [INFO] CodeEngine:289 - Generated code: C:\Users\Chinnapop\STM32CubeIDE\workspace\CKB-LwIP-FreeRTOS-UDP-Echo-Server\MXTmpFiles\eth_vars.tmp
2026-01-13 10:41:05,042 [INFO] CodeEngine:265 - oldGeneratedFile, C:\Users\Chinnapop\STM32CubeIDE\workspace\CKB-LwIP-FreeRTOS-UDP-Echo-Server\MXTmpFiles\eth_inc.tmp_save
2026-01-13 10:41:05,131 [INFO] CodeEngine:289 - Generated code: C:\Users\Chinnapop\STM32CubeIDE\workspace\CKB-LwIP-FreeRTOS-UDP-Echo-Server\MXTmpFiles\eth_inc.tmp
2026-01-13 10:41:05,137 [INFO] CodeEngine:265 - oldGeneratedFile, C:\Users\Chinnapop\STM32CubeIDE\workspace\CKB-LwIP-FreeRTOS-UDP-Echo-Server\MXTmpFiles\eth_HalInit.tmp_save
2026-01-13 10:41:05,289 [INFO] CodeEngine:289 - Generated code: C:\Users\Chinnapop\STM32CubeIDE\workspace\CKB-LwIP-FreeRTOS-UDP-Echo-Server\MXTmpFiles\eth_HalInit.tmp
2026-01-13 10:41:05,295 [INFO] CodeEngine:265 - oldGeneratedFile, C:\Users\Chinnapop\STM32CubeIDE\workspace\CKB-LwIP-FreeRTOS-UDP-Echo-Server\MXTmpFiles\eth_Msp.tmp_save
2026-01-13 10:41:05,453 [INFO] CodeEngine:289 - Generated code: C:\Users\Chinnapop\STM32CubeIDE\workspace\CKB-LwIP-FreeRTOS-UDP-Echo-Server\MXTmpFiles\eth_Msp.tmp
2026-01-13 10:41:05,661 [INFO] Middleware:1452 - No code input for Bsp Dependency
2026-01-13 10:41:05,673 [INFO] CodeEngine:265 - oldGeneratedFile, C:\Users\Chinnapop\STM32CubeIDE\workspace\CKB-LwIP-FreeRTOS-UDP-Echo-Server\MXTmpFiles\rtos_inc.tmp_save
2026-01-13 10:41:05,860 [INFO] CodeEngine:289 - Generated code: C:\Users\Chinnapop\STM32CubeIDE\workspace\CKB-LwIP-FreeRTOS-UDP-Echo-Server\MXTmpFiles\rtos_inc.tmp
2026-01-13 10:41:05,873 [INFO] CodeEngine:265 - oldGeneratedFile, C:\Users\Chinnapop\STM32CubeIDE\workspace\CKB-LwIP-FreeRTOS-UDP-Echo-Server\MXTmpFiles\rtos_vars.tmp_save
2026-01-13 10:41:06,000 [INFO] CodeEngine:289 - Generated code: C:\Users\Chinnapop\STM32CubeIDE\workspace\CKB-LwIP-FreeRTOS-UDP-Echo-Server\MXTmpFiles\rtos_vars.tmp
2026-01-13 10:41:06,007 [INFO] CodeEngine:265 - oldGeneratedFile, C:\Users\Chinnapop\STM32CubeIDE\workspace\CKB-LwIP-FreeRTOS-UDP-Echo-Server\MXTmpFiles\rtos_pfp.tmp_save
2026-01-13 10:41:06,107 [INFO] CodeEngine:289 - Generated code: C:\Users\Chinnapop\STM32CubeIDE\workspace\CKB-LwIP-FreeRTOS-UDP-Echo-Server\MXTmpFiles\rtos_pfp.tmp
2026-01-13 10:41:06,119 [INFO] CodeEngine:265 - oldGeneratedFile, C:\Users\Chinnapop\STM32CubeIDE\workspace\CKB-LwIP-FreeRTOS-UDP-Echo-Server\MXTmpFiles\rtos_obj_creat.tmp_save
2026-01-13 10:41:06,221 [INFO] CodeEngine:289 - Generated code: C:\Users\Chinnapop\STM32CubeIDE\workspace\CKB-LwIP-FreeRTOS-UDP-Echo-Server\MXTmpFiles\rtos_obj_creat.tmp
2026-01-13 10:41:06,228 [INFO] CodeEngine:265 - oldGeneratedFile, C:\Users\Chinnapop\STM32CubeIDE\workspace\CKB-LwIP-FreeRTOS-UDP-Echo-Server\MXTmpFiles\rtos_kernelStart.tmp_save
2026-01-13 10:41:06,303 [INFO] CodeEngine:289 - Generated code: C:\Users\Chinnapop\STM32CubeIDE\workspace\CKB-LwIP-FreeRTOS-UDP-Echo-Server\MXTmpFiles\rtos_kernelStart.tmp
2026-01-13 10:41:06,309 [INFO] CodeEngine:265 - oldGeneratedFile, C:\Users\Chinnapop\STM32CubeIDE\workspace\CKB-LwIP-FreeRTOS-UDP-Echo-Server\MXTmpFiles\rtos_default_thread.tmp_save
2026-01-13 10:41:06,387 [INFO] CodeEngine:289 - Generated code: C:\Users\Chinnapop\STM32CubeIDE\workspace\CKB-LwIP-FreeRTOS-UDP-Echo-Server\MXTmpFiles\rtos_default_thread.tmp
2026-01-13 10:41:06,401 [INFO] CodeEngine:265 - oldGeneratedFile, C:\Users\Chinnapop\STM32CubeIDE\workspace\CKB-LwIP-FreeRTOS-UDP-Echo-Server\MXTmpFiles\rtos_threads.tmp_save
2026-01-13 10:41:06,472 [INFO] CodeEngine:289 - Generated code: C:\Users\Chinnapop\STM32CubeIDE\workspace\CKB-LwIP-FreeRTOS-UDP-Echo-Server\MXTmpFiles\rtos_threads.tmp
2026-01-13 10:41:06,487 [INFO] Middleware:1452 - No code input for Bsp Dependency
2026-01-13 10:41:06,505 [INFO] Middleware:1452 - No code input for Bsp Dependency
2026-01-13 10:41:06,518 [INFO] CodeEngine:265 - oldGeneratedFile, C:\Users\Chinnapop\STM32CubeIDE\workspace\CKB-LwIP-FreeRTOS-UDP-Echo-Server\MXTmpFiles\rtos_inc.tmp_save
2026-01-13 10:41:06,623 [INFO] CodeEngine:289 - Generated code: C:\Users\Chinnapop\STM32CubeIDE\workspace\CKB-LwIP-FreeRTOS-UDP-Echo-Server\MXTmpFiles\rtos_inc.tmp
2026-01-13 10:41:06,630 [INFO] CodeEngine:265 - oldGeneratedFile, C:\Users\Chinnapop\STM32CubeIDE\workspace\CKB-LwIP-FreeRTOS-UDP-Echo-Server\MXTmpFiles\rtos_vars.tmp_save
2026-01-13 10:41:06,704 [INFO] CodeEngine:289 - Generated code: C:\Users\Chinnapop\STM32CubeIDE\workspace\CKB-LwIP-FreeRTOS-UDP-Echo-Server\MXTmpFiles\rtos_vars.tmp
2026-01-13 10:41:06,711 [INFO] CodeEngine:265 - oldGeneratedFile, C:\Users\Chinnapop\STM32CubeIDE\workspace\CKB-LwIP-FreeRTOS-UDP-Echo-Server\MXTmpFiles\rtos_pfp.tmp_save
2026-01-13 10:41:06,774 [INFO] CodeEngine:289 - Generated code: C:\Users\Chinnapop\STM32CubeIDE\workspace\CKB-LwIP-FreeRTOS-UDP-Echo-Server\MXTmpFiles\rtos_pfp.tmp
2026-01-13 10:41:06,782 [INFO] CodeEngine:265 - oldGeneratedFile, C:\Users\Chinnapop\STM32CubeIDE\workspace\CKB-LwIP-FreeRTOS-UDP-Echo-Server\MXTmpFiles\rtos_obj_creat.tmp_save
2026-01-13 10:41:06,862 [INFO] CodeEngine:289 - Generated code: C:\Users\Chinnapop\STM32CubeIDE\workspace\CKB-LwIP-FreeRTOS-UDP-Echo-Server\MXTmpFiles\rtos_obj_creat.tmp
2026-01-13 10:41:06,875 [INFO] CodeEngine:265 - oldGeneratedFile, C:\Users\Chinnapop\STM32CubeIDE\workspace\CKB-LwIP-FreeRTOS-UDP-Echo-Server\MXTmpFiles\rtos_kernelStart.tmp_save
2026-01-13 10:41:06,946 [INFO] CodeEngine:289 - Generated code: C:\Users\Chinnapop\STM32CubeIDE\workspace\CKB-LwIP-FreeRTOS-UDP-Echo-Server\MXTmpFiles\rtos_kernelStart.tmp
2026-01-13 10:41:06,954 [INFO] CodeEngine:265 - oldGeneratedFile, C:\Users\Chinnapop\STM32CubeIDE\workspace\CKB-LwIP-FreeRTOS-UDP-Echo-Server\MXTmpFiles\rtos_default_thread.tmp_save
2026-01-13 10:41:07,022 [INFO] CodeEngine:289 - Generated code: C:\Users\Chinnapop\STM32CubeIDE\workspace\CKB-LwIP-FreeRTOS-UDP-Echo-Server\MXTmpFiles\rtos_default_thread.tmp
2026-01-13 10:41:07,028 [INFO] CodeEngine:265 - oldGeneratedFile, C:\Users\Chinnapop\STM32CubeIDE\workspace\CKB-LwIP-FreeRTOS-UDP-Echo-Server\MXTmpFiles\rtos_threads.tmp_save
2026-01-13 10:41:07,098 [INFO] CodeEngine:289 - Generated code: C:\Users\Chinnapop\STM32CubeIDE\workspace\CKB-LwIP-FreeRTOS-UDP-Echo-Server\MXTmpFiles\rtos_threads.tmp
2026-01-13 10:41:07,107 [INFO] CodeEngine:265 - oldGeneratedFile, C:\Users\Chinnapop\STM32CubeIDE\workspace\CKB-LwIP-FreeRTOS-UDP-Echo-Server\Core\Inc\FreeRTOSConfig.h_save
2026-01-13 10:41:07,237 [INFO] CodeEngine:289 - Generated code: C:\Users\Chinnapop\STM32CubeIDE\workspace\CKB-LwIP-FreeRTOS-UDP-Echo-Server\Core\Inc\FreeRTOSConfig.h
2026-01-13 10:41:07,245 [INFO] CodeEngine:265 - oldGeneratedFile, C:\Users\Chinnapop\STM32CubeIDE\workspace\CKB-LwIP-FreeRTOS-UDP-Echo-Server\Core\Src\freertos.c_save
2026-01-13 10:41:07,338 [INFO] CodeEngine:289 - Generated code: C:\Users\Chinnapop\STM32CubeIDE\workspace\CKB-LwIP-FreeRTOS-UDP-Echo-Server\Core\Src\freertos.c
2026-01-13 10:41:07,347 [INFO] CodeEngine:265 - oldGeneratedFile, C:\Users\Chinnapop\STM32CubeIDE\workspace\CKB-LwIP-FreeRTOS-UDP-Echo-Server\MXTmpFiles\cortex.tmp_save
2026-01-13 10:41:07,475 [INFO] CodeEngine:289 - Generated code: C:\Users\Chinnapop\STM32CubeIDE\workspace\CKB-LwIP-FreeRTOS-UDP-Echo-Server\MXTmpFiles\cortex.tmp
2026-01-13 10:41:07,488 [INFO] Middleware:1452 - No code input for Bsp Dependency
2026-01-13 10:41:07,506 [INFO] CodeEngine:265 - oldGeneratedFile, C:\Users\Chinnapop\STM32CubeIDE\workspace\CKB-LwIP-FreeRTOS-UDP-Echo-Server\LWIP\App\lwip.c_save
2026-01-13 10:41:07,669 [INFO] CodeEngine:289 - Generated code: C:\Users\Chinnapop\STM32CubeIDE\workspace\CKB-LwIP-FreeRTOS-UDP-Echo-Server\LWIP\App\lwip.c
2026-01-13 10:41:07,680 [INFO] CodeEngine:265 - oldGeneratedFile, C:\Users\Chinnapop\STM32CubeIDE\workspace\CKB-LwIP-FreeRTOS-UDP-Echo-Server\LWIP\App\lwip.h_save
2026-01-13 10:41:07,791 [INFO] CodeEngine:289 - Generated code: C:\Users\Chinnapop\STM32CubeIDE\workspace\CKB-LwIP-FreeRTOS-UDP-Echo-Server\LWIP\App\lwip.h
2026-01-13 10:41:07,798 [INFO] CodeEngine:265 - oldGeneratedFile, C:\Users\Chinnapop\STM32CubeIDE\workspace\CKB-LwIP-FreeRTOS-UDP-Echo-Server\LWIP\Target\lwipopts.h_save
2026-01-13 10:41:08,051 [INFO] CodeEngine:289 - Generated code: C:\Users\Chinnapop\STM32CubeIDE\workspace\CKB-LwIP-FreeRTOS-UDP-Echo-Server\LWIP\Target\lwipopts.h
2026-01-13 10:41:08,058 [INFO] CodeEngine:265 - oldGeneratedFile, C:\Users\Chinnapop\STM32CubeIDE\workspace\CKB-LwIP-FreeRTOS-UDP-Echo-Server\LWIP\Target\ethernetif.c_save
2026-01-13 10:41:08,207 [INFO] CodeEngine:289 - Generated code: C:\Users\Chinnapop\STM32CubeIDE\workspace\CKB-LwIP-FreeRTOS-UDP-Echo-Server\LWIP\Target\ethernetif.c
2026-01-13 10:41:08,226 [INFO] CodeEngine:265 - oldGeneratedFile, C:\Users\Chinnapop\STM32CubeIDE\workspace\CKB-LwIP-FreeRTOS-UDP-Echo-Server\LWIP\Target\ethernetif.h_save
2026-01-13 10:41:08,290 [INFO] CodeEngine:289 - Generated code: C:\Users\Chinnapop\STM32CubeIDE\workspace\CKB-LwIP-FreeRTOS-UDP-Echo-Server\LWIP\Target\ethernetif.h
2026-01-13 10:41:08,303 [INFO] CodeEngine:265 - oldGeneratedFile, C:\Users\Chinnapop\STM32CubeIDE\workspace\CKB-LwIP-FreeRTOS-UDP-Echo-Server\Core\Src\usart.c_save
2026-01-13 10:41:08,468 [INFO] CodeEngine:289 - Generated code: C:\Users\Chinnapop\STM32CubeIDE\workspace\CKB-LwIP-FreeRTOS-UDP-Echo-Server\Core\Src\usart.c
2026-01-13 10:41:08,475 [INFO] CodeEngine:265 - oldGeneratedFile, C:\Users\Chinnapop\STM32CubeIDE\workspace\CKB-LwIP-FreeRTOS-UDP-Echo-Server\Core\Inc\usart.h_save
2026-01-13 10:41:08,556 [INFO] CodeEngine:289 - Generated code: C:\Users\Chinnapop\STM32CubeIDE\workspace\CKB-LwIP-FreeRTOS-UDP-Echo-Server\Core\Inc\usart.h
2026-01-13 10:41:08,574 [INFO] CodeEngine:265 - oldGeneratedFile, C:\Users\Chinnapop\STM32CubeIDE\workspace\CKB-LwIP-FreeRTOS-UDP-Echo-Server\Core\Src\stm32f7xx_it.c_save
2026-01-13 10:41:08,865 [INFO] CodeEngine:289 - Generated code: C:\Users\Chinnapop\STM32CubeIDE\workspace\CKB-LwIP-FreeRTOS-UDP-Echo-Server\Core\Src\stm32f7xx_it.c
2026-01-13 10:41:08,875 [INFO] CodeEngine:265 - oldGeneratedFile, C:\Users\Chinnapop\STM32CubeIDE\workspace\CKB-LwIP-FreeRTOS-UDP-Echo-Server\Core\Inc\stm32f7xx_it.h_save
2026-01-13 10:41:08,965 [INFO] CodeEngine:289 - Generated code: C:\Users\Chinnapop\STM32CubeIDE\workspace\CKB-LwIP-FreeRTOS-UDP-Echo-Server\Core\Inc\stm32f7xx_it.h
2026-01-13 10:41:09,005 [INFO] CodeEngine:265 - oldGeneratedFile, C:\Users\Chinnapop\STM32CubeIDE\workspace\CKB-LwIP-FreeRTOS-UDP-Echo-Server\Core\Src\stm32f7xx_hal_msp.c_save
2026-01-13 10:41:09,216 [INFO] CodeEngine:289 - Generated code: C:\Users\Chinnapop\STM32CubeIDE\workspace\CKB-LwIP-FreeRTOS-UDP-Echo-Server\Core\Src\stm32f7xx_hal_msp.c
2026-01-13 10:41:09,234 [INFO] CodeEngine:265 - oldGeneratedFile, C:\Users\Chinnapop\STM32CubeIDE\workspace\CKB-LwIP-FreeRTOS-UDP-Echo-Server\MXTmpFiles\system.tmp_save
2026-01-13 10:41:09,301 [INFO] CodeEngine:289 - Generated code: C:\Users\Chinnapop\STM32CubeIDE\workspace\CKB-LwIP-FreeRTOS-UDP-Echo-Server\MXTmpFiles\system.tmp
2026-01-13 10:41:09,309 [INFO] CodeEngine:265 - oldGeneratedFile, C:\Users\Chinnapop\STM32CubeIDE\workspace\CKB-LwIP-FreeRTOS-UDP-Echo-Server\Core\Src\stm32f7xx_hal_timebase_tim.c_save
2026-01-13 10:41:09,407 [INFO] CodeEngine:289 - Generated code: C:\Users\Chinnapop\STM32CubeIDE\workspace\CKB-LwIP-FreeRTOS-UDP-Echo-Server\Core\Src\stm32f7xx_hal_timebase_tim.c
2026-01-13 10:41:09,421 [INFO] CodeEngine:321 - oldGeneratedFile, C:\Users\Chinnapop\STM32CubeIDE\workspace\CKB-LwIP-FreeRTOS-UDP-Echo-Server\Core\Inc\stm32f7xx_hal_conf.h_save
2026-01-13 10:41:09,582 [INFO] CodeEngine:345 - Generated code: C:\Users\Chinnapop\STM32CubeIDE\workspace\CKB-LwIP-FreeRTOS-UDP-Echo-Server\Core\Inc\stm32f7xx_hal_conf.h
2026-01-13 10:41:09,632 [INFO] CodeEngine:265 - oldGeneratedFile, C:\Users\Chinnapop\STM32CubeIDE\workspace\CKB-LwIP-FreeRTOS-UDP-Echo-Server\Core\Inc\main.h_save
2026-01-13 10:41:09,780 [INFO] CodeEngine:289 - Generated code: C:\Users\Chinnapop\STM32CubeIDE\workspace\CKB-LwIP-FreeRTOS-UDP-Echo-Server\Core\Inc\main.h
2026-01-13 10:41:09,785 [INFO] CodeEngine:265 - oldGeneratedFile, C:\Users\Chinnapop\STM32CubeIDE\workspace\CKB-LwIP-FreeRTOS-UDP-Echo-Server\Core\Src\main.c_save
2026-01-13 10:41:09,927 [INFO] CodeEngine:289 - Generated code: C:\Users\Chinnapop\STM32CubeIDE\workspace\CKB-LwIP-FreeRTOS-UDP-Echo-Server\Core\Src\main.c
2026-01-13 10:41:10,632 [INFO] ProjectBuilder:3606 - Time for Copy HAL[1] : 512mS.
2026-01-13 10:41:10,650 [INFO] ProjectBuilder:5216 - Project Generator version: 4.7.0-B52
2026-01-13 10:41:10,761 [INFO] ConfigFileManager:1595 - The Die is : DIE451
2026-01-13 10:41:12,731 [INFO] ProjectBuilder:5496 - Time for Generating toolchain IDE Files: 2080mS.
2026-01-13 10:41:12,732 [INFO] ProjectBuilder:3463 - Time for Copy CMSIS : 1mS.
2026-01-13 10:41:12,760 [INFO] ProjectBuilder:3463 - Time for Copy CMSIS : 0mS.
2026-01-13 10:45:55,630 [INFO] WebApp:194 - Connection lost
2026-01-13 10:45:55,859 [INFO] WebApp:191 - Connection restablished
2026-01-13 10:47:03,118 [INFO] WebApp:194 - Connection lost
2026-01-13 10:47:03,371 [INFO] WebApp:191 - Connection restablished
2026-01-13 10:47:08,175 [INFO] WebApp:194 - Connection lost
2026-01-13 10:47:08,435 [INFO] WebApp:191 - Connection restablished
2026-01-13 10:47:11,318 [INFO] WebApp:194 - Connection lost
2026-01-13 10:47:11,582 [INFO] WebApp:191 - Connection restablished
2026-01-13 10:47:13,661 [INFO] WebApp:194 - Connection lost
2026-01-13 10:47:13,932 [INFO] WebApp:191 - Connection restablished
2026-01-13 10:47:15,210 [INFO] WebApp:194 - Connection lost
2026-01-13 10:47:15,414 [INFO] WebApp:191 - Connection restablished
2026-01-13 10:47:18,643 [INFO] WebApp:194 - Connection lost
2026-01-13 10:47:18,886 [INFO] WebApp:191 - Connection restablished
2026-01-13 10:48:57,646 [INFO] WebApp:194 - Connection lost
2026-01-13 10:49:01,983 [INFO] WebApp:191 - Connection restablished
2026-01-13 11:06:20,396 [INFO] WebApp:194 - Connection lost
2026-01-13 11:06:20,625 [INFO] WebApp:191 - Connection restablished
2026-01-13 11:06:25,147 [INFO] WebApp:194 - Connection lost
2026-01-13 11:06:25,378 [INFO] WebApp:191 - Connection restablished
2026-01-13 11:06:28,296 [INFO] WebApp:194 - Connection lost
2026-01-13 11:06:28,802 [INFO] WebApp:191 - Connection restablished
2026-01-13 11:06:31,014 [INFO] WebApp:194 - Connection lost
2026-01-13 11:06:31,243 [INFO] WebApp:191 - Connection restablished
2026-01-13 11:06:36,133 [INFO] WebApp:194 - Connection lost
2026-01-13 11:06:36,365 [INFO] WebApp:191 - Connection restablished
2026-01-13 11:07:14,613 [INFO] WebApp:194 - Connection lost
2026-01-13 11:07:14,835 [INFO] WebApp:191 - Connection restablished
2026-01-13 11:07:19,639 [INFO] WebApp:194 - Connection lost
2026-01-13 11:07:19,876 [INFO] WebApp:191 - Connection restablished
2026-01-13 11:07:22,781 [INFO] WebApp:194 - Connection lost
2026-01-13 11:07:23,016 [INFO] WebApp:191 - Connection restablished
2026-01-13 11:07:24,816 [INFO] WebApp:194 - Connection lost
2026-01-13 11:07:25,002 [INFO] WebApp:191 - Connection restablished
2026-01-13 11:07:29,656 [INFO] WebApp:194 - Connection lost
2026-01-13 11:07:29,888 [INFO] WebApp:191 - Connection restablished
2026-01-13 11:08:51,199 [INFO] WebApp:194 - Connection lost
2026-01-13 11:08:51,420 [INFO] WebApp:191 - Connection restablished
2026-01-13 11:08:56,128 [INFO] WebApp:194 - Connection lost
2026-01-13 11:08:56,366 [INFO] WebApp:191 - Connection restablished
2026-01-13 11:09:09,537 [INFO] WebApp:194 - Connection lost
2026-01-13 11:09:09,764 [INFO] WebApp:191 - Connection restablished
2026-01-13 11:09:14,643 [INFO] WebApp:194 - Connection lost
2026-01-13 11:09:14,867 [INFO] WebApp:191 - Connection restablished
2026-01-13 11:09:17,796 [INFO] WebApp:194 - Connection lost
2026-01-13 11:09:18,044 [INFO] WebApp:191 - Connection restablished
2026-01-13 11:09:21,126 [INFO] WebApp:194 - Connection lost
2026-01-13 11:09:21,351 [INFO] WebApp:191 - Connection restablished
2026-01-13 11:09:24,621 [INFO] WebApp:194 - Connection lost
2026-01-13 11:09:24,843 [INFO] WebApp:191 - Connection restablished
2026-01-13 11:16:18,203 [INFO] WebApp:194 - Connection lost
2026-01-13 11:16:18,819 [INFO] WebApp:191 - Connection restablished
2026-01-13 11:16:23,122 [INFO] WebApp:194 - Connection lost
2026-01-13 11:16:23,348 [INFO] WebApp:191 - Connection restablished
2026-01-13 11:16:26,268 [INFO] WebApp:194 - Connection lost
2026-01-13 11:16:26,524 [INFO] WebApp:191 - Connection restablished
2026-01-13 11:16:30,238 [INFO] WebApp:194 - Connection lost
2026-01-13 11:16:30,413 [INFO] WebApp:191 - Connection restablished
2026-01-13 11:16:33,694 [INFO] WebApp:194 - Connection lost
2026-01-13 11:16:38,000 [INFO] WebApp:191 - Connection restablished
2026-01-13 11:16:40,729 [INFO] WebApp:194 - Connection lost
2026-01-13 11:16:40,971 [INFO] WebApp:191 - Connection restablished
2026-01-13 11:16:46,129 [INFO] WebApp:194 - Connection lost
2026-01-13 11:16:46,369 [INFO] WebApp:191 - Connection restablished
2026-01-13 11:17:12,259 [INFO] WebApp:194 - Connection lost
2026-01-13 11:17:12,490 [INFO] WebApp:191 - Connection restablished
2026-01-13 11:17:18,182 [INFO] WebApp:194 - Connection lost
2026-01-13 11:17:18,403 [INFO] WebApp:191 - Connection restablished
2026-01-13 11:18:59,529 [INFO] WebApp:194 - Connection lost
2026-01-13 11:18:59,780 [INFO] WebApp:191 - Connection restablished
2026-01-13 11:19:04,637 [INFO] WebApp:194 - Connection lost
2026-01-13 11:19:04,873 [INFO] WebApp:191 - Connection restablished
2026-01-13 11:19:07,781 [INFO] WebApp:194 - Connection lost
2026-01-13 11:19:08,005 [INFO] WebApp:191 - Connection restablished
2026-01-13 11:19:09,824 [INFO] WebApp:194 - Connection lost
2026-01-13 11:19:09,987 [INFO] WebApp:191 - Connection restablished
2026-01-13 11:19:14,636 [INFO] WebApp:194 - Connection lost
2026-01-13 11:19:14,861 [INFO] WebApp:191 - Connection restablished
2026-01-13 11:19:47,647 [INFO] WebApp:194 - Connection lost
2026-01-13 11:19:47,872 [INFO] WebApp:191 - Connection restablished
2026-01-13 11:21:28,556 [INFO] WebApp:194 - Connection lost
2026-01-13 11:21:28,772 [INFO] WebApp:191 - Connection restablished
2026-01-13 11:21:33,654 [INFO] WebApp:194 - Connection lost
2026-01-13 11:21:33,886 [INFO] WebApp:191 - Connection restablished
2026-01-13 11:21:36,775 [INFO] WebApp:194 - Connection lost
2026-01-13 11:21:37,036 [INFO] WebApp:191 - Connection restablished
2026-01-13 11:21:40,153 [INFO] WebApp:194 - Connection lost
2026-01-13 11:21:40,377 [INFO] WebApp:191 - Connection restablished
2026-01-13 11:21:43,630 [INFO] WebApp:194 - Connection lost
2026-01-13 11:21:43,884 [INFO] WebApp:191 - Connection restablished
2026-01-13 11:22:00,455 [INFO] WebApp:194 - Connection lost
2026-01-13 11:22:00,693 [INFO] WebApp:191 - Connection restablished
2026-01-13 11:22:06,127 [INFO] WebApp:194 - Connection lost
2026-01-13 11:22:06,399 [INFO] WebApp:191 - Connection restablished
2026-01-13 11:22:23,344 [INFO] WebApp:194 - Connection lost
2026-01-13 11:22:23,582 [INFO] WebApp:191 - Connection restablished
2026-01-13 11:22:28,124 [INFO] WebApp:194 - Connection lost
2026-01-13 11:22:28,369 [INFO] WebApp:191 - Connection restablished
2026-01-13 11:22:31,292 [INFO] WebApp:194 - Connection lost
2026-01-13 11:22:31,548 [INFO] WebApp:191 - Connection restablished
2026-01-13 11:22:33,289 [INFO] WebApp:194 - Connection lost
2026-01-13 11:22:33,478 [INFO] WebApp:191 - Connection restablished
2026-01-13 11:22:38,155 [INFO] WebApp:194 - Connection lost
2026-01-13 11:22:38,381 [INFO] WebApp:191 - Connection restablished
2026-01-13 11:23:07,289 [INFO] WebApp:194 - Connection lost
2026-01-13 11:23:07,506 [INFO] WebApp:191 - Connection restablished
2026-01-13 11:23:12,129 [INFO] WebApp:194 - Connection lost
2026-01-13 11:23:12,363 [INFO] WebApp:191 - Connection restablished
2026-01-13 11:23:15,321 [INFO] WebApp:194 - Connection lost
2026-01-13 11:23:15,555 [INFO] WebApp:191 - Connection restablished
2026-01-13 11:23:17,384 [INFO] WebApp:194 - Connection lost
2026-01-13 11:23:17,561 [INFO] WebApp:191 - Connection restablished
2026-01-13 11:23:22,121 [INFO] WebApp:194 - Connection lost
2026-01-13 11:23:22,355 [INFO] WebApp:191 - Connection restablished
2026-01-13 11:23:55,116 [INFO] WebApp:194 - Connection lost
2026-01-13 11:23:55,362 [INFO] WebApp:191 - Connection restablished
2026-01-13 11:24:00,128 [INFO] WebApp:194 - Connection lost
2026-01-13 11:24:00,388 [INFO] WebApp:191 - Connection restablished
2026-01-13 11:24:03,289 [INFO] WebApp:194 - Connection lost
2026-01-13 11:24:03,528 [INFO] WebApp:191 - Connection restablished
2026-01-13 11:24:06,646 [INFO] WebApp:194 - Connection lost
2026-01-13 11:24:06,896 [INFO] WebApp:191 - Connection restablished
2026-01-13 11:24:10,193 [INFO] WebApp:194 - Connection lost
2026-01-13 11:24:10,423 [INFO] WebApp:191 - Connection restablished
2026-01-13 11:24:36,685 [INFO] WebApp:194 - Connection lost
2026-01-13 11:24:36,953 [INFO] WebApp:191 - Connection restablished
2026-01-13 11:24:41,717 [INFO] WebApp:194 - Connection lost
2026-01-13 11:24:41,956 [INFO] WebApp:191 - Connection restablished
2026-01-13 11:24:44,796 [INFO] WebApp:194 - Connection lost
2026-01-13 11:24:45,100 [INFO] WebApp:191 - Connection restablished
2026-01-13 11:24:46,862 [INFO] WebApp:194 - Connection lost
2026-01-13 11:24:47,047 [INFO] WebApp:191 - Connection restablished
2026-01-13 11:24:51,645 [INFO] WebApp:194 - Connection lost
2026-01-13 11:24:51,876 [INFO] WebApp:191 - Connection restablished
2026-01-13 11:27:41,655 [INFO] Gpio:278 - dependency for GPIO [ETH, RCC, SYS, USART3]
2026-01-13 11:27:50,871 [WARN] IP:2250 - LWIP_NETIF_HOSTNAME_NAME not found: check if there is a RefParameter without a condition.
2026-01-13 11:27:50,891 [WARN] IP:2250 - LWIP_NETIF_HOSTNAME_NAME not found: check if there is a RefParameter without a condition.
2026-01-13 11:27:50,931 [WARN] IP:2250 - Warning not found: check if there is a RefParameter without a condition.
2026-01-13 11:27:50,931 [WARN] IP:2250 - RxBufferAddress not found: check if there is a RefParameter without a condition.
2026-01-13 11:27:50,931 [WARN] IP:2250 - DESC_SIZE_UNIT not found: check if there is a RefParameter without a condition.
2026-01-13 11:27:50,931 [WARN] IP:2250 - Warning not found: check if there is a RefParameter without a condition.
2026-01-13 11:27:50,931 [WARN] IP:2250 - RxBufferAddress not found: check if there is a RefParameter without a condition.
2026-01-13 11:27:50,931 [WARN] IP:2250 - DESC_SIZE_UNIT not found: check if there is a RefParameter without a condition.
2026-01-13 11:27:51,246 [WARN] IP:2250 - LWIP_NETIF_HOSTNAME_NAME not found: check if there is a RefParameter without a condition.
2026-01-13 11:27:51,290 [WARN] IP:2250 - LWIP_NETIF_HOSTNAME_NAME not found: check if there is a RefParameter without a condition.
2026-01-13 11:27:51,401 [WARN] IP:2250 - Warning not found: check if there is a RefParameter without a condition.
2026-01-13 11:27:51,401 [WARN] IP:2250 - RxBufferAddress not found: check if there is a RefParameter without a condition.
2026-01-13 11:27:51,401 [WARN] IP:2250 - DESC_SIZE_UNIT not found: check if there is a RefParameter without a condition.
2026-01-13 11:27:51,403 [WARN] IP:2250 - Warning not found: check if there is a RefParameter without a condition.
2026-01-13 11:27:51,404 [WARN] IP:2250 - RxBufferAddress not found: check if there is a RefParameter without a condition.
2026-01-13 11:27:51,404 [WARN] IP:2250 - DESC_SIZE_UNIT not found: check if there is a RefParameter without a condition.
2026-01-13 11:27:51,794 [WARN] IP:2250 - LWIP_NETIF_HOSTNAME_NAME not found: check if there is a RefParameter without a condition.
2026-01-13 11:27:51,816 [WARN] IP:2250 - LWIP_NETIF_HOSTNAME_NAME not found: check if there is a RefParameter without a condition.
2026-01-13 11:27:51,867 [WARN] IP:2250 - Warning not found: check if there is a RefParameter without a condition.
2026-01-13 11:27:51,868 [WARN] IP:2250 - RxBufferAddress not found: check if there is a RefParameter without a condition.
2026-01-13 11:27:51,868 [WARN] IP:2250 - DESC_SIZE_UNIT not found: check if there is a RefParameter without a condition.
2026-01-13 11:27:51,868 [WARN] IP:2250 - Warning not found: check if there is a RefParameter without a condition.
2026-01-13 11:27:51,869 [WARN] IP:2250 - RxBufferAddress not found: check if there is a RefParameter without a condition.
2026-01-13 11:27:51,869 [WARN] IP:2250 - DESC_SIZE_UNIT not found: check if there is a RefParameter without a condition.
2026-01-13 11:27:52,064 [WARN] IP:2250 - LWIP_NETIF_HOSTNAME_NAME not found: check if there is a RefParameter without a condition.
2026-01-13 11:27:52,090 [WARN] IP:2250 - LWIP_NETIF_HOSTNAME_NAME not found: check if there is a RefParameter without a condition.
2026-01-13 11:27:52,154 [WARN] IP:2250 - Warning not found: check if there is a RefParameter without a condition.
2026-01-13 11:27:52,155 [WARN] IP:2250 - RxBufferAddress not found: check if there is a RefParameter without a condition.
2026-01-13 11:27:52,155 [WARN] IP:2250 - DESC_SIZE_UNIT not found: check if there is a RefParameter without a condition.
2026-01-13 11:27:52,156 [WARN] IP:2250 - Warning not found: check if there is a RefParameter without a condition.
2026-01-13 11:27:52,157 [WARN] IP:2250 - RxBufferAddress not found: check if there is a RefParameter without a condition.
2026-01-13 11:27:52,157 [WARN] IP:2250 - DESC_SIZE_UNIT not found: check if there is a RefParameter without a condition.
2026-01-13 11:28:02,851 [WARN] IP:2250 - LWIP_NETIF_HOSTNAME_NAME not found: check if there is a RefParameter without a condition.
2026-01-13 11:28:02,898 [WARN] IP:2250 - LWIP_NETIF_HOSTNAME_NAME not found: check if there is a RefParameter without a condition.
2026-01-13 11:28:02,976 [WARN] IP:2250 - Warning not found: check if there is a RefParameter without a condition.
2026-01-13 11:28:02,977 [WARN] IP:2250 - RxBufferAddress not found: check if there is a RefParameter without a condition.
2026-01-13 11:28:02,977 [WARN] IP:2250 - DESC_SIZE_UNIT not found: check if there is a RefParameter without a condition.
2026-01-13 11:28:02,978 [WARN] IP:2250 - Warning not found: check if there is a RefParameter without a condition.
2026-01-13 11:28:02,978 [WARN] IP:2250 - RxBufferAddress not found: check if there is a RefParameter without a condition.
2026-01-13 11:28:02,978 [WARN] IP:2250 - DESC_SIZE_UNIT not found: check if there is a RefParameter without a condition.
2026-01-13 11:28:03,245 [WARN] IP:2250 - LWIP_NETIF_HOSTNAME_NAME not found: check if there is a RefParameter without a condition.
2026-01-13 11:28:03,273 [WARN] IP:2250 - LWIP_NETIF_HOSTNAME_NAME not found: check if there is a RefParameter without a condition.
2026-01-13 11:28:03,336 [WARN] IP:2250 - Warning not found: check if there is a RefParameter without a condition.
2026-01-13 11:28:03,336 [WARN] IP:2250 - RxBufferAddress not found: check if there is a RefParameter without a condition.
2026-01-13 11:28:03,336 [WARN] IP:2250 - DESC_SIZE_UNIT not found: check if there is a RefParameter without a condition.
2026-01-13 11:28:03,337 [WARN] IP:2250 - Warning not found: check if there is a RefParameter without a condition.
2026-01-13 11:28:03,337 [WARN] IP:2250 - RxBufferAddress not found: check if there is a RefParameter without a condition.
2026-01-13 11:28:03,337 [WARN] IP:2250 - DESC_SIZE_UNIT not found: check if there is a RefParameter without a condition.
2026-01-13 11:28:06,994 [INFO] UtilMem:75 - End SaveConfig() Used Memory: 985426120 Bytes (1073741824)
2026-01-13 11:28:08,795 [INFO] UtilMem:75 - End SaveConfig() Used Memory: 992329120 Bytes (1073741824)
2026-01-13 11:28:09,561 [INFO] BlockDiagram:2775 - set Specific Code input for plugin: FREERTOS
2026-01-13 11:28:09,561 [INFO] BlockDiagram:2775 - set Specific Code input for plugin: SYS
2026-01-13 11:28:09,561 [INFO] BlockDiagram:2775 - set Specific Code input for plugin: RCC
2026-01-13 11:28:09,561 [INFO] BlockDiagram:2775 - set Specific Code input for plugin: NVIC
2026-01-13 11:28:09,561 [INFO] BlockDiagram:2775 - set Specific Code input for plugin: LWIP
2026-01-13 11:28:09,561 [INFO] BlockDiagram:2775 - set Specific Code input for plugin: USART
2026-01-13 11:28:09,561 [INFO] BlockDiagram:2775 - set Specific Code input for plugin: CORTEX_M7
2026-01-13 11:28:09,562 [INFO] BlockDiagram:2775 - set Specific Code input for plugin: GPIO
2026-01-13 11:28:09,562 [INFO] BlockDiagram:2775 - set Specific Code input for plugin: ETH
2026-01-13 11:28:09,565 [INFO] CodeGenerator:892 - code generatio: config db path: C:/Users/Chinnapop/.stm32cubemx/databases/DB.6.0.141/db/
2026-01-13 11:28:09,576 [WARN] IP:2250 - Warning not found: check if there is a RefParameter without a condition.
2026-01-13 11:28:09,576 [WARN] IP:2250 - RxBufferAddress not found: check if there is a RefParameter without a condition.
2026-01-13 11:28:09,576 [WARN] IP:2250 - DESC_SIZE_UNIT not found: check if there is a RefParameter without a condition.
2026-01-13 11:28:09,593 [WARN] IP:2250 - LWIP_NETIF_HOSTNAME_NAME not found: check if there is a RefParameter without a condition.
2026-01-13 11:28:09,851 [INFO] CodeEngine:265 - oldGeneratedFile, C:\Users\Chinnapop\STM32CubeIDE\workspace\CKB-LwIP-FreeRTOS-UDP-Echo-Server\MXTmpFiles\license.tmp_save
2026-01-13 11:28:10,299 [INFO] CodeEngine:289 - Generated code: C:\Users\Chinnapop\STM32CubeIDE\workspace\CKB-LwIP-FreeRTOS-UDP-Echo-Server\MXTmpFiles\license.tmp
2026-01-13 11:28:10,361 [INFO] CodeEngine:265 - oldGeneratedFile, C:\Users\Chinnapop\STM32CubeIDE\workspace\CKB-LwIP-FreeRTOS-UDP-Echo-Server\Core\Src\gpio.c_save
2026-01-13 11:28:10,623 [INFO] CodeEngine:289 - Generated code: C:\Users\Chinnapop\STM32CubeIDE\workspace\CKB-LwIP-FreeRTOS-UDP-Echo-Server\Core\Src\gpio.c
2026-01-13 11:28:10,632 [INFO] CodeEngine:265 - oldGeneratedFile, C:\Users\Chinnapop\STM32CubeIDE\workspace\CKB-LwIP-FreeRTOS-UDP-Echo-Server\Core\Inc\gpio.h_save
2026-01-13 11:28:10,758 [INFO] CodeEngine:289 - Generated code: C:\Users\Chinnapop\STM32CubeIDE\workspace\CKB-LwIP-FreeRTOS-UDP-Echo-Server\Core\Inc\gpio.h
2026-01-13 11:28:10,849 [INFO] CodeEngine:265 - oldGeneratedFile, C:\Users\Chinnapop\STM32CubeIDE\workspace\CKB-LwIP-FreeRTOS-UDP-Echo-Server\MXTmpFiles\eth_vars.tmp_save
2026-01-13 11:28:11,039 [INFO] CodeEngine:289 - Generated code: C:\Users\Chinnapop\STM32CubeIDE\workspace\CKB-LwIP-FreeRTOS-UDP-Echo-Server\MXTmpFiles\eth_vars.tmp
2026-01-13 11:28:11,047 [INFO] CodeEngine:265 - oldGeneratedFile, C:\Users\Chinnapop\STM32CubeIDE\workspace\CKB-LwIP-FreeRTOS-UDP-Echo-Server\MXTmpFiles\eth_inc.tmp_save
2026-01-13 11:28:11,149 [INFO] CodeEngine:289 - Generated code: C:\Users\Chinnapop\STM32CubeIDE\workspace\CKB-LwIP-FreeRTOS-UDP-Echo-Server\MXTmpFiles\eth_inc.tmp
2026-01-13 11:28:11,158 [INFO] CodeEngine:265 - oldGeneratedFile, C:\Users\Chinnapop\STM32CubeIDE\workspace\CKB-LwIP-FreeRTOS-UDP-Echo-Server\MXTmpFiles\eth_HalInit.tmp_save
2026-01-13 11:28:11,327 [INFO] CodeEngine:289 - Generated code: C:\Users\Chinnapop\STM32CubeIDE\workspace\CKB-LwIP-FreeRTOS-UDP-Echo-Server\MXTmpFiles\eth_HalInit.tmp
2026-01-13 11:28:11,336 [INFO] CodeEngine:265 - oldGeneratedFile, C:\Users\Chinnapop\STM32CubeIDE\workspace\CKB-LwIP-FreeRTOS-UDP-Echo-Server\MXTmpFiles\eth_Msp.tmp_save
2026-01-13 11:28:11,488 [INFO] CodeEngine:289 - Generated code: C:\Users\Chinnapop\STM32CubeIDE\workspace\CKB-LwIP-FreeRTOS-UDP-Echo-Server\MXTmpFiles\eth_Msp.tmp
2026-01-13 11:28:11,689 [INFO] Middleware:1452 - No code input for Bsp Dependency
2026-01-13 11:28:11,698 [INFO] CodeEngine:265 - oldGeneratedFile, C:\Users\Chinnapop\STM32CubeIDE\workspace\CKB-LwIP-FreeRTOS-UDP-Echo-Server\MXTmpFiles\rtos_inc.tmp_save
2026-01-13 11:28:11,866 [INFO] CodeEngine:289 - Generated code: C:\Users\Chinnapop\STM32CubeIDE\workspace\CKB-LwIP-FreeRTOS-UDP-Echo-Server\MXTmpFiles\rtos_inc.tmp
2026-01-13 11:28:11,873 [INFO] CodeEngine:265 - oldGeneratedFile, C:\Users\Chinnapop\STM32CubeIDE\workspace\CKB-LwIP-FreeRTOS-UDP-Echo-Server\MXTmpFiles\rtos_vars.tmp_save
2026-01-13 11:28:11,988 [INFO] CodeEngine:289 - Generated code: C:\Users\Chinnapop\STM32CubeIDE\workspace\CKB-LwIP-FreeRTOS-UDP-Echo-Server\MXTmpFiles\rtos_vars.tmp
2026-01-13 11:28:11,996 [INFO] CodeEngine:265 - oldGeneratedFile, C:\Users\Chinnapop\STM32CubeIDE\workspace\CKB-LwIP-FreeRTOS-UDP-Echo-Server\MXTmpFiles\rtos_pfp.tmp_save
2026-01-13 11:28:12,107 [INFO] CodeEngine:289 - Generated code: C:\Users\Chinnapop\STM32CubeIDE\workspace\CKB-LwIP-FreeRTOS-UDP-Echo-Server\MXTmpFiles\rtos_pfp.tmp
2026-01-13 11:28:12,121 [INFO] CodeEngine:265 - oldGeneratedFile, C:\Users\Chinnapop\STM32CubeIDE\workspace\CKB-LwIP-FreeRTOS-UDP-Echo-Server\MXTmpFiles\rtos_obj_creat.tmp_save
2026-01-13 11:28:12,225 [INFO] CodeEngine:289 - Generated code: C:\Users\Chinnapop\STM32CubeIDE\workspace\CKB-LwIP-FreeRTOS-UDP-Echo-Server\MXTmpFiles\rtos_obj_creat.tmp
2026-01-13 11:28:12,233 [INFO] CodeEngine:265 - oldGeneratedFile, C:\Users\Chinnapop\STM32CubeIDE\workspace\CKB-LwIP-FreeRTOS-UDP-Echo-Server\MXTmpFiles\rtos_kernelStart.tmp_save
2026-01-13 11:28:12,330 [INFO] CodeEngine:289 - Generated code: C:\Users\Chinnapop\STM32CubeIDE\workspace\CKB-LwIP-FreeRTOS-UDP-Echo-Server\MXTmpFiles\rtos_kernelStart.tmp
2026-01-13 11:28:12,339 [INFO] CodeEngine:265 - oldGeneratedFile, C:\Users\Chinnapop\STM32CubeIDE\workspace\CKB-LwIP-FreeRTOS-UDP-Echo-Server\MXTmpFiles\rtos_default_thread.tmp_save
2026-01-13 11:28:12,434 [INFO] CodeEngine:289 - Generated code: C:\Users\Chinnapop\STM32CubeIDE\workspace\CKB-LwIP-FreeRTOS-UDP-Echo-Server\MXTmpFiles\rtos_default_thread.tmp
2026-01-13 11:28:12,441 [INFO] CodeEngine:265 - oldGeneratedFile, C:\Users\Chinnapop\STM32CubeIDE\workspace\CKB-LwIP-FreeRTOS-UDP-Echo-Server\MXTmpFiles\rtos_threads.tmp_save
2026-01-13 11:28:12,551 [INFO] CodeEngine:289 - Generated code: C:\Users\Chinnapop\STM32CubeIDE\workspace\CKB-LwIP-FreeRTOS-UDP-Echo-Server\MXTmpFiles\rtos_threads.tmp
2026-01-13 11:28:12,570 [INFO] Middleware:1452 - No code input for Bsp Dependency
2026-01-13 11:28:12,597 [INFO] Middleware:1452 - No code input for Bsp Dependency
2026-01-13 11:28:12,608 [INFO] CodeEngine:265 - oldGeneratedFile, C:\Users\Chinnapop\STM32CubeIDE\workspace\CKB-LwIP-FreeRTOS-UDP-Echo-Server\MXTmpFiles\rtos_inc.tmp_save
2026-01-13 11:28:12,758 [INFO] CodeEngine:289 - Generated code: C:\Users\Chinnapop\STM32CubeIDE\workspace\CKB-LwIP-FreeRTOS-UDP-Echo-Server\MXTmpFiles\rtos_inc.tmp
2026-01-13 11:28:12,766 [INFO] CodeEngine:265 - oldGeneratedFile, C:\Users\Chinnapop\STM32CubeIDE\workspace\CKB-LwIP-FreeRTOS-UDP-Echo-Server\MXTmpFiles\rtos_vars.tmp_save
2026-01-13 11:28:12,855 [INFO] CodeEngine:289 - Generated code: C:\Users\Chinnapop\STM32CubeIDE\workspace\CKB-LwIP-FreeRTOS-UDP-Echo-Server\MXTmpFiles\rtos_vars.tmp
2026-01-13 11:28:12,862 [INFO] CodeEngine:265 - oldGeneratedFile, C:\Users\Chinnapop\STM32CubeIDE\workspace\CKB-LwIP-FreeRTOS-UDP-Echo-Server\MXTmpFiles\rtos_pfp.tmp_save
2026-01-13 11:28:12,939 [INFO] CodeEngine:289 - Generated code: C:\Users\Chinnapop\STM32CubeIDE\workspace\CKB-LwIP-FreeRTOS-UDP-Echo-Server\MXTmpFiles\rtos_pfp.tmp
2026-01-13 11:28:12,947 [INFO] CodeEngine:265 - oldGeneratedFile, C:\Users\Chinnapop\STM32CubeIDE\workspace\CKB-LwIP-FreeRTOS-UDP-Echo-Server\MXTmpFiles\rtos_obj_creat.tmp_save
2026-01-13 11:28:13,088 [INFO] CodeEngine:289 - Generated code: C:\Users\Chinnapop\STM32CubeIDE\workspace\CKB-LwIP-FreeRTOS-UDP-Echo-Server\MXTmpFiles\rtos_obj_creat.tmp
2026-01-13 11:28:13,100 [INFO] CodeEngine:265 - oldGeneratedFile, C:\Users\Chinnapop\STM32CubeIDE\workspace\CKB-LwIP-FreeRTOS-UDP-Echo-Server\MXTmpFiles\rtos_kernelStart.tmp_save
2026-01-13 11:28:13,216 [INFO] CodeEngine:289 - Generated code: C:\Users\Chinnapop\STM32CubeIDE\workspace\CKB-LwIP-FreeRTOS-UDP-Echo-Server\MXTmpFiles\rtos_kernelStart.tmp
2026-01-13 11:28:13,227 [INFO] CodeEngine:265 - oldGeneratedFile, C:\Users\Chinnapop\STM32CubeIDE\workspace\CKB-LwIP-FreeRTOS-UDP-Echo-Server\MXTmpFiles\rtos_default_thread.tmp_save
2026-01-13 11:28:13,382 [INFO] CodeEngine:289 - Generated code: C:\Users\Chinnapop\STM32CubeIDE\workspace\CKB-LwIP-FreeRTOS-UDP-Echo-Server\MXTmpFiles\rtos_default_thread.tmp
2026-01-13 11:28:13,397 [INFO] CodeEngine:265 - oldGeneratedFile, C:\Users\Chinnapop\STM32CubeIDE\workspace\CKB-LwIP-FreeRTOS-UDP-Echo-Server\MXTmpFiles\rtos_threads.tmp_save
2026-01-13 11:28:13,550 [INFO] CodeEngine:289 - Generated code: C:\Users\Chinnapop\STM32CubeIDE\workspace\CKB-LwIP-FreeRTOS-UDP-Echo-Server\MXTmpFiles\rtos_threads.tmp
2026-01-13 11:28:13,566 [INFO] CodeEngine:265 - oldGeneratedFile, C:\Users\Chinnapop\STM32CubeIDE\workspace\CKB-LwIP-FreeRTOS-UDP-Echo-Server\Core\Inc\FreeRTOSConfig.h_save
2026-01-13 11:28:13,854 [INFO] CodeEngine:289 - Generated code: C:\Users\Chinnapop\STM32CubeIDE\workspace\CKB-LwIP-FreeRTOS-UDP-Echo-Server\Core\Inc\FreeRTOSConfig.h
2026-01-13 11:28:13,875 [INFO] CodeEngine:265 - oldGeneratedFile, C:\Users\Chinnapop\STM32CubeIDE\workspace\CKB-LwIP-FreeRTOS-UDP-Echo-Server\Core\Src\freertos.c_save
2026-01-13 11:28:14,010 [INFO] CodeEngine:289 - Generated code: C:\Users\Chinnapop\STM32CubeIDE\workspace\CKB-LwIP-FreeRTOS-UDP-Echo-Server\Core\Src\freertos.c
2026-01-13 11:28:14,020 [INFO] CodeEngine:265 - oldGeneratedFile, C:\Users\Chinnapop\STM32CubeIDE\workspace\CKB-LwIP-FreeRTOS-UDP-Echo-Server\MXTmpFiles\cortex.tmp_save
2026-01-13 11:28:14,154 [INFO] CodeEngine:289 - Generated code: C:\Users\Chinnapop\STM32CubeIDE\workspace\CKB-LwIP-FreeRTOS-UDP-Echo-Server\MXTmpFiles\cortex.tmp
2026-01-13 11:28:14,172 [INFO] Middleware:1452 - No code input for Bsp Dependency
2026-01-13 11:28:14,196 [INFO] CodeEngine:265 - oldGeneratedFile, C:\Users\Chinnapop\STM32CubeIDE\workspace\CKB-LwIP-FreeRTOS-UDP-Echo-Server\LWIP\App\lwip.c_save
2026-01-13 11:28:14,381 [INFO] CodeEngine:289 - Generated code: C:\Users\Chinnapop\STM32CubeIDE\workspace\CKB-LwIP-FreeRTOS-UDP-Echo-Server\LWIP\App\lwip.c
2026-01-13 11:28:14,390 [INFO] CodeEngine:265 - oldGeneratedFile, C:\Users\Chinnapop\STM32CubeIDE\workspace\CKB-LwIP-FreeRTOS-UDP-Echo-Server\LWIP\App\lwip.h_save
2026-01-13 11:28:14,507 [INFO] CodeEngine:289 - Generated code: C:\Users\Chinnapop\STM32CubeIDE\workspace\CKB-LwIP-FreeRTOS-UDP-Echo-Server\LWIP\App\lwip.h
2026-01-13 11:28:14,524 [INFO] CodeEngine:265 - oldGeneratedFile, C:\Users\Chinnapop\STM32CubeIDE\workspace\CKB-LwIP-FreeRTOS-UDP-Echo-Server\LWIP\Target\lwipopts.h_save
2026-01-13 11:28:14,861 [INFO] CodeEngine:289 - Generated code: C:\Users\Chinnapop\STM32CubeIDE\workspace\CKB-LwIP-FreeRTOS-UDP-Echo-Server\LWIP\Target\lwipopts.h
2026-01-13 11:28:14,879 [INFO] CodeEngine:265 - oldGeneratedFile, C:\Users\Chinnapop\STM32CubeIDE\workspace\CKB-LwIP-FreeRTOS-UDP-Echo-Server\LWIP\Target\ethernetif.c_save
2026-01-13 11:28:15,071 [INFO] CodeEngine:289 - Generated code: C:\Users\Chinnapop\STM32CubeIDE\workspace\CKB-LwIP-FreeRTOS-UDP-Echo-Server\LWIP\Target\ethernetif.c
2026-01-13 11:28:15,090 [INFO] CodeEngine:265 - oldGeneratedFile, C:\Users\Chinnapop\STM32CubeIDE\workspace\CKB-LwIP-FreeRTOS-UDP-Echo-Server\LWIP\Target\ethernetif.h_save
2026-01-13 11:28:15,177 [INFO] CodeEngine:289 - Generated code: C:\Users\Chinnapop\STM32CubeIDE\workspace\CKB-LwIP-FreeRTOS-UDP-Echo-Server\LWIP\Target\ethernetif.h
2026-01-13 11:28:15,194 [INFO] CodeEngine:265 - oldGeneratedFile, C:\Users\Chinnapop\STM32CubeIDE\workspace\CKB-LwIP-FreeRTOS-UDP-Echo-Server\Core\Src\usart.c_save
2026-01-13 11:28:15,406 [INFO] CodeEngine:289 - Generated code: C:\Users\Chinnapop\STM32CubeIDE\workspace\CKB-LwIP-FreeRTOS-UDP-Echo-Server\Core\Src\usart.c
2026-01-13 11:28:15,415 [INFO] CodeEngine:265 - oldGeneratedFile, C:\Users\Chinnapop\STM32CubeIDE\workspace\CKB-LwIP-FreeRTOS-UDP-Echo-Server\Core\Inc\usart.h_save
2026-01-13 11:28:15,532 [INFO] CodeEngine:289 - Generated code: C:\Users\Chinnapop\STM32CubeIDE\workspace\CKB-LwIP-FreeRTOS-UDP-Echo-Server\Core\Inc\usart.h
2026-01-13 11:28:15,555 [INFO] CodeEngine:265 - oldGeneratedFile, C:\Users\Chinnapop\STM32CubeIDE\workspace\CKB-LwIP-FreeRTOS-UDP-Echo-Server\Core\Src\stm32f7xx_it.c_save
2026-01-13 11:28:15,852 [INFO] CodeEngine:289 - Generated code: C:\Users\Chinnapop\STM32CubeIDE\workspace\CKB-LwIP-FreeRTOS-UDP-Echo-Server\Core\Src\stm32f7xx_it.c
2026-01-13 11:28:15,862 [INFO] CodeEngine:265 - oldGeneratedFile, C:\Users\Chinnapop\STM32CubeIDE\workspace\CKB-LwIP-FreeRTOS-UDP-Echo-Server\Core\Inc\stm32f7xx_it.h_save
2026-01-13 11:28:15,958 [INFO] CodeEngine:289 - Generated code: C:\Users\Chinnapop\STM32CubeIDE\workspace\CKB-LwIP-FreeRTOS-UDP-Echo-Server\Core\Inc\stm32f7xx_it.h
2026-01-13 11:28:15,995 [INFO] CodeEngine:265 - oldGeneratedFile, C:\Users\Chinnapop\STM32CubeIDE\workspace\CKB-LwIP-FreeRTOS-UDP-Echo-Server\Core\Src\stm32f7xx_hal_msp.c_save
2026-01-13 11:28:16,184 [INFO] CodeEngine:289 - Generated code: C:\Users\Chinnapop\STM32CubeIDE\workspace\CKB-LwIP-FreeRTOS-UDP-Echo-Server\Core\Src\stm32f7xx_hal_msp.c
2026-01-13 11:28:16,205 [INFO] CodeEngine:265 - oldGeneratedFile, C:\Users\Chinnapop\STM32CubeIDE\workspace\CKB-LwIP-FreeRTOS-UDP-Echo-Server\MXTmpFiles\system.tmp_save
2026-01-13 11:28:16,286 [INFO] CodeEngine:289 - Generated code: C:\Users\Chinnapop\STM32CubeIDE\workspace\CKB-LwIP-FreeRTOS-UDP-Echo-Server\MXTmpFiles\system.tmp
2026-01-13 11:28:16,297 [INFO] CodeEngine:265 - oldGeneratedFile, C:\Users\Chinnapop\STM32CubeIDE\workspace\CKB-LwIP-FreeRTOS-UDP-Echo-Server\Core\Src\stm32f7xx_hal_timebase_tim.c_save
2026-01-13 11:28:16,439 [INFO] CodeEngine:289 - Generated code: C:\Users\Chinnapop\STM32CubeIDE\workspace\CKB-LwIP-FreeRTOS-UDP-Echo-Server\Core\Src\stm32f7xx_hal_timebase_tim.c
2026-01-13 11:28:16,455 [INFO] CodeEngine:321 - oldGeneratedFile, C:\Users\Chinnapop\STM32CubeIDE\workspace\CKB-LwIP-FreeRTOS-UDP-Echo-Server\Core\Inc\stm32f7xx_hal_conf.h_save
2026-01-13 11:28:16,762 [INFO] CodeEngine:345 - Generated code: C:\Users\Chinnapop\STM32CubeIDE\workspace\CKB-LwIP-FreeRTOS-UDP-Echo-Server\Core\Inc\stm32f7xx_hal_conf.h
2026-01-13 11:28:16,877 [INFO] CodeEngine:265 - oldGeneratedFile, C:\Users\Chinnapop\STM32CubeIDE\workspace\CKB-LwIP-FreeRTOS-UDP-Echo-Server\Core\Inc\main.h_save
2026-01-13 11:28:17,225 [INFO] CodeEngine:289 - Generated code: C:\Users\Chinnapop\STM32CubeIDE\workspace\CKB-LwIP-FreeRTOS-UDP-Echo-Server\Core\Inc\main.h
2026-01-13 11:28:17,236 [INFO] CodeEngine:265 - oldGeneratedFile, C:\Users\Chinnapop\STM32CubeIDE\workspace\CKB-LwIP-FreeRTOS-UDP-Echo-Server\Core\Src\main.c_save
2026-01-13 11:28:17,422 [INFO] CodeEngine:289 - Generated code: C:\Users\Chinnapop\STM32CubeIDE\workspace\CKB-LwIP-FreeRTOS-UDP-Echo-Server\Core\Src\main.c
2026-01-13 11:28:18,475 [INFO] ProjectBuilder:3606 - Time for Copy HAL[1] : 815mS.
2026-01-13 11:28:18,489 [INFO] ProjectBuilder:5216 - Project Generator version: 4.7.0-B52
2026-01-13 11:28:18,610 [INFO] ConfigFileManager:1595 - The Die is : DIE451
2026-01-13 11:28:25,950 [INFO] ProjectBuilder:5496 - Time for Generating toolchain IDE Files: 7461mS.
2026-01-13 11:28:25,952 [INFO] ProjectBuilder:3463 - Time for Copy CMSIS : 0mS.
2026-01-13 11:28:25,972 [INFO] ProjectBuilder:3463 - Time for Copy CMSIS : 0mS.
2026-01-13 11:37:11,204 [INFO] WebApp:194 - Connection lost
2026-01-13 11:37:11,479 [INFO] WebApp:191 - Connection restablished
2026-01-13 11:40:12,676 [INFO] WebApp:194 - Connection lost
2026-01-13 11:40:12,938 [INFO] WebApp:191 - Connection restablished
2026-01-13 11:40:17,649 [INFO] WebApp:194 - Connection lost
2026-01-13 11:40:17,894 [INFO] WebApp:191 - Connection restablished
2026-01-13 12:02:18,020 [INFO] WebApp:194 - Connection lost
2026-01-13 12:02:18,247 [INFO] WebApp:191 - Connection restablished
2026-01-13 12:02:23,114 [INFO] WebApp:194 - Connection lost
2026-01-13 12:02:23,372 [INFO] WebApp:191 - Connection restablished
2026-01-13 12:02:26,363 [INFO] WebApp:194 - Connection lost
2026-01-13 12:02:26,601 [INFO] WebApp:191 - Connection restablished
2026-01-13 12:02:30,679 [INFO] WebApp:194 - Connection lost
2026-01-13 12:02:30,932 [INFO] WebApp:191 - Connection restablished
2026-01-13 12:02:34,151 [INFO] WebApp:194 - Connection lost
2026-01-13 12:02:34,384 [INFO] WebApp:191 - Connection restablished
2026-01-13 12:02:58,969 [INFO] WebApp:194 - Connection lost
2026-01-13 12:02:59,211 [INFO] WebApp:191 - Connection restablished
2026-01-13 12:03:04,691 [INFO] WebApp:194 - Connection lost
2026-01-13 12:03:04,936 [INFO] WebApp:191 - Connection restablished
2026-01-13 12:03:08,009 [INFO] WebApp:194 - Connection lost
2026-01-13 12:03:08,276 [INFO] WebApp:191 - Connection restablished
2026-01-13 12:03:13,689 [INFO] WebApp:194 - Connection lost
2026-01-13 12:03:13,917 [INFO] WebApp:191 - Connection restablished
2026-01-13 12:03:44,175 [INFO] WebApp:194 - Connection lost
2026-01-13 12:03:44,488 [INFO] WebApp:191 - Connection restablished
2026-01-13 12:03:49,140 [INFO] WebApp:194 - Connection lost
2026-01-13 12:03:49,415 [INFO] WebApp:191 - Connection restablished
2026-01-13 12:03:52,303 [INFO] WebApp:194 - Connection lost
2026-01-13 12:03:52,521 [INFO] WebApp:191 - Connection restablished
2026-01-13 12:03:54,360 [INFO] WebApp:194 - Connection lost
2026-01-13 12:03:54,604 [INFO] WebApp:191 - Connection restablished
2026-01-13 12:03:59,209 [INFO] WebApp:194 - Connection lost
2026-01-13 12:03:59,461 [INFO] WebApp:191 - Connection restablished
2026-01-13 12:05:06,119 [INFO] WebApp:194 - Connection lost
2026-01-13 12:05:06,367 [INFO] WebApp:191 - Connection restablished
2026-01-13 12:06:21,498 [INFO] WebApp:194 - Connection lost
2026-01-13 12:06:21,726 [INFO] WebApp:191 - Connection restablished
2026-01-13 12:06:26,624 [INFO] WebApp:194 - Connection lost
2026-01-13 12:06:26,847 [INFO] WebApp:191 - Connection restablished
2026-01-13 12:07:47,553 [INFO] WebApp:194 - Connection lost
2026-01-13 12:07:47,767 [INFO] WebApp:191 - Connection restablished
2026-01-13 12:07:52,649 [INFO] WebApp:194 - Connection lost
2026-01-13 12:07:52,882 [INFO] WebApp:191 - Connection restablished
2026-01-13 12:07:56,832 [INFO] WebApp:194 - Connection lost
2026-01-13 12:07:57,056 [INFO] WebApp:191 - Connection restablished
2026-01-13 12:08:01,620 [INFO] WebApp:194 - Connection lost
2026-01-13 12:08:01,825 [INFO] WebApp:191 - Connection restablished
2026-01-13 12:08:25,638 [INFO] WebApp:194 - Connection lost
2026-01-13 12:08:25,839 [INFO] WebApp:191 - Connection restablished
2026-01-13 12:08:30,624 [INFO] WebApp:194 - Connection lost
2026-01-13 12:08:30,847 [INFO] WebApp:191 - Connection restablished
2026-01-13 12:08:33,755 [INFO] WebApp:194 - Connection lost
2026-01-13 12:08:33,959 [INFO] WebApp:191 - Connection restablished
2026-01-13 12:08:35,788 [INFO] WebApp:194 - Connection lost
2026-01-13 12:08:35,930 [INFO] WebApp:191 - Connection restablished
2026-01-13 12:08:40,652 [INFO] WebApp:194 - Connection lost
2026-01-13 12:08:40,900 [INFO] WebApp:191 - Connection restablished
2026-01-13 12:10:02,960 [INFO] WebApp:194 - Connection lost
2026-01-13 12:10:03,206 [INFO] WebApp:191 - Connection restablished
2026-01-13 12:10:49,654 [INFO] WebApp:194 - Connection lost
2026-01-13 12:10:49,899 [INFO] WebApp:191 - Connection restablished
2026-01-13 12:18:12,659 [INFO] WebApp:194 - Connection lost
2026-01-13 12:18:12,895 [INFO] WebApp:191 - Connection restablished
2026-01-13 12:21:14,669 [INFO] WebApp:194 - Connection lost
2026-01-13 12:21:14,925 [INFO] WebApp:191 - Connection restablished
