2025-03-17 15:48:51,616 [INFO] Activator:176 - 


2025-03-17 15:48:51,622 [INFO] Activator:177 - !SESSION log4j initialized
2025-03-17 15:48:57,670 [INFO] LogOutputStream:77 - [STDOUT_REDIRECT] 
2025-03-17 15:49:03,820 [INFO] ApplicationProperties:184 - Using Application install path: C:\ST\STM32CubeIDE_1.16.1\STM32CubeIDE\plugins\com.st.stm32cube.common.mx_6.13.0.202411220809
2025-03-17 15:49:03,838 [INFO] DbMcusXml:78 - Set database path to: C:\ST\STM32CubeIDE_1.16.1\STM32CubeIDE\plugins\com.st.stm32cube.common.mx_6.13.0.202411220809\\db\/mcu/
2025-03-17 15:49:03,838 [INFO] ApiDb:274 - Set plugin database path to: C:\ST\STM32CubeIDE_1.16.1\STM32CubeIDE\plugins\com.st.stm32cube.common.mx_6.13.0.202411220809\\db\/plugins/boardmanager/
2025-03-17 15:49:03,839 [WARN] ApiDb:259 - Overriding images path with different value:  => C:\ST\STM32CubeIDE_1.16.1\STM32CubeIDE\plugins\com.st.stm32cube.common.mx_6.13.0.202411220809\\db\/plugins/mcufinder/images/
2025-03-17 15:49:03,853 [INFO] ApiDb:250 - Set database path to: C:\Users\Chinnapop\.stmcufinder\plugins\mcufinder//mcu/
2025-03-17 15:49:03,855 [INFO] DbMcusAds:125 - Set database path to: C:\Users\Chinnapop\.stmcufinder\plugins\mcufinder//mcu/
2025-03-17 15:49:03,858 [INFO] CrossReferenceDbSqlite:203 - Set database path to: C:\Users\Chinnapop\.stmcufinder\plugins\mcufinder//mcu/cs/
2025-03-17 15:49:03,963 [INFO] RulesReader:64 - Compatibility file has been processed (297 Rules)
2025-03-17 15:49:04,039 [INFO] DbMcusXml:78 - Set database path to: C:\ST\STM32CubeIDE_1.16.1\STM32CubeIDE\plugins\com.st.stm32cube.common.mx_6.13.0.202411220809\\db\/mcu/
2025-03-17 15:49:04,039 [INFO] ApiDb:274 - Set plugin database path to: C:\ST\STM32CubeIDE_1.16.1\STM32CubeIDE\plugins\com.st.stm32cube.common.mx_6.13.0.202411220809\\db\/plugins/boardmanager/
2025-03-17 15:49:04,039 [INFO] ApiDb:261 - Set plugin images path to: C:\ST\STM32CubeIDE_1.16.1\STM32CubeIDE\plugins\com.st.stm32cube.common.mx_6.13.0.202411220809\\db\/plugins/mcufinder/images/
2025-03-17 15:49:04,040 [WARN] DbFile:41 - Overriding database path with different value: C:\Users\Chinnapop\.stmcufinder\plugins\mcufinder/ => C:\Users\Chinnapop\.stmcufinder\plugins\mcufinder
2025-03-17 15:49:04,040 [INFO] ApiDb:250 - Set database path to: C:\Users\Chinnapop\.stmcufinder\plugins\mcufinder//mcu/
2025-03-17 15:49:04,040 [WARN] DbFile:41 - Overriding database path with different value: C:\Users\Chinnapop\.stmcufinder\plugins\mcufinder/ => C:\Users\Chinnapop\.stmcufinder\plugins\mcufinder
2025-03-17 15:49:04,040 [INFO] DbMcusAds:125 - Set database path to: C:\Users\Chinnapop\.stmcufinder\plugins\mcufinder//mcu/
2025-03-17 15:49:04,040 [WARN] DbFile:41 - Overriding database path with different value: C:\Users\Chinnapop\.stmcufinder\plugins\mcufinder/ => C:\Users\Chinnapop\.stmcufinder\plugins\mcufinder
2025-03-17 15:49:04,040 [WARN] DbFile:41 - Overriding database path with different value: C:\Users\Chinnapop\.stmcufinder\plugins\mcufinder/ => C:\Users\Chinnapop\.stmcufinder\plugins\mcufinder
2025-03-17 15:49:04,041 [INFO] CrossReferenceDbSqlite:203 - Set database path to: C:\Users\Chinnapop\.stmcufinder\plugins\mcufinder//mcu/cs/
2025-03-17 15:49:04,116 [INFO] MainPanel:272 - HeapMemory: 268435456
2025-03-17 15:49:04,220 [INFO] DbMcusXml:78 - Set database path to: C:\ST\STM32CubeIDE_1.16.1\STM32CubeIDE\plugins\com.st.stm32cube.common.mx_6.13.0.202411220809\\db\/mcu/
2025-03-17 15:49:04,220 [INFO] ApiDb:274 - Set plugin database path to: C:\ST\STM32CubeIDE_1.16.1\STM32CubeIDE\plugins\com.st.stm32cube.common.mx_6.13.0.202411220809\\db\/plugins/boardmanager/
2025-03-17 15:49:04,220 [INFO] ApiDb:261 - Set plugin images path to: C:\ST\STM32CubeIDE_1.16.1\STM32CubeIDE\plugins\com.st.stm32cube.common.mx_6.13.0.202411220809\\db\/plugins/mcufinder/images/
2025-03-17 15:49:04,221 [WARN] DbFile:41 - Overriding database path with different value: C:\Users\Chinnapop\.stmcufinder\plugins\mcufinder/ => C:\Users\Chinnapop\.stmcufinder\plugins\mcufinder
2025-03-17 15:49:04,221 [INFO] ApiDb:250 - Set database path to: C:\Users\Chinnapop\.stmcufinder\plugins\mcufinder//mcu/
2025-03-17 15:49:04,221 [WARN] DbFile:41 - Overriding database path with different value: C:\Users\Chinnapop\.stmcufinder\plugins\mcufinder/ => C:\Users\Chinnapop\.stmcufinder\plugins\mcufinder
2025-03-17 15:49:04,221 [INFO] DbMcusAds:125 - Set database path to: C:\Users\Chinnapop\.stmcufinder\plugins\mcufinder//mcu/
2025-03-17 15:49:04,221 [WARN] DbFile:41 - Overriding database path with different value: C:\Users\Chinnapop\.stmcufinder\plugins\mcufinder/ => C:\Users\Chinnapop\.stmcufinder\plugins\mcufinder
2025-03-17 15:49:04,222 [WARN] DbFile:41 - Overriding database path with different value: C:\Users\Chinnapop\.stmcufinder\plugins\mcufinder/ => C:\Users\Chinnapop\.stmcufinder\plugins\mcufinder
2025-03-17 15:49:04,222 [INFO] CrossReferenceDbSqlite:203 - Set database path to: C:\Users\Chinnapop\.stmcufinder\plugins\mcufinder//mcu/cs/
2025-03-17 15:49:04,252 [INFO] ApplicationProperties:184 - Using Application install path: C:\ST\STM32CubeIDE_1.16.1\STM32CubeIDE\plugins\com.st.stm32cube.common.mx_6.13.0.202411220809
2025-03-17 15:49:04,254 [INFO] PluginManage:196 - Search for loadable plugins [exclusion list=, ]
2025-03-17 15:49:04,257 [INFO] PluginManage:310 - Check plugin analytics
2025-03-17 15:49:04,417 [INFO] AnalyticsPlugin:253 - Accepted Software Licenses: 
2025-03-17 15:49:04,417 [INFO] AnalyticsPlugin:255 - Accepted CMSIS Pack Licenses: 
2025-03-17 15:49:04,418 [INFO] AnalyticsPlugin:257 - Accepted Firmware Licenses: FW.F7.1.17.0
2025-03-17 15:49:04,420 [INFO] PluginManage:359 - Loaded plugin analytics (category:tool,tabindex:-1)
2025-03-17 15:49:04,421 [INFO] PluginManage:310 - Check plugin cadmodel
2025-03-17 15:49:04,430 [INFO] CADModel:105 - Init CAD model plugin
2025-03-17 15:49:04,431 [INFO] PluginManage:359 - Loaded plugin cadmodel (category:power,tabindex:5)
2025-03-17 15:49:04,431 [INFO] PluginManage:310 - Check plugin clock
2025-03-17 15:49:04,442 [INFO] PluginManage:359 - Loaded plugin clock (category:base,tabindex:2)
2025-03-17 15:49:04,442 [INFO] PluginManage:310 - Check plugin ddr
2025-03-17 15:49:04,444 [INFO] PluginManage:359 - Loaded plugin ddr (category:tool,tabindex:6)
2025-03-17 15:49:04,444 [INFO] PluginManage:310 - Check plugin filemanager
2025-03-17 15:49:04,588 [INFO] PluginManage:359 - Loaded plugin filemanager (category:base,tabindex:10)
2025-03-17 15:49:04,588 [INFO] PluginManage:310 - Check plugin ipmanager
2025-03-17 15:49:04,598 [INFO] PluginManage:359 - Loaded plugin ipmanager (category:base,tabindex:5)
2025-03-17 15:49:04,599 [INFO] PluginManage:310 - Check plugin lpbam
2025-03-17 15:49:04,621 [INFO] PluginManage:359 - Loaded plugin lpbam (category:base,tabindex:0)
2025-03-17 15:49:04,621 [INFO] PluginManage:310 - Check plugin memorymap
2025-03-17 15:49:04,642 [INFO] PluginManage:359 - Loaded plugin memorymap (category:base,tabindex:4)
2025-03-17 15:49:04,642 [INFO] PluginManage:310 - Check plugin pinoutandconfiguration
2025-03-17 15:49:04,658 [INFO] PluginManage:359 - Loaded plugin pinoutandconfiguration (category:base,tabindex:1)
2025-03-17 15:49:04,659 [INFO] PluginManage:310 - Check plugin pinoutconfig
2025-03-17 15:49:04,759 [WARN] SupportedApi:132 - Cannot load RTOS API schema: s4s-elt-must-match.1: The content of 'definitions' must match (annotation?, (simpleType | complexType)?, (unique | key | keyref)*)). A problem was found starting at: attribute.
2025-03-17 15:49:04,877 [INFO] PluginManage:359 - Loaded plugin pinoutconfig (category:base,tabindex:0)
2025-03-17 15:49:04,877 [INFO] PluginManage:310 - Check plugin power
2025-03-17 15:49:04,890 [INFO] PluginManage:359 - Loaded plugin power (category:power,tabindex:4)
2025-03-17 15:49:04,890 [INFO] PluginManage:310 - Check plugin projectmanager
2025-03-17 15:49:04,905 [INFO] PluginManage:359 - Loaded plugin projectmanager (category:projectmanager,tabindex:4)
2025-03-17 15:49:04,905 [INFO] PluginManage:310 - Check plugin rif
2025-03-17 15:49:04,914 [INFO] PluginManage:359 - Loaded plugin rif (category:base,tabindex:3)
2025-03-17 15:49:04,914 [INFO] PluginManage:310 - Check plugin thirdparty
2025-03-17 15:49:05,076 [WARN] IntegrityCheckThread:84 - waiting for thirdparty lock release [integrity check]
2025-03-17 15:49:05,076 [INFO] IntegrityCheckThread:86 - entering critical section [integrity check]
2025-03-17 15:49:05,077 [INFO] ThirdPartyUpdaterWithRetryManager:70 - Updater plugin not ready yet. [1/15]
2025-03-17 15:49:05,077 [INFO] PluginManage:359 - Loaded plugin thirdparty (category:base,tabindex:-1)
2025-03-17 15:49:05,077 [INFO] PluginManage:310 - Check plugin tools
2025-03-17 15:49:05,084 [INFO] PluginManage:359 - Loaded plugin tools (category:base,tabindex:7)
2025-03-17 15:49:05,084 [INFO] PluginManage:310 - Check plugin tutovideos
2025-03-17 15:49:05,258 [INFO] PluginManage:359 - Loaded plugin tutovideos (category:base,tabindex:-1)
2025-03-17 15:49:05,258 [INFO] PluginManage:310 - Check plugin updater
2025-03-17 15:49:05,278 [INFO] PluginManage:359 - Loaded plugin updater (category:base,tabindex:12)
2025-03-17 15:49:05,278 [INFO] PluginManage:310 - Check plugin userauth
2025-03-17 15:49:05,281 [INFO] UserAuth:118 - Init User Auth plugin
2025-03-17 15:49:05,282 [INFO] PluginManage:359 - Loaded plugin userauth (category:base,tabindex:14)
2025-03-17 15:49:05,282 [INFO] PluginManage:283 - PluginManage : Loaded plugins [18]
2025-03-17 15:49:05,483 [INFO] PinOutPanel:1589 - setPackage(No Configuration,No Configuration)
2025-03-17 15:49:05,569 [INFO] CADModel:165 - CPN selected for project level
2025-03-17 15:49:05,569 [INFO] CADModel:114 - Register for checkConnection events
2025-03-17 15:49:05,592 [INFO] IPUIPlugin:80 - create IPUIPlugin
2025-03-17 15:49:05,593 [INFO] PluginManager:220 - loadIPPluginJar : add adc
2025-03-17 15:49:05,600 [INFO] IPUIPlugin:80 - create IPUIPlugin
2025-03-17 15:49:05,600 [INFO] PluginManager:220 - loadIPPluginJar : add aes
2025-03-17 15:49:05,607 [INFO] IPUIPlugin:80 - create IPUIPlugin
2025-03-17 15:49:05,607 [INFO] PluginManager:220 - loadIPPluginJar : add can
2025-03-17 15:49:05,614 [INFO] IPUIPlugin:80 - create IPUIPlugin
2025-03-17 15:49:05,614 [INFO] PluginManager:220 - loadIPPluginJar : add comp
2025-03-17 15:49:05,619 [INFO] IPUIPlugin:80 - create IPUIPlugin
2025-03-17 15:49:05,619 [INFO] PluginManager:220 - loadIPPluginJar : add cryp
2025-03-17 15:49:05,625 [INFO] IPUIPlugin:80 - create IPUIPlugin
2025-03-17 15:49:05,625 [INFO] PluginManager:220 - loadIPPluginJar : add ddr_ctrl_phy
2025-03-17 15:49:05,631 [INFO] IPUIPlugin:80 - create IPUIPlugin
2025-03-17 15:49:05,631 [INFO] PluginManager:220 - loadIPPluginJar : add dfsdm
2025-03-17 15:49:05,640 [INFO] IPUIPlugin:80 - create IPUIPlugin
2025-03-17 15:49:05,640 [INFO] PluginManager:220 - loadIPPluginJar : add dma
2025-03-17 15:49:05,646 [INFO] IPUIPlugin:80 - create IPUIPlugin
2025-03-17 15:49:05,646 [INFO] PluginManager:220 - loadIPPluginJar : add dma3
2025-03-17 15:49:05,652 [INFO] IPUIPlugin:80 - create IPUIPlugin
2025-03-17 15:49:05,653 [INFO] PluginManager:220 - loadIPPluginJar : add extmemmanager
2025-03-17 15:49:05,659 [INFO] IPUIPlugin:80 - create IPUIPlugin
2025-03-17 15:49:05,659 [INFO] PluginManager:220 - loadIPPluginJar : add fatfs
2025-03-17 15:49:05,668 [INFO] IPUIPlugin:80 - create IPUIPlugin
2025-03-17 15:49:05,668 [INFO] PluginManager:220 - loadIPPluginJar : add fmc
2025-03-17 15:49:05,678 [INFO] IPUIPlugin:80 - create IPUIPlugin
2025-03-17 15:49:05,678 [INFO] PluginManager:220 - loadIPPluginJar : add freertos
2025-03-17 15:49:05,683 [INFO] IPUIPlugin:80 - create IPUIPlugin
2025-03-17 15:49:05,683 [INFO] PluginManager:220 - loadIPPluginJar : add genericplugin
2025-03-17 15:49:05,689 [INFO] IPUIPlugin:80 - create IPUIPlugin
2025-03-17 15:49:05,689 [INFO] PluginManager:220 - loadIPPluginJar : add gfxmmu
2025-03-17 15:49:05,700 [INFO] IPUIPlugin:80 - create IPUIPlugin
2025-03-17 15:49:05,700 [INFO] PluginManager:220 - loadIPPluginJar : add gic
2025-03-17 15:49:05,707 [INFO] IPUIPlugin:80 - create IPUIPlugin
2025-03-17 15:49:05,707 [INFO] PluginManager:220 - loadIPPluginJar : add gpio
2025-03-17 15:49:05,714 [INFO] IPUIPlugin:80 - create IPUIPlugin
2025-03-17 15:49:05,714 [INFO] PluginManager:220 - loadIPPluginJar : add gtzc
2025-03-17 15:49:05,719 [INFO] IPUIPlugin:80 - create IPUIPlugin
2025-03-17 15:49:05,719 [INFO] PluginManager:220 - loadIPPluginJar : add hash
2025-03-17 15:49:05,725 [INFO] IPUIPlugin:80 - create IPUIPlugin
2025-03-17 15:49:05,726 [INFO] PluginManager:220 - loadIPPluginJar : add i2c
2025-03-17 15:49:05,733 [INFO] IPUIPlugin:80 - create IPUIPlugin
2025-03-17 15:49:05,733 [INFO] PluginManager:220 - loadIPPluginJar : add i2s
2025-03-17 15:49:05,739 [INFO] IPUIPlugin:80 - create IPUIPlugin
2025-03-17 15:49:05,739 [INFO] PluginManager:220 - loadIPPluginJar : add i3c
2025-03-17 15:49:05,747 [INFO] IPUIPlugin:80 - create IPUIPlugin
2025-03-17 15:49:05,747 [INFO] PluginManager:220 - loadIPPluginJar : add ipddr
2025-03-17 15:49:05,756 [INFO] IPUIPlugin:80 - create IPUIPlugin
2025-03-17 15:49:05,757 [INFO] PluginManager:220 - loadIPPluginJar : add linkedlist
2025-03-17 15:49:05,763 [INFO] IPUIPlugin:80 - create IPUIPlugin
2025-03-17 15:49:05,763 [INFO] PluginManager:220 - loadIPPluginJar : add lorawan
2025-03-17 15:49:05,768 [INFO] IPUIPlugin:80 - create IPUIPlugin
2025-03-17 15:49:05,768 [INFO] PluginManager:220 - loadIPPluginJar : add ltdc
2025-03-17 15:49:05,777 [INFO] IPUIPlugin:80 - create IPUIPlugin
2025-03-17 15:49:05,777 [INFO] PluginManager:220 - loadIPPluginJar : add mdma
2025-03-17 15:49:05,785 [INFO] IPUIPlugin:80 - create IPUIPlugin
2025-03-17 15:49:05,785 [INFO] PluginManager:220 - loadIPPluginJar : add nvic
2025-03-17 15:49:05,790 [INFO] IPUIPlugin:80 - create IPUIPlugin
2025-03-17 15:49:05,791 [INFO] PluginManager:220 - loadIPPluginJar : add opamp
2025-03-17 15:49:05,796 [INFO] IPUIPlugin:80 - create IPUIPlugin
2025-03-17 15:49:05,796 [INFO] PluginManager:220 - loadIPPluginJar : add openamp
2025-03-17 15:49:05,801 [INFO] IPUIPlugin:80 - create IPUIPlugin
2025-03-17 15:49:05,801 [INFO] PluginManager:220 - loadIPPluginJar : add pdm2pcm
2025-03-17 15:49:05,811 [INFO] IPUIPlugin:80 - create IPUIPlugin
2025-03-17 15:49:05,813 [INFO] PluginManager:220 - loadIPPluginJar : add plateformsettings
2025-03-17 15:49:05,818 [INFO] IPUIPlugin:80 - create IPUIPlugin
2025-03-17 15:49:05,818 [INFO] PluginManager:220 - loadIPPluginJar : add quadspi
2025-03-17 15:49:05,825 [INFO] IPUIPlugin:80 - create IPUIPlugin
2025-03-17 15:49:05,825 [INFO] PluginManager:220 - loadIPPluginJar : add radio
2025-03-17 15:49:05,835 [INFO] IPUIPlugin:80 - create IPUIPlugin
2025-03-17 15:49:05,835 [INFO] PluginManager:220 - loadIPPluginJar : add resmgrutility
2025-03-17 15:49:05,843 [INFO] IPUIPlugin:80 - create IPUIPlugin
2025-03-17 15:49:05,844 [INFO] PluginManager:220 - loadIPPluginJar : add sai
2025-03-17 15:49:05,850 [INFO] IPUIPlugin:80 - create IPUIPlugin
2025-03-17 15:49:05,850 [INFO] PluginManager:220 - loadIPPluginJar : add spi
2025-03-17 15:49:05,858 [INFO] IPUIPlugin:80 - create IPUIPlugin
2025-03-17 15:49:05,858 [INFO] PluginManager:220 - loadIPPluginJar : add stm32_wpan
2025-03-17 15:49:05,863 [INFO] IPUIPlugin:80 - create IPUIPlugin
2025-03-17 15:49:05,863 [INFO] PluginManager:220 - loadIPPluginJar : add tim
2025-03-17 15:49:05,870 [INFO] IPUIPlugin:80 - create IPUIPlugin
2025-03-17 15:49:05,870 [INFO] PluginManager:220 - loadIPPluginJar : add touchsensing
2025-03-17 15:49:05,875 [INFO] IPUIPlugin:80 - create IPUIPlugin
2025-03-17 15:49:05,875 [INFO] PluginManager:220 - loadIPPluginJar : add tracer_emb
2025-03-17 15:49:05,880 [INFO] IPUIPlugin:80 - create IPUIPlugin
2025-03-17 15:49:05,881 [INFO] PluginManager:220 - loadIPPluginJar : add ts
2025-03-17 15:49:05,885 [INFO] IPUIPlugin:80 - create IPUIPlugin
2025-03-17 15:49:05,885 [INFO] PluginManager:220 - loadIPPluginJar : add tsc
2025-03-17 15:49:05,891 [INFO] IPUIPlugin:80 - create IPUIPlugin
2025-03-17 15:49:05,891 [INFO] PluginManager:220 - loadIPPluginJar : add ucpd
2025-03-17 15:49:05,897 [INFO] IPUIPlugin:80 - create IPUIPlugin
2025-03-17 15:49:05,897 [INFO] PluginManager:220 - loadIPPluginJar : add usart
2025-03-17 15:49:05,903 [INFO] IPUIPlugin:80 - create IPUIPlugin
2025-03-17 15:49:05,903 [INFO] PluginManager:220 - loadIPPluginJar : add usbx
2025-03-17 15:49:06,041 [FATAL] Updater:351 - Updater called before beeing initialized
2025-03-17 15:49:06,085 [INFO] RulesReader:64 - Compatibility file has been processed (297 Rules)
2025-03-17 15:49:06,104 [INFO] RulesReader:64 - Compatibility file has been processed (297 Rules)
2025-03-17 15:49:06,114 [INFO] CADModel:165 - CPN selected for project level
2025-03-17 15:49:06,114 [INFO] CADModel:114 - Register for checkConnection events
2025-03-17 15:49:06,115 [FATAL] Updater:351 - Updater called before beeing initialized
2025-03-17 15:49:06,115 [ERROR] CADModel:125 - Updater not yet initialized, retry later 
2025-03-17 15:49:06,265 [FATAL] Updater:351 - Updater called before beeing initialized
2025-03-17 15:49:06,266 [INFO] CADModel:165 - CPN selected for project level
2025-03-17 15:49:06,266 [INFO] CADModel:114 - Register for checkConnection events
2025-03-17 15:49:06,266 [FATAL] Updater:351 - Updater called before beeing initialized
2025-03-17 15:49:06,266 [ERROR] CADModel:125 - Updater not yet initialized, retry later 
2025-03-17 15:49:06,269 [FATAL] Updater:351 - Updater called before beeing initialized
2025-03-17 15:49:06,365 [FATAL] Updater:351 - Updater called before beeing initialized
2025-03-17 15:49:06,369 [INFO] DbMcusAds:53 - JSON generation date=Tue Dec 17 23:01:15 ICT 2024 (1734451275143)
2025-03-17 15:49:06,370 [FATAL] Updater:351 - Updater called before beeing initialized
2025-03-17 15:49:06,432 [WARN] DetailPanel:346 - Failed to get advertising image, set to default
2025-03-17 15:49:06,698 [FATAL] Updater:351 - Updater called before beeing initialized
2025-03-17 15:49:06,699 [FATAL] Updater:351 - Updater called before beeing initialized
2025-03-17 15:49:06,699 [FATAL] Updater:351 - Updater called before beeing initialized
2025-03-17 15:49:06,699 [WARN] DetailPanel:346 - Failed to get advertising image, set to default
2025-03-17 15:49:06,700 [FATAL] Updater:351 - Updater called before beeing initialized
2025-03-17 15:49:06,744 [ERROR] Updater:1198 - MainUpdater not yet initialized. External WinMGr cannot be set.
2025-03-17 15:49:06,749 [INFO] Updater:1134 - Updater Version found : 6.13.0
2025-03-17 15:49:06,767 [INFO] ApplicationProperties:184 - Using Application install path: C:\ST\STM32CubeIDE_1.16.1\STM32CubeIDE\plugins\com.st.stm32cube.common.mx_6.13.0.202411220809
2025-03-17 15:49:08,077 [INFO] ThirdPartyUpdaterWithRetryManager:70 - Updater plugin not ready yet. [2/15]
2025-03-17 15:49:08,349 [ERROR] LogOutputStream:75 - [STDERR_REDIRECT] Mar 17, 2025 3:49:08 PM java.util.prefs.WindowsPreferences <init>
2025-03-17 15:49:08,351 [ERROR] LogOutputStream:75 - [STDERR_REDIRECT] WARNING: Could not open/create prefs root node Software\JavaSoft\Prefs at root 0xffffffff80000002. Windows RegCreateKeyEx(...) returned error code 5.
2025-03-17 15:49:08,351 [ERROR] LogOutputStream:75 - [STDERR_REDIRECT] 
2025-03-17 15:49:09,299 [INFO] MainUpdater:2872 - connection check result : 10
2025-03-17 15:49:09,300 [INFO] MainUpdater:289 - Updater Check For Update Now.
2025-03-17 15:49:09,301 [INFO] MicroXplorer:498 - Change Database Version : DB.6.0.130
2025-03-17 15:49:09,327 [INFO] McuFinderGlobals:63 - Set McuFinder mode to 2 (CubeIDE integrated)
2025-03-17 15:49:09,329 [INFO] UserAuth:486 - Internet connection configuration mode: 1
2025-03-17 15:49:09,367 [INFO] JxBrowserEngine:152 - Initiate JxBrowser Engine with user profile folder
2025-03-17 15:49:09,491 [INFO] CheckServerUpdateThread:120 - End of CheckServer Thread
2025-03-17 15:49:10,494 [INFO] WebApp:168 - Instantiating new browser for Auth
2025-03-17 15:49:11,341 [INFO] WebApp:449 - Apply proxy settings
2025-03-17 15:49:11,341 [INFO] WebApp:534 - Chromium requires no authentication
2025-03-17 15:49:11,350 [INFO] WebApp:477 - Direct internet connection detected
2025-03-17 15:49:11,374 [INFO] WebApp:880 - Register for checkConnection events
2025-03-17 15:49:11,375 [INFO] WebApp:449 - Apply proxy settings
2025-03-17 15:49:11,375 [INFO] WebApp:534 - Chromium requires no authentication
2025-03-17 15:49:11,375 [INFO] WebApp:477 - Direct internet connection detected
2025-03-17 15:49:11,404 [WARN] PackLoader:240 - Cannot read IP mode file for STMicroelectronics.FP-SNS-MOTENVWB1.1.4.0
2025-03-17 15:49:11,418 [WARN] PackLoader:240 - Cannot read IP mode file for STMicroelectronics.FP-ATR-ASTRA1.2.0.2
2025-03-17 15:49:11,423 [WARN] PackLoader:240 - Cannot read IP mode file for STMicroelectronics.FP-ATR-ASTRA1.2.0.1
2025-03-17 15:49:11,435 [WARN] PackLoader:240 - Cannot read IP mode file for STMicroelectronics.X-CUBE-SMBUS.2.1.0
2025-03-17 15:49:11,442 [WARN] PackLoader:240 - Cannot read IP mode file for STMicroelectronics.X-CUBE-WB05N.1.1.0
2025-03-17 15:49:11,468 [WARN] PackLoader:240 - Cannot read IP mode file for STMicroelectronics.X-CUBE-AZRTOS-F7.1.1.0
2025-03-17 15:49:11,523 [WARN] PackLoader:240 - Cannot read IP mode file for STMicroelectronics.X-CUBE-MEMS1.11.0.0
2025-03-17 15:49:11,614 [WARN] PackLoader:240 - Cannot read IP mode file for STMicroelectronics.FP-SNS-FLIGHT1.5.0.2
2025-03-17 15:49:11,623 [WARN] PackLoader:240 - Cannot read IP mode file for STMicroelectronics.X-CUBE-DISPLAY.3.0.0
2025-03-17 15:49:11,630 [WARN] PackLoader:240 - Cannot read IP mode file for STMicroelectronics.X-CUBE-BLE1.7.0.0
2025-03-17 15:49:11,644 [WARN] PackLoader:240 - Cannot read IP mode file for STMicroelectronics.X-CUBE-NFC10.1.0.0
2025-03-17 15:49:11,653 [WARN] PackLoader:240 - Cannot read IP mode file for STMicroelectronics.X-CUBE-BLEMGR.4.0.0
2025-03-17 15:49:11,662 [WARN] PackLoader:240 - Cannot read IP mode file for emotas.I-CUBE-CANOPEN.1.3.0
2025-03-17 15:49:11,669 [WARN] PackLoader:240 - Cannot read IP mode file for STMicroelectronics.X-CUBE-BLEMGR.3.1.0
2025-03-17 15:49:11,675 [WARN] PackLoader:240 - Cannot read IP mode file for STMicroelectronics.X-CUBE-AI.10.0.0
2025-03-17 15:49:11,679 [WARN] PackLoader:240 - Cannot read IP mode file for STMicroelectronics.FP-SNS-SMARTAG2.1.2.0
2025-03-17 15:49:11,683 [WARN] PackLoader:240 - Cannot read IP mode file for STMicroelectronics.FP-SNS-FLIGHT1.5.1.0
2025-03-17 15:49:11,709 [WARN] PackLoader:240 - Cannot read IP mode file for STMicroelectronics.X-CUBE-MEMS1.11.1.0
2025-03-17 15:49:11,816 [INFO] LogOutputStream:77 - [STDOUT_REDIRECT] 1 : Invalid condition id : UX_CORESTACK_Condition cause : null
2025-03-17 15:49:11,818 [INFO] LogOutputStream:77 - [STDOUT_REDIRECT] 1 : Invalid condition id : UX_CORESTACK_Condition cause : null
2025-03-17 15:49:11,821 [INFO] LogOutputStream:77 - [STDOUT_REDIRECT] 1 : Invalid condition id : UX_CORESTACK_Condition cause : null
2025-03-17 15:49:11,823 [INFO] LogOutputStream:77 - [STDOUT_REDIRECT] 1 : Invalid condition id : UX_CORESTACK_Condition cause : null
2025-03-17 15:49:11,825 [INFO] LogOutputStream:77 - [STDOUT_REDIRECT] 1 : Invalid condition id : UX_CORESTACK_Condition cause : null
2025-03-17 15:49:11,857 [WARN] PackLoader:240 - Cannot read IP mode file for STMicroelectronics.X-CUBE-AZRTOS-WL.2.0.0
2025-03-17 15:49:11,867 [WARN] PackLoader:240 - Cannot read IP mode file for STMicroelectronics.FP-SNS-MOTENV1.5.0.0
2025-03-17 15:49:11,878 [WARN] PackLoader:240 - Cannot read IP mode file for wolfSSL.I-CUBE-wolfMQTT.1.19.0
2025-03-17 15:49:11,888 [WARN] PackLoader:240 - Cannot read IP mode file for WES.I-CUBE-Cesium.1.3.0
2025-03-17 15:49:11,893 [WARN] PackLoader:240 - Cannot read IP mode file for STMicroelectronics.X-CUBE-BLE2.3.3.0
2025-03-17 15:49:11,898 [WARN] PackLoader:240 - Cannot read IP mode file for STMicroelectronics.X-CUBE-NFC9.1.0.0
2025-03-17 15:49:11,903 [WARN] PackLoader:240 - Cannot read IP mode file for STMicroelectronics.X-CUBE-BLE1.7.1.0
2025-03-17 15:49:11,908 [WARN] PackLoader:240 - Cannot read IP mode file for STMicroelectronics.X-CUBE-TCPP.4.1.0
2025-03-17 15:49:11,923 [WARN] PackLoader:240 - Cannot read IP mode file for STMicroelectronics.X-CUBE-AZRTOS-G0.1.1.0
2025-03-17 15:49:11,931 [WARN] PackLoader:240 - Cannot read IP mode file for STMicroelectronics.X-CUBE-SAFEA1.1.2.2
2025-03-17 15:49:11,941 [WARN] PackLoader:240 - Cannot read IP mode file for STMicroelectronics.X-CUBE-NFC4.3.0.0
2025-03-17 15:49:11,956 [WARN] PackLoader:240 - Cannot read IP mode file for EmbeddedOffice.I-CUBE-FS-RTOS.1.0.1
2025-03-17 15:49:11,961 [WARN] PackLoader:240 - Cannot read IP mode file for STMicroelectronics.X-CUBE-TCPP.4.2.0
2025-03-17 15:49:11,967 [WARN] PackLoader:240 - Cannot read IP mode file for RealThread.X-CUBE-RT-Thread_Nano.4.1.1
2025-03-17 15:49:11,971 [WARN] PackLoader:240 - Cannot read IP mode file for STMicroelectronics.FP-ATR-SIGFOX1.3.2.0
2025-03-17 15:49:11,976 [WARN] ConditionMgr:438 - getConditionDescription Invalid condition id : Cortex-A Device cause : null
2025-03-17 15:49:11,982 [INFO] WebApp:187 - Connection restablished
2025-03-17 15:49:11,995 [WARN] ConditionMgr:1044 - genDependencies : Invalid condition id : Cortex-A Device cause : null
2025-03-17 15:49:11,996 [WARN] ConditionMgr:1044 - genDependencies : Invalid condition id : Cortex-A Device cause : null
2025-03-17 15:49:11,996 [WARN] ConditionMgr:1044 - genDependencies : Invalid condition id : Cortex-A Device cause : null
2025-03-17 15:49:12,001 [WARN] PackLoader:240 - Cannot read IP mode file for STMicroelectronics.X-CUBE-EEPRMA1.5.1.0
2025-03-17 15:49:12,006 [WARN] PackLoader:240 - Cannot read IP mode file for wolfSSL.I-CUBE-wolfSSL.5.7.4
2025-03-17 15:49:12,011 [WARN] PackLoader:240 - Cannot read IP mode file for ITTIA_DB.I-CUBE-ITTIADB.8.9.0
2025-03-17 15:49:12,030 [WARN] PackLoader:240 - Cannot read IP mode file for SEGGER.I-CUBE-embOS.1.3.1
2025-03-17 15:49:12,065 [WARN] PackLoader:240 - Cannot read IP mode file for STMicroelectronics.X-CUBE-ALGOBUILD.1.4.0
2025-03-17 15:49:12,068 [WARN] PackLoader:240 - Cannot read IP mode file for STMicroelectronics.X-CUBE-AI.9.1.0
2025-03-17 15:49:12,079 [WARN] PackLoader:240 - Cannot read IP mode file for STMicroelectronics.X-CUBE-AZRTOS-F4.1.1.0
2025-03-17 15:49:12,085 [WARN] PackLoader:240 - Cannot read IP mode file for STMicroelectronics.X-CUBE-ISPU.2.1.0
2025-03-17 15:49:12,090 [WARN] PackLoader:240 - Cannot read IP mode file for STMicroelectronics.X-CUBE-FREERTOS.1.2.0
2025-03-17 15:49:12,101 [WARN] PackLoader:240 - Cannot read IP mode file for STMicroelectronics.X-CUBE-AZRTOS-L5.2.0.0
2025-03-17 15:49:12,109 [WARN] PackLoader:240 - Cannot read IP mode file for STMicroelectronics.X-CUBE-NFC6.3.1.0
2025-03-17 15:49:12,115 [WARN] PackLoader:240 - Cannot read IP mode file for STMicroelectronics.X-CUBE-DPower.1.2.0
2025-03-17 15:49:12,120 [WARN] PackLoader:240 - Cannot read IP mode file for STMicroelectronics.X-CUBE-FREERTOS.1.3.0
2025-03-17 15:49:12,125 [WARN] PackLoader:240 - Cannot read IP mode file for STMicroelectronics.X-CUBE-NFC7.1.0.1
2025-03-17 15:49:12,137 [WARN] ConditionMgr:438 - getConditionDescription Invalid condition id : LAN8742 Phy interface Condition cause : null
2025-03-17 15:49:12,137 [WARN] PackLoader:240 - Cannot read IP mode file for STMicroelectronics.X-CUBE-AZRTOS-L4.2.0.0
2025-03-17 15:49:12,138 [WARN] ConditionMgr:1044 - genDependencies : Invalid condition id : LAN8742 Phy interface Condition cause : null
2025-03-17 15:49:12,138 [WARN] ConditionMgr:1044 - genDependencies : Invalid condition id : LAN8742 Phy interface Condition cause : null
2025-03-17 15:49:12,139 [WARN] ConditionMgr:1044 - genDependencies : Invalid condition id : LAN8742 Phy interface Condition cause : null
2025-03-17 15:49:12,145 [WARN] PackLoader:240 - Cannot read IP mode file for STMicroelectronics.X-CUBE-SFXS2LP1.4.0.0
2025-03-17 15:49:12,158 [WARN] PackLoader:240 - Cannot read IP mode file for STMicroelectronics.X-CUBE-AZRTOS-H7.3.3.0
2025-03-17 15:49:12,168 [WARN] PackLoader:240 - Cannot read IP mode file for STMicroelectronics.X-CUBE-IPS.3.0.0
2025-03-17 15:49:12,178 [WARN] ConditionMgr:438 - getConditionDescription Invalid condition id : UX DEVICE CLASS RTOS Condition cause : null
2025-03-17 15:49:12,178 [WARN] ConditionMgr:438 - getConditionDescription Invalid condition id : UX DEVICE CLASS RTOS Condition cause : null
2025-03-17 15:49:12,179 [WARN] PackLoader:240 - Cannot read IP mode file for STMicroelectronics.X-CUBE-AZRTOS-WB.2.0.0
2025-03-17 15:49:12,180 [WARN] ConditionMgr:1044 - genDependencies : Invalid condition id : UX DEVICE CLASS RTOS Condition cause : null
2025-03-17 15:49:12,180 [WARN] ConditionMgr:1044 - genDependencies : Invalid condition id : UX DEVICE CLASS RTOS Condition cause : null
2025-03-17 15:49:12,180 [WARN] ConditionMgr:1044 - genDependencies : Invalid condition id : UX DEVICE CLASS RTOS Condition cause : null
2025-03-17 15:49:12,180 [WARN] ConditionMgr:1044 - genDependencies : Invalid condition id : UX DEVICE CLASS RTOS Condition cause : null
2025-03-17 15:49:12,181 [WARN] ConditionMgr:1044 - genDependencies : Invalid condition id : UX DEVICE CLASS RTOS Condition cause : null
2025-03-17 15:49:12,187 [WARN] PackLoader:240 - Cannot read IP mode file for STMicroelectronics.X-CUBE-GNSS1.7.0.0
2025-03-17 15:49:12,191 [WARN] PackLoader:240 - Cannot read IP mode file for STMicroelectronics.X-CUBE-GNSS1.7.0.1
2025-03-17 15:49:12,200 [WARN] PackLoader:240 - Cannot read IP mode file for STMicroelectronics.X-CUBE-TOUCHGFX.4.25.0
2025-03-17 15:49:12,206 [WARN] PackLoader:240 - Cannot read IP mode file for STMicroelectronics.FP-SNS-STBOX1.2.0.0
2025-03-17 15:49:12,216 [WARN] PackLoader:240 - Cannot read IP mode file for STMicroelectronics.X-CUBE-SUBG2.5.0.0
2025-03-17 15:49:12,223 [WARN] PackLoader:240 - Cannot read IP mode file for Cesanta.I-CUBE-Mongoose.7.13.0
2025-03-17 15:49:12,237 [WARN] PackLoader:240 - Cannot read IP mode file for STMicroelectronics.X-CUBE-AZRTOS-G4.2.0.0
2025-03-17 15:49:12,247 [WARN] PackLoader:240 - Cannot read IP mode file for STMicroelectronics.X-CUBE-IPS.3.1.0
2025-03-17 15:49:12,255 [WARN] PackLoader:240 - Cannot read IP mode file for STMicroelectronics.X-CUBE-ALS.1.0.2
2025-03-17 15:49:12,258 [WARN] PackLoader:240 - Cannot read IP mode file for STMicroelectronics.X-CUBE-TOUCHGFX.4.24.2
2025-03-17 15:49:12,262 [WARN] PackLoader:240 - Cannot read IP mode file for STMicroelectronics.X-CUBE-TOUCHGFX.4.24.1
2025-03-17 15:49:12,267 [WARN] PackLoader:240 - Cannot read IP mode file for wolfSSL.I-CUBE-wolfTPM.3.4.0
2025-03-17 15:49:12,273 [WARN] PackLoader:240 - Cannot read IP mode file for portGmbH.I-Cube-SoM-uGOAL.1.1.0
2025-03-17 15:49:12,285 [WARN] PackLoader:240 - Cannot read IP mode file for STMicroelectronics.X-CUBE-AZRTOS-H7RS.1.0.0
2025-03-17 15:49:12,291 [WARN] PackLoader:240 - Cannot read IP mode file for STMicroelectronics.FP-ATR-ASTRA1.2.0.0
2025-03-17 15:49:12,300 [WARN] PackLoader:240 - Cannot read IP mode file for STMicroelectronics.X-CUBE-TOF1.3.4.2
2025-03-17 15:49:12,319 [WARN] PackLoader:240 - Cannot read IP mode file for Infineon.AIROC-Wi-Fi-Bluetooth-STM32.1.6.1
2025-03-17 15:49:12,328 [WARN] PackLoader:240 - Cannot read IP mode file for wolfSSL.I-CUBE-wolfSSH.1.4.17
2025-03-17 15:49:12,328 [INFO] ThirdParty:978 - Integrity check success = true
2025-03-17 15:49:12,328 [INFO] IntegrityCheckThread:100 - exiting critical section [integrity check]
2025-03-17 15:49:12,328 [INFO] IntegrityCheckThread:103 - End integrity checks thread
2025-03-17 15:49:12,904 [INFO] WebApp:221 - Starting web application
2025-03-17 15:49:12,904 [INFO] WebApp:579 - Web application path used C:\ST\STM32CubeIDE_1.16.1\STM32CubeIDE\plugins\com.st.stm32cube.common.mx_6.13.0.202411220809\db\plugins\mcufinder\reactClient1\index.html
2025-03-17 15:49:13,000 [INFO] UserAuth:486 - Internet connection configuration mode: 1
2025-03-17 16:46:15,642 [INFO] WebApp:190 - Connection lost
2025-03-17 16:46:19,522 [INFO] WebApp:187 - Connection restablished
2025-03-17 16:46:21,524 [INFO] WebApp:190 - Connection lost
2025-03-17 16:46:21,748 [INFO] WebApp:187 - Connection restablished
2025-03-17 16:53:31,114 [INFO] WebApp:190 - Connection lost
2025-03-17 16:54:28,808 [INFO] WebApp:187 - Connection restablished
2025-03-17 17:04:05,674 [INFO] WebApp:190 - Connection lost
2025-03-17 17:24:43,406 [INFO] WebApp:187 - Connection restablished
2025-03-17 17:24:45,530 [INFO] WebApp:190 - Connection lost
2025-03-17 17:24:46,016 [INFO] WebApp:187 - Connection restablished
2025-03-17 17:46:45,158 [ERROR] LogOutputStream:75 - [STDERR_REDIRECT] 
2025-03-17 17:48:13,966 [INFO] Activator:176 - 


2025-03-17 17:48:13,968 [INFO] Activator:177 - !SESSION log4j initialized
2025-03-17 17:48:19,398 [INFO] LogOutputStream:77 - [STDOUT_REDIRECT] 
2025-03-17 17:48:24,435 [INFO] ApplicationProperties:184 - Using Application install path: C:\ST\STM32CubeIDE_1.16.1\STM32CubeIDE\plugins\com.st.stm32cube.common.mx_6.13.0.202411220809
2025-03-17 17:48:24,449 [INFO] DbMcusXml:78 - Set database path to: C:\ST\STM32CubeIDE_1.16.1\STM32CubeIDE\plugins\com.st.stm32cube.common.mx_6.13.0.202411220809\\db\/mcu/
2025-03-17 17:48:24,449 [INFO] ApiDb:274 - Set plugin database path to: C:\ST\STM32CubeIDE_1.16.1\STM32CubeIDE\plugins\com.st.stm32cube.common.mx_6.13.0.202411220809\\db\/plugins/boardmanager/
2025-03-17 17:48:24,449 [WARN] ApiDb:259 - Overriding images path with different value:  => C:\ST\STM32CubeIDE_1.16.1\STM32CubeIDE\plugins\com.st.stm32cube.common.mx_6.13.0.202411220809\\db\/plugins/mcufinder/images/
2025-03-17 17:48:24,460 [INFO] ApiDb:250 - Set database path to: C:\Users\Chinnapop\.stmcufinder\plugins\mcufinder//mcu/
2025-03-17 17:48:24,461 [INFO] DbMcusAds:125 - Set database path to: C:\Users\Chinnapop\.stmcufinder\plugins\mcufinder//mcu/
2025-03-17 17:48:24,463 [INFO] CrossReferenceDbSqlite:203 - Set database path to: C:\Users\Chinnapop\.stmcufinder\plugins\mcufinder//mcu/cs/
2025-03-17 17:48:24,616 [INFO] RulesReader:64 - Compatibility file has been processed (297 Rules)
2025-03-17 17:48:24,692 [INFO] DbMcusXml:78 - Set database path to: C:\ST\STM32CubeIDE_1.16.1\STM32CubeIDE\plugins\com.st.stm32cube.common.mx_6.13.0.202411220809\\db\/mcu/
2025-03-17 17:48:24,692 [INFO] ApiDb:274 - Set plugin database path to: C:\ST\STM32CubeIDE_1.16.1\STM32CubeIDE\plugins\com.st.stm32cube.common.mx_6.13.0.202411220809\\db\/plugins/boardmanager/
2025-03-17 17:48:24,692 [INFO] ApiDb:261 - Set plugin images path to: C:\ST\STM32CubeIDE_1.16.1\STM32CubeIDE\plugins\com.st.stm32cube.common.mx_6.13.0.202411220809\\db\/plugins/mcufinder/images/
2025-03-17 17:48:24,693 [WARN] DbFile:41 - Overriding database path with different value: C:\Users\Chinnapop\.stmcufinder\plugins\mcufinder/ => C:\Users\Chinnapop\.stmcufinder\plugins\mcufinder
2025-03-17 17:48:24,693 [INFO] ApiDb:250 - Set database path to: C:\Users\Chinnapop\.stmcufinder\plugins\mcufinder//mcu/
2025-03-17 17:48:24,693 [WARN] DbFile:41 - Overriding database path with different value: C:\Users\Chinnapop\.stmcufinder\plugins\mcufinder/ => C:\Users\Chinnapop\.stmcufinder\plugins\mcufinder
2025-03-17 17:48:24,693 [INFO] DbMcusAds:125 - Set database path to: C:\Users\Chinnapop\.stmcufinder\plugins\mcufinder//mcu/
2025-03-17 17:48:24,693 [WARN] DbFile:41 - Overriding database path with different value: C:\Users\Chinnapop\.stmcufinder\plugins\mcufinder/ => C:\Users\Chinnapop\.stmcufinder\plugins\mcufinder
2025-03-17 17:48:24,693 [WARN] DbFile:41 - Overriding database path with different value: C:\Users\Chinnapop\.stmcufinder\plugins\mcufinder/ => C:\Users\Chinnapop\.stmcufinder\plugins\mcufinder
2025-03-17 17:48:24,693 [INFO] CrossReferenceDbSqlite:203 - Set database path to: C:\Users\Chinnapop\.stmcufinder\plugins\mcufinder//mcu/cs/
2025-03-17 17:48:24,757 [INFO] MainPanel:272 - HeapMemory: 268435456
2025-03-17 17:48:24,880 [INFO] DbMcusXml:78 - Set database path to: C:\ST\STM32CubeIDE_1.16.1\STM32CubeIDE\plugins\com.st.stm32cube.common.mx_6.13.0.202411220809\\db\/mcu/
2025-03-17 17:48:24,880 [INFO] ApiDb:274 - Set plugin database path to: C:\ST\STM32CubeIDE_1.16.1\STM32CubeIDE\plugins\com.st.stm32cube.common.mx_6.13.0.202411220809\\db\/plugins/boardmanager/
2025-03-17 17:48:24,881 [INFO] ApiDb:261 - Set plugin images path to: C:\ST\STM32CubeIDE_1.16.1\STM32CubeIDE\plugins\com.st.stm32cube.common.mx_6.13.0.202411220809\\db\/plugins/mcufinder/images/
2025-03-17 17:48:24,881 [WARN] DbFile:41 - Overriding database path with different value: C:\Users\Chinnapop\.stmcufinder\plugins\mcufinder/ => C:\Users\Chinnapop\.stmcufinder\plugins\mcufinder
2025-03-17 17:48:24,881 [INFO] ApiDb:250 - Set database path to: C:\Users\Chinnapop\.stmcufinder\plugins\mcufinder//mcu/
2025-03-17 17:48:24,881 [WARN] DbFile:41 - Overriding database path with different value: C:\Users\Chinnapop\.stmcufinder\plugins\mcufinder/ => C:\Users\Chinnapop\.stmcufinder\plugins\mcufinder
2025-03-17 17:48:24,881 [INFO] DbMcusAds:125 - Set database path to: C:\Users\Chinnapop\.stmcufinder\plugins\mcufinder//mcu/
2025-03-17 17:48:24,881 [WARN] DbFile:41 - Overriding database path with different value: C:\Users\Chinnapop\.stmcufinder\plugins\mcufinder/ => C:\Users\Chinnapop\.stmcufinder\plugins\mcufinder
2025-03-17 17:48:24,882 [WARN] DbFile:41 - Overriding database path with different value: C:\Users\Chinnapop\.stmcufinder\plugins\mcufinder/ => C:\Users\Chinnapop\.stmcufinder\plugins\mcufinder
2025-03-17 17:48:24,882 [INFO] CrossReferenceDbSqlite:203 - Set database path to: C:\Users\Chinnapop\.stmcufinder\plugins\mcufinder//mcu/cs/
2025-03-17 17:48:24,903 [INFO] ApplicationProperties:184 - Using Application install path: C:\ST\STM32CubeIDE_1.16.1\STM32CubeIDE\plugins\com.st.stm32cube.common.mx_6.13.0.202411220809
2025-03-17 17:48:24,905 [INFO] PluginManage:196 - Search for loadable plugins [exclusion list=, ]
2025-03-17 17:48:24,906 [INFO] PluginManage:310 - Check plugin analytics
2025-03-17 17:48:25,053 [INFO] AnalyticsPlugin:253 - Accepted Software Licenses: 
2025-03-17 17:48:25,053 [INFO] AnalyticsPlugin:255 - Accepted CMSIS Pack Licenses: 
2025-03-17 17:48:25,053 [INFO] AnalyticsPlugin:257 - Accepted Firmware Licenses: FW.F7.1.17.0
2025-03-17 17:48:25,055 [INFO] PluginManage:359 - Loaded plugin analytics (category:tool,tabindex:-1)
2025-03-17 17:48:25,056 [INFO] PluginManage:310 - Check plugin cadmodel
2025-03-17 17:48:25,064 [INFO] CADModel:105 - Init CAD model plugin
2025-03-17 17:48:25,064 [INFO] PluginManage:359 - Loaded plugin cadmodel (category:power,tabindex:5)
2025-03-17 17:48:25,064 [INFO] PluginManage:310 - Check plugin clock
2025-03-17 17:48:25,075 [INFO] PluginManage:359 - Loaded plugin clock (category:base,tabindex:2)
2025-03-17 17:48:25,076 [INFO] PluginManage:310 - Check plugin ddr
2025-03-17 17:48:25,077 [INFO] PluginManage:359 - Loaded plugin ddr (category:tool,tabindex:6)
2025-03-17 17:48:25,077 [INFO] PluginManage:310 - Check plugin filemanager
2025-03-17 17:48:25,213 [INFO] PluginManage:359 - Loaded plugin filemanager (category:base,tabindex:10)
2025-03-17 17:48:25,213 [INFO] PluginManage:310 - Check plugin ipmanager
2025-03-17 17:48:25,221 [INFO] PluginManage:359 - Loaded plugin ipmanager (category:base,tabindex:5)
2025-03-17 17:48:25,222 [INFO] PluginManage:310 - Check plugin lpbam
2025-03-17 17:48:25,234 [INFO] PluginManage:359 - Loaded plugin lpbam (category:base,tabindex:0)
2025-03-17 17:48:25,234 [INFO] PluginManage:310 - Check plugin memorymap
2025-03-17 17:48:25,252 [INFO] PluginManage:359 - Loaded plugin memorymap (category:base,tabindex:4)
2025-03-17 17:48:25,252 [INFO] PluginManage:310 - Check plugin pinoutandconfiguration
2025-03-17 17:48:25,266 [INFO] PluginManage:359 - Loaded plugin pinoutandconfiguration (category:base,tabindex:1)
2025-03-17 17:48:25,266 [INFO] PluginManage:310 - Check plugin pinoutconfig
2025-03-17 17:48:25,370 [WARN] SupportedApi:132 - Cannot load RTOS API schema: s4s-elt-must-match.1: The content of 'definitions' must match (annotation?, (simpleType | complexType)?, (unique | key | keyref)*)). A problem was found starting at: attribute.
2025-03-17 17:48:25,505 [INFO] PluginManage:359 - Loaded plugin pinoutconfig (category:base,tabindex:0)
2025-03-17 17:48:25,505 [INFO] PluginManage:310 - Check plugin power
2025-03-17 17:48:25,518 [INFO] PluginManage:359 - Loaded plugin power (category:power,tabindex:4)
2025-03-17 17:48:25,518 [INFO] PluginManage:310 - Check plugin projectmanager
2025-03-17 17:48:25,537 [INFO] PluginManage:359 - Loaded plugin projectmanager (category:projectmanager,tabindex:4)
2025-03-17 17:48:25,537 [INFO] PluginManage:310 - Check plugin rif
2025-03-17 17:48:25,551 [INFO] PluginManage:359 - Loaded plugin rif (category:base,tabindex:3)
2025-03-17 17:48:25,552 [INFO] PluginManage:310 - Check plugin thirdparty
2025-03-17 17:48:25,744 [INFO] PluginManage:359 - Loaded plugin thirdparty (category:base,tabindex:-1)
2025-03-17 17:48:25,744 [WARN] IntegrityCheckThread:84 - waiting for thirdparty lock release [integrity check]
2025-03-17 17:48:25,744 [INFO] PluginManage:310 - Check plugin tools
2025-03-17 17:48:25,744 [INFO] IntegrityCheckThread:86 - entering critical section [integrity check]
2025-03-17 17:48:25,745 [INFO] ThirdPartyUpdaterWithRetryManager:70 - Updater plugin not ready yet. [1/15]
2025-03-17 17:48:25,753 [INFO] PluginManage:359 - Loaded plugin tools (category:base,tabindex:7)
2025-03-17 17:48:25,753 [INFO] PluginManage:310 - Check plugin tutovideos
2025-03-17 17:48:25,942 [INFO] PluginManage:359 - Loaded plugin tutovideos (category:base,tabindex:-1)
2025-03-17 17:48:25,942 [INFO] PluginManage:310 - Check plugin updater
2025-03-17 17:48:25,962 [INFO] PluginManage:359 - Loaded plugin updater (category:base,tabindex:12)
2025-03-17 17:48:25,963 [INFO] PluginManage:310 - Check plugin userauth
2025-03-17 17:48:25,967 [INFO] UserAuth:118 - Init User Auth plugin
2025-03-17 17:48:25,967 [INFO] PluginManage:359 - Loaded plugin userauth (category:base,tabindex:14)
2025-03-17 17:48:25,968 [INFO] PluginManage:283 - PluginManage : Loaded plugins [18]
2025-03-17 17:48:26,178 [INFO] PinOutPanel:1589 - setPackage(No Configuration,No Configuration)
2025-03-17 17:48:26,256 [INFO] CADModel:165 - CPN selected for project level
2025-03-17 17:48:26,257 [INFO] CADModel:114 - Register for checkConnection events
2025-03-17 17:48:26,282 [INFO] IPUIPlugin:80 - create IPUIPlugin
2025-03-17 17:48:26,282 [INFO] PluginManager:220 - loadIPPluginJar : add adc
2025-03-17 17:48:26,293 [INFO] IPUIPlugin:80 - create IPUIPlugin
2025-03-17 17:48:26,293 [INFO] PluginManager:220 - loadIPPluginJar : add aes
2025-03-17 17:48:26,303 [INFO] IPUIPlugin:80 - create IPUIPlugin
2025-03-17 17:48:26,304 [INFO] PluginManager:220 - loadIPPluginJar : add can
2025-03-17 17:48:26,311 [INFO] IPUIPlugin:80 - create IPUIPlugin
2025-03-17 17:48:26,311 [INFO] PluginManager:220 - loadIPPluginJar : add comp
2025-03-17 17:48:26,317 [INFO] IPUIPlugin:80 - create IPUIPlugin
2025-03-17 17:48:26,317 [INFO] PluginManager:220 - loadIPPluginJar : add cryp
2025-03-17 17:48:26,324 [INFO] IPUIPlugin:80 - create IPUIPlugin
2025-03-17 17:48:26,324 [INFO] PluginManager:220 - loadIPPluginJar : add ddr_ctrl_phy
2025-03-17 17:48:26,329 [INFO] IPUIPlugin:80 - create IPUIPlugin
2025-03-17 17:48:26,329 [INFO] PluginManager:220 - loadIPPluginJar : add dfsdm
2025-03-17 17:48:26,340 [INFO] IPUIPlugin:80 - create IPUIPlugin
2025-03-17 17:48:26,340 [INFO] PluginManager:220 - loadIPPluginJar : add dma
2025-03-17 17:48:26,348 [INFO] IPUIPlugin:80 - create IPUIPlugin
2025-03-17 17:48:26,349 [INFO] PluginManager:220 - loadIPPluginJar : add dma3
2025-03-17 17:48:26,357 [INFO] IPUIPlugin:80 - create IPUIPlugin
2025-03-17 17:48:26,358 [INFO] PluginManager:220 - loadIPPluginJar : add extmemmanager
2025-03-17 17:48:26,366 [INFO] IPUIPlugin:80 - create IPUIPlugin
2025-03-17 17:48:26,366 [INFO] PluginManager:220 - loadIPPluginJar : add fatfs
2025-03-17 17:48:26,378 [INFO] IPUIPlugin:80 - create IPUIPlugin
2025-03-17 17:48:26,378 [INFO] PluginManager:220 - loadIPPluginJar : add fmc
2025-03-17 17:48:26,393 [INFO] IPUIPlugin:80 - create IPUIPlugin
2025-03-17 17:48:26,393 [INFO] PluginManager:220 - loadIPPluginJar : add freertos
2025-03-17 17:48:26,406 [INFO] IPUIPlugin:80 - create IPUIPlugin
2025-03-17 17:48:26,406 [INFO] PluginManager:220 - loadIPPluginJar : add genericplugin
2025-03-17 17:48:26,414 [INFO] IPUIPlugin:80 - create IPUIPlugin
2025-03-17 17:48:26,415 [INFO] PluginManager:220 - loadIPPluginJar : add gfxmmu
2025-03-17 17:48:26,427 [INFO] IPUIPlugin:80 - create IPUIPlugin
2025-03-17 17:48:26,428 [INFO] PluginManager:220 - loadIPPluginJar : add gic
2025-03-17 17:48:26,439 [INFO] IPUIPlugin:80 - create IPUIPlugin
2025-03-17 17:48:26,440 [INFO] PluginManager:220 - loadIPPluginJar : add gpio
2025-03-17 17:48:26,449 [INFO] IPUIPlugin:80 - create IPUIPlugin
2025-03-17 17:48:26,450 [INFO] PluginManager:220 - loadIPPluginJar : add gtzc
2025-03-17 17:48:26,459 [INFO] IPUIPlugin:80 - create IPUIPlugin
2025-03-17 17:48:26,459 [INFO] PluginManager:220 - loadIPPluginJar : add hash
2025-03-17 17:48:26,468 [INFO] IPUIPlugin:80 - create IPUIPlugin
2025-03-17 17:48:26,469 [INFO] PluginManager:220 - loadIPPluginJar : add i2c
2025-03-17 17:48:26,478 [INFO] IPUIPlugin:80 - create IPUIPlugin
2025-03-17 17:48:26,478 [INFO] PluginManager:220 - loadIPPluginJar : add i2s
2025-03-17 17:48:26,487 [INFO] IPUIPlugin:80 - create IPUIPlugin
2025-03-17 17:48:26,487 [INFO] PluginManager:220 - loadIPPluginJar : add i3c
2025-03-17 17:48:26,498 [INFO] IPUIPlugin:80 - create IPUIPlugin
2025-03-17 17:48:26,499 [INFO] PluginManager:220 - loadIPPluginJar : add ipddr
2025-03-17 17:48:26,515 [INFO] IPUIPlugin:80 - create IPUIPlugin
2025-03-17 17:48:26,517 [INFO] PluginManager:220 - loadIPPluginJar : add linkedlist
2025-03-17 17:48:26,527 [INFO] IPUIPlugin:80 - create IPUIPlugin
2025-03-17 17:48:26,528 [INFO] PluginManager:220 - loadIPPluginJar : add lorawan
2025-03-17 17:48:26,536 [INFO] IPUIPlugin:80 - create IPUIPlugin
2025-03-17 17:48:26,536 [INFO] PluginManager:220 - loadIPPluginJar : add ltdc
2025-03-17 17:48:26,550 [INFO] IPUIPlugin:80 - create IPUIPlugin
2025-03-17 17:48:26,550 [INFO] PluginManager:220 - loadIPPluginJar : add mdma
2025-03-17 17:48:26,559 [INFO] IPUIPlugin:80 - create IPUIPlugin
2025-03-17 17:48:26,560 [INFO] PluginManager:220 - loadIPPluginJar : add nvic
2025-03-17 17:48:26,571 [INFO] IPUIPlugin:80 - create IPUIPlugin
2025-03-17 17:48:26,571 [INFO] PluginManager:220 - loadIPPluginJar : add opamp
2025-03-17 17:48:26,580 [INFO] IPUIPlugin:80 - create IPUIPlugin
2025-03-17 17:48:26,580 [INFO] PluginManager:220 - loadIPPluginJar : add openamp
2025-03-17 17:48:26,588 [INFO] IPUIPlugin:80 - create IPUIPlugin
2025-03-17 17:48:26,589 [INFO] PluginManager:220 - loadIPPluginJar : add pdm2pcm
2025-03-17 17:48:26,601 [INFO] IPUIPlugin:80 - create IPUIPlugin
2025-03-17 17:48:26,604 [INFO] PluginManager:220 - loadIPPluginJar : add plateformsettings
2025-03-17 17:48:26,612 [INFO] IPUIPlugin:80 - create IPUIPlugin
2025-03-17 17:48:26,612 [INFO] PluginManager:220 - loadIPPluginJar : add quadspi
2025-03-17 17:48:26,620 [INFO] IPUIPlugin:80 - create IPUIPlugin
2025-03-17 17:48:26,621 [INFO] PluginManager:220 - loadIPPluginJar : add radio
2025-03-17 17:48:26,631 [INFO] IPUIPlugin:80 - create IPUIPlugin
2025-03-17 17:48:26,632 [INFO] PluginManager:220 - loadIPPluginJar : add resmgrutility
2025-03-17 17:48:26,642 [INFO] IPUIPlugin:80 - create IPUIPlugin
2025-03-17 17:48:26,642 [INFO] PluginManager:220 - loadIPPluginJar : add sai
2025-03-17 17:48:26,650 [INFO] IPUIPlugin:80 - create IPUIPlugin
2025-03-17 17:48:26,651 [INFO] PluginManager:220 - loadIPPluginJar : add spi
2025-03-17 17:48:26,659 [INFO] IPUIPlugin:80 - create IPUIPlugin
2025-03-17 17:48:26,659 [INFO] PluginManager:220 - loadIPPluginJar : add stm32_wpan
2025-03-17 17:48:26,665 [INFO] IPUIPlugin:80 - create IPUIPlugin
2025-03-17 17:48:26,665 [INFO] PluginManager:220 - loadIPPluginJar : add tim
2025-03-17 17:48:26,673 [INFO] IPUIPlugin:80 - create IPUIPlugin
2025-03-17 17:48:26,673 [INFO] PluginManager:220 - loadIPPluginJar : add touchsensing
2025-03-17 17:48:26,681 [INFO] IPUIPlugin:80 - create IPUIPlugin
2025-03-17 17:48:26,681 [INFO] PluginManager:220 - loadIPPluginJar : add tracer_emb
2025-03-17 17:48:26,688 [INFO] IPUIPlugin:80 - create IPUIPlugin
2025-03-17 17:48:26,688 [INFO] PluginManager:220 - loadIPPluginJar : add ts
2025-03-17 17:48:26,693 [INFO] IPUIPlugin:80 - create IPUIPlugin
2025-03-17 17:48:26,693 [INFO] PluginManager:220 - loadIPPluginJar : add tsc
2025-03-17 17:48:26,699 [INFO] IPUIPlugin:80 - create IPUIPlugin
2025-03-17 17:48:26,699 [INFO] PluginManager:220 - loadIPPluginJar : add ucpd
2025-03-17 17:48:26,706 [INFO] IPUIPlugin:80 - create IPUIPlugin
2025-03-17 17:48:26,706 [INFO] PluginManager:220 - loadIPPluginJar : add usart
2025-03-17 17:48:26,714 [INFO] IPUIPlugin:80 - create IPUIPlugin
2025-03-17 17:48:26,714 [INFO] PluginManager:220 - loadIPPluginJar : add usbx
2025-03-17 17:48:26,844 [FATAL] Updater:351 - Updater called before beeing initialized
2025-03-17 17:48:26,891 [INFO] RulesReader:64 - Compatibility file has been processed (297 Rules)
2025-03-17 17:48:26,900 [INFO] RulesReader:64 - Compatibility file has been processed (297 Rules)
2025-03-17 17:48:26,912 [INFO] CADModel:165 - CPN selected for project level
2025-03-17 17:48:26,912 [INFO] CADModel:114 - Register for checkConnection events
2025-03-17 17:48:26,913 [FATAL] Updater:351 - Updater called before beeing initialized
2025-03-17 17:48:26,913 [ERROR] CADModel:125 - Updater not yet initialized, retry later 
2025-03-17 17:48:27,093 [FATAL] Updater:351 - Updater called before beeing initialized
2025-03-17 17:48:27,095 [INFO] CADModel:165 - CPN selected for project level
2025-03-17 17:48:27,095 [INFO] CADModel:114 - Register for checkConnection events
2025-03-17 17:48:27,095 [FATAL] Updater:351 - Updater called before beeing initialized
2025-03-17 17:48:27,095 [ERROR] CADModel:125 - Updater not yet initialized, retry later 
2025-03-17 17:48:27,117 [FATAL] Updater:351 - Updater called before beeing initialized
2025-03-17 17:48:27,224 [FATAL] Updater:351 - Updater called before beeing initialized
2025-03-17 17:48:27,227 [INFO] DbMcusAds:53 - JSON generation date=Tue Dec 17 23:01:15 ICT 2024 (1734451275143)
2025-03-17 17:48:27,227 [FATAL] Updater:351 - Updater called before beeing initialized
2025-03-17 17:48:27,256 [WARN] DetailPanel:346 - Failed to get advertising image, set to default
2025-03-17 17:48:27,471 [FATAL] Updater:351 - Updater called before beeing initialized
2025-03-17 17:48:27,473 [FATAL] Updater:351 - Updater called before beeing initialized
2025-03-17 17:48:27,473 [FATAL] Updater:351 - Updater called before beeing initialized
2025-03-17 17:48:27,473 [WARN] DetailPanel:346 - Failed to get advertising image, set to default
2025-03-17 17:48:27,473 [FATAL] Updater:351 - Updater called before beeing initialized
2025-03-17 17:48:27,532 [ERROR] Updater:1198 - MainUpdater not yet initialized. External WinMGr cannot be set.
2025-03-17 17:48:27,540 [INFO] Updater:1134 - Updater Version found : 6.13.0
2025-03-17 17:48:27,561 [INFO] ApplicationProperties:184 - Using Application install path: C:\ST\STM32CubeIDE_1.16.1\STM32CubeIDE\plugins\com.st.stm32cube.common.mx_6.13.0.202411220809
2025-03-17 17:48:28,746 [INFO] ThirdPartyUpdaterWithRetryManager:70 - Updater plugin not ready yet. [2/15]
2025-03-17 17:48:29,140 [ERROR] LogOutputStream:75 - [STDERR_REDIRECT] Mar 17, 2025 5:48:29 PM java.util.prefs.WindowsPreferences <init>
2025-03-17 17:48:29,141 [ERROR] LogOutputStream:75 - [STDERR_REDIRECT] WARNING: Could not open/create prefs root node Software\JavaSoft\Prefs at root 0xffffffff80000002. Windows RegCreateKeyEx(...) returned error code 5.
2025-03-17 17:48:29,142 [ERROR] LogOutputStream:75 - [STDERR_REDIRECT] 
2025-03-17 17:48:31,000 [INFO] MainUpdater:2872 - connection check result : 10
2025-03-17 17:48:31,002 [INFO] MainUpdater:289 - Updater Check For Update Now.
2025-03-17 17:48:31,002 [INFO] MicroXplorer:498 - Change Database Version : DB.6.0.130
2025-03-17 17:48:31,025 [INFO] McuFinderGlobals:63 - Set McuFinder mode to 2 (CubeIDE integrated)
2025-03-17 17:48:31,027 [INFO] UserAuth:486 - Internet connection configuration mode: 1
2025-03-17 17:48:31,065 [INFO] JxBrowserEngine:152 - Initiate JxBrowser Engine with user profile folder
2025-03-17 17:48:31,208 [INFO] CheckServerUpdateThread:120 - End of CheckServer Thread
2025-03-17 17:48:31,996 [INFO] WebApp:168 - Instantiating new browser for Auth
2025-03-17 17:48:32,008 [WARN] PackLoader:240 - Cannot read IP mode file for STMicroelectronics.FP-SNS-MOTENVWB1.1.4.0
2025-03-17 17:48:32,018 [WARN] PackLoader:240 - Cannot read IP mode file for STMicroelectronics.FP-ATR-ASTRA1.2.0.2
2025-03-17 17:48:32,023 [WARN] PackLoader:240 - Cannot read IP mode file for STMicroelectronics.FP-ATR-ASTRA1.2.0.1
2025-03-17 17:48:32,035 [WARN] PackLoader:240 - Cannot read IP mode file for STMicroelectronics.X-CUBE-SMBUS.2.1.0
2025-03-17 17:48:32,043 [WARN] PackLoader:240 - Cannot read IP mode file for STMicroelectronics.X-CUBE-WB05N.1.1.0
2025-03-17 17:48:32,071 [WARN] PackLoader:240 - Cannot read IP mode file for STMicroelectronics.X-CUBE-AZRTOS-F7.1.1.0
2025-03-17 17:48:32,125 [WARN] PackLoader:240 - Cannot read IP mode file for STMicroelectronics.X-CUBE-MEMS1.11.0.0
2025-03-17 17:48:32,242 [WARN] PackLoader:240 - Cannot read IP mode file for STMicroelectronics.FP-SNS-FLIGHT1.5.0.2
2025-03-17 17:48:32,254 [WARN] PackLoader:240 - Cannot read IP mode file for STMicroelectronics.X-CUBE-DISPLAY.3.0.0
2025-03-17 17:48:32,262 [WARN] PackLoader:240 - Cannot read IP mode file for STMicroelectronics.X-CUBE-BLE1.7.0.0
2025-03-17 17:48:32,269 [WARN] PackLoader:240 - Cannot read IP mode file for STMicroelectronics.X-CUBE-NFC10.1.0.0
2025-03-17 17:48:32,279 [WARN] PackLoader:240 - Cannot read IP mode file for STMicroelectronics.X-CUBE-BLEMGR.4.0.0
2025-03-17 17:48:32,287 [WARN] PackLoader:240 - Cannot read IP mode file for emotas.I-CUBE-CANOPEN.1.3.0
2025-03-17 17:48:32,294 [WARN] PackLoader:240 - Cannot read IP mode file for STMicroelectronics.X-CUBE-BLEMGR.3.1.0
2025-03-17 17:48:32,300 [WARN] PackLoader:240 - Cannot read IP mode file for STMicroelectronics.X-CUBE-AI.10.0.0
2025-03-17 17:48:32,305 [WARN] PackLoader:240 - Cannot read IP mode file for STMicroelectronics.FP-SNS-SMARTAG2.1.2.0
2025-03-17 17:48:32,310 [WARN] PackLoader:240 - Cannot read IP mode file for STMicroelectronics.FP-SNS-FLIGHT1.5.1.0
2025-03-17 17:48:32,340 [WARN] PackLoader:240 - Cannot read IP mode file for STMicroelectronics.X-CUBE-MEMS1.11.1.0
2025-03-17 17:48:32,511 [INFO] LogOutputStream:77 - [STDOUT_REDIRECT] 1 : Invalid condition id : UX_CORESTACK_Condition cause : null
2025-03-17 17:48:32,512 [INFO] LogOutputStream:77 - [STDOUT_REDIRECT] 1 : Invalid condition id : UX_CORESTACK_Condition cause : null
2025-03-17 17:48:32,514 [INFO] LogOutputStream:77 - [STDOUT_REDIRECT] 1 : Invalid condition id : UX_CORESTACK_Condition cause : null
2025-03-17 17:48:32,516 [INFO] LogOutputStream:77 - [STDOUT_REDIRECT] 1 : Invalid condition id : UX_CORESTACK_Condition cause : null
2025-03-17 17:48:32,517 [INFO] LogOutputStream:77 - [STDOUT_REDIRECT] 1 : Invalid condition id : UX_CORESTACK_Condition cause : null
2025-03-17 17:48:32,520 [WARN] PackLoader:240 - Cannot read IP mode file for STMicroelectronics.X-CUBE-AZRTOS-WL.2.0.0
2025-03-17 17:48:32,526 [WARN] PackLoader:240 - Cannot read IP mode file for STMicroelectronics.FP-SNS-MOTENV1.5.0.0
2025-03-17 17:48:32,532 [WARN] PackLoader:240 - Cannot read IP mode file for wolfSSL.I-CUBE-wolfMQTT.1.19.0
2025-03-17 17:48:32,543 [WARN] PackLoader:240 - Cannot read IP mode file for WES.I-CUBE-Cesium.1.3.0
2025-03-17 17:48:32,548 [WARN] PackLoader:240 - Cannot read IP mode file for STMicroelectronics.X-CUBE-BLE2.3.3.0
2025-03-17 17:48:32,554 [WARN] PackLoader:240 - Cannot read IP mode file for STMicroelectronics.X-CUBE-NFC9.1.0.0
2025-03-17 17:48:32,560 [WARN] PackLoader:240 - Cannot read IP mode file for STMicroelectronics.X-CUBE-BLE1.7.1.0
2025-03-17 17:48:32,566 [WARN] PackLoader:240 - Cannot read IP mode file for STMicroelectronics.X-CUBE-TCPP.4.1.0
2025-03-17 17:48:32,588 [WARN] PackLoader:240 - Cannot read IP mode file for STMicroelectronics.X-CUBE-AZRTOS-G0.1.1.0
2025-03-17 17:48:32,595 [WARN] PackLoader:240 - Cannot read IP mode file for STMicroelectronics.X-CUBE-SAFEA1.1.2.2
2025-03-17 17:48:32,602 [WARN] PackLoader:240 - Cannot read IP mode file for STMicroelectronics.X-CUBE-NFC4.3.0.0
2025-03-17 17:48:32,612 [WARN] PackLoader:240 - Cannot read IP mode file for EmbeddedOffice.I-CUBE-FS-RTOS.1.0.1
2025-03-17 17:48:32,616 [WARN] PackLoader:240 - Cannot read IP mode file for STMicroelectronics.X-CUBE-TCPP.4.2.0
2025-03-17 17:48:32,622 [WARN] PackLoader:240 - Cannot read IP mode file for RealThread.X-CUBE-RT-Thread_Nano.4.1.1
2025-03-17 17:48:32,627 [WARN] PackLoader:240 - Cannot read IP mode file for STMicroelectronics.FP-ATR-SIGFOX1.3.2.0
2025-03-17 17:48:32,633 [WARN] ConditionMgr:438 - getConditionDescription Invalid condition id : Cortex-A Device cause : null
2025-03-17 17:48:32,654 [WARN] ConditionMgr:1044 - genDependencies : Invalid condition id : Cortex-A Device cause : null
2025-03-17 17:48:32,655 [WARN] ConditionMgr:1044 - genDependencies : Invalid condition id : Cortex-A Device cause : null
2025-03-17 17:48:32,655 [WARN] ConditionMgr:1044 - genDependencies : Invalid condition id : Cortex-A Device cause : null
2025-03-17 17:48:32,661 [WARN] PackLoader:240 - Cannot read IP mode file for STMicroelectronics.X-CUBE-EEPRMA1.5.1.0
2025-03-17 17:48:32,665 [WARN] PackLoader:240 - Cannot read IP mode file for wolfSSL.I-CUBE-wolfSSL.5.7.4
2025-03-17 17:48:32,672 [WARN] PackLoader:240 - Cannot read IP mode file for ITTIA_DB.I-CUBE-ITTIADB.8.9.0
2025-03-17 17:48:32,694 [WARN] PackLoader:240 - Cannot read IP mode file for SEGGER.I-CUBE-embOS.1.3.1
2025-03-17 17:48:32,737 [WARN] PackLoader:240 - Cannot read IP mode file for STMicroelectronics.X-CUBE-ALGOBUILD.1.4.0
2025-03-17 17:48:32,743 [WARN] PackLoader:240 - Cannot read IP mode file for STMicroelectronics.X-CUBE-AI.9.1.0
2025-03-17 17:48:32,754 [WARN] PackLoader:240 - Cannot read IP mode file for STMicroelectronics.X-CUBE-AZRTOS-F4.1.1.0
2025-03-17 17:48:32,761 [WARN] PackLoader:240 - Cannot read IP mode file for STMicroelectronics.X-CUBE-ISPU.2.1.0
2025-03-17 17:48:32,767 [WARN] PackLoader:240 - Cannot read IP mode file for STMicroelectronics.X-CUBE-FREERTOS.1.2.0
2025-03-17 17:48:32,781 [WARN] PackLoader:240 - Cannot read IP mode file for STMicroelectronics.X-CUBE-AZRTOS-L5.2.0.0
2025-03-17 17:48:32,790 [WARN] PackLoader:240 - Cannot read IP mode file for STMicroelectronics.X-CUBE-NFC6.3.1.0
2025-03-17 17:48:32,796 [WARN] PackLoader:240 - Cannot read IP mode file for STMicroelectronics.X-CUBE-DPower.1.2.0
2025-03-17 17:48:32,803 [WARN] PackLoader:240 - Cannot read IP mode file for STMicroelectronics.X-CUBE-FREERTOS.1.3.0
2025-03-17 17:48:32,809 [WARN] PackLoader:240 - Cannot read IP mode file for STMicroelectronics.X-CUBE-NFC7.1.0.1
2025-03-17 17:48:32,832 [WARN] ConditionMgr:438 - getConditionDescription Invalid condition id : LAN8742 Phy interface Condition cause : null
2025-03-17 17:48:32,833 [WARN] PackLoader:240 - Cannot read IP mode file for STMicroelectronics.X-CUBE-AZRTOS-L4.2.0.0
2025-03-17 17:48:32,835 [WARN] ConditionMgr:1044 - genDependencies : Invalid condition id : LAN8742 Phy interface Condition cause : null
2025-03-17 17:48:32,835 [WARN] ConditionMgr:1044 - genDependencies : Invalid condition id : LAN8742 Phy interface Condition cause : null
2025-03-17 17:48:32,835 [WARN] ConditionMgr:1044 - genDependencies : Invalid condition id : LAN8742 Phy interface Condition cause : null
2025-03-17 17:48:32,843 [WARN] PackLoader:240 - Cannot read IP mode file for STMicroelectronics.X-CUBE-SFXS2LP1.4.0.0
2025-03-17 17:48:32,860 [WARN] PackLoader:240 - Cannot read IP mode file for STMicroelectronics.X-CUBE-AZRTOS-H7.3.3.0
2025-03-17 17:48:32,870 [WARN] PackLoader:240 - Cannot read IP mode file for STMicroelectronics.X-CUBE-IPS.3.0.0
2025-03-17 17:48:32,882 [WARN] ConditionMgr:438 - getConditionDescription Invalid condition id : UX DEVICE CLASS RTOS Condition cause : null
2025-03-17 17:48:32,882 [WARN] ConditionMgr:438 - getConditionDescription Invalid condition id : UX DEVICE CLASS RTOS Condition cause : null
2025-03-17 17:48:32,884 [WARN] PackLoader:240 - Cannot read IP mode file for STMicroelectronics.X-CUBE-AZRTOS-WB.2.0.0
2025-03-17 17:48:32,884 [WARN] ConditionMgr:1044 - genDependencies : Invalid condition id : UX DEVICE CLASS RTOS Condition cause : null
2025-03-17 17:48:32,884 [WARN] ConditionMgr:1044 - genDependencies : Invalid condition id : UX DEVICE CLASS RTOS Condition cause : null
2025-03-17 17:48:32,884 [WARN] ConditionMgr:1044 - genDependencies : Invalid condition id : UX DEVICE CLASS RTOS Condition cause : null
2025-03-17 17:48:32,885 [WARN] ConditionMgr:1044 - genDependencies : Invalid condition id : UX DEVICE CLASS RTOS Condition cause : null
2025-03-17 17:48:32,885 [WARN] ConditionMgr:1044 - genDependencies : Invalid condition id : UX DEVICE CLASS RTOS Condition cause : null
2025-03-17 17:48:32,890 [WARN] PackLoader:240 - Cannot read IP mode file for STMicroelectronics.X-CUBE-GNSS1.7.0.0
2025-03-17 17:48:32,894 [WARN] PackLoader:240 - Cannot read IP mode file for STMicroelectronics.X-CUBE-GNSS1.7.0.1
2025-03-17 17:48:32,904 [WARN] PackLoader:240 - Cannot read IP mode file for STMicroelectronics.X-CUBE-TOUCHGFX.4.25.0
2025-03-17 17:48:32,909 [WARN] PackLoader:240 - Cannot read IP mode file for STMicroelectronics.FP-SNS-STBOX1.2.0.0
2025-03-17 17:48:32,919 [WARN] PackLoader:240 - Cannot read IP mode file for STMicroelectronics.X-CUBE-SUBG2.5.0.0
2025-03-17 17:48:32,928 [WARN] PackLoader:240 - Cannot read IP mode file for Cesanta.I-CUBE-Mongoose.7.13.0
2025-03-17 17:48:32,937 [WARN] PackLoader:240 - Cannot read IP mode file for STMicroelectronics.X-CUBE-AZRTOS-G4.2.0.0
2025-03-17 17:48:32,946 [WARN] PackLoader:240 - Cannot read IP mode file for STMicroelectronics.X-CUBE-IPS.3.1.0
2025-03-17 17:48:32,957 [WARN] PackLoader:240 - Cannot read IP mode file for STMicroelectronics.X-CUBE-ALS.1.0.2
2025-03-17 17:48:32,961 [WARN] PackLoader:240 - Cannot read IP mode file for STMicroelectronics.X-CUBE-TOUCHGFX.4.24.2
2025-03-17 17:48:32,964 [WARN] PackLoader:240 - Cannot read IP mode file for STMicroelectronics.X-CUBE-TOUCHGFX.4.24.1
2025-03-17 17:48:32,968 [WARN] PackLoader:240 - Cannot read IP mode file for wolfSSL.I-CUBE-wolfTPM.3.4.0
2025-03-17 17:48:32,973 [WARN] PackLoader:240 - Cannot read IP mode file for portGmbH.I-Cube-SoM-uGOAL.1.1.0
2025-03-17 17:48:32,985 [WARN] PackLoader:240 - Cannot read IP mode file for STMicroelectronics.X-CUBE-AZRTOS-H7RS.1.0.0
2025-03-17 17:48:32,993 [WARN] PackLoader:240 - Cannot read IP mode file for STMicroelectronics.FP-ATR-ASTRA1.2.0.0
2025-03-17 17:48:33,003 [WARN] PackLoader:240 - Cannot read IP mode file for STMicroelectronics.X-CUBE-TOF1.3.4.2
2025-03-17 17:48:33,025 [WARN] PackLoader:240 - Cannot read IP mode file for Infineon.AIROC-Wi-Fi-Bluetooth-STM32.1.6.1
2025-03-17 17:48:33,039 [WARN] PackLoader:240 - Cannot read IP mode file for wolfSSL.I-CUBE-wolfSSH.1.4.17
2025-03-17 17:48:33,040 [INFO] ThirdParty:978 - Integrity check success = true
2025-03-17 17:48:33,040 [INFO] IntegrityCheckThread:100 - exiting critical section [integrity check]
2025-03-17 17:48:33,040 [INFO] IntegrityCheckThread:103 - End integrity checks thread
2025-03-17 17:48:34,006 [INFO] WebApp:449 - Apply proxy settings
2025-03-17 17:48:34,006 [INFO] WebApp:534 - Chromium requires no authentication
2025-03-17 17:48:34,012 [INFO] WebApp:477 - Direct internet connection detected
2025-03-17 17:48:34,034 [INFO] WebApp:880 - Register for checkConnection events
2025-03-17 17:48:34,035 [INFO] WebApp:449 - Apply proxy settings
2025-03-17 17:48:34,035 [INFO] WebApp:534 - Chromium requires no authentication
2025-03-17 17:48:34,035 [INFO] WebApp:477 - Direct internet connection detected
2025-03-17 17:48:34,165 [INFO] WebApp:221 - Starting web application
2025-03-17 17:48:34,165 [INFO] WebApp:579 - Web application path used C:\ST\STM32CubeIDE_1.16.1\STM32CubeIDE\plugins\com.st.stm32cube.common.mx_6.13.0.202411220809\db\plugins\mcufinder\reactClient1\index.html
2025-03-17 17:48:34,262 [INFO] UserAuth:486 - Internet connection configuration mode: 1
2025-03-17 17:48:35,595 [INFO] WebApp:187 - Connection restablished
2025-03-17 17:48:57,464 [INFO] WebApp:190 - Connection lost
2025-03-17 17:54:18,982 [INFO] McuFinderGlobals:63 - Set McuFinder mode to 2 (CubeIDE integrated)
2025-03-17 17:54:19,015 [INFO] MainUpdater:2872 - connection check result : 10
2025-03-17 17:54:19,025 [INFO] MainUpdater:2872 - connection check result : 10
2025-03-17 17:54:19,234 [INFO] MicroXplorer:468 - Change Database Path : 
2025-03-17 17:54:19,234 [INFO] MicroXplorer:498 - Change Database Version : DB.6.0.130
2025-03-17 17:54:19,249 [WARN] ThirdParty:871 - waiting for thirdparty lock release [close project]
2025-03-17 17:54:19,249 [INFO] ThirdParty:873 - entering critical section [close project]
2025-03-17 17:54:19,249 [INFO] ThirdParty:883 - exiting critical section [close project]
2025-03-17 17:54:19,258 [INFO] PinOutPanel:1589 - setPackage(No Configuration,No Configuration)
2025-03-17 17:54:19,283 [INFO] UtilMem:75 - Begin LoadConfig() Used Memory: 663327760 Bytes (1073741824)
2025-03-17 17:54:19,283 [INFO] MicroXplorer:468 - Change Database Path : 
2025-03-17 17:54:19,283 [INFO] MicroXplorer:498 - Change Database Version : DB.6.0.130
2025-03-17 17:54:19,283 [INFO] OpenFileManager:332 - Change cursor
2025-03-17 17:54:19,370 [INFO] Mcu:2035 - Initializing MCU STM32F767ZGTx STM32F767ZGTx STM32F767ZGT6
2025-03-17 17:54:22,634 [INFO] Context:748 - Trying to add GPIOservice into a context  which must be forbidden
2025-03-17 17:54:22,993 [INFO] WebApp:187 - Connection restablished
2025-03-17 17:54:23,508 [INFO] RtosManager:555 - Registered RTOS mode: class=CMSIS, group=RTOS, mode=CMSIS_V1, owner=FREERTOS
2025-03-17 17:54:23,508 [INFO] RtosManager:555 - Registered RTOS mode: class=CMSIS, group=RTOS2, mode=CMSIS_V2, owner=FREERTOS
2025-03-17 17:54:23,509 [INFO] RtosManager:555 - Registered RTOS mode: class=RTOS, group=Core, mode=CMSIS_V1, owner=FREERTOS
2025-03-17 17:54:23,509 [INFO] RtosManager:555 - Registered RTOS mode: class=RTOS, group=Core, mode=CMSIS_V2, owner=FREERTOS
2025-03-17 17:54:23,509 [WARN] ModelIntegratedComponent:184 - Missing modes for component STMicroelectronics:FreeRTOS:0.0.1:STMicroelectronics:RTOS:FreeRTOS:Core:::10.2.0:
2025-03-17 17:54:23,532 [WARN] ModelIntegratedComponent:63 - No mode defined for component null
2025-03-17 17:54:23,532 [WARN] ModelIntegratedComponent:63 - No mode defined for component null
2025-03-17 17:54:23,532 [WARN] ModelIntegratedComponent:63 - No mode defined for component null
2025-03-17 17:54:23,532 [WARN] ModelIntegratedComponent:63 - No mode defined for component null
2025-03-17 17:54:23,532 [WARN] ModelIntegratedComponent:63 - No mode defined for component null
2025-03-17 17:54:23,532 [WARN] ModelIntegratedComponent:63 - No mode defined for component null
2025-03-17 17:54:23,533 [WARN] ModelIntegratedComponent:63 - No mode defined for component null
2025-03-17 17:54:23,533 [WARN] ModelIntegratedComponent:63 - No mode defined for component null
2025-03-17 17:54:23,533 [WARN] ModelIntegratedComponent:63 - No mode defined for component null
2025-03-17 17:54:23,533 [WARN] ModelIntegratedComponent:63 - No mode defined for component null
2025-03-17 17:54:23,533 [WARN] ModelIntegratedComponent:63 - No mode defined for component null
2025-03-17 17:54:23,533 [WARN] ModelIntegratedComponent:63 - No mode defined for component null
2025-03-17 17:54:23,533 [WARN] ModelIntegratedComponent:63 - No mode defined for component null
2025-03-17 17:54:23,533 [WARN] ModelIntegratedComponent:63 - No mode defined for component null
2025-03-17 17:54:23,533 [WARN] ModelIntegratedComponent:63 - No mode defined for component null
2025-03-17 17:54:23,533 [WARN] ModelIntegratedComponent:63 - No mode defined for component null
2025-03-17 17:54:23,533 [WARN] ModelIntegratedComponent:63 - No mode defined for component null
2025-03-17 17:54:23,533 [WARN] ModelIntegratedComponent:63 - No mode defined for component null
2025-03-17 17:54:23,533 [WARN] ModelIntegratedComponent:63 - No mode defined for component null
2025-03-17 17:54:23,533 [WARN] ModelIntegratedComponent:63 - No mode defined for component null
2025-03-17 17:54:23,533 [WARN] ModelIntegratedComponent:63 - No mode defined for component null
2025-03-17 17:54:23,533 [WARN] ModelIntegratedComponent:63 - No mode defined for component null
2025-03-17 17:54:23,534 [WARN] ModelIntegratedComponent:63 - No mode defined for component null
2025-03-17 17:54:23,534 [WARN] ModelIntegratedComponent:63 - No mode defined for component null
2025-03-17 17:54:23,534 [WARN] ModelIntegratedComponent:63 - No mode defined for component null
2025-03-17 17:54:23,534 [WARN] ModelIntegratedComponent:63 - No mode defined for component null
2025-03-17 17:54:23,534 [WARN] ModelIntegratedComponent:63 - No mode defined for component null
2025-03-17 17:54:23,534 [WARN] ModelIntegratedComponent:63 - No mode defined for component null
2025-03-17 17:54:23,534 [WARN] ModelIntegratedComponent:63 - No mode defined for component null
2025-03-17 17:54:23,534 [WARN] ModelIntegratedComponent:63 - No mode defined for component null
2025-03-17 17:54:23,534 [WARN] ModelIntegratedComponent:63 - No mode defined for component null
2025-03-17 17:54:23,534 [WARN] ModelIntegratedComponent:63 - No mode defined for component null
2025-03-17 17:54:23,534 [WARN] ModelIntegratedComponent:63 - No mode defined for component null
2025-03-17 17:54:23,534 [WARN] ModelIntegratedComponent:63 - No mode defined for component null
2025-03-17 17:54:23,534 [WARN] ModelIntegratedComponent:63 - No mode defined for component null
2025-03-17 17:54:23,534 [WARN] ModelPack:524 - Component already loaded: STMicroelectronics:HAL Drivers:0.0.0:STMicroelectronics:Device:STMicro_Driver:XSPI:HAL::0.0.1:HAL_XSPI
2025-03-17 17:54:23,664 [INFO] ThirdPartyModel:298 - Start build external matchings
2025-03-17 17:54:24,152 [INFO] ThirdPartyModel:316 - End build external matchings
2025-03-17 17:54:24,172 [INFO] RtosManager:922 - Current active RTOS is FREERTOS [Cortex-M7NS]
2025-03-17 17:54:24,182 [INFO] ImportTextPane:218 - (OptionalMessage_ERROR) IP (DMA) : Parameter (Instance) has Id (USART2_RX) currently not set
2025-03-17 17:54:24,182 [INFO] ImportTextPane:218 - (OptionalMessage_ERROR) IP (DMA) : Parameter (Channel) has Id (USART2_RX) currently not set
2025-03-17 17:54:24,182 [INFO] ImportTextPane:218 - (OptionalMessage_ERROR) IP (DMA) : Parameter (Direction) has Id (USART2_RX) currently not set
2025-03-17 17:54:24,182 [INFO] ImportTextPane:218 - (OptionalMessage_ERROR) IP (DMA) : Parameter (PeriphInc) has Id (USART2_RX) currently not set
2025-03-17 17:54:24,183 [INFO] ImportTextPane:218 - (OptionalMessage_ERROR) IP (DMA) : Parameter (MemInc) has Id (USART2_RX) currently not set
2025-03-17 17:54:24,183 [INFO] ImportTextPane:218 - (OptionalMessage_ERROR) IP (DMA) : Parameter (PeriphDataAlignment) has Id (USART2_RX) currently not set
2025-03-17 17:54:24,183 [INFO] ImportTextPane:218 - (OptionalMessage_ERROR) IP (DMA) : Parameter (MemDataAlignment) has Id (USART2_RX) currently not set
2025-03-17 17:54:24,184 [INFO] ImportTextPane:218 - (OptionalMessage_ERROR) IP (DMA) : Parameter (Mode) has Id (USART2_RX) currently not set
2025-03-17 17:54:24,184 [INFO] ImportTextPane:218 - (OptionalMessage_ERROR) IP (DMA) : Parameter (Priority) has Id (USART2_RX) currently not set
2025-03-17 17:54:24,184 [INFO] ImportTextPane:218 - (OptionalMessage_ERROR) IP (DMA) : Parameter (FIFOMode) has Id (USART2_RX) currently not set
2025-03-17 17:54:24,184 [INFO] ImportTextPane:218 - (OptionalMessage_ERROR) IP (DMA) : Parameter (Instance) has Id (USART6_RX) currently not set
2025-03-17 17:54:24,184 [INFO] ImportTextPane:218 - (OptionalMessage_ERROR) IP (DMA) : Parameter (Channel) has Id (USART6_RX) currently not set
2025-03-17 17:54:24,184 [INFO] ImportTextPane:218 - (OptionalMessage_ERROR) IP (DMA) : Parameter (Direction) has Id (USART6_RX) currently not set
2025-03-17 17:54:24,184 [INFO] ImportTextPane:218 - (OptionalMessage_ERROR) IP (DMA) : Parameter (PeriphInc) has Id (USART6_RX) currently not set
2025-03-17 17:54:24,184 [INFO] ImportTextPane:218 - (OptionalMessage_ERROR) IP (DMA) : Parameter (MemInc) has Id (USART6_RX) currently not set
2025-03-17 17:54:24,184 [INFO] ImportTextPane:218 - (OptionalMessage_ERROR) IP (DMA) : Parameter (PeriphDataAlignment) has Id (USART6_RX) currently not set
2025-03-17 17:54:24,184 [INFO] ImportTextPane:218 - (OptionalMessage_ERROR) IP (DMA) : Parameter (MemDataAlignment) has Id (USART6_RX) currently not set
2025-03-17 17:54:24,184 [INFO] ImportTextPane:218 - (OptionalMessage_ERROR) IP (DMA) : Parameter (Mode) has Id (USART6_RX) currently not set
2025-03-17 17:54:24,184 [INFO] ImportTextPane:218 - (OptionalMessage_ERROR) IP (DMA) : Parameter (Priority) has Id (USART6_RX) currently not set
2025-03-17 17:54:24,184 [INFO] ImportTextPane:218 - (OptionalMessage_ERROR) IP (DMA) : Parameter (FIFOMode) has Id (USART6_RX) currently not set
2025-03-17 17:54:24,205 [INFO] ImportTextPane:218 - (OptionalMessage_ERROR) IP (RCC) : Invalid parameter (FamilyName)
2025-03-17 17:54:24,206 [INFO] ImportTextPane:218 - (OptionalMessage_ERROR) IP (RCC) : Parameter (RNGFreq_Value) has invalid value (128000000)
2025-03-17 17:54:24,206 [INFO] ImportTextPane:218 - (OptionalMessage_ERROR) IP (RCC) : Parameter (SDMMC2Freq_Value) has invalid value (128000000)
2025-03-17 17:54:24,206 [INFO] ImportTextPane:218 - (OptionalMessage_ERROR) IP (RCC) : Parameter (SDMMCFreq_Value) has invalid value (128000000)
2025-03-17 17:54:24,207 [INFO] ImportTextPane:218 - (OptionalMessage_ERROR) IP (RCC) : Parameter (USBFreq_Value) has invalid value (128000000)
2025-03-17 17:54:24,933 [INFO] ApiDb:581 - Connected to CubeFinder SQLite database (C:\Users\Chinnapop\.stmcufinder\plugins\mcufinder\mcu\cube-finder-db.db)
2025-03-17 17:54:25,055 [INFO] ApiDb:668 - CubeFinder database Data Model version=2.1
2025-03-17 17:54:25,055 [INFO] ApiDb:669 - CubeFinder database Configuration version=3.0.39
2025-03-17 17:54:25,056 [INFO] ApiDb:670 - CubeFinder database generation date=2025-02-07 (1738919966)
2025-03-17 17:54:25,056 [INFO] ApiDb:671 - CubeFinder database FW Pack versions=[FP-ATR-ASTRA1_V2.0.0, FP-SNS-FLIGHT1_V5.0.2, FP-SNS-MOTENV1_V5.0.0, FP-SNS-MOTENVWB1_V1.4.0, FP-SNS-SMARTAG2_V1.2.0, FP-SNS-STBOX1_V2.0.0, STM32Cube_FW_C0_V1.3.0, STM32Cube_FW_F4_V1.28.1, STM32Cube_FW_F7_V1.17.2, STM32Cube_FW_G0_V1.6.2, STM32Cube_FW_G4_V1.6.1, STM32Cube_FW_H5_V1.4.0, STM32Cube_FW_H7RS_V1.1.0, STM32Cube_FW_H7_V1.12.0, STM32Cube_FW_L0_V1.12.2, STM32Cube_FW_L4_V1.18.1, STM32Cube_FW_L5_V1.5.1, STM32Cube_FW_N6_V1.0.0, STM32Cube_FW_U0_V1.2.0, STM32Cube_FW_U3_V1.0.0, STM32Cube_FW_U5_V1.7.0, STM32Cube_FW_WB0_V1.1.0, STM32Cube_FW_WBA_V1.5.0, STM32Cube_FW_WB_V1.21.0, STM32Cube_FW_WL3_V1.0.0, STM32Cube_FW_WL_V1.3.0, X-CUBE-ALGOBUILD_V1.4.0, X-CUBE-ALS_V1.0.2, X-CUBE-AZRTOS-F4_V1.1.0, X-CUBE-AZRTOS-F7_V1.1.0, X-CUBE-AZRTOS-G0_V1.1.0, X-CUBE-AZRTOS-G4_V2.0.0, X-CUBE-AZRTOS-H7RS_V1.0.0, X-CUBE-AZRTOS-H7_V3.3.0, X-CUBE-AZRTOS-L4_V2.0.0, X-CUBE-AZRTOS-L5_V2.0.0, X-CUBE-AZRTOS-WB_V2.0.0, X-CUBE-AZRTOS-WL_V2.0.0, X-CUBE-BLE1_V7.0.0, X-CUBE-BLE2_V3.3.0, X-CUBE-BLEMGR_V4.0.0, X-CUBE-EEPRMA1_V5.1.0, X-CUBE-FREERTOS_V1.2.0, X-CUBE-GNSS1_V6.0.0, X-CUBE-MEMS1_V11.1.0, X-CUBE-NFC4_V3.0.0, X-CUBE-NFC7_V1.0.1, X-CUBE-SFXS2LP1_V4.0.0, X-CUBE-SUBG2_V5.0.0, X-CUBE-TOF1_V3.4.2]
2025-03-17 17:54:25,196 [INFO] DbBoardsSqlite:226 - include board P-NUCLEO-WB55-NUCLEO as a kit item of type 'Nucleo-64'
2025-03-17 17:54:25,197 [INFO] DbBoardsSqlite:226 - include board P-NUCLEO-WB55-USBDONGLE as a kit item of type 'Nucleo USB Dongle'
2025-03-17 17:54:25,199 [INFO] DbBoardsSqlite:226 - include board STEVAL-IDP005V1 as a kit item of type 'Evaluation Board'
2025-03-17 17:54:25,199 [INFO] DbBoardsSqlite:226 - include board STEVAL-IDP005V2 as a kit item of type 'Evaluation Board'
2025-03-17 17:54:25,655 [INFO] ApiDb:240 - Found 858 in-development CPN: [B-G473E-ZEST1S, B-WB1M-WPAN1, B-WBA5M-WPAN, B-WL5M-SUBG1, NUCLEO-C031C6, NUCLEO-C051C8, NUCLEO-C071RB, NUCLEO-C092RC, NUCLEO-H503RB, NUCLEO-H533RE, NUCLEO-H563ZI, NUCLEO-H7S3L8, NUCLEO-N657X0-Q, NUCLEO-U031R8, NUCLEO-U083RC, NUCLEO-U385RG-Q, NUCLEO-U545RE-Q, NUCLEO-U5A5ZJ-Q, NUCLEO-WB05KZ, NUCLEO-WB07CC, NUCLEO-WB09KE, NUCLEO-WBA52CG, NUCLEO-WBA55CG, NUCLEO-WL33CC1, NUCLEO-WL33CC2, STEVAL-PROTEUS1, STEVAL-SMARTAG2, STEVAL-STWINBX1, STM320518-EVAL, STM32C0116-DK, STM32C011D6Y3TR, STM32C011D6Y6TR, STM32C011F4P3, STM32C011F4P6, STM32C011F4U3, STM32C011F4U6TR, STM32C011F6P3, STM32C011F6P6, STM32C011F6U3, STM32C011F6U6TR, STM32C011J4M3, STM32C011J4M6, STM32C011J6M3, STM32C011J6M6, STM32C0316-DK, STM32C031C4T3, STM32C031C4T6, STM32C031C4U3, STM32C031C4U6, STM32C031C6T3, STM32C031C6T6, STM32C031C6U3, STM32C031C6U6, STM32C031F4P3, STM32C031F4P6, STM32C031F6P3, STM32C031F6P6, STM32C031G4U3, STM32C031G4U6, STM32C031G6U3, STM32C031G6U6, STM32C031K4T3, STM32C031K4T6, STM32C031K4U3, STM32C031K4U6, STM32C031K6T3, STM32C031K6T6, STM32C031K6U3, STM32C031K6U6, STM32C051C6T6, STM32C051C6U6, STM32C051C8T6, STM32C051C8U6, STM32C051D8Y6TR, STM32C051F6P6, STM32C051F8P6, STM32C051G6U6, STM32C051G8U6, STM32C051K6T6, STM32C051K6U6, STM32C051K8T6, STM32C071C8T6, STM32C071C8T6N, STM32C071C8U6, STM32C071C8U6N, STM32C071CBT6, STM32C071CBT6N, STM32C071CBU6, STM32C071CBU6N, STM32C071F8P6, STM32C071F8P6N, STM32C071FBP6, STM32C071FBP6N, STM32C071FBY6TR, STM32C071G8U6, STM32C071G8U6N, STM32C071GBU6, STM32C071GBU6N, STM32C071K8T6, STM32C071K8T6N, STM32C071K8U6, STM32C071K8U6N, STM32C071KBT6, STM32C071KBT6N, STM32C071KBU6, STM32C071KBU6N, STM32C071R8T6, STM32C071R8T6N, STM32C071RBI6N, STM32C071RBT6, STM32C071RBT6N, STM32C091CBT6, STM32C091CBU6, STM32C091CCT6, STM32C091CCU6, STM32C091ECY6TR, STM32C091FBP6, STM32C091FCP6, STM32C091GBU6, STM32C091GCU6, STM32C091KBT6, STM32C091KBU6, STM32C091KCT6, STM32C091KCU6, STM32C091RBT6, STM32C091RCI6, STM32C091RCT6, STM32C092CBT6, STM32C092CBU6, STM32C092CCT6, STM32C092CCU6, STM32C092ECY6TR, STM32C092FBP6, STM32C092FCP6, STM32C092GBU6, STM32C092GCU6, STM32C092KBT6, STM32C092KBU6, STM32C092KCT6, STM32C092KCU6, STM32C092RBT6, STM32C092RCI6, STM32C092RCT6, STM32G071K8TXN, STM32G071K8UXN, STM32G081GBU6N, STM32G081KBT6N, STM32G081KBUXN, STM32G0B1CCT6N, STM32G0B1KCT6, STM32G0B1NEY6TR, STM32G0B1RCT6N, STM32G0C1CCT6, STM32G0C1CCT6N, STM32G0C1CCU6N, STM32G0C1CET6N, STM32G0C1CEU6N, STM32G0C1KCT6, STM32G0C1NEY6TR, STM32G0C1RCI6N, STM32G0C1RCT6N, STM32G0C1REI6N, STM32G0C1RET6N, STM32G0C1VCI6, STM32G0C1VEI6, STM32G411C6T3, STM32G411C6T6, STM32G411C6U3, STM32G411C6U6, STM32G411C8T3, STM32G411C8T6, STM32G411C8U3, STM32G411C8U6, STM32G411CBT3, STM32G411CBT6, STM32G411CBU3, STM32G411CBU6, STM32G411CCT3, STM32G411CCT6, STM32G411CCU3, STM32G411CCU6, STM32G411K6T3, STM32G411K6T6, STM32G411K6U3, STM32G411K6U6, STM32G411K8T3, STM32G411K8T6, STM32G411K8U3, STM32G411K8U6, STM32G411KBT3, STM32G411KBT6, STM32G411KBU3, STM32G411KBU6, STM32G411M6T3, STM32G411M6T6, STM32G411M8T3, STM32G411M8T6, STM32G411MBT3, STM32G411MBT6, STM32G411MCT3, STM32G411MCT6, STM32G411R6T3, STM32G411R6T6, STM32G411R8T3, STM32G411R8T6, STM32G411RBT3, STM32G411RBT6, STM32G411RCT3, STM32G411RCT6, STM32G414CBT3, STM32G414CBT6, STM32G414CBU3, STM32G414CBU6, STM32G414CCT3, STM32G414CCT6, STM32G414CCU3, STM32G414CCU6, STM32G414MBT3, STM32G414MBT6, STM32G414MCT3, STM32G414MCT6, STM32G414RBT3, STM32G414RBT6, STM32G414RCT3, STM32G414RCT6, STM32G414VBT3, STM32G414VBT6, STM32G414VCT3, STM32G414VCT6, STM32G431CBT3Z, STM32G431RBT3Z, STM32G471CCT6, STM32G471CCU6, STM32G471CET3, STM32G471CET6, STM32G471CEU3, STM32G471CEU6, STM32G471MCT6, STM32G471MET3, STM32G471MET6, STM32G471MEY6TR, STM32G471QCT6, STM32G471QET3, STM32G471RCT6, STM32G471RET3, STM32G471RET6, STM32G471VCH6, STM32G471VCI6, STM32G471VCT6, STM32G471VEH3, STM32G471VEH6, STM32G471VEI3, STM32G471VEI6, STM32G471VET3, STM32G471VET6, STM32G473QET3Z, STM32G473RET3Z, STM32G474CCT6, STM32G491RET3Z, STM32H503CBT6, STM32H503CBU6, STM32H503EBY6TR, STM32H503KBU6, STM32H503RBT6, STM32H523CCT6, STM32H523CCU6, STM32H523CET6, STM32H523CEU6, STM32H523HEY6TR, STM32H523RCT6, STM32H523RET6, STM32H523VCI6, STM32H523VCT6, STM32H523VEI6, STM32H523VET6, STM32H523ZCJ6, STM32H523ZCT6, STM32H523ZEJ6, STM32H523ZET6, STM32H533CET6, STM32H533CEU6, STM32H533HEY6TR, STM32H533RET6, STM32H533VEI6, STM32H533VET6, STM32H533ZEJ6, STM32H533ZET6, STM32H562AGI6, STM32H562AII6, STM32H562IGK6, STM32H562IGT6, STM32H562IIK6, STM32H562IIT6, STM32H562RGT6, STM32H562RGV6, STM32H562RIT6, STM32H562RIV6, STM32H562VGT6, STM32H562VIT6, STM32H562ZGT6, STM32H562ZIT6, STM32H563AGI6, STM32H563AII3Q, STM32H563AII6, STM32H563IGK6, STM32H563IGT6, STM32H563IIK3Q, STM32H563IIK6, STM32H563IIT3Q, STM32H563IIT6, STM32H563MIY3QTR, STM32H563RGT6, STM32H563RGV6, STM32H563RIT6, STM32H563RIV6, STM32H563VGT6, STM32H563VIT3Q, STM32H563VIT6, STM32H563ZGT6, STM32H563ZIT3Q, STM32H563ZIT6, STM32H573AII3Q, STM32H573AII6, STM32H573I-DK, STM32H573IIK3Q, STM32H573IIK6, STM32H573IIT3Q, STM32H573IIT6, STM32H573MIY3QTR, STM32H573RIT6, STM32H573RIV6, STM32H573VIT3Q, STM32H573VIT6, STM32H573ZIT3Q, STM32H573ZIT6, STM32H7R3A8I6, STM32H7R3I8K6, STM32H7R3I8T6, STM32H7R3L8H6, STM32H7R3L8H6H, STM32H7R3R8V6, STM32H7R3V8H6, STM32H7R3V8T6, STM32H7R3V8Y6TR, STM32H7R3Z8J6, STM32H7R3Z8T6, STM32H7R7A8I6, STM32H7R7I8K6, STM32H7R7I8T6, STM32H7R7L8H6, STM32H7R7L8H6H, STM32H7R7Z8J6, STM32H7S3A8I6, STM32H7S3I8K6, STM32H7S3I8T6, STM32H7S3L8H6, STM32H7S3L8H6H, STM32H7S3R8V6, STM32H7S3V8H6, STM32H7S3V8T6, STM32H7S3V8Y6TR, STM32H7S3Z8J6, STM32H7S3Z8T6, STM32H7S78-DK, STM32H7S7A8I6, STM32H7S7I8K6, STM32H7S7I8T6, STM32H7S7L8H6, STM32H7S7L8H6H, STM32H7S7Z8J6, STM32L4R5QGI6STR, STM32MP131AAE3, STM32MP131AAF3, STM32MP131AAG3, STM32MP131CAE3, STM32MP131CAF3, STM32MP131CAG3, STM32MP131DAE7, STM32MP131DAF7, STM32MP131DAG7, STM32MP131FAE7, STM32MP131FAF7, STM32MP131FAG7, STM32MP133AAE3, STM32MP133AAF3, STM32MP133AAG3, STM32MP133CAE3, STM32MP133CAF3, STM32MP133CAG3, STM32MP133DAE7, STM32MP133DAF7, STM32MP133DAG7, STM32MP133FAE7, STM32MP133FAF7, STM32MP133FAG7, STM32MP135AAE3, STM32MP135AAF3, STM32MP135AAG3, STM32MP135CAE3, STM32MP135CAF3, STM32MP135CAG3, STM32MP135DAE7, STM32MP135DAF7, STM32MP135DAG7, STM32MP135F-DK, STM32MP135FAE7, STM32MP135FAF7, STM32MP135FAF7T, STM32MP135FAF7U, STM32MP135FAG7, STM32MP231AAJ3, STM32MP231AAK3, STM32MP231AAL3, STM32MP231CAJ3, STM32MP231CAK3, STM32MP231CAL3, STM32MP231DAJ3, STM32MP231DAK3, STM32MP231DAL3, STM32MP231FAJ3, STM32MP231FAK3, STM32MP231FAL3, STM32MP233AAJ3, STM32MP233AAK3, STM32MP233AAL3, STM32MP233CAJ3, STM32MP233CAK3, STM32MP233CAL3, STM32MP233DAJ3, STM32MP233DAK3, STM32MP233DAL3, STM32MP233FAJ3, STM32MP233FAK3, STM32MP233FAL3, STM32MP235AAJ3, STM32MP235AAK3, STM32MP235AAL3, STM32MP235CAJ3, STM32MP235CAK3, STM32MP235CAL3, STM32MP235DAJ3, STM32MP235DAK3, STM32MP235DAL3, STM32MP235FAJ3, STM32MP235FAK3, STM32MP235FAL3, STM32MP251AAI3, STM32MP251AAJ3, STM32MP251AAK3, STM32MP251AAL3, STM32MP251CAI3, STM32MP251CAJ3, STM32MP251CAK3, STM32MP251CAL3, STM32MP251DAI3, STM32MP251DAJ3, STM32MP251DAK3, STM32MP251DAL3, STM32MP251FAI3, STM32MP251FAJ3, STM32MP251FAK3, STM32MP251FAL3, STM32MP253AAI3, STM32MP253AAJ3, STM32MP253AAK3, STM32MP253AAL3, STM32MP253CAI3, STM32MP253CAJ3, STM32MP253CAK3, STM32MP253CAL3, STM32MP253DAI3, STM32MP253DAJ3, STM32MP253DAK3, STM32MP253DAL3, STM32MP253FAI3, STM32MP253FAJ3, STM32MP253FAK3, STM32MP253FAL3, STM32MP255AAI3, STM32MP255AAJ3, STM32MP255AAK3, STM32MP255AAL3, STM32MP255CAI3, STM32MP255CAJ3, STM32MP255CAK3, STM32MP255CAL3, STM32MP255DAI3, STM32MP255DAJ3, STM32MP255DAK3, STM32MP255DAL3, STM32MP255FAI3, STM32MP255FAJ3, STM32MP255FAK3, STM32MP255FAL3, STM32MP257AAI3, STM32MP257AAJ3, STM32MP257AAK3, STM32MP257AAL3, STM32MP257CAI3, STM32MP257CAJ3, STM32MP257CAK3, STM32MP257CAL3, STM32MP257DAI3, STM32MP257DAJ3, STM32MP257DAK3, STM32MP257DAL3, STM32MP257F-DK, STM32MP257F-EV1, STM32MP257FAI3, STM32MP257FAJ3, STM32MP257FAK3, STM32MP257FAL3, STM32N645A0H3Q, STM32N645B0H3Q, STM32N645I0H3Q, STM32N645L0H3Q, STM32N645X0H3Q, STM32N645Z0H3Q, STM32N647A0H3Q, STM32N647B0H3Q, STM32N647I0H3Q, STM32N647L0H3Q, STM32N647X0H3Q, STM32N647Z0H3Q, STM32N655A0H3Q, STM32N655B0H3Q, STM32N655I0H3Q, STM32N655L0H3Q, STM32N655X0H3Q, STM32N655Z0H3Q, STM32N6570-DK, STM32N657A0H3Q, STM32N657B0H3Q, STM32N657I0H3Q, STM32N657L0H3Q, STM32N657X0H3Q, STM32N657Z0H3Q, STM32U031C6T6, STM32U031C6U6, STM32U031C8T6, STM32U031C8U6, STM32U031F4P6, STM32U031F6P6, STM32U031F8P6, STM32U031G6Y6TR, STM32U031G8Y6TR, STM32U031K4U6, STM32U031K6U6, STM32U031K8U6, STM32U031R6I6, STM32U031R6T6, STM32U031R8I6, STM32U031R8T6, STM32U073C8T6, STM32U073C8U6, STM32U073CBT6, STM32U073CBU6, STM32U073CCT6, STM32U073CCU6, STM32U073H8Y6TR, STM32U073HBY6TR, STM32U073HCY6TR, STM32U073K8U6, STM32U073KBU6, STM32U073KCU6, STM32U073M8I6, STM32U073M8T6, STM32U073MBI6, STM32U073MBT6, STM32U073MCI6, STM32U073MCT6, STM32U073R8I6, STM32U073R8T6, STM32U073RBI6, STM32U073RBT6, STM32U073RCI6, STM32U073RCT6, STM32U083C-DK, STM32U083CCT6, STM32U083CCU6, STM32U083HCY6TR, STM32U083KCU6, STM32U083MCI6, STM32U083MCT6, STM32U083RCI6, STM32U083RCT6, STM32U375CET6, STM32U375CET6Q, STM32U375CEU6, STM32U375CEU6Q, STM32U375CEY6QTR, STM32U375CGT6, STM32U375CGT6Q, STM32U375CGU6, STM32U375CGU6Q, STM32U375CGY6QTR, STM32U375KEU6, STM32U375KGU6, STM32U375REI6, STM32U375REI6Q, STM32U375RET6, STM32U375RET6Q, STM32U375REY6GTR, STM32U375REY6QTR, STM32U375RGI6, STM32U375RGI6Q, STM32U375RGT6, STM32U375RGT6Q, STM32U375RGY6GTR, STM32U375RGY6QTR, STM32U375VEI6, STM32U375VEI6Q, STM32U375VET6, STM32U375VET6Q, STM32U375VGI6, STM32U375VGI6Q, STM32U375VGT6, STM32U375VGT6Q, STM32U385CGT6, STM32U385CGT6Q, STM32U385CGU6, STM32U385CGU6Q, STM32U385CGY6QTR, STM32U385KGU6, STM32U385RGI6, STM32U385RGI6Q, STM32U385RGT6, STM32U385RGT6Q, STM32U385RGY6GTR, STM32U385RGY6QTR, STM32U385VGI6, STM32U385VGI6Q, STM32U385VGT6, STM32U385VGT6Q, STM32U535CBT6, STM32U535CBT6Q, STM32U535CBU6, STM32U535CBU6Q, STM32U535CCT6, STM32U535CCT6Q, STM32U535CCU6, STM32U535CCU6Q, STM32U535CET6, STM32U535CET6Q, STM32U535CEU6, STM32U535CEU6Q, STM32U535JEY6QTR, STM32U535NCY6QTR, STM32U535NEY6QTR, STM32U535RBI6, STM32U535RBI6Q, STM32U535RBT6, STM32U535RBT6Q, STM32U535RCI6, STM32U535RCI6Q, STM32U535RCT6, STM32U535RCT6Q, STM32U535REI6, STM32U535REI6Q, STM32U535RET6, STM32U535RET6Q, STM32U535VCI6, STM32U535VCI6Q, STM32U535VCT6, STM32U535VCT6Q, STM32U535VEI6, STM32U535VEI6Q, STM32U535VET6, STM32U535VET6Q, STM32U545CET6, STM32U545CET6Q, STM32U545CEU6, STM32U545CEU6Q, STM32U545JEY6QTR, STM32U545NEY6QTR, STM32U545REI6, STM32U545REI6Q, STM32U545RET6, STM32U545RET6Q, STM32U545VEI6, STM32U545VEI6Q, STM32U545VET6, STM32U545VET6Q, STM32U595AIH6, STM32U595AIH6Q, STM32U595AJH6, STM32U595AJH6Q, STM32U595QII6, STM32U595QII6Q, STM32U595QJI6, STM32U595QJI6Q, STM32U595RIT6, STM32U595RIT6Q, STM32U595RJT6, STM32U595RJT6Q, STM32U595VIT6, STM32U595VIT6Q, STM32U595VJT6, STM32U595VJT6Q, STM32U595ZIT6, STM32U595ZIT6Q, STM32U595ZIY6QTR, STM32U595ZJT6, STM32U595ZJT6Q, STM32U595ZJY6QTR, STM32U599BJY6QTR, STM32U599NIH6Q, STM32U599NJH6Q, STM32U599VIT6Q, STM32U599VJT6, STM32U599VJT6Q, STM32U599ZIT6Q, STM32U599ZIY6QTR, STM32U599ZJT6Q, STM32U599ZJY6QTR, STM32U5A5AJH6, STM32U5A5AJH6Q, STM32U5A5QII3Q , STM32U5A5QJI6, STM32U5A5QJI6Q, STM32U5A5RJT6, STM32U5A5RJT6Q, STM32U5A5VJT6, STM32U5A5VJT6Q, STM32U5A5ZJT6, STM32U5A5ZJT6Q, STM32U5A5ZJY6QTR, STM32U5A9BJY6QTR, STM32U5A9J-DK, STM32U5A9NJH6Q, STM32U5A9VJT6Q, STM32U5A9ZJT6Q, STM32U5A9ZJY6QTR, STM32U5F7VIT6, STM32U5F7VIT6Q, STM32U5F7VJT6, STM32U5F7VJT6Q, STM32U5F9BJY6QTR, STM32U5F9NJH6Q, STM32U5F9VIT6Q, STM32U5F9VJT6Q, STM32U5F9ZIJ6QTR, STM32U5F9ZIT6Q, STM32U5F9ZJJ6QTR, STM32U5F9ZJT6Q, STM32U5G7VJT6, STM32U5G7VJT6Q, STM32U5G9BJY6QTR, STM32U5G9J-DK1, STM32U5G9J-DK2, STM32U5G9NJH6Q, STM32U5G9VJT6Q, STM32U5G9ZJJ6QTR, STM32U5G9ZJT6Q, STM32WB05KZV6TR, STM32WB05KZV7TR, STM32WB05TZF6TR, STM32WB05TZF7TR, STM32WB06CCF6TR, STM32WB06CCF7TR, STM32WB06CCV6TR, STM32WB06CCV7TR, STM32WB06KCV6TR, STM32WB06KCV7TR, STM32WB07CCF6TR, STM32WB07CCF7TR, STM32WB07CCV6TR, STM32WB07CCV7TR, STM32WB07KCV6TR, STM32WB07KCV7TR, STM32WB09KEV6TR, STM32WB09KEV7TR, STM32WB09TEF6TR, STM32WB09TEF7TR, STM32WB1MMCH6, STM32WBA50KGU6, STM32WBA50KGU6TR, STM32WBA52CEU6, STM32WBA52CEU6TR, STM32WBA52CEU7, STM32WBA52CEU7TR, STM32WBA52CGU6, STM32WBA52CGU6TR, STM32WBA52CGU6U, STM32WBA52CGU7, STM32WBA52CGU7TR, STM32WBA52KEU6, STM32WBA52KEU6TR, STM32WBA52KGU6, STM32WBA52KGU6TR, STM32WBA54CEU6, STM32WBA54CEU6TR, STM32WBA54CEU7, STM32WBA54CEU7TR, STM32WBA54CGU6, STM32WBA54CGU6TR, STM32WBA54CGU7, STM32WBA54CGU7TR, STM32WBA54KEU6, STM32WBA54KEU6TR, STM32WBA54KEU7, STM32WBA54KEU7TR, STM32WBA54KGU6, STM32WBA54KGU6TR, STM32WBA54KGU7, STM32WBA54KGU7TR, STM32WBA55CEU6, STM32WBA55CEU6TR, STM32WBA55CEU7, STM32WBA55CEU7TR, STM32WBA55CGU6, STM32WBA55CGU6TR, STM32WBA55CGU6U, STM32WBA55CGU7, STM32WBA55CGU7TR, STM32WBA55G-DK1, STM32WBA55HEF6, STM32WBA55HEF7, STM32WBA55HGF6, STM32WBA55HGF7, STM32WBA55UEI6, STM32WBA55UEI6TR, STM32WBA55UEI7, STM32WBA55UEI7TR, STM32WBA55UGI6, STM32WBA55UGI6TR, STM32WBA55UGI7, STM32WBA55UGI7TR, STM32WBA5MJGH6TR, STM32WBA5MJGH6U, STM32WL33C8V6, STM32WL33C8V6TR, STM32WL33C8V7, STM32WL33C8V7TR, STM32WL33CBV6, STM32WL33CBV6TR, STM32WL33CBV7, STM32WL33CBV7TR, STM32WL33CCV6, STM32WL33CCV6TR, STM32WL33CCV7, STM32WL33CCV7A, STM32WL33CCV7ATR, STM32WL33CCV7TR, STM32WL33K8V6, STM32WL33K8V6TR, STM32WL33K8V7, STM32WL33K8V7TR, STM32WL33KBV6, STM32WL33KBV6TR, STM32WL33KBV7, STM32WL33KBV7TR, STM32WL33KCV6, STM32WL33KCV6TR, STM32WL33KCV7, STM32WL33KCV7TR, STM32WL5MOCH6, STM32WL5MOCH6TR]
2025-03-17 17:54:25,904 [INFO] BoardInfo:889 - No configuration file found for board P-NUCLEO-WB55
2025-03-17 17:54:25,905 [INFO] DbBoards:161 - Kit is not supported: P-NUCLEO-WB55
2025-03-17 17:54:25,915 [INFO] BoardInfo:889 - No configuration file found for board STEVAL-BFA001V1B
2025-03-17 17:54:25,918 [INFO] DbBoards:161 - Kit is not supported: STEVAL-BFA001V1B
2025-03-17 17:54:25,920 [INFO] BoardInfo:889 - No configuration file found for board STEVAL-BFA001V2B
2025-03-17 17:54:25,922 [INFO] DbBoards:161 - Kit is not supported: STEVAL-BFA001V2B
2025-03-17 17:54:26,169 [INFO] DbBoards:168 - Found 209 boards, 206 are supported
2025-03-17 17:54:26,169 [INFO] DbBoards:169 - Found 209 boards, 42 of them is supported for  Bsp
2025-03-17 17:54:26,174 [INFO] ApiDb:668 - CubeFinder database Data Model version=2.1
2025-03-17 17:54:26,174 [INFO] ApiDb:669 - CubeFinder database Configuration version=3.0.39
2025-03-17 17:54:26,174 [INFO] ApiDb:670 - CubeFinder database generation date=2025-02-07 (1738919966)
2025-03-17 17:54:26,174 [INFO] ApiDb:671 - CubeFinder database FW Pack versions=[FP-ATR-ASTRA1_V2.0.0, FP-SNS-FLIGHT1_V5.0.2, FP-SNS-MOTENV1_V5.0.0, FP-SNS-MOTENVWB1_V1.4.0, FP-SNS-SMARTAG2_V1.2.0, FP-SNS-STBOX1_V2.0.0, STM32Cube_FW_C0_V1.3.0, STM32Cube_FW_F4_V1.28.1, STM32Cube_FW_F7_V1.17.2, STM32Cube_FW_G0_V1.6.2, STM32Cube_FW_G4_V1.6.1, STM32Cube_FW_H5_V1.4.0, STM32Cube_FW_H7RS_V1.1.0, STM32Cube_FW_H7_V1.12.0, STM32Cube_FW_L0_V1.12.2, STM32Cube_FW_L4_V1.18.1, STM32Cube_FW_L5_V1.5.1, STM32Cube_FW_N6_V1.0.0, STM32Cube_FW_U0_V1.2.0, STM32Cube_FW_U3_V1.0.0, STM32Cube_FW_U5_V1.7.0, STM32Cube_FW_WB0_V1.1.0, STM32Cube_FW_WBA_V1.5.0, STM32Cube_FW_WB_V1.21.0, STM32Cube_FW_WL3_V1.0.0, STM32Cube_FW_WL_V1.3.0, X-CUBE-ALGOBUILD_V1.4.0, X-CUBE-ALS_V1.0.2, X-CUBE-AZRTOS-F4_V1.1.0, X-CUBE-AZRTOS-F7_V1.1.0, X-CUBE-AZRTOS-G0_V1.1.0, X-CUBE-AZRTOS-G4_V2.0.0, X-CUBE-AZRTOS-H7RS_V1.0.0, X-CUBE-AZRTOS-H7_V3.3.0, X-CUBE-AZRTOS-L4_V2.0.0, X-CUBE-AZRTOS-L5_V2.0.0, X-CUBE-AZRTOS-WB_V2.0.0, X-CUBE-AZRTOS-WL_V2.0.0, X-CUBE-BLE1_V7.0.0, X-CUBE-BLE2_V3.3.0, X-CUBE-BLEMGR_V4.0.0, X-CUBE-EEPRMA1_V5.1.0, X-CUBE-FREERTOS_V1.2.0, X-CUBE-GNSS1_V6.0.0, X-CUBE-MEMS1_V11.1.0, X-CUBE-NFC4_V3.0.0, X-CUBE-NFC7_V1.0.1, X-CUBE-SFXS2LP1_V4.0.0, X-CUBE-SUBG2_V5.0.0, X-CUBE-TOF1_V3.4.2]
2025-03-17 17:54:28,554 [INFO] ApiDb:240 - Found 858 in-development CPN: [B-G473E-ZEST1S, B-WB1M-WPAN1, B-WBA5M-WPAN, B-WL5M-SUBG1, NUCLEO-C031C6, NUCLEO-C051C8, NUCLEO-C071RB, NUCLEO-C092RC, NUCLEO-H503RB, NUCLEO-H533RE, NUCLEO-H563ZI, NUCLEO-H7S3L8, NUCLEO-N657X0-Q, NUCLEO-U031R8, NUCLEO-U083RC, NUCLEO-U385RG-Q, NUCLEO-U545RE-Q, NUCLEO-U5A5ZJ-Q, NUCLEO-WB05KZ, NUCLEO-WB07CC, NUCLEO-WB09KE, NUCLEO-WBA52CG, NUCLEO-WBA55CG, NUCLEO-WL33CC1, NUCLEO-WL33CC2, STEVAL-PROTEUS1, STEVAL-SMARTAG2, STEVAL-STWINBX1, STM320518-EVAL, STM32C0116-DK, STM32C011D6Y3TR, STM32C011D6Y6TR, STM32C011F4P3, STM32C011F4P6, STM32C011F4U3, STM32C011F4U6TR, STM32C011F6P3, STM32C011F6P6, STM32C011F6U3, STM32C011F6U6TR, STM32C011J4M3, STM32C011J4M6, STM32C011J6M3, STM32C011J6M6, STM32C0316-DK, STM32C031C4T3, STM32C031C4T6, STM32C031C4U3, STM32C031C4U6, STM32C031C6T3, STM32C031C6T6, STM32C031C6U3, STM32C031C6U6, STM32C031F4P3, STM32C031F4P6, STM32C031F6P3, STM32C031F6P6, STM32C031G4U3, STM32C031G4U6, STM32C031G6U3, STM32C031G6U6, STM32C031K4T3, STM32C031K4T6, STM32C031K4U3, STM32C031K4U6, STM32C031K6T3, STM32C031K6T6, STM32C031K6U3, STM32C031K6U6, STM32C051C6T6, STM32C051C6U6, STM32C051C8T6, STM32C051C8U6, STM32C051D8Y6TR, STM32C051F6P6, STM32C051F8P6, STM32C051G6U6, STM32C051G8U6, STM32C051K6T6, STM32C051K6U6, STM32C051K8T6, STM32C071C8T6, STM32C071C8T6N, STM32C071C8U6, STM32C071C8U6N, STM32C071CBT6, STM32C071CBT6N, STM32C071CBU6, STM32C071CBU6N, STM32C071F8P6, STM32C071F8P6N, STM32C071FBP6, STM32C071FBP6N, STM32C071FBY6TR, STM32C071G8U6, STM32C071G8U6N, STM32C071GBU6, STM32C071GBU6N, STM32C071K8T6, STM32C071K8T6N, STM32C071K8U6, STM32C071K8U6N, STM32C071KBT6, STM32C071KBT6N, STM32C071KBU6, STM32C071KBU6N, STM32C071R8T6, STM32C071R8T6N, STM32C071RBI6N, STM32C071RBT6, STM32C071RBT6N, STM32C091CBT6, STM32C091CBU6, STM32C091CCT6, STM32C091CCU6, STM32C091ECY6TR, STM32C091FBP6, STM32C091FCP6, STM32C091GBU6, STM32C091GCU6, STM32C091KBT6, STM32C091KBU6, STM32C091KCT6, STM32C091KCU6, STM32C091RBT6, STM32C091RCI6, STM32C091RCT6, STM32C092CBT6, STM32C092CBU6, STM32C092CCT6, STM32C092CCU6, STM32C092ECY6TR, STM32C092FBP6, STM32C092FCP6, STM32C092GBU6, STM32C092GCU6, STM32C092KBT6, STM32C092KBU6, STM32C092KCT6, STM32C092KCU6, STM32C092RBT6, STM32C092RCI6, STM32C092RCT6, STM32G071K8TXN, STM32G071K8UXN, STM32G081GBU6N, STM32G081KBT6N, STM32G081KBUXN, STM32G0B1CCT6N, STM32G0B1KCT6, STM32G0B1NEY6TR, STM32G0B1RCT6N, STM32G0C1CCT6, STM32G0C1CCT6N, STM32G0C1CCU6N, STM32G0C1CET6N, STM32G0C1CEU6N, STM32G0C1KCT6, STM32G0C1NEY6TR, STM32G0C1RCI6N, STM32G0C1RCT6N, STM32G0C1REI6N, STM32G0C1RET6N, STM32G0C1VCI6, STM32G0C1VEI6, STM32G411C6T3, STM32G411C6T6, STM32G411C6U3, STM32G411C6U6, STM32G411C8T3, STM32G411C8T6, STM32G411C8U3, STM32G411C8U6, STM32G411CBT3, STM32G411CBT6, STM32G411CBU3, STM32G411CBU6, STM32G411CCT3, STM32G411CCT6, STM32G411CCU3, STM32G411CCU6, STM32G411K6T3, STM32G411K6T6, STM32G411K6U3, STM32G411K6U6, STM32G411K8T3, STM32G411K8T6, STM32G411K8U3, STM32G411K8U6, STM32G411KBT3, STM32G411KBT6, STM32G411KBU3, STM32G411KBU6, STM32G411M6T3, STM32G411M6T6, STM32G411M8T3, STM32G411M8T6, STM32G411MBT3, STM32G411MBT6, STM32G411MCT3, STM32G411MCT6, STM32G411R6T3, STM32G411R6T6, STM32G411R8T3, STM32G411R8T6, STM32G411RBT3, STM32G411RBT6, STM32G411RCT3, STM32G411RCT6, STM32G414CBT3, STM32G414CBT6, STM32G414CBU3, STM32G414CBU6, STM32G414CCT3, STM32G414CCT6, STM32G414CCU3, STM32G414CCU6, STM32G414MBT3, STM32G414MBT6, STM32G414MCT3, STM32G414MCT6, STM32G414RBT3, STM32G414RBT6, STM32G414RCT3, STM32G414RCT6, STM32G414VBT3, STM32G414VBT6, STM32G414VCT3, STM32G414VCT6, STM32G431CBT3Z, STM32G431RBT3Z, STM32G471CCT6, STM32G471CCU6, STM32G471CET3, STM32G471CET6, STM32G471CEU3, STM32G471CEU6, STM32G471MCT6, STM32G471MET3, STM32G471MET6, STM32G471MEY6TR, STM32G471QCT6, STM32G471QET3, STM32G471RCT6, STM32G471RET3, STM32G471RET6, STM32G471VCH6, STM32G471VCI6, STM32G471VCT6, STM32G471VEH3, STM32G471VEH6, STM32G471VEI3, STM32G471VEI6, STM32G471VET3, STM32G471VET6, STM32G473QET3Z, STM32G473RET3Z, STM32G474CCT6, STM32G491RET3Z, STM32H503CBT6, STM32H503CBU6, STM32H503EBY6TR, STM32H503KBU6, STM32H503RBT6, STM32H523CCT6, STM32H523CCU6, STM32H523CET6, STM32H523CEU6, STM32H523HEY6TR, STM32H523RCT6, STM32H523RET6, STM32H523VCI6, STM32H523VCT6, STM32H523VEI6, STM32H523VET6, STM32H523ZCJ6, STM32H523ZCT6, STM32H523ZEJ6, STM32H523ZET6, STM32H533CET6, STM32H533CEU6, STM32H533HEY6TR, STM32H533RET6, STM32H533VEI6, STM32H533VET6, STM32H533ZEJ6, STM32H533ZET6, STM32H562AGI6, STM32H562AII6, STM32H562IGK6, STM32H562IGT6, STM32H562IIK6, STM32H562IIT6, STM32H562RGT6, STM32H562RGV6, STM32H562RIT6, STM32H562RIV6, STM32H562VGT6, STM32H562VIT6, STM32H562ZGT6, STM32H562ZIT6, STM32H563AGI6, STM32H563AII3Q, STM32H563AII6, STM32H563IGK6, STM32H563IGT6, STM32H563IIK3Q, STM32H563IIK6, STM32H563IIT3Q, STM32H563IIT6, STM32H563MIY3QTR, STM32H563RGT6, STM32H563RGV6, STM32H563RIT6, STM32H563RIV6, STM32H563VGT6, STM32H563VIT3Q, STM32H563VIT6, STM32H563ZGT6, STM32H563ZIT3Q, STM32H563ZIT6, STM32H573AII3Q, STM32H573AII6, STM32H573I-DK, STM32H573IIK3Q, STM32H573IIK6, STM32H573IIT3Q, STM32H573IIT6, STM32H573MIY3QTR, STM32H573RIT6, STM32H573RIV6, STM32H573VIT3Q, STM32H573VIT6, STM32H573ZIT3Q, STM32H573ZIT6, STM32H7R3A8I6, STM32H7R3I8K6, STM32H7R3I8T6, STM32H7R3L8H6, STM32H7R3L8H6H, STM32H7R3R8V6, STM32H7R3V8H6, STM32H7R3V8T6, STM32H7R3V8Y6TR, STM32H7R3Z8J6, STM32H7R3Z8T6, STM32H7R7A8I6, STM32H7R7I8K6, STM32H7R7I8T6, STM32H7R7L8H6, STM32H7R7L8H6H, STM32H7R7Z8J6, STM32H7S3A8I6, STM32H7S3I8K6, STM32H7S3I8T6, STM32H7S3L8H6, STM32H7S3L8H6H, STM32H7S3R8V6, STM32H7S3V8H6, STM32H7S3V8T6, STM32H7S3V8Y6TR, STM32H7S3Z8J6, STM32H7S3Z8T6, STM32H7S78-DK, STM32H7S7A8I6, STM32H7S7I8K6, STM32H7S7I8T6, STM32H7S7L8H6, STM32H7S7L8H6H, STM32H7S7Z8J6, STM32L4R5QGI6STR, STM32MP131AAE3, STM32MP131AAF3, STM32MP131AAG3, STM32MP131CAE3, STM32MP131CAF3, STM32MP131CAG3, STM32MP131DAE7, STM32MP131DAF7, STM32MP131DAG7, STM32MP131FAE7, STM32MP131FAF7, STM32MP131FAG7, STM32MP133AAE3, STM32MP133AAF3, STM32MP133AAG3, STM32MP133CAE3, STM32MP133CAF3, STM32MP133CAG3, STM32MP133DAE7, STM32MP133DAF7, STM32MP133DAG7, STM32MP133FAE7, STM32MP133FAF7, STM32MP133FAG7, STM32MP135AAE3, STM32MP135AAF3, STM32MP135AAG3, STM32MP135CAE3, STM32MP135CAF3, STM32MP135CAG3, STM32MP135DAE7, STM32MP135DAF7, STM32MP135DAG7, STM32MP135F-DK, STM32MP135FAE7, STM32MP135FAF7, STM32MP135FAF7T, STM32MP135FAF7U, STM32MP135FAG7, STM32MP231AAJ3, STM32MP231AAK3, STM32MP231AAL3, STM32MP231CAJ3, STM32MP231CAK3, STM32MP231CAL3, STM32MP231DAJ3, STM32MP231DAK3, STM32MP231DAL3, STM32MP231FAJ3, STM32MP231FAK3, STM32MP231FAL3, STM32MP233AAJ3, STM32MP233AAK3, STM32MP233AAL3, STM32MP233CAJ3, STM32MP233CAK3, STM32MP233CAL3, STM32MP233DAJ3, STM32MP233DAK3, STM32MP233DAL3, STM32MP233FAJ3, STM32MP233FAK3, STM32MP233FAL3, STM32MP235AAJ3, STM32MP235AAK3, STM32MP235AAL3, STM32MP235CAJ3, STM32MP235CAK3, STM32MP235CAL3, STM32MP235DAJ3, STM32MP235DAK3, STM32MP235DAL3, STM32MP235FAJ3, STM32MP235FAK3, STM32MP235FAL3, STM32MP251AAI3, STM32MP251AAJ3, STM32MP251AAK3, STM32MP251AAL3, STM32MP251CAI3, STM32MP251CAJ3, STM32MP251CAK3, STM32MP251CAL3, STM32MP251DAI3, STM32MP251DAJ3, STM32MP251DAK3, STM32MP251DAL3, STM32MP251FAI3, STM32MP251FAJ3, STM32MP251FAK3, STM32MP251FAL3, STM32MP253AAI3, STM32MP253AAJ3, STM32MP253AAK3, STM32MP253AAL3, STM32MP253CAI3, STM32MP253CAJ3, STM32MP253CAK3, STM32MP253CAL3, STM32MP253DAI3, STM32MP253DAJ3, STM32MP253DAK3, STM32MP253DAL3, STM32MP253FAI3, STM32MP253FAJ3, STM32MP253FAK3, STM32MP253FAL3, STM32MP255AAI3, STM32MP255AAJ3, STM32MP255AAK3, STM32MP255AAL3, STM32MP255CAI3, STM32MP255CAJ3, STM32MP255CAK3, STM32MP255CAL3, STM32MP255DAI3, STM32MP255DAJ3, STM32MP255DAK3, STM32MP255DAL3, STM32MP255FAI3, STM32MP255FAJ3, STM32MP255FAK3, STM32MP255FAL3, STM32MP257AAI3, STM32MP257AAJ3, STM32MP257AAK3, STM32MP257AAL3, STM32MP257CAI3, STM32MP257CAJ3, STM32MP257CAK3, STM32MP257CAL3, STM32MP257DAI3, STM32MP257DAJ3, STM32MP257DAK3, STM32MP257DAL3, STM32MP257F-DK, STM32MP257F-EV1, STM32MP257FAI3, STM32MP257FAJ3, STM32MP257FAK3, STM32MP257FAL3, STM32N645A0H3Q, STM32N645B0H3Q, STM32N645I0H3Q, STM32N645L0H3Q, STM32N645X0H3Q, STM32N645Z0H3Q, STM32N647A0H3Q, STM32N647B0H3Q, STM32N647I0H3Q, STM32N647L0H3Q, STM32N647X0H3Q, STM32N647Z0H3Q, STM32N655A0H3Q, STM32N655B0H3Q, STM32N655I0H3Q, STM32N655L0H3Q, STM32N655X0H3Q, STM32N655Z0H3Q, STM32N6570-DK, STM32N657A0H3Q, STM32N657B0H3Q, STM32N657I0H3Q, STM32N657L0H3Q, STM32N657X0H3Q, STM32N657Z0H3Q, STM32U031C6T6, STM32U031C6U6, STM32U031C8T6, STM32U031C8U6, STM32U031F4P6, STM32U031F6P6, STM32U031F8P6, STM32U031G6Y6TR, STM32U031G8Y6TR, STM32U031K4U6, STM32U031K6U6, STM32U031K8U6, STM32U031R6I6, STM32U031R6T6, STM32U031R8I6, STM32U031R8T6, STM32U073C8T6, STM32U073C8U6, STM32U073CBT6, STM32U073CBU6, STM32U073CCT6, STM32U073CCU6, STM32U073H8Y6TR, STM32U073HBY6TR, STM32U073HCY6TR, STM32U073K8U6, STM32U073KBU6, STM32U073KCU6, STM32U073M8I6, STM32U073M8T6, STM32U073MBI6, STM32U073MBT6, STM32U073MCI6, STM32U073MCT6, STM32U073R8I6, STM32U073R8T6, STM32U073RBI6, STM32U073RBT6, STM32U073RCI6, STM32U073RCT6, STM32U083C-DK, STM32U083CCT6, STM32U083CCU6, STM32U083HCY6TR, STM32U083KCU6, STM32U083MCI6, STM32U083MCT6, STM32U083RCI6, STM32U083RCT6, STM32U375CET6, STM32U375CET6Q, STM32U375CEU6, STM32U375CEU6Q, STM32U375CEY6QTR, STM32U375CGT6, STM32U375CGT6Q, STM32U375CGU6, STM32U375CGU6Q, STM32U375CGY6QTR, STM32U375KEU6, STM32U375KGU6, STM32U375REI6, STM32U375REI6Q, STM32U375RET6, STM32U375RET6Q, STM32U375REY6GTR, STM32U375REY6QTR, STM32U375RGI6, STM32U375RGI6Q, STM32U375RGT6, STM32U375RGT6Q, STM32U375RGY6GTR, STM32U375RGY6QTR, STM32U375VEI6, STM32U375VEI6Q, STM32U375VET6, STM32U375VET6Q, STM32U375VGI6, STM32U375VGI6Q, STM32U375VGT6, STM32U375VGT6Q, STM32U385CGT6, STM32U385CGT6Q, STM32U385CGU6, STM32U385CGU6Q, STM32U385CGY6QTR, STM32U385KGU6, STM32U385RGI6, STM32U385RGI6Q, STM32U385RGT6, STM32U385RGT6Q, STM32U385RGY6GTR, STM32U385RGY6QTR, STM32U385VGI6, STM32U385VGI6Q, STM32U385VGT6, STM32U385VGT6Q, STM32U535CBT6, STM32U535CBT6Q, STM32U535CBU6, STM32U535CBU6Q, STM32U535CCT6, STM32U535CCT6Q, STM32U535CCU6, STM32U535CCU6Q, STM32U535CET6, STM32U535CET6Q, STM32U535CEU6, STM32U535CEU6Q, STM32U535JEY6QTR, STM32U535NCY6QTR, STM32U535NEY6QTR, STM32U535RBI6, STM32U535RBI6Q, STM32U535RBT6, STM32U535RBT6Q, STM32U535RCI6, STM32U535RCI6Q, STM32U535RCT6, STM32U535RCT6Q, STM32U535REI6, STM32U535REI6Q, STM32U535RET6, STM32U535RET6Q, STM32U535VCI6, STM32U535VCI6Q, STM32U535VCT6, STM32U535VCT6Q, STM32U535VEI6, STM32U535VEI6Q, STM32U535VET6, STM32U535VET6Q, STM32U545CET6, STM32U545CET6Q, STM32U545CEU6, STM32U545CEU6Q, STM32U545JEY6QTR, STM32U545NEY6QTR, STM32U545REI6, STM32U545REI6Q, STM32U545RET6, STM32U545RET6Q, STM32U545VEI6, STM32U545VEI6Q, STM32U545VET6, STM32U545VET6Q, STM32U595AIH6, STM32U595AIH6Q, STM32U595AJH6, STM32U595AJH6Q, STM32U595QII6, STM32U595QII6Q, STM32U595QJI6, STM32U595QJI6Q, STM32U595RIT6, STM32U595RIT6Q, STM32U595RJT6, STM32U595RJT6Q, STM32U595VIT6, STM32U595VIT6Q, STM32U595VJT6, STM32U595VJT6Q, STM32U595ZIT6, STM32U595ZIT6Q, STM32U595ZIY6QTR, STM32U595ZJT6, STM32U595ZJT6Q, STM32U595ZJY6QTR, STM32U599BJY6QTR, STM32U599NIH6Q, STM32U599NJH6Q, STM32U599VIT6Q, STM32U599VJT6, STM32U599VJT6Q, STM32U599ZIT6Q, STM32U599ZIY6QTR, STM32U599ZJT6Q, STM32U599ZJY6QTR, STM32U5A5AJH6, STM32U5A5AJH6Q, STM32U5A5QII3Q , STM32U5A5QJI6, STM32U5A5QJI6Q, STM32U5A5RJT6, STM32U5A5RJT6Q, STM32U5A5VJT6, STM32U5A5VJT6Q, STM32U5A5ZJT6, STM32U5A5ZJT6Q, STM32U5A5ZJY6QTR, STM32U5A9BJY6QTR, STM32U5A9J-DK, STM32U5A9NJH6Q, STM32U5A9VJT6Q, STM32U5A9ZJT6Q, STM32U5A9ZJY6QTR, STM32U5F7VIT6, STM32U5F7VIT6Q, STM32U5F7VJT6, STM32U5F7VJT6Q, STM32U5F9BJY6QTR, STM32U5F9NJH6Q, STM32U5F9VIT6Q, STM32U5F9VJT6Q, STM32U5F9ZIJ6QTR, STM32U5F9ZIT6Q, STM32U5F9ZJJ6QTR, STM32U5F9ZJT6Q, STM32U5G7VJT6, STM32U5G7VJT6Q, STM32U5G9BJY6QTR, STM32U5G9J-DK1, STM32U5G9J-DK2, STM32U5G9NJH6Q, STM32U5G9VJT6Q, STM32U5G9ZJJ6QTR, STM32U5G9ZJT6Q, STM32WB05KZV6TR, STM32WB05KZV7TR, STM32WB05TZF6TR, STM32WB05TZF7TR, STM32WB06CCF6TR, STM32WB06CCF7TR, STM32WB06CCV6TR, STM32WB06CCV7TR, STM32WB06KCV6TR, STM32WB06KCV7TR, STM32WB07CCF6TR, STM32WB07CCF7TR, STM32WB07CCV6TR, STM32WB07CCV7TR, STM32WB07KCV6TR, STM32WB07KCV7TR, STM32WB09KEV6TR, STM32WB09KEV7TR, STM32WB09TEF6TR, STM32WB09TEF7TR, STM32WB1MMCH6, STM32WBA50KGU6, STM32WBA50KGU6TR, STM32WBA52CEU6, STM32WBA52CEU6TR, STM32WBA52CEU7, STM32WBA52CEU7TR, STM32WBA52CGU6, STM32WBA52CGU6TR, STM32WBA52CGU6U, STM32WBA52CGU7, STM32WBA52CGU7TR, STM32WBA52KEU6, STM32WBA52KEU6TR, STM32WBA52KGU6, STM32WBA52KGU6TR, STM32WBA54CEU6, STM32WBA54CEU6TR, STM32WBA54CEU7, STM32WBA54CEU7TR, STM32WBA54CGU6, STM32WBA54CGU6TR, STM32WBA54CGU7, STM32WBA54CGU7TR, STM32WBA54KEU6, STM32WBA54KEU6TR, STM32WBA54KEU7, STM32WBA54KEU7TR, STM32WBA54KGU6, STM32WBA54KGU6TR, STM32WBA54KGU7, STM32WBA54KGU7TR, STM32WBA55CEU6, STM32WBA55CEU6TR, STM32WBA55CEU7, STM32WBA55CEU7TR, STM32WBA55CGU6, STM32WBA55CGU6TR, STM32WBA55CGU6U, STM32WBA55CGU7, STM32WBA55CGU7TR, STM32WBA55G-DK1, STM32WBA55HEF6, STM32WBA55HEF7, STM32WBA55HGF6, STM32WBA55HGF7, STM32WBA55UEI6, STM32WBA55UEI6TR, STM32WBA55UEI7, STM32WBA55UEI7TR, STM32WBA55UGI6, STM32WBA55UGI6TR, STM32WBA55UGI7, STM32WBA55UGI7TR, STM32WBA5MJGH6TR, STM32WBA5MJGH6U, STM32WL33C8V6, STM32WL33C8V6TR, STM32WL33C8V7, STM32WL33C8V7TR, STM32WL33CBV6, STM32WL33CBV6TR, STM32WL33CBV7, STM32WL33CBV7TR, STM32WL33CCV6, STM32WL33CCV6TR, STM32WL33CCV7, STM32WL33CCV7A, STM32WL33CCV7ATR, STM32WL33CCV7TR, STM32WL33K8V6, STM32WL33K8V6TR, STM32WL33K8V7, STM32WL33K8V7TR, STM32WL33KBV6, STM32WL33KBV6TR, STM32WL33KBV7, STM32WL33KBV7TR, STM32WL33KCV6, STM32WL33KCV6TR, STM32WL33KCV7, STM32WL33KCV7TR, STM32WL5MOCH6, STM32WL5MOCH6TR]
2025-03-17 17:54:28,559 [INFO] DbMcus:218 - Found 4545 MCUs, 4545 are supported
2025-03-17 17:54:28,560 [INFO] ApiDb:423 - Load user favorites file C:\Users\Chinnapop/.stm32cubeide/favorites.mcus.txt: 0 item(s)
2025-03-17 17:54:28,561 [INFO] ApiDb:427 - User favorites MCUs=[]
2025-03-17 17:54:28,561 [INFO] DbMcus:224 - Set 0 / 0 favorites MCUs
2025-03-17 17:54:28,909 [INFO] ApiDb:423 - Load user favorites file C:\Users\Chinnapop/.stm32cubeide/favorites.boards.txt: 0 item(s)
2025-03-17 17:54:28,910 [INFO] ApiDb:427 - User favorites Boards=[]
2025-03-17 17:54:28,910 [INFO] DbBoards:198 - Set 0 / 0 favorites Boards
2025-03-17 17:54:28,973 [INFO] UtilMem:75 - End LoadConfig() Used Memory: 742503368 Bytes (1073741824)
2025-03-17 17:54:29,137 [WARN] ThirdParty:833 - waiting for thirdparty lock release [change project]
2025-03-17 17:54:29,137 [INFO] ThirdParty:835 - entering critical section [change project]
2025-03-17 17:54:29,138 [INFO] ThirdParty:1030 - CMSIS Pack Vendor :STMicroelectronics USBPD 4.1
2025-03-17 17:54:29,138 [INFO] ThirdParty:1030 - CMSIS Pack Vendor :STMicroelectronics X-CUBE-AZRTOS-H7 3.3.0
2025-03-17 17:54:29,138 [INFO] ThirdParty:1030 - CMSIS Pack Vendor :STMicroelectronics X-CUBE-NFC9 1.0.0
2025-03-17 17:54:29,138 [INFO] ThirdParty:1030 - CMSIS Pack Vendor :STMicroelectronics USB_HOST 2.0.0
2025-03-17 17:54:29,138 [INFO] ThirdParty:1030 - CMSIS Pack Vendor :STMicroelectronics FP-SNS-MOTENVWB1 1.4.0
2025-03-17 17:54:29,138 [INFO] ThirdParty:1030 - CMSIS Pack Vendor :STMicroelectronics X-CUBE-AZRTOS-F4 1.1.0
2025-03-17 17:54:29,138 [INFO] ThirdParty:1030 - CMSIS Pack Vendor :STMicroelectronics LIBJPEG 8.0.0
2025-03-17 17:54:29,138 [INFO] ThirdParty:1030 - CMSIS Pack Vendor :STMicroelectronics FP-ATR-ASTRA1 2.0.2
2025-03-17 17:54:29,138 [INFO] ThirdParty:1030 - CMSIS Pack Vendor :STMicroelectronics FP-ATR-ASTRA1 2.0.1
2025-03-17 17:54:29,138 [INFO] ThirdParty:1030 - CMSIS Pack Vendor :STMicroelectronics X-CUBE-BLE1 7.1.0
2025-03-17 17:54:29,138 [INFO] ThirdParty:1030 - CMSIS Pack Vendor :STMicroelectronics X-CUBE-SMBUS 2.1.0
2025-03-17 17:54:29,138 [INFO] ThirdParty:1030 - CMSIS Pack Vendor :STMicroelectronics X-CUBE-WB05N 1.1.0
2025-03-17 17:54:29,138 [INFO] ThirdParty:1030 - CMSIS Pack Vendor :STMicroelectronics USB_DEVICE 3.0.0
2025-03-17 17:54:29,139 [INFO] ThirdParty:1030 - CMSIS Pack Vendor :STMicroelectronics X-CUBE-TCPP 4.1.0
2025-03-17 17:54:29,139 [INFO] ThirdParty:1030 - CMSIS Pack Vendor :STMicroelectronics X-CUBE-ISPU 2.1.0
2025-03-17 17:54:29,139 [INFO] ThirdParty:1030 - CMSIS Pack Vendor :STMicroelectronics X-CUBE-FREERTOS 1.2.0
2025-03-17 17:54:29,139 [INFO] ThirdParty:1030 - CMSIS Pack Vendor :STMicroelectronics X-CUBE-IPS 3.0.0
2025-03-17 17:54:29,139 [INFO] ThirdParty:1030 - CMSIS Pack Vendor :STMicroelectronics X-CUBE-AZRTOS-WB 2.0.0
2025-03-17 17:54:29,139 [INFO] ThirdParty:1030 - CMSIS Pack Vendor :STMicroelectronics X-CUBE-GNSS1 7.0.0
2025-03-17 17:54:29,139 [INFO] ThirdParty:1030 - CMSIS Pack Vendor :STMicroelectronics X-CUBE-GNSS1 7.0.1
2025-03-17 17:54:29,139 [INFO] ThirdParty:1030 - CMSIS Pack Vendor :STMicroelectronics X-CUBE-AZRTOS-F7 1.1.0
2025-03-17 17:54:29,139 [INFO] ThirdParty:1030 - CMSIS Pack Vendor :STMicroelectronics X-CUBE-AZRTOS-L5 2.0.0
2025-03-17 17:54:29,139 [INFO] ThirdParty:1030 - CMSIS Pack Vendor :STMicroelectronics X-CUBE-TOUCHGFX 4.25.0
2025-03-17 17:54:29,139 [INFO] ThirdParty:1030 - CMSIS Pack Vendor :STMicroelectronics USB_DEVICE 2.0.0
2025-03-17 17:54:29,139 [INFO] ThirdParty:1030 - CMSIS Pack Vendor :STMicroelectronics X-CUBE-NFC6 3.1.0
2025-03-17 17:54:29,139 [INFO] ThirdParty:1030 - CMSIS Pack Vendor :STMicroelectronics FP-SNS-STBOX1 2.0.0
2025-03-17 17:54:29,139 [INFO] ThirdParty:1030 - CMSIS Pack Vendor :STMicroelectronics X-CUBE-MEMS1 11.0.0
2025-03-17 17:54:29,139 [INFO] ThirdParty:1030 - CMSIS Pack Vendor :STMicroelectronics FreeRTOS 0.0.1
2025-03-17 17:54:29,139 [INFO] ThirdParty:1030 - CMSIS Pack Vendor :STMicroelectronics X-CUBE-AZRTOS-G0 1.1.0
2025-03-17 17:54:29,139 [INFO] ThirdParty:1030 - CMSIS Pack Vendor :STMicroelectronics X-CUBE-SAFEA1 1.2.2
2025-03-17 17:54:29,139 [INFO] ThirdParty:1030 - CMSIS Pack Vendor :STMicroelectronics X-CUBE-NFC4 3.0.0
2025-03-17 17:54:29,139 [INFO] ThirdParty:1030 - CMSIS Pack Vendor :STMicroelectronics X-CUBE-DPower 1.2.0
2025-03-17 17:54:29,139 [INFO] ThirdParty:1030 - CMSIS Pack Vendor :STMicroelectronics X-CUBE-SUBG2 5.0.0
2025-03-17 17:54:29,139 [INFO] ThirdParty:1030 - CMSIS Pack Vendor :STMicroelectronics STM32_WPAN 1.0.0
2025-03-17 17:54:29,139 [INFO] ThirdParty:1030 - CMSIS Pack Vendor :EmbeddedOffice I-CUBE-FS-RTOS 1.0.1
2025-03-17 17:54:29,139 [INFO] ThirdParty:1030 - CMSIS Pack Vendor :STMicroelectronics lwIP 2.0.3
2025-03-17 17:54:29,139 [INFO] ThirdParty:1030 - CMSIS Pack Vendor :STMicroelectronics FP-SNS-FLIGHT1 5.0.2
2025-03-17 17:54:29,139 [INFO] ThirdParty:1030 - CMSIS Pack Vendor :Cesanta I-CUBE-Mongoose 7.13.0
2025-03-17 17:54:29,139 [INFO] ThirdParty:1030 - CMSIS Pack Vendor :STMicroelectronics USB_HOST 1.0.0
2025-03-17 17:54:29,139 [INFO] ThirdParty:1030 - CMSIS Pack Vendor :STMicroelectronics X-CUBE-AZRTOS-G4 2.0.0
2025-03-17 17:54:29,139 [INFO] ThirdParty:1030 - CMSIS Pack Vendor :STMicroelectronics PDM2PCM 3.1.0
2025-03-17 17:54:29,139 [INFO] ThirdParty:1030 - CMSIS Pack Vendor :STMicroelectronics PDM2PCM 3.3.0
2025-03-17 17:54:29,139 [INFO] ThirdParty:1030 - CMSIS Pack Vendor :STMicroelectronics X-CUBE-DISPLAY 3.0.0
2025-03-17 17:54:29,139 [INFO] ThirdParty:1030 - CMSIS Pack Vendor :STMicroelectronics X-CUBE-TCPP 4.2.0
2025-03-17 17:54:29,139 [INFO] ThirdParty:1030 - CMSIS Pack Vendor :RealThread X-CUBE-RT-Thread_Nano 4.1.1
2025-03-17 17:54:29,139 [INFO] ThirdParty:1030 - CMSIS Pack Vendor :STMicroelectronics X-CUBE-BLE1 7.0.0
2025-03-17 17:54:29,139 [INFO] ThirdParty:1030 - CMSIS Pack Vendor :STMicroelectronics FP-ATR-SIGFOX1 3.2.0
2025-03-17 17:54:29,139 [INFO] ThirdParty:1030 - CMSIS Pack Vendor :STMicroelectronics X-CUBE-NFC10 1.0.0
2025-03-17 17:54:29,139 [INFO] ThirdParty:1030 - CMSIS Pack Vendor :quantropi X-CUBE-qispace-sdk-base 1.9.3
2025-03-17 17:54:29,139 [INFO] ThirdParty:1030 - CMSIS Pack Vendor :STMicroelectronics X-CUBE-BLEMGR 4.0.0
2025-03-17 17:54:29,139 [INFO] ThirdParty:1030 - CMSIS Pack Vendor :STMicroelectronics X-CUBE-EEPRMA1 5.1.0
2025-03-17 17:54:29,139 [INFO] ThirdParty:1030 - CMSIS Pack Vendor :STMicroelectronics HAL Drivers 0.0.0
2025-03-17 17:54:29,139 [INFO] ThirdParty:1030 - CMSIS Pack Vendor :STMicroelectronics MBEDTLS 2.16.2
2025-03-17 17:54:29,139 [INFO] ThirdParty:1030 - CMSIS Pack Vendor :STMicroelectronics X-CUBE-IPS 3.1.0
2025-03-17 17:54:29,139 [INFO] ThirdParty:1030 - CMSIS Pack Vendor :STMicroelectronics X-CUBE-ALS 1.0.2
2025-03-17 17:54:29,139 [INFO] ThirdParty:1030 - CMSIS Pack Vendor :emotas I-CUBE-CANOPEN 1.3.0
2025-03-17 17:54:29,140 [INFO] ThirdParty:1030 - CMSIS Pack Vendor :STMicroelectronics X-CUBE-FREERTOS 1.3.0
2025-03-17 17:54:29,140 [INFO] ThirdParty:1030 - CMSIS Pack Vendor :wolfSSL I-CUBE-wolfSSL 5.7.4
2025-03-17 17:54:29,140 [INFO] ThirdParty:1030 - CMSIS Pack Vendor :STMicroelectronics X-CUBE-NFC7 1.0.1
2025-03-17 17:54:29,140 [INFO] ThirdParty:1030 - CMSIS Pack Vendor :STMicroelectronics MBEDTLS 2.14.1
2025-03-17 17:54:29,140 [INFO] ThirdParty:1030 - CMSIS Pack Vendor :ITTIA_DB I-CUBE-ITTIADB 8.9.0
2025-03-17 17:54:29,140 [INFO] ThirdParty:1030 - CMSIS Pack Vendor :STMicroelectronics X-CUBE-TOUCHGFX 4.24.2
2025-03-17 17:54:29,140 [INFO] ThirdParty:1030 - CMSIS Pack Vendor :STMicroelectronics X-CUBE-TOUCHGFX 4.24.1
2025-03-17 17:54:29,140 [INFO] ThirdParty:1030 - CMSIS Pack Vendor :wolfSSL I-CUBE-wolfTPM 3.4.0
2025-03-17 17:54:29,140 [INFO] ThirdParty:1030 - CMSIS Pack Vendor :portGmbH I-Cube-SoM-uGOAL 1.1.0
2025-03-17 17:54:29,140 [INFO] ThirdParty:1030 - CMSIS Pack Vendor :STMicroelectronics X-CUBE-BLEMGR 3.1.0
2025-03-17 17:54:29,140 [INFO] ThirdParty:1030 - CMSIS Pack Vendor :STMicroelectronics X-CUBE-AI 10.0.0
2025-03-17 17:54:29,140 [INFO] ThirdParty:1030 - CMSIS Pack Vendor :STMicroelectronics ThreadX 1.0.0
2025-03-17 17:54:29,140 [INFO] ThirdParty:1030 - CMSIS Pack Vendor :STMicroelectronics FP-SNS-SMARTAG2 1.2.0
2025-03-17 17:54:29,140 [INFO] ThirdParty:1030 - CMSIS Pack Vendor :STMicroelectronics FP-SNS-FLIGHT1 5.1.0
2025-03-17 17:54:29,140 [INFO] ThirdParty:1030 - CMSIS Pack Vendor :STMicroelectronics X-CUBE-MEMS1 11.1.0
2025-03-17 17:54:29,140 [INFO] ThirdParty:1030 - CMSIS Pack Vendor :STMicroelectronics X-CUBE-AZRTOS-WL 2.0.0
2025-03-17 17:54:29,140 [INFO] ThirdParty:1030 - CMSIS Pack Vendor :SEGGER I-CUBE-embOS 1.3.1
2025-03-17 17:54:29,140 [INFO] ThirdParty:1030 - CMSIS Pack Vendor :STMicroelectronics X-CUBE-ALGOBUILD 1.4.0
2025-03-17 17:54:29,140 [INFO] ThirdParty:1030 - CMSIS Pack Vendor :STMicroelectronics FP-SNS-MOTENV1 5.0.0
2025-03-17 17:54:29,140 [INFO] ThirdParty:1030 - CMSIS Pack Vendor :STMicroelectronics USB_DEVICE 1.0.0
2025-03-17 17:54:29,140 [INFO] ThirdParty:1030 - CMSIS Pack Vendor :STMicroelectronics X-CUBE-AZRTOS-H7RS 1.0.0
2025-03-17 17:54:29,140 [INFO] ThirdParty:1030 - CMSIS Pack Vendor :wolfSSL I-CUBE-wolfMQTT 1.19.0
2025-03-17 17:54:29,140 [INFO] ThirdParty:1030 - CMSIS Pack Vendor :STMicroelectronics X-CUBE-AZRTOS-L4 2.0.0
2025-03-17 17:54:29,140 [INFO] ThirdParty:1030 - CMSIS Pack Vendor :STMicroelectronics ThreadX 0.0.2
2025-03-17 17:54:29,140 [INFO] ThirdParty:1030 - CMSIS Pack Vendor :WES I-CUBE-Cesium 1.3.0
2025-03-17 17:54:29,140 [INFO] ThirdParty:1030 - CMSIS Pack Vendor :STMicroelectronics FP-ATR-ASTRA1 2.0.0
2025-03-17 17:54:29,140 [INFO] ThirdParty:1030 - CMSIS Pack Vendor :STMicroelectronics lwIP 2.1.2
2025-03-17 17:54:29,140 [INFO] ThirdParty:1030 - CMSIS Pack Vendor :STMicroelectronics X-CUBE-SFXS2LP1 4.0.0
2025-03-17 17:54:29,140 [INFO] ThirdParty:1030 - CMSIS Pack Vendor :STMicroelectronics X-CUBE-BLE2 3.3.0
2025-03-17 17:54:29,140 [INFO] ThirdParty:1030 - CMSIS Pack Vendor :STMicroelectronics X-CUBE-TOF1 3.4.2
2025-03-17 17:54:29,140 [INFO] ThirdParty:1030 - CMSIS Pack Vendor :STMicroelectronics X-CUBE-AI 9.1.0
2025-03-17 17:54:29,140 [INFO] ThirdParty:1030 - CMSIS Pack Vendor :Infineon AIROC-Wi-Fi-Bluetooth-STM32 1.6.1
2025-03-17 17:54:29,141 [INFO] ThirdParty:1030 - CMSIS Pack Vendor :STMicroelectronics PDM2PCM 3.2.0
2025-03-17 17:54:29,141 [INFO] ThirdParty:1030 - CMSIS Pack Vendor :wolfSSL I-CUBE-wolfSSH 1.4.17
2025-03-17 17:54:29,141 [INFO] ThirdParty:841 - exiting critical section [change project]
2025-03-17 17:54:29,710 [INFO] PinOutPanel:1589 - setPackage(No Configuration,No Configuration)
2025-03-17 17:54:29,713 [INFO] PinOutPanel:1589 - setPackage(STM32F767ZGTx,LQFP144)
2025-03-17 17:54:30,665 [INFO] UtilMem:75 - Before build in PCC Used Memory: 853053376 Bytes (1073741824)
2025-03-17 17:54:31,983 [INFO] UtilMem:75 - After build in PCC Used Memory: 918587328 Bytes (1073741824)
2025-03-17 17:54:32,128 [INFO] ApiDbMcu:508 - Load IP Config File for FATFS
2025-03-17 17:54:32,145 [INFO] ApiDbMcu:508 - Load IP Config File for FREERTOS
2025-03-17 17:54:32,178 [INFO] IPUIPlugin:80 - create IPUIPlugin
2025-03-17 17:54:32,178 [INFO] IPUIPlugin:80 - create IPUIPlugin
2025-03-17 17:54:32,178 [INFO] IPUIPlugin:80 - create IPUIPlugin
2025-03-17 17:54:32,179 [INFO] IPUIPlugin:80 - create IPUIPlugin
2025-03-17 17:54:32,179 [INFO] IPUIPlugin:80 - create IPUIPlugin
2025-03-17 17:54:32,179 [INFO] IPUIPlugin:80 - create IPUIPlugin
2025-03-17 17:54:32,179 [INFO] IPUIPlugin:80 - create IPUIPlugin
2025-03-17 17:54:32,179 [INFO] IPUIPlugin:80 - create IPUIPlugin
2025-03-17 17:54:32,180 [INFO] IPUIPlugin:80 - create IPUIPlugin
2025-03-17 17:54:32,180 [INFO] IPUIPlugin:80 - create IPUIPlugin
2025-03-17 17:54:32,180 [INFO] IPUIPlugin:80 - create IPUIPlugin
2025-03-17 17:54:32,180 [INFO] IPUIPlugin:80 - create IPUIPlugin
2025-03-17 17:54:32,180 [INFO] IPUIPlugin:80 - create IPUIPlugin
2025-03-17 17:54:32,180 [INFO] IPUIPlugin:80 - create IPUIPlugin
2025-03-17 17:54:32,180 [INFO] IPUIPlugin:80 - create IPUIPlugin
2025-03-17 17:54:32,180 [INFO] IPUIPlugin:80 - create IPUIPlugin
2025-03-17 17:54:32,180 [INFO] IPUIPlugin:80 - create IPUIPlugin
2025-03-17 17:54:32,180 [INFO] IPUIPlugin:80 - create IPUIPlugin
2025-03-17 17:54:32,181 [INFO] IPUIPlugin:80 - create IPUIPlugin
2025-03-17 17:54:32,181 [INFO] IPUIPlugin:80 - create IPUIPlugin
2025-03-17 17:54:32,181 [INFO] IPUIPlugin:80 - create IPUIPlugin
2025-03-17 17:54:32,181 [INFO] IPUIPlugin:80 - create IPUIPlugin
2025-03-17 17:54:32,181 [INFO] IPUIPlugin:80 - create IPUIPlugin
2025-03-17 17:54:32,181 [INFO] IPUIPlugin:80 - create IPUIPlugin
2025-03-17 17:54:32,181 [INFO] IPUIPlugin:80 - create IPUIPlugin
2025-03-17 17:54:32,181 [INFO] IPUIPlugin:80 - create IPUIPlugin
2025-03-17 17:54:32,181 [INFO] IPUIPlugin:80 - create IPUIPlugin
2025-03-17 17:54:32,181 [INFO] IPUIPlugin:80 - create IPUIPlugin
2025-03-17 17:54:32,181 [INFO] IPUIPlugin:80 - create IPUIPlugin
2025-03-17 17:54:32,182 [INFO] IPUIPlugin:80 - create IPUIPlugin
2025-03-17 17:54:32,182 [INFO] IPUIPlugin:80 - create IPUIPlugin
2025-03-17 17:54:32,182 [INFO] IPUIPlugin:80 - create IPUIPlugin
2025-03-17 17:54:32,182 [INFO] IPUIPlugin:80 - create IPUIPlugin
2025-03-17 17:54:32,182 [INFO] IPUIPlugin:80 - create IPUIPlugin
2025-03-17 17:54:32,182 [INFO] IPUIPlugin:80 - create IPUIPlugin
2025-03-17 17:54:32,182 [INFO] IPUIPlugin:80 - create IPUIPlugin
2025-03-17 17:54:32,182 [INFO] IPUIPlugin:80 - create IPUIPlugin
2025-03-17 17:54:32,183 [INFO] IPUIPlugin:80 - create IPUIPlugin
2025-03-17 17:54:32,183 [INFO] IPUIPlugin:80 - create IPUIPlugin
2025-03-17 17:54:32,183 [INFO] IPUIPlugin:80 - create IPUIPlugin
2025-03-17 17:54:32,183 [INFO] IPUIPlugin:80 - create IPUIPlugin
2025-03-17 17:54:32,183 [INFO] IPUIPlugin:80 - create IPUIPlugin
2025-03-17 17:54:32,183 [INFO] IPUIPlugin:80 - create IPUIPlugin
2025-03-17 17:54:32,183 [INFO] IPUIPlugin:80 - create IPUIPlugin
2025-03-17 17:54:32,184 [INFO] IPUIPlugin:80 - create IPUIPlugin
2025-03-17 17:54:32,184 [INFO] IPUIPlugin:80 - create IPUIPlugin
2025-03-17 17:54:32,184 [INFO] IPUIPlugin:80 - create IPUIPlugin
2025-03-17 17:54:32,184 [INFO] IPUIPlugin:80 - create IPUIPlugin
2025-03-17 17:54:32,184 [INFO] IPUIPlugin:80 - create IPUIPlugin
2025-03-17 17:54:32,184 [INFO] IPUIPlugin:80 - create IPUIPlugin
2025-03-17 17:54:32,184 [INFO] IPUIPlugin:80 - create IPUIPlugin
2025-03-17 17:54:32,185 [INFO] IPUIPlugin:80 - create IPUIPlugin
2025-03-17 17:54:32,185 [INFO] IPUIPlugin:80 - create IPUIPlugin
2025-03-17 17:54:32,185 [INFO] IPUIPlugin:80 - create IPUIPlugin
2025-03-17 17:54:32,185 [INFO] IPUIPlugin:80 - create IPUIPlugin
2025-03-17 17:54:32,185 [INFO] IPUIPlugin:80 - create IPUIPlugin
2025-03-17 17:54:32,185 [INFO] IPUIPlugin:80 - create IPUIPlugin
2025-03-17 17:54:32,186 [INFO] IPUIPlugin:80 - create IPUIPlugin
2025-03-17 17:54:32,186 [INFO] IPUIPlugin:80 - create IPUIPlugin
2025-03-17 17:54:32,186 [INFO] IPUIPlugin:80 - create IPUIPlugin
2025-03-17 17:54:32,186 [INFO] IPUIPlugin:80 - create IPUIPlugin
2025-03-17 17:54:32,186 [INFO] IPUIPlugin:80 - create IPUIPlugin
2025-03-17 17:54:32,186 [INFO] IPUIPlugin:80 - create IPUIPlugin
2025-03-17 17:54:32,187 [INFO] IPUIPlugin:80 - create IPUIPlugin
2025-03-17 17:54:32,187 [INFO] IPUIPlugin:80 - create IPUIPlugin
2025-03-17 17:54:32,187 [INFO] IPUIPlugin:80 - create IPUIPlugin
2025-03-17 17:54:32,187 [INFO] IPUIPlugin:80 - create IPUIPlugin
2025-03-17 17:54:32,187 [INFO] IPUIPlugin:80 - create IPUIPlugin
2025-03-17 17:54:32,188 [INFO] IPUIPlugin:80 - create IPUIPlugin
2025-03-17 17:54:32,188 [INFO] IPUIPlugin:80 - create IPUIPlugin
2025-03-17 17:54:32,188 [INFO] IPUIPlugin:80 - create IPUIPlugin
2025-03-17 17:54:32,188 [INFO] IPUIPlugin:80 - create IPUIPlugin
2025-03-17 17:54:32,188 [INFO] IPUIPlugin:80 - create IPUIPlugin
2025-03-17 17:54:32,189 [INFO] IPUIPlugin:80 - create IPUIPlugin
2025-03-17 17:54:32,189 [INFO] IPUIPlugin:80 - create IPUIPlugin
2025-03-17 17:54:32,189 [INFO] IPUIPlugin:80 - create IPUIPlugin
2025-03-17 17:54:32,189 [INFO] IPUIPlugin:80 - create IPUIPlugin
2025-03-17 17:54:32,190 [INFO] IPUIPlugin:80 - create IPUIPlugin
2025-03-17 17:54:32,190 [INFO] IPUIPlugin:80 - create IPUIPlugin
2025-03-17 17:54:32,208 [INFO] ApiDbMcu:508 - Load IP Config File for PDM2PCM
2025-03-17 17:54:32,217 [INFO] Can:71 - Can Add PropertyChangeListener com.st.microxplorer.plugins.ip.can.Can@3f724c12
2025-03-17 17:54:32,218 [INFO] Can:71 - Can Add PropertyChangeListener com.st.microxplorer.plugins.ip.can.Can@2cf0910c
2025-03-17 17:54:32,219 [INFO] Can:71 - Can Add PropertyChangeListener com.st.microxplorer.plugins.ip.can.Can@59d09b9c
2025-03-17 17:54:32,270 [WARN] FreeRTOS:1023 - Null or empty value: should not occur! (nothing added to the table)
2025-03-17 17:54:32,550 [INFO] CADModel:165 - CPN selected for project levelSTM32F767ZGT6
2025-03-17 17:54:32,551 [INFO] CADModel:114 - Register for checkConnection events
2025-03-17 17:54:32,553 [INFO] RtosManager:697 - Active RTOS found at IOC load: FREERTOS [Cortex-M7NS]
2025-03-17 17:54:32,599 [INFO] OpenFileManager:363 - Restore cursor
2025-03-17 17:54:38,042 [INFO] Gpio:277 - dependency for GPIO [CAN1, CAN2, CAN3, I2C2, RCC, SPI1, SYS, TIM1, TIM2, UART5, USART1, USART2, USART3, USART6]
2025-03-17 17:55:31,152 [INFO] UtilMem:75 - End SaveConfig() Used Memory: 784430352 Bytes (1073741824)
2025-03-17 17:55:31,769 [INFO] BlockDiagram:2766 - set Specific Code input for plugin: SPI
2025-03-17 17:55:31,770 [INFO] BlockDiagram:2766 - set Specific Code input for plugin: FREERTOS
2025-03-17 17:55:31,770 [INFO] BlockDiagram:2766 - set Specific Code input for plugin: CAN
2025-03-17 17:55:31,770 [INFO] BlockDiagram:2766 - set Specific Code input for plugin: CAN
2025-03-17 17:55:31,770 [INFO] BlockDiagram:2766 - set Specific Code input for plugin: TIM1_8F77
2025-03-17 17:55:31,770 [INFO] BlockDiagram:2766 - set Specific Code input for plugin: CAN
2025-03-17 17:55:31,770 [INFO] BlockDiagram:2766 - set Specific Code input for plugin: TIM1_8F77
2025-03-17 17:55:31,770 [INFO] BlockDiagram:2766 - set Specific Code input for plugin: SYS
2025-03-17 17:55:31,770 [INFO] BlockDiagram:2766 - set Specific Code input for plugin: RCC
2025-03-17 17:55:31,770 [INFO] BlockDiagram:2766 - set Specific Code input for plugin: I2C
2025-03-17 17:55:31,770 [INFO] BlockDiagram:2766 - set Specific Code input for plugin: NVIC
2025-03-17 17:55:31,770 [INFO] BlockDiagram:2766 - set Specific Code input for plugin: USART
2025-03-17 17:55:31,770 [INFO] BlockDiagram:2766 - set Specific Code input for plugin: USART
2025-03-17 17:55:31,770 [INFO] BlockDiagram:2766 - set Specific Code input for plugin: USART
2025-03-17 17:55:31,771 [INFO] BlockDiagram:2766 - set Specific Code input for plugin: USART
2025-03-17 17:55:31,771 [INFO] BlockDiagram:2766 - set Specific Code input for plugin: DMA
2025-03-17 17:55:31,771 [INFO] BlockDiagram:2766 - set Specific Code input for plugin: UART
2025-03-17 17:55:31,771 [INFO] BlockDiagram:2766 - set Specific Code input for plugin: GPIO
2025-03-17 17:55:31,772 [INFO] BlockDiagram:2766 - set Specific Code input for plugin: FATFS
2025-03-17 17:55:31,773 [INFO] CodeGenerator:896 - code generatio: config db path: C:\ST\STM32CubeIDE_1.16.1\STM32CubeIDE\plugins\com.st.stm32cube.common.mx_6.13.0.202411220809\\db\
2025-03-17 17:55:32,136 [INFO] CodeEngine:255 - oldGeneratedFile, C:\Users\Chinnapop\STM32CubeIDE\workspace\TSC1A_EM\Functional_test\RTOS_TEST\MXTmpFiles\license.tmp_save
2025-03-17 17:55:32,797 [INFO] CodeEngine:279 - Generated code: C:\Users\Chinnapop\STM32CubeIDE\workspace\TSC1A_EM\Functional_test\RTOS_TEST\MXTmpFiles\license.tmp
2025-03-17 17:55:33,030 [INFO] CodeEngine:255 - oldGeneratedFile, C:\Users\Chinnapop\STM32CubeIDE\workspace\TSC1A_EM\Functional_test\RTOS_TEST\Core\Src\gpio.c_save
2025-03-17 17:55:33,225 [INFO] CodeEngine:279 - Generated code: C:\Users\Chinnapop\STM32CubeIDE\workspace\TSC1A_EM\Functional_test\RTOS_TEST\Core\Src\gpio.c
2025-03-17 17:55:33,237 [INFO] CodeEngine:255 - oldGeneratedFile, C:\Users\Chinnapop\STM32CubeIDE\workspace\TSC1A_EM\Functional_test\RTOS_TEST\Core\Inc\gpio.h_save
2025-03-17 17:55:33,332 [INFO] CodeEngine:279 - Generated code: C:\Users\Chinnapop\STM32CubeIDE\workspace\TSC1A_EM\Functional_test\RTOS_TEST\Core\Inc\gpio.h
2025-03-17 17:55:36,134 [INFO] Middleware:1450 - No code input for Bsp Dependency
2025-03-17 17:55:36,142 [INFO] CodeEngine:255 - oldGeneratedFile, C:\Users\Chinnapop\STM32CubeIDE\workspace\TSC1A_EM\Functional_test\RTOS_TEST\MXTmpFiles\rtos_inc.tmp_save
2025-03-17 17:55:36,211 [INFO] CodeEngine:279 - Generated code: C:\Users\Chinnapop\STM32CubeIDE\workspace\TSC1A_EM\Functional_test\RTOS_TEST\MXTmpFiles\rtos_inc.tmp
2025-03-17 17:55:36,221 [INFO] CodeEngine:255 - oldGeneratedFile, C:\Users\Chinnapop\STM32CubeIDE\workspace\TSC1A_EM\Functional_test\RTOS_TEST\MXTmpFiles\rtos_kernelInit.tmp_save
2025-03-17 17:55:36,287 [INFO] CodeEngine:279 - Generated code: C:\Users\Chinnapop\STM32CubeIDE\workspace\TSC1A_EM\Functional_test\RTOS_TEST\MXTmpFiles\rtos_kernelInit.tmp
2025-03-17 17:55:36,292 [INFO] CodeEngine:255 - oldGeneratedFile, C:\Users\Chinnapop\STM32CubeIDE\workspace\TSC1A_EM\Functional_test\RTOS_TEST\MXTmpFiles\rtos_kernelStart.tmp_save
2025-03-17 17:55:36,346 [INFO] CodeEngine:279 - Generated code: C:\Users\Chinnapop\STM32CubeIDE\workspace\TSC1A_EM\Functional_test\RTOS_TEST\MXTmpFiles\rtos_kernelStart.tmp
2025-03-17 17:55:36,353 [INFO] CodeEngine:255 - oldGeneratedFile, C:\Users\Chinnapop\STM32CubeIDE\workspace\TSC1A_EM\Functional_test\RTOS_TEST\MXTmpFiles\rtos_typedefs.tmp_save
2025-03-17 17:55:36,407 [INFO] CodeEngine:279 - Generated code: C:\Users\Chinnapop\STM32CubeIDE\workspace\TSC1A_EM\Functional_test\RTOS_TEST\MXTmpFiles\rtos_typedefs.tmp
2025-03-17 17:55:36,413 [INFO] CodeEngine:255 - oldGeneratedFile, C:\Users\Chinnapop\STM32CubeIDE\workspace\TSC1A_EM\Functional_test\RTOS_TEST\MXTmpFiles\rtos_vars.tmp_save
2025-03-17 17:55:36,468 [INFO] CodeEngine:279 - Generated code: C:\Users\Chinnapop\STM32CubeIDE\workspace\TSC1A_EM\Functional_test\RTOS_TEST\MXTmpFiles\rtos_vars.tmp
2025-03-17 17:55:36,473 [INFO] CodeEngine:255 - oldGeneratedFile, C:\Users\Chinnapop\STM32CubeIDE\workspace\TSC1A_EM\Functional_test\RTOS_TEST\MXTmpFiles\rtos_pfp.tmp_save
2025-03-17 17:55:36,542 [INFO] CodeEngine:279 - Generated code: C:\Users\Chinnapop\STM32CubeIDE\workspace\TSC1A_EM\Functional_test\RTOS_TEST\MXTmpFiles\rtos_pfp.tmp
2025-03-17 17:55:36,550 [INFO] CodeEngine:255 - oldGeneratedFile, C:\Users\Chinnapop\STM32CubeIDE\workspace\TSC1A_EM\Functional_test\RTOS_TEST\MXTmpFiles\rtos_obj_creat.tmp_save
2025-03-17 17:55:36,611 [INFO] CodeEngine:279 - Generated code: C:\Users\Chinnapop\STM32CubeIDE\workspace\TSC1A_EM\Functional_test\RTOS_TEST\MXTmpFiles\rtos_obj_creat.tmp
2025-03-17 17:55:36,618 [INFO] CodeEngine:255 - oldGeneratedFile, C:\Users\Chinnapop\STM32CubeIDE\workspace\TSC1A_EM\Functional_test\RTOS_TEST\MXTmpFiles\rtos_default_thread.tmp_save
2025-03-17 17:55:36,673 [INFO] CodeEngine:279 - Generated code: C:\Users\Chinnapop\STM32CubeIDE\workspace\TSC1A_EM\Functional_test\RTOS_TEST\MXTmpFiles\rtos_default_thread.tmp
2025-03-17 17:55:36,679 [INFO] CodeEngine:255 - oldGeneratedFile, C:\Users\Chinnapop\STM32CubeIDE\workspace\TSC1A_EM\Functional_test\RTOS_TEST\MXTmpFiles\rtos_threads.tmp_save
2025-03-17 17:55:36,735 [INFO] CodeEngine:279 - Generated code: C:\Users\Chinnapop\STM32CubeIDE\workspace\TSC1A_EM\Functional_test\RTOS_TEST\MXTmpFiles\rtos_threads.tmp
2025-03-17 17:55:36,751 [INFO] Middleware:1450 - No code input for Bsp Dependency
2025-03-17 17:55:36,758 [INFO] CodeEngine:255 - oldGeneratedFile, C:\Users\Chinnapop\STM32CubeIDE\workspace\TSC1A_EM\Functional_test\RTOS_TEST\MXTmpFiles\fatfs_HalInit.tmp_save
2025-03-17 17:55:36,813 [INFO] CodeEngine:279 - Generated code: C:\Users\Chinnapop\STM32CubeIDE\workspace\TSC1A_EM\Functional_test\RTOS_TEST\MXTmpFiles\fatfs_HalInit.tmp
2025-03-17 17:55:36,820 [INFO] CodeEngine:255 - oldGeneratedFile, C:\Users\Chinnapop\STM32CubeIDE\workspace\TSC1A_EM\Functional_test\RTOS_TEST\MXTmpFiles\fatfs_vars.tmp_save
2025-03-17 17:55:36,878 [INFO] CodeEngine:279 - Generated code: C:\Users\Chinnapop\STM32CubeIDE\workspace\TSC1A_EM\Functional_test\RTOS_TEST\MXTmpFiles\fatfs_vars.tmp
2025-03-17 17:55:36,884 [INFO] CodeEngine:255 - oldGeneratedFile, C:\Users\Chinnapop\STM32CubeIDE\workspace\TSC1A_EM\Functional_test\RTOS_TEST\MXTmpFiles\fatfs_ext_vars.tmp_save
2025-03-17 17:55:36,942 [INFO] CodeEngine:279 - Generated code: C:\Users\Chinnapop\STM32CubeIDE\workspace\TSC1A_EM\Functional_test\RTOS_TEST\MXTmpFiles\fatfs_ext_vars.tmp
2025-03-17 17:55:36,947 [INFO] CodeEngine:255 - oldGeneratedFile, C:\Users\Chinnapop\STM32CubeIDE\workspace\TSC1A_EM\Functional_test\RTOS_TEST\MXTmpFiles\fatfs_inc.tmp_save
2025-03-17 17:55:37,018 [INFO] CodeEngine:279 - Generated code: C:\Users\Chinnapop\STM32CubeIDE\workspace\TSC1A_EM\Functional_test\RTOS_TEST\MXTmpFiles\fatfs_inc.tmp
2025-03-17 17:55:37,069 [INFO] Middleware:1450 - No code input for Bsp Dependency
2025-03-17 17:55:37,085 [INFO] CodeEngine:255 - oldGeneratedFile, C:\Users\Chinnapop\STM32CubeIDE\workspace\TSC1A_EM\Functional_test\RTOS_TEST\MXTmpFiles\rtos_inc.tmp_save
2025-03-17 17:55:37,158 [INFO] CodeEngine:279 - Generated code: C:\Users\Chinnapop\STM32CubeIDE\workspace\TSC1A_EM\Functional_test\RTOS_TEST\MXTmpFiles\rtos_inc.tmp
2025-03-17 17:55:37,170 [INFO] CodeEngine:255 - oldGeneratedFile, C:\Users\Chinnapop\STM32CubeIDE\workspace\TSC1A_EM\Functional_test\RTOS_TEST\MXTmpFiles\rtos_kernelInit.tmp_save
2025-03-17 17:55:37,258 [INFO] CodeEngine:279 - Generated code: C:\Users\Chinnapop\STM32CubeIDE\workspace\TSC1A_EM\Functional_test\RTOS_TEST\MXTmpFiles\rtos_kernelInit.tmp
2025-03-17 17:55:37,271 [INFO] CodeEngine:255 - oldGeneratedFile, C:\Users\Chinnapop\STM32CubeIDE\workspace\TSC1A_EM\Functional_test\RTOS_TEST\MXTmpFiles\rtos_kernelStart.tmp_save
2025-03-17 17:55:37,331 [INFO] CodeEngine:279 - Generated code: C:\Users\Chinnapop\STM32CubeIDE\workspace\TSC1A_EM\Functional_test\RTOS_TEST\MXTmpFiles\rtos_kernelStart.tmp
2025-03-17 17:55:37,343 [INFO] CodeEngine:255 - oldGeneratedFile, C:\Users\Chinnapop\STM32CubeIDE\workspace\TSC1A_EM\Functional_test\RTOS_TEST\MXTmpFiles\rtos_typedefs.tmp_save
2025-03-17 17:55:37,425 [INFO] CodeEngine:279 - Generated code: C:\Users\Chinnapop\STM32CubeIDE\workspace\TSC1A_EM\Functional_test\RTOS_TEST\MXTmpFiles\rtos_typedefs.tmp
2025-03-17 17:55:37,440 [INFO] CodeEngine:255 - oldGeneratedFile, C:\Users\Chinnapop\STM32CubeIDE\workspace\TSC1A_EM\Functional_test\RTOS_TEST\MXTmpFiles\rtos_vars.tmp_save
2025-03-17 17:55:37,534 [INFO] CodeEngine:279 - Generated code: C:\Users\Chinnapop\STM32CubeIDE\workspace\TSC1A_EM\Functional_test\RTOS_TEST\MXTmpFiles\rtos_vars.tmp
2025-03-17 17:55:37,543 [INFO] CodeEngine:255 - oldGeneratedFile, C:\Users\Chinnapop\STM32CubeIDE\workspace\TSC1A_EM\Functional_test\RTOS_TEST\MXTmpFiles\rtos_pfp.tmp_save
2025-03-17 17:55:37,601 [INFO] CodeEngine:279 - Generated code: C:\Users\Chinnapop\STM32CubeIDE\workspace\TSC1A_EM\Functional_test\RTOS_TEST\MXTmpFiles\rtos_pfp.tmp
2025-03-17 17:55:37,608 [INFO] CodeEngine:255 - oldGeneratedFile, C:\Users\Chinnapop\STM32CubeIDE\workspace\TSC1A_EM\Functional_test\RTOS_TEST\MXTmpFiles\rtos_obj_creat.tmp_save
2025-03-17 17:55:37,671 [INFO] CodeEngine:279 - Generated code: C:\Users\Chinnapop\STM32CubeIDE\workspace\TSC1A_EM\Functional_test\RTOS_TEST\MXTmpFiles\rtos_obj_creat.tmp
2025-03-17 17:55:37,678 [INFO] CodeEngine:255 - oldGeneratedFile, C:\Users\Chinnapop\STM32CubeIDE\workspace\TSC1A_EM\Functional_test\RTOS_TEST\MXTmpFiles\rtos_default_thread.tmp_save
2025-03-17 17:55:37,756 [INFO] CodeEngine:279 - Generated code: C:\Users\Chinnapop\STM32CubeIDE\workspace\TSC1A_EM\Functional_test\RTOS_TEST\MXTmpFiles\rtos_default_thread.tmp
2025-03-17 17:55:37,768 [INFO] CodeEngine:255 - oldGeneratedFile, C:\Users\Chinnapop\STM32CubeIDE\workspace\TSC1A_EM\Functional_test\RTOS_TEST\MXTmpFiles\rtos_threads.tmp_save
2025-03-17 17:55:37,830 [INFO] CodeEngine:279 - Generated code: C:\Users\Chinnapop\STM32CubeIDE\workspace\TSC1A_EM\Functional_test\RTOS_TEST\MXTmpFiles\rtos_threads.tmp
2025-03-17 17:55:37,844 [INFO] CodeEngine:255 - oldGeneratedFile, C:\Users\Chinnapop\STM32CubeIDE\workspace\TSC1A_EM\Functional_test\RTOS_TEST\Core\Inc\FreeRTOSConfig.h_save
2025-03-17 17:55:37,941 [INFO] CodeEngine:279 - Generated code: C:\Users\Chinnapop\STM32CubeIDE\workspace\TSC1A_EM\Functional_test\RTOS_TEST\Core\Inc\FreeRTOSConfig.h
2025-03-17 17:55:37,952 [INFO] CodeEngine:255 - oldGeneratedFile, C:\Users\Chinnapop\STM32CubeIDE\workspace\TSC1A_EM\Functional_test\RTOS_TEST\Core\Src\freertos.c_save
2025-03-17 17:55:38,017 [INFO] CodeEngine:279 - Generated code: C:\Users\Chinnapop\STM32CubeIDE\workspace\TSC1A_EM\Functional_test\RTOS_TEST\Core\Src\freertos.c
2025-03-17 17:55:38,033 [INFO] CodeEngine:255 - oldGeneratedFile, C:\Users\Chinnapop\STM32CubeIDE\workspace\TSC1A_EM\Functional_test\RTOS_TEST\Core\Src\can.c_save
2025-03-17 17:55:38,191 [INFO] CodeEngine:279 - Generated code: C:\Users\Chinnapop\STM32CubeIDE\workspace\TSC1A_EM\Functional_test\RTOS_TEST\Core\Src\can.c
2025-03-17 17:55:38,201 [INFO] CodeEngine:255 - oldGeneratedFile, C:\Users\Chinnapop\STM32CubeIDE\workspace\TSC1A_EM\Functional_test\RTOS_TEST\Core\Inc\can.h_save
2025-03-17 17:55:38,272 [INFO] CodeEngine:279 - Generated code: C:\Users\Chinnapop\STM32CubeIDE\workspace\TSC1A_EM\Functional_test\RTOS_TEST\Core\Inc\can.h
2025-03-17 17:55:38,284 [INFO] CodeEngine:255 - oldGeneratedFile, C:\Users\Chinnapop\STM32CubeIDE\workspace\TSC1A_EM\Functional_test\RTOS_TEST\MXTmpFiles\cortex.tmp_save
2025-03-17 17:55:38,338 [INFO] CodeEngine:279 - Generated code: C:\Users\Chinnapop\STM32CubeIDE\workspace\TSC1A_EM\Functional_test\RTOS_TEST\MXTmpFiles\cortex.tmp
2025-03-17 17:55:38,417 [INFO] CodeEngine:255 - oldGeneratedFile, C:\Users\Chinnapop\STM32CubeIDE\workspace\TSC1A_EM\Functional_test\RTOS_TEST\Core\Src\dma.c_save
2025-03-17 17:55:38,511 [INFO] CodeEngine:279 - Generated code: C:\Users\Chinnapop\STM32CubeIDE\workspace\TSC1A_EM\Functional_test\RTOS_TEST\Core\Src\dma.c
2025-03-17 17:55:38,525 [INFO] CodeEngine:255 - oldGeneratedFile, C:\Users\Chinnapop\STM32CubeIDE\workspace\TSC1A_EM\Functional_test\RTOS_TEST\Core\Inc\dma.h_save
2025-03-17 17:55:38,594 [INFO] CodeEngine:279 - Generated code: C:\Users\Chinnapop\STM32CubeIDE\workspace\TSC1A_EM\Functional_test\RTOS_TEST\Core\Inc\dma.h
2025-03-17 17:55:38,610 [INFO] Middleware:1450 - No code input for Bsp Dependency
2025-03-17 17:55:38,627 [INFO] CodeEngine:255 - oldGeneratedFile, C:\Users\Chinnapop\STM32CubeIDE\workspace\TSC1A_EM\Functional_test\RTOS_TEST\MXTmpFiles\fatfs_HalInit.tmp_save
2025-03-17 17:55:38,687 [INFO] CodeEngine:279 - Generated code: C:\Users\Chinnapop\STM32CubeIDE\workspace\TSC1A_EM\Functional_test\RTOS_TEST\MXTmpFiles\fatfs_HalInit.tmp
2025-03-17 17:55:38,693 [INFO] CodeEngine:255 - oldGeneratedFile, C:\Users\Chinnapop\STM32CubeIDE\workspace\TSC1A_EM\Functional_test\RTOS_TEST\MXTmpFiles\fatfs_vars.tmp_save
2025-03-17 17:55:38,744 [INFO] CodeEngine:279 - Generated code: C:\Users\Chinnapop\STM32CubeIDE\workspace\TSC1A_EM\Functional_test\RTOS_TEST\MXTmpFiles\fatfs_vars.tmp
2025-03-17 17:55:38,753 [INFO] CodeEngine:255 - oldGeneratedFile, C:\Users\Chinnapop\STM32CubeIDE\workspace\TSC1A_EM\Functional_test\RTOS_TEST\MXTmpFiles\fatfs_ext_vars.tmp_save
2025-03-17 17:55:38,799 [INFO] CodeEngine:279 - Generated code: C:\Users\Chinnapop\STM32CubeIDE\workspace\TSC1A_EM\Functional_test\RTOS_TEST\MXTmpFiles\fatfs_ext_vars.tmp
2025-03-17 17:55:38,807 [INFO] CodeEngine:255 - oldGeneratedFile, C:\Users\Chinnapop\STM32CubeIDE\workspace\TSC1A_EM\Functional_test\RTOS_TEST\MXTmpFiles\fatfs_inc.tmp_save
2025-03-17 17:55:38,876 [INFO] CodeEngine:279 - Generated code: C:\Users\Chinnapop\STM32CubeIDE\workspace\TSC1A_EM\Functional_test\RTOS_TEST\MXTmpFiles\fatfs_inc.tmp
2025-03-17 17:55:38,893 [INFO] CodeEngine:255 - oldGeneratedFile, C:\Users\Chinnapop\STM32CubeIDE\workspace\TSC1A_EM\Functional_test\RTOS_TEST\FATFS\Target\ffconf.h_save
2025-03-17 17:55:38,983 [INFO] CodeEngine:279 - Generated code: C:\Users\Chinnapop\STM32CubeIDE\workspace\TSC1A_EM\Functional_test\RTOS_TEST\FATFS\Target\ffconf.h
2025-03-17 17:55:38,994 [INFO] CodeEngine:255 - oldGeneratedFile, C:\Users\Chinnapop\STM32CubeIDE\workspace\TSC1A_EM\Functional_test\RTOS_TEST\FATFS\Target\user_diskio.c_save
2025-03-17 17:55:39,060 [INFO] CodeEngine:279 - Generated code: C:\Users\Chinnapop\STM32CubeIDE\workspace\TSC1A_EM\Functional_test\RTOS_TEST\FATFS\Target\user_diskio.c
2025-03-17 17:55:39,073 [INFO] CodeEngine:255 - oldGeneratedFile, C:\Users\Chinnapop\STM32CubeIDE\workspace\TSC1A_EM\Functional_test\RTOS_TEST\FATFS\Target\user_diskio.h_save
2025-03-17 17:55:39,128 [INFO] CodeEngine:279 - Generated code: C:\Users\Chinnapop\STM32CubeIDE\workspace\TSC1A_EM\Functional_test\RTOS_TEST\FATFS\Target\user_diskio.h
2025-03-17 17:55:39,136 [INFO] CodeEngine:255 - oldGeneratedFile, C:\Users\Chinnapop\STM32CubeIDE\workspace\TSC1A_EM\Functional_test\RTOS_TEST\FATFS\App\fatfs.c_save
2025-03-17 17:55:39,196 [INFO] CodeEngine:279 - Generated code: C:\Users\Chinnapop\STM32CubeIDE\workspace\TSC1A_EM\Functional_test\RTOS_TEST\FATFS\App\fatfs.c
2025-03-17 17:55:39,205 [INFO] CodeEngine:255 - oldGeneratedFile, C:\Users\Chinnapop\STM32CubeIDE\workspace\TSC1A_EM\Functional_test\RTOS_TEST\FATFS\App\fatfs.h_save
2025-03-17 17:55:39,263 [INFO] CodeEngine:279 - Generated code: C:\Users\Chinnapop\STM32CubeIDE\workspace\TSC1A_EM\Functional_test\RTOS_TEST\FATFS\App\fatfs.h
2025-03-17 17:55:39,278 [INFO] CodeEngine:255 - oldGeneratedFile, C:\Users\Chinnapop\STM32CubeIDE\workspace\TSC1A_EM\Functional_test\RTOS_TEST\Core\Src\i2c.c_save
2025-03-17 17:55:39,361 [INFO] CodeEngine:279 - Generated code: C:\Users\Chinnapop\STM32CubeIDE\workspace\TSC1A_EM\Functional_test\RTOS_TEST\Core\Src\i2c.c
2025-03-17 17:55:39,368 [INFO] CodeEngine:255 - oldGeneratedFile, C:\Users\Chinnapop\STM32CubeIDE\workspace\TSC1A_EM\Functional_test\RTOS_TEST\Core\Inc\i2c.h_save
2025-03-17 17:55:39,426 [INFO] CodeEngine:279 - Generated code: C:\Users\Chinnapop\STM32CubeIDE\workspace\TSC1A_EM\Functional_test\RTOS_TEST\Core\Inc\i2c.h
2025-03-17 17:55:39,453 [INFO] CodeEngine:255 - oldGeneratedFile, C:\Users\Chinnapop\STM32CubeIDE\workspace\TSC1A_EM\Functional_test\RTOS_TEST\Core\Src\spi.c_save
2025-03-17 17:55:39,554 [INFO] CodeEngine:279 - Generated code: C:\Users\Chinnapop\STM32CubeIDE\workspace\TSC1A_EM\Functional_test\RTOS_TEST\Core\Src\spi.c
2025-03-17 17:55:39,561 [INFO] CodeEngine:255 - oldGeneratedFile, C:\Users\Chinnapop\STM32CubeIDE\workspace\TSC1A_EM\Functional_test\RTOS_TEST\Core\Inc\spi.h_save
2025-03-17 17:55:39,641 [INFO] CodeEngine:279 - Generated code: C:\Users\Chinnapop\STM32CubeIDE\workspace\TSC1A_EM\Functional_test\RTOS_TEST\Core\Inc\spi.h
2025-03-17 17:55:39,664 [INFO] CodeEngine:255 - oldGeneratedFile, C:\Users\Chinnapop\STM32CubeIDE\workspace\TSC1A_EM\Functional_test\RTOS_TEST\Core\Src\tim.c_save
2025-03-17 17:55:39,808 [INFO] CodeEngine:279 - Generated code: C:\Users\Chinnapop\STM32CubeIDE\workspace\TSC1A_EM\Functional_test\RTOS_TEST\Core\Src\tim.c
2025-03-17 17:55:39,816 [INFO] CodeEngine:255 - oldGeneratedFile, C:\Users\Chinnapop\STM32CubeIDE\workspace\TSC1A_EM\Functional_test\RTOS_TEST\Core\Inc\tim.h_save
2025-03-17 17:55:39,881 [INFO] CodeEngine:279 - Generated code: C:\Users\Chinnapop\STM32CubeIDE\workspace\TSC1A_EM\Functional_test\RTOS_TEST\Core\Inc\tim.h
2025-03-17 17:55:39,902 [INFO] CodeEngine:255 - oldGeneratedFile, C:\Users\Chinnapop\STM32CubeIDE\workspace\TSC1A_EM\Functional_test\RTOS_TEST\Core\Src\usart.c_save
2025-03-17 17:55:40,019 [INFO] CodeEngine:279 - Generated code: C:\Users\Chinnapop\STM32CubeIDE\workspace\TSC1A_EM\Functional_test\RTOS_TEST\Core\Src\usart.c
2025-03-17 17:55:40,027 [INFO] CodeEngine:255 - oldGeneratedFile, C:\Users\Chinnapop\STM32CubeIDE\workspace\TSC1A_EM\Functional_test\RTOS_TEST\Core\Inc\usart.h_save
2025-03-17 17:55:40,114 [INFO] CodeEngine:279 - Generated code: C:\Users\Chinnapop\STM32CubeIDE\workspace\TSC1A_EM\Functional_test\RTOS_TEST\Core\Inc\usart.h
2025-03-17 17:55:40,144 [INFO] CodeEngine:255 - oldGeneratedFile, C:\Users\Chinnapop\STM32CubeIDE\workspace\TSC1A_EM\Functional_test\RTOS_TEST\Core\Src\stm32f7xx_it.c_save
2025-03-17 17:55:40,321 [INFO] CodeEngine:279 - Generated code: C:\Users\Chinnapop\STM32CubeIDE\workspace\TSC1A_EM\Functional_test\RTOS_TEST\Core\Src\stm32f7xx_it.c
2025-03-17 17:55:40,333 [INFO] CodeEngine:255 - oldGeneratedFile, C:\Users\Chinnapop\STM32CubeIDE\workspace\TSC1A_EM\Functional_test\RTOS_TEST\Core\Inc\stm32f7xx_it.h_save
2025-03-17 17:55:40,425 [INFO] CodeEngine:279 - Generated code: C:\Users\Chinnapop\STM32CubeIDE\workspace\TSC1A_EM\Functional_test\RTOS_TEST\Core\Inc\stm32f7xx_it.h
2025-03-17 17:55:40,455 [INFO] CodeEngine:255 - oldGeneratedFile, C:\Users\Chinnapop\STM32CubeIDE\workspace\TSC1A_EM\Functional_test\RTOS_TEST\Core\Src\stm32f7xx_hal_msp.c_save
2025-03-17 17:55:40,533 [INFO] CodeEngine:279 - Generated code: C:\Users\Chinnapop\STM32CubeIDE\workspace\TSC1A_EM\Functional_test\RTOS_TEST\Core\Src\stm32f7xx_hal_msp.c
2025-03-17 17:55:40,540 [INFO] CodeEngine:255 - oldGeneratedFile, C:\Users\Chinnapop\STM32CubeIDE\workspace\TSC1A_EM\Functional_test\RTOS_TEST\MXTmpFiles\system.tmp_save
2025-03-17 17:55:40,587 [INFO] CodeEngine:279 - Generated code: C:\Users\Chinnapop\STM32CubeIDE\workspace\TSC1A_EM\Functional_test\RTOS_TEST\MXTmpFiles\system.tmp
2025-03-17 17:55:40,596 [INFO] CodeEngine:255 - oldGeneratedFile, C:\Users\Chinnapop\STM32CubeIDE\workspace\TSC1A_EM\Functional_test\RTOS_TEST\Core\Src\stm32f7xx_hal_timebase_tim.c_save
2025-03-17 17:55:40,652 [INFO] CodeEngine:279 - Generated code: C:\Users\Chinnapop\STM32CubeIDE\workspace\TSC1A_EM\Functional_test\RTOS_TEST\Core\Src\stm32f7xx_hal_timebase_tim.c
2025-03-17 17:55:40,667 [INFO] CodeEngine:311 - oldGeneratedFile, C:\Users\Chinnapop\STM32CubeIDE\workspace\TSC1A_EM\Functional_test\RTOS_TEST\Core\Inc\stm32f7xx_hal_conf.h_save
2025-03-17 17:55:40,744 [INFO] CodeEngine:335 - Generated code: C:\Users\Chinnapop\STM32CubeIDE\workspace\TSC1A_EM\Functional_test\RTOS_TEST\Core\Inc\stm32f7xx_hal_conf.h
2025-03-17 17:55:40,787 [INFO] ApiDbMcu:508 - Load IP Config File for CAN1
2025-03-17 17:55:40,788 [INFO] ApiDbMcu:508 - Load IP Config File for CAN2
2025-03-17 17:55:40,790 [INFO] ApiDbMcu:508 - Load IP Config File for CAN3
2025-03-17 17:55:40,793 [INFO] ApiDbMcu:508 - Load IP Config File for I2C2
2025-03-17 17:55:40,795 [INFO] ApiDbMcu:508 - Load IP Config File for SPI1
2025-03-17 17:55:40,807 [INFO] ApiDbMcu:508 - Load IP Config File for TIM1
2025-03-17 17:55:40,816 [INFO] ApiDbMcu:508 - Load IP Config File for TIM2
2025-03-17 17:55:40,820 [INFO] ApiDbMcu:508 - Load IP Config File for UART5
2025-03-17 17:55:40,824 [INFO] ApiDbMcu:508 - Load IP Config File for USART1
2025-03-17 17:55:40,827 [INFO] ApiDbMcu:508 - Load IP Config File for USART2
2025-03-17 17:55:40,830 [INFO] ApiDbMcu:508 - Load IP Config File for USART3
2025-03-17 17:55:40,834 [INFO] ApiDbMcu:508 - Load IP Config File for USART6
2025-03-17 17:55:40,837 [INFO] ApiDbMcu:508 - Load IP Config File for RCC
2025-03-17 17:55:40,854 [INFO] CodeEngine:255 - oldGeneratedFile, C:\Users\Chinnapop\STM32CubeIDE\workspace\TSC1A_EM\Functional_test\RTOS_TEST\Core\Inc\main.h_save
2025-03-17 17:55:40,934 [INFO] CodeEngine:279 - Generated code: C:\Users\Chinnapop\STM32CubeIDE\workspace\TSC1A_EM\Functional_test\RTOS_TEST\Core\Inc\main.h
2025-03-17 17:55:40,940 [INFO] CodeEngine:255 - oldGeneratedFile, C:\Users\Chinnapop\STM32CubeIDE\workspace\TSC1A_EM\Functional_test\RTOS_TEST\Core\Src\main.c_save
2025-03-17 17:55:41,044 [INFO] CodeEngine:279 - Generated code: C:\Users\Chinnapop\STM32CubeIDE\workspace\TSC1A_EM\Functional_test\RTOS_TEST\Core\Src\main.c
2025-03-17 17:55:41,685 [INFO] ProjectBuilder:3289 - Time for Copy HAL[1] : 462mS.
2025-03-17 17:55:41,733 [INFO] ProjectBuilder:4876 - Project Generator version: 4.5.0-RC5
2025-03-17 17:55:41,789 [INFO] ConfigFileManager:1579 - The Die is : DIE451
2025-03-17 17:55:41,791 [INFO] ApiDbMcu:508 - Load IP Config File for LIBJPEG
2025-03-17 17:55:41,800 [INFO] ApiDbMcu:508 - Load IP Config File for LWIP
2025-03-17 17:55:41,811 [INFO] ApiDbMcu:508 - Load IP Config File for MBEDTLS
2025-03-17 17:55:41,817 [INFO] ApiDbMcu:508 - Load IP Config File for USB_DEVICE
2025-03-17 17:55:41,821 [INFO] ApiDbMcu:508 - Load IP Config File for USB_HOST
2025-03-17 17:55:42,411 [INFO] LogOutputStream:77 - [STDOUT_REDIRECT] 
2025-03-17 17:55:46,482 [INFO] ProjectBuilder:5154 - Time for Generating toolchain IDE Files: 4748mS.
2025-03-17 17:55:46,484 [INFO] ProjectBuilder:3146 - Time for Copy CMSIS : 2mS.
2025-03-17 17:55:46,518 [INFO] ProjectBuilder:3146 - Time for Copy CMSIS : 0mS.
2025-03-17 18:01:10,033 [INFO] WebApp:190 - Connection lost
2025-03-17 19:40:09,188 [INFO] WebApp:187 - Connection restablished
2025-03-17 19:49:35,733 [INFO] WebApp:190 - Connection lost
2025-03-17 20:39:27,775 [INFO] WebApp:187 - Connection restablished
2025-03-17 21:24:42,558 [INFO] WebApp:190 - Connection lost
2025-03-17 21:24:44,404 [INFO] WebApp:187 - Connection restablished
2025-03-17 21:24:47,559 [INFO] WebApp:190 - Connection lost
2025-03-17 21:24:47,770 [INFO] WebApp:187 - Connection restablished
2025-03-17 21:24:52,060 [INFO] WebApp:190 - Connection lost
2025-03-17 21:24:52,597 [INFO] WebApp:187 - Connection restablished
2025-03-17 21:24:57,068 [INFO] WebApp:190 - Connection lost
2025-03-17 21:24:57,291 [INFO] WebApp:187 - Connection restablished
2025-03-17 21:46:25,061 [INFO] WebApp:190 - Connection lost
2025-03-17 21:46:26,921 [INFO] WebApp:187 - Connection restablished
2025-03-17 21:46:35,554 [INFO] WebApp:190 - Connection lost
2025-03-17 21:46:35,901 [INFO] WebApp:187 - Connection restablished
2025-03-17 21:52:50,610 [ERROR] LogOutputStream:75 - [STDERR_REDIRECT] 
